 Monthly Total GW/SW Rates for River Cells (m3)
 Negative values: GW --> SW
 Positive values: SW --> GW
 
 month:           1 year:        1987
  0.0000000E+00
  0.0000000E+00
  0.0000000E+00
  0.0000000E+00
  0.0000000E+00
  0.0000000E+00
  0.0000000E+00
  0.0000000E+00
  0.0000000E+00
  0.0000000E+00
  0.0000000E+00
  0.0000000E+00
  0.0000000E+00
  0.0000000E+00
  0.0000000E+00
  0.0000000E+00
  0.0000000E+00
  0.0000000E+00
  0.0000000E+00
  0.0000000E+00
  0.0000000E+00
  0.0000000E+00
  0.0000000E+00
  0.0000000E+00
  0.0000000E+00
  0.0000000E+00
  0.0000000E+00
  0.0000000E+00
  0.0000000E+00
  0.0000000E+00
  0.0000000E+00
  0.0000000E+00
  0.0000000E+00
  0.0000000E+00
  0.0000000E+00
  0.0000000E+00
  0.0000000E+00
  0.0000000E+00
  0.0000000E+00
  0.0000000E+00
  0.0000000E+00
  0.0000000E+00
  0.0000000E+00
  0.0000000E+00
  0.0000000E+00
  0.0000000E+00
  0.0000000E+00
  0.0000000E+00
  0.0000000E+00
  0.0000000E+00
  0.0000000E+00
  0.0000000E+00
  0.0000000E+00
  0.0000000E+00
  0.0000000E+00
  0.0000000E+00
  0.0000000E+00
  0.0000000E+00
  0.0000000E+00
  0.0000000E+00
  0.0000000E+00
  0.0000000E+00
  0.0000000E+00
  0.0000000E+00
  0.0000000E+00
  0.0000000E+00
  0.0000000E+00
  0.0000000E+00
  0.0000000E+00
  0.0000000E+00
  0.0000000E+00
  0.0000000E+00
  0.0000000E+00
  0.0000000E+00
  0.0000000E+00
  0.0000000E+00
  0.0000000E+00
  0.0000000E+00
  0.0000000E+00
  0.0000000E+00
  0.0000000E+00
  0.0000000E+00
  0.0000000E+00
  0.0000000E+00
  0.0000000E+00
  0.0000000E+00
  0.0000000E+00
  0.0000000E+00
  0.0000000E+00
  0.0000000E+00
  0.0000000E+00
  0.0000000E+00
  0.0000000E+00
  0.0000000E+00
  0.0000000E+00
  0.0000000E+00
  0.0000000E+00
  0.0000000E+00
  0.0000000E+00
  0.0000000E+00
  0.0000000E+00
  0.0000000E+00
  0.0000000E+00
  0.0000000E+00
  0.0000000E+00
  0.0000000E+00
  0.0000000E+00
  0.0000000E+00
  0.0000000E+00
  0.0000000E+00
  0.0000000E+00
  0.0000000E+00
  0.0000000E+00
  0.0000000E+00
  0.0000000E+00
  0.0000000E+00
  0.0000000E+00
  0.0000000E+00
  0.0000000E+00
  0.0000000E+00
  0.0000000E+00
  0.0000000E+00
  0.0000000E+00
  0.0000000E+00
  0.0000000E+00
  0.0000000E+00
  0.0000000E+00
  0.0000000E+00
  0.0000000E+00
  0.0000000E+00
  0.0000000E+00
  0.0000000E+00
  0.0000000E+00
  0.0000000E+00
  0.0000000E+00
  0.0000000E+00
  0.0000000E+00
  0.0000000E+00
  0.0000000E+00
  0.0000000E+00
  0.0000000E+00
  0.0000000E+00
  0.0000000E+00
  0.0000000E+00
  0.0000000E+00
  0.0000000E+00
  0.0000000E+00
  0.0000000E+00
  0.0000000E+00
  0.0000000E+00
  0.0000000E+00
  0.0000000E+00
  0.0000000E+00
  -498808.8    
  0.0000000E+00
  0.0000000E+00
  0.0000000E+00
  -216189.6    
  0.0000000E+00
  0.0000000E+00
  0.0000000E+00
   20823.14    
  0.0000000E+00
  0.0000000E+00
  0.0000000E+00
   5224.282    
  0.0000000E+00
  0.0000000E+00
  0.0000000E+00
   26189.64    
  0.0000000E+00
   22310.03    
  0.0000000E+00
   23888.46    
  0.0000000E+00
  0.0000000E+00
   23976.12    
  0.0000000E+00
  0.0000000E+00
   26386.32    
  0.0000000E+00
  0.0000000E+00
  0.0000000E+00
  0.0000000E+00
  0.0000000E+00
  0.0000000E+00
  0.0000000E+00
   15397.29    
  0.0000000E+00
  0.0000000E+00
  0.0000000E+00
  0.0000000E+00
  0.0000000E+00
  0.0000000E+00
  0.0000000E+00
  0.0000000E+00
   41699.41    
  0.0000000E+00
  -35665.27    
  -325667.5    
  -471084.8    
  0.0000000E+00
  0.0000000E+00
  0.0000000E+00
  0.0000000E+00
  0.0000000E+00
   43379.43    
  0.0000000E+00
   23149.38    
   767.9283    
  0.0000000E+00
  0.0000000E+00
  0.0000000E+00
  0.0000000E+00
  0.0000000E+00
  -204959.4    
  -126336.7    
  0.0000000E+00
  0.0000000E+00
  0.0000000E+00
   1266.681    
   60773.82    
  0.0000000E+00
  -789201.6    
  0.0000000E+00
   3657.916    
   49376.56    
  -795300.6    
  0.0000000E+00
  0.0000000E+00
   10515.44    
   53652.96    
  -132209.1    
  -491992.9    
  0.0000000E+00
  0.0000000E+00
   47317.94    
  -527240.2    
  0.0000000E+00
   41163.41    
  -381079.3    
  -211363.7    
  0.0000000E+00
   32305.81    
  0.0000000E+00
  -457098.2    
  0.0000000E+00
  0.0000000E+00
   44723.27    
  0.0000000E+00
  -368724.4    
  0.0000000E+00
  0.0000000E+00
  0.0000000E+00
   23084.04    
   10824.00    
  0.0000000E+00
  -238072.2    
  0.0000000E+00
  0.0000000E+00
  0.0000000E+00
   39537.80    
   17893.33    
  0.0000000E+00
  0.0000000E+00
  0.0000000E+00
  0.0000000E+00
   1102.032    
   71761.12    
  0.0000000E+00
  0.0000000E+00
   66256.97    
  0.0000000E+00
  0.0000000E+00
  0.0000000E+00
   8448.972    
   56519.15    
  0.0000000E+00
  0.0000000E+00
   65722.27    
  0.0000000E+00
  0.0000000E+00
  0.0000000E+00
   25486.01    
  0.0000000E+00
  0.0000000E+00
  0.0000000E+00
  0.0000000E+00
  0.0000000E+00
  0.0000000E+00
  0.0000000E+00
  0.0000000E+00
  0.0000000E+00
   47627.12    
  0.0000000E+00
  0.0000000E+00
  0.0000000E+00
  0.0000000E+00
  0.0000000E+00
  0.0000000E+00
  0.0000000E+00
   51950.15    
  0.0000000E+00
  0.0000000E+00
  0.0000000E+00
  0.0000000E+00
  0.0000000E+00
   51950.15    
  0.0000000E+00
  0.0000000E+00
  0.0000000E+00
  0.0000000E+00
  0.0000000E+00
  0.0000000E+00
   3306.233    
   68441.66    
  0.0000000E+00
  0.0000000E+00
  0.0000000E+00
  0.0000000E+00
  0.0000000E+00
  0.0000000E+00
  0.0000000E+00
  0.0000000E+00
  0.0000000E+00
  0.0000000E+00
   14327.02    
   30796.18    
  0.0000000E+00
  0.0000000E+00
  0.0000000E+00
  0.0000000E+00
   4660.732    
   76416.34    
  0.0000000E+00
  0.0000000E+00
  0.0000000E+00
  0.0000000E+00
  0.0000000E+00
   32548.77    
  0.0000000E+00
  0.0000000E+00
  0.0000000E+00
  0.0000000E+00
  0.0000000E+00
   14378.23    
   23985.67    
  0.0000000E+00
  0.0000000E+00
  0.0000000E+00
  0.0000000E+00
  0.0000000E+00
   24868.46    
  0.0000000E+00
   20117.50    
  0.0000000E+00
  0.0000000E+00
  0.0000000E+00
   22023.16    
  0.0000000E+00
   24911.68    
  0.0000000E+00
  0.0000000E+00
   21257.61    
   25312.79    
  0.0000000E+00
  0.0000000E+00
  0.0000000E+00
   12851.47    
   27120.15    
  0.0000000E+00
   78231.05    
  0.0000000E+00
  0.0000000E+00
   3356.318    
   9155.948    
  0.0000000E+00
   23362.31    
   34083.80    
  0.0000000E+00
  0.0000000E+00
   12621.62    
   35783.74    
   44587.02    
   93895.80    
   7758.453    
   20972.38    
   4361.966    
   20676.60    
   39658.31    
   20745.93    
  0.0000000E+00
   20405.24    
   16667.51    
   21732.04    
  0.0000000E+00
   43387.38    
   14626.29    
   14593.65    
   8054.136    
   30064.69    
  0.0000000E+00
   4569.268    
   25082.74    
   44803.71    
  0.0000000E+00
  0.0000000E+00
  0.0000000E+00
  0.0000000E+00
   3998.606    
  0.0000000E+00
  0.0000000E+00
   26152.71    
   28474.32    
  0.0000000E+00
   15728.92    
  0.0000000E+00
   6452.679    
   33663.99    
   48598.16    
   27969.07    
   3393.582    
   42496.90    
   8221.758    
  0.0000000E+00
  0.0000000E+00
   18462.35    
   15273.65    
   41736.68    
   1004.016    
   30240.03    
  0.0000000E+00
  0.0000000E+00
   19466.17    
   39903.39    
   9165.397    
   14542.75    
   33346.10    
   6778.782    
   18895.01    
   35271.34    
   17977.42    
   42265.25    
   18185.10    
   36095.55    
   5917.575    
   83394.16    
   103306.6    
   90425.84    
   3387.760    
  0.0000000E+00
   39939.14    
   65254.71    
  0.0000000E+00
   40078.63    
  0.0000000E+00
  0.0000000E+00
  0.0000000E+00
   28102.64    
  0.0000000E+00
  0.0000000E+00
  0.0000000E+00
   3456.504    
  0.0000000E+00
  0.0000000E+00
  0.0000000E+00
  0.0000000E+00
   22028.55    
  0.0000000E+00
  0.0000000E+00
  0.0000000E+00
   40203.38    
  0.0000000E+00
  0.0000000E+00
  0.0000000E+00
   62874.42    
  0.0000000E+00
  0.0000000E+00
  0.0000000E+00
   67777.70    
  0.0000000E+00
  0.0000000E+00
   68403.73    
   64648.24    
  0.0000000E+00
  0.0000000E+00
   72532.05    
  0.0000000E+00
   61502.39    
  0.0000000E+00
  0.0000000E+00
  0.0000000E+00
   34685.98    
   34579.14    
  0.0000000E+00
   54674.36    
  0.0000000E+00
  0.0000000E+00
   52668.62    
   32867.68    
   10797.07    
  0.0000000E+00
  0.0000000E+00
   14005.69    
   43676.59    
  0.0000000E+00
  0.0000000E+00
   28277.59    
   80839.38    
  0.0000000E+00
   49870.64    
   35324.79    
   15142.42    
   18818.69    
   49030.90    
   10693.02    
   9112.966    
   26624.24    
  0.0000000E+00
   10530.80    
   49960.82    
  0.0000000E+00
  0.0000000E+00
  0.0000000E+00
  0.0000000E+00
  0.0000000E+00
  0.0000000E+00
   18310.34    
   51799.52    
  0.0000000E+00
   44895.30    
  0.0000000E+00
   33623.95    
   13609.75    
   5032.175    
   31107.56    
   32002.21    
  0.0000000E+00
   7194.136    
   40653.28    
   37656.80    
   33763.67    
   50261.99    
   30211.89    
   22265.52    
   37746.29    
   24314.17    
  0.0000000E+00
   27899.21    
   31062.09    
   10754.16    
   13306.88    
   35817.32    
   12702.32    
   20160.78    
   29640.71    
   7975.841    
   34504.14    
   14596.15    
   21130.01    
   32152.77    
   32430.38    
   25781.22    
   17486.48    
 
 month:           2 year:        1987
  0.0000000E+00
  0.0000000E+00
  0.0000000E+00
  0.0000000E+00
  0.0000000E+00
  0.0000000E+00
  0.0000000E+00
  0.0000000E+00
  0.0000000E+00
  0.0000000E+00
  0.0000000E+00
  0.0000000E+00
  0.0000000E+00
  0.0000000E+00
  0.0000000E+00
  0.0000000E+00
  0.0000000E+00
  0.0000000E+00
  0.0000000E+00
  0.0000000E+00
  0.0000000E+00
  0.0000000E+00
  0.0000000E+00
  0.0000000E+00
  0.0000000E+00
  0.0000000E+00
  0.0000000E+00
  0.0000000E+00
  0.0000000E+00
  0.0000000E+00
  0.0000000E+00
  0.0000000E+00
  0.0000000E+00
  0.0000000E+00
  0.0000000E+00
  0.0000000E+00
  0.0000000E+00
  0.0000000E+00
  0.0000000E+00
  0.0000000E+00
  0.0000000E+00
  0.0000000E+00
  0.0000000E+00
  0.0000000E+00
  0.0000000E+00
  0.0000000E+00
  0.0000000E+00
  0.0000000E+00
  0.0000000E+00
  0.0000000E+00
  0.0000000E+00
  0.0000000E+00
  0.0000000E+00
  0.0000000E+00
  0.0000000E+00
  0.0000000E+00
  0.0000000E+00
  0.0000000E+00
  0.0000000E+00
  0.0000000E+00
  0.0000000E+00
  0.0000000E+00
  0.0000000E+00
  0.0000000E+00
  0.0000000E+00
  0.0000000E+00
  0.0000000E+00
  0.0000000E+00
  0.0000000E+00
  0.0000000E+00
  0.0000000E+00
  0.0000000E+00
  0.0000000E+00
  0.0000000E+00
  0.0000000E+00
  0.0000000E+00
  0.0000000E+00
  0.0000000E+00
  0.0000000E+00
  0.0000000E+00
  0.0000000E+00
  0.0000000E+00
  0.0000000E+00
  0.0000000E+00
  0.0000000E+00
  0.0000000E+00
  0.0000000E+00
  0.0000000E+00
  0.0000000E+00
  0.0000000E+00
  0.0000000E+00
  0.0000000E+00
  0.0000000E+00
  0.0000000E+00
  0.0000000E+00
  0.0000000E+00
  0.0000000E+00
  0.0000000E+00
  0.0000000E+00
  0.0000000E+00
  0.0000000E+00
  0.0000000E+00
  0.0000000E+00
  0.0000000E+00
  0.0000000E+00
  0.0000000E+00
  0.0000000E+00
  0.0000000E+00
  0.0000000E+00
  0.0000000E+00
  0.0000000E+00
  0.0000000E+00
  0.0000000E+00
  0.0000000E+00
  0.0000000E+00
  0.0000000E+00
  0.0000000E+00
  0.0000000E+00
  0.0000000E+00
  0.0000000E+00
  0.0000000E+00
  0.0000000E+00
  0.0000000E+00
  0.0000000E+00
  0.0000000E+00
  0.0000000E+00
  0.0000000E+00
  0.0000000E+00
  0.0000000E+00
  0.0000000E+00
  0.0000000E+00
  0.0000000E+00
  0.0000000E+00
  0.0000000E+00
  0.0000000E+00
  0.0000000E+00
  0.0000000E+00
  0.0000000E+00
  0.0000000E+00
  0.0000000E+00
  -403941.5    
  0.0000000E+00
  0.0000000E+00
  -170040.0    
  0.0000000E+00
  0.0000000E+00
  0.0000000E+00
  0.0000000E+00
  0.0000000E+00
  0.0000000E+00
  0.0000000E+00
  0.0000000E+00
  0.0000000E+00
  -864611.1    
  0.0000000E+00
  0.0000000E+00
  0.0000000E+00
  -768489.2    
  0.0000000E+00
  0.0000000E+00
  0.0000000E+00
  -39351.12    
  0.0000000E+00
  0.0000000E+00
  0.0000000E+00
   16650.28    
  0.0000000E+00
  0.0000000E+00
  0.0000000E+00
  -363171.8    
  0.0000000E+00
   71104.16    
  0.0000000E+00
  -19033.69    
  0.0000000E+00
  0.0000000E+00
  -428368.3    
  0.0000000E+00
  0.0000000E+00
  -187054.5    
  0.0000000E+00
  0.0000000E+00
  0.0000000E+00
  0.0000000E+00
  0.0000000E+00
  0.0000000E+00
  0.0000000E+00
   42775.23    
  -376771.8    
  0.0000000E+00
  0.0000000E+00
  0.0000000E+00
  0.0000000E+00
  0.0000000E+00
  0.0000000E+00
  0.0000000E+00
   101368.4    
  0.0000000E+00
  -82104.49    
  -317932.2    
  -514645.5    
  0.0000000E+00
  0.0000000E+00
  0.0000000E+00
  0.0000000E+00
  0.0000000E+00
   105437.3    
  0.0000000E+00
   56274.53    
   1866.781    
  0.0000000E+00
  0.0000000E+00
  0.0000000E+00
  0.0000000E+00
  0.0000000E+00
  -217673.7    
  -415534.8    
  0.0000000E+00
  0.0000000E+00
  0.0000000E+00
   3078.898    
   147736.9    
  -17447.67    
  -699060.0    
  0.0000000E+00
   8892.680    
   120031.0    
  -695793.9    
  0.0000000E+00
  0.0000000E+00
   25558.57    
   130426.6    
  -132671.0    
  -412779.0    
  0.0000000E+00
  0.0000000E+00
   121923.1    
  -505202.1    
  0.0000000E+00
   106236.5    
  -362401.4    
  -195231.4    
  0.0000000E+00
   83376.38    
  0.0000000E+00
  -434220.4    
  0.0000000E+00
  0.0000000E+00
   115427.0    
  0.0000000E+00
  -371569.2    
  0.0000000E+00
  0.0000000E+00
  0.0000000E+00
   60495.39    
   27954.15    
  0.0000000E+00
  -325582.7    
  0.0000000E+00
  0.0000000E+00
  0.0000000E+00
   106323.6    
   48116.57    
  0.0000000E+00
  -139710.9    
  0.0000000E+00
  0.0000000E+00
   2992.537    
   194785.3    
  -66303.98    
  0.0000000E+00
   179918.9    
  0.0000000E+00
  0.0000000E+00
  0.0000000E+00
   22942.94    
   153472.3    
  0.0000000E+00
  0.0000000E+00
   178466.9    
  0.0000000E+00
  0.0000000E+00
  0.0000000E+00
   69206.55    
  0.0000000E+00
  0.0000000E+00
  0.0000000E+00
  0.0000000E+00
  0.0000000E+00
  0.0000000E+00
  0.0000000E+00
  0.0000000E+00
  0.0000000E+00
   129330.1    
  0.0000000E+00
  0.0000000E+00
  0.0000000E+00
  0.0000000E+00
  0.0000000E+00
  0.0000000E+00
  0.0000000E+00
   141069.2    
  0.0000000E+00
  0.0000000E+00
  0.0000000E+00
  0.0000000E+00
  0.0000000E+00
   141069.2    
  0.0000000E+00
  0.0000000E+00
  0.0000000E+00
  0.0000000E+00
  0.0000000E+00
  0.0000000E+00
   8977.755    
   185851.4    
  0.0000000E+00
  0.0000000E+00
  0.0000000E+00
  0.0000000E+00
  0.0000000E+00
  0.0000000E+00
  0.0000000E+00
  0.0000000E+00
  0.0000000E+00
  0.0000000E+00
   38903.64    
   83626.16    
  0.0000000E+00
  0.0000000E+00
  0.0000000E+00
  0.0000000E+00
   12652.04    
   207506.4    
  0.0000000E+00
  0.0000000E+00
  0.0000000E+00
  0.0000000E+00
  0.0000000E+00
   88252.70    
  0.0000000E+00
  0.0000000E+00
  0.0000000E+00
  0.0000000E+00
  0.0000000E+00
   34986.11    
   59801.84    
  0.0000000E+00
  0.0000000E+00
  0.0000000E+00
  0.0000000E+00
  0.0000000E+00
   60499.16    
  0.0000000E+00
   49100.92    
  0.0000000E+00
  0.0000000E+00
  0.0000000E+00
   53656.83    
  0.0000000E+00
   60694.35    
  0.0000000E+00
  0.0000000E+00
   51791.63    
   29707.64    
  0.0000000E+00
  0.0000000E+00
  0.0000000E+00
   31311.08    
   31829.00    
  0.0000000E+00
   91814.25    
  0.0000000E+00
  0.0000000E+00
   8125.976    
   18785.30    
  0.0000000E+00
   47932.57    
   40001.75    
  0.0000000E+00
  0.0000000E+00
   25895.84    
   73417.67    
   52328.16    
   110197.9    
   15492.01    
   43029.12    
   8949.466    
   34286.95    
   46543.73    
   34401.90    
  0.0000000E+00
   23947.98    
   19561.30    
   36037.11    
  0.0000000E+00
   50920.24    
   24254.03    
   24199.89    
   9452.487    
   35284.49    
  0.0000000E+00
   7576.980    
   41593.42    
   52582.47    
  0.0000000E+00
  0.0000000E+00
  0.0000000E+00
  0.0000000E+00
   6630.682    
  0.0000000E+00
  0.0000000E+00
   30693.31    
   33417.99    
  0.0000000E+00
   25999.75    
  0.0000000E+00
   7482.354    
   39035.87    
   56353.12    
   32485.96    
   3982.772    
   49875.16    
   9648.988    
  0.0000000E+00
  0.0000000E+00
   26926.38    
   17710.92    
   48396.74    
   1167.961    
   35187.01    
  0.0000000E+00
  0.0000000E+00
   28390.40    
   46270.90    
   13367.25    
   21209.85    
   38667.25    
   7860.494    
   27557.39    
   40899.71    
   26219.13    
   49009.64    
   26522.02    
   41855.43    
   6861.860    
   101386.2    
   120895.9    
   104855.4    
   4940.873    
  0.0000000E+00
   49599.20    
   87416.20    
  0.0000000E+00
   53583.28    
  0.0000000E+00
  0.0000000E+00
  0.0000000E+00
   37571.95    
  0.0000000E+00
  0.0000000E+00
  0.0000000E+00
   4621.188    
  0.0000000E+00
  0.0000000E+00
  0.0000000E+00
  0.0000000E+00
   29446.64    
  0.0000000E+00
  0.0000000E+00
  0.0000000E+00
   53636.65    
  0.0000000E+00
  0.0000000E+00
  0.0000000E+00
   83785.48    
  0.0000000E+00
  0.0000000E+00
  0.0000000E+00
   90319.48    
  0.0000000E+00
  0.0000000E+00
   91153.73    
   86149.22    
  0.0000000E+00
  0.0000000E+00
   96655.07    
  0.0000000E+00
   81957.12    
  0.0000000E+00
  0.0000000E+00
  0.0000000E+00
   45601.66    
   45462.05    
  0.0000000E+00
   72861.89    
  0.0000000E+00
  0.0000000E+00
   69243.44    
   43498.95    
   14389.12    
  0.0000000E+00
  0.0000000E+00
   18413.28    
   57421.61    
  0.0000000E+00
  0.0000000E+00
   37176.55    
   106279.5    
  0.0000000E+00
   65403.32    
   46441.50    
   19907.74    
   24375.77    
   63509.48    
   13850.61    
   11763.30    
   34428.36    
  0.0000000E+00
   13593.49    
   64490.99    
  0.0000000E+00
  0.0000000E+00
  0.0000000E+00
  0.0000000E+00
  0.0000000E+00
  0.0000000E+00
   23635.55    
   66864.44    
  0.0000000E+00
   57952.25    
  0.0000000E+00
   43402.85    
   17567.90    
   6282.649    
   39113.57    
   41309.46    
  0.0000000E+00
   8941.998    
   50557.50    
   47014.35    
   41966.78    
   62473.48    
   37552.07    
   25474.87    
   43187.04    
   30099.24    
  0.0000000E+00
   31920.60    
   35539.38    
   12304.26    
   15224.93    
   40980.02    
   14533.23    
   23066.75    
   33913.12    
   9125.479    
   39477.57    
   16700.04    
   24175.68    
   36787.27    
   37104.89    
   29497.33    
   20006.98    
 
 month:           3 year:        1987
  0.0000000E+00
  0.0000000E+00
  0.0000000E+00
  0.0000000E+00
  0.0000000E+00
  0.0000000E+00
  0.0000000E+00
  0.0000000E+00
  0.0000000E+00
  0.0000000E+00
  0.0000000E+00
  0.0000000E+00
  0.0000000E+00
  0.0000000E+00
  0.0000000E+00
  0.0000000E+00
  0.0000000E+00
  0.0000000E+00
  0.0000000E+00
  0.0000000E+00
  0.0000000E+00
  0.0000000E+00
  0.0000000E+00
  0.0000000E+00
  0.0000000E+00
  0.0000000E+00
  0.0000000E+00
  0.0000000E+00
  0.0000000E+00
  0.0000000E+00
  0.0000000E+00
  0.0000000E+00
  0.0000000E+00
  0.0000000E+00
  0.0000000E+00
  0.0000000E+00
  0.0000000E+00
  0.0000000E+00
  0.0000000E+00
  0.0000000E+00
  0.0000000E+00
  0.0000000E+00
  0.0000000E+00
  0.0000000E+00
  0.0000000E+00
  0.0000000E+00
  0.0000000E+00
  0.0000000E+00
  0.0000000E+00
  0.0000000E+00
  0.0000000E+00
  0.0000000E+00
  0.0000000E+00
  0.0000000E+00
  0.0000000E+00
  0.0000000E+00
  0.0000000E+00
  0.0000000E+00
  0.0000000E+00
  0.0000000E+00
  0.0000000E+00
  0.0000000E+00
  0.0000000E+00
  0.0000000E+00
  0.0000000E+00
  0.0000000E+00
  0.0000000E+00
  0.0000000E+00
  0.0000000E+00
  0.0000000E+00
  0.0000000E+00
  0.0000000E+00
  0.0000000E+00
  0.0000000E+00
  0.0000000E+00
  0.0000000E+00
  0.0000000E+00
  0.0000000E+00
  0.0000000E+00
  0.0000000E+00
  0.0000000E+00
  0.0000000E+00
  0.0000000E+00
  0.0000000E+00
  0.0000000E+00
  0.0000000E+00
  0.0000000E+00
  0.0000000E+00
  0.0000000E+00
  0.0000000E+00
  0.0000000E+00
  0.0000000E+00
  0.0000000E+00
  0.0000000E+00
  0.0000000E+00
  0.0000000E+00
  0.0000000E+00
  0.0000000E+00
  0.0000000E+00
  0.0000000E+00
  0.0000000E+00
  0.0000000E+00
  0.0000000E+00
  0.0000000E+00
  0.0000000E+00
  0.0000000E+00
  0.0000000E+00
  0.0000000E+00
  0.0000000E+00
  0.0000000E+00
  0.0000000E+00
  0.0000000E+00
  0.0000000E+00
  0.0000000E+00
  0.0000000E+00
  0.0000000E+00
  0.0000000E+00
   5229.725    
  0.0000000E+00
  0.0000000E+00
  0.0000000E+00
  0.0000000E+00
  0.0000000E+00
  0.0000000E+00
  0.0000000E+00
  0.0000000E+00
  0.0000000E+00
   16054.60    
  -128212.2    
  0.0000000E+00
  0.0000000E+00
  0.0000000E+00
  0.0000000E+00
   17946.19    
   20730.78    
   11748.68    
  0.0000000E+00
   16239.40    
  0.0000000E+00
   20128.40    
  -304778.4    
   15285.65    
   5965.374    
  -406684.2    
   58821.62    
   62836.77    
   12019.03    
  0.0000000E+00
  0.0000000E+00
   19601.30    
   6733.341    
   26888.46    
   51950.45    
  -793923.9    
  0.0000000E+00
   16688.65    
  0.0000000E+00
  -819741.5    
   11504.31    
   7427.292    
   19121.61    
  -404058.2    
  0.0000000E+00
   7581.063    
   10834.43    
   26758.16    
  0.0000000E+00
   13805.73    
  0.0000000E+00
  -725388.5    
   17389.72    
  -272865.4    
   16099.05    
  -698063.9    
   16450.99    
  0.0000000E+00
  -783267.4    
   17756.01    
  0.0000000E+00
  -505382.4    
  0.0000000E+00
  0.0000000E+00
  0.0000000E+00
   5724.472    
   51213.96    
  0.0000000E+00
  0.0000000E+00
   70028.04    
  -659940.9    
  0.0000000E+00
  0.0000000E+00
   4225.914    
   54640.64    
  0.0000000E+00
  0.0000000E+00
  0.0000000E+00
   169392.8    
  0.0000000E+00
  -83820.55    
  -337011.3    
  -556311.3    
  0.0000000E+00
  0.0000000E+00
   44426.07    
   32227.81    
  0.0000000E+00
   176210.9    
  0.0000000E+00
   94038.23    
   3119.506    
  0.0000000E+00
  0.0000000E+00
   39290.87    
   50467.11    
  0.0000000E+00
  -240590.8    
  -408851.7    
  0.0000000E+00
   72951.38    
  0.0000000E+00
   5143.148    
   246877.6    
  -11936.73    
  -691219.9    
   113976.3    
   14863.04    
   200579.2    
  -720378.2    
   96739.11    
  0.0000000E+00
   42711.71    
   217951.0    
  -143601.4    
  -420074.8    
   16943.70    
   79171.34    
   230810.3    
  -552065.8    
   82980.98    
   201747.5    
  -390061.7    
  -210700.8    
   79682.48    
   158335.2    
  0.0000000E+00
  -475987.0    
   90185.70    
  0.0000000E+00
   219194.7    
  0.0000000E+00
  -403605.5    
  0.0000000E+00
   9330.573    
   94809.56    
   118997.4    
   53086.58    
  0.0000000E+00
  -351910.6    
  0.0000000E+00
  0.0000000E+00
   17067.80    
   338823.6    
   100046.0    
  0.0000000E+00
  -153512.6    
  0.0000000E+00
  0.0000000E+00
   5935.210    
   398833.0    
  -252841.2    
  0.0000000E+00
   356839.8    
  -18383.14    
  0.0000000E+00
  0.0000000E+00
   45503.58    
   304389.6    
  0.0000000E+00
  0.0000000E+00
   353960.1    
  0.0000000E+00
  0.0000000E+00
  0.0000000E+00
   137259.9    
  0.0000000E+00
  0.0000000E+00
  0.0000000E+00
  0.0000000E+00
  0.0000000E+00
  0.0000000E+00
  0.0000000E+00
  0.0000000E+00
  0.0000000E+00
   256505.1    
  0.0000000E+00
  0.0000000E+00
  0.0000000E+00
  0.0000000E+00
  0.0000000E+00
  0.0000000E+00
  0.0000000E+00
   279787.7    
  0.0000000E+00
  0.0000000E+00
  0.0000000E+00
  0.0000000E+00
  0.0000000E+00
   279787.7    
  0.0000000E+00
  0.0000000E+00
  0.0000000E+00
  0.0000000E+00
  0.0000000E+00
  0.0000000E+00
   17806.05    
   368605.8    
  0.0000000E+00
  0.0000000E+00
  0.0000000E+00
  0.0000000E+00
  0.0000000E+00
  0.0000000E+00
  0.0000000E+00
  0.0000000E+00
  0.0000000E+00
  0.0000000E+00
   77159.61    
   165858.8    
  0.0000000E+00
  0.0000000E+00
  0.0000000E+00
  0.0000000E+00
   25095.09    
   411555.1    
  0.0000000E+00
  0.0000000E+00
  0.0000000E+00
  0.0000000E+00
   1297.030    
   178019.8    
  0.0000000E+00
  0.0000000E+00
  0.0000000E+00
  0.0000000E+00
   19757.06    
   156915.9    
   261808.3    
  0.0000000E+00
   3238.941    
   16661.81    
   16497.43    
   15757.28    
   298675.9    
  0.0000000E+00
   254923.7    
  0.0000000E+00
  0.0000000E+00
  0.0000000E+00
   278664.0    
  0.0000000E+00
   315213.0    
  0.0000000E+00
  0.0000000E+00
   268977.2    
   34767.50    
  0.0000000E+00
  0.0000000E+00
  0.0000000E+00
   162612.5    
   37247.09    
  0.0000000E+00
   107443.3    
  0.0000000E+00
  0.0000000E+00
   42631.38    
   124119.6    
  0.0000000E+00
   316703.6    
   46811.04    
  0.0000000E+00
  0.0000000E+00
   171100.8    
   485090.6    
   61238.18    
   128961.5    
   104823.5    
   284305.2    
   59131.55    
   272731.6    
   54468.82    
   273645.9    
  0.0000000E+00
   28025.64    
   22892.04    
   286653.1    
  0.0000000E+00
   59590.53    
   192925.9    
   192495.3    
   11061.98    
   41292.45    
  0.0000000E+00
   60270.21    
   330850.0    
   61535.80    
  0.0000000E+00
  0.0000000E+00
  0.0000000E+00
  0.0000000E+00
   52742.99    
  0.0000000E+00
  0.0000000E+00
   35919.52    
   39108.13    
  0.0000000E+00
   208424.1    
  0.0000000E+00
   9508.739    
   49607.64    
   71614.80    
   40920.25    
   4660.926    
   58367.50    
   11292.14    
  0.0000000E+00
  0.0000000E+00
   262542.8    
   22507.43    
   61503.64    
   1458.053    
   43861.96    
  0.0000000E+00
  0.0000000E+00
   276817.7    
   58802.07    
   130336.1    
   206804.5    
   49139.19    
   9989.291    
   268695.5    
   51976.25    
   255647.0    
   62282.55    
   258600.3    
   53190.80    
   8720.204    
   323279.6    
   199536.4    
   133252.5    
   48175.48    
  0.0000000E+00
   141978.6    
   351734.1    
  0.0000000E+00
   215999.5    
  0.0000000E+00
  0.0000000E+00
  0.0000000E+00
   151456.3    
  0.0000000E+00
  0.0000000E+00
  0.0000000E+00
   18628.47    
  0.0000000E+00
  0.0000000E+00
  0.0000000E+00
  0.0000000E+00
   118702.9    
  0.0000000E+00
  0.0000000E+00
  0.0000000E+00
   244584.2    
  0.0000000E+00
  0.0000000E+00
  0.0000000E+00
   405537.8    
  0.0000000E+00
  0.0000000E+00
  0.0000000E+00
   437163.7    
   76.25758    
   927.0532    
   441201.7    
   416978.9    
   30.80924    
   1056.924    
   467829.0    
   1188.021    
   396688.2    
  0.0000000E+00
  0.0000000E+00
  0.0000000E+00
   268859.9    
   270545.2    
  0.0000000E+00
   352667.7    
  0.0000000E+00
  0.0000000E+00
   408248.1    
   233446.6    
   69625.01    
  0.0000000E+00
  0.0000000E+00
   108561.7    
   315806.1    
  0.0000000E+00
  0.0000000E+00
   219186.9    
   240589.6    
  0.0000000E+00
   397719.6    
   273811.5    
   117372.8    
   172270.4    
   448839.6    
   97886.20    
   85633.93    
   247088.7    
  0.0000000E+00
   98957.28    
   469478.8    
  0.0000000E+00
  0.0000000E+00
  0.0000000E+00
  0.0000000E+00
  0.0000000E+00
  0.0000000E+00
   172061.0    
   486756.8    
  0.0000000E+00
   421878.2    
  0.0000000E+00
   315962.2    
   127890.0    
   54509.18    
   327568.1    
   300722.7    
  0.0000000E+00
   79882.74    
   450350.4    
   407903.4    
   374907.4    
   558102.8    
   335468.8    
   264795.6    
   448902.6    
   270980.0    
  0.0000000E+00
   331794.8    
   369409.9    
   127895.3    
   158253.7    
   425962.0    
   151064.0    
   239764.7    
   352505.9    
   94853.70    
   410344.9    
   173586.6    
   251291.3    
   382380.9    
   385682.4    
   306606.5    
   207960.2    
 
 month:           4 year:        1987
  0.0000000E+00
  0.0000000E+00
  0.0000000E+00
  0.0000000E+00
  0.0000000E+00
  0.0000000E+00
  0.0000000E+00
  0.0000000E+00
  0.0000000E+00
  0.0000000E+00
  0.0000000E+00
  0.0000000E+00
  0.0000000E+00
  0.0000000E+00
  0.0000000E+00
  0.0000000E+00
  0.0000000E+00
  0.0000000E+00
  0.0000000E+00
  0.0000000E+00
  0.0000000E+00
  0.0000000E+00
  0.0000000E+00
  0.0000000E+00
  0.0000000E+00
  0.0000000E+00
  0.0000000E+00
   764.5709    
   153.2893    
  0.0000000E+00
  0.0000000E+00
  0.0000000E+00
   289.2927    
   2231.704    
   1406.461    
   937.9467    
   319.2545    
   3216.513    
   2968.779    
   2836.909    
   2272.768    
  0.0000000E+00
  0.0000000E+00
  0.0000000E+00
  0.0000000E+00
   1488.666    
   2296.861    
  0.0000000E+00
   3039.183    
   2625.706    
  0.0000000E+00
  0.0000000E+00
   5722.689    
   2131.165    
  0.0000000E+00
   6243.336    
   16283.33    
   16940.78    
   17120.15    
   16044.22    
   15924.59    
  0.0000000E+00
   15805.12    
  0.0000000E+00
  0.0000000E+00
   17553.05    
  0.0000000E+00
  0.0000000E+00
   10315.49    
  0.0000000E+00
  0.0000000E+00
  0.0000000E+00
  0.0000000E+00
   20418.32    
  0.0000000E+00
  0.0000000E+00
  0.0000000E+00
  0.0000000E+00
  0.0000000E+00
  0.0000000E+00
  0.0000000E+00
   21298.31    
  0.0000000E+00
  0.0000000E+00
  0.0000000E+00
  0.0000000E+00
  0.0000000E+00
   1772.253    
  0.0000000E+00
  0.0000000E+00
  0.0000000E+00
  0.0000000E+00
  0.0000000E+00
  0.0000000E+00
   7785.364    
  0.0000000E+00
  0.0000000E+00
  0.0000000E+00
  0.0000000E+00
  0.0000000E+00
  0.0000000E+00
   14670.01    
   15873.33    
  0.0000000E+00
  0.0000000E+00
  0.0000000E+00
  0.0000000E+00
  0.0000000E+00
  0.0000000E+00
   9563.688    
   14447.50    
  0.0000000E+00
  0.0000000E+00
  0.0000000E+00
  0.0000000E+00
  0.0000000E+00
   22285.13    
   6285.036    
  0.0000000E+00
  0.0000000E+00
  0.0000000E+00
  0.0000000E+00
  0.0000000E+00
  0.0000000E+00
  0.0000000E+00
   15844.14    
   6406.846    
   19299.92    
  -390137.8    
  0.0000000E+00
  0.0000000E+00
  0.0000000E+00
   18991.37    
   21573.88    
   38285.24    
   37367.22    
   8842.699    
   19522.08    
  0.0000000E+00
  -72376.91    
  -193161.9    
   36999.98    
   14439.60    
  -339214.7    
   31679.53    
   152100.8    
   29088.92    
  0.0000000E+00
  0.0000000E+00
   23563.55    
   12435.02    
   44512.99    
   125749.7    
  -649594.9    
  0.0000000E+00
   20062.14    
  0.0000000E+00
  -784464.5    
   27846.98    
   8928.665    
   22986.90    
  -418258.4    
  0.0000000E+00
   9113.517    
   13024.53    
   32236.71    
  0.0000000E+00
   16596.46    
  0.0000000E+00
  -722519.5    
   20904.92    
  -486471.2    
   19353.35    
  -700612.7    
   19776.44    
  0.0000000E+00
  -778469.6    
   21345.25    
  0.0000000E+00
  -471737.7    
  0.0000000E+00
  0.0000000E+00
  0.0000000E+00
   6879.753    
   59503.44    
  0.0000000E+00
  0.0000000E+00
   84126.67    
  -663467.6    
  0.0000000E+00
  0.0000000E+00
   4903.996    
   63408.19    
  0.0000000E+00
  0.0000000E+00
  0.0000000E+00
  -178640.5    
  0.0000000E+00
  -74512.36    
  -311991.0    
  -525867.3    
  0.0000000E+00
  0.0000000E+00
   51554.60    
   37399.03    
  0.0000000E+00
   211008.9    
  0.0000000E+00
  -38590.45    
   3735.810    
  0.0000000E+00
  0.0000000E+00
   45595.40    
   74511.05    
  0.0000000E+00
  -244658.4    
  -364166.4    
  0.0000000E+00
   108881.7    
  0.0000000E+00
   6158.609    
   295651.9    
  -13555.66    
  -614806.6    
   170112.4    
   17796.06    
   240206.6    
  -667289.4    
   144385.5    
  0.0000000E+00
   51142.28    
   261010.4    
  -140504.3    
  -384121.2    
   25288.89    
   118165.1    
   268457.2    
  -538086.1    
   123851.1    
   234473.9    
  -377297.9    
  -206817.9    
   118928.0    
   184019.5    
  0.0000000E+00
  -466484.1    
   135471.7    
  0.0000000E+00
   254758.7    
  0.0000000E+00
  -390517.0    
  0.0000000E+00
   14094.84    
   143215.4    
   136962.2    
   61697.72    
  0.0000000E+00
  -340385.6    
  0.0000000E+00
  0.0000000E+00
   25782.03    
   428579.1    
   113442.0    
  0.0000000E+00
  -172429.2    
  0.0000000E+00
  0.0000000E+00
   6442.132    
   438583.6    
  -276470.7    
  0.0000000E+00
   387317.2    
  -156496.8    
  0.0000000E+00
  0.0000000E+00
   49390.01    
   330386.7    
  -140338.9    
  0.0000000E+00
   384191.5    
  0.0000000E+00
  0.0000000E+00
  0.0000000E+00
   148983.2    
  0.0000000E+00
  0.0000000E+00
  0.0000000E+00
  0.0000000E+00
  0.0000000E+00
  0.0000000E+00
  0.0000000E+00
  0.0000000E+00
  0.0000000E+00
   278413.0    
  0.0000000E+00
  0.0000000E+00
  0.0000000E+00
  0.0000000E+00
  0.0000000E+00
  0.0000000E+00
  0.0000000E+00
   303684.1    
  0.0000000E+00
  0.0000000E+00
  0.0000000E+00
  0.0000000E+00
  0.0000000E+00
   303684.1    
  0.0000000E+00
  0.0000000E+00
  0.0000000E+00
  0.0000000E+00
  0.0000000E+00
  0.0000000E+00
   19326.82    
   400088.2    
  0.0000000E+00
  0.0000000E+00
  0.0000000E+00
  0.0000000E+00
  0.0000000E+00
  0.0000000E+00
  0.0000000E+00
  0.0000000E+00
  0.0000000E+00
  0.0000000E+00
   83749.61    
   180024.7    
  0.0000000E+00
  0.0000000E+00
  0.0000000E+00
  0.0000000E+00
   27236.14    
   446705.6    
  0.0000000E+00
  0.0000000E+00
  0.0000000E+00
  0.0000000E+00
   1385.628    
   192417.8    
  0.0000000E+00
  0.0000000E+00
  0.0000000E+00
  0.0000000E+00
   21077.61    
   154923.6    
   245757.2    
  0.0000000E+00
   3455.430    
   17775.47    
   17600.11    
   16810.49    
   306662.5    
  0.0000000E+00
   270788.6    
  0.0000000E+00
  0.0000000E+00
  0.0000000E+00
   296003.4    
  0.0000000E+00
   334826.6    
  0.0000000E+00
  0.0000000E+00
   285713.9    
   39421.01    
  0.0000000E+00
  0.0000000E+00
  0.0000000E+00
   172730.8    
   42234.52    
  0.0000000E+00
   121830.1    
  0.0000000E+00
  0.0000000E+00
   45060.73    
   118039.0    
  0.0000000E+00
   301188.4    
   53079.09    
  0.0000000E+00
  0.0000000E+00
   162718.7    
   461326.2    
   69435.06    
   146223.2    
   98954.14    
   270377.2    
   56234.73    
   245837.6    
   61759.61    
   246661.8    
  0.0000000E+00
   31776.94    
   25956.19    
   258386.3    
  0.0000000E+00
   67566.88    
   173901.5    
   173513.4    
   12542.65    
   46819.54    
  0.0000000E+00
   54326.98    
   298225.0    
   69772.50    
  0.0000000E+00
  0.0000000E+00
  0.0000000E+00
  0.0000000E+00
   47542.02    
  0.0000000E+00
  0.0000000E+00
   40727.43    
   44342.86    
  0.0000000E+00
   188482.2    
  0.0000000E+00
   10191.10    
   53167.55    
   76753.97    
   44002.84    
   5284.801    
   66180.12    
   12802.54    
  0.0000000E+00
  0.0000000E+00
   254742.9    
   24122.59    
   65917.23    
   1573.321    
   47382.46    
  0.0000000E+00
  0.0000000E+00
   268593.6    
   63021.80    
   126463.9    
   200660.4    
   52665.47    
   10706.13    
   260712.8    
   55706.15    
   248051.8    
   66752.02    
   250917.4    
   57007.84    
   9345.977    
   323788.6    
   208503.6    
   142814.9    
   46744.22    
  0.0000000E+00
   133939.2    
   305667.0    
  0.0000000E+00
   186697.6    
  0.0000000E+00
  0.0000000E+00
  0.0000000E+00
   130910.1    
  0.0000000E+00
  0.0000000E+00
  0.0000000E+00
   16101.37    
  0.0000000E+00
  0.0000000E+00
  0.0000000E+00
  0.0000000E+00
   102601.7    
  0.0000000E+00
  0.0000000E+00
  0.0000000E+00
   189957.7    
  0.0000000E+00
  0.0000000E+00
  0.0000000E+00
   299275.1    
  0.0000000E+00
  0.0000000E+00
  0.0000000E+00
   185866.1    
   261.6435    
   3178.961    
   277853.5    
   178319.7    
   105.6480    
   3624.301    
   53649.11    
   4073.847    
   60067.39    
  0.0000000E+00
  0.0000000E+00
  0.0000000E+00
   190602.5    
   202767.9    
  0.0000000E+00
   74143.98    
  0.0000000E+00
  0.0000000E+00
  -3935.827    
   162522.0    
   51384.85    
  0.0000000E+00
  0.0000000E+00
   76962.49    
  -6471.552    
  0.0000000E+00
  0.0000000E+00
   155387.9    
  -13618.18    
  0.0000000E+00
   219871.8    
   194112.8    
   83208.93    
   112085.1    
   292030.6    
   63688.16    
   55518.12    
   160458.5    
  0.0000000E+00
   64155.90    
   304372.0    
  0.0000000E+00
  0.0000000E+00
  0.0000000E+00
  0.0000000E+00
  0.0000000E+00
  0.0000000E+00
   111550.5    
   315573.7    
  0.0000000E+00
   273511.7    
  0.0000000E+00
   204844.3    
   82913.53    
   44124.31    
   255247.6    
   194964.3    
  0.0000000E+00
   66187.40    
   372325.8    
   330191.2    
   310632.1    
   462419.7    
   277955.0    
   256823.8    
   435388.0    
   226676.0    
  0.0000000E+00
   321806.1    
   358288.6    
   124044.9    
   153489.4    
   413138.2    
   146516.2    
   232546.4    
   341893.5    
   91998.09    
   397991.2    
   168360.6    
   243726.0    
   370869.1    
   374071.2    
   297376.0    
   201699.4    
 
 month:           5 year:        1987
  0.0000000E+00
  0.0000000E+00
  0.0000000E+00
  0.0000000E+00
  0.0000000E+00
  0.0000000E+00
  0.0000000E+00
  0.0000000E+00
  0.0000000E+00
  0.0000000E+00
  0.0000000E+00
  0.0000000E+00
  0.0000000E+00
  0.0000000E+00
  0.0000000E+00
  0.0000000E+00
  0.0000000E+00
  0.0000000E+00
  0.0000000E+00
  0.0000000E+00
  0.0000000E+00
  0.0000000E+00
  0.0000000E+00
  0.0000000E+00
  0.0000000E+00
  0.0000000E+00
  0.0000000E+00
   7147.635    
   1431.675    
  0.0000000E+00
  0.0000000E+00
  0.0000000E+00
   2874.545    
   22183.74    
   13980.60    
   8622.936    
   2984.569    
   30069.76    
   27753.80    
   26521.01    
   21247.10    
  0.0000000E+00
  0.0000000E+00
  0.0000000E+00
  0.0000000E+00
   14797.74    
   22831.42    
  0.0000000E+00
   27564.85    
   24546.57    
  0.0000000E+00
  0.0000000E+00
   57310.84    
   19341.59    
  0.0000000E+00
   70641.44    
   180851.1    
   188153.1    
   190145.3    
   178195.5    
   176866.7    
  0.0000000E+00
   175539.9    
  0.0000000E+00
  0.0000000E+00
   194953.4    
  0.0000000E+00
  0.0000000E+00
   112849.4    
  0.0000000E+00
  0.0000000E+00
  0.0000000E+00
  0.0000000E+00
   216575.0    
  0.0000000E+00
  0.0000000E+00
  0.0000000E+00
  0.0000000E+00
  0.0000000E+00
  0.0000000E+00
  0.0000000E+00
   225908.9    
  0.0000000E+00
  0.0000000E+00
  0.0000000E+00
  0.0000000E+00
  0.0000000E+00
   18798.11    
  0.0000000E+00
  0.0000000E+00
  0.0000000E+00
  0.0000000E+00
  0.0000000E+00
  0.0000000E+00
   82578.55    
  0.0000000E+00
  0.0000000E+00
  0.0000000E+00
  0.0000000E+00
  0.0000000E+00
  0.0000000E+00
   155603.3    
   168366.7    
  0.0000000E+00
  0.0000000E+00
  0.0000000E+00
  0.0000000E+00
  0.0000000E+00
  0.0000000E+00
   101441.0    
   153243.1    
  0.0000000E+00
  0.0000000E+00
  0.0000000E+00
  0.0000000E+00
  0.0000000E+00
   236376.1    
   13955.30    
  0.0000000E+00
  0.0000000E+00
  0.0000000E+00
  0.0000000E+00
  0.0000000E+00
  0.0000000E+00
  0.0000000E+00
   168057.1    
   67956.74    
   42851.88    
  -454018.2    
  0.0000000E+00
  0.0000000E+00
  0.0000000E+00
   201439.6    
   47900.80    
   62952.49    
   145670.2    
   93793.60    
   43345.15    
  0.0000000E+00
  -141712.3    
  -144348.2    
   66287.12    
   25869.20    
  -307010.5    
  -88328.66    
   15225.95    
   52098.23    
  0.0000000E+00
  0.0000000E+00
   52318.50    
   26352.83    
   91644.95    
   225286.1    
  -599334.8    
  0.0000000E+00
   44544.25    
  0.0000000E+00
  -782202.6    
   49889.11    
   19824.44    
   51038.15    
  -412329.8    
  0.0000000E+00
   20234.87    
   28918.54    
   75134.48    
  0.0000000E+00
   36849.36    
  0.0000000E+00
  -721181.1    
   46415.50    
  -547751.2    
   42970.52    
  -699599.1    
   43909.91    
  0.0000000E+00
  -771620.6    
   47393.16    
  0.0000000E+00
  -427353.9    
  0.0000000E+00
  0.0000000E+00
  0.0000000E+00
   15289.78    
   93488.23    
  0.0000000E+00
  0.0000000E+00
   173924.9    
  -670948.4    
  0.0000000E+00
  0.0000000E+00
   7570.540    
   97886.35    
  0.0000000E+00
  0.0000000E+00
  0.0000000E+00
  -332492.8    
  0.0000000E+00
  -70777.72    
  -308611.9    
  -531492.3    
  0.0000000E+00
  0.0000000E+00
   79587.38    
   57734.73    
  0.0000000E+00
   376233.3    
  0.0000000E+00
  -343899.7    
   6660.836    
  0.0000000E+00
  0.0000000E+00
   70387.89    
   73430.37    
  0.0000000E+00
  -252633.0    
  -346238.4    
  0.0000000E+00
   104951.3    
  0.0000000E+00
   10981.43    
   527138.2    
  -10581.53    
  -587428.1    
   163971.7    
   31732.25    
   428281.1    
  -659480.0    
   139173.5    
  0.0000000E+00
   91194.52    
  -190199.1    
  -144124.3    
  -371626.4    
   24376.01    
   113899.6    
   472005.3    
  -551351.9    
   119380.3    
   412116.6    
  -383267.7    
  -211526.3    
   114635.0    
   323436.8    
  0.0000000E+00
  -480772.7    
   141958.3    
  0.0000000E+00
   447780.2    
  0.0000000E+00
  -397224.7    
  0.0000000E+00
   15807.68    
   160652.9    
   244168.7    
   108437.7    
  0.0000000E+00
  -345358.8    
  0.0000000E+00
  0.0000000E+00
   28921.40    
   656150.1    
   206639.1    
  0.0000000E+00
  -181376.3    
  0.0000000E+00
  0.0000000E+00
   12538.13    
   742104.2    
  -291726.8    
  0.0000000E+00
   753824.1    
  -158664.1    
  0.0000000E+00
  0.0000000E+00
   96126.30    
   643008.6    
  -177014.1    
  0.0000000E+00
   747740.6    
  0.0000000E+00
  0.0000000E+00
  0.0000000E+00
   289961.5    
  0.0000000E+00
  0.0000000E+00
  0.0000000E+00
  0.0000000E+00
  0.0000000E+00
  0.0000000E+00
  0.0000000E+00
  0.0000000E+00
  0.0000000E+00
   541866.9    
  0.0000000E+00
  0.0000000E+00
  0.0000000E+00
  0.0000000E+00
  0.0000000E+00
  0.0000000E+00
  0.0000000E+00
   591051.4    
  0.0000000E+00
  0.0000000E+00
  0.0000000E+00
  0.0000000E+00
  0.0000000E+00
   591051.4    
  0.0000000E+00
  0.0000000E+00
  0.0000000E+00
  0.0000000E+00
  0.0000000E+00
  0.0000000E+00
   37614.43    
   778679.6    
  0.0000000E+00
  0.0000000E+00
  0.0000000E+00
  0.0000000E+00
  0.0000000E+00
  0.0000000E+00
  0.0000000E+00
  0.0000000E+00
  0.0000000E+00
  0.0000000E+00
   162996.0    
   350376.8    
  0.0000000E+00
  0.0000000E+00
  0.0000000E+00
  0.0000000E+00
   53010.59    
   143525.6    
  0.0000000E+00
  0.0000000E+00
  0.0000000E+00
  0.0000000E+00
   2901.061    
   376821.0    
  0.0000000E+00
  0.0000000E+00
  0.0000000E+00
  0.0000000E+00
   44140.55    
   376720.8    
   589488.8    
  0.0000000E+00
   7236.332    
   37225.25    
   36858.00    
   35204.39    
   717233.4    
  0.0000000E+00
   637857.5    
  0.0000000E+00
  0.0000000E+00
  0.0000000E+00
   697263.4    
  0.0000000E+00
   788715.0    
  0.0000000E+00
  0.0000000E+00
   673025.5    
   45439.75    
  0.0000000E+00
  0.0000000E+00
  0.0000000E+00
   406883.3    
   48683.96    
  0.0000000E+00
   140434.2    
  0.0000000E+00
  0.0000000E+00
   106470.3    
   298220.8    
  0.0000000E+00
   760940.2    
   61184.55    
  0.0000000E+00
  0.0000000E+00
   411102.0    
   1165522.    
   80039.58    
   168555.3    
   250563.4    
   683097.0    
   142074.8    
   631310.5    
   71191.88    
   633427.1    
  0.0000000E+00
   36630.09    
   29920.36    
   663535.6    
  0.0000000E+00
   77886.07    
   446578.8    
   445581.9    
   14458.23    
   53970.07    
  0.0000000E+00
   139511.6    
   750450.8    
   80428.55    
  0.0000000E+00
  0.0000000E+00
  0.0000000E+00
  0.0000000E+00
   122087.8    
  0.0000000E+00
  0.0000000E+00
   46947.55    
   51115.14    
  0.0000000E+00
   483398.6    
  0.0000000E+00
   11502.37    
   60008.52    
   86629.77    
   49932.76    
   6091.927    
   76287.55    
   14757.85    
  0.0000000E+00
  0.0000000E+00
   635112.7    
   27226.40    
   74398.67    
   1795.287    
   54076.62    
  0.0000000E+00
  0.0000000E+00
   669644.7    
   71130.70    
   315293.7    
   500277.0    
   59441.86    
   12083.67    
   649996.6    
   62873.76    
   618430.9    
   75340.89    
   625575.2    
   64342.95    
   10548.51    
   661463.8    
   305194.1    
   161190.7    
   116540.4    
  0.0000000E+00
   269471.9    
   698439.9    
  0.0000000E+00
   426329.0    
  0.0000000E+00
  0.0000000E+00
  0.0000000E+00
   298936.7    
  0.0000000E+00
  0.0000000E+00
  0.0000000E+00
   36767.91    
  0.0000000E+00
  0.0000000E+00
  0.0000000E+00
  0.0000000E+00
   234290.2    
  0.0000000E+00
  0.0000000E+00
  0.0000000E+00
   441703.9    
  0.0000000E+00
  0.0000000E+00
  0.0000000E+00
   7184.791    
  0.0000000E+00
  0.0000000E+00
  0.0000000E+00
  -46318.27    
   208.8739    
   2534.354    
  -10792.84    
  -7205.119    
   84.22551    
   2889.393    
  -29748.03    
   3247.781    
  -22339.64    
  0.0000000E+00
  0.0000000E+00
  0.0000000E+00
   239601.4    
   66220.52    
  0.0000000E+00
  -7060.352    
  0.0000000E+00
  0.0000000E+00
  -12635.91    
  -1164.730    
   120601.8    
  0.0000000E+00
  0.0000000E+00
   185274.4    
  -7196.856    
  0.0000000E+00
  0.0000000E+00
   135018.8    
  -16019.45    
  0.0000000E+00
  -13627.73    
   40596.02    
   200311.7    
   280339.7    
   174761.0    
   159292.5    
   144148.0    
   409457.4    
  0.0000000E+00
   166575.2    
   790275.4    
  0.0000000E+00
  0.0000000E+00
  0.0000000E+00
  0.0000000E+00
  0.0000000E+00
  0.0000000E+00
   289631.1    
   819359.6    
  0.0000000E+00
   710149.4    
  0.0000000E+00
   531860.4    
   215277.8    
   90477.51    
   545139.4    
   506207.9    
  0.0000000E+00
   131352.2    
   741203.9    
   677061.6    
   616465.0    
   917695.1    
   551615.7    
   436015.0    
   739167.0    
   445592.8    
  0.0000000E+00
   546336.7    
   608273.9    
   210593.5    
   260582.1    
   701393.1    
   248743.4    
   394798.7    
   580439.6    
   156187.1    
   675678.0    
   285829.2    
   413778.7    
   629632.1    
   635068.4    
   504861.1    
   342429.2    
 
 month:           6 year:        1987
  0.0000000E+00
  0.0000000E+00
  0.0000000E+00
  0.0000000E+00
  0.0000000E+00
  0.0000000E+00
  0.0000000E+00
  0.0000000E+00
  0.0000000E+00
  0.0000000E+00
  0.0000000E+00
  0.0000000E+00
  0.0000000E+00
  0.0000000E+00
  0.0000000E+00
  0.0000000E+00
  0.0000000E+00
  0.0000000E+00
  0.0000000E+00
  0.0000000E+00
  0.0000000E+00
  0.0000000E+00
  0.0000000E+00
  0.0000000E+00
  0.0000000E+00
  0.0000000E+00
  0.0000000E+00
   1688.892    
   337.0025    
  0.0000000E+00
  0.0000000E+00
  0.0000000E+00
   3722.729    
   28737.70    
   18111.02    
   434.4297    
   705.2142    
   7105.088    
   6557.858    
   6266.562    
   5020.407    
  0.0000000E+00
  0.0000000E+00
  0.0000000E+00
  0.0000000E+00
   19169.58    
   29576.72    
  0.0000000E+00
   4611.268    
   5800.024    
  0.0000000E+00
  0.0000000E+00
   36224.55    
   3467.348    
  0.0000000E+00
   61826.66    
   149615.7    
   155656.5    
   157304.6    
   147418.8    
   146319.5    
  0.0000000E+00
   145221.8    
  0.0000000E+00
  0.0000000E+00
   161282.2    
  0.0000000E+00
  0.0000000E+00
   100729.7    
  0.0000000E+00
  0.0000000E+00
  0.0000000E+00
  0.0000000E+00
   222565.0    
  0.0000000E+00
  0.0000000E+00
  0.0000000E+00
  0.0000000E+00
  0.0000000E+00
  0.0000000E+00
  0.0000000E+00
   232157.0    
  0.0000000E+00
  0.0000000E+00
  0.0000000E+00
  0.0000000E+00
  0.0000000E+00
   19318.02    
  0.0000000E+00
  0.0000000E+00
  0.0000000E+00
  0.0000000E+00
  0.0000000E+00
  0.0000000E+00
   84862.45    
  0.0000000E+00
  0.0000000E+00
  0.0000000E+00
  0.0000000E+00
  0.0000000E+00
  0.0000000E+00
   159906.9    
   173023.3    
  0.0000000E+00
  0.0000000E+00
  0.0000000E+00
  0.0000000E+00
  0.0000000E+00
  0.0000000E+00
   104246.6    
   157481.4    
  0.0000000E+00
  0.0000000E+00
  0.0000000E+00
  0.0000000E+00
  0.0000000E+00
   242913.6    
   24635.90    
  0.0000000E+00
  0.0000000E+00
  0.0000000E+00
  0.0000000E+00
  0.0000000E+00
  0.0000000E+00
  0.0000000E+00
   172705.1    
   69836.27    
   75630.84    
  -427132.4    
  0.0000000E+00
  0.0000000E+00
  0.0000000E+00
   207010.8    
   84541.85    
  -35606.29    
   141698.6    
   96387.68    
   76501.41    
  0.0000000E+00
  -104723.4    
  -103636.8    
   57710.31    
   22522.01    
  -261258.7    
  -56206.40    
  -48721.27    
   45356.11    
  0.0000000E+00
  0.0000000E+00
   92338.82    
   6844.861    
   26526.15    
   196136.6    
  -531464.8    
  0.0000000E+00
   78617.79    
  0.0000000E+00
  -710147.5    
   43434.00    
   34988.86    
   90079.05    
  -359899.4    
  0.0000000E+00
   35713.25    
   51039.38    
   58856.05    
  0.0000000E+00
   65036.74    
  0.0000000E+00
  -657805.2    
   81920.40    
  -508530.1    
   75840.23    
  -623865.8    
   77498.20    
  0.0000000E+00
  -694354.9    
   83645.88    
  0.0000000E+00
  -346313.2    
  0.0000000E+00
  0.0000000E+00
  0.0000000E+00
   26999.78    
   26642.46    
  0.0000000E+00
  0.0000000E+00
   136398.6    
  -618954.0    
  0.0000000E+00
  0.0000000E+00
   1479.352    
   19127.87    
  0.0000000E+00
  0.0000000E+00
  0.0000000E+00
  -323469.0    
  0.0000000E+00
  -62463.08    
  -286042.6    
  -503498.6    
  0.0000000E+00
  0.0000000E+00
   15552.09    
   11281.88    
  0.0000000E+00
   295581.3    
  0.0000000E+00
  -331863.7    
   5232.746    
  0.0000000E+00
  0.0000000E+00
   13754.42    
   18752.42    
  0.0000000E+00
  -220922.5    
  -296341.7    
  0.0000000E+00
   27193.14    
  0.0000000E+00
   8627.743    
   113281.0    
  0.0000000E+00
  -516960.2    
   42485.49    
   24930.67    
   336457.2    
  -599773.4    
   36060.21    
  0.0000000E+00
   71655.07    
  -274646.3    
  -131847.7    
  -323418.8    
   6315.889    
   29511.68    
   366657.0    
  -510210.2    
   30931.76    
   341601.0    
  -348554.6    
  -190395.9    
   29702.22    
   268094.8    
  0.0000000E+00
  -447077.7    
   37744.51    
  0.0000000E+00
   371162.9    
  0.0000000E+00
  -364572.5    
  0.0000000E+00
   4283.531    
   43542.05    
   200470.9    
   89878.77    
  0.0000000E+00
  -314390.1    
  0.0000000E+00
  0.0000000E+00
   7838.625    
   423595.4    
   167241.1    
  0.0000000E+00
  -153650.8    
  0.0000000E+00
  0.0000000E+00
   10262.51    
  -14472.55    
  -263644.2    
  0.0000000E+00
   390197.3    
  -137259.0    
  0.0000000E+00
  0.0000000E+00
   78679.45    
   526303.1    
  -157609.7    
  0.0000000E+00
   612026.1    
  0.0000000E+00
  0.0000000E+00
  0.0000000E+00
   237334.6    
  -27946.93    
  0.0000000E+00
  0.0000000E+00
  0.0000000E+00
  0.0000000E+00
  0.0000000E+00
  0.0000000E+00
  0.0000000E+00
  0.0000000E+00
   443520.3    
  0.0000000E+00
  0.0000000E+00
  0.0000000E+00
  0.0000000E+00
  0.0000000E+00
  0.0000000E+00
  0.0000000E+00
   483778.0    
  0.0000000E+00
  0.0000000E+00
  0.0000000E+00
  0.0000000E+00
  0.0000000E+00
   483776.0    
  0.0000000E+00
  0.0000000E+00
  0.0000000E+00
  0.0000000E+00
  0.0000000E+00
  0.0000000E+00
   30787.45    
   42452.48    
  0.0000000E+00
  0.0000000E+00
  0.0000000E+00
  0.0000000E+00
  0.0000000E+00
  0.0000000E+00
  0.0000000E+00
  0.0000000E+00
  0.0000000E+00
  0.0000000E+00
   133412.4    
   286784.8    
  0.0000000E+00
  0.0000000E+00
  0.0000000E+00
  0.0000000E+00
   43390.12    
  -61284.07    
  0.0000000E+00
  0.0000000E+00
  0.0000000E+00
  0.0000000E+00
   2108.833    
   190635.6    
  0.0000000E+00
  0.0000000E+00
  0.0000000E+00
  0.0000000E+00
   32088.68    
   232349.5    
   25156.42    
  0.0000000E+00
   5260.568    
   27061.49    
   26794.52    
   25592.39    
  -58850.28    
  0.0000000E+00
   339014.2    
  0.0000000E+00
  0.0000000E+00
  0.0000000E+00
   322877.7    
  0.0000000E+00
   165865.1    
  0.0000000E+00
  0.0000000E+00
   357694.8    
   47029.91    
  0.0000000E+00
  0.0000000E+00
  0.0000000E+00
   216247.4    
   50385.13    
  0.0000000E+00
   145341.5    
  0.0000000E+00
  0.0000000E+00
   56608.56    
   159894.5    
  0.0000000E+00
   407986.8    
   63322.55    
  0.0000000E+00
  0.0000000E+00
   220417.0    
   6779.510    
   82839.30    
   174451.2    
   133854.7    
   198959.3    
   76174.98    
   329580.7    
   73682.11    
   330685.7    
  0.0000000E+00
   37911.39    
   30966.96    
   346404.0    
  0.0000000E+00
   80610.44    
   233140.0    
   232619.7    
   14963.97    
   55857.91    
  0.0000000E+00
   72833.14    
  -6150.545    
   83241.88    
  0.0000000E+00
  0.0000000E+00
  0.0000000E+00
  0.0000000E+00
   63736.91    
  0.0000000E+00
  0.0000000E+00
   48589.74    
   52903.11    
  0.0000000E+00
   252000.6    
  0.0000000E+00
   10167.08    
   53042.23    
   76573.05    
   44450.75    
   6305.018    
   78956.02    
   15273.62    
  0.0000000E+00
  0.0000000E+00
   321335.9    
   24065.73    
   65761.85    
   1609.522    
   48652.71    
  0.0000000E+00
  0.0000000E+00
   338807.4    
   62873.25    
   159523.1    
   253115.6    
   52541.34    
   10680.90    
   328866.4    
   55574.84    
   312895.7    
   66594.69    
   316510.4    
   56873.47    
   9323.949    
   380248.6    
   221514.9    
   142478.3    
   58963.74    
  0.0000000E+00
   149172.0    
   352538.0    
  0.0000000E+00
   219735.7    
  0.0000000E+00
  0.0000000E+00
  0.0000000E+00
   154076.0    
  0.0000000E+00
  0.0000000E+00
  0.0000000E+00
   18950.68    
  0.0000000E+00
  0.0000000E+00
  0.0000000E+00
  0.0000000E+00
   120756.9    
  0.0000000E+00
  0.0000000E+00
  0.0000000E+00
   221226.4    
  0.0000000E+00
  0.0000000E+00
  0.0000000E+00
  -30518.82    
  0.0000000E+00
  0.0000000E+00
  0.0000000E+00
  -45103.04    
   198.3578    
   2402.903    
  -10429.81    
  -4466.493    
   79.85694    
   2739.527    
  -28492.63    
   3079.328    
  -21328.08    
  0.0000000E+00
  0.0000000E+00
  0.0000000E+00
   24762.08    
  -5293.100    
  0.0000000E+00
  -7889.598    
  0.0000000E+00
  0.0000000E+00
  -13140.98    
  -1818.962    
   59516.01    
  0.0000000E+00
  0.0000000E+00
   49128.00    
  -7753.603    
  0.0000000E+00
  0.0000000E+00
   4239.489    
  -17305.16    
  0.0000000E+00
  -13017.17    
  -10978.32    
   63703.17    
   136831.3    
  -13140.12    
   77749.23    
   68051.27    
   196332.5    
  0.0000000E+00
   78639.03    
   314749.1    
  0.0000000E+00
  0.0000000E+00
  0.0000000E+00
  0.0000000E+00
  0.0000000E+00
  0.0000000E+00
   136732.9    
   386814.1    
  0.0000000E+00
   335256.7    
  0.0000000E+00
   251087.6    
   101631.2    
   39972.78    
   243971.3    
   238977.3    
  0.0000000E+00
   57848.57    
   326525.2    
   299124.5    
   271496.1    
   404160.3    
   242936.0    
   172559.9    
   292537.2    
   195123.2    
  0.0000000E+00
   216221.5    
   240734.1    
   83345.78    
   103129.6    
   277587.6    
   98444.21    
   156247.9    
   229718.3    
   61813.52    
   267410.4    
   113121.5    
   163759.5    
   55863.15    
   251338.5    
   199806.9    
   135521.8    
 
 month:           7 year:        1987
  0.0000000E+00
  0.0000000E+00
  0.0000000E+00
  0.0000000E+00
  0.0000000E+00
  0.0000000E+00
  0.0000000E+00
  0.0000000E+00
  0.0000000E+00
  0.0000000E+00
  0.0000000E+00
  0.0000000E+00
  0.0000000E+00
  0.0000000E+00
  0.0000000E+00
  0.0000000E+00
  0.0000000E+00
  0.0000000E+00
  0.0000000E+00
  0.0000000E+00
  0.0000000E+00
  0.0000000E+00
  0.0000000E+00
  0.0000000E+00
  0.0000000E+00
  0.0000000E+00
  0.0000000E+00
   3389.177    
   677.5153    
  0.0000000E+00
  0.0000000E+00
  0.0000000E+00
   5806.864    
   44825.75    
   28250.02    
   6039.690    
   1415.186    
   14258.10    
   13159.95    
   12575.40    
   10074.69    
  0.0000000E+00
  0.0000000E+00
  0.0000000E+00
  0.0000000E+00
   29901.18    
   46134.50    
  0.0000000E+00
   15598.66    
   11639.18    
  0.0000000E+00
  0.0000000E+00
   68092.58    
   10669.06    
  0.0000000E+00
   100512.6    
   286707.0    
   298283.1    
   301441.4    
   282497.2    
   280390.7    
  0.0000000E+00
   278287.1    
  0.0000000E+00
  0.0000000E+00
   309063.8    
  0.0000000E+00
  0.0000000E+00
   185384.0    
  0.0000000E+00
  0.0000000E+00
  0.0000000E+00
  0.0000000E+00
   381535.7    
  0.0000000E+00
  0.0000000E+00
  0.0000000E+00
  0.0000000E+00
  0.0000000E+00
  0.0000000E+00
  0.0000000E+00
   397979.0    
  0.0000000E+00
  0.0000000E+00
  0.0000000E+00
  0.0000000E+00
  0.0000000E+00
   33116.23    
  0.0000000E+00
  0.0000000E+00
  0.0000000E+00
  0.0000000E+00
  0.0000000E+00
  0.0000000E+00
   145476.9    
  0.0000000E+00
  0.0000000E+00
  0.0000000E+00
  0.0000000E+00
  0.0000000E+00
  0.0000000E+00
   274123.0    
   296608.3    
  0.0000000E+00
  0.0000000E+00
  0.0000000E+00
  0.0000000E+00
  0.0000000E+00
  0.0000000E+00
   178706.5    
   269965.3    
  0.0000000E+00
  0.0000000E+00
  0.0000000E+00
  0.0000000E+00
  0.0000000E+00
   416418.9    
   29222.35    
  0.0000000E+00
  0.0000000E+00
  0.0000000E+00
  0.0000000E+00
  -12330.59    
  0.0000000E+00
  0.0000000E+00
   296062.7    
   119718.0    
   89732.12    
  -437238.2    
  0.0000000E+00
  -5944.851    
  0.0000000E+00
   354871.8    
   100304.5    
  -1270.240    
   245475.1    
   165234.3    
   90765.02    
  0.0000000E+00
  -70978.96    
  -82969.27    
   102267.4    
   39910.83    
  -243546.7    
  -34412.98    
  -33192.74    
   72125.66    
  0.0000000E+00
  0.0000000E+00
   109555.2    
   18505.21    
   64844.23    
   313876.4    
  -519693.1    
  0.0000000E+00
   93275.91    
  0.0000000E+00
  -680236.2    
   76968.59    
   41512.50    
   106874.2    
  -330765.0    
  0.0000000E+00
   42371.95    
   60555.61    
   105038.1    
  0.0000000E+00
   77162.77    
  0.0000000E+00
  -633298.7    
   97194.34    
  -467364.3    
   89980.53    
  -580801.3    
   91947.62    
  0.0000000E+00
  -662980.6    
   99241.55    
  0.0000000E+00
  -299521.9    
  0.0000000E+00
  0.0000000E+00
  0.0000000E+00
   32023.30    
   122650.8    
  0.0000000E+00
  0.0000000E+00
   237601.3    
  -614433.1    
  0.0000000E+00
  0.0000000E+00
   9574.539    
   123797.9    
  0.0000000E+00
  0.0000000E+00
  0.0000000E+00
  -333954.9    
  0.0000000E+00
  -58335.32    
  -283225.3    
  -509806.8    
  0.0000000E+00
  0.0000000E+00
   100655.0    
   73017.70    
  0.0000000E+00
  -119693.4    
  0.0000000E+00
  -342681.2    
   8800.439    
  0.0000000E+00
  0.0000000E+00
   89020.27    
   85234.58    
  0.0000000E+00
  -225994.9    
  -279836.8    
  0.0000000E+00
   121165.6    
  0.0000000E+00
   14511.55    
  -85395.83    
  0.0000000E+00
  -500484.8    
   189304.3    
   41928.27    
   201193.9    
  -594075.3    
   160674.9    
  0.0000000E+00
   120495.8    
  -296230.5    
  -132622.9    
  -310115.8    
   28141.96    
   131496.4    
  -134614.5    
  -516370.2    
   137823.9    
  -128358.0    
  -349480.2    
  -191288.3    
   132345.4    
   435011.9    
  0.0000000E+00
  -458595.7    
   160821.3    
  0.0000000E+00
   335167.2    
  0.0000000E+00
  -365104.3    
  0.0000000E+00
   17650.12    
   179374.6    
   327955.8    
   145838.8    
  0.0000000E+00
  -313530.2    
  0.0000000E+00
  0.0000000E+00
   32293.30    
   185656.1    
   276996.2    
  0.0000000E+00
  -149516.4    
  0.0000000E+00
  0.0000000E+00
   15891.39    
  -24718.56    
  -267090.7    
  0.0000000E+00
  -46923.18    
  -134630.8    
  0.0000000E+00
  0.0000000E+00
   121834.8    
   361417.9    
  -158617.6    
  0.0000000E+00
   576997.6    
  0.0000000E+00
  0.0000000E+00
  0.0000000E+00
   367510.3    
  -109592.1    
  0.0000000E+00
  0.0000000E+00
  0.0000000E+00
  0.0000000E+00
  0.0000000E+00
  0.0000000E+00
  0.0000000E+00
  0.0000000E+00
   686786.6    
  0.0000000E+00
  0.0000000E+00
  0.0000000E+00
  0.0000000E+00
  0.0000000E+00
  0.0000000E+00
  0.0000000E+00
   749125.4    
  0.0000000E+00
  0.0000000E+00
  0.0000000E+00
  0.0000000E+00
  0.0000000E+00
   444303.8    
  0.0000000E+00
  0.0000000E+00
  0.0000000E+00
  0.0000000E+00
  0.0000000E+00
  0.0000000E+00
   47674.50    
  -95853.47    
  0.0000000E+00
  0.0000000E+00
  0.0000000E+00
  0.0000000E+00
  0.0000000E+00
  0.0000000E+00
  0.0000000E+00
  0.0000000E+00
  0.0000000E+00
  0.0000000E+00
   206589.7    
   252862.2    
  0.0000000E+00
  0.0000000E+00
  0.0000000E+00
  0.0000000E+00
   67188.37    
  -69392.27    
  0.0000000E+00
  0.0000000E+00
  0.0000000E+00
  0.0000000E+00
   4034.288    
  -54224.08    
  0.0000000E+00
  0.0000000E+00
  0.0000000E+00
  0.0000000E+00
   61369.32    
   447396.3    
  -5649.619    
  0.0000000E+00
   10060.79    
   51754.86    
   51244.28    
   48945.23    
  -68125.57    
  0.0000000E+00
   397148.9    
  0.0000000E+00
  0.0000000E+00
  0.0000000E+00
  -12844.60    
  0.0000000E+00
  -40656.29    
  0.0000000E+00
  0.0000000E+00
   24522.59    
   67595.48    
  0.0000000E+00
  0.0000000E+00
  0.0000000E+00
   451020.6    
   72415.55    
  0.0000000E+00
   208890.7    
  0.0000000E+00
  0.0000000E+00
   117992.9    
   328924.1    
  0.0000000E+00
   155221.7    
   91009.71    
  0.0000000E+00
  0.0000000E+00
   453427.1    
  -10781.49    
   119061.3    
   250731.1    
   277102.6    
  -10411.00    
   156702.1    
   4740.854    
   105900.0    
   497143.6    
  0.0000000E+00
   54488.36    
   44507.44    
   23529.98    
  0.0000000E+00
   46173.71    
   484765.8    
   231599.3    
   21507.05    
   80282.09    
  0.0000000E+00
   156961.0    
  -10541.12    
   119639.9    
  0.0000000E+00
  0.0000000E+00
  0.0000000E+00
  0.0000000E+00
   137358.0    
  0.0000000E+00
  0.0000000E+00
   69835.90    
   76035.29    
  0.0000000E+00
   543297.5    
  0.0000000E+00
   15515.94    
   80947.55    
   116857.8    
   67542.81    
   9061.921    
   113480.0    
   21952.91    
  0.0000000E+00
  0.0000000E+00
   698278.3    
   36726.62    
   100358.9    
   2435.104    
   73513.32    
  0.0000000E+00
  0.0000000E+00
   736244.7    
   95950.62    
   346651.4    
   550032.4    
   80183.14    
   16300.08    
   714642.6    
   84812.55    
   679937.4    
   101629.9    
   687792.3    
   86794.38    
   14229.24    
   757329.1    
   379846.2    
   217435.6    
   128131.1    
  0.0000000E+00
   301819.0    
   752192.4    
  0.0000000E+00
   461324.4    
  0.0000000E+00
  0.0000000E+00
  0.0000000E+00
   323475.0    
  0.0000000E+00
  0.0000000E+00
  0.0000000E+00
   39786.04    
  0.0000000E+00
  0.0000000E+00
  0.0000000E+00
  0.0000000E+00
   253520.5    
  0.0000000E+00
  0.0000000E+00
  0.0000000E+00
   108700.0    
  0.0000000E+00
  0.0000000E+00
  0.0000000E+00
  -31492.83    
  0.0000000E+00
  0.0000000E+00
  0.0000000E+00
  -46671.50    
   468.0615    
   5691.855    
  -10887.69    
  -1931.874    
   189.1604    
   6489.225    
  -28891.44    
   7294.124    
  -21401.60    
  0.0000000E+00
  0.0000000E+00
  0.0000000E+00
   26741.59    
  -5381.013    
  0.0000000E+00
  -8483.596    
  0.0000000E+00
  0.0000000E+00
  -13421.23    
  -2096.514    
   116753.3    
  0.0000000E+00
  0.0000000E+00
  -2566.590    
  -8126.472    
  0.0000000E+00
  0.0000000E+00
   4624.748    
  -18340.35    
  0.0000000E+00
  -13470.72    
  -11370.77    
   2558.858    
   288457.8    
  -13665.60    
   163905.3    
   144756.3    
   345879.7    
  0.0000000E+00
   167278.2    
  -15674.42    
  0.0000000E+00
  0.0000000E+00
  0.0000000E+00
  0.0000000E+00
  0.0000000E+00
  0.0000000E+00
   290853.4    
   575504.8    
  0.0000000E+00
   713146.6    
  0.0000000E+00
   534105.0    
   216186.3    
   89208.44    
   539394.3    
   508344.2    
  0.0000000E+00
   130457.8    
   735652.3    
   667564.9    
   612267.4    
   911446.4    
   547859.7    
   400619.5    
   679161.9    
   440706.8    
  0.0000000E+00
   501985.4    
   558894.5    
   193497.7    
   239428.2    
   644454.3    
   228550.6    
   362749.2    
   533319.9    
   143507.9    
   620826.8    
   262625.8    
  -10790.68    
  -96780.45    
   583513.9    
   463876.9    
   314631.0    
 
 month:           8 year:        1987
  0.0000000E+00
  0.0000000E+00
  0.0000000E+00
  0.0000000E+00
  0.0000000E+00
  0.0000000E+00
  0.0000000E+00
  0.0000000E+00
  0.0000000E+00
  0.0000000E+00
  0.0000000E+00
  0.0000000E+00
  0.0000000E+00
  0.0000000E+00
  0.0000000E+00
  0.0000000E+00
  0.0000000E+00
  0.0000000E+00
  0.0000000E+00
  0.0000000E+00
  0.0000000E+00
  0.0000000E+00
  0.0000000E+00
  0.0000000E+00
  0.0000000E+00
  0.0000000E+00
  0.0000000E+00
   6485.974    
   1304.129    
  0.0000000E+00
  0.0000000E+00
  0.0000000E+00
   5806.864    
   44825.75    
   28250.02    
   11100.71    
   2708.285    
   27286.19    
   25184.61    
   24065.93    
   19280.24    
  0.0000000E+00
  0.0000000E+00
  0.0000000E+00
  0.0000000E+00
   29901.18    
   46134.50    
  0.0000000E+00
   30202.39    
   22274.28    
  0.0000000E+00
  0.0000000E+00
   67154.12    
   20744.72    
  0.0000000E+00
   100512.6    
   286707.0    
   298283.1    
   301441.4    
   282497.2    
   280390.7    
  0.0000000E+00
   278287.1    
  0.0000000E+00
  0.0000000E+00
   309063.8    
  0.0000000E+00
  0.0000000E+00
   186237.0    
  0.0000000E+00
  0.0000000E+00
  0.0000000E+00
  0.0000000E+00
   386550.3    
  0.0000000E+00
  0.0000000E+00
  0.0000000E+00
  0.0000000E+00
  0.0000000E+00
  0.0000000E+00
  0.0000000E+00
   403209.8    
  0.0000000E+00
  0.0000000E+00
  0.0000000E+00
  0.0000000E+00
  0.0000000E+00
   33551.48    
  0.0000000E+00
  0.0000000E+00
  0.0000000E+00
  0.0000000E+00
  0.0000000E+00
  0.0000000E+00
   147389.0    
  0.0000000E+00
  0.0000000E+00
  0.0000000E+00
  0.0000000E+00
  0.0000000E+00
  0.0000000E+00
   277725.9    
   300506.7    
  0.0000000E+00
  0.0000000E+00
  0.0000000E+00
  0.0000000E+00
  0.0000000E+00
  0.0000000E+00
   181055.3    
   273513.5    
  0.0000000E+00
  0.0000000E+00
  0.0000000E+00
  0.0000000E+00
  0.0000000E+00
   421892.0    
   18340.77    
  0.0000000E+00
  0.0000000E+00
  0.0000000E+00
  0.0000000E+00
  -112677.7    
  0.0000000E+00
  0.0000000E+00
   299953.9    
   121291.5    
   56308.57    
  -461980.6    
  0.0000000E+00
  -18914.07    
  0.0000000E+00
   359535.9    
   62942.96    
  -18631.13    
   251681.2    
   167406.0    
   56956.71    
  0.0000000E+00
  -89683.34    
  -70051.22    
   107477.6    
   41944.19    
  -224684.7    
  -15212.77    
  -21315.74    
  -110045.7    
  0.0000000E+00
  0.0000000E+00
   68747.94    
   18503.84    
   64582.66    
   198128.1    
  -500581.2    
  0.0000000E+00
   58532.39    
  0.0000000E+00
  -673171.1    
   80889.94    
   26049.86    
   67065.53    
  -350817.4    
  0.0000000E+00
   26589.18    
   37999.76    
   112320.0    
  0.0000000E+00
   48421.07    
  0.0000000E+00
  -647014.8    
   60991.24    
  -500009.7    
   56464.43    
  -602182.8    
   57698.80    
  0.0000000E+00
  -663877.7    
   62275.94    
  0.0000000E+00
  -303478.4    
  0.0000000E+00
  0.0000000E+00
  0.0000000E+00
   20094.07    
   102520.0    
  0.0000000E+00
  0.0000000E+00
   254434.2    
  -640216.9    
  0.0000000E+00
  0.0000000E+00
   8202.291    
   106054.8    
  0.0000000E+00
  0.0000000E+00
  0.0000000E+00
  -338147.9    
  0.0000000E+00
  -83443.94    
  -317806.1    
  -613401.6    
  0.0000000E+00
  0.0000000E+00
   86228.83    
   62552.59    
  0.0000000E+00
  -142391.9    
  0.0000000E+00
  -345826.3    
  -7988.968    
  0.0000000E+00
  0.0000000E+00
   76261.63    
   74000.25    
  0.0000000E+00
  -224202.5    
  -257060.4    
  0.0000000E+00
   105265.3    
  0.0000000E+00
   15572.54    
  -88050.84    
  0.0000000E+00
  -473074.7    
   164462.4    
   44992.37    
  -33561.76    
  -571114.9    
   139589.9    
  0.0000000E+00
   129303.1    
  -345915.8    
  -128733.8    
  -288380.8    
   24448.95    
   114240.5    
  -170576.9    
  -505231.0    
   119737.6    
  -159640.3    
  -339382.6    
  -185944.1    
   114978.0    
   463820.3    
  0.0000000E+00
  -455905.5    
   141734.0    
  0.0000000E+00
  -73579.55    
  0.0000000E+00
  -353377.1    
  0.0000000E+00
   15728.11    
   159857.6    
   349171.8    
   155494.5    
  0.0000000E+00
  -302023.6    
  0.0000000E+00
  0.0000000E+00
   28777.57    
   6665.561    
   294278.5    
  0.0000000E+00
  -140941.1    
  0.0000000E+00
  0.0000000E+00
   16206.00    
  -35915.16    
  -262182.4    
  0.0000000E+00
  -57789.27    
  -127745.2    
  0.0000000E+00
  0.0000000E+00
   124246.8    
   57086.45    
  -154850.9    
  0.0000000E+00
  -22826.83    
  0.0000000E+00
  0.0000000E+00
  0.0000000E+00
   374786.0    
  -103393.5    
  0.0000000E+00
  0.0000000E+00
  0.0000000E+00
  0.0000000E+00
  0.0000000E+00
  0.0000000E+00
  0.0000000E+00
  0.0000000E+00
   700383.1    
  0.0000000E+00
  0.0000000E+00
  0.0000000E+00
  0.0000000E+00
  0.0000000E+00
  0.0000000E+00
  0.0000000E+00
   401187.5    
  0.0000000E+00
  0.0000000E+00
  0.0000000E+00
  0.0000000E+00
  0.0000000E+00
  -85481.15    
  0.0000000E+00
  0.0000000E+00
  0.0000000E+00
  0.0000000E+00
  0.0000000E+00
  0.0000000E+00
   48618.05    
  -105027.7    
  0.0000000E+00
  0.0000000E+00
  0.0000000E+00
  0.0000000E+00
  0.0000000E+00
  0.0000000E+00
  0.0000000E+00
  0.0000000E+00
  0.0000000E+00
  0.0000000E+00
   210678.4    
  -101884.8    
  0.0000000E+00
  0.0000000E+00
  0.0000000E+00
  0.0000000E+00
   68518.95    
  -79526.76    
  0.0000000E+00
  0.0000000E+00
  0.0000000E+00
  0.0000000E+00
   2362.263    
  -58658.32    
  0.0000000E+00
  0.0000000E+00
  0.0000000E+00
  0.0000000E+00
   35937.51    
   93533.59    
  -6697.394    
  0.0000000E+00
   5891.538    
   30307.35    
   30008.36    
   28662.04    
  -74327.82    
  0.0000000E+00
   47609.27    
  0.0000000E+00
  0.0000000E+00
  0.0000000E+00
  -20295.43    
  0.0000000E+00
  -48366.76    
  0.0000000E+00
  0.0000000E+00
  -16804.40    
   54211.48    
  0.0000000E+00
  0.0000000E+00
  0.0000000E+00
   149734.2    
   58079.54    
  0.0000000E+00
   167536.8    
  0.0000000E+00
  0.0000000E+00
   122988.9    
   347806.2    
  0.0000000E+00
  -3091.855    
   72992.66    
  0.0000000E+00
  0.0000000E+00
   94056.39    
  -14774.47    
   95490.03    
   201092.5    
   293263.9    
  -15885.61    
   165697.6    
  -7943.439    
   84934.42    
  -5389.090    
  0.0000000E+00
   43701.00    
   35696.05    
  -57501.49    
  0.0000000E+00
  -71049.91    
   30642.80    
  -17249.85    
   17249.19    
   64388.21    
  0.0000000E+00
   167025.0    
  -16960.03    
   87445.02    
  0.0000000E+00
  0.0000000E+00
  0.0000000E+00
  0.0000000E+00
   146165.0    
  0.0000000E+00
  0.0000000E+00
   56010.09    
   60982.18    
  0.0000000E+00
   380139.4    
  0.0000000E+00
   13316.00    
   69470.34    
   100289.1    
   57518.54    
   7267.884    
   91013.73    
   17606.71    
  0.0000000E+00
  0.0000000E+00
   144094.6    
   31519.31    
   86129.45    
   2057.515    
   62035.69    
  0.0000000E+00
  0.0000000E+00
   481840.7    
   82346.20    
   377821.8    
   599490.4    
   68814.31    
   13988.96    
   778901.8    
   72787.34    
   741076.2    
   87220.23    
   749637.6    
   74488.18    
   12211.74    
   787717.9    
   358508.4    
   186606.3    
   139652.4    
  0.0000000E+00
   317126.2    
   824594.8    
  0.0000000E+00
   505531.6    
  0.0000000E+00
  0.0000000E+00
  0.0000000E+00
   354472.6    
  0.0000000E+00
  0.0000000E+00
  0.0000000E+00
   43598.60    
  0.0000000E+00
  0.0000000E+00
  0.0000000E+00
  0.0000000E+00
   277808.7    
  0.0000000E+00
  0.0000000E+00
  0.0000000E+00
  -16062.63    
  0.0000000E+00
  0.0000000E+00
  0.0000000E+00
  -31513.88    
  0.0000000E+00
  0.0000000E+00
  0.0000000E+00
  -46645.57    
   298.5443    
   3628.500    
  -10884.42    
   454.3769    
   120.5878    
   4136.815    
  -28350.44    
   4649.930    
  -20960.51    
  0.0000000E+00
  0.0000000E+00
  0.0000000E+00
   26772.01    
  -5432.296    
  0.0000000E+00
  -9071.712    
  0.0000000E+00
  0.0000000E+00
  -13405.83    
  -2416.195    
   269.4689    
  0.0000000E+00
  0.0000000E+00
  -2520.729    
  -8187.765    
  0.0000000E+00
  0.0000000E+00
   4646.243    
  -18321.45    
  0.0000000E+00
  -13659.13    
  -11360.44    
   2584.535    
   329114.0    
  -14858.65    
   187005.9    
   168103.7    
  -15323.66    
  0.0000000E+00
   194258.0    
  -16353.47    
  0.0000000E+00
  0.0000000E+00
  0.0000000E+00
  0.0000000E+00
  0.0000000E+00
  0.0000000E+00
   337764.3    
  -13318.43    
  0.0000000E+00
   828167.8    
  0.0000000E+00
   620249.2    
   251054.4    
   102411.7    
   620601.0    
   590333.5    
  0.0000000E+00
   149290.5    
   842104.8    
   766367.8    
   700653.4    
   1043022.    
   626948.0    
   471244.2    
   798890.4    
   505056.0    
  0.0000000E+00
   590479.7    
   657421.3    
   227609.1    
   281636.7    
   758064.4    
   268841.4    
   426697.7    
   627338.0    
   168806.6    
  -622.9019    
   308923.7    
  -165105.6    
  -105821.5    
   149596.6    
   545653.1    
   370096.9    
 
 month:           9 year:        1987
  0.0000000E+00
  0.0000000E+00
  0.0000000E+00
  0.0000000E+00
  0.0000000E+00
  0.0000000E+00
  0.0000000E+00
  0.0000000E+00
  0.0000000E+00
  0.0000000E+00
  0.0000000E+00
  0.0000000E+00
  0.0000000E+00
  0.0000000E+00
  0.0000000E+00
  0.0000000E+00
  0.0000000E+00
  0.0000000E+00
  0.0000000E+00
  0.0000000E+00
  0.0000000E+00
  0.0000000E+00
  0.0000000E+00
  0.0000000E+00
  0.0000000E+00
  0.0000000E+00
  0.0000000E+00
   5164.011    
   1033.825    
  0.0000000E+00
  0.0000000E+00
  0.0000000E+00
   4685.142    
   36166.36    
   22792.71    
   5392.736    
   2156.286    
   21724.75    
   20051.52    
   19160.85    
   15350.57    
  0.0000000E+00
  0.0000000E+00
  0.0000000E+00
  0.0000000E+00
   24124.89    
   37222.27    
  0.0000000E+00
   15429.78    
   17734.36    
  0.0000000E+00
  0.0000000E+00
   59098.51    
   10897.49    
  0.0000000E+00
   90164.13    
   247177.7    
   257157.7    
   259880.6    
   168334.6    
   219328.3    
  0.0000000E+00
   239918.7    
  0.0000000E+00
  0.0000000E+00
   266452.0    
  0.0000000E+00
  0.0000000E+00
   156948.4    
  0.0000000E+00
  0.0000000E+00
  0.0000000E+00
  0.0000000E+00
   311996.1    
  0.0000000E+00
  0.0000000E+00
  0.0000000E+00
  0.0000000E+00
  0.0000000E+00
  0.0000000E+00
  0.0000000E+00
   325442.4    
  0.0000000E+00
  0.0000000E+00
  0.0000000E+00
  0.0000000E+00
  0.0000000E+00
   27080.39    
  0.0000000E+00
  0.0000000E+00
  0.0000000E+00
  0.0000000E+00
  0.0000000E+00
  0.0000000E+00
   118961.9    
  0.0000000E+00
  0.0000000E+00
  0.0000000E+00
  0.0000000E+00
  0.0000000E+00
  0.0000000E+00
   224160.7    
   242547.7    
  0.0000000E+00
  0.0000000E+00
  0.0000000E+00
  0.0000000E+00
  0.0000000E+00
  0.0000000E+00
   146135.1    
   220760.7    
  0.0000000E+00
  0.0000000E+00
  0.0000000E+00
  0.0000000E+00
  0.0000000E+00
   340521.4    
   14785.86    
  0.0000000E+00
  0.0000000E+00
  0.0000000E+00
  0.0000000E+00
  -109934.5    
  0.0000000E+00
  0.0000000E+00
   242101.7    
   97897.91    
   45392.50    
  -436667.0    
  0.0000000E+00
  -8466.538    
  0.0000000E+00
  -137424.3    
   50740.74    
   6647.921    
   201799.8    
   135118.3    
   45915.00    
  0.0000000E+00
  -61504.66    
  -59720.67    
   85023.66    
   33181.32    
  -203719.9    
  -516.9922    
  -8854.140    
  -111540.9    
  0.0000000E+00
  0.0000000E+00
   55420.34    
   18423.06    
   64832.85    
   191376.3    
  -464797.4    
  0.0000000E+00
   47185.19    
  0.0000000E+00
  -617811.7    
   63990.61    
   20999.79    
   54064.09    
  -310774.7    
  0.0000000E+00
   21434.56    
   30633.06    
   90596.27    
  0.0000000E+00
   39034.08    
  0.0000000E+00
  -589629.2    
   49167.39    
  -434749.2    
   45518.16    
  -528995.4    
   46513.25    
  0.0000000E+00
  -594098.0    
   50203.01    
  0.0000000E+00
  -251371.2    
  0.0000000E+00
  0.0000000E+00
  0.0000000E+00
   16208.52    
   112064.9    
  0.0000000E+00
  0.0000000E+00
   205000.5    
  -585700.6    
  0.0000000E+00
  0.0000000E+00
   9138.296    
   118157.3    
  0.0000000E+00
  0.0000000E+00
  0.0000000E+00
  -330481.0    
  0.0000000E+00
  -48064.68    
  -259208.5    
  -498390.6    
  0.0000000E+00
  -89400.38    
   96068.83    
   69690.80    
  0.0000000E+00
  -153537.3    
  0.0000000E+00
  -349766.1    
  -94846.73    
  0.0000000E+00
  0.0000000E+00
   84964.24    
   86844.42    
  0.0000000E+00
  -214877.9    
  -230003.6    
  0.0000000E+00
   123986.5    
  0.0000000E+00
   12526.98    
  -87956.92    
  0.0000000E+00
  -436572.9    
   193711.5    
   36193.98    
  -64677.20    
  -533052.6    
   164415.6    
  0.0000000E+00
   104020.9    
  -347399.8    
  -120612.7    
  -260459.8    
   28797.13    
   134557.8    
  -134909.0    
  -478062.4    
   141032.6    
  -138987.7    
  -319211.1    
  -174859.8    
   135426.5    
   135424.3    
  0.0000000E+00
  -437638.8    
   164376.9    
  0.0000000E+00
  -52610.51    
  -24457.25    
  -330800.2    
  0.0000000E+00
   18021.27    
   183162.3    
   289794.9    
   97389.07    
  0.0000000E+00
  -281265.5    
  0.0000000E+00
  0.0000000E+00
   32972.12    
   3171.793    
   146708.0    
  0.0000000E+00
  -128536.4    
  0.0000000E+00
  0.0000000E+00
   14668.86    
  -36709.33    
  -249123.3    
  0.0000000E+00
  -56642.44    
  -117336.5    
  0.0000000E+00
  0.0000000E+00
   112462.0    
   54768.15    
  -146560.6    
  0.0000000E+00
  -26278.52    
  0.0000000E+00
  0.0000000E+00
  0.0000000E+00
   339237.5    
  -94820.24    
  0.0000000E+00
  0.0000000E+00
  0.0000000E+00
  0.0000000E+00
  0.0000000E+00
  0.0000000E+00
  0.0000000E+00
  0.0000000E+00
   144829.4    
  0.0000000E+00
  0.0000000E+00
  0.0000000E+00
  0.0000000E+00
  0.0000000E+00
  0.0000000E+00
  0.0000000E+00
  -42159.59    
  0.0000000E+00
  0.0000000E+00
  0.0000000E+00
  0.0000000E+00
  0.0000000E+00
  -82292.91    
  0.0000000E+00
  0.0000000E+00
  0.0000000E+00
  0.0000000E+00
  0.0000000E+00
  0.0000000E+00
   44006.63    
  -101116.8    
  0.0000000E+00
  0.0000000E+00
  0.0000000E+00
  0.0000000E+00
  0.0000000E+00
  0.0000000E+00
  0.0000000E+00
  0.0000000E+00
  0.0000000E+00
  0.0000000E+00
   190695.6    
  -99828.08    
  0.0000000E+00
  0.0000000E+00
  0.0000000E+00
  0.0000000E+00
   62019.20    
  -78548.33    
  0.0000000E+00
  0.0000000E+00
  0.0000000E+00
  0.0000000E+00
   2098.530    
  -57207.65    
  0.0000000E+00
  0.0000000E+00
  0.0000000E+00
  0.0000000E+00
   31867.58    
  -12430.28    
  -8077.209    
  0.0000000E+00
   5224.322    
   26875.03    
   26609.89    
   25416.05    
  -74321.21    
  0.0000000E+00
   40649.88    
  0.0000000E+00
  0.0000000E+00
  0.0000000E+00
  -25400.34    
  0.0000000E+00
  -52617.44    
  0.0000000E+00
  0.0000000E+00
  -22510.96    
   46101.77    
  0.0000000E+00
  0.0000000E+00
  0.0000000E+00
  -28188.79    
   49390.42    
  0.0000000E+00
   142472.1    
  0.0000000E+00
  0.0000000E+00
   107025.4    
   301893.9    
  0.0000000E+00
  -6339.479    
   62072.43    
  0.0000000E+00
  0.0000000E+00
   18129.78    
  -14198.25    
   81203.32    
   119355.9    
   44487.33    
  -18925.00    
   143824.7    
  -10083.64    
   72226.98    
  -5969.810    
  0.0000000E+00
   37162.68    
   30355.40    
  -59942.90    
  0.0000000E+00
  -70506.36    
   29614.70    
  -17062.84    
   14668.46    
   54754.79    
  0.0000000E+00
   145071.1    
  -17958.59    
  -45747.56    
  0.0000000E+00
  0.0000000E+00
  0.0000000E+00
  0.0000000E+00
   126953.0    
  0.0000000E+00
  0.0000000E+00
   47630.16    
   51858.34    
  0.0000000E+00
   5290.664    
  0.0000000E+00
   11383.51    
   59388.45    
   85734.60    
   49373.04    
   6180.501    
   77396.73    
   14972.66    
  0.0000000E+00
  0.0000000E+00
  -4067.340    
   26945.07    
   73629.91    
   1773.622    
   53457.46    
  0.0000000E+00
  0.0000000E+00
  -16837.74    
   70395.68    
   328909.5    
   371176.6    
   58827.63    
   11958.81    
   139853.2    
   62224.07    
   645137.6    
   74562.38    
   652590.5    
   63678.07    
   10439.51    
   683554.3    
   308869.7    
   159525.0    
   121573.2    
  0.0000000E+00
   275855.7    
   423965.0    
  0.0000000E+00
   443387.8    
  0.0000000E+00
  0.0000000E+00
  0.0000000E+00
   156903.4    
  0.0000000E+00
  0.0000000E+00
  0.0000000E+00
   38239.12    
  0.0000000E+00
  0.0000000E+00
  0.0000000E+00
  0.0000000E+00
   243661.8    
  0.0000000E+00
  0.0000000E+00
  0.0000000E+00
  -15603.13    
  0.0000000E+00
  0.0000000E+00
  0.0000000E+00
  -30344.47    
  0.0000000E+00
  0.0000000E+00
  0.0000000E+00
  -44811.38    
   317.3096    
   3859.210    
  -10266.28    
   2676.805    
   128.2551    
   4399.845    
  -26682.36    
   4945.586    
  -19751.93    
  0.0000000E+00
  0.0000000E+00
  0.0000000E+00
   25970.88    
  -5249.144    
  0.0000000E+00
  -8795.298    
  0.0000000E+00
  0.0000000E+00
  -12869.97    
  -2175.815    
   567.7162    
  0.0000000E+00
  0.0000000E+00
  -2456.032    
  -7822.558    
  0.0000000E+00
  0.0000000E+00
   4523.885    
  -17357.16    
  0.0000000E+00
  -13634.70    
  -10914.29    
   2514.587    
   118097.6    
  -15625.37    
   70296.70    
   142728.7    
  -16249.30    
  0.0000000E+00
   164935.2    
  -16511.04    
  0.0000000E+00
  0.0000000E+00
  0.0000000E+00
  0.0000000E+00
  0.0000000E+00
  0.0000000E+00
   286779.4    
  -13792.98    
  0.0000000E+00
   126965.7    
  0.0000000E+00
   526623.8    
   213158.2    
   86351.51    
   523996.0    
   501223.8    
  0.0000000E+00
   126617.8    
   713822.9    
   646185.9    
   594245.1    
   884617.9    
   531733.4    
   391406.1    
   663542.4    
   427880.8    
  0.0000000E+00
   490440.7    
   546041.0    
   189047.6    
   233921.8    
   629633.2    
   223294.4    
   354406.6    
   521054.5    
   140207.5    
  -10608.88    
   256585.9    
  -174999.6    
  -106088.9    
   83963.41    
   453208.7    
   293465.4    
 
 month:          10 year:        1987
  0.0000000E+00
  0.0000000E+00
  0.0000000E+00
  0.0000000E+00
  0.0000000E+00
  0.0000000E+00
  0.0000000E+00
  0.0000000E+00
  0.0000000E+00
  0.0000000E+00
  0.0000000E+00
  0.0000000E+00
  0.0000000E+00
  0.0000000E+00
  0.0000000E+00
  0.0000000E+00
  0.0000000E+00
  0.0000000E+00
  0.0000000E+00
  0.0000000E+00
  0.0000000E+00
  0.0000000E+00
  0.0000000E+00
  0.0000000E+00
  0.0000000E+00
  0.0000000E+00
  0.0000000E+00
   2068.205    
   413.0620    
  0.0000000E+00
  0.0000000E+00
  0.0000000E+00
   1504.234    
   11593.19    
   7306.240    
   3925.649    
   863.6003    
   8700.841    
   8030.706    
   7673.989    
   6147.957    
  0.0000000E+00
  0.0000000E+00
  0.0000000E+00
  0.0000000E+00
   7733.274    
   11931.66    
  0.0000000E+00
   7167.158    
   7102.672    
  0.0000000E+00
  0.0000000E+00
   25220.12    
   4789.161    
  0.0000000E+00
   35170.50    
   80083.33    
   83316.81    
   84198.95    
  -54267.35    
  -52313.30    
  0.0000000E+00
   77731.48    
  0.0000000E+00
  0.0000000E+00
   86328.06    
  0.0000000E+00
  0.0000000E+00
   52442.99    
  0.0000000E+00
  0.0000000E+00
  0.0000000E+00
  0.0000000E+00
   110527.5    
  0.0000000E+00
  0.0000000E+00
  0.0000000E+00
  0.0000000E+00
  0.0000000E+00
  0.0000000E+00
  0.0000000E+00
   20202.11    
  0.0000000E+00
  0.0000000E+00
  0.0000000E+00
  0.0000000E+00
  0.0000000E+00
   9593.483    
  0.0000000E+00
  0.0000000E+00
  0.0000000E+00
  0.0000000E+00
  0.0000000E+00
  0.0000000E+00
   42143.38    
  0.0000000E+00
  0.0000000E+00
  0.0000000E+00
  0.0000000E+00
  0.0000000E+00
  0.0000000E+00
   79411.03    
   85924.78    
  0.0000000E+00
  0.0000000E+00
  0.0000000E+00
  0.0000000E+00
  0.0000000E+00
  0.0000000E+00
   51769.71    
   78206.54    
  0.0000000E+00
  0.0000000E+00
  0.0000000E+00
  0.0000000E+00
  0.0000000E+00
  -67877.16    
   18968.92    
  0.0000000E+00
  0.0000000E+00
  0.0000000E+00
  0.0000000E+00
  -122155.6    
  0.0000000E+00
  0.0000000E+00
   85766.77    
   34681.25    
   58240.93    
  -480365.0    
  0.0000000E+00
  -13185.87    
  0.0000000E+00
  -166115.1    
   65102.99    
  -25160.37    
   74738.87    
   47866.91    
   58911.36    
  0.0000000E+00
  -97939.36    
  -52577.67    
   34358.06    
   13408.57    
  -197047.4    
   11456.33    
   249.7021    
  -115246.8    
  0.0000000E+00
  0.0000000E+00
   71107.20    
   11122.96    
   39526.84    
   112258.1    
  -454084.8    
  0.0000000E+00
   60541.05    
  0.0000000E+00
  -631007.1    
   25858.61    
   26943.82    
   69367.04    
  -341154.0    
  0.0000000E+00
   27501.66    
   39303.82    
   42187.36    
  0.0000000E+00
   50082.76    
  0.0000000E+00
  -617143.2    
   63084.32    
  -476117.8    
   58402.18    
  -564565.8    
   59678.91    
  0.0000000E+00
  -612171.1    
   64413.07    
  0.0000000E+00
  -266832.3    
  0.0000000E+00
  0.0000000E+00
  0.0000000E+00
   20796.47    
   83992.26    
  0.0000000E+00
  0.0000000E+00
   98631.43    
  -611190.6    
  0.0000000E+00
  0.0000000E+00
   6591.500    
   85227.45    
  0.0000000E+00
  0.0000000E+00
  0.0000000E+00
  -344484.9    
  0.0000000E+00
  -41372.43    
  -253397.7    
  -488628.4    
  0.0000000E+00
  -90821.26    
   69294.95    
   50268.34    
  0.0000000E+00
  -161239.3    
  0.0000000E+00
  -359421.8    
  -98106.23    
  0.0000000E+00
  0.0000000E+00
   61285.18    
   64957.80    
  0.0000000E+00
  -219505.5    
  -220752.4    
  0.0000000E+00
   92923.09    
  0.0000000E+00
   6316.333    
  -95640.16    
  0.0000000E+00
  -433074.2    
   145179.3    
   18245.44    
  -68758.43    
  -532356.8    
   123223.1    
  0.0000000E+00
   52442.18    
  -362052.8    
  -120290.2    
  -251780.6    
   21582.34    
   100845.9    
  -139501.8    
  -482597.1    
   105698.5    
  -145838.8    
  -320651.2    
  -175431.5    
   101497.0    
   2971.065    
  0.0000000E+00
  -447667.0    
   126699.5    
  0.0000000E+00
  -63749.42    
  -242180.9    
  -330350.2    
  0.0000000E+00
   14193.95    
   144269.8    
   63738.41    
  -118763.0    
  0.0000000E+00
  -279294.4    
  0.0000000E+00
  0.0000000E+00
   25970.32    
   3548.571    
  -51838.13    
  0.0000000E+00
  -124999.2    
  0.0000000E+00
  0.0000000E+00
   8612.184    
  -31595.35    
  -252782.3    
  0.0000000E+00
  -50725.00    
  -115054.0    
  0.0000000E+00
  0.0000000E+00
   66027.19    
   64555.03    
  -148292.4    
  0.0000000E+00
  -22567.11    
  0.0000000E+00
  0.0000000E+00
  0.0000000E+00
   199168.6    
  -93142.07    
  0.0000000E+00
  0.0000000E+00
  0.0000000E+00
  0.0000000E+00
  0.0000000E+00
  0.0000000E+00
  0.0000000E+00
  0.0000000E+00
  -53670.61    
  0.0000000E+00
  0.0000000E+00
  0.0000000E+00
  0.0000000E+00
  0.0000000E+00
  0.0000000E+00
  0.0000000E+00
  -34727.88    
  0.0000000E+00
  0.0000000E+00
  0.0000000E+00
  0.0000000E+00
  0.0000000E+00
  -74423.91    
  0.0000000E+00
  0.0000000E+00
  0.0000000E+00
  0.0000000E+00
  0.0000000E+00
  0.0000000E+00
   25837.63    
  -94906.84    
  0.0000000E+00
  0.0000000E+00
  0.0000000E+00
  0.0000000E+00
  0.0000000E+00
  0.0000000E+00
  0.0000000E+00
  0.0000000E+00
  0.0000000E+00
  0.0000000E+00
   111963.2    
  -95311.80    
  0.0000000E+00
  0.0000000E+00
  0.0000000E+00
  0.0000000E+00
   36411.35    
  -73740.80    
  0.0000000E+00
  0.0000000E+00
  0.0000000E+00
  0.0000000E+00
   749.9901    
  -54250.59    
  0.0000000E+00
  0.0000000E+00
  0.0000000E+00
  0.0000000E+00
   11579.60    
  -13070.49    
  -8079.670    
  0.0000000E+00
   1898.342    
   9765.473    
   9669.135    
   9235.331    
  -71347.30    
  0.0000000E+00
   58801.58    
  0.0000000E+00
  0.0000000E+00
  0.0000000E+00
  -9718.485    
  0.0000000E+00
  -37831.67    
  0.0000000E+00
  0.0000000E+00
  -6962.530    
   33202.83    
  0.0000000E+00
  0.0000000E+00
  0.0000000E+00
  -13483.17    
   35572.16    
  0.0000000E+00
   102611.8    
  0.0000000E+00
  0.0000000E+00
   58399.04    
   82364.37    
  0.0000000E+00
  -9986.812    
   44706.05    
  0.0000000E+00
  0.0000000E+00
   17602.62    
  -15053.57    
   58482.79    
  -42310.25    
   30228.92    
  -21262.59    
   78651.48    
  -10798.76    
   52018.01    
  -7301.596    
  0.0000000E+00
   26764.63    
   21862.02    
  -66710.16    
  0.0000000E+00
  -74692.20    
   30264.31    
  -18653.29    
   10564.25    
   39434.50    
  0.0000000E+00
   79016.27    
  -21051.03    
  -48201.73    
  0.0000000E+00
  0.0000000E+00
  0.0000000E+00
  0.0000000E+00
   69147.81    
  0.0000000E+00
  0.0000000E+00
   34303.32    
   37348.48    
  0.0000000E+00
   4197.828    
  0.0000000E+00
   8413.555    
   43893.99    
   63366.42    
   36587.18    
   4451.208    
   55741.28    
   10783.46    
  0.0000000E+00
  0.0000000E+00
  -5114.297    
   19915.09    
   54419.84    
   1317.788    
   39688.95    
  0.0000000E+00
  0.0000000E+00
  -19056.80    
   52029.44    
   178611.6    
  -37332.37    
   43479.49    
   8838.756    
  -37891.41    
   45989.80    
   167152.2    
   55109.04    
   354384.0    
   47064.45    
   7715.838    
   177092.1    
   202176.8    
   117904.9    
   66019.31    
  0.0000000E+00
   161415.0    
   24000.14    
  0.0000000E+00
   251400.0    
  0.0000000E+00
  0.0000000E+00
  0.0000000E+00
  -41137.47    
  0.0000000E+00
  0.0000000E+00
  0.0000000E+00
   21681.51    
  0.0000000E+00
  0.0000000E+00
  0.0000000E+00
  0.0000000E+00
   138152.2    
  0.0000000E+00
  0.0000000E+00
  0.0000000E+00
  -16709.33    
  0.0000000E+00
  0.0000000E+00
  0.0000000E+00
  -31811.49    
  0.0000000E+00
  0.0000000E+00
  0.0000000E+00
  -46421.98    
   326.8181    
   3977.246    
  -10848.44    
   4395.400    
   132.1779    
   4534.419    
  -27421.04    
   5096.852    
  -20422.38    
  0.0000000E+00
  0.0000000E+00
  0.0000000E+00
   26520.51    
  -5864.536    
  0.0000000E+00
  -9698.060    
  0.0000000E+00
  0.0000000E+00
  -13689.16    
  -2532.668    
   879.0442    
  0.0000000E+00
  0.0000000E+00
  -2620.641    
  -8366.536    
  0.0000000E+00
  0.0000000E+00
   4429.638    
  -18359.26    
  0.0000000E+00
  -14353.42    
  -11480.24    
   2449.951    
   25114.00    
  -17006.81    
  -2005.120    
   81061.40    
  -17616.49    
  0.0000000E+00
   93673.30    
  -18660.74    
  0.0000000E+00
  0.0000000E+00
  0.0000000E+00
  0.0000000E+00
  0.0000000E+00
  0.0000000E+00
   162873.6    
  -15944.00    
  0.0000000E+00
  -2622.854    
  0.0000000E+00
   299090.9    
   121061.1    
   49047.48    
   297627.3    
   284665.2    
  0.0000000E+00
   71753.94    
   404605.1    
   367032.4    
   336757.1    
   501310.5    
   301331.8    
   221106.3    
   374837.0    
   242440.2    
  0.0000000E+00
   277051.2    
   308460.0    
   106793.5    
   132143.0    
   355681.5    
   126139.6    
   200205.2    
   294345.1    
   79203.60    
  -15954.09    
   144946.1    
  -206139.4    
  -116409.4    
   79595.43    
   256018.8    
  -43795.53    
 
 month:          11 year:        1987
  0.0000000E+00
  0.0000000E+00
  0.0000000E+00
  0.0000000E+00
  0.0000000E+00
  0.0000000E+00
  0.0000000E+00
  0.0000000E+00
  0.0000000E+00
  0.0000000E+00
  0.0000000E+00
  0.0000000E+00
  0.0000000E+00
  0.0000000E+00
  0.0000000E+00
  0.0000000E+00
  0.0000000E+00
  0.0000000E+00
  0.0000000E+00
  0.0000000E+00
  0.0000000E+00
  0.0000000E+00
  0.0000000E+00
  0.0000000E+00
  0.0000000E+00
  0.0000000E+00
  0.0000000E+00
   107.7383    
   17.55221    
  0.0000000E+00
  0.0000000E+00
  0.0000000E+00
   52.51911    
   372.5717    
   234.8015    
   665.7134    
   44.98729    
   453.2502    
   418.3410    
   399.7587    
   320.2636    
  0.0000000E+00
  0.0000000E+00
  0.0000000E+00
  0.0000000E+00
   248.5253    
   383.4493    
  0.0000000E+00
   966.5831    
   369.9975    
  0.0000000E+00
  0.0000000E+00
   5514.141    
   601.3403    
  0.0000000E+00
   5956.227    
   12098.30    
   12586.79    
   12720.05    
  -35591.66    
  -35094.86    
  0.0000000E+00
   11743.01    
  0.0000000E+00
  0.0000000E+00
   13041.69    
  0.0000000E+00
  0.0000000E+00
   5586.337    
  0.0000000E+00
  0.0000000E+00
  0.0000000E+00
  0.0000000E+00
  -31370.67    
  0.0000000E+00
  0.0000000E+00
  0.0000000E+00
  0.0000000E+00
  0.0000000E+00
  0.0000000E+00
  0.0000000E+00
   3149.865    
  0.0000000E+00
  0.0000000E+00
  0.0000000E+00
  0.0000000E+00
  0.0000000E+00
   265.4984    
  0.0000000E+00
  0.0000000E+00
  0.0000000E+00
  0.0000000E+00
  0.0000000E+00
  0.0000000E+00
   1166.313    
  0.0000000E+00
  0.0000000E+00
  0.0000000E+00
  0.0000000E+00
  0.0000000E+00
  0.0000000E+00
   2197.691    
  -59570.58    
  0.0000000E+00
  0.0000000E+00
  0.0000000E+00
  0.0000000E+00
  0.0000000E+00
  0.0000000E+00
   1432.721    
   2164.357    
  0.0000000E+00
  0.0000000E+00
  0.0000000E+00
  0.0000000E+00
  0.0000000E+00
  -79076.64    
   14349.32    
  0.0000000E+00
  0.0000000E+00
  0.0000000E+00
  0.0000000E+00
  -111542.5    
  0.0000000E+00
  0.0000000E+00
   2373.586    
   959.7995    
   44086.53    
  -437219.8    
  0.0000000E+00
  -11.30379    
  0.0000000E+00
  -156452.1    
   49280.89    
   11610.19    
   4513.089    
   1324.711    
   44594.02    
  0.0000000E+00
  -50640.65    
  -37883.02    
   4144.062    
   1617.261    
  -175866.4    
   15947.01    
   8777.761    
  -103698.5    
  0.0000000E+00
  0.0000000E+00
   53825.87    
   4453.405    
   16485.63    
   14084.18    
  -395252.8    
  0.0000000E+00
   45827.66    
  0.0000000E+00
  -561796.7    
   3118.909    
   20395.62    
   52508.66    
  -291111.8    
  0.0000000E+00
   20817.88    
   29751.74    
   9682.913    
  0.0000000E+00
   37911.05    
  0.0000000E+00
  -542707.2    
   47752.84    
  -396505.1    
   44208.59    
  -479051.8    
   45175.04    
  0.0000000E+00
  -534833.8    
   48758.66    
  0.0000000E+00
  -211240.8    
  0.0000000E+00
  0.0000000E+00
  0.0000000E+00
   15749.88    
   113996.7    
  0.0000000E+00
  0.0000000E+00
   28277.56    
  -556191.4    
  0.0000000E+00
  0.0000000E+00
   9321.563    
   120526.9    
  0.0000000E+00
  0.0000000E+00
  0.0000000E+00
  -332594.5    
  0.0000000E+00
  -34679.02    
  -235510.2    
  -464539.3    
  0.0000000E+00
  -81591.53    
   97995.48    
   71088.43    
  0.0000000E+00
  -152151.0    
  0.0000000E+00
  -345238.7    
  -94632.22    
  0.0000000E+00
  0.0000000E+00
   86668.20    
   87921.09    
  0.0000000E+00
  -209633.1    
  -199209.6    
  0.0000000E+00
   125415.7    
  0.0000000E+00
   2307.344    
  -94923.24    
  0.0000000E+00
  -404536.0    
   195944.5    
   6669.177    
  -67774.28    
  -498695.0    
   166310.9    
  0.0000000E+00
   19168.93    
  -352332.2    
  -111998.3    
  -228416.2    
   29129.08    
   136108.9    
  -131386.7    
  -455901.9    
   142658.4    
  -141240.7    
  -301643.2    
  -164677.2    
   136987.7    
   10383.41    
  0.0000000E+00
  -428090.7    
   172945.6    
  0.0000000E+00
  -57244.17    
  -234089.8    
  -308707.8    
  0.0000000E+00
   19539.25    
   198608.4    
  -18933.67    
  -113750.9    
  0.0000000E+00
  -259407.0    
  0.0000000E+00
  0.0000000E+00
   35747.80    
   4398.038    
  -50296.75    
  0.0000000E+00
  -113658.4    
  0.0000000E+00
  0.0000000E+00
   2879.830    
  -29146.66    
  -240255.3    
  0.0000000E+00
  -46284.31    
  -105651.2    
  0.0000000E+00
  0.0000000E+00
   22078.85    
   66591.92    
  -140740.7    
  0.0000000E+00
  -20203.65    
  -14768.55    
  0.0000000E+00
  0.0000000E+00
   66600.02    
  -86024.75    
  0.0000000E+00
  0.0000000E+00
  0.0000000E+00
  0.0000000E+00
  0.0000000E+00
  0.0000000E+00
  0.0000000E+00
  0.0000000E+00
  -51886.36    
  0.0000000E+00
  0.0000000E+00
  0.0000000E+00
  0.0000000E+00
  0.0000000E+00
  0.0000000E+00
  0.0000000E+00
  -29839.77    
  0.0000000E+00
  0.0000000E+00
  0.0000000E+00
  0.0000000E+00
  0.0000000E+00
  -66710.95    
  0.0000000E+00
  0.0000000E+00
  0.0000000E+00
  0.0000000E+00
  0.0000000E+00
  0.0000000E+00
   8640.417    
  -87128.21    
  0.0000000E+00
  0.0000000E+00
  0.0000000E+00
  0.0000000E+00
  0.0000000E+00
  0.0000000E+00
  0.0000000E+00
  0.0000000E+00
  0.0000000E+00
  0.0000000E+00
   37441.84    
  -88360.28    
  0.0000000E+00
  0.0000000E+00
  0.0000000E+00
  0.0000000E+00
   12176.49    
  -68480.27    
  0.0000000E+00
  0.0000000E+00
  0.0000000E+00
  0.0000000E+00
   525.4053    
  -50537.70    
  0.0000000E+00
  0.0000000E+00
  0.0000000E+00
  0.0000000E+00
   8212.057    
  -12723.93    
  -7693.519    
  0.0000000E+00
   1346.272    
   6925.507    
   6857.184    
   6549.540    
  -67990.09    
  0.0000000E+00
   60638.96    
  0.0000000E+00
  0.0000000E+00
  0.0000000E+00
  -5960.671    
  0.0000000E+00
  -32982.48    
  0.0000000E+00
  0.0000000E+00
  -3009.627    
   27325.78    
  0.0000000E+00
  0.0000000E+00
  0.0000000E+00
  -9516.515    
   29276.18    
  0.0000000E+00
   84450.36    
  0.0000000E+00
  0.0000000E+00
   17500.83    
   5031.220    
  0.0000000E+00
  -9966.236    
   36793.44    
  0.0000000E+00
  0.0000000E+00
   16578.48    
  -14517.87    
   48131.71    
  -42014.68    
   29473.82    
  -21241.49    
   23357.29    
  -10538.95    
   42811.16    
  -7931.355    
  0.0000000E+00
   22027.47    
   17992.58    
  -68675.73    
  0.0000000E+00
  -73369.54    
   29243.49    
  -18760.41    
   8694.443    
   16334.90    
  0.0000000E+00
   23223.79    
  -21606.48    
  -46987.21    
  0.0000000E+00
  0.0000000E+00
  0.0000000E+00
  0.0000000E+00
   20323.34    
  0.0000000E+00
  0.0000000E+00
   28231.86    
   30738.04    
  0.0000000E+00
   3430.711    
  0.0000000E+00
   7143.461    
   37267.84    
   53800.77    
   31002.97    
   3663.373    
   45875.42    
   8874.771    
  0.0000000E+00
  0.0000000E+00
  -5430.259    
   16908.76    
   46204.74    
   1114.279    
   33541.40    
  0.0000000E+00
  0.0000000E+00
  -19138.67    
   44175.19    
   52115.81    
  -36699.61    
   36915.92    
   7504.475    
  -36833.61    
   39047.28    
  -21385.17    
   46789.90    
   103403.2    
   39959.70    
   6551.072    
  -11803.67    
   131356.9    
   100106.3    
   19263.31    
  0.0000000E+00
   69405.91    
   22655.14    
  0.0000000E+00
   88120.17    
  0.0000000E+00
  0.0000000E+00
  0.0000000E+00
  -40226.70    
  0.0000000E+00
  0.0000000E+00
  0.0000000E+00
   7599.754    
  0.0000000E+00
  0.0000000E+00
  0.0000000E+00
  0.0000000E+00
   48431.07    
  0.0000000E+00
  0.0000000E+00
  0.0000000E+00
  -16198.78    
  0.0000000E+00
  0.0000000E+00
  0.0000000E+00
  -30909.64    
  0.0000000E+00
  0.0000000E+00
  0.0000000E+00
  -44616.94    
   302.2596    
   3679.087    
  -10442.89    
   6015.084    
   122.2690    
   4194.491    
  -25992.25    
   4714.760    
  -19446.11    
  0.0000000E+00
  0.0000000E+00
  0.0000000E+00
   25583.50    
  -5838.894    
  0.0000000E+00
  -9656.893    
  0.0000000E+00
  0.0000000E+00
  -13341.16    
  -2493.018    
   1161.594    
  0.0000000E+00
  0.0000000E+00
  -2527.281    
  -8126.471    
  0.0000000E+00
  0.0000000E+00
   4232.876    
  -17730.58    
  0.0000000E+00
  -13952.20    
  -11098.12    
   2318.910    
   24114.46    
  -16590.39    
  -1951.064    
   28374.26    
  -17237.07    
  0.0000000E+00
   32788.86    
  -18694.51    
  0.0000000E+00
  0.0000000E+00
  0.0000000E+00
  0.0000000E+00
  0.0000000E+00
  0.0000000E+00
   57011.33    
  -15963.44    
  0.0000000E+00
  -3101.575    
  0.0000000E+00
   104692.0    
   42375.52    
   17052.90    
   103617.9    
   99642.54    
  0.0000000E+00
   24871.78    
   140296.7    
   127610.4    
   116728.8    
   173767.2    
   104449.5    
   75669.11    
   128280.3    
   83987.19    
  0.0000000E+00
   94815.12    
   105564.1    
   36547.89    
   45223.25    
   121724.7    
   43168.70    
   68516.16    
   100733.6    
   27105.80    
  -18269.59    
   49604.82    
  -206287.2    
  -117552.1    
   74908.66    
   87617.18    
  -45147.50    
 
 month:          12 year:        1987
  0.0000000E+00
  0.0000000E+00
  0.0000000E+00
  0.0000000E+00
  0.0000000E+00
  0.0000000E+00
  0.0000000E+00
  0.0000000E+00
  0.0000000E+00
  0.0000000E+00
  0.0000000E+00
  0.0000000E+00
  0.0000000E+00
  0.0000000E+00
  0.0000000E+00
  0.0000000E+00
  0.0000000E+00
  0.0000000E+00
  0.0000000E+00
  0.0000000E+00
  0.0000000E+00
  0.0000000E+00
  0.0000000E+00
  0.0000000E+00
  0.0000000E+00
  0.0000000E+00
  0.0000000E+00
   111.3296    
   18.13728    
  0.0000000E+00
  0.0000000E+00
  0.0000000E+00
   65.21122    
   463.2309    
   291.9365    
   687.9039    
   46.48686    
   468.3585    
   432.2857    
   413.0840    
   330.9391    
  0.0000000E+00
  0.0000000E+00
  0.0000000E+00
  0.0000000E+00
   308.9995    
   476.7553    
  0.0000000E+00
   998.8025    
   382.3308    
  0.0000000E+00
  0.0000000E+00
   3520.566    
   621.3849    
  0.0000000E+00
   3642.375    
   8005.867    
   8329.112    
   8417.299    
  -16129.38    
  -14982.87    
  0.0000000E+00
   7770.751    
  0.0000000E+00
  0.0000000E+00
  -58674.31    
  0.0000000E+00
  0.0000000E+00
   4185.571    
  0.0000000E+00
  0.0000000E+00
  0.0000000E+00
  0.0000000E+00
  -87937.01    
  0.0000000E+00
  0.0000000E+00
  0.0000000E+00
  0.0000000E+00
  0.0000000E+00
  0.0000000E+00
  0.0000000E+00
   5018.566    
  0.0000000E+00
  0.0000000E+00
  0.0000000E+00
  0.0000000E+00
  0.0000000E+00
   417.6000    
  0.0000000E+00
  0.0000000E+00
  0.0000000E+00
  0.0000000E+00
  0.0000000E+00
  0.0000000E+00
   1834.483    
  0.0000000E+00
  0.0000000E+00
  0.0000000E+00
  0.0000000E+00
  0.0000000E+00
  0.0000000E+00
   3456.726    
  -98132.83    
  0.0000000E+00
  0.0000000E+00
  -11119.29    
  0.0000000E+00
  0.0000000E+00
  0.0000000E+00
   2253.513    
   3404.296    
  0.0000000E+00
  0.0000000E+00
  0.0000000E+00
  0.0000000E+00
  0.0000000E+00
  -64538.66    
   14827.63    
  0.0000000E+00
  0.0000000E+00
  0.0000000E+00
  0.0000000E+00
  -113315.1    
  0.0000000E+00
  0.0000000E+00
   3733.388    
   1509.659    
   45556.08    
  -441703.0    
  0.0000000E+00
  0.0000000E+00
  0.0000000E+00
  -154829.4    
   50923.59    
   12271.45    
   5072.231    
   2083.625    
   46080.49    
  0.0000000E+00
  -31128.23    
  -28606.39    
   3858.930    
   1505.985    
  -169204.9    
   14849.78    
   15184.82    
  -99520.45    
  0.0000000E+00
  0.0000000E+00
   55620.07    
   3985.759    
   14821.96    
   13115.12    
  -365949.0    
  0.0000000E+00
   47355.25    
  0.0000000E+00
  -536627.8    
   2904.313    
   21075.48    
   54258.95    
  -279192.8    
  0.0000000E+00
   21511.81    
   30743.46    
   8026.952    
  0.0000000E+00
   39174.76    
  0.0000000E+00
  -520664.8    
   49344.60    
  -380362.4    
   45682.21    
  -458813.3    
   46680.88    
  0.0000000E+00
  -514212.2    
   50383.95    
  0.0000000E+00
  -194473.9    
  0.0000000E+00
  0.0000000E+00
  0.0000000E+00
   16274.87    
   117796.6    
  0.0000000E+00
  0.0000000E+00
   23465.46    
  -557011.5    
  0.0000000E+00
  0.0000000E+00
   9632.282    
   124544.5    
  0.0000000E+00
  0.0000000E+00
  0.0000000E+00
  -341221.4    
  0.0000000E+00
  -30438.00    
  -233848.2    
  -471896.5    
  0.0000000E+00
  -78307.70    
   101262.0    
   73458.05    
  0.0000000E+00
  -157567.2    
  0.0000000E+00
  -353387.7    
  -97077.84    
  -3081.295    
  0.0000000E+00
   89557.14    
   90851.79    
  0.0000000E+00
  -213412.6    
  -192659.9    
  0.0000000E+00
   129596.2    
  0.0000000E+00
   1917.095    
  -100881.0    
  0.0000000E+00
  -405365.8    
   202476.0    
   5539.032    
  -73651.10    
  -499455.7    
   171854.6    
  0.0000000E+00
   15912.88    
  -367011.2    
  -110988.4    
  -221738.3    
   30100.05    
   140645.9    
  -137975.1    
  -459581.5    
   147413.7    
  -192494.4    
  -302954.8    
  -164903.3    
   141553.9    
   12034.62    
  0.0000000E+00
  -436429.6    
   178710.5    
  0.0000000E+00
  -59173.57    
  -244766.9    
  -307838.6    
  0.0000000E+00
   20190.56    
   205228.7    
  -19574.15    
  -117372.3    
  0.0000000E+00
  -257002.9    
  0.0000000E+00
  0.0000000E+00
   36939.39    
   3966.454    
  -52896.51    
  0.0000000E+00
  -110321.9    
  0.0000000E+00
  0.0000000E+00
   2430.394    
  -31796.90    
  -244019.0    
  0.0000000E+00
  -48334.46    
  -103614.0    
  0.0000000E+00
  0.0000000E+00
   18633.15    
   69111.23    
  -142354.2    
  0.0000000E+00
  -22374.92    
  -40626.75    
  0.0000000E+00
  0.0000000E+00
   56206.21    
  -84575.41    
  0.0000000E+00
  0.0000000E+00
  0.0000000E+00
  0.0000000E+00
  0.0000000E+00
  0.0000000E+00
  0.0000000E+00
  0.0000000E+00
  -57344.52    
  0.0000000E+00
  0.0000000E+00
  0.0000000E+00
  0.0000000E+00
  0.0000000E+00
  0.0000000E+00
  0.0000000E+00
  -31159.84    
  0.0000000E+00
  0.0000000E+00
  0.0000000E+00
  0.0000000E+00
  0.0000000E+00
  -67653.25    
  0.0000000E+00
  0.0000000E+00
  0.0000000E+00
  0.0000000E+00
  0.0000000E+00
  0.0000000E+00
   7290.540    
  -88886.25    
  0.0000000E+00
  0.0000000E+00
  0.0000000E+00
  0.0000000E+00
  0.0000000E+00
  0.0000000E+00
  0.0000000E+00
  0.0000000E+00
  0.0000000E+00
  0.0000000E+00
   31592.37    
  -90572.79    
  0.0000000E+00
  0.0000000E+00
  0.0000000E+00
  0.0000000E+00
   10276.46    
  -71107.53    
  0.0000000E+00
  0.0000000E+00
  0.0000000E+00
  0.0000000E+00
   542.9188    
  -52322.54    
  0.0000000E+00
  0.0000000E+00
  0.0000000E+00
  0.0000000E+00
   8485.792    
  -13147.32    
  -8018.181    
  0.0000000E+00
   1391.147    
   7156.357    
   7085.756    
   6767.857    
  -70425.40    
  0.0000000E+00
   63093.77    
  0.0000000E+00
  0.0000000E+00
  0.0000000E+00
  -6057.854    
  0.0000000E+00
  -34066.52    
  0.0000000E+00
  0.0000000E+00
  -2988.781    
   24993.41    
  0.0000000E+00
  0.0000000E+00
  0.0000000E+00
  -9718.152    
   26775.21    
  0.0000000E+00
   77236.03    
  0.0000000E+00
  0.0000000E+00
   15175.77    
   5206.299    
  0.0000000E+00
  -10410.03    
   33650.29    
  0.0000000E+00
  0.0000000E+00
   16889.69    
  -15080.58    
   44019.91    
  -44329.01    
   30475.10    
  -22349.61    
   20364.98    
  -10960.82    
   39153.89    
  -9118.607    
  0.0000000E+00
   20145.71    
   16455.51    
  -74821.16    
  0.0000000E+00
  -76508.09    
   30215.18    
  -19757.17    
   7951.696    
  -24823.06    
  0.0000000E+00
   20390.02    
  -22776.67    
  -48746.48    
  0.0000000E+00
  0.0000000E+00
  0.0000000E+00
  0.0000000E+00
   17843.49    
  0.0000000E+00
  0.0000000E+00
   25820.07    
   28112.15    
  0.0000000E+00
   3111.082    
  0.0000000E+00
   6742.800    
   35177.58    
   50783.20    
   29218.84    
   3350.419    
   41956.39    
   8116.591    
  0.0000000E+00
  0.0000000E+00
  -5746.221    
   15960.38    
   43613.22    
   1048.524    
   31541.71    
  0.0000000E+00
  0.0000000E+00
  -20039.29    
   41697.50    
   46147.34    
  -37825.91    
   34845.39    
   7083.567    
  -37746.17    
   36857.21    
  -22130.87    
   44165.56    
   91561.12    
   37718.45    
   6183.638    
  -13131.67    
   122751.9    
   94491.52    
   17057.21    
  0.0000000E+00
   63654.74    
   23382.32    
  0.0000000E+00
   79827.16    
  0.0000000E+00
  0.0000000E+00
  0.0000000E+00
  -41717.97    
  0.0000000E+00
  0.0000000E+00
  0.0000000E+00
   6884.542    
  0.0000000E+00
  0.0000000E+00
  0.0000000E+00
  0.0000000E+00
   17375.20    
  0.0000000E+00
  0.0000000E+00
  0.0000000E+00
  -16468.24    
  0.0000000E+00
  0.0000000E+00
  0.0000000E+00
  -31988.86    
  0.0000000E+00
  0.0000000E+00
  0.0000000E+00
  -45790.06    
   140.7395    
   1701.195    
  -10779.76    
   7922.230    
   56.53670    
   1939.515    
  -26273.15    
   2180.084    
  -19746.05    
  0.0000000E+00
  0.0000000E+00
  0.0000000E+00
   26406.93    
  -6124.609    
  0.0000000E+00
  -10062.69    
  0.0000000E+00
  0.0000000E+00
  -13803.11    
  -2507.887    
   1415.366    
  0.0000000E+00
  0.0000000E+00
  -2567.409    
  -8450.814    
  0.0000000E+00
  0.0000000E+00
   4383.342    
  -18307.27    
  0.0000000E+00
  -14458.09    
  -11484.37    
   2400.368    
   24921.19    
  -17155.53    
  -2028.905    
   26168.04    
  -17907.58    
  0.0000000E+00
   30239.39    
  -19444.84    
  0.0000000E+00
  0.0000000E+00
  0.0000000E+00
  0.0000000E+00
  0.0000000E+00
  0.0000000E+00
   52578.44    
  -16644.15    
  0.0000000E+00
  -3374.649    
  0.0000000E+00
   96551.77    
   39080.66    
   15800.27    
   95922.73    
   91894.92    
  0.0000000E+00
   23004.26    
   129781.0    
   118236.6    
   107964.1    
   160719.8    
   96606.77    
   70544.66    
   119592.9    
   77698.32    
  0.0000000E+00
   88394.09    
   98415.16    
   34072.81    
   42160.67    
   113481.3    
   40245.24    
   63876.12    
   93911.74    
   25270.16    
  -19557.79    
   46245.51    
  -214809.1    
  -122745.8    
   76631.32    
   81683.59    
  -47210.20    
 
 month:           1 year:        1988
  0.0000000E+00
  0.0000000E+00
  0.0000000E+00
  0.0000000E+00
  0.0000000E+00
  0.0000000E+00
  0.0000000E+00
  0.0000000E+00
  0.0000000E+00
  0.0000000E+00
  0.0000000E+00
  0.0000000E+00
  0.0000000E+00
  0.0000000E+00
  0.0000000E+00
  0.0000000E+00
  0.0000000E+00
  0.0000000E+00
  0.0000000E+00
  0.0000000E+00
  0.0000000E+00
  0.0000000E+00
  0.0000000E+00
  0.0000000E+00
  0.0000000E+00
  0.0000000E+00
  0.0000000E+00
   111.3296    
   18.13728    
  0.0000000E+00
  0.0000000E+00
  0.0000000E+00
   220.5803    
   1681.954    
   1059.998    
   652.4451    
   46.48686    
   468.3585    
   432.2857    
   413.0840    
   330.9391    
  0.0000000E+00
  0.0000000E+00
  0.0000000E+00
  0.0000000E+00
   1121.953    
   1731.061    
  0.0000000E+00
   1018.801    
   382.3308    
  0.0000000E+00
  0.0000000E+00
   2886.087    
   641.0513    
  0.0000000E+00
   2745.622    
   6024.459    
   6267.702    
   6334.066    
  -14274.38    
  -12113.47    
  0.0000000E+00
   5847.537    
  0.0000000E+00
  0.0000000E+00
  -54719.66    
  0.0000000E+00
  0.0000000E+00
   3545.818    
  0.0000000E+00
  0.0000000E+00
  0.0000000E+00
  0.0000000E+00
  -87285.06    
  0.0000000E+00
  0.0000000E+00
  0.0000000E+00
  0.0000000E+00
  0.0000000E+00
  0.0000000E+00
  0.0000000E+00
   6196.367    
  0.0000000E+00
  0.0000000E+00
  0.0000000E+00
  0.0000000E+00
  0.0000000E+00
   515.6057    
  0.0000000E+00
  0.0000000E+00
  0.0000000E+00
  0.0000000E+00
  0.0000000E+00
  0.0000000E+00
   2265.014    
  0.0000000E+00
  0.0000000E+00
  0.0000000E+00
  0.0000000E+00
  0.0000000E+00
  0.0000000E+00
   4267.980    
  -93522.88    
  0.0000000E+00
  0.0000000E+00
  -59361.83    
  0.0000000E+00
  0.0000000E+00
  0.0000000E+00
   2782.385    
   4203.245    
  0.0000000E+00
  0.0000000E+00
  0.0000000E+00
  0.0000000E+00
  0.0000000E+00
  -51190.35    
   14827.63    
  0.0000000E+00
  0.0000000E+00
  0.0000000E+00
  0.0000000E+00
  -111245.1    
  0.0000000E+00
  0.0000000E+00
   4609.571    
   1863.958    
   45556.08    
  -435636.8    
  0.0000000E+00
  0.0000000E+00
  0.0000000E+00
  -148052.7    
   50923.59    
   13827.11    
   5407.273    
   2572.627    
   46080.49    
  0.0000000E+00
  -20227.18    
  -20592.29    
   3662.411    
   1429.292    
  -158472.0    
   14093.54    
   15055.56    
  -92615.24    
  0.0000000E+00
  0.0000000E+00
   55620.07    
   4491.035    
   16393.02    
   12447.22    
  -329094.9    
  0.0000000E+00
   47355.25    
  0.0000000E+00
  -499056.4    
   2756.408    
   21075.48    
   54258.95    
  -265616.5    
  0.0000000E+00
   21511.81    
   30743.46    
   7568.694    
  0.0000000E+00
   39174.76    
  0.0000000E+00
  -488233.2    
   49344.60    
  -366252.3    
   45682.21    
  -435983.9    
   46680.88    
  0.0000000E+00
  -483461.9    
   50383.95    
  0.0000000E+00
  -179552.9    
  0.0000000E+00
  0.0000000E+00
  0.0000000E+00
   16274.87    
   117796.6    
  0.0000000E+00
  0.0000000E+00
   21992.08    
  -544653.9    
  0.0000000E+00
  0.0000000E+00
   9632.282    
   124544.5    
  0.0000000E+00
  0.0000000E+00
  0.0000000E+00
  -354695.9    
  0.0000000E+00
  -28870.52    
  -224848.9    
  -464068.1    
  0.0000000E+00
  -72704.06    
   101262.0    
   73458.05    
  0.0000000E+00
  -172583.6    
  0.0000000E+00
  -374416.6    
  -109632.1    
  -11066.28    
  0.0000000E+00
   89557.14    
   90851.79    
  0.0000000E+00
  -209852.8    
  -180719.4    
  0.0000000E+00
   129596.2    
  0.0000000E+00
   1787.013    
  -119134.9    
  0.0000000E+00
  -394396.4    
   202476.0    
   5161.875    
  -98833.48    
  -484274.1    
   171854.6    
  0.0000000E+00
   14835.90    
  -394199.9    
  -105999.9    
  -208499.8    
   30100.05    
   140645.9    
  -140924.9    
  -447894.7    
   147413.7    
  -202123.6    
  -294223.9    
  -159555.6    
   141553.9    
   13385.11    
  0.0000000E+00
  -429868.9    
   178710.5    
  0.0000000E+00
  -59052.14    
  -246004.6    
  -296723.0    
  0.0000000E+00
   20190.56    
   205228.7    
  -19491.77    
  -116979.2    
  0.0000000E+00
  -246002.4    
  0.0000000E+00
  0.0000000E+00
   36939.39    
   3353.331    
  -53679.99    
  0.0000000E+00
  -103697.0    
  0.0000000E+00
  0.0000000E+00
   2312.679    
  -33343.12    
  -240076.5    
  0.0000000E+00
  -48727.22    
  -98292.46    
  0.0000000E+00
  0.0000000E+00
   17730.65    
   69325.63    
  -139024.5    
  0.0000000E+00
  -23756.63    
  -38485.37    
  0.0000000E+00
  0.0000000E+00
   53483.86    
  -80244.00    
  0.0000000E+00
  0.0000000E+00
  0.0000000E+00
  0.0000000E+00
  0.0000000E+00
  0.0000000E+00
  0.0000000E+00
  0.0000000E+00
  -60999.60    
  0.0000000E+00
  0.0000000E+00
  0.0000000E+00
  0.0000000E+00
  0.0000000E+00
  0.0000000E+00
  0.0000000E+00
  -31461.61    
  0.0000000E+00
  0.0000000E+00
  0.0000000E+00
  0.0000000E+00
  0.0000000E+00
  -66331.14    
  0.0000000E+00
  0.0000000E+00
  0.0000000E+00
  0.0000000E+00
  0.0000000E+00
  0.0000000E+00
   6938.306    
  -87669.16    
  0.0000000E+00
  0.0000000E+00
  0.0000000E+00
  0.0000000E+00
  0.0000000E+00
  0.0000000E+00
  0.0000000E+00
  0.0000000E+00
  0.0000000E+00
  0.0000000E+00
   30066.02    
  -89708.72    
  0.0000000E+00
  0.0000000E+00
  0.0000000E+00
  0.0000000E+00
   9777.543    
  -71321.93    
  0.0000000E+00
  0.0000000E+00
  0.0000000E+00
  0.0000000E+00
   257.5516    
  -52415.36    
  0.0000000E+00
  0.0000000E+00
  0.0000000E+00
  0.0000000E+00
   3930.055    
  -13133.66    
  -8084.588    
  0.0000000E+00
   644.2868    
   3314.351    
   3281.653    
   3134.422    
  -70617.05    
  0.0000000E+00
   63503.72    
  0.0000000E+00
  0.0000000E+00
  0.0000000E+00
  -6001.163    
  0.0000000E+00
  -34054.30    
  0.0000000E+00
  0.0000000E+00
  -2908.002    
   24597.55    
  0.0000000E+00
  0.0000000E+00
  0.0000000E+00
  -9601.580    
   26352.85    
  0.0000000E+00
   76017.70    
  0.0000000E+00
  0.0000000E+00
   14621.40    
   5245.461    
  0.0000000E+00
  -10509.96    
   33119.48    
  0.0000000E+00
  0.0000000E+00
   16676.92    
  -15175.12    
   43324.95    
  -45088.89    
   30392.12    
  -22713.69    
   19671.37    
  -11019.98    
   38535.75    
  -10078.73    
  0.0000000E+00
   19827.66    
   16195.72    
  -78506.24    
  0.0000000E+00
  -76367.65    
   30204.26    
  -20138.44    
   7826.159    
  -24150.22    
  0.0000000E+00
   19679.46    
  -23194.83    
  -48784.75    
  0.0000000E+00
  0.0000000E+00
  0.0000000E+00
  0.0000000E+00
   17221.66    
  0.0000000E+00
  0.0000000E+00
   25412.44    
   27668.33    
  0.0000000E+00
   2654.464    
  0.0000000E+00
   6624.153    
   34558.58    
   49889.62    
   28709.88    
   3297.525    
   41294.00    
   7988.299    
  0.0000000E+00
  0.0000000E+00
  -5847.973    
   15679.54    
  -28912.94    
   1030.532    
   31001.88    
  0.0000000E+00
  0.0000000E+00
  -20251.03    
   40963.78    
   44616.00    
  -37705.69    
   34232.24    
   6958.921    
  -37433.77    
   36208.66    
  -22138.69    
   43388.42    
   88522.79    
   37054.75    
   6074.828    
  -14008.01    
   120302.2    
   92828.84    
   16491.20    
  0.0000000E+00
   61803.02    
   23397.10    
  0.0000000E+00
   76858.25    
  0.0000000E+00
  0.0000000E+00
  0.0000000E+00
  -41828.07    
  0.0000000E+00
  0.0000000E+00
  0.0000000E+00
   6628.492    
  0.0000000E+00
  0.0000000E+00
  0.0000000E+00
  0.0000000E+00
  -33235.04    
  0.0000000E+00
  0.0000000E+00
  0.0000000E+00
  -16110.85    
  0.0000000E+00
  0.0000000E+00
  0.0000000E+00
  -32048.98    
  0.0000000E+00
  0.0000000E+00
  0.0000000E+00
  -45394.70    
   142.3138    
   1731.087    
  -10799.39    
   9548.097    
   57.53011    
   1973.595    
  -25666.26    
   2218.393    
  -19384.35    
  0.0000000E+00
  0.0000000E+00
  0.0000000E+00
   26382.60    
  -6223.512    
  0.0000000E+00
  -10142.09    
  0.0000000E+00
  0.0000000E+00
  -13843.14    
  -2443.455    
   1606.349    
  0.0000000E+00
  0.0000000E+00
  -2512.540    
  -8486.570    
  0.0000000E+00
  0.0000000E+00
   4386.648    
  -18335.63    
  0.0000000E+00
  -14534.85    
  -11488.51    
   2406.566    
   24922.46    
  -17172.05    
  -2034.671    
   25375.61    
  -17959.92    
  0.0000000E+00
   29323.67    
  -19591.15    
  0.0000000E+00
  0.0000000E+00
  0.0000000E+00
  0.0000000E+00
  0.0000000E+00
  0.0000000E+00
   50986.24    
  -16823.08    
  0.0000000E+00
  -3522.985    
  0.0000000E+00
   93627.95    
   37897.20    
   15337.88    
   93084.49    
   89112.11    
  0.0000000E+00
   22397.43    
   126326.4    
   114776.5    
   105116.1    
   156480.1    
   94058.34    
   68825.30    
   116678.1    
   75661.51    
  0.0000000E+00
   86239.68    
   96016.52    
   33242.36    
   41133.08    
   110715.5    
   39264.35    
   62319.29    
  -17498.66    
   24654.25    
  -20115.46    
   45118.37    
  -215981.4    
  -123852.0    
   75987.63    
   79692.73    
  -47638.25    
 
 month:           2 year:        1988
  0.0000000E+00
  0.0000000E+00
  0.0000000E+00
  0.0000000E+00
  0.0000000E+00
  0.0000000E+00
  0.0000000E+00
  0.0000000E+00
  0.0000000E+00
  0.0000000E+00
  0.0000000E+00
  0.0000000E+00
  0.0000000E+00
  0.0000000E+00
  0.0000000E+00
  0.0000000E+00
  0.0000000E+00
  0.0000000E+00
  0.0000000E+00
  0.0000000E+00
  0.0000000E+00
  0.0000000E+00
  0.0000000E+00
  0.0000000E+00
  0.0000000E+00
  0.0000000E+00
  0.0000000E+00
   100.5558    
   16.38206    
  0.0000000E+00
  0.0000000E+00
  0.0000000E+00
   294.9822    
   2306.633    
   1453.682    
   321.6471    
   41.98813    
   423.0335    
   390.4516    
   373.1081    
   298.9128    
  0.0000000E+00
  0.0000000E+00
  0.0000000E+00
  0.0000000E+00
   1538.647    
   2373.977    
  0.0000000E+00
   1447.653    
   345.3310    
  0.0000000E+00
  0.0000000E+00
   3958.871    
   998.4515    
  0.0000000E+00
   3615.806    
   7645.796    
   7954.504    
   8038.726    
  -12810.65    
  -10048.95    
  0.0000000E+00
   7421.259    
  0.0000000E+00
  0.0000000E+00
  -47801.80    
  0.0000000E+00
  0.0000000E+00
   3886.602    
  0.0000000E+00
  0.0000000E+00
  0.0000000E+00
  0.0000000E+00
  -78059.00    
  0.0000000E+00
  0.0000000E+00
  0.0000000E+00
  0.0000000E+00
  0.0000000E+00
  0.0000000E+00
  0.0000000E+00
   4161.737    
  0.0000000E+00
  0.0000000E+00
  0.0000000E+00
  0.0000000E+00
  0.0000000E+00
   346.3024    
  0.0000000E+00
  0.0000000E+00
  0.0000000E+00
  0.0000000E+00
  0.0000000E+00
  0.0000000E+00
   1521.278    
  0.0000000E+00
  0.0000000E+00
  0.0000000E+00
  0.0000000E+00
  0.0000000E+00
  0.0000000E+00
   2866.553    
  -80832.32    
  0.0000000E+00
  0.0000000E+00
  -51460.83    
  0.0000000E+00
  0.0000000E+00
  0.0000000E+00
   1868.767    
   2823.074    
  0.0000000E+00
  0.0000000E+00
  0.0000000E+00
  0.0000000E+00
  0.0000000E+00
  -37181.73    
   13392.70    
  0.0000000E+00
  0.0000000E+00
  0.0000000E+00
  0.0000000E+00
  -98486.00    
  0.0000000E+00
  0.0000000E+00
   3095.980    
   1251.912    
   41147.43    
  -388164.8    
  0.0000000E+00
  0.0000000E+00
  0.0000000E+00
  -127853.4    
   45995.50    
   15603.19    
   4120.356    
   1727.884    
   41621.08    
  0.0000000E+00
  -11312.62    
  -13363.27    
   3088.573    
   1205.346    
  -135256.6    
   11885.32    
   12696.61    
  -78322.60    
  0.0000000E+00
  0.0000000E+00
   50237.48    
   5067.904    
   18160.67    
   10496.95    
  -270006.8    
  0.0000000E+00
   42772.48    
  0.0000000E+00
  -422343.9    
   2324.525    
   19035.92    
   49008.09    
  -230217.7    
  0.0000000E+00
   19430.03    
   27768.29    
   6497.772    
  0.0000000E+00
   35383.65    
  0.0000000E+00
  -415629.2    
   44569.32    
  -319917.3    
   41261.35    
  -376505.7    
   42163.37    
  0.0000000E+00
  -412229.2    
   45508.09    
  0.0000000E+00
  -151474.5    
  0.0000000E+00
  0.0000000E+00
  0.0000000E+00
   14699.88    
   106396.9    
  0.0000000E+00
  0.0000000E+00
   18835.18    
  -482050.6    
  0.0000000E+00
  0.0000000E+00
   8700.126    
   112491.8    
  0.0000000E+00
  0.0000000E+00
  0.0000000E+00
  -305211.1    
  0.0000000E+00
  -18976.87    
  -195662.5    
  -412842.7    
  0.0000000E+00
  -61258.31    
   91462.45    
   66349.20    
  0.0000000E+00
  -146237.9    
  0.0000000E+00
  -317870.8    
  -99698.48    
  -8825.337    
  0.0000000E+00
   80890.33    
   82059.68    
  0.0000000E+00
  -186267.8    
  -154014.6    
  0.0000000E+00
   117054.7    
  0.0000000E+00
   1527.660    
  -116237.6    
  0.0000000E+00
  -348066.1    
   182881.6    
   4412.904    
  -74514.75    
  -425006.2    
   155223.5    
  0.0000000E+00
   12691.37    
  -369569.0    
  -91335.67    
  -177913.8    
   27187.14    
   127035.0    
  -158271.4    
  -394565.7    
   133147.8    
  -190674.4    
  -258353.1    
  -139530.6    
   127855.2    
   13270.94    
  0.0000000E+00
  -382257.0    
   161415.9    
  0.0000000E+00
  -53161.77    
  -222436.5    
  -258672.5    
  0.0000000E+00
   18236.63    
   185367.9    
  -17513.47    
  -105184.7    
  0.0000000E+00
  -212982.1    
  0.0000000E+00
  0.0000000E+00
   33364.61    
   2497.017    
  -49084.80    
  0.0000000E+00
  -88345.69    
  0.0000000E+00
  0.0000000E+00
   1961.012    
  -31369.73    
  -213590.1    
  0.0000000E+00
  -44307.46    
  -84481.66    
  0.0000000E+00
  0.0000000E+00
   15034.53    
   62705.75    
  -122858.4    
  0.0000000E+00
  -22606.07    
  -32879.57    
  0.0000000E+00
  0.0000000E+00
   22173.48    
  -69097.05    
  0.0000000E+00
  0.0000000E+00
  0.0000000E+00
  0.0000000E+00
  0.0000000E+00
  0.0000000E+00
  0.0000000E+00
  0.0000000E+00
  -58131.24    
  0.0000000E+00
  0.0000000E+00
  0.0000000E+00
  0.0000000E+00
  0.0000000E+00
  0.0000000E+00
  0.0000000E+00
  -28665.48    
  0.0000000E+00
  0.0000000E+00
  0.0000000E+00
  0.0000000E+00
  0.0000000E+00
  -58776.24    
  0.0000000E+00
  0.0000000E+00
  0.0000000E+00
  0.0000000E+00
  0.0000000E+00
  0.0000000E+00
   5882.392    
  -78127.08    
  0.0000000E+00
  0.0000000E+00
  0.0000000E+00
  0.0000000E+00
  0.0000000E+00
  0.0000000E+00
  0.0000000E+00
  0.0000000E+00
  0.0000000E+00
  0.0000000E+00
   25490.39    
  -80251.41    
  0.0000000E+00
  0.0000000E+00
  0.0000000E+00
  0.0000000E+00
   8290.747    
  -64563.59    
  0.0000000E+00
  0.0000000E+00
  0.0000000E+00
  0.0000000E+00
   139.0779    
  -47402.96    
  0.0000000E+00
  0.0000000E+00
  0.0000000E+00
  0.0000000E+00
   2075.574    
  -11839.59    
  -7331.961    
  0.0000000E+00
   340.2664    
   1750.403    
   1733.134    
   1655.379    
  -63866.28    
  0.0000000E+00
   57705.07    
  0.0000000E+00
  0.0000000E+00
  0.0000000E+00
  -5334.369    
  0.0000000E+00
  -30707.49    
  0.0000000E+00
  0.0000000E+00
  -2530.170    
   26157.72    
  0.0000000E+00
  0.0000000E+00
  0.0000000E+00
  -8552.418    
   28023.62    
  0.0000000E+00
   80837.21    
  0.0000000E+00
  0.0000000E+00
   12427.82    
   4793.942    
  0.0000000E+00
  -9554.771    
   35219.26    
  0.0000000E+00
  0.0000000E+00
   14896.97    
  -13757.09    
   46075.24    
  -41178.21    
   27678.73    
  -20777.14    
   16759.19    
  -10001.32    
   40982.02    
  -9900.642    
  0.0000000E+00
   21086.33    
   17223.83    
  -73839.71    
  0.0000000E+00
  -68689.91    
   27301.93    
  -18542.54    
   8322.966    
  -21102.18    
  0.0000000E+00
   16787.71    
  -21253.86    
  -43923.80    
  0.0000000E+00
  0.0000000E+00
  0.0000000E+00
  0.0000000E+00
   14691.07    
  0.0000000E+00
  0.0000000E+00
   27025.63    
   29424.73    
  0.0000000E+00
   2018.245    
  0.0000000E+00
   6776.079    
   35351.18    
   1399.528    
   29419.83    
   3506.853    
  -1931.898    
   8495.494    
  0.0000000E+00
  0.0000000E+00
  -5384.738    
   16039.14    
  -60300.36    
   1057.900    
   27247.76    
  0.0000000E+00
  0.0000000E+00
  -18497.80    
   41903.28    
   38142.41    
  -33928.17    
   35017.36    
   7118.525    
  -33553.36    
   37039.09    
  -20055.44    
   44383.52    
   44018.75    
   37904.59    
   6214.154    
  -13458.61    
   120023.6    
   94957.85    
   14098.39    
  0.0000000E+00
   56960.16    
   21156.42    
  0.0000000E+00
   66001.36    
  0.0000000E+00
  0.0000000E+00
  0.0000000E+00
  -37872.20    
  0.0000000E+00
  0.0000000E+00
  0.0000000E+00
   5692.161    
  0.0000000E+00
  0.0000000E+00
  0.0000000E+00
  0.0000000E+00
  -30242.32    
  0.0000000E+00
  0.0000000E+00
  0.0000000E+00
  -14165.07    
  0.0000000E+00
  0.0000000E+00
  0.0000000E+00
  -28979.66    
  0.0000000E+00
  0.0000000E+00
  0.0000000E+00
  -40630.98    
   127.8936    
   1556.713    
  -9736.454    
   9937.562    
   51.73507    
   1774.794    
  -22635.27    
   1994.933    
  -17170.09    
  0.0000000E+00
  0.0000000E+00
  0.0000000E+00
   23845.34    
  -5648.415    
  0.0000000E+00
  -9251.089    
  0.0000000E+00
  0.0000000E+00
  -12531.20    
  -2121.296    
   1622.046    
  0.0000000E+00
  0.0000000E+00
  -2203.796    
  -7669.326    
  0.0000000E+00
  0.0000000E+00
   3983.202    
  -16539.41    
  0.0000000E+00
  -13142.77    
  -10366.92    
   2184.326    
   22535.24    
  -15506.40    
  -1829.978    
   21811.04    
  -16252.57    
  0.0000000E+00
   25204.50    
  -17805.37    
  0.0000000E+00
  0.0000000E+00
  0.0000000E+00
  0.0000000E+00
  0.0000000E+00
  0.0000000E+00
   43824.08    
  -15321.65    
  0.0000000E+00
  -3303.852    
  0.0000000E+00
   80475.80    
   32573.68    
   13205.89    
   80124.70    
   76594.32    
  0.0000000E+00
   19404.75    
   109378.3    
   98822.39    
   91070.80    
   60020.95    
   81490.57    
   59662.35    
   101144.3    
   65556.91    
  0.0000000E+00
   74758.27    
   83233.48    
   28816.68    
   35656.89    
   95975.52    
   34036.95    
   54022.51    
  -19070.35    
   21371.94    
  -18641.37    
   39111.61    
  -195915.9    
  -112777.8    
   68125.26    
   69082.97    
  -43355.88    
 
 month:           3 year:        1988
  0.0000000E+00
  0.0000000E+00
  0.0000000E+00
  0.0000000E+00
  0.0000000E+00
  0.0000000E+00
  0.0000000E+00
  0.0000000E+00
  0.0000000E+00
  0.0000000E+00
  0.0000000E+00
  0.0000000E+00
  0.0000000E+00
  0.0000000E+00
  0.0000000E+00
  0.0000000E+00
  0.0000000E+00
  0.0000000E+00
  0.0000000E+00
  0.0000000E+00
  0.0000000E+00
  0.0000000E+00
  0.0000000E+00
  0.0000000E+00
  0.0000000E+00
  0.0000000E+00
  0.0000000E+00
   111.3296    
   18.13728    
  0.0000000E+00
  0.0000000E+00
  0.0000000E+00
   257.7812    
   2001.952    
   1261.667    
   226.4798    
   46.48686    
   468.3585    
   432.2857    
   413.0840    
   330.9391    
  0.0000000E+00
  0.0000000E+00
  0.0000000E+00
  0.0000000E+00
   1335.409    
   2060.402    
  0.0000000E+00
   1532.090    
   382.3308    
  0.0000000E+00
  0.0000000E+00
   3242.208    
   1066.906    
  0.0000000E+00
   2594.317    
   5191.159    
   5400.756    
   5457.943    
  -13437.08    
  -9574.067    
  0.0000000E+00
   5038.705    
  0.0000000E+00
  0.0000000E+00
  -50809.37    
  0.0000000E+00
  0.0000000E+00
   2866.343    
  0.0000000E+00
  0.0000000E+00
  0.0000000E+00
  0.0000000E+00
  -85360.58    
  0.0000000E+00
  0.0000000E+00
  0.0000000E+00
  0.0000000E+00
  0.0000000E+00
  0.0000000E+00
  0.0000000E+00
   4248.780    
  0.0000000E+00
  0.0000000E+00
  0.0000000E+00
  0.0000000E+00
  0.0000000E+00
   353.5453    
  0.0000000E+00
  0.0000000E+00
  0.0000000E+00
  0.0000000E+00
  0.0000000E+00
  0.0000000E+00
   1553.096    
  0.0000000E+00
  0.0000000E+00
  0.0000000E+00
  0.0000000E+00
  0.0000000E+00
  0.0000000E+00
   2926.508    
  -85689.61    
  0.0000000E+00
  0.0000000E+00
  -54821.27    
  0.0000000E+00
  0.0000000E+00
  0.0000000E+00
   1907.852    
   2882.119    
  0.0000000E+00
  0.0000000E+00
  0.0000000E+00
  0.0000000E+00
  0.0000000E+00
  -33185.78    
   14827.63    
  0.0000000E+00
  0.0000000E+00
  0.0000000E+00
  0.0000000E+00
  -106620.6    
  0.0000000E+00
  0.0000000E+00
   3160.734    
   1278.096    
   45556.08    
  -423472.1    
  0.0000000E+00
  0.0000000E+00
  0.0000000E+00
  -134996.4    
   50923.59    
   14324.46    
   4275.675    
   1764.023    
   46080.49    
  0.0000000E+00
  -6410.852    
  -10291.84    
   3255.079    
   1270.326    
  -142180.9    
   12526.06    
   13381.09    
  -81228.64    
  0.0000000E+00
  0.0000000E+00
   55620.07    
   4652.577    
   16779.70    
   11062.84    
  -272774.8    
  0.0000000E+00
   47355.25    
  0.0000000E+00
  -439424.0    
   2449.841    
   21075.48    
   54258.95    
  -245702.4    
  0.0000000E+00
   21511.81    
   30743.46    
   6669.177    
  0.0000000E+00
   39174.76    
  0.0000000E+00
  -434419.3    
   49344.60    
  -344671.2    
   45682.21    
  -405627.8    
   46680.88    
  0.0000000E+00
  -431345.8    
   50383.95    
  0.0000000E+00
  -157384.2    
  0.0000000E+00
  0.0000000E+00
  0.0000000E+00
   16274.87    
   117796.6    
  0.0000000E+00
  0.0000000E+00
   19645.07    
  -522752.8    
  0.0000000E+00
  0.0000000E+00
   9632.282    
   124544.5    
  0.0000000E+00
  0.0000000E+00
  0.0000000E+00
  -334029.5    
  0.0000000E+00
  -16019.64    
  -208712.6    
  -450127.1    
  0.0000000E+00
  -63359.75    
   101262.0    
   73458.05    
  0.0000000E+00
  -162208.3    
  0.0000000E+00
  -347890.4    
  -114852.8    
  -8704.820    
  0.0000000E+00
   89557.14    
   90851.79    
  0.0000000E+00
  -202359.8    
  -161301.0    
  0.0000000E+00
   129596.2    
  0.0000000E+00
   1615.466    
  -137858.5    
  0.0000000E+00
  -377430.2    
   202476.0    
   4665.013    
  -82673.20    
  -457402.7    
   171854.6    
  0.0000000E+00
   13410.40    
  -420878.0    
  -96134.29    
  -186399.1    
   30100.05    
   140645.9    
  -187794.8    
  -425879.1    
   147413.7    
  -215804.5    
  -277930.8    
  -149427.5    
   141553.9    
   15932.93    
  0.0000000E+00
  -416232.0    
   178710.5    
  0.0000000E+00
  -58674.36    
  -246471.1    
  -276326.0    
  0.0000000E+00
   20190.56    
   205228.7    
  -19327.01    
  -115858.2    
  0.0000000E+00
  -225904.6    
  0.0000000E+00
  0.0000000E+00
   36939.39    
  -2332.604    
  -56066.07    
  0.0000000E+00
  -92402.88    
  0.0000000E+00
  0.0000000E+00
   2760.198    
  -38655.64    
  -233020.7    
  0.0000000E+00
  -51979.19    
  -89066.32    
  0.0000000E+00
  0.0000000E+00
   21161.66    
   66699.11    
  -133162.0    
  0.0000000E+00
  -28605.62    
  -34297.37    
  0.0000000E+00
  0.0000000E+00
  -31766.62    
  -73111.76    
  0.0000000E+00
  0.0000000E+00
  0.0000000E+00
  0.0000000E+00
  0.0000000E+00
  0.0000000E+00
  0.0000000E+00
  0.0000000E+00
  -70323.63    
  0.0000000E+00
  0.0000000E+00
  0.0000000E+00
  0.0000000E+00
  0.0000000E+00
  0.0000000E+00
  0.0000000E+00
  -34750.45    
  0.0000000E+00
  0.0000000E+00
  0.0000000E+00
  0.0000000E+00
  0.0000000E+00
  -66569.30    
  0.0000000E+00
  0.0000000E+00
  0.0000000E+00
  0.0000000E+00
  0.0000000E+00
  0.0000000E+00
   8279.561    
  -88007.23    
  0.0000000E+00
  0.0000000E+00
  0.0000000E+00
  0.0000000E+00
  0.0000000E+00
  0.0000000E+00
  0.0000000E+00
  0.0000000E+00
  0.0000000E+00
  0.0000000E+00
   35878.13    
  -90608.07    
  0.0000000E+00
  0.0000000E+00
  0.0000000E+00
  0.0000000E+00
   11669.79    
  -74311.54    
  0.0000000E+00
  0.0000000E+00
  0.0000000E+00
  0.0000000E+00
   149.3799    
  -60347.69    
  0.0000000E+00
  0.0000000E+00
  0.0000000E+00
  0.0000000E+00
   2173.337    
  -15079.90    
  -29529.53    
  0.0000000E+00
   356.2935    
   1832.850    
   1814.768    
   1733.349    
  -81002.57    
  0.0000000E+00
   35750.18    
  0.0000000E+00
  0.0000000E+00
  0.0000000E+00
  -34398.03    
  0.0000000E+00
  -62694.48    
  0.0000000E+00
  0.0000000E+00
  -31550.27    
   25503.96    
  0.0000000E+00
  0.0000000E+00
  0.0000000E+00
  -38136.95    
   27322.68    
  0.0000000E+00
   78815.28    
  0.0000000E+00
  0.0000000E+00
   31992.40    
  -44500.04    
  0.0000000E+00
  -62392.58    
   34338.35    
  0.0000000E+00
  0.0000000E+00
  -35030.59    
  -66890.26    
   44919.45    
  -46722.34    
   12017.99    
  -74871.57    
   55755.68    
  -15007.13    
   13883.57    
  -11678.94    
  0.0000000E+00
   20557.38    
   16791.78    
  -84440.77    
  0.0000000E+00
  -76089.52    
   30422.62    
  -20394.43    
   8114.185    
  -22899.59    
  0.0000000E+00
   57454.64    
  -23204.19    
  -48802.43    
  0.0000000E+00
  0.0000000E+00
  0.0000000E+00
  0.0000000E+00
   50279.06    
  0.0000000E+00
  0.0000000E+00
   26347.69    
   28686.61    
  0.0000000E+00
   1933.010    
  0.0000000E+00
   6900.653    
   36001.10    
  -22084.66    
   29869.11    
   3418.883    
  -8978.700    
   8282.546    
  0.0000000E+00
  0.0000000E+00
  -5593.596    
   16334.02    
  -66256.88    
   1070.670    
  -18255.46    
  0.0000000E+00
  0.0000000E+00
  -20397.84    
  -8813.046    
   128864.5    
  -36893.66    
   35661.14    
   7249.396    
  -36625.36    
   37720.04    
  -21990.07    
   45199.50    
   8893.424    
   38601.46    
   6328.399    
  -15494.42    
   158689.1    
   96703.62    
   47631.57    
  0.0000000E+00
   121501.6    
   15291.63    
  0.0000000E+00
   188199.9    
  0.0000000E+00
  0.0000000E+00
  0.0000000E+00
  -50142.63    
  0.0000000E+00
  0.0000000E+00
  0.0000000E+00
   16230.94    
  0.0000000E+00
  0.0000000E+00
  0.0000000E+00
  0.0000000E+00
  -44627.04    
  0.0000000E+00
  0.0000000E+00
  0.0000000E+00
  -20989.49    
  0.0000000E+00
  0.0000000E+00
  0.0000000E+00
  -32100.08    
  0.0000000E+00
  0.0000000E+00
  0.0000000E+00
  -44519.73    
   550.1754    
   6691.340    
  -10828.82    
   12432.00    
   222.3768    
   7628.729    
  -24428.20    
   8574.968    
  -18537.47    
  0.0000000E+00
  0.0000000E+00
  0.0000000E+00
  -681.4702    
  -42784.36    
  0.0000000E+00
  -10089.16    
  0.0000000E+00
  0.0000000E+00
  -39684.71    
  -20263.82    
   1881.051    
  0.0000000E+00
  0.0000000E+00
  -27906.55    
  -34403.42    
  0.0000000E+00
  0.0000000E+00
  -21324.77    
  -44399.73    
  0.0000000E+00
  -41242.54    
  -37311.83    
  -23362.64    
  -7731.189    
  -45170.83    
  -29042.54    
   68445.44    
  -51210.79    
  0.0000000E+00
   79094.52    
  -72211.91    
  0.0000000E+00
  0.0000000E+00
  0.0000000E+00
  0.0000000E+00
  0.0000000E+00
  0.0000000E+00
   137524.8    
  -69805.07    
  0.0000000E+00
  -56367.76    
  0.0000000E+00
   252542.0    
   102219.8    
   44325.01    
   265518.5    
   240361.4    
  0.0000000E+00
   65623.90    
   369620.8    
   331693.1    
   307987.5    
  -34130.72    
   275588.7    
   212008.6    
   359413.8    
   222293.8    
  0.0000000E+00
   265651.6    
   295768.1    
   102399.3    
   126705.9    
   110244.9    
   120949.4    
   191967.6    
  -43250.78    
   75944.64    
  -41271.27    
   138982.1    
  -232611.9    
  -143280.4    
   59646.76    
   245484.5    
  -66210.62    
 
 month:           4 year:        1988
  0.0000000E+00
  0.0000000E+00
  0.0000000E+00
  0.0000000E+00
  0.0000000E+00
  0.0000000E+00
  0.0000000E+00
  0.0000000E+00
  0.0000000E+00
  0.0000000E+00
  0.0000000E+00
  0.0000000E+00
  0.0000000E+00
  0.0000000E+00
  0.0000000E+00
  0.0000000E+00
  0.0000000E+00
  0.0000000E+00
  0.0000000E+00
  0.0000000E+00
  0.0000000E+00
  0.0000000E+00
  0.0000000E+00
  0.0000000E+00
  0.0000000E+00
  0.0000000E+00
  0.0000000E+00
   107.7383    
   17.55221    
  0.0000000E+00
  0.0000000E+00
  0.0000000E+00
   249.4657    
   1937.373    
   1220.968    
   250.5004    
   44.98729    
   453.2502    
   418.3410    
   399.7587    
   320.2636    
  0.0000000E+00
  0.0000000E+00
  0.0000000E+00
  0.0000000E+00
   1292.331    
   1993.937    
  0.0000000E+00
   1787.623    
   369.9975    
  0.0000000E+00
  0.0000000E+00
   2924.968    
   1251.846    
  0.0000000E+00
   2546.342    
   5431.889    
   5651.207    
   5711.043    
  -12200.43    
  -7694.668    
  0.0000000E+00
   5272.369    
  0.0000000E+00
  0.0000000E+00
  -47060.99    
  0.0000000E+00
  0.0000000E+00
   2962.515    
  0.0000000E+00
  0.0000000E+00
  0.0000000E+00
  0.0000000E+00
  -81490.75    
  0.0000000E+00
  0.0000000E+00
  0.0000000E+00
  0.0000000E+00
  0.0000000E+00
  0.0000000E+00
  0.0000000E+00
   4172.619    
  0.0000000E+00
  0.0000000E+00
  0.0000000E+00
  0.0000000E+00
  0.0000000E+00
   347.2077    
  0.0000000E+00
  0.0000000E+00
  0.0000000E+00
  0.0000000E+00
  0.0000000E+00
  0.0000000E+00
   1525.256    
  0.0000000E+00
  0.0000000E+00
  0.0000000E+00
  0.0000000E+00
  0.0000000E+00
  0.0000000E+00
   2874.048    
  -79488.27    
  0.0000000E+00
  0.0000000E+00
  -51092.69    
  0.0000000E+00
  0.0000000E+00
  0.0000000E+00
   1873.652    
   2830.454    
  0.0000000E+00
  0.0000000E+00
  0.0000000E+00
  0.0000000E+00
  0.0000000E+00
  -25874.09    
   14708.78    
  0.0000000E+00
  0.0000000E+00
  0.0000000E+00
  0.0000000E+00
  -100657.9    
  0.0000000E+00
  0.0000000E+00
   3104.076    
   1255.185    
   45188.34    
  -403163.8    
  0.0000000E+00
  0.0000000E+00
  0.0000000E+00
  -124295.3    
   50512.53    
   20901.74    
   4184.703    
   1732.401    
   45708.52    
  0.0000000E+00
  -1035.778    
  -8541.049    
   3170.753    
   1237.417    
  -133181.2    
   12201.57    
   13034.45    
  -74831.36    
  0.0000000E+00
  0.0000000E+00
   55171.09    
   6788.871    
   24014.40    
   10776.25    
  -243399.2    
  0.0000000E+00
   46972.99    
  0.0000000E+00
  -401035.3    
   2386.377    
   20905.35    
   53820.96    
  -229689.8    
  0.0000000E+00
   21338.17    
   30495.30    
   10100.09    
  0.0000000E+00
   38858.53    
  0.0000000E+00
  -396970.5    
   48946.28    
  -325213.5    
   45313.45    
  -383157.8    
   46304.06    
  0.0000000E+00
  -394393.4    
   49977.24    
  0.0000000E+00
  -143128.6    
  0.0000000E+00
  0.0000000E+00
  0.0000000E+00
   16142.18    
   112903.0    
  0.0000000E+00
  0.0000000E+00
   26650.70    
  -495347.8    
  0.0000000E+00
  0.0000000E+00
   9215.699    
   119158.1    
  0.0000000E+00
  0.0000000E+00
  0.0000000E+00
  -320456.5    
  0.0000000E+00
  -10957.84    
  -194453.5    
  -428865.4    
  0.0000000E+00
  -57238.11    
   96882.55    
   70281.08    
  0.0000000E+00
  -157244.2    
  0.0000000E+00
  -333253.4    
  -110061.7    
  -7514.321    
  0.0000000E+00
   85683.92    
   86999.13    
  0.0000000E+00
  -191748.5    
  -147716.1    
  0.0000000E+00
   124108.7    
  0.0000000E+00
   1973.194    
  -133690.5    
  0.0000000E+00
  -358200.8    
   193902.5    
   5703.540    
  -79913.55    
  -429983.3    
   164577.7    
  0.0000000E+00
   16393.28    
  -408307.2    
  -87956.14    
  -170644.4    
   28825.51    
   134690.5    
  -182654.3    
  -401301.2    
   141171.7    
  -209237.2    
  -260935.8    
  -139582.5    
   135560.1    
   16553.87    
  0.0000000E+00
  -395555.6    
   170669.3    
  0.0000000E+00
  -56557.98    
  -238199.8    
  -257628.3    
  0.0000000E+00
   19243.14    
   195596.7    
  -18578.62    
  -111794.1    
  0.0000000E+00
  -209038.5    
  0.0000000E+00
  0.0000000E+00
   35205.82    
  -25261.31    
  -76609.23    
  0.0000000E+00
  -84423.38    
  0.0000000E+00
  0.0000000E+00
   3558.251    
  -94455.14    
  -222191.0    
  0.0000000E+00
  -105998.1    
  -82002.05    
  0.0000000E+00
  0.0000000E+00
   27280.11    
   6660.085    
  -126133.3    
  0.0000000E+00
  -84531.21    
  -31069.50    
  0.0000000E+00
  0.0000000E+00
  -86323.11    
  -67669.28    
  0.0000000E+00
  0.0000000E+00
  0.0000000E+00
  0.0000000E+00
  0.0000000E+00
  0.0000000E+00
  0.0000000E+00
  0.0000000E+00
  -126768.5    
  0.0000000E+00
  0.0000000E+00
  0.0000000E+00
  0.0000000E+00
  0.0000000E+00
  0.0000000E+00
  0.0000000E+00
  -89297.61    
  0.0000000E+00
  0.0000000E+00
  0.0000000E+00
  0.0000000E+00
  0.0000000E+00
  -118706.3    
  0.0000000E+00
  0.0000000E+00
  0.0000000E+00
  0.0000000E+00
  0.0000000E+00
  0.0000000E+00
   10674.64    
  -139390.5    
  0.0000000E+00
  0.0000000E+00
  0.0000000E+00
  0.0000000E+00
  0.0000000E+00
  0.0000000E+00
  0.0000000E+00
  0.0000000E+00
  0.0000000E+00
  0.0000000E+00
   46256.81    
  -141897.3    
  0.0000000E+00
  0.0000000E+00
  0.0000000E+00
  0.0000000E+00
   15043.21    
  -127064.6    
  0.0000000E+00
  0.0000000E+00
  0.0000000E+00
  0.0000000E+00
   1521.615    
  -90509.61    
  0.0000000E+00
  0.0000000E+00
  0.0000000E+00
  0.0000000E+00
   23123.10    
  -16305.68    
  -42700.50    
  0.0000000E+00
   3790.765    
   19500.51    
   19308.12    
   18441.88    
  -83484.14    
  0.0000000E+00
   30746.72    
  0.0000000E+00
  0.0000000E+00
  0.0000000E+00
  -37264.98    
  0.0000000E+00
  -65345.05    
  0.0000000E+00
  0.0000000E+00
  -36191.08    
   30595.31    
  0.0000000E+00
  0.0000000E+00
  0.0000000E+00
  -45049.45    
   32780.17    
  0.0000000E+00
   94558.02    
  0.0000000E+00
  0.0000000E+00
   50801.87    
  -81854.09    
  0.0000000E+00
  -101273.0    
   41197.15    
  0.0000000E+00
  0.0000000E+00
  -73852.91    
  -103421.3    
   53891.39    
  -45567.56    
  -42979.89    
  -113634.5    
   69958.82    
  -43910.14    
  -16791.79    
  -40500.76    
  0.0000000E+00
   24663.39    
   20145.66    
  -112926.6    
  0.0000000E+00
  -73188.73    
   1222.801    
  -48279.96    
   9734.866    
  -21290.31    
  0.0000000E+00
   71396.65    
  -51476.10    
  -46932.40    
  0.0000000E+00
  0.0000000E+00
  0.0000000E+00
  0.0000000E+00
   62479.83    
  0.0000000E+00
  0.0000000E+00
   31610.23    
   34416.31    
  0.0000000E+00
  -34130.56    
  0.0000000E+00
   8368.110    
   43656.92    
  -22191.96    
   36163.96    
   4101.752    
  -8792.388    
   9936.894    
  0.0000000E+00
  0.0000000E+00
  -5631.083    
   19807.53    
  -63456.19    
   1294.046    
  -17777.07    
  0.0000000E+00
  0.0000000E+00
  -20321.61    
  -66808.09    
   162713.4    
  -35986.71    
   43244.65    
   8791.017    
  -35263.38    
   45741.40    
  -21265.24    
   54811.39    
   8384.397    
   46810.26    
   7674.165    
  -15757.32    
   195042.1    
   117268.1    
   60142.95    
  0.0000000E+00
   152219.9    
   12495.21    
  0.0000000E+00
   8731.907    
  0.0000000E+00
  0.0000000E+00
  0.0000000E+00
  -49463.31    
  0.0000000E+00
  0.0000000E+00
  0.0000000E+00
   20378.49    
  0.0000000E+00
  0.0000000E+00
  0.0000000E+00
  0.0000000E+00
  -43187.66    
  0.0000000E+00
  0.0000000E+00
  0.0000000E+00
  -19766.99    
  0.0000000E+00
  0.0000000E+00
  0.0000000E+00
  -31198.22    
  0.0000000E+00
  0.0000000E+00
  0.0000000E+00
  -42782.75    
   189.1010    
   2292.148    
  -10619.50    
   13124.38    
   76.17616    
   2613.256    
  -23339.26    
   2937.392    
  -18078.73    
  0.0000000E+00
  0.0000000E+00
  0.0000000E+00
   2003.842    
  -30260.41    
  0.0000000E+00
  -9909.781    
  0.0000000E+00
  0.0000000E+00
  -37023.88    
  -15567.73    
   1420.599    
  0.0000000E+00
  0.0000000E+00
  -25917.32    
  -32168.77    
  0.0000000E+00
  0.0000000E+00
  -19279.42    
  -41577.77    
  0.0000000E+00
  -37544.28    
  -34508.90    
  -21112.79    
   2004.147    
  -38366.11    
  -24217.12    
   77654.20    
  -34797.96    
  0.0000000E+00
   89736.02    
  -43815.61    
  0.0000000E+00
  0.0000000E+00
  0.0000000E+00
  0.0000000E+00
  0.0000000E+00
  0.0000000E+00
   156027.7    
  -41569.53    
  0.0000000E+00
  -28423.24    
  0.0000000E+00
   277028.3    
   115972.6    
   47221.30    
   286246.1    
   272700.1    
  0.0000000E+00
   69261.88    
   167546.2    
   353366.6    
   325061.3    
  -18460.11    
   290866.4    
   216798.5    
   367533.9    
   234203.8    
  0.0000000E+00
   271653.4    
   302450.2    
   104712.8    
   129568.5    
  -18308.13    
   123682.0    
   196304.6    
  -23536.07    
   77660.43    
  -22267.89    
   142122.1    
  -208138.6    
  -121077.4    
   72082.49    
   251030.7    
  -46603.61    
 
 month:           5 year:        1988
  0.0000000E+00
  0.0000000E+00
  0.0000000E+00
  0.0000000E+00
  0.0000000E+00
  0.0000000E+00
  0.0000000E+00
  0.0000000E+00
  0.0000000E+00
  0.0000000E+00
  0.0000000E+00
  0.0000000E+00
  0.0000000E+00
  0.0000000E+00
  0.0000000E+00
  0.0000000E+00
  0.0000000E+00
  0.0000000E+00
  0.0000000E+00
  0.0000000E+00
  0.0000000E+00
  0.0000000E+00
  0.0000000E+00
  0.0000000E+00
  0.0000000E+00
  0.0000000E+00
  0.0000000E+00
   4342.228    
   867.0790    
  0.0000000E+00
  0.0000000E+00
  0.0000000E+00
   1331.359    
   10286.70    
   6482.869    
   4965.170    
   1813.142    
   18267.54    
   16860.58    
   16111.66    
   12907.73    
  0.0000000E+00
  0.0000000E+00
  0.0000000E+00
  0.0000000E+00
   6861.781    
   10587.03    
  0.0000000E+00
   17365.73    
   14912.18    
  0.0000000E+00
  0.0000000E+00
   31517.20    
   12235.95    
  0.0000000E+00
   36801.66    
   93955.25    
   97748.77    
   98783.73    
  -15192.75    
  -9879.924    
  0.0000000E+00
   81.88245    
  0.0000000E+00
  0.0000000E+00
  -50314.76    
  0.0000000E+00
  0.0000000E+00
   59810.59    
  0.0000000E+00
  0.0000000E+00
  0.0000000E+00
  0.0000000E+00
  -85386.66    
  0.0000000E+00
  0.0000000E+00
  0.0000000E+00
  0.0000000E+00
  0.0000000E+00
  0.0000000E+00
  0.0000000E+00
   24945.95    
  0.0000000E+00
  0.0000000E+00
  0.0000000E+00
  0.0000000E+00
  0.0000000E+00
   10377.08    
  0.0000000E+00
  0.0000000E+00
  0.0000000E+00
  0.0000000E+00
  0.0000000E+00
  0.0000000E+00
   45585.64    
  0.0000000E+00
  0.0000000E+00
  0.0000000E+00
  0.0000000E+00
  0.0000000E+00
  0.0000000E+00
   85897.31    
  -82162.20    
  0.0000000E+00
  0.0000000E+00
  -128424.6    
  0.0000000E+00
  0.0000000E+00
  0.0000000E+00
   55998.26    
   84594.43    
  0.0000000E+00
  0.0000000E+00
  0.0000000E+00
  -54580.75    
  0.0000000E+00
  -26312.39    
   30785.51    
  0.0000000E+00
  0.0000000E+00
  0.0000000E+00
  0.0000000E+00
  -177160.9    
  0.0000000E+00
  0.0000000E+00
   92772.18    
   37514.00    
   94529.47    
  -479565.1    
  0.0000000E+00
  0.0000000E+00
  0.0000000E+00
  -126230.8    
   105667.1    
   94007.66    
   79538.20    
   51776.66    
   95617.59    
  0.0000000E+00
  -77638.12    
  -48527.61    
   35458.56    
   13838.05    
  -176764.4    
   125136.9    
   43289.52    
  -99285.80    
  0.0000000E+00
  0.0000000E+00
   115412.4    
   30533.62    
   107766.7    
   120510.9    
  -281133.8    
  0.0000000E+00
   98262.73    
  0.0000000E+00
  -444951.4    
   26686.87    
   43731.88    
   112588.0    
  -283862.1    
  0.0000000E+00
   44637.29    
   63793.10    
   60389.48    
  0.0000000E+00
   81288.13    
  0.0000000E+00
  -444233.3    
   102390.6    
  -390715.9    
   94791.19    
  -436174.9    
   96863.42    
  0.0000000E+00
  -436322.3    
   104547.3    
  0.0000000E+00
  -188245.8    
  0.0000000E+00
  0.0000000E+00
  0.0000000E+00
   33736.75    
   154391.7    
  0.0000000E+00
  0.0000000E+00
   139810.5    
  -542615.2    
  0.0000000E+00
  0.0000000E+00
   12248.37    
   158370.2    
  0.0000000E+00
  0.0000000E+00
  0.0000000E+00
  -345828.3    
  0.0000000E+00
  -19843.73    
  -206782.8    
  -464429.6    
  0.0000000E+00
  -158407.1    
   128764.4    
   93408.95    
  0.0000000E+00
  -204459.7    
  0.0000000E+00
  -366182.7    
  -129941.0    
  -101130.6    
  0.0000000E+00
   113880.5    
   110988.1    
  0.0000000E+00
  -275020.2    
  -246638.3    
  0.0000000E+00
   157951.6    
  0.0000000E+00
   8830.184    
  -167311.0    
  0.0000000E+00
  -462943.0    
   192318.8    
   25512.46    
  -107698.9    
  -525887.7    
   209455.9    
  0.0000000E+00
   73322.35    
  -492130.1    
  -130642.5    
  -273363.1    
   36685.88    
   171418.9    
  -444187.1    
  -534899.4    
   179667.3    
  -443214.4    
  -376491.6    
  -227133.7    
   172525.6    
  -206136.8    
  0.0000000E+00
  -493413.3    
   196527.8    
  0.0000000E+00
  -259265.1    
  -398400.3    
  -349313.1    
  0.0000000E+00
   20442.83    
   207746.6    
  -88088.33    
  -250048.4    
  0.0000000E+00
  -300857.3    
  0.0000000E+00
  0.0000000E+00
   37401.81    
  -33540.17    
  -103734.1    
  0.0000000E+00
  -208870.2    
  0.0000000E+00
  0.0000000E+00
   13111.07    
  -53877.25    
  -351126.4    
  0.0000000E+00
  -64335.11    
  -173582.2    
  0.0000000E+00
  0.0000000E+00
   100518.9    
   48259.93    
  -219544.9    
  0.0000000E+00
  -44183.65    
  -121290.3    
  0.0000000E+00
  0.0000000E+00
  -45228.24    
  -160370.2    
  0.0000000E+00
  0.0000000E+00
  0.0000000E+00
  0.0000000E+00
  0.0000000E+00
  0.0000000E+00
  0.0000000E+00
  0.0000000E+00
  -89442.25    
  0.0000000E+00
  0.0000000E+00
  0.0000000E+00
  0.0000000E+00
  0.0000000E+00
  0.0000000E+00
  0.0000000E+00
  -47985.89    
  0.0000000E+00
  0.0000000E+00
  0.0000000E+00
  0.0000000E+00
  0.0000000E+00
  -77096.87    
  0.0000000E+00
  0.0000000E+00
  0.0000000E+00
  0.0000000E+00
  0.0000000E+00
  0.0000000E+00
   39333.01    
  -97906.32    
  0.0000000E+00
  0.0000000E+00
  0.0000000E+00
  0.0000000E+00
  0.0000000E+00
  0.0000000E+00
  0.0000000E+00
  0.0000000E+00
  0.0000000E+00
  0.0000000E+00
   170443.2    
  -101186.2    
  0.0000000E+00
  0.0000000E+00
  0.0000000E+00
  0.0000000E+00
   55433.34    
  -85527.11    
  0.0000000E+00
  0.0000000E+00
  0.0000000E+00
  0.0000000E+00
   7531.839    
  -97190.16    
  0.0000000E+00
  0.0000000E+00
  0.0000000E+00
  0.0000000E+00
   114640.9    
  -13237.80    
  -8620.771    
  0.0000000E+00
   18794.04    
   96680.60    
   95726.80    
   91432.07    
  -75388.50    
  0.0000000E+00
   56924.66    
  0.0000000E+00
  0.0000000E+00
  0.0000000E+00
  -13489.79    
  0.0000000E+00
  -43172.51    
  0.0000000E+00
  0.0000000E+00
  -13349.19    
   67369.06    
  0.0000000E+00
  0.0000000E+00
  0.0000000E+00
  -24083.50    
   72168.77    
  0.0000000E+00
   208178.8    
  0.0000000E+00
  0.0000000E+00
   133367.8    
  -1670.163    
  0.0000000E+00
  -16246.94    
   90699.57    
  0.0000000E+00
  0.0000000E+00
   11665.75    
  -18353.29    
   118661.8    
  -46345.39    
   21068.14    
  -30240.96    
   178048.2    
  -15791.70    
  -16325.28    
  -18121.07    
  0.0000000E+00
   54305.54    
   44358.11    
  -94601.14    
  0.0000000E+00
  -74372.59    
   25975.41    
  -25016.91    
   21434.90    
  -20317.86    
  0.0000000E+00
   181396.1    
  -28072.20    
  -47465.15    
  0.0000000E+00
  0.0000000E+00
  0.0000000E+00
  0.0000000E+00
   158741.4    
  0.0000000E+00
  0.0000000E+00
   69601.57    
   75780.17    
  0.0000000E+00
  -5031.913    
  0.0000000E+00
   21449.00    
   93955.16    
  -23763.78    
   90322.78    
   9031.517    
  -8385.104    
   21877.95    
  0.0000000E+00
  0.0000000E+00
  -4616.256    
   50770.33    
  -64426.75    
   3145.713    
  -17575.84    
  0.0000000E+00
  0.0000000E+00
  -20759.21    
  -67523.80    
   414468.7    
  -36254.58    
   110843.9    
   22532.98    
  -35416.84    
   117243.6    
  -21322.60    
   140491.6    
   9178.266    
   119983.2    
   19670.29    
  -16549.40    
   498894.6    
   300579.6    
   153198.0    
  0.0000000E+00
   390511.2    
   24830.79    
  0.0000000E+00
  -54382.59    
  0.0000000E+00
  0.0000000E+00
  0.0000000E+00
  -41974.44    
  0.0000000E+00
  0.0000000E+00
  0.0000000E+00
   51358.09    
  0.0000000E+00
  0.0000000E+00
  0.0000000E+00
  0.0000000E+00
  -34390.55    
  0.0000000E+00
  0.0000000E+00
  0.0000000E+00
  -14034.59    
  0.0000000E+00
  0.0000000E+00
  0.0000000E+00
  -31670.19    
  0.0000000E+00
  0.0000000E+00
  0.0000000E+00
  -43262.37    
   189.0382    
   2294.831    
  -10629.31    
   15272.62    
   76.26528    
   2616.312    
  -22947.38    
   2940.832    
  -17752.33    
  0.0000000E+00
  0.0000000E+00
  -24493.08    
   26516.46    
  -6663.078    
  0.0000000E+00
  -9380.473    
  0.0000000E+00
  0.0000000E+00
  -13692.24    
  -2208.031    
   1449.377    
  0.0000000E+00
  0.0000000E+00
  -2428.188    
  -8900.299    
  0.0000000E+00
  0.0000000E+00
   4492.470    
  -18472.71    
  0.0000000E+00
  -14663.94    
  -11339.79    
   2402.139    
   25601.08    
  -16481.33    
  -1859.529    
   210616.4    
  -18156.17    
  0.0000000E+00
   243385.2    
  -19613.66    
  0.0000000E+00
  0.0000000E+00
  0.0000000E+00
  0.0000000E+00
  0.0000000E+00
  0.0000000E+00
   423183.7    
  -18172.81    
  0.0000000E+00
  -4321.978    
  0.0000000E+00
   7375.203    
   314545.1    
   130473.6    
   583425.4    
   319457.4    
  0.0000000E+00
   189684.3    
   6677.667    
   5259.781    
   890230.2    
   2661.531    
   796582.4    
   618059.8    
   1047784.    
   642829.8    
  0.0000000E+00
   774443.0    
   700708.6    
   298520.5    
   369380.3    
  -16524.04    
   352598.8    
   76597.60    
  -21726.25    
  -24740.94    
  -18067.39    
   405168.7    
  -197204.1    
  -112100.1    
   79037.55    
   715650.8    
  -38797.50    
 
 month:           6 year:        1988
  0.0000000E+00
  0.0000000E+00
  0.0000000E+00
  0.0000000E+00
  0.0000000E+00
  0.0000000E+00
  0.0000000E+00
  0.0000000E+00
  0.0000000E+00
  0.0000000E+00
  0.0000000E+00
  0.0000000E+00
  0.0000000E+00
  0.0000000E+00
  0.0000000E+00
  0.0000000E+00
  0.0000000E+00
  0.0000000E+00
  0.0000000E+00
  0.0000000E+00
  0.0000000E+00
  0.0000000E+00
  0.0000000E+00
  0.0000000E+00
  0.0000000E+00
  0.0000000E+00
  0.0000000E+00
   7718.524    
   1545.179    
  0.0000000E+00
  0.0000000E+00
  0.0000000E+00
   4629.997    
   35735.83    
   22521.38    
   13494.08    
   3222.951    
   32471.46    
   29970.53    
   28639.27    
   22944.14    
  0.0000000E+00
  0.0000000E+00
  0.0000000E+00
  0.0000000E+00
   23837.71    
   36779.18    
  0.0000000E+00
   34479.81    
   26507.13    
  0.0000000E+00
  0.0000000E+00
   79310.86    
   23591.82    
  0.0000000E+00
   88554.41    
  -61238.38    
  -1066.020    
  -94333.88    
  -138666.8    
  -135047.1    
  0.0000000E+00
  -137271.3    
  0.0000000E+00
  0.0000000E+00
  -177926.0    
  0.0000000E+00
  0.0000000E+00
   152252.8    
  0.0000000E+00
  0.0000000E+00
  0.0000000E+00
  0.0000000E+00
  -94560.56    
  0.0000000E+00
  0.0000000E+00
  0.0000000E+00
  0.0000000E+00
  0.0000000E+00
  0.0000000E+00
  0.0000000E+00
  -359.0520    
  0.0000000E+00
  0.0000000E+00
  0.0000000E+00
  0.0000000E+00
  0.0000000E+00
   27215.96    
  0.0000000E+00
  0.0000000E+00
  0.0000000E+00
  0.0000000E+00
  0.0000000E+00
  0.0000000E+00
   119557.5    
  0.0000000E+00
  0.0000000E+00
  0.0000000E+00
  0.0000000E+00
  0.0000000E+00
  0.0000000E+00
   225283.0    
  -102373.8    
  0.0000000E+00
  0.0000000E+00
  -224228.6    
  0.0000000E+00
  0.0000000E+00
  0.0000000E+00
   146866.7    
   78857.87    
  0.0000000E+00
  0.0000000E+00
  0.0000000E+00
  -178923.4    
  0.0000000E+00
  -55379.84    
   7711.321    
  0.0000000E+00
  0.0000000E+00
  0.0000000E+00
  0.0000000E+00
  -259551.4    
  0.0000000E+00
  0.0000000E+00
   243313.7    
   98388.04    
   23665.23    
  -595810.7    
  0.0000000E+00
  -146302.1    
  0.0000000E+00
  -149694.7    
   26453.52    
  -120138.7    
   207125.0    
   135794.7    
   23937.62    
  0.0000000E+00
  -202655.9    
  -39962.90    
   91058.59    
   35536.52    
  -166253.3    
   29534.56    
   13663.11    
  -100406.2    
  0.0000000E+00
  0.0000000E+00
   28893.23    
   38704.32    
   134751.0    
   309475.5    
  -284060.2    
  0.0000000E+00
   24599.83    
  0.0000000E+00
  -536591.4    
   68532.62    
   10948.17    
   28186.15    
  -423887.7    
  0.0000000E+00
   11174.84    
   15970.45    
   97658.55    
  0.0000000E+00
   20350.29    
  0.0000000E+00
  -576640.9    
   25633.24    
  -566543.6    
   23730.73    
  -602493.8    
   24249.53    
  0.0000000E+00
  -540018.5    
   26173.18    
  0.0000000E+00
  -306773.1    
  0.0000000E+00
  0.0000000E+00
  0.0000000E+00
   8451.855    
   121171.8    
  0.0000000E+00
  0.0000000E+00
   33849.95    
  -660616.6    
  0.0000000E+00
  0.0000000E+00
   13198.12    
   52255.02    
  0.0000000E+00
  0.0000000E+00
  0.0000000E+00
  -435058.6    
  0.0000000E+00
  -169019.7    
  -390023.9    
  -920622.1    
  0.0000000E+00
  -183156.2    
   138748.9    
   100652.0    
  0.0000000E+00
  -287069.5    
  0.0000000E+00
  -498585.4    
  -231619.1    
  -94135.84    
  0.0000000E+00
   122710.9    
   129254.2    
  0.0000000E+00
  -264125.0    
  -250853.5    
  0.0000000E+00
   184849.5    
  0.0000000E+00
   14305.04    
  -293753.3    
  0.0000000E+00
  -450286.4    
  -185282.0    
   41330.43    
  -251273.4    
  -500798.1    
   245124.6    
  0.0000000E+00
   78757.45    
  -626061.8    
  -120441.6    
  -253724.0    
   42933.19    
   200610.1    
  -270390.6    
  -496880.3    
   210263.3    
  -285631.9    
  -346806.7    
  -206386.6    
   201905.2    
  -36613.43    
  0.0000000E+00
  -462625.2    
   161348.8    
  0.0000000E+00
  -96441.38    
  -303093.2    
  -324559.1    
  0.0000000E+00
   26476.84    
   269098.9    
  -26036.99    
  -149249.0    
  0.0000000E+00
  -279385.1    
  0.0000000E+00
  0.0000000E+00
   48444.30    
  -4815.918    
  -67076.06    
  0.0000000E+00
  -214793.4    
  0.0000000E+00
  0.0000000E+00
   14759.53    
  -44196.79    
  -337921.6    
  0.0000000E+00
  -52976.77    
  -158813.4    
  0.0000000E+00
  0.0000000E+00
   113157.1    
   55536.45    
  -201954.1    
  0.0000000E+00
  -34309.07    
  -105743.8    
  0.0000000E+00
  0.0000000E+00
  -34166.67    
  -143036.3    
  0.0000000E+00
  0.0000000E+00
  0.0000000E+00
  0.0000000E+00
  0.0000000E+00
  0.0000000E+00
  0.0000000E+00
  0.0000000E+00
  -78907.99    
  0.0000000E+00
  0.0000000E+00
  0.0000000E+00
  0.0000000E+00
  0.0000000E+00
  0.0000000E+00
  0.0000000E+00
  -37220.17    
  0.0000000E+00
  0.0000000E+00
  0.0000000E+00
  0.0000000E+00
  0.0000000E+00
  -63959.98    
  0.0000000E+00
  0.0000000E+00
  0.0000000E+00
  0.0000000E+00
  0.0000000E+00
  0.0000000E+00
   44278.12    
  -84588.53    
  0.0000000E+00
  0.0000000E+00
  0.0000000E+00
  0.0000000E+00
  0.0000000E+00
  0.0000000E+00
  0.0000000E+00
  0.0000000E+00
  0.0000000E+00
  0.0000000E+00
   191872.0    
  -89101.44    
  0.0000000E+00
  0.0000000E+00
  0.0000000E+00
  0.0000000E+00
   62402.58    
  -74411.20    
  0.0000000E+00
  0.0000000E+00
  0.0000000E+00
  0.0000000E+00
   1276.425    
  -65336.22    
  0.0000000E+00
  0.0000000E+00
  0.0000000E+00
  0.0000000E+00
   19564.54    
  -12988.55    
  -7597.593    
  0.0000000E+00
   3207.380    
   16499.45    
   16336.68    
   15603.74    
  -71852.87    
  0.0000000E+00
   58702.79    
  0.0000000E+00
  0.0000000E+00
  0.0000000E+00
  -9642.895    
  0.0000000E+00
  -38592.02    
  0.0000000E+00
  0.0000000E+00
  -9810.602    
   37299.30    
  0.0000000E+00
  0.0000000E+00
  0.0000000E+00
  -21511.01    
   39960.27    
  0.0000000E+00
   115269.8    
  0.0000000E+00
  0.0000000E+00
   133612.6    
  -3429.017    
  0.0000000E+00
  -15811.96    
   50220.89    
  0.0000000E+00
  0.0000000E+00
   10362.14    
  -17880.62    
   65698.30    
  -46634.96    
   27620.64    
  -31626.10    
   179044.8    
  -11920.30    
  -17441.77    
  -14778.70    
  0.0000000E+00
   30066.82    
   24559.32    
  -90310.43    
  0.0000000E+00
  -73949.59    
   28844.99    
  -21026.26    
   11867.65    
  -20476.48    
  0.0000000E+00
   186076.2    
  -25525.85    
  -47904.82    
  0.0000000E+00
  0.0000000E+00
  0.0000000E+00
  0.0000000E+00
   162837.0    
  0.0000000E+00
  0.0000000E+00
   38535.62    
   41956.48    
  0.0000000E+00
  -1257.217    
  0.0000000E+00
   10270.86    
  -24013.94    
  -26110.16    
   44240.86    
   5000.392    
  -9807.354    
   12114.10    
  0.0000000E+00
  0.0000000E+00
  -4731.395    
   24311.38    
  -63171.69    
   1577.986    
  -18463.95    
  0.0000000E+00
  0.0000000E+00
  -21696.52    
  -66071.16    
   434563.3    
  -36516.12    
   53077.66    
   10789.92    
  -34213.82    
   56142.11    
  -20730.73    
   67274.45    
   8566.383    
   57454.00    
   9419.122    
  -18308.83    
  -6538.908    
   143932.6    
   160625.6    
  0.0000000E+00
   362033.8    
   23491.70    
  0.0000000E+00
  -52757.19    
  0.0000000E+00
  0.0000000E+00
  0.0000000E+00
  -40795.93    
  0.0000000E+00
  0.0000000E+00
  0.0000000E+00
   52654.95    
  0.0000000E+00
  0.0000000E+00
  0.0000000E+00
  0.0000000E+00
  -33577.00    
  0.0000000E+00
  0.0000000E+00
  0.0000000E+00
  -13302.80    
  0.0000000E+00
  0.0000000E+00
  0.0000000E+00
  -30864.53    
  0.0000000E+00
  0.0000000E+00
  0.0000000E+00
  -41625.85    
   313.9091    
   3820.884    
  -10505.03    
   15563.18    
   126.9815    
   4356.154    
  -21907.00    
   4896.476    
  -17184.80    
  0.0000000E+00
  0.0000000E+00
  -28399.21    
   25506.42    
  -6611.796    
  0.0000000E+00
  -9368.713    
  0.0000000E+00
  0.0000000E+00
  -13501.30    
  -2111.383    
   1478.155    
  0.0000000E+00
  0.0000000E+00
  -2519.092    
  -8907.962    
  0.0000000E+00
  0.0000000E+00
   4166.737    
  -18193.82    
  0.0000000E+00
  -14496.47    
  -11205.53    
   2271.098    
   24563.49    
  -16266.52    
  -2075.754    
   227228.8    
  -18303.35    
  0.0000000E+00
   262582.2    
  -20559.08    
  0.0000000E+00
  0.0000000E+00
  0.0000000E+00
  0.0000000E+00
  0.0000000E+00
  0.0000000E+00
   456562.2    
  -19860.96    
  0.0000000E+00
  -6064.928    
  0.0000000E+00
   6105.183    
   339354.8    
   142561.4    
   8236.137    
  -8567.087    
  0.0000000E+00
   205801.5    
   5544.572    
   378.7041    
   965871.7    
  -1544.029    
   864266.8    
   686733.5    
   378636.6    
   698371.5    
  0.0000000E+00
   860492.8    
  -6141.956    
   331689.7    
   410422.8    
  -18223.50    
   391776.7    
  -36531.41    
  -21922.36    
  -53609.27    
  -20060.02    
   336363.9    
  -190100.2    
  -108441.1    
   76257.38    
   795168.1    
  -37723.19    
 
 month:           7 year:        1988
  0.0000000E+00
  0.0000000E+00
  0.0000000E+00
  0.0000000E+00
  0.0000000E+00
  0.0000000E+00
  0.0000000E+00
  0.0000000E+00
  0.0000000E+00
  0.0000000E+00
  0.0000000E+00
  0.0000000E+00
  0.0000000E+00
  0.0000000E+00
  0.0000000E+00
  0.0000000E+00
  0.0000000E+00
  0.0000000E+00
  0.0000000E+00
  0.0000000E+00
  0.0000000E+00
  0.0000000E+00
  0.0000000E+00
  0.0000000E+00
  0.0000000E+00
  0.0000000E+00
  0.0000000E+00
   3451.838    
   689.8016    
  0.0000000E+00
  0.0000000E+00
  0.0000000E+00
   5806.864    
   44825.75    
   28250.02    
   5598.169    
   1441.351    
   14521.72    
   13403.26    
   12807.90    
   10260.95    
  0.0000000E+00
  0.0000000E+00
  0.0000000E+00
  0.0000000E+00
   29901.18    
   46134.50    
  0.0000000E+00
   15313.68    
   11854.38    
  0.0000000E+00
  0.0000000E+00
   63976.41    
   10544.63    
  0.0000000E+00
   94903.30    
  -117968.7    
  -125180.7    
  -137134.3    
  -147781.6    
  -151038.1    
  0.0000000E+00
  -154999.6    
  0.0000000E+00
  0.0000000E+00
  -203583.5    
  0.0000000E+00
  0.0000000E+00
   151550.3    
  0.0000000E+00
  0.0000000E+00
  0.0000000E+00
  0.0000000E+00
  -99979.37    
  0.0000000E+00
  0.0000000E+00
  0.0000000E+00
  0.0000000E+00
  0.0000000E+00
  0.0000000E+00
  0.0000000E+00
   5554.424    
  0.0000000E+00
  0.0000000E+00
  0.0000000E+00
  0.0000000E+00
  0.0000000E+00
   25400.26    
  0.0000000E+00
  0.0000000E+00
  0.0000000E+00
  0.0000000E+00
  0.0000000E+00
  0.0000000E+00
   111581.3    
  0.0000000E+00
  0.0000000E+00
  0.0000000E+00
  0.0000000E+00
  0.0000000E+00
  0.0000000E+00
   210253.3    
  -116053.7    
  0.0000000E+00
  0.0000000E+00
  -95443.02    
  0.0000000E+00
  0.0000000E+00
  0.0000000E+00
   137068.5    
  -40548.94    
  0.0000000E+00
  0.0000000E+00
  0.0000000E+00
  -48167.64    
  0.0000000E+00
  -70487.06    
   21603.24    
  0.0000000E+00
  0.0000000E+00
  0.0000000E+00
  0.0000000E+00
  -133578.2    
  0.0000000E+00
  0.0000000E+00
   227081.1    
   91824.09    
   66315.79    
  -487490.7    
  0.0000000E+00
  -75984.09    
  0.0000000E+00
  -170245.7    
   74129.25    
  -20989.34    
   184912.4    
   126735.2    
   67079.13    
  0.0000000E+00
  -88259.31    
  -42167.54    
   74062.16    
   28903.48    
  -175003.9    
   36175.71    
   18334.00    
  -102492.3    
  0.0000000E+00
  0.0000000E+00
   80965.88    
   19259.23    
   66337.31    
   251710.7    
  -317133.4    
  0.0000000E+00
   68934.78    
  0.0000000E+00
  -516359.1    
   55740.75    
   30679.46    
   78984.45    
  -335414.6    
  0.0000000E+00
   31314.64    
   44753.11    
   75715.28    
  0.0000000E+00
   57026.49    
  0.0000000E+00
  -495540.3    
   71830.70    
  -417938.1    
   66499.36    
  -463166.0    
   67953.13    
  0.0000000E+00
  -432516.0    
   73343.64    
  0.0000000E+00
  -197146.1    
  0.0000000E+00
  0.0000000E+00
  0.0000000E+00
   23668.08    
  -56917.55    
  0.0000000E+00
  0.0000000E+00
   15912.03    
  -546080.5    
  0.0000000E+00
  0.0000000E+00
   8356.960    
  -72737.47    
  0.0000000E+00
  0.0000000E+00
  0.0000000E+00
  -370877.8    
  0.0000000E+00
  -24049.81    
  -217001.3    
  -546632.4    
  0.0000000E+00
  -119922.7    
   87854.86    
   63732.16    
  0.0000000E+00
  -196867.1    
  0.0000000E+00
  -387946.1    
  -151498.6    
  -28931.92    
  0.0000000E+00
   77699.70    
   83378.48    
  0.0000000E+00
  -212233.9    
  -187707.1    
  0.0000000E+00
   119382.8    
  0.0000000E+00
   10524.51    
  -188313.8    
  0.0000000E+00
  -390047.1    
  -111581.7    
   30409.52    
  -139465.1    
  -441407.5    
   100848.9    
  0.0000000E+00
  -72210.84    
  -526643.1    
  -84621.78    
  -178635.4    
   27727.88    
   129561.6    
  -235652.1    
  -404543.7    
   135796.0    
  -254452.4    
  -263659.7    
  -145144.5    
   130398.1    
   938.3777    
  0.0000000E+00
  -405652.5    
  -9991.331    
  0.0000000E+00
  -62296.09    
  -262889.0    
  -261986.2    
  0.0000000E+00
   13423.04    
   136407.6    
  -19832.90    
  -125988.0    
  0.0000000E+00
  -214446.3    
  0.0000000E+00
  0.0000000E+00
   24556.23    
  -3096.437    
  -68324.75    
  0.0000000E+00
  -108537.3    
  0.0000000E+00
  0.0000000E+00
   13573.88    
  -50249.33    
  -237382.6    
  0.0000000E+00
  -54854.11    
  -94550.10    
  0.0000000E+00
  0.0000000E+00
   104067.1    
   57649.27    
  -140659.6    
  0.0000000E+00
  -35893.37    
  -42134.90    
  0.0000000E+00
  0.0000000E+00
  -34668.23    
  -78438.12    
  0.0000000E+00
  0.0000000E+00
  0.0000000E+00
  0.0000000E+00
  0.0000000E+00
  0.0000000E+00
  0.0000000E+00
  0.0000000E+00
  -81155.27    
  0.0000000E+00
  0.0000000E+00
  0.0000000E+00
  0.0000000E+00
  0.0000000E+00
  0.0000000E+00
  0.0000000E+00
  -38135.79    
  0.0000000E+00
  -43029.24    
  0.0000000E+00
  0.0000000E+00
  0.0000000E+00
  -64253.54    
  0.0000000E+00
  0.0000000E+00
  0.0000000E+00
  0.0000000E+00
  0.0000000E+00
  0.0000000E+00
   40721.82    
  -86278.97    
  0.0000000E+00
  0.0000000E+00
  0.0000000E+00
  0.0000000E+00
  0.0000000E+00
  0.0000000E+00
  0.0000000E+00
  0.0000000E+00
  0.0000000E+00
  0.0000000E+00
   176461.4    
  -92366.64    
  0.0000000E+00
  0.0000000E+00
  0.0000000E+00
  0.0000000E+00
   57390.05    
  -77938.34    
  0.0000000E+00
  0.0000000E+00
  0.0000000E+00
  0.0000000E+00
   3030.867    
  -55165.56    
  0.0000000E+00
  0.0000000E+00
  0.0000000E+00
  0.0000000E+00
   46228.15    
  -13584.37    
  -8032.937    
  0.0000000E+00
   7578.570    
   38985.80    
   38601.17    
   36869.36    
  -74347.64    
  0.0000000E+00
   61206.98    
  0.0000000E+00
  0.0000000E+00
  0.0000000E+00
  -9637.495    
  0.0000000E+00
  -39361.55    
  0.0000000E+00
  0.0000000E+00
  -9563.055    
   59987.32    
  0.0000000E+00
  0.0000000E+00
  0.0000000E+00
  -22601.13    
   64266.30    
  0.0000000E+00
   185383.2    
  0.0000000E+00
  0.0000000E+00
   93426.23    
  -4799.702    
  0.0000000E+00
  -16241.06    
   80768.00    
  0.0000000E+00
  0.0000000E+00
   9836.574    
  -18258.76    
   105661.0    
  -47710.77    
   28845.95    
  -34847.54    
   124814.6    
  -12316.45    
  -17241.62    
  -16107.91    
  0.0000000E+00
   48355.73    
   39498.16    
  -95966.49    
  0.0000000E+00
  -75516.09    
   29780.28    
  -22600.37    
   19086.45    
  -19795.99    
  0.0000000E+00
   125748.6    
  -28827.37    
  -48780.74    
  0.0000000E+00
  0.0000000E+00
  0.0000000E+00
  0.0000000E+00
   110043.8    
  0.0000000E+00
  0.0000000E+00
   61975.92    
   67477.57    
  0.0000000E+00
  -2584.449    
  0.0000000E+00
   14581.62    
  -24578.13    
  -27416.50    
   63272.17    
   8042.009    
  -9816.019    
   19481.83    
  0.0000000E+00
  0.0000000E+00
  -5478.457    
   34515.06    
  -64523.59    
   2273.794    
  -18859.63    
  0.0000000E+00
  -6817.830    
  -24223.31    
  -67249.23    
   282424.5    
  -39464.75    
   75354.77    
   15318.54    
  -35211.32    
   79705.41    
  -21231.34    
   95510.07    
   8426.599    
   81567.91    
   13372.40    
  -19697.50    
  -45438.03    
   204342.3    
   104391.2    
  0.0000000E+00
   259818.6    
   23178.36    
  0.0000000E+00
  -54712.68    
  0.0000000E+00
  0.0000000E+00
  0.0000000E+00
  -42498.64    
  0.0000000E+00
  0.0000000E+00
  0.0000000E+00
   34016.79    
  0.0000000E+00
  0.0000000E+00
  0.0000000E+00
  0.0000000E+00
  -34938.13    
  0.0000000E+00
  0.0000000E+00
  0.0000000E+00
  -13733.93    
  0.0000000E+00
  0.0000000E+00
  0.0000000E+00
  -32085.05    
  0.0000000E+00
  0.0000000E+00
  0.0000000E+00
  -42445.73    
   504.7735    
   6140.242    
  -10760.14    
   17139.59    
   204.0619    
   7000.431    
  -22097.74    
   7868.735    
  -17417.10    
  0.0000000E+00
  0.0000000E+00
  -28735.74    
   26220.34    
  -7058.688    
  0.0000000E+00
  -9992.118    
  0.0000000E+00
  0.0000000E+00
  -14071.04    
  -2336.894    
   1891.515    
  0.0000000E+00
  0.0000000E+00
  -2486.333    
  -9125.042    
  0.0000000E+00
  0.0000000E+00
   4290.747    
  -18661.78    
  0.0000000E+00
  -15061.67    
  -11486.44    
   2301.201    
   25174.88    
  -16990.28    
  -2001.516    
   124871.0    
  -19497.19    
  0.0000000E+00
   144299.0    
  -23083.95    
  0.0000000E+00
  0.0000000E+00
  0.0000000E+00
  0.0000000E+00
  0.0000000E+00
  0.0000000E+00
   181599.1    
  -22568.21    
  0.0000000E+00
  -8124.780    
  0.0000000E+00
   5585.055    
   186488.5    
   75878.84    
   7929.301    
  -8905.924    
  0.0000000E+00
   111826.6    
   4332.020    
  -411.0721    
   258407.9    
  -6261.423    
   32134.75    
   350370.5    
   8644.541    
   378165.3    
  0.0000000E+00
   120865.8    
  -9894.068    
   169227.6    
   209397.2    
  -21595.33    
   199883.9    
  -40616.91    
  -24107.59    
  -58872.72    
  -26458.62    
   38634.26    
  -209704.4    
  -122448.0    
   74617.45    
   405693.7    
  -44820.26    
 
 month:           8 year:        1988
  0.0000000E+00
  0.0000000E+00
  0.0000000E+00
  0.0000000E+00
  0.0000000E+00
  0.0000000E+00
  0.0000000E+00
  0.0000000E+00
  0.0000000E+00
  0.0000000E+00
  0.0000000E+00
  0.0000000E+00
  0.0000000E+00
  0.0000000E+00
  0.0000000E+00
  0.0000000E+00
  0.0000000E+00
  0.0000000E+00
  0.0000000E+00
  0.0000000E+00
  0.0000000E+00
  0.0000000E+00
  0.0000000E+00
  0.0000000E+00
  0.0000000E+00
  0.0000000E+00
  0.0000000E+00
   8789.343    
   1769.263    
  0.0000000E+00
  0.0000000E+00
  0.0000000E+00
   5806.864    
   44825.75    
   28250.02    
   10459.47    
   3670.082    
   36976.34    
   34128.44    
   32612.50    
   26127.27    
  0.0000000E+00
  0.0000000E+00
  0.0000000E+00
  0.0000000E+00
   29901.18    
   46134.50    
  0.0000000E+00
   34067.05    
   30184.56    
  0.0000000E+00
  0.0000000E+00
   78443.07    
   23931.45    
  0.0000000E+00
   100393.8    
  -17196.87    
  -25291.30    
  -38441.38    
  -50147.82    
  -53683.60    
  0.0000000E+00
  -61007.70    
  0.0000000E+00
  0.0000000E+00
  -107660.5    
  0.0000000E+00
  0.0000000E+00
   182651.4    
  0.0000000E+00
  0.0000000E+00
  0.0000000E+00
  0.0000000E+00
  -107400.9    
  0.0000000E+00
  0.0000000E+00
  0.0000000E+00
  0.0000000E+00
  0.0000000E+00
  0.0000000E+00
  0.0000000E+00
   6324.210    
  0.0000000E+00
  0.0000000E+00
  0.0000000E+00
  0.0000000E+00
  0.0000000E+00
   31951.71    
  0.0000000E+00
  0.0000000E+00
  0.0000000E+00
  0.0000000E+00
  0.0000000E+00
  0.0000000E+00
   140361.2    
  0.0000000E+00
  0.0000000E+00
  0.0000000E+00
  0.0000000E+00
  0.0000000E+00
  0.0000000E+00
   264483.6    
  -134473.2    
  0.0000000E+00
  0.0000000E+00
  -88509.45    
  0.0000000E+00
  0.0000000E+00
  0.0000000E+00
   172422.4    
  -52263.78    
  0.0000000E+00
  0.0000000E+00
  0.0000000E+00
  -46445.97    
  0.0000000E+00
  -90281.83    
   10307.46    
  0.0000000E+00
  0.0000000E+00
  0.0000000E+00
  0.0000000E+00
  -129419.8    
  0.0000000E+00
  0.0000000E+00
   285651.8    
   115508.1    
   31657.56    
  -468287.9    
  0.0000000E+00
  -47326.14    
  0.0000000E+00
  -195065.4    
   35387.55    
   14563.26    
   232770.2    
   159423.9    
   32021.99    
  0.0000000E+00
  -50987.73    
  -38237.91    
   93370.39    
   36438.70    
  -174691.8    
   40537.15    
   20393.31    
  -109245.9    
  0.0000000E+00
  0.0000000E+00
   38651.20    
   15240.42    
   52657.51    
   317332.4    
  -340676.6    
  0.0000000E+00
   32907.82    
  0.0000000E+00
  -489943.9    
   70272.54    
   14645.65    
   37705.29    
  -289945.9    
  0.0000000E+00
   14948.87    
   21364.07    
   94015.84    
  0.0000000E+00
   27223.09    
  0.0000000E+00
  -446832.4    
   34290.24    
  -342886.7    
   31745.20    
  -393835.8    
   32439.20    
  0.0000000E+00
  -376265.1    
   35012.52    
  0.0000000E+00
  -149102.7    
  0.0000000E+00
  0.0000000E+00
  0.0000000E+00
   11310.48    
  -25018.77    
  0.0000000E+00
  0.0000000E+00
   40248.77    
  -504865.3    
  0.0000000E+00
  0.0000000E+00
   7649.459    
  -39510.79    
  0.0000000E+00
  0.0000000E+00
  0.0000000E+00
  -355873.2    
  0.0000000E+00
  -5975.117    
  -192624.1    
  -453811.5    
  0.0000000E+00
  -110625.6    
   80417.02    
   58336.55    
  0.0000000E+00
  -185855.8    
  0.0000000E+00
  -370043.6    
  -147353.6    
  -25121.02    
  0.0000000E+00
   71121.64    
   69372.15    
  0.0000000E+00
  -206562.2    
  -179610.1    
  0.0000000E+00
   98694.59    
  0.0000000E+00
   12531.04    
  -178598.5    
  0.0000000E+00
  -380167.2    
  -85264.82    
   36205.35    
  -124128.3    
  -428064.2    
  -20319.40    
  0.0000000E+00
  -67092.84    
  -505822.7    
  -79032.64    
  -169217.4    
   22922.84    
   107109.5    
  -234283.0    
  -393885.3    
   112263.5    
  -253920.2    
  -255141.4    
  -139967.4    
   107801.0    
   562.4696    
  0.0000000E+00
  -397697.0    
   2725.118    
  0.0000000E+00
  -62723.99    
  -262344.0    
  -252785.3    
  0.0000000E+00
   16160.49    
   164208.1    
  -19800.41    
  -126205.9    
  0.0000000E+00
  -205399.8    
  0.0000000E+00
  0.0000000E+00
   29562.96    
  -4685.759    
  -90291.32    
  0.0000000E+00
  -100780.9    
  0.0000000E+00
  0.0000000E+00
   15858.08    
  -74510.63    
  -233380.4    
  0.0000000E+00
  -59593.31    
  -89922.29    
  0.0000000E+00
  0.0000000E+00
   121579.4    
   52297.98    
  -137395.5    
  0.0000000E+00
  -41542.29    
  -39498.39    
  0.0000000E+00
  0.0000000E+00
  -39149.05    
  -74561.07    
  0.0000000E+00
  0.0000000E+00
  0.0000000E+00
  0.0000000E+00
  0.0000000E+00
  0.0000000E+00
  0.0000000E+00
  0.0000000E+00
  -85621.54    
  0.0000000E+00
  0.0000000E+00
  -5610.265    
  0.0000000E+00
  0.0000000E+00
  0.0000000E+00
  0.0000000E+00
  -43038.26    
  0.0000000E+00
  -54844.61    
  0.0000000E+00
  0.0000000E+00
  0.0000000E+00
  -67708.68    
  0.0000000E+00
  0.0000000E+00
  0.0000000E+00
  0.0000000E+00
  0.0000000E+00
  0.0000000E+00
   47573.90    
  -90181.78    
  0.0000000E+00
  0.0000000E+00
  0.0000000E+00
  0.0000000E+00
  0.0000000E+00
  0.0000000E+00
  0.0000000E+00
  0.0000000E+00
  0.0000000E+00
  0.0000000E+00
   206153.7    
  -97658.17    
  0.0000000E+00
  0.0000000E+00
  0.0000000E+00
  0.0000000E+00
   67046.87    
  -83639.74    
  0.0000000E+00
  0.0000000E+00
  0.0000000E+00
  0.0000000E+00
   1918.244    
  -57515.29    
  0.0000000E+00
  0.0000000E+00
  0.0000000E+00
  0.0000000E+00
   29184.38    
  -13444.38    
  -7880.443    
  0.0000000E+00
   4784.442    
   24612.20    
   24369.39    
   23276.06    
  -77252.16    
  0.0000000E+00
   55512.04    
  0.0000000E+00
  0.0000000E+00
  0.0000000E+00
  -15554.97    
  0.0000000E+00
  -45520.77    
  0.0000000E+00
  0.0000000E+00
  -15798.59    
   49008.43    
  0.0000000E+00
  0.0000000E+00
  0.0000000E+00
  -29576.65    
   52505.23    
  0.0000000E+00
   151457.1    
  0.0000000E+00
  0.0000000E+00
   104846.3    
  -6490.597    
  0.0000000E+00
  -16282.20    
   65987.03    
  0.0000000E+00
  0.0000000E+00
   9207.795    
  -18308.28    
   86324.31    
  -48676.48    
   27330.22    
  -36755.09    
   140416.5    
  -12352.46    
  -17962.86    
  -16944.14    
  0.0000000E+00
   39506.30    
   32269.73    
  -96545.08    
  0.0000000E+00
  -76494.84    
   29845.79    
  -22918.09    
   15593.50    
  -19792.54    
  0.0000000E+00
   141476.2    
  -30200.39    
  -49797.13    
  0.0000000E+00
  0.0000000E+00
  0.0000000E+00
  0.0000000E+00
   123807.0    
  0.0000000E+00
  0.0000000E+00
   50633.89    
   55128.73    
  0.0000000E+00
  -4021.269    
  0.0000000E+00
   11856.24    
  -24666.02    
  -28558.36    
   51520.02    
   6570.267    
  -10858.60    
   15916.56    
  0.0000000E+00
  0.0000000E+00
  -5400.806    
   28064.01    
  -64446.93    
   1854.146    
  -19433.80    
  0.0000000E+00
  -37176.07    
  -25428.83    
  -66973.35    
   150446.7    
  -40274.66    
   61270.57    
   12455.42    
  -34833.14    
   64808.04    
  -20983.65    
   77658.73    
   8350.112    
   66322.43    
   10873.03    
  -20503.06    
  -47711.97    
   166149.7    
   117736.4    
  0.0000000E+00
   273918.8    
   23048.29    
  0.0000000E+00
  -54643.11    
  0.0000000E+00
  0.0000000E+00
  0.0000000E+00
  -42527.42    
  0.0000000E+00
  0.0000000E+00
  0.0000000E+00
   37849.05    
  0.0000000E+00
  0.0000000E+00
  0.0000000E+00
  0.0000000E+00
  -35161.64    
  0.0000000E+00
  0.0000000E+00
  0.0000000E+00
  -13325.49    
  0.0000000E+00
  0.0000000E+00
  0.0000000E+00
  -32124.12    
  0.0000000E+00
  0.0000000E+00
  0.0000000E+00
  -41901.30    
   812.1336    
   9874.518    
  -10792.84    
   18159.62    
   328.1649    
   11257.84    
  -21532.46    
   12654.21    
  -17017.18    
  0.0000000E+00
  0.0000000E+00
  -28116.06    
   26289.30    
  -7091.656    
  0.0000000E+00
  -9930.366    
  0.0000000E+00
  0.0000000E+00
  -13997.13    
  -2208.031    
   2038.022    
  0.0000000E+00
  0.0000000E+00
  -2278.320    
  -9071.410    
  0.0000000E+00
  0.0000000E+00
   4411.449    
  -18690.15    
  0.0000000E+00
  -15044.23    
  -11405.89    
   2372.920    
   25408.28    
  -16831.65    
  -1844.394    
   115849.7    
  -19811.19    
  0.0000000E+00
   165114.6    
  -23800.52    
  0.0000000E+00
  0.0000000E+00
  0.0000000E+00
  0.0000000E+00
  0.0000000E+00
  0.0000000E+00
   25660.88    
  -23303.37    
  0.0000000E+00
  -8593.386    
  0.0000000E+00
   5559.805    
   213390.2    
   87278.88    
   7909.114    
  -8742.514    
  0.0000000E+00
   128825.3    
   4186.929    
  -304.2581    
   15732.88    
  -6909.744    
   15226.44    
   406148.0    
   6767.929    
   435787.0    
  0.0000000E+00
  -11178.14    
  -10554.65    
   196167.9    
   242732.2    
  -23071.36    
   231704.5    
  -40500.68    
  -24387.75    
  -58047.99    
  -25891.15    
   39230.25    
  -207205.9    
  -121460.3    
   75702.56    
   470278.3    
  -43747.60    
 
 month:           9 year:        1988
  0.0000000E+00
  0.0000000E+00
  0.0000000E+00
  0.0000000E+00
  0.0000000E+00
  0.0000000E+00
  0.0000000E+00
  0.0000000E+00
  0.0000000E+00
  0.0000000E+00
  0.0000000E+00
  0.0000000E+00
  0.0000000E+00
  0.0000000E+00
  0.0000000E+00
  0.0000000E+00
  0.0000000E+00
  0.0000000E+00
  0.0000000E+00
  0.0000000E+00
  0.0000000E+00
  0.0000000E+00
  0.0000000E+00
  0.0000000E+00
  0.0000000E+00
  0.0000000E+00
  0.0000000E+00
   1618.923    
   327.0559    
  0.0000000E+00
  0.0000000E+00
  0.0000000E+00
   5560.024    
   42920.67    
   27049.40    
   14891.62    
   675.9985    
   6810.732    
   6286.177    
   6006.952    
   4812.422    
  0.0000000E+00
  0.0000000E+00
  0.0000000E+00
  0.0000000E+00
   28630.39    
   44173.79    
  0.0000000E+00
   25784.44    
   5559.742    
  0.0000000E+00
  0.0000000E+00
   58471.11    
   16297.82    
  0.0000000E+00
   95331.37    
  -18170.08    
  -26282.40    
  -39120.64    
  -49665.34    
  -51446.03    
  0.0000000E+00
  -61682.72    
  0.0000000E+00
  0.0000000E+00
  -103484.1    
  0.0000000E+00
  0.0000000E+00
   165110.5    
  0.0000000E+00
  0.0000000E+00
  0.0000000E+00
  0.0000000E+00
  -109873.0    
  0.0000000E+00
  0.0000000E+00
  0.0000000E+00
  0.0000000E+00
  0.0000000E+00
  0.0000000E+00
  0.0000000E+00
   6212.687    
  0.0000000E+00
  0.0000000E+00
  0.0000000E+00
  0.0000000E+00
  0.0000000E+00
   27694.01    
  0.0000000E+00
  0.0000000E+00
  0.0000000E+00
  0.0000000E+00
  0.0000000E+00
  0.0000000E+00
   121657.5    
  0.0000000E+00
  0.0000000E+00
  0.0000000E+00
  0.0000000E+00
  0.0000000E+00
  0.0000000E+00
   229240.0    
  -147958.5    
  0.0000000E+00
  0.0000000E+00
  -83173.25    
  0.0000000E+00
  0.0000000E+00
  0.0000000E+00
   149446.3    
  -61382.49    
  0.0000000E+00
  0.0000000E+00
  0.0000000E+00
  -44543.82    
  0.0000000E+00
  -102155.9    
   26095.33    
  0.0000000E+00
  0.0000000E+00
  0.0000000E+00
  0.0000000E+00
  -125851.2    
  0.0000000E+00
  0.0000000E+00
   247587.4    
   100116.2    
   80122.00    
  -478358.3    
  0.0000000E+00
  -35363.90    
  0.0000000E+00
  -214124.7    
   89562.15    
  -18498.31    
   202514.3    
   138179.9    
   81044.27    
  0.0000000E+00
  -82889.72    
  -37052.79    
   81927.23    
   31972.90    
  -168309.5    
   40957.88    
   18848.10    
  -113599.9    
  0.0000000E+00
  0.0000000E+00
   97822.09    
   13903.12    
   49079.96    
   278441.2    
  -348419.7    
  0.0000000E+00
   83286.30    
  0.0000000E+00
  -491841.7    
   61660.17    
   37066.61    
   95428.16    
  -316920.6    
  0.0000000E+00
   37834.01    
   54070.22    
   85062.45    
  0.0000000E+00
   68898.80    
  0.0000000E+00
  -463027.0    
   86785.04    
  -375078.4    
   80343.81    
  -413601.3    
   82100.22    
  0.0000000E+00
  -387265.0    
   88613.02    
  0.0000000E+00
  -175607.1    
  0.0000000E+00
  0.0000000E+00
  0.0000000E+00
   28596.41    
  -24626.01    
  0.0000000E+00
  0.0000000E+00
   12315.94    
  -508676.8    
  0.0000000E+00
  0.0000000E+00
   5948.615    
  -38538.39    
  0.0000000E+00
  0.0000000E+00
  0.0000000E+00
  -360853.2    
  0.0000000E+00
  -6858.484    
  -180584.0    
  -432461.7    
  0.0000000E+00
  -99121.77    
   62536.44    
   45365.56    
  0.0000000E+00
  -208907.0    
  0.0000000E+00
  -385701.2    
  -166296.9    
  -21738.44    
  0.0000000E+00
   55307.87    
   62124.76    
  0.0000000E+00
  -194635.7    
  -166465.9    
  0.0000000E+00
   89208.93    
  0.0000000E+00
   11488.75    
  -204456.5    
  0.0000000E+00
  -359779.3    
  -85864.20    
   33198.09    
  -148896.9    
  -402176.6    
  -20947.83    
  0.0000000E+00
  -94227.64    
  -519969.2    
  -71270.18    
  -155715.2    
   20719.69    
   96815.12    
  -224404.5    
  -374018.5    
   101473.7    
  -243333.1    
  -241498.8    
  -130868.9    
   97440.12    
   5917.070    
  0.0000000E+00
  -377416.0    
   1223.759    
  0.0000000E+00
  -57375.23    
  -253277.9    
  -236263.8    
  0.0000000E+00
   15176.63    
   51066.58    
  -19091.47    
  -121002.8    
  0.0000000E+00
  -190603.9    
  0.0000000E+00
  0.0000000E+00
   27767.50    
  -7069.742    
  -92561.66    
  0.0000000E+00
  -91521.58    
  0.0000000E+00
  0.0000000E+00
   14280.78    
  -81176.85    
  -222936.3    
  0.0000000E+00
  -63947.59    
  -83041.55    
  0.0000000E+00
  0.0000000E+00
   109486.7    
   43542.93    
  -130184.1    
  0.0000000E+00
  -47186.01    
  -35902.48    
  0.0000000E+00
  0.0000000E+00
  -43814.19    
  -68977.66    
  0.0000000E+00
  0.0000000E+00
  0.0000000E+00
  0.0000000E+00
  0.0000000E+00
  0.0000000E+00
  0.0000000E+00
  0.0000000E+00
  -88518.12    
  0.0000000E+00
  0.0000000E+00
  -40050.92    
  0.0000000E+00
  0.0000000E+00
  0.0000000E+00
  0.0000000E+00
  -47538.34    
  0.0000000E+00
  -53479.54    
  0.0000000E+00
  0.0000000E+00
  0.0000000E+00
  -70104.48    
  0.0000000E+00
  0.0000000E+00
  0.0000000E+00
  0.0000000E+00
  0.0000000E+00
  0.0000000E+00
   42842.01    
  -92494.27    
  0.0000000E+00
  0.0000000E+00
  0.0000000E+00
  0.0000000E+00
  0.0000000E+00
  0.0000000E+00
  0.0000000E+00
  0.0000000E+00
  0.0000000E+00
  0.0000000E+00
   183750.0    
  -101188.7    
  0.0000000E+00
  0.0000000E+00
  0.0000000E+00
  0.0000000E+00
   60379.22    
  -88024.51    
  0.0000000E+00
  0.0000000E+00
  0.0000000E+00
  0.0000000E+00
   1130.137    
  -58650.36    
  0.0000000E+00
  0.0000000E+00
  0.0000000E+00
  0.0000000E+00
   17150.57    
  -13183.17    
  -7919.796    
  0.0000000E+00
   2811.636    
   14463.66    
   14320.96    
   13678.47    
  -77655.30    
  0.0000000E+00
   45273.01    
  0.0000000E+00
  0.0000000E+00
  0.0000000E+00
  -23715.79    
  0.0000000E+00
  -52883.11    
  0.0000000E+00
  0.0000000E+00
  -24389.70    
   41161.86    
  0.0000000E+00
  0.0000000E+00
  0.0000000E+00
  -38437.83    
   44099.52    
  0.0000000E+00
   24518.36    
  0.0000000E+00
  0.0000000E+00
   98686.82    
  -8448.719    
  0.0000000E+00
  -15917.76    
   55422.99    
  0.0000000E+00
  0.0000000E+00
   8102.670    
  -17750.07    
   72504.12    
  -47990.78    
   27822.56    
  -37625.75    
   131958.1    
  -12069.50    
  -18033.12    
  -17377.75    
  0.0000000E+00
   33181.50    
   27103.47    
  -93660.26    
  0.0000000E+00
  -74652.38    
   28748.55    
  -22958.04    
   13097.04    
  -19154.19    
  0.0000000E+00
   132616.8    
  -31083.49    
  -48877.81    
  0.0000000E+00
  0.0000000E+00
  -22556.99    
  0.0000000E+00
   116054.1    
  0.0000000E+00
  0.0000000E+00
   42527.61    
   46302.84    
  0.0000000E+00
  -4809.693    
  0.0000000E+00
   10859.21    
  -23998.74    
  -28594.38    
   44206.56    
   5518.393    
  -11467.91    
   13368.65    
  0.0000000E+00
  0.0000000E+00
  -5510.589    
   25704.04    
  -62180.28    
   1673.495    
  -19243.22    
  0.0000000E+00
  -36238.01    
  -25005.35    
  -64457.74    
   26428.78    
  -39270.70    
   56118.15    
   11408.01    
  -33525.97    
   59358.15    
  -20269.24    
   71128.20    
   7835.812    
   60745.19    
   9958.685    
  -20573.84    
  -48434.22    
   59395.49    
   110027.3    
  0.0000000E+00
   167072.9    
   21877.70    
  0.0000000E+00
  -52969.52    
  0.0000000E+00
  0.0000000E+00
  0.0000000E+00
  -41280.10    
  0.0000000E+00
  0.0000000E+00
  0.0000000E+00
   35411.51    
  0.0000000E+00
  0.0000000E+00
  0.0000000E+00
  0.0000000E+00
  -34258.68    
  0.0000000E+00
  0.0000000E+00
  0.0000000E+00
  -12624.89    
  0.0000000E+00
  0.0000000E+00
  0.0000000E+00
  -31053.92    
  0.0000000E+00
  0.0000000E+00
  0.0000000E+00
  -40021.74    
   239.1629    
   2906.480    
  -10364.40    
   18379.08    
   96.59248    
   3313.648    
  -20259.73    
   3724.660    
  -16317.32    
  0.0000000E+00
  0.0000000E+00
  -26620.81    
   25350.25    
  -7058.688    
  0.0000000E+00
  -9809.801    
  0.0000000E+00
  0.0000000E+00
  -13713.80    
  -2051.907    
   2124.357    
  0.0000000E+00
  0.0000000E+00
  -2445.386    
  -8930.946    
  0.0000000E+00
  0.0000000E+00
   4093.985    
  -18028.38    
  0.0000000E+00
  -14726.74    
  -11186.94    
   2215.316    
   24285.71    
  -16478.03    
  -2107.467    
   10012.83    
  -19798.10    
  0.0000000E+00
   154590.2    
  -24111.90    
  0.0000000E+00
  0.0000000E+00
  0.0000000E+00
  0.0000000E+00
  0.0000000E+00
  0.0000000E+00
   24687.40    
  -23058.31    
  0.0000000E+00
  -8586.644    
  0.0000000E+00
   5004.330    
   199788.6    
   82122.11    
   7408.486    
  -8699.256    
  0.0000000E+00
   120858.3    
   3361.288    
  -605.2793    
   14681.35    
  -6867.090    
   14434.23    
   384288.7    
   4174.210    
   409023.8    
  0.0000000E+00
  -11344.27    
  -10680.89    
   185609.9    
   229668.1    
  -23965.10    
   219234.0    
  -39321.13    
  -24001.13    
  -56597.57    
  -25219.33    
   37892.04    
  -202444.6    
  -119484.9    
   72937.70    
   444967.4    
  -43734.38    
 
 month:          10 year:        1988
  0.0000000E+00
  0.0000000E+00
  0.0000000E+00
  0.0000000E+00
  0.0000000E+00
  0.0000000E+00
  0.0000000E+00
  0.0000000E+00
  0.0000000E+00
  0.0000000E+00
  0.0000000E+00
  0.0000000E+00
  0.0000000E+00
  0.0000000E+00
  0.0000000E+00
  0.0000000E+00
  0.0000000E+00
  0.0000000E+00
  0.0000000E+00
  0.0000000E+00
  0.0000000E+00
  0.0000000E+00
  0.0000000E+00
  0.0000000E+00
  0.0000000E+00
  0.0000000E+00
  0.0000000E+00
   2374.578    
   476.2499    
  0.0000000E+00
  0.0000000E+00
  0.0000000E+00
   1701.618    
   13111.62    
   8263.182    
   8609.892    
   991.5297    
   9989.737    
   9220.331    
   8810.774    
   7058.683    
  0.0000000E+00
  0.0000000E+00
  0.0000000E+00
  0.0000000E+00
   8746.152    
   13494.43    
  0.0000000E+00
   18402.30    
   8154.826    
  0.0000000E+00
  0.0000000E+00
   27642.28    
   12127.40    
  0.0000000E+00
   76391.72    
  -11057.19    
  -19811.33    
  -33346.87    
  -43640.14    
  -44159.84    
  0.0000000E+00
  -57788.36    
  0.0000000E+00
  0.0000000E+00
  -97792.73    
  0.0000000E+00
  0.0000000E+00
   96813.80    
  0.0000000E+00
  0.0000000E+00
  0.0000000E+00
  0.0000000E+00
  -117894.3    
  0.0000000E+00
  0.0000000E+00
  0.0000000E+00
  0.0000000E+00
  0.0000000E+00
  0.0000000E+00
  0.0000000E+00
   4817.280    
  0.0000000E+00
  0.0000000E+00
  0.0000000E+00
  0.0000000E+00
  0.0000000E+00
   9828.876    
  0.0000000E+00
  0.0000000E+00
  0.0000000E+00
  0.0000000E+00
  0.0000000E+00
  0.0000000E+00
   43177.45    
  0.0000000E+00
  0.0000000E+00
  0.0000000E+00
  0.0000000E+00
  0.0000000E+00
  0.0000000E+00
   81359.55    
  -162126.9    
  0.0000000E+00
  0.0000000E+00
  -82061.64    
  0.0000000E+00
  0.0000000E+00
  0.0000000E+00
   53039.99    
  -67174.40    
  0.0000000E+00
  0.0000000E+00
  0.0000000E+00
  -45911.11    
  0.0000000E+00
  -105613.9    
   18230.57    
  0.0000000E+00
  0.0000000E+00
  0.0000000E+00
  0.0000000E+00
  -128451.6    
  0.0000000E+00
  0.0000000E+00
   87871.22    
   35532.21    
   55964.57    
  -480570.8    
  0.0000000E+00
  -27902.46    
  0.0000000E+00
  -236274.0    
   62558.47    
   2811.767    
   75266.97    
   49041.41    
   56608.81    
  0.0000000E+00
  -64526.95    
  -31611.13    
   33493.37    
   13071.12    
  -166028.8    
   47269.05    
   22620.06    
  -117438.8    
  0.0000000E+00
  0.0000000E+00
   68327.97    
   9983.903    
   35549.62    
   113831.9    
  -355541.3    
  0.0000000E+00
   58174.79    
  0.0000000E+00
  -495807.2    
   25207.82    
   25890.74    
   66655.84    
  -313442.5    
  0.0000000E+00
   26426.77    
   37767.65    
   39047.55    
  0.0000000E+00
   48125.28    
  0.0000000E+00
  -457037.0    
   60618.69    
  -364126.0    
   56119.55    
  -407198.6    
   57346.38    
  0.0000000E+00
  -370609.1    
   61895.51    
  0.0000000E+00
  -159276.6    
  0.0000000E+00
  0.0000000E+00
  0.0000000E+00
   19974.36    
  -25501.74    
  0.0000000E+00
  0.0000000E+00
   36400.03    
  -501619.2    
  0.0000000E+00
  0.0000000E+00
   7554.455    
  -39489.45    
  0.0000000E+00
  0.0000000E+00
  0.0000000E+00
  -340129.0    
  0.0000000E+00
  0.0000000E+00
  -180278.0    
  -440263.9    
  0.0000000E+00
  -94995.48    
   79418.27    
   57612.05    
  0.0000000E+00
  -176181.1    
  0.0000000E+00
  -340246.2    
  -120913.0    
  -20442.08    
  0.0000000E+00
   70238.32    
   75015.78    
  0.0000000E+00
  -195649.0    
  -164664.6    
  0.0000000E+00
   79775.96    
  0.0000000E+00
   5746.409    
  -153328.8    
  0.0000000E+00
  -364303.4    
  -90130.38    
  -1617.641    
  -96644.22    
  -403481.8    
  -20955.32    
  0.0000000E+00
  -70829.27    
  -467189.3    
  -68289.53    
  -153237.3    
   24939.90    
   116534.4    
  -220160.1    
  -380058.8    
   122142.0    
  -245877.0    
  -244729.9    
  -130608.6    
   117286.8    
   9269.611    
  0.0000000E+00
  -382231.3    
   1774.335    
  0.0000000E+00
  -58489.32    
  -260028.6    
  -235720.0    
  0.0000000E+00
   17143.89    
   30778.43    
  -20772.74    
  -123718.9    
  0.0000000E+00
  -188781.8    
  0.0000000E+00
  0.0000000E+00
   31362.98    
  -5833.222    
  -91095.95    
  0.0000000E+00
  -88845.21    
  0.0000000E+00
  0.0000000E+00
   8419.302    
  -75873.36    
  -227454.7    
  0.0000000E+00
  -60232.18    
  -81924.67    
  0.0000000E+00
  0.0000000E+00
   64548.41    
   51060.65    
  -131776.6    
  0.0000000E+00
  -42864.27    
  -34705.81    
  0.0000000E+00
  0.0000000E+00
  -38920.43    
  -68299.43    
  0.0000000E+00
  0.0000000E+00
  0.0000000E+00
  0.0000000E+00
  0.0000000E+00
  0.0000000E+00
  0.0000000E+00
  0.0000000E+00
  -84785.88    
  0.0000000E+00
  0.0000000E+00
  -40950.53    
  0.0000000E+00
  0.0000000E+00
  0.0000000E+00
  0.0000000E+00
  -42233.50    
  0.0000000E+00
  -55702.05    
  0.0000000E+00
  0.0000000E+00
  0.0000000E+00
  -64226.86    
  0.0000000E+00
  0.0000000E+00
  0.0000000E+00
  0.0000000E+00
  0.0000000E+00
  0.0000000E+00
   25257.29    
  -88264.18    
  0.0000000E+00
  0.0000000E+00
  0.0000000E+00
  0.0000000E+00
  0.0000000E+00
  0.0000000E+00
  0.0000000E+00
  0.0000000E+00
  0.0000000E+00
  0.0000000E+00
   48183.99    
  -98815.54    
  0.0000000E+00
  0.0000000E+00
  0.0000000E+00
  0.0000000E+00
   35595.69    
  -85548.25    
  0.0000000E+00
  0.0000000E+00
  0.0000000E+00
  0.0000000E+00
   699.5100    
  -57236.82    
  0.0000000E+00
  0.0000000E+00
  0.0000000E+00
  0.0000000E+00
   10747.87    
  -13717.53    
  -8328.084    
  0.0000000E+00
   1761.988    
   9064.047    
   8974.623    
   8571.982    
  -75861.04    
  0.0000000E+00
   59473.30    
  0.0000000E+00
  0.0000000E+00
  0.0000000E+00
  -12013.12    
  0.0000000E+00
  -42042.66    
  0.0000000E+00
  0.0000000E+00
  -12585.71    
   32511.59    
  0.0000000E+00
  0.0000000E+00
  0.0000000E+00
  -27735.10    
   34830.45    
  0.0000000E+00
  -28398.71    
  0.0000000E+00
  0.0000000E+00
   60504.00    
  -8840.345    
  0.0000000E+00
  -16364.50    
   43773.88    
  0.0000000E+00
  0.0000000E+00
   7683.483    
  -18092.19    
   57262.77    
  -50259.66    
   29028.50    
  -40778.60    
   80998.99    
  -12473.36    
  -19085.93    
  -18766.32    
  0.0000000E+00
   26206.29    
   21405.95    
  -96969.55    
  0.0000000E+00
  -77537.70    
   29791.20    
  -24599.33    
   10343.86    
  -19657.29    
  0.0000000E+00
   80850.67    
  -34213.38    
  -51008.21    
  0.0000000E+00
  0.0000000E+00
  -27352.28    
  0.0000000E+00
   70753.13    
  0.0000000E+00
  0.0000000E+00
   33587.72    
   36569.35    
  0.0000000E+00
  -6124.750    
  0.0000000E+00
   8768.668    
  -24796.22    
  -30164.64    
  -4857.803    
   4358.352    
  -12761.80    
   10558.58    
  0.0000000E+00
  0.0000000E+00
  -6102.348    
   20755.66    
  -63962.66    
   1364.853    
  -20317.07    
  0.0000000E+00
  -37683.95    
  -26086.64    
  -66159.25    
   27178.49    
  -40761.89    
   45314.65    
   9211.815    
  -34422.08    
   47930.90    
  -20728.13    
   55382.17    
   7838.451    
   49050.93    
   8041.504    
  -21497.37    
  -51168.96    
  -23547.47    
   66622.68    
  0.0000000E+00
  -5784.951    
   22069.84    
  0.0000000E+00
  -54814.39    
  0.0000000E+00
  0.0000000E+00
  0.0000000E+00
  -42870.21    
  0.0000000E+00
  0.0000000E+00
  0.0000000E+00
   22605.99    
  0.0000000E+00
  0.0000000E+00
  0.0000000E+00
  0.0000000E+00
  -35619.82    
  0.0000000E+00
  0.0000000E+00
  0.0000000E+00
  -12897.19    
  0.0000000E+00
  0.0000000E+00
  0.0000000E+00
  -32106.09    
  0.0000000E+00
  0.0000000E+00
  0.0000000E+00
  -40647.18    
   195.9019    
   2384.125    
  -10511.57    
   19949.31    
   79.23285    
   2718.116    
  -20290.94    
   3055.263    
  -16455.53    
  0.0000000E+00
  0.0000000E+00
  -26904.80    
   26189.92    
  -7388.361    
  0.0000000E+00
  -10280.29    
  0.0000000E+00
  0.0000000E+00
  -14132.63    
  -2123.774    
   2459.231    
  0.0000000E+00
  0.0000000E+00
  -2443.748    
  -9125.044    
  0.0000000E+00
  0.0000000E+00
   4262.639    
  -18373.44    
  0.0000000E+00
  -15267.52    
  -11436.87    
   2291.462    
   24978.28    
  -17020.03    
  -2115.395    
   10267.40    
  -20341.06    
  0.0000000E+00
   96996.95    
  -25379.96    
  0.0000000E+00
  0.0000000E+00
  0.0000000E+00
  0.0000000E+00
  0.0000000E+00
  0.0000000E+00
   25614.12    
  -24229.12    
  0.0000000E+00
  -9119.306    
  0.0000000E+00
   4890.711    
   125356.5    
   51397.04    
   7448.859    
  -8966.004    
  0.0000000E+00
   75825.37    
   2749.831    
  -873.9327    
   14291.68    
  -7285.089    
   14559.85    
   239400.7    
   1502.002    
   211482.9    
  0.0000000E+00
  -12385.88    
  -11582.23    
   115629.6    
   143076.6    
  -26639.55    
   136576.4    
  -41253.37    
  -25429.93    
  -59971.84    
  -27831.61    
   37809.27    
  -214996.8    
  -127784.5    
   73694.83    
   277201.8    
  -47978.73    
 
 month:          11 year:        1988
  0.0000000E+00
  0.0000000E+00
  0.0000000E+00
  0.0000000E+00
  0.0000000E+00
  0.0000000E+00
  0.0000000E+00
  0.0000000E+00
  0.0000000E+00
  0.0000000E+00
  0.0000000E+00
  0.0000000E+00
  0.0000000E+00
  0.0000000E+00
  0.0000000E+00
  0.0000000E+00
  0.0000000E+00
  0.0000000E+00
  0.0000000E+00
  0.0000000E+00
  0.0000000E+00
  0.0000000E+00
  0.0000000E+00
  0.0000000E+00
  0.0000000E+00
  0.0000000E+00
  0.0000000E+00
   107.7383    
   17.55221    
  0.0000000E+00
  0.0000000E+00
  0.0000000E+00
   52.51911    
   360.1526    
   226.9748    
   7000.284    
   44.98729    
   453.2502    
   418.3410    
   399.7587    
   320.2636    
  0.0000000E+00
  0.0000000E+00
  0.0000000E+00
  0.0000000E+00
   240.2409    
   370.6677    
  0.0000000E+00
   9649.170    
   369.9975    
  0.0000000E+00
  0.0000000E+00
   8403.764    
   5797.824    
  0.0000000E+00
   92000.41    
  -3670.642    
  -12304.22    
  -25297.33    
  -34170.51    
  -32813.02    
  0.0000000E+00
  -48637.61    
  0.0000000E+00
  0.0000000E+00
  -83630.97    
  0.0000000E+00
  0.0000000E+00
   98084.93    
  0.0000000E+00
  0.0000000E+00
  0.0000000E+00
  0.0000000E+00
  -115761.2    
  0.0000000E+00
  0.0000000E+00
  0.0000000E+00
  0.0000000E+00
  0.0000000E+00
  0.0000000E+00
  0.0000000E+00
   5826.434    
  0.0000000E+00
  0.0000000E+00
  0.0000000E+00
  0.0000000E+00
  0.0000000E+00
   868.2457    
  0.0000000E+00
  0.0000000E+00
  0.0000000E+00
  0.0000000E+00
  0.0000000E+00
  0.0000000E+00
   3814.132    
  0.0000000E+00
  0.0000000E+00
  0.0000000E+00
  0.0000000E+00
  0.0000000E+00
  0.0000000E+00
   7186.992    
  -150330.3    
  0.0000000E+00
  0.0000000E+00
  -75910.38    
  0.0000000E+00
  0.0000000E+00
  0.0000000E+00
   4685.353    
  -57009.49    
  0.0000000E+00
  0.0000000E+00
  0.0000000E+00
  -43761.73    
  0.0000000E+00
  -84754.67    
   10340.59    
  0.0000000E+00
  0.0000000E+00
  0.0000000E+00
  0.0000000E+00
  -121788.9    
  0.0000000E+00
  0.0000000E+00
   7762.212    
   3138.781    
   31749.86    
  -456431.8    
  0.0000000E+00
  -20140.52    
  0.0000000E+00
  -221692.1    
   35490.69    
   15538.19    
   9157.090    
   4332.132    
   32115.32    
  0.0000000E+00
  -46073.62    
  -22431.28    
   6234.317    
   2433.002    
  -151728.3    
   23646.89    
   22705.26    
  -107126.8    
  0.0000000E+00
  0.0000000E+00
   38763.86    
   5798.972    
   20836.53    
   21188.20    
  -317248.5    
  0.0000000E+00
   33003.75    
  0.0000000E+00
  -458260.2    
   4692.078    
   14688.34    
   37815.21    
  -289816.1    
  0.0000000E+00
   14992.44    
   21426.35    
   11513.82    
  0.0000000E+00
   27302.46    
  0.0000000E+00
  -419062.8    
   34390.21    
  -335757.5    
   31837.75    
  -378089.3    
   32533.77    
  0.0000000E+00
  -335265.8    
   35114.57    
  0.0000000E+00
  -138721.3    
  0.0000000E+00
  0.0000000E+00
  0.0000000E+00
   11335.01    
  -24680.50    
  0.0000000E+00
  0.0000000E+00
   29460.51    
  -468334.0    
  0.0000000E+00
  0.0000000E+00
   4465.828    
  -38197.08    
  0.0000000E+00
  0.0000000E+00
  0.0000000E+00
  -328262.4    
  0.0000000E+00
  0.0000000E+00
  -168794.3    
  -419740.8    
  0.0000000E+00
  -85451.42    
   43164.27    
   34057.44    
  0.0000000E+00
  -169100.2    
  0.0000000E+00
  -331392.8    
  -119227.9    
  -18248.37    
  0.0000000E+00
   41521.48    
  -24978.13    
  0.0000000E+00
  -183997.7    
  -152508.4    
  0.0000000E+00
  -10587.65    
  0.0000000E+00
   2326.857    
  -150748.0    
  0.0000000E+00
  -346034.3    
  -89601.52    
  -72438.10    
  -97234.73    
  -379044.2    
  -20486.49    
  0.0000000E+00
  -61494.44    
  -455417.2    
  -60922.63    
  -141408.8    
   16071.01    
   75093.57    
  -212754.4    
  -361419.2    
  -24674.82    
  -237457.7    
  -231865.3    
  -121990.4    
   23049.01    
   10054.84    
  0.0000000E+00
  -362310.3    
   1003.991    
  0.0000000E+00
  -57068.77    
  -250621.0    
  -220169.8    
  0.0000000E+00
   10533.61    
   27777.58    
  -20708.92    
  -119057.3    
  0.0000000E+00
  -175024.7    
  0.0000000E+00
  0.0000000E+00
   19278.18    
  -5226.951    
  -84475.27    
  0.0000000E+00
  -80818.98    
  0.0000000E+00
  0.0000000E+00
   3692.691    
  -67793.28    
  -217391.9    
  0.0000000E+00
  -54257.13    
  -75728.02    
  0.0000000E+00
  0.0000000E+00
   28310.82    
   54129.39    
  -124963.7    
  0.0000000E+00
  -37246.52    
  -31276.66    
  0.0000000E+00
  0.0000000E+00
  -32797.94    
  -63467.21    
  0.0000000E+00
  0.0000000E+00
  0.0000000E+00
  0.0000000E+00
  0.0000000E+00
  0.0000000E+00
  0.0000000E+00
  0.0000000E+00
  -77345.83    
  0.0000000E+00
  0.0000000E+00
  -39209.14    
  0.0000000E+00
  0.0000000E+00
  0.0000000E+00
  0.0000000E+00
  -36027.40    
  -27032.49    
  -55415.16    
  0.0000000E+00
  0.0000000E+00
  0.0000000E+00
  -55949.32    
  0.0000000E+00
  0.0000000E+00
  0.0000000E+00
  0.0000000E+00
  0.0000000E+00
  0.0000000E+00
   11078.35    
  -79776.91    
  0.0000000E+00
  0.0000000E+00
  0.0000000E+00
  0.0000000E+00
  0.0000000E+00
  0.0000000E+00
  0.0000000E+00
  0.0000000E+00
  0.0000000E+00
  0.0000000E+00
   47180.77    
  -90109.12    
  0.0000000E+00
  0.0000000E+00
  0.0000000E+00
  0.0000000E+00
  -22101.59    
  -78518.13    
  0.0000000E+00
  0.0000000E+00
  0.0000000E+00
  0.0000000E+00
   307.0015    
  -53256.09    
  0.0000000E+00
  0.0000000E+00
  0.0000000E+00
  0.0000000E+00
   4830.974    
  -13480.22    
  -8574.042    
  0.0000000E+00
   791.9821    
   4074.126    
   4033.935    
   3852.952    
  -71902.42    
  0.0000000E+00
   63004.86    
  0.0000000E+00
  0.0000000E+00
  0.0000000E+00
  -6387.203    
  0.0000000E+00
  -35342.95    
  0.0000000E+00
  0.0000000E+00
  -6665.476    
   23332.77    
  0.0000000E+00
  0.0000000E+00
  0.0000000E+00
  -21128.20    
   24996.60    
  0.0000000E+00
  -27964.01    
  0.0000000E+00
  0.0000000E+00
   24713.44    
  -8332.385    
  0.0000000E+00
  -16229.30    
   31414.99    
  0.0000000E+00
  0.0000000E+00
   6894.337    
  -17988.66    
   41099.73    
  -49162.32    
   28157.23    
  -40651.96    
   33141.39    
  -12445.06    
  -18768.51    
  -19269.61    
  0.0000000E+00
   18809.28    
   15363.89    
  -94360.52    
  0.0000000E+00
  -75134.01    
   28710.34    
  -24797.22    
   7424.196    
  -18815.86    
  0.0000000E+00
   33065.51    
  -34725.14    
  -49552.16    
  0.0000000E+00
  0.0000000E+00
  -26542.68    
  0.0000000E+00
   28935.92    
  0.0000000E+00
  0.0000000E+00
   24107.22    
   26247.25    
  0.0000000E+00
  -6931.438    
  0.0000000E+00
   6493.648    
  -23984.64    
  -29083.08    
  -4826.250    
   3128.159    
  -13143.63    
   7579.562    
  0.0000000E+00
  0.0000000E+00
  -6627.165    
   15370.63    
  -61534.58    
   1001.908    
  -20038.44    
  0.0000000E+00
  -36655.01    
  -25843.85    
  -63531.74    
   26032.65    
  -39831.75    
   33557.83    
   6821.823    
  -33432.80    
   35495.30    
  -20198.84    
  -48034.97    
   7002.383    
   36324.73    
   5955.146    
  -21106.39    
  -49928.04    
  -22907.75    
   27519.23    
  0.0000000E+00
  -5878.212    
   20863.77    
  0.0000000E+00
  -53362.06    
  0.0000000E+00
  0.0000000E+00
  0.0000000E+00
  -41791.78    
  0.0000000E+00
  0.0000000E+00
  0.0000000E+00
   10300.12    
  0.0000000E+00
  0.0000000E+00
  0.0000000E+00
  0.0000000E+00
  -34815.21    
  0.0000000E+00
  0.0000000E+00
  0.0000000E+00
  -12562.49    
  0.0000000E+00
  0.0000000E+00
  0.0000000E+00
  -31498.84    
  0.0000000E+00
  0.0000000E+00
  0.0000000E+00
  -39094.92    
   156.6082    
   1905.077    
  -10439.62    
   19791.66    
   63.31241    
   2171.959    
  -19455.17    
   2441.362    
  -15952.69    
  0.0000000E+00
  0.0000000E+00
  -25628.21    
   25076.45    
  -7450.633    
  0.0000000E+00
  -10421.44    
  0.0000000E+00
  0.0000000E+00
  -14018.68    
  -2269.984    
   2545.566    
  0.0000000E+00
  0.0000000E+00
  -2405.257    
  -9076.518    
  0.0000000E+00
  0.0000000E+00
   3945.173    
  -18165.46    
  0.0000000E+00
  -14984.92    
  -11230.32    
   2107.295    
   23934.35    
  -16854.78    
  -2087.286    
   9791.801    
  -19788.29    
  0.0000000E+00
   44881.46    
  -25241.15    
  0.0000000E+00
  0.0000000E+00
  0.0000000E+00
  0.0000000E+00
  0.0000000E+00
  0.0000000E+00
   24720.40    
  -24054.08    
  0.0000000E+00
  -9314.839    
  0.0000000E+00
   4302.412    
   58003.70    
   23822.17    
   6786.738    
  -8929.956    
  0.0000000E+00
   35119.03    
   1779.099    
  -1352.978    
   12730.14    
  -7758.532    
   13570.22    
   111346.6    
  -510.1813    
   9398.331    
  0.0000000E+00
  -12631.11    
  -11852.33    
   53779.96    
   66545.69    
  -27276.00    
   63522.43    
  -40609.29    
  -25312.26    
  -59211.19    
  -28620.83    
   35426.69    
  -212508.3    
  -127094.6    
   69743.71    
   128928.1    
  -48758.85    
 
 month:          12 year:        1988
  0.0000000E+00
  0.0000000E+00
  0.0000000E+00
  0.0000000E+00
  0.0000000E+00
  0.0000000E+00
  0.0000000E+00
  0.0000000E+00
  0.0000000E+00
  0.0000000E+00
  0.0000000E+00
  0.0000000E+00
  0.0000000E+00
  0.0000000E+00
  0.0000000E+00
  0.0000000E+00
  0.0000000E+00
  0.0000000E+00
  0.0000000E+00
  0.0000000E+00
  0.0000000E+00
  0.0000000E+00
  0.0000000E+00
  0.0000000E+00
  0.0000000E+00
  0.0000000E+00
  0.0000000E+00
   111.3296    
   18.13728    
  0.0000000E+00
  0.0000000E+00
  0.0000000E+00
   124.2952    
   919.8379    
   579.6988    
   3001.658    
   46.48686    
   468.3585    
   432.2857    
   413.0840    
   330.9391    
  0.0000000E+00
  0.0000000E+00
  0.0000000E+00
  0.0000000E+00
   613.5810    
   946.6936    
  0.0000000E+00
   4340.737    
   382.3308    
  0.0000000E+00
  0.0000000E+00
   5538.884    
   2640.979    
  0.0000000E+00
   33713.58    
  -3911.372    
  -12511.86    
  -25794.88    
  -33748.83    
  -30456.73    
  0.0000000E+00
  -49372.54    
  0.0000000E+00
  0.0000000E+00
  -82160.45    
  0.0000000E+00
  0.0000000E+00
   36911.20    
  0.0000000E+00
  0.0000000E+00
  0.0000000E+00
  0.0000000E+00
  -119735.3    
  0.0000000E+00
  0.0000000E+00
  0.0000000E+00
  0.0000000E+00
  0.0000000E+00
  0.0000000E+00
  0.0000000E+00
   6152.844    
  0.0000000E+00
  0.0000000E+00
  0.0000000E+00
  0.0000000E+00
  0.0000000E+00
   1046.150    
  0.0000000E+00
  0.0000000E+00
  0.0000000E+00
  -17536.17    
  0.0000000E+00
  0.0000000E+00
   4595.651    
  0.0000000E+00
  0.0000000E+00
  0.0000000E+00
  0.0000000E+00
  0.0000000E+00
  -32928.04    
   8659.615    
  -145635.2    
  0.0000000E+00
  0.0000000E+00
  -74828.41    
  0.0000000E+00
  0.0000000E+00
  0.0000000E+00
   5645.384    
  -49689.80    
  0.0000000E+00
  0.0000000E+00
  0.0000000E+00
  -44096.45    
  0.0000000E+00
  -70006.05    
   8661.463    
  0.0000000E+00
  0.0000000E+00
  0.0000000E+00
  0.0000000E+00
  -122159.8    
  0.0000000E+00
  0.0000000E+00
   9352.695    
   3781.921    
   26588.95    
  -459212.3    
  0.0000000E+00
  -14959.62    
  0.0000000E+00
  -216552.6    
   29721.71    
   19929.63    
   9804.985    
   5219.791    
   26895.01    
  0.0000000E+00
  -26513.19    
  -16026.03    
   5907.021    
   2305.272    
  -147654.2    
   22731.16    
   24282.79    
  -103382.3    
  0.0000000E+00
  0.0000000E+00
   32462.84    
   6473.131    
   22852.75    
   20075.85    
  -298225.8    
  0.0000000E+00
   27639.03    
  0.0000000E+00
  -444117.8    
   4445.750    
   12300.76    
   31668.39    
  -279850.6    
  0.0000000E+00
   12555.44    
   17943.51    
   10835.29    
  0.0000000E+00
   22864.47    
  0.0000000E+00
  -403109.6    
   28800.12    
  -326399.2    
   26662.56    
  -370203.1    
   27245.43    
  0.0000000E+00
  -320153.9    
   29406.73    
  0.0000000E+00
  -125420.9    
  0.0000000E+00
  0.0000000E+00
  0.0000000E+00
   9488.864    
  -25466.04    
  0.0000000E+00
  0.0000000E+00
   28754.51    
  -466677.3    
  0.0000000E+00
  0.0000000E+00
   2604.400    
  -38956.16    
  0.0000000E+00
  0.0000000E+00
  0.0000000E+00
  -332394.4    
  0.0000000E+00
  0.0000000E+00
  -168744.7    
  -427405.5    
  0.0000000E+00
  -82343.37    
   2942.756    
   19861.78    
  0.0000000E+00
  -170317.6    
  0.0000000E+00
  -335818.5    
  -115021.1    
  -17590.41    
  0.0000000E+00
   24214.69    
  -66353.93    
  0.0000000E+00
  -184612.4    
  -150873.3    
  0.0000000E+00
  -11695.31    
  0.0000000E+00
   2139.862    
  -147652.9    
  0.0000000E+00
  -351497.7    
  -94934.23    
  -73725.39    
  -91727.45    
  -380213.8    
  -21247.10    
  0.0000000E+00
  -60411.18    
  -459411.2    
  -57681.01    
  -139551.2    
   10204.57    
   47681.99    
  -217060.9    
  -366794.7    
  -37160.89    
  -243507.0    
  -234215.9    
  -121606.3    
  -24236.28    
   11728.33    
  0.0000000E+00
  -366553.5    
   1119.659    
  0.0000000E+00
  -58824.71    
  -258137.7    
  -219576.4    
  0.0000000E+00
   5984.696    
   26116.76    
  -21485.16    
  -122575.4    
  0.0000000E+00
  -173269.5    
  0.0000000E+00
  0.0000000E+00
   10952.72    
  -6350.437    
  -87410.01    
  0.0000000E+00
  -78910.97    
  0.0000000E+00
  0.0000000E+00
   3520.450    
  -70729.31    
  -222249.2    
  0.0000000E+00
  -56773.36    
  -74814.51    
  0.0000000E+00
  0.0000000E+00
   26990.30    
   55648.11    
  -126598.1    
  0.0000000E+00
  -39246.37    
  -29957.30    
  0.0000000E+00
  0.0000000E+00
  -34117.31    
  -63118.96    
  0.0000000E+00
  0.0000000E+00
  0.0000000E+00
  0.0000000E+00
  0.0000000E+00
  0.0000000E+00
  0.0000000E+00
  0.0000000E+00
  -80357.23    
  0.0000000E+00
  0.0000000E+00
  -40092.08    
  0.0000000E+00
  0.0000000E+00
  0.0000000E+00
  0.0000000E+00
  -37776.52    
  -41733.14    
  -58016.18    
  0.0000000E+00
  0.0000000E+00
  0.0000000E+00
  -57000.45    
  0.0000000E+00
  0.0000000E+00
  0.0000000E+00
  0.0000000E+00
  0.0000000E+00
  0.0000000E+00
   10561.50    
  -81699.94    
  0.0000000E+00
  0.0000000E+00
  0.0000000E+00
  0.0000000E+00
  0.0000000E+00
  0.0000000E+00
  0.0000000E+00
  0.0000000E+00
  0.0000000E+00
  0.0000000E+00
   45766.53    
  -92636.82    
  0.0000000E+00
  0.0000000E+00
  0.0000000E+00
  0.0000000E+00
  -32392.33    
  -81522.84    
  0.0000000E+00
  0.0000000E+00
  0.0000000E+00
  0.0000000E+00
   374.9951    
  -55197.39    
  0.0000000E+00
  0.0000000E+00
  0.0000000E+00
  0.0000000E+00
   5674.740    
  -13917.28    
  -8908.542    
  0.0000000E+00
   930.3079    
   4785.705    
   4738.490    
   4525.900    
  -74374.07    
  0.0000000E+00
   65400.39    
  0.0000000E+00
  0.0000000E+00
  0.0000000E+00
  -6462.792    
  0.0000000E+00
  -36436.16    
  0.0000000E+00
  0.0000000E+00
  -6655.053    
   23834.34    
  0.0000000E+00
  0.0000000E+00
  0.0000000E+00
  -21241.63    
   25537.85    
  0.0000000E+00
  -29138.49    
  0.0000000E+00
  0.0000000E+00
   22692.14    
  -8260.970    
  0.0000000E+00
  -16852.38    
   32095.22    
  0.0000000E+00
  0.0000000E+00
   6989.604    
  -18609.89    
   5206.221    
  -51365.36    
   29092.12    
  -42306.21    
   30691.25    
  -12938.95    
  -19421.53    
  -20696.89    
  0.0000000E+00
   19211.59    
   15692.50    
  -97523.80    
  0.0000000E+00
  -77346.92    
   29683.85    
  -26111.71    
   7582.991    
  -18999.02    
  0.0000000E+00
   30868.42    
  -36325.97    
  -51019.64    
  0.0000000E+00
  0.0000000E+00
  -27493.84    
  0.0000000E+00
   27013.22    
  0.0000000E+00
  0.0000000E+00
   24622.84    
   26808.64    
  0.0000000E+00
  -7658.981    
  0.0000000E+00
   6754.137    
  -24712.14    
  -29897.57    
  -5080.047    
   3195.066    
  -14128.26    
   7740.298    
  0.0000000E+00
  0.0000000E+00
  -6948.482    
   15987.21    
  -63053.30    
   1040.326    
  -20864.15    
  0.0000000E+00
  -38062.36    
  -26831.98    
  -64974.74    
   26890.04    
  -40991.79    
   34903.97    
   7095.473    
  -34285.07    
   36919.16    
  -20728.13    
  -49797.71    
   7094.695    
   37781.86    
   6194.032    
  -21817.58    
  -51976.94    
  -23802.48    
   25893.89    
  0.0000000E+00
  -6075.551    
   21632.34    
  0.0000000E+00
  -55158.74    
  0.0000000E+00
  0.0000000E+00
  0.0000000E+00
  -43215.49    
  0.0000000E+00
  0.0000000E+00
  0.0000000E+00
   9789.401    
  0.0000000E+00
  0.0000000E+00
  0.0000000E+00
  0.0000000E+00
  -36212.11    
  0.0000000E+00
  0.0000000E+00
  0.0000000E+00
  -12729.84    
  0.0000000E+00
  0.0000000E+00
  0.0000000E+00
  -32584.08    
  0.0000000E+00
  0.0000000E+00
  0.0000000E+00
  -39869.43    
   150.0593    
   1820.382    
  -10776.49    
   21185.70    
   60.49769    
   2075.398    
  -19593.88    
   2332.823    
  -16193.82    
  0.0000000E+00
  0.0000000E+00
  -26219.66    
   25908.01    
  -7769.317    
  0.0000000E+00
  -10836.06    
  0.0000000E+00
  0.0000000E+00
  -14520.67    
  -2277.419    
   2760.095    
  0.0000000E+00
  0.0000000E+00
  -2430.644    
  -9390.646    
  0.0000000E+00
  0.0000000E+00
   4080.756    
  -18794.14    
  0.0000000E+00
  -15633.86    
  -11610.37    
   2188.753    
   24739.80    
  -17400.09    
  -2156.478    
   10093.58    
  -20462.07    
  0.0000000E+00
   43375.02    
  -26167.81    
  0.0000000E+00
  0.0000000E+00
  0.0000000E+00
  0.0000000E+00
  0.0000000E+00
  0.0000000E+00
   25549.50    
  -24952.61    
  0.0000000E+00
  -9699.165    
  0.0000000E+00
   4395.833    
   56056.82    
   23121.88    
   6932.082    
  -9235.150    
  0.0000000E+00
   34135.51    
   1637.462    
  -1463.029    
   12707.22    
  -8266.103    
   13918.90    
   108633.9    
  -991.8209    
   9178.979    
  0.0000000E+00
  -13166.42    
  -12404.28    
   52469.74    
   64924.47    
  -28846.82    
   61974.86    
  -42089.90    
  -26309.63    
  -61125.25    
  -29729.66    
   36595.22    
  -219536.4    
  -131941.8    
   72146.86    
   125787.0    
  -50705.84    
 
 month:           1 year:        1989
  0.0000000E+00
  0.0000000E+00
  0.0000000E+00
  0.0000000E+00
  0.0000000E+00
  0.0000000E+00
  0.0000000E+00
  0.0000000E+00
  0.0000000E+00
  0.0000000E+00
  0.0000000E+00
  0.0000000E+00
  0.0000000E+00
  0.0000000E+00
  0.0000000E+00
  0.0000000E+00
  0.0000000E+00
  0.0000000E+00
  0.0000000E+00
  0.0000000E+00
  0.0000000E+00
  0.0000000E+00
  0.0000000E+00
  0.0000000E+00
  0.0000000E+00
  0.0000000E+00
  0.0000000E+00
   114.9209    
   18.72235    
  0.0000000E+00
  0.0000000E+00
  0.0000000E+00
   301.1095    
   2326.502    
   1466.205    
   533.2570    
   47.98644    
   483.4668    
   446.2304    
   426.4092    
   341.6145    
  0.0000000E+00
  0.0000000E+00
  0.0000000E+00
  0.0000000E+00
   1551.902    
   2394.427    
  0.0000000E+00
   1359.883    
   394.6640    
  0.0000000E+00
  0.0000000E+00
   4234.579    
   905.7919    
  0.0000000E+00
   4199.620    
  -3421.679    
  -12873.62    
  -26448.19    
  -33523.79    
  -28297.63    
  0.0000000E+00
  -50057.56    
  0.0000000E+00
  0.0000000E+00
  -79585.37    
  0.0000000E+00
  0.0000000E+00
   6205.183    
  0.0000000E+00
  0.0000000E+00
  0.0000000E+00
  0.0000000E+00
  -120864.5    
  0.0000000E+00
  0.0000000E+00
  0.0000000E+00
  0.0000000E+00
  0.0000000E+00
  0.0000000E+00
  0.0000000E+00
   6895.431    
  0.0000000E+00
  0.0000000E+00
  0.0000000E+00
  0.0000000E+00
  0.0000000E+00
   1232.429    
  0.0000000E+00
  0.0000000E+00
  0.0000000E+00
  -62308.30    
  0.0000000E+00
  0.0000000E+00
   5413.959    
  0.0000000E+00
  0.0000000E+00
  0.0000000E+00
  0.0000000E+00
  0.0000000E+00
  -59168.57    
   10201.56    
  -141601.0    
  0.0000000E+00
  0.0000000E+00
  -74065.52    
  0.0000000E+00
  0.0000000E+00
  0.0000000E+00
   6650.609    
  -43877.59    
  0.0000000E+00
  0.0000000E+00
  0.0000000E+00
  -44073.48    
  0.0000000E+00
  -58425.19    
   2628.550    
  0.0000000E+00
  0.0000000E+00
  0.0000000E+00
  0.0000000E+00
  -122290.9    
  0.0000000E+00
  0.0000000E+00
   11018.05    
   4455.335    
   8079.035    
  -466921.3    
  0.0000000E+00
  -10194.13    
  0.0000000E+00
  -211354.8    
   9030.926    
   19173.71    
   10785.71    
   6149.234    
   8172.033    
  0.0000000E+00
  -17263.89    
  -11048.95    
   5956.329    
   2324.516    
  -144653.3    
   22920.90    
   24485.49    
  -100048.4    
  0.0000000E+00
  0.0000000E+00
   9863.812    
   6227.607    
   22017.67    
   20243.43    
  -280964.1    
  0.0000000E+00
   8398.104    
  0.0000000E+00
  -434471.1    
   4482.861    
   3737.579    
   9622.423    
  -280401.0    
  0.0000000E+00
   3814.960    
   5452.126    
   10554.10    
  0.0000000E+00
   6947.355    
  0.0000000E+00
  -396526.7    
   8750.897    
  -329986.5    
   8101.400    
  -371433.9    
   8278.510    
  0.0000000E+00
  -315151.3    
   8935.219    
  0.0000000E+00
  -122991.9    
  0.0000000E+00
  0.0000000E+00
  0.0000000E+00
   2887.476    
  -26033.57    
  0.0000000E+00
  0.0000000E+00
   28190.19    
  -472709.0    
  0.0000000E+00
  0.0000000E+00
   1011.073    
  -39187.25    
  0.0000000E+00
  0.0000000E+00
  0.0000000E+00
  -340583.6    
  0.0000000E+00
  0.0000000E+00
  -168383.8    
  -434678.3    
  0.0000000E+00
  -79366.95    
   6402.949    
   7710.687    
  0.0000000E+00
  -176593.5    
  0.0000000E+00
  -345777.3    
  -117844.6    
  -17038.32    
  0.0000000E+00
   9400.560    
  -68273.13    
  0.0000000E+00
  -184670.6    
  -148943.1    
  0.0000000E+00
  -12863.15    
  0.0000000E+00
   2116.285    
  -152785.0    
  0.0000000E+00
  -356929.5    
  -100225.8    
  -77503.00    
  -94732.17    
  -380560.2    
  -21798.22    
  0.0000000E+00
  -61733.07    
  -473880.7    
  -53980.29    
  -137553.3    
   2279.573    
   10651.56    
  -222740.8    
  -371441.7    
  -38057.19    
  -250138.1    
  -235793.7    
  -120883.8    
  -24934.66    
   13515.98    
  0.0000000E+00
  -370038.9    
   1482.853    
  0.0000000E+00
  -60507.39    
  -265687.1    
  -218480.4    
  0.0000000E+00
   1644.707    
   16721.99    
  -22196.42    
  -126017.2    
  0.0000000E+00
  -171099.6    
  0.0000000E+00
  0.0000000E+00
   3009.709    
  -7689.717    
  -91430.95    
  0.0000000E+00
  -77101.62    
  0.0000000E+00
  0.0000000E+00
   3558.557    
  -75416.12    
  -227121.6    
  0.0000000E+00
  -60373.57    
  -73790.06    
  0.0000000E+00
  0.0000000E+00
  -32724.45    
   55402.45    
  -128080.9    
  0.0000000E+00
  -42905.81    
  -28430.79    
  0.0000000E+00
  0.0000000E+00
  -36612.03    
  -62760.79    
  0.0000000E+00
  0.0000000E+00
  0.0000000E+00
  0.0000000E+00
  0.0000000E+00
  0.0000000E+00
  0.0000000E+00
  0.0000000E+00
  -84501.66    
  0.0000000E+00
  0.0000000E+00
  -40944.64    
  0.0000000E+00
  0.0000000E+00
  0.0000000E+00
  0.0000000E+00
  -40689.67    
  -43546.27    
  -60084.88    
  0.0000000E+00
  0.0000000E+00
  0.0000000E+00
  -59100.62    
  0.0000000E+00
  0.0000000E+00
  0.0000000E+00
  0.0000000E+00
  0.0000000E+00
  0.0000000E+00
   10677.25    
  -84656.16    
  0.0000000E+00
  0.0000000E+00
  0.0000000E+00
  0.0000000E+00
  0.0000000E+00
  0.0000000E+00
  0.0000000E+00
  0.0000000E+00
  0.0000000E+00
  0.0000000E+00
   46268.14    
  -96222.11    
  0.0000000E+00
  0.0000000E+00
  0.0000000E+00
  0.0000000E+00
  -34484.92    
  -85548.26    
  0.0000000E+00
  0.0000000E+00
  0.0000000E+00
  0.0000000E+00
   370.8743    
  -57663.81    
  0.0000000E+00
  0.0000000E+00
  0.0000000E+00
  0.0000000E+00
   5643.155    
  -14350.91    
  -9220.905    
  0.0000000E+00
   925.1299    
   4759.067    
   4712.117    
   4500.709    
  -76878.77    
  0.0000000E+00
   67815.66    
  0.0000000E+00
  0.0000000E+00
  0.0000000E+00
  -6573.475    
  0.0000000E+00
  -37572.11    
  0.0000000E+00
  0.0000000E+00
  -6652.447    
   23723.38    
  0.0000000E+00
  0.0000000E+00
  0.0000000E+00
  -21369.22    
   25418.27    
  0.0000000E+00
  -30324.92    
  0.0000000E+00
  0.0000000E+00
   22916.77    
  -8171.125    
  0.0000000E+00
  -17475.45    
   31944.93    
  0.0000000E+00
  0.0000000E+00
   7099.163    
  -19325.65    
  -21577.25    
  -53155.55    
   30002.11    
  -43949.91    
   30939.83    
  -13435.42    
  -20073.53    
  -22149.98    
  0.0000000E+00
   19124.21    
   15621.13    
  -100662.8    
  0.0000000E+00
  -79551.55    
   30671.91    
  -27420.74    
   7548.502    
  -19154.58    
  -18026.36    
   31111.15    
  -37864.39    
  -52480.84    
  0.0000000E+00
  0.0000000E+00
  -28451.15    
  0.0000000E+00
   27225.64    
  0.0000000E+00
  0.0000000E+00
   24510.85    
   26686.71    
  0.0000000E+00
  -8420.008    
  0.0000000E+00
   6767.446    
  -25428.78    
  -30705.81    
  -5343.447    
   3180.534    
  -15175.72    
   7705.241    
  0.0000000E+00
  0.0000000E+00
  -7288.544    
   16018.71    
  -64543.78    
   1043.054    
  -21695.18    
  0.0000000E+00
  -39498.62    
  -27834.23    
  -66377.25    
   27747.43    
  -42105.44    
   34972.75    
   7109.457    
  -35109.91    
   36991.91    
  -21228.73    
  -51576.10    
   7187.004    
   37856.32    
   6206.239    
  -22515.28    
  -54060.13    
  -24726.38    
   26092.88    
  0.0000000E+00
  -6249.909    
   22439.34    
  0.0000000E+00
  -56959.00    
  0.0000000E+00
  0.0000000E+00
  0.0000000E+00
  -44641.71    
  0.0000000E+00
  0.0000000E+00
  0.0000000E+00
   9864.646    
  0.0000000E+00
  0.0000000E+00
  0.0000000E+00
  0.0000000E+00
  -37573.25    
  0.0000000E+00
  0.0000000E+00
  0.0000000E+00
  -12871.66    
  0.0000000E+00
  0.0000000E+00
  0.0000000E+00
  -33684.34    
  0.0000000E+00
  0.0000000E+00
  0.0000000E+00
  -40579.13    
   149.8073    
   1812.718    
  -11119.90    
   22601.39    
   60.24298    
   2066.660    
  -19680.58    
   2323.000    
  -16408.48    
  0.0000000E+00
  0.0000000E+00
  -26778.43    
   26731.45    
  -8102.653    
  0.0000000E+00
  -11218.34    
  0.0000000E+00
  0.0000000E+00
  -15034.98    
  -2257.594    
   2979.856    
  0.0000000E+00
  0.0000000E+00
  -2439.653    
  -9725.207    
  0.0000000E+00
  0.0000000E+00
   4224.608    
  -19366.09    
  0.0000000E+00
  -16265.35    
  -11978.04    
   2260.472    
   25559.23    
  -17981.74    
  -2216.299    
   10409.73    
  -21126.04    
  0.0000000E+00
   43806.00    
  -27098.23    
  0.0000000E+00
  0.0000000E+00
  0.0000000E+00
  0.0000000E+00
  0.0000000E+00
  0.0000000E+00
   26373.11    
  -25827.81    
  0.0000000E+00
  -10076.75    
  0.0000000E+00
   4491.778    
   56613.81    
   23356.75    
   7105.688    
  -9516.314    
  0.0000000E+00
   34480.45    
   1492.370    
  -1518.054    
   12641.32    
  -8812.055    
   14270.14    
   25245.49    
  -1719.632    
   8913.831    
  0.0000000E+00
  -13714.91    
  -12965.05    
   52998.30    
   65578.50    
  -30481.96    
   62599.18    
  -43532.41    
  -27337.81    
  -62978.23    
  -30786.31    
   37803.75    
  -226308.8    
  -136707.0    
   74623.59    
   127054.2    
  -52583.40    
 
 month:           2 year:        1989
  0.0000000E+00
  0.0000000E+00
  0.0000000E+00
  0.0000000E+00
  0.0000000E+00
  0.0000000E+00
  0.0000000E+00
  0.0000000E+00
  0.0000000E+00
  0.0000000E+00
  0.0000000E+00
  0.0000000E+00
  0.0000000E+00
  0.0000000E+00
  0.0000000E+00
  0.0000000E+00
  0.0000000E+00
  0.0000000E+00
  0.0000000E+00
  0.0000000E+00
  0.0000000E+00
  0.0000000E+00
  0.0000000E+00
  0.0000000E+00
  0.0000000E+00
  0.0000000E+00
  0.0000000E+00
   100.5558    
   16.38206    
  0.0000000E+00
  0.0000000E+00
  0.0000000E+00
   254.7176    
   1984.151    
   1250.448    
   338.5760    
   41.98813    
   423.0335    
   390.4516    
   373.1081    
   298.9128    
  0.0000000E+00
  0.0000000E+00
  0.0000000E+00
  0.0000000E+00
   1323.535    
   2042.080    
  0.0000000E+00
   991.5815    
   345.3310    
  0.0000000E+00
  0.0000000E+00
   3374.761    
   673.1982    
  0.0000000E+00
   3688.138    
  -2999.885    
  -11360.21    
  -23088.62    
  -28358.17    
  -22434.07    
  0.0000000E+00
  -43045.70    
  0.0000000E+00
  0.0000000E+00
  -65716.38    
  0.0000000E+00
  0.0000000E+00
   5692.961    
  0.0000000E+00
  0.0000000E+00
  0.0000000E+00
  0.0000000E+00
  -103304.2    
  0.0000000E+00
  0.0000000E+00
  0.0000000E+00
  0.0000000E+00
  0.0000000E+00
  0.0000000E+00
  0.0000000E+00
   6313.331    
  0.0000000E+00
  0.0000000E+00
  0.0000000E+00
  0.0000000E+00
  0.0000000E+00
   1147.098    
  0.0000000E+00
  0.0000000E+00
  0.0000000E+00
  -52989.54    
  0.0000000E+00
  0.0000000E+00
   5039.109    
  0.0000000E+00
  0.0000000E+00
  0.0000000E+00
  0.0000000E+00
  0.0000000E+00
  -48027.87    
   9495.225    
  -117349.1    
  0.0000000E+00
  0.0000000E+00
  -62465.59    
  0.0000000E+00
  0.0000000E+00
  0.0000000E+00
   6190.136    
  -33428.52    
  0.0000000E+00
  0.0000000E+00
  0.0000000E+00
  -37263.32    
  0.0000000E+00
  -42114.06    
   2789.907    
  0.0000000E+00
  0.0000000E+00
  0.0000000E+00
  0.0000000E+00
  -103802.1    
  0.0000000E+00
  0.0000000E+00
   10255.18    
   4146.857    
   8571.216    
  -402641.8    
  0.0000000E+00
  -5174.310    
  0.0000000E+00
  -175247.0    
   9581.096    
   19063.50    
   10084.56    
   5723.475    
   8669.879    
  0.0000000E+00
  -8988.637    
  -6261.141    
   5599.736    
   2185.352    
  -121199.7    
   21548.68    
   23019.59    
  -82500.66    
  0.0000000E+00
  0.0000000E+00
   10464.72    
   6191.812    
   21809.71    
   19031.49    
  -226454.0    
  0.0000000E+00
   8909.720    
  0.0000000E+00
  -361376.1    
   4214.481    
   3965.277    
   10208.63    
  -238726.5    
  0.0000000E+00
   4047.372    
   5784.275    
   9784.905    
  0.0000000E+00
   7370.590    
  0.0000000E+00
  -331251.4    
   9284.010    
  -282308.4    
   8594.946    
  -315155.4    
   8782.842    
  0.0000000E+00
  -263067.6    
   9479.559    
  0.0000000E+00
  -101900.0    
  0.0000000E+00
  0.0000000E+00
  0.0000000E+00
   3049.014    
  -22487.39    
  0.0000000E+00
  0.0000000E+00
   26301.24    
  -405758.7    
  0.0000000E+00
  0.0000000E+00
   855.8514    
  -33441.78    
  0.0000000E+00
  0.0000000E+00
  0.0000000E+00
  -295573.2    
  0.0000000E+00
  0.0000000E+00
  -142695.9    
  -375090.1    
  0.0000000E+00
  -65275.39    
   8997.377    
   6526.925    
  0.0000000E+00
  -154560.9    
  0.0000000E+00
  -301100.1    
  -101937.6    
  -14105.23    
  0.0000000E+00
   7957.370    
  -59401.66    
  0.0000000E+00
  -156658.6    
  -124961.2    
  0.0000000E+00
  -11046.51    
  0.0000000E+00
   1986.202    
  -133374.1    
  0.0000000E+00
  -307772.2    
  -87829.80    
  -68144.23    
  -82299.62    
  -323275.5    
  -18855.55    
  0.0000000E+00
  -52878.62    
  -413558.2    
  -42650.20    
  -115306.2    
   2370.860    
   11078.11    
  -193694.5    
  -318994.5    
  -32812.06    
  -217809.2    
  -201169.3    
  -101979.2    
  -21759.03    
   13000.85    
  0.0000000E+00
  -316861.1    
   1681.801    
  0.0000000E+00
  -52720.39    
  -231828.7    
  -184581.9    
  0.0000000E+00
   1562.282    
   15875.84    
  -19391.99    
  -109823.9    
  0.0000000E+00
  -143512.5    
  0.0000000E+00
  0.0000000E+00
   2858.253    
  -6778.596    
  -79102.15    
  0.0000000E+00
  -64059.67    
  0.0000000E+00
  0.0000000E+00
   3341.242    
  -64586.52    
  -196844.8    
  0.0000000E+00
  -51801.14    
  -61878.86    
  0.0000000E+00
  0.0000000E+00
  -44757.68    
   49787.60    
  -109978.1    
  0.0000000E+00
  -36477.74    
  -22822.06    
  0.0000000E+00
  0.0000000E+00
  -30694.00    
  -53096.35    
  0.0000000E+00
  0.0000000E+00
  0.0000000E+00
  0.0000000E+00
  0.0000000E+00
  0.0000000E+00
  0.0000000E+00
  0.0000000E+00
  -72725.22    
  0.0000000E+00
  0.0000000E+00
  -35468.63    
  0.0000000E+00
  0.0000000E+00
  0.0000000E+00
  0.0000000E+00
  -34518.47    
  -38464.07    
  -52743.21    
  0.0000000E+00
  0.0000000E+00
  0.0000000E+00
  -49468.13    
  0.0000000E+00
  0.0000000E+00
  0.0000000E+00
  0.0000000E+00
  0.0000000E+00
  0.0000000E+00
   10024.53    
  -71903.64    
  0.0000000E+00
  0.0000000E+00
  0.0000000E+00
  0.0000000E+00
  0.0000000E+00
  0.0000000E+00
  0.0000000E+00
  0.0000000E+00
  0.0000000E+00
  0.0000000E+00
   43439.64    
  -82210.78    
  0.0000000E+00
  0.0000000E+00
  0.0000000E+00
  0.0000000E+00
  -29434.74    
  -73517.31    
  0.0000000E+00
  0.0000000E+00
  0.0000000E+00
  0.0000000E+00
   257.5516    
  -49744.75    
  0.0000000E+00
  0.0000000E+00
  0.0000000E+00
  0.0000000E+00
   3869.893    
  -12549.79    
  -8087.047    
  0.0000000E+00
   634.4241    
   3263.615    
   3231.417    
   3086.441    
  -67339.12    
  0.0000000E+00
   59586.91    
  0.0000000E+00
  0.0000000E+00
  0.0000000E+00
  -5666.417    
  0.0000000E+00
  -32857.27    
  0.0000000E+00
  0.0000000E+00
  -5680.507    
   23179.83    
  0.0000000E+00
  0.0000000E+00
  0.0000000E+00
  -18270.57    
   24832.78    
  0.0000000E+00
  -26637.99    
  0.0000000E+00
  0.0000000E+00
   20879.00    
  -6875.312    
  0.0000000E+00
  -15371.11    
   31209.10    
  0.0000000E+00
  0.0000000E+00
   6119.477    
  -16975.78    
  -19010.50    
  -46298.71    
   26237.67    
  -38683.73    
   28089.65    
  -11817.41    
  -17448.85    
  -20038.74    
  0.0000000E+00
   18684.97    
   15262.35    
  -88098.83    
  0.0000000E+00
  -69235.67    
   26841.56    
  -24374.19    
   7375.132    
  -16280.11    
  -21310.24    
   28146.64    
  -33433.25    
  -45635.09    
  0.0000000E+00
  0.0000000E+00
  -24954.04    
  0.0000000E+00
   24631.37    
  0.0000000E+00
  0.0000000E+00
   23947.90    
   26073.79    
  0.0000000E+00
  -7795.965    
  0.0000000E+00
   6402.662    
  -22156.40    
  -26717.13    
  -4737.765    
   3107.486    
  -13658.15    
   7528.843    
  0.0000000E+00
  0.0000000E+00
  -6490.607    
   15155.26    
  -55978.24    
   989.3250    
  -19029.89    
  0.0000000E+00
  -34744.94    
  -24423.77    
  -57456.82    
   24285.97    
  -36665.87    
   33087.62    
   6726.237    
  -30511.53    
   34997.95    
  -18459.77    
  -45240.36    
   6184.780    
   35815.75    
   5871.705    
  -19710.98    
  -47636.95    
  -21734.67    
   23526.63    
  0.0000000E+00
  -5452.451    
   19725.70    
  0.0000000E+00
  -49845.37    
  0.0000000E+00
  0.0000000E+00
  0.0000000E+00
  -39079.48    
  0.0000000E+00
  0.0000000E+00
  0.0000000E+00
   8874.304    
  0.0000000E+00
  0.0000000E+00
  0.0000000E+00
  0.0000000E+00
  -33074.11    
  0.0000000E+00
  0.0000000E+00
  0.0000000E+00
  -11062.03    
  0.0000000E+00
  0.0000000E+00
  0.0000000E+00
  -29523.77    
  0.0000000E+00
  0.0000000E+00
  0.0000000E+00
  -35034.41    
   130.2235    
   1578.175    
  -9733.182    
   20335.68    
   52.44832    
   1799.262    
  -16798.72    
   2022.435    
  -14106.00    
  0.0000000E+00
  0.0000000E+00
  -23186.45    
   23380.89    
  -7142.937    
  0.0000000E+00
  -9871.551    
  0.0000000E+00
  0.0000000E+00
  -13156.38    
  -1910.653    
   2705.155    
  0.0000000E+00
  0.0000000E+00
  -2094.875    
  -8504.446    
  0.0000000E+00
  0.0000000E+00
   3692.192    
  -16960.10    
  0.0000000E+00
  -14363.89    
  -10488.79    
   1990.420    
   22027.87    
  -15727.83    
  -1944.578    
   7422.034    
  -19379.45    
  0.0000000E+00
   38934.80    
  -25447.50    
  0.0000000E+00
  0.0000000E+00
  0.0000000E+00
  0.0000000E+00
  0.0000000E+00
  0.0000000E+00
   21394.37    
  -24373.04    
  0.0000000E+00
  -10545.35    
  0.0000000E+00
   2199.178    
   50318.39    
   20730.80    
   4162.480    
  -9972.906    
  0.0000000E+00
   30584.23    
  -307.4561    
  -2803.059    
   9200.199    
  -9383.604    
   10942.32    
  -15127.09    
  -1758.877    
   6387.684    
  0.0000000E+00
  -12111.63    
  -11473.60    
   46938.17    
   58079.85    
  -27225.22    
   55441.21    
  -38174.00    
  -24015.13    
  -54985.05    
  -26990.20    
   33124.15    
  -197647.5    
  -119983.3    
   65455.42    
   112526.0    
  -46195.38    
 
 month:           3 year:        1989
  0.0000000E+00
  0.0000000E+00
  0.0000000E+00
  0.0000000E+00
  0.0000000E+00
  0.0000000E+00
  0.0000000E+00
  0.0000000E+00
  0.0000000E+00
  0.0000000E+00
  0.0000000E+00
  0.0000000E+00
  0.0000000E+00
  0.0000000E+00
  0.0000000E+00
  0.0000000E+00
  0.0000000E+00
  0.0000000E+00
  0.0000000E+00
  0.0000000E+00
  0.0000000E+00
  0.0000000E+00
  0.0000000E+00
  0.0000000E+00
  0.0000000E+00
  0.0000000E+00
  0.0000000E+00
   111.3296    
   18.13728    
  0.0000000E+00
  0.0000000E+00
  0.0000000E+00
   135.6744    
   1039.475    
   655.0963    
   219.8456    
   46.48686    
   468.3585    
   432.2857    
   413.0840    
   330.9391    
  0.0000000E+00
  0.0000000E+00
  0.0000000E+00
  0.0000000E+00
   693.3853    
   1069.823    
  0.0000000E+00
   1050.465    
   382.3308    
  0.0000000E+00
  0.0000000E+00
   2246.305    
   738.6271    
  0.0000000E+00
   1647.373    
  -3316.745    
  -12695.96    
  -25550.42    
  -30389.56    
  -22510.54    
  0.0000000E+00
  -46782.29    
  0.0000000E+00
  0.0000000E+00
  -69025.60    
  0.0000000E+00
  0.0000000E+00
   3280.301    
  0.0000000E+00
  0.0000000E+00
  0.0000000E+00
  0.0000000E+00
  -111719.3    
  0.0000000E+00
  0.0000000E+00
  0.0000000E+00
  0.0000000E+00
  0.0000000E+00
  0.0000000E+00
  0.0000000E+00
   7298.004    
  0.0000000E+00
  0.0000000E+00
  0.0000000E+00
  0.0000000E+00
  0.0000000E+00
   1124.238    
  0.0000000E+00
  0.0000000E+00
  0.0000000E+00
  -57066.49    
  0.0000000E+00
  0.0000000E+00
   4938.684    
  0.0000000E+00
  0.0000000E+00
  0.0000000E+00
  0.0000000E+00
  0.0000000E+00
  -50051.43    
   9305.996    
  -123408.5    
  0.0000000E+00
  0.0000000E+00
  -67184.10    
  0.0000000E+00
  0.0000000E+00
  0.0000000E+00
   6066.772    
  -32605.58    
  0.0000000E+00
  0.0000000E+00
  0.0000000E+00
  -39831.62    
  0.0000000E+00
  -38906.48    
   19983.17    
  0.0000000E+00
  0.0000000E+00
  0.0000000E+00
  0.0000000E+00
  -111923.4    
  0.0000000E+00
  0.0000000E+00
   10050.81    
   4064.216    
   61368.81    
  -443927.8    
  0.0000000E+00
  -2197.645    
  0.0000000E+00
  -184034.4    
   68599.38    
   22790.85    
   9986.927    
   5609.413    
   62075.22    
  0.0000000E+00
  -11600.72    
  -7665.649    
   5624.748    
   2195.112    
  -132786.9    
   21644.93    
   23122.41    
  -88324.17    
  0.0000000E+00
  0.0000000E+00
   74926.06    
   7402.455    
   25949.39    
   19116.50    
  -235923.6    
  0.0000000E+00
   63792.42    
  0.0000000E+00
  -383178.3    
   4233.306    
   28390.87    
   73092.44    
  -257932.0    
  0.0000000E+00
   28978.64    
   41414.65    
   14198.92    
  0.0000000E+00
   52772.48    
  0.0000000E+00
  -350993.1    
   66472.31    
  -307292.2    
   61538.70    
  -338224.5    
   62884.00    
  0.0000000E+00
  -278400.5    
   67872.42    
  0.0000000E+00
  -107176.5    
  0.0000000E+00
  0.0000000E+00
  0.0000000E+00
   21898.38    
  -24686.14    
  0.0000000E+00
  0.0000000E+00
   35882.93    
  -441213.6    
  0.0000000E+00
  0.0000000E+00
   5306.419    
  -36300.29    
  0.0000000E+00
  0.0000000E+00
  0.0000000E+00
  -324446.0    
  0.0000000E+00
  0.0000000E+00
  -153139.7    
  -409728.1    
  0.0000000E+00
  -68244.85    
   11834.62    
   40467.98    
  0.0000000E+00
  -170899.0    
  0.0000000E+00
  -331227.0    
  -111697.7    
  -14834.84    
  0.0000000E+00
   49336.98    
  -65834.95    
  0.0000000E+00
  -168066.2    
  -132822.9    
  0.0000000E+00
  -11394.42    
  0.0000000E+00
   2536.615    
  -147128.8    
  0.0000000E+00
  -336145.5    
  -96741.19    
  -75500.19    
  -90112.62    
  -347562.5    
  -20518.91    
  0.0000000E+00
  -57101.75    
  -456207.3    
  -42293.28    
  -122514.3    
   22573.84    
   105478.8    
  -213065.6    
  -346615.2    
  -36450.71    
  -239920.0    
  -216964.2    
  -108860.9    
  -23993.89    
   15646.12    
  0.0000000E+00
  -343322.5    
  -8462.210    
  0.0000000E+00
  -58119.25    
  -255946.5    
  -197431.4    
  0.0000000E+00
   12817.72    
   20653.73    
  -21460.79    
  -121137.6    
  0.0000000E+00
  -152437.6    
  0.0000000E+00
  0.0000000E+00
   23443.96    
  -15105.41    
  -98457.84    
  0.0000000E+00
  -67414.30    
  0.0000000E+00
  0.0000000E+00
   4475.676    
  -92042.54    
  -215913.5    
  0.0000000E+00
  -73305.53    
  -65755.44    
  0.0000000E+00
  0.0000000E+00
  -64952.75    
   39116.28    
  -119553.8    
  0.0000000E+00
  -56447.65    
  -23058.60    
  0.0000000E+00
  0.0000000E+00
  -49650.64    
  -56971.75    
  0.0000000E+00
  0.0000000E+00
  0.0000000E+00
  0.0000000E+00
  0.0000000E+00
  0.0000000E+00
  0.0000000E+00
  0.0000000E+00
  -96330.82    
  0.0000000E+00
  0.0000000E+00
  -38892.62    
  0.0000000E+00
  0.0000000E+00
  0.0000000E+00
  0.0000000E+00
  -54202.25    
  -42948.74    
  -58588.34    
  0.0000000E+00
  0.0000000E+00
  0.0000000E+00
  -69539.91    
  0.0000000E+00
  0.0000000E+00
  0.0000000E+00
  0.0000000E+00
  0.0000000E+00
  0.0000000E+00
   13427.18    
  -94355.09    
  0.0000000E+00
  0.0000000E+00
  0.0000000E+00
  0.0000000E+00
  0.0000000E+00
  0.0000000E+00
  0.0000000E+00
  0.0000000E+00
  0.0000000E+00
  0.0000000E+00
   58184.48    
  -105922.8    
  0.0000000E+00
  0.0000000E+00
  0.0000000E+00
  0.0000000E+00
  -42865.24    
  -97099.03    
  0.0000000E+00
  0.0000000E+00
  0.0000000E+00
  0.0000000E+00
   870.5245    
  -68234.93    
  0.0000000E+00
  0.0000000E+00
  0.0000000E+00
  0.0000000E+00
   13231.03    
  -15612.55    
  -26297.66    
  0.0000000E+00
   2169.075    
   11158.19    
   11048.11    
   10552.44    
  -87115.61    
  0.0000000E+00
   36293.48    
  0.0000000E+00
  0.0000000E+00
  0.0000000E+00
  -36106.86    
  0.0000000E+00
  -66429.10    
  0.0000000E+00
  0.0000000E+00
  -36425.61    
   23792.35    
  0.0000000E+00
  0.0000000E+00
  0.0000000E+00
  -50419.72    
   25492.23    
  0.0000000E+00
  -29790.53    
  0.0000000E+00
  0.0000000E+00
   43468.92    
  -52837.04    
  0.0000000E+00
  -63744.54    
   32037.89    
  0.0000000E+00
  0.0000000E+00
  -39708.32    
  -65125.61    
  -21378.36    
  -51167.92    
  -6704.629    
  -89738.77    
   43791.41    
  -25023.89    
  -19393.22    
  -31769.30    
  0.0000000E+00
   19180.38    
   15667.01    
  -106399.9    
  0.0000000E+00
  -76478.80    
   20785.79    
  -36066.55    
   7570.674    
  -17708.53    
  -24191.39    
   62644.09    
  -45952.78    
  -50442.92    
  0.0000000E+00
  0.0000000E+00
  -27678.87    
  0.0000000E+00
   54820.40    
  0.0000000E+00
  0.0000000E+00
   20617.86    
   26765.10    
  0.0000000E+00
  -19360.54    
  0.0000000E+00
   6771.190    
  -24457.16    
  -29449.62    
  -5336.588    
   3189.877    
  -15713.00    
   7726.872    
  0.0000000E+00
  0.0000000E+00
  -7023.457    
   16027.58    
  -61505.66    
   1044.154    
  -21204.69    
  0.0000000E+00
  -38675.17    
  -26927.97    
  -63019.23    
   27016.32    
  -40112.26    
   34992.10    
   7113.389    
  -33405.39    
   37012.38    
  -20256.21    
  -50268.36    
   6899.523    
   37877.25    
   6209.671    
  -21696.24    
  -53254.29    
  -24309.60    
   52934.06    
  0.0000000E+00
  -5861.994    
   22211.73    
  0.0000000E+00
  -55074.87    
  0.0000000E+00
  0.0000000E+00
  0.0000000E+00
  -43171.70    
  0.0000000E+00
  0.0000000E+00
  0.0000000E+00
   18116.37    
  0.0000000E+00
  0.0000000E+00
  0.0000000E+00
  0.0000000E+00
  -36757.46    
  0.0000000E+00
  0.0000000E+00
  0.0000000E+00
  -11881.75    
  0.0000000E+00
  0.0000000E+00
  0.0000000E+00
  -32653.21    
  0.0000000E+00
  0.0000000E+00
  0.0000000E+00
  -38265.32    
   186.6452    
   2271.836    
  -10799.39    
   23117.58    
   75.50111    
   2590.097    
  -18106.13    
   2911.365    
  -15294.00    
  0.0000000E+00
  0.0000000E+00
  -25399.51    
   25970.88    
  -7893.862    
  0.0000000E+00
  -10797.84    
  0.0000000E+00
  0.0000000E+00
  -14539.15    
  -1942.869    
   3050.494    
  0.0000000E+00
  0.0000000E+00
  -2202.976    
  -9380.432    
  0.0000000E+00
  0.0000000E+00
   4170.044    
  -18798.87    
  0.0000000E+00
  -15665.26    
  -11573.20    
   2263.129    
   24733.46    
  -17300.94    
  -2113.232    
   9156.763    
  -21008.29    
  0.0000000E+00
   79423.46    
  -27207.02    
  0.0000000E+00
  0.0000000E+00
  0.0000000E+00
  0.0000000E+00
  0.0000000E+00
  0.0000000E+00
   24565.04    
  -26037.85    
  0.0000000E+00
  -10717.29    
  0.0000000E+00
   3398.501    
   102645.0    
   42295.96    
   5652.251    
  -10112.29    
  0.0000000E+00
   62542.09    
   480.1841    
  -2343.434    
   10778.93    
  -9839.987    
   12852.36    
  -16507.63    
  -1776.715    
   7187.952    
  0.0000000E+00
  -13303.54    
  -12727.24    
   96025.11    
   118818.6    
  -30532.74    
   113420.5    
  -41992.73    
  -26514.15    
  -59772.82    
  -28904.55    
   37558.18    
  -214815.1    
  -131027.1    
   73835.82    
   230203.5    
  -49676.14    
 
 month:           4 year:        1989
  0.0000000E+00
  0.0000000E+00
  0.0000000E+00
  0.0000000E+00
  0.0000000E+00
  0.0000000E+00
  0.0000000E+00
  0.0000000E+00
  0.0000000E+00
  0.0000000E+00
  0.0000000E+00
  0.0000000E+00
  0.0000000E+00
  0.0000000E+00
  0.0000000E+00
  0.0000000E+00
  0.0000000E+00
  0.0000000E+00
  0.0000000E+00
  0.0000000E+00
  0.0000000E+00
  0.0000000E+00
  0.0000000E+00
  0.0000000E+00
  0.0000000E+00
  0.0000000E+00
  0.0000000E+00
   107.7383    
   17.55221    
  0.0000000E+00
  0.0000000E+00
  0.0000000E+00
   131.2978    
   1005.943    
   633.9642    
   212.7538    
   44.98729    
   453.2502    
   418.3410    
   399.7587    
   320.2636    
  0.0000000E+00
  0.0000000E+00
  0.0000000E+00
  0.0000000E+00
   671.0180    
   1035.313    
  0.0000000E+00
   1016.579    
   369.9975    
  0.0000000E+00
  0.0000000E+00
   2173.844    
   714.8004    
  0.0000000E+00
   1594.232    
  -3209.753    
  -12370.58    
  -24667.82    
  -28469.69    
  -19665.28    
  0.0000000E+00
  -44365.79    
  0.0000000E+00
  0.0000000E+00
  -63505.06    
  0.0000000E+00
  0.0000000E+00
   3347.202    
  0.0000000E+00
  0.0000000E+00
  0.0000000E+00
  0.0000000E+00
  -105565.1    
  0.0000000E+00
  0.0000000E+00
  0.0000000E+00
  0.0000000E+00
  0.0000000E+00
  0.0000000E+00
  0.0000000E+00
   7385.046    
  0.0000000E+00
  0.0000000E+00
  0.0000000E+00
  0.0000000E+00
  0.0000000E+00
   1171.770    
  0.0000000E+00
  0.0000000E+00
  0.0000000E+00
  -57146.31    
  0.0000000E+00
  0.0000000E+00
   5147.487    
  0.0000000E+00
  0.0000000E+00
  0.0000000E+00
  0.0000000E+00
  0.0000000E+00
  -45984.02    
   9699.444    
  -113568.3    
  0.0000000E+00
  0.0000000E+00
  -66384.39    
  0.0000000E+00
  0.0000000E+00
  0.0000000E+00
   6323.271    
  -27917.07    
  0.0000000E+00
  0.0000000E+00
  0.0000000E+00
  -40543.70    
  0.0000000E+00
  -31543.57    
   19924.82    
  0.0000000E+00
  0.0000000E+00
  0.0000000E+00
  0.0000000E+00
  -108364.0    
  0.0000000E+00
  0.0000000E+00
   10475.75    
   4236.045    
   61189.82    
  -424080.1    
  0.0000000E+00
  -41.44722    
  0.0000000E+00
  -168853.4    
   68399.33    
   34706.24    
   10872.24    
   5846.572    
   61894.18    
  0.0000000E+00
  -6937.658    
  -11356.52    
   6468.711    
   2524.477    
  -130933.3    
   24892.62    
   26591.80    
  -84512.42    
  0.0000000E+00
  0.0000000E+00
   74707.53    
   11272.56    
   39816.04    
   21984.82    
  -219312.2    
  0.0000000E+00
   63606.41    
  0.0000000E+00
  -358106.5    
   4868.488    
   28308.06    
   72879.27    
  -245916.9    
  0.0000000E+00
   28894.14    
   41293.87    
   22334.94    
  0.0000000E+00
   52618.58    
  0.0000000E+00
  -327402.6    
   66278.45    
  -294836.7    
   61359.21    
  -318546.3    
   62700.61    
  0.0000000E+00
  -259209.2    
   67674.48    
  0.0000000E+00
  -100218.6    
  0.0000000E+00
  0.0000000E+00
  0.0000000E+00
   21834.92    
  -24007.72    
  0.0000000E+00
  0.0000000E+00
   54838.53    
  -420843.7    
  0.0000000E+00
  0.0000000E+00
   5582.079    
  -34524.38    
  0.0000000E+00
  0.0000000E+00
  0.0000000E+00
  -311327.5    
  0.0000000E+00
  0.0000000E+00
  -143543.4    
  -391077.6    
  0.0000000E+00
  -67305.62    
   10272.18    
   42570.23    
  0.0000000E+00
  -167887.8    
  0.0000000E+00
  -318305.8    
  -107614.7    
  -18336.31    
  0.0000000E+00
   51899.95    
  -64392.01    
  0.0000000E+00
  -161249.3    
  -128204.3    
  0.0000000E+00
  -10657.23    
  0.0000000E+00
   3743.133    
  -142654.3    
  0.0000000E+00
  -325829.0    
  -93494.55    
  -81160.25    
  -86678.14    
  -330838.9    
  -19882.99    
  0.0000000E+00
  -63083.22    
  -441746.5    
  -38286.47    
  -119006.8    
   21835.24    
   102027.6    
  -225632.6    
  -334151.3    
  -36527.71    
  -242793.9    
  -208616.0    
  -105766.2    
  -23410.53    
  -4349.394    
  0.0000000E+00
  -329434.7    
  -994.7380    
  0.0000000E+00
  -71740.73    
  -247151.7    
  -189017.1    
  0.0000000E+00
   12491.34    
   14785.17    
  -22160.45    
  -121339.8    
  0.0000000E+00
  -146028.6    
  0.0000000E+00
  0.0000000E+00
   22848.60    
  -11443.80    
  -94300.02    
  0.0000000E+00
  -67391.41    
  0.0000000E+00
  0.0000000E+00
   6143.945    
  -85313.17    
  -212505.2    
  0.0000000E+00
  -66107.73    
  -65661.62    
  0.0000000E+00
  0.0000000E+00
  -57906.76    
   41622.18    
  -118149.4    
  0.0000000E+00
  -50061.11    
  -24718.82    
  0.0000000E+00
  0.0000000E+00
  -43310.61    
  -58170.68    
  0.0000000E+00
  0.0000000E+00
  0.0000000E+00
  0.0000000E+00
  0.0000000E+00
  0.0000000E+00
  0.0000000E+00
  0.0000000E+00
  -87912.06    
  0.0000000E+00
  -30429.43    
  -42367.54    
  0.0000000E+00
  0.0000000E+00
  0.0000000E+00
  0.0000000E+00
  -47575.30    
  -45677.31    
  -61611.71    
  0.0000000E+00
  0.0000000E+00
  0.0000000E+00
  -61280.87    
  -2548.977    
  0.0000000E+00
  0.0000000E+00
  0.0000000E+00
  0.0000000E+00
  0.0000000E+00
   18431.86    
  -85170.02    
  0.0000000E+00
  0.0000000E+00
  0.0000000E+00
  0.0000000E+00
  0.0000000E+00
  0.0000000E+00
  0.0000000E+00
  0.0000000E+00
  0.0000000E+00
  0.0000000E+00
   63484.79    
  -96639.54    
  0.0000000E+00
  0.0000000E+00
  0.0000000E+00
  0.0000000E+00
  -39039.20    
  -88543.91    
  0.0000000E+00
  0.0000000E+00
  0.0000000E+00
  0.0000000E+00
   2413.773    
  -60135.53    
  0.0000000E+00
  0.0000000E+00
  0.0000000E+00
  0.0000000E+00
   36636.89    
  -13732.90    
  -11882.15    
  0.0000000E+00
   6006.194    
   30897.16    
   30592.34    
   29219.83    
  -77870.06    
  0.0000000E+00
   50078.89    
  0.0000000E+00
  0.0000000E+00
  0.0000000E+00
  -20017.38    
  0.0000000E+00
  -49844.72    
  0.0000000E+00
  0.0000000E+00
  -21369.65    
   36566.07    
  0.0000000E+00
  0.0000000E+00
  0.0000000E+00
  -35698.35    
   39172.93    
  0.0000000E+00
  -28271.09    
  0.0000000E+00
  0.0000000E+00
   55319.29    
  -14531.57    
  0.0000000E+00
  -23100.74    
   49231.38    
  0.0000000E+00
  0.0000000E+00
   230.2338    
  -23863.34    
  -20258.36    
  -48865.54    
   22700.04    
  -48804.51    
   15365.38    
  -14505.52    
  -18037.16    
  -23920.54    
  0.0000000E+00
   29476.24    
   24076.92    
  -95158.09    
  0.0000000E+00
  -73057.12    
   27602.18    
  -27644.05    
   11634.54    
  -16106.16    
  -23983.41    
   76667.96    
  -37374.47    
  -47987.61    
  0.0000000E+00
  0.0000000E+00
  -26824.99    
  0.0000000E+00
   67092.80    
  0.0000000E+00
  0.0000000E+00
   6807.404    
   41132.35    
  0.0000000E+00
  -10727.45    
  0.0000000E+00
   10879.70    
  -23322.24    
  -28131.54    
  -5107.484    
   4902.172    
  -15119.94    
   11875.42    
  0.0000000E+00
  0.0000000E+00
  -6562.902    
   25752.52    
  -58657.21    
   1643.570    
  -20089.72    
  0.0000000E+00
  -37656.92    
  -25999.13    
  -59926.78    
   26321.10    
  -38296.26    
   56224.02    
   11429.53    
  -31898.18    
   59470.12    
  -19283.68    
  -48482.47    
   6712.267    
   60859.79    
   9977.471    
  -20964.82    
  -51781.91    
  -23483.36    
   64424.45    
  0.0000000E+00
  -5380.815    
   21806.75    
  0.0000000E+00
  -53142.59    
  0.0000000E+00
  0.0000000E+00
  0.0000000E+00
  -41700.46    
  0.0000000E+00
  0.0000000E+00
  0.0000000E+00
   22237.46    
  0.0000000E+00
  0.0000000E+00
  0.0000000E+00
  0.0000000E+00
  -35702.52    
  0.0000000E+00
  0.0000000E+00
  0.0000000E+00
  -11155.63    
  0.0000000E+00
  0.0000000E+00
  0.0000000E+00
  -31567.98    
  0.0000000E+00
  0.0000000E+00
  0.0000000E+00
  -36444.08    
   257.1725    
   3123.009    
  -10413.46    
   23083.58    
   103.7886    
   3560.510    
  -17003.33    
   4002.142    
  -14305.96    
  0.0000000E+00
  -12818.23    
  -24406.91    
   25289.40    
  -7534.884    
  0.0000000E+00
  -10256.77    
  0.0000000E+00
  0.0000000E+00
  -13833.90    
  -1724.792    
   3032.180    
  0.0000000E+00
  0.0000000E+00
  -1789.406    
  -8895.193    
  0.0000000E+00
  0.0000000E+00
   4292.401    
  -18108.74    
  0.0000000E+00
  -15051.21    
  -11011.37    
   2328.650    
   24538.12    
  -16382.19    
  -1721.146    
   10283.14    
  -19660.73    
  0.0000000E+00
   102093.5    
  -25169.87    
  0.0000000E+00
  0.0000000E+00
  0.0000000E+00
  0.0000000E+00
  0.0000000E+00
  0.0000000E+00
   24914.27    
  -24236.90    
  0.0000000E+00
  -9297.983    
  0.0000000E+00
   4400.882    
   92481.34    
   54461.16    
   6411.267    
  -8586.311    
  0.0000000E+00
   80357.12    
   545.8207    
  -1734.918    
   10228.81    
  -9788.804    
   12360.11    
  -15718.45    
  -1484.164    
   6599.802    
  0.0000000E+00
  -12781.42    
  -12404.29    
   123909.7    
   96126.45    
  -30465.03    
   146356.5    
  -40439.70    
  -25869.78    
  -56636.02    
  -27228.27    
   37062.91    
  -203525.1    
  -124742.4    
   72903.99    
   297051.9    
  -46137.52    
 
 month:           5 year:        1989
  0.0000000E+00
  0.0000000E+00
  0.0000000E+00
  0.0000000E+00
  0.0000000E+00
  0.0000000E+00
  0.0000000E+00
  0.0000000E+00
  0.0000000E+00
  0.0000000E+00
  0.0000000E+00
  0.0000000E+00
  0.0000000E+00
  0.0000000E+00
  0.0000000E+00
  0.0000000E+00
  0.0000000E+00
  0.0000000E+00
  0.0000000E+00
  0.0000000E+00
  0.0000000E+00
  0.0000000E+00
  0.0000000E+00
  0.0000000E+00
  0.0000000E+00
  0.0000000E+00
  0.0000000E+00
   7777.720    
   1558.051    
  0.0000000E+00
  0.0000000E+00
  0.0000000E+00
   3483.329    
   26884.35    
   16943.02    
   11918.78    
   3247.667    
   32720.49    
   30200.38    
   28858.91    
   23120.09    
  0.0000000E+00
  0.0000000E+00
  0.0000000E+00
  0.0000000E+00
   17933.30    
   27669.27    
  0.0000000E+00
   31975.58    
   26710.41    
  0.0000000E+00
  0.0000000E+00
   67960.03    
   22058.59    
  0.0000000E+00
   71116.77    
  -61086.14    
  -70817.77    
  -83701.38    
  -87438.39    
  -77912.56    
  0.0000000E+00
  -104279.1    
  0.0000000E+00
  0.0000000E+00
  -123594.4    
  0.0000000E+00
  0.0000000E+00
   126566.5    
  0.0000000E+00
  0.0000000E+00
  0.0000000E+00
  0.0000000E+00
  -108553.5    
  0.0000000E+00
  0.0000000E+00
  0.0000000E+00
  0.0000000E+00
  0.0000000E+00
  0.0000000E+00
  0.0000000E+00
   8606.365    
  0.0000000E+00
  0.0000000E+00
  0.0000000E+00
  0.0000000E+00
  0.0000000E+00
   22744.60    
  0.0000000E+00
  0.0000000E+00
  0.0000000E+00
  -202106.0    
  0.0000000E+00
  0.0000000E+00
   99915.16    
  0.0000000E+00
  0.0000000E+00
  0.0000000E+00
  0.0000000E+00
  0.0000000E+00
  -238816.8    
   188270.8    
  -119793.9    
  0.0000000E+00
  0.0000000E+00
  -208047.2    
  0.0000000E+00
  0.0000000E+00
  0.0000000E+00
   122737.6    
  -31727.30    
  0.0000000E+00
  0.0000000E+00
  0.0000000E+00
  -175714.1    
  0.0000000E+00
  -39817.25    
   21688.96    
  0.0000000E+00
  0.0000000E+00
  0.0000000E+00
  0.0000000E+00
  -243729.0    
  0.0000000E+00
  0.0000000E+00
   203339.2    
   82223.63    
   66588.41    
  -593188.2    
  0.0000000E+00
  -180576.1    
  -37048.62    
  -176003.7    
   74434.01    
  -15508.51    
   178362.4    
   113484.7    
   67354.92    
  0.0000000E+00
  -166763.1    
  -30748.63    
   82951.98    
   32372.82    
  -156927.7    
   183499.2    
   43821.24    
  -101135.9    
  0.0000000E+00
  0.0000000E+00
   81298.79    
   44515.68    
   156058.7    
   281924.0    
  -250486.3    
  0.0000000E+00
   69218.21    
  0.0000000E+00
  -443656.6    
   62431.42    
   30805.61    
   79309.22    
  -362030.8    
  0.0000000E+00
   31443.39    
   44937.12    
   95533.70    
  0.0000000E+00
   57260.98    
  0.0000000E+00
  -443150.4    
   72125.99    
  -418198.2    
   66772.77    
  -421568.5    
   68232.51    
  0.0000000E+00
  -360272.4    
   73645.20    
  0.0000000E+00
  -201242.2    
  0.0000000E+00
  0.0000000E+00
  0.0000000E+00
   23766.15    
  -117293.0    
  0.0000000E+00
  0.0000000E+00
   41648.94    
  -539923.3    
  0.0000000E+00
  0.0000000E+00
   12861.70    
  -130066.0    
  0.0000000E+00
  0.0000000E+00
  0.0000000E+00
  -395944.3    
  0.0000000E+00
  -6123.305    
  -282521.9    
  -743441.1    
  0.0000000E+00
  -146997.0    
  -83073.59    
   58163.56    
  0.0000000E+00
  -269513.9    
  0.0000000E+00
  -414347.9    
  -200261.2    
  -82699.85    
  -39744.11    
   119582.9    
  -159684.6    
  0.0000000E+00
  -219092.5    
  -203253.0    
  0.0000000E+00
  -93820.12    
  0.0000000E+00
   13966.02    
  -267840.9    
  0.0000000E+00
  -403886.1    
  -179899.4    
  -180341.9    
  -211609.8    
  -398093.9    
  -103948.7    
  0.0000000E+00
  -153778.5    
  -621888.9    
  -68336.88    
  -192314.6    
   41161.59    
   161787.8    
  -314157.1    
  -409573.9    
  -124199.8    
  -322044.6    
  -270151.8    
  -164046.9    
  -106747.2    
  -53938.61    
  0.0000000E+00
  -394716.8    
  -36728.96    
  0.0000000E+00
  -116965.1    
  -301160.2    
  -251991.2    
  0.0000000E+00
   23837.30    
   14908.64    
  -26638.02    
  -156121.3    
  0.0000000E+00
  -209387.9    
  0.0000000E+00
  0.0000000E+00
   43614.09    
  -9255.061    
  -93635.61    
  0.0000000E+00
  -152550.3    
  0.0000000E+00
  0.0000000E+00
   14807.35    
  -74095.51    
  -301454.2    
  0.0000000E+00
  -57969.93    
  -128134.9    
  0.0000000E+00
  0.0000000E+00
  -50230.74    
   52574.92    
  -181670.3    
  0.0000000E+00
  -42290.28    
  -84240.41    
  0.0000000E+00
  0.0000000E+00
  -34672.26    
  -120702.6    
  0.0000000E+00
  0.0000000E+00
  0.0000000E+00
  0.0000000E+00
  0.0000000E+00
  0.0000000E+00
  0.0000000E+00
  0.0000000E+00
  -80684.72    
  0.0000000E+00
  -87324.28    
  -97373.62    
  0.0000000E+00
  0.0000000E+00
  0.0000000E+00
  0.0000000E+00
  -39813.05    
  -100438.1    
  -124129.5    
  0.0000000E+00
  0.0000000E+00
  0.0000000E+00
  -52832.93    
  -98194.57    
  0.0000000E+00
  0.0000000E+00
  0.0000000E+00
  0.0000000E+00
  0.0000000E+00
   44422.09    
  -77340.02    
  0.0000000E+00
  0.0000000E+00
  0.0000000E+00
  0.0000000E+00
  0.0000000E+00
  0.0000000E+00
  0.0000000E+00
  0.0000000E+00
  0.0000000E+00
  0.0000000E+00
   59528.53    
  -89578.49    
  0.0000000E+00
  0.0000000E+00
  0.0000000E+00
  0.0000000E+00
  -63983.70    
  -81386.97    
  0.0000000E+00
  0.0000000E+00
  0.0000000E+00
  0.0000000E+00
   3231.757    
  -85218.75    
  0.0000000E+00
  0.0000000E+00
  0.0000000E+00
  0.0000000E+00
   49207.65    
  -13768.75    
  -8350.222    
  0.0000000E+00
   8067.024    
   41498.52    
   41089.12    
   39245.66    
  -76029.55    
  0.0000000E+00
   64792.87    
  0.0000000E+00
  0.0000000E+00
  0.0000000E+00
  -7828.779    
  0.0000000E+00
  -39361.54    
  0.0000000E+00
  0.0000000E+00
  -9946.098    
   48179.98    
  0.0000000E+00
  0.0000000E+00
  0.0000000E+00
  -25591.08    
   51615.57    
  0.0000000E+00
  -29613.06    
  0.0000000E+00
  0.0000000E+00
   142673.4    
  -11104.85    
  0.0000000E+00
  -19250.62    
   64868.94    
  0.0000000E+00
  0.0000000E+00
   4927.019    
  -20108.94    
  -21459.62    
  -50477.44    
   27841.92    
  -45469.61    
   19737.77    
  -13440.57    
  -18790.75    
  -24021.20    
  0.0000000E+00
   38837.18    
   31723.17    
  -96612.68    
  0.0000000E+00
  -75594.06    
   29669.29    
  -27010.42    
   15329.39    
  -16329.92    
  -25348.26    
   57841.20    
  -37246.53    
  -49825.10    
  0.0000000E+00
  -2099.133    
  -27747.76    
  0.0000000E+00
   172900.1    
  0.0000000E+00
  0.0000000E+00
   6205.790    
   54195.02    
  0.0000000E+00
  -10556.97    
  0.0000000E+00
   14573.09    
  -24267.83    
  -29058.81    
  -5525.221    
   6458.986    
  -16179.32    
   15647.30    
  0.0000000E+00
  0.0000000E+00
  -6030.052    
   34494.88    
  -60449.01    
   2191.768    
  -20777.08    
  0.0000000E+00
  -39247.89    
  -26256.04    
  -61587.79    
   27516.13    
  -38507.18    
   75310.71    
   15309.58    
  -32479.14    
   79658.81    
  -19839.04    
  -50554.43    
   7189.643    
   81520.21    
   13364.58    
  -21332.21    
  -54653.80    
  -24761.35    
   170735.3    
  0.0000000E+00
  -5103.733    
   23627.68    
  0.0000000E+00
  -54582.44    
  0.0000000E+00
  0.0000000E+00
  0.0000000E+00
  -42753.86    
  0.0000000E+00
  0.0000000E+00
  0.0000000E+00
   56121.16    
  0.0000000E+00
  0.0000000E+00
  0.0000000E+00
  0.0000000E+00
  -37001.08    
  0.0000000E+00
  0.0000000E+00
  0.0000000E+00
  -10764.20    
  0.0000000E+00
  0.0000000E+00
  0.0000000E+00
  -32343.58    
  0.0000000E+00
  0.0000000E+00
  0.0000000E+00
  -37182.95    
   253.0794    
   3079.703    
  -10796.11    
   24307.62    
   102.3493    
   3511.138    
  -17041.47    
   3946.646    
  -14591.19    
  0.0000000E+00
  -13358.84    
  -24876.88    
   26307.55    
  -7644.774    
  0.0000000E+00
  -10230.31    
  0.0000000E+00
  0.0000000E+00
  -14212.71    
  -1318.375    
   2951.078    
  0.0000000E+00
  0.0000000E+00
  -1985.954    
  -9365.107    
  0.0000000E+00
  0.0000000E+00
   4427.984    
  -18709.05    
  0.0000000E+00
  -15476.86    
  -11529.82    
   2489.795    
   25574.45    
  -16719.29    
  -2118.999    
   10517.17    
  -20599.45    
  0.0000000E+00
   132433.3    
  -25987.73    
  0.0000000E+00
  0.0000000E+00
  0.0000000E+00
  0.0000000E+00
  0.0000000E+00
  0.0000000E+00
   25487.62    
  -25287.12    
  0.0000000E+00
  -9699.166    
  0.0000000E+00
   4400.883    
  -7955.121    
   154236.1    
   7307.554    
  -8742.515    
  0.0000000E+00
   221033.5    
   2283.466    
  -375.4675    
   12830.42    
  -8577.465    
   14293.22    
  -15714.24    
  -456.6658    
   7821.898    
  0.0000000E+00
  -12570.46    
  -12724.30    
   361151.8    
  -1491.678    
  -32624.90    
   426576.0    
  -40005.23    
  -26578.58    
  -53955.29    
  -22633.15    
   42728.91    
  -193551.3    
  -118618.8    
   81137.25    
   865798.5    
  -40888.28    
 
 month:           6 year:        1989
  0.0000000E+00
  0.0000000E+00
  0.0000000E+00
  0.0000000E+00
  0.0000000E+00
  0.0000000E+00
  0.0000000E+00
  0.0000000E+00
  0.0000000E+00
  0.0000000E+00
  0.0000000E+00
  0.0000000E+00
  0.0000000E+00
  0.0000000E+00
  0.0000000E+00
  0.0000000E+00
  0.0000000E+00
  0.0000000E+00
  0.0000000E+00
  0.0000000E+00
  0.0000000E+00
  0.0000000E+00
  0.0000000E+00
  0.0000000E+00
  0.0000000E+00
  0.0000000E+00
  0.0000000E+00
   4215.790    
   848.9419    
  0.0000000E+00
  0.0000000E+00
  0.0000000E+00
   4209.406    
   32487.01    
   20473.91    
   7173.691    
   1760.347    
   17735.62    
   16369.63    
   15642.51    
   12531.88    
  0.0000000E+00
  0.0000000E+00
  0.0000000E+00
  0.0000000E+00
   21670.57    
   33435.50    
  0.0000000E+00
   21268.17    
   14477.96    
  0.0000000E+00
  0.0000000E+00
   50299.75    
   14662.11    
  0.0000000E+00
  -48938.48    
  -135904.2    
  -147383.0    
  -163156.3    
  -171675.6    
  -167646.8    
  0.0000000E+00
  -194472.5    
  0.0000000E+00
  0.0000000E+00
  -219104.8    
  0.0000000E+00
  0.0000000E+00
   123012.3    
  0.0000000E+00
  0.0000000E+00
  0.0000000E+00
  0.0000000E+00
  -113354.3    
  0.0000000E+00
  0.0000000E+00
  0.0000000E+00
  0.0000000E+00
  0.0000000E+00
  0.0000000E+00
  0.0000000E+00
   5867.235    
  0.0000000E+00
  0.0000000E+00
  0.0000000E+00
  0.0000000E+00
  0.0000000E+00
   22479.32    
  0.0000000E+00
  0.0000000E+00
  0.0000000E+00
  -87921.27    
  0.0000000E+00
  0.0000000E+00
   98749.82    
  0.0000000E+00
  0.0000000E+00
  0.0000000E+00
  0.0000000E+00
  0.0000000E+00
  -148710.8    
   186074.9    
  -129873.4    
  0.0000000E+00
  0.0000000E+00
  -94119.71    
  0.0000000E+00
  0.0000000E+00
  0.0000000E+00
   121306.1    
  -42202.19    
  0.0000000E+00
  0.0000000E+00
  0.0000000E+00
  -58700.08    
  0.0000000E+00
  -56421.52    
   13295.46    
  0.0000000E+00
  0.0000000E+00
  0.0000000E+00
  0.0000000E+00
  -127068.3    
  0.0000000E+00
  -47977.75    
   200967.6    
   81264.66    
   40844.01    
  -488782.0    
  0.0000000E+00
  -77353.73    
  -64472.73    
  -187461.6    
   45656.34    
  -30501.31    
   173347.9    
   112161.1    
   41314.16    
  0.0000000E+00
  -94307.97    
  -29318.31    
   78168.34    
   30505.96    
  -154011.8    
   48107.79    
   26594.73    
  -95733.04    
  0.0000000E+00
  0.0000000E+00
   49867.04    
   20924.21    
   72433.12    
   265666.2    
  -261314.1    
  0.0000000E+00
   42457.09    
  0.0000000E+00
  -437930.9    
   58831.15    
   18895.54    
  -13124.67    
  -329229.2    
  0.0000000E+00
   19286.75    
   27563.54    
   85435.73    
  0.0000000E+00
   35122.73    
  0.0000000E+00
  -408208.4    
   44240.65    
  -360496.4    
   40957.09    
  -367255.9    
   41852.46    
  0.0000000E+00
  -306277.3    
   45172.50    
  0.0000000E+00
  -154826.5    
  0.0000000E+00
  0.0000000E+00
  0.0000000E+00
   14572.96    
  -81479.66    
  0.0000000E+00
  0.0000000E+00
   25944.70    
  -462000.9    
  0.0000000E+00
  0.0000000E+00
   8652.557    
  -97881.01    
  0.0000000E+00
  0.0000000E+00
  0.0000000E+00
  -332292.6    
  0.0000000E+00
  -2956.078    
  -161668.0    
  -465204.6    
  0.0000000E+00
  -87191.29    
  -50493.69    
  -53194.71    
  0.0000000E+00
  -187271.9    
  0.0000000E+00
  -340664.2    
  -135134.5    
  -21946.90    
  -12501.70    
   7922.854    
  -114291.3    
  0.0000000E+00
  -158788.3    
  -137562.9    
  0.0000000E+00
  -65205.26    
  0.0000000E+00
   12220.47    
  -176220.4    
  0.0000000E+00
  -329544.1    
  -148784.5    
  -85942.97    
  -122204.2    
  -320706.1    
  -76292.54    
  0.0000000E+00
  -65262.28    
  -486063.0    
  -30708.60    
  -116936.6    
   26989.28    
  -40967.38    
  -213687.9    
  -324528.8    
  -98072.51    
  -237354.8    
  -199545.4    
  -100457.0    
  -76934.10    
   14259.44    
  0.0000000E+00
  -318613.5    
  -23658.56    
  0.0000000E+00
  -54574.62    
  -250464.9    
  -181745.4    
  0.0000000E+00
   17388.07    
   13681.19    
  -19309.61    
  -118780.9    
  0.0000000E+00
  -140353.6    
  0.0000000E+00
  0.0000000E+00
   31812.79    
  -9892.157    
  -88479.50    
  0.0000000E+00
  -65738.88    
  0.0000000E+00
  0.0000000E+00
   13623.75    
  -73791.68    
  -210448.8    
  0.0000000E+00
  -57962.08    
  -64906.98    
  0.0000000E+00
  0.0000000E+00
  -50054.79    
   49747.39    
  -117184.7    
  0.0000000E+00
  -42318.85    
  -22958.70    
  0.0000000E+00
  0.0000000E+00
  -34890.81    
  -57724.60    
  0.0000000E+00
  0.0000000E+00
  0.0000000E+00
  0.0000000E+00
  0.0000000E+00
  0.0000000E+00
  0.0000000E+00
  0.0000000E+00
  -79566.73    
  0.0000000E+00
  -32157.76    
  -39926.46    
  0.0000000E+00
  0.0000000E+00
  0.0000000E+00
  0.0000000E+00
  -40028.62    
  -46700.05    
  -61134.37    
  0.0000000E+00
  0.0000000E+00
  0.0000000E+00
  -51480.04    
  -38834.43    
  0.0000000E+00
  0.0000000E+00
  0.0000000E+00
  0.0000000E+00
  0.0000000E+00
   40870.76    
  -75749.66    
  0.0000000E+00
  0.0000000E+00
  0.0000000E+00
  0.0000000E+00
  0.0000000E+00
  0.0000000E+00
  0.0000000E+00
  0.0000000E+00
  0.0000000E+00
  0.0000000E+00
   57049.92    
  -87871.05    
  0.0000000E+00
  0.0000000E+00
  0.0000000E+00
  0.0000000E+00
  -34198.89    
  -80109.57    
  0.0000000E+00
  0.0000000E+00
  0.0000000E+00
  0.0000000E+00
   2577.577    
  -54369.95    
  0.0000000E+00
  0.0000000E+00
  0.0000000E+00
  0.0000000E+00
   39302.05    
  -13391.45    
  -8104.264    
  0.0000000E+00
   6443.116    
   33144.77    
   32817.79    
   31345.42    
  -74522.77    
  0.0000000E+00
   60831.60    
  0.0000000E+00
  0.0000000E+00
  0.0000000E+00
  -9591.604    
  0.0000000E+00
  -40002.82    
  0.0000000E+00
  0.0000000E+00
  -11433.97    
   44804.75    
  0.0000000E+00
  0.0000000E+00
  0.0000000E+00
  -27670.51    
   48002.37    
  0.0000000E+00
  -28743.68    
  0.0000000E+00
  0.0000000E+00
   107794.6    
  -12308.52    
  0.0000000E+00
  -18671.63    
   60327.97    
  0.0000000E+00
  0.0000000E+00
   4796.819    
  -19438.20    
  -20946.50    
  -48537.66    
   27108.94    
  -44029.06    
   19294.38    
  -13129.31    
  -18167.56    
  -23861.17    
  0.0000000E+00
   23555.30    
   29501.05    
  -93700.82    
  0.0000000E+00
  -73537.64    
   28699.42    
  -26772.58    
   14255.61    
  -15418.76    
  -25054.85    
   24917.80    
  -36953.20    
  -48392.46    
  0.0000000E+00
  -17224.55    
  -26871.64    
  0.0000000E+00
   129247.3    
  0.0000000E+00
  0.0000000E+00
   5294.202    
   50398.79    
  0.0000000E+00
  -12645.23    
  0.0000000E+00
   11161.19    
  -23384.09    
  -27962.37    
  -5433.305    
   6006.551    
  -16223.73    
   14550.86    
  0.0000000E+00
  0.0000000E+00
  -6335.303    
   26418.82    
  -58258.35    
   1739.280    
  -20331.10    
  0.0000000E+00
  -38276.14    
  -25807.14    
  -59227.78    
   26492.58    
  -37471.57    
   57678.71    
   11725.25    
  -31317.22    
   61008.80    
  -19085.52    
  -49335.23    
   6590.945    
   62434.41    
   10235.62    
  -20762.59    
  -53408.60    
  -24082.28    
   124218.1    
  0.0000000E+00
  -5133.469    
   22513.25    
  0.0000000E+00
  -52987.35    
  0.0000000E+00
  0.0000000E+00
  0.0000000E+00
  -41691.70    
  0.0000000E+00
  0.0000000E+00
  0.0000000E+00
   40566.34    
  0.0000000E+00
  0.0000000E+00
  0.0000000E+00
  0.0000000E+00
  -36002.02    
  0.0000000E+00
  0.0000000E+00
  0.0000000E+00
  -10494.74    
  0.0000000E+00
  0.0000000E+00
  0.0000000E+00
  -31495.84    
  0.0000000E+00
  0.0000000E+00
  0.0000000E+00
  -35520.50    
   688.1443    
   8375.289    
  -10449.43    
   23989.24    
   278.3403    
   9548.582    
  -16146.75    
   10732.95    
  -13861.93    
  0.0000000E+00
  -12541.22    
  -23738.51    
   25336.05    
  -7567.851    
  0.0000000E+00
  -10118.56    
  0.0000000E+00
  0.0000000E+00
  -13877.02    
  -1400.154    
   3076.656    
  0.0000000E+00
  0.0000000E+00
  -1819.708    
  -8982.024    
  0.0000000E+00
  0.0000000E+00
   4285.787    
  -18104.01    
  0.0000000E+00
  -15040.74    
  -11112.58    
   2372.034    
   24635.80    
  -16312.79    
  -1928.721    
   10116.85    
  -19837.36    
  0.0000000E+00
   25918.57    
  -25687.60    
  0.0000000E+00
  0.0000000E+00
  0.0000000E+00
  0.0000000E+00
  0.0000000E+00
  0.0000000E+00
   24774.02    
  -24843.69    
  0.0000000E+00
  -9463.175    
  0.0000000E+00
   4150.918    
  -7592.316    
   97373.48    
   6613.134    
  -8458.946    
  0.0000000E+00
   143874.8    
   1102.005    
  -1048.719    
   11154.28    
  -8863.240    
   13234.37    
  -16160.39    
  -1141.664    
   6616.675    
  0.0000000E+00
  -14128.92    
  -13652.05    
   221469.7    
  -1726.875    
  -33958.75    
   261589.8    
  -39810.86    
  -26105.12    
  -54725.73    
  -24994.31    
   38975.03    
  -196652.9    
  -122116.7    
   75445.09    
   530934.9    
  -43945.93    
 
 month:           7 year:        1989
  0.0000000E+00
  0.0000000E+00
  0.0000000E+00
  0.0000000E+00
  0.0000000E+00
  0.0000000E+00
  0.0000000E+00
  0.0000000E+00
  0.0000000E+00
  0.0000000E+00
  0.0000000E+00
  0.0000000E+00
  0.0000000E+00
  0.0000000E+00
  0.0000000E+00
  0.0000000E+00
  0.0000000E+00
  0.0000000E+00
  0.0000000E+00
  0.0000000E+00
  0.0000000E+00
  0.0000000E+00
  0.0000000E+00
  0.0000000E+00
  0.0000000E+00
  0.0000000E+00
  0.0000000E+00
   4956.335    
   995.7952    
  0.0000000E+00
  0.0000000E+00
  0.0000000E+00
   5806.864    
   44825.75    
   28250.02    
   16731.37    
   2069.570    
   20851.07    
   19245.12    
   18390.28    
   14733.23    
  0.0000000E+00
  0.0000000E+00
  0.0000000E+00
  0.0000000E+00
   29901.18    
   46134.50    
  0.0000000E+00
   32859.95    
   17021.16    
  0.0000000E+00
  0.0000000E+00
   67236.30    
   21527.21    
  0.0000000E+00
  -21458.65    
  -44545.61    
  -57892.77    
  -76354.91    
  -87647.21    
  -85651.50    
  0.0000000E+00
  -116225.8    
  0.0000000E+00
  0.0000000E+00
  -143727.0    
  0.0000000E+00
  0.0000000E+00
   179036.6    
  0.0000000E+00
  0.0000000E+00
  0.0000000E+00
  0.0000000E+00
  -123263.6    
  0.0000000E+00
  0.0000000E+00
  0.0000000E+00
  0.0000000E+00
  0.0000000E+00
  0.0000000E+00
  0.0000000E+00
   7956.265    
  0.0000000E+00
  0.0000000E+00
  0.0000000E+00
  0.0000000E+00
  0.0000000E+00
   30139.85    
  0.0000000E+00
  0.0000000E+00
  0.0000000E+00
  -84107.39    
  0.0000000E+00
  0.0000000E+00
   132401.9    
  0.0000000E+00
  0.0000000E+00
  0.0000000E+00
  0.0000000E+00
  0.0000000E+00
  -119691.7    
   190775.7    
  -149361.3    
  0.0000000E+00
  0.0000000E+00
  -89304.05    
  0.0000000E+00
  0.0000000E+00
  0.0000000E+00
   162645.0    
  -54559.14    
  0.0000000E+00
  0.0000000E+00
  0.0000000E+00
  -57155.60    
  0.0000000E+00
  -77220.98    
   2700.584    
  0.0000000E+00
  0.0000000E+00
  0.0000000E+00
  0.0000000E+00
  -125288.2    
  0.0000000E+00
  -28933.22    
   269453.5    
   108958.1    
   8322.332    
  -478471.9    
  0.0000000E+00
  -46831.59    
  -30841.10    
  -214202.3    
   9302.886    
   9880.745    
   217320.5    
   150383.5    
   8418.126    
  0.0000000E+00
  -55907.35    
  -28982.78    
   85151.59    
   33231.23    
  -161390.7    
   51657.96    
   28856.74    
  -105537.1    
  0.0000000E+00
  0.0000000E+00
   10160.85    
   20594.24    
   69799.52    
   289399.6    
  -295161.3    
  0.0000000E+00
   8651.004    
  0.0000000E+00
  -436368.9    
   64086.89    
   3850.134    
  -26629.03    
  -300258.7    
  0.0000000E+00
   3929.846    
   5616.313    
   85093.61    
  0.0000000E+00
   7156.570    
  0.0000000E+00
  -381507.4    
   9014.423    
  -319170.2    
   8345.367    
  -333732.4    
   8527.810    
  0.0000000E+00
  -268824.3    
   9204.298    
  0.0000000E+00
  -115347.1    
  0.0000000E+00
  0.0000000E+00
  0.0000000E+00
   2978.341    
  -39588.77    
  0.0000000E+00
  0.0000000E+00
   52614.29    
  -437505.0    
  0.0000000E+00
  0.0000000E+00
   3533.946    
  -54697.53    
  0.0000000E+00
  0.0000000E+00
  0.0000000E+00
  -324283.2    
  0.0000000E+00
  0.0000000E+00
  -147481.8    
  -411116.6    
  0.0000000E+00
  -85796.77    
  -6018.485    
  -19227.43    
  0.0000000E+00
  -175092.8    
  0.0000000E+00
  -327965.2    
  -111353.0    
  -20085.42    
  -7761.260    
   6546.133    
  -84538.55    
  0.0000000E+00
  -158045.0    
  -136619.7    
  0.0000000E+00
  -23915.30    
  0.0000000E+00
   11231.03    
  -148453.9    
  0.0000000E+00
  -334374.3    
  -110603.3    
  -84293.21    
  -90610.75    
  -320672.6    
  -36299.61    
  0.0000000E+00
  -59327.92    
  -455626.7    
  -26763.34    
  -115563.2    
   6240.325    
  -1536.812    
  -211542.9    
  -328504.6    
  -57794.90    
  -238515.0    
  -199509.7    
  -99703.25    
  -36039.11    
   16250.36    
  0.0000000E+00
  -321720.1    
  -5283.676    
  0.0000000E+00
  -55908.43    
  -255891.5    
  -181348.7    
  0.0000000E+00
   4306.399    
   13061.41    
  -19902.52    
  -122085.7    
  0.0000000E+00
  -139064.4    
  0.0000000E+00
  0.0000000E+00
   7880.029    
  -10563.51    
  -89632.48    
  0.0000000E+00
  -63770.82    
  0.0000000E+00
  0.0000000E+00
   13510.99    
  -73680.38    
  -214920.5    
  0.0000000E+00
  -58174.16    
  -64094.14    
  0.0000000E+00
  0.0000000E+00
  -49636.09    
   53821.17    
  -118462.6    
  0.0000000E+00
  -41529.29    
  -21180.95    
  0.0000000E+00
  0.0000000E+00
  -33797.04    
  -57387.97    
  0.0000000E+00
  0.0000000E+00
  0.0000000E+00
  0.0000000E+00
  0.0000000E+00
  0.0000000E+00
  0.0000000E+00
  0.0000000E+00
  -80114.45    
  0.0000000E+00
  -33460.14    
  -40397.83    
  0.0000000E+00
  0.0000000E+00
  0.0000000E+00
  0.0000000E+00
  -39277.24    
  -48291.81    
  -63120.25    
  0.0000000E+00
  0.0000000E+00
  0.0000000E+00
  -49923.88    
  -40232.58    
  0.0000000E+00
  0.0000000E+00
  0.0000000E+00
  0.0000000E+00
  0.0000000E+00
   40533.95    
  -75584.69    
  0.0000000E+00
  0.0000000E+00
  0.0000000E+00
  0.0000000E+00
  0.0000000E+00
  0.0000000E+00
  0.0000000E+00
  0.0000000E+00
  0.0000000E+00
  0.0000000E+00
   62127.17    
  -88388.28    
  0.0000000E+00
  0.0000000E+00
  0.0000000E+00
  0.0000000E+00
  -33727.24    
  -80656.16    
  0.0000000E+00
  0.0000000E+00
  0.0000000E+00
  0.0000000E+00
   3021.594    
  -54706.76    
  0.0000000E+00
  0.0000000E+00
  0.0000000E+00
  0.0000000E+00
   45946.89    
  -13987.27    
  -8724.075    
  0.0000000E+00
   7532.463    
   38748.60    
   38366.33    
   36645.05    
  -76118.77    
  0.0000000E+00
   66783.37    
  0.0000000E+00
  0.0000000E+00
  0.0000000E+00
  -6146.940    
  0.0000000E+00
  -37462.18    
  0.0000000E+00
  0.0000000E+00
  -7785.943    
   48446.14    
  0.0000000E+00
  0.0000000E+00
  0.0000000E+00
  -25334.31    
   51902.45    
  0.0000000E+00
  -29973.99    
  0.0000000E+00
  0.0000000E+00
   84875.33    
  -13481.09    
  0.0000000E+00
  -19397.57    
   65229.47    
  0.0000000E+00
  0.0000000E+00
   4927.020    
  -20126.95    
  -21997.17    
  -49965.27    
   28154.47    
  -45588.34    
   20047.26    
  -13710.66    
  -18851.91    
  -25345.24    
  0.0000000E+00
   20750.60    
   31899.27    
  -97061.47    
  0.0000000E+00
  -75805.84    
   29641.99    
  -28361.21    
   15414.49    
  -15607.28    
  -26406.45    
   25395.30    
  -38994.02    
  -50263.63    
  0.0000000E+00
  -17678.49    
  -27774.96    
  0.0000000E+00
   98060.35    
  0.0000000E+00
  0.0000000E+00
   4584.932    
   54495.84    
  0.0000000E+00
  -16130.74    
  0.0000000E+00
   11153.91    
  -24116.47    
  -28764.34    
  -5748.835    
   6494.840    
  -17428.25    
   10401.57    
  0.0000000E+00
  0.0000000E+00
  -7079.688    
   26401.59    
  -59882.00    
   1750.547    
  -21115.68    
  0.0000000E+00
  -39949.81    
  -27060.66    
  -60756.32    
   27202.42    
  -38939.57    
   57641.10    
   11717.60    
  -32281.83    
   60969.03    
  -19640.88    
  -51334.98    
   6340.389    
   62393.70    
   10228.94    
  -21595.12    
  -55622.52    
  -24956.62    
   91862.59    
  0.0000000E+00
  -5510.572    
   22938.92    
  0.0000000E+00
  -54944.63    
  0.0000000E+00
  0.0000000E+00
  0.0000000E+00
  -43369.38    
  0.0000000E+00
  0.0000000E+00
  0.0000000E+00
   29666.88    
  0.0000000E+00
  0.0000000E+00
  0.0000000E+00
  0.0000000E+00
  -37423.50    
  0.0000000E+00
  0.0000000E+00
  0.0000000E+00
  -10911.70    
  0.0000000E+00
  0.0000000E+00
  0.0000000E+00
  -32746.41    
  0.0000000E+00
  0.0000000E+00
  0.0000000E+00
  -36275.57    
   207.1738    
   2521.708    
  -10825.55    
   25200.91    
   83.80522    
   2874.973    
  -16334.02    
   3231.575    
  -14164.81    
  0.0000000E+00
  -12578.74    
  -24183.59    
   26027.66    
  -8088.003    
  0.0000000E+00
  -10741.97    
  0.0000000E+00
  0.0000000E+00
  -14526.83    
  -1561.234    
   3353.973    
  0.0000000E+00
  0.0000000E+00
  -1875.396    
  -9372.769    
  0.0000000E+00
  0.0000000E+00
   4333.736    
  -18827.22    
  0.0000000E+00
  -15686.19    
  -11519.49    
   2384.431    
   25245.92    
  -17105.95    
  -1995.751    
   10302.98    
  -20520.95    
  0.0000000E+00
   26665.07    
  -26843.11    
  0.0000000E+00
  0.0000000E+00
  0.0000000E+00
  0.0000000E+00
  0.0000000E+00
  0.0000000E+00
   25607.25    
  -25878.37    
  0.0000000E+00
  -9978.981    
  0.0000000E+00
   4087.796    
  -7873.361    
   66034.22    
   6387.043    
  -8922.746    
  0.0000000E+00
   97318.63    
   76.00037    
  -1628.104    
   10266.06    
  -9784.538    
   13098.48    
  -17425.19    
  -1701.794    
   5816.407    
  0.0000000E+00
  -15832.41    
  -15140.57    
   148539.6    
  -2016.155    
  -36961.57    
   175448.2    
  -41927.94    
  -27284.58    
  -58156.55    
  -27929.44    
   38726.70    
  -209077.2    
  -130583.4    
   75907.94    
   356097.7    
  -48428.29    
 
 month:           8 year:        1989
  0.0000000E+00
  0.0000000E+00
  0.0000000E+00
  0.0000000E+00
  0.0000000E+00
  0.0000000E+00
  0.0000000E+00
  0.0000000E+00
  0.0000000E+00
  0.0000000E+00
  0.0000000E+00
  0.0000000E+00
  0.0000000E+00
  0.0000000E+00
  0.0000000E+00
  0.0000000E+00
  0.0000000E+00
  0.0000000E+00
  0.0000000E+00
  0.0000000E+00
  0.0000000E+00
  0.0000000E+00
  0.0000000E+00
  0.0000000E+00
  0.0000000E+00
  0.0000000E+00
  0.0000000E+00
   6353.838    
   1278.971    
  0.0000000E+00
  0.0000000E+00
  0.0000000E+00
   5806.864    
   44825.75    
   28250.02    
   12555.67    
   2653.112    
   26730.30    
   24671.54    
   23575.66    
   18887.46    
  0.0000000E+00
  0.0000000E+00
  0.0000000E+00
  0.0000000E+00
   29901.18    
   46134.50    
  0.0000000E+00
   30100.73    
   21820.49    
  0.0000000E+00
  0.0000000E+00
   60912.71    
   20419.47    
  0.0000000E+00
  -5077.922    
  -8865.914    
  -22634.79    
  -41350.98    
  -51668.34    
  -48055.48    
  0.0000000E+00
  -81785.62    
  0.0000000E+00
  0.0000000E+00
  -106850.9    
  0.0000000E+00
  0.0000000E+00
   178317.4    
  0.0000000E+00
  0.0000000E+00
  0.0000000E+00
  0.0000000E+00
  -129516.8    
  0.0000000E+00
  0.0000000E+00
  0.0000000E+00
  0.0000000E+00
  0.0000000E+00
  0.0000000E+00
  0.0000000E+00
   7986.187    
  0.0000000E+00
  0.0000000E+00
  0.0000000E+00
  0.0000000E+00
  0.0000000E+00
   30510.14    
  0.0000000E+00
  0.0000000E+00
  0.0000000E+00
  -81225.21    
  0.0000000E+00
  0.0000000E+00
   134028.6    
  0.0000000E+00
  0.0000000E+00
  0.0000000E+00
  0.0000000E+00
  0.0000000E+00
  -105840.0    
   80883.65    
  -161147.7    
  0.0000000E+00
  0.0000000E+00
  -85595.92    
  0.0000000E+00
  0.0000000E+00
  0.0000000E+00
   164643.2    
  -63463.81    
  0.0000000E+00
  0.0000000E+00
  0.0000000E+00
  -56700.59    
  0.0000000E+00
  -94704.70    
   12498.03    
  0.0000000E+00
  0.0000000E+00
  0.0000000E+00
  0.0000000E+00
  -122605.9    
  0.0000000E+00
  -20238.76    
   146308.4    
   110296.8    
   38353.75    
  -468734.7    
  0.0000000E+00
  -36009.17    
  -17020.30    
  -235563.3    
   42872.66    
   28850.99    
   223830.5    
   152231.1    
   38795.23    
  0.0000000E+00
  -34637.53    
  -28042.86    
   91200.09    
   35591.72    
  -160144.9    
   54256.68    
   30055.31    
  -112931.7    
  0.0000000E+00
  0.0000000E+00
   46826.65    
   15870.53    
   54634.74    
   309956.4    
  -313617.2    
  0.0000000E+00
   39868.45    
  0.0000000E+00
  -429433.3    
   68639.12    
   17743.48    
  -27118.64    
  -287317.7    
  0.0000000E+00
   18110.83    
   25882.98    
   92158.74    
  0.0000000E+00
   32981.29    
  0.0000000E+00
  -367354.5    
   34905.14    
  -305885.8    
   38459.93    
  -317354.4    
   39300.72    
  0.0000000E+00
  -251329.9    
   42418.33    
  0.0000000E+00
  -101982.2    
  0.0000000E+00
  0.0000000E+00
  0.0000000E+00
   13698.93    
  -37128.80    
  0.0000000E+00
  0.0000000E+00
   56203.30    
  -425312.3    
  0.0000000E+00
  0.0000000E+00
   5003.536    
  -51097.73    
  0.0000000E+00
  0.0000000E+00
  0.0000000E+00
  -324378.1    
  0.0000000E+00
  0.0000000E+00
  -142932.0    
  -404746.3    
  0.0000000E+00
  -84140.53    
  -956.8292    
  -16752.97    
  0.0000000E+00
  -177090.4    
  0.0000000E+00
  -327720.4    
  -112062.5    
  -18334.68    
  -3678.532    
   17662.16    
  -81237.44    
  0.0000000E+00
  -152394.0    
  -131431.5    
  0.0000000E+00
  -19230.79    
  0.0000000E+00
   12248.11    
  -150565.0    
  0.0000000E+00
  -328986.0    
  -106401.8    
  -85206.04    
  -92458.55    
  -310388.4    
  -32189.84    
  0.0000000E+00
  -58979.40    
  -456368.8    
  -21998.82    
  -110923.2    
   7997.942    
   3838.969    
  -210036.9    
  -321977.1    
  -52774.38    
  -236890.0    
  -193000.8    
  -95956.91    
  -32062.38    
   17458.84    
  0.0000000E+00
  -314489.7    
  -5015.330    
  0.0000000E+00
  -55563.41    
  -255029.1    
  -175304.5    
  0.0000000E+00
   4007.427    
   11919.89    
  -19850.30    
  -121697.0    
  0.0000000E+00
  -133559.2    
  0.0000000E+00
  0.0000000E+00
   7333.917    
  -11032.77    
  -89473.33    
  0.0000000E+00
  -60321.82    
  0.0000000E+00
  0.0000000E+00
   15054.23    
  -73560.03    
  -212960.4    
  0.0000000E+00
  -58284.14    
  -61538.51    
  0.0000000E+00
  0.0000000E+00
  -49697.18    
   54138.32    
  -116200.4    
  0.0000000E+00
  -41495.54    
  -18948.47    
  0.0000000E+00
  0.0000000E+00
  -33593.59    
  -55585.43    
  0.0000000E+00
  0.0000000E+00
  0.0000000E+00
  0.0000000E+00
  0.0000000E+00
  0.0000000E+00
  0.0000000E+00
  0.0000000E+00
  -80073.02    
  0.0000000E+00
  -33979.70    
  -39834.36    
  0.0000000E+00
  0.0000000E+00
  0.0000000E+00
  0.0000000E+00
  -39414.79    
  -48574.09    
  -63395.96    
  0.0000000E+00
  0.0000000E+00
  0.0000000E+00
  -48932.30    
  -40608.05    
  0.0000000E+00
  0.0000000E+00
  0.0000000E+00
  0.0000000E+00
  0.0000000E+00
   45162.89    
  -74973.43    
  0.0000000E+00
  0.0000000E+00
  0.0000000E+00
  0.0000000E+00
  0.0000000E+00
  0.0000000E+00
  0.0000000E+00
  0.0000000E+00
  0.0000000E+00
  0.0000000E+00
   63079.43    
  -88102.30    
  0.0000000E+00
  0.0000000E+00
  0.0000000E+00
  0.0000000E+00
  -33809.02    
  -80511.20    
  0.0000000E+00
  0.0000000E+00
  0.0000000E+00
  0.0000000E+00
   1423.745    
  -54621.87    
  0.0000000E+00
  0.0000000E+00
  0.0000000E+00
  0.0000000E+00
   21697.27    
  -13941.18    
  -8630.612    
  0.0000000E+00
   3557.016    
   18298.05    
   18117.53    
   17304.70    
  -76217.91    
  0.0000000E+00
   67114.30    
  0.0000000E+00
  0.0000000E+00
  0.0000000E+00
  -5890.481    
  0.0000000E+00
  -37300.33    
  0.0000000E+00
  0.0000000E+00
  -7494.101    
   39105.38    
  0.0000000E+00
  0.0000000E+00
  0.0000000E+00
  -25671.43    
   41895.10    
  0.0000000E+00
  -30681.85    
  0.0000000E+00
  0.0000000E+00
   93920.45    
  -14264.34    
  0.0000000E+00
  -19506.31    
   52652.54    
  0.0000000E+00
  0.0000000E+00
   4857.156    
  -20162.96    
  -22762.59    
  -50105.28    
   28088.08    
  -45540.84    
   20001.71    
  -13759.54    
  -19382.61    
  -25887.24    
  0.0000000E+00
   20128.28    
   25747.81    
  -97015.51    
  0.0000000E+00
  -75790.91    
   29629.25    
  -28642.63    
   12441.95    
  -15706.52    
  -28829.86    
   25121.87    
  -39065.80    
  -50968.82    
  0.0000000E+00
  -17558.58    
  -27774.57    
  0.0000000E+00
   95293.47    
  0.0000000E+00
  0.0000000E+00
   3202.386    
   43986.86    
  0.0000000E+00
  -16897.86    
  0.0000000E+00
   9825.275    
  -24102.36    
  -28690.72    
  -5913.460    
   5242.373    
  -18520.67    
  -18536.07    
  0.0000000E+00
  0.0000000E+00
  -7077.009    
   23256.68    
  -59620.37    
   1531.788    
  -21338.67    
  0.0000000E+00
  -40378.62    
  -27012.67    
  -60379.48    
   27248.94    
  -38659.05    
   50774.98    
   10321.82    
  -31994.09    
   53706.48    
  -19505.30    
  -51764.08    
   6266.541    
   54961.46    
   9010.488    
  -21514.22    
  -56340.50    
  -25280.13    
   104984.7    
  0.0000000E+00
  -5459.209    
   23184.27    
  0.0000000E+00
  -54903.59    
  0.0000000E+00
  0.0000000E+00
  0.0000000E+00
  -43383.14    
  0.0000000E+00
  0.0000000E+00
  0.0000000E+00
   33872.75    
  0.0000000E+00
  0.0000000E+00
  0.0000000E+00
  0.0000000E+00
  -37604.54    
  0.0000000E+00
  0.0000000E+00
  0.0000000E+00
  -10650.75    
  0.0000000E+00
  0.0000000E+00
  0.0000000E+00
  -32719.35    
  0.0000000E+00
  0.0000000E+00
  0.0000000E+00
  -35779.75    
   365.2933    
   4445.948    
  -10789.57    
   25649.11    
   147.7544    
   5068.778    
  -15900.53    
   5697.492    
  -13903.10    
  0.0000000E+00
  -12211.84    
  -23915.16    
   26052.01    
  -8113.645    
  0.0000000E+00
  -10712.56    
  0.0000000E+00
  0.0000000E+00
  -14526.83    
  -1429.892    
   3408.914    
  0.0000000E+00
  0.0000000E+00
  -1854.922    
  -9365.107    
  0.0000000E+00
  0.0000000E+00
   4365.153    
  -18784.69    
  0.0000000E+00
  -15675.72    
  -11523.62    
   2412.764    
   25285.24    
  -17049.77    
  -2044.041    
   10268.08    
  -20534.03    
  0.0000000E+00
   26666.65    
  -26790.59    
  0.0000000E+00
  0.0000000E+00
  0.0000000E+00
  0.0000000E+00
  0.0000000E+00
  0.0000000E+00
   25582.50    
  -25831.69    
  0.0000000E+00
  -9925.039    
  0.0000000E+00
   4135.769    
  -7897.889    
   77603.38    
   6326.484    
  -8889.103    
  0.0000000E+00
   114577.5    
  -117.4551    
  -1628.104    
   9985.270    
  -9946.619    
   12998.50    
  -17536.73    
  -1616.169    
   5368.063    
  0.0000000E+00
  -16251.69    
  -15563.34    
   175572.4    
  -1957.042    
  -37967.03    
   207378.1    
  -41771.68    
  -27208.94    
  -57528.59    
  -27303.28    
   39278.54    
  -206730.6    
  -129881.4    
   76695.70    
   420904.2    
  -47826.68    
 
 month:           9 year:        1989
  0.0000000E+00
  0.0000000E+00
  0.0000000E+00
  0.0000000E+00
  0.0000000E+00
  0.0000000E+00
  0.0000000E+00
  0.0000000E+00
  0.0000000E+00
  0.0000000E+00
  0.0000000E+00
  0.0000000E+00
  0.0000000E+00
  0.0000000E+00
  0.0000000E+00
  0.0000000E+00
  0.0000000E+00
  0.0000000E+00
  0.0000000E+00
  0.0000000E+00
  0.0000000E+00
  0.0000000E+00
  0.0000000E+00
  0.0000000E+00
  0.0000000E+00
  0.0000000E+00
  0.0000000E+00
   5617.256    
   1130.362    
  0.0000000E+00
  0.0000000E+00
  0.0000000E+00
   5387.585    
   41590.59    
   26211.16    
   6435.000    
   2345.544    
   23631.53    
   21811.43    
   20842.60    
   16697.88    
  0.0000000E+00
  0.0000000E+00
  0.0000000E+00
  0.0000000E+00
   27743.15    
   42804.88    
  0.0000000E+00
   21478.15    
   19290.90    
  0.0000000E+00
  0.0000000E+00
   58982.75    
   15126.54    
  0.0000000E+00
  -5917.847    
  -9223.926    
  -22765.38    
  -40985.39    
  -49375.44    
  -43908.31    
  0.0000000E+00
  -79233.31    
  0.0000000E+00
  0.0000000E+00
  -101104.2    
  0.0000000E+00
  0.0000000E+00
   157414.7    
  0.0000000E+00
  0.0000000E+00
  0.0000000E+00
  0.0000000E+00
  -130124.4    
  0.0000000E+00
  0.0000000E+00
  0.0000000E+00
  0.0000000E+00
  0.0000000E+00
  0.0000000E+00
  0.0000000E+00
   7570.012    
  0.0000000E+00
  0.0000000E+00
  0.0000000E+00
  0.0000000E+00
  0.0000000E+00
   27031.27    
  0.0000000E+00
  0.0000000E+00
  0.0000000E+00
  -76056.90    
  0.0000000E+00
  0.0000000E+00
   118746.2    
  0.0000000E+00
  0.0000000E+00
  0.0000000E+00
  0.0000000E+00
  0.0000000E+00
  -91606.44    
   78005.85    
  -164399.4    
  0.0000000E+00
  0.0000000E+00
  -80048.03    
  0.0000000E+00
  0.0000000E+00
  0.0000000E+00
   145870.0    
  -67017.57    
  0.0000000E+00
  0.0000000E+00
  0.0000000E+00
  -54120.23    
  0.0000000E+00
  -105631.0    
   5283.032    
  0.0000000E+00
  0.0000000E+00
  0.0000000E+00
  0.0000000E+00
  -116428.5    
  0.0000000E+00
  -13159.55    
   82219.55    
   97720.36    
   16219.60    
  -452039.1    
  0.0000000E+00
  -27109.31    
  -6358.678    
  -236439.0    
   18130.62    
   29157.59    
   197859.2    
   134873.2    
   16406.30    
  0.0000000E+00
  -28628.64    
  -27008.30    
   80215.72    
   31304.96    
  -153327.3    
   54957.92    
   30202.19    
  -116580.3    
  0.0000000E+00
  0.0000000E+00
   19802.74    
   12988.94    
   44649.46    
   272624.5    
  -318992.2    
  0.0000000E+00
   16860.15    
  0.0000000E+00
  -413555.1    
   60372.05    
   7503.624    
  -26993.74    
  -277289.9    
  0.0000000E+00
   7658.974    
   10945.77    
   81364.51    
  0.0000000E+00
   13947.61    
  0.0000000E+00
  -353127.0    
  -12826.47    
  -296188.7    
   16264.50    
  -302090.6    
   561.6448    
  0.0000000E+00
  -237424.0    
   17938.48    
  0.0000000E+00
  -97313.84    
  0.0000000E+00
  0.0000000E+00
  0.0000000E+00
   5795.147    
  -35760.69    
  0.0000000E+00
  0.0000000E+00
   48198.88    
  -407608.3    
  0.0000000E+00
  0.0000000E+00
   6436.143    
  -48342.31    
  0.0000000E+00
  0.0000000E+00
  0.0000000E+00
  -324493.4    
  0.0000000E+00
  0.0000000E+00
  -134345.0    
  -386352.3    
  0.0000000E+00
  -80039.05    
   362.7857    
  -15581.79    
  0.0000000E+00
  -182745.1    
  0.0000000E+00
  -329356.9    
  -120090.5    
  -16432.49    
  -538.9272    
   13502.60    
  -78369.84    
  0.0000000E+00
  -142377.1    
  -122412.9    
  0.0000000E+00
  -17700.00    
  0.0000000E+00
   10871.67    
  -164581.8    
  0.0000000E+00
  -313695.1    
  -102552.8    
  -84616.23    
  -109530.7    
  -290856.5    
  -30845.69    
  0.0000000E+00
  -59114.41    
  -465827.5    
  -16838.39    
  -103204.5    
   16806.55    
   4234.907    
  -205527.1    
  -305434.4    
  -50068.39    
  -229893.5    
  -180564.1    
  -89394.35    
  -30873.06    
   17854.23    
  0.0000000E+00
  -297553.7    
  -2181.483    
  0.0000000E+00
  -53861.45    
  -246168.8    
  -164085.1    
  0.0000000E+00
   6483.303    
   8655.147    
  -19468.57    
  -117190.4    
  0.0000000E+00
  -124225.5    
  0.0000000E+00
  0.0000000E+00
   11862.32    
  -11289.67    
  -86585.34    
  0.0000000E+00
  -55209.32    
  0.0000000E+00
  0.0000000E+00
   13773.82    
  -71740.07    
  -204234.5    
  0.0000000E+00
  -57087.55    
  -57249.68    
  0.0000000E+00
  0.0000000E+00
  -48388.70    
   52431.97    
  -110369.8    
  0.0000000E+00
  -40321.61    
  -16245.85    
  0.0000000E+00
  0.0000000E+00
  -32673.06    
  -52217.46    
  0.0000000E+00
  0.0000000E+00
  0.0000000E+00
  0.0000000E+00
  0.0000000E+00
  0.0000000E+00
  0.0000000E+00
  0.0000000E+00
  -77814.48    
  0.0000000E+00
  -33348.15    
  -38020.44    
  0.0000000E+00
  0.0000000E+00
  0.0000000E+00
  0.0000000E+00
  -38449.89    
  -47246.55    
  -61602.98    
  0.0000000E+00
  0.0000000E+00
  0.0000000E+00
  -46630.93    
  -39640.51    
  0.0000000E+00
  0.0000000E+00
  0.0000000E+00
  0.0000000E+00
  0.0000000E+00
   41321.25    
  -72485.12    
  0.0000000E+00
  0.0000000E+00
  -37866.89    
  0.0000000E+00
  0.0000000E+00
  0.0000000E+00
  0.0000000E+00
  0.0000000E+00
  0.0000000E+00
  0.0000000E+00
   61724.06    
  -85402.98    
  0.0000000E+00
  0.0000000E+00
  0.0000000E+00
  0.0000000E+00
  -32849.70    
  -78234.28    
  0.0000000E+00
  0.0000000E+00
  0.0000000E+00
  0.0000000E+00
   1907.942    
  -52921.91    
  0.0000000E+00
  0.0000000E+00
  0.0000000E+00
  0.0000000E+00
   29121.21    
  -13621.93    
  -8522.390    
  0.0000000E+00
   4774.085    
   24558.92    
   24316.63    
   23225.69    
  -74136.16    
  0.0000000E+00
   65020.06    
  0.0000000E+00
  0.0000000E+00
  0.0000000E+00
  -5793.296    
  0.0000000E+00
  -36317.06    
  0.0000000E+00
  0.0000000E+00
  -7251.767    
   42325.43    
  0.0000000E+00
  0.0000000E+00
  0.0000000E+00
  -25545.40    
   45346.57    
  0.0000000E+00
  -29820.43    
  0.0000000E+00
  0.0000000E+00
   71462.01    
  -14801.10    
  0.0000000E+00
  -19185.96    
   51199.10    
  0.0000000E+00
  0.0000000E+00
   4520.537    
  -19919.87    
  -22267.65    
  -48195.41    
   27072.99    
  -44271.79    
   19294.38    
  -13546.03    
  -18622.45    
  -25763.36    
  0.0000000E+00
   19696.59    
   27870.30    
  -94090.15    
  0.0000000E+00
  -72928.28    
   28546.57    
  -28166.94    
   13467.59    
  -14753.60    
  -31031.12    
   23821.24    
  -38182.69    
  -49274.08    
  0.0000000E+00
  -16874.58    
  -26869.65    
  0.0000000E+00
   23067.35    
  0.0000000E+00
  0.0000000E+00
   3003.737    
   47612.87    
  0.0000000E+00
  -17132.25    
  0.0000000E+00
   11167.64    
  -23185.53    
  -27576.26    
  -5788.619    
   5674.524    
  -17820.38    
  -18260.46    
  0.0000000E+00
  0.0000000E+00
  -7122.530    
   26434.08    
  -57227.94    
   1735.855    
  -20513.94    
  0.0000000E+00
  -38970.77    
  -26374.62    
  -57827.86    
   26290.53    
  -37355.57    
   57712.03    
   11732.02    
  -30914.38    
   61044.05    
  -18934.30    
  -50289.46    
   5717.954    
   62470.48    
   10241.53    
  -20958.08    
  -55073.87    
  -24548.59    
   107311.7    
  0.0000000E+00
  -5288.905    
   22409.78    
  0.0000000E+00
  -53230.01    
  0.0000000E+00
  0.0000000E+00
  0.0000000E+00
  -42125.82    
  0.0000000E+00
  0.0000000E+00
  0.0000000E+00
   34986.96    
  0.0000000E+00
  0.0000000E+00
  0.0000000E+00
  0.0000000E+00
  -36605.48    
  0.0000000E+00
  0.0000000E+00
  0.0000000E+00
  -10219.61    
  0.0000000E+00
  0.0000000E+00
  0.0000000E+00
  -31841.54    
  0.0000000E+00
  0.0000000E+00
  0.0000000E+00
  -34353.87    
   198.0430    
   2414.018    
  -10609.69    
   25037.09    
   80.22629    
   2752.198    
  -15206.93    
   3093.568    
  -13397.32    
  0.0000000E+00
  -11487.78    
  -22957.02    
   25104.84    
  -8000.091    
  0.0000000E+00
  -10515.54    
  0.0000000E+00
  0.0000000E+00
  -14237.34    
  -1395.198    
   3340.892    
  0.0000000E+00
  0.0000000E+00
  -1818.070    
  -9222.089    
  0.0000000E+00
  0.0000000E+00
   4133.667    
  -18387.62    
  0.0000000E+00
  -15365.21    
  -11273.69    
   2292.347    
   24413.82    
  -16659.80    
  -2055.573    
   9850.652    
  -19997.62    
  0.0000000E+00
   25753.30    
  -26074.02    
  0.0000000E+00
  0.0000000E+00
  0.0000000E+00
  0.0000000E+00
  0.0000000E+00
  0.0000000E+00
   24680.53    
  -25174.32    
  0.0000000E+00
  -9742.990    
  0.0000000E+00
   3911.053    
  -7714.954    
   79137.60    
   5882.377    
  -8728.095    
  0.0000000E+00
   116801.5    
  -646.0030    
  -1822.312    
   9094.188    
  -10053.25    
   12283.20    
  -17359.95    
  -1726.768    
   4572.617    
  0.0000000E+00
  -16541.75    
  -15780.60    
   178660.4    
  -1940.691    
  -38173.54    
   211025.5    
  -40504.49    
  -26452.51    
  -55466.78    
  -26386.87    
   38162.44    
  -199223.2    
  -125909.4    
   74421.27    
   428307.1    
  -46357.35    
 
 month:          10 year:        1989
  0.0000000E+00
  0.0000000E+00
  0.0000000E+00
  0.0000000E+00
  0.0000000E+00
  0.0000000E+00
  0.0000000E+00
  0.0000000E+00
  0.0000000E+00
  0.0000000E+00
  0.0000000E+00
  0.0000000E+00
  0.0000000E+00
  0.0000000E+00
  0.0000000E+00
  0.0000000E+00
  0.0000000E+00
  0.0000000E+00
  0.0000000E+00
  0.0000000E+00
  0.0000000E+00
  0.0000000E+00
  0.0000000E+00
  0.0000000E+00
  0.0000000E+00
  0.0000000E+00
  0.0000000E+00
   5577.751    
   1122.171    
  0.0000000E+00
  0.0000000E+00
  0.0000000E+00
   775.0942    
   5967.356    
   3760.736    
   5160.763    
   2329.048    
   23465.33    
   21658.04    
   20696.02    
   16580.46    
  0.0000000E+00
  0.0000000E+00
  0.0000000E+00
  0.0000000E+00
   3980.545    
   6141.580    
  0.0000000E+00
   20528.78    
   19155.24    
  0.0000000E+00
  0.0000000E+00
   19531.02    
   14650.39    
  0.0000000E+00
  -3864.536    
  -6234.329    
  -20498.48    
  -39551.14    
  -46504.74    
  -38914.02    
  0.0000000E+00
  -78021.07    
  0.0000000E+00
  0.0000000E+00
  -97351.35    
  0.0000000E+00
  0.0000000E+00
   24661.83    
  0.0000000E+00
  0.0000000E+00
  0.0000000E+00
  0.0000000E+00
  -135358.1    
  0.0000000E+00
  0.0000000E+00
  0.0000000E+00
  0.0000000E+00
  0.0000000E+00
  0.0000000E+00
  0.0000000E+00
   6612.541    
  0.0000000E+00
  0.0000000E+00
  0.0000000E+00
  0.0000000E+00
  0.0000000E+00
   4395.777    
  0.0000000E+00
  0.0000000E+00
  0.0000000E+00
  -76098.63    
  0.0000000E+00
  0.0000000E+00
   19310.29    
  0.0000000E+00
  0.0000000E+00
  0.0000000E+00
  0.0000000E+00
  0.0000000E+00
  -85771.66    
   33019.70    
  -168545.1    
  0.0000000E+00
  0.0000000E+00
  -79916.11    
  0.0000000E+00
  0.0000000E+00
  0.0000000E+00
   23721.12    
  -65668.77    
  0.0000000E+00
  0.0000000E+00
  0.0000000E+00
  -54903.45    
  0.0000000E+00
  -101723.2    
   6134.481    
  0.0000000E+00
  0.0000000E+00
  0.0000000E+00
  0.0000000E+00
  -117479.3    
  0.0000000E+00
  -7914.811    
   35474.27    
   15891.11    
   18841.30    
  -461160.7    
  0.0000000E+00
  -21897.33    
  -332.5457    
  -243686.2    
   18461.97    
   37029.13    
   37535.85    
   21932.83    
   19058.19    
  0.0000000E+00
  -20685.39    
  -22743.15    
   20027.13    
   7815.783    
  -152604.4    
   50684.49    
   29505.97    
  -118595.0    
  0.0000000E+00
  0.0000000E+00
   23003.61    
   12027.04    
   41573.94    
   68065.03    
  -316485.9    
  0.0000000E+00
   19585.39    
  0.0000000E+00
  -417391.1    
   15072.85    
   8716.492    
  -28336.02    
  -285033.7    
  0.0000000E+00
   8896.957    
   12715.02    
   26470.60    
  0.0000000E+00
   16202.08    
  0.0000000E+00
  -357377.2    
  -13682.17    
  -304754.6    
   18893.45    
  -306038.6    
  -15943.79    
  0.0000000E+00
  -238259.4    
   20838.02    
  0.0000000E+00
  -99249.19    
  0.0000000E+00
  0.0000000E+00
  0.0000000E+00
   6734.081    
  -36901.41    
  0.0000000E+00
  0.0000000E+00
   48012.34    
  -414310.2    
  0.0000000E+00
  0.0000000E+00
   6556.579    
  -49110.27    
  0.0000000E+00
  0.0000000E+00
  0.0000000E+00
  -327088.7    
  0.0000000E+00
  0.0000000E+00
  -134852.4    
  -393847.9    
  0.0000000E+00
  -81415.75    
   1461.260    
  -15636.31    
  0.0000000E+00
  -184315.3    
  0.0000000E+00
  -330874.9    
  -117440.7    
  -15872.25    
  0.0000000E+00
   16298.22    
  -80736.78    
  0.0000000E+00
  -142099.1    
  -121735.0    
  0.0000000E+00
  -17810.95    
  0.0000000E+00
  -43967.18    
  -160315.0    
  0.0000000E+00
  -319695.8    
  -105899.4    
  -92826.13    
  -100705.4    
  -290979.2    
  -31890.59    
  0.0000000E+00
  -60722.02    
  -466215.9    
  -12884.73    
  -102625.1    
   14594.68    
   4181.844    
  -209945.6    
  -309322.9    
  -50949.71    
  -236322.4    
  -180155.1    
  -88887.88    
  -31935.02    
   19265.98    
  0.0000000E+00
  -300551.1    
  -1489.793    
  0.0000000E+00
  -56654.37    
  -252758.7    
  -163992.7    
  0.0000000E+00
   3873.068    
   10973.28    
  -21366.80    
  -119749.2    
  0.0000000E+00
  -123396.2    
  0.0000000E+00
  0.0000000E+00
   7085.270    
  -12163.11    
  -89462.21    
  0.0000000E+00
  -53873.29    
  0.0000000E+00
  0.0000000E+00
   6329.512    
  -75307.82    
  -209129.9    
  0.0000000E+00
  -60520.20    
  -56903.17    
  0.0000000E+00
  0.0000000E+00
  -50546.92    
   54348.27    
  -111962.2    
  0.0000000E+00
  -41617.60    
  -14654.69    
  0.0000000E+00
  0.0000000E+00
  -34523.20    
  -52481.12    
  0.0000000E+00
  0.0000000E+00
  0.0000000E+00
  0.0000000E+00
  0.0000000E+00
  0.0000000E+00
  0.0000000E+00
  0.0000000E+00
  -81166.55    
  0.0000000E+00
  -34911.72    
  -38747.57    
  0.0000000E+00
  0.0000000E+00
  0.0000000E+00
  0.0000000E+00
  -39952.65    
  -49044.03    
  -63907.56    
  0.0000000E+00
  0.0000000E+00
  0.0000000E+00
  -47304.30    
  -41307.15    
  0.0000000E+00
  0.0000000E+00
  0.0000000E+00
  0.0000000E+00
  0.0000000E+00
   18987.91    
  -74897.70    
  0.0000000E+00
  -24392.41    
  -41975.74    
  0.0000000E+00
  0.0000000E+00
  0.0000000E+00
  0.0000000E+00
  0.0000000E+00
  0.0000000E+00
  0.0000000E+00
   61523.64    
  -88687.66    
  0.0000000E+00
  0.0000000E+00
  0.0000000E+00
  0.0000000E+00
  -34048.74    
  -81528.89    
  0.0000000E+00
  0.0000000E+00
  0.0000000E+00
  0.0000000E+00
   1039.478    
  -54796.92    
  0.0000000E+00
  0.0000000E+00
  0.0000000E+00
  0.0000000E+00
   15839.03    
  -14275.79    
  -9215.984    
  0.0000000E+00
   2596.627    
   13357.60    
   13225.82    
   12632.46    
  -76855.64    
  0.0000000E+00
   67114.30    
  0.0000000E+00
  0.0000000E+00
  0.0000000E+00
  -6155.039    
  0.0000000E+00
  -37346.14    
  0.0000000E+00
  0.0000000E+00
  -7134.508    
   29181.34    
  0.0000000E+00
  0.0000000E+00
  0.0000000E+00
  -26125.12    
   31265.62    
  0.0000000E+00
  -32049.74    
  0.0000000E+00
  0.0000000E+00
   43879.04    
  -15291.78    
  0.0000000E+00
  -19762.01    
  -22152.34    
  0.0000000E+00
  0.0000000E+00
   4665.028    
  -20271.00    
  -24311.62    
  -50002.37    
   28298.30    
  -45754.55    
   19967.69    
  -14065.65    
  -19808.68    
  -27203.54    
  0.0000000E+00
   21246.26    
   19214.84    
  -97521.09    
  0.0000000E+00
  -75262.84    
   29611.06    
  -30017.02    
   9285.071    
  -15447.88    
  -32360.15    
   24671.65    
  -40554.28    
  -51544.95    
  0.0000000E+00
  -17319.28    
  -27747.95    
  0.0000000E+00
   23203.65    
  0.0000000E+00
  0.0000000E+00
   2434.453    
   32826.12    
  0.0000000E+00
  -17738.03    
  0.0000000E+00
   8042.946    
  -23969.45    
  -28466.72    
  -6149.423    
   3912.232    
  -18961.54    
  -18941.07    
  0.0000000E+00
  0.0000000E+00
  -7998.118    
   19037.86    
  -58963.92    
   1245.214    
  -21562.63    
  0.0000000E+00
  -40087.67    
  -27594.25    
  -59507.52    
   26949.85    
  -39009.17    
   41564.27    
   8449.416    
  -31783.08    
   43963.99    
  -19364.51    
  -52483.34    
   5488.498    
   44991.30    
   7375.964    
  -21716.46    
  -57287.79    
  -25538.05    
   49600.35    
  0.0000000E+00
  -5794.413    
   22829.54    
  0.0000000E+00
  -55215.84    
  0.0000000E+00
  0.0000000E+00
  0.0000000E+00
  -43819.76    
  0.0000000E+00
  0.0000000E+00
  0.0000000E+00
   17223.12    
  0.0000000E+00
  0.0000000E+00
  0.0000000E+00
  0.0000000E+00
  -38026.96    
  0.0000000E+00
  0.0000000E+00
  0.0000000E+00
  -10622.38    
  0.0000000E+00
  0.0000000E+00
  0.0000000E+00
  -32950.83    
  0.0000000E+00
  0.0000000E+00
  0.0000000E+00
  -34865.89    
   211.8966    
   2584.176    
  -10750.33    
   26366.22    
   85.88124    
   2946.192    
  -15203.47    
   3311.626    
  -13573.75    
  0.0000000E+00
  -11545.76    
  -23527.88    
   25879.61    
  -8410.352    
  0.0000000E+00
  -11133.06    
  0.0000000E+00
  0.0000000E+00
  -14754.73    
  -1524.062    
   3675.767    
  0.0000000E+00
  0.0000000E+00
  -1910.611    
  -9485.140    
  0.0000000E+00
  0.0000000E+00
   4216.341    
  -18746.87    
  0.0000000E+00
  -15885.06    
  -11602.11    
   2320.680    
   24955.44    
  -17320.77    
  -2160.802    
   9938.929    
  -20563.47    
  0.0000000E+00
   26460.26    
  -27109.48    
  0.0000000E+00
  0.0000000E+00
  0.0000000E+00
  0.0000000E+00
  0.0000000E+00
  0.0000000E+00
   25574.26    
  -26033.95    
  0.0000000E+00
  -10090.23    
  0.0000000E+00
   4029.723    
  -7992.936    
   39622.00    
   5789.521    
  -9112.592    
  0.0000000E+00
   58463.34    
  -1533.825    
  -2246.331    
   8108.552    
  -10808.20    
   12285.76    
  -18563.72    
  -2151.324    
   3697.624    
  0.0000000E+00
  -18123.94    
  -17098.83    
   89611.23    
  -2203.558    
  -40939.40    
   91985.01    
  -42613.95    
  -27480.69    
  -59254.93    
  -29498.11    
   37692.00    
  -212969.7    
  -134673.9    
   74556.14    
   214827.3    
  -51540.49    
 
 month:          11 year:        1989
  0.0000000E+00
  0.0000000E+00
  0.0000000E+00
  0.0000000E+00
  0.0000000E+00
  0.0000000E+00
  0.0000000E+00
  0.0000000E+00
  0.0000000E+00
  0.0000000E+00
  0.0000000E+00
  0.0000000E+00
  0.0000000E+00
  0.0000000E+00
  0.0000000E+00
  0.0000000E+00
  0.0000000E+00
  0.0000000E+00
  0.0000000E+00
  0.0000000E+00
  0.0000000E+00
  0.0000000E+00
  0.0000000E+00
  0.0000000E+00
  0.0000000E+00
  0.0000000E+00
  0.0000000E+00
   118.1407    
   19.30743    
  0.0000000E+00
  0.0000000E+00
  0.0000000E+00
   217.5166    
   1667.465    
   1050.867    
   535.3160    
   49.33088    
   497.0122    
   458.7326    
   438.3561    
   351.1856    
  0.0000000E+00
  0.0000000E+00
  0.0000000E+00
  0.0000000E+00
   1112.288    
   1716.149    
  0.0000000E+00
   1183.231    
   405.7214    
  0.0000000E+00
  0.0000000E+00
   7282.378    
   779.4729    
  0.0000000E+00
  -3281.460    
  -5536.825    
  -19494.53    
  -38004.39    
  -43214.39    
  -34078.70    
  0.0000000E+00
  -73877.07    
  0.0000000E+00
  0.0000000E+00
  -88038.08    
  0.0000000E+00
  0.0000000E+00
   9429.032    
  0.0000000E+00
  0.0000000E+00
  0.0000000E+00
  0.0000000E+00
  -127866.1    
  0.0000000E+00
  0.0000000E+00
  0.0000000E+00
  0.0000000E+00
  0.0000000E+00
  0.0000000E+00
  0.0000000E+00
   7292.562    
  0.0000000E+00
  0.0000000E+00
  0.0000000E+00
  0.0000000E+00
  0.0000000E+00
   1321.381    
  0.0000000E+00
  0.0000000E+00
  0.0000000E+00
  -71339.45    
  0.0000000E+00
  0.0000000E+00
   5804.719    
  0.0000000E+00
  0.0000000E+00
  0.0000000E+00
  0.0000000E+00
  0.0000000E+00
  -76237.83    
   10937.87    
  -153953.0    
  0.0000000E+00
  0.0000000E+00
  -75173.05    
  0.0000000E+00
  0.0000000E+00
  0.0000000E+00
   7130.627    
  -54496.40    
  0.0000000E+00
  0.0000000E+00
  0.0000000E+00
  -52074.80    
  0.0000000E+00
  -80013.03    
   9002.192    
  0.0000000E+00
  0.0000000E+00
  0.0000000E+00
  0.0000000E+00
  -111342.9    
  0.0000000E+00
  -2834.253    
   11813.29    
   4776.906    
   27650.22    
  -444127.3    
  0.0000000E+00
  -16453.61    
  0.0000000E+00
  -225711.1    
  -8732.396    
   22318.93    
   12245.69    
   6593.063    
   19454.20    
  0.0000000E+00
  -19528.88    
  -14952.75    
   7266.938    
   2835.993    
  -140122.0    
   27964.33    
   27949.00    
  -107820.8    
  0.0000000E+00
  0.0000000E+00
   33758.54    
   7249.171    
   25453.86    
   24697.71    
  -277516.9    
  0.0000000E+00
   28742.20    
  0.0000000E+00
  -394484.2    
   5469.251    
   12791.74    
  -27996.29    
  -280051.0    
  0.0000000E+00
   13056.56    
   18659.70    
   12047.16    
  0.0000000E+00
   23777.06    
  0.0000000E+00
  -343362.8    
  -13679.15    
  -298560.0    
   27726.75    
  -295665.1    
  -15837.77    
  0.0000000E+00
  -229869.7    
   20293.68    
  0.0000000E+00
  -99206.25    
  0.0000000E+00
  0.0000000E+00
  0.0000000E+00
   9878.292    
  -35413.03    
  0.0000000E+00
  0.0000000E+00
   30650.54    
  -399292.6    
  0.0000000E+00
  0.0000000E+00
   2413.571    
  -46340.64    
  0.0000000E+00
  0.0000000E+00
  0.0000000E+00
  -309122.5    
  0.0000000E+00
  0.0000000E+00
  -126702.4    
  -375912.2    
  0.0000000E+00
  -77672.01    
   2592.978    
  -14510.22    
  0.0000000E+00
  -171475.5    
  0.0000000E+00
  -310981.7    
  -107075.5    
  -14491.21    
  0.0000000E+00
   15267.92    
  -77618.83    
  0.0000000E+00
  -132851.7    
  -113382.1    
  0.0000000E+00
  -16603.62    
  0.0000000E+00
  -52546.14    
  -145393.4    
  0.0000000E+00
  -305376.8    
  -102170.9    
  -83611.13    
  -86545.56    
  -272541.6    
  -30509.03    
  0.0000000E+00
  -52059.11    
  -437163.4    
  -8173.426    
  -95639.94    
   9566.431    
   4167.558    
  -200328.5    
  -293313.1    
  -48372.07    
  -226835.1    
  -168113.3    
  -82721.80    
  -30799.11    
   19639.10    
  0.0000000E+00
  -284239.5    
  -724.0764    
  0.0000000E+00
  -54950.48    
  -243412.5    
  -153489.2    
  0.0000000E+00
   5545.171    
   9605.399    
  -20922.41    
  -115040.4    
  0.0000000E+00
  -114802.0    
  0.0000000E+00
  0.0000000E+00
   10146.41    
  -11998.69    
  -86333.83    
  0.0000000E+00
  -49437.63    
  0.0000000E+00
  0.0000000E+00
   3699.572    
  -73304.33    
  -200821.1    
  0.0000000E+00
  -59187.46    
  -52995.10    
  0.0000000E+00
  0.0000000E+00
  -48952.29    
   52802.73    
  -106386.0    
  0.0000000E+00
  -40230.70    
  -12144.54    
  0.0000000E+00
  0.0000000E+00
  -33481.80    
  -49471.35    
  0.0000000E+00
  0.0000000E+00
  0.0000000E+00
  0.0000000E+00
  0.0000000E+00
  0.0000000E+00
  0.0000000E+00
  0.0000000E+00
  -78821.42    
  0.0000000E+00
  -34194.09    
  -36980.71    
  0.0000000E+00
  0.0000000E+00
  0.0000000E+00
  0.0000000E+00
  -38766.05    
  -47654.89    
  -62085.09    
  0.0000000E+00
  0.0000000E+00
  0.0000000E+00
  -44822.28    
  -40299.85    
  0.0000000E+00
  0.0000000E+00
  0.0000000E+00
  0.0000000E+00
  0.0000000E+00
   11097.69    
  -71787.33    
  0.0000000E+00
  -46299.79    
  -40887.58    
  -33355.41    
  0.0000000E+00
  0.0000000E+00
  0.0000000E+00
  0.0000000E+00
  0.0000000E+00
  0.0000000E+00
   48090.01    
  -85405.41    
  0.0000000E+00
  0.0000000E+00
  0.0000000E+00
  0.0000000E+00
  -32993.36    
  -79167.39    
  0.0000000E+00
  0.0000000E+00
  0.0000000E+00
  0.0000000E+00
   655.2115    
  -53046.56    
  0.0000000E+00
  0.0000000E+00
  0.0000000E+00
  0.0000000E+00
   9857.475    
  -13867.77    
  -9080.710    
  0.0000000E+00
   1616.019    
   8313.147    
   8231.136    
   7861.848    
  -75560.33    
  0.0000000E+00
   62165.19    
  0.0000000E+00
  0.0000000E+00
  0.0000000E+00
  -8870.815    
  0.0000000E+00
  -39001.21    
  0.0000000E+00
  0.0000000E+00
  -9622.987    
   23254.80    
  0.0000000E+00
  0.0000000E+00
  0.0000000E+00
  -27679.96    
   24914.34    
  0.0000000E+00
  -31164.40    
  0.0000000E+00
  0.0000000E+00
   25034.93    
  -14705.49    
  0.0000000E+00
  -19262.38    
  -21486.88    
  0.0000000E+00
  0.0000000E+00
   4447.497    
  -19721.80    
  -23595.07    
  -48385.68    
   27438.10    
  -44358.85    
   19392.06    
  -13756.97    
  -19312.86    
  -26873.18    
  0.0000000E+00
   17917.29    
   15312.06    
  -94530.82    
  0.0000000E+00
  -72733.66    
   28683.04    
  -29554.05    
   7399.151    
  -14829.46    
  -31586.60    
   23913.33    
  -39799.11    
  -49901.05    
  0.0000000E+00
  -16646.49    
  -26827.77    
  0.0000000E+00
   22262.95    
  0.0000000E+00
  0.0000000E+00
   2178.809    
   26158.71    
  0.0000000E+00
  -17241.84    
  0.0000000E+00
   6740.200    
  -23128.02    
  -27465.04    
  -6047.219    
   3117.606    
  -18570.49    
  -18530.47    
  0.0000000E+00
  0.0000000E+00
  -8081.126    
   15954.23    
  -56677.76    
   1038.513    
  -20969.12    
  0.0000000E+00
  -38656.70    
  -26959.02    
  -57134.65    
   25994.11    
  -37813.25    
   34831.96    
   7080.834    
  -30645.81    
   18399.89    
  -18699.64    
  -51215.78    
   5034.858    
   37703.91    
   6181.253    
  -21103.02    
  -55785.39    
  -24861.90    
   28639.47    
  0.0000000E+00
  -5718.723    
   21969.33    
  0.0000000E+00
  -53535.13    
  0.0000000E+00
  0.0000000E+00
  0.0000000E+00
  -42547.43    
  0.0000000E+00
  0.0000000E+00
  0.0000000E+00
   10610.02    
  0.0000000E+00
  0.0000000E+00
  0.0000000E+00
  0.0000000E+00
  -36994.38    
  0.0000000E+00
  0.0000000E+00
  0.0000000E+00
  -10250.81    
  0.0000000E+00
  0.0000000E+00
  0.0000000E+00
  -32042.97    
  0.0000000E+00
  0.0000000E+00
  0.0000000E+00
  -33365.50    
   158.3714    
   1932.670    
  -10423.27    
   25840.76    
   64.22942    
   2203.418    
  -14395.43    
   2476.722    
  -12941.53    
  0.0000000E+00
  -10872.37    
  -22591.53    
   24966.93    
  -8282.146    
  0.0000000E+00
  -10912.52    
  0.0000000E+00
  0.0000000E+00
  -14409.81    
  -1514.149    
   3654.837    
  0.0000000E+00
  0.0000000E+00
  -1819.707    
  -9206.769    
  0.0000000E+00
  0.0000000E+00
   4039.420    
  -18236.36    
  0.0000000E+00
  -15473.37    
  -11246.84    
   2220.629    
   24071.33    
  -16858.09    
  -2089.448    
   9555.029    
  -19906.04    
  0.0000000E+00
   25562.72    
  -26370.39    
  0.0000000E+00
  0.0000000E+00
  0.0000000E+00
  0.0000000E+00
  0.0000000E+00
  0.0000000E+00
   24749.28    
  -25259.90    
  0.0000000E+00
  -9823.900    
  0.0000000E+00
   3852.981    
  -7741.527    
   25078.26    
   5446.347    
  -8879.490    
  0.0000000E+00
   37029.29    
  -1927.645    
  -2359.618    
   7028.371    
  -10910.57    
   11644.81    
  -18184.92    
  -2301.167    
   2808.170    
  0.0000000E+00
  -18081.74    
  -16987.27    
   56941.15    
  -2217.393    
  -40407.89    
   13306.22    
  -41567.78    
  -26735.47    
  -57821.09    
  -29348.09    
   35921.97    
  -207739.2    
  -131875.0    
   71478.65    
   136506.5    
  -51033.08    
 
 month:          12 year:        1989
  0.0000000E+00
  0.0000000E+00
  0.0000000E+00
  0.0000000E+00
  0.0000000E+00
  0.0000000E+00
  0.0000000E+00
  0.0000000E+00
  0.0000000E+00
  0.0000000E+00
  0.0000000E+00
  0.0000000E+00
  0.0000000E+00
  0.0000000E+00
  0.0000000E+00
  0.0000000E+00
  0.0000000E+00
  0.0000000E+00
  0.0000000E+00
  0.0000000E+00
  0.0000000E+00
  0.0000000E+00
  0.0000000E+00
  0.0000000E+00
  0.0000000E+00
  0.0000000E+00
  0.0000000E+00
   111.3296    
   18.13728    
  0.0000000E+00
  0.0000000E+00
  0.0000000E+00
   470.9212    
   3620.155    
   2281.488    
   1534.344    
   46.48686    
   468.3585    
   432.2857    
   413.0840    
   330.9391    
  0.0000000E+00
  0.0000000E+00
  0.0000000E+00
  0.0000000E+00
   2414.837    
   3725.848    
  0.0000000E+00
   2393.683    
   382.3308    
  0.0000000E+00
  0.0000000E+00
   7040.250    
   1484.440    
  0.0000000E+00
  -3344.935    
  -5668.507    
  -20235.18    
  -39404.04    
  -43309.66    
  -32155.03    
  0.0000000E+00
  -74999.45    
  0.0000000E+00
  0.0000000E+00
  -85571.69    
  0.0000000E+00
  0.0000000E+00
   10581.01    
  0.0000000E+00
  0.0000000E+00
  0.0000000E+00
  0.0000000E+00
  -128559.8    
  0.0000000E+00
  0.0000000E+00
  0.0000000E+00
  0.0000000E+00
  0.0000000E+00
  0.0000000E+00
  0.0000000E+00
   7803.940    
  0.0000000E+00
  0.0000000E+00
  0.0000000E+00
  0.0000000E+00
  0.0000000E+00
   1826.349    
  0.0000000E+00
  0.0000000E+00
  0.0000000E+00
  -71434.71    
  0.0000000E+00
  0.0000000E+00
   8023.001    
  0.0000000E+00
  0.0000000E+00
  0.0000000E+00
  0.0000000E+00
  0.0000000E+00
  -73323.82    
   15117.79    
  -149509.3    
  0.0000000E+00
  0.0000000E+00
  -75235.43    
  0.0000000E+00
  0.0000000E+00
  0.0000000E+00
   9855.604    
  -48152.79    
  0.0000000E+00
  0.0000000E+00
  0.0000000E+00
  -52486.06    
  0.0000000E+00
  -66923.71    
   2660.966    
  0.0000000E+00
  0.0000000E+00
  0.0000000E+00
  0.0000000E+00
  -111824.8    
  0.0000000E+00
  -56.86850    
   16327.76    
   6602.407    
   8169.922    
  -448446.3    
  0.0000000E+00
  -12870.31    
  0.0000000E+00
  -221277.4    
  -9531.082    
   24992.22    
   14804.00    
   9112.612    
  -25612.21    
  0.0000000E+00
  -8519.450    
  -9526.140    
   7289.090    
   2844.638    
  -137184.1    
   28049.57    
   29964.25    
  -104471.1    
  0.0000000E+00
  0.0000000E+00
  -1468.134    
   8117.457    
   28210.94    
   24773.00    
  -258983.3    
  0.0000000E+00
   8492.578    
  0.0000000E+00
  -384918.3    
   5485.924    
   3779.627    
  -29350.22    
  -274337.0    
  0.0000000E+00
   3857.877    
   5513.461    
   12343.93    
  0.0000000E+00
   7025.508    
  0.0000000E+00
  -333133.2    
  -14615.12    
  -293832.4    
   8192.539    
  -287283.4    
  -16591.40    
  0.0000000E+00
  -219344.4    
  -9921.839    
  0.0000000E+00
  -88338.34    
  0.0000000E+00
  0.0000000E+00
  0.0000000E+00
   2914.880    
  -36142.19    
  0.0000000E+00
  0.0000000E+00
   31028.33    
  -398732.9    
  0.0000000E+00
  0.0000000E+00
   1606.114    
  -46637.52    
  0.0000000E+00
  0.0000000E+00
  0.0000000E+00
  -317271.1    
  0.0000000E+00
  0.0000000E+00
  -127095.1    
  -383045.7    
  0.0000000E+00
  -79246.93    
   5174.394    
  -14370.77    
  0.0000000E+00
  -176941.4    
  0.0000000E+00
  -318654.2    
  -109601.2    
  -14178.52    
  0.0000000E+00
   14933.01    
  -79694.74    
  0.0000000E+00
  -132665.7    
  -112803.2    
  0.0000000E+00
  -16581.05    
  0.0000000E+00
  -53010.38    
  -149680.0    
  0.0000000E+00
  -311700.7    
  -105279.4    
  -84757.99    
  -88582.17    
  -272530.5    
  -31065.15    
  0.0000000E+00
  -51820.49    
  -449459.2    
  -4109.334    
  -95256.18    
   5095.952    
   2745.037    
  -205245.0    
  -296971.4    
  -49152.85    
  -232738.9    
  -167314.2    
  -82172.84    
  -31663.88    
   21435.10    
  0.0000000E+00
  -287004.6    
  -259.0944    
  0.0000000E+00
  -56511.73    
  -250496.8    
  -153423.9    
  0.0000000E+00
   3562.183    
   6082.814    
  -21487.47    
  -118151.9    
  0.0000000E+00
  -114087.9    
  0.0000000E+00
  0.0000000E+00
   6516.278    
  -12741.98    
  -88827.84    
  0.0000000E+00
  -48793.20    
  0.0000000E+00
  0.0000000E+00
   3840.456    
  -75569.53    
  -206251.4    
  0.0000000E+00
  -61237.62    
  -52743.78    
  0.0000000E+00
  0.0000000E+00
  -50599.34    
   54888.76    
  -107964.9    
  0.0000000E+00
  -41365.68    
  -10481.38    
  0.0000000E+00
  0.0000000E+00
  -34419.46    
  -49867.68    
  0.0000000E+00
  0.0000000E+00
  0.0000000E+00
  0.0000000E+00
  0.0000000E+00
  0.0000000E+00
  0.0000000E+00
  0.0000000E+00
  -81398.05    
  0.0000000E+00
  -35725.47    
  -37690.20    
  0.0000000E+00
  0.0000000E+00
  0.0000000E+00
  0.0000000E+00
  -40014.25    
  -49420.41    
  -64387.28    
  0.0000000E+00
  0.0000000E+00
  0.0000000E+00
  -45239.03    
  -41970.98    
  0.0000000E+00
  0.0000000E+00
  0.0000000E+00
  0.0000000E+00
  0.0000000E+00
   11521.51    
  -73045.00    
  0.0000000E+00
  -47745.45    
  -42106.41    
  -53911.32    
  0.0000000E+00
  0.0000000E+00
  0.0000000E+00
  0.0000000E+00
  0.0000000E+00
  0.0000000E+00
   49926.60    
  -87397.63    
  0.0000000E+00
  0.0000000E+00
  0.0000000E+00
  0.0000000E+00
  -34154.32    
  -81550.02    
  0.0000000E+00
  0.0000000E+00
  0.0000000E+00
  0.0000000E+00
   482.1365    
  -54690.83    
  0.0000000E+00
  0.0000000E+00
  0.0000000E+00
  0.0000000E+00
   7350.240    
  -14219.45    
  -9250.422    
  0.0000000E+00
   1204.987    
   6198.711    
   6137.558    
   5862.198    
  -76964.68    
  0.0000000E+00
   67395.84    
  0.0000000E+00
  0.0000000E+00
  0.0000000E+00
  -6087.551    
  0.0000000E+00
  -37282.01    
  0.0000000E+00
  0.0000000E+00
  -6798.368    
   24813.47    
  0.0000000E+00
  0.0000000E+00
  0.0000000E+00
  -24984.59    
   26584.42    
  0.0000000E+00
  -32141.47    
  0.0000000E+00
  0.0000000E+00
   25181.25    
  -14356.49    
  0.0000000E+00
  -19832.55    
  -22041.14    
  0.0000000E+00
  0.0000000E+00
   4641.212    
  -20194.47    
  -24253.09    
  -49812.10    
   28389.58    
  -45736.09    
   20122.44    
  -14171.12    
  -19766.23    
  -28093.99    
  0.0000000E+00
   20001.90    
   16338.04    
  -97550.82    
  0.0000000E+00
  -74798.38    
   29760.27    
  -30734.18    
   7894.932    
  -14921.42    
  -32904.26    
   23384.10    
  -41156.54    
  -51172.10    
  0.0000000E+00
  -17082.47    
  -27688.79    
  0.0000000E+00
   23691.17    
  0.0000000E+00
  0.0000000E+00
   2424.788    
   27911.47    
  0.0000000E+00
  -17713.68    
  0.0000000E+00
   7226.338    
  -23741.60    
  -28241.96    
  -6295.527    
   3326.502    
  -19165.18    
  -19414.33    
  0.0000000E+00
  0.0000000E+00
  -8335.502    
   17104.93    
  -58029.01    
   1112.977    
  -21593.60    
  0.0000000E+00
  -39829.40    
  -27817.29    
  -58414.32    
   26925.93    
  -38815.12    
   37344.21    
   7591.541    
  -31317.21    
  -14020.89    
  -19064.67    
  -53132.44    
   5169.368    
   40423.30    
   6627.077    
  -21706.35    
  -57928.61    
  -25829.50    
   28943.61    
  0.0000000E+00
  -5836.313    
   22912.31    
  0.0000000E+00
  -55262.23    
  0.0000000E+00
  0.0000000E+00
  0.0000000E+00
  -43926.11    
  0.0000000E+00
  0.0000000E+00
  0.0000000E+00
   10842.22    
  0.0000000E+00
  0.0000000E+00
  0.0000000E+00
  0.0000000E+00
  -38357.75    
  0.0000000E+00
  0.0000000E+00
  0.0000000E+00
  -10367.10    
  0.0000000E+00
  0.0000000E+00
  0.0000000E+00
  -33007.95    
  0.0000000E+00
  0.0000000E+00
  0.0000000E+00
  -33877.52    
   150.1852    
   1824.981    
  -10632.58    
   27206.97    
   60.65052    
   2080.642    
  -14367.69    
   2338.717    
  -13015.04    
  0.0000000E+00
  -10940.59    
  -23201.40    
   25873.52    
  -8512.919    
  0.0000000E+00
  -11180.11    
  0.0000000E+00
  0.0000000E+00
  -14782.45    
  -1442.283    
   3879.829    
  0.0000000E+00
  0.0000000E+00
  -1775.484    
  -9418.739    
  0.0000000E+00
  0.0000000E+00
   4265.944    
  -18642.88    
  0.0000000E+00
  -15878.08    
  -11529.82    
   2348.129    
   24957.98    
  -17281.11    
  -2097.376    
   9916.346    
  -20501.32    
  0.0000000E+00
   26464.22    
  -27113.23    
  0.0000000E+00
  0.0000000E+00
  0.0000000E+00
  0.0000000E+00
  0.0000000E+00
  0.0000000E+00
   25634.75    
  -25987.27    
  0.0000000E+00
  -9999.206    
  0.0000000E+00
   4107.995    
  -7935.705    
   25788.49    
   5632.063    
  -9054.917    
  0.0000000E+00
   38104.37    
  -2003.645    
  -2366.092    
   6681.678    
  -11418.14    
   12039.63    
  -18719.46    
  -2315.438    
   2200.738    
  0.0000000E+00
  -18532.67    
  -17633.17    
   58673.21    
  -2252.610    
  -41751.88    
   13817.68    
  -42955.03    
  -27545.13    
  -59537.62    
  -30257.98    
   37198.11    
  -213766.6    
  -136318.0    
   74114.76    
   140658.8    
  -52722.23    
 
