         1.0000          LAYER       1
   -0.9990E+03   -0.9990E+03   -0.9990E+03   -0.9990E+03   -0.9990E+03   -0.9990E+03   -0.9990E+03   -0.9990E+03   -0.9990E+03   -0.9990E+03   -0.9990E+03   -0.9990E+03   -0.9990E+03   -0.9990E+03   -0.9990E+03   -0.9990E+03   -0.9990E+03   -0.9990E+03   -0.9990E+03   -0.9990E+03   -0.9990E+03   -0.9990E+03   -0.9990E+03   -0.9990E+03   -0.9990E+03   -0.9990E+03   -0.9990E+03   -0.9990E+03   -0.9990E+03   -0.9990E+03   -0.9990E+03   -0.9990E+03   -0.9990E+03   -0.9990E+03   -0.9990E+03   -0.9990E+03   -0.9990E+03   -0.9990E+03   -0.9990E+03   -0.9990E+03   -0.9990E+03   -0.9990E+03   -0.9990E+03   -0.9990E+03   -0.9990E+03   -0.9990E+03   -0.9990E+03   -0.9990E+03   -0.9990E+03   -0.9990E+03   -0.9990E+03   -0.9990E+03   -0.9990E+03   -0.9990E+03   -0.9990E+03   -0.9990E+03   -0.9990E+03   -0.9990E+03   -0.9990E+03   -0.9990E+03   -0.9990E+03   -0.9990E+03   -0.9990E+03   -0.9990E+03   -0.9990E+03   -0.9990E+03   -0.9990E+03   -0.9990E+03   -0.9990E+03   -0.9990E+03   -0.9990E+03   -0.9990E+03   -0.9990E+03   -0.9990E+03   -0.9990E+03   -0.9990E+03
   -0.9990E+03   -0.9990E+03   -0.9990E+03   -0.9990E+03   -0.9990E+03   -0.9990E+03   -0.9990E+03   -0.9990E+03   -0.9990E+03   -0.9990E+03   -0.9990E+03   -0.9990E+03   -0.9990E+03   -0.9990E+03   -0.9990E+03   -0.9990E+03   -0.9990E+03   -0.9990E+03   -0.9990E+03   -0.9990E+03   -0.9990E+03   -0.9990E+03   -0.9990E+03   -0.9990E+03   -0.9990E+03   -0.9990E+03   -0.9990E+03   -0.9990E+03   -0.9990E+03   -0.9990E+03   -0.9990E+03   -0.9990E+03   -0.9990E+03   -0.9990E+03   -0.9990E+03   -0.9990E+03   -0.9990E+03   -0.9990E+03   -0.9990E+03   -0.9990E+03   -0.9990E+03   -0.9990E+03   -0.9990E+03   -0.9990E+03   -0.9990E+03   -0.9990E+03   -0.9990E+03   -0.9990E+03   -0.9990E+03   -0.9990E+03   -0.9990E+03   -0.9990E+03   -0.9990E+03   -0.9990E+03   -0.9990E+03   -0.9990E+03   -0.9990E+03   -0.9990E+03   -0.9990E+03   -0.9990E+03   -0.9990E+03   -0.9990E+03   -0.9990E+03   -0.9990E+03   -0.9990E+03   -0.9990E+03   -0.9990E+03   -0.9990E+03   -0.9990E+03   -0.9990E+03   -0.9990E+03   -0.9990E+03   -0.9990E+03   -0.9990E+03   -0.9990E+03   -0.9990E+03
   -0.9990E+03   -0.9990E+03   -0.9990E+03   -0.9990E+03   -0.9990E+03   -0.9990E+03   -0.9990E+03   -0.9990E+03   -0.9990E+03   -0.9990E+03   -0.9990E+03   -0.9990E+03   -0.9990E+03   -0.9990E+03   -0.9990E+03   -0.9990E+03   -0.9990E+03   -0.9990E+03   -0.9990E+03   -0.9990E+03   -0.9990E+03   -0.9990E+03   -0.9990E+03   -0.9990E+03   -0.9990E+03   -0.9990E+03   -0.9990E+03   -0.9990E+03   -0.9990E+03   -0.9990E+03   -0.9990E+03   -0.9990E+03   -0.9990E+03   -0.9990E+03   -0.9990E+03   -0.9990E+03   -0.9990E+03   -0.9990E+03   -0.9990E+03   -0.9990E+03   -0.9990E+03   -0.9990E+03   -0.9990E+03   -0.9990E+03   -0.9990E+03   -0.9990E+03   -0.9990E+03   -0.9990E+03   -0.9990E+03   -0.9990E+03   -0.9990E+03   -0.9990E+03   -0.9990E+03   -0.9990E+03   -0.9990E+03   -0.9990E+03   -0.9990E+03   -0.9990E+03   -0.9990E+03   -0.9990E+03   -0.9990E+03   -0.9990E+03   -0.9990E+03   -0.9990E+03   -0.9990E+03   -0.9990E+03   -0.9990E+03   -0.9990E+03   -0.9990E+03   -0.9990E+03   -0.9990E+03   -0.9990E+03   -0.9990E+03   -0.9990E+03   -0.9990E+03   -0.9990E+03
   -0.9990E+03   -0.9990E+03   -0.9990E+03   -0.9990E+03   -0.9990E+03   -0.9990E+03   -0.9990E+03   -0.9990E+03   -0.9990E+03   -0.9990E+03   -0.9990E+03   -0.9990E+03   -0.9990E+03   -0.9990E+03   -0.9990E+03   -0.9990E+03   -0.9990E+03   -0.9990E+03   -0.9990E+03   -0.9990E+03   -0.9990E+03   -0.9990E+03   -0.9990E+03   -0.9990E+03   -0.9990E+03   -0.9990E+03   -0.9990E+03   -0.9990E+03   -0.9990E+03   -0.9990E+03   -0.9990E+03   -0.9990E+03   -0.9990E+03   -0.9990E+03   -0.9990E+03   -0.9990E+03   -0.9990E+03   -0.9990E+03   -0.9990E+03   -0.9990E+03   -0.9990E+03   -0.9990E+03   -0.9990E+03   -0.9990E+03   -0.9990E+03   -0.9990E+03   -0.9990E+03   -0.9990E+03   -0.9990E+03   -0.9990E+03   -0.9990E+03   -0.9990E+03   -0.9990E+03   -0.9990E+03   -0.9990E+03   -0.9990E+03   -0.9990E+03   -0.9990E+03   -0.9990E+03   -0.9990E+03   -0.9990E+03   -0.9990E+03   -0.9990E+03   -0.9990E+03   -0.9990E+03   -0.9990E+03   -0.9990E+03   -0.9990E+03   -0.9990E+03   -0.9990E+03   -0.9990E+03   -0.9990E+03   -0.9990E+03   -0.9990E+03   -0.9990E+03   -0.9990E+03
   -0.9990E+03   -0.9990E+03   -0.9990E+03   -0.9990E+03   -0.9990E+03   -0.9990E+03   -0.9990E+03   -0.9990E+03   -0.9990E+03   -0.9990E+03   -0.9990E+03   -0.9990E+03   -0.9990E+03   -0.9990E+03   -0.9990E+03   -0.9990E+03   -0.9990E+03   -0.9990E+03   -0.9990E+03   -0.9990E+03   -0.9990E+03   -0.9990E+03   -0.9990E+03   -0.9990E+03   -0.9990E+03   -0.9990E+03   -0.9990E+03   -0.9990E+03   -0.9990E+03   -0.9990E+03   -0.9990E+03   -0.9990E+03   -0.9990E+03   -0.9990E+03   -0.9990E+03   -0.9990E+03   -0.9990E+03   -0.9990E+03   -0.9990E+03   -0.9990E+03   -0.9990E+03   -0.9990E+03   -0.9990E+03   -0.9990E+03   -0.9990E+03   -0.9990E+03   -0.9990E+03   -0.9990E+03   -0.9990E+03   -0.9990E+03   -0.9990E+03   -0.9990E+03   -0.9990E+03   -0.9990E+03   -0.9990E+03   -0.9990E+03   -0.9990E+03   -0.9990E+03   -0.9990E+03   -0.9990E+03   -0.9990E+03   -0.9990E+03   -0.9990E+03   -0.9990E+03   -0.9990E+03   -0.9990E+03   -0.9990E+03   -0.9990E+03   -0.9990E+03   -0.9990E+03   -0.9990E+03   -0.9990E+03   -0.9990E+03   -0.9990E+03   -0.9990E+03   -0.9990E+03
   -0.9990E+03   -0.9990E+03   -0.9990E+03   -0.9990E+03   -0.9990E+03   -0.9990E+03   -0.9990E+03   -0.9990E+03   -0.9990E+03   -0.9990E+03   -0.9990E+03   -0.9990E+03   -0.9990E+03   -0.9990E+03   -0.9990E+03   -0.9990E+03   -0.9990E+03   -0.9990E+03   -0.9990E+03   -0.9990E+03   -0.9990E+03   -0.9990E+03   -0.9990E+03   -0.9990E+03   -0.9990E+03   -0.9990E+03   -0.9990E+03   -0.9990E+03   -0.9990E+03   -0.9990E+03   -0.9990E+03   -0.9990E+03   -0.9990E+03   -0.9990E+03   -0.9990E+03   -0.9990E+03   -0.9990E+03   -0.9990E+03   -0.9990E+03   -0.9990E+03   -0.9990E+03   -0.9990E+03   -0.9990E+03   -0.9990E+03   -0.9990E+03   -0.9990E+03   -0.9990E+03   -0.9990E+03   -0.9990E+03   -0.9990E+03   -0.9990E+03   -0.9990E+03   -0.9990E+03   -0.9990E+03   -0.9990E+03   -0.9990E+03   -0.9990E+03   -0.9990E+03   -0.9990E+03   -0.9990E+03   -0.9990E+03   -0.9990E+03   -0.9990E+03   -0.9990E+03   -0.9990E+03   -0.9990E+03   -0.9990E+03   -0.9990E+03   -0.9990E+03   -0.9990E+03   -0.9990E+03   -0.9990E+03   -0.9990E+03   -0.9990E+03   -0.9990E+03   -0.9990E+03
   -0.9990E+03   -0.9990E+03   -0.9990E+03   -0.9990E+03   -0.9990E+03   -0.9990E+03   -0.9990E+03   -0.9990E+03   -0.9990E+03   -0.9990E+03   -0.9990E+03   -0.9990E+03   -0.9990E+03   -0.9990E+03   -0.9990E+03   -0.9990E+03   -0.9990E+03   -0.9990E+03   -0.9990E+03   -0.9990E+03   -0.9990E+03   -0.9990E+03   -0.9990E+03   -0.9990E+03   -0.9990E+03   -0.9990E+03   -0.9990E+03   -0.9990E+03   -0.9990E+03   -0.9990E+03   -0.9990E+03   -0.9990E+03   -0.9990E+03   -0.9990E+03   -0.9990E+03   -0.9990E+03   -0.9990E+03   -0.9990E+03   -0.9990E+03   -0.9990E+03   -0.9990E+03   -0.9990E+03   -0.9990E+03   -0.9990E+03   -0.9990E+03   -0.9990E+03   -0.9990E+03   -0.9990E+03   -0.9990E+03   -0.9990E+03   -0.9990E+03   -0.9990E+03   -0.9990E+03   -0.9990E+03   -0.9990E+03   -0.9990E+03   -0.9990E+03   -0.9990E+03   -0.9990E+03   -0.9990E+03   -0.9990E+03   -0.9990E+03   -0.9990E+03   -0.9990E+03   -0.9990E+03   -0.9990E+03   -0.9990E+03   -0.9990E+03   -0.9990E+03   -0.9990E+03   -0.9990E+03   -0.9990E+03   -0.9990E+03   -0.9990E+03   -0.9990E+03   -0.9990E+03
   -0.9990E+03   -0.9990E+03   -0.9990E+03   -0.9990E+03   -0.9990E+03   -0.9990E+03   -0.9990E+03   -0.9990E+03   -0.9990E+03   -0.9990E+03   -0.9990E+03   -0.9990E+03   -0.9990E+03   -0.9990E+03   -0.9990E+03   -0.9990E+03   -0.9990E+03   -0.9990E+03   -0.9990E+03   -0.9990E+03   -0.9990E+03   -0.9990E+03   -0.9990E+03   -0.9990E+03   -0.9990E+03   -0.9990E+03   -0.9990E+03   -0.9990E+03   -0.9990E+03   -0.9990E+03   -0.9990E+03   -0.9990E+03   -0.9990E+03   -0.9990E+03   -0.9990E+03   -0.9990E+03   -0.9990E+03   -0.9990E+03   -0.9990E+03   -0.9990E+03   -0.9990E+03   -0.9990E+03   -0.9990E+03   -0.9990E+03   -0.9990E+03   -0.9990E+03   -0.9990E+03   -0.9990E+03   -0.9990E+03   -0.9990E+03   -0.9990E+03   -0.9990E+03   -0.9990E+03   -0.9990E+03   -0.9990E+03   -0.9990E+03   -0.9990E+03   -0.9990E+03   -0.9990E+03   -0.9990E+03   -0.9990E+03   -0.9990E+03   -0.9990E+03   -0.9990E+03   -0.9990E+03   -0.9990E+03   -0.9990E+03   -0.9990E+03   -0.9990E+03   -0.9990E+03   -0.9990E+03   -0.9990E+03   -0.9990E+03   -0.9990E+03   -0.9990E+03   -0.9990E+03
   -0.9990E+03   -0.9990E+03   -0.9990E+03   -0.9990E+03   -0.9990E+03   -0.9990E+03   -0.9990E+03   -0.9990E+03   -0.9990E+03   -0.9990E+03   -0.9990E+03   -0.9990E+03   -0.9990E+03   -0.9990E+03   -0.9990E+03   -0.9990E+03   -0.9990E+03   -0.9990E+03   -0.9990E+03   -0.9990E+03   -0.9990E+03   -0.9990E+03   -0.9990E+03   -0.9990E+03   -0.9990E+03   -0.9990E+03   -0.9990E+03   -0.9990E+03   -0.9990E+03   -0.9990E+03   -0.9990E+03   -0.9990E+03   -0.9990E+03   -0.9990E+03   -0.9990E+03   -0.9990E+03   -0.9990E+03   -0.9990E+03   -0.9990E+03   -0.9990E+03   -0.9990E+03   -0.9990E+03   -0.9990E+03   -0.9990E+03   -0.9990E+03   -0.9990E+03   -0.9990E+03   -0.9990E+03   -0.9990E+03   -0.9990E+03   -0.9990E+03   -0.9990E+03   -0.9990E+03   -0.9990E+03   -0.9990E+03   -0.9990E+03   -0.9990E+03   -0.9990E+03   -0.9990E+03   -0.9990E+03   -0.9990E+03   -0.9990E+03   -0.9990E+03   -0.9990E+03   -0.9990E+03   -0.9990E+03   -0.9990E+03   -0.9990E+03   -0.9990E+03   -0.9990E+03   -0.9990E+03   -0.9990E+03   -0.9990E+03   -0.9990E+03   -0.9990E+03   -0.9990E+03
   -0.9990E+03   -0.9990E+03   -0.9990E+03   -0.9990E+03   -0.9990E+03   -0.9990E+03   -0.9990E+03   -0.9990E+03   -0.9990E+03   -0.9990E+03   -0.9990E+03   -0.9990E+03   -0.9990E+03   -0.9990E+03   -0.9990E+03   -0.9990E+03   -0.9990E+03   -0.9990E+03   -0.9990E+03   -0.9990E+03   -0.9990E+03   -0.9990E+03   -0.9990E+03   -0.9990E+03   -0.9990E+03   -0.9990E+03   -0.9990E+03   -0.9990E+03   -0.9990E+03   -0.9990E+03   -0.9990E+03   -0.9990E+03   -0.9990E+03   -0.9990E+03   -0.9990E+03   -0.9990E+03   -0.9990E+03   -0.9990E+03   -0.9990E+03   -0.9990E+03   -0.9990E+03   -0.9990E+03   -0.9990E+03   -0.9990E+03   -0.9990E+03   -0.9990E+03   -0.9990E+03   -0.9990E+03   -0.9990E+03   -0.9990E+03   -0.9990E+03   -0.9990E+03   -0.9990E+03   -0.9990E+03   -0.9990E+03   -0.9990E+03   -0.9990E+03    0.1840E+03   -0.9990E+03   -0.9990E+03   -0.9990E+03   -0.9990E+03    0.1960E+03   -0.9990E+03   -0.9990E+03   -0.9990E+03   -0.9990E+03   -0.9990E+03   -0.9990E+03   -0.9990E+03   -0.9990E+03   -0.9990E+03   -0.9990E+03   -0.9990E+03   -0.9990E+03   -0.9990E+03
   -0.9990E+03   -0.9990E+03   -0.9990E+03   -0.9990E+03   -0.9990E+03   -0.9990E+03   -0.9990E+03   -0.9990E+03   -0.9990E+03   -0.9990E+03   -0.9990E+03   -0.9990E+03   -0.9990E+03   -0.9990E+03   -0.9990E+03   -0.9990E+03   -0.9990E+03   -0.9990E+03   -0.9990E+03   -0.9990E+03   -0.9990E+03   -0.9990E+03   -0.9990E+03   -0.9990E+03   -0.9990E+03   -0.9990E+03   -0.9990E+03   -0.9990E+03   -0.9990E+03   -0.9990E+03   -0.9990E+03   -0.9990E+03   -0.9990E+03   -0.9990E+03   -0.9990E+03   -0.9990E+03   -0.9990E+03   -0.9990E+03   -0.9990E+03   -0.9990E+03   -0.9990E+03   -0.9990E+03   -0.9990E+03   -0.9990E+03   -0.9990E+03   -0.9990E+03   -0.9990E+03   -0.9990E+03   -0.9990E+03   -0.9990E+03   -0.9990E+03   -0.9990E+03   -0.9990E+03   -0.9990E+03   -0.9990E+03   -0.9990E+03   -0.9990E+03   -0.9990E+03   -0.9990E+03   -0.9990E+03   -0.9990E+03   -0.9990E+03   -0.9990E+03   -0.9990E+03   -0.9990E+03   -0.9990E+03   -0.9990E+03   -0.9990E+03   -0.9990E+03   -0.9990E+03   -0.9990E+03   -0.9990E+03   -0.9990E+03   -0.9990E+03   -0.9990E+03   -0.9990E+03
   -0.9990E+03   -0.9990E+03   -0.9990E+03   -0.9990E+03   -0.9990E+03   -0.9990E+03   -0.9990E+03   -0.9990E+03   -0.9990E+03   -0.9990E+03   -0.9990E+03   -0.9990E+03   -0.9990E+03   -0.9990E+03   -0.9990E+03   -0.9990E+03   -0.9990E+03   -0.9990E+03   -0.9990E+03   -0.9990E+03   -0.9990E+03   -0.9990E+03   -0.9990E+03   -0.9990E+03   -0.9990E+03   -0.9990E+03   -0.9990E+03   -0.9990E+03   -0.9990E+03   -0.9990E+03   -0.9990E+03   -0.9990E+03   -0.9990E+03   -0.9990E+03   -0.9990E+03   -0.9990E+03   -0.9990E+03   -0.9990E+03   -0.9990E+03   -0.9990E+03   -0.9990E+03   -0.9990E+03   -0.9990E+03   -0.9990E+03   -0.9990E+03   -0.9990E+03   -0.9990E+03   -0.9990E+03   -0.9990E+03   -0.9990E+03   -0.9990E+03   -0.9990E+03   -0.9990E+03   -0.9990E+03   -0.9990E+03   -0.9990E+03   -0.9990E+03    0.1795E+03   -0.9990E+03   -0.9990E+03   -0.9990E+03   -0.9990E+03   -0.9990E+03   -0.9990E+03   -0.9990E+03   -0.9990E+03   -0.9990E+03   -0.9990E+03   -0.9990E+03   -0.9990E+03   -0.9990E+03   -0.9990E+03   -0.9990E+03   -0.9990E+03   -0.9990E+03   -0.9990E+03
   -0.9990E+03   -0.9990E+03   -0.9990E+03   -0.9990E+03   -0.9990E+03   -0.9990E+03   -0.9990E+03   -0.9990E+03   -0.9990E+03   -0.9990E+03   -0.9990E+03   -0.9990E+03   -0.9990E+03   -0.9990E+03   -0.9990E+03   -0.9990E+03   -0.9990E+03   -0.9990E+03   -0.9990E+03   -0.9990E+03   -0.9990E+03   -0.9990E+03   -0.9990E+03   -0.9990E+03   -0.9990E+03   -0.9990E+03   -0.9990E+03   -0.9990E+03   -0.9990E+03   -0.9990E+03   -0.9990E+03   -0.9990E+03   -0.9990E+03   -0.9990E+03   -0.9990E+03   -0.9990E+03   -0.9990E+03   -0.9990E+03   -0.9990E+03   -0.9990E+03   -0.9990E+03   -0.9990E+03   -0.9990E+03   -0.9990E+03   -0.9990E+03   -0.9990E+03   -0.9990E+03   -0.9990E+03   -0.9990E+03   -0.9990E+03   -0.9990E+03   -0.9990E+03   -0.9990E+03   -0.9990E+03   -0.9990E+03   -0.9990E+03   -0.9990E+03    0.1773E+03   -0.9990E+03   -0.9990E+03   -0.9990E+03   -0.9990E+03   -0.9990E+03   -0.9990E+03   -0.9990E+03   -0.9990E+03   -0.9990E+03   -0.9990E+03   -0.9990E+03   -0.9990E+03   -0.9990E+03   -0.9990E+03   -0.9990E+03   -0.9990E+03   -0.9990E+03   -0.9990E+03
   -0.9990E+03   -0.9990E+03   -0.9990E+03   -0.9990E+03   -0.9990E+03   -0.9990E+03   -0.9990E+03   -0.9990E+03   -0.9990E+03   -0.9990E+03   -0.9990E+03   -0.9990E+03   -0.9990E+03   -0.9990E+03   -0.9990E+03   -0.9990E+03   -0.9990E+03   -0.9990E+03   -0.9990E+03   -0.9990E+03   -0.9990E+03   -0.9990E+03   -0.9990E+03   -0.9990E+03   -0.9990E+03   -0.9990E+03   -0.9990E+03   -0.9990E+03   -0.9990E+03   -0.9990E+03   -0.9990E+03   -0.9990E+03   -0.9990E+03   -0.9990E+03   -0.9990E+03   -0.9990E+03   -0.9990E+03   -0.9990E+03   -0.9990E+03   -0.9990E+03   -0.9990E+03   -0.9990E+03   -0.9990E+03   -0.9990E+03   -0.9990E+03   -0.9990E+03   -0.9990E+03   -0.9990E+03   -0.9990E+03   -0.9990E+03   -0.9988E+03   -0.9988E+03   -0.9990E+03   -0.9990E+03   -0.9990E+03   -0.9990E+03   -0.9990E+03   -0.9990E+03   -0.9990E+03   -0.9990E+03   -0.9990E+03   -0.9990E+03    0.1673E+03   -0.9990E+03   -0.9990E+03   -0.9990E+03   -0.9990E+03   -0.9990E+03   -0.9990E+03   -0.9990E+03   -0.9990E+03   -0.9990E+03   -0.9990E+03   -0.9990E+03   -0.9990E+03   -0.9990E+03
   -0.9990E+03   -0.9990E+03   -0.9990E+03   -0.9990E+03   -0.9990E+03   -0.9990E+03   -0.9990E+03   -0.9990E+03   -0.9990E+03   -0.9990E+03   -0.9990E+03   -0.9990E+03   -0.9990E+03   -0.9990E+03   -0.9990E+03   -0.9990E+03   -0.9990E+03   -0.9990E+03   -0.9990E+03   -0.9990E+03   -0.9990E+03   -0.9990E+03   -0.9990E+03   -0.9990E+03   -0.9990E+03   -0.9990E+03   -0.9990E+03   -0.9990E+03   -0.9990E+03   -0.9990E+03   -0.9990E+03   -0.9990E+03   -0.9990E+03   -0.9990E+03   -0.9990E+03   -0.9990E+03   -0.9990E+03   -0.9990E+03   -0.9990E+03   -0.9990E+03   -0.9990E+03   -0.9990E+03   -0.9990E+03   -0.9990E+03   -0.9990E+03   -0.9990E+03   -0.9990E+03   -0.9990E+03   -0.9990E+03   -0.9990E+03   -0.9988E+03   -0.9988E+03   -0.9990E+03   -0.9990E+03   -0.9990E+03   -0.9990E+03   -0.9990E+03   -0.9990E+03   -0.9990E+03   -0.9990E+03   -0.9990E+03   -0.9990E+03   -0.9990E+03   -0.9990E+03   -0.9990E+03   -0.9990E+03   -0.9990E+03   -0.9990E+03   -0.9990E+03   -0.9990E+03   -0.9990E+03   -0.9990E+03   -0.9990E+03   -0.9990E+03   -0.9990E+03   -0.9990E+03
   -0.9990E+03   -0.9990E+03   -0.9990E+03   -0.9990E+03   -0.9990E+03   -0.9990E+03   -0.9990E+03   -0.9990E+03   -0.9990E+03   -0.9990E+03   -0.9990E+03   -0.9990E+03   -0.9990E+03   -0.9990E+03   -0.9990E+03   -0.9990E+03   -0.9990E+03   -0.9990E+03   -0.9990E+03   -0.9990E+03   -0.9990E+03   -0.9990E+03   -0.9990E+03   -0.9990E+03   -0.9990E+03   -0.9990E+03   -0.9990E+03   -0.9990E+03   -0.9990E+03   -0.9990E+03   -0.9990E+03   -0.9990E+03   -0.9990E+03   -0.9990E+03   -0.9990E+03   -0.9990E+03   -0.9990E+03   -0.9990E+03   -0.9990E+03   -0.9990E+03   -0.9990E+03   -0.9990E+03   -0.9990E+03   -0.9990E+03   -0.9990E+03   -0.9990E+03   -0.9990E+03   -0.9990E+03   -0.9990E+03   -0.9988E+03   -0.9988E+03   -0.9988E+03   -0.9988E+03   -0.9990E+03   -0.9990E+03   -0.9990E+03   -0.9990E+03   -0.9990E+03   -0.9990E+03   -0.9990E+03   -0.9990E+03    0.1591E+03   -0.9990E+03   -0.9990E+03   -0.9990E+03   -0.9990E+03   -0.9990E+03   -0.9990E+03   -0.9990E+03   -0.9990E+03   -0.9990E+03   -0.9990E+03   -0.9990E+03   -0.9990E+03   -0.9990E+03   -0.9990E+03
   -0.9990E+03   -0.9990E+03   -0.9990E+03   -0.9990E+03   -0.9990E+03   -0.9990E+03   -0.9990E+03   -0.9990E+03   -0.9990E+03   -0.9990E+03   -0.9990E+03   -0.9990E+03   -0.9990E+03   -0.9990E+03   -0.9990E+03   -0.9990E+03   -0.9990E+03   -0.9990E+03   -0.9990E+03   -0.9990E+03   -0.9990E+03   -0.9990E+03   -0.9990E+03   -0.9990E+03   -0.9990E+03   -0.9990E+03   -0.9990E+03   -0.9990E+03   -0.9990E+03   -0.9990E+03   -0.9990E+03   -0.9990E+03   -0.9990E+03   -0.9990E+03   -0.9990E+03   -0.9990E+03   -0.9990E+03   -0.9990E+03   -0.9990E+03   -0.9990E+03   -0.9990E+03   -0.9990E+03   -0.9990E+03   -0.9990E+03   -0.9990E+03   -0.9990E+03   -0.9990E+03   -0.9990E+03   -0.9990E+03   -0.9988E+03   -0.9988E+03   -0.9988E+03   -0.9988E+03   -0.9990E+03   -0.9990E+03   -0.9990E+03   -0.9990E+03   -0.9990E+03   -0.9990E+03   -0.9990E+03   -0.9990E+03   -0.9990E+03   -0.9990E+03   -0.9990E+03   -0.9990E+03   -0.9990E+03   -0.9990E+03   -0.9990E+03   -0.9990E+03   -0.9990E+03   -0.9990E+03   -0.9990E+03   -0.9990E+03   -0.9990E+03   -0.9990E+03   -0.9990E+03
   -0.9990E+03   -0.9990E+03   -0.9990E+03   -0.9990E+03   -0.9990E+03   -0.9990E+03   -0.9990E+03   -0.9990E+03   -0.9990E+03   -0.9990E+03   -0.9990E+03   -0.9990E+03   -0.9990E+03   -0.9990E+03   -0.9990E+03   -0.9990E+03   -0.9990E+03   -0.9990E+03   -0.9990E+03   -0.9990E+03   -0.9990E+03   -0.9990E+03   -0.9990E+03   -0.9990E+03   -0.9990E+03   -0.9990E+03   -0.9990E+03   -0.9990E+03   -0.9990E+03   -0.9990E+03   -0.9990E+03   -0.9990E+03   -0.9990E+03   -0.9990E+03   -0.9990E+03   -0.9990E+03   -0.9990E+03   -0.9990E+03   -0.9990E+03   -0.9990E+03   -0.9990E+03   -0.9990E+03   -0.9990E+03   -0.9990E+03   -0.9990E+03   -0.9990E+03   -0.9990E+03   -0.9990E+03   -0.9988E+03   -0.9988E+03   -0.9988E+03   -0.9988E+03   -0.9990E+03   -0.9990E+03   -0.9990E+03   -0.9990E+03   -0.9990E+03   -0.9990E+03   -0.9990E+03   -0.9990E+03   -0.9990E+03   -0.9990E+03   -0.9990E+03   -0.9990E+03   -0.9990E+03   -0.9990E+03   -0.9990E+03   -0.9990E+03   -0.9990E+03   -0.9990E+03   -0.9990E+03   -0.9990E+03   -0.9990E+03   -0.9990E+03   -0.9990E+03   -0.9990E+03
   -0.9990E+03   -0.9990E+03   -0.9990E+03   -0.9990E+03   -0.9990E+03   -0.9990E+03   -0.9990E+03   -0.9990E+03   -0.9990E+03   -0.9990E+03   -0.9990E+03   -0.9990E+03   -0.9990E+03   -0.9990E+03   -0.9990E+03   -0.9990E+03   -0.9990E+03   -0.9990E+03   -0.9990E+03   -0.9990E+03   -0.9990E+03   -0.9990E+03   -0.9990E+03   -0.9990E+03   -0.9990E+03   -0.9990E+03   -0.9990E+03   -0.9990E+03   -0.9990E+03   -0.9990E+03   -0.9990E+03   -0.9990E+03   -0.9990E+03   -0.9990E+03   -0.9990E+03   -0.9990E+03   -0.9990E+03   -0.9990E+03   -0.9990E+03   -0.9990E+03   -0.9990E+03   -0.9990E+03   -0.9990E+03   -0.9990E+03   -0.9986E+03   -0.9990E+03   -0.9990E+03   -0.9986E+03   -0.9986E+03   -0.9988E+03   -0.9988E+03   -0.9988E+03   -0.9988E+03   -0.9990E+03   -0.9990E+03   -0.9990E+03   -0.9990E+03   -0.9990E+03   -0.9990E+03   -0.9990E+03   -0.9990E+03   -0.9990E+03   -0.9990E+03   -0.9990E+03   -0.9990E+03   -0.9990E+03   -0.9990E+03   -0.9990E+03   -0.9990E+03   -0.9990E+03   -0.9990E+03   -0.9990E+03   -0.9990E+03   -0.9990E+03   -0.9990E+03   -0.9990E+03
   -0.9990E+03   -0.9990E+03   -0.9990E+03   -0.9990E+03   -0.9990E+03   -0.9990E+03   -0.9990E+03   -0.9990E+03   -0.9990E+03   -0.9990E+03   -0.9990E+03   -0.9990E+03   -0.9990E+03   -0.9990E+03   -0.9990E+03   -0.9990E+03   -0.9990E+03   -0.9990E+03   -0.9990E+03   -0.9990E+03   -0.9990E+03   -0.9990E+03   -0.9990E+03   -0.9990E+03   -0.9990E+03   -0.9990E+03   -0.9990E+03   -0.9990E+03   -0.9990E+03   -0.9990E+03   -0.9990E+03   -0.9990E+03   -0.9990E+03   -0.9990E+03   -0.9990E+03   -0.9990E+03   -0.9990E+03   -0.9990E+03   -0.9990E+03   -0.9990E+03   -0.9990E+03   -0.9990E+03   -0.9990E+03   -0.9990E+03   -0.9990E+03   -0.9986E+03   -0.9986E+03   -0.9986E+03   -0.9986E+03   -0.9988E+03   -0.9988E+03   -0.9988E+03   -0.9990E+03   -0.9990E+03   -0.9990E+03   -0.9990E+03   -0.9990E+03   -0.9990E+03   -0.9990E+03   -0.9990E+03   -0.9990E+03   -0.9990E+03   -0.9990E+03   -0.9990E+03   -0.9990E+03   -0.9990E+03   -0.9990E+03   -0.9990E+03   -0.9990E+03   -0.9990E+03   -0.9990E+03   -0.9990E+03   -0.9990E+03   -0.9990E+03   -0.9990E+03   -0.9990E+03
   -0.9990E+03   -0.9990E+03   -0.9990E+03   -0.9990E+03   -0.9990E+03   -0.9990E+03   -0.9990E+03   -0.9990E+03   -0.9990E+03   -0.9990E+03   -0.9990E+03   -0.9990E+03   -0.9990E+03   -0.9990E+03   -0.9990E+03   -0.9990E+03   -0.9990E+03   -0.9990E+03   -0.9990E+03   -0.9990E+03   -0.9990E+03   -0.9990E+03   -0.9990E+03   -0.9990E+03   -0.9990E+03   -0.9990E+03   -0.9990E+03   -0.9990E+03   -0.9990E+03   -0.9990E+03   -0.9990E+03   -0.9990E+03   -0.9990E+03   -0.9990E+03   -0.9990E+03   -0.9990E+03   -0.9990E+03   -0.9990E+03   -0.9990E+03   -0.9990E+03   -0.9990E+03   -0.9990E+03   -0.9990E+03   -0.9990E+03   -0.9988E+03   -0.9988E+03   -0.9988E+03   -0.9986E+03   -0.9986E+03   -0.9988E+03   -0.9990E+03   -0.9990E+03   -0.9990E+03   -0.9990E+03   -0.9990E+03   -0.9990E+03   -0.9990E+03   -0.9990E+03   -0.9990E+03   -0.9990E+03   -0.9990E+03   -0.9990E+03   -0.9990E+03   -0.9990E+03   -0.9990E+03   -0.9990E+03   -0.9990E+03   -0.9990E+03   -0.9990E+03   -0.9990E+03   -0.9990E+03   -0.9990E+03   -0.9990E+03   -0.9990E+03   -0.9990E+03   -0.9990E+03
   -0.9990E+03   -0.9990E+03   -0.9990E+03   -0.9990E+03   -0.9990E+03   -0.9990E+03   -0.9990E+03   -0.9990E+03   -0.9990E+03   -0.9990E+03   -0.9990E+03   -0.9990E+03   -0.9990E+03   -0.9990E+03   -0.9990E+03   -0.9990E+03   -0.9990E+03   -0.9990E+03   -0.9990E+03   -0.9990E+03   -0.9990E+03   -0.9990E+03   -0.9990E+03   -0.9990E+03   -0.9990E+03   -0.9990E+03   -0.9990E+03   -0.9990E+03   -0.9990E+03   -0.9990E+03   -0.9990E+03   -0.9990E+03   -0.9990E+03   -0.9990E+03   -0.9990E+03   -0.9990E+03   -0.9990E+03   -0.9990E+03   -0.9990E+03   -0.9990E+03   -0.9990E+03   -0.9990E+03   -0.9990E+03   -0.9988E+03   -0.9988E+03   -0.9988E+03   -0.9988E+03   -0.9988E+03   -0.9988E+03   -0.9988E+03   -0.9990E+03   -0.9990E+03   -0.9990E+03   -0.9990E+03   -0.9990E+03   -0.9990E+03   -0.9990E+03   -0.9990E+03   -0.9990E+03   -0.9990E+03   -0.9990E+03   -0.9990E+03   -0.9990E+03   -0.9990E+03   -0.9990E+03   -0.9990E+03   -0.9990E+03   -0.9990E+03   -0.9990E+03   -0.9990E+03   -0.9990E+03   -0.9990E+03   -0.9990E+03   -0.9990E+03   -0.9990E+03   -0.9990E+03
   -0.9990E+03   -0.9990E+03   -0.9990E+03   -0.9990E+03   -0.9990E+03   -0.9990E+03   -0.9990E+03   -0.9990E+03   -0.9990E+03   -0.9990E+03   -0.9990E+03   -0.9990E+03   -0.9990E+03   -0.9990E+03   -0.9990E+03   -0.9990E+03   -0.9990E+03   -0.9990E+03   -0.9990E+03   -0.9990E+03   -0.9990E+03   -0.9990E+03   -0.9990E+03   -0.9990E+03   -0.9990E+03   -0.9990E+03   -0.9990E+03   -0.9990E+03   -0.9990E+03   -0.9990E+03   -0.9990E+03   -0.9990E+03   -0.9990E+03   -0.9990E+03   -0.9990E+03   -0.9990E+03   -0.9990E+03   -0.9990E+03   -0.9990E+03   -0.9990E+03   -0.9990E+03   -0.9990E+03   -0.9990E+03   -0.9988E+03   -0.9988E+03   -0.9990E+03   -0.9988E+03   -0.9988E+03   -0.9990E+03   -0.9990E+03   -0.9990E+03   -0.9990E+03   -0.9990E+03   -0.9990E+03   -0.9990E+03   -0.9990E+03   -0.9990E+03   -0.9990E+03   -0.9990E+03   -0.9990E+03   -0.9990E+03   -0.9990E+03   -0.9990E+03   -0.9990E+03   -0.9990E+03   -0.9990E+03   -0.9990E+03   -0.9990E+03   -0.9990E+03   -0.9990E+03   -0.9990E+03   -0.9990E+03   -0.9990E+03   -0.9990E+03   -0.9990E+03   -0.9990E+03
   -0.9990E+03   -0.9990E+03   -0.9990E+03   -0.9990E+03   -0.9990E+03   -0.9990E+03   -0.9990E+03   -0.9990E+03   -0.9990E+03   -0.9990E+03   -0.9990E+03   -0.9990E+03   -0.9990E+03   -0.9990E+03   -0.9990E+03   -0.9990E+03   -0.9990E+03   -0.9990E+03   -0.9990E+03   -0.9990E+03   -0.9990E+03   -0.9990E+03   -0.9990E+03   -0.9990E+03   -0.9990E+03   -0.9990E+03   -0.9990E+03   -0.9990E+03   -0.9990E+03   -0.9990E+03   -0.9990E+03   -0.9990E+03   -0.9990E+03   -0.9990E+03   -0.9990E+03   -0.9990E+03   -0.9990E+03   -0.9990E+03   -0.9990E+03   -0.9990E+03   -0.9988E+03   -0.9990E+03   -0.9990E+03   -0.9988E+03   -0.9990E+03   -0.9990E+03   -0.9990E+03   -0.9990E+03   -0.9990E+03   -0.9990E+03   -0.9990E+03   -0.9990E+03   -0.9990E+03   -0.9990E+03   -0.9990E+03   -0.9990E+03   -0.9990E+03   -0.9990E+03   -0.9990E+03   -0.9990E+03   -0.9990E+03   -0.9990E+03   -0.9990E+03   -0.9990E+03   -0.9990E+03   -0.9990E+03   -0.9990E+03   -0.9990E+03   -0.9990E+03   -0.9990E+03   -0.9990E+03   -0.9990E+03   -0.9990E+03   -0.9990E+03   -0.9990E+03   -0.9990E+03
   -0.9990E+03   -0.9990E+03   -0.9990E+03   -0.9990E+03   -0.9990E+03   -0.9990E+03   -0.9990E+03   -0.9990E+03   -0.9990E+03   -0.9990E+03   -0.9990E+03   -0.9990E+03   -0.9990E+03   -0.9990E+03   -0.9990E+03   -0.9990E+03   -0.9990E+03   -0.9990E+03   -0.9990E+03   -0.9990E+03   -0.9990E+03   -0.9990E+03   -0.9990E+03   -0.9990E+03   -0.9990E+03   -0.9990E+03   -0.9990E+03   -0.9990E+03   -0.9990E+03   -0.9990E+03   -0.9990E+03   -0.9990E+03   -0.9990E+03   -0.9990E+03   -0.9990E+03   -0.9988E+03   -0.9988E+03   -0.9988E+03   -0.9988E+03   -0.9990E+03   -0.9988E+03   -0.9988E+03   -0.9988E+03   -0.9990E+03   -0.9990E+03   -0.9990E+03   -0.9990E+03   -0.9990E+03   -0.9990E+03   -0.9990E+03   -0.9990E+03   -0.9990E+03   -0.9990E+03   -0.9990E+03   -0.9990E+03   -0.9990E+03   -0.9990E+03   -0.9990E+03   -0.9990E+03   -0.9990E+03   -0.9990E+03   -0.9990E+03   -0.9990E+03   -0.9990E+03   -0.9990E+03   -0.9990E+03   -0.9990E+03   -0.9990E+03   -0.9990E+03   -0.9990E+03   -0.9990E+03   -0.9990E+03   -0.9990E+03   -0.9990E+03   -0.9990E+03   -0.9990E+03
   -0.9990E+03   -0.9990E+03   -0.9990E+03   -0.9990E+03   -0.9990E+03   -0.9990E+03   -0.9990E+03   -0.9990E+03   -0.9990E+03   -0.9990E+03   -0.9990E+03   -0.9990E+03   -0.9990E+03   -0.9990E+03   -0.9990E+03   -0.9990E+03   -0.9990E+03   -0.9990E+03   -0.9990E+03   -0.9990E+03   -0.9990E+03   -0.9990E+03   -0.9990E+03   -0.9990E+03   -0.9990E+03   -0.9990E+03   -0.9990E+03   -0.9990E+03   -0.9990E+03   -0.9990E+03   -0.9990E+03   -0.9990E+03   -0.9990E+03   -0.9990E+03   -0.9990E+03   -0.9990E+03   -0.9990E+03   -0.9990E+03   -0.9990E+03   -0.9990E+03   -0.9990E+03   -0.9990E+03   -0.9990E+03   -0.9990E+03   -0.9990E+03   -0.9990E+03   -0.9990E+03   -0.9990E+03   -0.9990E+03   -0.9990E+03   -0.9990E+03   -0.9990E+03   -0.9990E+03   -0.9990E+03   -0.9990E+03   -0.9990E+03   -0.9990E+03   -0.9990E+03   -0.9990E+03   -0.9990E+03   -0.9990E+03   -0.9990E+03   -0.9990E+03   -0.9990E+03   -0.9990E+03   -0.9990E+03   -0.9990E+03   -0.9990E+03   -0.9990E+03   -0.9990E+03   -0.9990E+03   -0.9990E+03   -0.9990E+03   -0.9990E+03   -0.9990E+03   -0.9990E+03
   -0.9990E+03   -0.9990E+03   -0.9990E+03   -0.9990E+03   -0.9990E+03   -0.9990E+03   -0.9990E+03   -0.9990E+03   -0.9990E+03   -0.9990E+03   -0.9990E+03   -0.9990E+03   -0.9990E+03   -0.9990E+03   -0.9990E+03   -0.9990E+03   -0.9990E+03   -0.9990E+03   -0.9990E+03   -0.9990E+03   -0.9990E+03   -0.9990E+03   -0.9990E+03   -0.9990E+03   -0.9990E+03   -0.9990E+03   -0.9990E+03   -0.9990E+03   -0.9990E+03   -0.9990E+03   -0.9990E+03   -0.9990E+03   -0.9990E+03   -0.9990E+03   -0.9990E+03   -0.9990E+03   -0.9990E+03   -0.9990E+03   -0.9990E+03   -0.9990E+03   -0.9990E+03   -0.9990E+03   -0.9990E+03   -0.9990E+03   -0.9990E+03   -0.9990E+03   -0.9990E+03   -0.9990E+03   -0.9990E+03   -0.9990E+03   -0.9990E+03   -0.9990E+03   -0.9990E+03   -0.9990E+03   -0.9990E+03   -0.9990E+03   -0.9990E+03   -0.9990E+03   -0.9990E+03   -0.9990E+03   -0.9990E+03   -0.9990E+03   -0.9990E+03   -0.9990E+03   -0.9990E+03   -0.9990E+03   -0.9990E+03   -0.9990E+03   -0.9990E+03   -0.9990E+03   -0.9990E+03   -0.9990E+03   -0.9990E+03   -0.9990E+03   -0.9990E+03   -0.9990E+03
   -0.9990E+03   -0.9990E+03   -0.9990E+03   -0.9990E+03   -0.9990E+03   -0.9990E+03   -0.9990E+03   -0.9990E+03   -0.9990E+03   -0.9990E+03   -0.9990E+03   -0.9990E+03   -0.9990E+03   -0.9990E+03   -0.9990E+03   -0.9990E+03   -0.9990E+03   -0.9990E+03   -0.9990E+03   -0.9990E+03   -0.9990E+03   -0.9990E+03   -0.9990E+03   -0.9990E+03   -0.9990E+03   -0.9990E+03   -0.9990E+03   -0.9990E+03   -0.9990E+03   -0.9990E+03   -0.9990E+03   -0.9990E+03   -0.9990E+03   -0.9990E+03   -0.9990E+03   -0.9990E+03   -0.9990E+03   -0.9990E+03   -0.9990E+03   -0.9990E+03   -0.9990E+03   -0.9990E+03   -0.9990E+03   -0.9990E+03   -0.9990E+03    0.1485E+03   -0.9990E+03   -0.9990E+03   -0.9990E+03   -0.9990E+03   -0.9990E+03   -0.9990E+03   -0.9990E+03    0.1465E+03   -0.9990E+03   -0.9990E+03   -0.9990E+03   -0.9990E+03   -0.9990E+03   -0.9990E+03   -0.9990E+03   -0.9990E+03   -0.9990E+03   -0.9990E+03   -0.9990E+03   -0.9990E+03   -0.9990E+03   -0.9990E+03   -0.9990E+03   -0.9990E+03   -0.9990E+03   -0.9990E+03   -0.9990E+03   -0.9990E+03   -0.9990E+03   -0.9990E+03
   -0.9990E+03   -0.9990E+03   -0.9990E+03   -0.9990E+03   -0.9990E+03   -0.9990E+03   -0.9990E+03   -0.9990E+03   -0.9990E+03   -0.9990E+03   -0.9990E+03   -0.9990E+03   -0.9990E+03   -0.9990E+03   -0.9990E+03   -0.9990E+03   -0.9990E+03   -0.9990E+03   -0.9990E+03   -0.9990E+03   -0.9990E+03   -0.9990E+03   -0.9990E+03   -0.9990E+03   -0.9990E+03   -0.9990E+03   -0.9990E+03   -0.9990E+03   -0.9990E+03   -0.9990E+03   -0.9990E+03   -0.9990E+03   -0.9990E+03   -0.9990E+03   -0.9990E+03   -0.9990E+03   -0.9990E+03   -0.9990E+03   -0.9990E+03   -0.9990E+03   -0.9990E+03   -0.9990E+03   -0.9990E+03   -0.9990E+03    0.1482E+03    0.1482E+03    0.1479E+03    0.1755E+03    0.1472E+03    0.1469E+03    0.1465E+03   -0.9990E+03   -0.9990E+03    0.1454E+03   -0.9990E+03   -0.9990E+03   -0.9990E+03   -0.9990E+03   -0.9990E+03   -0.9990E+03   -0.9990E+03    0.1383E+03   -0.9990E+03   -0.9990E+03   -0.9990E+03   -0.9990E+03   -0.9990E+03   -0.9990E+03   -0.9990E+03   -0.9990E+03   -0.9990E+03   -0.9990E+03   -0.9990E+03   -0.9990E+03   -0.9990E+03   -0.9990E+03
   -0.9990E+03   -0.9990E+03   -0.9990E+03   -0.9990E+03   -0.9990E+03   -0.9990E+03   -0.9990E+03   -0.9990E+03   -0.9990E+03   -0.9990E+03   -0.9990E+03   -0.9990E+03   -0.9990E+03   -0.9990E+03   -0.9990E+03   -0.9990E+03   -0.9990E+03   -0.9990E+03   -0.9990E+03   -0.9990E+03   -0.9990E+03   -0.9990E+03   -0.9990E+03   -0.9990E+03   -0.9990E+03   -0.9990E+03   -0.9990E+03   -0.9990E+03   -0.9990E+03   -0.9990E+03   -0.9990E+03   -0.9990E+03   -0.9990E+03   -0.9990E+03   -0.9990E+03   -0.9990E+03   -0.9990E+03    0.1473E+03   -0.9990E+03   -0.9990E+03   -0.9990E+03   -0.9990E+03   -0.9990E+03   -0.9990E+03   -0.9990E+03   -0.9990E+03    0.1476E+03    0.1472E+03    0.1467E+03    0.1462E+03   -0.9990E+03   -0.9990E+03    0.1449E+03    0.1443E+03   -0.9990E+03   -0.9990E+03   -0.9990E+03   -0.9990E+03   -0.9990E+03   -0.9990E+03   -0.9990E+03    0.1373E+03   -0.9990E+03   -0.9990E+03   -0.9990E+03   -0.9990E+03   -0.9990E+03   -0.9990E+03   -0.9990E+03   -0.9990E+03   -0.9990E+03   -0.9990E+03   -0.9990E+03   -0.9990E+03   -0.9990E+03   -0.9990E+03
   -0.9990E+03   -0.9990E+03   -0.9990E+03   -0.9990E+03   -0.9990E+03   -0.9990E+03   -0.9990E+03   -0.9990E+03   -0.9990E+03   -0.9990E+03   -0.9990E+03   -0.9990E+03   -0.9990E+03   -0.9990E+03   -0.9990E+03   -0.9990E+03   -0.9990E+03   -0.9990E+03   -0.9990E+03   -0.9990E+03   -0.9990E+03   -0.9990E+03   -0.9990E+03   -0.9990E+03   -0.9990E+03   -0.9990E+03   -0.9990E+03   -0.9990E+03   -0.9990E+03   -0.9990E+03   -0.9990E+03   -0.9990E+03   -0.9990E+03   -0.9990E+03   -0.9990E+03   -0.9990E+03   -0.9990E+03    0.1474E+03   -0.9990E+03   -0.9990E+03   -0.9990E+03   -0.9990E+03   -0.9990E+03   -0.9990E+03   -0.9990E+03    0.1737E+03    0.1472E+03    0.1468E+03    0.1463E+03    0.1457E+03    0.1451E+03    0.1446E+03    0.1440E+03   -0.9990E+03   -0.9990E+03   -0.9990E+03   -0.9990E+03   -0.9990E+03   -0.9990E+03   -0.9990E+03   -0.9990E+03   -0.9990E+03   -0.9990E+03   -0.9990E+03   -0.9990E+03   -0.9990E+03   -0.9990E+03   -0.9990E+03   -0.9990E+03   -0.9990E+03   -0.9990E+03   -0.9990E+03   -0.9990E+03   -0.9990E+03   -0.9990E+03   -0.9990E+03
   -0.9990E+03   -0.9990E+03   -0.9990E+03   -0.9990E+03   -0.9990E+03   -0.9990E+03   -0.9990E+03   -0.9990E+03   -0.9990E+03   -0.9990E+03   -0.9990E+03   -0.9990E+03   -0.9990E+03   -0.9990E+03   -0.9990E+03   -0.9990E+03   -0.9990E+03   -0.9990E+03   -0.9990E+03   -0.9990E+03   -0.9990E+03   -0.9990E+03   -0.9990E+03   -0.9990E+03   -0.9990E+03   -0.9990E+03   -0.9990E+03   -0.9990E+03   -0.9990E+03   -0.9990E+03   -0.9990E+03   -0.9990E+03   -0.9990E+03   -0.9990E+03   -0.9990E+03   -0.9990E+03   -0.9990E+03    0.1475E+03   -0.9990E+03   -0.9990E+03   -0.9990E+03    0.1479E+03   -0.9990E+03   -0.9990E+03   -0.9990E+03    0.1474E+03    0.1470E+03    0.1465E+03    0.1458E+03    0.1452E+03    0.1445E+03    0.1438E+03    0.1691E+03   -0.9990E+03   -0.9990E+03   -0.9990E+03   -0.9990E+03   -0.9990E+03   -0.9990E+03   -0.9990E+03   -0.9990E+03   -0.9990E+03   -0.9990E+03   -0.9990E+03   -0.9990E+03   -0.9990E+03   -0.9990E+03   -0.9990E+03   -0.9990E+03   -0.9990E+03   -0.9990E+03   -0.9990E+03   -0.9990E+03   -0.9990E+03   -0.9990E+03   -0.9990E+03
   -0.9990E+03   -0.9990E+03   -0.9990E+03   -0.9990E+03   -0.9990E+03   -0.9990E+03   -0.9990E+03   -0.9990E+03   -0.9990E+03   -0.9990E+03   -0.9990E+03   -0.9990E+03   -0.9990E+03   -0.9990E+03   -0.9990E+03   -0.9990E+03   -0.9990E+03   -0.9990E+03   -0.9990E+03   -0.9990E+03   -0.9990E+03   -0.9990E+03   -0.9990E+03   -0.9990E+03   -0.9990E+03   -0.9990E+03   -0.9990E+03   -0.9990E+03   -0.9990E+03   -0.9990E+03   -0.9990E+03   -0.9990E+03   -0.9990E+03   -0.9990E+03   -0.9990E+03   -0.9990E+03   -0.9990E+03   -0.9990E+03   -0.9990E+03    0.1607E+03    0.1473E+03    0.1475E+03    0.1478E+03    0.1477E+03    0.1476E+03    0.1472E+03    0.1467E+03    0.1461E+03    0.1451E+03    0.1440E+03    0.1431E+03    0.1424E+03    0.1419E+03   -0.9990E+03   -0.9990E+03   -0.9990E+03   -0.9990E+03   -0.9990E+03   -0.9990E+03   -0.9990E+03   -0.9990E+03   -0.9990E+03   -0.9990E+03   -0.9990E+03   -0.9990E+03   -0.9990E+03   -0.9990E+03   -0.9990E+03   -0.9990E+03   -0.9990E+03   -0.9990E+03   -0.9990E+03   -0.9990E+03   -0.9990E+03   -0.9990E+03   -0.9990E+03
   -0.9990E+03   -0.9990E+03   -0.9990E+03   -0.9990E+03   -0.9990E+03   -0.9990E+03   -0.9990E+03   -0.9990E+03   -0.9990E+03   -0.9990E+03   -0.9990E+03   -0.9990E+03   -0.9990E+03   -0.9990E+03   -0.9990E+03   -0.9990E+03   -0.9990E+03   -0.9990E+03   -0.9990E+03   -0.9990E+03   -0.9990E+03   -0.9990E+03   -0.9990E+03   -0.9990E+03   -0.9990E+03   -0.9990E+03   -0.9990E+03   -0.9990E+03   -0.9990E+03   -0.9990E+03   -0.9990E+03   -0.9990E+03   -0.9990E+03   -0.9990E+03   -0.9990E+03   -0.9990E+03   -0.9990E+03   -0.9990E+03   -0.9990E+03   -0.9990E+03    0.1475E+03    0.1467E+03    0.1715E+03    0.1728E+03    0.1476E+03    0.1472E+03    0.1466E+03    0.1453E+03    0.1435E+03    0.1421E+03    0.1409E+03    0.1402E+03    0.1398E+03    0.1557E+03    0.1391E+03   -0.9990E+03   -0.9990E+03    0.1366E+03   -0.9990E+03   -0.9990E+03   -0.9990E+03   -0.9990E+03   -0.9990E+03   -0.9990E+03   -0.9990E+03   -0.9990E+03   -0.9990E+03   -0.9990E+03   -0.9990E+03   -0.9990E+03   -0.9990E+03   -0.9990E+03   -0.9990E+03   -0.9990E+03   -0.9990E+03   -0.9990E+03
   -0.9990E+03   -0.9990E+03   -0.9990E+03   -0.9990E+03   -0.9990E+03   -0.9990E+03   -0.9990E+03   -0.9990E+03   -0.9990E+03   -0.9990E+03   -0.9990E+03   -0.9990E+03   -0.9990E+03   -0.9990E+03   -0.9990E+03   -0.9990E+03   -0.9990E+03   -0.9990E+03   -0.9990E+03   -0.9990E+03   -0.9990E+03   -0.9990E+03   -0.9990E+03   -0.9990E+03   -0.9990E+03   -0.9990E+03   -0.9990E+03   -0.9990E+03   -0.9990E+03   -0.9990E+03   -0.9990E+03   -0.9990E+03   -0.9990E+03   -0.9990E+03   -0.9990E+03   -0.9990E+03   -0.9990E+03   -0.9990E+03   -0.9990E+03   -0.9990E+03   -0.9990E+03   -0.9990E+03   -0.9990E+03    0.1596E+03    0.1471E+03    0.1473E+03    0.1459E+03    0.1434E+03    0.1412E+03    0.1395E+03    0.1382E+03    0.1374E+03    0.1371E+03   -0.9990E+03    0.1451E+03   -0.9990E+03    0.1361E+03    0.1343E+03    0.1513E+03   -0.9990E+03   -0.9990E+03   -0.9990E+03   -0.9990E+03   -0.9990E+03   -0.9990E+03   -0.9990E+03   -0.9990E+03   -0.9990E+03   -0.9990E+03   -0.9990E+03   -0.9990E+03   -0.9990E+03   -0.9990E+03   -0.9990E+03   -0.9990E+03   -0.9990E+03
   -0.9990E+03   -0.9990E+03   -0.9990E+03   -0.9990E+03   -0.9990E+03   -0.9990E+03   -0.9990E+03   -0.9990E+03   -0.9990E+03   -0.9990E+03   -0.9990E+03   -0.9990E+03   -0.9990E+03   -0.9990E+03   -0.9990E+03   -0.9990E+03   -0.9990E+03   -0.9990E+03   -0.9990E+03   -0.9990E+03   -0.9990E+03   -0.9990E+03   -0.9990E+03   -0.9990E+03   -0.9990E+03   -0.9990E+03   -0.9990E+03   -0.9990E+03   -0.9990E+03   -0.9990E+03   -0.9990E+03   -0.9990E+03   -0.9990E+03   -0.9990E+03   -0.9990E+03   -0.9990E+03   -0.9990E+03   -0.9990E+03   -0.9990E+03   -0.9990E+03   -0.9990E+03   -0.9990E+03    0.1494E+03    0.1429E+03    0.1448E+03    0.1474E+03    0.1435E+03    0.1404E+03    0.1380E+03    0.1360E+03    0.1347E+03    0.1338E+03    0.1335E+03    0.1337E+03    0.1344E+03    0.1358E+03    0.1333E+03    0.1314E+03    0.1299E+03   -0.9990E+03   -0.9990E+03   -0.9990E+03   -0.9990E+03   -0.9990E+03   -0.9990E+03   -0.9990E+03   -0.9990E+03   -0.9990E+03   -0.9990E+03   -0.9990E+03   -0.9990E+03   -0.9990E+03   -0.9990E+03   -0.9990E+03   -0.9990E+03   -0.9990E+03
   -0.9990E+03   -0.9990E+03   -0.9990E+03   -0.9990E+03   -0.9990E+03   -0.9990E+03   -0.9990E+03   -0.9990E+03   -0.9990E+03   -0.9990E+03   -0.9990E+03   -0.9990E+03   -0.9990E+03   -0.9990E+03   -0.9990E+03   -0.9990E+03   -0.9990E+03   -0.9990E+03   -0.9990E+03   -0.9990E+03   -0.9990E+03   -0.9990E+03   -0.9990E+03   -0.9990E+03   -0.9990E+03   -0.9990E+03   -0.9990E+03   -0.9990E+03   -0.9990E+03   -0.9990E+03   -0.9990E+03   -0.9990E+03   -0.9990E+03   -0.9990E+03   -0.9990E+03   -0.9990E+03    0.1408E+03   -0.9990E+03   -0.9990E+03   -0.9990E+03   -0.9990E+03   -0.9990E+03   -0.9990E+03    0.1387E+03    0.1397E+03    0.1401E+03    0.1383E+03    0.1359E+03    0.1336E+03    0.1318E+03    0.1304E+03    0.1295E+03    0.1292E+03    0.1292E+03    0.1295E+03    0.1296E+03    0.1285E+03    0.1272E+03    0.1260E+03   -0.9990E+03   -0.9990E+03   -0.9990E+03   -0.9990E+03   -0.9990E+03   -0.9990E+03   -0.9990E+03   -0.9990E+03   -0.9990E+03   -0.9990E+03   -0.9990E+03   -0.9990E+03   -0.9990E+03   -0.9990E+03   -0.9990E+03   -0.9990E+03   -0.9990E+03
   -0.9990E+03   -0.9990E+03   -0.9990E+03   -0.9990E+03   -0.9990E+03   -0.9990E+03   -0.9990E+03   -0.9990E+03   -0.9990E+03   -0.9990E+03   -0.9990E+03   -0.9990E+03   -0.9990E+03   -0.9990E+03   -0.9990E+03   -0.9990E+03   -0.9990E+03   -0.9990E+03   -0.9990E+03   -0.9990E+03   -0.9990E+03   -0.9990E+03   -0.9990E+03   -0.9990E+03   -0.9990E+03   -0.9990E+03   -0.9990E+03   -0.9990E+03   -0.9990E+03   -0.9990E+03   -0.9990E+03   -0.9990E+03   -0.9990E+03   -0.9990E+03   -0.9990E+03   -0.9990E+03   -0.9990E+03   -0.9990E+03   -0.9990E+03   -0.9990E+03   -0.9990E+03   -0.9990E+03   -0.9990E+03    0.1329E+03    0.1333E+03    0.1331E+03    0.1318E+03    0.1299E+03    0.1283E+03    0.1267E+03    0.1254E+03    0.1245E+03    0.1239E+03    0.1236E+03    0.1236E+03    0.1235E+03    0.1228E+03    0.1219E+03    0.1215E+03    0.1210E+03   -0.9990E+03   -0.9990E+03   -0.9990E+03   -0.9990E+03   -0.9990E+03   -0.9990E+03   -0.9990E+03   -0.9990E+03   -0.9990E+03   -0.9990E+03   -0.9990E+03   -0.9990E+03   -0.9990E+03   -0.9990E+03   -0.9990E+03   -0.9990E+03
   -0.9990E+03   -0.9990E+03   -0.9990E+03   -0.9990E+03   -0.9990E+03   -0.9990E+03   -0.9990E+03   -0.9990E+03   -0.9990E+03   -0.9990E+03   -0.9990E+03   -0.9990E+03   -0.9990E+03   -0.9990E+03   -0.9990E+03   -0.9990E+03   -0.9990E+03   -0.9990E+03   -0.9990E+03   -0.9990E+03   -0.9990E+03   -0.9990E+03   -0.9990E+03   -0.9990E+03   -0.9990E+03   -0.9990E+03   -0.9990E+03   -0.9990E+03   -0.9990E+03   -0.9990E+03   -0.9990E+03   -0.9990E+03   -0.9990E+03   -0.9990E+03   -0.9990E+03    0.1288E+03   -0.9990E+03   -0.9990E+03   -0.9990E+03   -0.9990E+03   -0.9990E+03   -0.9990E+03   -0.9990E+03   -0.9990E+03    0.1342E+03    0.1263E+03    0.1252E+03    0.1238E+03    0.1222E+03    0.1210E+03    0.1198E+03    0.1188E+03    0.1181E+03    0.1177E+03    0.1175E+03    0.1173E+03    0.1348E+03    0.1288E+03   -0.9990E+03    0.1164E+03   -0.9990E+03   -0.9990E+03   -0.9990E+03   -0.9990E+03   -0.9990E+03   -0.9990E+03   -0.9990E+03   -0.9990E+03   -0.9990E+03   -0.9990E+03   -0.9990E+03   -0.9990E+03   -0.9990E+03   -0.9990E+03   -0.9990E+03   -0.9990E+03
   -0.9990E+03   -0.9990E+03   -0.9990E+03   -0.9990E+03   -0.9990E+03   -0.9990E+03   -0.9990E+03   -0.9990E+03   -0.9990E+03   -0.9990E+03   -0.9990E+03   -0.9990E+03   -0.9990E+03   -0.9990E+03   -0.9990E+03   -0.9990E+03   -0.9990E+03   -0.9990E+03   -0.9990E+03   -0.9990E+03   -0.9990E+03   -0.9990E+03   -0.9990E+03   -0.9990E+03   -0.9990E+03   -0.9990E+03   -0.9990E+03   -0.9990E+03   -0.9990E+03   -0.9990E+03   -0.9990E+03   -0.9990E+03   -0.9990E+03   -0.9990E+03   -0.9990E+03   -0.9990E+03   -0.9990E+03   -0.9990E+03   -0.9990E+03   -0.9990E+03   -0.9990E+03   -0.9990E+03   -0.9990E+03   -0.9990E+03   -0.9990E+03    0.1197E+03    0.1187E+03    0.1175E+03    0.1162E+03    0.1150E+03    0.1139E+03    0.1129E+03    0.1121E+03    0.1116E+03    0.1113E+03    0.1111E+03    0.1110E+03    0.1111E+03    0.1276E+03   -0.9990E+03   -0.9990E+03   -0.9990E+03   -0.9990E+03   -0.9990E+03   -0.9990E+03   -0.9990E+03   -0.9990E+03   -0.9990E+03   -0.9990E+03   -0.9990E+03   -0.9990E+03   -0.9990E+03   -0.9990E+03   -0.9990E+03   -0.9990E+03   -0.9990E+03
   -0.9990E+03   -0.9990E+03   -0.9990E+03   -0.9990E+03   -0.9990E+03   -0.9990E+03   -0.9990E+03   -0.9990E+03   -0.9990E+03   -0.9990E+03   -0.9990E+03   -0.9990E+03   -0.9990E+03   -0.9990E+03   -0.9990E+03   -0.9990E+03   -0.9990E+03   -0.9990E+03   -0.9990E+03   -0.9990E+03   -0.9990E+03   -0.9990E+03   -0.9990E+03   -0.9990E+03   -0.9990E+03   -0.9990E+03   -0.9990E+03   -0.9990E+03   -0.9990E+03   -0.9990E+03   -0.9990E+03   -0.9990E+03   -0.9990E+03   -0.9990E+03   -0.9990E+03   -0.9990E+03   -0.9990E+03   -0.9990E+03   -0.9990E+03   -0.9990E+03   -0.9990E+03   -0.9990E+03   -0.9990E+03   -0.9990E+03    0.1139E+03    0.1131E+03    0.1123E+03    0.1113E+03    0.1102E+03    0.1092E+03    0.1081E+03    0.1070E+03    0.1061E+03    0.1054E+03    0.1049E+03    0.1047E+03    0.1049E+03   -0.9990E+03   -0.9990E+03   -0.9990E+03   -0.9990E+03   -0.9990E+03   -0.9990E+03   -0.9990E+03   -0.9990E+03   -0.9990E+03   -0.9990E+03   -0.9990E+03   -0.9990E+03   -0.9990E+03   -0.9990E+03   -0.9990E+03   -0.9990E+03   -0.9990E+03   -0.9990E+03   -0.9990E+03
   -0.9990E+03   -0.9990E+03   -0.9990E+03   -0.9990E+03   -0.9990E+03   -0.9990E+03   -0.9990E+03   -0.9990E+03   -0.9990E+03   -0.9990E+03   -0.9990E+03   -0.9990E+03   -0.9990E+03   -0.9990E+03   -0.9990E+03   -0.9990E+03   -0.9990E+03   -0.9990E+03   -0.9990E+03   -0.9990E+03   -0.9990E+03   -0.9990E+03   -0.9990E+03   -0.9990E+03   -0.9990E+03   -0.9990E+03   -0.9990E+03   -0.9988E+03   -0.9990E+03   -0.9990E+03   -0.9990E+03   -0.9990E+03   -0.9990E+03   -0.9990E+03    0.1107E+03   -0.9990E+03   -0.9990E+03   -0.9990E+03   -0.9990E+03   -0.9990E+03   -0.9990E+03   -0.9990E+03   -0.9990E+03   -0.9990E+03    0.1075E+03    0.1067E+03    0.1059E+03    0.1051E+03    0.1043E+03    0.1033E+03    0.1023E+03    0.1011E+03    0.9994E+02    0.9895E+02    0.9828E+02    0.9812E+02    0.9856E+02    0.9954E+02    0.1201E+03   -0.9990E+03   -0.9990E+03   -0.9990E+03   -0.9990E+03   -0.9990E+03   -0.9990E+03   -0.9990E+03   -0.9990E+03   -0.9990E+03   -0.9990E+03   -0.9990E+03   -0.9990E+03   -0.9990E+03   -0.9990E+03   -0.9990E+03   -0.9990E+03   -0.9990E+03
   -0.9990E+03   -0.9990E+03   -0.9990E+03   -0.9990E+03   -0.9990E+03   -0.9990E+03   -0.9990E+03   -0.9990E+03   -0.9990E+03   -0.9990E+03   -0.9990E+03   -0.9990E+03   -0.9990E+03   -0.9990E+03   -0.9990E+03   -0.9990E+03   -0.9990E+03   -0.9990E+03   -0.9990E+03   -0.9990E+03   -0.9990E+03   -0.9990E+03   -0.9990E+03   -0.9990E+03   -0.9990E+03   -0.9990E+03   -0.9990E+03   -0.9988E+03   -0.9990E+03   -0.9990E+03   -0.9990E+03   -0.9990E+03   -0.9990E+03   -0.9990E+03   -0.9990E+03   -0.9990E+03   -0.9990E+03   -0.9990E+03   -0.9990E+03   -0.9990E+03   -0.9990E+03   -0.9990E+03   -0.9990E+03    0.1040E+03    0.1012E+03    0.1002E+03    0.9956E+02    0.9902E+02    0.9838E+02    0.9749E+02    0.9650E+02    0.9525E+02    0.9382E+02    0.9246E+02    0.9148E+02    0.9125E+02    0.9202E+02    0.9362E+02    0.9564E+02    0.9770E+02    0.1136E+03   -0.9990E+03   -0.9990E+03   -0.9990E+03   -0.9990E+03   -0.9990E+03   -0.9990E+03   -0.9990E+03   -0.9990E+03   -0.9990E+03   -0.9990E+03   -0.9990E+03   -0.9990E+03   -0.9990E+03   -0.9990E+03   -0.9990E+03
   -0.9990E+03   -0.9990E+03   -0.9990E+03   -0.9990E+03   -0.9990E+03   -0.9990E+03   -0.9990E+03   -0.9990E+03   -0.9990E+03   -0.9990E+03   -0.9990E+03   -0.9990E+03   -0.9990E+03   -0.9990E+03   -0.9990E+03   -0.9990E+03   -0.9990E+03   -0.9990E+03   -0.9990E+03   -0.9990E+03   -0.9990E+03   -0.9990E+03   -0.9990E+03   -0.9990E+03   -0.9990E+03   -0.9990E+03   -0.9988E+03   -0.9990E+03   -0.9990E+03   -0.9990E+03   -0.9990E+03   -0.9990E+03   -0.9990E+03   -0.9990E+03   -0.9990E+03   -0.9990E+03   -0.9990E+03   -0.9990E+03   -0.9990E+03   -0.9990E+03    0.1024E+03    0.9851E+02   -0.9990E+03    0.9651E+02    0.9505E+02    0.9385E+02    0.9336E+02    0.9308E+02    0.9258E+02    0.9200E+02    0.9099E+02    0.8962E+02    0.8788E+02    0.8605E+02    0.8447E+02    0.8403E+02    0.8530E+02    0.8771E+02    0.9035E+02    0.9315E+02    0.9578E+02    0.9816E+02    0.1155E+03   -0.9990E+03   -0.9990E+03   -0.9990E+03   -0.9990E+03   -0.9990E+03   -0.9990E+03   -0.9990E+03   -0.9990E+03   -0.9990E+03   -0.9990E+03   -0.9990E+03   -0.9990E+03   -0.9990E+03
   -0.9990E+03   -0.9990E+03   -0.9990E+03   -0.9990E+03   -0.9990E+03   -0.9990E+03   -0.9990E+03   -0.9990E+03   -0.9990E+03   -0.9990E+03   -0.9990E+03   -0.9990E+03   -0.9990E+03   -0.9990E+03   -0.9990E+03   -0.9990E+03   -0.9990E+03   -0.9990E+03   -0.9990E+03   -0.9990E+03   -0.9990E+03   -0.9990E+03   -0.9990E+03   -0.9990E+03   -0.9990E+03   -0.9990E+03   -0.9990E+03   -0.9990E+03   -0.9990E+03   -0.9990E+03   -0.9990E+03   -0.9990E+03   -0.9990E+03   -0.9990E+03   -0.9990E+03   -0.9990E+03   -0.9990E+03   -0.9990E+03   -0.9990E+03   -0.9990E+03   -0.9990E+03    0.1104E+03    0.9239E+02    0.9078E+02    0.8904E+02    0.8743E+02    0.8733E+02    0.8750E+02    0.8759E+02    0.8714E+02    0.8619E+02    0.8471E+02    0.8270E+02    0.8018E+02    0.7754E+02    0.7637E+02    0.7858E+02    0.8210E+02    0.8577E+02    0.8911E+02    0.9214E+02    0.9482E+02    0.9727E+02   -0.9990E+03   -0.9990E+03   -0.9990E+03   -0.9990E+03   -0.9990E+03   -0.9990E+03   -0.9990E+03   -0.9990E+03   -0.9990E+03   -0.9990E+03   -0.9990E+03   -0.9990E+03   -0.9990E+03
   -0.9990E+03   -0.9990E+03   -0.9990E+03   -0.9990E+03   -0.9990E+03   -0.9990E+03   -0.9990E+03   -0.9990E+03   -0.9990E+03   -0.9990E+03   -0.9990E+03   -0.9990E+03   -0.9990E+03   -0.9990E+03   -0.9990E+03   -0.9990E+03   -0.9990E+03   -0.9990E+03   -0.9990E+03   -0.9990E+03   -0.9990E+03   -0.9990E+03   -0.9990E+03   -0.9990E+03   -0.9990E+03   -0.9990E+03   -0.9990E+03   -0.9990E+03   -0.9990E+03   -0.9990E+03   -0.9990E+03   -0.9990E+03   -0.9990E+03   -0.9990E+03   -0.9990E+03   -0.9990E+03   -0.9990E+03   -0.9990E+03   -0.9990E+03   -0.9990E+03   -0.9990E+03    0.1000E+03    0.8817E+02    0.8636E+02    0.8397E+02    0.8091E+02    0.8243E+02    0.8328E+02    0.8352E+02    0.8313E+02    0.8222E+02    0.8073E+02    0.7863E+02    0.7589E+02    0.7243E+02    0.6812E+02    0.7351E+02    0.7818E+02    0.8227E+02    0.8585E+02    0.8905E+02    0.9187E+02    0.9445E+02   -0.9990E+03   -0.9990E+03   -0.9990E+03   -0.9990E+03   -0.9990E+03   -0.9990E+03   -0.9990E+03   -0.9990E+03   -0.9990E+03   -0.9990E+03   -0.9990E+03   -0.9990E+03   -0.9990E+03
   -0.9990E+03   -0.9990E+03   -0.9990E+03   -0.9990E+03   -0.9990E+03   -0.9990E+03   -0.9990E+03   -0.9990E+03   -0.9990E+03   -0.9990E+03   -0.9990E+03   -0.9990E+03   -0.9990E+03   -0.9990E+03   -0.9990E+03   -0.9990E+03   -0.9990E+03   -0.9990E+03   -0.9990E+03   -0.9990E+03   -0.9990E+03   -0.9990E+03   -0.9990E+03   -0.9990E+03   -0.9990E+03   -0.9990E+03   -0.9990E+03   -0.9990E+03   -0.9990E+03   -0.9990E+03   -0.9990E+03   -0.9990E+03   -0.9990E+03   -0.9990E+03   -0.9990E+03   -0.9990E+03   -0.9990E+03   -0.9990E+03   -0.9990E+03   -0.9990E+03   -0.9990E+03    0.9240E+02    0.8500E+02    0.8338E+02    0.8142E+02    0.8028E+02    0.7984E+02    0.8032E+02    0.8044E+02    0.8004E+02    0.7915E+02    0.7773E+02    0.7580E+02    0.7335E+02    0.7068E+02    0.7008E+02    0.7212E+02    0.7607E+02    0.7991E+02    0.8340E+02    0.8654E+02    0.8939E+02    0.9200E+02    0.1067E+03   -0.9990E+03   -0.9990E+03   -0.9990E+03   -0.9990E+03   -0.9990E+03   -0.9990E+03   -0.9990E+03   -0.9990E+03   -0.9990E+03   -0.9990E+03   -0.9990E+03   -0.9990E+03
   -0.9990E+03   -0.9990E+03   -0.9990E+03   -0.9990E+03   -0.9990E+03   -0.9990E+03   -0.9990E+03   -0.9990E+03   -0.9990E+03   -0.9990E+03   -0.9990E+03   -0.9990E+03   -0.9990E+03   -0.9990E+03   -0.9990E+03   -0.9990E+03   -0.9990E+03   -0.9990E+03   -0.9990E+03   -0.9990E+03   -0.9990E+03   -0.9990E+03   -0.9990E+03   -0.9990E+03   -0.9990E+03   -0.9988E+03   -0.9990E+03   -0.9990E+03   -0.9990E+03   -0.9990E+03   -0.9990E+03   -0.9990E+03   -0.9990E+03   -0.9990E+03   -0.9990E+03   -0.9990E+03   -0.9990E+03   -0.9990E+03   -0.9990E+03   -0.9990E+03   -0.9990E+03   -0.9990E+03    0.8281E+02    0.8141E+02    0.8043E+02    0.7972E+02    0.7889E+02    0.7836E+02    0.7822E+02    0.7778E+02    0.7693E+02    0.7567E+02    0.7403E+02    0.7218E+02    0.7126E+02    0.7159E+02    0.7289E+02    0.7524E+02    0.7851E+02    0.8166E+02    0.8462E+02    0.8738E+02    0.8997E+02   -0.9990E+03   -0.9990E+03   -0.9990E+03   -0.9990E+03   -0.9990E+03   -0.9990E+03   -0.9990E+03   -0.9990E+03   -0.9990E+03   -0.9990E+03   -0.9990E+03   -0.9990E+03   -0.9990E+03
   -0.9990E+03   -0.9990E+03   -0.9990E+03   -0.9990E+03   -0.9990E+03   -0.9990E+03   -0.9990E+03   -0.9990E+03   -0.9990E+03   -0.9990E+03   -0.9990E+03   -0.9990E+03   -0.9990E+03   -0.9990E+03   -0.9990E+03   -0.9990E+03   -0.9990E+03   -0.9990E+03   -0.9990E+03   -0.9990E+03   -0.9990E+03   -0.9990E+03   -0.9990E+03   -0.9990E+03   -0.9990E+03   -0.9990E+03   -0.9990E+03   -0.9990E+03   -0.9990E+03   -0.9990E+03   -0.9990E+03   -0.9990E+03   -0.9990E+03   -0.9990E+03   -0.9990E+03   -0.9990E+03   -0.9990E+03   -0.9990E+03   -0.9990E+03   -0.9990E+03   -0.9990E+03   -0.9990E+03   -0.9990E+03    0.8053E+02    0.7992E+02    0.7921E+02    0.7840E+02    0.7756E+02    0.7678E+02    0.7620E+02    0.7540E+02    0.7434E+02    0.7306E+02    0.7232E+02    0.7219E+02    0.7269E+02    0.7386E+02    0.7564E+02    0.7785E+02    0.8050E+02    0.8322E+02    0.8587E+02   -0.9990E+03   -0.9990E+03   -0.9990E+03   -0.9990E+03   -0.9990E+03   -0.9990E+03   -0.9990E+03   -0.9990E+03   -0.9990E+03   -0.9990E+03   -0.9990E+03   -0.9990E+03   -0.9990E+03   -0.9990E+03
   -0.9990E+03   -0.9990E+03   -0.9990E+03   -0.9990E+03   -0.9990E+03   -0.9990E+03   -0.9990E+03   -0.9990E+03   -0.9990E+03   -0.9990E+03   -0.9990E+03   -0.9990E+03   -0.9990E+03   -0.9990E+03   -0.9990E+03   -0.9990E+03   -0.9990E+03   -0.9990E+03   -0.9990E+03   -0.9990E+03   -0.9990E+03   -0.9990E+03   -0.9990E+03   -0.9990E+03   -0.9990E+03   -0.9990E+03   -0.9990E+03   -0.9990E+03   -0.9990E+03   -0.9990E+03   -0.9990E+03   -0.9990E+03   -0.9990E+03   -0.9990E+03   -0.9990E+03   -0.9990E+03   -0.9990E+03   -0.9990E+03   -0.9990E+03   -0.9990E+03   -0.9990E+03   -0.9990E+03   -0.9990E+03    0.8005E+02    0.7943E+02    0.7874E+02    0.7799E+02    0.7716E+02    0.7629E+02    0.7545E+02    0.7462E+02    0.7379E+02    0.7309E+02    0.7281E+02    0.7290E+02    0.7345E+02    0.7455E+02    0.7612E+02    0.7808E+02    0.8033E+02    0.8269E+02   -0.9990E+03   -0.9990E+03   -0.9990E+03   -0.9990E+03   -0.9990E+03   -0.9990E+03   -0.9990E+03   -0.9990E+03   -0.9990E+03   -0.9990E+03   -0.9990E+03   -0.9990E+03   -0.9990E+03   -0.9990E+03   -0.9990E+03
   -0.9990E+03   -0.9990E+03   -0.9990E+03   -0.9990E+03   -0.9990E+03   -0.9990E+03   -0.9990E+03   -0.9990E+03   -0.9990E+03   -0.9990E+03   -0.9990E+03   -0.9990E+03   -0.9990E+03   -0.9990E+03   -0.9990E+03   -0.9990E+03   -0.9990E+03   -0.9990E+03   -0.9990E+03   -0.9990E+03   -0.9990E+03   -0.9990E+03   -0.9990E+03   -0.9990E+03   -0.9990E+03   -0.9990E+03   -0.9990E+03   -0.9990E+03   -0.9990E+03   -0.9990E+03   -0.9990E+03   -0.9990E+03   -0.9990E+03   -0.9990E+03   -0.9990E+03   -0.9990E+03   -0.9990E+03   -0.9990E+03   -0.9990E+03    0.8161E+02   -0.9990E+03   -0.9990E+03    0.8017E+02    0.7958E+02    0.7897E+02    0.7830E+02    0.7760E+02    0.7685E+02    0.7608E+02    0.7532E+02    0.7460E+02    0.7389E+02    0.7336E+02    0.7318E+02    0.7334E+02    0.7393E+02    0.7496E+02    0.7639E+02    0.7818E+02    0.8018E+02    0.8234E+02   -0.9990E+03   -0.9990E+03   -0.9990E+03   -0.9990E+03   -0.9990E+03   -0.9990E+03   -0.9990E+03   -0.9990E+03   -0.9990E+03   -0.9990E+03   -0.9990E+03   -0.9990E+03   -0.9990E+03   -0.9990E+03   -0.9990E+03
   -0.9990E+03   -0.9990E+03   -0.9990E+03   -0.9990E+03   -0.9990E+03   -0.9990E+03   -0.9990E+03   -0.9990E+03   -0.9990E+03   -0.9990E+03   -0.9990E+03   -0.9990E+03   -0.9990E+03   -0.9990E+03   -0.9990E+03   -0.9990E+03   -0.9990E+03   -0.9990E+03   -0.9990E+03   -0.9990E+03   -0.9990E+03   -0.9990E+03   -0.9990E+03   -0.9990E+03   -0.9990E+03   -0.9990E+03   -0.9990E+03   -0.9990E+03   -0.9990E+03   -0.9990E+03   -0.9990E+03   -0.9990E+03   -0.9990E+03   -0.9990E+03   -0.9990E+03   -0.9990E+03   -0.9990E+03   -0.9990E+03   -0.9990E+03   -0.9990E+03   -0.9990E+03   -0.9990E+03    0.7971E+02    0.7912E+02    0.7852E+02    0.7789E+02    0.7723E+02    0.7656E+02    0.7587E+02    0.7520E+02    0.7457E+02    0.7395E+02    0.7348E+02    0.7335E+02    0.7354E+02    0.7411E+02    0.7512E+02    0.7647E+02    0.7810E+02    0.7998E+02    0.8196E+02   -0.9990E+03   -0.9990E+03   -0.9990E+03   -0.9990E+03   -0.9990E+03   -0.9990E+03   -0.9990E+03   -0.9990E+03   -0.9990E+03   -0.9990E+03   -0.9990E+03   -0.9990E+03   -0.9990E+03   -0.9990E+03   -0.9990E+03
   -0.9990E+03   -0.9990E+03   -0.9990E+03   -0.9990E+03   -0.9990E+03   -0.9990E+03   -0.9990E+03   -0.9990E+03   -0.9990E+03   -0.9990E+03   -0.9990E+03   -0.9990E+03   -0.9990E+03   -0.9990E+03   -0.9990E+03   -0.9990E+03   -0.9990E+03   -0.9990E+03   -0.9990E+03   -0.9990E+03   -0.9990E+03   -0.9990E+03   -0.9990E+03   -0.9990E+03   -0.9990E+03   -0.9990E+03   -0.9990E+03   -0.9990E+03   -0.9990E+03   -0.9990E+03   -0.9990E+03   -0.9990E+03   -0.9990E+03   -0.9990E+03   -0.9990E+03   -0.9990E+03   -0.9990E+03   -0.9990E+03   -0.9990E+03   -0.9990E+03    0.8022E+02   -0.9990E+03   -0.9990E+03    0.7867E+02    0.7808E+02    0.7748E+02    0.7688E+02    0.7627E+02    0.7567E+02    0.7517E+02    0.7465E+02    0.7409E+02    0.7356E+02    0.7337E+02    0.7351E+02    0.7406E+02    0.7504E+02    0.7633E+02    0.7791E+02    0.7968E+02    0.8156E+02   -0.9990E+03   -0.9990E+03   -0.9990E+03   -0.9990E+03   -0.9990E+03   -0.9990E+03   -0.9990E+03   -0.9990E+03   -0.9990E+03   -0.9990E+03   -0.9990E+03   -0.9990E+03   -0.9990E+03   -0.9990E+03   -0.9990E+03
   -0.9990E+03   -0.9990E+03   -0.9990E+03   -0.9990E+03   -0.9990E+03   -0.9990E+03   -0.9990E+03   -0.9990E+03   -0.9990E+03   -0.9990E+03   -0.9990E+03   -0.9990E+03   -0.9990E+03   -0.9990E+03   -0.9990E+03   -0.9990E+03   -0.9990E+03   -0.9990E+03   -0.9990E+03   -0.9990E+03   -0.9990E+03   -0.9990E+03   -0.9990E+03   -0.9990E+03   -0.9990E+03   -0.9990E+03   -0.9990E+03   -0.9990E+03   -0.9990E+03   -0.9990E+03   -0.9990E+03   -0.9990E+03   -0.9990E+03   -0.9990E+03   -0.9990E+03   -0.9990E+03   -0.9990E+03   -0.9990E+03   -0.9990E+03   -0.9990E+03   -0.9990E+03   -0.9990E+03   -0.9990E+03    0.7825E+02    0.7765E+02    0.7707E+02    0.7653E+02    0.7601E+02    0.7563E+02    0.7524E+02    0.7476E+02    0.7426E+02    0.7373E+02    0.7335E+02    0.7330E+02    0.7377E+02    0.7475E+02    0.7606E+02    0.7764E+02    0.7936E+02   -0.9990E+03   -0.9990E+03   -0.9990E+03   -0.9990E+03   -0.9990E+03   -0.9990E+03   -0.9990E+03   -0.9990E+03   -0.9990E+03   -0.9990E+03   -0.9990E+03   -0.9990E+03   -0.9990E+03   -0.9990E+03   -0.9990E+03   -0.9990E+03
   -0.9990E+03   -0.9990E+03   -0.9990E+03   -0.9990E+03   -0.9990E+03   -0.9990E+03   -0.9990E+03   -0.9990E+03   -0.9990E+03   -0.9990E+03   -0.9990E+03   -0.9990E+03   -0.9990E+03   -0.9990E+03   -0.9990E+03   -0.9990E+03   -0.9990E+03   -0.9990E+03   -0.9990E+03   -0.9990E+03   -0.9990E+03   -0.9990E+03   -0.9990E+03   -0.9990E+03   -0.9990E+03   -0.9990E+03   -0.9990E+03   -0.9990E+03   -0.9990E+03   -0.9990E+03   -0.9990E+03   -0.9990E+03   -0.9990E+03   -0.9988E+03   -0.9990E+03   -0.9990E+03   -0.9990E+03   -0.9990E+03   -0.9990E+03   -0.9990E+03   -0.9990E+03   -0.9990E+03   -0.9990E+03    0.7805E+02    0.7727E+02    0.7666E+02    0.7621E+02    0.7601E+02    0.7577E+02    0.7541E+02    0.7496E+02    0.7446E+02    0.7391E+02    0.7338E+02    0.7304E+02    0.7326E+02    0.7430E+02    0.7575E+02    0.7735E+02    0.7901E+02    0.8072E+02   -0.9990E+03   -0.9990E+03   -0.9990E+03   -0.9990E+03   -0.9990E+03   -0.9990E+03   -0.9990E+03   -0.9990E+03   -0.9990E+03   -0.9990E+03   -0.9990E+03   -0.9990E+03   -0.9990E+03   -0.9990E+03   -0.9990E+03
   -0.9990E+03   -0.9990E+03   -0.9990E+03   -0.9990E+03   -0.9990E+03   -0.9990E+03   -0.9990E+03   -0.9990E+03   -0.9990E+03   -0.9990E+03   -0.9990E+03   -0.9990E+03   -0.9990E+03   -0.9990E+03   -0.9990E+03   -0.9990E+03   -0.9990E+03   -0.9990E+03   -0.9990E+03   -0.9990E+03   -0.9990E+03   -0.9990E+03   -0.9990E+03   -0.9990E+03   -0.9990E+03   -0.9990E+03   -0.9990E+03   -0.9990E+03   -0.9990E+03   -0.9990E+03   -0.9990E+03   -0.9990E+03   -0.9990E+03   -0.9988E+03   -0.9988E+03   -0.9990E+03   -0.9990E+03   -0.9990E+03   -0.9990E+03   -0.9990E+03   -0.9990E+03   -0.9990E+03   -0.9990E+03    0.7813E+02    0.7730E+02    0.7623E+02    0.7639E+02    0.7633E+02    0.7609E+02    0.7572E+02    0.7525E+02    0.7470E+02    0.7413E+02    0.7355E+02    0.7300E+02    0.7251E+02    0.7397E+02    0.7548E+02    0.7705E+02    0.7866E+02    0.8545E+02   -0.9990E+03   -0.9990E+03   -0.9990E+03   -0.9990E+03   -0.9990E+03   -0.9990E+03   -0.9990E+03   -0.9990E+03   -0.9990E+03   -0.9990E+03   -0.9990E+03   -0.9990E+03   -0.9990E+03   -0.9990E+03   -0.9990E+03
   -0.9990E+03   -0.9990E+03   -0.9990E+03   -0.9990E+03   -0.9990E+03   -0.9990E+03   -0.9990E+03   -0.9990E+03   -0.9990E+03   -0.9990E+03   -0.9990E+03   -0.9990E+03   -0.9990E+03   -0.9990E+03   -0.9990E+03   -0.9990E+03   -0.9990E+03   -0.9990E+03   -0.9990E+03   -0.9990E+03   -0.9990E+03   -0.9990E+03   -0.9990E+03   -0.9990E+03   -0.9990E+03   -0.9990E+03   -0.9990E+03   -0.9990E+03   -0.9990E+03   -0.9990E+03   -0.9990E+03   -0.9990E+03   -0.9990E+03   -0.9988E+03   -0.9988E+03   -0.9990E+03   -0.9990E+03   -0.9990E+03   -0.9990E+03   -0.9990E+03   -0.9990E+03    0.7953E+02    0.7915E+02    0.7868E+02    0.7804E+02    0.7745E+02    0.7718E+02    0.7698E+02    0.7665E+02    0.7619E+02    0.7563E+02    0.7502E+02    0.7438E+02    0.7377E+02    0.7323E+02    0.7312E+02    0.7398E+02    0.7529E+02    0.7678E+02    0.7834E+02    0.8173E+02   -0.9990E+03   -0.9990E+03   -0.9990E+03   -0.9990E+03   -0.9990E+03   -0.9990E+03   -0.9990E+03   -0.9990E+03   -0.9990E+03   -0.9990E+03   -0.9990E+03   -0.9990E+03   -0.9990E+03   -0.9990E+03   -0.9990E+03
   -0.9990E+03   -0.9990E+03   -0.9990E+03   -0.9990E+03   -0.9990E+03   -0.9990E+03   -0.9990E+03   -0.9990E+03   -0.9990E+03   -0.9990E+03   -0.9990E+03   -0.9990E+03   -0.9990E+03   -0.9990E+03   -0.9990E+03   -0.9990E+03   -0.9990E+03   -0.9990E+03   -0.9990E+03   -0.9990E+03   -0.9990E+03   -0.9990E+03   -0.9990E+03   -0.9990E+03   -0.9990E+03   -0.9990E+03   -0.9990E+03   -0.9990E+03   -0.9990E+03   -0.9990E+03   -0.9990E+03   -0.9990E+03   -0.9990E+03   -0.9988E+03   -0.9988E+03   -0.9988E+03   -0.9988E+03   -0.9990E+03   -0.9990E+03   -0.9990E+03   -0.9990E+03    0.7993E+02    0.7981E+02    0.7953E+02    0.7910E+02    0.7868E+02    0.7831E+02    0.7787E+02    0.7739E+02    0.7679E+02    0.7611E+02    0.7539E+02    0.7466E+02    0.7400E+02    0.7343E+02    0.7352E+02    0.7416E+02    0.7518E+02    0.7653E+02    0.7802E+02   -0.9990E+03   -0.9990E+03   -0.9990E+03   -0.9990E+03   -0.9990E+03   -0.9990E+03   -0.9990E+03   -0.9990E+03   -0.9990E+03   -0.9990E+03   -0.9990E+03   -0.9990E+03   -0.9990E+03   -0.9990E+03   -0.9990E+03   -0.9990E+03
   -0.9990E+03   -0.9990E+03   -0.9990E+03   -0.9990E+03   -0.9990E+03   -0.9990E+03   -0.9990E+03   -0.9990E+03   -0.9990E+03   -0.9990E+03   -0.9990E+03   -0.9990E+03   -0.9990E+03   -0.9990E+03   -0.9990E+03   -0.9990E+03   -0.9990E+03   -0.9990E+03   -0.9990E+03   -0.9990E+03   -0.9990E+03   -0.9990E+03   -0.9990E+03   -0.9990E+03   -0.9990E+03   -0.9990E+03   -0.9990E+03   -0.9990E+03   -0.9990E+03   -0.9990E+03   -0.9990E+03   -0.9990E+03   -0.9988E+03   -0.9988E+03   -0.9988E+03   -0.9988E+03   -0.9988E+03   -0.9990E+03   -0.9990E+03   -0.9990E+03    0.8036E+02    0.8054E+02    0.8065E+02    0.8054E+02    0.8030E+02    0.7994E+02    0.7952E+02    0.7898E+02    0.7829E+02    0.7750E+02    0.7666E+02    0.7578E+02    0.7494E+02    0.7416E+02    0.7366E+02    0.7371E+02    0.7419E+02    0.7506E+02    0.7626E+02    0.7769E+02   -0.9990E+03   -0.9990E+03   -0.9990E+03   -0.9990E+03   -0.9990E+03   -0.9990E+03   -0.9990E+03   -0.9990E+03   -0.9990E+03   -0.9990E+03   -0.9990E+03   -0.9990E+03   -0.9990E+03   -0.9990E+03   -0.9990E+03   -0.9990E+03
   -0.9990E+03   -0.9990E+03   -0.9990E+03   -0.9990E+03   -0.9990E+03   -0.9990E+03   -0.9990E+03   -0.9990E+03   -0.9990E+03   -0.9990E+03   -0.9990E+03   -0.9990E+03   -0.9990E+03   -0.9990E+03   -0.9990E+03   -0.9990E+03   -0.9990E+03   -0.9990E+03   -0.9990E+03   -0.9990E+03   -0.9990E+03   -0.9990E+03   -0.9990E+03   -0.9990E+03   -0.9990E+03   -0.9990E+03   -0.9990E+03   -0.9990E+03   -0.9990E+03   -0.9990E+03   -0.9990E+03   -0.9990E+03   -0.9988E+03   -0.9988E+03   -0.9988E+03   -0.9988E+03   -0.9988E+03   -0.9990E+03   -0.9990E+03   -0.9990E+03    0.8088E+02    0.8129E+02    0.8161E+02    0.8169E+02    0.8159E+02    0.8130E+02    0.8082E+02    0.8014E+02    0.7930E+02    0.7831E+02    0.7723E+02    0.7615E+02    0.7513E+02    0.7425E+02    0.7373E+02    0.7368E+02    0.7405E+02    0.7480E+02    0.7592E+02   -0.9990E+03   -0.9990E+03   -0.9990E+03   -0.9990E+03   -0.9990E+03   -0.9990E+03   -0.9990E+03   -0.9990E+03   -0.9990E+03   -0.9990E+03   -0.9990E+03   -0.9990E+03   -0.9990E+03   -0.9990E+03   -0.9990E+03   -0.9990E+03   -0.9990E+03
   -0.9990E+03   -0.9990E+03   -0.9990E+03   -0.9990E+03   -0.9990E+03   -0.9990E+03   -0.9990E+03   -0.9990E+03   -0.9990E+03   -0.9990E+03   -0.9990E+03   -0.9990E+03   -0.9990E+03   -0.9990E+03   -0.9990E+03   -0.9990E+03   -0.9990E+03   -0.9990E+03   -0.9990E+03   -0.9990E+03   -0.9990E+03   -0.9990E+03   -0.9990E+03   -0.9990E+03   -0.9990E+03   -0.9990E+03   -0.9990E+03   -0.9990E+03   -0.9988E+03   -0.9988E+03   -0.9988E+03   -0.9988E+03   -0.9988E+03   -0.9988E+03   -0.9988E+03   -0.9988E+03   -0.9988E+03   -0.9990E+03   -0.9990E+03   -0.9990E+03    0.8142E+02    0.8209E+02    0.8265E+02    0.8295E+02    0.8300E+02    0.8277E+02    0.8224E+02    0.8142E+02    0.8036E+02    0.7913E+02    0.7781E+02    0.7651E+02    0.7528E+02    0.7421E+02    0.7359E+02    0.7342E+02    0.7371E+02    0.7440E+02    0.7549E+02   -0.9990E+03   -0.9990E+03   -0.9990E+03   -0.9990E+03   -0.9990E+03   -0.9990E+03   -0.9990E+03   -0.9990E+03   -0.9990E+03   -0.9990E+03   -0.9990E+03   -0.9990E+03   -0.9990E+03   -0.9990E+03   -0.9990E+03   -0.9990E+03   -0.9990E+03
   -0.9990E+03   -0.9990E+03   -0.9990E+03   -0.9990E+03   -0.9990E+03   -0.9990E+03   -0.9990E+03   -0.9990E+03   -0.9990E+03   -0.9990E+03   -0.9990E+03   -0.9990E+03   -0.9990E+03   -0.9990E+03   -0.9990E+03   -0.9990E+03   -0.9990E+03   -0.9990E+03   -0.9990E+03   -0.9990E+03   -0.9990E+03   -0.9990E+03   -0.9990E+03   -0.9990E+03   -0.9988E+03   -0.9988E+03   -0.9988E+03   -0.9988E+03   -0.9988E+03   -0.9988E+03   -0.9988E+03   -0.9988E+03   -0.9988E+03   -0.9988E+03   -0.9988E+03   -0.9988E+03   -0.9988E+03   -0.9988E+03   -0.9990E+03   -0.9990E+03    0.8195E+02    0.8290E+02    0.8376E+02    0.8434E+02    0.8459E+02    0.8443E+02    0.8382E+02    0.8282E+02    0.8150E+02    0.7998E+02    0.7838E+02    0.7680E+02    0.7533E+02    0.7404E+02    0.7341E+02    0.7310E+02    0.7333E+02    0.7402E+02    0.7521E+02   -0.9990E+03   -0.9990E+03   -0.9990E+03   -0.9990E+03   -0.9990E+03   -0.9990E+03   -0.9990E+03   -0.9990E+03   -0.9990E+03   -0.9990E+03   -0.9990E+03   -0.9990E+03   -0.9990E+03   -0.9990E+03   -0.9990E+03   -0.9990E+03   -0.9990E+03
   -0.9990E+03   -0.9990E+03   -0.9990E+03   -0.9990E+03   -0.9990E+03   -0.9990E+03   -0.9990E+03   -0.9990E+03   -0.9990E+03   -0.9990E+03   -0.9990E+03   -0.9990E+03   -0.9990E+03   -0.9990E+03   -0.9990E+03   -0.9990E+03   -0.9990E+03   -0.9990E+03   -0.9990E+03   -0.9990E+03   -0.9990E+03   -0.9990E+03   -0.9990E+03   -0.9988E+03   -0.9988E+03   -0.9988E+03   -0.9988E+03   -0.9988E+03   -0.9986E+03   -0.9986E+03   -0.9986E+03   -0.9988E+03   -0.9988E+03   -0.9988E+03   -0.9988E+03   -0.9988E+03   -0.9988E+03   -0.9988E+03   -0.9990E+03    0.8098E+02    0.8206E+02    0.8333E+02    0.8480E+02    0.8595E+02    0.8655E+02    0.8649E+02    0.8561E+02    0.8434E+02    0.8271E+02    0.8078E+02    0.7885E+02    0.7699E+02    0.7526E+02    0.7387E+02    0.7279E+02    0.7232E+02    0.7253E+02    0.7333E+02    0.7472E+02   -0.9990E+03   -0.9990E+03   -0.9990E+03   -0.9990E+03   -0.9990E+03   -0.9990E+03   -0.9990E+03   -0.9990E+03   -0.9990E+03   -0.9990E+03   -0.9990E+03   -0.9990E+03   -0.9990E+03   -0.9990E+03   -0.9990E+03   -0.9990E+03   -0.9990E+03
   -0.9990E+03   -0.9990E+03   -0.9990E+03   -0.9990E+03   -0.9990E+03   -0.9990E+03   -0.9990E+03   -0.9990E+03   -0.9990E+03   -0.9990E+03   -0.9990E+03   -0.9990E+03   -0.9990E+03   -0.9990E+03   -0.9990E+03   -0.9990E+03   -0.9990E+03   -0.9990E+03   -0.9990E+03   -0.9990E+03   -0.9990E+03   -0.9990E+03   -0.9990E+03   -0.9988E+03   -0.9988E+03   -0.9988E+03   -0.9986E+03   -0.9986E+03   -0.9986E+03   -0.9986E+03   -0.9986E+03   -0.9986E+03   -0.9986E+03   -0.9988E+03   -0.9988E+03   -0.9988E+03   -0.9988E+03   -0.9988E+03   -0.9990E+03    0.8038E+02    0.8170E+02    0.8345E+02    0.8527E+02    0.8714E+02    0.8847E+02    0.8868E+02    0.8780E+02    0.8610E+02    0.8367E+02    0.8138E+02    0.7917E+02    0.7724E+02    0.7522E+02    0.7337E+02    0.7191E+02    0.7122E+02    0.7153E+02    0.7265E+02   -0.9990E+03   -0.9990E+03   -0.9990E+03   -0.9990E+03   -0.9990E+03   -0.9990E+03   -0.9990E+03   -0.9990E+03   -0.9990E+03   -0.9990E+03   -0.9990E+03   -0.9990E+03   -0.9990E+03   -0.9990E+03   -0.9990E+03   -0.9990E+03   -0.9990E+03   -0.9990E+03
   -0.9990E+03   -0.9990E+03   -0.9990E+03   -0.9990E+03   -0.9990E+03   -0.9990E+03   -0.9990E+03   -0.9990E+03   -0.9990E+03   -0.9990E+03   -0.9990E+03   -0.9990E+03   -0.9990E+03   -0.9990E+03   -0.9990E+03   -0.9990E+03   -0.9990E+03   -0.9990E+03   -0.9990E+03   -0.9990E+03   -0.9990E+03   -0.9990E+03   -0.9990E+03   -0.9986E+03   -0.9986E+03   -0.9986E+03   -0.9986E+03   -0.9986E+03   -0.9986E+03   -0.9986E+03   -0.9986E+03   -0.9986E+03   -0.9986E+03    0.6962E+02   -0.9990E+03   -0.9990E+03   -0.9988E+03   -0.9988E+03    0.7811E+02    0.7932E+02    0.8105E+02    0.8291E+02    0.8511E+02    0.8763E+02    0.9022E+02    0.9122E+02    0.8985E+02    0.8718E+02    0.8448E+02    0.8193E+02    0.7951E+02    0.7722E+02    0.7501E+02    0.7284E+02    0.7087E+02    0.6979E+02    0.7042E+02   -0.9990E+03   -0.9990E+03   -0.9990E+03   -0.9990E+03   -0.9990E+03   -0.9990E+03   -0.9990E+03   -0.9990E+03   -0.9990E+03   -0.9990E+03   -0.9990E+03   -0.9990E+03   -0.9990E+03   -0.9990E+03   -0.9990E+03   -0.9990E+03   -0.9990E+03   -0.9990E+03   -0.9990E+03
   -0.9990E+03   -0.9990E+03   -0.9990E+03   -0.9990E+03   -0.9990E+03   -0.9990E+03   -0.9990E+03   -0.9990E+03   -0.9990E+03   -0.9990E+03   -0.9990E+03   -0.9990E+03   -0.9990E+03   -0.9990E+03   -0.9990E+03   -0.9990E+03   -0.9990E+03   -0.9990E+03   -0.9990E+03   -0.9990E+03   -0.9990E+03   -0.9990E+03   -0.9990E+03   -0.9986E+03   -0.9986E+03   -0.9986E+03   -0.9986E+03   -0.9986E+03    0.5380E+02   -0.9986E+03   -0.9986E+03   -0.9986E+03   -0.9986E+03   -0.9986E+03    0.7104E+02    0.7468E+02   -0.9988E+03    0.7553E+02    0.7655E+02    0.7774E+02    0.7966E+02    0.8175E+02    0.8419E+02    0.8704E+02    0.9038E+02    0.9424E+02    0.9062E+02    0.8743E+02    0.8458E+02    0.8195E+02    0.7947E+02    0.7712E+02    0.7486E+02    0.7260E+02    0.7032E+02    0.6796E+02   -0.9990E+03   -0.9990E+03   -0.9990E+03   -0.9990E+03   -0.9990E+03   -0.9990E+03   -0.9990E+03   -0.9990E+03   -0.9990E+03   -0.9990E+03   -0.9990E+03   -0.9990E+03   -0.9990E+03   -0.9990E+03   -0.9990E+03   -0.9990E+03   -0.9990E+03   -0.9990E+03   -0.9990E+03   -0.9990E+03
   -0.9990E+03   -0.9990E+03   -0.9990E+03   -0.9990E+03   -0.9990E+03   -0.9990E+03   -0.9990E+03   -0.9990E+03   -0.9990E+03   -0.9990E+03   -0.9990E+03   -0.9990E+03   -0.9990E+03   -0.9990E+03   -0.9990E+03   -0.9990E+03   -0.9990E+03   -0.9990E+03   -0.9990E+03   -0.9990E+03   -0.9990E+03   -0.9990E+03   -0.9990E+03   -0.9990E+03   -0.9986E+03   -0.9986E+03   -0.9986E+03   -0.9986E+03    0.5113E+02   -0.9986E+03   -0.9986E+03   -0.9986E+03   -0.9986E+03   -0.9986E+03    0.6716E+02    0.7016E+02    0.7187E+02    0.7300E+02    0.7423E+02    0.7560E+02    0.7767E+02    0.7988E+02    0.8223E+02    0.8526E+02    0.8819E+02    0.8981E+02    0.8894E+02    0.8666E+02    0.8401E+02    0.8154E+02    0.7921E+02    0.7701E+02    0.7487E+02    0.7282E+02    0.7092E+02    0.6992E+02   -0.9990E+03   -0.9990E+03   -0.9990E+03   -0.9990E+03   -0.9990E+03   -0.9990E+03   -0.9990E+03   -0.9990E+03   -0.9990E+03   -0.9990E+03   -0.9990E+03   -0.9990E+03   -0.9990E+03   -0.9990E+03   -0.9990E+03   -0.9990E+03   -0.9990E+03   -0.9990E+03   -0.9990E+03   -0.9990E+03
   -0.9990E+03   -0.9990E+03   -0.9990E+03   -0.9990E+03   -0.9990E+03   -0.9990E+03   -0.9990E+03   -0.9990E+03   -0.9990E+03   -0.9990E+03   -0.9990E+03   -0.9990E+03   -0.9990E+03   -0.9990E+03   -0.9990E+03   -0.9990E+03   -0.9990E+03   -0.9990E+03   -0.9990E+03   -0.9990E+03   -0.9990E+03   -0.9990E+03   -0.9990E+03   -0.9990E+03   -0.9990E+03   -0.9990E+03   -0.9986E+03   -0.9986E+03   -0.9986E+03   -0.9986E+03   -0.9986E+03   -0.9986E+03   -0.9986E+03    0.6012E+02    0.6309E+02    0.6575E+02    0.6784E+02    0.6959E+02    0.7131E+02    0.7292E+02    0.7513E+02    0.7742E+02    0.7976E+02    0.8253E+02    0.8467E+02    0.8588E+02    0.8582E+02    0.8474E+02    0.8290E+02    0.8076E+02    0.7855E+02    0.7660E+02    0.7477E+02    0.7308E+02   -0.9990E+03   -0.9990E+03   -0.9990E+03   -0.9990E+03   -0.9990E+03   -0.9990E+03   -0.9990E+03   -0.9990E+03   -0.9990E+03   -0.9990E+03   -0.9990E+03   -0.9990E+03   -0.9990E+03   -0.9990E+03   -0.9990E+03   -0.9990E+03   -0.9990E+03   -0.9990E+03   -0.9990E+03   -0.9990E+03   -0.9990E+03   -0.9990E+03
   -0.9990E+03   -0.9990E+03   -0.9990E+03   -0.9990E+03   -0.9990E+03   -0.9990E+03   -0.9990E+03   -0.9990E+03   -0.9990E+03   -0.9990E+03   -0.9990E+03   -0.9990E+03   -0.9990E+03   -0.9990E+03   -0.9990E+03   -0.9990E+03   -0.9990E+03   -0.9990E+03   -0.9990E+03   -0.9990E+03   -0.9990E+03   -0.9990E+03   -0.9990E+03   -0.9990E+03   -0.9990E+03   -0.9990E+03   -0.9990E+03   -0.9986E+03   -0.9986E+03   -0.9986E+03   -0.9986E+03   -0.9986E+03   -0.9986E+03    0.5629E+02    0.5890E+02    0.6137E+02    0.6362E+02    0.6576E+02    0.6785E+02    0.6978E+02    0.7216E+02    0.7451E+02    0.7699E+02    0.7928E+02    0.8116E+02    0.8237E+02    0.8274E+02    0.8217E+02    0.8116E+02    0.7953E+02    0.7788E+02    0.7626E+02    0.7480E+02   -0.9990E+03   -0.9990E+03   -0.9990E+03   -0.9990E+03   -0.9990E+03   -0.9990E+03   -0.9990E+03   -0.9990E+03   -0.9990E+03   -0.9990E+03   -0.9990E+03   -0.9990E+03   -0.9990E+03   -0.9990E+03   -0.9990E+03   -0.9990E+03   -0.9990E+03   -0.9990E+03   -0.9990E+03   -0.9990E+03   -0.9990E+03   -0.9990E+03   -0.9990E+03
   -0.9990E+03   -0.9990E+03   -0.9990E+03   -0.9990E+03   -0.9990E+03   -0.9990E+03   -0.9990E+03   -0.9990E+03   -0.9990E+03   -0.9990E+03   -0.9990E+03   -0.9990E+03   -0.9990E+03   -0.9990E+03   -0.9990E+03   -0.9990E+03   -0.9990E+03   -0.9990E+03   -0.9990E+03   -0.9990E+03   -0.9990E+03   -0.9990E+03   -0.9990E+03   -0.9990E+03   -0.9990E+03   -0.9990E+03   -0.9990E+03   -0.9990E+03   -0.9990E+03   -0.9986E+03   -0.9986E+03   -0.9986E+03   -0.9986E+03    0.5232E+02    0.5462E+02    0.5696E+02    0.5913E+02    0.6153E+02    0.6418E+02    0.6655E+02    0.6893E+02    0.7139E+02    0.7385E+02    0.7607E+02    0.7791E+02    0.7904E+02    0.7975E+02    0.7979E+02    0.7930E+02    0.7823E+02    0.7697E+02   -0.9990E+03   -0.9990E+03   -0.9990E+03   -0.9990E+03   -0.9990E+03   -0.9990E+03   -0.9990E+03   -0.9990E+03   -0.9990E+03   -0.9990E+03   -0.9990E+03   -0.9990E+03   -0.9990E+03   -0.9990E+03   -0.9990E+03   -0.9990E+03   -0.9990E+03   -0.9990E+03   -0.9990E+03   -0.9990E+03   -0.9990E+03   -0.9990E+03   -0.9990E+03   -0.9990E+03   -0.9990E+03
   -0.9990E+03   -0.9990E+03   -0.9990E+03   -0.9990E+03   -0.9990E+03   -0.9990E+03   -0.9990E+03   -0.9990E+03   -0.9990E+03   -0.9990E+03   -0.9990E+03   -0.9990E+03   -0.9990E+03   -0.9990E+03   -0.9990E+03   -0.9990E+03   -0.9990E+03   -0.9990E+03   -0.9990E+03   -0.9990E+03   -0.9990E+03   -0.9990E+03   -0.9990E+03   -0.9990E+03   -0.9988E+03   -0.9988E+03   -0.9990E+03   -0.9990E+03   -0.9990E+03   -0.9990E+03   -0.9986E+03   -0.9986E+03   -0.9986E+03    0.4823E+02    0.5025E+02    0.5247E+02    0.5472E+02    0.5735E+02    0.6030E+02    0.6299E+02    0.6561E+02    0.6804E+02    0.7054E+02    0.7280E+02    0.7474E+02    0.7623E+02    0.7715E+02    0.7758E+02    0.7756E+02    0.7686E+02    0.7609E+02    0.7532E+02   -0.9990E+03   -0.9990E+03   -0.9990E+03   -0.9990E+03   -0.9990E+03   -0.9990E+03   -0.9990E+03   -0.9990E+03   -0.9990E+03   -0.9990E+03   -0.9990E+03   -0.9990E+03   -0.9990E+03   -0.9990E+03   -0.9990E+03   -0.9990E+03   -0.9990E+03   -0.9990E+03   -0.9990E+03   -0.9990E+03   -0.9990E+03   -0.9990E+03   -0.9990E+03   -0.9990E+03
   -0.9990E+03   -0.9990E+03   -0.9990E+03   -0.9990E+03   -0.9990E+03   -0.9990E+03   -0.9990E+03   -0.9990E+03   -0.9990E+03   -0.9990E+03   -0.9990E+03   -0.9990E+03   -0.9990E+03   -0.9990E+03   -0.9990E+03   -0.9990E+03   -0.9990E+03   -0.9990E+03   -0.9990E+03   -0.9990E+03   -0.9990E+03   -0.9990E+03   -0.9990E+03   -0.9990E+03   -0.9988E+03   -0.9988E+03   -0.9988E+03   -0.9990E+03   -0.9990E+03   -0.9990E+03   -0.9986E+03    0.4775E+02    0.4260E+02    0.4404E+02    0.4575E+02    0.4783E+02    0.5017E+02    0.5305E+02    0.5616E+02    0.5917E+02    0.6206E+02    0.6490E+02    0.6758E+02    0.6996E+02    0.7200E+02    0.7365E+02    0.7488E+02    0.7563E+02    0.7591E+02    0.7555E+02    0.7514E+02    0.7477E+02   -0.9990E+03   -0.9990E+03   -0.9990E+03   -0.9990E+03   -0.9990E+03   -0.9990E+03   -0.9990E+03   -0.9990E+03   -0.9990E+03   -0.9990E+03   -0.9990E+03   -0.9990E+03   -0.9990E+03   -0.9990E+03   -0.9990E+03   -0.9990E+03   -0.9990E+03   -0.9990E+03   -0.9990E+03   -0.9990E+03   -0.9990E+03   -0.9990E+03   -0.9990E+03   -0.9990E+03
   -0.9990E+03   -0.9990E+03   -0.9990E+03   -0.9990E+03   -0.9990E+03   -0.9990E+03   -0.9990E+03   -0.9990E+03   -0.9990E+03   -0.9990E+03   -0.9990E+03   -0.9990E+03   -0.9990E+03   -0.9990E+03   -0.9990E+03   -0.9990E+03   -0.9990E+03   -0.9990E+03   -0.9990E+03   -0.9990E+03   -0.9990E+03   -0.9990E+03   -0.9990E+03   -0.9990E+03   -0.9988E+03   -0.9988E+03   -0.9988E+03   -0.9990E+03   -0.9990E+03   -0.9990E+03   -0.9990E+03   -0.9986E+03    0.4489E+02    0.3981E+02    0.4111E+02    0.4300E+02    0.4545E+02    0.4869E+02    0.5219E+02    0.5548E+02    0.5870E+02    0.6175E+02    0.6466E+02    0.6733E+02    0.6953E+02    0.7134E+02    0.7281E+02    0.7384E+02    0.7421E+02    0.7420E+02    0.7419E+02    0.7416E+02   -0.9990E+03   -0.9990E+03   -0.9990E+03   -0.9990E+03   -0.9990E+03   -0.9990E+03   -0.9990E+03   -0.9990E+03   -0.9990E+03   -0.9990E+03   -0.9990E+03   -0.9990E+03   -0.9990E+03   -0.9990E+03   -0.9990E+03   -0.9990E+03   -0.9990E+03   -0.9990E+03   -0.9990E+03   -0.9990E+03   -0.9990E+03   -0.9990E+03   -0.9990E+03   -0.9990E+03
   -0.9990E+03   -0.9990E+03   -0.9990E+03   -0.9990E+03   -0.9990E+03   -0.9990E+03   -0.9990E+03   -0.9990E+03   -0.9990E+03   -0.9990E+03   -0.9990E+03   -0.9990E+03   -0.9990E+03   -0.9990E+03   -0.9990E+03   -0.9990E+03   -0.9990E+03   -0.9990E+03   -0.9990E+03   -0.9990E+03   -0.9990E+03   -0.9990E+03   -0.9990E+03   -0.9990E+03   -0.9988E+03   -0.9988E+03   -0.9988E+03   -0.9988E+03   -0.9990E+03   -0.9990E+03   -0.9990E+03   -0.9990E+03    0.3995E+02    0.3540E+02    0.3631E+02    0.3791E+02    0.4059E+02    0.4441E+02    0.4825E+02    0.5198E+02    0.5551E+02    0.5885E+02    0.6195E+02    0.6481E+02    0.6732E+02    0.6937E+02    0.7102E+02    0.7215E+02    0.7258E+02    0.7296E+02    0.7326E+02   -0.9990E+03   -0.9990E+03   -0.9990E+03   -0.9990E+03   -0.9990E+03   -0.9990E+03   -0.9990E+03   -0.9990E+03   -0.9990E+03   -0.9990E+03   -0.9990E+03   -0.9990E+03   -0.9990E+03   -0.9990E+03   -0.9990E+03   -0.9990E+03   -0.9990E+03   -0.9990E+03   -0.9990E+03   -0.9990E+03   -0.9990E+03   -0.9990E+03   -0.9990E+03   -0.9990E+03   -0.9990E+03
   -0.9990E+03   -0.9990E+03   -0.9990E+03   -0.9990E+03   -0.9990E+03   -0.9990E+03   -0.9990E+03   -0.9990E+03   -0.9990E+03   -0.9990E+03   -0.9990E+03   -0.9990E+03   -0.9990E+03   -0.9990E+03   -0.9990E+03   -0.9990E+03   -0.9990E+03   -0.9990E+03   -0.9990E+03   -0.9990E+03   -0.9990E+03   -0.9990E+03   -0.9990E+03   -0.9990E+03   -0.9988E+03   -0.9988E+03   -0.9988E+03   -0.9990E+03   -0.9990E+03   -0.9990E+03   -0.9990E+03   -0.9990E+03    0.3556E+02    0.3175E+02    0.3134E+02    0.3226E+02    0.3584E+02    0.4039E+02    0.4483E+02    0.4893E+02    0.5279E+02    0.5629E+02    0.5955E+02    0.6255E+02    0.6531E+02    0.6763E+02    0.6943E+02    0.7035E+02    0.7115E+02    0.7184E+02   -0.9990E+03   -0.9990E+03   -0.9990E+03   -0.9990E+03   -0.9990E+03   -0.9990E+03   -0.9990E+03   -0.9990E+03   -0.9990E+03   -0.9990E+03   -0.9990E+03   -0.9990E+03   -0.9990E+03   -0.9990E+03   -0.9990E+03   -0.9990E+03   -0.9990E+03   -0.9990E+03   -0.9990E+03   -0.9990E+03   -0.9990E+03   -0.9990E+03   -0.9990E+03   -0.9990E+03   -0.9990E+03   -0.9990E+03
   -0.9990E+03   -0.9990E+03   -0.9990E+03   -0.9990E+03   -0.9990E+03   -0.9990E+03   -0.9990E+03   -0.9990E+03   -0.9990E+03   -0.9990E+03   -0.9990E+03   -0.9990E+03   -0.9990E+03   -0.9990E+03   -0.9990E+03   -0.9990E+03   -0.9990E+03   -0.9990E+03   -0.9990E+03   -0.9990E+03   -0.9990E+03   -0.9990E+03   -0.9990E+03   -0.9990E+03   -0.9988E+03   -0.9988E+03   -0.9990E+03   -0.9990E+03   -0.9990E+03   -0.9990E+03   -0.9990E+03   -0.9990E+03   -0.9988E+03    0.3368E+02    0.2814E+02    0.2637E+02    0.3228E+02    0.3754E+02    0.4227E+02    0.4659E+02    0.5054E+02    0.5417E+02    0.5750E+02    0.6060E+02    0.6349E+02    0.6616E+02    0.6771E+02    0.6898E+02    0.7002E+02    0.7091E+02   -0.9990E+03   -0.9990E+03   -0.9990E+03   -0.9990E+03   -0.9990E+03   -0.9990E+03   -0.9990E+03   -0.9990E+03   -0.9990E+03   -0.9990E+03   -0.9990E+03   -0.9990E+03   -0.9990E+03   -0.9990E+03   -0.9990E+03   -0.9990E+03   -0.9990E+03   -0.9990E+03   -0.9990E+03   -0.9990E+03   -0.9990E+03   -0.9990E+03   -0.9990E+03   -0.9990E+03   -0.9990E+03   -0.9990E+03
   -0.9990E+03   -0.9990E+03   -0.9990E+03   -0.9990E+03   -0.9990E+03   -0.9990E+03   -0.9990E+03   -0.9990E+03   -0.9990E+03   -0.9990E+03   -0.9990E+03   -0.9990E+03   -0.9990E+03   -0.9990E+03   -0.9990E+03   -0.9990E+03   -0.9990E+03   -0.9990E+03   -0.9990E+03   -0.9990E+03   -0.9990E+03   -0.9990E+03   -0.9990E+03   -0.9990E+03   -0.9988E+03   -0.9988E+03   -0.9990E+03   -0.9990E+03   -0.9990E+03   -0.9990E+03   -0.9988E+03   -0.9988E+03    0.2871E+02    0.2807E+02    0.2900E+02    0.2844E+02    0.3168E+02    0.3628E+02    0.4077E+02    0.4496E+02    0.4886E+02    0.5248E+02    0.5582E+02    0.5894E+02    0.6186E+02    0.6474E+02    0.6689E+02    0.6817E+02    0.6925E+02    0.7020E+02   -0.9990E+03   -0.9990E+03   -0.9990E+03   -0.9990E+03   -0.9990E+03   -0.9990E+03   -0.9990E+03   -0.9990E+03   -0.9990E+03   -0.9990E+03   -0.9990E+03   -0.9990E+03   -0.9990E+03   -0.9990E+03   -0.9990E+03   -0.9990E+03   -0.9990E+03   -0.9990E+03   -0.9990E+03   -0.9990E+03   -0.9990E+03   -0.9990E+03   -0.9990E+03   -0.9990E+03   -0.9990E+03   -0.9990E+03
   -0.9990E+03   -0.9990E+03   -0.9990E+03   -0.9990E+03   -0.9990E+03   -0.9990E+03   -0.9990E+03   -0.9990E+03   -0.9990E+03   -0.9990E+03   -0.9990E+03   -0.9990E+03   -0.9990E+03   -0.9990E+03   -0.9990E+03   -0.9990E+03   -0.9990E+03   -0.9990E+03   -0.9990E+03   -0.9990E+03   -0.9990E+03   -0.9990E+03   -0.9990E+03   -0.9988E+03   -0.9988E+03   -0.9988E+03   -0.9988E+03   -0.9988E+03   -0.9988E+03   -0.9988E+03   -0.9988E+03   -0.9988E+03    0.2801E+02    0.2779E+02   -0.9988E+03    0.3008E+02    0.3768E+02    0.4270E+02    0.4832E+02    0.4398E+02    0.4771E+02    0.5122E+02    0.5450E+02    0.5760E+02    0.6071E+02    0.6359E+02    0.6583E+02    0.6766E+02    0.6873E+02    0.6968E+02   -0.9990E+03   -0.9990E+03   -0.9990E+03   -0.9990E+03   -0.9990E+03   -0.9990E+03   -0.9990E+03   -0.9990E+03   -0.9990E+03   -0.9990E+03   -0.9990E+03   -0.9990E+03   -0.9990E+03   -0.9990E+03   -0.9990E+03   -0.9990E+03   -0.9990E+03   -0.9990E+03   -0.9990E+03   -0.9990E+03   -0.9990E+03   -0.9990E+03   -0.9990E+03   -0.9990E+03   -0.9990E+03   -0.9990E+03
   -0.9990E+03   -0.9990E+03   -0.9990E+03   -0.9990E+03   -0.9990E+03   -0.9990E+03   -0.9990E+03   -0.9990E+03   -0.9990E+03   -0.9990E+03   -0.9990E+03   -0.9990E+03   -0.9990E+03   -0.9990E+03   -0.9990E+03   -0.9990E+03   -0.9990E+03   -0.9990E+03   -0.9990E+03   -0.9990E+03   -0.9990E+03   -0.9990E+03   -0.9990E+03   -0.9988E+03   -0.9988E+03   -0.9988E+03   -0.9988E+03   -0.9988E+03   -0.9988E+03   -0.9988E+03   -0.9988E+03   -0.9988E+03    0.3201E+02    0.3325E+02   -0.9990E+03   -0.9990E+03   -0.9990E+03   -0.9990E+03   -0.9990E+03    0.4348E+02    0.4697E+02    0.5033E+02    0.5357E+02    0.5682E+02    0.5989E+02    0.6269E+02    0.6505E+02    0.6699E+02    0.6833E+02    0.6926E+02   -0.9990E+03   -0.9990E+03   -0.9990E+03   -0.9990E+03   -0.9990E+03   -0.9990E+03   -0.9990E+03   -0.9990E+03   -0.9990E+03   -0.9990E+03   -0.9990E+03   -0.9990E+03   -0.9990E+03   -0.9990E+03   -0.9990E+03   -0.9990E+03   -0.9990E+03   -0.9990E+03   -0.9990E+03   -0.9990E+03   -0.9990E+03   -0.9990E+03   -0.9990E+03   -0.9990E+03   -0.9990E+03   -0.9990E+03
   -0.9990E+03   -0.9990E+03   -0.9990E+03   -0.9990E+03   -0.9990E+03   -0.9990E+03   -0.9990E+03   -0.9990E+03   -0.9990E+03   -0.9990E+03   -0.9990E+03   -0.9990E+03   -0.9990E+03   -0.9990E+03   -0.9990E+03   -0.9990E+03   -0.9990E+03   -0.9990E+03   -0.9990E+03   -0.9990E+03   -0.9990E+03   -0.9990E+03   -0.9990E+03   -0.9990E+03   -0.9988E+03   -0.9988E+03   -0.9988E+03   -0.9988E+03   -0.9988E+03   -0.9988E+03   -0.9990E+03   -0.9990E+03   -0.9990E+03   -0.9990E+03   -0.9990E+03    0.3238E+02   -0.9990E+03   -0.9990E+03    0.4695E+02    0.4342E+02    0.4663E+02    0.4992E+02    0.5316E+02    0.5630E+02    0.5927E+02    0.6200E+02    0.6443E+02    0.6645E+02    0.6797E+02    0.6890E+02    0.6986E+02   -0.9990E+03   -0.9990E+03   -0.9990E+03   -0.9990E+03   -0.9990E+03   -0.9990E+03   -0.9990E+03   -0.9990E+03   -0.9990E+03   -0.9990E+03   -0.9990E+03   -0.9990E+03   -0.9990E+03   -0.9990E+03   -0.9990E+03   -0.9990E+03   -0.9990E+03   -0.9990E+03   -0.9990E+03   -0.9990E+03   -0.9990E+03   -0.9990E+03   -0.9990E+03   -0.9990E+03   -0.9990E+03
   -0.9990E+03   -0.9990E+03   -0.9990E+03   -0.9990E+03   -0.9990E+03   -0.9990E+03   -0.9990E+03   -0.9990E+03   -0.9990E+03   -0.9990E+03   -0.9990E+03   -0.9990E+03   -0.9990E+03   -0.9990E+03   -0.9990E+03   -0.9990E+03   -0.9990E+03   -0.9990E+03   -0.9990E+03   -0.9990E+03   -0.9990E+03   -0.9990E+03   -0.9990E+03   -0.9990E+03   -0.9990E+03   -0.9988E+03   -0.9988E+03   -0.9988E+03   -0.9990E+03   -0.9990E+03   -0.9990E+03   -0.9990E+03   -0.9990E+03   -0.9990E+03   -0.9990E+03   -0.9990E+03   -0.9990E+03   -0.9990E+03   -0.9990E+03    0.5501E+02    0.4670E+02    0.4983E+02    0.5293E+02    0.5593E+02    0.5883E+02    0.6152E+02    0.6396E+02    0.6602E+02    0.6763E+02    0.6853E+02    0.6950E+02   -0.9990E+03   -0.9990E+03   -0.9990E+03   -0.9990E+03   -0.9990E+03   -0.9990E+03   -0.9990E+03   -0.9990E+03   -0.9990E+03   -0.9990E+03   -0.9990E+03   -0.9990E+03   -0.9990E+03   -0.9990E+03   -0.9990E+03   -0.9990E+03   -0.9990E+03   -0.9990E+03   -0.9990E+03   -0.9990E+03   -0.9990E+03   -0.9990E+03   -0.9990E+03   -0.9990E+03   -0.9990E+03
   -0.9990E+03   -0.9990E+03   -0.9990E+03   -0.9990E+03   -0.9990E+03   -0.9990E+03   -0.9990E+03   -0.9990E+03   -0.9990E+03   -0.9990E+03   -0.9990E+03   -0.9990E+03   -0.9990E+03   -0.9990E+03   -0.9990E+03   -0.9990E+03   -0.9990E+03   -0.9990E+03   -0.9990E+03   -0.9990E+03   -0.9990E+03   -0.9990E+03   -0.9990E+03   -0.9990E+03   -0.9990E+03   -0.9990E+03   -0.9990E+03   -0.9990E+03   -0.9990E+03   -0.9990E+03   -0.9990E+03   -0.9990E+03   -0.9990E+03   -0.9990E+03   -0.9990E+03    0.3350E+02   -0.9990E+03   -0.9990E+03   -0.9990E+03    0.5585E+02    0.4674E+02    0.4978E+02    0.5279E+02    0.5572E+02    0.5856E+02    0.6122E+02    0.6365E+02    0.6571E+02    0.6724E+02    0.6811E+02    0.6912E+02    0.7020E+02   -0.9990E+03   -0.9990E+03   -0.9990E+03   -0.9990E+03   -0.9990E+03   -0.9990E+03   -0.9990E+03   -0.9990E+03   -0.9990E+03   -0.9990E+03   -0.9990E+03   -0.9990E+03   -0.9990E+03   -0.9990E+03   -0.9990E+03   -0.9990E+03   -0.9990E+03   -0.9990E+03   -0.9990E+03   -0.9990E+03   -0.9990E+03   -0.9990E+03   -0.9990E+03   -0.9990E+03
   -0.9990E+03   -0.9990E+03   -0.9990E+03   -0.9990E+03   -0.9990E+03   -0.9990E+03   -0.9990E+03   -0.9990E+03   -0.9990E+03   -0.9990E+03   -0.9990E+03   -0.9990E+03   -0.9990E+03   -0.9990E+03   -0.9990E+03   -0.9990E+03   -0.9990E+03   -0.9990E+03   -0.9990E+03   -0.9990E+03   -0.9990E+03   -0.9990E+03   -0.9990E+03   -0.9990E+03   -0.9990E+03   -0.9990E+03   -0.9990E+03   -0.9990E+03   -0.9990E+03   -0.9990E+03   -0.9990E+03   -0.9990E+03   -0.9990E+03   -0.9990E+03   -0.9990E+03   -0.9990E+03    0.4408E+02    0.4211E+02    0.5191E+02    0.4381E+02    0.4681E+02    0.4982E+02    0.5278E+02    0.5564E+02    0.5845E+02    0.6109E+02    0.6349E+02    0.6548E+02    0.6673E+02    0.6766E+02    0.6871E+02    0.6984E+02   -0.9990E+03   -0.9990E+03   -0.9990E+03   -0.9990E+03   -0.9990E+03   -0.9990E+03   -0.9990E+03   -0.9990E+03   -0.9990E+03   -0.9990E+03   -0.9990E+03   -0.9990E+03   -0.9990E+03   -0.9990E+03   -0.9990E+03   -0.9990E+03   -0.9990E+03   -0.9990E+03   -0.9990E+03   -0.9990E+03   -0.9990E+03   -0.9990E+03   -0.9990E+03   -0.9990E+03
   -0.9990E+03   -0.9990E+03   -0.9990E+03   -0.9990E+03   -0.9990E+03   -0.9990E+03   -0.9990E+03   -0.9990E+03   -0.9990E+03   -0.9990E+03   -0.9990E+03   -0.9990E+03   -0.9990E+03   -0.9990E+03   -0.9990E+03   -0.9990E+03   -0.9990E+03   -0.9990E+03   -0.9990E+03   -0.9990E+03   -0.9990E+03   -0.9990E+03   -0.9990E+03   -0.9990E+03   -0.9990E+03   -0.9990E+03   -0.9990E+03   -0.9990E+03   -0.9990E+03   -0.9990E+03   -0.9990E+03   -0.9990E+03   -0.9990E+03   -0.9990E+03   -0.9990E+03    0.4169E+02    0.3564E+02    0.3818E+02    0.5254E+02    0.4404E+02    0.4701E+02    0.4997E+02    0.5289E+02    0.5574E+02    0.5847E+02    0.6111E+02    0.6341E+02    0.6513E+02    0.6614E+02    0.6715E+02    0.6828E+02    0.6945E+02   -0.9990E+03   -0.9990E+03   -0.9990E+03   -0.9990E+03   -0.9990E+03   -0.9990E+03   -0.9990E+03   -0.9990E+03   -0.9990E+03   -0.9990E+03   -0.9990E+03   -0.9990E+03   -0.9990E+03   -0.9990E+03   -0.9990E+03   -0.9990E+03   -0.9990E+03   -0.9990E+03   -0.9990E+03   -0.9990E+03   -0.9990E+03   -0.9990E+03   -0.9990E+03   -0.9990E+03
   -0.9990E+03   -0.9990E+03   -0.9990E+03   -0.9990E+03   -0.9990E+03   -0.9990E+03   -0.9990E+03   -0.9990E+03   -0.9990E+03   -0.9990E+03   -0.9990E+03   -0.9990E+03   -0.9990E+03   -0.9990E+03   -0.9990E+03   -0.9990E+03   -0.9990E+03   -0.9990E+03   -0.9990E+03   -0.9990E+03   -0.9990E+03   -0.9990E+03   -0.9990E+03   -0.9990E+03   -0.9990E+03   -0.9990E+03   -0.9990E+03   -0.9990E+03   -0.9990E+03   -0.9990E+03   -0.9990E+03   -0.9990E+03   -0.9990E+03   -0.9990E+03    0.3207E+02    0.3327E+02    0.3549E+02    0.3851E+02    0.4149E+02    0.4446E+02    0.4737E+02    0.5024E+02    0.5308E+02    0.5588E+02    0.5867E+02    0.6130E+02    0.6335E+02    0.6446E+02    0.6552E+02    0.6662E+02    0.6779E+02   -0.9990E+03   -0.9990E+03   -0.9990E+03   -0.9990E+03   -0.9990E+03   -0.9990E+03   -0.9990E+03   -0.9990E+03   -0.9990E+03   -0.9990E+03   -0.9990E+03   -0.9990E+03   -0.9990E+03   -0.9990E+03   -0.9990E+03   -0.9990E+03   -0.9990E+03   -0.9990E+03   -0.9990E+03   -0.9990E+03   -0.9990E+03   -0.9990E+03   -0.9990E+03   -0.9990E+03   -0.9990E+03
   -0.9990E+03   -0.9990E+03   -0.9990E+03   -0.9990E+03   -0.9990E+03   -0.9990E+03   -0.9990E+03   -0.9990E+03   -0.9990E+03   -0.9990E+03   -0.9990E+03   -0.9990E+03   -0.9990E+03   -0.9990E+03   -0.9990E+03   -0.9990E+03   -0.9990E+03   -0.9990E+03   -0.9990E+03   -0.9990E+03   -0.9990E+03   -0.9990E+03   -0.9990E+03   -0.9990E+03   -0.9990E+03   -0.9990E+03   -0.9990E+03   -0.9990E+03   -0.9990E+03   -0.9990E+03   -0.9990E+03   -0.9990E+03   -0.9990E+03   -0.9990E+03    0.3331E+02    0.3267E+02    0.3610E+02    0.3929E+02    0.4224E+02    0.4509E+02    0.4785E+02    0.5057E+02    0.5327E+02    0.5598E+02    0.5874E+02    0.6168E+02    0.6263E+02    0.6374E+02    0.6488E+02    0.6607E+02    0.6731E+02    0.6866E+02   -0.9990E+03   -0.9990E+03   -0.9990E+03   -0.9990E+03   -0.9990E+03   -0.9990E+03   -0.9990E+03   -0.9990E+03   -0.9990E+03   -0.9990E+03   -0.9990E+03   -0.9990E+03   -0.9990E+03   -0.9990E+03   -0.9990E+03   -0.9990E+03   -0.9990E+03   -0.9990E+03   -0.9990E+03   -0.9990E+03   -0.9990E+03   -0.9990E+03   -0.9990E+03   -0.9990E+03
   -0.9990E+03   -0.9990E+03   -0.9990E+03   -0.9990E+03   -0.9990E+03   -0.9990E+03   -0.9990E+03   -0.9990E+03   -0.9990E+03   -0.9990E+03   -0.9990E+03   -0.9990E+03   -0.9990E+03   -0.9990E+03   -0.9990E+03   -0.9990E+03   -0.9990E+03   -0.9990E+03   -0.9990E+03   -0.9990E+03   -0.9990E+03   -0.9990E+03   -0.9990E+03   -0.9990E+03   -0.9990E+03   -0.9990E+03   -0.9990E+03   -0.9990E+03   -0.9990E+03   -0.9990E+03   -0.9990E+03   -0.9990E+03   -0.9990E+03    0.3597E+02    0.3576E+02    0.3618E+02    0.3821E+02    0.4082E+02    0.4345E+02    0.4600E+02    0.4847E+02    0.5091E+02    0.5331E+02    0.5571E+02    0.5816E+02    0.6040E+02    0.6197E+02    0.6306E+02    0.6425E+02    0.6551E+02    0.6682E+02   -0.9990E+03   -0.9990E+03   -0.9990E+03   -0.9990E+03   -0.9990E+03   -0.9990E+03   -0.9990E+03   -0.9990E+03   -0.9990E+03   -0.9990E+03   -0.9990E+03   -0.9990E+03   -0.9990E+03   -0.9990E+03   -0.9990E+03   -0.9990E+03   -0.9990E+03   -0.9990E+03   -0.9990E+03   -0.9990E+03   -0.9990E+03   -0.9990E+03   -0.9990E+03   -0.9990E+03   -0.9990E+03
   -0.9990E+03   -0.9990E+03   -0.9990E+03   -0.9990E+03   -0.9990E+03   -0.9990E+03   -0.9990E+03   -0.9990E+03   -0.9990E+03   -0.9990E+03   -0.9990E+03   -0.9990E+03   -0.9990E+03   -0.9990E+03   -0.9990E+03   -0.9990E+03   -0.9990E+03   -0.9990E+03   -0.9990E+03   -0.9990E+03   -0.9990E+03   -0.9990E+03   -0.9990E+03   -0.9990E+03   -0.9990E+03   -0.9990E+03   -0.9990E+03   -0.9990E+03   -0.9990E+03   -0.9990E+03   -0.9990E+03    0.3892E+02    0.4683E+02    0.3881E+02    0.3895E+02    0.3950E+02    0.4081E+02    0.4294E+02    0.4505E+02    0.5925E+02    0.6179E+02    0.5127E+02    0.5324E+02    0.5533E+02    0.5750E+02    0.5924E+02    0.6095E+02    0.6240E+02    0.6360E+02    0.6492E+02   -0.9990E+03   -0.9990E+03   -0.9990E+03   -0.9990E+03   -0.9990E+03   -0.9990E+03   -0.9990E+03   -0.9990E+03   -0.9990E+03   -0.9990E+03   -0.9990E+03   -0.9990E+03   -0.9990E+03   -0.9990E+03   -0.9990E+03   -0.9990E+03   -0.9990E+03   -0.9990E+03   -0.9990E+03   -0.9990E+03   -0.9990E+03   -0.9990E+03   -0.9990E+03   -0.9990E+03   -0.9990E+03   -0.9990E+03
   -0.9990E+03   -0.9990E+03   -0.9990E+03   -0.9990E+03   -0.9990E+03   -0.9990E+03   -0.9990E+03   -0.9990E+03   -0.9990E+03   -0.9990E+03   -0.9990E+03   -0.9990E+03   -0.9990E+03   -0.9990E+03   -0.9990E+03   -0.9990E+03   -0.9990E+03   -0.9990E+03   -0.9990E+03   -0.9990E+03   -0.9990E+03   -0.9990E+03   -0.9990E+03   -0.9990E+03   -0.9990E+03   -0.9990E+03   -0.9990E+03   -0.9990E+03   -0.9990E+03   -0.9990E+03   -0.9990E+03    0.4218E+02    0.4206E+02    0.4202E+02    0.4218E+02    0.4266E+02    0.4360E+02    0.4511E+02    0.4694E+02    0.5505E+02   -0.9990E+03    0.5167E+02    0.5328E+02    0.5502E+02    0.5664E+02    0.5821E+02    0.5990E+02    0.6155E+02    0.6289E+02   -0.9990E+03   -0.9990E+03   -0.9990E+03   -0.9990E+03   -0.9990E+03   -0.9990E+03   -0.9990E+03   -0.9990E+03   -0.9990E+03   -0.9990E+03   -0.9990E+03   -0.9990E+03   -0.9990E+03   -0.9990E+03   -0.9990E+03   -0.9990E+03   -0.9990E+03   -0.9990E+03   -0.9990E+03   -0.9990E+03   -0.9990E+03   -0.9990E+03   -0.9990E+03   -0.9990E+03   -0.9990E+03   -0.9990E+03   -0.9990E+03
   -0.9990E+03   -0.9990E+03   -0.9990E+03   -0.9990E+03   -0.9990E+03   -0.9990E+03   -0.9990E+03   -0.9990E+03   -0.9990E+03   -0.9990E+03   -0.9990E+03   -0.9990E+03   -0.9990E+03   -0.9990E+03   -0.9990E+03   -0.9990E+03   -0.9990E+03   -0.9990E+03   -0.9990E+03   -0.9990E+03   -0.9990E+03   -0.9990E+03   -0.9990E+03   -0.9990E+03   -0.9990E+03   -0.9990E+03   -0.9990E+03   -0.9990E+03   -0.9990E+03   -0.9990E+03   -0.9990E+03    0.4548E+02    0.4529E+02    0.4529E+02    0.4541E+02    0.4574E+02    0.4634E+02    0.4742E+02    0.4869E+02    0.4989E+02    0.5099E+02    0.5210E+02    0.5331E+02    0.5454E+02    0.5584E+02    0.5722E+02    0.5881E+02    0.6053E+02   -0.9990E+03   -0.9990E+03   -0.9990E+03   -0.9990E+03   -0.9990E+03   -0.9990E+03   -0.9990E+03   -0.9990E+03   -0.9990E+03   -0.9990E+03   -0.9990E+03   -0.9990E+03   -0.9990E+03   -0.9990E+03   -0.9990E+03   -0.9990E+03   -0.9990E+03   -0.9990E+03   -0.9990E+03   -0.9990E+03   -0.9990E+03   -0.9990E+03   -0.9990E+03   -0.9990E+03   -0.9990E+03   -0.9990E+03   -0.9990E+03   -0.9990E+03
   -0.9990E+03   -0.9990E+03   -0.9990E+03   -0.9990E+03   -0.9990E+03   -0.9990E+03   -0.9990E+03   -0.9990E+03   -0.9990E+03   -0.9990E+03   -0.9990E+03   -0.9990E+03   -0.9990E+03   -0.9990E+03   -0.9990E+03   -0.9990E+03   -0.9990E+03   -0.9990E+03   -0.9990E+03   -0.9990E+03   -0.9990E+03   -0.9990E+03   -0.9990E+03   -0.9990E+03   -0.9990E+03   -0.9990E+03   -0.9990E+03   -0.9990E+03   -0.9990E+03   -0.9990E+03   -0.9990E+03    0.4891E+02    0.4871E+02    0.4863E+02    0.4863E+02    0.4875E+02    0.4904E+02    0.4976E+02    0.5048E+02    0.5119E+02    0.5181E+02    0.5247E+02    0.5317E+02    0.5406E+02    0.5502E+02    0.5619E+02    0.5771E+02    0.5950E+02   -0.9990E+03   -0.9990E+03   -0.9990E+03   -0.9990E+03   -0.9990E+03   -0.9990E+03   -0.9990E+03   -0.9990E+03   -0.9990E+03   -0.9990E+03   -0.9990E+03   -0.9990E+03   -0.9990E+03   -0.9990E+03   -0.9990E+03   -0.9990E+03   -0.9990E+03   -0.9990E+03   -0.9990E+03   -0.9990E+03   -0.9990E+03   -0.9990E+03   -0.9990E+03   -0.9990E+03   -0.9990E+03   -0.9990E+03   -0.9990E+03   -0.9990E+03
   -0.9990E+03   -0.9990E+03   -0.9990E+03   -0.9990E+03   -0.9990E+03   -0.9990E+03   -0.9990E+03   -0.9990E+03   -0.9990E+03   -0.9990E+03   -0.9990E+03   -0.9990E+03   -0.9990E+03   -0.9990E+03   -0.9990E+03   -0.9990E+03   -0.9990E+03   -0.9990E+03   -0.9990E+03   -0.9990E+03   -0.9990E+03   -0.9990E+03   -0.9990E+03   -0.9990E+03   -0.9990E+03   -0.9990E+03   -0.9990E+03   -0.9990E+03   -0.9990E+03   -0.9990E+03    0.5620E+02    0.5294E+02    0.5219E+02    0.5200E+02    0.5184E+02    0.5175E+02    0.5173E+02    0.5201E+02    0.5234E+02    0.5252E+02    0.5263E+02    0.5282E+02    0.5304E+02    0.5347E+02    0.5414E+02    0.5511E+02    0.5657E+02   -0.9990E+03   -0.9990E+03   -0.9990E+03   -0.9990E+03   -0.9990E+03   -0.9990E+03   -0.9990E+03   -0.9990E+03   -0.9990E+03   -0.9990E+03   -0.9990E+03   -0.9990E+03   -0.9990E+03   -0.9990E+03   -0.9990E+03   -0.9990E+03   -0.9990E+03   -0.9990E+03   -0.9990E+03   -0.9990E+03   -0.9990E+03   -0.9990E+03   -0.9990E+03   -0.9990E+03   -0.9990E+03   -0.9990E+03   -0.9990E+03   -0.9990E+03   -0.9990E+03
   -0.9990E+03   -0.9990E+03   -0.9990E+03   -0.9990E+03   -0.9990E+03   -0.9990E+03   -0.9990E+03   -0.9990E+03   -0.9990E+03   -0.9990E+03   -0.9990E+03   -0.9990E+03   -0.9990E+03   -0.9990E+03   -0.9990E+03   -0.9990E+03   -0.9990E+03   -0.9990E+03   -0.9990E+03   -0.9990E+03   -0.9990E+03   -0.9990E+03   -0.9990E+03   -0.9990E+03   -0.9990E+03   -0.9990E+03   -0.9990E+03   -0.9990E+03   -0.9990E+03   -0.9990E+03    0.5835E+02    0.5730E+02    0.5617E+02    0.5538E+02    0.5508E+02    0.5478E+02    0.5439E+02    0.5432E+02    0.5415E+02    0.5416E+02    0.5402E+02    0.5367E+02    0.5315E+02    0.5288E+02    0.5316E+02    0.5391E+02    0.5538E+02   -0.9990E+03   -0.9990E+03   -0.9990E+03   -0.9990E+03   -0.9990E+03   -0.9990E+03   -0.9990E+03   -0.9990E+03   -0.9990E+03   -0.9990E+03   -0.9990E+03   -0.9990E+03   -0.9990E+03   -0.9990E+03   -0.9990E+03   -0.9990E+03   -0.9990E+03   -0.9990E+03   -0.9990E+03   -0.9990E+03   -0.9990E+03   -0.9990E+03   -0.9990E+03   -0.9990E+03   -0.9990E+03   -0.9990E+03   -0.9990E+03   -0.9990E+03   -0.9990E+03
   -0.9990E+03   -0.9990E+03   -0.9990E+03   -0.9990E+03   -0.9990E+03   -0.9990E+03   -0.9990E+03   -0.9990E+03   -0.9990E+03   -0.9990E+03   -0.9990E+03   -0.9990E+03   -0.9990E+03   -0.9990E+03   -0.9990E+03   -0.9990E+03   -0.9990E+03   -0.9990E+03   -0.9990E+03   -0.9990E+03   -0.9990E+03   -0.9990E+03   -0.9990E+03   -0.9990E+03   -0.9990E+03   -0.9990E+03   -0.9990E+03   -0.9990E+03   -0.9990E+03   -0.9990E+03    0.6316E+02    0.6197E+02    0.6063E+02    0.5922E+02    0.5832E+02    0.5782E+02    0.5724E+02    0.5698E+02    0.5712E+02    0.5685E+02    0.5627E+02    0.5538E+02    0.5422E+02    0.5292E+02    0.5205E+02    0.5253E+02    0.5412E+02    0.5651E+02   -0.9990E+03   -0.9990E+03   -0.9990E+03   -0.9990E+03   -0.9990E+03   -0.9990E+03   -0.9990E+03   -0.9990E+03   -0.9990E+03   -0.9990E+03   -0.9990E+03   -0.9990E+03   -0.9990E+03   -0.9990E+03   -0.9990E+03   -0.9990E+03   -0.9990E+03   -0.9990E+03   -0.9990E+03   -0.9990E+03   -0.9990E+03   -0.9990E+03   -0.9990E+03   -0.9990E+03   -0.9990E+03   -0.9990E+03   -0.9990E+03   -0.9990E+03
   -0.9990E+03   -0.9990E+03   -0.9990E+03   -0.9990E+03   -0.9990E+03   -0.9990E+03   -0.9990E+03   -0.9990E+03   -0.9990E+03   -0.9990E+03   -0.9990E+03   -0.9990E+03   -0.9990E+03   -0.9990E+03   -0.9990E+03   -0.9990E+03   -0.9990E+03   -0.9990E+03   -0.9990E+03   -0.9990E+03   -0.9990E+03   -0.9990E+03   -0.9990E+03   -0.9990E+03   -0.9990E+03   -0.9990E+03   -0.9990E+03   -0.9990E+03   -0.9990E+03   -0.9990E+03   -0.9990E+03    0.6708E+02    0.6560E+02    0.6385E+02    0.6189E+02    0.6095E+02    0.6042E+02    0.6082E+02    0.6073E+02    0.6022E+02    0.5928E+02    0.5789E+02    0.5607E+02    0.5395E+02    0.5166E+02    0.5095E+02    0.5295E+02    0.5623E+02   -0.9990E+03   -0.9990E+03   -0.9990E+03   -0.9990E+03   -0.9990E+03   -0.9990E+03   -0.9990E+03   -0.9990E+03   -0.9990E+03   -0.9990E+03   -0.9990E+03   -0.9990E+03   -0.9990E+03   -0.9990E+03   -0.9990E+03   -0.9990E+03   -0.9990E+03   -0.9990E+03   -0.9990E+03   -0.9990E+03   -0.9990E+03   -0.9990E+03   -0.9990E+03   -0.9990E+03   -0.9990E+03   -0.9990E+03   -0.9990E+03   -0.9990E+03
   -0.9990E+03   -0.9990E+03   -0.9990E+03   -0.9990E+03   -0.9990E+03   -0.9990E+03   -0.9990E+03   -0.9990E+03   -0.9990E+03   -0.9990E+03   -0.9990E+03   -0.9990E+03   -0.9990E+03   -0.9990E+03   -0.9990E+03   -0.9990E+03   -0.9990E+03   -0.9990E+03   -0.9990E+03   -0.9990E+03   -0.9990E+03   -0.9990E+03   -0.9990E+03   -0.9990E+03   -0.9990E+03   -0.9990E+03   -0.9990E+03   -0.9990E+03   -0.9990E+03   -0.9990E+03   -0.9990E+03   -0.9990E+03    0.7124E+02    0.6940E+02    0.6708E+02    0.6411E+02    0.6510E+02    0.6545E+02    0.6525E+02    0.6451E+02    0.6326E+02    0.6151E+02    0.5916E+02    0.5636E+02    0.5297E+02    0.4904E+02    0.5360E+02   -0.9990E+03   -0.9990E+03   -0.9990E+03   -0.9990E+03   -0.9990E+03   -0.9990E+03   -0.9990E+03   -0.9990E+03   -0.9990E+03   -0.9990E+03   -0.9990E+03   -0.9990E+03   -0.9990E+03   -0.9990E+03   -0.9990E+03   -0.9990E+03   -0.9990E+03   -0.9990E+03   -0.9990E+03   -0.9990E+03   -0.9990E+03   -0.9990E+03   -0.9990E+03   -0.9990E+03   -0.9990E+03   -0.9990E+03   -0.9990E+03   -0.9990E+03   -0.9990E+03
   -0.9990E+03   -0.9990E+03   -0.9990E+03   -0.9990E+03   -0.9990E+03   -0.9990E+03   -0.9990E+03   -0.9990E+03   -0.9990E+03   -0.9990E+03   -0.9990E+03   -0.9990E+03   -0.9990E+03   -0.9990E+03   -0.9990E+03   -0.9990E+03   -0.9990E+03   -0.9990E+03   -0.9990E+03   -0.9990E+03   -0.9990E+03   -0.9990E+03   -0.9990E+03   -0.9990E+03   -0.9990E+03   -0.9990E+03   -0.9990E+03   -0.9990E+03   -0.9990E+03   -0.9990E+03   -0.9990E+03   -0.9990E+03    0.7771E+02    0.7624E+02    0.7453E+02    0.7248E+02    0.7182E+02    0.7136E+02    0.7086E+02    0.6982E+02    0.6823E+02    0.6619E+02   -0.9990E+03   -0.9990E+03   -0.9990E+03   -0.9990E+03   -0.9990E+03   -0.9990E+03   -0.9990E+03   -0.9990E+03   -0.9990E+03   -0.9990E+03   -0.9990E+03   -0.9990E+03   -0.9990E+03   -0.9990E+03   -0.9990E+03   -0.9990E+03   -0.9990E+03   -0.9990E+03   -0.9990E+03   -0.9990E+03   -0.9990E+03   -0.9990E+03   -0.9990E+03   -0.9990E+03   -0.9990E+03   -0.9990E+03   -0.9990E+03   -0.9990E+03   -0.9990E+03   -0.9990E+03   -0.9990E+03   -0.9990E+03   -0.9990E+03   -0.9990E+03
   -0.9990E+03   -0.9990E+03   -0.9990E+03   -0.9990E+03   -0.9990E+03   -0.9990E+03   -0.9990E+03   -0.9990E+03   -0.9990E+03   -0.9990E+03   -0.9990E+03   -0.9990E+03   -0.9990E+03   -0.9990E+03   -0.9990E+03   -0.9990E+03   -0.9990E+03   -0.9990E+03   -0.9990E+03   -0.9990E+03   -0.9990E+03   -0.9990E+03   -0.9990E+03   -0.9990E+03   -0.9990E+03   -0.9990E+03   -0.9990E+03   -0.9990E+03   -0.9990E+03   -0.9990E+03   -0.9990E+03    0.1050E+03    0.8492E+02    0.8414E+02    0.8256E+02    0.8090E+02    0.7976E+02    0.7866E+02    0.7746E+02    0.7598E+02    0.7413E+02   -0.9990E+03   -0.9990E+03   -0.9990E+03   -0.9990E+03   -0.9990E+03   -0.9990E+03   -0.9990E+03   -0.9990E+03   -0.9990E+03   -0.9990E+03   -0.9990E+03   -0.9990E+03   -0.9990E+03   -0.9990E+03   -0.9990E+03   -0.9990E+03   -0.9990E+03   -0.9990E+03   -0.9990E+03   -0.9990E+03   -0.9990E+03   -0.9990E+03   -0.9990E+03   -0.9990E+03   -0.9990E+03   -0.9990E+03   -0.9990E+03   -0.9990E+03   -0.9990E+03   -0.9990E+03   -0.9990E+03   -0.9990E+03   -0.9990E+03   -0.9990E+03   -0.9990E+03
   -0.9990E+03   -0.9990E+03   -0.9990E+03   -0.9990E+03   -0.9990E+03   -0.9990E+03   -0.9990E+03   -0.9990E+03   -0.9990E+03   -0.9990E+03   -0.9990E+03   -0.9990E+03   -0.9990E+03   -0.9990E+03   -0.9990E+03   -0.9990E+03   -0.9990E+03   -0.9990E+03   -0.9990E+03   -0.9990E+03   -0.9990E+03   -0.9990E+03   -0.9990E+03   -0.9990E+03   -0.9990E+03   -0.9990E+03   -0.9990E+03   -0.9990E+03   -0.9990E+03   -0.9990E+03    0.9293E+02    0.9269E+02    0.9267E+02    0.9222E+02    0.9081E+02    0.8940E+02    0.8808E+02    0.8639E+02    0.8469E+02    0.8297E+02    0.8077E+02   -0.9990E+03   -0.9990E+03   -0.9990E+03   -0.9990E+03   -0.9990E+03   -0.9990E+03   -0.9990E+03   -0.9990E+03   -0.9990E+03   -0.9990E+03   -0.9990E+03   -0.9990E+03   -0.9990E+03   -0.9990E+03   -0.9990E+03   -0.9990E+03   -0.9990E+03   -0.9990E+03   -0.9990E+03   -0.9990E+03   -0.9990E+03   -0.9990E+03   -0.9990E+03   -0.9990E+03   -0.9990E+03   -0.9990E+03   -0.9990E+03   -0.9990E+03   -0.9990E+03   -0.9990E+03   -0.9990E+03   -0.9990E+03   -0.9990E+03   -0.9990E+03   -0.9990E+03
   -0.9990E+03   -0.9990E+03   -0.9990E+03   -0.9990E+03   -0.9990E+03   -0.9990E+03   -0.9990E+03   -0.9990E+03   -0.9990E+03   -0.9990E+03   -0.9990E+03   -0.9990E+03   -0.9990E+03   -0.9990E+03   -0.9990E+03   -0.9990E+03   -0.9990E+03   -0.9990E+03   -0.9990E+03   -0.9990E+03   -0.9990E+03   -0.9990E+03   -0.9990E+03   -0.9990E+03   -0.9990E+03   -0.9990E+03   -0.9990E+03   -0.9990E+03   -0.9990E+03   -0.9990E+03    0.9937E+02   -0.9990E+03    0.1006E+03    0.1002E+03    0.9928E+02    0.9810E+02    0.9660E+02    0.9443E+02    0.9222E+02    0.8996E+02    0.8738E+02   -0.9990E+03   -0.9990E+03   -0.9990E+03   -0.9990E+03   -0.9990E+03   -0.9990E+03   -0.9990E+03   -0.9990E+03   -0.9990E+03   -0.9990E+03   -0.9990E+03   -0.9990E+03   -0.9990E+03   -0.9990E+03   -0.9990E+03   -0.9990E+03   -0.9990E+03   -0.9990E+03   -0.9990E+03   -0.9990E+03   -0.9990E+03   -0.9990E+03   -0.9990E+03   -0.9990E+03   -0.9990E+03   -0.9990E+03   -0.9990E+03   -0.9990E+03   -0.9990E+03   -0.9990E+03   -0.9990E+03   -0.9990E+03   -0.9990E+03   -0.9990E+03   -0.9990E+03
   -0.9990E+03   -0.9990E+03   -0.9990E+03   -0.9990E+03   -0.9990E+03   -0.9990E+03   -0.9990E+03   -0.9990E+03   -0.9990E+03   -0.9990E+03   -0.9990E+03   -0.9990E+03   -0.9990E+03   -0.9990E+03   -0.9990E+03   -0.9990E+03   -0.9990E+03   -0.9990E+03   -0.9990E+03   -0.9990E+03   -0.9990E+03   -0.9990E+03   -0.9990E+03   -0.9990E+03   -0.9990E+03   -0.9990E+03   -0.9990E+03   -0.9990E+03   -0.9990E+03   -0.9990E+03   -0.9990E+03   -0.9990E+03    0.1314E+03    0.1085E+03    0.1080E+03    0.1071E+03    0.1054E+03    0.1029E+03    0.1001E+03    0.9711E+02    0.9410E+02   -0.9990E+03   -0.9990E+03   -0.9990E+03   -0.9990E+03   -0.9990E+03   -0.9990E+03   -0.9990E+03   -0.9990E+03   -0.9990E+03   -0.9990E+03   -0.9990E+03   -0.9990E+03   -0.9990E+03   -0.9990E+03   -0.9990E+03   -0.9990E+03   -0.9990E+03   -0.9990E+03   -0.9990E+03   -0.9990E+03   -0.9990E+03   -0.9990E+03   -0.9990E+03   -0.9990E+03   -0.9990E+03   -0.9990E+03   -0.9990E+03   -0.9990E+03   -0.9990E+03   -0.9990E+03   -0.9990E+03   -0.9990E+03   -0.9990E+03   -0.9990E+03   -0.9990E+03
   -0.9990E+03   -0.9990E+03   -0.9990E+03   -0.9990E+03   -0.9990E+03   -0.9990E+03   -0.9990E+03   -0.9990E+03   -0.9990E+03   -0.9990E+03   -0.9990E+03   -0.9990E+03   -0.9990E+03   -0.9990E+03   -0.9990E+03   -0.9990E+03   -0.9990E+03   -0.9990E+03   -0.9990E+03   -0.9990E+03   -0.9990E+03   -0.9990E+03   -0.9990E+03   -0.9990E+03   -0.9990E+03   -0.9990E+03   -0.9990E+03   -0.9990E+03   -0.9990E+03    0.1108E+03   -0.9990E+03   -0.9990E+03    0.1398E+03    0.1169E+03    0.1171E+03    0.1163E+03    0.1145E+03    0.1116E+03    0.1080E+03    0.1044E+03   -0.9990E+03   -0.9990E+03   -0.9990E+03   -0.9990E+03   -0.9990E+03   -0.9990E+03   -0.9990E+03   -0.9990E+03   -0.9990E+03   -0.9990E+03   -0.9990E+03   -0.9990E+03   -0.9990E+03   -0.9990E+03   -0.9990E+03   -0.9990E+03   -0.9990E+03   -0.9990E+03   -0.9990E+03   -0.9990E+03   -0.9990E+03   -0.9990E+03   -0.9990E+03   -0.9990E+03   -0.9990E+03   -0.9990E+03   -0.9990E+03   -0.9990E+03   -0.9990E+03   -0.9990E+03   -0.9990E+03   -0.9990E+03   -0.9990E+03   -0.9990E+03   -0.9990E+03   -0.9990E+03
   -0.9990E+03   -0.9990E+03   -0.9990E+03   -0.9990E+03   -0.9990E+03   -0.9990E+03   -0.9990E+03   -0.9990E+03   -0.9990E+03   -0.9990E+03   -0.9990E+03   -0.9990E+03   -0.9990E+03   -0.9990E+03   -0.9990E+03   -0.9990E+03   -0.9990E+03   -0.9990E+03   -0.9990E+03   -0.9990E+03   -0.9990E+03   -0.9990E+03   -0.9990E+03   -0.9990E+03   -0.9990E+03   -0.9990E+03   -0.9990E+03   -0.9990E+03   -0.9990E+03    0.1163E+03   -0.9990E+03   -0.9990E+03   -0.9990E+03    0.1255E+03    0.1264E+03    0.1261E+03    0.1240E+03    0.1203E+03    0.1159E+03    0.1115E+03   -0.9990E+03   -0.9990E+03   -0.9990E+03   -0.9990E+03   -0.9990E+03   -0.9990E+03   -0.9990E+03   -0.9990E+03   -0.9990E+03   -0.9990E+03   -0.9990E+03   -0.9990E+03   -0.9990E+03   -0.9990E+03   -0.9990E+03   -0.9990E+03   -0.9990E+03   -0.9990E+03   -0.9990E+03   -0.9990E+03   -0.9990E+03   -0.9990E+03   -0.9990E+03   -0.9990E+03   -0.9990E+03   -0.9990E+03   -0.9990E+03   -0.9990E+03   -0.9990E+03   -0.9990E+03   -0.9990E+03   -0.9990E+03   -0.9990E+03   -0.9990E+03   -0.9990E+03   -0.9990E+03
   -0.9990E+03   -0.9990E+03   -0.9990E+03   -0.9990E+03   -0.9990E+03   -0.9990E+03   -0.9990E+03   -0.9990E+03   -0.9990E+03   -0.9990E+03   -0.9990E+03   -0.9990E+03   -0.9990E+03   -0.9990E+03   -0.9990E+03   -0.9990E+03   -0.9990E+03   -0.9990E+03   -0.9990E+03   -0.9990E+03   -0.9990E+03   -0.9990E+03   -0.9990E+03   -0.9990E+03   -0.9990E+03   -0.9990E+03   -0.9990E+03   -0.9990E+03   -0.9990E+03    0.1212E+03   -0.9990E+03   -0.9990E+03   -0.9990E+03    0.1337E+03    0.1360E+03    0.1363E+03    0.1336E+03    0.1287E+03    0.1232E+03    0.1180E+03   -0.9990E+03   -0.9990E+03   -0.9990E+03   -0.9990E+03   -0.9990E+03   -0.9990E+03   -0.9990E+03   -0.9990E+03   -0.9990E+03   -0.9990E+03   -0.9990E+03   -0.9990E+03   -0.9990E+03   -0.9990E+03   -0.9990E+03   -0.9990E+03   -0.9990E+03   -0.9990E+03   -0.9990E+03   -0.9990E+03   -0.9990E+03   -0.9990E+03   -0.9990E+03   -0.9990E+03   -0.9990E+03   -0.9990E+03   -0.9990E+03   -0.9990E+03   -0.9990E+03   -0.9990E+03   -0.9990E+03   -0.9990E+03   -0.9990E+03   -0.9990E+03   -0.9990E+03   -0.9990E+03
   -0.9990E+03   -0.9990E+03   -0.9990E+03   -0.9990E+03   -0.9990E+03   -0.9990E+03   -0.9990E+03   -0.9990E+03   -0.9990E+03   -0.9990E+03   -0.9990E+03   -0.9990E+03   -0.9990E+03   -0.9990E+03   -0.9990E+03   -0.9990E+03   -0.9990E+03   -0.9990E+03   -0.9990E+03   -0.9990E+03   -0.9990E+03   -0.9990E+03   -0.9990E+03   -0.9990E+03   -0.9990E+03   -0.9990E+03   -0.9990E+03   -0.9990E+03   -0.9990E+03   -0.9990E+03   -0.9990E+03   -0.9990E+03    0.1528E+03    0.1405E+03    0.1453E+03    0.1471E+03    0.1429E+03    0.1360E+03    0.1294E+03    0.1235E+03   -0.9990E+03   -0.9990E+03   -0.9990E+03   -0.9990E+03   -0.9990E+03   -0.9990E+03   -0.9990E+03   -0.9990E+03   -0.9990E+03   -0.9990E+03   -0.9990E+03   -0.9990E+03   -0.9990E+03   -0.9990E+03   -0.9990E+03   -0.9990E+03   -0.9990E+03   -0.9990E+03   -0.9990E+03   -0.9990E+03   -0.9990E+03   -0.9990E+03   -0.9990E+03   -0.9990E+03   -0.9990E+03   -0.9990E+03   -0.9990E+03   -0.9990E+03   -0.9990E+03   -0.9990E+03   -0.9990E+03   -0.9990E+03   -0.9990E+03   -0.9990E+03   -0.9990E+03   -0.9990E+03
   -0.9990E+03   -0.9990E+03   -0.9990E+03   -0.9990E+03   -0.9990E+03   -0.9990E+03   -0.9990E+03   -0.9990E+03   -0.9990E+03   -0.9990E+03   -0.9990E+03   -0.9990E+03   -0.9990E+03   -0.9990E+03   -0.9990E+03   -0.9990E+03   -0.9990E+03   -0.9990E+03   -0.9990E+03   -0.9990E+03   -0.9990E+03   -0.9990E+03   -0.9990E+03   -0.9990E+03   -0.9990E+03   -0.9990E+03   -0.9990E+03   -0.9990E+03   -0.9990E+03   -0.9990E+03   -0.9990E+03   -0.9990E+03    0.1634E+03    0.1446E+03    0.1510E+03    0.1587E+03    0.1491E+03    0.1409E+03    0.1338E+03    0.1276E+03   -0.9990E+03   -0.9990E+03   -0.9990E+03   -0.9990E+03   -0.9990E+03   -0.9990E+03   -0.9990E+03   -0.9990E+03   -0.9990E+03   -0.9990E+03   -0.9990E+03   -0.9990E+03   -0.9990E+03   -0.9990E+03   -0.9990E+03   -0.9990E+03   -0.9990E+03   -0.9990E+03   -0.9990E+03   -0.9990E+03   -0.9990E+03   -0.9990E+03   -0.9990E+03   -0.9990E+03   -0.9990E+03   -0.9990E+03   -0.9990E+03   -0.9990E+03   -0.9990E+03   -0.9990E+03   -0.9990E+03   -0.9990E+03   -0.9990E+03   -0.9990E+03   -0.9990E+03   -0.9990E+03
   -0.9990E+03   -0.9990E+03   -0.9990E+03   -0.9990E+03   -0.9990E+03   -0.9990E+03   -0.9990E+03   -0.9990E+03   -0.9990E+03   -0.9990E+03   -0.9990E+03   -0.9990E+03   -0.9990E+03   -0.9990E+03   -0.9990E+03   -0.9990E+03   -0.9990E+03   -0.9990E+03   -0.9990E+03   -0.9990E+03   -0.9990E+03   -0.9990E+03   -0.9990E+03   -0.9990E+03   -0.9990E+03   -0.9990E+03   -0.9990E+03   -0.9990E+03   -0.9990E+03   -0.9990E+03   -0.9990E+03   -0.9990E+03    0.1408E+03    0.1457E+03    0.1510E+03    0.1530E+03    0.1495E+03    0.1427E+03    0.1361E+03    0.1302E+03   -0.9990E+03   -0.9990E+03   -0.9990E+03   -0.9990E+03   -0.9990E+03   -0.9990E+03   -0.9990E+03   -0.9990E+03   -0.9990E+03   -0.9990E+03   -0.9990E+03   -0.9990E+03   -0.9990E+03   -0.9990E+03   -0.9990E+03   -0.9990E+03   -0.9990E+03   -0.9990E+03   -0.9990E+03   -0.9990E+03   -0.9990E+03   -0.9990E+03   -0.9990E+03   -0.9990E+03   -0.9990E+03   -0.9990E+03   -0.9990E+03   -0.9990E+03   -0.9990E+03   -0.9990E+03   -0.9990E+03   -0.9990E+03   -0.9990E+03   -0.9990E+03   -0.9990E+03   -0.9990E+03
   -0.9990E+03   -0.9990E+03   -0.9990E+03   -0.9990E+03   -0.9990E+03   -0.9990E+03   -0.9990E+03   -0.9990E+03   -0.9990E+03   -0.9990E+03   -0.9990E+03   -0.9990E+03   -0.9990E+03   -0.9990E+03   -0.9990E+03   -0.9990E+03   -0.9990E+03   -0.9990E+03   -0.9990E+03   -0.9990E+03   -0.9990E+03   -0.9990E+03   -0.9990E+03   -0.9990E+03   -0.9990E+03   -0.9990E+03   -0.9990E+03   -0.9990E+03   -0.9990E+03   -0.9990E+03   -0.9990E+03    0.1367E+03    0.1404E+03    0.1444E+03    0.1476E+03    0.1481E+03    0.1462E+03    0.1421E+03    0.1366E+03    0.1314E+03   -0.9990E+03   -0.9990E+03   -0.9990E+03   -0.9990E+03   -0.9990E+03   -0.9990E+03   -0.9990E+03   -0.9990E+03   -0.9990E+03   -0.9990E+03   -0.9990E+03   -0.9990E+03   -0.9990E+03   -0.9990E+03   -0.9990E+03   -0.9990E+03   -0.9990E+03   -0.9990E+03   -0.9990E+03   -0.9990E+03   -0.9990E+03   -0.9990E+03   -0.9990E+03   -0.9990E+03   -0.9990E+03   -0.9990E+03   -0.9990E+03   -0.9990E+03   -0.9990E+03   -0.9990E+03   -0.9990E+03   -0.9990E+03   -0.9990E+03   -0.9990E+03   -0.9990E+03   -0.9990E+03
   -0.9990E+03   -0.9990E+03   -0.9990E+03   -0.9990E+03   -0.9990E+03   -0.9990E+03   -0.9990E+03   -0.9990E+03   -0.9990E+03   -0.9990E+03   -0.9990E+03   -0.9990E+03   -0.9990E+03   -0.9990E+03   -0.9990E+03   -0.9990E+03   -0.9990E+03   -0.9990E+03   -0.9990E+03   -0.9990E+03   -0.9990E+03   -0.9990E+03   -0.9990E+03   -0.9990E+03   -0.9990E+03    0.1213E+03    0.1311E+03   -0.9990E+03    0.1335E+03    0.1299E+03    0.1326E+03    0.1356E+03    0.1388E+03    0.1415E+03    0.1435E+03    0.1437E+03    0.1425E+03    0.1400E+03    0.1360E+03    0.1316E+03   -0.9990E+03   -0.9990E+03   -0.9990E+03   -0.9990E+03   -0.9990E+03   -0.9990E+03   -0.9990E+03   -0.9990E+03   -0.9990E+03   -0.9990E+03   -0.9990E+03   -0.9990E+03   -0.9990E+03   -0.9990E+03   -0.9990E+03   -0.9990E+03   -0.9990E+03   -0.9990E+03   -0.9990E+03   -0.9990E+03   -0.9990E+03   -0.9990E+03   -0.9990E+03   -0.9990E+03   -0.9990E+03   -0.9990E+03   -0.9990E+03   -0.9990E+03   -0.9990E+03   -0.9990E+03   -0.9990E+03   -0.9990E+03   -0.9990E+03   -0.9990E+03   -0.9990E+03   -0.9990E+03
   -0.9990E+03   -0.9990E+03   -0.9990E+03   -0.9990E+03   -0.9990E+03   -0.9990E+03   -0.9990E+03   -0.9990E+03   -0.9990E+03   -0.9990E+03   -0.9990E+03   -0.9990E+03   -0.9990E+03   -0.9990E+03   -0.9990E+03   -0.9990E+03   -0.9990E+03   -0.9990E+03   -0.9990E+03   -0.9990E+03   -0.9990E+03   -0.9990E+03   -0.9990E+03    0.1322E+03    0.1185E+03    0.1202E+03    0.1220E+03    0.1353E+03    0.1264E+03    0.1287E+03    0.1311E+03    0.1336E+03    0.1360E+03    0.1384E+03    0.1397E+03    0.1399E+03    0.1390E+03    0.1371E+03    0.1344E+03   -0.9990E+03   -0.9990E+03   -0.9990E+03   -0.9990E+03   -0.9990E+03   -0.9990E+03   -0.9990E+03   -0.9990E+03   -0.9990E+03   -0.9990E+03   -0.9990E+03   -0.9990E+03   -0.9990E+03   -0.9990E+03   -0.9990E+03   -0.9990E+03   -0.9990E+03   -0.9990E+03   -0.9990E+03   -0.9990E+03   -0.9990E+03   -0.9990E+03   -0.9990E+03   -0.9990E+03   -0.9990E+03   -0.9990E+03   -0.9990E+03   -0.9990E+03   -0.9990E+03   -0.9990E+03   -0.9990E+03   -0.9990E+03   -0.9990E+03   -0.9990E+03   -0.9990E+03   -0.9990E+03   -0.9990E+03
   -0.9990E+03   -0.9990E+03   -0.9990E+03   -0.9990E+03   -0.9990E+03   -0.9990E+03   -0.9990E+03   -0.9990E+03   -0.9990E+03   -0.9990E+03   -0.9990E+03   -0.9990E+03   -0.9990E+03   -0.9990E+03   -0.9990E+03   -0.9990E+03   -0.9990E+03   -0.9990E+03   -0.9990E+03   -0.9990E+03   -0.9990E+03   -0.9990E+03   -0.9990E+03   -0.9990E+03    0.1322E+03    0.1192E+03    0.1210E+03    0.1229E+03    0.1249E+03    0.1271E+03    0.1292E+03    0.1313E+03    0.1333E+03    0.1352E+03    0.1362E+03    0.1363E+03    0.1357E+03    0.1344E+03   -0.9990E+03   -0.9990E+03   -0.9990E+03   -0.9990E+03   -0.9990E+03   -0.9990E+03   -0.9990E+03   -0.9990E+03   -0.9990E+03   -0.9990E+03   -0.9990E+03   -0.9990E+03   -0.9990E+03   -0.9990E+03   -0.9990E+03   -0.9990E+03   -0.9990E+03   -0.9990E+03   -0.9990E+03   -0.9990E+03   -0.9990E+03   -0.9990E+03   -0.9990E+03   -0.9990E+03   -0.9990E+03   -0.9990E+03   -0.9990E+03   -0.9990E+03   -0.9990E+03   -0.9990E+03   -0.9990E+03   -0.9990E+03   -0.9990E+03   -0.9990E+03   -0.9990E+03   -0.9990E+03   -0.9990E+03   -0.9990E+03
   -0.9990E+03   -0.9990E+03   -0.9990E+03   -0.9990E+03   -0.9990E+03   -0.9990E+03   -0.9990E+03   -0.9990E+03   -0.9990E+03   -0.9990E+03   -0.9990E+03   -0.9990E+03   -0.9990E+03   -0.9990E+03   -0.9990E+03   -0.9990E+03   -0.9990E+03   -0.9990E+03   -0.9990E+03   -0.9990E+03   -0.9990E+03   -0.9990E+03    0.1199E+03   -0.9990E+03    0.1296E+03    0.1182E+03    0.1198E+03    0.1216E+03    0.1235E+03    0.1253E+03    0.1272E+03    0.1290E+03    0.1307E+03    0.1323E+03    0.1330E+03    0.1332E+03    0.1328E+03    0.1318E+03   -0.9990E+03   -0.9990E+03   -0.9990E+03   -0.9990E+03   -0.9990E+03   -0.9990E+03   -0.9990E+03   -0.9990E+03   -0.9990E+03   -0.9990E+03   -0.9990E+03   -0.9990E+03   -0.9990E+03   -0.9990E+03   -0.9990E+03   -0.9990E+03   -0.9990E+03   -0.9990E+03   -0.9990E+03   -0.9990E+03   -0.9990E+03   -0.9990E+03   -0.9990E+03   -0.9990E+03   -0.9990E+03   -0.9990E+03   -0.9990E+03   -0.9990E+03   -0.9990E+03   -0.9990E+03   -0.9990E+03   -0.9990E+03   -0.9990E+03   -0.9990E+03   -0.9990E+03   -0.9990E+03   -0.9990E+03   -0.9990E+03
   -0.9990E+03   -0.9990E+03   -0.9990E+03   -0.9990E+03   -0.9990E+03   -0.9990E+03   -0.9990E+03   -0.9990E+03   -0.9990E+03   -0.9990E+03   -0.9990E+03   -0.9990E+03   -0.9990E+03   -0.9990E+03   -0.9990E+03   -0.9990E+03   -0.9990E+03   -0.9990E+03   -0.9990E+03   -0.9990E+03   -0.9990E+03    0.1249E+03    0.1135E+03    0.1229E+03    0.1158E+03    0.1170E+03    0.1185E+03    0.1202E+03    0.1219E+03    0.1236E+03    0.1252E+03    0.1267E+03    0.1282E+03    0.1295E+03    0.1302E+03    0.1303E+03    0.1301E+03    0.1294E+03   -0.9990E+03   -0.9990E+03   -0.9990E+03   -0.9990E+03   -0.9990E+03   -0.9990E+03   -0.9990E+03   -0.9990E+03   -0.9990E+03   -0.9990E+03   -0.9990E+03   -0.9990E+03   -0.9990E+03   -0.9990E+03   -0.9990E+03   -0.9990E+03   -0.9990E+03   -0.9990E+03   -0.9990E+03   -0.9990E+03   -0.9990E+03   -0.9990E+03   -0.9990E+03   -0.9990E+03   -0.9990E+03   -0.9990E+03   -0.9990E+03   -0.9990E+03   -0.9990E+03   -0.9990E+03   -0.9990E+03   -0.9990E+03   -0.9990E+03   -0.9990E+03   -0.9990E+03   -0.9990E+03   -0.9990E+03   -0.9990E+03
   -0.9990E+03   -0.9990E+03   -0.9990E+03   -0.9990E+03   -0.9990E+03   -0.9990E+03   -0.9990E+03   -0.9990E+03   -0.9990E+03   -0.9990E+03   -0.9990E+03   -0.9990E+03   -0.9990E+03   -0.9990E+03   -0.9990E+03   -0.9990E+03   -0.9990E+03   -0.9990E+03   -0.9990E+03   -0.9990E+03   -0.9990E+03    0.1219E+03    0.1128E+03    0.1137E+03    0.1147E+03    0.1158E+03    0.1172E+03    0.1188E+03    0.1204E+03    0.1219E+03    0.1234E+03    0.1248E+03    0.1259E+03    0.1269E+03    0.1276E+03    0.1277E+03    0.1276E+03    0.1271E+03   -0.9990E+03   -0.9990E+03   -0.9990E+03   -0.9990E+03   -0.9990E+03   -0.9990E+03   -0.9990E+03   -0.9990E+03   -0.9990E+03   -0.9990E+03   -0.9990E+03   -0.9990E+03   -0.9990E+03   -0.9990E+03   -0.9990E+03   -0.9990E+03   -0.9990E+03   -0.9990E+03   -0.9990E+03   -0.9990E+03   -0.9990E+03   -0.9990E+03   -0.9990E+03   -0.9990E+03   -0.9990E+03   -0.9990E+03   -0.9990E+03   -0.9990E+03   -0.9990E+03   -0.9990E+03   -0.9990E+03   -0.9990E+03   -0.9990E+03   -0.9990E+03   -0.9990E+03   -0.9990E+03   -0.9990E+03   -0.9990E+03
   -0.9990E+03   -0.9990E+03   -0.9990E+03   -0.9990E+03   -0.9990E+03   -0.9990E+03   -0.9990E+03   -0.9990E+03   -0.9990E+03   -0.9990E+03   -0.9990E+03   -0.9990E+03   -0.9990E+03   -0.9990E+03   -0.9990E+03   -0.9990E+03   -0.9990E+03   -0.9990E+03   -0.9990E+03   -0.9990E+03   -0.9990E+03   -0.9990E+03    0.1123E+03    0.1129E+03    0.1136E+03    0.1145E+03    0.1159E+03    0.1175E+03    0.1190E+03    0.1204E+03    0.1217E+03    0.1229E+03    0.1238E+03    0.1246E+03    0.1251E+03    0.1252E+03   -0.9990E+03   -0.9990E+03   -0.9990E+03   -0.9990E+03   -0.9990E+03   -0.9990E+03   -0.9990E+03   -0.9990E+03   -0.9990E+03   -0.9990E+03   -0.9990E+03   -0.9990E+03   -0.9990E+03   -0.9990E+03   -0.9990E+03   -0.9990E+03   -0.9990E+03   -0.9990E+03   -0.9990E+03   -0.9990E+03   -0.9990E+03   -0.9990E+03   -0.9990E+03   -0.9990E+03   -0.9990E+03   -0.9990E+03   -0.9990E+03   -0.9990E+03   -0.9990E+03   -0.9990E+03   -0.9990E+03   -0.9990E+03   -0.9990E+03   -0.9990E+03   -0.9990E+03   -0.9990E+03   -0.9990E+03   -0.9990E+03   -0.9990E+03   -0.9990E+03
   -0.9990E+03   -0.9990E+03   -0.9990E+03   -0.9990E+03   -0.9990E+03   -0.9990E+03   -0.9990E+03   -0.9990E+03   -0.9990E+03   -0.9990E+03   -0.9990E+03   -0.9990E+03   -0.9990E+03   -0.9990E+03   -0.9990E+03   -0.9990E+03   -0.9990E+03   -0.9990E+03   -0.9990E+03   -0.9990E+03   -0.9990E+03   -0.9990E+03    0.1118E+03    0.1123E+03    0.1128E+03    0.1132E+03    0.1148E+03    0.1163E+03    0.1177E+03    0.1190E+03    0.1202E+03    0.1212E+03    0.1220E+03    0.1226E+03    0.1229E+03    0.1230E+03   -0.9990E+03   -0.9990E+03   -0.9990E+03   -0.9990E+03   -0.9990E+03   -0.9990E+03   -0.9990E+03   -0.9990E+03   -0.9990E+03   -0.9990E+03   -0.9990E+03   -0.9990E+03   -0.9990E+03   -0.9990E+03   -0.9990E+03   -0.9990E+03   -0.9990E+03   -0.9990E+03   -0.9990E+03   -0.9990E+03   -0.9990E+03   -0.9990E+03   -0.9990E+03   -0.9990E+03   -0.9990E+03   -0.9990E+03   -0.9990E+03   -0.9990E+03   -0.9990E+03   -0.9990E+03   -0.9990E+03   -0.9990E+03   -0.9990E+03   -0.9990E+03   -0.9990E+03   -0.9990E+03   -0.9990E+03   -0.9990E+03   -0.9990E+03   -0.9990E+03
   -0.9990E+03   -0.9990E+03   -0.9990E+03   -0.9990E+03   -0.9990E+03   -0.9990E+03   -0.9990E+03   -0.9990E+03   -0.9990E+03   -0.9990E+03   -0.9990E+03   -0.9990E+03   -0.9990E+03   -0.9990E+03   -0.9990E+03   -0.9990E+03   -0.9990E+03   -0.9990E+03   -0.9990E+03   -0.9990E+03   -0.9990E+03    0.1106E+03    0.1112E+03    0.1118E+03    0.1124E+03    0.1131E+03    0.1141E+03    0.1154E+03    0.1167E+03    0.1179E+03    0.1189E+03    0.1198E+03    0.1206E+03    0.1211E+03    0.1215E+03   -0.9990E+03   -0.9990E+03   -0.9990E+03   -0.9990E+03   -0.9990E+03   -0.9990E+03   -0.9990E+03   -0.9990E+03   -0.9990E+03   -0.9990E+03   -0.9990E+03   -0.9990E+03   -0.9990E+03   -0.9990E+03   -0.9990E+03   -0.9990E+03   -0.9990E+03   -0.9990E+03   -0.9990E+03   -0.9990E+03   -0.9990E+03   -0.9990E+03   -0.9990E+03   -0.9990E+03   -0.9990E+03   -0.9990E+03   -0.9990E+03   -0.9990E+03   -0.9990E+03   -0.9990E+03   -0.9990E+03   -0.9990E+03   -0.9990E+03   -0.9990E+03   -0.9990E+03   -0.9990E+03   -0.9990E+03   -0.9990E+03   -0.9990E+03   -0.9990E+03   -0.9990E+03
   -0.9990E+03   -0.9990E+03   -0.9990E+03   -0.9990E+03   -0.9990E+03   -0.9990E+03   -0.9990E+03   -0.9990E+03   -0.9990E+03   -0.9990E+03   -0.9990E+03   -0.9990E+03   -0.9990E+03   -0.9990E+03   -0.9990E+03   -0.9990E+03   -0.9990E+03   -0.9990E+03   -0.9990E+03   -0.9990E+03    0.1096E+03    0.1103E+03    0.1109E+03    0.1116E+03    0.1123E+03    0.1131E+03    0.1139E+03    0.1149E+03    0.1159E+03    0.1170E+03    0.1179E+03    0.1188E+03    0.1194E+03    0.1201E+03    0.1205E+03   -0.9990E+03   -0.9990E+03   -0.9990E+03   -0.9990E+03   -0.9990E+03   -0.9990E+03   -0.9990E+03   -0.9990E+03   -0.9990E+03   -0.9990E+03   -0.9990E+03   -0.9990E+03   -0.9990E+03   -0.9990E+03   -0.9990E+03   -0.9990E+03   -0.9990E+03   -0.9990E+03   -0.9990E+03   -0.9990E+03   -0.9990E+03   -0.9990E+03   -0.9990E+03   -0.9990E+03   -0.9990E+03   -0.9990E+03   -0.9990E+03   -0.9990E+03   -0.9990E+03   -0.9990E+03   -0.9990E+03   -0.9990E+03   -0.9990E+03   -0.9990E+03   -0.9990E+03   -0.9990E+03   -0.9990E+03   -0.9990E+03   -0.9990E+03   -0.9990E+03   -0.9990E+03
   -0.9990E+03   -0.9990E+03   -0.9990E+03   -0.9990E+03   -0.9990E+03   -0.9990E+03   -0.9990E+03   -0.9990E+03   -0.9990E+03   -0.9990E+03   -0.9990E+03   -0.9990E+03   -0.9990E+03   -0.9990E+03   -0.9990E+03   -0.9990E+03   -0.9990E+03   -0.9990E+03   -0.9990E+03    0.1087E+03    0.1094E+03    0.1100E+03    0.1108E+03    0.1115E+03    0.1122E+03    0.1130E+03    0.1138E+03    0.1147E+03    0.1156E+03    0.1164E+03    0.1172E+03    0.1180E+03    0.1187E+03    0.1192E+03    0.1196E+03   -0.9990E+03   -0.9990E+03   -0.9990E+03   -0.9990E+03   -0.9990E+03   -0.9990E+03   -0.9990E+03   -0.9990E+03   -0.9990E+03   -0.9990E+03   -0.9990E+03   -0.9990E+03   -0.9990E+03   -0.9990E+03   -0.9990E+03   -0.9990E+03   -0.9990E+03   -0.9990E+03   -0.9990E+03   -0.9990E+03   -0.9990E+03   -0.9990E+03   -0.9990E+03   -0.9990E+03   -0.9990E+03   -0.9990E+03   -0.9990E+03   -0.9990E+03   -0.9990E+03   -0.9990E+03   -0.9990E+03   -0.9990E+03   -0.9990E+03   -0.9990E+03   -0.9990E+03   -0.9990E+03   -0.9990E+03   -0.9990E+03   -0.9990E+03   -0.9990E+03   -0.9990E+03
   -0.9990E+03   -0.9990E+03   -0.9990E+03   -0.9990E+03   -0.9990E+03   -0.9990E+03   -0.9990E+03   -0.9990E+03   -0.9990E+03   -0.9990E+03   -0.9990E+03   -0.9990E+03   -0.9990E+03   -0.9990E+03   -0.9990E+03   -0.9990E+03   -0.9990E+03   -0.9990E+03    0.1136E+03    0.1086E+03    0.1093E+03    0.1100E+03    0.1107E+03    0.1114E+03    0.1121E+03    0.1129E+03    0.1136E+03    0.1144E+03    0.1152E+03    0.1160E+03    0.1168E+03    0.1174E+03    0.1180E+03    0.1185E+03    0.1187E+03   -0.9990E+03   -0.9990E+03   -0.9990E+03   -0.9990E+03   -0.9990E+03   -0.9990E+03   -0.9990E+03   -0.9990E+03   -0.9990E+03   -0.9990E+03   -0.9990E+03   -0.9990E+03   -0.9990E+03   -0.9990E+03   -0.9990E+03   -0.9990E+03   -0.9990E+03   -0.9990E+03   -0.9990E+03   -0.9990E+03   -0.9990E+03   -0.9990E+03   -0.9990E+03   -0.9990E+03   -0.9990E+03   -0.9990E+03   -0.9990E+03   -0.9990E+03   -0.9990E+03   -0.9990E+03   -0.9990E+03   -0.9990E+03   -0.9990E+03   -0.9990E+03   -0.9990E+03   -0.9990E+03   -0.9990E+03   -0.9990E+03   -0.9990E+03   -0.9990E+03   -0.9990E+03
   -0.9990E+03   -0.9990E+03   -0.9990E+03   -0.9990E+03   -0.9990E+03   -0.9990E+03   -0.9990E+03   -0.9990E+03   -0.9990E+03   -0.9990E+03   -0.9990E+03   -0.9990E+03   -0.9990E+03   -0.9990E+03   -0.9990E+03    0.1070E+03    0.1071E+03    0.1075E+03    0.1079E+03    0.1085E+03    0.1092E+03    0.1099E+03    0.1106E+03    0.1113E+03    0.1120E+03    0.1127E+03    0.1134E+03    0.1142E+03    0.1149E+03    0.1156E+03    0.1163E+03    0.1169E+03    0.1174E+03    0.1177E+03   -0.9990E+03   -0.9990E+03   -0.9990E+03   -0.9990E+03   -0.9990E+03   -0.9990E+03   -0.9990E+03   -0.9990E+03   -0.9990E+03   -0.9990E+03   -0.9990E+03   -0.9990E+03   -0.9990E+03   -0.9990E+03   -0.9990E+03   -0.9990E+03   -0.9990E+03   -0.9990E+03   -0.9990E+03   -0.9990E+03   -0.9990E+03   -0.9990E+03   -0.9990E+03   -0.9990E+03   -0.9990E+03   -0.9990E+03   -0.9990E+03   -0.9990E+03   -0.9990E+03   -0.9990E+03   -0.9990E+03   -0.9990E+03   -0.9990E+03   -0.9990E+03   -0.9990E+03   -0.9990E+03   -0.9990E+03   -0.9990E+03   -0.9990E+03   -0.9990E+03   -0.9990E+03   -0.9990E+03
   -0.9990E+03   -0.9990E+03   -0.9990E+03   -0.9990E+03   -0.9990E+03   -0.9990E+03   -0.9990E+03   -0.9990E+03   -0.9990E+03   -0.9990E+03   -0.9990E+03   -0.9990E+03   -0.9990E+03    0.1071E+03    0.1069E+03    0.1068E+03    0.1070E+03    0.1073E+03    0.1078E+03    0.1084E+03    0.1091E+03    0.1098E+03    0.1104E+03    0.1111E+03    0.1118E+03    0.1125E+03    0.1132E+03    0.1139E+03    0.1146E+03    0.1152E+03    0.1158E+03    0.1163E+03    0.1168E+03   -0.9990E+03   -0.9990E+03   -0.9990E+03   -0.9990E+03   -0.9990E+03   -0.9990E+03   -0.9990E+03   -0.9990E+03   -0.9990E+03   -0.9990E+03   -0.9990E+03   -0.9990E+03   -0.9990E+03   -0.9990E+03   -0.9990E+03   -0.9990E+03   -0.9990E+03   -0.9990E+03   -0.9990E+03   -0.9990E+03   -0.9990E+03   -0.9990E+03   -0.9990E+03   -0.9990E+03   -0.9990E+03   -0.9990E+03   -0.9990E+03   -0.9990E+03   -0.9990E+03   -0.9990E+03   -0.9990E+03   -0.9990E+03   -0.9990E+03   -0.9990E+03   -0.9990E+03   -0.9990E+03   -0.9990E+03   -0.9990E+03   -0.9990E+03   -0.9990E+03   -0.9990E+03   -0.9990E+03   -0.9990E+03
   -0.9990E+03   -0.9990E+03   -0.9990E+03   -0.9990E+03   -0.9990E+03   -0.9990E+03   -0.9990E+03   -0.9990E+03   -0.9990E+03   -0.9990E+03    0.1084E+03    0.1078E+03    0.1073E+03    0.1069E+03    0.1066E+03    0.1065E+03    0.1067E+03    0.1071E+03    0.1076E+03    0.1083E+03    0.1090E+03    0.1096E+03    0.1103E+03    0.1110E+03    0.1116E+03    0.1123E+03    0.1129E+03    0.1136E+03    0.1142E+03    0.1148E+03    0.1153E+03    0.1158E+03    0.1162E+03   -0.9990E+03   -0.9990E+03   -0.9990E+03   -0.9990E+03   -0.9990E+03   -0.9990E+03   -0.9990E+03   -0.9990E+03   -0.9990E+03   -0.9990E+03   -0.9990E+03   -0.9990E+03   -0.9990E+03   -0.9990E+03   -0.9990E+03   -0.9990E+03   -0.9990E+03   -0.9990E+03   -0.9990E+03   -0.9990E+03   -0.9990E+03   -0.9990E+03   -0.9990E+03   -0.9990E+03   -0.9990E+03   -0.9990E+03   -0.9990E+03   -0.9990E+03   -0.9990E+03   -0.9990E+03   -0.9990E+03   -0.9990E+03   -0.9990E+03   -0.9990E+03   -0.9990E+03   -0.9990E+03   -0.9990E+03   -0.9990E+03   -0.9990E+03   -0.9990E+03   -0.9990E+03   -0.9990E+03   -0.9990E+03
   -0.9990E+03   -0.9990E+03   -0.9990E+03   -0.9990E+03   -0.9990E+03   -0.9990E+03   -0.9990E+03   -0.9990E+03   -0.9990E+03   -0.9990E+03    0.1085E+03    0.1079E+03    0.1073E+03    0.1068E+03    0.1063E+03    0.1062E+03    0.1064E+03    0.1069E+03    0.1075E+03    0.1082E+03    0.1088E+03    0.1095E+03    0.1101E+03    0.1108E+03    0.1114E+03    0.1121E+03    0.1127E+03    0.1133E+03    0.1139E+03   -0.9990E+03   -0.9990E+03   -0.9990E+03   -0.9990E+03   -0.9990E+03   -0.9990E+03   -0.9990E+03   -0.9990E+03   -0.9990E+03   -0.9990E+03   -0.9990E+03   -0.9990E+03   -0.9990E+03   -0.9990E+03   -0.9990E+03   -0.9990E+03   -0.9990E+03   -0.9990E+03   -0.9990E+03   -0.9990E+03   -0.9990E+03   -0.9990E+03   -0.9990E+03   -0.9990E+03   -0.9990E+03   -0.9990E+03   -0.9990E+03   -0.9990E+03   -0.9990E+03   -0.9990E+03   -0.9990E+03   -0.9990E+03   -0.9990E+03   -0.9990E+03   -0.9990E+03   -0.9990E+03   -0.9990E+03   -0.9990E+03   -0.9990E+03   -0.9990E+03   -0.9990E+03   -0.9990E+03   -0.9990E+03   -0.9990E+03   -0.9990E+03   -0.9990E+03   -0.9990E+03
   -0.9990E+03   -0.9990E+03   -0.9990E+03   -0.9990E+03   -0.9990E+03   -0.9990E+03   -0.9990E+03    0.1106E+03    0.1100E+03    0.1093E+03    0.1150E+03    0.1080E+03    0.1074E+03    0.1066E+03    0.1060E+03    0.1057E+03    0.1060E+03    0.1067E+03    0.1074E+03    0.1081E+03    0.1087E+03    0.1094E+03    0.1100E+03    0.1106E+03    0.1113E+03    0.1119E+03   -0.9990E+03   -0.9990E+03   -0.9990E+03   -0.9990E+03   -0.9990E+03   -0.9990E+03   -0.9990E+03   -0.9990E+03   -0.9990E+03   -0.9990E+03   -0.9990E+03   -0.9990E+03   -0.9990E+03   -0.9990E+03   -0.9990E+03   -0.9990E+03   -0.9990E+03   -0.9990E+03   -0.9990E+03   -0.9990E+03   -0.9990E+03   -0.9990E+03   -0.9990E+03   -0.9990E+03   -0.9990E+03   -0.9990E+03   -0.9990E+03   -0.9990E+03   -0.9990E+03   -0.9990E+03   -0.9990E+03   -0.9990E+03   -0.9990E+03   -0.9990E+03   -0.9990E+03   -0.9990E+03   -0.9990E+03   -0.9990E+03   -0.9990E+03   -0.9990E+03   -0.9990E+03   -0.9990E+03   -0.9990E+03   -0.9990E+03   -0.9990E+03   -0.9990E+03   -0.9990E+03   -0.9990E+03   -0.9990E+03   -0.9990E+03
   -0.9990E+03   -0.9990E+03    0.1119E+03    0.1121E+03    0.1179E+03    0.1124E+03    0.1116E+03    0.1109E+03    0.1101E+03    0.1171E+03   -0.9990E+03   -0.9990E+03    0.1143E+03    0.1066E+03   -0.9990E+03   -0.9990E+03    0.1120E+03    0.1066E+03    0.1073E+03    0.1080E+03    0.1086E+03    0.1093E+03    0.1099E+03    0.1105E+03   -0.9990E+03   -0.9990E+03   -0.9990E+03   -0.9990E+03   -0.9990E+03   -0.9990E+03   -0.9990E+03   -0.9990E+03   -0.9990E+03   -0.9990E+03   -0.9990E+03   -0.9990E+03   -0.9990E+03   -0.9990E+03   -0.9990E+03   -0.9990E+03   -0.9990E+03   -0.9990E+03   -0.9990E+03   -0.9990E+03   -0.9990E+03   -0.9990E+03   -0.9990E+03   -0.9990E+03   -0.9990E+03   -0.9990E+03   -0.9990E+03   -0.9990E+03   -0.9990E+03   -0.9990E+03   -0.9990E+03   -0.9990E+03   -0.9990E+03   -0.9990E+03   -0.9990E+03   -0.9990E+03   -0.9990E+03   -0.9990E+03   -0.9990E+03   -0.9990E+03   -0.9990E+03   -0.9990E+03   -0.9990E+03   -0.9990E+03   -0.9990E+03   -0.9990E+03   -0.9990E+03   -0.9990E+03   -0.9990E+03   -0.9990E+03   -0.9990E+03   -0.9990E+03
   -0.9990E+03   -0.9990E+03    0.1120E+03    0.1121E+03    0.1122E+03    0.1120E+03    0.1193E+03    0.1186E+03    0.1102E+03    0.1096E+03    0.1159E+03    0.1125E+03    0.1075E+03    0.1068E+03    0.1062E+03    0.1125E+03    0.1062E+03    0.1068E+03    0.1074E+03    0.1080E+03    0.1086E+03    0.1093E+03   -0.9990E+03   -0.9990E+03   -0.9990E+03   -0.9990E+03   -0.9990E+03   -0.9990E+03   -0.9990E+03   -0.9990E+03   -0.9990E+03   -0.9990E+03   -0.9990E+03   -0.9990E+03   -0.9990E+03   -0.9990E+03   -0.9990E+03   -0.9990E+03   -0.9990E+03   -0.9990E+03   -0.9990E+03   -0.9990E+03   -0.9990E+03   -0.9990E+03   -0.9990E+03   -0.9990E+03   -0.9990E+03   -0.9990E+03   -0.9990E+03   -0.9990E+03   -0.9990E+03   -0.9990E+03   -0.9990E+03   -0.9990E+03   -0.9990E+03   -0.9990E+03   -0.9990E+03   -0.9990E+03   -0.9990E+03   -0.9990E+03   -0.9990E+03   -0.9990E+03   -0.9990E+03   -0.9990E+03   -0.9990E+03   -0.9990E+03   -0.9990E+03   -0.9990E+03   -0.9990E+03   -0.9990E+03   -0.9990E+03   -0.9990E+03   -0.9990E+03   -0.9990E+03   -0.9990E+03   -0.9990E+03
   -0.9990E+03    0.1119E+03    0.1120E+03    0.1120E+03    0.1119E+03    0.1118E+03    0.1115E+03    0.1109E+03    0.1103E+03    0.1097E+03    0.1090E+03    0.1085E+03    0.1078E+03    0.1072E+03    0.1067E+03    0.1066E+03    0.1067E+03    0.1071E+03   -0.9990E+03   -0.9990E+03   -0.9990E+03   -0.9990E+03   -0.9990E+03   -0.9990E+03   -0.9990E+03   -0.9990E+03   -0.9990E+03   -0.9990E+03   -0.9990E+03   -0.9990E+03   -0.9990E+03   -0.9990E+03   -0.9990E+03   -0.9990E+03   -0.9990E+03   -0.9990E+03   -0.9990E+03   -0.9990E+03   -0.9990E+03   -0.9990E+03   -0.9990E+03   -0.9990E+03   -0.9990E+03   -0.9990E+03   -0.9990E+03   -0.9990E+03   -0.9990E+03   -0.9990E+03   -0.9990E+03   -0.9990E+03   -0.9990E+03   -0.9990E+03   -0.9990E+03   -0.9990E+03   -0.9990E+03   -0.9990E+03   -0.9990E+03   -0.9990E+03   -0.9990E+03   -0.9990E+03   -0.9990E+03   -0.9990E+03   -0.9990E+03   -0.9990E+03   -0.9990E+03   -0.9990E+03   -0.9990E+03   -0.9990E+03   -0.9990E+03   -0.9990E+03   -0.9990E+03   -0.9990E+03   -0.9990E+03   -0.9990E+03   -0.9990E+03   -0.9990E+03
    0.1118E+03    0.1119E+03    0.1119E+03    0.1118E+03    0.1117E+03    0.1115E+03    0.1112E+03    0.1108E+03    0.1103E+03    0.1097E+03    0.1092E+03    0.1086E+03    0.1081E+03   -0.9990E+03   -0.9990E+03   -0.9990E+03   -0.9990E+03   -0.9990E+03   -0.9990E+03   -0.9990E+03   -0.9990E+03   -0.9990E+03   -0.9990E+03   -0.9990E+03   -0.9990E+03   -0.9990E+03   -0.9990E+03   -0.9990E+03   -0.9990E+03   -0.9990E+03   -0.9990E+03   -0.9990E+03   -0.9990E+03   -0.9990E+03   -0.9990E+03   -0.9990E+03   -0.9990E+03   -0.9990E+03   -0.9990E+03   -0.9990E+03   -0.9990E+03   -0.9990E+03   -0.9990E+03   -0.9990E+03   -0.9990E+03   -0.9990E+03   -0.9990E+03   -0.9990E+03   -0.9990E+03   -0.9990E+03   -0.9990E+03   -0.9990E+03   -0.9990E+03   -0.9990E+03   -0.9990E+03   -0.9990E+03   -0.9990E+03   -0.9990E+03   -0.9990E+03   -0.9990E+03   -0.9990E+03   -0.9990E+03   -0.9990E+03   -0.9990E+03   -0.9990E+03   -0.9990E+03   -0.9990E+03   -0.9990E+03   -0.9990E+03   -0.9990E+03   -0.9990E+03   -0.9990E+03   -0.9990E+03   -0.9990E+03   -0.9990E+03   -0.9990E+03
    0.1118E+03    0.1118E+03    0.1118E+03    0.1117E+03   -0.9990E+03   -0.9990E+03   -0.9990E+03   -0.9990E+03   -0.9990E+03   -0.9990E+03   -0.9990E+03   -0.9990E+03   -0.9990E+03   -0.9990E+03   -0.9990E+03   -0.9990E+03   -0.9990E+03   -0.9990E+03   -0.9990E+03   -0.9990E+03   -0.9990E+03   -0.9990E+03   -0.9990E+03   -0.9990E+03   -0.9990E+03   -0.9990E+03   -0.9990E+03   -0.9990E+03   -0.9990E+03   -0.9990E+03   -0.9990E+03   -0.9990E+03   -0.9990E+03   -0.9990E+03   -0.9990E+03   -0.9990E+03   -0.9990E+03   -0.9990E+03   -0.9990E+03   -0.9990E+03   -0.9990E+03   -0.9990E+03   -0.9990E+03   -0.9990E+03   -0.9990E+03   -0.9990E+03   -0.9990E+03   -0.9990E+03   -0.9990E+03   -0.9990E+03   -0.9990E+03   -0.9990E+03   -0.9990E+03   -0.9990E+03   -0.9990E+03   -0.9990E+03   -0.9990E+03   -0.9990E+03   -0.9990E+03   -0.9990E+03   -0.9990E+03   -0.9990E+03   -0.9990E+03   -0.9990E+03   -0.9990E+03   -0.9990E+03   -0.9990E+03   -0.9990E+03   -0.9990E+03   -0.9990E+03   -0.9990E+03   -0.9990E+03   -0.9990E+03   -0.9990E+03   -0.9990E+03   -0.9990E+03
   -0.9990E+03    0.1117E+03    0.1117E+03    0.1116E+03   -0.9990E+03   -0.9990E+03   -0.9990E+03   -0.9990E+03   -0.9990E+03   -0.9990E+03   -0.9990E+03   -0.9990E+03   -0.9990E+03   -0.9990E+03   -0.9990E+03   -0.9990E+03   -0.9990E+03   -0.9990E+03   -0.9990E+03   -0.9990E+03   -0.9990E+03   -0.9990E+03   -0.9990E+03   -0.9990E+03   -0.9990E+03   -0.9990E+03   -0.9990E+03   -0.9990E+03   -0.9990E+03   -0.9990E+03   -0.9990E+03   -0.9990E+03   -0.9990E+03   -0.9990E+03   -0.9990E+03   -0.9990E+03   -0.9990E+03   -0.9990E+03   -0.9990E+03   -0.9990E+03   -0.9990E+03   -0.9990E+03   -0.9990E+03   -0.9990E+03   -0.9990E+03   -0.9990E+03   -0.9990E+03   -0.9990E+03   -0.9990E+03   -0.9990E+03   -0.9990E+03   -0.9990E+03   -0.9990E+03   -0.9990E+03   -0.9990E+03   -0.9990E+03   -0.9990E+03   -0.9990E+03   -0.9990E+03   -0.9990E+03   -0.9990E+03   -0.9990E+03   -0.9990E+03   -0.9990E+03   -0.9990E+03   -0.9990E+03   -0.9990E+03   -0.9990E+03   -0.9990E+03   -0.9990E+03   -0.9990E+03   -0.9990E+03   -0.9990E+03   -0.9990E+03   -0.9990E+03   -0.9990E+03
        41.0000          LAYER       1
   -0.9990E+03   -0.9990E+03   -0.9990E+03   -0.9990E+03   -0.9990E+03   -0.9990E+03   -0.9990E+03   -0.9990E+03   -0.9990E+03   -0.9990E+03   -0.9990E+03   -0.9990E+03   -0.9990E+03   -0.9990E+03   -0.9990E+03   -0.9990E+03   -0.9990E+03   -0.9990E+03   -0.9990E+03   -0.9990E+03   -0.9990E+03   -0.9990E+03   -0.9990E+03   -0.9990E+03   -0.9990E+03   -0.9990E+03   -0.9990E+03   -0.9990E+03   -0.9990E+03   -0.9990E+03   -0.9990E+03   -0.9990E+03   -0.9990E+03   -0.9990E+03   -0.9990E+03   -0.9990E+03   -0.9990E+03   -0.9990E+03   -0.9990E+03   -0.9990E+03   -0.9990E+03   -0.9990E+03   -0.9990E+03   -0.9990E+03   -0.9990E+03   -0.9990E+03   -0.9990E+03   -0.9990E+03   -0.9990E+03   -0.9990E+03   -0.9990E+03   -0.9990E+03   -0.9990E+03   -0.9990E+03   -0.9990E+03   -0.9990E+03   -0.9990E+03   -0.9990E+03   -0.9990E+03   -0.9990E+03   -0.9990E+03   -0.9990E+03   -0.9990E+03   -0.9990E+03   -0.9990E+03   -0.9990E+03   -0.9990E+03   -0.9990E+03   -0.9990E+03   -0.9990E+03   -0.9990E+03   -0.9990E+03   -0.9990E+03   -0.9990E+03   -0.9990E+03   -0.9990E+03
   -0.9990E+03   -0.9990E+03   -0.9990E+03   -0.9990E+03   -0.9990E+03   -0.9990E+03   -0.9990E+03   -0.9990E+03   -0.9990E+03   -0.9990E+03   -0.9990E+03   -0.9990E+03   -0.9990E+03   -0.9990E+03   -0.9990E+03   -0.9990E+03   -0.9990E+03   -0.9990E+03   -0.9990E+03   -0.9990E+03   -0.9990E+03   -0.9990E+03   -0.9990E+03   -0.9990E+03   -0.9990E+03   -0.9990E+03   -0.9990E+03   -0.9990E+03   -0.9990E+03   -0.9990E+03   -0.9990E+03   -0.9990E+03   -0.9990E+03   -0.9990E+03   -0.9990E+03   -0.9990E+03   -0.9990E+03   -0.9990E+03   -0.9990E+03   -0.9990E+03   -0.9990E+03   -0.9990E+03   -0.9990E+03   -0.9990E+03   -0.9990E+03   -0.9990E+03   -0.9990E+03   -0.9990E+03   -0.9990E+03   -0.9990E+03   -0.9990E+03   -0.9990E+03   -0.9990E+03   -0.9990E+03   -0.9990E+03   -0.9990E+03   -0.9990E+03   -0.9990E+03   -0.9990E+03   -0.9990E+03   -0.9990E+03   -0.9990E+03   -0.9990E+03   -0.9990E+03   -0.9990E+03   -0.9990E+03   -0.9990E+03   -0.9990E+03   -0.9990E+03   -0.9990E+03   -0.9990E+03   -0.9990E+03   -0.9990E+03   -0.9990E+03   -0.9990E+03   -0.9990E+03
   -0.9990E+03   -0.9990E+03   -0.9990E+03   -0.9990E+03   -0.9990E+03   -0.9990E+03   -0.9990E+03   -0.9990E+03   -0.9990E+03   -0.9990E+03   -0.9990E+03   -0.9990E+03   -0.9990E+03   -0.9990E+03   -0.9990E+03   -0.9990E+03   -0.9990E+03   -0.9990E+03   -0.9990E+03   -0.9990E+03   -0.9990E+03   -0.9990E+03   -0.9990E+03   -0.9990E+03   -0.9990E+03   -0.9990E+03   -0.9990E+03   -0.9990E+03   -0.9990E+03   -0.9990E+03   -0.9990E+03   -0.9990E+03   -0.9990E+03   -0.9990E+03   -0.9990E+03   -0.9990E+03   -0.9990E+03   -0.9990E+03   -0.9990E+03   -0.9990E+03   -0.9990E+03   -0.9990E+03   -0.9990E+03   -0.9990E+03   -0.9990E+03   -0.9990E+03   -0.9990E+03   -0.9990E+03   -0.9990E+03   -0.9990E+03   -0.9990E+03   -0.9990E+03   -0.9990E+03   -0.9990E+03   -0.9990E+03   -0.9990E+03   -0.9990E+03   -0.9990E+03   -0.9990E+03   -0.9990E+03   -0.9990E+03   -0.9990E+03   -0.9990E+03   -0.9990E+03   -0.9990E+03   -0.9990E+03   -0.9990E+03   -0.9990E+03   -0.9990E+03   -0.9990E+03   -0.9990E+03   -0.9990E+03   -0.9990E+03   -0.9990E+03   -0.9990E+03   -0.9990E+03
   -0.9990E+03   -0.9990E+03   -0.9990E+03   -0.9990E+03   -0.9990E+03   -0.9990E+03   -0.9990E+03   -0.9990E+03   -0.9990E+03   -0.9990E+03   -0.9990E+03   -0.9990E+03   -0.9990E+03   -0.9990E+03   -0.9990E+03   -0.9990E+03   -0.9990E+03   -0.9990E+03   -0.9990E+03   -0.9990E+03   -0.9990E+03   -0.9990E+03   -0.9990E+03   -0.9990E+03   -0.9990E+03   -0.9990E+03   -0.9990E+03   -0.9990E+03   -0.9990E+03   -0.9990E+03   -0.9990E+03   -0.9990E+03   -0.9990E+03   -0.9990E+03   -0.9990E+03   -0.9990E+03   -0.9990E+03   -0.9990E+03   -0.9990E+03   -0.9990E+03   -0.9990E+03   -0.9990E+03   -0.9990E+03   -0.9990E+03   -0.9990E+03   -0.9990E+03   -0.9990E+03   -0.9990E+03   -0.9990E+03   -0.9990E+03   -0.9990E+03   -0.9990E+03   -0.9990E+03   -0.9990E+03   -0.9990E+03   -0.9990E+03   -0.9990E+03   -0.9990E+03   -0.9990E+03   -0.9990E+03   -0.9990E+03   -0.9990E+03   -0.9990E+03   -0.9990E+03   -0.9990E+03   -0.9990E+03   -0.9990E+03   -0.9990E+03   -0.9990E+03   -0.9990E+03   -0.9990E+03   -0.9990E+03   -0.9990E+03   -0.9990E+03   -0.9990E+03   -0.9990E+03
   -0.9990E+03   -0.9990E+03   -0.9990E+03   -0.9990E+03   -0.9990E+03   -0.9990E+03   -0.9990E+03   -0.9990E+03   -0.9990E+03   -0.9990E+03   -0.9990E+03   -0.9990E+03   -0.9990E+03   -0.9990E+03   -0.9990E+03   -0.9990E+03   -0.9990E+03   -0.9990E+03   -0.9990E+03   -0.9990E+03   -0.9990E+03   -0.9990E+03   -0.9990E+03   -0.9990E+03   -0.9990E+03   -0.9990E+03   -0.9990E+03   -0.9990E+03   -0.9990E+03   -0.9990E+03   -0.9990E+03   -0.9990E+03   -0.9990E+03   -0.9990E+03   -0.9990E+03   -0.9990E+03   -0.9990E+03   -0.9990E+03   -0.9990E+03   -0.9990E+03   -0.9990E+03   -0.9990E+03   -0.9990E+03   -0.9990E+03   -0.9990E+03   -0.9990E+03   -0.9990E+03   -0.9990E+03   -0.9990E+03   -0.9990E+03   -0.9990E+03   -0.9990E+03   -0.9990E+03   -0.9990E+03   -0.9990E+03   -0.9990E+03   -0.9990E+03   -0.9990E+03   -0.9990E+03   -0.9990E+03   -0.9990E+03   -0.9990E+03   -0.9990E+03   -0.9990E+03   -0.9990E+03   -0.9990E+03   -0.9990E+03   -0.9990E+03   -0.9990E+03   -0.9990E+03   -0.9990E+03   -0.9990E+03   -0.9990E+03   -0.9990E+03   -0.9990E+03   -0.9990E+03
   -0.9990E+03   -0.9990E+03   -0.9990E+03   -0.9990E+03   -0.9990E+03   -0.9990E+03   -0.9990E+03   -0.9990E+03   -0.9990E+03   -0.9990E+03   -0.9990E+03   -0.9990E+03   -0.9990E+03   -0.9990E+03   -0.9990E+03   -0.9990E+03   -0.9990E+03   -0.9990E+03   -0.9990E+03   -0.9990E+03   -0.9990E+03   -0.9990E+03   -0.9990E+03   -0.9990E+03   -0.9990E+03   -0.9990E+03   -0.9990E+03   -0.9990E+03   -0.9990E+03   -0.9990E+03   -0.9990E+03   -0.9990E+03   -0.9990E+03   -0.9990E+03   -0.9990E+03   -0.9990E+03   -0.9990E+03   -0.9990E+03   -0.9990E+03   -0.9990E+03   -0.9990E+03   -0.9990E+03   -0.9990E+03   -0.9990E+03   -0.9990E+03   -0.9990E+03   -0.9990E+03   -0.9990E+03   -0.9990E+03   -0.9990E+03   -0.9990E+03   -0.9990E+03   -0.9990E+03   -0.9990E+03   -0.9990E+03   -0.9990E+03   -0.9990E+03   -0.9990E+03   -0.9990E+03   -0.9990E+03   -0.9990E+03   -0.9990E+03   -0.9990E+03   -0.9990E+03   -0.9990E+03   -0.9990E+03   -0.9990E+03   -0.9990E+03   -0.9990E+03   -0.9990E+03   -0.9990E+03   -0.9990E+03   -0.9990E+03   -0.9990E+03   -0.9990E+03   -0.9990E+03
   -0.9990E+03   -0.9990E+03   -0.9990E+03   -0.9990E+03   -0.9990E+03   -0.9990E+03   -0.9990E+03   -0.9990E+03   -0.9990E+03   -0.9990E+03   -0.9990E+03   -0.9990E+03   -0.9990E+03   -0.9990E+03   -0.9990E+03   -0.9990E+03   -0.9990E+03   -0.9990E+03   -0.9990E+03   -0.9990E+03   -0.9990E+03   -0.9990E+03   -0.9990E+03   -0.9990E+03   -0.9990E+03   -0.9990E+03   -0.9990E+03   -0.9990E+03   -0.9990E+03   -0.9990E+03   -0.9990E+03   -0.9990E+03   -0.9990E+03   -0.9990E+03   -0.9990E+03   -0.9990E+03   -0.9990E+03   -0.9990E+03   -0.9990E+03   -0.9990E+03   -0.9990E+03   -0.9990E+03   -0.9990E+03   -0.9990E+03   -0.9990E+03   -0.9990E+03   -0.9990E+03   -0.9990E+03   -0.9990E+03   -0.9990E+03   -0.9990E+03   -0.9990E+03   -0.9990E+03   -0.9990E+03   -0.9990E+03   -0.9990E+03   -0.9990E+03   -0.9990E+03   -0.9990E+03   -0.9990E+03   -0.9990E+03   -0.9990E+03   -0.9990E+03   -0.9990E+03   -0.9990E+03   -0.9990E+03   -0.9990E+03   -0.9990E+03   -0.9990E+03   -0.9990E+03   -0.9990E+03   -0.9990E+03   -0.9990E+03   -0.9990E+03   -0.9990E+03   -0.9990E+03
   -0.9990E+03   -0.9990E+03   -0.9990E+03   -0.9990E+03   -0.9990E+03   -0.9990E+03   -0.9990E+03   -0.9990E+03   -0.9990E+03   -0.9990E+03   -0.9990E+03   -0.9990E+03   -0.9990E+03   -0.9990E+03   -0.9990E+03   -0.9990E+03   -0.9990E+03   -0.9990E+03   -0.9990E+03   -0.9990E+03   -0.9990E+03   -0.9990E+03   -0.9990E+03   -0.9990E+03   -0.9990E+03   -0.9990E+03   -0.9990E+03   -0.9990E+03   -0.9990E+03   -0.9990E+03   -0.9990E+03   -0.9990E+03   -0.9990E+03   -0.9990E+03   -0.9990E+03   -0.9990E+03   -0.9990E+03   -0.9990E+03   -0.9990E+03   -0.9990E+03   -0.9990E+03   -0.9990E+03   -0.9990E+03   -0.9990E+03   -0.9990E+03   -0.9990E+03   -0.9990E+03   -0.9990E+03   -0.9990E+03   -0.9990E+03   -0.9990E+03   -0.9990E+03   -0.9990E+03   -0.9990E+03   -0.9990E+03   -0.9990E+03   -0.9990E+03   -0.9990E+03   -0.9990E+03   -0.9990E+03   -0.9990E+03   -0.9990E+03   -0.9990E+03   -0.9990E+03   -0.9990E+03   -0.9990E+03   -0.9990E+03   -0.9990E+03   -0.9990E+03   -0.9990E+03   -0.9990E+03   -0.9990E+03   -0.9990E+03   -0.9990E+03   -0.9990E+03   -0.9990E+03
   -0.9990E+03   -0.9990E+03   -0.9990E+03   -0.9990E+03   -0.9990E+03   -0.9990E+03   -0.9990E+03   -0.9990E+03   -0.9990E+03   -0.9990E+03   -0.9990E+03   -0.9990E+03   -0.9990E+03   -0.9990E+03   -0.9990E+03   -0.9990E+03   -0.9990E+03   -0.9990E+03   -0.9990E+03   -0.9990E+03   -0.9990E+03   -0.9990E+03   -0.9990E+03   -0.9990E+03   -0.9990E+03   -0.9990E+03   -0.9990E+03   -0.9990E+03   -0.9990E+03   -0.9990E+03   -0.9990E+03   -0.9990E+03   -0.9990E+03   -0.9990E+03   -0.9990E+03   -0.9990E+03   -0.9990E+03   -0.9990E+03   -0.9990E+03   -0.9990E+03   -0.9990E+03   -0.9990E+03   -0.9990E+03   -0.9990E+03   -0.9990E+03   -0.9990E+03   -0.9990E+03   -0.9990E+03   -0.9990E+03   -0.9990E+03   -0.9990E+03   -0.9990E+03   -0.9990E+03   -0.9990E+03   -0.9990E+03   -0.9990E+03   -0.9990E+03   -0.9990E+03   -0.9990E+03   -0.9990E+03   -0.9990E+03   -0.9990E+03   -0.9990E+03   -0.9990E+03   -0.9990E+03   -0.9990E+03   -0.9990E+03   -0.9990E+03   -0.9990E+03   -0.9990E+03   -0.9990E+03   -0.9990E+03   -0.9990E+03   -0.9990E+03   -0.9990E+03   -0.9990E+03
   -0.9990E+03   -0.9990E+03   -0.9990E+03   -0.9990E+03   -0.9990E+03   -0.9990E+03   -0.9990E+03   -0.9990E+03   -0.9990E+03   -0.9990E+03   -0.9990E+03   -0.9990E+03   -0.9990E+03   -0.9990E+03   -0.9990E+03   -0.9990E+03   -0.9990E+03   -0.9990E+03   -0.9990E+03   -0.9990E+03   -0.9990E+03   -0.9990E+03   -0.9990E+03   -0.9990E+03   -0.9990E+03   -0.9990E+03   -0.9990E+03   -0.9990E+03   -0.9990E+03   -0.9990E+03   -0.9990E+03   -0.9990E+03   -0.9990E+03   -0.9990E+03   -0.9990E+03   -0.9990E+03   -0.9990E+03   -0.9990E+03   -0.9990E+03   -0.9990E+03   -0.9990E+03   -0.9990E+03   -0.9990E+03   -0.9990E+03   -0.9990E+03   -0.9990E+03   -0.9990E+03   -0.9990E+03   -0.9990E+03   -0.9990E+03   -0.9990E+03   -0.9990E+03   -0.9990E+03   -0.9990E+03   -0.9990E+03   -0.9990E+03   -0.9990E+03    0.1840E+03   -0.9990E+03   -0.9990E+03   -0.9990E+03   -0.9990E+03    0.1960E+03   -0.9990E+03   -0.9990E+03   -0.9990E+03   -0.9990E+03   -0.9990E+03   -0.9990E+03   -0.9990E+03   -0.9990E+03   -0.9990E+03   -0.9990E+03   -0.9990E+03   -0.9990E+03   -0.9990E+03
   -0.9990E+03   -0.9990E+03   -0.9990E+03   -0.9990E+03   -0.9990E+03   -0.9990E+03   -0.9990E+03   -0.9990E+03   -0.9990E+03   -0.9990E+03   -0.9990E+03   -0.9990E+03   -0.9990E+03   -0.9990E+03   -0.9990E+03   -0.9990E+03   -0.9990E+03   -0.9990E+03   -0.9990E+03   -0.9990E+03   -0.9990E+03   -0.9990E+03   -0.9990E+03   -0.9990E+03   -0.9990E+03   -0.9990E+03   -0.9990E+03   -0.9990E+03   -0.9990E+03   -0.9990E+03   -0.9990E+03   -0.9990E+03   -0.9990E+03   -0.9990E+03   -0.9990E+03   -0.9990E+03   -0.9990E+03   -0.9990E+03   -0.9990E+03   -0.9990E+03   -0.9990E+03   -0.9990E+03   -0.9990E+03   -0.9990E+03   -0.9990E+03   -0.9990E+03   -0.9990E+03   -0.9990E+03   -0.9990E+03   -0.9990E+03   -0.9990E+03   -0.9990E+03   -0.9990E+03   -0.9990E+03   -0.9990E+03   -0.9990E+03   -0.9990E+03   -0.9990E+03   -0.9990E+03   -0.9990E+03   -0.9990E+03   -0.9990E+03   -0.9990E+03   -0.9990E+03   -0.9990E+03   -0.9990E+03   -0.9990E+03   -0.9990E+03   -0.9990E+03   -0.9990E+03   -0.9990E+03   -0.9990E+03   -0.9990E+03   -0.9990E+03   -0.9990E+03   -0.9990E+03
   -0.9990E+03   -0.9990E+03   -0.9990E+03   -0.9990E+03   -0.9990E+03   -0.9990E+03   -0.9990E+03   -0.9990E+03   -0.9990E+03   -0.9990E+03   -0.9990E+03   -0.9990E+03   -0.9990E+03   -0.9990E+03   -0.9990E+03   -0.9990E+03   -0.9990E+03   -0.9990E+03   -0.9990E+03   -0.9990E+03   -0.9990E+03   -0.9990E+03   -0.9990E+03   -0.9990E+03   -0.9990E+03   -0.9990E+03   -0.9990E+03   -0.9990E+03   -0.9990E+03   -0.9990E+03   -0.9990E+03   -0.9990E+03   -0.9990E+03   -0.9990E+03   -0.9990E+03   -0.9990E+03   -0.9990E+03   -0.9990E+03   -0.9990E+03   -0.9990E+03   -0.9990E+03   -0.9990E+03   -0.9990E+03   -0.9990E+03   -0.9990E+03   -0.9990E+03   -0.9990E+03   -0.9990E+03   -0.9990E+03   -0.9990E+03   -0.9990E+03   -0.9990E+03   -0.9990E+03   -0.9990E+03   -0.9990E+03   -0.9990E+03   -0.9990E+03    0.1795E+03   -0.9990E+03   -0.9990E+03   -0.9990E+03   -0.9990E+03   -0.9990E+03   -0.9990E+03   -0.9990E+03   -0.9990E+03   -0.9990E+03   -0.9990E+03   -0.9990E+03   -0.9990E+03   -0.9990E+03   -0.9990E+03   -0.9990E+03   -0.9990E+03   -0.9990E+03   -0.9990E+03
   -0.9990E+03   -0.9990E+03   -0.9990E+03   -0.9990E+03   -0.9990E+03   -0.9990E+03   -0.9990E+03   -0.9990E+03   -0.9990E+03   -0.9990E+03   -0.9990E+03   -0.9990E+03   -0.9990E+03   -0.9990E+03   -0.9990E+03   -0.9990E+03   -0.9990E+03   -0.9990E+03   -0.9990E+03   -0.9990E+03   -0.9990E+03   -0.9990E+03   -0.9990E+03   -0.9990E+03   -0.9990E+03   -0.9990E+03   -0.9990E+03   -0.9990E+03   -0.9990E+03   -0.9990E+03   -0.9990E+03   -0.9990E+03   -0.9990E+03   -0.9990E+03   -0.9990E+03   -0.9990E+03   -0.9990E+03   -0.9990E+03   -0.9990E+03   -0.9990E+03   -0.9990E+03   -0.9990E+03   -0.9990E+03   -0.9990E+03   -0.9990E+03   -0.9990E+03   -0.9990E+03   -0.9990E+03   -0.9990E+03   -0.9990E+03   -0.9990E+03   -0.9990E+03   -0.9990E+03   -0.9990E+03   -0.9990E+03   -0.9990E+03   -0.9990E+03    0.1773E+03   -0.9990E+03   -0.9990E+03   -0.9990E+03   -0.9990E+03   -0.9990E+03   -0.9990E+03   -0.9990E+03   -0.9990E+03   -0.9990E+03   -0.9990E+03   -0.9990E+03   -0.9990E+03   -0.9990E+03   -0.9990E+03   -0.9990E+03   -0.9990E+03   -0.9990E+03   -0.9990E+03
   -0.9990E+03   -0.9990E+03   -0.9990E+03   -0.9990E+03   -0.9990E+03   -0.9990E+03   -0.9990E+03   -0.9990E+03   -0.9990E+03   -0.9990E+03   -0.9990E+03   -0.9990E+03   -0.9990E+03   -0.9990E+03   -0.9990E+03   -0.9990E+03   -0.9990E+03   -0.9990E+03   -0.9990E+03   -0.9990E+03   -0.9990E+03   -0.9990E+03   -0.9990E+03   -0.9990E+03   -0.9990E+03   -0.9990E+03   -0.9990E+03   -0.9990E+03   -0.9990E+03   -0.9990E+03   -0.9990E+03   -0.9990E+03   -0.9990E+03   -0.9990E+03   -0.9990E+03   -0.9990E+03   -0.9990E+03   -0.9990E+03   -0.9990E+03   -0.9990E+03   -0.9990E+03   -0.9990E+03   -0.9990E+03   -0.9990E+03   -0.9990E+03   -0.9990E+03   -0.9990E+03   -0.9990E+03   -0.9990E+03   -0.9990E+03   -0.9990E+03   -0.9990E+03   -0.9990E+03   -0.9990E+03   -0.9990E+03   -0.9990E+03   -0.9990E+03    0.1831E+03   -0.9990E+03   -0.9990E+03   -0.9990E+03   -0.9990E+03    0.1673E+03   -0.9990E+03   -0.9990E+03   -0.9990E+03   -0.9990E+03   -0.9990E+03   -0.9990E+03   -0.9990E+03   -0.9990E+03   -0.9990E+03   -0.9990E+03   -0.9990E+03   -0.9990E+03   -0.9990E+03
   -0.9990E+03   -0.9990E+03   -0.9990E+03   -0.9990E+03   -0.9990E+03   -0.9990E+03   -0.9990E+03   -0.9990E+03   -0.9990E+03   -0.9990E+03   -0.9990E+03   -0.9990E+03   -0.9990E+03   -0.9990E+03   -0.9990E+03   -0.9990E+03   -0.9990E+03   -0.9990E+03   -0.9990E+03   -0.9990E+03   -0.9990E+03   -0.9990E+03   -0.9990E+03   -0.9990E+03   -0.9990E+03   -0.9990E+03   -0.9990E+03   -0.9990E+03   -0.9990E+03   -0.9990E+03   -0.9990E+03   -0.9990E+03   -0.9990E+03   -0.9990E+03   -0.9990E+03   -0.9990E+03   -0.9990E+03   -0.9990E+03   -0.9990E+03   -0.9990E+03   -0.9990E+03   -0.9990E+03   -0.9990E+03   -0.9990E+03   -0.9990E+03   -0.9990E+03   -0.9990E+03   -0.9990E+03   -0.9990E+03   -0.9990E+03   -0.9990E+03   -0.9990E+03   -0.9990E+03   -0.9990E+03   -0.9990E+03   -0.9990E+03   -0.9990E+03   -0.9990E+03   -0.9990E+03   -0.9990E+03   -0.9990E+03   -0.9990E+03   -0.9990E+03   -0.9990E+03   -0.9990E+03   -0.9990E+03   -0.9990E+03   -0.9990E+03   -0.9990E+03   -0.9990E+03   -0.9990E+03   -0.9990E+03   -0.9990E+03   -0.9990E+03   -0.9990E+03   -0.9990E+03
   -0.9990E+03   -0.9990E+03   -0.9990E+03   -0.9990E+03   -0.9990E+03   -0.9990E+03   -0.9990E+03   -0.9990E+03   -0.9990E+03   -0.9990E+03   -0.9990E+03   -0.9990E+03   -0.9990E+03   -0.9990E+03   -0.9990E+03   -0.9990E+03   -0.9990E+03   -0.9990E+03   -0.9990E+03   -0.9990E+03   -0.9990E+03   -0.9990E+03   -0.9990E+03   -0.9990E+03   -0.9990E+03   -0.9990E+03   -0.9990E+03   -0.9990E+03   -0.9990E+03   -0.9990E+03   -0.9990E+03   -0.9990E+03   -0.9990E+03   -0.9990E+03   -0.9990E+03   -0.9990E+03   -0.9990E+03   -0.9990E+03   -0.9990E+03   -0.9990E+03   -0.9990E+03   -0.9990E+03   -0.9990E+03   -0.9990E+03   -0.9990E+03   -0.9990E+03   -0.9990E+03   -0.9990E+03   -0.9990E+03   -0.9990E+03   -0.9990E+03   -0.9990E+03   -0.9990E+03   -0.9990E+03   -0.9990E+03   -0.9990E+03   -0.9990E+03   -0.9990E+03   -0.9990E+03   -0.9990E+03   -0.9990E+03    0.1591E+03   -0.9990E+03   -0.9990E+03   -0.9990E+03   -0.9990E+03   -0.9990E+03   -0.9990E+03   -0.9990E+03   -0.9990E+03   -0.9990E+03   -0.9990E+03   -0.9990E+03   -0.9990E+03   -0.9990E+03   -0.9990E+03
   -0.9990E+03   -0.9990E+03   -0.9990E+03   -0.9990E+03   -0.9990E+03   -0.9990E+03   -0.9990E+03   -0.9990E+03   -0.9990E+03   -0.9990E+03   -0.9990E+03   -0.9990E+03   -0.9990E+03   -0.9990E+03   -0.9990E+03   -0.9990E+03   -0.9990E+03   -0.9990E+03   -0.9990E+03   -0.9990E+03   -0.9990E+03   -0.9990E+03   -0.9990E+03   -0.9990E+03   -0.9990E+03   -0.9990E+03   -0.9990E+03   -0.9990E+03   -0.9990E+03   -0.9990E+03   -0.9990E+03   -0.9990E+03   -0.9990E+03   -0.9990E+03   -0.9990E+03   -0.9990E+03   -0.9990E+03   -0.9990E+03   -0.9990E+03   -0.9990E+03   -0.9990E+03   -0.9990E+03   -0.9990E+03   -0.9990E+03   -0.9990E+03   -0.9990E+03   -0.9990E+03   -0.9990E+03   -0.9990E+03   -0.9990E+03   -0.9990E+03   -0.9990E+03   -0.9990E+03   -0.9990E+03   -0.9990E+03   -0.9990E+03   -0.9990E+03   -0.9990E+03   -0.9990E+03   -0.9990E+03   -0.9990E+03   -0.9990E+03   -0.9990E+03   -0.9990E+03   -0.9990E+03   -0.9990E+03   -0.9990E+03   -0.9990E+03   -0.9990E+03   -0.9990E+03   -0.9990E+03   -0.9990E+03   -0.9990E+03   -0.9990E+03   -0.9990E+03   -0.9990E+03
   -0.9990E+03   -0.9990E+03   -0.9990E+03   -0.9990E+03   -0.9990E+03   -0.9990E+03   -0.9990E+03   -0.9990E+03   -0.9990E+03   -0.9990E+03   -0.9990E+03   -0.9990E+03   -0.9990E+03   -0.9990E+03   -0.9990E+03   -0.9990E+03   -0.9990E+03   -0.9990E+03   -0.9990E+03   -0.9990E+03   -0.9990E+03   -0.9990E+03   -0.9990E+03   -0.9990E+03   -0.9990E+03   -0.9990E+03   -0.9990E+03   -0.9990E+03   -0.9990E+03   -0.9990E+03   -0.9990E+03   -0.9990E+03   -0.9990E+03   -0.9990E+03   -0.9990E+03   -0.9990E+03   -0.9990E+03   -0.9990E+03   -0.9990E+03   -0.9990E+03   -0.9990E+03   -0.9990E+03   -0.9990E+03   -0.9990E+03   -0.9990E+03   -0.9990E+03   -0.9990E+03   -0.9990E+03   -0.9990E+03   -0.9990E+03   -0.9990E+03   -0.9990E+03   -0.9990E+03   -0.9990E+03   -0.9990E+03   -0.9990E+03   -0.9990E+03   -0.9990E+03   -0.9990E+03   -0.9990E+03   -0.9990E+03   -0.9990E+03   -0.9990E+03   -0.9990E+03   -0.9990E+03   -0.9990E+03   -0.9990E+03   -0.9990E+03   -0.9990E+03   -0.9990E+03   -0.9990E+03   -0.9990E+03   -0.9990E+03   -0.9990E+03   -0.9990E+03   -0.9990E+03
   -0.9990E+03   -0.9990E+03   -0.9990E+03   -0.9990E+03   -0.9990E+03   -0.9990E+03   -0.9990E+03   -0.9990E+03   -0.9990E+03   -0.9990E+03   -0.9990E+03   -0.9990E+03   -0.9990E+03   -0.9990E+03   -0.9990E+03   -0.9990E+03   -0.9990E+03   -0.9990E+03   -0.9990E+03   -0.9990E+03   -0.9990E+03   -0.9990E+03   -0.9990E+03   -0.9990E+03   -0.9990E+03   -0.9990E+03   -0.9990E+03   -0.9990E+03   -0.9990E+03   -0.9990E+03   -0.9990E+03   -0.9990E+03   -0.9990E+03   -0.9990E+03   -0.9990E+03   -0.9990E+03   -0.9990E+03   -0.9990E+03   -0.9990E+03   -0.9990E+03   -0.9990E+03   -0.9990E+03   -0.9990E+03   -0.9990E+03   -0.9990E+03   -0.9990E+03   -0.9990E+03   -0.9990E+03   -0.9990E+03   -0.9990E+03   -0.9990E+03   -0.9990E+03   -0.9990E+03   -0.9990E+03   -0.9990E+03   -0.9990E+03   -0.9990E+03   -0.9990E+03   -0.9990E+03   -0.9990E+03   -0.9990E+03   -0.9990E+03   -0.9990E+03   -0.9990E+03   -0.9990E+03   -0.9990E+03   -0.9990E+03   -0.9990E+03   -0.9990E+03   -0.9990E+03   -0.9990E+03   -0.9990E+03   -0.9990E+03   -0.9990E+03   -0.9990E+03   -0.9990E+03
   -0.9990E+03   -0.9990E+03   -0.9990E+03   -0.9990E+03   -0.9990E+03   -0.9990E+03   -0.9990E+03   -0.9990E+03   -0.9990E+03   -0.9990E+03   -0.9990E+03   -0.9990E+03   -0.9990E+03   -0.9990E+03   -0.9990E+03   -0.9990E+03   -0.9990E+03   -0.9990E+03   -0.9990E+03   -0.9990E+03   -0.9990E+03   -0.9990E+03   -0.9990E+03   -0.9990E+03   -0.9990E+03   -0.9990E+03   -0.9990E+03   -0.9990E+03   -0.9990E+03   -0.9990E+03   -0.9990E+03   -0.9990E+03   -0.9990E+03   -0.9990E+03   -0.9990E+03   -0.9990E+03   -0.9990E+03   -0.9990E+03   -0.9990E+03   -0.9990E+03   -0.9990E+03   -0.9990E+03   -0.9990E+03   -0.9990E+03   -0.9990E+03   -0.9990E+03   -0.9990E+03   -0.9990E+03   -0.9990E+03   -0.9990E+03   -0.9990E+03   -0.9990E+03   -0.9990E+03   -0.9990E+03   -0.9990E+03   -0.9990E+03   -0.9990E+03   -0.9990E+03   -0.9990E+03   -0.9990E+03   -0.9990E+03   -0.9990E+03   -0.9990E+03   -0.9990E+03   -0.9990E+03   -0.9990E+03   -0.9990E+03   -0.9990E+03   -0.9990E+03   -0.9990E+03   -0.9990E+03   -0.9990E+03   -0.9990E+03   -0.9990E+03   -0.9990E+03   -0.9990E+03
   -0.9990E+03   -0.9990E+03   -0.9990E+03   -0.9990E+03   -0.9990E+03   -0.9990E+03   -0.9990E+03   -0.9990E+03   -0.9990E+03   -0.9990E+03   -0.9990E+03   -0.9990E+03   -0.9990E+03   -0.9990E+03   -0.9990E+03   -0.9990E+03   -0.9990E+03   -0.9990E+03   -0.9990E+03   -0.9990E+03   -0.9990E+03   -0.9990E+03   -0.9990E+03   -0.9990E+03   -0.9990E+03   -0.9990E+03   -0.9990E+03   -0.9990E+03   -0.9990E+03   -0.9990E+03   -0.9990E+03   -0.9990E+03   -0.9990E+03   -0.9990E+03   -0.9990E+03   -0.9990E+03   -0.9990E+03   -0.9990E+03   -0.9990E+03   -0.9990E+03   -0.9990E+03   -0.9990E+03   -0.9990E+03   -0.9990E+03   -0.9990E+03   -0.9990E+03   -0.9990E+03   -0.9990E+03   -0.9990E+03   -0.9990E+03   -0.9990E+03   -0.9990E+03   -0.9990E+03   -0.9990E+03   -0.9990E+03   -0.9990E+03   -0.9990E+03   -0.9990E+03   -0.9990E+03   -0.9990E+03   -0.9990E+03   -0.9990E+03   -0.9990E+03   -0.9990E+03   -0.9990E+03   -0.9990E+03   -0.9990E+03   -0.9990E+03   -0.9990E+03   -0.9990E+03   -0.9990E+03   -0.9990E+03   -0.9990E+03   -0.9990E+03   -0.9990E+03   -0.9990E+03
   -0.9990E+03   -0.9990E+03   -0.9990E+03   -0.9990E+03   -0.9990E+03   -0.9990E+03   -0.9990E+03   -0.9990E+03   -0.9990E+03   -0.9990E+03   -0.9990E+03   -0.9990E+03   -0.9990E+03   -0.9990E+03   -0.9990E+03   -0.9990E+03   -0.9990E+03   -0.9990E+03   -0.9990E+03   -0.9990E+03   -0.9990E+03   -0.9990E+03   -0.9990E+03   -0.9990E+03   -0.9990E+03   -0.9990E+03   -0.9990E+03   -0.9990E+03   -0.9990E+03   -0.9990E+03   -0.9990E+03   -0.9990E+03   -0.9990E+03   -0.9990E+03   -0.9990E+03   -0.9990E+03   -0.9990E+03   -0.9990E+03   -0.9990E+03   -0.9990E+03   -0.9990E+03   -0.9990E+03   -0.9990E+03   -0.9990E+03   -0.9990E+03   -0.9990E+03   -0.9990E+03   -0.9990E+03   -0.9990E+03   -0.9990E+03   -0.9990E+03   -0.9990E+03   -0.9990E+03   -0.9990E+03   -0.9990E+03   -0.9990E+03   -0.9990E+03   -0.9990E+03   -0.9990E+03   -0.9990E+03   -0.9990E+03   -0.9990E+03   -0.9990E+03   -0.9990E+03   -0.9990E+03   -0.9990E+03   -0.9990E+03   -0.9990E+03   -0.9990E+03   -0.9990E+03   -0.9990E+03   -0.9990E+03   -0.9990E+03   -0.9990E+03   -0.9990E+03   -0.9990E+03
   -0.9990E+03   -0.9990E+03   -0.9990E+03   -0.9990E+03   -0.9990E+03   -0.9990E+03   -0.9990E+03   -0.9990E+03   -0.9990E+03   -0.9990E+03   -0.9990E+03   -0.9990E+03   -0.9990E+03   -0.9990E+03   -0.9990E+03   -0.9990E+03   -0.9990E+03   -0.9990E+03   -0.9990E+03   -0.9990E+03   -0.9990E+03   -0.9990E+03   -0.9990E+03   -0.9990E+03   -0.9990E+03   -0.9990E+03   -0.9990E+03   -0.9990E+03   -0.9990E+03   -0.9990E+03   -0.9990E+03   -0.9990E+03   -0.9990E+03   -0.9990E+03   -0.9990E+03   -0.9990E+03   -0.9990E+03   -0.9990E+03   -0.9990E+03   -0.9990E+03   -0.9990E+03   -0.9990E+03   -0.9990E+03   -0.9990E+03   -0.9990E+03   -0.9990E+03   -0.9990E+03   -0.9990E+03   -0.9990E+03   -0.9990E+03   -0.9990E+03   -0.9990E+03   -0.9990E+03   -0.9990E+03   -0.9990E+03   -0.9990E+03   -0.9990E+03   -0.9990E+03   -0.9990E+03   -0.9990E+03   -0.9990E+03   -0.9990E+03   -0.9990E+03   -0.9990E+03   -0.9990E+03   -0.9990E+03   -0.9990E+03   -0.9990E+03   -0.9990E+03   -0.9990E+03   -0.9990E+03   -0.9990E+03   -0.9990E+03   -0.9990E+03   -0.9990E+03   -0.9990E+03
   -0.9990E+03   -0.9990E+03   -0.9990E+03   -0.9990E+03   -0.9990E+03   -0.9990E+03   -0.9990E+03   -0.9990E+03   -0.9990E+03   -0.9990E+03   -0.9990E+03   -0.9990E+03   -0.9990E+03   -0.9990E+03   -0.9990E+03   -0.9990E+03   -0.9990E+03   -0.9990E+03   -0.9990E+03   -0.9990E+03   -0.9990E+03   -0.9990E+03   -0.9990E+03   -0.9990E+03   -0.9990E+03   -0.9990E+03   -0.9990E+03   -0.9990E+03   -0.9990E+03   -0.9990E+03   -0.9990E+03   -0.9990E+03   -0.9990E+03   -0.9990E+03   -0.9990E+03   -0.9990E+03   -0.9990E+03   -0.9990E+03   -0.9990E+03   -0.9990E+03   -0.9990E+03   -0.9990E+03   -0.9990E+03   -0.9990E+03   -0.9990E+03   -0.9990E+03   -0.9990E+03   -0.9990E+03   -0.9990E+03   -0.9990E+03   -0.9990E+03   -0.9990E+03   -0.9990E+03   -0.9990E+03   -0.9990E+03   -0.9990E+03   -0.9990E+03   -0.9990E+03   -0.9990E+03   -0.9990E+03   -0.9990E+03   -0.9990E+03   -0.9990E+03   -0.9990E+03   -0.9990E+03   -0.9990E+03   -0.9990E+03   -0.9990E+03   -0.9990E+03   -0.9990E+03   -0.9990E+03   -0.9990E+03   -0.9990E+03   -0.9990E+03   -0.9990E+03   -0.9990E+03
   -0.9990E+03   -0.9990E+03   -0.9990E+03   -0.9990E+03   -0.9990E+03   -0.9990E+03   -0.9990E+03   -0.9990E+03   -0.9990E+03   -0.9990E+03   -0.9990E+03   -0.9990E+03   -0.9990E+03   -0.9990E+03   -0.9990E+03   -0.9990E+03   -0.9990E+03   -0.9990E+03   -0.9990E+03   -0.9990E+03   -0.9990E+03   -0.9990E+03   -0.9990E+03   -0.9990E+03   -0.9990E+03   -0.9990E+03   -0.9990E+03   -0.9990E+03   -0.9990E+03   -0.9990E+03   -0.9990E+03   -0.9990E+03   -0.9990E+03   -0.9990E+03   -0.9990E+03   -0.9990E+03   -0.9990E+03   -0.9990E+03   -0.9990E+03   -0.9990E+03   -0.9990E+03   -0.9990E+03   -0.9990E+03   -0.9990E+03   -0.9990E+03   -0.9990E+03   -0.9990E+03   -0.9990E+03   -0.9990E+03   -0.9990E+03   -0.9990E+03   -0.9990E+03   -0.9990E+03   -0.9990E+03   -0.9990E+03   -0.9990E+03   -0.9990E+03   -0.9990E+03   -0.9990E+03   -0.9990E+03   -0.9990E+03   -0.9990E+03   -0.9990E+03   -0.9990E+03   -0.9990E+03   -0.9990E+03   -0.9990E+03   -0.9990E+03   -0.9990E+03   -0.9990E+03   -0.9990E+03   -0.9990E+03   -0.9990E+03   -0.9990E+03   -0.9990E+03   -0.9990E+03
   -0.9990E+03   -0.9990E+03   -0.9990E+03   -0.9990E+03   -0.9990E+03   -0.9990E+03   -0.9990E+03   -0.9990E+03   -0.9990E+03   -0.9990E+03   -0.9990E+03   -0.9990E+03   -0.9990E+03   -0.9990E+03   -0.9990E+03   -0.9990E+03   -0.9990E+03   -0.9990E+03   -0.9990E+03   -0.9990E+03   -0.9990E+03   -0.9990E+03   -0.9990E+03   -0.9990E+03   -0.9990E+03   -0.9990E+03   -0.9990E+03   -0.9990E+03   -0.9990E+03   -0.9990E+03   -0.9990E+03   -0.9990E+03   -0.9990E+03   -0.9990E+03   -0.9990E+03   -0.9990E+03   -0.9990E+03   -0.9990E+03   -0.9990E+03   -0.9990E+03   -0.9990E+03   -0.9990E+03   -0.9990E+03   -0.9990E+03   -0.9990E+03   -0.9990E+03   -0.9990E+03   -0.9990E+03   -0.9990E+03   -0.9990E+03   -0.9990E+03   -0.9990E+03   -0.9990E+03   -0.9990E+03   -0.9990E+03   -0.9990E+03   -0.9990E+03   -0.9990E+03   -0.9990E+03   -0.9990E+03   -0.9990E+03   -0.9990E+03   -0.9990E+03   -0.9990E+03   -0.9990E+03   -0.9990E+03   -0.9990E+03   -0.9990E+03   -0.9990E+03   -0.9990E+03   -0.9990E+03   -0.9990E+03   -0.9990E+03   -0.9990E+03   -0.9990E+03   -0.9990E+03
   -0.9990E+03   -0.9990E+03   -0.9990E+03   -0.9990E+03   -0.9990E+03   -0.9990E+03   -0.9990E+03   -0.9990E+03   -0.9990E+03   -0.9990E+03   -0.9990E+03   -0.9990E+03   -0.9990E+03   -0.9990E+03   -0.9990E+03   -0.9990E+03   -0.9990E+03   -0.9990E+03   -0.9990E+03   -0.9990E+03   -0.9990E+03   -0.9990E+03   -0.9990E+03   -0.9990E+03   -0.9990E+03   -0.9990E+03   -0.9990E+03   -0.9990E+03   -0.9990E+03   -0.9990E+03   -0.9990E+03   -0.9990E+03   -0.9990E+03   -0.9990E+03   -0.9990E+03   -0.9990E+03   -0.9990E+03   -0.9990E+03   -0.9990E+03   -0.9990E+03   -0.9990E+03   -0.9990E+03   -0.9990E+03   -0.9990E+03   -0.9990E+03   -0.9990E+03   -0.9990E+03   -0.9990E+03   -0.9990E+03   -0.9990E+03   -0.9990E+03   -0.9990E+03   -0.9990E+03    0.1961E+03   -0.9990E+03   -0.9990E+03   -0.9990E+03   -0.9990E+03   -0.9990E+03   -0.9990E+03   -0.9990E+03   -0.9990E+03   -0.9990E+03   -0.9990E+03   -0.9990E+03   -0.9990E+03   -0.9990E+03   -0.9990E+03   -0.9990E+03   -0.9990E+03   -0.9990E+03   -0.9990E+03   -0.9990E+03   -0.9990E+03   -0.9990E+03   -0.9990E+03
   -0.9990E+03   -0.9990E+03   -0.9990E+03   -0.9990E+03   -0.9990E+03   -0.9990E+03   -0.9990E+03   -0.9990E+03   -0.9990E+03   -0.9990E+03   -0.9990E+03   -0.9990E+03   -0.9990E+03   -0.9990E+03   -0.9990E+03   -0.9990E+03   -0.9990E+03   -0.9990E+03   -0.9990E+03   -0.9990E+03   -0.9990E+03   -0.9990E+03   -0.9990E+03   -0.9990E+03   -0.9990E+03   -0.9990E+03   -0.9990E+03   -0.9990E+03   -0.9990E+03   -0.9990E+03   -0.9990E+03   -0.9990E+03   -0.9990E+03   -0.9990E+03   -0.9990E+03   -0.9990E+03   -0.9990E+03   -0.9990E+03   -0.9990E+03   -0.9990E+03   -0.9990E+03   -0.9990E+03   -0.9990E+03   -0.9990E+03    0.1694E+03    0.1486E+03   -0.9990E+03   -0.9990E+03   -0.9990E+03   -0.9990E+03   -0.9990E+03   -0.9990E+03    0.1489E+03    0.1463E+03   -0.9990E+03   -0.9990E+03   -0.9990E+03   -0.9990E+03   -0.9990E+03   -0.9990E+03   -0.9990E+03    0.1772E+03   -0.9990E+03   -0.9990E+03   -0.9990E+03   -0.9990E+03   -0.9990E+03   -0.9990E+03   -0.9990E+03   -0.9990E+03   -0.9990E+03   -0.9990E+03   -0.9990E+03   -0.9990E+03   -0.9990E+03   -0.9990E+03
   -0.9990E+03   -0.9990E+03   -0.9990E+03   -0.9990E+03   -0.9990E+03   -0.9990E+03   -0.9990E+03   -0.9990E+03   -0.9990E+03   -0.9990E+03   -0.9990E+03   -0.9990E+03   -0.9990E+03   -0.9990E+03   -0.9990E+03   -0.9990E+03   -0.9990E+03   -0.9990E+03   -0.9990E+03   -0.9990E+03   -0.9990E+03   -0.9990E+03   -0.9990E+03   -0.9990E+03   -0.9990E+03   -0.9990E+03   -0.9990E+03   -0.9990E+03   -0.9990E+03   -0.9990E+03   -0.9990E+03   -0.9990E+03   -0.9990E+03   -0.9990E+03   -0.9990E+03   -0.9990E+03   -0.9990E+03   -0.9990E+03   -0.9990E+03   -0.9990E+03   -0.9990E+03   -0.9990E+03   -0.9990E+03   -0.9990E+03    0.1479E+03    0.1522E+03    0.1476E+03    0.2499E+03    0.1463E+03    0.1468E+03    0.1463E+03   -0.9990E+03    0.1656E+03    0.1456E+03   -0.9990E+03   -0.9990E+03   -0.9990E+03   -0.9990E+03   -0.9990E+03   -0.9990E+03   -0.9990E+03    0.1380E+03   -0.9990E+03   -0.9990E+03   -0.9990E+03   -0.9990E+03   -0.9990E+03   -0.9990E+03   -0.9990E+03   -0.9990E+03   -0.9990E+03   -0.9990E+03   -0.9990E+03   -0.9990E+03   -0.9990E+03   -0.9990E+03
   -0.9990E+03   -0.9990E+03   -0.9990E+03   -0.9990E+03   -0.9990E+03   -0.9990E+03   -0.9990E+03   -0.9990E+03   -0.9990E+03   -0.9990E+03   -0.9990E+03   -0.9990E+03   -0.9990E+03   -0.9990E+03   -0.9990E+03   -0.9990E+03   -0.9990E+03   -0.9990E+03   -0.9990E+03   -0.9990E+03   -0.9990E+03   -0.9990E+03   -0.9990E+03   -0.9990E+03   -0.9990E+03   -0.9990E+03   -0.9990E+03   -0.9990E+03   -0.9990E+03   -0.9990E+03   -0.9990E+03   -0.9990E+03   -0.9990E+03   -0.9990E+03   -0.9990E+03   -0.9990E+03   -0.9990E+03    0.1472E+03   -0.9990E+03   -0.9990E+03   -0.9990E+03   -0.9990E+03   -0.9990E+03   -0.9990E+03   -0.9990E+03    0.1825E+03    0.1482E+03    0.1464E+03    0.1465E+03    0.1463E+03    0.1866E+03   -0.9990E+03    0.1447E+03    0.1440E+03   -0.9990E+03   -0.9990E+03   -0.9990E+03   -0.9990E+03   -0.9990E+03   -0.9990E+03    0.1920E+03    0.1375E+03   -0.9990E+03   -0.9990E+03   -0.9990E+03   -0.9990E+03   -0.9990E+03   -0.9990E+03   -0.9990E+03   -0.9990E+03   -0.9990E+03   -0.9990E+03   -0.9990E+03   -0.9990E+03   -0.9990E+03   -0.9990E+03
   -0.9990E+03   -0.9990E+03   -0.9990E+03   -0.9990E+03   -0.9990E+03   -0.9990E+03   -0.9990E+03   -0.9990E+03   -0.9990E+03   -0.9990E+03   -0.9990E+03   -0.9990E+03   -0.9990E+03   -0.9990E+03   -0.9990E+03   -0.9990E+03   -0.9990E+03   -0.9990E+03   -0.9990E+03   -0.9990E+03   -0.9990E+03   -0.9990E+03   -0.9990E+03   -0.9990E+03   -0.9990E+03   -0.9990E+03   -0.9990E+03   -0.9990E+03   -0.9990E+03   -0.9990E+03   -0.9990E+03   -0.9990E+03   -0.9990E+03   -0.9990E+03   -0.9990E+03   -0.9990E+03    0.1476E+03    0.1474E+03   -0.9990E+03   -0.9990E+03   -0.9990E+03   -0.9990E+03   -0.9990E+03   -0.9990E+03   -0.9990E+03    0.2537E+03    0.1475E+03    0.1469E+03    0.1461E+03    0.1462E+03    0.1450E+03    0.1431E+03    0.1445E+03   -0.9990E+03   -0.9990E+03   -0.9990E+03   -0.9990E+03   -0.9990E+03   -0.9990E+03   -0.9990E+03   -0.9990E+03   -0.9990E+03   -0.9990E+03   -0.9990E+03   -0.9990E+03   -0.9990E+03   -0.9990E+03   -0.9990E+03   -0.9990E+03   -0.9990E+03   -0.9990E+03   -0.9990E+03   -0.9990E+03   -0.9990E+03   -0.9990E+03   -0.9990E+03
   -0.9990E+03   -0.9990E+03   -0.9990E+03   -0.9990E+03   -0.9990E+03   -0.9990E+03   -0.9990E+03   -0.9990E+03   -0.9990E+03   -0.9990E+03   -0.9990E+03   -0.9990E+03   -0.9990E+03   -0.9990E+03   -0.9990E+03   -0.9990E+03   -0.9990E+03   -0.9990E+03   -0.9990E+03   -0.9990E+03   -0.9990E+03   -0.9990E+03   -0.9990E+03   -0.9990E+03   -0.9990E+03   -0.9990E+03   -0.9990E+03   -0.9990E+03   -0.9990E+03   -0.9990E+03   -0.9990E+03   -0.9990E+03   -0.9990E+03   -0.9990E+03   -0.9990E+03   -0.9990E+03   -0.9990E+03    0.1475E+03   -0.9990E+03   -0.9990E+03    0.1531E+03    0.1477E+03   -0.9990E+03   -0.9990E+03    0.2131E+03    0.1467E+03    0.1464E+03    0.1469E+03    0.1460E+03    0.1449E+03    0.1449E+03    0.1443E+03    0.2463E+03   -0.9990E+03   -0.9990E+03   -0.9990E+03   -0.9990E+03   -0.9990E+03   -0.9990E+03   -0.9990E+03   -0.9990E+03   -0.9990E+03   -0.9990E+03   -0.9990E+03   -0.9990E+03   -0.9990E+03   -0.9990E+03   -0.9990E+03   -0.9990E+03   -0.9990E+03   -0.9990E+03   -0.9990E+03   -0.9990E+03   -0.9990E+03   -0.9990E+03   -0.9990E+03
   -0.9990E+03   -0.9990E+03   -0.9990E+03   -0.9990E+03   -0.9990E+03   -0.9990E+03   -0.9990E+03   -0.9990E+03   -0.9990E+03   -0.9990E+03   -0.9990E+03   -0.9990E+03   -0.9990E+03   -0.9990E+03   -0.9990E+03   -0.9990E+03   -0.9990E+03   -0.9990E+03   -0.9990E+03   -0.9990E+03   -0.9990E+03   -0.9990E+03   -0.9990E+03   -0.9990E+03   -0.9990E+03   -0.9990E+03   -0.9990E+03   -0.9990E+03   -0.9990E+03   -0.9990E+03   -0.9990E+03   -0.9990E+03   -0.9990E+03   -0.9990E+03   -0.9990E+03   -0.9990E+03   -0.9990E+03    0.1561E+03   -0.9990E+03    0.2286E+03    0.1472E+03    0.1485E+03    0.1472E+03    0.1475E+03    0.1474E+03    0.1472E+03    0.1457E+03    0.1462E+03    0.1455E+03    0.1441E+03    0.1428E+03    0.1425E+03    0.1416E+03   -0.9990E+03    0.1388E+03   -0.9990E+03   -0.9990E+03   -0.9990E+03   -0.9990E+03   -0.9990E+03   -0.9990E+03   -0.9990E+03   -0.9990E+03   -0.9990E+03   -0.9990E+03   -0.9990E+03   -0.9990E+03   -0.9990E+03   -0.9990E+03   -0.9990E+03   -0.9990E+03   -0.9990E+03   -0.9990E+03   -0.9990E+03   -0.9990E+03   -0.9990E+03
   -0.9990E+03   -0.9990E+03   -0.9990E+03   -0.9990E+03   -0.9990E+03   -0.9990E+03   -0.9990E+03   -0.9990E+03   -0.9990E+03   -0.9990E+03   -0.9990E+03   -0.9990E+03   -0.9990E+03   -0.9990E+03   -0.9990E+03   -0.9990E+03   -0.9990E+03   -0.9990E+03   -0.9990E+03   -0.9990E+03   -0.9990E+03   -0.9990E+03   -0.9990E+03   -0.9990E+03   -0.9990E+03   -0.9990E+03   -0.9990E+03   -0.9990E+03   -0.9990E+03   -0.9990E+03   -0.9990E+03   -0.9990E+03   -0.9990E+03   -0.9990E+03   -0.9990E+03   -0.9990E+03   -0.9990E+03   -0.9990E+03   -0.9990E+03   -0.9990E+03    0.1804E+03    0.1645E+03    0.2523E+03    0.2537E+03    0.1501E+03    0.1474E+03    0.1459E+03    0.1456E+03    0.1439E+03    0.1422E+03    0.1402E+03    0.1407E+03    0.1386E+03    0.2227E+03    0.1382E+03    0.1923E+03   -0.9990E+03    0.1365E+03   -0.9990E+03   -0.9990E+03   -0.9990E+03   -0.9990E+03   -0.9990E+03   -0.9990E+03   -0.9990E+03   -0.9990E+03   -0.9990E+03   -0.9990E+03   -0.9990E+03   -0.9990E+03   -0.9990E+03   -0.9990E+03   -0.9990E+03   -0.9990E+03   -0.9990E+03   -0.9990E+03
   -0.9990E+03   -0.9990E+03   -0.9990E+03   -0.9990E+03   -0.9990E+03   -0.9990E+03   -0.9990E+03   -0.9990E+03   -0.9990E+03   -0.9990E+03   -0.9990E+03   -0.9990E+03   -0.9990E+03   -0.9990E+03   -0.9990E+03   -0.9990E+03   -0.9990E+03   -0.9990E+03   -0.9990E+03   -0.9990E+03   -0.9990E+03   -0.9990E+03   -0.9990E+03   -0.9990E+03   -0.9990E+03   -0.9990E+03   -0.9990E+03   -0.9990E+03   -0.9990E+03   -0.9990E+03   -0.9990E+03   -0.9990E+03   -0.9990E+03   -0.9990E+03   -0.9990E+03   -0.9990E+03   -0.9990E+03   -0.9990E+03   -0.9990E+03   -0.9990E+03   -0.9990E+03   -0.9990E+03   -0.9990E+03    0.2347E+03    0.1468E+03    0.1474E+03    0.1463E+03    0.1434E+03    0.1421E+03    0.1400E+03    0.1389E+03    0.1385E+03    0.1366E+03   -0.9990E+03    0.2089E+03   -0.9990E+03    0.1346E+03    0.1346E+03    0.2160E+03   -0.9990E+03   -0.9990E+03   -0.9990E+03   -0.9990E+03   -0.9990E+03   -0.9990E+03   -0.9990E+03   -0.9990E+03   -0.9990E+03   -0.9990E+03   -0.9990E+03   -0.9990E+03   -0.9990E+03   -0.9990E+03   -0.9990E+03   -0.9990E+03   -0.9990E+03
   -0.9990E+03   -0.9990E+03   -0.9990E+03   -0.9990E+03   -0.9990E+03   -0.9990E+03   -0.9990E+03   -0.9990E+03   -0.9990E+03   -0.9990E+03   -0.9990E+03   -0.9990E+03   -0.9990E+03   -0.9990E+03   -0.9990E+03   -0.9990E+03   -0.9990E+03   -0.9990E+03   -0.9990E+03   -0.9990E+03   -0.9990E+03   -0.9990E+03   -0.9990E+03   -0.9990E+03   -0.9990E+03   -0.9990E+03   -0.9990E+03   -0.9990E+03   -0.9990E+03   -0.9990E+03   -0.9990E+03   -0.9990E+03   -0.9990E+03   -0.9990E+03   -0.9990E+03   -0.9990E+03    0.1455E+03   -0.9990E+03   -0.9990E+03   -0.9990E+03   -0.9990E+03   -0.9990E+03    0.2100E+03    0.1426E+03    0.1444E+03    0.1462E+03    0.1439E+03    0.1400E+03    0.1387E+03    0.1351E+03    0.1342E+03    0.1330E+03    0.1322E+03    0.1330E+03    0.1334E+03    0.1343E+03    0.1337E+03    0.1316E+03    0.1293E+03   -0.9990E+03   -0.9990E+03   -0.9990E+03   -0.9990E+03   -0.9990E+03   -0.9990E+03   -0.9990E+03   -0.9990E+03   -0.9990E+03   -0.9990E+03   -0.9990E+03   -0.9990E+03   -0.9990E+03   -0.9990E+03   -0.9990E+03   -0.9990E+03   -0.9990E+03
   -0.9990E+03   -0.9990E+03   -0.9990E+03   -0.9990E+03   -0.9990E+03   -0.9990E+03   -0.9990E+03   -0.9990E+03   -0.9990E+03   -0.9990E+03   -0.9990E+03   -0.9990E+03   -0.9990E+03   -0.9990E+03   -0.9990E+03   -0.9990E+03   -0.9990E+03   -0.9990E+03   -0.9990E+03   -0.9990E+03   -0.9990E+03   -0.9990E+03   -0.9990E+03   -0.9990E+03   -0.9990E+03   -0.9990E+03   -0.9990E+03   -0.9990E+03   -0.9990E+03   -0.9990E+03   -0.9990E+03   -0.9990E+03   -0.9990E+03   -0.9990E+03   -0.9990E+03    0.1486E+03    0.1407E+03   -0.9990E+03   -0.9990E+03   -0.9990E+03   -0.9990E+03   -0.9990E+03   -0.9990E+03    0.1390E+03    0.1390E+03    0.1396E+03    0.1386E+03    0.1355E+03    0.1343E+03    0.1310E+03    0.1290E+03    0.1289E+03    0.1305E+03    0.1302E+03    0.1301E+03    0.1303E+03    0.1289E+03    0.1274E+03    0.1253E+03   -0.9990E+03   -0.9990E+03   -0.9990E+03   -0.9990E+03   -0.9990E+03   -0.9990E+03   -0.9990E+03   -0.9990E+03   -0.9990E+03   -0.9990E+03   -0.9990E+03   -0.9990E+03   -0.9990E+03   -0.9990E+03   -0.9990E+03   -0.9990E+03   -0.9990E+03
   -0.9990E+03   -0.9990E+03   -0.9990E+03   -0.9990E+03   -0.9990E+03   -0.9990E+03   -0.9990E+03   -0.9990E+03   -0.9990E+03   -0.9990E+03   -0.9990E+03   -0.9990E+03   -0.9990E+03   -0.9990E+03   -0.9990E+03   -0.9990E+03   -0.9990E+03   -0.9990E+03   -0.9990E+03   -0.9990E+03   -0.9990E+03   -0.9990E+03   -0.9990E+03   -0.9990E+03   -0.9990E+03   -0.9990E+03   -0.9990E+03   -0.9990E+03   -0.9990E+03   -0.9990E+03   -0.9990E+03   -0.9990E+03   -0.9990E+03   -0.9990E+03   -0.9990E+03    0.1381E+03   -0.9990E+03   -0.9990E+03   -0.9990E+03   -0.9990E+03   -0.9990E+03   -0.9990E+03   -0.9990E+03    0.1327E+03    0.1335E+03    0.1333E+03    0.1319E+03    0.1294E+03    0.1281E+03    0.1270E+03    0.1259E+03    0.1261E+03    0.1241E+03    0.1235E+03    0.1237E+03    0.1235E+03    0.1217E+03    0.1208E+03    0.1224E+03    0.1205E+03   -0.9990E+03   -0.9990E+03   -0.9990E+03   -0.9990E+03   -0.9990E+03   -0.9990E+03   -0.9990E+03   -0.9990E+03   -0.9990E+03   -0.9990E+03   -0.9990E+03   -0.9990E+03   -0.9990E+03   -0.9990E+03   -0.9990E+03   -0.9990E+03
   -0.9990E+03   -0.9990E+03   -0.9990E+03   -0.9990E+03   -0.9990E+03   -0.9990E+03   -0.9990E+03   -0.9990E+03   -0.9990E+03   -0.9990E+03   -0.9990E+03   -0.9990E+03   -0.9990E+03   -0.9990E+03   -0.9990E+03   -0.9990E+03   -0.9990E+03   -0.9990E+03   -0.9990E+03   -0.9990E+03   -0.9990E+03   -0.9990E+03   -0.9990E+03   -0.9990E+03   -0.9990E+03   -0.9990E+03   -0.9990E+03   -0.9990E+03   -0.9990E+03   -0.9990E+03   -0.9990E+03   -0.9990E+03   -0.9990E+03   -0.9990E+03    0.1325E+03    0.1286E+03   -0.9990E+03   -0.9990E+03   -0.9990E+03   -0.9990E+03   -0.9990E+03   -0.9990E+03   -0.9990E+03   -0.9990E+03    0.1976E+03    0.1262E+03    0.1254E+03    0.1238E+03    0.1218E+03    0.1222E+03    0.1202E+03    0.1184E+03    0.1173E+03    0.1168E+03    0.1163E+03    0.1168E+03    0.1917E+03    0.1852E+03    0.1605E+03    0.1166E+03   -0.9990E+03   -0.9990E+03   -0.9990E+03   -0.9990E+03   -0.9990E+03   -0.9990E+03   -0.9990E+03   -0.9990E+03   -0.9990E+03   -0.9990E+03   -0.9990E+03   -0.9990E+03   -0.9990E+03   -0.9990E+03   -0.9990E+03   -0.9990E+03
   -0.9990E+03   -0.9990E+03   -0.9990E+03   -0.9990E+03   -0.9990E+03   -0.9990E+03   -0.9990E+03   -0.9990E+03   -0.9990E+03   -0.9990E+03   -0.9990E+03   -0.9990E+03   -0.9990E+03   -0.9990E+03   -0.9990E+03   -0.9990E+03   -0.9990E+03   -0.9990E+03   -0.9990E+03   -0.9990E+03   -0.9990E+03   -0.9990E+03   -0.9990E+03   -0.9990E+03   -0.9990E+03   -0.9990E+03   -0.9990E+03   -0.9990E+03   -0.9990E+03   -0.9990E+03   -0.9990E+03   -0.9990E+03   -0.9990E+03   -0.9990E+03   -0.9990E+03    0.1340E+03   -0.9990E+03   -0.9990E+03   -0.9990E+03   -0.9990E+03   -0.9990E+03   -0.9990E+03   -0.9990E+03   -0.9990E+03   -0.9990E+03    0.1195E+03    0.1188E+03    0.1174E+03    0.1171E+03    0.1148E+03    0.1128E+03    0.1126E+03    0.1123E+03    0.1114E+03    0.1109E+03    0.1108E+03    0.1101E+03    0.1110E+03    0.1836E+03   -0.9990E+03   -0.9990E+03   -0.9990E+03   -0.9990E+03   -0.9990E+03   -0.9990E+03   -0.9990E+03   -0.9990E+03   -0.9990E+03   -0.9990E+03   -0.9990E+03   -0.9990E+03   -0.9990E+03   -0.9990E+03   -0.9990E+03   -0.9990E+03   -0.9990E+03
   -0.9990E+03   -0.9990E+03   -0.9990E+03   -0.9990E+03   -0.9990E+03   -0.9990E+03   -0.9990E+03   -0.9990E+03   -0.9990E+03   -0.9990E+03   -0.9990E+03   -0.9990E+03   -0.9990E+03   -0.9990E+03   -0.9990E+03   -0.9990E+03   -0.9990E+03   -0.9990E+03   -0.9990E+03   -0.9990E+03   -0.9990E+03   -0.9990E+03   -0.9990E+03   -0.9990E+03   -0.9990E+03   -0.9990E+03   -0.9990E+03   -0.9990E+03   -0.9990E+03   -0.9990E+03   -0.9990E+03   -0.9990E+03   -0.9990E+03   -0.9990E+03   -0.9990E+03   -0.9990E+03   -0.9990E+03   -0.9990E+03   -0.9990E+03   -0.9990E+03   -0.9990E+03   -0.9990E+03   -0.9990E+03   -0.9990E+03    0.1133E+03    0.1131E+03    0.1125E+03    0.1112E+03    0.1100E+03    0.1094E+03    0.1079E+03    0.1067E+03    0.1057E+03    0.1056E+03    0.1050E+03    0.1046E+03    0.1047E+03    0.1531E+03   -0.9990E+03   -0.9990E+03   -0.9990E+03   -0.9990E+03   -0.9990E+03   -0.9990E+03   -0.9990E+03   -0.9990E+03   -0.9990E+03   -0.9990E+03   -0.9990E+03   -0.9990E+03   -0.9990E+03   -0.9990E+03   -0.9990E+03   -0.9990E+03   -0.9990E+03   -0.9990E+03
   -0.9990E+03   -0.9990E+03   -0.9990E+03   -0.9990E+03   -0.9990E+03   -0.9990E+03   -0.9990E+03   -0.9990E+03   -0.9990E+03   -0.9990E+03   -0.9990E+03   -0.9990E+03   -0.9990E+03   -0.9990E+03   -0.9990E+03   -0.9990E+03   -0.9990E+03   -0.9990E+03   -0.9990E+03   -0.9990E+03   -0.9990E+03   -0.9990E+03   -0.9990E+03   -0.9990E+03   -0.9990E+03   -0.9990E+03   -0.9990E+03   -0.9990E+03   -0.9990E+03   -0.9990E+03   -0.9990E+03   -0.9990E+03   -0.9990E+03    0.1108E+03    0.1105E+03   -0.9990E+03   -0.9990E+03   -0.9990E+03   -0.9990E+03   -0.9990E+03   -0.9990E+03   -0.9990E+03   -0.9990E+03   -0.9990E+03    0.1072E+03    0.1067E+03    0.1059E+03    0.1047E+03    0.1052E+03    0.1034E+03    0.1014E+03    0.1006E+03    0.9947E+02    0.9878E+02    0.9794E+02    0.9814E+02    0.9855E+02    0.9913E+02    0.1738E+03   -0.9990E+03   -0.9990E+03   -0.9990E+03   -0.9990E+03   -0.9990E+03   -0.9990E+03   -0.9990E+03   -0.9990E+03   -0.9990E+03   -0.9990E+03   -0.9990E+03   -0.9990E+03   -0.9990E+03   -0.9990E+03   -0.9990E+03   -0.9990E+03   -0.9990E+03
   -0.9990E+03   -0.9990E+03   -0.9990E+03   -0.9990E+03   -0.9990E+03   -0.9990E+03   -0.9990E+03   -0.9990E+03   -0.9990E+03   -0.9990E+03   -0.9990E+03   -0.9990E+03   -0.9990E+03   -0.9990E+03   -0.9990E+03   -0.9990E+03   -0.9990E+03   -0.9990E+03   -0.9990E+03   -0.9990E+03   -0.9990E+03   -0.9990E+03   -0.9990E+03   -0.9990E+03   -0.9990E+03   -0.9990E+03   -0.9990E+03   -0.9990E+03   -0.9990E+03   -0.9990E+03   -0.9990E+03   -0.9990E+03   -0.9990E+03   -0.9990E+03    0.1125E+03   -0.9990E+03   -0.9990E+03   -0.9990E+03   -0.9990E+03   -0.9990E+03   -0.9990E+03   -0.9990E+03   -0.9990E+03    0.1334E+03    0.1012E+03    0.1003E+03    0.9967E+02    0.9852E+02    0.9890E+02    0.9754E+02    0.9675E+02    0.9555E+02    0.9426E+02    0.9242E+02    0.9153E+02    0.9133E+02    0.9177E+02    0.9367E+02    0.9528E+02    0.9792E+02    0.1643E+03   -0.9990E+03   -0.9990E+03   -0.9990E+03   -0.9990E+03   -0.9990E+03   -0.9990E+03   -0.9990E+03   -0.9990E+03   -0.9990E+03   -0.9990E+03   -0.9990E+03   -0.9990E+03   -0.9990E+03   -0.9990E+03   -0.9990E+03
   -0.9990E+03   -0.9990E+03   -0.9990E+03   -0.9990E+03   -0.9990E+03   -0.9990E+03   -0.9990E+03   -0.9990E+03   -0.9990E+03   -0.9990E+03   -0.9990E+03   -0.9990E+03   -0.9990E+03   -0.9990E+03   -0.9990E+03   -0.9990E+03   -0.9990E+03   -0.9990E+03   -0.9990E+03   -0.9990E+03   -0.9990E+03   -0.9990E+03   -0.9990E+03   -0.9990E+03   -0.9990E+03   -0.9990E+03   -0.9990E+03   -0.9990E+03   -0.9990E+03   -0.9990E+03   -0.9990E+03   -0.9990E+03   -0.9990E+03   -0.9990E+03   -0.9990E+03   -0.9990E+03   -0.9990E+03   -0.9990E+03   -0.9990E+03   -0.9990E+03    0.1329E+03    0.9823E+02   -0.9990E+03    0.9579E+02    0.9544E+02    0.9399E+02    0.9331E+02    0.9257E+02    0.9315E+02    0.9256E+02    0.9031E+02    0.8923E+02    0.8780E+02    0.8613E+02    0.8433E+02    0.8371E+02    0.8553E+02    0.8763E+02    0.9029E+02    0.9283E+02    0.9594E+02    0.9784E+02    0.1668E+03   -0.9990E+03   -0.9990E+03   -0.9990E+03   -0.9990E+03   -0.9990E+03   -0.9990E+03   -0.9990E+03   -0.9990E+03   -0.9990E+03   -0.9990E+03   -0.9990E+03   -0.9990E+03   -0.9990E+03
   -0.9990E+03   -0.9990E+03   -0.9990E+03   -0.9990E+03   -0.9990E+03   -0.9990E+03   -0.9990E+03   -0.9990E+03   -0.9990E+03   -0.9990E+03   -0.9990E+03   -0.9990E+03   -0.9990E+03   -0.9990E+03   -0.9990E+03   -0.9990E+03   -0.9990E+03   -0.9990E+03   -0.9990E+03   -0.9990E+03   -0.9990E+03   -0.9990E+03   -0.9990E+03   -0.9990E+03   -0.9990E+03   -0.9990E+03   -0.9990E+03   -0.9990E+03   -0.9990E+03   -0.9990E+03   -0.9990E+03   -0.9990E+03   -0.9990E+03   -0.9990E+03   -0.9990E+03   -0.9990E+03   -0.9990E+03   -0.9990E+03   -0.9990E+03   -0.9990E+03   -0.9990E+03    0.1558E+03    0.9246E+02    0.9029E+02    0.8896E+02    0.8762E+02    0.8728E+02    0.8717E+02    0.8846E+02    0.8696E+02    0.8595E+02    0.8461E+02    0.8260E+02    0.7972E+02    0.7746E+02    0.7653E+02    0.7871E+02    0.8186E+02    0.8584E+02    0.8877E+02    0.9244E+02    0.9454E+02    0.9843E+02   -0.9990E+03   -0.9990E+03   -0.9990E+03   -0.9990E+03   -0.9990E+03   -0.9990E+03   -0.9990E+03   -0.9990E+03   -0.9990E+03   -0.9990E+03   -0.9990E+03   -0.9990E+03   -0.9990E+03
   -0.9990E+03   -0.9990E+03   -0.9990E+03   -0.9990E+03   -0.9990E+03   -0.9990E+03   -0.9990E+03   -0.9990E+03   -0.9990E+03   -0.9990E+03   -0.9990E+03   -0.9990E+03   -0.9990E+03   -0.9990E+03   -0.9990E+03   -0.9990E+03   -0.9990E+03   -0.9990E+03   -0.9990E+03   -0.9990E+03   -0.9990E+03   -0.9990E+03   -0.9990E+03   -0.9990E+03   -0.9990E+03   -0.9990E+03   -0.9990E+03   -0.9990E+03   -0.9990E+03   -0.9990E+03   -0.9990E+03   -0.9990E+03   -0.9990E+03   -0.9990E+03   -0.9990E+03   -0.9990E+03   -0.9990E+03   -0.9990E+03   -0.9990E+03   -0.9990E+03    0.1464E+03    0.1468E+03    0.8778E+02    0.8580E+02    0.8388E+02    0.8092E+02    0.8238E+02    0.8328E+02    0.8421E+02    0.8233E+02    0.8209E+02    0.8081E+02    0.7852E+02    0.7564E+02    0.7265E+02    0.6830E+02    0.7334E+02    0.7798E+02    0.8235E+02    0.8571E+02    0.8953E+02    0.9145E+02    0.9449E+02   -0.9990E+03   -0.9990E+03   -0.9990E+03   -0.9990E+03   -0.9990E+03   -0.9990E+03   -0.9990E+03   -0.9990E+03   -0.9990E+03   -0.9990E+03   -0.9990E+03   -0.9990E+03   -0.9990E+03
   -0.9990E+03   -0.9990E+03   -0.9990E+03   -0.9990E+03   -0.9990E+03   -0.9990E+03   -0.9990E+03   -0.9990E+03   -0.9990E+03   -0.9990E+03   -0.9990E+03   -0.9990E+03   -0.9990E+03   -0.9990E+03   -0.9990E+03   -0.9990E+03   -0.9990E+03   -0.9990E+03   -0.9990E+03   -0.9990E+03   -0.9990E+03   -0.9990E+03   -0.9990E+03   -0.9990E+03   -0.9990E+03   -0.9990E+03   -0.9990E+03   -0.9990E+03   -0.9990E+03   -0.9990E+03   -0.9990E+03   -0.9990E+03   -0.9990E+03   -0.9990E+03   -0.9990E+03   -0.9990E+03   -0.9990E+03   -0.9990E+03   -0.9990E+03   -0.9990E+03   -0.9990E+03    0.1333E+03    0.8491E+02    0.8287E+02    0.8142E+02    0.8028E+02    0.7988E+02    0.8033E+02    0.8102E+02    0.7999E+02    0.7914E+02    0.7742E+02    0.7572E+02    0.7330E+02    0.7091E+02    0.7011E+02    0.7202E+02    0.7580E+02    0.7997E+02    0.8378E+02    0.8625E+02    0.8898E+02    0.9228E+02    0.1551E+03   -0.9990E+03   -0.9990E+03   -0.9990E+03   -0.9990E+03   -0.9990E+03   -0.9990E+03   -0.9990E+03   -0.9990E+03   -0.9990E+03   -0.9990E+03   -0.9990E+03   -0.9990E+03
   -0.9990E+03   -0.9990E+03   -0.9990E+03   -0.9990E+03   -0.9990E+03   -0.9990E+03   -0.9990E+03   -0.9990E+03   -0.9990E+03   -0.9990E+03   -0.9990E+03   -0.9990E+03   -0.9990E+03   -0.9990E+03   -0.9990E+03   -0.9990E+03   -0.9990E+03   -0.9990E+03   -0.9990E+03   -0.9990E+03   -0.9990E+03   -0.9990E+03   -0.9990E+03   -0.9990E+03   -0.9990E+03   -0.9990E+03   -0.9990E+03   -0.9990E+03   -0.9990E+03   -0.9990E+03   -0.9990E+03   -0.9990E+03   -0.9990E+03   -0.9990E+03   -0.9990E+03   -0.9990E+03   -0.9990E+03   -0.9990E+03   -0.9990E+03   -0.9990E+03   -0.9990E+03   -0.9990E+03    0.8570E+02    0.8104E+02    0.8057E+02    0.7973E+02    0.7881E+02    0.7873E+02    0.7810E+02    0.7785E+02    0.7701E+02    0.7575E+02    0.7420E+02    0.7245E+02    0.7129E+02    0.7165E+02    0.7264E+02    0.7518E+02    0.7876E+02    0.8137E+02    0.8399E+02    0.8732E+02    0.9185E+02   -0.9990E+03   -0.9990E+03   -0.9990E+03   -0.9990E+03   -0.9990E+03   -0.9990E+03   -0.9990E+03   -0.9990E+03   -0.9990E+03   -0.9990E+03   -0.9990E+03   -0.9990E+03   -0.9990E+03
   -0.9990E+03   -0.9990E+03   -0.9990E+03   -0.9990E+03   -0.9990E+03   -0.9990E+03   -0.9990E+03   -0.9990E+03   -0.9990E+03   -0.9990E+03   -0.9990E+03   -0.9990E+03   -0.9990E+03   -0.9990E+03   -0.9990E+03   -0.9990E+03   -0.9990E+03   -0.9990E+03   -0.9990E+03   -0.9990E+03   -0.9990E+03   -0.9990E+03   -0.9990E+03   -0.9990E+03   -0.9990E+03   -0.9990E+03   -0.9990E+03   -0.9990E+03   -0.9990E+03   -0.9990E+03   -0.9990E+03   -0.9990E+03   -0.9990E+03   -0.9990E+03   -0.9990E+03   -0.9990E+03   -0.9990E+03   -0.9990E+03   -0.9990E+03   -0.9990E+03   -0.9990E+03   -0.9990E+03   -0.9990E+03    0.7995E+02    0.7979E+02    0.7931E+02    0.7842E+02    0.7782E+02    0.7695E+02    0.7599E+02    0.7505E+02    0.7447E+02    0.7312E+02    0.7248E+02    0.7234E+02    0.7238E+02    0.7366E+02    0.7576E+02    0.7775E+02    0.8038E+02    0.8349E+02    0.8633E+02   -0.9990E+03   -0.9990E+03   -0.9990E+03   -0.9990E+03   -0.9990E+03   -0.9990E+03   -0.9990E+03   -0.9990E+03   -0.9990E+03   -0.9990E+03   -0.9990E+03   -0.9990E+03   -0.9990E+03   -0.9990E+03
   -0.9990E+03   -0.9990E+03   -0.9990E+03   -0.9990E+03   -0.9990E+03   -0.9990E+03   -0.9990E+03   -0.9990E+03   -0.9990E+03   -0.9990E+03   -0.9990E+03   -0.9990E+03   -0.9990E+03   -0.9990E+03   -0.9990E+03   -0.9990E+03   -0.9990E+03   -0.9990E+03   -0.9990E+03   -0.9990E+03   -0.9990E+03   -0.9990E+03   -0.9990E+03   -0.9990E+03   -0.9990E+03   -0.9990E+03   -0.9990E+03   -0.9990E+03   -0.9990E+03   -0.9990E+03   -0.9990E+03   -0.9990E+03   -0.9990E+03   -0.9990E+03   -0.9990E+03   -0.9990E+03   -0.9990E+03   -0.9990E+03   -0.9990E+03   -0.9990E+03   -0.9990E+03   -0.9990E+03   -0.9990E+03    0.7953E+02    0.7944E+02    0.7883E+02    0.7816E+02    0.7729E+02    0.7634E+02    0.7539E+02    0.7452E+02    0.7343E+02    0.7285E+02    0.7263E+02    0.7266E+02    0.7314E+02    0.7445E+02    0.7610E+02    0.7815E+02    0.8084E+02    0.8250E+02   -0.9990E+03   -0.9990E+03   -0.9990E+03   -0.9990E+03   -0.9990E+03   -0.9990E+03   -0.9990E+03   -0.9990E+03   -0.9990E+03   -0.9990E+03   -0.9990E+03   -0.9990E+03   -0.9990E+03   -0.9990E+03   -0.9990E+03
   -0.9990E+03   -0.9990E+03   -0.9990E+03   -0.9990E+03   -0.9990E+03   -0.9990E+03   -0.9990E+03   -0.9990E+03   -0.9990E+03   -0.9990E+03   -0.9990E+03   -0.9990E+03   -0.9990E+03   -0.9990E+03   -0.9990E+03   -0.9990E+03   -0.9990E+03   -0.9990E+03   -0.9990E+03   -0.9990E+03   -0.9990E+03   -0.9990E+03   -0.9990E+03   -0.9990E+03   -0.9990E+03   -0.9990E+03   -0.9990E+03   -0.9990E+03   -0.9990E+03   -0.9990E+03   -0.9990E+03   -0.9990E+03   -0.9990E+03   -0.9990E+03   -0.9990E+03   -0.9990E+03   -0.9990E+03   -0.9990E+03    0.1120E+03    0.8146E+02   -0.9990E+03    0.8824E+02    0.7987E+02    0.7914E+02    0.7916E+02    0.7838E+02    0.7775E+02    0.7691E+02    0.7603E+02    0.7527E+02    0.7467E+02    0.7403E+02    0.7343E+02    0.7316E+02    0.7310E+02    0.7391E+02    0.7485E+02    0.7638E+02    0.7845E+02    0.7957E+02    0.8191E+02   -0.9990E+03   -0.9990E+03   -0.9990E+03   -0.9990E+03   -0.9990E+03   -0.9990E+03   -0.9990E+03   -0.9990E+03   -0.9990E+03   -0.9990E+03   -0.9990E+03   -0.9990E+03   -0.9990E+03   -0.9990E+03   -0.9990E+03
   -0.9990E+03   -0.9990E+03   -0.9990E+03   -0.9990E+03   -0.9990E+03   -0.9990E+03   -0.9990E+03   -0.9990E+03   -0.9990E+03   -0.9990E+03   -0.9990E+03   -0.9990E+03   -0.9990E+03   -0.9990E+03   -0.9990E+03   -0.9990E+03   -0.9990E+03   -0.9990E+03   -0.9990E+03   -0.9990E+03   -0.9990E+03   -0.9990E+03   -0.9990E+03   -0.9990E+03   -0.9990E+03   -0.9990E+03   -0.9990E+03   -0.9990E+03   -0.9990E+03   -0.9990E+03   -0.9990E+03   -0.9990E+03   -0.9990E+03   -0.9990E+03   -0.9990E+03   -0.9990E+03   -0.9990E+03   -0.9990E+03   -0.9990E+03    0.1052E+03   -0.9990E+03    0.8293E+02    0.7949E+02    0.7907E+02    0.7853E+02    0.7801E+02    0.7731E+02    0.7672E+02    0.7587E+02    0.7507E+02    0.7453E+02    0.7401E+02    0.7355E+02    0.7318E+02    0.7325E+02    0.7399E+02    0.7510E+02    0.7652E+02    0.7769E+02    0.7992E+02    0.8194E+02   -0.9990E+03   -0.9990E+03   -0.9990E+03   -0.9990E+03   -0.9990E+03   -0.9990E+03   -0.9990E+03   -0.9990E+03   -0.9990E+03   -0.9990E+03   -0.9990E+03   -0.9990E+03   -0.9990E+03   -0.9990E+03   -0.9990E+03
   -0.9990E+03   -0.9990E+03   -0.9990E+03   -0.9990E+03   -0.9990E+03   -0.9990E+03   -0.9990E+03   -0.9990E+03   -0.9990E+03   -0.9990E+03   -0.9990E+03   -0.9990E+03   -0.9990E+03   -0.9990E+03   -0.9990E+03   -0.9990E+03   -0.9990E+03   -0.9990E+03   -0.9990E+03   -0.9990E+03   -0.9990E+03   -0.9990E+03   -0.9990E+03   -0.9990E+03   -0.9990E+03   -0.9990E+03   -0.9990E+03   -0.9990E+03   -0.9990E+03   -0.9990E+03   -0.9990E+03   -0.9990E+03   -0.9990E+03   -0.9990E+03   -0.9990E+03   -0.9990E+03   -0.9990E+03   -0.9990E+03   -0.9990E+03    0.1015E+03    0.8014E+02   -0.9990E+03    0.7903E+02    0.7829E+02    0.7799E+02    0.7763E+02    0.7717E+02    0.7638E+02    0.7571E+02    0.7517E+02    0.7464E+02    0.7387E+02    0.7339E+02    0.7323E+02    0.7336E+02    0.7394E+02    0.7511E+02    0.7633E+02    0.7760E+02    0.7951E+02    0.8145E+02   -0.9990E+03   -0.9990E+03   -0.9990E+03   -0.9990E+03   -0.9990E+03   -0.9990E+03   -0.9990E+03   -0.9990E+03   -0.9990E+03   -0.9990E+03   -0.9990E+03   -0.9990E+03   -0.9990E+03   -0.9990E+03   -0.9990E+03
   -0.9990E+03   -0.9990E+03   -0.9990E+03   -0.9990E+03   -0.9990E+03   -0.9990E+03   -0.9990E+03   -0.9990E+03   -0.9990E+03   -0.9990E+03   -0.9990E+03   -0.9990E+03   -0.9990E+03   -0.9990E+03   -0.9990E+03   -0.9990E+03   -0.9990E+03   -0.9990E+03   -0.9990E+03   -0.9990E+03   -0.9990E+03   -0.9990E+03   -0.9990E+03   -0.9990E+03   -0.9990E+03   -0.9990E+03   -0.9990E+03   -0.9990E+03   -0.9990E+03   -0.9990E+03   -0.9990E+03   -0.9990E+03   -0.9990E+03   -0.9990E+03   -0.9990E+03   -0.9990E+03   -0.9990E+03   -0.9990E+03   -0.9990E+03   -0.9990E+03    0.1027E+03   -0.9990E+03   -0.9990E+03    0.7801E+02    0.7761E+02    0.7726E+02    0.7661E+02    0.7597E+02    0.7568E+02    0.7532E+02    0.7438E+02    0.7419E+02    0.7370E+02    0.7319E+02    0.7328E+02    0.7387E+02    0.7481E+02    0.7604E+02    0.7741E+02    0.7925E+02    0.1096E+03   -0.9990E+03   -0.9990E+03   -0.9990E+03   -0.9990E+03   -0.9990E+03   -0.9990E+03   -0.9990E+03   -0.9990E+03   -0.9990E+03   -0.9990E+03   -0.9990E+03   -0.9990E+03   -0.9990E+03   -0.9990E+03   -0.9990E+03
   -0.9990E+03   -0.9990E+03   -0.9990E+03   -0.9990E+03   -0.9990E+03   -0.9990E+03   -0.9990E+03   -0.9990E+03   -0.9990E+03   -0.9990E+03   -0.9990E+03   -0.9990E+03   -0.9990E+03   -0.9990E+03   -0.9990E+03   -0.9990E+03   -0.9990E+03   -0.9990E+03   -0.9990E+03   -0.9990E+03   -0.9990E+03   -0.9990E+03   -0.9990E+03   -0.9990E+03   -0.9990E+03   -0.9990E+03   -0.9990E+03   -0.9990E+03   -0.9990E+03   -0.9990E+03   -0.9990E+03   -0.9990E+03   -0.9990E+03   -0.9990E+03   -0.9990E+03   -0.9990E+03   -0.9990E+03   -0.9990E+03   -0.9990E+03   -0.9990E+03   -0.9990E+03   -0.9990E+03   -0.9990E+03    0.7776E+02    0.7725E+02    0.7679E+02    0.7627E+02    0.7602E+02    0.7582E+02    0.7522E+02    0.7491E+02    0.7454E+02    0.7373E+02    0.7342E+02    0.7290E+02    0.7330E+02    0.7433E+02    0.7569E+02    0.7733E+02    0.7898E+02    0.8050E+02   -0.9990E+03   -0.9990E+03   -0.9990E+03   -0.9990E+03   -0.9990E+03   -0.9990E+03   -0.9990E+03   -0.9990E+03   -0.9990E+03   -0.9990E+03   -0.9990E+03   -0.9990E+03   -0.9990E+03   -0.9990E+03   -0.9990E+03
   -0.9990E+03   -0.9990E+03   -0.9990E+03   -0.9990E+03   -0.9990E+03   -0.9990E+03   -0.9990E+03   -0.9990E+03   -0.9990E+03   -0.9990E+03   -0.9990E+03   -0.9990E+03   -0.9990E+03   -0.9990E+03   -0.9990E+03   -0.9990E+03   -0.9990E+03   -0.9990E+03   -0.9990E+03   -0.9990E+03   -0.9990E+03   -0.9990E+03   -0.9990E+03   -0.9990E+03   -0.9990E+03   -0.9990E+03   -0.9990E+03   -0.9990E+03   -0.9990E+03   -0.9990E+03   -0.9990E+03   -0.9990E+03   -0.9990E+03   -0.9990E+03   -0.9990E+03   -0.9990E+03   -0.9990E+03   -0.9990E+03   -0.9990E+03   -0.9990E+03   -0.9990E+03   -0.9990E+03   -0.9990E+03    0.7803E+02    0.7741E+02    0.7627E+02    0.7654E+02    0.7633E+02    0.7582E+02    0.7567E+02    0.7535E+02    0.7468E+02    0.7402E+02    0.7336E+02    0.7303E+02    0.7256E+02    0.7397E+02    0.7544E+02    0.7703E+02    0.7832E+02    0.1209E+03   -0.9990E+03   -0.9990E+03   -0.9990E+03   -0.9990E+03   -0.9990E+03   -0.9990E+03   -0.9990E+03   -0.9990E+03   -0.9990E+03   -0.9990E+03   -0.9990E+03   -0.9990E+03   -0.9990E+03   -0.9990E+03   -0.9990E+03
   -0.9990E+03   -0.9990E+03   -0.9990E+03   -0.9990E+03   -0.9990E+03   -0.9990E+03   -0.9990E+03   -0.9990E+03   -0.9990E+03   -0.9990E+03   -0.9990E+03   -0.9990E+03   -0.9990E+03   -0.9990E+03   -0.9990E+03   -0.9990E+03   -0.9990E+03   -0.9990E+03   -0.9990E+03   -0.9990E+03   -0.9990E+03   -0.9990E+03   -0.9990E+03   -0.9990E+03   -0.9990E+03   -0.9990E+03   -0.9990E+03   -0.9990E+03   -0.9990E+03   -0.9990E+03   -0.9990E+03   -0.9990E+03   -0.9990E+03   -0.9990E+03   -0.9990E+03   -0.9990E+03   -0.9990E+03   -0.9990E+03   -0.9990E+03   -0.9990E+03   -0.9990E+03    0.7963E+02    0.7890E+02    0.7866E+02    0.7808E+02    0.7753E+02    0.7728E+02    0.7710E+02    0.7671E+02    0.7635E+02    0.7572E+02    0.7501E+02    0.7427E+02    0.7367E+02    0.7316E+02    0.7330E+02    0.7399E+02    0.7514E+02    0.7660E+02    0.7843E+02    0.1041E+03   -0.9990E+03   -0.9990E+03   -0.9990E+03   -0.9990E+03   -0.9990E+03   -0.9990E+03   -0.9990E+03   -0.9990E+03   -0.9990E+03   -0.9990E+03   -0.9990E+03   -0.9990E+03   -0.9990E+03   -0.9990E+03   -0.9990E+03
   -0.9990E+03   -0.9990E+03   -0.9990E+03   -0.9990E+03   -0.9990E+03   -0.9990E+03   -0.9990E+03   -0.9990E+03   -0.9990E+03   -0.9990E+03   -0.9990E+03   -0.9990E+03   -0.9990E+03   -0.9990E+03   -0.9990E+03   -0.9990E+03   -0.9990E+03   -0.9990E+03   -0.9990E+03   -0.9990E+03   -0.9990E+03   -0.9990E+03   -0.9990E+03   -0.9990E+03   -0.9990E+03   -0.9990E+03   -0.9990E+03   -0.9990E+03   -0.9990E+03   -0.9990E+03   -0.9990E+03   -0.9990E+03   -0.9990E+03   -0.9990E+03   -0.9990E+03   -0.9990E+03   -0.9990E+03   -0.9990E+03   -0.9990E+03   -0.9990E+03   -0.9990E+03    0.7992E+02    0.7980E+02    0.7955E+02    0.7915E+02    0.7879E+02    0.7822E+02    0.7789E+02    0.7726E+02    0.7677E+02    0.7614E+02    0.7542E+02    0.7455E+02    0.7385E+02    0.7338E+02    0.7374E+02    0.7416E+02    0.7509E+02    0.7635E+02    0.7794E+02   -0.9990E+03   -0.9990E+03   -0.9990E+03   -0.9990E+03   -0.9990E+03   -0.9990E+03   -0.9990E+03   -0.9990E+03   -0.9990E+03   -0.9990E+03   -0.9990E+03   -0.9990E+03   -0.9990E+03   -0.9990E+03   -0.9990E+03   -0.9990E+03
   -0.9990E+03   -0.9990E+03   -0.9990E+03   -0.9990E+03   -0.9990E+03   -0.9990E+03   -0.9990E+03   -0.9990E+03   -0.9990E+03   -0.9990E+03   -0.9990E+03   -0.9990E+03   -0.9990E+03   -0.9990E+03   -0.9990E+03   -0.9990E+03   -0.9990E+03   -0.9990E+03   -0.9990E+03   -0.9990E+03   -0.9990E+03   -0.9990E+03   -0.9990E+03   -0.9990E+03   -0.9990E+03   -0.9990E+03   -0.9990E+03   -0.9990E+03   -0.9990E+03   -0.9990E+03   -0.9990E+03   -0.9990E+03   -0.9990E+03   -0.9990E+03   -0.9990E+03   -0.9990E+03   -0.9990E+03   -0.9990E+03   -0.9990E+03   -0.9990E+03    0.8031E+02    0.8055E+02    0.8066E+02    0.8056E+02    0.8039E+02    0.7982E+02    0.7938E+02    0.7894E+02    0.7834E+02    0.7736E+02    0.7670E+02    0.7567E+02    0.7488E+02    0.7423E+02    0.7354E+02    0.7382E+02    0.7432E+02    0.7485E+02    0.7629E+02    0.7773E+02   -0.9990E+03   -0.9990E+03   -0.9990E+03   -0.9990E+03   -0.9990E+03   -0.9990E+03   -0.9990E+03   -0.9990E+03   -0.9990E+03   -0.9990E+03   -0.9990E+03   -0.9990E+03   -0.9990E+03   -0.9990E+03   -0.9990E+03   -0.9990E+03
   -0.9990E+03   -0.9990E+03   -0.9990E+03   -0.9990E+03   -0.9990E+03   -0.9990E+03   -0.9990E+03   -0.9990E+03   -0.9990E+03   -0.9990E+03   -0.9990E+03   -0.9990E+03   -0.9990E+03   -0.9990E+03   -0.9990E+03   -0.9990E+03   -0.9990E+03   -0.9990E+03   -0.9990E+03   -0.9990E+03   -0.9990E+03   -0.9990E+03   -0.9990E+03   -0.9990E+03   -0.9990E+03   -0.9990E+03   -0.9990E+03   -0.9990E+03   -0.9990E+03   -0.9990E+03   -0.9990E+03   -0.9990E+03   -0.9990E+03   -0.9990E+03   -0.9990E+03   -0.9990E+03   -0.9990E+03   -0.9990E+03   -0.9990E+03   -0.9990E+03    0.8086E+02    0.8129E+02    0.8164E+02    0.8182E+02    0.8157E+02    0.8136E+02    0.8080E+02    0.8008E+02    0.7928E+02    0.7828E+02    0.7709E+02    0.7607E+02    0.7510E+02    0.7428E+02    0.7382E+02    0.7375E+02    0.7424E+02    0.7479E+02    0.7597E+02   -0.9990E+03   -0.9990E+03   -0.9990E+03   -0.9990E+03   -0.9990E+03   -0.9990E+03   -0.9990E+03   -0.9990E+03   -0.9990E+03   -0.9990E+03   -0.9990E+03   -0.9990E+03   -0.9990E+03   -0.9990E+03   -0.9990E+03   -0.9990E+03   -0.9990E+03
   -0.9990E+03   -0.9990E+03   -0.9990E+03   -0.9990E+03   -0.9990E+03   -0.9990E+03   -0.9990E+03   -0.9990E+03   -0.9990E+03   -0.9990E+03   -0.9990E+03   -0.9990E+03   -0.9990E+03   -0.9990E+03   -0.9990E+03   -0.9990E+03   -0.9990E+03   -0.9990E+03   -0.9990E+03   -0.9990E+03   -0.9990E+03   -0.9990E+03   -0.9990E+03   -0.9990E+03   -0.9990E+03   -0.9990E+03   -0.9990E+03   -0.9990E+03   -0.9990E+03   -0.9990E+03   -0.9990E+03   -0.9990E+03   -0.9990E+03   -0.9990E+03   -0.9990E+03   -0.9990E+03   -0.9990E+03   -0.9990E+03   -0.9990E+03   -0.9990E+03    0.8141E+02    0.8212E+02    0.8269E+02    0.8303E+02    0.8286E+02    0.8278E+02    0.8235E+02    0.8152E+02    0.8046E+02    0.7914E+02    0.7766E+02    0.7661E+02    0.7529E+02    0.7405E+02    0.7334E+02    0.7329E+02    0.7386E+02    0.7443E+02    0.7532E+02   -0.9990E+03   -0.9990E+03   -0.9990E+03   -0.9990E+03   -0.9990E+03   -0.9990E+03   -0.9990E+03   -0.9990E+03   -0.9990E+03   -0.9990E+03   -0.9990E+03   -0.9990E+03   -0.9990E+03   -0.9990E+03   -0.9990E+03   -0.9990E+03   -0.9990E+03
   -0.9990E+03   -0.9990E+03   -0.9990E+03   -0.9990E+03   -0.9990E+03   -0.9990E+03   -0.9990E+03   -0.9990E+03   -0.9990E+03   -0.9990E+03   -0.9990E+03   -0.9990E+03   -0.9990E+03   -0.9990E+03   -0.9990E+03   -0.9990E+03   -0.9990E+03   -0.9990E+03   -0.9990E+03   -0.9990E+03   -0.9990E+03   -0.9990E+03   -0.9990E+03   -0.9990E+03   -0.9990E+03   -0.9990E+03   -0.9990E+03   -0.9990E+03   -0.9990E+03   -0.9990E+03   -0.9990E+03   -0.9990E+03   -0.9990E+03   -0.9990E+03   -0.9990E+03   -0.9990E+03   -0.9990E+03   -0.9990E+03   -0.9990E+03   -0.9990E+03    0.8196E+02    0.8294E+02    0.8367E+02    0.8436E+02    0.8464E+02    0.8455E+02    0.8372E+02    0.8285E+02    0.8140E+02    0.7995E+02    0.7831E+02    0.7681E+02    0.7540E+02    0.7397E+02    0.7336E+02    0.7295E+02    0.7354E+02    0.7403E+02    0.7522E+02   -0.9990E+03   -0.9990E+03   -0.9990E+03   -0.9990E+03   -0.9990E+03   -0.9990E+03   -0.9990E+03   -0.9990E+03   -0.9990E+03   -0.9990E+03   -0.9990E+03   -0.9990E+03   -0.9990E+03   -0.9990E+03   -0.9990E+03   -0.9990E+03   -0.9990E+03
   -0.9990E+03   -0.9990E+03   -0.9990E+03   -0.9990E+03   -0.9990E+03   -0.9990E+03   -0.9990E+03   -0.9990E+03   -0.9990E+03   -0.9990E+03   -0.9990E+03   -0.9990E+03   -0.9990E+03   -0.9990E+03   -0.9990E+03   -0.9990E+03   -0.9990E+03   -0.9990E+03   -0.9990E+03   -0.9990E+03   -0.9990E+03   -0.9990E+03   -0.9990E+03   -0.9990E+03   -0.9990E+03   -0.9990E+03   -0.9990E+03   -0.9990E+03   -0.9990E+03   -0.9990E+03   -0.9990E+03   -0.9990E+03   -0.9990E+03   -0.9990E+03   -0.9990E+03   -0.9990E+03   -0.9990E+03   -0.9990E+03   -0.9990E+03    0.8096E+02    0.8209E+02    0.8342E+02    0.8484E+02    0.8596E+02    0.8678E+02    0.8633E+02    0.8545E+02    0.8409E+02    0.8278E+02    0.8073E+02    0.7887E+02    0.7693E+02    0.7538E+02    0.7357E+02    0.7296E+02    0.7220E+02    0.7266E+02    0.7341E+02    0.7454E+02   -0.9990E+03   -0.9990E+03   -0.9990E+03   -0.9990E+03   -0.9990E+03   -0.9990E+03   -0.9990E+03   -0.9990E+03   -0.9990E+03   -0.9990E+03   -0.9990E+03   -0.9990E+03   -0.9990E+03   -0.9990E+03   -0.9990E+03   -0.9990E+03   -0.9990E+03
   -0.9990E+03   -0.9990E+03   -0.9990E+03   -0.9990E+03   -0.9990E+03   -0.9990E+03   -0.9990E+03   -0.9990E+03   -0.9990E+03   -0.9990E+03   -0.9990E+03   -0.9990E+03   -0.9990E+03   -0.9990E+03   -0.9990E+03   -0.9990E+03   -0.9990E+03   -0.9990E+03   -0.9990E+03   -0.9990E+03   -0.9990E+03   -0.9990E+03   -0.9990E+03   -0.9990E+03   -0.9990E+03   -0.9990E+03   -0.9990E+03   -0.9990E+03   -0.9990E+03   -0.9990E+03   -0.9990E+03   -0.9990E+03   -0.9990E+03   -0.9990E+03   -0.9990E+03   -0.9990E+03   -0.9990E+03   -0.9990E+03   -0.9990E+03    0.8036E+02    0.8178E+02    0.8339E+02    0.8538E+02    0.8709E+02    0.8864E+02    0.8860E+02    0.8800E+02    0.8598E+02    0.8381E+02    0.8130E+02    0.7904E+02    0.7747E+02    0.7530E+02    0.7341E+02    0.7191E+02    0.7084E+02    0.7195E+02    0.7234E+02   -0.9990E+03   -0.9990E+03   -0.9990E+03   -0.9990E+03   -0.9990E+03   -0.9990E+03   -0.9990E+03   -0.9990E+03   -0.9990E+03   -0.9990E+03   -0.9990E+03   -0.9990E+03   -0.9990E+03   -0.9990E+03   -0.9990E+03   -0.9990E+03   -0.9990E+03   -0.9990E+03
   -0.9990E+03   -0.9990E+03   -0.9990E+03   -0.9990E+03   -0.9990E+03   -0.9990E+03   -0.9990E+03   -0.9990E+03   -0.9990E+03   -0.9990E+03   -0.9990E+03   -0.9990E+03   -0.9990E+03   -0.9990E+03   -0.9990E+03   -0.9990E+03   -0.9990E+03   -0.9990E+03   -0.9990E+03   -0.9990E+03   -0.9990E+03   -0.9990E+03   -0.9990E+03   -0.9990E+03   -0.9990E+03   -0.9990E+03   -0.9990E+03   -0.9990E+03   -0.9990E+03   -0.9990E+03   -0.9990E+03   -0.9990E+03   -0.9990E+03    0.6961E+02   -0.9990E+03   -0.9990E+03   -0.9990E+03   -0.9990E+03    0.7805E+02    0.7943E+02    0.8099E+02    0.8290E+02    0.8547E+02    0.8816E+02    0.8981E+02    0.9086E+02    0.9000E+02    0.8743E+02    0.8458E+02    0.8207E+02    0.7912E+02    0.7723E+02    0.7530E+02    0.7261E+02    0.7091E+02    0.6981E+02    0.7036E+02   -0.9990E+03   -0.9990E+03   -0.9990E+03   -0.9990E+03   -0.9990E+03   -0.9990E+03   -0.9990E+03   -0.9990E+03   -0.9990E+03   -0.9990E+03   -0.9990E+03   -0.9990E+03   -0.9990E+03   -0.9990E+03   -0.9990E+03   -0.9990E+03   -0.9990E+03   -0.9990E+03   -0.9990E+03
   -0.9990E+03   -0.9990E+03   -0.9990E+03   -0.9990E+03   -0.9990E+03   -0.9990E+03   -0.9990E+03   -0.9990E+03   -0.9990E+03   -0.9990E+03   -0.9990E+03   -0.9990E+03   -0.9990E+03   -0.9990E+03   -0.9990E+03   -0.9990E+03   -0.9990E+03   -0.9990E+03   -0.9990E+03   -0.9990E+03   -0.9990E+03   -0.9990E+03   -0.9990E+03   -0.9990E+03   -0.9990E+03   -0.9990E+03   -0.9990E+03   -0.9990E+03    0.5379E+02   -0.9990E+03   -0.9990E+03   -0.9990E+03   -0.9990E+03    0.7087E+02    0.7173E+02    0.7453E+02   -0.9990E+03    0.7538E+02    0.7651E+02    0.7783E+02    0.7966E+02    0.8227E+02    0.8408E+02    0.8664E+02    0.9054E+02    0.9414E+02    0.9018E+02    0.8700E+02    0.8470E+02    0.8235E+02    0.7910E+02    0.7650E+02    0.7486E+02    0.7263E+02    0.7043E+02    0.6811E+02   -0.9990E+03   -0.9990E+03   -0.9990E+03   -0.9990E+03   -0.9990E+03   -0.9990E+03   -0.9990E+03   -0.9990E+03   -0.9990E+03   -0.9990E+03   -0.9990E+03   -0.9990E+03   -0.9990E+03   -0.9990E+03   -0.9990E+03   -0.9990E+03   -0.9990E+03   -0.9990E+03   -0.9990E+03   -0.9990E+03
   -0.9990E+03   -0.9990E+03   -0.9990E+03   -0.9990E+03   -0.9990E+03   -0.9990E+03   -0.9990E+03   -0.9990E+03   -0.9990E+03   -0.9990E+03   -0.9990E+03   -0.9990E+03   -0.9990E+03   -0.9990E+03   -0.9990E+03   -0.9990E+03   -0.9990E+03   -0.9990E+03   -0.9990E+03   -0.9990E+03   -0.9990E+03   -0.9990E+03   -0.9990E+03   -0.9990E+03   -0.9990E+03   -0.9990E+03   -0.9990E+03   -0.9990E+03    0.5114E+02   -0.9990E+03   -0.9990E+03   -0.9990E+03   -0.9990E+03   -0.9990E+03    0.6725E+02    0.7018E+02    0.7200E+02    0.7319E+02    0.7448E+02    0.7569E+02    0.7771E+02    0.7956E+02    0.8181E+02    0.8517E+02    0.8828E+02    0.8967E+02    0.8866E+02    0.8651E+02    0.8357E+02    0.8171E+02    0.7918E+02    0.7738E+02    0.7507E+02    0.7316E+02    0.7098E+02    0.6980E+02   -0.9990E+03   -0.9990E+03   -0.9990E+03   -0.9990E+03   -0.9990E+03   -0.9990E+03   -0.9990E+03   -0.9990E+03   -0.9990E+03   -0.9990E+03   -0.9990E+03   -0.9990E+03   -0.9990E+03   -0.9990E+03   -0.9990E+03   -0.9990E+03   -0.9990E+03   -0.9990E+03   -0.9990E+03   -0.9990E+03
   -0.9990E+03   -0.9990E+03   -0.9990E+03   -0.9990E+03   -0.9990E+03   -0.9990E+03   -0.9990E+03   -0.9990E+03   -0.9990E+03   -0.9990E+03   -0.9990E+03   -0.9990E+03   -0.9990E+03   -0.9990E+03   -0.9990E+03   -0.9990E+03   -0.9990E+03   -0.9990E+03   -0.9990E+03   -0.9990E+03   -0.9990E+03   -0.9990E+03   -0.9990E+03   -0.9990E+03   -0.9990E+03   -0.9990E+03   -0.9990E+03   -0.9990E+03   -0.9990E+03   -0.9990E+03   -0.9990E+03   -0.9990E+03   -0.9990E+03    0.6009E+02    0.6299E+02    0.6599E+02    0.6780E+02    0.6904E+02    0.7102E+02    0.7318E+02    0.7500E+02    0.7674E+02    0.7963E+02    0.8254E+02    0.8474E+02    0.8595E+02    0.8591E+02    0.8491E+02    0.8322E+02    0.8083E+02    0.7886E+02    0.7679E+02    0.7518E+02    0.7268E+02   -0.9990E+03   -0.9990E+03   -0.9990E+03   -0.9990E+03   -0.9990E+03   -0.9990E+03   -0.9990E+03   -0.9990E+03   -0.9990E+03   -0.9990E+03   -0.9990E+03   -0.9990E+03   -0.9990E+03   -0.9990E+03   -0.9990E+03   -0.9990E+03   -0.9990E+03   -0.9990E+03   -0.9990E+03   -0.9990E+03   -0.9990E+03   -0.9990E+03
   -0.9990E+03   -0.9990E+03   -0.9990E+03   -0.9990E+03   -0.9990E+03   -0.9990E+03   -0.9990E+03   -0.9990E+03   -0.9990E+03   -0.9990E+03   -0.9990E+03   -0.9990E+03   -0.9990E+03   -0.9990E+03   -0.9990E+03   -0.9990E+03   -0.9990E+03   -0.9990E+03   -0.9990E+03   -0.9990E+03   -0.9990E+03   -0.9990E+03   -0.9990E+03   -0.9990E+03   -0.9990E+03   -0.9990E+03   -0.9990E+03   -0.9990E+03   -0.9990E+03   -0.9990E+03   -0.9990E+03   -0.9990E+03   -0.9990E+03    0.5625E+02    0.5889E+02    0.6149E+02    0.6344E+02    0.6529E+02    0.6738E+02    0.7011E+02    0.7204E+02    0.7377E+02    0.7682E+02    0.7923E+02    0.8113E+02    0.8232E+02    0.8313E+02    0.8319E+02    0.8185E+02    0.7992E+02    0.7857E+02    0.7577E+02    0.7448E+02   -0.9990E+03   -0.9990E+03   -0.9990E+03   -0.9990E+03   -0.9990E+03   -0.9990E+03   -0.9990E+03   -0.9990E+03   -0.9990E+03   -0.9990E+03   -0.9990E+03   -0.9990E+03   -0.9990E+03   -0.9990E+03   -0.9990E+03   -0.9990E+03   -0.9990E+03   -0.9990E+03   -0.9990E+03   -0.9990E+03   -0.9990E+03   -0.9990E+03   -0.9990E+03
   -0.9990E+03   -0.9990E+03   -0.9990E+03   -0.9990E+03   -0.9990E+03   -0.9990E+03   -0.9990E+03   -0.9990E+03   -0.9990E+03   -0.9990E+03   -0.9990E+03   -0.9990E+03   -0.9990E+03   -0.9990E+03   -0.9990E+03   -0.9990E+03   -0.9990E+03   -0.9990E+03   -0.9990E+03   -0.9990E+03   -0.9990E+03   -0.9990E+03   -0.9990E+03   -0.9990E+03   -0.9990E+03   -0.9990E+03   -0.9990E+03   -0.9990E+03   -0.9990E+03   -0.9990E+03   -0.9990E+03   -0.9990E+03   -0.9990E+03    0.5227E+02    0.5466E+02    0.5698E+02    0.5905E+02    0.6149E+02    0.6448E+02    0.6672E+02    0.6922E+02    0.7127E+02    0.7428E+02    0.7622E+02    0.7792E+02    0.7931E+02    0.8089E+02    0.7991E+02    0.7837E+02    0.7816E+02    0.7589E+02   -0.9990E+03   -0.9990E+03   -0.9990E+03   -0.9990E+03   -0.9990E+03   -0.9990E+03   -0.9990E+03   -0.9990E+03   -0.9990E+03   -0.9990E+03   -0.9990E+03   -0.9990E+03   -0.9990E+03   -0.9990E+03   -0.9990E+03   -0.9990E+03   -0.9990E+03   -0.9990E+03   -0.9990E+03   -0.9990E+03   -0.9990E+03   -0.9990E+03   -0.9990E+03   -0.9990E+03   -0.9990E+03
   -0.9990E+03   -0.9990E+03   -0.9990E+03   -0.9990E+03   -0.9990E+03   -0.9990E+03   -0.9990E+03   -0.9990E+03   -0.9990E+03   -0.9990E+03   -0.9990E+03   -0.9990E+03   -0.9990E+03   -0.9990E+03   -0.9990E+03   -0.9990E+03   -0.9990E+03   -0.9990E+03   -0.9990E+03   -0.9990E+03   -0.9990E+03   -0.9990E+03   -0.9990E+03   -0.9990E+03   -0.9990E+03   -0.9990E+03   -0.9990E+03   -0.9990E+03   -0.9990E+03   -0.9990E+03   -0.9990E+03   -0.9990E+03   -0.9990E+03    0.4805E+02    0.5010E+02    0.5250E+02    0.5485E+02    0.5764E+02    0.6048E+02    0.6320E+02    0.6593E+02    0.6811E+02    0.7038E+02    0.7220E+02    0.7517E+02    0.7749E+02    0.7630E+02    0.7657E+02    0.7694E+02    0.7620E+02    0.7636E+02    0.7491E+02   -0.9990E+03   -0.9990E+03   -0.9990E+03   -0.9990E+03   -0.9990E+03   -0.9990E+03   -0.9990E+03   -0.9990E+03   -0.9990E+03   -0.9990E+03   -0.9990E+03   -0.9990E+03   -0.9990E+03   -0.9990E+03   -0.9990E+03   -0.9990E+03   -0.9990E+03   -0.9990E+03   -0.9990E+03   -0.9990E+03   -0.9990E+03   -0.9990E+03   -0.9990E+03   -0.9990E+03
   -0.9990E+03   -0.9990E+03   -0.9990E+03   -0.9990E+03   -0.9990E+03   -0.9990E+03   -0.9990E+03   -0.9990E+03   -0.9990E+03   -0.9990E+03   -0.9990E+03   -0.9990E+03   -0.9990E+03   -0.9990E+03   -0.9990E+03   -0.9990E+03   -0.9990E+03   -0.9990E+03   -0.9990E+03   -0.9990E+03   -0.9990E+03   -0.9990E+03   -0.9990E+03   -0.9990E+03   -0.9990E+03   -0.9990E+03   -0.9990E+03   -0.9990E+03   -0.9990E+03   -0.9990E+03   -0.9990E+03    0.6850E+02    0.4235E+02    0.4386E+02    0.4576E+02    0.4774E+02    0.5040E+02    0.5304E+02    0.5612E+02    0.5954E+02    0.6131E+02    0.6442E+02    0.6797E+02    0.7013E+02    0.7230E+02    0.7358E+02    0.7496E+02    0.7589E+02    0.7657E+02    0.7626E+02    0.7554E+02    0.7498E+02   -0.9990E+03   -0.9990E+03   -0.9990E+03   -0.9990E+03   -0.9990E+03   -0.9990E+03   -0.9990E+03   -0.9990E+03   -0.9990E+03   -0.9990E+03   -0.9990E+03   -0.9990E+03   -0.9990E+03   -0.9990E+03   -0.9990E+03   -0.9990E+03   -0.9990E+03   -0.9990E+03   -0.9990E+03   -0.9990E+03   -0.9990E+03   -0.9990E+03   -0.9990E+03   -0.9990E+03
   -0.9990E+03   -0.9990E+03   -0.9990E+03   -0.9990E+03   -0.9990E+03   -0.9990E+03   -0.9990E+03   -0.9990E+03   -0.9990E+03   -0.9990E+03   -0.9990E+03   -0.9990E+03   -0.9990E+03   -0.9990E+03   -0.9990E+03   -0.9990E+03   -0.9990E+03   -0.9990E+03   -0.9990E+03   -0.9990E+03   -0.9990E+03   -0.9990E+03   -0.9990E+03   -0.9990E+03   -0.9990E+03   -0.9990E+03   -0.9990E+03   -0.9990E+03   -0.9990E+03   -0.9990E+03   -0.9990E+03   -0.9990E+03    0.6511E+02    0.3987E+02    0.4111E+02    0.4307E+02    0.4554E+02    0.4872E+02    0.5224E+02    0.5528E+02    0.5876E+02    0.6089E+02    0.6452E+02    0.6817E+02    0.6917E+02    0.7015E+02    0.7174E+02    0.7367E+02    0.7488E+02    0.7395E+02    0.7476E+02    0.7477E+02   -0.9990E+03   -0.9990E+03   -0.9990E+03   -0.9990E+03   -0.9990E+03   -0.9990E+03   -0.9990E+03   -0.9990E+03   -0.9990E+03   -0.9990E+03   -0.9990E+03   -0.9990E+03   -0.9990E+03   -0.9990E+03   -0.9990E+03   -0.9990E+03   -0.9990E+03   -0.9990E+03   -0.9990E+03   -0.9990E+03   -0.9990E+03   -0.9990E+03   -0.9990E+03   -0.9990E+03
   -0.9990E+03   -0.9990E+03   -0.9990E+03   -0.9990E+03   -0.9990E+03   -0.9990E+03   -0.9990E+03   -0.9990E+03   -0.9990E+03   -0.9990E+03   -0.9990E+03   -0.9990E+03   -0.9990E+03   -0.9990E+03   -0.9990E+03   -0.9990E+03   -0.9990E+03   -0.9990E+03   -0.9990E+03   -0.9990E+03   -0.9990E+03   -0.9990E+03   -0.9990E+03   -0.9990E+03   -0.9990E+03   -0.9990E+03   -0.9990E+03   -0.9990E+03   -0.9990E+03   -0.9990E+03   -0.9990E+03   -0.9990E+03    0.5666E+02    0.3543E+02    0.3635E+02    0.3818E+02    0.4080E+02    0.4412E+02    0.4841E+02    0.5166E+02    0.5463E+02    0.5874E+02    0.6197E+02    0.6546E+02    0.6655E+02    0.6934E+02    0.7099E+02    0.7254E+02    0.7261E+02    0.7327E+02    0.7361E+02   -0.9990E+03   -0.9990E+03   -0.9990E+03   -0.9990E+03   -0.9990E+03   -0.9990E+03   -0.9990E+03   -0.9990E+03   -0.9990E+03   -0.9990E+03   -0.9990E+03   -0.9990E+03   -0.9990E+03   -0.9990E+03   -0.9990E+03   -0.9990E+03   -0.9990E+03   -0.9990E+03   -0.9990E+03   -0.9990E+03   -0.9990E+03   -0.9990E+03   -0.9990E+03   -0.9990E+03   -0.9990E+03
   -0.9990E+03   -0.9990E+03   -0.9990E+03   -0.9990E+03   -0.9990E+03   -0.9990E+03   -0.9990E+03   -0.9990E+03   -0.9990E+03   -0.9990E+03   -0.9990E+03   -0.9990E+03   -0.9990E+03   -0.9990E+03   -0.9990E+03   -0.9990E+03   -0.9990E+03   -0.9990E+03   -0.9990E+03   -0.9990E+03   -0.9990E+03   -0.9990E+03   -0.9990E+03   -0.9990E+03   -0.9990E+03   -0.9990E+03   -0.9990E+03   -0.9990E+03   -0.9990E+03   -0.9990E+03   -0.9990E+03   -0.9990E+03    0.4992E+02    0.3125E+02    0.3078E+02    0.3217E+02    0.3596E+02    0.4060E+02    0.4491E+02    0.4798E+02    0.5323E+02    0.5628E+02    0.5951E+02    0.6273E+02    0.6564E+02    0.6728E+02    0.6921E+02    0.7067E+02    0.7095E+02    0.7204E+02   -0.9990E+03   -0.9990E+03   -0.9990E+03   -0.9990E+03   -0.9990E+03   -0.9990E+03   -0.9990E+03   -0.9990E+03   -0.9990E+03   -0.9990E+03   -0.9990E+03   -0.9990E+03   -0.9990E+03   -0.9990E+03   -0.9990E+03   -0.9990E+03   -0.9990E+03   -0.9990E+03   -0.9990E+03   -0.9990E+03   -0.9990E+03   -0.9990E+03   -0.9990E+03   -0.9990E+03   -0.9990E+03   -0.9990E+03
   -0.9990E+03   -0.9990E+03   -0.9990E+03   -0.9990E+03   -0.9990E+03   -0.9990E+03   -0.9990E+03   -0.9990E+03   -0.9990E+03   -0.9990E+03   -0.9990E+03   -0.9990E+03   -0.9990E+03   -0.9990E+03   -0.9990E+03   -0.9990E+03   -0.9990E+03   -0.9990E+03   -0.9990E+03   -0.9990E+03   -0.9990E+03   -0.9990E+03   -0.9990E+03   -0.9990E+03   -0.9990E+03   -0.9990E+03   -0.9990E+03   -0.9990E+03   -0.9990E+03   -0.9990E+03   -0.9990E+03   -0.9990E+03   -0.9990E+03    0.4882E+02    0.2841E+02    0.2643E+02    0.3252E+02    0.3744E+02    0.4153E+02    0.4638E+02    0.5083E+02    0.5452E+02    0.5723E+02    0.6044E+02    0.6394E+02    0.6595E+02    0.6779E+02    0.6899E+02    0.6980E+02    0.7065E+02   -0.9990E+03   -0.9990E+03   -0.9990E+03   -0.9990E+03   -0.9990E+03   -0.9990E+03   -0.9990E+03   -0.9990E+03   -0.9990E+03   -0.9990E+03   -0.9990E+03   -0.9990E+03   -0.9990E+03   -0.9990E+03   -0.9990E+03   -0.9990E+03   -0.9990E+03   -0.9990E+03   -0.9990E+03   -0.9990E+03   -0.9990E+03   -0.9990E+03   -0.9990E+03   -0.9990E+03   -0.9990E+03   -0.9990E+03
   -0.9990E+03   -0.9990E+03   -0.9990E+03   -0.9990E+03   -0.9990E+03   -0.9990E+03   -0.9990E+03   -0.9990E+03   -0.9990E+03   -0.9990E+03   -0.9990E+03   -0.9990E+03   -0.9990E+03   -0.9990E+03   -0.9990E+03   -0.9990E+03   -0.9990E+03   -0.9990E+03   -0.9990E+03   -0.9990E+03   -0.9990E+03   -0.9990E+03   -0.9990E+03   -0.9990E+03   -0.9990E+03   -0.9990E+03   -0.9990E+03   -0.9990E+03   -0.9990E+03   -0.9990E+03   -0.9990E+03   -0.9990E+03    0.2863E+02    0.2819E+02    0.4089E+02    0.2843E+02    0.3223E+02    0.3622E+02    0.4079E+02    0.4522E+02    0.4913E+02    0.5315E+02    0.5549E+02    0.5886E+02    0.6198E+02    0.6497E+02    0.6674E+02    0.6807E+02    0.6934E+02    0.6973E+02   -0.9990E+03   -0.9990E+03   -0.9990E+03   -0.9990E+03   -0.9990E+03   -0.9990E+03   -0.9990E+03   -0.9990E+03   -0.9990E+03   -0.9990E+03   -0.9990E+03   -0.9990E+03   -0.9990E+03   -0.9990E+03   -0.9990E+03   -0.9990E+03   -0.9990E+03   -0.9990E+03   -0.9990E+03   -0.9990E+03   -0.9990E+03   -0.9990E+03   -0.9990E+03   -0.9990E+03   -0.9990E+03   -0.9990E+03
   -0.9990E+03   -0.9990E+03   -0.9990E+03   -0.9990E+03   -0.9990E+03   -0.9990E+03   -0.9990E+03   -0.9990E+03   -0.9990E+03   -0.9990E+03   -0.9990E+03   -0.9990E+03   -0.9990E+03   -0.9990E+03   -0.9990E+03   -0.9990E+03   -0.9990E+03   -0.9990E+03   -0.9990E+03   -0.9990E+03   -0.9990E+03   -0.9990E+03   -0.9990E+03   -0.9990E+03   -0.9990E+03   -0.9990E+03   -0.9990E+03   -0.9990E+03   -0.9990E+03   -0.9990E+03   -0.9990E+03   -0.9990E+03    0.2811E+02    0.2746E+02   -0.9990E+03    0.2955E+02    0.5239E+02    0.6598E+02    0.7580E+02    0.4403E+02    0.4835E+02    0.5187E+02    0.5424E+02    0.5740E+02    0.6049E+02    0.6409E+02    0.6585E+02    0.6758E+02    0.6900E+02    0.6943E+02   -0.9990E+03   -0.9990E+03   -0.9990E+03   -0.9990E+03   -0.9990E+03   -0.9990E+03   -0.9990E+03   -0.9990E+03   -0.9990E+03   -0.9990E+03   -0.9990E+03   -0.9990E+03   -0.9990E+03   -0.9990E+03   -0.9990E+03   -0.9990E+03   -0.9990E+03   -0.9990E+03   -0.9990E+03   -0.9990E+03   -0.9990E+03   -0.9990E+03   -0.9990E+03   -0.9990E+03   -0.9990E+03   -0.9990E+03
   -0.9990E+03   -0.9990E+03   -0.9990E+03   -0.9990E+03   -0.9990E+03   -0.9990E+03   -0.9990E+03   -0.9990E+03   -0.9990E+03   -0.9990E+03   -0.9990E+03   -0.9990E+03   -0.9990E+03   -0.9990E+03   -0.9990E+03   -0.9990E+03   -0.9990E+03   -0.9990E+03   -0.9990E+03   -0.9990E+03   -0.9990E+03   -0.9990E+03   -0.9990E+03   -0.9990E+03   -0.9990E+03   -0.9990E+03   -0.9990E+03   -0.9990E+03   -0.9990E+03   -0.9990E+03   -0.9990E+03   -0.9990E+03    0.4717E+02    0.4842E+02   -0.9990E+03   -0.9990E+03    0.4881E+02    0.7452E+02    0.6537E+02    0.4409E+02    0.4769E+02    0.5056E+02    0.5336E+02    0.5678E+02    0.5974E+02    0.6294E+02    0.6527E+02    0.6702E+02    0.6809E+02    0.6873E+02   -0.9990E+03   -0.9990E+03   -0.9990E+03   -0.9990E+03   -0.9990E+03   -0.9990E+03   -0.9990E+03   -0.9990E+03   -0.9990E+03   -0.9990E+03   -0.9990E+03   -0.9990E+03   -0.9990E+03   -0.9990E+03   -0.9990E+03   -0.9990E+03   -0.9990E+03   -0.9990E+03   -0.9990E+03   -0.9990E+03   -0.9990E+03   -0.9990E+03   -0.9990E+03   -0.9990E+03   -0.9990E+03   -0.9990E+03
   -0.9990E+03   -0.9990E+03   -0.9990E+03   -0.9990E+03   -0.9990E+03   -0.9990E+03   -0.9990E+03   -0.9990E+03   -0.9990E+03   -0.9990E+03   -0.9990E+03   -0.9990E+03   -0.9990E+03   -0.9990E+03   -0.9990E+03   -0.9990E+03   -0.9990E+03   -0.9990E+03   -0.9990E+03   -0.9990E+03   -0.9990E+03   -0.9990E+03   -0.9990E+03   -0.9990E+03   -0.9990E+03   -0.9990E+03   -0.9990E+03   -0.9990E+03   -0.9990E+03   -0.9990E+03   -0.9990E+03   -0.9990E+03   -0.9990E+03   -0.9990E+03   -0.9990E+03    0.3221E+02    0.3569E+02    0.6482E+02    0.7504E+02    0.4408E+02    0.4662E+02    0.4995E+02    0.5310E+02    0.5625E+02    0.5917E+02    0.6173E+02    0.6519E+02    0.6662E+02    0.6774E+02    0.6879E+02    0.6950E+02   -0.9990E+03   -0.9990E+03   -0.9990E+03   -0.9990E+03   -0.9990E+03   -0.9990E+03   -0.9990E+03   -0.9990E+03   -0.9990E+03   -0.9990E+03   -0.9990E+03   -0.9990E+03   -0.9990E+03   -0.9990E+03   -0.9990E+03   -0.9990E+03   -0.9990E+03   -0.9990E+03   -0.9990E+03   -0.9990E+03   -0.9990E+03   -0.9990E+03   -0.9990E+03   -0.9990E+03   -0.9990E+03
   -0.9990E+03   -0.9990E+03   -0.9990E+03   -0.9990E+03   -0.9990E+03   -0.9990E+03   -0.9990E+03   -0.9990E+03   -0.9990E+03   -0.9990E+03   -0.9990E+03   -0.9990E+03   -0.9990E+03   -0.9990E+03   -0.9990E+03   -0.9990E+03   -0.9990E+03   -0.9990E+03   -0.9990E+03   -0.9990E+03   -0.9990E+03   -0.9990E+03   -0.9990E+03   -0.9990E+03   -0.9990E+03   -0.9990E+03   -0.9990E+03   -0.9990E+03   -0.9990E+03   -0.9990E+03   -0.9990E+03   -0.9990E+03   -0.9990E+03   -0.9990E+03   -0.9990E+03    0.3986E+02   -0.9990E+03    0.7541E+02    0.1085E+03    0.9256E+02    0.4640E+02    0.4969E+02    0.5301E+02    0.5583E+02    0.5877E+02    0.6118E+02    0.6458E+02    0.6591E+02    0.6734E+02    0.6884E+02    0.6902E+02   -0.9990E+03   -0.9990E+03   -0.9990E+03   -0.9990E+03   -0.9990E+03   -0.9990E+03   -0.9990E+03   -0.9990E+03   -0.9990E+03   -0.9990E+03   -0.9990E+03   -0.9990E+03   -0.9990E+03   -0.9990E+03   -0.9990E+03   -0.9990E+03   -0.9990E+03   -0.9990E+03   -0.9990E+03   -0.9990E+03   -0.9990E+03   -0.9990E+03   -0.9990E+03   -0.9990E+03   -0.9990E+03
   -0.9990E+03   -0.9990E+03   -0.9990E+03   -0.9990E+03   -0.9990E+03   -0.9990E+03   -0.9990E+03   -0.9990E+03   -0.9990E+03   -0.9990E+03   -0.9990E+03   -0.9990E+03   -0.9990E+03   -0.9990E+03   -0.9990E+03   -0.9990E+03   -0.9990E+03   -0.9990E+03   -0.9990E+03   -0.9990E+03   -0.9990E+03   -0.9990E+03   -0.9990E+03   -0.9990E+03   -0.9990E+03   -0.9990E+03   -0.9990E+03   -0.9990E+03   -0.9990E+03   -0.9990E+03   -0.9990E+03   -0.9990E+03   -0.9990E+03   -0.9990E+03   -0.9990E+03    0.3346E+02    0.4749E+02    0.6782E+02    0.9403E+02    0.9481E+02    0.4660E+02    0.4976E+02    0.5282E+02    0.5565E+02    0.5850E+02    0.6096E+02    0.6441E+02    0.6583E+02    0.6712E+02    0.6833E+02    0.6899E+02    0.6973E+02   -0.9990E+03   -0.9990E+03   -0.9990E+03   -0.9990E+03   -0.9990E+03   -0.9990E+03   -0.9990E+03   -0.9990E+03   -0.9990E+03   -0.9990E+03   -0.9990E+03   -0.9990E+03   -0.9990E+03   -0.9990E+03   -0.9990E+03   -0.9990E+03   -0.9990E+03   -0.9990E+03   -0.9990E+03   -0.9990E+03   -0.9990E+03   -0.9990E+03   -0.9990E+03   -0.9990E+03
   -0.9990E+03   -0.9990E+03   -0.9990E+03   -0.9990E+03   -0.9990E+03   -0.9990E+03   -0.9990E+03   -0.9990E+03   -0.9990E+03   -0.9990E+03   -0.9990E+03   -0.9990E+03   -0.9990E+03   -0.9990E+03   -0.9990E+03   -0.9990E+03   -0.9990E+03   -0.9990E+03   -0.9990E+03   -0.9990E+03   -0.9990E+03   -0.9990E+03   -0.9990E+03   -0.9990E+03   -0.9990E+03   -0.9990E+03   -0.9990E+03   -0.9990E+03   -0.9990E+03   -0.9990E+03   -0.9990E+03   -0.9990E+03   -0.9990E+03   -0.9990E+03    0.5343E+00    0.5242E+02    0.7026E+02    0.7594E+02    0.8834E+02    0.4352E+02    0.4695E+02    0.4984E+02    0.5275E+02    0.5560E+02    0.5838E+02    0.6083E+02    0.6469E+02    0.6530E+02    0.6677E+02    0.6728E+02    0.6905E+02    0.6992E+02   -0.9990E+03   -0.9990E+03   -0.9990E+03   -0.9990E+03   -0.9990E+03   -0.9990E+03   -0.9990E+03   -0.9990E+03   -0.9990E+03   -0.9990E+03   -0.9990E+03   -0.9990E+03   -0.9990E+03   -0.9990E+03   -0.9990E+03   -0.9990E+03   -0.9990E+03   -0.9990E+03   -0.9990E+03   -0.9990E+03   -0.9990E+03   -0.9990E+03   -0.9990E+03   -0.9990E+03
   -0.9990E+03   -0.9990E+03   -0.9990E+03   -0.9990E+03   -0.9990E+03   -0.9990E+03   -0.9990E+03   -0.9990E+03   -0.9990E+03   -0.9990E+03   -0.9990E+03   -0.9990E+03   -0.9990E+03   -0.9990E+03   -0.9990E+03   -0.9990E+03   -0.9990E+03   -0.9990E+03   -0.9990E+03   -0.9990E+03   -0.9990E+03   -0.9990E+03   -0.9990E+03   -0.9990E+03   -0.9990E+03   -0.9990E+03   -0.9990E+03   -0.9990E+03   -0.9990E+03   -0.9990E+03   -0.9990E+03   -0.9990E+03   -0.9990E+03   -0.9990E+03    0.4649E+02    0.6880E+02    0.3519E+02    0.3819E+02    0.8983E+02    0.4376E+02    0.4695E+02    0.5001E+02    0.5296E+02    0.5563E+02    0.5836E+02    0.6085E+02    0.6424E+02    0.6487E+02    0.6598E+02    0.6699E+02    0.6858E+02    0.6931E+02   -0.9990E+03   -0.9990E+03   -0.9990E+03   -0.9990E+03   -0.9990E+03   -0.9990E+03   -0.9990E+03   -0.9990E+03   -0.9990E+03   -0.9990E+03   -0.9990E+03   -0.9990E+03   -0.9990E+03   -0.9990E+03   -0.9990E+03   -0.9990E+03   -0.9990E+03   -0.9990E+03   -0.9990E+03   -0.9990E+03   -0.9990E+03   -0.9990E+03   -0.9990E+03   -0.9990E+03
   -0.9990E+03   -0.9990E+03   -0.9990E+03   -0.9990E+03   -0.9990E+03   -0.9990E+03   -0.9990E+03   -0.9990E+03   -0.9990E+03   -0.9990E+03   -0.9990E+03   -0.9990E+03   -0.9990E+03   -0.9990E+03   -0.9990E+03   -0.9990E+03   -0.9990E+03   -0.9990E+03   -0.9990E+03   -0.9990E+03   -0.9990E+03   -0.9990E+03   -0.9990E+03   -0.9990E+03   -0.9990E+03   -0.9990E+03   -0.9990E+03   -0.9990E+03   -0.9990E+03   -0.9990E+03   -0.9990E+03   -0.9990E+03   -0.9990E+03   -0.9990E+03    0.3437E+02    0.3341E+02    0.3539E+02    0.3931E+02    0.4120E+02    0.4442E+02    0.4732E+02    0.5030E+02    0.5320E+02    0.5577E+02    0.5838E+02    0.6174E+02    0.6346E+02    0.6422E+02    0.6581E+02    0.6669E+02    0.6742E+02   -0.9990E+03   -0.9990E+03   -0.9990E+03   -0.9990E+03   -0.9990E+03   -0.9990E+03   -0.9990E+03   -0.9990E+03   -0.9990E+03   -0.9990E+03   -0.9990E+03   -0.9990E+03   -0.9990E+03   -0.9990E+03   -0.9990E+03   -0.9990E+03   -0.9990E+03   -0.9990E+03   -0.9990E+03   -0.9990E+03   -0.9990E+03   -0.9990E+03   -0.9990E+03   -0.9990E+03   -0.9990E+03
   -0.9990E+03   -0.9990E+03   -0.9990E+03   -0.9990E+03   -0.9990E+03   -0.9990E+03   -0.9990E+03   -0.9990E+03   -0.9990E+03   -0.9990E+03   -0.9990E+03   -0.9990E+03   -0.9990E+03   -0.9990E+03   -0.9990E+03   -0.9990E+03   -0.9990E+03   -0.9990E+03   -0.9990E+03   -0.9990E+03   -0.9990E+03   -0.9990E+03   -0.9990E+03   -0.9990E+03   -0.9990E+03   -0.9990E+03   -0.9990E+03   -0.9990E+03   -0.9990E+03   -0.9990E+03   -0.9990E+03   -0.9990E+03   -0.9990E+03   -0.9990E+03    0.3369E+02    0.3222E+02    0.3631E+02    0.4018E+02    0.4200E+02    0.4509E+02    0.4783E+02    0.5051E+02    0.5356E+02    0.5579E+02    0.5832E+02    0.6440E+02    0.6197E+02    0.6404E+02    0.6526E+02    0.6620E+02    0.6726E+02    0.6861E+02   -0.9990E+03   -0.9990E+03   -0.9990E+03   -0.9990E+03   -0.9990E+03   -0.9990E+03   -0.9990E+03   -0.9990E+03   -0.9990E+03   -0.9990E+03   -0.9990E+03   -0.9990E+03   -0.9990E+03   -0.9990E+03   -0.9990E+03   -0.9990E+03   -0.9990E+03   -0.9990E+03   -0.9990E+03   -0.9990E+03   -0.9990E+03   -0.9990E+03   -0.9990E+03   -0.9990E+03
   -0.9990E+03   -0.9990E+03   -0.9990E+03   -0.9990E+03   -0.9990E+03   -0.9990E+03   -0.9990E+03   -0.9990E+03   -0.9990E+03   -0.9990E+03   -0.9990E+03   -0.9990E+03   -0.9990E+03   -0.9990E+03   -0.9990E+03   -0.9990E+03   -0.9990E+03   -0.9990E+03   -0.9990E+03   -0.9990E+03   -0.9990E+03   -0.9990E+03   -0.9990E+03   -0.9990E+03   -0.9990E+03   -0.9990E+03   -0.9990E+03   -0.9990E+03   -0.9990E+03   -0.9990E+03   -0.9990E+03   -0.9990E+03   -0.9990E+03    0.3582E+02    0.3605E+02    0.3580E+02    0.3870E+02    0.4063E+02    0.4339E+02    0.4614E+02    0.4843E+02    0.5140E+02    0.5310E+02    0.5544E+02    0.5857E+02    0.6144E+02    0.6133E+02    0.6302E+02    0.6464E+02    0.6563E+02    0.6679E+02   -0.9990E+03   -0.9990E+03   -0.9990E+03   -0.9990E+03   -0.9990E+03   -0.9990E+03   -0.9990E+03   -0.9990E+03   -0.9990E+03   -0.9990E+03   -0.9990E+03   -0.9990E+03   -0.9990E+03   -0.9990E+03   -0.9990E+03   -0.9990E+03   -0.9990E+03   -0.9990E+03   -0.9990E+03   -0.9990E+03   -0.9990E+03   -0.9990E+03   -0.9990E+03   -0.9990E+03   -0.9990E+03
   -0.9990E+03   -0.9990E+03   -0.9990E+03   -0.9990E+03   -0.9990E+03   -0.9990E+03   -0.9990E+03   -0.9990E+03   -0.9990E+03   -0.9990E+03   -0.9990E+03   -0.9990E+03   -0.9990E+03   -0.9990E+03   -0.9990E+03   -0.9990E+03   -0.9990E+03   -0.9990E+03   -0.9990E+03   -0.9990E+03   -0.9990E+03   -0.9990E+03   -0.9990E+03   -0.9990E+03   -0.9990E+03   -0.9990E+03   -0.9990E+03   -0.9990E+03   -0.9990E+03   -0.9990E+03   -0.9990E+03    0.3856E+02    0.6696E+02    0.3890E+02    0.3922E+02    0.3933E+02    0.4079E+02    0.4260E+02    0.4526E+02    0.1011E+03    0.1053E+03    0.5228E+02    0.5276E+02    0.5515E+02    0.5928E+02    0.5876E+02    0.6083E+02    0.6313E+02    0.6393E+02    0.6474E+02   -0.9990E+03   -0.9990E+03   -0.9990E+03   -0.9990E+03   -0.9990E+03   -0.9990E+03   -0.9990E+03   -0.9990E+03   -0.9990E+03   -0.9990E+03   -0.9990E+03   -0.9990E+03   -0.9990E+03   -0.9990E+03   -0.9990E+03   -0.9990E+03   -0.9990E+03   -0.9990E+03   -0.9990E+03   -0.9990E+03   -0.9990E+03   -0.9990E+03   -0.9990E+03   -0.9990E+03   -0.9990E+03   -0.9990E+03
   -0.9990E+03   -0.9990E+03   -0.9990E+03   -0.9990E+03   -0.9990E+03   -0.9990E+03   -0.9990E+03   -0.9990E+03   -0.9990E+03   -0.9990E+03   -0.9990E+03   -0.9990E+03   -0.9990E+03   -0.9990E+03   -0.9990E+03   -0.9990E+03   -0.9990E+03   -0.9990E+03   -0.9990E+03   -0.9990E+03   -0.9990E+03   -0.9990E+03   -0.9990E+03   -0.9990E+03   -0.9990E+03   -0.9990E+03   -0.9990E+03   -0.9990E+03   -0.9990E+03   -0.9990E+03   -0.9990E+03    0.4215E+02    0.4188E+02    0.4202E+02    0.4236E+02    0.4240E+02    0.4341E+02    0.4458E+02    0.4938E+02    0.1009E+03    0.7223E+02    0.5359E+02    0.5324E+02    0.5564E+02    0.5668E+02    0.5782E+02    0.6106E+02    0.6136E+02    0.6251E+02   -0.9990E+03   -0.9990E+03   -0.9990E+03   -0.9990E+03   -0.9990E+03   -0.9990E+03   -0.9990E+03   -0.9990E+03   -0.9990E+03   -0.9990E+03   -0.9990E+03   -0.9990E+03   -0.9990E+03   -0.9990E+03   -0.9990E+03   -0.9990E+03   -0.9990E+03   -0.9990E+03   -0.9990E+03   -0.9990E+03   -0.9990E+03   -0.9990E+03   -0.9990E+03   -0.9990E+03   -0.9990E+03   -0.9990E+03   -0.9990E+03
   -0.9990E+03   -0.9990E+03   -0.9990E+03   -0.9990E+03   -0.9990E+03   -0.9990E+03   -0.9990E+03   -0.9990E+03   -0.9990E+03   -0.9990E+03   -0.9990E+03   -0.9990E+03   -0.9990E+03   -0.9990E+03   -0.9990E+03   -0.9990E+03   -0.9990E+03   -0.9990E+03   -0.9990E+03   -0.9990E+03   -0.9990E+03   -0.9990E+03   -0.9990E+03   -0.9990E+03   -0.9990E+03   -0.9990E+03   -0.9990E+03   -0.9990E+03   -0.9990E+03   -0.9990E+03   -0.9990E+03    0.4549E+02    0.4531E+02    0.4535E+02    0.4556E+02    0.4551E+02    0.4592E+02    0.4778E+02    0.4951E+02    0.5146E+02    0.5187E+02    0.5210E+02    0.5439E+02    0.5478E+02    0.5599E+02    0.5780E+02    0.5921E+02    0.6034E+02   -0.9990E+03   -0.9990E+03   -0.9990E+03   -0.9990E+03   -0.9990E+03   -0.9990E+03   -0.9990E+03   -0.9990E+03   -0.9990E+03   -0.9990E+03   -0.9990E+03   -0.9990E+03   -0.9990E+03   -0.9990E+03   -0.9990E+03   -0.9990E+03   -0.9990E+03   -0.9990E+03   -0.9990E+03   -0.9990E+03   -0.9990E+03   -0.9990E+03   -0.9990E+03   -0.9990E+03   -0.9990E+03   -0.9990E+03   -0.9990E+03   -0.9990E+03
   -0.9990E+03   -0.9990E+03   -0.9990E+03   -0.9990E+03   -0.9990E+03   -0.9990E+03   -0.9990E+03   -0.9990E+03   -0.9990E+03   -0.9990E+03   -0.9990E+03   -0.9990E+03   -0.9990E+03   -0.9990E+03   -0.9990E+03   -0.9990E+03   -0.9990E+03   -0.9990E+03   -0.9990E+03   -0.9990E+03   -0.9990E+03   -0.9990E+03   -0.9990E+03   -0.9990E+03   -0.9990E+03   -0.9990E+03   -0.9990E+03   -0.9990E+03   -0.9990E+03   -0.9990E+03   -0.9990E+03    0.4852E+02    0.4881E+02    0.4880E+02    0.4866E+02    0.4834E+02    0.4903E+02    0.5171E+02    0.4995E+02    0.5089E+02    0.5175E+02    0.5380E+02    0.5267E+02    0.5529E+02    0.5525E+02    0.5590E+02    0.5750E+02    0.5956E+02   -0.9990E+03   -0.9990E+03   -0.9990E+03   -0.9990E+03   -0.9990E+03   -0.9990E+03   -0.9990E+03   -0.9990E+03   -0.9990E+03   -0.9990E+03   -0.9990E+03   -0.9990E+03   -0.9990E+03   -0.9990E+03   -0.9990E+03   -0.9990E+03   -0.9990E+03   -0.9990E+03   -0.9990E+03   -0.9990E+03   -0.9990E+03   -0.9990E+03   -0.9990E+03   -0.9990E+03   -0.9990E+03   -0.9990E+03   -0.9990E+03   -0.9990E+03
   -0.9990E+03   -0.9990E+03   -0.9990E+03   -0.9990E+03   -0.9990E+03   -0.9990E+03   -0.9990E+03   -0.9990E+03   -0.9990E+03   -0.9990E+03   -0.9990E+03   -0.9990E+03   -0.9990E+03   -0.9990E+03   -0.9990E+03   -0.9990E+03   -0.9990E+03   -0.9990E+03   -0.9990E+03   -0.9990E+03   -0.9990E+03   -0.9990E+03   -0.9990E+03   -0.9990E+03   -0.9990E+03   -0.9990E+03   -0.9990E+03   -0.9990E+03   -0.9990E+03   -0.9990E+03    0.9047E+02    0.5275E+02    0.5297E+02    0.5240E+02    0.5133E+02    0.5131E+02    0.5288E+02    0.5144E+02    0.5259E+02    0.5232E+02    0.5208E+02    0.5421E+02    0.5255E+02    0.5323E+02    0.5422E+02    0.5498E+02    0.5625E+02   -0.9990E+03   -0.9990E+03   -0.9990E+03   -0.9990E+03   -0.9990E+03   -0.9990E+03   -0.9990E+03   -0.9990E+03   -0.9990E+03   -0.9990E+03   -0.9990E+03   -0.9990E+03   -0.9990E+03   -0.9990E+03   -0.9990E+03   -0.9990E+03   -0.9990E+03   -0.9990E+03   -0.9990E+03   -0.9990E+03   -0.9990E+03   -0.9990E+03   -0.9990E+03   -0.9990E+03   -0.9990E+03   -0.9990E+03   -0.9990E+03   -0.9990E+03   -0.9990E+03
   -0.9990E+03   -0.9990E+03   -0.9990E+03   -0.9990E+03   -0.9990E+03   -0.9990E+03   -0.9990E+03   -0.9990E+03   -0.9990E+03   -0.9990E+03   -0.9990E+03   -0.9990E+03   -0.9990E+03   -0.9990E+03   -0.9990E+03   -0.9990E+03   -0.9990E+03   -0.9990E+03   -0.9990E+03   -0.9990E+03   -0.9990E+03   -0.9990E+03   -0.9990E+03   -0.9990E+03   -0.9990E+03   -0.9990E+03   -0.9990E+03   -0.9990E+03   -0.9990E+03   -0.9990E+03    0.5845E+02    0.5770E+02    0.5605E+02    0.5600E+02    0.5466E+02    0.5520E+02    0.5440E+02    0.5272E+02    0.5369E+02    0.5368E+02    0.5370E+02    0.5402E+02    0.5352E+02    0.5270E+02    0.5312E+02    0.5407E+02    0.5539E+02   -0.9990E+03   -0.9990E+03   -0.9990E+03   -0.9990E+03   -0.9990E+03   -0.9990E+03   -0.9990E+03   -0.9990E+03   -0.9990E+03   -0.9990E+03   -0.9990E+03   -0.9990E+03   -0.9990E+03   -0.9990E+03   -0.9990E+03   -0.9990E+03   -0.9990E+03   -0.9990E+03   -0.9990E+03   -0.9990E+03   -0.9990E+03   -0.9990E+03   -0.9990E+03   -0.9990E+03   -0.9990E+03   -0.9990E+03   -0.9990E+03   -0.9990E+03   -0.9990E+03
   -0.9990E+03   -0.9990E+03   -0.9990E+03   -0.9990E+03   -0.9990E+03   -0.9990E+03   -0.9990E+03   -0.9990E+03   -0.9990E+03   -0.9990E+03   -0.9990E+03   -0.9990E+03   -0.9990E+03   -0.9990E+03   -0.9990E+03   -0.9990E+03   -0.9990E+03   -0.9990E+03   -0.9990E+03   -0.9990E+03   -0.9990E+03   -0.9990E+03   -0.9990E+03   -0.9990E+03   -0.9990E+03   -0.9990E+03   -0.9990E+03   -0.9990E+03   -0.9990E+03   -0.9990E+03    0.6284E+02    0.6175E+02    0.6012E+02    0.5993E+02    0.5787E+02    0.5807E+02    0.5802E+02    0.5752E+02    0.5725E+02    0.5682E+02    0.5608E+02    0.5494E+02    0.5435E+02    0.5300E+02    0.5197E+02    0.5252E+02    0.5432E+02    0.5645E+02   -0.9990E+03   -0.9990E+03   -0.9990E+03   -0.9990E+03   -0.9990E+03   -0.9990E+03   -0.9990E+03   -0.9990E+03   -0.9990E+03   -0.9990E+03   -0.9990E+03   -0.9990E+03   -0.9990E+03   -0.9990E+03   -0.9990E+03   -0.9990E+03   -0.9990E+03   -0.9990E+03   -0.9990E+03   -0.9990E+03   -0.9990E+03   -0.9990E+03   -0.9990E+03   -0.9990E+03   -0.9990E+03   -0.9990E+03   -0.9990E+03   -0.9990E+03
   -0.9990E+03   -0.9990E+03   -0.9990E+03   -0.9990E+03   -0.9990E+03   -0.9990E+03   -0.9990E+03   -0.9990E+03   -0.9990E+03   -0.9990E+03   -0.9990E+03   -0.9990E+03   -0.9990E+03   -0.9990E+03   -0.9990E+03   -0.9990E+03   -0.9990E+03   -0.9990E+03   -0.9990E+03   -0.9990E+03   -0.9990E+03   -0.9990E+03   -0.9990E+03   -0.9990E+03   -0.9990E+03   -0.9990E+03   -0.9990E+03   -0.9990E+03   -0.9990E+03   -0.9990E+03   -0.9990E+03    0.6685E+02    0.6549E+02    0.6422E+02    0.6107E+02    0.6191E+02    0.6045E+02    0.6063E+02    0.6050E+02    0.6036E+02    0.5983E+02    0.5851E+02    0.5657E+02    0.5606E+02    0.5319E+02    0.5169E+02    0.5353E+02    0.5617E+02   -0.9990E+03   -0.9990E+03   -0.9990E+03   -0.9990E+03   -0.9990E+03   -0.9990E+03   -0.9990E+03   -0.9990E+03   -0.9990E+03   -0.9990E+03   -0.9990E+03   -0.9990E+03   -0.9990E+03   -0.9990E+03   -0.9990E+03   -0.9990E+03   -0.9990E+03   -0.9990E+03   -0.9990E+03   -0.9990E+03   -0.9990E+03   -0.9990E+03   -0.9990E+03   -0.9990E+03   -0.9990E+03   -0.9990E+03   -0.9990E+03   -0.9990E+03
   -0.9990E+03   -0.9990E+03   -0.9990E+03   -0.9990E+03   -0.9990E+03   -0.9990E+03   -0.9990E+03   -0.9990E+03   -0.9990E+03   -0.9990E+03   -0.9990E+03   -0.9990E+03   -0.9990E+03   -0.9990E+03   -0.9990E+03   -0.9990E+03   -0.9990E+03   -0.9990E+03   -0.9990E+03   -0.9990E+03   -0.9990E+03   -0.9990E+03   -0.9990E+03   -0.9990E+03   -0.9990E+03   -0.9990E+03   -0.9990E+03   -0.9990E+03   -0.9990E+03   -0.9990E+03   -0.9990E+03    0.1002E+03    0.7120E+02    0.6946E+02    0.6798E+02    0.6379E+02    0.6520E+02    0.6521E+02    0.6581E+02    0.6489E+02    0.6364E+02    0.6261E+02    0.5810E+02    0.5595E+02    0.5171E+02    0.4894E+02    0.5322E+02   -0.9990E+03   -0.9990E+03   -0.9990E+03   -0.9990E+03   -0.9990E+03   -0.9990E+03   -0.9990E+03   -0.9990E+03   -0.9990E+03   -0.9990E+03   -0.9990E+03   -0.9990E+03   -0.9990E+03   -0.9990E+03   -0.9990E+03   -0.9990E+03   -0.9990E+03   -0.9990E+03   -0.9990E+03   -0.9990E+03   -0.9990E+03   -0.9990E+03   -0.9990E+03   -0.9990E+03   -0.9990E+03   -0.9990E+03   -0.9990E+03   -0.9990E+03   -0.9990E+03
   -0.9990E+03   -0.9990E+03   -0.9990E+03   -0.9990E+03   -0.9990E+03   -0.9990E+03   -0.9990E+03   -0.9990E+03   -0.9990E+03   -0.9990E+03   -0.9990E+03   -0.9990E+03   -0.9990E+03   -0.9990E+03   -0.9990E+03   -0.9990E+03   -0.9990E+03   -0.9990E+03   -0.9990E+03   -0.9990E+03   -0.9990E+03   -0.9990E+03   -0.9990E+03   -0.9990E+03   -0.9990E+03   -0.9990E+03   -0.9990E+03   -0.9990E+03   -0.9990E+03   -0.9990E+03   -0.9990E+03   -0.9990E+03    0.7753E+02    0.7659E+02    0.7597E+02    0.7181E+02    0.7172E+02    0.7110E+02    0.7146E+02    0.7037E+02    0.6741E+02    0.6512E+02   -0.9990E+03   -0.9990E+03   -0.9990E+03   -0.9990E+03   -0.9990E+03   -0.9990E+03   -0.9990E+03   -0.9990E+03   -0.9990E+03   -0.9990E+03   -0.9990E+03   -0.9990E+03   -0.9990E+03   -0.9990E+03   -0.9990E+03   -0.9990E+03   -0.9990E+03   -0.9990E+03   -0.9990E+03   -0.9990E+03   -0.9990E+03   -0.9990E+03   -0.9990E+03   -0.9990E+03   -0.9990E+03   -0.9990E+03   -0.9990E+03   -0.9990E+03   -0.9990E+03   -0.9990E+03   -0.9990E+03   -0.9990E+03   -0.9990E+03   -0.9990E+03
   -0.9990E+03   -0.9990E+03   -0.9990E+03   -0.9990E+03   -0.9990E+03   -0.9990E+03   -0.9990E+03   -0.9990E+03   -0.9990E+03   -0.9990E+03   -0.9990E+03   -0.9990E+03   -0.9990E+03   -0.9990E+03   -0.9990E+03   -0.9990E+03   -0.9990E+03   -0.9990E+03   -0.9990E+03   -0.9990E+03   -0.9990E+03   -0.9990E+03   -0.9990E+03   -0.9990E+03   -0.9990E+03   -0.9990E+03   -0.9990E+03   -0.9990E+03   -0.9990E+03   -0.9990E+03   -0.9990E+03    0.1746E+03    0.8469E+02    0.8491E+02    0.8196E+02    0.8106E+02    0.7954E+02    0.7848E+02    0.7817E+02    0.7497E+02    0.7293E+02   -0.9990E+03   -0.9990E+03   -0.9990E+03   -0.9990E+03   -0.9990E+03   -0.9990E+03   -0.9990E+03   -0.9990E+03   -0.9990E+03   -0.9990E+03   -0.9990E+03   -0.9990E+03   -0.9990E+03   -0.9990E+03   -0.9990E+03   -0.9990E+03   -0.9990E+03   -0.9990E+03   -0.9990E+03   -0.9990E+03   -0.9990E+03   -0.9990E+03   -0.9990E+03   -0.9990E+03   -0.9990E+03   -0.9990E+03   -0.9990E+03   -0.9990E+03   -0.9990E+03   -0.9990E+03   -0.9990E+03   -0.9990E+03   -0.9990E+03   -0.9990E+03   -0.9990E+03
   -0.9990E+03   -0.9990E+03   -0.9990E+03   -0.9990E+03   -0.9990E+03   -0.9990E+03   -0.9990E+03   -0.9990E+03   -0.9990E+03   -0.9990E+03   -0.9990E+03   -0.9990E+03   -0.9990E+03   -0.9990E+03   -0.9990E+03   -0.9990E+03   -0.9990E+03   -0.9990E+03   -0.9990E+03   -0.9990E+03   -0.9990E+03   -0.9990E+03   -0.9990E+03   -0.9990E+03   -0.9990E+03   -0.9990E+03   -0.9990E+03   -0.9990E+03   -0.9990E+03   -0.9990E+03    0.1002E+03    0.9229E+02    0.9303E+02    0.9248E+02    0.9059E+02    0.8924E+02    0.8877E+02    0.8691E+02    0.8346E+02    0.8304E+02    0.8029E+02   -0.9990E+03   -0.9990E+03   -0.9990E+03   -0.9990E+03   -0.9990E+03   -0.9990E+03   -0.9990E+03   -0.9990E+03   -0.9990E+03   -0.9990E+03   -0.9990E+03   -0.9990E+03   -0.9990E+03   -0.9990E+03   -0.9990E+03   -0.9990E+03   -0.9990E+03   -0.9990E+03   -0.9990E+03   -0.9990E+03   -0.9990E+03   -0.9990E+03   -0.9990E+03   -0.9990E+03   -0.9990E+03   -0.9990E+03   -0.9990E+03   -0.9990E+03   -0.9990E+03   -0.9990E+03   -0.9990E+03   -0.9990E+03   -0.9990E+03   -0.9990E+03   -0.9990E+03
   -0.9990E+03   -0.9990E+03   -0.9990E+03   -0.9990E+03   -0.9990E+03   -0.9990E+03   -0.9990E+03   -0.9990E+03   -0.9990E+03   -0.9990E+03   -0.9990E+03   -0.9990E+03   -0.9990E+03   -0.9990E+03   -0.9990E+03   -0.9990E+03   -0.9990E+03   -0.9990E+03   -0.9990E+03   -0.9990E+03   -0.9990E+03   -0.9990E+03   -0.9990E+03   -0.9990E+03   -0.9990E+03   -0.9990E+03   -0.9990E+03   -0.9990E+03   -0.9990E+03    0.1022E+03    0.9879E+02    0.9978E+02    0.1011E+03    0.1023E+03    0.9819E+02    0.9840E+02    0.9701E+02    0.9278E+02    0.9262E+02    0.9152E+02    0.8703E+02   -0.9990E+03   -0.9990E+03   -0.9990E+03   -0.9990E+03   -0.9990E+03   -0.9990E+03   -0.9990E+03   -0.9990E+03   -0.9990E+03   -0.9990E+03   -0.9990E+03   -0.9990E+03   -0.9990E+03   -0.9990E+03   -0.9990E+03   -0.9990E+03   -0.9990E+03   -0.9990E+03   -0.9990E+03   -0.9990E+03   -0.9990E+03   -0.9990E+03   -0.9990E+03   -0.9990E+03   -0.9990E+03   -0.9990E+03   -0.9990E+03   -0.9990E+03   -0.9990E+03   -0.9990E+03   -0.9990E+03   -0.9990E+03   -0.9990E+03   -0.9990E+03   -0.9990E+03
   -0.9990E+03   -0.9990E+03   -0.9990E+03   -0.9990E+03   -0.9990E+03   -0.9990E+03   -0.9990E+03   -0.9990E+03   -0.9990E+03   -0.9990E+03   -0.9990E+03   -0.9990E+03   -0.9990E+03   -0.9990E+03   -0.9990E+03   -0.9990E+03   -0.9990E+03   -0.9990E+03   -0.9990E+03   -0.9990E+03   -0.9990E+03   -0.9990E+03   -0.9990E+03   -0.9990E+03   -0.9990E+03   -0.9990E+03   -0.9990E+03   -0.9990E+03   -0.9990E+03   -0.9990E+03   -0.9990E+03   -0.9990E+03    0.2126E+03    0.1075E+03    0.1070E+03    0.1071E+03    0.1060E+03    0.1025E+03    0.1011E+03    0.9646E+02    0.9369E+02   -0.9990E+03   -0.9990E+03   -0.9990E+03   -0.9990E+03   -0.9990E+03   -0.9990E+03   -0.9990E+03   -0.9990E+03   -0.9990E+03   -0.9990E+03   -0.9990E+03   -0.9990E+03   -0.9990E+03   -0.9990E+03   -0.9990E+03   -0.9990E+03   -0.9990E+03   -0.9990E+03   -0.9990E+03   -0.9990E+03   -0.9990E+03   -0.9990E+03   -0.9990E+03   -0.9990E+03   -0.9990E+03   -0.9990E+03   -0.9990E+03   -0.9990E+03   -0.9990E+03   -0.9990E+03   -0.9990E+03   -0.9990E+03   -0.9990E+03   -0.9990E+03   -0.9990E+03
   -0.9990E+03   -0.9990E+03   -0.9990E+03   -0.9990E+03   -0.9990E+03   -0.9990E+03   -0.9990E+03   -0.9990E+03   -0.9990E+03   -0.9990E+03   -0.9990E+03   -0.9990E+03   -0.9990E+03   -0.9990E+03   -0.9990E+03   -0.9990E+03   -0.9990E+03   -0.9990E+03   -0.9990E+03   -0.9990E+03   -0.9990E+03   -0.9990E+03   -0.9990E+03   -0.9990E+03   -0.9990E+03   -0.9990E+03   -0.9990E+03   -0.9990E+03    0.1590E+03    0.1105E+03   -0.9990E+03   -0.9990E+03    0.2267E+03    0.1158E+03    0.1164E+03    0.1165E+03    0.1142E+03    0.1126E+03    0.1074E+03    0.1046E+03   -0.9990E+03   -0.9990E+03   -0.9990E+03   -0.9990E+03   -0.9990E+03   -0.9990E+03   -0.9990E+03   -0.9990E+03   -0.9990E+03   -0.9990E+03   -0.9990E+03   -0.9990E+03   -0.9990E+03   -0.9990E+03   -0.9990E+03   -0.9990E+03   -0.9990E+03   -0.9990E+03   -0.9990E+03   -0.9990E+03   -0.9990E+03   -0.9990E+03   -0.9990E+03   -0.9990E+03   -0.9990E+03   -0.9990E+03   -0.9990E+03   -0.9990E+03   -0.9990E+03   -0.9990E+03   -0.9990E+03   -0.9990E+03   -0.9990E+03   -0.9990E+03   -0.9990E+03   -0.9990E+03
   -0.9990E+03   -0.9990E+03   -0.9990E+03   -0.9990E+03   -0.9990E+03   -0.9990E+03   -0.9990E+03   -0.9990E+03   -0.9990E+03   -0.9990E+03   -0.9990E+03   -0.9990E+03   -0.9990E+03   -0.9990E+03   -0.9990E+03   -0.9990E+03   -0.9990E+03   -0.9990E+03   -0.9990E+03   -0.9990E+03   -0.9990E+03   -0.9990E+03   -0.9990E+03   -0.9990E+03   -0.9990E+03   -0.9990E+03   -0.9990E+03   -0.9990E+03   -0.9990E+03    0.1174E+03   -0.9990E+03   -0.9990E+03    0.1556E+03    0.1256E+03    0.1255E+03    0.1271E+03    0.1247E+03    0.1212E+03    0.1169E+03    0.1111E+03   -0.9990E+03   -0.9990E+03   -0.9990E+03   -0.9990E+03   -0.9990E+03   -0.9990E+03   -0.9990E+03   -0.9990E+03   -0.9990E+03   -0.9990E+03   -0.9990E+03   -0.9990E+03   -0.9990E+03   -0.9990E+03   -0.9990E+03   -0.9990E+03   -0.9990E+03   -0.9990E+03   -0.9990E+03   -0.9990E+03   -0.9990E+03   -0.9990E+03   -0.9990E+03   -0.9990E+03   -0.9990E+03   -0.9990E+03   -0.9990E+03   -0.9990E+03   -0.9990E+03   -0.9990E+03   -0.9990E+03   -0.9990E+03   -0.9990E+03   -0.9990E+03   -0.9990E+03   -0.9990E+03
   -0.9990E+03   -0.9990E+03   -0.9990E+03   -0.9990E+03   -0.9990E+03   -0.9990E+03   -0.9990E+03   -0.9990E+03   -0.9990E+03   -0.9990E+03   -0.9990E+03   -0.9990E+03   -0.9990E+03   -0.9990E+03   -0.9990E+03   -0.9990E+03   -0.9990E+03   -0.9990E+03   -0.9990E+03   -0.9990E+03   -0.9990E+03   -0.9990E+03   -0.9990E+03   -0.9990E+03   -0.9990E+03   -0.9990E+03   -0.9990E+03   -0.9990E+03   -0.9990E+03    0.1211E+03   -0.9990E+03   -0.9990E+03   -0.9990E+03    0.1366E+03    0.1372E+03    0.1370E+03    0.1327E+03    0.1282E+03    0.1226E+03    0.1177E+03   -0.9990E+03   -0.9990E+03   -0.9990E+03   -0.9990E+03   -0.9990E+03   -0.9990E+03   -0.9990E+03   -0.9990E+03   -0.9990E+03   -0.9990E+03   -0.9990E+03   -0.9990E+03   -0.9990E+03   -0.9990E+03   -0.9990E+03   -0.9990E+03   -0.9990E+03   -0.9990E+03   -0.9990E+03   -0.9990E+03   -0.9990E+03   -0.9990E+03   -0.9990E+03   -0.9990E+03   -0.9990E+03   -0.9990E+03   -0.9990E+03   -0.9990E+03   -0.9990E+03   -0.9990E+03   -0.9990E+03   -0.9990E+03   -0.9990E+03   -0.9990E+03   -0.9990E+03   -0.9990E+03
   -0.9990E+03   -0.9990E+03   -0.9990E+03   -0.9990E+03   -0.9990E+03   -0.9990E+03   -0.9990E+03   -0.9990E+03   -0.9990E+03   -0.9990E+03   -0.9990E+03   -0.9990E+03   -0.9990E+03   -0.9990E+03   -0.9990E+03   -0.9990E+03   -0.9990E+03   -0.9990E+03   -0.9990E+03   -0.9990E+03   -0.9990E+03   -0.9990E+03   -0.9990E+03   -0.9990E+03   -0.9990E+03   -0.9990E+03   -0.9990E+03   -0.9990E+03   -0.9990E+03    0.1465E+03   -0.9990E+03   -0.9990E+03    0.2343E+03    0.1421E+03    0.1437E+03    0.1469E+03    0.1424E+03    0.1353E+03    0.1298E+03    0.1235E+03   -0.9990E+03   -0.9990E+03   -0.9990E+03   -0.9990E+03   -0.9990E+03   -0.9990E+03   -0.9990E+03   -0.9990E+03   -0.9990E+03   -0.9990E+03   -0.9990E+03   -0.9990E+03   -0.9990E+03   -0.9990E+03   -0.9990E+03   -0.9990E+03   -0.9990E+03   -0.9990E+03   -0.9990E+03   -0.9990E+03   -0.9990E+03   -0.9990E+03   -0.9990E+03   -0.9990E+03   -0.9990E+03   -0.9990E+03   -0.9990E+03   -0.9990E+03   -0.9990E+03   -0.9990E+03   -0.9990E+03   -0.9990E+03   -0.9990E+03   -0.9990E+03   -0.9990E+03   -0.9990E+03
   -0.9990E+03   -0.9990E+03   -0.9990E+03   -0.9990E+03   -0.9990E+03   -0.9990E+03   -0.9990E+03   -0.9990E+03   -0.9990E+03   -0.9990E+03   -0.9990E+03   -0.9990E+03   -0.9990E+03   -0.9990E+03   -0.9990E+03   -0.9990E+03   -0.9990E+03   -0.9990E+03   -0.9990E+03   -0.9990E+03   -0.9990E+03   -0.9990E+03   -0.9990E+03   -0.9990E+03   -0.9990E+03   -0.9990E+03   -0.9990E+03   -0.9990E+03   -0.9990E+03   -0.9990E+03   -0.9990E+03   -0.9990E+03    0.2141E+03    0.1446E+03    0.1512E+03    0.1588E+03    0.1487E+03    0.1406E+03    0.1342E+03    0.1273E+03   -0.9990E+03   -0.9990E+03   -0.9990E+03   -0.9990E+03   -0.9990E+03   -0.9990E+03   -0.9990E+03   -0.9990E+03   -0.9990E+03   -0.9990E+03   -0.9990E+03   -0.9990E+03   -0.9990E+03   -0.9990E+03   -0.9990E+03   -0.9990E+03   -0.9990E+03   -0.9990E+03   -0.9990E+03   -0.9990E+03   -0.9990E+03   -0.9990E+03   -0.9990E+03   -0.9990E+03   -0.9990E+03   -0.9990E+03   -0.9990E+03   -0.9990E+03   -0.9990E+03   -0.9990E+03   -0.9990E+03   -0.9990E+03   -0.9990E+03   -0.9990E+03   -0.9990E+03   -0.9990E+03
   -0.9990E+03   -0.9990E+03   -0.9990E+03   -0.9990E+03   -0.9990E+03   -0.9990E+03   -0.9990E+03   -0.9990E+03   -0.9990E+03   -0.9990E+03   -0.9990E+03   -0.9990E+03   -0.9990E+03   -0.9990E+03   -0.9990E+03   -0.9990E+03   -0.9990E+03   -0.9990E+03   -0.9990E+03   -0.9990E+03   -0.9990E+03   -0.9990E+03   -0.9990E+03   -0.9990E+03   -0.9990E+03   -0.9990E+03   -0.9990E+03   -0.9990E+03   -0.9990E+03   -0.9990E+03   -0.9990E+03   -0.9990E+03    0.1421E+03    0.1463E+03    0.1502E+03    0.1522E+03    0.1494E+03    0.1434E+03    0.1364E+03    0.1298E+03   -0.9990E+03   -0.9990E+03   -0.9990E+03   -0.9990E+03   -0.9990E+03   -0.9990E+03   -0.9990E+03   -0.9990E+03   -0.9990E+03   -0.9990E+03   -0.9990E+03   -0.9990E+03   -0.9990E+03   -0.9990E+03   -0.9990E+03   -0.9990E+03   -0.9990E+03   -0.9990E+03   -0.9990E+03   -0.9990E+03   -0.9990E+03   -0.9990E+03   -0.9990E+03   -0.9990E+03   -0.9990E+03   -0.9990E+03   -0.9990E+03   -0.9990E+03   -0.9990E+03   -0.9990E+03   -0.9990E+03   -0.9990E+03   -0.9990E+03   -0.9990E+03   -0.9990E+03   -0.9990E+03
   -0.9990E+03   -0.9990E+03   -0.9990E+03   -0.9990E+03   -0.9990E+03   -0.9990E+03   -0.9990E+03   -0.9990E+03   -0.9990E+03   -0.9990E+03   -0.9990E+03   -0.9990E+03   -0.9990E+03   -0.9990E+03   -0.9990E+03   -0.9990E+03   -0.9990E+03   -0.9990E+03   -0.9990E+03   -0.9990E+03   -0.9990E+03   -0.9990E+03   -0.9990E+03   -0.9990E+03   -0.9990E+03   -0.9990E+03   -0.9990E+03   -0.9990E+03   -0.9990E+03   -0.9990E+03   -0.9990E+03    0.1378E+03    0.1413E+03    0.1427E+03    0.1470E+03    0.1477E+03    0.1465E+03    0.1424E+03    0.1365E+03    0.1314E+03   -0.9990E+03   -0.9990E+03   -0.9990E+03   -0.9990E+03   -0.9990E+03   -0.9990E+03   -0.9990E+03   -0.9990E+03   -0.9990E+03   -0.9990E+03   -0.9990E+03   -0.9990E+03   -0.9990E+03   -0.9990E+03   -0.9990E+03   -0.9990E+03   -0.9990E+03   -0.9990E+03   -0.9990E+03   -0.9990E+03   -0.9990E+03   -0.9990E+03   -0.9990E+03   -0.9990E+03   -0.9990E+03   -0.9990E+03   -0.9990E+03   -0.9990E+03   -0.9990E+03   -0.9990E+03   -0.9990E+03   -0.9990E+03   -0.9990E+03   -0.9990E+03   -0.9990E+03   -0.9990E+03
   -0.9990E+03   -0.9990E+03   -0.9990E+03   -0.9990E+03   -0.9990E+03   -0.9990E+03   -0.9990E+03   -0.9990E+03   -0.9990E+03   -0.9990E+03   -0.9990E+03   -0.9990E+03   -0.9990E+03   -0.9990E+03   -0.9990E+03   -0.9990E+03   -0.9990E+03   -0.9990E+03   -0.9990E+03   -0.9990E+03   -0.9990E+03   -0.9990E+03   -0.9990E+03   -0.9990E+03   -0.9990E+03    0.1322E+03    0.1811E+03   -0.9990E+03    0.1781E+03    0.1299E+03    0.1321E+03    0.1367E+03    0.1386E+03    0.1394E+03    0.1431E+03    0.1440E+03    0.1432E+03    0.1403E+03    0.1362E+03    0.1314E+03   -0.9990E+03   -0.9990E+03   -0.9990E+03   -0.9990E+03   -0.9990E+03   -0.9990E+03   -0.9990E+03   -0.9990E+03   -0.9990E+03   -0.9990E+03   -0.9990E+03   -0.9990E+03   -0.9990E+03   -0.9990E+03   -0.9990E+03   -0.9990E+03   -0.9990E+03   -0.9990E+03   -0.9990E+03   -0.9990E+03   -0.9990E+03   -0.9990E+03   -0.9990E+03   -0.9990E+03   -0.9990E+03   -0.9990E+03   -0.9990E+03   -0.9990E+03   -0.9990E+03   -0.9990E+03   -0.9990E+03   -0.9990E+03   -0.9990E+03   -0.9990E+03   -0.9990E+03   -0.9990E+03
   -0.9990E+03   -0.9990E+03   -0.9990E+03   -0.9990E+03   -0.9990E+03   -0.9990E+03   -0.9990E+03   -0.9990E+03   -0.9990E+03   -0.9990E+03   -0.9990E+03   -0.9990E+03   -0.9990E+03   -0.9990E+03   -0.9990E+03   -0.9990E+03   -0.9990E+03   -0.9990E+03   -0.9990E+03   -0.9990E+03   -0.9990E+03   -0.9990E+03   -0.9990E+03    0.1818E+03    0.1182E+03    0.1198E+03    0.1217E+03    0.1840E+03    0.1260E+03    0.1287E+03    0.1308E+03    0.1340E+03    0.1355E+03    0.1396E+03    0.1409E+03    0.1410E+03    0.1388E+03    0.1374E+03    0.1342E+03   -0.9990E+03   -0.9990E+03   -0.9990E+03   -0.9990E+03   -0.9990E+03   -0.9990E+03   -0.9990E+03   -0.9990E+03   -0.9990E+03   -0.9990E+03   -0.9990E+03   -0.9990E+03   -0.9990E+03   -0.9990E+03   -0.9990E+03   -0.9990E+03   -0.9990E+03   -0.9990E+03   -0.9990E+03   -0.9990E+03   -0.9990E+03   -0.9990E+03   -0.9990E+03   -0.9990E+03   -0.9990E+03   -0.9990E+03   -0.9990E+03   -0.9990E+03   -0.9990E+03   -0.9990E+03   -0.9990E+03   -0.9990E+03   -0.9990E+03   -0.9990E+03   -0.9990E+03   -0.9990E+03   -0.9990E+03
   -0.9990E+03   -0.9990E+03   -0.9990E+03   -0.9990E+03   -0.9990E+03   -0.9990E+03   -0.9990E+03   -0.9990E+03   -0.9990E+03   -0.9990E+03   -0.9990E+03   -0.9990E+03   -0.9990E+03   -0.9990E+03   -0.9990E+03   -0.9990E+03   -0.9990E+03   -0.9990E+03   -0.9990E+03   -0.9990E+03   -0.9990E+03   -0.9990E+03   -0.9990E+03    0.1769E+03    0.1790E+03    0.1188E+03    0.1214E+03    0.1232E+03    0.1246E+03    0.1272E+03    0.1292E+03    0.1314E+03    0.1334E+03    0.1357E+03    0.1353E+03    0.1360E+03    0.1352E+03    0.1342E+03   -0.9990E+03   -0.9990E+03   -0.9990E+03   -0.9990E+03   -0.9990E+03   -0.9990E+03   -0.9990E+03   -0.9990E+03   -0.9990E+03   -0.9990E+03   -0.9990E+03   -0.9990E+03   -0.9990E+03   -0.9990E+03   -0.9990E+03   -0.9990E+03   -0.9990E+03   -0.9990E+03   -0.9990E+03   -0.9990E+03   -0.9990E+03   -0.9990E+03   -0.9990E+03   -0.9990E+03   -0.9990E+03   -0.9990E+03   -0.9990E+03   -0.9990E+03   -0.9990E+03   -0.9990E+03   -0.9990E+03   -0.9990E+03   -0.9990E+03   -0.9990E+03   -0.9990E+03   -0.9990E+03   -0.9990E+03   -0.9990E+03
   -0.9990E+03   -0.9990E+03   -0.9990E+03   -0.9990E+03   -0.9990E+03   -0.9990E+03   -0.9990E+03   -0.9990E+03   -0.9990E+03   -0.9990E+03   -0.9990E+03   -0.9990E+03   -0.9990E+03   -0.9990E+03   -0.9990E+03   -0.9990E+03   -0.9990E+03   -0.9990E+03   -0.9990E+03   -0.9990E+03   -0.9990E+03   -0.9990E+03    0.1530E+03   -0.9990E+03    0.1723E+03    0.1181E+03    0.1198E+03    0.1214E+03    0.1236E+03    0.1254E+03    0.1274E+03    0.1292E+03    0.1307E+03    0.1327E+03    0.1326E+03    0.1326E+03    0.1331E+03    0.1317E+03   -0.9990E+03   -0.9990E+03   -0.9990E+03   -0.9990E+03   -0.9990E+03   -0.9990E+03   -0.9990E+03   -0.9990E+03   -0.9990E+03   -0.9990E+03   -0.9990E+03   -0.9990E+03   -0.9990E+03   -0.9990E+03   -0.9990E+03   -0.9990E+03   -0.9990E+03   -0.9990E+03   -0.9990E+03   -0.9990E+03   -0.9990E+03   -0.9990E+03   -0.9990E+03   -0.9990E+03   -0.9990E+03   -0.9990E+03   -0.9990E+03   -0.9990E+03   -0.9990E+03   -0.9990E+03   -0.9990E+03   -0.9990E+03   -0.9990E+03   -0.9990E+03   -0.9990E+03   -0.9990E+03   -0.9990E+03   -0.9990E+03
   -0.9990E+03   -0.9990E+03   -0.9990E+03   -0.9990E+03   -0.9990E+03   -0.9990E+03   -0.9990E+03   -0.9990E+03   -0.9990E+03   -0.9990E+03   -0.9990E+03   -0.9990E+03   -0.9990E+03   -0.9990E+03   -0.9990E+03   -0.9990E+03   -0.9990E+03   -0.9990E+03   -0.9990E+03   -0.9990E+03   -0.9990E+03    0.1584E+03    0.1130E+03    0.1586E+03    0.1162E+03    0.1168E+03    0.1183E+03    0.1203E+03    0.1220E+03    0.1237E+03    0.1249E+03    0.1262E+03    0.1283E+03    0.1294E+03    0.1302E+03    0.1311E+03    0.1301E+03    0.1294E+03   -0.9990E+03   -0.9990E+03   -0.9990E+03   -0.9990E+03   -0.9990E+03   -0.9990E+03   -0.9990E+03   -0.9990E+03   -0.9990E+03   -0.9990E+03   -0.9990E+03   -0.9990E+03   -0.9990E+03   -0.9990E+03   -0.9990E+03   -0.9990E+03   -0.9990E+03   -0.9990E+03   -0.9990E+03   -0.9990E+03   -0.9990E+03   -0.9990E+03   -0.9990E+03   -0.9990E+03   -0.9990E+03   -0.9990E+03   -0.9990E+03   -0.9990E+03   -0.9990E+03   -0.9990E+03   -0.9990E+03   -0.9990E+03   -0.9990E+03   -0.9990E+03   -0.9990E+03   -0.9990E+03   -0.9990E+03   -0.9990E+03
   -0.9990E+03   -0.9990E+03   -0.9990E+03   -0.9990E+03   -0.9990E+03   -0.9990E+03   -0.9990E+03   -0.9990E+03   -0.9990E+03   -0.9990E+03   -0.9990E+03   -0.9990E+03   -0.9990E+03   -0.9990E+03   -0.9990E+03   -0.9990E+03   -0.9990E+03   -0.9990E+03   -0.9990E+03   -0.9990E+03   -0.9990E+03    0.1558E+03    0.1125E+03    0.1136E+03    0.1147E+03    0.1157E+03    0.1172E+03    0.1190E+03    0.1204E+03    0.1218E+03    0.1235E+03    0.1249E+03    0.1260E+03    0.1271E+03    0.1279E+03    0.1276E+03    0.1276E+03    0.1271E+03   -0.9990E+03   -0.9990E+03   -0.9990E+03   -0.9990E+03   -0.9990E+03   -0.9990E+03   -0.9990E+03   -0.9990E+03   -0.9990E+03   -0.9990E+03   -0.9990E+03   -0.9990E+03   -0.9990E+03   -0.9990E+03   -0.9990E+03   -0.9990E+03   -0.9990E+03   -0.9990E+03   -0.9990E+03   -0.9990E+03   -0.9990E+03   -0.9990E+03   -0.9990E+03   -0.9990E+03   -0.9990E+03   -0.9990E+03   -0.9990E+03   -0.9990E+03   -0.9990E+03   -0.9990E+03   -0.9990E+03   -0.9990E+03   -0.9990E+03   -0.9990E+03   -0.9990E+03   -0.9990E+03   -0.9990E+03   -0.9990E+03
   -0.9990E+03   -0.9990E+03   -0.9990E+03   -0.9990E+03   -0.9990E+03   -0.9990E+03   -0.9990E+03   -0.9990E+03   -0.9990E+03   -0.9990E+03   -0.9990E+03   -0.9990E+03   -0.9990E+03   -0.9990E+03   -0.9990E+03   -0.9990E+03   -0.9990E+03   -0.9990E+03   -0.9990E+03   -0.9990E+03   -0.9990E+03    0.1337E+03    0.1125E+03    0.1127E+03    0.1135E+03    0.1147E+03    0.1161E+03    0.1175E+03    0.1190E+03    0.1203E+03    0.1216E+03    0.1229E+03    0.1237E+03    0.1246E+03    0.1253E+03    0.1250E+03   -0.9990E+03   -0.9990E+03   -0.9990E+03   -0.9990E+03   -0.9990E+03   -0.9990E+03   -0.9990E+03   -0.9990E+03   -0.9990E+03   -0.9990E+03   -0.9990E+03   -0.9990E+03   -0.9990E+03   -0.9990E+03   -0.9990E+03   -0.9990E+03   -0.9990E+03   -0.9990E+03   -0.9990E+03   -0.9990E+03   -0.9990E+03   -0.9990E+03   -0.9990E+03   -0.9990E+03   -0.9990E+03   -0.9990E+03   -0.9990E+03   -0.9990E+03   -0.9990E+03   -0.9990E+03   -0.9990E+03   -0.9990E+03   -0.9990E+03   -0.9990E+03   -0.9990E+03   -0.9990E+03   -0.9990E+03   -0.9990E+03   -0.9990E+03   -0.9990E+03
   -0.9990E+03   -0.9990E+03   -0.9990E+03   -0.9990E+03   -0.9990E+03   -0.9990E+03   -0.9990E+03   -0.9990E+03   -0.9990E+03   -0.9990E+03   -0.9990E+03   -0.9990E+03   -0.9990E+03   -0.9990E+03   -0.9990E+03   -0.9990E+03   -0.9990E+03   -0.9990E+03   -0.9990E+03   -0.9990E+03   -0.9990E+03    0.1187E+03    0.1118E+03    0.1122E+03    0.1129E+03    0.1132E+03    0.1148E+03    0.1162E+03    0.1177E+03    0.1190E+03    0.1202E+03    0.1212E+03    0.1221E+03    0.1226E+03    0.1228E+03    0.1229E+03   -0.9990E+03   -0.9990E+03   -0.9990E+03   -0.9990E+03   -0.9990E+03   -0.9990E+03   -0.9990E+03   -0.9990E+03   -0.9990E+03   -0.9990E+03   -0.9990E+03   -0.9990E+03   -0.9990E+03   -0.9990E+03   -0.9990E+03   -0.9990E+03   -0.9990E+03   -0.9990E+03   -0.9990E+03   -0.9990E+03   -0.9990E+03   -0.9990E+03   -0.9990E+03   -0.9990E+03   -0.9990E+03   -0.9990E+03   -0.9990E+03   -0.9990E+03   -0.9990E+03   -0.9990E+03   -0.9990E+03   -0.9990E+03   -0.9990E+03   -0.9990E+03   -0.9990E+03   -0.9990E+03   -0.9990E+03   -0.9990E+03   -0.9990E+03   -0.9990E+03
   -0.9990E+03   -0.9990E+03   -0.9990E+03   -0.9990E+03   -0.9990E+03   -0.9990E+03   -0.9990E+03   -0.9990E+03   -0.9990E+03   -0.9990E+03   -0.9990E+03   -0.9990E+03   -0.9990E+03   -0.9990E+03   -0.9990E+03   -0.9990E+03   -0.9990E+03   -0.9990E+03   -0.9990E+03   -0.9990E+03   -0.9990E+03    0.1106E+03    0.1112E+03    0.1119E+03    0.1124E+03    0.1131E+03    0.1141E+03    0.1154E+03    0.1166E+03    0.1178E+03    0.1189E+03    0.1197E+03    0.1206E+03    0.1212E+03    0.1214E+03   -0.9990E+03   -0.9990E+03   -0.9990E+03   -0.9990E+03   -0.9990E+03   -0.9990E+03   -0.9990E+03   -0.9990E+03   -0.9990E+03   -0.9990E+03   -0.9990E+03   -0.9990E+03   -0.9990E+03   -0.9990E+03   -0.9990E+03   -0.9990E+03   -0.9990E+03   -0.9990E+03   -0.9990E+03   -0.9990E+03   -0.9990E+03   -0.9990E+03   -0.9990E+03   -0.9990E+03   -0.9990E+03   -0.9990E+03   -0.9990E+03   -0.9990E+03   -0.9990E+03   -0.9990E+03   -0.9990E+03   -0.9990E+03   -0.9990E+03   -0.9990E+03   -0.9990E+03   -0.9990E+03   -0.9990E+03   -0.9990E+03   -0.9990E+03   -0.9990E+03   -0.9990E+03
   -0.9990E+03   -0.9990E+03   -0.9990E+03   -0.9990E+03   -0.9990E+03   -0.9990E+03   -0.9990E+03   -0.9990E+03   -0.9990E+03   -0.9990E+03   -0.9990E+03   -0.9990E+03   -0.9990E+03   -0.9990E+03   -0.9990E+03   -0.9990E+03   -0.9990E+03   -0.9990E+03   -0.9990E+03   -0.9990E+03    0.1095E+03    0.1102E+03    0.1111E+03    0.1115E+03    0.1123E+03    0.1131E+03    0.1140E+03    0.1150E+03    0.1160E+03    0.1171E+03    0.1180E+03    0.1188E+03    0.1193E+03    0.1201E+03    0.1204E+03   -0.9990E+03   -0.9990E+03   -0.9990E+03   -0.9990E+03   -0.9990E+03   -0.9990E+03   -0.9990E+03   -0.9990E+03   -0.9990E+03   -0.9990E+03   -0.9990E+03   -0.9990E+03   -0.9990E+03   -0.9990E+03   -0.9990E+03   -0.9990E+03   -0.9990E+03   -0.9990E+03   -0.9990E+03   -0.9990E+03   -0.9990E+03   -0.9990E+03   -0.9990E+03   -0.9990E+03   -0.9990E+03   -0.9990E+03   -0.9990E+03   -0.9990E+03   -0.9990E+03   -0.9990E+03   -0.9990E+03   -0.9990E+03   -0.9990E+03   -0.9990E+03   -0.9990E+03   -0.9990E+03   -0.9990E+03   -0.9990E+03   -0.9990E+03   -0.9990E+03   -0.9990E+03
   -0.9990E+03   -0.9990E+03   -0.9990E+03   -0.9990E+03   -0.9990E+03   -0.9990E+03   -0.9990E+03   -0.9990E+03   -0.9990E+03   -0.9990E+03   -0.9990E+03   -0.9990E+03   -0.9990E+03   -0.9990E+03   -0.9990E+03   -0.9990E+03   -0.9990E+03   -0.9990E+03    0.1176E+03    0.1087E+03    0.1093E+03    0.1102E+03    0.1109E+03    0.1114E+03    0.1122E+03    0.1129E+03    0.1138E+03    0.1147E+03    0.1155E+03    0.1165E+03    0.1171E+03    0.1181E+03    0.1188E+03    0.1193E+03    0.1196E+03   -0.9990E+03   -0.9990E+03   -0.9990E+03   -0.9990E+03   -0.9990E+03   -0.9990E+03   -0.9990E+03   -0.9990E+03   -0.9990E+03   -0.9990E+03   -0.9990E+03   -0.9990E+03   -0.9990E+03   -0.9990E+03   -0.9990E+03   -0.9990E+03   -0.9990E+03   -0.9990E+03   -0.9990E+03   -0.9990E+03   -0.9990E+03   -0.9990E+03   -0.9990E+03   -0.9990E+03   -0.9990E+03   -0.9990E+03   -0.9990E+03   -0.9990E+03   -0.9990E+03   -0.9990E+03   -0.9990E+03   -0.9990E+03   -0.9990E+03   -0.9990E+03   -0.9990E+03   -0.9990E+03   -0.9990E+03   -0.9990E+03   -0.9990E+03   -0.9990E+03   -0.9990E+03
   -0.9990E+03   -0.9990E+03   -0.9990E+03   -0.9990E+03   -0.9990E+03   -0.9990E+03   -0.9990E+03   -0.9990E+03   -0.9990E+03   -0.9990E+03   -0.9990E+03   -0.9990E+03   -0.9990E+03   -0.9990E+03   -0.9990E+03   -0.9990E+03   -0.9990E+03   -0.9990E+03    0.1314E+03    0.1085E+03    0.1093E+03    0.1100E+03    0.1106E+03    0.1113E+03    0.1121E+03    0.1129E+03    0.1136E+03    0.1144E+03    0.1152E+03    0.1161E+03    0.1168E+03    0.1174E+03    0.1180E+03    0.1185E+03    0.1186E+03   -0.9990E+03   -0.9990E+03   -0.9990E+03   -0.9990E+03   -0.9990E+03   -0.9990E+03   -0.9990E+03   -0.9990E+03   -0.9990E+03   -0.9990E+03   -0.9990E+03   -0.9990E+03   -0.9990E+03   -0.9990E+03   -0.9990E+03   -0.9990E+03   -0.9990E+03   -0.9990E+03   -0.9990E+03   -0.9990E+03   -0.9990E+03   -0.9990E+03   -0.9990E+03   -0.9990E+03   -0.9990E+03   -0.9990E+03   -0.9990E+03   -0.9990E+03   -0.9990E+03   -0.9990E+03   -0.9990E+03   -0.9990E+03   -0.9990E+03   -0.9990E+03   -0.9990E+03   -0.9990E+03   -0.9990E+03   -0.9990E+03   -0.9990E+03   -0.9990E+03   -0.9990E+03
   -0.9990E+03   -0.9990E+03   -0.9990E+03   -0.9990E+03   -0.9990E+03   -0.9990E+03   -0.9990E+03   -0.9990E+03   -0.9990E+03   -0.9990E+03   -0.9990E+03   -0.9990E+03   -0.9990E+03   -0.9990E+03   -0.9990E+03    0.1070E+03    0.1071E+03    0.1074E+03    0.1079E+03    0.1085E+03    0.1092E+03    0.1098E+03    0.1105E+03    0.1112E+03    0.1120E+03    0.1127E+03    0.1134E+03    0.1142E+03    0.1148E+03    0.1156E+03    0.1164E+03    0.1169E+03    0.1174E+03    0.1176E+03   -0.9990E+03   -0.9990E+03   -0.9990E+03   -0.9990E+03   -0.9990E+03   -0.9990E+03   -0.9990E+03   -0.9990E+03   -0.9990E+03   -0.9990E+03   -0.9990E+03   -0.9990E+03   -0.9990E+03   -0.9990E+03   -0.9990E+03   -0.9990E+03   -0.9990E+03   -0.9990E+03   -0.9990E+03   -0.9990E+03   -0.9990E+03   -0.9990E+03   -0.9990E+03   -0.9990E+03   -0.9990E+03   -0.9990E+03   -0.9990E+03   -0.9990E+03   -0.9990E+03   -0.9990E+03   -0.9990E+03   -0.9990E+03   -0.9990E+03   -0.9990E+03   -0.9990E+03   -0.9990E+03   -0.9990E+03   -0.9990E+03   -0.9990E+03   -0.9990E+03   -0.9990E+03   -0.9990E+03
   -0.9990E+03   -0.9990E+03   -0.9990E+03   -0.9990E+03   -0.9990E+03   -0.9990E+03   -0.9990E+03   -0.9990E+03   -0.9990E+03   -0.9990E+03   -0.9990E+03   -0.9990E+03   -0.9990E+03    0.1070E+03    0.1068E+03    0.1068E+03    0.1070E+03    0.1073E+03    0.1078E+03    0.1084E+03    0.1091E+03    0.1098E+03    0.1104E+03    0.1111E+03    0.1118E+03    0.1125E+03    0.1131E+03    0.1139E+03    0.1145E+03    0.1151E+03    0.1158E+03    0.1164E+03    0.1167E+03   -0.9990E+03   -0.9990E+03   -0.9990E+03   -0.9990E+03   -0.9990E+03   -0.9990E+03   -0.9990E+03   -0.9990E+03   -0.9990E+03   -0.9990E+03   -0.9990E+03   -0.9990E+03   -0.9990E+03   -0.9990E+03   -0.9990E+03   -0.9990E+03   -0.9990E+03   -0.9990E+03   -0.9990E+03   -0.9990E+03   -0.9990E+03   -0.9990E+03   -0.9990E+03   -0.9990E+03   -0.9990E+03   -0.9990E+03   -0.9990E+03   -0.9990E+03   -0.9990E+03   -0.9990E+03   -0.9990E+03   -0.9990E+03   -0.9990E+03   -0.9990E+03   -0.9990E+03   -0.9990E+03   -0.9990E+03   -0.9990E+03   -0.9990E+03   -0.9990E+03   -0.9990E+03   -0.9990E+03   -0.9990E+03
   -0.9990E+03   -0.9990E+03   -0.9990E+03   -0.9990E+03   -0.9990E+03   -0.9990E+03   -0.9990E+03   -0.9990E+03   -0.9990E+03   -0.9990E+03    0.1084E+03    0.1078E+03    0.1073E+03    0.1069E+03    0.1066E+03    0.1066E+03    0.1067E+03    0.1071E+03    0.1077E+03    0.1083E+03    0.1090E+03    0.1096E+03    0.1104E+03    0.1110E+03    0.1116E+03    0.1123E+03    0.1130E+03    0.1135E+03    0.1143E+03    0.1148E+03    0.1153E+03    0.1158E+03    0.1162E+03   -0.9990E+03   -0.9990E+03   -0.9990E+03   -0.9990E+03   -0.9990E+03   -0.9990E+03   -0.9990E+03   -0.9990E+03   -0.9990E+03   -0.9990E+03   -0.9990E+03   -0.9990E+03   -0.9990E+03   -0.9990E+03   -0.9990E+03   -0.9990E+03   -0.9990E+03   -0.9990E+03   -0.9990E+03   -0.9990E+03   -0.9990E+03   -0.9990E+03   -0.9990E+03   -0.9990E+03   -0.9990E+03   -0.9990E+03   -0.9990E+03   -0.9990E+03   -0.9990E+03   -0.9990E+03   -0.9990E+03   -0.9990E+03   -0.9990E+03   -0.9990E+03   -0.9990E+03   -0.9990E+03   -0.9990E+03   -0.9990E+03   -0.9990E+03   -0.9990E+03   -0.9990E+03   -0.9990E+03   -0.9990E+03
   -0.9990E+03   -0.9990E+03   -0.9990E+03   -0.9990E+03   -0.9990E+03   -0.9990E+03   -0.9990E+03   -0.9990E+03   -0.9990E+03   -0.9990E+03    0.1084E+03    0.1079E+03    0.1073E+03    0.1068E+03    0.1064E+03    0.1062E+03    0.1064E+03    0.1068E+03    0.1075E+03    0.1082E+03    0.1088E+03    0.1095E+03    0.1101E+03    0.1109E+03    0.1115E+03    0.1121E+03    0.1126E+03    0.1133E+03    0.1138E+03   -0.9990E+03   -0.9990E+03   -0.9990E+03   -0.9990E+03   -0.9990E+03   -0.9990E+03   -0.9990E+03   -0.9990E+03   -0.9990E+03   -0.9990E+03   -0.9990E+03   -0.9990E+03   -0.9990E+03   -0.9990E+03   -0.9990E+03   -0.9990E+03   -0.9990E+03   -0.9990E+03   -0.9990E+03   -0.9990E+03   -0.9990E+03   -0.9990E+03   -0.9990E+03   -0.9990E+03   -0.9990E+03   -0.9990E+03   -0.9990E+03   -0.9990E+03   -0.9990E+03   -0.9990E+03   -0.9990E+03   -0.9990E+03   -0.9990E+03   -0.9990E+03   -0.9990E+03   -0.9990E+03   -0.9990E+03   -0.9990E+03   -0.9990E+03   -0.9990E+03   -0.9990E+03   -0.9990E+03   -0.9990E+03   -0.9990E+03   -0.9990E+03   -0.9990E+03   -0.9990E+03
   -0.9990E+03   -0.9990E+03   -0.9990E+03   -0.9990E+03   -0.9990E+03   -0.9990E+03   -0.9990E+03    0.1106E+03    0.1099E+03    0.1093E+03    0.1211E+03    0.1082E+03    0.1085E+03    0.1066E+03    0.1059E+03    0.1057E+03    0.1060E+03    0.1067E+03    0.1075E+03    0.1082E+03    0.1088E+03    0.1094E+03    0.1100E+03    0.1106E+03    0.1113E+03    0.1118E+03   -0.9990E+03   -0.9990E+03   -0.9990E+03   -0.9990E+03   -0.9990E+03   -0.9990E+03   -0.9990E+03   -0.9990E+03   -0.9990E+03   -0.9990E+03   -0.9990E+03   -0.9990E+03   -0.9990E+03   -0.9990E+03   -0.9990E+03   -0.9990E+03   -0.9990E+03   -0.9990E+03   -0.9990E+03   -0.9990E+03   -0.9990E+03   -0.9990E+03   -0.9990E+03   -0.9990E+03   -0.9990E+03   -0.9990E+03   -0.9990E+03   -0.9990E+03   -0.9990E+03   -0.9990E+03   -0.9990E+03   -0.9990E+03   -0.9990E+03   -0.9990E+03   -0.9990E+03   -0.9990E+03   -0.9990E+03   -0.9990E+03   -0.9990E+03   -0.9990E+03   -0.9990E+03   -0.9990E+03   -0.9990E+03   -0.9990E+03   -0.9990E+03   -0.9990E+03   -0.9990E+03   -0.9990E+03   -0.9990E+03   -0.9990E+03
   -0.9990E+03   -0.9990E+03    0.1119E+03    0.1120E+03    0.1405E+03    0.1123E+03    0.1116E+03    0.1111E+03    0.1102E+03    0.1200E+03    0.1160E+03   -0.9990E+03    0.1387E+03    0.1077E+03    0.1078E+03   -0.9990E+03    0.1342E+03    0.1066E+03    0.1073E+03    0.1080E+03    0.1087E+03    0.1093E+03    0.1099E+03    0.1105E+03   -0.9990E+03   -0.9990E+03   -0.9990E+03   -0.9990E+03   -0.9990E+03   -0.9990E+03   -0.9990E+03   -0.9990E+03   -0.9990E+03   -0.9990E+03   -0.9990E+03   -0.9990E+03   -0.9990E+03   -0.9990E+03   -0.9990E+03   -0.9990E+03   -0.9990E+03   -0.9990E+03   -0.9990E+03   -0.9990E+03   -0.9990E+03   -0.9990E+03   -0.9990E+03   -0.9990E+03   -0.9990E+03   -0.9990E+03   -0.9990E+03   -0.9990E+03   -0.9990E+03   -0.9990E+03   -0.9990E+03   -0.9990E+03   -0.9990E+03   -0.9990E+03   -0.9990E+03   -0.9990E+03   -0.9990E+03   -0.9990E+03   -0.9990E+03   -0.9990E+03   -0.9990E+03   -0.9990E+03   -0.9990E+03   -0.9990E+03   -0.9990E+03   -0.9990E+03   -0.9990E+03   -0.9990E+03   -0.9990E+03   -0.9990E+03   -0.9990E+03   -0.9990E+03
   -0.9990E+03   -0.9990E+03    0.1119E+03    0.1121E+03    0.1121E+03    0.1121E+03    0.1250E+03    0.1210E+03    0.1104E+03    0.1096E+03    0.1432E+03    0.1357E+03    0.1075E+03    0.1072E+03    0.1067E+03    0.1377E+03    0.1062E+03    0.1068E+03    0.1073E+03    0.1080E+03    0.1086E+03    0.1092E+03   -0.9990E+03   -0.9990E+03   -0.9990E+03   -0.9990E+03   -0.9990E+03   -0.9990E+03   -0.9990E+03   -0.9990E+03   -0.9990E+03   -0.9990E+03   -0.9990E+03   -0.9990E+03   -0.9990E+03   -0.9990E+03   -0.9990E+03   -0.9990E+03   -0.9990E+03   -0.9990E+03   -0.9990E+03   -0.9990E+03   -0.9990E+03   -0.9990E+03   -0.9990E+03   -0.9990E+03   -0.9990E+03   -0.9990E+03   -0.9990E+03   -0.9990E+03   -0.9990E+03   -0.9990E+03   -0.9990E+03   -0.9990E+03   -0.9990E+03   -0.9990E+03   -0.9990E+03   -0.9990E+03   -0.9990E+03   -0.9990E+03   -0.9990E+03   -0.9990E+03   -0.9990E+03   -0.9990E+03   -0.9990E+03   -0.9990E+03   -0.9990E+03   -0.9990E+03   -0.9990E+03   -0.9990E+03   -0.9990E+03   -0.9990E+03   -0.9990E+03   -0.9990E+03   -0.9990E+03   -0.9990E+03
   -0.9990E+03    0.1119E+03    0.1120E+03    0.1119E+03    0.1120E+03    0.1131E+03    0.1141E+03    0.1111E+03    0.1102E+03    0.1097E+03    0.1090E+03    0.1126E+03    0.1077E+03    0.1072E+03    0.1068E+03    0.1066E+03    0.1067E+03    0.1071E+03   -0.9990E+03   -0.9990E+03   -0.9990E+03   -0.9990E+03   -0.9990E+03   -0.9990E+03   -0.9990E+03   -0.9990E+03   -0.9990E+03   -0.9990E+03   -0.9990E+03   -0.9990E+03   -0.9990E+03   -0.9990E+03   -0.9990E+03   -0.9990E+03   -0.9990E+03   -0.9990E+03   -0.9990E+03   -0.9990E+03   -0.9990E+03   -0.9990E+03   -0.9990E+03   -0.9990E+03   -0.9990E+03   -0.9990E+03   -0.9990E+03   -0.9990E+03   -0.9990E+03   -0.9990E+03   -0.9990E+03   -0.9990E+03   -0.9990E+03   -0.9990E+03   -0.9990E+03   -0.9990E+03   -0.9990E+03   -0.9990E+03   -0.9990E+03   -0.9990E+03   -0.9990E+03   -0.9990E+03   -0.9990E+03   -0.9990E+03   -0.9990E+03   -0.9990E+03   -0.9990E+03   -0.9990E+03   -0.9990E+03   -0.9990E+03   -0.9990E+03   -0.9990E+03   -0.9990E+03   -0.9990E+03   -0.9990E+03   -0.9990E+03   -0.9990E+03   -0.9990E+03
    0.1118E+03    0.1119E+03    0.1119E+03    0.1119E+03    0.1118E+03    0.1115E+03    0.1110E+03    0.1107E+03    0.1102E+03    0.1097E+03    0.1091E+03    0.1086E+03    0.1080E+03   -0.9990E+03   -0.9990E+03   -0.9990E+03   -0.9990E+03   -0.9990E+03   -0.9990E+03   -0.9990E+03   -0.9990E+03   -0.9990E+03   -0.9990E+03   -0.9990E+03   -0.9990E+03   -0.9990E+03   -0.9990E+03   -0.9990E+03   -0.9990E+03   -0.9990E+03   -0.9990E+03   -0.9990E+03   -0.9990E+03   -0.9990E+03   -0.9990E+03   -0.9990E+03   -0.9990E+03   -0.9990E+03   -0.9990E+03   -0.9990E+03   -0.9990E+03   -0.9990E+03   -0.9990E+03   -0.9990E+03   -0.9990E+03   -0.9990E+03   -0.9990E+03   -0.9990E+03   -0.9990E+03   -0.9990E+03   -0.9990E+03   -0.9990E+03   -0.9990E+03   -0.9990E+03   -0.9990E+03   -0.9990E+03   -0.9990E+03   -0.9990E+03   -0.9990E+03   -0.9990E+03   -0.9990E+03   -0.9990E+03   -0.9990E+03   -0.9990E+03   -0.9990E+03   -0.9990E+03   -0.9990E+03   -0.9990E+03   -0.9990E+03   -0.9990E+03   -0.9990E+03   -0.9990E+03   -0.9990E+03   -0.9990E+03   -0.9990E+03   -0.9990E+03
    0.1118E+03    0.1119E+03    0.1118E+03    0.1117E+03   -0.9990E+03   -0.9990E+03   -0.9990E+03   -0.9990E+03   -0.9990E+03   -0.9990E+03   -0.9990E+03   -0.9990E+03   -0.9990E+03   -0.9990E+03   -0.9990E+03   -0.9990E+03   -0.9990E+03   -0.9990E+03   -0.9990E+03   -0.9990E+03   -0.9990E+03   -0.9990E+03   -0.9990E+03   -0.9990E+03   -0.9990E+03   -0.9990E+03   -0.9990E+03   -0.9990E+03   -0.9990E+03   -0.9990E+03   -0.9990E+03   -0.9990E+03   -0.9990E+03   -0.9990E+03   -0.9990E+03   -0.9990E+03   -0.9990E+03   -0.9990E+03   -0.9990E+03   -0.9990E+03   -0.9990E+03   -0.9990E+03   -0.9990E+03   -0.9990E+03   -0.9990E+03   -0.9990E+03   -0.9990E+03   -0.9990E+03   -0.9990E+03   -0.9990E+03   -0.9990E+03   -0.9990E+03   -0.9990E+03   -0.9990E+03   -0.9990E+03   -0.9990E+03   -0.9990E+03   -0.9990E+03   -0.9990E+03   -0.9990E+03   -0.9990E+03   -0.9990E+03   -0.9990E+03   -0.9990E+03   -0.9990E+03   -0.9990E+03   -0.9990E+03   -0.9990E+03   -0.9990E+03   -0.9990E+03   -0.9990E+03   -0.9990E+03   -0.9990E+03   -0.9990E+03   -0.9990E+03   -0.9990E+03
   -0.9990E+03    0.1117E+03    0.1117E+03    0.1115E+03   -0.9990E+03   -0.9990E+03   -0.9990E+03   -0.9990E+03   -0.9990E+03   -0.9990E+03   -0.9990E+03   -0.9990E+03   -0.9990E+03   -0.9990E+03   -0.9990E+03   -0.9990E+03   -0.9990E+03   -0.9990E+03   -0.9990E+03   -0.9990E+03   -0.9990E+03   -0.9990E+03   -0.9990E+03   -0.9990E+03   -0.9990E+03   -0.9990E+03   -0.9990E+03   -0.9990E+03   -0.9990E+03   -0.9990E+03   -0.9990E+03   -0.9990E+03   -0.9990E+03   -0.9990E+03   -0.9990E+03   -0.9990E+03   -0.9990E+03   -0.9990E+03   -0.9990E+03   -0.9990E+03   -0.9990E+03   -0.9990E+03   -0.9990E+03   -0.9990E+03   -0.9990E+03   -0.9990E+03   -0.9990E+03   -0.9990E+03   -0.9990E+03   -0.9990E+03   -0.9990E+03   -0.9990E+03   -0.9990E+03   -0.9990E+03   -0.9990E+03   -0.9990E+03   -0.9990E+03   -0.9990E+03   -0.9990E+03   -0.9990E+03   -0.9990E+03   -0.9990E+03   -0.9990E+03   -0.9990E+03   -0.9990E+03   -0.9990E+03   -0.9990E+03   -0.9990E+03   -0.9990E+03   -0.9990E+03   -0.9990E+03   -0.9990E+03   -0.9990E+03   -0.9990E+03   -0.9990E+03   -0.9990E+03
        42.0000          LAYER       1
   -0.9990E+03   -0.9990E+03   -0.9990E+03   -0.9990E+03   -0.9990E+03   -0.9990E+03   -0.9990E+03   -0.9990E+03   -0.9990E+03   -0.9990E+03   -0.9990E+03   -0.9990E+03   -0.9990E+03   -0.9990E+03   -0.9990E+03   -0.9990E+03   -0.9990E+03   -0.9990E+03   -0.9990E+03   -0.9990E+03   -0.9990E+03   -0.9990E+03   -0.9990E+03   -0.9990E+03   -0.9990E+03   -0.9990E+03   -0.9990E+03   -0.9990E+03   -0.9990E+03   -0.9990E+03   -0.9990E+03   -0.9990E+03   -0.9990E+03   -0.9990E+03   -0.9990E+03   -0.9990E+03   -0.9990E+03   -0.9990E+03   -0.9990E+03   -0.9990E+03   -0.9990E+03   -0.9990E+03   -0.9990E+03   -0.9990E+03   -0.9990E+03   -0.9990E+03   -0.9990E+03   -0.9990E+03   -0.9990E+03   -0.9990E+03   -0.9990E+03   -0.9990E+03   -0.9990E+03   -0.9990E+03   -0.9990E+03   -0.9990E+03   -0.9990E+03   -0.9990E+03   -0.9990E+03   -0.9990E+03   -0.9990E+03   -0.9990E+03   -0.9990E+03   -0.9990E+03   -0.9990E+03   -0.9990E+03   -0.9990E+03   -0.9990E+03   -0.9990E+03   -0.9990E+03   -0.9990E+03   -0.9990E+03   -0.9990E+03   -0.9990E+03   -0.9990E+03   -0.9990E+03
   -0.9990E+03   -0.9990E+03   -0.9990E+03   -0.9990E+03   -0.9990E+03   -0.9990E+03   -0.9990E+03   -0.9990E+03   -0.9990E+03   -0.9990E+03   -0.9990E+03   -0.9990E+03   -0.9990E+03   -0.9990E+03   -0.9990E+03   -0.9990E+03   -0.9990E+03   -0.9990E+03   -0.9990E+03   -0.9990E+03   -0.9990E+03   -0.9990E+03   -0.9990E+03   -0.9990E+03   -0.9990E+03   -0.9990E+03   -0.9990E+03   -0.9990E+03   -0.9990E+03   -0.9990E+03   -0.9990E+03   -0.9990E+03   -0.9990E+03   -0.9990E+03   -0.9990E+03   -0.9990E+03   -0.9990E+03   -0.9990E+03   -0.9990E+03   -0.9990E+03   -0.9990E+03   -0.9990E+03   -0.9990E+03   -0.9990E+03   -0.9990E+03   -0.9990E+03   -0.9990E+03   -0.9990E+03   -0.9990E+03   -0.9990E+03   -0.9990E+03   -0.9990E+03   -0.9990E+03   -0.9990E+03   -0.9990E+03   -0.9990E+03   -0.9990E+03   -0.9990E+03   -0.9990E+03   -0.9990E+03   -0.9990E+03   -0.9990E+03   -0.9990E+03   -0.9990E+03   -0.9990E+03   -0.9990E+03   -0.9990E+03   -0.9990E+03   -0.9990E+03   -0.9990E+03   -0.9990E+03   -0.9990E+03   -0.9990E+03   -0.9990E+03   -0.9990E+03   -0.9990E+03
   -0.9990E+03   -0.9990E+03   -0.9990E+03   -0.9990E+03   -0.9990E+03   -0.9990E+03   -0.9990E+03   -0.9990E+03   -0.9990E+03   -0.9990E+03   -0.9990E+03   -0.9990E+03   -0.9990E+03   -0.9990E+03   -0.9990E+03   -0.9990E+03   -0.9990E+03   -0.9990E+03   -0.9990E+03   -0.9990E+03   -0.9990E+03   -0.9990E+03   -0.9990E+03   -0.9990E+03   -0.9990E+03   -0.9990E+03   -0.9990E+03   -0.9990E+03   -0.9990E+03   -0.9990E+03   -0.9990E+03   -0.9990E+03   -0.9990E+03   -0.9990E+03   -0.9990E+03   -0.9990E+03   -0.9990E+03   -0.9990E+03   -0.9990E+03   -0.9990E+03   -0.9990E+03   -0.9990E+03   -0.9990E+03   -0.9990E+03   -0.9990E+03   -0.9990E+03   -0.9990E+03   -0.9990E+03   -0.9990E+03   -0.9990E+03   -0.9990E+03   -0.9990E+03   -0.9990E+03   -0.9990E+03   -0.9990E+03   -0.9990E+03   -0.9990E+03   -0.9990E+03   -0.9990E+03   -0.9990E+03   -0.9990E+03   -0.9990E+03   -0.9990E+03   -0.9990E+03   -0.9990E+03   -0.9990E+03   -0.9990E+03   -0.9990E+03   -0.9990E+03   -0.9990E+03   -0.9990E+03   -0.9990E+03   -0.9990E+03   -0.9990E+03   -0.9990E+03   -0.9990E+03
   -0.9990E+03   -0.9990E+03   -0.9990E+03   -0.9990E+03   -0.9990E+03   -0.9990E+03   -0.9990E+03   -0.9990E+03   -0.9990E+03   -0.9990E+03   -0.9990E+03   -0.9990E+03   -0.9990E+03   -0.9990E+03   -0.9990E+03   -0.9990E+03   -0.9990E+03   -0.9990E+03   -0.9990E+03   -0.9990E+03   -0.9990E+03   -0.9990E+03   -0.9990E+03   -0.9990E+03   -0.9990E+03   -0.9990E+03   -0.9990E+03   -0.9990E+03   -0.9990E+03   -0.9990E+03   -0.9990E+03   -0.9990E+03   -0.9990E+03   -0.9990E+03   -0.9990E+03   -0.9990E+03   -0.9990E+03   -0.9990E+03   -0.9990E+03   -0.9990E+03   -0.9990E+03   -0.9990E+03   -0.9990E+03   -0.9990E+03   -0.9990E+03   -0.9990E+03   -0.9990E+03   -0.9990E+03   -0.9990E+03   -0.9990E+03   -0.9990E+03   -0.9990E+03   -0.9990E+03   -0.9990E+03   -0.9990E+03   -0.9990E+03   -0.9990E+03   -0.9990E+03   -0.9990E+03   -0.9990E+03   -0.9990E+03   -0.9990E+03   -0.9990E+03   -0.9990E+03   -0.9990E+03   -0.9990E+03   -0.9990E+03   -0.9990E+03   -0.9990E+03   -0.9990E+03   -0.9990E+03   -0.9990E+03   -0.9990E+03   -0.9990E+03   -0.9990E+03   -0.9990E+03
   -0.9990E+03   -0.9990E+03   -0.9990E+03   -0.9990E+03   -0.9990E+03   -0.9990E+03   -0.9990E+03   -0.9990E+03   -0.9990E+03   -0.9990E+03   -0.9990E+03   -0.9990E+03   -0.9990E+03   -0.9990E+03   -0.9990E+03   -0.9990E+03   -0.9990E+03   -0.9990E+03   -0.9990E+03   -0.9990E+03   -0.9990E+03   -0.9990E+03   -0.9990E+03   -0.9990E+03   -0.9990E+03   -0.9990E+03   -0.9990E+03   -0.9990E+03   -0.9990E+03   -0.9990E+03   -0.9990E+03   -0.9990E+03   -0.9990E+03   -0.9990E+03   -0.9990E+03   -0.9990E+03   -0.9990E+03   -0.9990E+03   -0.9990E+03   -0.9990E+03   -0.9990E+03   -0.9990E+03   -0.9990E+03   -0.9990E+03   -0.9990E+03   -0.9990E+03   -0.9990E+03   -0.9990E+03   -0.9990E+03   -0.9990E+03   -0.9990E+03   -0.9990E+03   -0.9990E+03   -0.9990E+03   -0.9990E+03   -0.9990E+03   -0.9990E+03   -0.9990E+03   -0.9990E+03   -0.9990E+03   -0.9990E+03   -0.9990E+03   -0.9990E+03   -0.9990E+03   -0.9990E+03   -0.9990E+03   -0.9990E+03   -0.9990E+03   -0.9990E+03   -0.9990E+03   -0.9990E+03   -0.9990E+03   -0.9990E+03   -0.9990E+03   -0.9990E+03   -0.9990E+03
   -0.9990E+03   -0.9990E+03   -0.9990E+03   -0.9990E+03   -0.9990E+03   -0.9990E+03   -0.9990E+03   -0.9990E+03   -0.9990E+03   -0.9990E+03   -0.9990E+03   -0.9990E+03   -0.9990E+03   -0.9990E+03   -0.9990E+03   -0.9990E+03   -0.9990E+03   -0.9990E+03   -0.9990E+03   -0.9990E+03   -0.9990E+03   -0.9990E+03   -0.9990E+03   -0.9990E+03   -0.9990E+03   -0.9990E+03   -0.9990E+03   -0.9990E+03   -0.9990E+03   -0.9990E+03   -0.9990E+03   -0.9990E+03   -0.9990E+03   -0.9990E+03   -0.9990E+03   -0.9990E+03   -0.9990E+03   -0.9990E+03   -0.9990E+03   -0.9990E+03   -0.9990E+03   -0.9990E+03   -0.9990E+03   -0.9990E+03   -0.9990E+03   -0.9990E+03   -0.9990E+03   -0.9990E+03   -0.9990E+03   -0.9990E+03   -0.9990E+03   -0.9990E+03   -0.9990E+03   -0.9990E+03   -0.9990E+03   -0.9990E+03   -0.9990E+03   -0.9990E+03   -0.9990E+03   -0.9990E+03   -0.9990E+03   -0.9990E+03   -0.9990E+03   -0.9990E+03   -0.9990E+03   -0.9990E+03   -0.9990E+03   -0.9990E+03   -0.9990E+03   -0.9990E+03   -0.9990E+03   -0.9990E+03   -0.9990E+03   -0.9990E+03   -0.9990E+03   -0.9990E+03
   -0.9990E+03   -0.9990E+03   -0.9990E+03   -0.9990E+03   -0.9990E+03   -0.9990E+03   -0.9990E+03   -0.9990E+03   -0.9990E+03   -0.9990E+03   -0.9990E+03   -0.9990E+03   -0.9990E+03   -0.9990E+03   -0.9990E+03   -0.9990E+03   -0.9990E+03   -0.9990E+03   -0.9990E+03   -0.9990E+03   -0.9990E+03   -0.9990E+03   -0.9990E+03   -0.9990E+03   -0.9990E+03   -0.9990E+03   -0.9990E+03   -0.9990E+03   -0.9990E+03   -0.9990E+03   -0.9990E+03   -0.9990E+03   -0.9990E+03   -0.9990E+03   -0.9990E+03   -0.9990E+03   -0.9990E+03   -0.9990E+03   -0.9990E+03   -0.9990E+03   -0.9990E+03   -0.9990E+03   -0.9990E+03   -0.9990E+03   -0.9990E+03   -0.9990E+03   -0.9990E+03   -0.9990E+03   -0.9990E+03   -0.9990E+03   -0.9990E+03   -0.9990E+03   -0.9990E+03   -0.9990E+03   -0.9990E+03   -0.9990E+03   -0.9990E+03   -0.9990E+03   -0.9990E+03   -0.9990E+03   -0.9990E+03   -0.9990E+03   -0.9990E+03   -0.9990E+03   -0.9990E+03   -0.9990E+03   -0.9990E+03   -0.9990E+03   -0.9990E+03   -0.9990E+03   -0.9990E+03   -0.9990E+03   -0.9990E+03   -0.9990E+03   -0.9990E+03   -0.9990E+03
   -0.9990E+03   -0.9990E+03   -0.9990E+03   -0.9990E+03   -0.9990E+03   -0.9990E+03   -0.9990E+03   -0.9990E+03   -0.9990E+03   -0.9990E+03   -0.9990E+03   -0.9990E+03   -0.9990E+03   -0.9990E+03   -0.9990E+03   -0.9990E+03   -0.9990E+03   -0.9990E+03   -0.9990E+03   -0.9990E+03   -0.9990E+03   -0.9990E+03   -0.9990E+03   -0.9990E+03   -0.9990E+03   -0.9990E+03   -0.9990E+03   -0.9990E+03   -0.9990E+03   -0.9990E+03   -0.9990E+03   -0.9990E+03   -0.9990E+03   -0.9990E+03   -0.9990E+03   -0.9990E+03   -0.9990E+03   -0.9990E+03   -0.9990E+03   -0.9990E+03   -0.9990E+03   -0.9990E+03   -0.9990E+03   -0.9990E+03   -0.9990E+03   -0.9990E+03   -0.9990E+03   -0.9990E+03   -0.9990E+03   -0.9990E+03   -0.9990E+03   -0.9990E+03   -0.9990E+03   -0.9990E+03   -0.9990E+03   -0.9990E+03   -0.9990E+03   -0.9990E+03   -0.9990E+03   -0.9990E+03   -0.9990E+03   -0.9990E+03   -0.9990E+03   -0.9990E+03   -0.9990E+03   -0.9990E+03   -0.9990E+03   -0.9990E+03   -0.9990E+03   -0.9990E+03   -0.9990E+03   -0.9990E+03   -0.9990E+03   -0.9990E+03   -0.9990E+03   -0.9990E+03
   -0.9990E+03   -0.9990E+03   -0.9990E+03   -0.9990E+03   -0.9990E+03   -0.9990E+03   -0.9990E+03   -0.9990E+03   -0.9990E+03   -0.9990E+03   -0.9990E+03   -0.9990E+03   -0.9990E+03   -0.9990E+03   -0.9990E+03   -0.9990E+03   -0.9990E+03   -0.9990E+03   -0.9990E+03   -0.9990E+03   -0.9990E+03   -0.9990E+03   -0.9990E+03   -0.9990E+03   -0.9990E+03   -0.9990E+03   -0.9990E+03   -0.9990E+03   -0.9990E+03   -0.9990E+03   -0.9990E+03   -0.9990E+03   -0.9990E+03   -0.9990E+03   -0.9990E+03   -0.9990E+03   -0.9990E+03   -0.9990E+03   -0.9990E+03   -0.9990E+03   -0.9990E+03   -0.9990E+03   -0.9990E+03   -0.9990E+03   -0.9990E+03   -0.9990E+03   -0.9990E+03   -0.9990E+03   -0.9990E+03   -0.9990E+03   -0.9990E+03   -0.9990E+03   -0.9990E+03   -0.9990E+03   -0.9990E+03   -0.9990E+03   -0.9990E+03   -0.9990E+03   -0.9990E+03   -0.9990E+03   -0.9990E+03   -0.9990E+03   -0.9990E+03   -0.9990E+03   -0.9990E+03   -0.9990E+03   -0.9990E+03   -0.9990E+03   -0.9990E+03   -0.9990E+03   -0.9990E+03   -0.9990E+03   -0.9990E+03   -0.9990E+03   -0.9990E+03   -0.9990E+03
   -0.9990E+03   -0.9990E+03   -0.9990E+03   -0.9990E+03   -0.9990E+03   -0.9990E+03   -0.9990E+03   -0.9990E+03   -0.9990E+03   -0.9990E+03   -0.9990E+03   -0.9990E+03   -0.9990E+03   -0.9990E+03   -0.9990E+03   -0.9990E+03   -0.9990E+03   -0.9990E+03   -0.9990E+03   -0.9990E+03   -0.9990E+03   -0.9990E+03   -0.9990E+03   -0.9990E+03   -0.9990E+03   -0.9990E+03   -0.9990E+03   -0.9990E+03   -0.9990E+03   -0.9990E+03   -0.9990E+03   -0.9990E+03   -0.9990E+03   -0.9990E+03   -0.9990E+03   -0.9990E+03   -0.9990E+03   -0.9990E+03   -0.9990E+03   -0.9990E+03   -0.9990E+03   -0.9990E+03   -0.9990E+03   -0.9990E+03   -0.9990E+03   -0.9990E+03   -0.9990E+03   -0.9990E+03   -0.9990E+03   -0.9990E+03   -0.9990E+03   -0.9990E+03   -0.9990E+03   -0.9990E+03   -0.9990E+03   -0.9990E+03   -0.9990E+03    0.1840E+03   -0.9990E+03   -0.9990E+03   -0.9990E+03   -0.9990E+03    0.1960E+03   -0.9990E+03   -0.9990E+03   -0.9990E+03   -0.9990E+03   -0.9990E+03   -0.9990E+03   -0.9990E+03   -0.9990E+03   -0.9990E+03   -0.9990E+03   -0.9990E+03   -0.9990E+03   -0.9990E+03
   -0.9990E+03   -0.9990E+03   -0.9990E+03   -0.9990E+03   -0.9990E+03   -0.9990E+03   -0.9990E+03   -0.9990E+03   -0.9990E+03   -0.9990E+03   -0.9990E+03   -0.9990E+03   -0.9990E+03   -0.9990E+03   -0.9990E+03   -0.9990E+03   -0.9990E+03   -0.9990E+03   -0.9990E+03   -0.9990E+03   -0.9990E+03   -0.9990E+03   -0.9990E+03   -0.9990E+03   -0.9990E+03   -0.9990E+03   -0.9990E+03   -0.9990E+03   -0.9990E+03   -0.9990E+03   -0.9990E+03   -0.9990E+03   -0.9990E+03   -0.9990E+03   -0.9990E+03   -0.9990E+03   -0.9990E+03   -0.9990E+03   -0.9990E+03   -0.9990E+03   -0.9990E+03   -0.9990E+03   -0.9990E+03   -0.9990E+03   -0.9990E+03   -0.9990E+03   -0.9990E+03   -0.9990E+03   -0.9990E+03   -0.9990E+03   -0.9990E+03   -0.9990E+03   -0.9990E+03   -0.9990E+03   -0.9990E+03   -0.9990E+03   -0.9990E+03   -0.9990E+03   -0.9990E+03   -0.9990E+03   -0.9990E+03   -0.9990E+03   -0.9990E+03   -0.9990E+03   -0.9990E+03   -0.9990E+03   -0.9990E+03   -0.9990E+03   -0.9990E+03   -0.9990E+03   -0.9990E+03   -0.9990E+03   -0.9990E+03   -0.9990E+03   -0.9990E+03   -0.9990E+03
   -0.9990E+03   -0.9990E+03   -0.9990E+03   -0.9990E+03   -0.9990E+03   -0.9990E+03   -0.9990E+03   -0.9990E+03   -0.9990E+03   -0.9990E+03   -0.9990E+03   -0.9990E+03   -0.9990E+03   -0.9990E+03   -0.9990E+03   -0.9990E+03   -0.9990E+03   -0.9990E+03   -0.9990E+03   -0.9990E+03   -0.9990E+03   -0.9990E+03   -0.9990E+03   -0.9990E+03   -0.9990E+03   -0.9990E+03   -0.9990E+03   -0.9990E+03   -0.9990E+03   -0.9990E+03   -0.9990E+03   -0.9990E+03   -0.9990E+03   -0.9990E+03   -0.9990E+03   -0.9990E+03   -0.9990E+03   -0.9990E+03   -0.9990E+03   -0.9990E+03   -0.9990E+03   -0.9990E+03   -0.9990E+03   -0.9990E+03   -0.9990E+03   -0.9990E+03   -0.9990E+03   -0.9990E+03   -0.9990E+03   -0.9990E+03   -0.9990E+03   -0.9990E+03   -0.9990E+03   -0.9990E+03   -0.9990E+03   -0.9990E+03   -0.9990E+03    0.1795E+03   -0.9990E+03   -0.9990E+03   -0.9990E+03   -0.9990E+03   -0.9990E+03   -0.9990E+03   -0.9990E+03   -0.9990E+03   -0.9990E+03   -0.9990E+03   -0.9990E+03   -0.9990E+03   -0.9990E+03   -0.9990E+03   -0.9990E+03   -0.9990E+03   -0.9990E+03   -0.9990E+03
   -0.9990E+03   -0.9990E+03   -0.9990E+03   -0.9990E+03   -0.9990E+03   -0.9990E+03   -0.9990E+03   -0.9990E+03   -0.9990E+03   -0.9990E+03   -0.9990E+03   -0.9990E+03   -0.9990E+03   -0.9990E+03   -0.9990E+03   -0.9990E+03   -0.9990E+03   -0.9990E+03   -0.9990E+03   -0.9990E+03   -0.9990E+03   -0.9990E+03   -0.9990E+03   -0.9990E+03   -0.9990E+03   -0.9990E+03   -0.9990E+03   -0.9990E+03   -0.9990E+03   -0.9990E+03   -0.9990E+03   -0.9990E+03   -0.9990E+03   -0.9990E+03   -0.9990E+03   -0.9990E+03   -0.9990E+03   -0.9990E+03   -0.9990E+03   -0.9990E+03   -0.9990E+03   -0.9990E+03   -0.9990E+03   -0.9990E+03   -0.9990E+03   -0.9990E+03   -0.9990E+03   -0.9990E+03   -0.9990E+03   -0.9990E+03   -0.9990E+03   -0.9990E+03   -0.9990E+03   -0.9990E+03   -0.9990E+03   -0.9990E+03   -0.9990E+03    0.1773E+03   -0.9990E+03   -0.9990E+03   -0.9990E+03   -0.9990E+03   -0.9990E+03   -0.9990E+03   -0.9990E+03   -0.9990E+03   -0.9990E+03   -0.9990E+03   -0.9990E+03   -0.9990E+03   -0.9990E+03   -0.9990E+03   -0.9990E+03   -0.9990E+03   -0.9990E+03   -0.9990E+03
   -0.9990E+03   -0.9990E+03   -0.9990E+03   -0.9990E+03   -0.9990E+03   -0.9990E+03   -0.9990E+03   -0.9990E+03   -0.9990E+03   -0.9990E+03   -0.9990E+03   -0.9990E+03   -0.9990E+03   -0.9990E+03   -0.9990E+03   -0.9990E+03   -0.9990E+03   -0.9990E+03   -0.9990E+03   -0.9990E+03   -0.9990E+03   -0.9990E+03   -0.9990E+03   -0.9990E+03   -0.9990E+03   -0.9990E+03   -0.9990E+03   -0.9990E+03   -0.9990E+03   -0.9990E+03   -0.9990E+03   -0.9990E+03   -0.9990E+03   -0.9990E+03   -0.9990E+03   -0.9990E+03   -0.9990E+03   -0.9990E+03   -0.9990E+03   -0.9990E+03   -0.9990E+03   -0.9990E+03   -0.9990E+03   -0.9990E+03   -0.9990E+03   -0.9990E+03   -0.9990E+03   -0.9990E+03   -0.9990E+03   -0.9990E+03   -0.9990E+03   -0.9990E+03   -0.9990E+03   -0.9990E+03   -0.9990E+03   -0.9990E+03   -0.9990E+03    0.1834E+03   -0.9990E+03   -0.9990E+03   -0.9990E+03   -0.9990E+03    0.1673E+03   -0.9990E+03   -0.9990E+03   -0.9990E+03   -0.9990E+03   -0.9990E+03   -0.9990E+03   -0.9990E+03   -0.9990E+03   -0.9990E+03   -0.9990E+03   -0.9990E+03   -0.9990E+03   -0.9990E+03
   -0.9990E+03   -0.9990E+03   -0.9990E+03   -0.9990E+03   -0.9990E+03   -0.9990E+03   -0.9990E+03   -0.9990E+03   -0.9990E+03   -0.9990E+03   -0.9990E+03   -0.9990E+03   -0.9990E+03   -0.9990E+03   -0.9990E+03   -0.9990E+03   -0.9990E+03   -0.9990E+03   -0.9990E+03   -0.9990E+03   -0.9990E+03   -0.9990E+03   -0.9990E+03   -0.9990E+03   -0.9990E+03   -0.9990E+03   -0.9990E+03   -0.9990E+03   -0.9990E+03   -0.9990E+03   -0.9990E+03   -0.9990E+03   -0.9990E+03   -0.9990E+03   -0.9990E+03   -0.9990E+03   -0.9990E+03   -0.9990E+03   -0.9990E+03   -0.9990E+03   -0.9990E+03   -0.9990E+03   -0.9990E+03   -0.9990E+03   -0.9990E+03   -0.9990E+03   -0.9990E+03   -0.9990E+03   -0.9990E+03   -0.9990E+03   -0.9990E+03   -0.9990E+03   -0.9990E+03   -0.9990E+03   -0.9990E+03   -0.9990E+03   -0.9990E+03   -0.9990E+03   -0.9990E+03   -0.9990E+03   -0.9990E+03   -0.9990E+03   -0.9990E+03   -0.9990E+03   -0.9990E+03   -0.9990E+03   -0.9990E+03   -0.9990E+03   -0.9990E+03   -0.9990E+03   -0.9990E+03   -0.9990E+03   -0.9990E+03   -0.9990E+03   -0.9990E+03   -0.9990E+03
   -0.9990E+03   -0.9990E+03   -0.9990E+03   -0.9990E+03   -0.9990E+03   -0.9990E+03   -0.9990E+03   -0.9990E+03   -0.9990E+03   -0.9990E+03   -0.9990E+03   -0.9990E+03   -0.9990E+03   -0.9990E+03   -0.9990E+03   -0.9990E+03   -0.9990E+03   -0.9990E+03   -0.9990E+03   -0.9990E+03   -0.9990E+03   -0.9990E+03   -0.9990E+03   -0.9990E+03   -0.9990E+03   -0.9990E+03   -0.9990E+03   -0.9990E+03   -0.9990E+03   -0.9990E+03   -0.9990E+03   -0.9990E+03   -0.9990E+03   -0.9990E+03   -0.9990E+03   -0.9990E+03   -0.9990E+03   -0.9990E+03   -0.9990E+03   -0.9990E+03   -0.9990E+03   -0.9990E+03   -0.9990E+03   -0.9990E+03   -0.9990E+03   -0.9990E+03   -0.9990E+03   -0.9990E+03   -0.9990E+03   -0.9990E+03   -0.9990E+03   -0.9990E+03   -0.9990E+03   -0.9990E+03   -0.9990E+03   -0.9990E+03   -0.9990E+03   -0.9990E+03   -0.9990E+03   -0.9990E+03   -0.9990E+03    0.1591E+03   -0.9990E+03   -0.9990E+03   -0.9990E+03   -0.9990E+03   -0.9990E+03   -0.9990E+03   -0.9990E+03   -0.9990E+03   -0.9990E+03   -0.9990E+03   -0.9990E+03   -0.9990E+03   -0.9990E+03   -0.9990E+03
   -0.9990E+03   -0.9990E+03   -0.9990E+03   -0.9990E+03   -0.9990E+03   -0.9990E+03   -0.9990E+03   -0.9990E+03   -0.9990E+03   -0.9990E+03   -0.9990E+03   -0.9990E+03   -0.9990E+03   -0.9990E+03   -0.9990E+03   -0.9990E+03   -0.9990E+03   -0.9990E+03   -0.9990E+03   -0.9990E+03   -0.9990E+03   -0.9990E+03   -0.9990E+03   -0.9990E+03   -0.9990E+03   -0.9990E+03   -0.9990E+03   -0.9990E+03   -0.9990E+03   -0.9990E+03   -0.9990E+03   -0.9990E+03   -0.9990E+03   -0.9990E+03   -0.9990E+03   -0.9990E+03   -0.9990E+03   -0.9990E+03   -0.9990E+03   -0.9990E+03   -0.9990E+03   -0.9990E+03   -0.9990E+03   -0.9990E+03   -0.9990E+03   -0.9990E+03   -0.9990E+03   -0.9990E+03   -0.9990E+03   -0.9990E+03   -0.9990E+03   -0.9990E+03   -0.9990E+03   -0.9990E+03   -0.9990E+03   -0.9990E+03   -0.9990E+03   -0.9990E+03   -0.9990E+03   -0.9990E+03   -0.9990E+03   -0.9990E+03   -0.9990E+03   -0.9990E+03   -0.9990E+03   -0.9990E+03   -0.9990E+03   -0.9990E+03   -0.9990E+03   -0.9990E+03   -0.9990E+03   -0.9990E+03   -0.9990E+03   -0.9990E+03   -0.9990E+03   -0.9990E+03
   -0.9990E+03   -0.9990E+03   -0.9990E+03   -0.9990E+03   -0.9990E+03   -0.9990E+03   -0.9990E+03   -0.9990E+03   -0.9990E+03   -0.9990E+03   -0.9990E+03   -0.9990E+03   -0.9990E+03   -0.9990E+03   -0.9990E+03   -0.9990E+03   -0.9990E+03   -0.9990E+03   -0.9990E+03   -0.9990E+03   -0.9990E+03   -0.9990E+03   -0.9990E+03   -0.9990E+03   -0.9990E+03   -0.9990E+03   -0.9990E+03   -0.9990E+03   -0.9990E+03   -0.9990E+03   -0.9990E+03   -0.9990E+03   -0.9990E+03   -0.9990E+03   -0.9990E+03   -0.9990E+03   -0.9990E+03   -0.9990E+03   -0.9990E+03   -0.9990E+03   -0.9990E+03   -0.9990E+03   -0.9990E+03   -0.9990E+03   -0.9990E+03   -0.9990E+03   -0.9990E+03   -0.9990E+03   -0.9990E+03   -0.9990E+03   -0.9990E+03   -0.9990E+03   -0.9990E+03   -0.9990E+03   -0.9990E+03   -0.9990E+03   -0.9990E+03   -0.9990E+03   -0.9990E+03   -0.9990E+03   -0.9990E+03   -0.9990E+03   -0.9990E+03   -0.9990E+03   -0.9990E+03   -0.9990E+03   -0.9990E+03   -0.9990E+03   -0.9990E+03   -0.9990E+03   -0.9990E+03   -0.9990E+03   -0.9990E+03   -0.9990E+03   -0.9990E+03   -0.9990E+03
   -0.9990E+03   -0.9990E+03   -0.9990E+03   -0.9990E+03   -0.9990E+03   -0.9990E+03   -0.9990E+03   -0.9990E+03   -0.9990E+03   -0.9990E+03   -0.9990E+03   -0.9990E+03   -0.9990E+03   -0.9990E+03   -0.9990E+03   -0.9990E+03   -0.9990E+03   -0.9990E+03   -0.9990E+03   -0.9990E+03   -0.9990E+03   -0.9990E+03   -0.9990E+03   -0.9990E+03   -0.9990E+03   -0.9990E+03   -0.9990E+03   -0.9990E+03   -0.9990E+03   -0.9990E+03   -0.9990E+03   -0.9990E+03   -0.9990E+03   -0.9990E+03   -0.9990E+03   -0.9990E+03   -0.9990E+03   -0.9990E+03   -0.9990E+03   -0.9990E+03   -0.9990E+03   -0.9990E+03   -0.9990E+03   -0.9990E+03   -0.9990E+03   -0.9990E+03   -0.9990E+03   -0.9990E+03   -0.9990E+03   -0.9990E+03   -0.9990E+03   -0.9990E+03   -0.9990E+03   -0.9990E+03   -0.9990E+03   -0.9990E+03   -0.9990E+03   -0.9990E+03   -0.9990E+03   -0.9990E+03   -0.9990E+03   -0.9990E+03   -0.9990E+03   -0.9990E+03   -0.9990E+03   -0.9990E+03   -0.9990E+03   -0.9990E+03   -0.9990E+03   -0.9990E+03   -0.9990E+03   -0.9990E+03   -0.9990E+03   -0.9990E+03   -0.9990E+03   -0.9990E+03
   -0.9990E+03   -0.9990E+03   -0.9990E+03   -0.9990E+03   -0.9990E+03   -0.9990E+03   -0.9990E+03   -0.9990E+03   -0.9990E+03   -0.9990E+03   -0.9990E+03   -0.9990E+03   -0.9990E+03   -0.9990E+03   -0.9990E+03   -0.9990E+03   -0.9990E+03   -0.9990E+03   -0.9990E+03   -0.9990E+03   -0.9990E+03   -0.9990E+03   -0.9990E+03   -0.9990E+03   -0.9990E+03   -0.9990E+03   -0.9990E+03   -0.9990E+03   -0.9990E+03   -0.9990E+03   -0.9990E+03   -0.9990E+03   -0.9990E+03   -0.9990E+03   -0.9990E+03   -0.9990E+03   -0.9990E+03   -0.9990E+03   -0.9990E+03   -0.9990E+03   -0.9990E+03   -0.9990E+03   -0.9990E+03   -0.9990E+03   -0.9990E+03   -0.9990E+03   -0.9990E+03   -0.9990E+03   -0.9990E+03   -0.9990E+03   -0.9990E+03   -0.9990E+03   -0.9990E+03   -0.9990E+03   -0.9990E+03   -0.9990E+03   -0.9990E+03   -0.9990E+03   -0.9990E+03   -0.9990E+03   -0.9990E+03   -0.9990E+03   -0.9990E+03   -0.9990E+03   -0.9990E+03   -0.9990E+03   -0.9990E+03   -0.9990E+03   -0.9990E+03   -0.9990E+03   -0.9990E+03   -0.9990E+03   -0.9990E+03   -0.9990E+03   -0.9990E+03   -0.9990E+03
   -0.9990E+03   -0.9990E+03   -0.9990E+03   -0.9990E+03   -0.9990E+03   -0.9990E+03   -0.9990E+03   -0.9990E+03   -0.9990E+03   -0.9990E+03   -0.9990E+03   -0.9990E+03   -0.9990E+03   -0.9990E+03   -0.9990E+03   -0.9990E+03   -0.9990E+03   -0.9990E+03   -0.9990E+03   -0.9990E+03   -0.9990E+03   -0.9990E+03   -0.9990E+03   -0.9990E+03   -0.9990E+03   -0.9990E+03   -0.9990E+03   -0.9990E+03   -0.9990E+03   -0.9990E+03   -0.9990E+03   -0.9990E+03   -0.9990E+03   -0.9990E+03   -0.9990E+03   -0.9990E+03   -0.9990E+03   -0.9990E+03   -0.9990E+03   -0.9990E+03   -0.9990E+03   -0.9990E+03   -0.9990E+03   -0.9990E+03   -0.9990E+03   -0.9990E+03   -0.9990E+03   -0.9990E+03   -0.9990E+03   -0.9990E+03   -0.9990E+03   -0.9990E+03   -0.9990E+03   -0.9990E+03   -0.9990E+03   -0.9990E+03   -0.9990E+03   -0.9990E+03   -0.9990E+03   -0.9990E+03   -0.9990E+03   -0.9990E+03   -0.9990E+03   -0.9990E+03   -0.9990E+03   -0.9990E+03   -0.9990E+03   -0.9990E+03   -0.9990E+03   -0.9990E+03   -0.9990E+03   -0.9990E+03   -0.9990E+03   -0.9990E+03   -0.9990E+03   -0.9990E+03
   -0.9990E+03   -0.9990E+03   -0.9990E+03   -0.9990E+03   -0.9990E+03   -0.9990E+03   -0.9990E+03   -0.9990E+03   -0.9990E+03   -0.9990E+03   -0.9990E+03   -0.9990E+03   -0.9990E+03   -0.9990E+03   -0.9990E+03   -0.9990E+03   -0.9990E+03   -0.9990E+03   -0.9990E+03   -0.9990E+03   -0.9990E+03   -0.9990E+03   -0.9990E+03   -0.9990E+03   -0.9990E+03   -0.9990E+03   -0.9990E+03   -0.9990E+03   -0.9990E+03   -0.9990E+03   -0.9990E+03   -0.9990E+03   -0.9990E+03   -0.9990E+03   -0.9990E+03   -0.9990E+03   -0.9990E+03   -0.9990E+03   -0.9990E+03   -0.9990E+03   -0.9990E+03   -0.9990E+03   -0.9990E+03   -0.9990E+03   -0.9990E+03   -0.9990E+03   -0.9990E+03   -0.9990E+03   -0.9990E+03   -0.9990E+03   -0.9990E+03   -0.9990E+03   -0.9990E+03   -0.9990E+03   -0.9990E+03   -0.9990E+03   -0.9990E+03   -0.9990E+03   -0.9990E+03   -0.9990E+03   -0.9990E+03   -0.9990E+03   -0.9990E+03   -0.9990E+03   -0.9990E+03   -0.9990E+03   -0.9990E+03   -0.9990E+03   -0.9990E+03   -0.9990E+03   -0.9990E+03   -0.9990E+03   -0.9990E+03   -0.9990E+03   -0.9990E+03   -0.9990E+03
   -0.9990E+03   -0.9990E+03   -0.9990E+03   -0.9990E+03   -0.9990E+03   -0.9990E+03   -0.9990E+03   -0.9990E+03   -0.9990E+03   -0.9990E+03   -0.9990E+03   -0.9990E+03   -0.9990E+03   -0.9990E+03   -0.9990E+03   -0.9990E+03   -0.9990E+03   -0.9990E+03   -0.9990E+03   -0.9990E+03   -0.9990E+03   -0.9990E+03   -0.9990E+03   -0.9990E+03   -0.9990E+03   -0.9990E+03   -0.9990E+03   -0.9990E+03   -0.9990E+03   -0.9990E+03   -0.9990E+03   -0.9990E+03   -0.9990E+03   -0.9990E+03   -0.9990E+03   -0.9990E+03   -0.9990E+03   -0.9990E+03   -0.9990E+03   -0.9990E+03   -0.9990E+03   -0.9990E+03   -0.9990E+03   -0.9990E+03   -0.9990E+03   -0.9990E+03   -0.9990E+03   -0.9990E+03   -0.9990E+03   -0.9990E+03   -0.9990E+03   -0.9990E+03   -0.9990E+03   -0.9990E+03   -0.9990E+03   -0.9990E+03   -0.9990E+03   -0.9990E+03   -0.9990E+03   -0.9990E+03   -0.9990E+03   -0.9990E+03   -0.9990E+03   -0.9990E+03   -0.9990E+03   -0.9990E+03   -0.9990E+03   -0.9990E+03   -0.9990E+03   -0.9990E+03   -0.9990E+03   -0.9990E+03   -0.9990E+03   -0.9990E+03   -0.9990E+03   -0.9990E+03
   -0.9990E+03   -0.9990E+03   -0.9990E+03   -0.9990E+03   -0.9990E+03   -0.9990E+03   -0.9990E+03   -0.9990E+03   -0.9990E+03   -0.9990E+03   -0.9990E+03   -0.9990E+03   -0.9990E+03   -0.9990E+03   -0.9990E+03   -0.9990E+03   -0.9990E+03   -0.9990E+03   -0.9990E+03   -0.9990E+03   -0.9990E+03   -0.9990E+03   -0.9990E+03   -0.9990E+03   -0.9990E+03   -0.9990E+03   -0.9990E+03   -0.9990E+03   -0.9990E+03   -0.9990E+03   -0.9990E+03   -0.9990E+03   -0.9990E+03   -0.9990E+03   -0.9990E+03   -0.9990E+03   -0.9990E+03   -0.9990E+03   -0.9990E+03   -0.9990E+03   -0.9990E+03   -0.9990E+03   -0.9990E+03   -0.9990E+03   -0.9990E+03   -0.9990E+03   -0.9990E+03   -0.9990E+03   -0.9990E+03   -0.9990E+03   -0.9990E+03   -0.9990E+03   -0.9990E+03   -0.9990E+03   -0.9990E+03   -0.9990E+03   -0.9990E+03   -0.9990E+03   -0.9990E+03   -0.9990E+03   -0.9990E+03   -0.9990E+03   -0.9990E+03   -0.9990E+03   -0.9990E+03   -0.9990E+03   -0.9990E+03   -0.9990E+03   -0.9990E+03   -0.9990E+03   -0.9990E+03   -0.9990E+03   -0.9990E+03   -0.9990E+03   -0.9990E+03   -0.9990E+03
   -0.9990E+03   -0.9990E+03   -0.9990E+03   -0.9990E+03   -0.9990E+03   -0.9990E+03   -0.9990E+03   -0.9990E+03   -0.9990E+03   -0.9990E+03   -0.9990E+03   -0.9990E+03   -0.9990E+03   -0.9990E+03   -0.9990E+03   -0.9990E+03   -0.9990E+03   -0.9990E+03   -0.9990E+03   -0.9990E+03   -0.9990E+03   -0.9990E+03   -0.9990E+03   -0.9990E+03   -0.9990E+03   -0.9990E+03   -0.9990E+03   -0.9990E+03   -0.9990E+03   -0.9990E+03   -0.9990E+03   -0.9990E+03   -0.9990E+03   -0.9990E+03   -0.9990E+03   -0.9990E+03   -0.9990E+03   -0.9990E+03   -0.9990E+03   -0.9990E+03   -0.9990E+03   -0.9990E+03   -0.9990E+03   -0.9990E+03   -0.9990E+03   -0.9990E+03   -0.9990E+03   -0.9990E+03   -0.9990E+03   -0.9990E+03   -0.9990E+03   -0.9990E+03   -0.9990E+03   -0.9990E+03   -0.9990E+03   -0.9990E+03   -0.9990E+03   -0.9990E+03   -0.9990E+03   -0.9990E+03   -0.9990E+03   -0.9990E+03   -0.9990E+03   -0.9990E+03   -0.9990E+03   -0.9990E+03   -0.9990E+03   -0.9990E+03   -0.9990E+03   -0.9990E+03   -0.9990E+03   -0.9990E+03   -0.9990E+03   -0.9990E+03   -0.9990E+03   -0.9990E+03
   -0.9990E+03   -0.9990E+03   -0.9990E+03   -0.9990E+03   -0.9990E+03   -0.9990E+03   -0.9990E+03   -0.9990E+03   -0.9990E+03   -0.9990E+03   -0.9990E+03   -0.9990E+03   -0.9990E+03   -0.9990E+03   -0.9990E+03   -0.9990E+03   -0.9990E+03   -0.9990E+03   -0.9990E+03   -0.9990E+03   -0.9990E+03   -0.9990E+03   -0.9990E+03   -0.9990E+03   -0.9990E+03   -0.9990E+03   -0.9990E+03   -0.9990E+03   -0.9990E+03   -0.9990E+03   -0.9990E+03   -0.9990E+03   -0.9990E+03   -0.9990E+03   -0.9990E+03   -0.9990E+03   -0.9990E+03   -0.9990E+03   -0.9990E+03   -0.9990E+03   -0.9990E+03   -0.9990E+03   -0.9990E+03   -0.9990E+03   -0.9990E+03   -0.9990E+03   -0.9990E+03   -0.9990E+03   -0.9990E+03   -0.9990E+03   -0.9990E+03   -0.9990E+03   -0.9990E+03   -0.9990E+03   -0.9990E+03   -0.9990E+03   -0.9990E+03   -0.9990E+03   -0.9990E+03   -0.9990E+03   -0.9990E+03   -0.9990E+03   -0.9990E+03   -0.9990E+03   -0.9990E+03   -0.9990E+03   -0.9990E+03   -0.9990E+03   -0.9990E+03   -0.9990E+03   -0.9990E+03   -0.9990E+03   -0.9990E+03   -0.9990E+03   -0.9990E+03   -0.9990E+03
   -0.9990E+03   -0.9990E+03   -0.9990E+03   -0.9990E+03   -0.9990E+03   -0.9990E+03   -0.9990E+03   -0.9990E+03   -0.9990E+03   -0.9990E+03   -0.9990E+03   -0.9990E+03   -0.9990E+03   -0.9990E+03   -0.9990E+03   -0.9990E+03   -0.9990E+03   -0.9990E+03   -0.9990E+03   -0.9990E+03   -0.9990E+03   -0.9990E+03   -0.9990E+03   -0.9990E+03   -0.9990E+03   -0.9990E+03   -0.9990E+03   -0.9990E+03   -0.9990E+03   -0.9990E+03   -0.9990E+03   -0.9990E+03   -0.9990E+03   -0.9990E+03   -0.9990E+03   -0.9990E+03   -0.9990E+03   -0.9990E+03   -0.9990E+03   -0.9990E+03   -0.9990E+03   -0.9990E+03   -0.9990E+03   -0.9990E+03   -0.9990E+03   -0.9990E+03   -0.9990E+03   -0.9990E+03   -0.9990E+03   -0.9990E+03   -0.9990E+03   -0.9990E+03   -0.9990E+03    0.1972E+03   -0.9990E+03   -0.9990E+03   -0.9990E+03   -0.9990E+03   -0.9990E+03   -0.9990E+03   -0.9990E+03   -0.9990E+03   -0.9990E+03   -0.9990E+03   -0.9990E+03   -0.9990E+03   -0.9990E+03   -0.9990E+03   -0.9990E+03   -0.9990E+03   -0.9990E+03   -0.9990E+03   -0.9990E+03   -0.9990E+03   -0.9990E+03   -0.9990E+03
   -0.9990E+03   -0.9990E+03   -0.9990E+03   -0.9990E+03   -0.9990E+03   -0.9990E+03   -0.9990E+03   -0.9990E+03   -0.9990E+03   -0.9990E+03   -0.9990E+03   -0.9990E+03   -0.9990E+03   -0.9990E+03   -0.9990E+03   -0.9990E+03   -0.9990E+03   -0.9990E+03   -0.9990E+03   -0.9990E+03   -0.9990E+03   -0.9990E+03   -0.9990E+03   -0.9990E+03   -0.9990E+03   -0.9990E+03   -0.9990E+03   -0.9990E+03   -0.9990E+03   -0.9990E+03   -0.9990E+03   -0.9990E+03   -0.9990E+03   -0.9990E+03   -0.9990E+03   -0.9990E+03   -0.9990E+03   -0.9990E+03   -0.9990E+03   -0.9990E+03   -0.9990E+03   -0.9990E+03   -0.9990E+03   -0.9990E+03    0.1697E+03    0.1486E+03   -0.9990E+03   -0.9990E+03   -0.9990E+03   -0.9990E+03   -0.9990E+03   -0.9990E+03    0.1490E+03    0.1463E+03   -0.9990E+03   -0.9990E+03   -0.9990E+03   -0.9990E+03   -0.9990E+03   -0.9990E+03   -0.9990E+03    0.1781E+03   -0.9990E+03   -0.9990E+03   -0.9990E+03   -0.9990E+03   -0.9990E+03   -0.9990E+03   -0.9990E+03   -0.9990E+03   -0.9990E+03   -0.9990E+03   -0.9990E+03   -0.9990E+03   -0.9990E+03   -0.9990E+03
   -0.9990E+03   -0.9990E+03   -0.9990E+03   -0.9990E+03   -0.9990E+03   -0.9990E+03   -0.9990E+03   -0.9990E+03   -0.9990E+03   -0.9990E+03   -0.9990E+03   -0.9990E+03   -0.9990E+03   -0.9990E+03   -0.9990E+03   -0.9990E+03   -0.9990E+03   -0.9990E+03   -0.9990E+03   -0.9990E+03   -0.9990E+03   -0.9990E+03   -0.9990E+03   -0.9990E+03   -0.9990E+03   -0.9990E+03   -0.9990E+03   -0.9990E+03   -0.9990E+03   -0.9990E+03   -0.9990E+03   -0.9990E+03   -0.9990E+03   -0.9990E+03   -0.9990E+03   -0.9990E+03   -0.9990E+03   -0.9990E+03   -0.9990E+03   -0.9990E+03   -0.9990E+03   -0.9990E+03   -0.9990E+03   -0.9990E+03    0.1478E+03    0.1523E+03    0.1476E+03    0.2505E+03    0.1463E+03    0.1468E+03    0.1463E+03   -0.9990E+03    0.1660E+03    0.1456E+03   -0.9990E+03   -0.9990E+03   -0.9990E+03   -0.9990E+03   -0.9990E+03   -0.9990E+03   -0.9990E+03    0.1380E+03   -0.9990E+03   -0.9990E+03   -0.9990E+03   -0.9990E+03   -0.9990E+03   -0.9990E+03   -0.9990E+03   -0.9990E+03   -0.9990E+03   -0.9990E+03   -0.9990E+03   -0.9990E+03   -0.9990E+03   -0.9990E+03
   -0.9990E+03   -0.9990E+03   -0.9990E+03   -0.9990E+03   -0.9990E+03   -0.9990E+03   -0.9990E+03   -0.9990E+03   -0.9990E+03   -0.9990E+03   -0.9990E+03   -0.9990E+03   -0.9990E+03   -0.9990E+03   -0.9990E+03   -0.9990E+03   -0.9990E+03   -0.9990E+03   -0.9990E+03   -0.9990E+03   -0.9990E+03   -0.9990E+03   -0.9990E+03   -0.9990E+03   -0.9990E+03   -0.9990E+03   -0.9990E+03   -0.9990E+03   -0.9990E+03   -0.9990E+03   -0.9990E+03   -0.9990E+03   -0.9990E+03   -0.9990E+03   -0.9990E+03   -0.9990E+03   -0.9990E+03    0.1472E+03   -0.9990E+03   -0.9990E+03   -0.9990E+03   -0.9990E+03   -0.9990E+03   -0.9990E+03   -0.9990E+03    0.1828E+03    0.1483E+03    0.1464E+03    0.1465E+03    0.1463E+03    0.1871E+03   -0.9990E+03    0.1447E+03    0.1440E+03   -0.9990E+03   -0.9990E+03   -0.9990E+03   -0.9990E+03   -0.9990E+03   -0.9990E+03    0.1932E+03    0.1375E+03   -0.9990E+03   -0.9990E+03   -0.9990E+03   -0.9990E+03   -0.9990E+03   -0.9990E+03   -0.9990E+03   -0.9990E+03   -0.9990E+03   -0.9990E+03   -0.9990E+03   -0.9990E+03   -0.9990E+03   -0.9990E+03
   -0.9990E+03   -0.9990E+03   -0.9990E+03   -0.9990E+03   -0.9990E+03   -0.9990E+03   -0.9990E+03   -0.9990E+03   -0.9990E+03   -0.9990E+03   -0.9990E+03   -0.9990E+03   -0.9990E+03   -0.9990E+03   -0.9990E+03   -0.9990E+03   -0.9990E+03   -0.9990E+03   -0.9990E+03   -0.9990E+03   -0.9990E+03   -0.9990E+03   -0.9990E+03   -0.9990E+03   -0.9990E+03   -0.9990E+03   -0.9990E+03   -0.9990E+03   -0.9990E+03   -0.9990E+03   -0.9990E+03   -0.9990E+03   -0.9990E+03   -0.9990E+03   -0.9990E+03   -0.9990E+03    0.1477E+03    0.1474E+03   -0.9990E+03   -0.9990E+03   -0.9990E+03   -0.9990E+03   -0.9990E+03   -0.9990E+03   -0.9990E+03    0.2543E+03    0.1475E+03    0.1469E+03    0.1461E+03    0.1463E+03    0.1450E+03    0.1430E+03    0.1445E+03   -0.9990E+03   -0.9990E+03   -0.9990E+03   -0.9990E+03   -0.9990E+03   -0.9990E+03   -0.9990E+03   -0.9990E+03   -0.9990E+03   -0.9990E+03   -0.9990E+03   -0.9990E+03   -0.9990E+03   -0.9990E+03   -0.9990E+03   -0.9990E+03   -0.9990E+03   -0.9990E+03   -0.9990E+03   -0.9990E+03   -0.9990E+03   -0.9990E+03   -0.9990E+03
   -0.9990E+03   -0.9990E+03   -0.9990E+03   -0.9990E+03   -0.9990E+03   -0.9990E+03   -0.9990E+03   -0.9990E+03   -0.9990E+03   -0.9990E+03   -0.9990E+03   -0.9990E+03   -0.9990E+03   -0.9990E+03   -0.9990E+03   -0.9990E+03   -0.9990E+03   -0.9990E+03   -0.9990E+03   -0.9990E+03   -0.9990E+03   -0.9990E+03   -0.9990E+03   -0.9990E+03   -0.9990E+03   -0.9990E+03   -0.9990E+03   -0.9990E+03   -0.9990E+03   -0.9990E+03   -0.9990E+03   -0.9990E+03   -0.9990E+03   -0.9990E+03   -0.9990E+03   -0.9990E+03   -0.9990E+03    0.1475E+03   -0.9990E+03   -0.9990E+03    0.1532E+03    0.1477E+03   -0.9990E+03   -0.9990E+03    0.2137E+03    0.1466E+03    0.1464E+03    0.1469E+03    0.1460E+03    0.1449E+03    0.1449E+03    0.1443E+03    0.2468E+03   -0.9990E+03   -0.9990E+03   -0.9990E+03   -0.9990E+03   -0.9990E+03   -0.9990E+03   -0.9990E+03   -0.9990E+03   -0.9990E+03   -0.9990E+03   -0.9990E+03   -0.9990E+03   -0.9990E+03   -0.9990E+03   -0.9990E+03   -0.9990E+03   -0.9990E+03   -0.9990E+03   -0.9990E+03   -0.9990E+03   -0.9990E+03   -0.9990E+03   -0.9990E+03
   -0.9990E+03   -0.9990E+03   -0.9990E+03   -0.9990E+03   -0.9990E+03   -0.9990E+03   -0.9990E+03   -0.9990E+03   -0.9990E+03   -0.9990E+03   -0.9990E+03   -0.9990E+03   -0.9990E+03   -0.9990E+03   -0.9990E+03   -0.9990E+03   -0.9990E+03   -0.9990E+03   -0.9990E+03   -0.9990E+03   -0.9990E+03   -0.9990E+03   -0.9990E+03   -0.9990E+03   -0.9990E+03   -0.9990E+03   -0.9990E+03   -0.9990E+03   -0.9990E+03   -0.9990E+03   -0.9990E+03   -0.9990E+03   -0.9990E+03   -0.9990E+03   -0.9990E+03   -0.9990E+03   -0.9990E+03    0.1564E+03   -0.9990E+03    0.2292E+03    0.1472E+03    0.1486E+03    0.1472E+03    0.1475E+03    0.1474E+03    0.1471E+03    0.1457E+03    0.1462E+03    0.1455E+03    0.1441E+03    0.1428E+03    0.1425E+03    0.1416E+03   -0.9990E+03    0.1388E+03   -0.9990E+03   -0.9990E+03   -0.9990E+03   -0.9990E+03   -0.9990E+03   -0.9990E+03   -0.9990E+03   -0.9990E+03   -0.9990E+03   -0.9990E+03   -0.9990E+03   -0.9990E+03   -0.9990E+03   -0.9990E+03   -0.9990E+03   -0.9990E+03   -0.9990E+03   -0.9990E+03   -0.9990E+03   -0.9990E+03   -0.9990E+03
   -0.9990E+03   -0.9990E+03   -0.9990E+03   -0.9990E+03   -0.9990E+03   -0.9990E+03   -0.9990E+03   -0.9990E+03   -0.9990E+03   -0.9990E+03   -0.9990E+03   -0.9990E+03   -0.9990E+03   -0.9990E+03   -0.9990E+03   -0.9990E+03   -0.9990E+03   -0.9990E+03   -0.9990E+03   -0.9990E+03   -0.9990E+03   -0.9990E+03   -0.9990E+03   -0.9990E+03   -0.9990E+03   -0.9990E+03   -0.9990E+03   -0.9990E+03   -0.9990E+03   -0.9990E+03   -0.9990E+03   -0.9990E+03   -0.9990E+03   -0.9990E+03   -0.9990E+03   -0.9990E+03   -0.9990E+03   -0.9990E+03   -0.9990E+03   -0.9990E+03    0.1809E+03    0.1649E+03    0.2529E+03    0.2543E+03    0.1501E+03    0.1474E+03    0.1459E+03    0.1456E+03    0.1439E+03    0.1422E+03    0.1402E+03    0.1407E+03    0.1386E+03    0.2231E+03    0.1382E+03    0.1929E+03   -0.9990E+03    0.1365E+03   -0.9990E+03   -0.9990E+03   -0.9990E+03   -0.9990E+03   -0.9990E+03   -0.9990E+03   -0.9990E+03   -0.9990E+03   -0.9990E+03   -0.9990E+03   -0.9990E+03   -0.9990E+03   -0.9990E+03   -0.9990E+03   -0.9990E+03   -0.9990E+03   -0.9990E+03   -0.9990E+03
   -0.9990E+03   -0.9990E+03   -0.9990E+03   -0.9990E+03   -0.9990E+03   -0.9990E+03   -0.9990E+03   -0.9990E+03   -0.9990E+03   -0.9990E+03   -0.9990E+03   -0.9990E+03   -0.9990E+03   -0.9990E+03   -0.9990E+03   -0.9990E+03   -0.9990E+03   -0.9990E+03   -0.9990E+03   -0.9990E+03   -0.9990E+03   -0.9990E+03   -0.9990E+03   -0.9990E+03   -0.9990E+03   -0.9990E+03   -0.9990E+03   -0.9990E+03   -0.9990E+03   -0.9990E+03   -0.9990E+03   -0.9990E+03   -0.9990E+03   -0.9990E+03   -0.9990E+03   -0.9990E+03   -0.9990E+03   -0.9990E+03   -0.9990E+03   -0.9990E+03   -0.9990E+03   -0.9990E+03   -0.9990E+03    0.2352E+03    0.1468E+03    0.1474E+03    0.1463E+03    0.1434E+03    0.1421E+03    0.1400E+03    0.1390E+03    0.1385E+03    0.1366E+03   -0.9990E+03    0.2094E+03   -0.9990E+03    0.1346E+03    0.1346E+03    0.2164E+03   -0.9990E+03   -0.9990E+03   -0.9990E+03   -0.9990E+03   -0.9990E+03   -0.9990E+03   -0.9990E+03   -0.9990E+03   -0.9990E+03   -0.9990E+03   -0.9990E+03   -0.9990E+03   -0.9990E+03   -0.9990E+03   -0.9990E+03   -0.9990E+03   -0.9990E+03
   -0.9990E+03   -0.9990E+03   -0.9990E+03   -0.9990E+03   -0.9990E+03   -0.9990E+03   -0.9990E+03   -0.9990E+03   -0.9990E+03   -0.9990E+03   -0.9990E+03   -0.9990E+03   -0.9990E+03   -0.9990E+03   -0.9990E+03   -0.9990E+03   -0.9990E+03   -0.9990E+03   -0.9990E+03   -0.9990E+03   -0.9990E+03   -0.9990E+03   -0.9990E+03   -0.9990E+03   -0.9990E+03   -0.9990E+03   -0.9990E+03   -0.9990E+03   -0.9990E+03   -0.9990E+03   -0.9990E+03   -0.9990E+03   -0.9990E+03   -0.9990E+03   -0.9990E+03   -0.9990E+03    0.1458E+03   -0.9990E+03   -0.9990E+03   -0.9990E+03   -0.9990E+03   -0.9990E+03    0.2105E+03    0.1425E+03    0.1444E+03    0.1462E+03    0.1439E+03    0.1400E+03    0.1387E+03    0.1351E+03    0.1342E+03    0.1330E+03    0.1322E+03    0.1329E+03    0.1334E+03    0.1343E+03    0.1337E+03    0.1316E+03    0.1292E+03   -0.9990E+03   -0.9990E+03   -0.9990E+03   -0.9990E+03   -0.9990E+03   -0.9990E+03   -0.9990E+03   -0.9990E+03   -0.9990E+03   -0.9990E+03   -0.9990E+03   -0.9990E+03   -0.9990E+03   -0.9990E+03   -0.9990E+03   -0.9990E+03   -0.9990E+03
   -0.9990E+03   -0.9990E+03   -0.9990E+03   -0.9990E+03   -0.9990E+03   -0.9990E+03   -0.9990E+03   -0.9990E+03   -0.9990E+03   -0.9990E+03   -0.9990E+03   -0.9990E+03   -0.9990E+03   -0.9990E+03   -0.9990E+03   -0.9990E+03   -0.9990E+03   -0.9990E+03   -0.9990E+03   -0.9990E+03   -0.9990E+03   -0.9990E+03   -0.9990E+03   -0.9990E+03   -0.9990E+03   -0.9990E+03   -0.9990E+03   -0.9990E+03   -0.9990E+03   -0.9990E+03   -0.9990E+03   -0.9990E+03   -0.9990E+03   -0.9990E+03   -0.9990E+03    0.1490E+03    0.1407E+03   -0.9990E+03   -0.9990E+03   -0.9990E+03   -0.9990E+03   -0.9990E+03   -0.9990E+03    0.1390E+03    0.1390E+03    0.1396E+03    0.1386E+03    0.1355E+03    0.1343E+03    0.1309E+03    0.1289E+03    0.1289E+03    0.1305E+03    0.1302E+03    0.1301E+03    0.1303E+03    0.1289E+03    0.1274E+03    0.1253E+03   -0.9990E+03   -0.9990E+03   -0.9990E+03   -0.9990E+03   -0.9990E+03   -0.9990E+03   -0.9990E+03   -0.9990E+03   -0.9990E+03   -0.9990E+03   -0.9990E+03   -0.9990E+03   -0.9990E+03   -0.9990E+03   -0.9990E+03   -0.9990E+03   -0.9990E+03
   -0.9990E+03   -0.9990E+03   -0.9990E+03   -0.9990E+03   -0.9990E+03   -0.9990E+03   -0.9990E+03   -0.9990E+03   -0.9990E+03   -0.9990E+03   -0.9990E+03   -0.9990E+03   -0.9990E+03   -0.9990E+03   -0.9990E+03   -0.9990E+03   -0.9990E+03   -0.9990E+03   -0.9990E+03   -0.9990E+03   -0.9990E+03   -0.9990E+03   -0.9990E+03   -0.9990E+03   -0.9990E+03   -0.9990E+03   -0.9990E+03   -0.9990E+03   -0.9990E+03   -0.9990E+03   -0.9990E+03   -0.9990E+03   -0.9990E+03   -0.9990E+03   -0.9990E+03    0.1383E+03   -0.9990E+03   -0.9990E+03   -0.9990E+03   -0.9990E+03   -0.9990E+03   -0.9990E+03   -0.9990E+03    0.1327E+03    0.1335E+03    0.1333E+03    0.1319E+03    0.1293E+03    0.1281E+03    0.1270E+03    0.1259E+03    0.1261E+03    0.1241E+03    0.1235E+03    0.1237E+03    0.1235E+03    0.1217E+03    0.1208E+03    0.1225E+03    0.1205E+03   -0.9990E+03   -0.9990E+03   -0.9990E+03   -0.9990E+03   -0.9990E+03   -0.9990E+03   -0.9990E+03   -0.9990E+03   -0.9990E+03   -0.9990E+03   -0.9990E+03   -0.9990E+03   -0.9990E+03   -0.9990E+03   -0.9990E+03   -0.9990E+03
   -0.9990E+03   -0.9990E+03   -0.9990E+03   -0.9990E+03   -0.9990E+03   -0.9990E+03   -0.9990E+03   -0.9990E+03   -0.9990E+03   -0.9990E+03   -0.9990E+03   -0.9990E+03   -0.9990E+03   -0.9990E+03   -0.9990E+03   -0.9990E+03   -0.9990E+03   -0.9990E+03   -0.9990E+03   -0.9990E+03   -0.9990E+03   -0.9990E+03   -0.9990E+03   -0.9990E+03   -0.9990E+03   -0.9990E+03   -0.9990E+03   -0.9990E+03   -0.9990E+03   -0.9990E+03   -0.9990E+03   -0.9990E+03   -0.9990E+03   -0.9990E+03    0.1327E+03    0.1286E+03   -0.9990E+03   -0.9990E+03   -0.9990E+03   -0.9990E+03   -0.9990E+03   -0.9990E+03   -0.9990E+03   -0.9990E+03    0.1981E+03    0.1262E+03    0.1254E+03    0.1238E+03    0.1218E+03    0.1222E+03    0.1202E+03    0.1184E+03    0.1173E+03    0.1168E+03    0.1163E+03    0.1168E+03    0.1921E+03    0.1856E+03    0.1614E+03    0.1166E+03   -0.9990E+03   -0.9990E+03   -0.9990E+03   -0.9990E+03   -0.9990E+03   -0.9990E+03   -0.9990E+03   -0.9990E+03   -0.9990E+03   -0.9990E+03   -0.9990E+03   -0.9990E+03   -0.9990E+03   -0.9990E+03   -0.9990E+03   -0.9990E+03
   -0.9990E+03   -0.9990E+03   -0.9990E+03   -0.9990E+03   -0.9990E+03   -0.9990E+03   -0.9990E+03   -0.9990E+03   -0.9990E+03   -0.9990E+03   -0.9990E+03   -0.9990E+03   -0.9990E+03   -0.9990E+03   -0.9990E+03   -0.9990E+03   -0.9990E+03   -0.9990E+03   -0.9990E+03   -0.9990E+03   -0.9990E+03   -0.9990E+03   -0.9990E+03   -0.9990E+03   -0.9990E+03   -0.9990E+03   -0.9990E+03   -0.9990E+03   -0.9990E+03   -0.9990E+03   -0.9990E+03   -0.9990E+03   -0.9990E+03   -0.9990E+03   -0.9990E+03    0.1343E+03   -0.9990E+03   -0.9990E+03   -0.9990E+03   -0.9990E+03   -0.9990E+03   -0.9990E+03   -0.9990E+03   -0.9990E+03   -0.9990E+03    0.1195E+03    0.1188E+03    0.1174E+03    0.1171E+03    0.1148E+03    0.1128E+03    0.1126E+03    0.1123E+03    0.1114E+03    0.1109E+03    0.1108E+03    0.1101E+03    0.1110E+03    0.1840E+03   -0.9990E+03   -0.9990E+03   -0.9990E+03   -0.9990E+03   -0.9990E+03   -0.9990E+03   -0.9990E+03   -0.9990E+03   -0.9990E+03   -0.9990E+03   -0.9990E+03   -0.9990E+03   -0.9990E+03   -0.9990E+03   -0.9990E+03   -0.9990E+03   -0.9990E+03
   -0.9990E+03   -0.9990E+03   -0.9990E+03   -0.9990E+03   -0.9990E+03   -0.9990E+03   -0.9990E+03   -0.9990E+03   -0.9990E+03   -0.9990E+03   -0.9990E+03   -0.9990E+03   -0.9990E+03   -0.9990E+03   -0.9990E+03   -0.9990E+03   -0.9990E+03   -0.9990E+03   -0.9990E+03   -0.9990E+03   -0.9990E+03   -0.9990E+03   -0.9990E+03   -0.9990E+03   -0.9990E+03   -0.9990E+03   -0.9990E+03   -0.9990E+03   -0.9990E+03   -0.9990E+03   -0.9990E+03   -0.9990E+03   -0.9990E+03   -0.9990E+03   -0.9990E+03   -0.9990E+03   -0.9990E+03   -0.9990E+03   -0.9990E+03   -0.9990E+03   -0.9990E+03   -0.9990E+03   -0.9990E+03   -0.9990E+03    0.1133E+03    0.1131E+03    0.1125E+03    0.1112E+03    0.1100E+03    0.1094E+03    0.1079E+03    0.1067E+03    0.1057E+03    0.1056E+03    0.1050E+03    0.1046E+03    0.1047E+03    0.1535E+03   -0.9990E+03   -0.9990E+03   -0.9990E+03   -0.9990E+03   -0.9990E+03   -0.9990E+03   -0.9990E+03   -0.9990E+03   -0.9990E+03   -0.9990E+03   -0.9990E+03   -0.9990E+03   -0.9990E+03   -0.9990E+03   -0.9990E+03   -0.9990E+03   -0.9990E+03   -0.9990E+03
   -0.9990E+03   -0.9990E+03   -0.9990E+03   -0.9990E+03   -0.9990E+03   -0.9990E+03   -0.9990E+03   -0.9990E+03   -0.9990E+03   -0.9990E+03   -0.9990E+03   -0.9990E+03   -0.9990E+03   -0.9990E+03   -0.9990E+03   -0.9990E+03   -0.9990E+03   -0.9990E+03   -0.9990E+03   -0.9990E+03   -0.9990E+03   -0.9990E+03   -0.9990E+03   -0.9990E+03   -0.9990E+03   -0.9990E+03   -0.9990E+03   -0.9990E+03   -0.9990E+03   -0.9990E+03   -0.9990E+03   -0.9990E+03   -0.9990E+03    0.1108E+03    0.1105E+03   -0.9990E+03   -0.9990E+03   -0.9990E+03   -0.9990E+03   -0.9990E+03   -0.9990E+03   -0.9990E+03   -0.9990E+03   -0.9990E+03    0.1072E+03    0.1067E+03    0.1059E+03    0.1047E+03    0.1052E+03    0.1034E+03    0.1014E+03    0.1006E+03    0.9946E+02    0.9878E+02    0.9793E+02    0.9814E+02    0.9855E+02    0.9912E+02    0.1742E+03   -0.9990E+03   -0.9990E+03   -0.9990E+03   -0.9990E+03   -0.9990E+03   -0.9990E+03   -0.9990E+03   -0.9990E+03   -0.9990E+03   -0.9990E+03   -0.9990E+03   -0.9990E+03   -0.9990E+03   -0.9990E+03   -0.9990E+03   -0.9990E+03   -0.9990E+03
   -0.9990E+03   -0.9990E+03   -0.9990E+03   -0.9990E+03   -0.9990E+03   -0.9990E+03   -0.9990E+03   -0.9990E+03   -0.9990E+03   -0.9990E+03   -0.9990E+03   -0.9990E+03   -0.9990E+03   -0.9990E+03   -0.9990E+03   -0.9990E+03   -0.9990E+03   -0.9990E+03   -0.9990E+03   -0.9990E+03   -0.9990E+03   -0.9990E+03   -0.9990E+03   -0.9990E+03   -0.9990E+03   -0.9990E+03   -0.9990E+03   -0.9990E+03   -0.9990E+03   -0.9990E+03   -0.9990E+03   -0.9990E+03   -0.9990E+03   -0.9990E+03    0.1126E+03   -0.9990E+03   -0.9990E+03   -0.9990E+03   -0.9990E+03   -0.9990E+03   -0.9990E+03   -0.9990E+03   -0.9990E+03    0.1337E+03    0.1012E+03    0.1003E+03    0.9967E+02    0.9851E+02    0.9891E+02    0.9754E+02    0.9675E+02    0.9555E+02    0.9427E+02    0.9242E+02    0.9153E+02    0.9133E+02    0.9176E+02    0.9367E+02    0.9527E+02    0.9792E+02    0.1647E+03   -0.9990E+03   -0.9990E+03   -0.9990E+03   -0.9990E+03   -0.9990E+03   -0.9990E+03   -0.9990E+03   -0.9990E+03   -0.9990E+03   -0.9990E+03   -0.9990E+03   -0.9990E+03   -0.9990E+03   -0.9990E+03   -0.9990E+03
   -0.9990E+03   -0.9990E+03   -0.9990E+03   -0.9990E+03   -0.9990E+03   -0.9990E+03   -0.9990E+03   -0.9990E+03   -0.9990E+03   -0.9990E+03   -0.9990E+03   -0.9990E+03   -0.9990E+03   -0.9990E+03   -0.9990E+03   -0.9990E+03   -0.9990E+03   -0.9990E+03   -0.9990E+03   -0.9990E+03   -0.9990E+03   -0.9990E+03   -0.9990E+03   -0.9990E+03   -0.9990E+03   -0.9990E+03   -0.9990E+03   -0.9990E+03   -0.9990E+03   -0.9990E+03   -0.9990E+03   -0.9990E+03   -0.9990E+03   -0.9990E+03   -0.9990E+03   -0.9990E+03   -0.9990E+03   -0.9990E+03   -0.9990E+03   -0.9990E+03    0.1332E+03    0.9823E+02   -0.9990E+03    0.9577E+02    0.9545E+02    0.9399E+02    0.9331E+02    0.9256E+02    0.9316E+02    0.9257E+02    0.9030E+02    0.8922E+02    0.8780E+02    0.8613E+02    0.8433E+02    0.8370E+02    0.8553E+02    0.8763E+02    0.9029E+02    0.9282E+02    0.9595E+02    0.9783E+02    0.1672E+03   -0.9990E+03   -0.9990E+03   -0.9990E+03   -0.9990E+03   -0.9990E+03   -0.9990E+03   -0.9990E+03   -0.9990E+03   -0.9990E+03   -0.9990E+03   -0.9990E+03   -0.9990E+03   -0.9990E+03
   -0.9990E+03   -0.9990E+03   -0.9990E+03   -0.9990E+03   -0.9990E+03   -0.9990E+03   -0.9990E+03   -0.9990E+03   -0.9990E+03   -0.9990E+03   -0.9990E+03   -0.9990E+03   -0.9990E+03   -0.9990E+03   -0.9990E+03   -0.9990E+03   -0.9990E+03   -0.9990E+03   -0.9990E+03   -0.9990E+03   -0.9990E+03   -0.9990E+03   -0.9990E+03   -0.9990E+03   -0.9990E+03   -0.9990E+03   -0.9990E+03   -0.9990E+03   -0.9990E+03   -0.9990E+03   -0.9990E+03   -0.9990E+03   -0.9990E+03   -0.9990E+03   -0.9990E+03   -0.9990E+03   -0.9990E+03   -0.9990E+03   -0.9990E+03   -0.9990E+03   -0.9990E+03    0.1561E+03    0.9246E+02    0.9027E+02    0.8896E+02    0.8762E+02    0.8728E+02    0.8716E+02    0.8848E+02    0.8695E+02    0.8594E+02    0.8461E+02    0.8259E+02    0.7971E+02    0.7746E+02    0.7653E+02    0.7872E+02    0.8186E+02    0.8584E+02    0.8876E+02    0.9244E+02    0.9454E+02    0.9846E+02   -0.9990E+03   -0.9990E+03   -0.9990E+03   -0.9990E+03   -0.9990E+03   -0.9990E+03   -0.9990E+03   -0.9990E+03   -0.9990E+03   -0.9990E+03   -0.9990E+03   -0.9990E+03   -0.9990E+03
   -0.9990E+03   -0.9990E+03   -0.9990E+03   -0.9990E+03   -0.9990E+03   -0.9990E+03   -0.9990E+03   -0.9990E+03   -0.9990E+03   -0.9990E+03   -0.9990E+03   -0.9990E+03   -0.9990E+03   -0.9990E+03   -0.9990E+03   -0.9990E+03   -0.9990E+03   -0.9990E+03   -0.9990E+03   -0.9990E+03   -0.9990E+03   -0.9990E+03   -0.9990E+03   -0.9990E+03   -0.9990E+03   -0.9990E+03   -0.9990E+03   -0.9990E+03   -0.9990E+03   -0.9990E+03   -0.9990E+03   -0.9990E+03   -0.9990E+03   -0.9990E+03   -0.9990E+03   -0.9990E+03   -0.9990E+03   -0.9990E+03   -0.9990E+03   -0.9990E+03    0.1466E+03    0.1471E+03    0.8777E+02    0.8578E+02    0.8388E+02    0.8092E+02    0.8238E+02    0.8328E+02    0.8423E+02    0.8231E+02    0.8208E+02    0.8081E+02    0.7851E+02    0.7564E+02    0.7265E+02    0.6831E+02    0.7333E+02    0.7797E+02    0.8235E+02    0.8571E+02    0.8954E+02    0.9144E+02    0.9449E+02   -0.9990E+03   -0.9990E+03   -0.9990E+03   -0.9990E+03   -0.9990E+03   -0.9990E+03   -0.9990E+03   -0.9990E+03   -0.9990E+03   -0.9990E+03   -0.9990E+03   -0.9990E+03   -0.9990E+03
   -0.9990E+03   -0.9990E+03   -0.9990E+03   -0.9990E+03   -0.9990E+03   -0.9990E+03   -0.9990E+03   -0.9990E+03   -0.9990E+03   -0.9990E+03   -0.9990E+03   -0.9990E+03   -0.9990E+03   -0.9990E+03   -0.9990E+03   -0.9990E+03   -0.9990E+03   -0.9990E+03   -0.9990E+03   -0.9990E+03   -0.9990E+03   -0.9990E+03   -0.9990E+03   -0.9990E+03   -0.9990E+03   -0.9990E+03   -0.9990E+03   -0.9990E+03   -0.9990E+03   -0.9990E+03   -0.9990E+03   -0.9990E+03   -0.9990E+03   -0.9990E+03   -0.9990E+03   -0.9990E+03   -0.9990E+03   -0.9990E+03   -0.9990E+03   -0.9990E+03   -0.9990E+03    0.1336E+03    0.8491E+02    0.8286E+02    0.8142E+02    0.8028E+02    0.7988E+02    0.8033E+02    0.8103E+02    0.7999E+02    0.7914E+02    0.7742E+02    0.7572E+02    0.7330E+02    0.7091E+02    0.7012E+02    0.7201E+02    0.7579E+02    0.7997E+02    0.8379E+02    0.8625E+02    0.8897E+02    0.9229E+02    0.1554E+03   -0.9990E+03   -0.9990E+03   -0.9990E+03   -0.9990E+03   -0.9990E+03   -0.9990E+03   -0.9990E+03   -0.9990E+03   -0.9990E+03   -0.9990E+03   -0.9990E+03   -0.9990E+03
   -0.9990E+03   -0.9990E+03   -0.9990E+03   -0.9990E+03   -0.9990E+03   -0.9990E+03   -0.9990E+03   -0.9990E+03   -0.9990E+03   -0.9990E+03   -0.9990E+03   -0.9990E+03   -0.9990E+03   -0.9990E+03   -0.9990E+03   -0.9990E+03   -0.9990E+03   -0.9990E+03   -0.9990E+03   -0.9990E+03   -0.9990E+03   -0.9990E+03   -0.9990E+03   -0.9990E+03   -0.9990E+03   -0.9990E+03   -0.9990E+03   -0.9990E+03   -0.9990E+03   -0.9990E+03   -0.9990E+03   -0.9990E+03   -0.9990E+03   -0.9990E+03   -0.9990E+03   -0.9990E+03   -0.9990E+03   -0.9990E+03   -0.9990E+03   -0.9990E+03   -0.9990E+03   -0.9990E+03    0.8576E+02    0.8103E+02    0.8057E+02    0.7973E+02    0.7880E+02    0.7874E+02    0.7809E+02    0.7785E+02    0.7701E+02    0.7575E+02    0.7420E+02    0.7245E+02    0.7129E+02    0.7165E+02    0.7264E+02    0.7518E+02    0.7876E+02    0.8136E+02    0.8398E+02    0.8732E+02    0.9189E+02   -0.9990E+03   -0.9990E+03   -0.9990E+03   -0.9990E+03   -0.9990E+03   -0.9990E+03   -0.9990E+03   -0.9990E+03   -0.9990E+03   -0.9990E+03   -0.9990E+03   -0.9990E+03   -0.9990E+03
   -0.9990E+03   -0.9990E+03   -0.9990E+03   -0.9990E+03   -0.9990E+03   -0.9990E+03   -0.9990E+03   -0.9990E+03   -0.9990E+03   -0.9990E+03   -0.9990E+03   -0.9990E+03   -0.9990E+03   -0.9990E+03   -0.9990E+03   -0.9990E+03   -0.9990E+03   -0.9990E+03   -0.9990E+03   -0.9990E+03   -0.9990E+03   -0.9990E+03   -0.9990E+03   -0.9990E+03   -0.9990E+03   -0.9990E+03   -0.9990E+03   -0.9990E+03   -0.9990E+03   -0.9990E+03   -0.9990E+03   -0.9990E+03   -0.9990E+03   -0.9990E+03   -0.9990E+03   -0.9990E+03   -0.9990E+03   -0.9990E+03   -0.9990E+03   -0.9990E+03   -0.9990E+03   -0.9990E+03   -0.9990E+03    0.7994E+02    0.7979E+02    0.7932E+02    0.7842E+02    0.7783E+02    0.7695E+02    0.7598E+02    0.7504E+02    0.7447E+02    0.7313E+02    0.7248E+02    0.7235E+02    0.7237E+02    0.7365E+02    0.7577E+02    0.7774E+02    0.8038E+02    0.8349E+02    0.8635E+02   -0.9990E+03   -0.9990E+03   -0.9990E+03   -0.9990E+03   -0.9990E+03   -0.9990E+03   -0.9990E+03   -0.9990E+03   -0.9990E+03   -0.9990E+03   -0.9990E+03   -0.9990E+03   -0.9990E+03   -0.9990E+03
   -0.9990E+03   -0.9990E+03   -0.9990E+03   -0.9990E+03   -0.9990E+03   -0.9990E+03   -0.9990E+03   -0.9990E+03   -0.9990E+03   -0.9990E+03   -0.9990E+03   -0.9990E+03   -0.9990E+03   -0.9990E+03   -0.9990E+03   -0.9990E+03   -0.9990E+03   -0.9990E+03   -0.9990E+03   -0.9990E+03   -0.9990E+03   -0.9990E+03   -0.9990E+03   -0.9990E+03   -0.9990E+03   -0.9990E+03   -0.9990E+03   -0.9990E+03   -0.9990E+03   -0.9990E+03   -0.9990E+03   -0.9990E+03   -0.9990E+03   -0.9990E+03   -0.9990E+03   -0.9990E+03   -0.9990E+03   -0.9990E+03   -0.9990E+03   -0.9990E+03   -0.9990E+03   -0.9990E+03   -0.9990E+03    0.7952E+02    0.7944E+02    0.7883E+02    0.7816E+02    0.7729E+02    0.7634E+02    0.7539E+02    0.7451E+02    0.7342E+02    0.7284E+02    0.7263E+02    0.7265E+02    0.7314E+02    0.7445E+02    0.7610E+02    0.7815E+02    0.8085E+02    0.8250E+02   -0.9990E+03   -0.9990E+03   -0.9990E+03   -0.9990E+03   -0.9990E+03   -0.9990E+03   -0.9990E+03   -0.9990E+03   -0.9990E+03   -0.9990E+03   -0.9990E+03   -0.9990E+03   -0.9990E+03   -0.9990E+03   -0.9990E+03
   -0.9990E+03   -0.9990E+03   -0.9990E+03   -0.9990E+03   -0.9990E+03   -0.9990E+03   -0.9990E+03   -0.9990E+03   -0.9990E+03   -0.9990E+03   -0.9990E+03   -0.9990E+03   -0.9990E+03   -0.9990E+03   -0.9990E+03   -0.9990E+03   -0.9990E+03   -0.9990E+03   -0.9990E+03   -0.9990E+03   -0.9990E+03   -0.9990E+03   -0.9990E+03   -0.9990E+03   -0.9990E+03   -0.9990E+03   -0.9990E+03   -0.9990E+03   -0.9990E+03   -0.9990E+03   -0.9990E+03   -0.9990E+03   -0.9990E+03   -0.9990E+03   -0.9990E+03   -0.9990E+03   -0.9990E+03   -0.9990E+03    0.1126E+03    0.8146E+02   -0.9990E+03    0.8839E+02    0.7986E+02    0.7912E+02    0.7917E+02    0.7838E+02    0.7776E+02    0.7691E+02    0.7603E+02    0.7527E+02    0.7467E+02    0.7404E+02    0.7343E+02    0.7316E+02    0.7309E+02    0.7391E+02    0.7485E+02    0.7638E+02    0.7845E+02    0.7956E+02    0.8190E+02   -0.9990E+03   -0.9990E+03   -0.9990E+03   -0.9990E+03   -0.9990E+03   -0.9990E+03   -0.9990E+03   -0.9990E+03   -0.9990E+03   -0.9990E+03   -0.9990E+03   -0.9990E+03   -0.9990E+03   -0.9990E+03   -0.9990E+03
   -0.9990E+03   -0.9990E+03   -0.9990E+03   -0.9990E+03   -0.9990E+03   -0.9990E+03   -0.9990E+03   -0.9990E+03   -0.9990E+03   -0.9990E+03   -0.9990E+03   -0.9990E+03   -0.9990E+03   -0.9990E+03   -0.9990E+03   -0.9990E+03   -0.9990E+03   -0.9990E+03   -0.9990E+03   -0.9990E+03   -0.9990E+03   -0.9990E+03   -0.9990E+03   -0.9990E+03   -0.9990E+03   -0.9990E+03   -0.9990E+03   -0.9990E+03   -0.9990E+03   -0.9990E+03   -0.9990E+03   -0.9990E+03   -0.9990E+03   -0.9990E+03   -0.9990E+03   -0.9990E+03   -0.9990E+03   -0.9990E+03   -0.9990E+03    0.1057E+03   -0.9990E+03    0.8298E+02    0.7948E+02    0.7906E+02    0.7853E+02    0.7802E+02    0.7731E+02    0.7672E+02    0.7587E+02    0.7507E+02    0.7453E+02    0.7401E+02    0.7355E+02    0.7318E+02    0.7324E+02    0.7398E+02    0.7510E+02    0.7652E+02    0.7768E+02    0.7991E+02    0.8194E+02   -0.9990E+03   -0.9990E+03   -0.9990E+03   -0.9990E+03   -0.9990E+03   -0.9990E+03   -0.9990E+03   -0.9990E+03   -0.9990E+03   -0.9990E+03   -0.9990E+03   -0.9990E+03   -0.9990E+03   -0.9990E+03   -0.9990E+03
   -0.9990E+03   -0.9990E+03   -0.9990E+03   -0.9990E+03   -0.9990E+03   -0.9990E+03   -0.9990E+03   -0.9990E+03   -0.9990E+03   -0.9990E+03   -0.9990E+03   -0.9990E+03   -0.9990E+03   -0.9990E+03   -0.9990E+03   -0.9990E+03   -0.9990E+03   -0.9990E+03   -0.9990E+03   -0.9990E+03   -0.9990E+03   -0.9990E+03   -0.9990E+03   -0.9990E+03   -0.9990E+03   -0.9990E+03   -0.9990E+03   -0.9990E+03   -0.9990E+03   -0.9990E+03   -0.9990E+03   -0.9990E+03   -0.9990E+03   -0.9990E+03   -0.9990E+03   -0.9990E+03   -0.9990E+03   -0.9990E+03   -0.9990E+03    0.1020E+03    0.8014E+02   -0.9990E+03    0.7903E+02    0.7828E+02    0.7799E+02    0.7763E+02    0.7717E+02    0.7638E+02    0.7571E+02    0.7517E+02    0.7464E+02    0.7387E+02    0.7339E+02    0.7323E+02    0.7336E+02    0.7394E+02    0.7511E+02    0.7633E+02    0.7759E+02    0.7950E+02    0.8145E+02   -0.9990E+03   -0.9990E+03   -0.9990E+03   -0.9990E+03   -0.9990E+03   -0.9990E+03   -0.9990E+03   -0.9990E+03   -0.9990E+03   -0.9990E+03   -0.9990E+03   -0.9990E+03   -0.9990E+03   -0.9990E+03   -0.9990E+03
   -0.9990E+03   -0.9990E+03   -0.9990E+03   -0.9990E+03   -0.9990E+03   -0.9990E+03   -0.9990E+03   -0.9990E+03   -0.9990E+03   -0.9990E+03   -0.9990E+03   -0.9990E+03   -0.9990E+03   -0.9990E+03   -0.9990E+03   -0.9990E+03   -0.9990E+03   -0.9990E+03   -0.9990E+03   -0.9990E+03   -0.9990E+03   -0.9990E+03   -0.9990E+03   -0.9990E+03   -0.9990E+03   -0.9990E+03   -0.9990E+03   -0.9990E+03   -0.9990E+03   -0.9990E+03   -0.9990E+03   -0.9990E+03   -0.9990E+03   -0.9990E+03   -0.9990E+03   -0.9990E+03   -0.9990E+03   -0.9990E+03   -0.9990E+03   -0.9990E+03    0.1033E+03   -0.9990E+03   -0.9990E+03    0.7800E+02    0.7761E+02    0.7726E+02    0.7662E+02    0.7597E+02    0.7568E+02    0.7532E+02    0.7437E+02    0.7419E+02    0.7370E+02    0.7319E+02    0.7328E+02    0.7388E+02    0.7481E+02    0.7604E+02    0.7740E+02    0.7925E+02    0.1099E+03   -0.9990E+03   -0.9990E+03   -0.9990E+03   -0.9990E+03   -0.9990E+03   -0.9990E+03   -0.9990E+03   -0.9990E+03   -0.9990E+03   -0.9990E+03   -0.9990E+03   -0.9990E+03   -0.9990E+03   -0.9990E+03   -0.9990E+03
   -0.9990E+03   -0.9990E+03   -0.9990E+03   -0.9990E+03   -0.9990E+03   -0.9990E+03   -0.9990E+03   -0.9990E+03   -0.9990E+03   -0.9990E+03   -0.9990E+03   -0.9990E+03   -0.9990E+03   -0.9990E+03   -0.9990E+03   -0.9990E+03   -0.9990E+03   -0.9990E+03   -0.9990E+03   -0.9990E+03   -0.9990E+03   -0.9990E+03   -0.9990E+03   -0.9990E+03   -0.9990E+03   -0.9990E+03   -0.9990E+03   -0.9990E+03   -0.9990E+03   -0.9990E+03   -0.9990E+03   -0.9990E+03   -0.9990E+03   -0.9990E+03   -0.9990E+03   -0.9990E+03   -0.9990E+03   -0.9990E+03   -0.9990E+03   -0.9990E+03   -0.9990E+03   -0.9990E+03   -0.9990E+03    0.7775E+02    0.7725E+02    0.7679E+02    0.7627E+02    0.7602E+02    0.7582E+02    0.7521E+02    0.7491E+02    0.7454E+02    0.7372E+02    0.7342E+02    0.7289E+02    0.7330E+02    0.7433E+02    0.7569E+02    0.7733E+02    0.7898E+02    0.8049E+02   -0.9990E+03   -0.9990E+03   -0.9990E+03   -0.9990E+03   -0.9990E+03   -0.9990E+03   -0.9990E+03   -0.9990E+03   -0.9990E+03   -0.9990E+03   -0.9990E+03   -0.9990E+03   -0.9990E+03   -0.9990E+03   -0.9990E+03
   -0.9990E+03   -0.9990E+03   -0.9990E+03   -0.9990E+03   -0.9990E+03   -0.9990E+03   -0.9990E+03   -0.9990E+03   -0.9990E+03   -0.9990E+03   -0.9990E+03   -0.9990E+03   -0.9990E+03   -0.9990E+03   -0.9990E+03   -0.9990E+03   -0.9990E+03   -0.9990E+03   -0.9990E+03   -0.9990E+03   -0.9990E+03   -0.9990E+03   -0.9990E+03   -0.9990E+03   -0.9990E+03   -0.9990E+03   -0.9990E+03   -0.9990E+03   -0.9990E+03   -0.9990E+03   -0.9990E+03   -0.9990E+03   -0.9990E+03   -0.9990E+03   -0.9990E+03   -0.9990E+03   -0.9990E+03   -0.9990E+03   -0.9990E+03   -0.9990E+03   -0.9990E+03   -0.9990E+03   -0.9990E+03    0.7802E+02    0.7741E+02    0.7627E+02    0.7654E+02    0.7633E+02    0.7581E+02    0.7567E+02    0.7535E+02    0.7468E+02    0.7401E+02    0.7335E+02    0.7304E+02    0.7256E+02    0.7397E+02    0.7544E+02    0.7703E+02    0.7831E+02    0.1213E+03   -0.9990E+03   -0.9990E+03   -0.9990E+03   -0.9990E+03   -0.9990E+03   -0.9990E+03   -0.9990E+03   -0.9990E+03   -0.9990E+03   -0.9990E+03   -0.9990E+03   -0.9990E+03   -0.9990E+03   -0.9990E+03   -0.9990E+03
   -0.9990E+03   -0.9990E+03   -0.9990E+03   -0.9990E+03   -0.9990E+03   -0.9990E+03   -0.9990E+03   -0.9990E+03   -0.9990E+03   -0.9990E+03   -0.9990E+03   -0.9990E+03   -0.9990E+03   -0.9990E+03   -0.9990E+03   -0.9990E+03   -0.9990E+03   -0.9990E+03   -0.9990E+03   -0.9990E+03   -0.9990E+03   -0.9990E+03   -0.9990E+03   -0.9990E+03   -0.9990E+03   -0.9990E+03   -0.9990E+03   -0.9990E+03   -0.9990E+03   -0.9990E+03   -0.9990E+03   -0.9990E+03   -0.9990E+03   -0.9990E+03   -0.9990E+03   -0.9990E+03   -0.9990E+03   -0.9990E+03   -0.9990E+03   -0.9990E+03   -0.9990E+03    0.7963E+02    0.7889E+02    0.7866E+02    0.7808E+02    0.7753E+02    0.7729E+02    0.7710E+02    0.7671E+02    0.7636E+02    0.7572E+02    0.7501E+02    0.7427E+02    0.7367E+02    0.7316E+02    0.7330E+02    0.7399E+02    0.7513E+02    0.7660E+02    0.7843E+02    0.1043E+03   -0.9990E+03   -0.9990E+03   -0.9990E+03   -0.9990E+03   -0.9990E+03   -0.9990E+03   -0.9990E+03   -0.9990E+03   -0.9990E+03   -0.9990E+03   -0.9990E+03   -0.9990E+03   -0.9990E+03   -0.9990E+03   -0.9990E+03
   -0.9990E+03   -0.9990E+03   -0.9990E+03   -0.9990E+03   -0.9990E+03   -0.9990E+03   -0.9990E+03   -0.9990E+03   -0.9990E+03   -0.9990E+03   -0.9990E+03   -0.9990E+03   -0.9990E+03   -0.9990E+03   -0.9990E+03   -0.9990E+03   -0.9990E+03   -0.9990E+03   -0.9990E+03   -0.9990E+03   -0.9990E+03   -0.9990E+03   -0.9990E+03   -0.9990E+03   -0.9990E+03   -0.9990E+03   -0.9990E+03   -0.9990E+03   -0.9990E+03   -0.9990E+03   -0.9990E+03   -0.9990E+03   -0.9990E+03   -0.9990E+03   -0.9990E+03   -0.9990E+03   -0.9990E+03   -0.9990E+03   -0.9990E+03   -0.9990E+03   -0.9990E+03    0.7992E+02    0.7980E+02    0.7955E+02    0.7915E+02    0.7879E+02    0.7821E+02    0.7789E+02    0.7726E+02    0.7677E+02    0.7614E+02    0.7542E+02    0.7455E+02    0.7384E+02    0.7338E+02    0.7374E+02    0.7416E+02    0.7509E+02    0.7635E+02    0.7794E+02   -0.9990E+03   -0.9990E+03   -0.9990E+03   -0.9990E+03   -0.9990E+03   -0.9990E+03   -0.9990E+03   -0.9990E+03   -0.9990E+03   -0.9990E+03   -0.9990E+03   -0.9990E+03   -0.9990E+03   -0.9990E+03   -0.9990E+03   -0.9990E+03
   -0.9990E+03   -0.9990E+03   -0.9990E+03   -0.9990E+03   -0.9990E+03   -0.9990E+03   -0.9990E+03   -0.9990E+03   -0.9990E+03   -0.9990E+03   -0.9990E+03   -0.9990E+03   -0.9990E+03   -0.9990E+03   -0.9990E+03   -0.9990E+03   -0.9990E+03   -0.9990E+03   -0.9990E+03   -0.9990E+03   -0.9990E+03   -0.9990E+03   -0.9990E+03   -0.9990E+03   -0.9990E+03   -0.9990E+03   -0.9990E+03   -0.9990E+03   -0.9990E+03   -0.9990E+03   -0.9990E+03   -0.9990E+03   -0.9990E+03   -0.9990E+03   -0.9990E+03   -0.9990E+03   -0.9990E+03   -0.9990E+03   -0.9990E+03   -0.9990E+03    0.8031E+02    0.8055E+02    0.8066E+02    0.8056E+02    0.8040E+02    0.7982E+02    0.7937E+02    0.7894E+02    0.7835E+02    0.7736E+02    0.7670E+02    0.7566E+02    0.7488E+02    0.7423E+02    0.7354E+02    0.7383E+02    0.7433E+02    0.7484E+02    0.7629E+02    0.7773E+02   -0.9990E+03   -0.9990E+03   -0.9990E+03   -0.9990E+03   -0.9990E+03   -0.9990E+03   -0.9990E+03   -0.9990E+03   -0.9990E+03   -0.9990E+03   -0.9990E+03   -0.9990E+03   -0.9990E+03   -0.9990E+03   -0.9990E+03   -0.9990E+03
   -0.9990E+03   -0.9990E+03   -0.9990E+03   -0.9990E+03   -0.9990E+03   -0.9990E+03   -0.9990E+03   -0.9990E+03   -0.9990E+03   -0.9990E+03   -0.9990E+03   -0.9990E+03   -0.9990E+03   -0.9990E+03   -0.9990E+03   -0.9990E+03   -0.9990E+03   -0.9990E+03   -0.9990E+03   -0.9990E+03   -0.9990E+03   -0.9990E+03   -0.9990E+03   -0.9990E+03   -0.9990E+03   -0.9990E+03   -0.9990E+03   -0.9990E+03   -0.9990E+03   -0.9990E+03   -0.9990E+03   -0.9990E+03   -0.9990E+03   -0.9990E+03   -0.9990E+03   -0.9990E+03   -0.9990E+03   -0.9990E+03   -0.9990E+03   -0.9990E+03    0.8086E+02    0.8129E+02    0.8164E+02    0.8182E+02    0.8157E+02    0.8136E+02    0.8080E+02    0.8008E+02    0.7928E+02    0.7828E+02    0.7709E+02    0.7606E+02    0.7510E+02    0.7428E+02    0.7382E+02    0.7375E+02    0.7425E+02    0.7479E+02    0.7597E+02   -0.9990E+03   -0.9990E+03   -0.9990E+03   -0.9990E+03   -0.9990E+03   -0.9990E+03   -0.9990E+03   -0.9990E+03   -0.9990E+03   -0.9990E+03   -0.9990E+03   -0.9990E+03   -0.9990E+03   -0.9990E+03   -0.9990E+03   -0.9990E+03   -0.9990E+03
   -0.9990E+03   -0.9990E+03   -0.9990E+03   -0.9990E+03   -0.9990E+03   -0.9990E+03   -0.9990E+03   -0.9990E+03   -0.9990E+03   -0.9990E+03   -0.9990E+03   -0.9990E+03   -0.9990E+03   -0.9990E+03   -0.9990E+03   -0.9990E+03   -0.9990E+03   -0.9990E+03   -0.9990E+03   -0.9990E+03   -0.9990E+03   -0.9990E+03   -0.9990E+03   -0.9990E+03   -0.9990E+03   -0.9990E+03   -0.9990E+03   -0.9990E+03   -0.9990E+03   -0.9990E+03   -0.9990E+03   -0.9990E+03   -0.9990E+03   -0.9990E+03   -0.9990E+03   -0.9990E+03   -0.9990E+03   -0.9990E+03   -0.9990E+03   -0.9990E+03    0.8141E+02    0.8212E+02    0.8269E+02    0.8304E+02    0.8286E+02    0.8278E+02    0.8235E+02    0.8153E+02    0.8046E+02    0.7914E+02    0.7766E+02    0.7661E+02    0.7529E+02    0.7404E+02    0.7334E+02    0.7328E+02    0.7387E+02    0.7443E+02    0.7532E+02   -0.9990E+03   -0.9990E+03   -0.9990E+03   -0.9990E+03   -0.9990E+03   -0.9990E+03   -0.9990E+03   -0.9990E+03   -0.9990E+03   -0.9990E+03   -0.9990E+03   -0.9990E+03   -0.9990E+03   -0.9990E+03   -0.9990E+03   -0.9990E+03   -0.9990E+03
   -0.9990E+03   -0.9990E+03   -0.9990E+03   -0.9990E+03   -0.9990E+03   -0.9990E+03   -0.9990E+03   -0.9990E+03   -0.9990E+03   -0.9990E+03   -0.9990E+03   -0.9990E+03   -0.9990E+03   -0.9990E+03   -0.9990E+03   -0.9990E+03   -0.9990E+03   -0.9990E+03   -0.9990E+03   -0.9990E+03   -0.9990E+03   -0.9990E+03   -0.9990E+03   -0.9990E+03   -0.9990E+03   -0.9990E+03   -0.9990E+03   -0.9990E+03   -0.9990E+03   -0.9990E+03   -0.9990E+03   -0.9990E+03   -0.9990E+03   -0.9990E+03   -0.9990E+03   -0.9990E+03   -0.9990E+03   -0.9990E+03   -0.9990E+03   -0.9990E+03    0.8197E+02    0.8294E+02    0.8367E+02    0.8436E+02    0.8464E+02    0.8456E+02    0.8372E+02    0.8285E+02    0.8140E+02    0.7995E+02    0.7831E+02    0.7681E+02    0.7540E+02    0.7397E+02    0.7336E+02    0.7295E+02    0.7354E+02    0.7403E+02    0.7522E+02   -0.9990E+03   -0.9990E+03   -0.9990E+03   -0.9990E+03   -0.9990E+03   -0.9990E+03   -0.9990E+03   -0.9990E+03   -0.9990E+03   -0.9990E+03   -0.9990E+03   -0.9990E+03   -0.9990E+03   -0.9990E+03   -0.9990E+03   -0.9990E+03   -0.9990E+03
   -0.9990E+03   -0.9990E+03   -0.9990E+03   -0.9990E+03   -0.9990E+03   -0.9990E+03   -0.9990E+03   -0.9990E+03   -0.9990E+03   -0.9990E+03   -0.9990E+03   -0.9990E+03   -0.9990E+03   -0.9990E+03   -0.9990E+03   -0.9990E+03   -0.9990E+03   -0.9990E+03   -0.9990E+03   -0.9990E+03   -0.9990E+03   -0.9990E+03   -0.9990E+03   -0.9990E+03   -0.9990E+03   -0.9990E+03   -0.9990E+03   -0.9990E+03   -0.9990E+03   -0.9990E+03   -0.9990E+03   -0.9990E+03   -0.9990E+03   -0.9990E+03   -0.9990E+03   -0.9990E+03   -0.9990E+03   -0.9990E+03   -0.9990E+03    0.8096E+02    0.8209E+02    0.8342E+02    0.8484E+02    0.8596E+02    0.8679E+02    0.8632E+02    0.8545E+02    0.8409E+02    0.8278E+02    0.8073E+02    0.7887E+02    0.7693E+02    0.7539E+02    0.7356E+02    0.7297E+02    0.7219E+02    0.7266E+02    0.7341E+02    0.7453E+02   -0.9990E+03   -0.9990E+03   -0.9990E+03   -0.9990E+03   -0.9990E+03   -0.9990E+03   -0.9990E+03   -0.9990E+03   -0.9990E+03   -0.9990E+03   -0.9990E+03   -0.9990E+03   -0.9990E+03   -0.9990E+03   -0.9990E+03   -0.9990E+03   -0.9990E+03
   -0.9990E+03   -0.9990E+03   -0.9990E+03   -0.9990E+03   -0.9990E+03   -0.9990E+03   -0.9990E+03   -0.9990E+03   -0.9990E+03   -0.9990E+03   -0.9990E+03   -0.9990E+03   -0.9990E+03   -0.9990E+03   -0.9990E+03   -0.9990E+03   -0.9990E+03   -0.9990E+03   -0.9990E+03   -0.9990E+03   -0.9990E+03   -0.9990E+03   -0.9990E+03   -0.9990E+03   -0.9990E+03   -0.9990E+03   -0.9990E+03   -0.9990E+03   -0.9990E+03   -0.9990E+03   -0.9990E+03   -0.9990E+03   -0.9990E+03   -0.9990E+03   -0.9990E+03   -0.9990E+03   -0.9990E+03   -0.9990E+03   -0.9990E+03    0.8036E+02    0.8178E+02    0.8338E+02    0.8538E+02    0.8709E+02    0.8864E+02    0.8860E+02    0.8801E+02    0.8598E+02    0.8381E+02    0.8129E+02    0.7903E+02    0.7747E+02    0.7530E+02    0.7342E+02    0.7191E+02    0.7083E+02    0.7196E+02    0.7233E+02   -0.9990E+03   -0.9990E+03   -0.9990E+03   -0.9990E+03   -0.9990E+03   -0.9990E+03   -0.9990E+03   -0.9990E+03   -0.9990E+03   -0.9990E+03   -0.9990E+03   -0.9990E+03   -0.9990E+03   -0.9990E+03   -0.9990E+03   -0.9990E+03   -0.9990E+03   -0.9990E+03
   -0.9990E+03   -0.9990E+03   -0.9990E+03   -0.9990E+03   -0.9990E+03   -0.9990E+03   -0.9990E+03   -0.9990E+03   -0.9990E+03   -0.9990E+03   -0.9990E+03   -0.9990E+03   -0.9990E+03   -0.9990E+03   -0.9990E+03   -0.9990E+03   -0.9990E+03   -0.9990E+03   -0.9990E+03   -0.9990E+03   -0.9990E+03   -0.9990E+03   -0.9990E+03   -0.9990E+03   -0.9990E+03   -0.9990E+03   -0.9990E+03   -0.9990E+03   -0.9990E+03   -0.9990E+03   -0.9990E+03   -0.9990E+03   -0.9990E+03    0.6961E+02   -0.9990E+03   -0.9990E+03   -0.9990E+03   -0.9990E+03    0.7805E+02    0.7943E+02    0.8099E+02    0.8290E+02    0.8548E+02    0.8817E+02    0.8980E+02    0.9085E+02    0.9000E+02    0.8744E+02    0.8458E+02    0.8208E+02    0.7911E+02    0.7723E+02    0.7531E+02    0.7260E+02    0.7091E+02    0.6981E+02    0.7036E+02   -0.9990E+03   -0.9990E+03   -0.9990E+03   -0.9990E+03   -0.9990E+03   -0.9990E+03   -0.9990E+03   -0.9990E+03   -0.9990E+03   -0.9990E+03   -0.9990E+03   -0.9990E+03   -0.9990E+03   -0.9990E+03   -0.9990E+03   -0.9990E+03   -0.9990E+03   -0.9990E+03   -0.9990E+03
   -0.9990E+03   -0.9990E+03   -0.9990E+03   -0.9990E+03   -0.9990E+03   -0.9990E+03   -0.9990E+03   -0.9990E+03   -0.9990E+03   -0.9990E+03   -0.9990E+03   -0.9990E+03   -0.9990E+03   -0.9990E+03   -0.9990E+03   -0.9990E+03   -0.9990E+03   -0.9990E+03   -0.9990E+03   -0.9990E+03   -0.9990E+03   -0.9990E+03   -0.9990E+03   -0.9990E+03   -0.9990E+03   -0.9990E+03   -0.9990E+03   -0.9990E+03    0.5379E+02   -0.9990E+03   -0.9990E+03   -0.9990E+03   -0.9990E+03    0.7089E+02    0.7174E+02    0.7453E+02   -0.9990E+03    0.7538E+02    0.7651E+02    0.7783E+02    0.7966E+02    0.8229E+02    0.8408E+02    0.8663E+02    0.9055E+02    0.9414E+02    0.9017E+02    0.8699E+02    0.8470E+02    0.8236E+02    0.7909E+02    0.7649E+02    0.7486E+02    0.7263E+02    0.7043E+02    0.6811E+02   -0.9990E+03   -0.9990E+03   -0.9990E+03   -0.9990E+03   -0.9990E+03   -0.9990E+03   -0.9990E+03   -0.9990E+03   -0.9990E+03   -0.9990E+03   -0.9990E+03   -0.9990E+03   -0.9990E+03   -0.9990E+03   -0.9990E+03   -0.9990E+03   -0.9990E+03   -0.9990E+03   -0.9990E+03   -0.9990E+03
   -0.9990E+03   -0.9990E+03   -0.9990E+03   -0.9990E+03   -0.9990E+03   -0.9990E+03   -0.9990E+03   -0.9990E+03   -0.9990E+03   -0.9990E+03   -0.9990E+03   -0.9990E+03   -0.9990E+03   -0.9990E+03   -0.9990E+03   -0.9990E+03   -0.9990E+03   -0.9990E+03   -0.9990E+03   -0.9990E+03   -0.9990E+03   -0.9990E+03   -0.9990E+03   -0.9990E+03   -0.9990E+03   -0.9990E+03   -0.9990E+03   -0.9990E+03    0.5115E+02   -0.9990E+03   -0.9990E+03   -0.9990E+03   -0.9990E+03   -0.9990E+03    0.6725E+02    0.7018E+02    0.7200E+02    0.7320E+02    0.7449E+02    0.7570E+02    0.7771E+02    0.7955E+02    0.8180E+02    0.8516E+02    0.8828E+02    0.8967E+02    0.8866E+02    0.8651E+02    0.8356E+02    0.8171E+02    0.7918E+02    0.7739E+02    0.7507E+02    0.7317E+02    0.7099E+02    0.6980E+02   -0.9990E+03   -0.9990E+03   -0.9990E+03   -0.9990E+03   -0.9990E+03   -0.9990E+03   -0.9990E+03   -0.9990E+03   -0.9990E+03   -0.9990E+03   -0.9990E+03   -0.9990E+03   -0.9990E+03   -0.9990E+03   -0.9990E+03   -0.9990E+03   -0.9990E+03   -0.9990E+03   -0.9990E+03   -0.9990E+03
   -0.9990E+03   -0.9990E+03   -0.9990E+03   -0.9990E+03   -0.9990E+03   -0.9990E+03   -0.9990E+03   -0.9990E+03   -0.9990E+03   -0.9990E+03   -0.9990E+03   -0.9990E+03   -0.9990E+03   -0.9990E+03   -0.9990E+03   -0.9990E+03   -0.9990E+03   -0.9990E+03   -0.9990E+03   -0.9990E+03   -0.9990E+03   -0.9990E+03   -0.9990E+03   -0.9990E+03   -0.9990E+03   -0.9990E+03   -0.9990E+03   -0.9990E+03   -0.9990E+03   -0.9990E+03   -0.9990E+03   -0.9990E+03   -0.9990E+03    0.6009E+02    0.6299E+02    0.6599E+02    0.6780E+02    0.6903E+02    0.7101E+02    0.7318E+02    0.7499E+02    0.7672E+02    0.7963E+02    0.8254E+02    0.8474E+02    0.8595E+02    0.8591E+02    0.8491E+02    0.8323E+02    0.8083E+02    0.7886E+02    0.7679E+02    0.7519E+02    0.7267E+02   -0.9990E+03   -0.9990E+03   -0.9990E+03   -0.9990E+03   -0.9990E+03   -0.9990E+03   -0.9990E+03   -0.9990E+03   -0.9990E+03   -0.9990E+03   -0.9990E+03   -0.9990E+03   -0.9990E+03   -0.9990E+03   -0.9990E+03   -0.9990E+03   -0.9990E+03   -0.9990E+03   -0.9990E+03   -0.9990E+03   -0.9990E+03   -0.9990E+03
   -0.9990E+03   -0.9990E+03   -0.9990E+03   -0.9990E+03   -0.9990E+03   -0.9990E+03   -0.9990E+03   -0.9990E+03   -0.9990E+03   -0.9990E+03   -0.9990E+03   -0.9990E+03   -0.9990E+03   -0.9990E+03   -0.9990E+03   -0.9990E+03   -0.9990E+03   -0.9990E+03   -0.9990E+03   -0.9990E+03   -0.9990E+03   -0.9990E+03   -0.9990E+03   -0.9990E+03   -0.9990E+03   -0.9990E+03   -0.9990E+03   -0.9990E+03   -0.9990E+03   -0.9990E+03   -0.9990E+03   -0.9990E+03   -0.9990E+03    0.5625E+02    0.5889E+02    0.6149E+02    0.6344E+02    0.6528E+02    0.6737E+02    0.7012E+02    0.7203E+02    0.7375E+02    0.7681E+02    0.7923E+02    0.8113E+02    0.8231E+02    0.8314E+02    0.8322E+02    0.8187E+02    0.7993E+02    0.7859E+02    0.7576E+02    0.7447E+02   -0.9990E+03   -0.9990E+03   -0.9990E+03   -0.9990E+03   -0.9990E+03   -0.9990E+03   -0.9990E+03   -0.9990E+03   -0.9990E+03   -0.9990E+03   -0.9990E+03   -0.9990E+03   -0.9990E+03   -0.9990E+03   -0.9990E+03   -0.9990E+03   -0.9990E+03   -0.9990E+03   -0.9990E+03   -0.9990E+03   -0.9990E+03   -0.9990E+03   -0.9990E+03
   -0.9990E+03   -0.9990E+03   -0.9990E+03   -0.9990E+03   -0.9990E+03   -0.9990E+03   -0.9990E+03   -0.9990E+03   -0.9990E+03   -0.9990E+03   -0.9990E+03   -0.9990E+03   -0.9990E+03   -0.9990E+03   -0.9990E+03   -0.9990E+03   -0.9990E+03   -0.9990E+03   -0.9990E+03   -0.9990E+03   -0.9990E+03   -0.9990E+03   -0.9990E+03   -0.9990E+03   -0.9990E+03   -0.9990E+03   -0.9990E+03   -0.9990E+03   -0.9990E+03   -0.9990E+03   -0.9990E+03   -0.9990E+03   -0.9990E+03    0.5227E+02    0.5466E+02    0.5698E+02    0.5905E+02    0.6149E+02    0.6449E+02    0.6672E+02    0.6923E+02    0.7127E+02    0.7430E+02    0.7623E+02    0.7792E+02    0.7932E+02    0.8092E+02    0.7992E+02    0.7835E+02    0.7816E+02    0.7586E+02   -0.9990E+03   -0.9990E+03   -0.9990E+03   -0.9990E+03   -0.9990E+03   -0.9990E+03   -0.9990E+03   -0.9990E+03   -0.9990E+03   -0.9990E+03   -0.9990E+03   -0.9990E+03   -0.9990E+03   -0.9990E+03   -0.9990E+03   -0.9990E+03   -0.9990E+03   -0.9990E+03   -0.9990E+03   -0.9990E+03   -0.9990E+03   -0.9990E+03   -0.9990E+03   -0.9990E+03   -0.9990E+03
   -0.9990E+03   -0.9990E+03   -0.9990E+03   -0.9990E+03   -0.9990E+03   -0.9990E+03   -0.9990E+03   -0.9990E+03   -0.9990E+03   -0.9990E+03   -0.9990E+03   -0.9990E+03   -0.9990E+03   -0.9990E+03   -0.9990E+03   -0.9990E+03   -0.9990E+03   -0.9990E+03   -0.9990E+03   -0.9990E+03   -0.9990E+03   -0.9990E+03   -0.9990E+03   -0.9990E+03   -0.9990E+03   -0.9990E+03   -0.9990E+03   -0.9990E+03   -0.9990E+03   -0.9990E+03   -0.9990E+03   -0.9990E+03   -0.9990E+03    0.4804E+02    0.5010E+02    0.5250E+02    0.5485E+02    0.5765E+02    0.6049E+02    0.6321E+02    0.6594E+02    0.6811E+02    0.7037E+02    0.7219E+02    0.7518E+02    0.7752E+02    0.7627E+02    0.7655E+02    0.7692E+02    0.7618E+02    0.7636E+02    0.7490E+02   -0.9990E+03   -0.9990E+03   -0.9990E+03   -0.9990E+03   -0.9990E+03   -0.9990E+03   -0.9990E+03   -0.9990E+03   -0.9990E+03   -0.9990E+03   -0.9990E+03   -0.9990E+03   -0.9990E+03   -0.9990E+03   -0.9990E+03   -0.9990E+03   -0.9990E+03   -0.9990E+03   -0.9990E+03   -0.9990E+03   -0.9990E+03   -0.9990E+03   -0.9990E+03   -0.9990E+03
   -0.9990E+03   -0.9990E+03   -0.9990E+03   -0.9990E+03   -0.9990E+03   -0.9990E+03   -0.9990E+03   -0.9990E+03   -0.9990E+03   -0.9990E+03   -0.9990E+03   -0.9990E+03   -0.9990E+03   -0.9990E+03   -0.9990E+03   -0.9990E+03   -0.9990E+03   -0.9990E+03   -0.9990E+03   -0.9990E+03   -0.9990E+03   -0.9990E+03   -0.9990E+03   -0.9990E+03   -0.9990E+03   -0.9990E+03   -0.9990E+03   -0.9990E+03   -0.9990E+03   -0.9990E+03   -0.9990E+03    0.6865E+02    0.4235E+02    0.4386E+02    0.4576E+02    0.4773E+02    0.5040E+02    0.5304E+02    0.5612E+02    0.5955E+02    0.6130E+02    0.6441E+02    0.6798E+02    0.7014E+02    0.7230E+02    0.7358E+02    0.7496E+02    0.7589E+02    0.7658E+02    0.7628E+02    0.7555E+02    0.7498E+02   -0.9990E+03   -0.9990E+03   -0.9990E+03   -0.9990E+03   -0.9990E+03   -0.9990E+03   -0.9990E+03   -0.9990E+03   -0.9990E+03   -0.9990E+03   -0.9990E+03   -0.9990E+03   -0.9990E+03   -0.9990E+03   -0.9990E+03   -0.9990E+03   -0.9990E+03   -0.9990E+03   -0.9990E+03   -0.9990E+03   -0.9990E+03   -0.9990E+03   -0.9990E+03   -0.9990E+03
   -0.9990E+03   -0.9990E+03   -0.9990E+03   -0.9990E+03   -0.9990E+03   -0.9990E+03   -0.9990E+03   -0.9990E+03   -0.9990E+03   -0.9990E+03   -0.9990E+03   -0.9990E+03   -0.9990E+03   -0.9990E+03   -0.9990E+03   -0.9990E+03   -0.9990E+03   -0.9990E+03   -0.9990E+03   -0.9990E+03   -0.9990E+03   -0.9990E+03   -0.9990E+03   -0.9990E+03   -0.9990E+03   -0.9990E+03   -0.9990E+03   -0.9990E+03   -0.9990E+03   -0.9990E+03   -0.9990E+03   -0.9990E+03    0.6525E+02    0.3987E+02    0.4111E+02    0.4307E+02    0.4554E+02    0.4872E+02    0.5224E+02    0.5528E+02    0.5877E+02    0.6087E+02    0.6452E+02    0.6819E+02    0.6916E+02    0.7012E+02    0.7171E+02    0.7367E+02    0.7489E+02    0.7394E+02    0.7478E+02    0.7479E+02   -0.9990E+03   -0.9990E+03   -0.9990E+03   -0.9990E+03   -0.9990E+03   -0.9990E+03   -0.9990E+03   -0.9990E+03   -0.9990E+03   -0.9990E+03   -0.9990E+03   -0.9990E+03   -0.9990E+03   -0.9990E+03   -0.9990E+03   -0.9990E+03   -0.9990E+03   -0.9990E+03   -0.9990E+03   -0.9990E+03   -0.9990E+03   -0.9990E+03   -0.9990E+03   -0.9990E+03
   -0.9990E+03   -0.9990E+03   -0.9990E+03   -0.9990E+03   -0.9990E+03   -0.9990E+03   -0.9990E+03   -0.9990E+03   -0.9990E+03   -0.9990E+03   -0.9990E+03   -0.9990E+03   -0.9990E+03   -0.9990E+03   -0.9990E+03   -0.9990E+03   -0.9990E+03   -0.9990E+03   -0.9990E+03   -0.9990E+03   -0.9990E+03   -0.9990E+03   -0.9990E+03   -0.9990E+03   -0.9990E+03   -0.9990E+03   -0.9990E+03   -0.9990E+03   -0.9990E+03   -0.9990E+03   -0.9990E+03   -0.9990E+03    0.5679E+02    0.3543E+02    0.3635E+02    0.3818E+02    0.4080E+02    0.4411E+02    0.4842E+02    0.5165E+02    0.5461E+02    0.5874E+02    0.6197E+02    0.6547E+02    0.6654E+02    0.6934E+02    0.7099E+02    0.7255E+02    0.7261E+02    0.7328E+02    0.7361E+02   -0.9990E+03   -0.9990E+03   -0.9990E+03   -0.9990E+03   -0.9990E+03   -0.9990E+03   -0.9990E+03   -0.9990E+03   -0.9990E+03   -0.9990E+03   -0.9990E+03   -0.9990E+03   -0.9990E+03   -0.9990E+03   -0.9990E+03   -0.9990E+03   -0.9990E+03   -0.9990E+03   -0.9990E+03   -0.9990E+03   -0.9990E+03   -0.9990E+03   -0.9990E+03   -0.9990E+03   -0.9990E+03
   -0.9990E+03   -0.9990E+03   -0.9990E+03   -0.9990E+03   -0.9990E+03   -0.9990E+03   -0.9990E+03   -0.9990E+03   -0.9990E+03   -0.9990E+03   -0.9990E+03   -0.9990E+03   -0.9990E+03   -0.9990E+03   -0.9990E+03   -0.9990E+03   -0.9990E+03   -0.9990E+03   -0.9990E+03   -0.9990E+03   -0.9990E+03   -0.9990E+03   -0.9990E+03   -0.9990E+03   -0.9990E+03   -0.9990E+03   -0.9990E+03   -0.9990E+03   -0.9990E+03   -0.9990E+03   -0.9990E+03   -0.9990E+03    0.5002E+02    0.3124E+02    0.3076E+02    0.3217E+02    0.3596E+02    0.4060E+02    0.4492E+02    0.4795E+02    0.5324E+02    0.5628E+02    0.5950E+02    0.6274E+02    0.6565E+02    0.6727E+02    0.6921E+02    0.7067E+02    0.7095E+02    0.7204E+02   -0.9990E+03   -0.9990E+03   -0.9990E+03   -0.9990E+03   -0.9990E+03   -0.9990E+03   -0.9990E+03   -0.9990E+03   -0.9990E+03   -0.9990E+03   -0.9990E+03   -0.9990E+03   -0.9990E+03   -0.9990E+03   -0.9990E+03   -0.9990E+03   -0.9990E+03   -0.9990E+03   -0.9990E+03   -0.9990E+03   -0.9990E+03   -0.9990E+03   -0.9990E+03   -0.9990E+03   -0.9990E+03   -0.9990E+03
   -0.9990E+03   -0.9990E+03   -0.9990E+03   -0.9990E+03   -0.9990E+03   -0.9990E+03   -0.9990E+03   -0.9990E+03   -0.9990E+03   -0.9990E+03   -0.9990E+03   -0.9990E+03   -0.9990E+03   -0.9990E+03   -0.9990E+03   -0.9990E+03   -0.9990E+03   -0.9990E+03   -0.9990E+03   -0.9990E+03   -0.9990E+03   -0.9990E+03   -0.9990E+03   -0.9990E+03   -0.9990E+03   -0.9990E+03   -0.9990E+03   -0.9990E+03   -0.9990E+03   -0.9990E+03   -0.9990E+03   -0.9990E+03   -0.9990E+03    0.4892E+02    0.2841E+02    0.2643E+02    0.3252E+02    0.3743E+02    0.4151E+02    0.4638E+02    0.5084E+02    0.5453E+02    0.5722E+02    0.6044E+02    0.6395E+02    0.6594E+02    0.6779E+02    0.6899E+02    0.6980E+02    0.7064E+02   -0.9990E+03   -0.9990E+03   -0.9990E+03   -0.9990E+03   -0.9990E+03   -0.9990E+03   -0.9990E+03   -0.9990E+03   -0.9990E+03   -0.9990E+03   -0.9990E+03   -0.9990E+03   -0.9990E+03   -0.9990E+03   -0.9990E+03   -0.9990E+03   -0.9990E+03   -0.9990E+03   -0.9990E+03   -0.9990E+03   -0.9990E+03   -0.9990E+03   -0.9990E+03   -0.9990E+03   -0.9990E+03   -0.9990E+03
   -0.9990E+03   -0.9990E+03   -0.9990E+03   -0.9990E+03   -0.9990E+03   -0.9990E+03   -0.9990E+03   -0.9990E+03   -0.9990E+03   -0.9990E+03   -0.9990E+03   -0.9990E+03   -0.9990E+03   -0.9990E+03   -0.9990E+03   -0.9990E+03   -0.9990E+03   -0.9990E+03   -0.9990E+03   -0.9990E+03   -0.9990E+03   -0.9990E+03   -0.9990E+03   -0.9990E+03   -0.9990E+03   -0.9990E+03   -0.9990E+03   -0.9990E+03   -0.9990E+03   -0.9990E+03   -0.9990E+03   -0.9990E+03    0.2863E+02    0.2820E+02    0.4099E+02    0.2843E+02    0.3224E+02    0.3622E+02    0.4079E+02    0.4522E+02    0.4914E+02    0.5317E+02    0.5548E+02    0.5885E+02    0.6199E+02    0.6497E+02    0.6674E+02    0.6806E+02    0.6935E+02    0.6971E+02   -0.9990E+03   -0.9990E+03   -0.9990E+03   -0.9990E+03   -0.9990E+03   -0.9990E+03   -0.9990E+03   -0.9990E+03   -0.9990E+03   -0.9990E+03   -0.9990E+03   -0.9990E+03   -0.9990E+03   -0.9990E+03   -0.9990E+03   -0.9990E+03   -0.9990E+03   -0.9990E+03   -0.9990E+03   -0.9990E+03   -0.9990E+03   -0.9990E+03   -0.9990E+03   -0.9990E+03   -0.9990E+03   -0.9990E+03
   -0.9990E+03   -0.9990E+03   -0.9990E+03   -0.9990E+03   -0.9990E+03   -0.9990E+03   -0.9990E+03   -0.9990E+03   -0.9990E+03   -0.9990E+03   -0.9990E+03   -0.9990E+03   -0.9990E+03   -0.9990E+03   -0.9990E+03   -0.9990E+03   -0.9990E+03   -0.9990E+03   -0.9990E+03   -0.9990E+03   -0.9990E+03   -0.9990E+03   -0.9990E+03   -0.9990E+03   -0.9990E+03   -0.9990E+03   -0.9990E+03   -0.9990E+03   -0.9990E+03   -0.9990E+03   -0.9990E+03   -0.9990E+03    0.2811E+02    0.2746E+02   -0.9990E+03    0.2954E+02    0.5245E+02    0.6614E+02    0.7599E+02    0.4404E+02    0.4837E+02    0.5188E+02    0.5424E+02    0.5739E+02    0.6048E+02    0.6411E+02    0.6585E+02    0.6757E+02    0.6900E+02    0.6942E+02   -0.9990E+03   -0.9990E+03   -0.9990E+03   -0.9990E+03   -0.9990E+03   -0.9990E+03   -0.9990E+03   -0.9990E+03   -0.9990E+03   -0.9990E+03   -0.9990E+03   -0.9990E+03   -0.9990E+03   -0.9990E+03   -0.9990E+03   -0.9990E+03   -0.9990E+03   -0.9990E+03   -0.9990E+03   -0.9990E+03   -0.9990E+03   -0.9990E+03   -0.9990E+03   -0.9990E+03   -0.9990E+03   -0.9990E+03
   -0.9990E+03   -0.9990E+03   -0.9990E+03   -0.9990E+03   -0.9990E+03   -0.9990E+03   -0.9990E+03   -0.9990E+03   -0.9990E+03   -0.9990E+03   -0.9990E+03   -0.9990E+03   -0.9990E+03   -0.9990E+03   -0.9990E+03   -0.9990E+03   -0.9990E+03   -0.9990E+03   -0.9990E+03   -0.9990E+03   -0.9990E+03   -0.9990E+03   -0.9990E+03   -0.9990E+03   -0.9990E+03   -0.9990E+03   -0.9990E+03   -0.9990E+03   -0.9990E+03   -0.9990E+03   -0.9990E+03   -0.9990E+03    0.4729E+02    0.4852E+02   -0.9990E+03   -0.9990E+03    0.4881E+02    0.7502E+02    0.6569E+02    0.4411E+02    0.4771E+02    0.5057E+02    0.5335E+02    0.5678E+02    0.5974E+02    0.6295E+02    0.6528E+02    0.6702E+02    0.6808E+02    0.6871E+02   -0.9990E+03   -0.9990E+03   -0.9990E+03   -0.9990E+03   -0.9990E+03   -0.9990E+03   -0.9990E+03   -0.9990E+03   -0.9990E+03   -0.9990E+03   -0.9990E+03   -0.9990E+03   -0.9990E+03   -0.9990E+03   -0.9990E+03   -0.9990E+03   -0.9990E+03   -0.9990E+03   -0.9990E+03   -0.9990E+03   -0.9990E+03   -0.9990E+03   -0.9990E+03   -0.9990E+03   -0.9990E+03   -0.9990E+03
   -0.9990E+03   -0.9990E+03   -0.9990E+03   -0.9990E+03   -0.9990E+03   -0.9990E+03   -0.9990E+03   -0.9990E+03   -0.9990E+03   -0.9990E+03   -0.9990E+03   -0.9990E+03   -0.9990E+03   -0.9990E+03   -0.9990E+03   -0.9990E+03   -0.9990E+03   -0.9990E+03   -0.9990E+03   -0.9990E+03   -0.9990E+03   -0.9990E+03   -0.9990E+03   -0.9990E+03   -0.9990E+03   -0.9990E+03   -0.9990E+03   -0.9990E+03   -0.9990E+03   -0.9990E+03   -0.9990E+03   -0.9990E+03   -0.9990E+03   -0.9990E+03   -0.9990E+03    0.3220E+02    0.3576E+02    0.6482E+02    0.7524E+02    0.4410E+02    0.4662E+02    0.4995E+02    0.5310E+02    0.5625E+02    0.5917E+02    0.6173E+02    0.6522E+02    0.6663E+02    0.6773E+02    0.6878E+02    0.6949E+02   -0.9990E+03   -0.9990E+03   -0.9990E+03   -0.9990E+03   -0.9990E+03   -0.9990E+03   -0.9990E+03   -0.9990E+03   -0.9990E+03   -0.9990E+03   -0.9990E+03   -0.9990E+03   -0.9990E+03   -0.9990E+03   -0.9990E+03   -0.9990E+03   -0.9990E+03   -0.9990E+03   -0.9990E+03   -0.9990E+03   -0.9990E+03   -0.9990E+03   -0.9990E+03   -0.9990E+03   -0.9990E+03
   -0.9990E+03   -0.9990E+03   -0.9990E+03   -0.9990E+03   -0.9990E+03   -0.9990E+03   -0.9990E+03   -0.9990E+03   -0.9990E+03   -0.9990E+03   -0.9990E+03   -0.9990E+03   -0.9990E+03   -0.9990E+03   -0.9990E+03   -0.9990E+03   -0.9990E+03   -0.9990E+03   -0.9990E+03   -0.9990E+03   -0.9990E+03   -0.9990E+03   -0.9990E+03   -0.9990E+03   -0.9990E+03   -0.9990E+03   -0.9990E+03   -0.9990E+03   -0.9990E+03   -0.9990E+03   -0.9990E+03   -0.9990E+03   -0.9990E+03   -0.9990E+03   -0.9990E+03    0.4008E+02   -0.9990E+03    0.7542E+02    0.1093E+03    0.9281E+02    0.4640E+02    0.4968E+02    0.5301E+02    0.5583E+02    0.5877E+02    0.6117E+02    0.6460E+02    0.6591E+02    0.6734E+02    0.6885E+02    0.6901E+02   -0.9990E+03   -0.9990E+03   -0.9990E+03   -0.9990E+03   -0.9990E+03   -0.9990E+03   -0.9990E+03   -0.9990E+03   -0.9990E+03   -0.9990E+03   -0.9990E+03   -0.9990E+03   -0.9990E+03   -0.9990E+03   -0.9990E+03   -0.9990E+03   -0.9990E+03   -0.9990E+03   -0.9990E+03   -0.9990E+03   -0.9990E+03   -0.9990E+03   -0.9990E+03   -0.9990E+03   -0.9990E+03
   -0.9990E+03   -0.9990E+03   -0.9990E+03   -0.9990E+03   -0.9990E+03   -0.9990E+03   -0.9990E+03   -0.9990E+03   -0.9990E+03   -0.9990E+03   -0.9990E+03   -0.9990E+03   -0.9990E+03   -0.9990E+03   -0.9990E+03   -0.9990E+03   -0.9990E+03   -0.9990E+03   -0.9990E+03   -0.9990E+03   -0.9990E+03   -0.9990E+03   -0.9990E+03   -0.9990E+03   -0.9990E+03   -0.9990E+03   -0.9990E+03   -0.9990E+03   -0.9990E+03   -0.9990E+03   -0.9990E+03   -0.9990E+03   -0.9990E+03   -0.9990E+03   -0.9990E+03    0.3345E+02    0.4749E+02    0.6783E+02    0.9471E+02    0.9508E+02    0.4660E+02    0.4976E+02    0.5283E+02    0.5565E+02    0.5850E+02    0.6095E+02    0.6444E+02    0.6583E+02    0.6712E+02    0.6833E+02    0.6899E+02    0.6971E+02   -0.9990E+03   -0.9990E+03   -0.9990E+03   -0.9990E+03   -0.9990E+03   -0.9990E+03   -0.9990E+03   -0.9990E+03   -0.9990E+03   -0.9990E+03   -0.9990E+03   -0.9990E+03   -0.9990E+03   -0.9990E+03   -0.9990E+03   -0.9990E+03   -0.9990E+03   -0.9990E+03   -0.9990E+03   -0.9990E+03   -0.9990E+03   -0.9990E+03   -0.9990E+03   -0.9990E+03
   -0.9990E+03   -0.9990E+03   -0.9990E+03   -0.9990E+03   -0.9990E+03   -0.9990E+03   -0.9990E+03   -0.9990E+03   -0.9990E+03   -0.9990E+03   -0.9990E+03   -0.9990E+03   -0.9990E+03   -0.9990E+03   -0.9990E+03   -0.9990E+03   -0.9990E+03   -0.9990E+03   -0.9990E+03   -0.9990E+03   -0.9990E+03   -0.9990E+03   -0.9990E+03   -0.9990E+03   -0.9990E+03   -0.9990E+03   -0.9990E+03   -0.9990E+03   -0.9990E+03   -0.9990E+03   -0.9990E+03   -0.9990E+03   -0.9990E+03   -0.9990E+03    0.5422E+00    0.5244E+02    0.7041E+02    0.7632E+02    0.8859E+02    0.4351E+02    0.4695E+02    0.4984E+02    0.5275E+02    0.5560E+02    0.5838E+02    0.6082E+02    0.6473E+02    0.6530E+02    0.6677E+02    0.6727E+02    0.6906E+02    0.6992E+02   -0.9990E+03   -0.9990E+03   -0.9990E+03   -0.9990E+03   -0.9990E+03   -0.9990E+03   -0.9990E+03   -0.9990E+03   -0.9990E+03   -0.9990E+03   -0.9990E+03   -0.9990E+03   -0.9990E+03   -0.9990E+03   -0.9990E+03   -0.9990E+03   -0.9990E+03   -0.9990E+03   -0.9990E+03   -0.9990E+03   -0.9990E+03   -0.9990E+03   -0.9990E+03   -0.9990E+03
   -0.9990E+03   -0.9990E+03   -0.9990E+03   -0.9990E+03   -0.9990E+03   -0.9990E+03   -0.9990E+03   -0.9990E+03   -0.9990E+03   -0.9990E+03   -0.9990E+03   -0.9990E+03   -0.9990E+03   -0.9990E+03   -0.9990E+03   -0.9990E+03   -0.9990E+03   -0.9990E+03   -0.9990E+03   -0.9990E+03   -0.9990E+03   -0.9990E+03   -0.9990E+03   -0.9990E+03   -0.9990E+03   -0.9990E+03   -0.9990E+03   -0.9990E+03   -0.9990E+03   -0.9990E+03   -0.9990E+03   -0.9990E+03   -0.9990E+03   -0.9990E+03    0.4650E+02    0.6898E+02    0.3518E+02    0.3819E+02    0.9009E+02    0.4375E+02    0.4694E+02    0.5001E+02    0.5296E+02    0.5562E+02    0.5835E+02    0.6085E+02    0.6428E+02    0.6486E+02    0.6598E+02    0.6698E+02    0.6859E+02    0.6931E+02   -0.9990E+03   -0.9990E+03   -0.9990E+03   -0.9990E+03   -0.9990E+03   -0.9990E+03   -0.9990E+03   -0.9990E+03   -0.9990E+03   -0.9990E+03   -0.9990E+03   -0.9990E+03   -0.9990E+03   -0.9990E+03   -0.9990E+03   -0.9990E+03   -0.9990E+03   -0.9990E+03   -0.9990E+03   -0.9990E+03   -0.9990E+03   -0.9990E+03   -0.9990E+03   -0.9990E+03
   -0.9990E+03   -0.9990E+03   -0.9990E+03   -0.9990E+03   -0.9990E+03   -0.9990E+03   -0.9990E+03   -0.9990E+03   -0.9990E+03   -0.9990E+03   -0.9990E+03   -0.9990E+03   -0.9990E+03   -0.9990E+03   -0.9990E+03   -0.9990E+03   -0.9990E+03   -0.9990E+03   -0.9990E+03   -0.9990E+03   -0.9990E+03   -0.9990E+03   -0.9990E+03   -0.9990E+03   -0.9990E+03   -0.9990E+03   -0.9990E+03   -0.9990E+03   -0.9990E+03   -0.9990E+03   -0.9990E+03   -0.9990E+03   -0.9990E+03   -0.9990E+03    0.3442E+02    0.3341E+02    0.3539E+02    0.3933E+02    0.4120E+02    0.4442E+02    0.4731E+02    0.5030E+02    0.5321E+02    0.5577E+02    0.5837E+02    0.6175E+02    0.6347E+02    0.6422E+02    0.6582E+02    0.6669E+02    0.6741E+02   -0.9990E+03   -0.9990E+03   -0.9990E+03   -0.9990E+03   -0.9990E+03   -0.9990E+03   -0.9990E+03   -0.9990E+03   -0.9990E+03   -0.9990E+03   -0.9990E+03   -0.9990E+03   -0.9990E+03   -0.9990E+03   -0.9990E+03   -0.9990E+03   -0.9990E+03   -0.9990E+03   -0.9990E+03   -0.9990E+03   -0.9990E+03   -0.9990E+03   -0.9990E+03   -0.9990E+03   -0.9990E+03
   -0.9990E+03   -0.9990E+03   -0.9990E+03   -0.9990E+03   -0.9990E+03   -0.9990E+03   -0.9990E+03   -0.9990E+03   -0.9990E+03   -0.9990E+03   -0.9990E+03   -0.9990E+03   -0.9990E+03   -0.9990E+03   -0.9990E+03   -0.9990E+03   -0.9990E+03   -0.9990E+03   -0.9990E+03   -0.9990E+03   -0.9990E+03   -0.9990E+03   -0.9990E+03   -0.9990E+03   -0.9990E+03   -0.9990E+03   -0.9990E+03   -0.9990E+03   -0.9990E+03   -0.9990E+03   -0.9990E+03   -0.9990E+03   -0.9990E+03   -0.9990E+03    0.3370E+02    0.3221E+02    0.3632E+02    0.4020E+02    0.4200E+02    0.4509E+02    0.4782E+02    0.5050E+02    0.5357E+02    0.5578E+02    0.5831E+02    0.6448E+02    0.6195E+02    0.6405E+02    0.6527E+02    0.6620E+02    0.6726E+02    0.6861E+02   -0.9990E+03   -0.9990E+03   -0.9990E+03   -0.9990E+03   -0.9990E+03   -0.9990E+03   -0.9990E+03   -0.9990E+03   -0.9990E+03   -0.9990E+03   -0.9990E+03   -0.9990E+03   -0.9990E+03   -0.9990E+03   -0.9990E+03   -0.9990E+03   -0.9990E+03   -0.9990E+03   -0.9990E+03   -0.9990E+03   -0.9990E+03   -0.9990E+03   -0.9990E+03   -0.9990E+03
   -0.9990E+03   -0.9990E+03   -0.9990E+03   -0.9990E+03   -0.9990E+03   -0.9990E+03   -0.9990E+03   -0.9990E+03   -0.9990E+03   -0.9990E+03   -0.9990E+03   -0.9990E+03   -0.9990E+03   -0.9990E+03   -0.9990E+03   -0.9990E+03   -0.9990E+03   -0.9990E+03   -0.9990E+03   -0.9990E+03   -0.9990E+03   -0.9990E+03   -0.9990E+03   -0.9990E+03   -0.9990E+03   -0.9990E+03   -0.9990E+03   -0.9990E+03   -0.9990E+03   -0.9990E+03   -0.9990E+03   -0.9990E+03   -0.9990E+03    0.3582E+02    0.3606E+02    0.3579E+02    0.3871E+02    0.4062E+02    0.4338E+02    0.4614E+02    0.4843E+02    0.5141E+02    0.5310E+02    0.5543E+02    0.5858E+02    0.6147E+02    0.6131E+02    0.6302E+02    0.6465E+02    0.6563E+02    0.6679E+02   -0.9990E+03   -0.9990E+03   -0.9990E+03   -0.9990E+03   -0.9990E+03   -0.9990E+03   -0.9990E+03   -0.9990E+03   -0.9990E+03   -0.9990E+03   -0.9990E+03   -0.9990E+03   -0.9990E+03   -0.9990E+03   -0.9990E+03   -0.9990E+03   -0.9990E+03   -0.9990E+03   -0.9990E+03   -0.9990E+03   -0.9990E+03   -0.9990E+03   -0.9990E+03   -0.9990E+03   -0.9990E+03
   -0.9990E+03   -0.9990E+03   -0.9990E+03   -0.9990E+03   -0.9990E+03   -0.9990E+03   -0.9990E+03   -0.9990E+03   -0.9990E+03   -0.9990E+03   -0.9990E+03   -0.9990E+03   -0.9990E+03   -0.9990E+03   -0.9990E+03   -0.9990E+03   -0.9990E+03   -0.9990E+03   -0.9990E+03   -0.9990E+03   -0.9990E+03   -0.9990E+03   -0.9990E+03   -0.9990E+03   -0.9990E+03   -0.9990E+03   -0.9990E+03   -0.9990E+03   -0.9990E+03   -0.9990E+03   -0.9990E+03    0.3855E+02    0.6701E+02    0.3891E+02    0.3922E+02    0.3933E+02    0.4079E+02    0.4259E+02    0.4526E+02    0.1014E+03    0.1056E+03    0.5230E+02    0.5275E+02    0.5514E+02    0.5934E+02    0.5875E+02    0.6083E+02    0.6315E+02    0.6393E+02    0.6474E+02   -0.9990E+03   -0.9990E+03   -0.9990E+03   -0.9990E+03   -0.9990E+03   -0.9990E+03   -0.9990E+03   -0.9990E+03   -0.9990E+03   -0.9990E+03   -0.9990E+03   -0.9990E+03   -0.9990E+03   -0.9990E+03   -0.9990E+03   -0.9990E+03   -0.9990E+03   -0.9990E+03   -0.9990E+03   -0.9990E+03   -0.9990E+03   -0.9990E+03   -0.9990E+03   -0.9990E+03   -0.9990E+03   -0.9990E+03
   -0.9990E+03   -0.9990E+03   -0.9990E+03   -0.9990E+03   -0.9990E+03   -0.9990E+03   -0.9990E+03   -0.9990E+03   -0.9990E+03   -0.9990E+03   -0.9990E+03   -0.9990E+03   -0.9990E+03   -0.9990E+03   -0.9990E+03   -0.9990E+03   -0.9990E+03   -0.9990E+03   -0.9990E+03   -0.9990E+03   -0.9990E+03   -0.9990E+03   -0.9990E+03   -0.9990E+03   -0.9990E+03   -0.9990E+03   -0.9990E+03   -0.9990E+03   -0.9990E+03   -0.9990E+03   -0.9990E+03    0.4215E+02    0.4188E+02    0.4202E+02    0.4236E+02    0.4239E+02    0.4341E+02    0.4456E+02    0.4943E+02    0.1015E+03    0.7258E+02    0.5364E+02    0.5324E+02    0.5567E+02    0.5669E+02    0.5781E+02    0.6108E+02    0.6136E+02    0.6250E+02   -0.9990E+03   -0.9990E+03   -0.9990E+03   -0.9990E+03   -0.9990E+03   -0.9990E+03   -0.9990E+03   -0.9990E+03   -0.9990E+03   -0.9990E+03   -0.9990E+03   -0.9990E+03   -0.9990E+03   -0.9990E+03   -0.9990E+03   -0.9990E+03   -0.9990E+03   -0.9990E+03   -0.9990E+03   -0.9990E+03   -0.9990E+03   -0.9990E+03   -0.9990E+03   -0.9990E+03   -0.9990E+03   -0.9990E+03   -0.9990E+03
   -0.9990E+03   -0.9990E+03   -0.9990E+03   -0.9990E+03   -0.9990E+03   -0.9990E+03   -0.9990E+03   -0.9990E+03   -0.9990E+03   -0.9990E+03   -0.9990E+03   -0.9990E+03   -0.9990E+03   -0.9990E+03   -0.9990E+03   -0.9990E+03   -0.9990E+03   -0.9990E+03   -0.9990E+03   -0.9990E+03   -0.9990E+03   -0.9990E+03   -0.9990E+03   -0.9990E+03   -0.9990E+03   -0.9990E+03   -0.9990E+03   -0.9990E+03   -0.9990E+03   -0.9990E+03   -0.9990E+03    0.4549E+02    0.4531E+02    0.4536E+02    0.4556E+02    0.4551E+02    0.4591E+02    0.4779E+02    0.4953E+02    0.5149E+02    0.5190E+02    0.5210E+02    0.5444E+02    0.5479E+02    0.5599E+02    0.5782E+02    0.5922E+02    0.6034E+02   -0.9990E+03   -0.9990E+03   -0.9990E+03   -0.9990E+03   -0.9990E+03   -0.9990E+03   -0.9990E+03   -0.9990E+03   -0.9990E+03   -0.9990E+03   -0.9990E+03   -0.9990E+03   -0.9990E+03   -0.9990E+03   -0.9990E+03   -0.9990E+03   -0.9990E+03   -0.9990E+03   -0.9990E+03   -0.9990E+03   -0.9990E+03   -0.9990E+03   -0.9990E+03   -0.9990E+03   -0.9990E+03   -0.9990E+03   -0.9990E+03   -0.9990E+03
   -0.9990E+03   -0.9990E+03   -0.9990E+03   -0.9990E+03   -0.9990E+03   -0.9990E+03   -0.9990E+03   -0.9990E+03   -0.9990E+03   -0.9990E+03   -0.9990E+03   -0.9990E+03   -0.9990E+03   -0.9990E+03   -0.9990E+03   -0.9990E+03   -0.9990E+03   -0.9990E+03   -0.9990E+03   -0.9990E+03   -0.9990E+03   -0.9990E+03   -0.9990E+03   -0.9990E+03   -0.9990E+03   -0.9990E+03   -0.9990E+03   -0.9990E+03   -0.9990E+03   -0.9990E+03   -0.9990E+03    0.4851E+02    0.4881E+02    0.4880E+02    0.4866E+02    0.4833E+02    0.4903E+02    0.5176E+02    0.4994E+02    0.5088E+02    0.5175E+02    0.5385E+02    0.5266E+02    0.5532E+02    0.5526E+02    0.5589E+02    0.5749E+02    0.5956E+02   -0.9990E+03   -0.9990E+03   -0.9990E+03   -0.9990E+03   -0.9990E+03   -0.9990E+03   -0.9990E+03   -0.9990E+03   -0.9990E+03   -0.9990E+03   -0.9990E+03   -0.9990E+03   -0.9990E+03   -0.9990E+03   -0.9990E+03   -0.9990E+03   -0.9990E+03   -0.9990E+03   -0.9990E+03   -0.9990E+03   -0.9990E+03   -0.9990E+03   -0.9990E+03   -0.9990E+03   -0.9990E+03   -0.9990E+03   -0.9990E+03   -0.9990E+03
   -0.9990E+03   -0.9990E+03   -0.9990E+03   -0.9990E+03   -0.9990E+03   -0.9990E+03   -0.9990E+03   -0.9990E+03   -0.9990E+03   -0.9990E+03   -0.9990E+03   -0.9990E+03   -0.9990E+03   -0.9990E+03   -0.9990E+03   -0.9990E+03   -0.9990E+03   -0.9990E+03   -0.9990E+03   -0.9990E+03   -0.9990E+03   -0.9990E+03   -0.9990E+03   -0.9990E+03   -0.9990E+03   -0.9990E+03   -0.9990E+03   -0.9990E+03   -0.9990E+03   -0.9990E+03    0.9081E+02    0.5274E+02    0.5299E+02    0.5241E+02    0.5132E+02    0.5130E+02    0.5290E+02    0.5143E+02    0.5259E+02    0.5231E+02    0.5207E+02    0.5424E+02    0.5254E+02    0.5322E+02    0.5422E+02    0.5498E+02    0.5624E+02   -0.9990E+03   -0.9990E+03   -0.9990E+03   -0.9990E+03   -0.9990E+03   -0.9990E+03   -0.9990E+03   -0.9990E+03   -0.9990E+03   -0.9990E+03   -0.9990E+03   -0.9990E+03   -0.9990E+03   -0.9990E+03   -0.9990E+03   -0.9990E+03   -0.9990E+03   -0.9990E+03   -0.9990E+03   -0.9990E+03   -0.9990E+03   -0.9990E+03   -0.9990E+03   -0.9990E+03   -0.9990E+03   -0.9990E+03   -0.9990E+03   -0.9990E+03   -0.9990E+03
   -0.9990E+03   -0.9990E+03   -0.9990E+03   -0.9990E+03   -0.9990E+03   -0.9990E+03   -0.9990E+03   -0.9990E+03   -0.9990E+03   -0.9990E+03   -0.9990E+03   -0.9990E+03   -0.9990E+03   -0.9990E+03   -0.9990E+03   -0.9990E+03   -0.9990E+03   -0.9990E+03   -0.9990E+03   -0.9990E+03   -0.9990E+03   -0.9990E+03   -0.9990E+03   -0.9990E+03   -0.9990E+03   -0.9990E+03   -0.9990E+03   -0.9990E+03   -0.9990E+03   -0.9990E+03    0.5845E+02    0.5771E+02    0.5605E+02    0.5601E+02    0.5465E+02    0.5521E+02    0.5440E+02    0.5268E+02    0.5368E+02    0.5367E+02    0.5369E+02    0.5402E+02    0.5353E+02    0.5270E+02    0.5312E+02    0.5407E+02    0.5539E+02   -0.9990E+03   -0.9990E+03   -0.9990E+03   -0.9990E+03   -0.9990E+03   -0.9990E+03   -0.9990E+03   -0.9990E+03   -0.9990E+03   -0.9990E+03   -0.9990E+03   -0.9990E+03   -0.9990E+03   -0.9990E+03   -0.9990E+03   -0.9990E+03   -0.9990E+03   -0.9990E+03   -0.9990E+03   -0.9990E+03   -0.9990E+03   -0.9990E+03   -0.9990E+03   -0.9990E+03   -0.9990E+03   -0.9990E+03   -0.9990E+03   -0.9990E+03   -0.9990E+03
   -0.9990E+03   -0.9990E+03   -0.9990E+03   -0.9990E+03   -0.9990E+03   -0.9990E+03   -0.9990E+03   -0.9990E+03   -0.9990E+03   -0.9990E+03   -0.9990E+03   -0.9990E+03   -0.9990E+03   -0.9990E+03   -0.9990E+03   -0.9990E+03   -0.9990E+03   -0.9990E+03   -0.9990E+03   -0.9990E+03   -0.9990E+03   -0.9990E+03   -0.9990E+03   -0.9990E+03   -0.9990E+03   -0.9990E+03   -0.9990E+03   -0.9990E+03   -0.9990E+03   -0.9990E+03    0.6283E+02    0.6174E+02    0.6011E+02    0.5995E+02    0.5786E+02    0.5807E+02    0.5804E+02    0.5753E+02    0.5725E+02    0.5682E+02    0.5608E+02    0.5493E+02    0.5436E+02    0.5301E+02    0.5197E+02    0.5252E+02    0.5432E+02    0.5645E+02   -0.9990E+03   -0.9990E+03   -0.9990E+03   -0.9990E+03   -0.9990E+03   -0.9990E+03   -0.9990E+03   -0.9990E+03   -0.9990E+03   -0.9990E+03   -0.9990E+03   -0.9990E+03   -0.9990E+03   -0.9990E+03   -0.9990E+03   -0.9990E+03   -0.9990E+03   -0.9990E+03   -0.9990E+03   -0.9990E+03   -0.9990E+03   -0.9990E+03   -0.9990E+03   -0.9990E+03   -0.9990E+03   -0.9990E+03   -0.9990E+03   -0.9990E+03
   -0.9990E+03   -0.9990E+03   -0.9990E+03   -0.9990E+03   -0.9990E+03   -0.9990E+03   -0.9990E+03   -0.9990E+03   -0.9990E+03   -0.9990E+03   -0.9990E+03   -0.9990E+03   -0.9990E+03   -0.9990E+03   -0.9990E+03   -0.9990E+03   -0.9990E+03   -0.9990E+03   -0.9990E+03   -0.9990E+03   -0.9990E+03   -0.9990E+03   -0.9990E+03   -0.9990E+03   -0.9990E+03   -0.9990E+03   -0.9990E+03   -0.9990E+03   -0.9990E+03   -0.9990E+03   -0.9990E+03    0.6685E+02    0.6549E+02    0.6423E+02    0.6105E+02    0.6193E+02    0.6046E+02    0.6063E+02    0.6049E+02    0.6036E+02    0.5984E+02    0.5853E+02    0.5658E+02    0.5611E+02    0.5322E+02    0.5171E+02    0.5355E+02    0.5617E+02   -0.9990E+03   -0.9990E+03   -0.9990E+03   -0.9990E+03   -0.9990E+03   -0.9990E+03   -0.9990E+03   -0.9990E+03   -0.9990E+03   -0.9990E+03   -0.9990E+03   -0.9990E+03   -0.9990E+03   -0.9990E+03   -0.9990E+03   -0.9990E+03   -0.9990E+03   -0.9990E+03   -0.9990E+03   -0.9990E+03   -0.9990E+03   -0.9990E+03   -0.9990E+03   -0.9990E+03   -0.9990E+03   -0.9990E+03   -0.9990E+03   -0.9990E+03
   -0.9990E+03   -0.9990E+03   -0.9990E+03   -0.9990E+03   -0.9990E+03   -0.9990E+03   -0.9990E+03   -0.9990E+03   -0.9990E+03   -0.9990E+03   -0.9990E+03   -0.9990E+03   -0.9990E+03   -0.9990E+03   -0.9990E+03   -0.9990E+03   -0.9990E+03   -0.9990E+03   -0.9990E+03   -0.9990E+03   -0.9990E+03   -0.9990E+03   -0.9990E+03   -0.9990E+03   -0.9990E+03   -0.9990E+03   -0.9990E+03   -0.9990E+03   -0.9990E+03   -0.9990E+03   -0.9990E+03    0.1006E+03    0.7120E+02    0.6946E+02    0.6800E+02    0.6378E+02    0.6520E+02    0.6520E+02    0.6582E+02    0.6490E+02    0.6365E+02    0.6263E+02    0.5807E+02    0.5594E+02    0.5168E+02    0.4893E+02    0.5321E+02   -0.9990E+03   -0.9990E+03   -0.9990E+03   -0.9990E+03   -0.9990E+03   -0.9990E+03   -0.9990E+03   -0.9990E+03   -0.9990E+03   -0.9990E+03   -0.9990E+03   -0.9990E+03   -0.9990E+03   -0.9990E+03   -0.9990E+03   -0.9990E+03   -0.9990E+03   -0.9990E+03   -0.9990E+03   -0.9990E+03   -0.9990E+03   -0.9990E+03   -0.9990E+03   -0.9990E+03   -0.9990E+03   -0.9990E+03   -0.9990E+03   -0.9990E+03   -0.9990E+03
   -0.9990E+03   -0.9990E+03   -0.9990E+03   -0.9990E+03   -0.9990E+03   -0.9990E+03   -0.9990E+03   -0.9990E+03   -0.9990E+03   -0.9990E+03   -0.9990E+03   -0.9990E+03   -0.9990E+03   -0.9990E+03   -0.9990E+03   -0.9990E+03   -0.9990E+03   -0.9990E+03   -0.9990E+03   -0.9990E+03   -0.9990E+03   -0.9990E+03   -0.9990E+03   -0.9990E+03   -0.9990E+03   -0.9990E+03   -0.9990E+03   -0.9990E+03   -0.9990E+03   -0.9990E+03   -0.9990E+03   -0.9990E+03    0.7753E+02    0.7660E+02    0.7600E+02    0.7180E+02    0.7172E+02    0.7109E+02    0.7148E+02    0.7038E+02    0.6739E+02    0.6509E+02   -0.9990E+03   -0.9990E+03   -0.9990E+03   -0.9990E+03   -0.9990E+03   -0.9990E+03   -0.9990E+03   -0.9990E+03   -0.9990E+03   -0.9990E+03   -0.9990E+03   -0.9990E+03   -0.9990E+03   -0.9990E+03   -0.9990E+03   -0.9990E+03   -0.9990E+03   -0.9990E+03   -0.9990E+03   -0.9990E+03   -0.9990E+03   -0.9990E+03   -0.9990E+03   -0.9990E+03   -0.9990E+03   -0.9990E+03   -0.9990E+03   -0.9990E+03   -0.9990E+03   -0.9990E+03   -0.9990E+03   -0.9990E+03   -0.9990E+03   -0.9990E+03
   -0.9990E+03   -0.9990E+03   -0.9990E+03   -0.9990E+03   -0.9990E+03   -0.9990E+03   -0.9990E+03   -0.9990E+03   -0.9990E+03   -0.9990E+03   -0.9990E+03   -0.9990E+03   -0.9990E+03   -0.9990E+03   -0.9990E+03   -0.9990E+03   -0.9990E+03   -0.9990E+03   -0.9990E+03   -0.9990E+03   -0.9990E+03   -0.9990E+03   -0.9990E+03   -0.9990E+03   -0.9990E+03   -0.9990E+03   -0.9990E+03   -0.9990E+03   -0.9990E+03   -0.9990E+03   -0.9990E+03    0.1752E+03    0.8469E+02    0.8493E+02    0.8194E+02    0.8106E+02    0.7953E+02    0.7848E+02    0.7818E+02    0.7495E+02    0.7290E+02   -0.9990E+03   -0.9990E+03   -0.9990E+03   -0.9990E+03   -0.9990E+03   -0.9990E+03   -0.9990E+03   -0.9990E+03   -0.9990E+03   -0.9990E+03   -0.9990E+03   -0.9990E+03   -0.9990E+03   -0.9990E+03   -0.9990E+03   -0.9990E+03   -0.9990E+03   -0.9990E+03   -0.9990E+03   -0.9990E+03   -0.9990E+03   -0.9990E+03   -0.9990E+03   -0.9990E+03   -0.9990E+03   -0.9990E+03   -0.9990E+03   -0.9990E+03   -0.9990E+03   -0.9990E+03   -0.9990E+03   -0.9990E+03   -0.9990E+03   -0.9990E+03   -0.9990E+03
   -0.9990E+03   -0.9990E+03   -0.9990E+03   -0.9990E+03   -0.9990E+03   -0.9990E+03   -0.9990E+03   -0.9990E+03   -0.9990E+03   -0.9990E+03   -0.9990E+03   -0.9990E+03   -0.9990E+03   -0.9990E+03   -0.9990E+03   -0.9990E+03   -0.9990E+03   -0.9990E+03   -0.9990E+03   -0.9990E+03   -0.9990E+03   -0.9990E+03   -0.9990E+03   -0.9990E+03   -0.9990E+03   -0.9990E+03   -0.9990E+03   -0.9990E+03   -0.9990E+03   -0.9990E+03    0.1004E+03    0.9228E+02    0.9304E+02    0.9248E+02    0.9058E+02    0.8923E+02    0.8878E+02    0.8692E+02    0.8343E+02    0.8305E+02    0.8028E+02   -0.9990E+03   -0.9990E+03   -0.9990E+03   -0.9990E+03   -0.9990E+03   -0.9990E+03   -0.9990E+03   -0.9990E+03   -0.9990E+03   -0.9990E+03   -0.9990E+03   -0.9990E+03   -0.9990E+03   -0.9990E+03   -0.9990E+03   -0.9990E+03   -0.9990E+03   -0.9990E+03   -0.9990E+03   -0.9990E+03   -0.9990E+03   -0.9990E+03   -0.9990E+03   -0.9990E+03   -0.9990E+03   -0.9990E+03   -0.9990E+03   -0.9990E+03   -0.9990E+03   -0.9990E+03   -0.9990E+03   -0.9990E+03   -0.9990E+03   -0.9990E+03   -0.9990E+03
   -0.9990E+03   -0.9990E+03   -0.9990E+03   -0.9990E+03   -0.9990E+03   -0.9990E+03   -0.9990E+03   -0.9990E+03   -0.9990E+03   -0.9990E+03   -0.9990E+03   -0.9990E+03   -0.9990E+03   -0.9990E+03   -0.9990E+03   -0.9990E+03   -0.9990E+03   -0.9990E+03   -0.9990E+03   -0.9990E+03   -0.9990E+03   -0.9990E+03   -0.9990E+03   -0.9990E+03   -0.9990E+03   -0.9990E+03   -0.9990E+03   -0.9990E+03   -0.9990E+03    0.1023E+03    0.9878E+02    0.9983E+02    0.1011E+03    0.1023E+03    0.9816E+02    0.9841E+02    0.9702E+02    0.9274E+02    0.9263E+02    0.9156E+02    0.8702E+02   -0.9990E+03   -0.9990E+03   -0.9990E+03   -0.9990E+03   -0.9990E+03   -0.9990E+03   -0.9990E+03   -0.9990E+03   -0.9990E+03   -0.9990E+03   -0.9990E+03   -0.9990E+03   -0.9990E+03   -0.9990E+03   -0.9990E+03   -0.9990E+03   -0.9990E+03   -0.9990E+03   -0.9990E+03   -0.9990E+03   -0.9990E+03   -0.9990E+03   -0.9990E+03   -0.9990E+03   -0.9990E+03   -0.9990E+03   -0.9990E+03   -0.9990E+03   -0.9990E+03   -0.9990E+03   -0.9990E+03   -0.9990E+03   -0.9990E+03   -0.9990E+03   -0.9990E+03
   -0.9990E+03   -0.9990E+03   -0.9990E+03   -0.9990E+03   -0.9990E+03   -0.9990E+03   -0.9990E+03   -0.9990E+03   -0.9990E+03   -0.9990E+03   -0.9990E+03   -0.9990E+03   -0.9990E+03   -0.9990E+03   -0.9990E+03   -0.9990E+03   -0.9990E+03   -0.9990E+03   -0.9990E+03   -0.9990E+03   -0.9990E+03   -0.9990E+03   -0.9990E+03   -0.9990E+03   -0.9990E+03   -0.9990E+03   -0.9990E+03   -0.9990E+03   -0.9990E+03   -0.9990E+03   -0.9990E+03   -0.9990E+03    0.2133E+03    0.1075E+03    0.1069E+03    0.1071E+03    0.1060E+03    0.1025E+03    0.1011E+03    0.9645E+02    0.9368E+02   -0.9990E+03   -0.9990E+03   -0.9990E+03   -0.9990E+03   -0.9990E+03   -0.9990E+03   -0.9990E+03   -0.9990E+03   -0.9990E+03   -0.9990E+03   -0.9990E+03   -0.9990E+03   -0.9990E+03   -0.9990E+03   -0.9990E+03   -0.9990E+03   -0.9990E+03   -0.9990E+03   -0.9990E+03   -0.9990E+03   -0.9990E+03   -0.9990E+03   -0.9990E+03   -0.9990E+03   -0.9990E+03   -0.9990E+03   -0.9990E+03   -0.9990E+03   -0.9990E+03   -0.9990E+03   -0.9990E+03   -0.9990E+03   -0.9990E+03   -0.9990E+03   -0.9990E+03
   -0.9990E+03   -0.9990E+03   -0.9990E+03   -0.9990E+03   -0.9990E+03   -0.9990E+03   -0.9990E+03   -0.9990E+03   -0.9990E+03   -0.9990E+03   -0.9990E+03   -0.9990E+03   -0.9990E+03   -0.9990E+03   -0.9990E+03   -0.9990E+03   -0.9990E+03   -0.9990E+03   -0.9990E+03   -0.9990E+03   -0.9990E+03   -0.9990E+03   -0.9990E+03   -0.9990E+03   -0.9990E+03   -0.9990E+03   -0.9990E+03   -0.9990E+03    0.1601E+03    0.1105E+03   -0.9990E+03   -0.9990E+03    0.2274E+03    0.1158E+03    0.1163E+03    0.1165E+03    0.1142E+03    0.1126E+03    0.1074E+03    0.1046E+03   -0.9990E+03   -0.9990E+03   -0.9990E+03   -0.9990E+03   -0.9990E+03   -0.9990E+03   -0.9990E+03   -0.9990E+03   -0.9990E+03   -0.9990E+03   -0.9990E+03   -0.9990E+03   -0.9990E+03   -0.9990E+03   -0.9990E+03   -0.9990E+03   -0.9990E+03   -0.9990E+03   -0.9990E+03   -0.9990E+03   -0.9990E+03   -0.9990E+03   -0.9990E+03   -0.9990E+03   -0.9990E+03   -0.9990E+03   -0.9990E+03   -0.9990E+03   -0.9990E+03   -0.9990E+03   -0.9990E+03   -0.9990E+03   -0.9990E+03   -0.9990E+03   -0.9990E+03   -0.9990E+03
   -0.9990E+03   -0.9990E+03   -0.9990E+03   -0.9990E+03   -0.9990E+03   -0.9990E+03   -0.9990E+03   -0.9990E+03   -0.9990E+03   -0.9990E+03   -0.9990E+03   -0.9990E+03   -0.9990E+03   -0.9990E+03   -0.9990E+03   -0.9990E+03   -0.9990E+03   -0.9990E+03   -0.9990E+03   -0.9990E+03   -0.9990E+03   -0.9990E+03   -0.9990E+03   -0.9990E+03   -0.9990E+03   -0.9990E+03   -0.9990E+03   -0.9990E+03   -0.9990E+03    0.1174E+03   -0.9990E+03   -0.9990E+03    0.1560E+03    0.1256E+03    0.1255E+03    0.1271E+03    0.1248E+03    0.1212E+03    0.1169E+03    0.1111E+03   -0.9990E+03   -0.9990E+03   -0.9990E+03   -0.9990E+03   -0.9990E+03   -0.9990E+03   -0.9990E+03   -0.9990E+03   -0.9990E+03   -0.9990E+03   -0.9990E+03   -0.9990E+03   -0.9990E+03   -0.9990E+03   -0.9990E+03   -0.9990E+03   -0.9990E+03   -0.9990E+03   -0.9990E+03   -0.9990E+03   -0.9990E+03   -0.9990E+03   -0.9990E+03   -0.9990E+03   -0.9990E+03   -0.9990E+03   -0.9990E+03   -0.9990E+03   -0.9990E+03   -0.9990E+03   -0.9990E+03   -0.9990E+03   -0.9990E+03   -0.9990E+03   -0.9990E+03   -0.9990E+03
   -0.9990E+03   -0.9990E+03   -0.9990E+03   -0.9990E+03   -0.9990E+03   -0.9990E+03   -0.9990E+03   -0.9990E+03   -0.9990E+03   -0.9990E+03   -0.9990E+03   -0.9990E+03   -0.9990E+03   -0.9990E+03   -0.9990E+03   -0.9990E+03   -0.9990E+03   -0.9990E+03   -0.9990E+03   -0.9990E+03   -0.9990E+03   -0.9990E+03   -0.9990E+03   -0.9990E+03   -0.9990E+03   -0.9990E+03   -0.9990E+03   -0.9990E+03   -0.9990E+03    0.1211E+03   -0.9990E+03   -0.9990E+03   -0.9990E+03    0.1366E+03    0.1373E+03    0.1371E+03    0.1326E+03    0.1282E+03    0.1226E+03    0.1177E+03   -0.9990E+03   -0.9990E+03   -0.9990E+03   -0.9990E+03   -0.9990E+03   -0.9990E+03   -0.9990E+03   -0.9990E+03   -0.9990E+03   -0.9990E+03   -0.9990E+03   -0.9990E+03   -0.9990E+03   -0.9990E+03   -0.9990E+03   -0.9990E+03   -0.9990E+03   -0.9990E+03   -0.9990E+03   -0.9990E+03   -0.9990E+03   -0.9990E+03   -0.9990E+03   -0.9990E+03   -0.9990E+03   -0.9990E+03   -0.9990E+03   -0.9990E+03   -0.9990E+03   -0.9990E+03   -0.9990E+03   -0.9990E+03   -0.9990E+03   -0.9990E+03   -0.9990E+03   -0.9990E+03
   -0.9990E+03   -0.9990E+03   -0.9990E+03   -0.9990E+03   -0.9990E+03   -0.9990E+03   -0.9990E+03   -0.9990E+03   -0.9990E+03   -0.9990E+03   -0.9990E+03   -0.9990E+03   -0.9990E+03   -0.9990E+03   -0.9990E+03   -0.9990E+03   -0.9990E+03   -0.9990E+03   -0.9990E+03   -0.9990E+03   -0.9990E+03   -0.9990E+03   -0.9990E+03   -0.9990E+03   -0.9990E+03   -0.9990E+03   -0.9990E+03   -0.9990E+03   -0.9990E+03    0.1472E+03   -0.9990E+03   -0.9990E+03    0.2349E+03    0.1422E+03    0.1437E+03    0.1468E+03    0.1423E+03    0.1353E+03    0.1298E+03    0.1235E+03   -0.9990E+03   -0.9990E+03   -0.9990E+03   -0.9990E+03   -0.9990E+03   -0.9990E+03   -0.9990E+03   -0.9990E+03   -0.9990E+03   -0.9990E+03   -0.9990E+03   -0.9990E+03   -0.9990E+03   -0.9990E+03   -0.9990E+03   -0.9990E+03   -0.9990E+03   -0.9990E+03   -0.9990E+03   -0.9990E+03   -0.9990E+03   -0.9990E+03   -0.9990E+03   -0.9990E+03   -0.9990E+03   -0.9990E+03   -0.9990E+03   -0.9990E+03   -0.9990E+03   -0.9990E+03   -0.9990E+03   -0.9990E+03   -0.9990E+03   -0.9990E+03   -0.9990E+03   -0.9990E+03
   -0.9990E+03   -0.9990E+03   -0.9990E+03   -0.9990E+03   -0.9990E+03   -0.9990E+03   -0.9990E+03   -0.9990E+03   -0.9990E+03   -0.9990E+03   -0.9990E+03   -0.9990E+03   -0.9990E+03   -0.9990E+03   -0.9990E+03   -0.9990E+03   -0.9990E+03   -0.9990E+03   -0.9990E+03   -0.9990E+03   -0.9990E+03   -0.9990E+03   -0.9990E+03   -0.9990E+03   -0.9990E+03   -0.9990E+03   -0.9990E+03   -0.9990E+03   -0.9990E+03   -0.9990E+03   -0.9990E+03   -0.9990E+03    0.2147E+03    0.1446E+03    0.1512E+03    0.1588E+03    0.1487E+03    0.1406E+03    0.1343E+03    0.1273E+03   -0.9990E+03   -0.9990E+03   -0.9990E+03   -0.9990E+03   -0.9990E+03   -0.9990E+03   -0.9990E+03   -0.9990E+03   -0.9990E+03   -0.9990E+03   -0.9990E+03   -0.9990E+03   -0.9990E+03   -0.9990E+03   -0.9990E+03   -0.9990E+03   -0.9990E+03   -0.9990E+03   -0.9990E+03   -0.9990E+03   -0.9990E+03   -0.9990E+03   -0.9990E+03   -0.9990E+03   -0.9990E+03   -0.9990E+03   -0.9990E+03   -0.9990E+03   -0.9990E+03   -0.9990E+03   -0.9990E+03   -0.9990E+03   -0.9990E+03   -0.9990E+03   -0.9990E+03   -0.9990E+03
   -0.9990E+03   -0.9990E+03   -0.9990E+03   -0.9990E+03   -0.9990E+03   -0.9990E+03   -0.9990E+03   -0.9990E+03   -0.9990E+03   -0.9990E+03   -0.9990E+03   -0.9990E+03   -0.9990E+03   -0.9990E+03   -0.9990E+03   -0.9990E+03   -0.9990E+03   -0.9990E+03   -0.9990E+03   -0.9990E+03   -0.9990E+03   -0.9990E+03   -0.9990E+03   -0.9990E+03   -0.9990E+03   -0.9990E+03   -0.9990E+03   -0.9990E+03   -0.9990E+03   -0.9990E+03   -0.9990E+03   -0.9990E+03    0.1422E+03    0.1463E+03    0.1501E+03    0.1522E+03    0.1494E+03    0.1434E+03    0.1364E+03    0.1298E+03   -0.9990E+03   -0.9990E+03   -0.9990E+03   -0.9990E+03   -0.9990E+03   -0.9990E+03   -0.9990E+03   -0.9990E+03   -0.9990E+03   -0.9990E+03   -0.9990E+03   -0.9990E+03   -0.9990E+03   -0.9990E+03   -0.9990E+03   -0.9990E+03   -0.9990E+03   -0.9990E+03   -0.9990E+03   -0.9990E+03   -0.9990E+03   -0.9990E+03   -0.9990E+03   -0.9990E+03   -0.9990E+03   -0.9990E+03   -0.9990E+03   -0.9990E+03   -0.9990E+03   -0.9990E+03   -0.9990E+03   -0.9990E+03   -0.9990E+03   -0.9990E+03   -0.9990E+03   -0.9990E+03
   -0.9990E+03   -0.9990E+03   -0.9990E+03   -0.9990E+03   -0.9990E+03   -0.9990E+03   -0.9990E+03   -0.9990E+03   -0.9990E+03   -0.9990E+03   -0.9990E+03   -0.9990E+03   -0.9990E+03   -0.9990E+03   -0.9990E+03   -0.9990E+03   -0.9990E+03   -0.9990E+03   -0.9990E+03   -0.9990E+03   -0.9990E+03   -0.9990E+03   -0.9990E+03   -0.9990E+03   -0.9990E+03   -0.9990E+03   -0.9990E+03   -0.9990E+03   -0.9990E+03   -0.9990E+03   -0.9990E+03    0.1379E+03    0.1413E+03    0.1427E+03    0.1470E+03    0.1477E+03    0.1465E+03    0.1424E+03    0.1365E+03    0.1314E+03   -0.9990E+03   -0.9990E+03   -0.9990E+03   -0.9990E+03   -0.9990E+03   -0.9990E+03   -0.9990E+03   -0.9990E+03   -0.9990E+03   -0.9990E+03   -0.9990E+03   -0.9990E+03   -0.9990E+03   -0.9990E+03   -0.9990E+03   -0.9990E+03   -0.9990E+03   -0.9990E+03   -0.9990E+03   -0.9990E+03   -0.9990E+03   -0.9990E+03   -0.9990E+03   -0.9990E+03   -0.9990E+03   -0.9990E+03   -0.9990E+03   -0.9990E+03   -0.9990E+03   -0.9990E+03   -0.9990E+03   -0.9990E+03   -0.9990E+03   -0.9990E+03   -0.9990E+03   -0.9990E+03
   -0.9990E+03   -0.9990E+03   -0.9990E+03   -0.9990E+03   -0.9990E+03   -0.9990E+03   -0.9990E+03   -0.9990E+03   -0.9990E+03   -0.9990E+03   -0.9990E+03   -0.9990E+03   -0.9990E+03   -0.9990E+03   -0.9990E+03   -0.9990E+03   -0.9990E+03   -0.9990E+03   -0.9990E+03   -0.9990E+03   -0.9990E+03   -0.9990E+03   -0.9990E+03   -0.9990E+03   -0.9990E+03    0.1324E+03    0.1814E+03    0.1811E+03    0.1785E+03    0.1299E+03    0.1321E+03    0.1368E+03    0.1386E+03    0.1394E+03    0.1431E+03    0.1440E+03    0.1432E+03    0.1403E+03    0.1363E+03    0.1314E+03   -0.9990E+03   -0.9990E+03   -0.9990E+03   -0.9990E+03   -0.9990E+03   -0.9990E+03   -0.9990E+03   -0.9990E+03   -0.9990E+03   -0.9990E+03   -0.9990E+03   -0.9990E+03   -0.9990E+03   -0.9990E+03   -0.9990E+03   -0.9990E+03   -0.9990E+03   -0.9990E+03   -0.9990E+03   -0.9990E+03   -0.9990E+03   -0.9990E+03   -0.9990E+03   -0.9990E+03   -0.9990E+03   -0.9990E+03   -0.9990E+03   -0.9990E+03   -0.9990E+03   -0.9990E+03   -0.9990E+03   -0.9990E+03   -0.9990E+03   -0.9990E+03   -0.9990E+03   -0.9990E+03
   -0.9990E+03   -0.9990E+03   -0.9990E+03   -0.9990E+03   -0.9990E+03   -0.9990E+03   -0.9990E+03   -0.9990E+03   -0.9990E+03   -0.9990E+03   -0.9990E+03   -0.9990E+03   -0.9990E+03   -0.9990E+03   -0.9990E+03   -0.9990E+03   -0.9990E+03   -0.9990E+03   -0.9990E+03   -0.9990E+03   -0.9990E+03   -0.9990E+03   -0.9990E+03    0.1821E+03    0.1182E+03    0.1197E+03    0.1217E+03    0.1843E+03    0.1260E+03    0.1287E+03    0.1308E+03    0.1340E+03    0.1355E+03    0.1396E+03    0.1410E+03    0.1411E+03    0.1388E+03    0.1374E+03    0.1342E+03   -0.9990E+03   -0.9990E+03   -0.9990E+03   -0.9990E+03   -0.9990E+03   -0.9990E+03   -0.9990E+03   -0.9990E+03   -0.9990E+03   -0.9990E+03   -0.9990E+03   -0.9990E+03   -0.9990E+03   -0.9990E+03   -0.9990E+03   -0.9990E+03   -0.9990E+03   -0.9990E+03   -0.9990E+03   -0.9990E+03   -0.9990E+03   -0.9990E+03   -0.9990E+03   -0.9990E+03   -0.9990E+03   -0.9990E+03   -0.9990E+03   -0.9990E+03   -0.9990E+03   -0.9990E+03   -0.9990E+03   -0.9990E+03   -0.9990E+03   -0.9990E+03   -0.9990E+03   -0.9990E+03   -0.9990E+03
   -0.9990E+03   -0.9990E+03   -0.9990E+03   -0.9990E+03   -0.9990E+03   -0.9990E+03   -0.9990E+03   -0.9990E+03   -0.9990E+03   -0.9990E+03   -0.9990E+03   -0.9990E+03   -0.9990E+03   -0.9990E+03   -0.9990E+03   -0.9990E+03   -0.9990E+03   -0.9990E+03   -0.9990E+03   -0.9990E+03   -0.9990E+03   -0.9990E+03   -0.9990E+03    0.1769E+03    0.1794E+03    0.1188E+03    0.1214E+03    0.1232E+03    0.1246E+03    0.1272E+03    0.1292E+03    0.1314E+03    0.1334E+03    0.1357E+03    0.1353E+03    0.1360E+03    0.1352E+03    0.1342E+03   -0.9990E+03   -0.9990E+03   -0.9990E+03   -0.9990E+03   -0.9990E+03   -0.9990E+03   -0.9990E+03   -0.9990E+03   -0.9990E+03   -0.9990E+03   -0.9990E+03   -0.9990E+03   -0.9990E+03   -0.9990E+03   -0.9990E+03   -0.9990E+03   -0.9990E+03   -0.9990E+03   -0.9990E+03   -0.9990E+03   -0.9990E+03   -0.9990E+03   -0.9990E+03   -0.9990E+03   -0.9990E+03   -0.9990E+03   -0.9990E+03   -0.9990E+03   -0.9990E+03   -0.9990E+03   -0.9990E+03   -0.9990E+03   -0.9990E+03   -0.9990E+03   -0.9990E+03   -0.9990E+03   -0.9990E+03   -0.9990E+03
   -0.9990E+03   -0.9990E+03   -0.9990E+03   -0.9990E+03   -0.9990E+03   -0.9990E+03   -0.9990E+03   -0.9990E+03   -0.9990E+03   -0.9990E+03   -0.9990E+03   -0.9990E+03   -0.9990E+03   -0.9990E+03   -0.9990E+03   -0.9990E+03   -0.9990E+03   -0.9990E+03   -0.9990E+03   -0.9990E+03   -0.9990E+03   -0.9990E+03    0.1533E+03   -0.9990E+03    0.1726E+03    0.1181E+03    0.1198E+03    0.1214E+03    0.1236E+03    0.1254E+03    0.1274E+03    0.1292E+03    0.1307E+03    0.1327E+03    0.1326E+03    0.1325E+03    0.1331E+03    0.1317E+03   -0.9990E+03   -0.9990E+03   -0.9990E+03   -0.9990E+03   -0.9990E+03   -0.9990E+03   -0.9990E+03   -0.9990E+03   -0.9990E+03   -0.9990E+03   -0.9990E+03   -0.9990E+03   -0.9990E+03   -0.9990E+03   -0.9990E+03   -0.9990E+03   -0.9990E+03   -0.9990E+03   -0.9990E+03   -0.9990E+03   -0.9990E+03   -0.9990E+03   -0.9990E+03   -0.9990E+03   -0.9990E+03   -0.9990E+03   -0.9990E+03   -0.9990E+03   -0.9990E+03   -0.9990E+03   -0.9990E+03   -0.9990E+03   -0.9990E+03   -0.9990E+03   -0.9990E+03   -0.9990E+03   -0.9990E+03   -0.9990E+03
   -0.9990E+03   -0.9990E+03   -0.9990E+03   -0.9990E+03   -0.9990E+03   -0.9990E+03   -0.9990E+03   -0.9990E+03   -0.9990E+03   -0.9990E+03   -0.9990E+03   -0.9990E+03   -0.9990E+03   -0.9990E+03   -0.9990E+03   -0.9990E+03   -0.9990E+03   -0.9990E+03   -0.9990E+03   -0.9990E+03   -0.9990E+03    0.1587E+03    0.1130E+03    0.1589E+03    0.1162E+03    0.1168E+03    0.1183E+03    0.1203E+03    0.1220E+03    0.1237E+03    0.1249E+03    0.1261E+03    0.1283E+03    0.1294E+03    0.1302E+03    0.1312E+03    0.1302E+03    0.1294E+03   -0.9990E+03   -0.9990E+03   -0.9990E+03   -0.9990E+03   -0.9990E+03   -0.9990E+03   -0.9990E+03   -0.9990E+03   -0.9990E+03   -0.9990E+03   -0.9990E+03   -0.9990E+03   -0.9990E+03   -0.9990E+03   -0.9990E+03   -0.9990E+03   -0.9990E+03   -0.9990E+03   -0.9990E+03   -0.9990E+03   -0.9990E+03   -0.9990E+03   -0.9990E+03   -0.9990E+03   -0.9990E+03   -0.9990E+03   -0.9990E+03   -0.9990E+03   -0.9990E+03   -0.9990E+03   -0.9990E+03   -0.9990E+03   -0.9990E+03   -0.9990E+03   -0.9990E+03   -0.9990E+03   -0.9990E+03   -0.9990E+03
   -0.9990E+03   -0.9990E+03   -0.9990E+03   -0.9990E+03   -0.9990E+03   -0.9990E+03   -0.9990E+03   -0.9990E+03   -0.9990E+03   -0.9990E+03   -0.9990E+03   -0.9990E+03   -0.9990E+03   -0.9990E+03   -0.9990E+03   -0.9990E+03   -0.9990E+03   -0.9990E+03   -0.9990E+03   -0.9990E+03   -0.9990E+03    0.1561E+03    0.1125E+03    0.1136E+03    0.1147E+03    0.1157E+03    0.1172E+03    0.1190E+03    0.1204E+03    0.1218E+03    0.1235E+03    0.1249E+03    0.1260E+03    0.1271E+03    0.1279E+03    0.1276E+03    0.1276E+03    0.1271E+03   -0.9990E+03   -0.9990E+03   -0.9990E+03   -0.9990E+03   -0.9990E+03   -0.9990E+03   -0.9990E+03   -0.9990E+03   -0.9990E+03   -0.9990E+03   -0.9990E+03   -0.9990E+03   -0.9990E+03   -0.9990E+03   -0.9990E+03   -0.9990E+03   -0.9990E+03   -0.9990E+03   -0.9990E+03   -0.9990E+03   -0.9990E+03   -0.9990E+03   -0.9990E+03   -0.9990E+03   -0.9990E+03   -0.9990E+03   -0.9990E+03   -0.9990E+03   -0.9990E+03   -0.9990E+03   -0.9990E+03   -0.9990E+03   -0.9990E+03   -0.9990E+03   -0.9990E+03   -0.9990E+03   -0.9990E+03   -0.9990E+03
   -0.9990E+03   -0.9990E+03   -0.9990E+03   -0.9990E+03   -0.9990E+03   -0.9990E+03   -0.9990E+03   -0.9990E+03   -0.9990E+03   -0.9990E+03   -0.9990E+03   -0.9990E+03   -0.9990E+03   -0.9990E+03   -0.9990E+03   -0.9990E+03   -0.9990E+03   -0.9990E+03   -0.9990E+03   -0.9990E+03   -0.9990E+03    0.1337E+03    0.1125E+03    0.1127E+03    0.1135E+03    0.1147E+03    0.1161E+03    0.1175E+03    0.1190E+03    0.1203E+03    0.1216E+03    0.1229E+03    0.1237E+03    0.1246E+03    0.1253E+03    0.1250E+03   -0.9990E+03   -0.9990E+03   -0.9990E+03   -0.9990E+03   -0.9990E+03   -0.9990E+03   -0.9990E+03   -0.9990E+03   -0.9990E+03   -0.9990E+03   -0.9990E+03   -0.9990E+03   -0.9990E+03   -0.9990E+03   -0.9990E+03   -0.9990E+03   -0.9990E+03   -0.9990E+03   -0.9990E+03   -0.9990E+03   -0.9990E+03   -0.9990E+03   -0.9990E+03   -0.9990E+03   -0.9990E+03   -0.9990E+03   -0.9990E+03   -0.9990E+03   -0.9990E+03   -0.9990E+03   -0.9990E+03   -0.9990E+03   -0.9990E+03   -0.9990E+03   -0.9990E+03   -0.9990E+03   -0.9990E+03   -0.9990E+03   -0.9990E+03   -0.9990E+03
   -0.9990E+03   -0.9990E+03   -0.9990E+03   -0.9990E+03   -0.9990E+03   -0.9990E+03   -0.9990E+03   -0.9990E+03   -0.9990E+03   -0.9990E+03   -0.9990E+03   -0.9990E+03   -0.9990E+03   -0.9990E+03   -0.9990E+03   -0.9990E+03   -0.9990E+03   -0.9990E+03   -0.9990E+03   -0.9990E+03   -0.9990E+03    0.1187E+03    0.1118E+03    0.1122E+03    0.1129E+03    0.1132E+03    0.1148E+03    0.1162E+03    0.1177E+03    0.1191E+03    0.1202E+03    0.1212E+03    0.1221E+03    0.1226E+03    0.1228E+03    0.1229E+03   -0.9990E+03   -0.9990E+03   -0.9990E+03   -0.9990E+03   -0.9990E+03   -0.9990E+03   -0.9990E+03   -0.9990E+03   -0.9990E+03   -0.9990E+03   -0.9990E+03   -0.9990E+03   -0.9990E+03   -0.9990E+03   -0.9990E+03   -0.9990E+03   -0.9990E+03   -0.9990E+03   -0.9990E+03   -0.9990E+03   -0.9990E+03   -0.9990E+03   -0.9990E+03   -0.9990E+03   -0.9990E+03   -0.9990E+03   -0.9990E+03   -0.9990E+03   -0.9990E+03   -0.9990E+03   -0.9990E+03   -0.9990E+03   -0.9990E+03   -0.9990E+03   -0.9990E+03   -0.9990E+03   -0.9990E+03   -0.9990E+03   -0.9990E+03   -0.9990E+03
   -0.9990E+03   -0.9990E+03   -0.9990E+03   -0.9990E+03   -0.9990E+03   -0.9990E+03   -0.9990E+03   -0.9990E+03   -0.9990E+03   -0.9990E+03   -0.9990E+03   -0.9990E+03   -0.9990E+03   -0.9990E+03   -0.9990E+03   -0.9990E+03   -0.9990E+03   -0.9990E+03   -0.9990E+03   -0.9990E+03   -0.9990E+03    0.1106E+03    0.1112E+03    0.1119E+03    0.1124E+03    0.1131E+03    0.1141E+03    0.1154E+03    0.1166E+03    0.1178E+03    0.1189E+03    0.1197E+03    0.1206E+03    0.1212E+03    0.1214E+03   -0.9990E+03   -0.9990E+03   -0.9990E+03   -0.9990E+03   -0.9990E+03   -0.9990E+03   -0.9990E+03   -0.9990E+03   -0.9990E+03   -0.9990E+03   -0.9990E+03   -0.9990E+03   -0.9990E+03   -0.9990E+03   -0.9990E+03   -0.9990E+03   -0.9990E+03   -0.9990E+03   -0.9990E+03   -0.9990E+03   -0.9990E+03   -0.9990E+03   -0.9990E+03   -0.9990E+03   -0.9990E+03   -0.9990E+03   -0.9990E+03   -0.9990E+03   -0.9990E+03   -0.9990E+03   -0.9990E+03   -0.9990E+03   -0.9990E+03   -0.9990E+03   -0.9990E+03   -0.9990E+03   -0.9990E+03   -0.9990E+03   -0.9990E+03   -0.9990E+03   -0.9990E+03
   -0.9990E+03   -0.9990E+03   -0.9990E+03   -0.9990E+03   -0.9990E+03   -0.9990E+03   -0.9990E+03   -0.9990E+03   -0.9990E+03   -0.9990E+03   -0.9990E+03   -0.9990E+03   -0.9990E+03   -0.9990E+03   -0.9990E+03   -0.9990E+03   -0.9990E+03   -0.9990E+03   -0.9990E+03   -0.9990E+03    0.1095E+03    0.1102E+03    0.1111E+03    0.1115E+03    0.1123E+03    0.1131E+03    0.1140E+03    0.1150E+03    0.1160E+03    0.1171E+03    0.1180E+03    0.1188E+03    0.1193E+03    0.1201E+03    0.1204E+03   -0.9990E+03   -0.9990E+03   -0.9990E+03   -0.9990E+03   -0.9990E+03   -0.9990E+03   -0.9990E+03   -0.9990E+03   -0.9990E+03   -0.9990E+03   -0.9990E+03   -0.9990E+03   -0.9990E+03   -0.9990E+03   -0.9990E+03   -0.9990E+03   -0.9990E+03   -0.9990E+03   -0.9990E+03   -0.9990E+03   -0.9990E+03   -0.9990E+03   -0.9990E+03   -0.9990E+03   -0.9990E+03   -0.9990E+03   -0.9990E+03   -0.9990E+03   -0.9990E+03   -0.9990E+03   -0.9990E+03   -0.9990E+03   -0.9990E+03   -0.9990E+03   -0.9990E+03   -0.9990E+03   -0.9990E+03   -0.9990E+03   -0.9990E+03   -0.9990E+03   -0.9990E+03
   -0.9990E+03   -0.9990E+03   -0.9990E+03   -0.9990E+03   -0.9990E+03   -0.9990E+03   -0.9990E+03   -0.9990E+03   -0.9990E+03   -0.9990E+03   -0.9990E+03   -0.9990E+03   -0.9990E+03   -0.9990E+03   -0.9990E+03   -0.9990E+03   -0.9990E+03   -0.9990E+03    0.1177E+03    0.1087E+03    0.1093E+03    0.1102E+03    0.1109E+03    0.1114E+03    0.1122E+03    0.1129E+03    0.1138E+03    0.1147E+03    0.1155E+03    0.1165E+03    0.1171E+03    0.1181E+03    0.1188E+03    0.1193E+03    0.1196E+03   -0.9990E+03   -0.9990E+03   -0.9990E+03   -0.9990E+03   -0.9990E+03   -0.9990E+03   -0.9990E+03   -0.9990E+03   -0.9990E+03   -0.9990E+03   -0.9990E+03   -0.9990E+03   -0.9990E+03   -0.9990E+03   -0.9990E+03   -0.9990E+03   -0.9990E+03   -0.9990E+03   -0.9990E+03   -0.9990E+03   -0.9990E+03   -0.9990E+03   -0.9990E+03   -0.9990E+03   -0.9990E+03   -0.9990E+03   -0.9990E+03   -0.9990E+03   -0.9990E+03   -0.9990E+03   -0.9990E+03   -0.9990E+03   -0.9990E+03   -0.9990E+03   -0.9990E+03   -0.9990E+03   -0.9990E+03   -0.9990E+03   -0.9990E+03   -0.9990E+03   -0.9990E+03
   -0.9990E+03   -0.9990E+03   -0.9990E+03   -0.9990E+03   -0.9990E+03   -0.9990E+03   -0.9990E+03   -0.9990E+03   -0.9990E+03   -0.9990E+03   -0.9990E+03   -0.9990E+03   -0.9990E+03   -0.9990E+03   -0.9990E+03   -0.9990E+03   -0.9990E+03   -0.9990E+03    0.1316E+03    0.1085E+03    0.1093E+03    0.1100E+03    0.1106E+03    0.1113E+03    0.1121E+03    0.1129E+03    0.1136E+03    0.1144E+03    0.1152E+03    0.1161E+03    0.1168E+03    0.1174E+03    0.1180E+03    0.1185E+03    0.1186E+03   -0.9990E+03   -0.9990E+03   -0.9990E+03   -0.9990E+03   -0.9990E+03   -0.9990E+03   -0.9990E+03   -0.9990E+03   -0.9990E+03   -0.9990E+03   -0.9990E+03   -0.9990E+03   -0.9990E+03   -0.9990E+03   -0.9990E+03   -0.9990E+03   -0.9990E+03   -0.9990E+03   -0.9990E+03   -0.9990E+03   -0.9990E+03   -0.9990E+03   -0.9990E+03   -0.9990E+03   -0.9990E+03   -0.9990E+03   -0.9990E+03   -0.9990E+03   -0.9990E+03   -0.9990E+03   -0.9990E+03   -0.9990E+03   -0.9990E+03   -0.9990E+03   -0.9990E+03   -0.9990E+03   -0.9990E+03   -0.9990E+03   -0.9990E+03   -0.9990E+03   -0.9990E+03
   -0.9990E+03   -0.9990E+03   -0.9990E+03   -0.9990E+03   -0.9990E+03   -0.9990E+03   -0.9990E+03   -0.9990E+03   -0.9990E+03   -0.9990E+03   -0.9990E+03   -0.9990E+03   -0.9990E+03   -0.9990E+03   -0.9990E+03    0.1070E+03    0.1071E+03    0.1074E+03    0.1079E+03    0.1085E+03    0.1092E+03    0.1098E+03    0.1105E+03    0.1112E+03    0.1120E+03    0.1127E+03    0.1134E+03    0.1142E+03    0.1148E+03    0.1156E+03    0.1164E+03    0.1169E+03    0.1174E+03    0.1176E+03   -0.9990E+03   -0.9990E+03   -0.9990E+03   -0.9990E+03   -0.9990E+03   -0.9990E+03   -0.9990E+03   -0.9990E+03   -0.9990E+03   -0.9990E+03   -0.9990E+03   -0.9990E+03   -0.9990E+03   -0.9990E+03   -0.9990E+03   -0.9990E+03   -0.9990E+03   -0.9990E+03   -0.9990E+03   -0.9990E+03   -0.9990E+03   -0.9990E+03   -0.9990E+03   -0.9990E+03   -0.9990E+03   -0.9990E+03   -0.9990E+03   -0.9990E+03   -0.9990E+03   -0.9990E+03   -0.9990E+03   -0.9990E+03   -0.9990E+03   -0.9990E+03   -0.9990E+03   -0.9990E+03   -0.9990E+03   -0.9990E+03   -0.9990E+03   -0.9990E+03   -0.9990E+03   -0.9990E+03
   -0.9990E+03   -0.9990E+03   -0.9990E+03   -0.9990E+03   -0.9990E+03   -0.9990E+03   -0.9990E+03   -0.9990E+03   -0.9990E+03   -0.9990E+03   -0.9990E+03   -0.9990E+03   -0.9990E+03    0.1070E+03    0.1068E+03    0.1068E+03    0.1070E+03    0.1073E+03    0.1078E+03    0.1084E+03    0.1091E+03    0.1098E+03    0.1104E+03    0.1111E+03    0.1118E+03    0.1125E+03    0.1131E+03    0.1139E+03    0.1145E+03    0.1151E+03    0.1158E+03    0.1164E+03    0.1167E+03   -0.9990E+03   -0.9990E+03   -0.9990E+03   -0.9990E+03   -0.9990E+03   -0.9990E+03   -0.9990E+03   -0.9990E+03   -0.9990E+03   -0.9990E+03   -0.9990E+03   -0.9990E+03   -0.9990E+03   -0.9990E+03   -0.9990E+03   -0.9990E+03   -0.9990E+03   -0.9990E+03   -0.9990E+03   -0.9990E+03   -0.9990E+03   -0.9990E+03   -0.9990E+03   -0.9990E+03   -0.9990E+03   -0.9990E+03   -0.9990E+03   -0.9990E+03   -0.9990E+03   -0.9990E+03   -0.9990E+03   -0.9990E+03   -0.9990E+03   -0.9990E+03   -0.9990E+03   -0.9990E+03   -0.9990E+03   -0.9990E+03   -0.9990E+03   -0.9990E+03   -0.9990E+03   -0.9990E+03   -0.9990E+03
   -0.9990E+03   -0.9990E+03   -0.9990E+03   -0.9990E+03   -0.9990E+03   -0.9990E+03   -0.9990E+03   -0.9990E+03   -0.9990E+03   -0.9990E+03    0.1083E+03    0.1078E+03    0.1073E+03    0.1069E+03    0.1066E+03    0.1066E+03    0.1067E+03    0.1071E+03    0.1077E+03    0.1083E+03    0.1090E+03    0.1096E+03    0.1104E+03    0.1110E+03    0.1116E+03    0.1123E+03    0.1130E+03    0.1135E+03    0.1143E+03    0.1148E+03    0.1153E+03    0.1158E+03    0.1162E+03   -0.9990E+03   -0.9990E+03   -0.9990E+03   -0.9990E+03   -0.9990E+03   -0.9990E+03   -0.9990E+03   -0.9990E+03   -0.9990E+03   -0.9990E+03   -0.9990E+03   -0.9990E+03   -0.9990E+03   -0.9990E+03   -0.9990E+03   -0.9990E+03   -0.9990E+03   -0.9990E+03   -0.9990E+03   -0.9990E+03   -0.9990E+03   -0.9990E+03   -0.9990E+03   -0.9990E+03   -0.9990E+03   -0.9990E+03   -0.9990E+03   -0.9990E+03   -0.9990E+03   -0.9990E+03   -0.9990E+03   -0.9990E+03   -0.9990E+03   -0.9990E+03   -0.9990E+03   -0.9990E+03   -0.9990E+03   -0.9990E+03   -0.9990E+03   -0.9990E+03   -0.9990E+03   -0.9990E+03   -0.9990E+03
   -0.9990E+03   -0.9990E+03   -0.9990E+03   -0.9990E+03   -0.9990E+03   -0.9990E+03   -0.9990E+03   -0.9990E+03   -0.9990E+03   -0.9990E+03    0.1084E+03    0.1079E+03    0.1073E+03    0.1068E+03    0.1064E+03    0.1062E+03    0.1064E+03    0.1068E+03    0.1075E+03    0.1082E+03    0.1088E+03    0.1095E+03    0.1101E+03    0.1109E+03    0.1115E+03    0.1122E+03    0.1126E+03    0.1133E+03    0.1138E+03   -0.9990E+03   -0.9990E+03   -0.9990E+03   -0.9990E+03   -0.9990E+03   -0.9990E+03   -0.9990E+03   -0.9990E+03   -0.9990E+03   -0.9990E+03   -0.9990E+03   -0.9990E+03   -0.9990E+03   -0.9990E+03   -0.9990E+03   -0.9990E+03   -0.9990E+03   -0.9990E+03   -0.9990E+03   -0.9990E+03   -0.9990E+03   -0.9990E+03   -0.9990E+03   -0.9990E+03   -0.9990E+03   -0.9990E+03   -0.9990E+03   -0.9990E+03   -0.9990E+03   -0.9990E+03   -0.9990E+03   -0.9990E+03   -0.9990E+03   -0.9990E+03   -0.9990E+03   -0.9990E+03   -0.9990E+03   -0.9990E+03   -0.9990E+03   -0.9990E+03   -0.9990E+03   -0.9990E+03   -0.9990E+03   -0.9990E+03   -0.9990E+03   -0.9990E+03   -0.9990E+03
   -0.9990E+03   -0.9990E+03   -0.9990E+03   -0.9990E+03   -0.9990E+03   -0.9990E+03   -0.9990E+03    0.1106E+03    0.1099E+03    0.1093E+03    0.1211E+03    0.1082E+03    0.1086E+03    0.1066E+03    0.1059E+03    0.1057E+03    0.1060E+03    0.1067E+03    0.1075E+03    0.1082E+03    0.1088E+03    0.1094E+03    0.1100E+03    0.1106E+03    0.1113E+03    0.1118E+03   -0.9990E+03   -0.9990E+03   -0.9990E+03   -0.9990E+03   -0.9990E+03   -0.9990E+03   -0.9990E+03   -0.9990E+03   -0.9990E+03   -0.9990E+03   -0.9990E+03   -0.9990E+03   -0.9990E+03   -0.9990E+03   -0.9990E+03   -0.9990E+03   -0.9990E+03   -0.9990E+03   -0.9990E+03   -0.9990E+03   -0.9990E+03   -0.9990E+03   -0.9990E+03   -0.9990E+03   -0.9990E+03   -0.9990E+03   -0.9990E+03   -0.9990E+03   -0.9990E+03   -0.9990E+03   -0.9990E+03   -0.9990E+03   -0.9990E+03   -0.9990E+03   -0.9990E+03   -0.9990E+03   -0.9990E+03   -0.9990E+03   -0.9990E+03   -0.9990E+03   -0.9990E+03   -0.9990E+03   -0.9990E+03   -0.9990E+03   -0.9990E+03   -0.9990E+03   -0.9990E+03   -0.9990E+03   -0.9990E+03   -0.9990E+03
   -0.9990E+03   -0.9990E+03    0.1119E+03    0.1120E+03    0.1407E+03    0.1123E+03    0.1116E+03    0.1111E+03    0.1102E+03    0.1200E+03    0.1160E+03   -0.9990E+03    0.1389E+03    0.1077E+03    0.1078E+03   -0.9990E+03    0.1344E+03    0.1066E+03    0.1073E+03    0.1080E+03    0.1087E+03    0.1093E+03    0.1099E+03    0.1105E+03   -0.9990E+03   -0.9990E+03   -0.9990E+03   -0.9990E+03   -0.9990E+03   -0.9990E+03   -0.9990E+03   -0.9990E+03   -0.9990E+03   -0.9990E+03   -0.9990E+03   -0.9990E+03   -0.9990E+03   -0.9990E+03   -0.9990E+03   -0.9990E+03   -0.9990E+03   -0.9990E+03   -0.9990E+03   -0.9990E+03   -0.9990E+03   -0.9990E+03   -0.9990E+03   -0.9990E+03   -0.9990E+03   -0.9990E+03   -0.9990E+03   -0.9990E+03   -0.9990E+03   -0.9990E+03   -0.9990E+03   -0.9990E+03   -0.9990E+03   -0.9990E+03   -0.9990E+03   -0.9990E+03   -0.9990E+03   -0.9990E+03   -0.9990E+03   -0.9990E+03   -0.9990E+03   -0.9990E+03   -0.9990E+03   -0.9990E+03   -0.9990E+03   -0.9990E+03   -0.9990E+03   -0.9990E+03   -0.9990E+03   -0.9990E+03   -0.9990E+03   -0.9990E+03
   -0.9990E+03   -0.9990E+03    0.1119E+03    0.1121E+03    0.1121E+03    0.1121E+03    0.1250E+03    0.1210E+03    0.1104E+03    0.1096E+03    0.1434E+03    0.1359E+03    0.1075E+03    0.1072E+03    0.1067E+03    0.1379E+03    0.1062E+03    0.1068E+03    0.1073E+03    0.1080E+03    0.1086E+03    0.1092E+03   -0.9990E+03   -0.9990E+03   -0.9990E+03   -0.9990E+03   -0.9990E+03   -0.9990E+03   -0.9990E+03   -0.9990E+03   -0.9990E+03   -0.9990E+03   -0.9990E+03   -0.9990E+03   -0.9990E+03   -0.9990E+03   -0.9990E+03   -0.9990E+03   -0.9990E+03   -0.9990E+03   -0.9990E+03   -0.9990E+03   -0.9990E+03   -0.9990E+03   -0.9990E+03   -0.9990E+03   -0.9990E+03   -0.9990E+03   -0.9990E+03   -0.9990E+03   -0.9990E+03   -0.9990E+03   -0.9990E+03   -0.9990E+03   -0.9990E+03   -0.9990E+03   -0.9990E+03   -0.9990E+03   -0.9990E+03   -0.9990E+03   -0.9990E+03   -0.9990E+03   -0.9990E+03   -0.9990E+03   -0.9990E+03   -0.9990E+03   -0.9990E+03   -0.9990E+03   -0.9990E+03   -0.9990E+03   -0.9990E+03   -0.9990E+03   -0.9990E+03   -0.9990E+03   -0.9990E+03   -0.9990E+03
   -0.9990E+03    0.1119E+03    0.1120E+03    0.1119E+03    0.1120E+03    0.1131E+03    0.1142E+03    0.1111E+03    0.1102E+03    0.1097E+03    0.1090E+03    0.1127E+03    0.1077E+03    0.1072E+03    0.1068E+03    0.1066E+03    0.1067E+03    0.1071E+03   -0.9990E+03   -0.9990E+03   -0.9990E+03   -0.9990E+03   -0.9990E+03   -0.9990E+03   -0.9990E+03   -0.9990E+03   -0.9990E+03   -0.9990E+03   -0.9990E+03   -0.9990E+03   -0.9990E+03   -0.9990E+03   -0.9990E+03   -0.9990E+03   -0.9990E+03   -0.9990E+03   -0.9990E+03   -0.9990E+03   -0.9990E+03   -0.9990E+03   -0.9990E+03   -0.9990E+03   -0.9990E+03   -0.9990E+03   -0.9990E+03   -0.9990E+03   -0.9990E+03   -0.9990E+03   -0.9990E+03   -0.9990E+03   -0.9990E+03   -0.9990E+03   -0.9990E+03   -0.9990E+03   -0.9990E+03   -0.9990E+03   -0.9990E+03   -0.9990E+03   -0.9990E+03   -0.9990E+03   -0.9990E+03   -0.9990E+03   -0.9990E+03   -0.9990E+03   -0.9990E+03   -0.9990E+03   -0.9990E+03   -0.9990E+03   -0.9990E+03   -0.9990E+03   -0.9990E+03   -0.9990E+03   -0.9990E+03   -0.9990E+03   -0.9990E+03   -0.9990E+03
    0.1118E+03    0.1119E+03    0.1119E+03    0.1119E+03    0.1118E+03    0.1115E+03    0.1110E+03    0.1107E+03    0.1102E+03    0.1097E+03    0.1091E+03    0.1086E+03    0.1080E+03   -0.9990E+03   -0.9990E+03   -0.9990E+03   -0.9990E+03   -0.9990E+03   -0.9990E+03   -0.9990E+03   -0.9990E+03   -0.9990E+03   -0.9990E+03   -0.9990E+03   -0.9990E+03   -0.9990E+03   -0.9990E+03   -0.9990E+03   -0.9990E+03   -0.9990E+03   -0.9990E+03   -0.9990E+03   -0.9990E+03   -0.9990E+03   -0.9990E+03   -0.9990E+03   -0.9990E+03   -0.9990E+03   -0.9990E+03   -0.9990E+03   -0.9990E+03   -0.9990E+03   -0.9990E+03   -0.9990E+03   -0.9990E+03   -0.9990E+03   -0.9990E+03   -0.9990E+03   -0.9990E+03   -0.9990E+03   -0.9990E+03   -0.9990E+03   -0.9990E+03   -0.9990E+03   -0.9990E+03   -0.9990E+03   -0.9990E+03   -0.9990E+03   -0.9990E+03   -0.9990E+03   -0.9990E+03   -0.9990E+03   -0.9990E+03   -0.9990E+03   -0.9990E+03   -0.9990E+03   -0.9990E+03   -0.9990E+03   -0.9990E+03   -0.9990E+03   -0.9990E+03   -0.9990E+03   -0.9990E+03   -0.9990E+03   -0.9990E+03   -0.9990E+03
    0.1118E+03    0.1119E+03    0.1118E+03    0.1117E+03   -0.9990E+03   -0.9990E+03   -0.9990E+03   -0.9990E+03   -0.9990E+03   -0.9990E+03   -0.9990E+03   -0.9990E+03   -0.9990E+03   -0.9990E+03   -0.9990E+03   -0.9990E+03   -0.9990E+03   -0.9990E+03   -0.9990E+03   -0.9990E+03   -0.9990E+03   -0.9990E+03   -0.9990E+03   -0.9990E+03   -0.9990E+03   -0.9990E+03   -0.9990E+03   -0.9990E+03   -0.9990E+03   -0.9990E+03   -0.9990E+03   -0.9990E+03   -0.9990E+03   -0.9990E+03   -0.9990E+03   -0.9990E+03   -0.9990E+03   -0.9990E+03   -0.9990E+03   -0.9990E+03   -0.9990E+03   -0.9990E+03   -0.9990E+03   -0.9990E+03   -0.9990E+03   -0.9990E+03   -0.9990E+03   -0.9990E+03   -0.9990E+03   -0.9990E+03   -0.9990E+03   -0.9990E+03   -0.9990E+03   -0.9990E+03   -0.9990E+03   -0.9990E+03   -0.9990E+03   -0.9990E+03   -0.9990E+03   -0.9990E+03   -0.9990E+03   -0.9990E+03   -0.9990E+03   -0.9990E+03   -0.9990E+03   -0.9990E+03   -0.9990E+03   -0.9990E+03   -0.9990E+03   -0.9990E+03   -0.9990E+03   -0.9990E+03   -0.9990E+03   -0.9990E+03   -0.9990E+03   -0.9990E+03
   -0.9990E+03    0.1117E+03    0.1117E+03    0.1115E+03   -0.9990E+03   -0.9990E+03   -0.9990E+03   -0.9990E+03   -0.9990E+03   -0.9990E+03   -0.9990E+03   -0.9990E+03   -0.9990E+03   -0.9990E+03   -0.9990E+03   -0.9990E+03   -0.9990E+03   -0.9990E+03   -0.9990E+03   -0.9990E+03   -0.9990E+03   -0.9990E+03   -0.9990E+03   -0.9990E+03   -0.9990E+03   -0.9990E+03   -0.9990E+03   -0.9990E+03   -0.9990E+03   -0.9990E+03   -0.9990E+03   -0.9990E+03   -0.9990E+03   -0.9990E+03   -0.9990E+03   -0.9990E+03   -0.9990E+03   -0.9990E+03   -0.9990E+03   -0.9990E+03   -0.9990E+03   -0.9990E+03   -0.9990E+03   -0.9990E+03   -0.9990E+03   -0.9990E+03   -0.9990E+03   -0.9990E+03   -0.9990E+03   -0.9990E+03   -0.9990E+03   -0.9990E+03   -0.9990E+03   -0.9990E+03   -0.9990E+03   -0.9990E+03   -0.9990E+03   -0.9990E+03   -0.9990E+03   -0.9990E+03   -0.9990E+03   -0.9990E+03   -0.9990E+03   -0.9990E+03   -0.9990E+03   -0.9990E+03   -0.9990E+03   -0.9990E+03   -0.9990E+03   -0.9990E+03   -0.9990E+03   -0.9990E+03   -0.9990E+03   -0.9990E+03   -0.9990E+03   -0.9990E+03
       365.0000          LAYER       1
   -0.9990E+03   -0.9990E+03   -0.9990E+03   -0.9990E+03   -0.9990E+03   -0.9990E+03   -0.9990E+03   -0.9990E+03   -0.9990E+03   -0.9990E+03   -0.9990E+03   -0.9990E+03   -0.9990E+03   -0.9990E+03   -0.9990E+03   -0.9990E+03   -0.9990E+03   -0.9990E+03   -0.9990E+03   -0.9990E+03   -0.9990E+03   -0.9990E+03   -0.9990E+03   -0.9990E+03   -0.9990E+03   -0.9990E+03   -0.9990E+03   -0.9990E+03   -0.9990E+03   -0.9990E+03   -0.9990E+03   -0.9990E+03   -0.9990E+03   -0.9990E+03   -0.9990E+03   -0.9990E+03   -0.9990E+03   -0.9990E+03   -0.9990E+03   -0.9990E+03   -0.9990E+03   -0.9990E+03   -0.9990E+03   -0.9990E+03   -0.9990E+03   -0.9990E+03   -0.9990E+03   -0.9990E+03   -0.9990E+03   -0.9990E+03   -0.9990E+03   -0.9990E+03   -0.9990E+03   -0.9990E+03   -0.9990E+03   -0.9990E+03   -0.9990E+03   -0.9990E+03   -0.9990E+03   -0.9990E+03   -0.9990E+03   -0.9990E+03   -0.9990E+03   -0.9990E+03   -0.9990E+03   -0.9990E+03   -0.9990E+03   -0.9990E+03   -0.9990E+03   -0.9990E+03   -0.9990E+03    0.2712E+02    0.2822E+02   -0.9990E+03   -0.9990E+03   -0.9990E+03
   -0.9990E+03   -0.9990E+03   -0.9990E+03   -0.9990E+03   -0.9990E+03   -0.9990E+03   -0.9990E+03   -0.9990E+03   -0.9990E+03   -0.9990E+03   -0.9990E+03   -0.9990E+03   -0.9990E+03   -0.9990E+03   -0.9990E+03   -0.9990E+03   -0.9990E+03   -0.9990E+03   -0.9990E+03   -0.9990E+03   -0.9990E+03   -0.9990E+03   -0.9990E+03   -0.9990E+03   -0.9990E+03   -0.9990E+03   -0.9990E+03   -0.9990E+03   -0.9990E+03   -0.9990E+03   -0.9990E+03   -0.9990E+03   -0.9990E+03   -0.9990E+03   -0.9990E+03   -0.9990E+03   -0.9990E+03   -0.9990E+03   -0.9990E+03   -0.9990E+03   -0.9990E+03   -0.9990E+03   -0.9990E+03   -0.9990E+03   -0.9990E+03   -0.9990E+03   -0.9990E+03   -0.9990E+03   -0.9990E+03   -0.9990E+03   -0.9990E+03   -0.9990E+03   -0.9990E+03   -0.9990E+03   -0.9990E+03   -0.9990E+03   -0.9990E+03   -0.9990E+03   -0.9990E+03   -0.9990E+03   -0.9990E+03   -0.9990E+03   -0.9990E+03   -0.9990E+03   -0.9990E+03   -0.9990E+03   -0.9990E+03   -0.9990E+03   -0.9990E+03   -0.9990E+03    0.2607E+02    0.2776E+02    0.2899E+02    0.3006E+02   -0.9990E+03   -0.9990E+03
   -0.9990E+03   -0.9990E+03   -0.9990E+03   -0.9990E+03   -0.9990E+03   -0.9990E+03   -0.9990E+03   -0.9990E+03   -0.9990E+03   -0.9990E+03   -0.9990E+03   -0.9990E+03   -0.9990E+03   -0.9990E+03   -0.9990E+03   -0.9990E+03   -0.9990E+03   -0.9990E+03   -0.9990E+03   -0.9990E+03   -0.9990E+03   -0.9990E+03   -0.9990E+03   -0.9990E+03   -0.9990E+03   -0.9990E+03   -0.9990E+03   -0.9990E+03   -0.9990E+03   -0.9990E+03   -0.9990E+03   -0.9990E+03   -0.9990E+03   -0.9990E+03   -0.9990E+03   -0.9990E+03   -0.9990E+03   -0.9990E+03   -0.9990E+03   -0.9990E+03   -0.9990E+03   -0.9990E+03   -0.9990E+03   -0.9990E+03   -0.9990E+03   -0.9990E+03   -0.9990E+03   -0.9990E+03   -0.9990E+03   -0.9990E+03   -0.9990E+03   -0.9990E+03   -0.9990E+03   -0.9990E+03   -0.9990E+03   -0.9990E+03   -0.9990E+03   -0.9990E+03   -0.9990E+03   -0.9990E+03   -0.9990E+03   -0.9990E+03   -0.9990E+03   -0.9990E+03   -0.9990E+03   -0.9990E+03   -0.9990E+03   -0.9990E+03    0.2260E+03    0.2579E+02    0.2667E+02    0.2849E+02    0.2931E+02    0.3089E+02    0.3243E+02   -0.9990E+03
   -0.9990E+03   -0.9990E+03   -0.9990E+03   -0.9990E+03   -0.9990E+03   -0.9990E+03   -0.9990E+03   -0.9990E+03   -0.9990E+03   -0.9990E+03   -0.9990E+03   -0.9990E+03   -0.9990E+03   -0.9990E+03   -0.9990E+03   -0.9990E+03   -0.9990E+03   -0.9990E+03   -0.9990E+03   -0.9990E+03   -0.9990E+03   -0.9990E+03   -0.9990E+03   -0.9990E+03   -0.9990E+03   -0.9990E+03   -0.9990E+03   -0.9990E+03   -0.9990E+03   -0.9990E+03   -0.9990E+03   -0.9990E+03   -0.9990E+03   -0.9990E+03   -0.9990E+03   -0.9990E+03   -0.9990E+03   -0.9990E+03   -0.9990E+03   -0.9990E+03   -0.9990E+03   -0.9990E+03   -0.9990E+03   -0.9990E+03   -0.9990E+03   -0.9990E+03   -0.9990E+03   -0.9990E+03   -0.9990E+03   -0.9990E+03   -0.9990E+03   -0.9990E+03   -0.9990E+03   -0.9990E+03   -0.9990E+03   -0.9990E+03   -0.9990E+03   -0.9990E+03   -0.9990E+03   -0.9990E+03   -0.9990E+03   -0.9990E+03   -0.9990E+03   -0.9990E+03   -0.9990E+03   -0.9990E+03   -0.9990E+03   -0.9990E+03    0.2295E+03    0.2641E+02    0.2807E+02    0.2950E+02    0.3105E+02    0.3194E+02    0.3319E+02   -0.9990E+03
   -0.9990E+03   -0.9990E+03   -0.9990E+03   -0.9990E+03   -0.9990E+03   -0.9990E+03   -0.9990E+03   -0.9990E+03   -0.9990E+03   -0.9990E+03   -0.9990E+03   -0.9990E+03   -0.9990E+03   -0.9990E+03   -0.9990E+03   -0.9990E+03   -0.9990E+03   -0.9990E+03   -0.9990E+03   -0.9990E+03   -0.9990E+03   -0.9990E+03   -0.9990E+03   -0.9990E+03   -0.9990E+03   -0.9990E+03   -0.9990E+03   -0.9990E+03   -0.9990E+03   -0.9990E+03   -0.9990E+03   -0.9990E+03   -0.9990E+03   -0.9990E+03   -0.9990E+03   -0.9990E+03   -0.9990E+03   -0.9990E+03   -0.9990E+03   -0.9990E+03   -0.9990E+03   -0.9990E+03   -0.9990E+03   -0.9990E+03   -0.9990E+03   -0.9990E+03   -0.9990E+03   -0.9990E+03   -0.9990E+03   -0.9990E+03   -0.9990E+03   -0.9990E+03   -0.9990E+03   -0.9990E+03   -0.9990E+03   -0.9990E+03   -0.9990E+03   -0.9990E+03   -0.9990E+03   -0.9990E+03   -0.9990E+03   -0.9990E+03   -0.9990E+03   -0.9990E+03   -0.9990E+03    0.1625E+04    0.1681E+04    0.2292E+03    0.2291E+03    0.2862E+02    0.2926E+02    0.3047E+02    0.3270E+02    0.3329E+02    0.3419E+02   -0.9990E+03
   -0.9990E+03   -0.9990E+03   -0.9990E+03   -0.9990E+03   -0.9990E+03   -0.9990E+03   -0.9990E+03   -0.9990E+03   -0.9990E+03   -0.9990E+03   -0.9990E+03   -0.9990E+03   -0.9990E+03   -0.9990E+03   -0.9990E+03   -0.9990E+03   -0.9990E+03   -0.9990E+03   -0.9990E+03   -0.9990E+03   -0.9990E+03   -0.9990E+03   -0.9990E+03   -0.9990E+03   -0.9990E+03   -0.9990E+03   -0.9990E+03   -0.9990E+03   -0.9990E+03   -0.9990E+03   -0.9990E+03   -0.9990E+03   -0.9990E+03   -0.9990E+03   -0.9990E+03   -0.9990E+03   -0.9990E+03   -0.9990E+03   -0.9990E+03   -0.9990E+03   -0.9990E+03   -0.9990E+03   -0.9990E+03   -0.9990E+03   -0.9990E+03   -0.9990E+03   -0.9990E+03   -0.9990E+03   -0.9990E+03   -0.9990E+03   -0.9990E+03   -0.9990E+03   -0.9990E+03   -0.9990E+03   -0.9990E+03   -0.9990E+03    0.7810E+03    0.1028E+04    0.1277E+04    0.1282E+04   -0.9990E+03    0.1492E+04    0.1493E+04    0.1389E+04    0.1510E+04    0.1645E+04    0.1703E+04    0.2403E+03    0.2374E+03    0.3142E+02    0.3208E+02    0.3369E+02    0.3524E+02    0.3617E+02    0.3708E+02   -0.9990E+03
   -0.9990E+03   -0.9990E+03   -0.9990E+03   -0.9990E+03   -0.9990E+03   -0.9990E+03   -0.9990E+03   -0.9990E+03   -0.9990E+03   -0.9990E+03   -0.9990E+03   -0.9990E+03   -0.9990E+03   -0.9990E+03   -0.9990E+03   -0.9990E+03   -0.9990E+03   -0.9990E+03   -0.9990E+03   -0.9990E+03   -0.9990E+03   -0.9990E+03   -0.9990E+03   -0.9990E+03   -0.9990E+03   -0.9990E+03   -0.9990E+03   -0.9990E+03   -0.9990E+03   -0.9990E+03   -0.9990E+03   -0.9990E+03   -0.9990E+03   -0.9990E+03   -0.9990E+03   -0.9990E+03   -0.9990E+03   -0.9990E+03   -0.9990E+03   -0.9990E+03   -0.9990E+03   -0.9990E+03   -0.9990E+03   -0.9990E+03   -0.9990E+03   -0.9990E+03   -0.9990E+03   -0.9990E+03   -0.9990E+03   -0.9990E+03   -0.9990E+03   -0.9990E+03   -0.9990E+03   -0.9990E+03   -0.9990E+03    0.4156E+03    0.5370E+03    0.7846E+03    0.1283E+04    0.1281E+04    0.1234E+04    0.1526E+04    0.1515E+04    0.1422E+04    0.1542E+04    0.1673E+04    0.1705E+04    0.9731E+03    0.3229E+02    0.3332E+02    0.3491E+02    0.3594E+02    0.3809E+02    0.3913E+02    0.3923E+02   -0.9990E+03
   -0.9990E+03   -0.9990E+03   -0.9990E+03   -0.9990E+03   -0.9990E+03   -0.9990E+03   -0.9990E+03   -0.9990E+03   -0.9990E+03   -0.9990E+03   -0.9990E+03   -0.9990E+03   -0.9990E+03   -0.9990E+03   -0.9990E+03   -0.9990E+03   -0.9990E+03   -0.9990E+03   -0.9990E+03   -0.9990E+03   -0.9990E+03   -0.9990E+03   -0.9990E+03   -0.9990E+03   -0.9990E+03   -0.9990E+03   -0.9990E+03   -0.9990E+03   -0.9990E+03   -0.9990E+03   -0.9990E+03   -0.9990E+03   -0.9990E+03   -0.9990E+03   -0.9990E+03   -0.9990E+03   -0.9990E+03   -0.9990E+03   -0.9990E+03   -0.9990E+03   -0.9990E+03   -0.9990E+03   -0.9990E+03   -0.9990E+03   -0.9990E+03   -0.9990E+03   -0.9990E+03   -0.9990E+03   -0.9990E+03   -0.9990E+03   -0.9990E+03   -0.9990E+03   -0.9990E+03   -0.9990E+03    0.2978E+03    0.2971E+03    0.2963E+03    0.2957E+03    0.1491E+04    0.1427E+04    0.1241E+04    0.1569E+04    0.1570E+04    0.1474E+04    0.1593E+04    0.1727E+04    0.1776E+04    0.1750E+04    0.4020E+02    0.3637E+02    0.3717E+02    0.3853E+02    0.4087E+02    0.4045E+02    0.4240E+02    0.4223E+02
   -0.9990E+03   -0.9990E+03   -0.9990E+03   -0.9990E+03   -0.9990E+03   -0.9990E+03   -0.9990E+03   -0.9990E+03   -0.9990E+03   -0.9990E+03   -0.9990E+03   -0.9990E+03   -0.9990E+03   -0.9990E+03   -0.9990E+03   -0.9990E+03   -0.9990E+03   -0.9990E+03   -0.9990E+03   -0.9990E+03   -0.9990E+03   -0.9990E+03   -0.9990E+03   -0.9990E+03   -0.9990E+03   -0.9990E+03   -0.9990E+03   -0.9990E+03   -0.9990E+03   -0.9990E+03   -0.9990E+03   -0.9990E+03   -0.9990E+03   -0.9990E+03   -0.9990E+03   -0.9990E+03   -0.9990E+03   -0.9990E+03   -0.9990E+03   -0.9990E+03   -0.9990E+03   -0.9990E+03   -0.9990E+03   -0.9990E+03   -0.9990E+03   -0.9990E+03   -0.9990E+03   -0.9990E+03   -0.9990E+03   -0.9990E+03   -0.9990E+03   -0.9990E+03   -0.9990E+03    0.3023E+03    0.3026E+03    0.3009E+03    0.2991E+03    0.3004E+03    0.1561E+04    0.1532E+04    0.1353E+04    0.1652E+04    0.3172E+03    0.1799E+04    0.1744E+04    0.2255E+04    0.1836E+04    0.1831E+04    0.4560E+02    0.3938E+02    0.4042E+02    0.4204E+02    0.4289E+02    0.4296E+02    0.4380E+02   -0.9990E+03
   -0.9990E+03   -0.9990E+03   -0.9990E+03   -0.9990E+03   -0.9990E+03   -0.9990E+03   -0.9990E+03   -0.9990E+03   -0.9990E+03   -0.9990E+03   -0.9990E+03   -0.9990E+03   -0.9990E+03   -0.9990E+03   -0.9990E+03   -0.9990E+03   -0.9990E+03   -0.9990E+03   -0.9990E+03   -0.9990E+03   -0.9990E+03   -0.9990E+03   -0.9990E+03   -0.9990E+03   -0.9990E+03   -0.9990E+03   -0.9990E+03   -0.9990E+03   -0.9990E+03   -0.9990E+03   -0.9990E+03   -0.9990E+03   -0.9990E+03   -0.9990E+03   -0.9990E+03   -0.9990E+03   -0.9990E+03   -0.9990E+03   -0.9990E+03   -0.9990E+03   -0.9990E+03   -0.9990E+03   -0.9990E+03   -0.9990E+03   -0.9990E+03   -0.9990E+03   -0.9990E+03   -0.9990E+03   -0.9990E+03   -0.9990E+03   -0.9990E+03   -0.9990E+03   -0.9990E+03    0.3045E+03    0.3036E+03    0.3033E+03    0.3052E+03    0.2071E+03    0.8437E+03    0.1318E+04    0.1674E+04    0.8587E+03    0.2253E+03    0.2233E+04    0.2260E+04    0.1648E+04    0.1505E+04    0.5545E+02    0.4029E+02    0.4092E+02    0.4202E+02    0.4446E+02    0.4442E+02    0.4485E+02   -0.9990E+03   -0.9990E+03
   -0.9990E+03   -0.9990E+03   -0.9990E+03   -0.9990E+03   -0.9990E+03   -0.9990E+03   -0.9990E+03   -0.9990E+03   -0.9990E+03   -0.9990E+03   -0.9990E+03   -0.9990E+03   -0.9990E+03   -0.9990E+03   -0.9990E+03   -0.9990E+03   -0.9990E+03   -0.9990E+03   -0.9990E+03   -0.9990E+03   -0.9990E+03   -0.9990E+03   -0.9990E+03   -0.9990E+03   -0.9990E+03   -0.9990E+03   -0.9990E+03   -0.9990E+03   -0.9990E+03   -0.9990E+03   -0.9990E+03   -0.9990E+03   -0.9990E+03   -0.9990E+03   -0.9990E+03   -0.9990E+03   -0.9990E+03   -0.9990E+03   -0.9990E+03   -0.9990E+03   -0.9990E+03   -0.9990E+03   -0.9990E+03   -0.9990E+03   -0.9990E+03   -0.9990E+03   -0.9990E+03   -0.9990E+03   -0.9990E+03   -0.9990E+03   -0.9990E+03   -0.9990E+03   -0.9990E+03    0.3236E+03    0.3246E+03    0.3243E+03    0.3239E+03    0.3076E+03    0.1212E+04    0.1508E+04    0.1603E+04    0.1941E+04    0.2233E+04    0.1453E+04    0.1895E+04    0.1045E+04    0.1023E+04    0.1119E+04    0.4212E+02    0.4286E+02    0.4513E+02    0.4656E+02    0.4642E+02    0.4763E+02    0.4822E+02   -0.9990E+03
   -0.9990E+03   -0.9990E+03   -0.9990E+03   -0.9990E+03   -0.9990E+03   -0.9990E+03   -0.9990E+03   -0.9990E+03   -0.9990E+03   -0.9990E+03   -0.9990E+03   -0.9990E+03   -0.9990E+03   -0.9990E+03   -0.9990E+03   -0.9990E+03   -0.9990E+03   -0.9990E+03   -0.9990E+03   -0.9990E+03   -0.9990E+03   -0.9990E+03   -0.9990E+03   -0.9990E+03   -0.9990E+03   -0.9990E+03   -0.9990E+03   -0.9990E+03   -0.9990E+03   -0.9990E+03   -0.9990E+03   -0.9990E+03   -0.9990E+03   -0.9990E+03   -0.9990E+03   -0.9990E+03   -0.9990E+03   -0.9990E+03   -0.9990E+03   -0.9990E+03   -0.9990E+03   -0.9990E+03   -0.9990E+03   -0.9990E+03   -0.9990E+03   -0.9990E+03   -0.9990E+03   -0.9990E+03   -0.9990E+03   -0.9990E+03   -0.9990E+03   -0.9990E+03    0.3239E+03    0.3256E+03    0.3257E+03    0.3256E+03    0.3263E+03    0.1802E+03    0.1692E+04    0.1725E+04    0.1754E+04    0.1903E+04    0.2258E+04    0.2170E+04    0.2334E+04    0.2343E+04    0.1177E+04    0.1180E+04    0.1198E+04    0.5716E+02    0.4761E+02    0.4743E+02    0.4892E+02    0.5003E+02    0.4932E+02   -0.9990E+03
   -0.9990E+03   -0.9990E+03   -0.9990E+03   -0.9990E+03   -0.9990E+03   -0.9990E+03   -0.9990E+03   -0.9990E+03   -0.9990E+03   -0.9990E+03   -0.9990E+03   -0.9990E+03   -0.9990E+03   -0.9990E+03   -0.9990E+03   -0.9990E+03   -0.9990E+03   -0.9990E+03   -0.9990E+03   -0.9990E+03   -0.9990E+03   -0.9990E+03   -0.9990E+03   -0.9990E+03   -0.9990E+03   -0.9990E+03   -0.9990E+03   -0.9990E+03   -0.9990E+03   -0.9990E+03   -0.9990E+03   -0.9990E+03   -0.9990E+03   -0.9990E+03   -0.9990E+03   -0.9990E+03   -0.9990E+03   -0.9990E+03   -0.9990E+03   -0.9990E+03   -0.9990E+03   -0.9990E+03   -0.9990E+03   -0.9990E+03   -0.9990E+03   -0.9990E+03   -0.9990E+03   -0.9990E+03   -0.9990E+03   -0.9990E+03   -0.9990E+03    0.2937E+03    0.3361E+03    0.3374E+03    0.3370E+03    0.3326E+03    0.3411E+03    0.1772E+03    0.2210E+04    0.1869E+04    0.1916E+04    0.2163E+04    0.2230E+04    0.2041E+04    0.2261E+04    0.2341E+04    0.2340E+04    0.1211E+04    0.6771E+03    0.5727E+02    0.4880E+02    0.5050E+02    0.4890E+02    0.5166E+02    0.5095E+02   -0.9990E+03
   -0.9990E+03   -0.9990E+03   -0.9990E+03   -0.9990E+03   -0.9990E+03   -0.9990E+03   -0.9990E+03   -0.9990E+03   -0.9990E+03   -0.9990E+03   -0.9990E+03   -0.9990E+03   -0.9990E+03   -0.9990E+03   -0.9990E+03   -0.9990E+03   -0.9990E+03   -0.9990E+03   -0.9990E+03   -0.9990E+03   -0.9990E+03   -0.9990E+03   -0.9990E+03   -0.9990E+03   -0.9990E+03   -0.9990E+03   -0.9990E+03   -0.9990E+03   -0.9990E+03   -0.9990E+03   -0.9990E+03   -0.9990E+03   -0.9990E+03   -0.9990E+03   -0.9990E+03   -0.9990E+03   -0.9990E+03   -0.9990E+03   -0.9990E+03   -0.9990E+03   -0.9990E+03   -0.9990E+03   -0.9990E+03   -0.9990E+03   -0.9990E+03   -0.9990E+03   -0.9990E+03   -0.9990E+03   -0.9990E+03    0.2355E+03    0.2524E+03    0.2515E+03    0.3168E+03    0.3821E+03    0.3868E+03    0.3900E+03    0.4015E+03    0.2553E+03    0.1276E+04    0.1555E+04    0.2256E+04    0.1644E+04    0.2273E+03    0.1281E+04    0.2339E+04    0.2344E+04    0.2342E+04    0.5975E+02    0.4561E+02    0.4841E+03    0.9388E+02    0.8829E+02    0.5293E+02    0.5107E+02    0.5311E+02   -0.9990E+03
   -0.9990E+03   -0.9990E+03   -0.9990E+03   -0.9990E+03   -0.9990E+03   -0.9990E+03   -0.9990E+03   -0.9990E+03   -0.9990E+03   -0.9990E+03   -0.9990E+03   -0.9990E+03   -0.9990E+03   -0.9990E+03   -0.9990E+03   -0.9990E+03   -0.9990E+03   -0.9990E+03   -0.9990E+03   -0.9990E+03   -0.9990E+03   -0.9990E+03   -0.9990E+03   -0.9990E+03   -0.9990E+03   -0.9990E+03   -0.9990E+03   -0.9990E+03   -0.9990E+03   -0.9990E+03   -0.9990E+03   -0.9990E+03   -0.9990E+03   -0.9990E+03   -0.9990E+03   -0.9990E+03   -0.9990E+03   -0.9990E+03   -0.9990E+03   -0.9990E+03   -0.9990E+03   -0.9990E+03   -0.9990E+03   -0.9990E+03   -0.9990E+03   -0.9990E+03   -0.9990E+03   -0.9990E+03    0.6287E+02    0.2378E+03    0.2549E+03    0.2564E+03    0.2485E+03    0.1327E+03    0.5442E+02    0.5497E+02    0.3261E+03    0.2082E+03    0.1481E+00    0.5955E+00    0.9308E+03    0.3983E+03    0.2191E+03    0.2920E+03    0.1721E+02    0.1925E+02    0.2014E+02    0.2443E+02    0.8599E+03    0.8310E+03    0.6510E+02    0.7300E+02    0.9098E+02    0.5329E+02    0.5336E+02   -0.9990E+03
   -0.9990E+03   -0.9990E+03   -0.9990E+03   -0.9990E+03   -0.9990E+03   -0.9990E+03   -0.9990E+03   -0.9990E+03   -0.9990E+03   -0.9990E+03   -0.9990E+03   -0.9990E+03   -0.9990E+03   -0.9990E+03   -0.9990E+03   -0.9990E+03   -0.9990E+03   -0.9990E+03   -0.9990E+03   -0.9990E+03   -0.9990E+03   -0.9990E+03   -0.9990E+03   -0.9990E+03   -0.9990E+03   -0.9990E+03   -0.9990E+03   -0.9990E+03   -0.9990E+03   -0.9990E+03   -0.9990E+03   -0.9990E+03   -0.9990E+03   -0.9990E+03   -0.9990E+03   -0.9990E+03   -0.9990E+03   -0.9990E+03   -0.9990E+03   -0.9990E+03   -0.9990E+03   -0.9990E+03   -0.9990E+03   -0.9990E+03   -0.9990E+03   -0.9990E+03   -0.9990E+03   -0.9990E+03    0.6357E+02    0.2341E+03    0.2464E+03    0.2610E+03    0.2470E+03    0.2151E+03    0.5607E+02    0.5473E+02    0.5561E+02    0.2581E+03    0.5413E+03    0.1866E+00    0.1616E+03    0.1641E+03    0.1831E+03    0.1877E+03    0.2333E+04    0.2342E+04    0.2343E+04    0.2329E+04    0.1687E+04    0.1584E+03    0.1334E+03    0.6931E+02    0.1113E+03    0.5529E+02    0.5316E+02   -0.9990E+03
   -0.9990E+03   -0.9990E+03   -0.9990E+03   -0.9990E+03   -0.9990E+03   -0.9990E+03   -0.9990E+03   -0.9990E+03   -0.9990E+03   -0.9990E+03   -0.9990E+03   -0.9990E+03   -0.9990E+03   -0.9990E+03   -0.9990E+03   -0.9990E+03   -0.9990E+03   -0.9990E+03   -0.9990E+03   -0.9990E+03   -0.9990E+03   -0.9990E+03   -0.9990E+03   -0.9990E+03   -0.9990E+03   -0.9990E+03   -0.9990E+03   -0.9990E+03   -0.9990E+03   -0.9990E+03   -0.9990E+03   -0.9990E+03   -0.9990E+03   -0.9990E+03   -0.9990E+03   -0.9990E+03   -0.9990E+03   -0.9990E+03   -0.9990E+03   -0.9990E+03   -0.9990E+03   -0.9990E+03   -0.9990E+03   -0.9990E+03   -0.9990E+03   -0.9990E+03   -0.9990E+03    0.8061E+03    0.6562E+02    0.2382E+03    0.2566E+03    0.2635E+03    0.2416E+03    0.2126E+03    0.6071E+02    0.5939E+02    0.5865E+02    0.8117E+03    0.1542E+04    0.1739E+04    0.1325E+04    0.1648E+03    0.1948E+03    0.2322E+04    0.1362E+04    0.1376E+04    0.1437E+04    0.1472E+04    0.1413E+04    0.1717E+03    0.1364E+03    0.1041E+03    0.1507E+03    0.5584E+02    0.5377E+02   -0.9990E+03
   -0.9990E+03   -0.9990E+03   -0.9990E+03   -0.9990E+03   -0.9990E+03   -0.9990E+03   -0.9990E+03   -0.9990E+03   -0.9990E+03   -0.9990E+03   -0.9990E+03   -0.9990E+03   -0.9990E+03   -0.9990E+03   -0.9990E+03   -0.9990E+03   -0.9990E+03   -0.9990E+03   -0.9990E+03   -0.9990E+03   -0.9990E+03   -0.9990E+03   -0.9990E+03   -0.9990E+03   -0.9990E+03   -0.9990E+03   -0.9990E+03   -0.9990E+03   -0.9990E+03   -0.9990E+03   -0.9990E+03   -0.9990E+03   -0.9990E+03   -0.9990E+03   -0.9990E+03   -0.9990E+03   -0.9990E+03   -0.9990E+03   -0.9990E+03   -0.9990E+03   -0.9990E+03   -0.9990E+03   -0.9990E+03   -0.9990E+03   -0.9990E+03   -0.9990E+03   -0.9990E+03    0.8179E+03    0.7626E+02    0.2474E+03    0.2472E+03    0.2474E+03    0.2484E+03    0.1759E+03    0.2119E+03    0.2182E+03    0.6238E+03    0.1577E+04    0.9032E+03    0.1162E+04    0.1373E+04    0.1695E+03    0.2073E+04    0.2350E+04    0.1372E+04    0.1412E+04    0.1413E+04    0.1420E+04    0.1353E+04    0.1410E+04    0.1313E+03    0.1313E+03    0.1792E+03    0.5465E+02   -0.9990E+03   -0.9990E+03
   -0.9990E+03   -0.9990E+03   -0.9990E+03   -0.9990E+03   -0.9990E+03   -0.9990E+03   -0.9990E+03   -0.9990E+03   -0.9990E+03   -0.9990E+03   -0.9990E+03   -0.9990E+03   -0.9990E+03   -0.9990E+03   -0.9990E+03   -0.9990E+03   -0.9990E+03   -0.9990E+03   -0.9990E+03   -0.9990E+03   -0.9990E+03   -0.9990E+03   -0.9990E+03   -0.9990E+03   -0.9990E+03   -0.9990E+03   -0.9990E+03   -0.9990E+03   -0.9990E+03   -0.9990E+03   -0.9990E+03   -0.9990E+03   -0.9990E+03   -0.9990E+03   -0.9990E+03   -0.9990E+03   -0.9990E+03   -0.9990E+03   -0.9990E+03   -0.9990E+03   -0.9990E+03   -0.9990E+03   -0.9990E+03   -0.9990E+03    0.9062E+03    0.8831E+03    0.7153E+03    0.7728E+03    0.7088E+03    0.2523E+03    0.1640E+03    0.1522E+03    0.1560E+03    0.1558E+03    0.1472E+03    0.2139E+03    0.7347E+03    0.1603E+04    0.6883E+03    0.1780E+04    0.1441E+04    0.1479E+02    0.2177E+04    0.2552E+04    0.1678E+04    0.1570E+04    0.1438E+04    0.1329E+04    0.1379E+04    0.1740E+03    0.1438E+03    0.1037E+03   -0.9990E+03   -0.9990E+03   -0.9990E+03   -0.9990E+03
   -0.9990E+03   -0.9990E+03   -0.9990E+03   -0.9990E+03   -0.9990E+03   -0.9990E+03   -0.9990E+03   -0.9990E+03   -0.9990E+03   -0.9990E+03   -0.9990E+03   -0.9990E+03   -0.9990E+03   -0.9990E+03   -0.9990E+03   -0.9990E+03   -0.9990E+03   -0.9990E+03   -0.9990E+03   -0.9990E+03   -0.9990E+03   -0.9990E+03   -0.9990E+03   -0.9990E+03   -0.9990E+03   -0.9990E+03   -0.9990E+03   -0.9990E+03   -0.9990E+03   -0.9990E+03   -0.9990E+03   -0.9990E+03   -0.9990E+03   -0.9990E+03   -0.9990E+03   -0.9990E+03   -0.9990E+03   -0.9990E+03   -0.9990E+03   -0.9990E+03   -0.9990E+03   -0.9990E+03   -0.9990E+03   -0.9990E+03    0.8815E+03    0.9044E+03    0.7069E+03    0.7108E+03    0.1065E+04    0.1861E+03    0.1534E+03    0.1575E+03    0.1558E+03    0.1561E+03    0.1491E+03    0.1455E+03    0.4990E+03    0.1129E+04    0.6460E+03    0.6507E+03    0.7520E+03    0.8123E+01    0.8077E+03    0.2554E+04    0.2125E+04    0.1576E+04    0.1577E+04    0.1492E+04    0.1511E+04    0.1510E+03    0.1266E+03   -0.9990E+03   -0.9990E+03   -0.9990E+03   -0.9990E+03   -0.9990E+03
   -0.9990E+03   -0.9990E+03   -0.9990E+03   -0.9990E+03   -0.9990E+03   -0.9990E+03   -0.9990E+03   -0.9990E+03   -0.9990E+03   -0.9990E+03   -0.9990E+03   -0.9990E+03   -0.9990E+03   -0.9990E+03   -0.9990E+03   -0.9990E+03   -0.9990E+03   -0.9990E+03   -0.9990E+03   -0.9990E+03   -0.9990E+03   -0.9990E+03   -0.9990E+03   -0.9990E+03   -0.9990E+03   -0.9990E+03   -0.9990E+03   -0.9990E+03   -0.9990E+03   -0.9990E+03   -0.9990E+03   -0.9990E+03   -0.9990E+03   -0.9990E+03   -0.9990E+03   -0.9990E+03   -0.9990E+03   -0.9990E+03   -0.9990E+03   -0.9990E+03   -0.9990E+03   -0.9990E+03   -0.9990E+03   -0.9990E+03    0.9047E+03    0.8885E+03    0.7199E+03    0.7325E+03    0.7458E+03    0.1672E+03    0.1644E+03    0.1625E+03    0.1628E+03    0.1601E+03    0.1538E+03    0.1520E+03    0.1884E+03    0.2612E+04    0.2617E+04    0.7882E+03    0.7635E+03    0.8552E+01    0.7675E+03    0.8972E+03    0.2512E+04    0.2493E+04    0.1609E+04    0.1525E+04    0.1685E+03    0.1624E+03    0.1301E+03   -0.9990E+03   -0.9990E+03   -0.9990E+03   -0.9990E+03   -0.9990E+03
   -0.9990E+03   -0.9990E+03   -0.9990E+03   -0.9990E+03   -0.9990E+03   -0.9990E+03   -0.9990E+03   -0.9990E+03   -0.9990E+03   -0.9990E+03   -0.9990E+03   -0.9990E+03   -0.9990E+03   -0.9990E+03   -0.9990E+03   -0.9990E+03   -0.9990E+03   -0.9990E+03   -0.9990E+03   -0.9990E+03   -0.9990E+03   -0.9990E+03   -0.9990E+03   -0.9990E+03   -0.9990E+03   -0.9990E+03   -0.9990E+03   -0.9990E+03   -0.9990E+03   -0.9990E+03   -0.9990E+03   -0.9990E+03   -0.9990E+03   -0.9990E+03   -0.9990E+03   -0.9990E+03   -0.9990E+03   -0.9990E+03   -0.9990E+03   -0.9990E+03   -0.9990E+03   -0.9990E+03   -0.9990E+03    0.8968E+03    0.9140E+03    0.8942E+03    0.7331E+03    0.7377E+03    0.7175E+03    0.1692E+03    0.1626E+03    0.1600E+03    0.1621E+03    0.1636E+03    0.1599E+03    0.1640E+03    0.1574E+03    0.2003E+03    0.2619E+04    0.2622E+04    0.8909E+03    0.1136E+02    0.7588E+03    0.7607E+03    0.7733E+03    0.2033E+04    0.1377E+03    0.1502E+03    0.1482E+03    0.1477E+03    0.6096E+02   -0.9990E+03   -0.9990E+03   -0.9990E+03   -0.9990E+03   -0.9990E+03
   -0.9990E+03   -0.9990E+03   -0.9990E+03   -0.9990E+03   -0.9990E+03   -0.9990E+03   -0.9990E+03   -0.9990E+03   -0.9990E+03   -0.9990E+03   -0.9990E+03   -0.9990E+03   -0.9990E+03   -0.9990E+03   -0.9990E+03   -0.9990E+03   -0.9990E+03   -0.9990E+03   -0.9990E+03   -0.9990E+03   -0.9990E+03   -0.9990E+03   -0.9990E+03   -0.9990E+03   -0.9990E+03   -0.9990E+03   -0.9990E+03   -0.9990E+03   -0.9990E+03   -0.9990E+03   -0.9990E+03   -0.9990E+03   -0.9990E+03   -0.9990E+03   -0.9990E+03   -0.9990E+03   -0.9990E+03   -0.9990E+03   -0.9990E+03   -0.9990E+03   -0.9990E+03   -0.9990E+03   -0.9990E+03    0.9249E+03    0.9048E+03    0.9093E+03    0.7082E+03    0.7113E+03    0.7354E+03    0.1575E+03    0.1666E+03    0.1594E+03    0.1623E+03    0.1675E+03    0.1657E+03    0.1638E+03    0.1667E+03    0.1913E+03    0.2621E+04    0.2623E+04    0.8578E+03    0.1277E+02    0.8728E+03    0.8735E+03    0.7842E+03    0.1490E+04    0.1136E+04    0.1117E+03    0.1499E+03    0.1602E+03   -0.9990E+03   -0.9990E+03   -0.9990E+03   -0.9990E+03   -0.9990E+03   -0.9990E+03
   -0.9990E+03   -0.9990E+03   -0.9990E+03   -0.9990E+03   -0.9990E+03   -0.9990E+03   -0.9990E+03   -0.9990E+03   -0.9990E+03   -0.9990E+03   -0.9990E+03   -0.9990E+03   -0.9990E+03   -0.9990E+03   -0.9990E+03   -0.9990E+03   -0.9990E+03   -0.9990E+03   -0.9990E+03   -0.9990E+03   -0.9990E+03   -0.9990E+03   -0.9990E+03   -0.9990E+03   -0.9990E+03   -0.9990E+03   -0.9990E+03   -0.9990E+03   -0.9990E+03   -0.9990E+03   -0.9990E+03   -0.9990E+03   -0.9990E+03   -0.9990E+03   -0.9990E+03   -0.9990E+03   -0.9990E+03   -0.9990E+03   -0.9990E+03   -0.9990E+03    0.4517E+03   -0.9990E+03   -0.9990E+03    0.8945E+03    0.9376E+03    0.8864E+03    0.7196E+03    0.7453E+03    0.7375E+03    0.1447E+03    0.2471E+03    0.1684E+03    0.1711E+03    0.1759E+03    0.1695E+03    0.1726E+03    0.1754E+03    0.1755E+03    0.2623E+04    0.2626E+04    0.9046E+03    0.1086E+02    0.8889E+03    0.8940E+03    0.7755E+03    0.8436E+03    0.1350E+04    0.6709E+03    0.5714E+03    0.1527E+03    0.5942E+03   -0.9990E+03   -0.9990E+03   -0.9990E+03   -0.9990E+03   -0.9990E+03
   -0.9990E+03   -0.9990E+03   -0.9990E+03   -0.9990E+03   -0.9990E+03   -0.9990E+03   -0.9990E+03   -0.9990E+03   -0.9990E+03   -0.9990E+03   -0.9990E+03   -0.9990E+03   -0.9990E+03   -0.9990E+03   -0.9990E+03   -0.9990E+03   -0.9990E+03   -0.9990E+03   -0.9990E+03   -0.9990E+03   -0.9990E+03   -0.9990E+03   -0.9990E+03   -0.9990E+03   -0.9990E+03   -0.9990E+03   -0.9990E+03   -0.9990E+03   -0.9990E+03   -0.9990E+03   -0.9990E+03   -0.9990E+03   -0.9990E+03   -0.9990E+03   -0.9990E+03    0.4604E+03    0.4613E+03    0.4544E+03    0.4573E+03    0.4623E+03    0.4641E+03    0.2676E+03    0.7426E+03    0.9211E+03    0.9266E+03    0.8877E+03    0.7484E+03    0.7617E+03    0.7346E+03    0.1521E+03    0.2499E+03    0.1799E+03    0.1772E+03    0.1780E+03    0.1795E+03    0.1803E+03    0.1798E+03    0.1884E+03    0.2627E+04    0.2624E+04    0.8684E+03    0.9765E+01    0.3115E+03    0.3725E+03    0.1879E+03    0.7134E+03    0.1640E+04    0.1097E+04    0.1772E+04    0.6859E+03    0.4358E+03   -0.9990E+03   -0.9990E+03   -0.9990E+03   -0.9990E+03   -0.9990E+03
   -0.9990E+03   -0.9990E+03   -0.9990E+03   -0.9990E+03   -0.9990E+03   -0.9990E+03   -0.9990E+03   -0.9990E+03   -0.9990E+03   -0.9990E+03   -0.9990E+03   -0.9990E+03   -0.9990E+03   -0.9990E+03   -0.9990E+03   -0.9990E+03   -0.9990E+03   -0.9990E+03   -0.9990E+03   -0.9990E+03   -0.9990E+03   -0.9990E+03   -0.9990E+03   -0.9990E+03   -0.9990E+03   -0.9990E+03   -0.9990E+03   -0.9990E+03   -0.9990E+03   -0.9990E+03   -0.9990E+03   -0.9990E+03   -0.9990E+03   -0.9990E+03   -0.9990E+03    0.3617E+03    0.3689E+03    0.3924E+03    0.4491E+03    0.4510E+03    0.4300E+03    0.2608E+03    0.7374E+03    0.9339E+03    0.9234E+03    0.9120E+03    0.7255E+03    0.7307E+03    0.7396E+03    0.6529E+03    0.8003E+03    0.1828E+03    0.1807E+03    0.4309E+03    0.1820E+03    0.1840E+03    0.1854E+03    0.2885E+03    0.2239E+04    0.4426E+03    0.7297E+03    0.2193E+03    0.5856E+03    0.2076E+04    0.1242E+04    0.2206E+04    0.8502E+03    0.1027E+04    0.8893E+03    0.6007E+03    0.7119E+03    0.5120E+03   -0.9990E+03   -0.9990E+03   -0.9990E+03   -0.9990E+03
   -0.9990E+03   -0.9990E+03   -0.9990E+03   -0.9990E+03   -0.9990E+03   -0.9990E+03   -0.9990E+03   -0.9990E+03   -0.9990E+03   -0.9990E+03   -0.9990E+03   -0.9990E+03   -0.9990E+03   -0.9990E+03   -0.9990E+03   -0.9990E+03   -0.9990E+03   -0.9990E+03   -0.9990E+03   -0.9990E+03   -0.9990E+03   -0.9990E+03   -0.9990E+03   -0.9990E+03   -0.9990E+03   -0.9990E+03   -0.9990E+03   -0.9990E+03   -0.9990E+03   -0.9990E+03   -0.9990E+03   -0.9990E+03   -0.9990E+03   -0.9990E+03    0.3432E+03    0.3511E+03    0.3467E+03    0.3448E+03    0.3443E+03    0.3638E+03    0.4175E+03    0.2607E+03    0.7421E+03    0.9041E+03    0.9217E+03    0.9080E+03    0.7342E+03    0.7147E+03    0.7143E+03    0.7290E+03    0.7033E+03    0.8785E+03    0.4033E+03    0.3607E+03    0.4275E+03    0.1845E+03    0.1847E+03    0.2146E+03    0.5308E+03    0.7111E+03    0.1344E+04    0.2122E+03    0.6795E+03    0.1027E+04    0.1598E+04    0.8584E+03    0.1040E+04    0.6706E+03    0.1304E+04    0.6658E+03    0.4602E+03    0.5067E+03   -0.9990E+03   -0.9990E+03   -0.9990E+03   -0.9990E+03
   -0.9990E+03   -0.9990E+03   -0.9990E+03   -0.9990E+03   -0.9990E+03   -0.9990E+03   -0.9990E+03   -0.9990E+03   -0.9990E+03   -0.9990E+03   -0.9990E+03   -0.9990E+03   -0.9990E+03   -0.9990E+03   -0.9990E+03   -0.9990E+03   -0.9990E+03   -0.9990E+03   -0.9990E+03   -0.9990E+03   -0.9990E+03   -0.9990E+03   -0.9990E+03   -0.9990E+03   -0.9990E+03   -0.9990E+03   -0.9990E+03   -0.9990E+03   -0.9990E+03   -0.9990E+03   -0.9990E+03   -0.9990E+03   -0.9990E+03   -0.9990E+03    0.3412E+03    0.3505E+03    0.3500E+03    0.3475E+03    0.3134E+03    0.3072E+03    0.1860E+03    0.4530E+03    0.7403E+03    0.9492E+03    0.7778E+03    0.5330E+03    0.8883E+03    0.1012E+04    0.8796E+03    0.8898E+03    0.9151E+03    0.8670E+03    0.2586E+03    0.1502E+03    0.3293E+03    0.1889E+03    0.1893E+03    0.1872E+03    0.4506E+03    0.9255E+03    0.2502E+04    0.2140E+03    0.2094E+04    0.9119E+03    0.8808E+03    0.6043E+03    0.4556E+03    0.3725E+03    0.9180E+03    0.6761E+03    0.7839E+03    0.3053E+03   -0.9990E+03   -0.9990E+03   -0.9990E+03   -0.9990E+03
   -0.9990E+03   -0.9990E+03   -0.9990E+03   -0.9990E+03   -0.9990E+03   -0.9990E+03   -0.9990E+03   -0.9990E+03   -0.9990E+03   -0.9990E+03   -0.9990E+03   -0.9990E+03   -0.9990E+03   -0.9990E+03   -0.9990E+03   -0.9990E+03   -0.9990E+03   -0.9990E+03   -0.9990E+03   -0.9990E+03   -0.9990E+03   -0.9990E+03   -0.9990E+03   -0.9990E+03   -0.9990E+03   -0.9990E+03   -0.9990E+03   -0.9990E+03   -0.9990E+03   -0.9990E+03   -0.9990E+03   -0.9990E+03   -0.9990E+03   -0.9990E+03    0.3439E+03    0.3436E+03    0.3482E+03    0.2302E+03    0.3669E+03    0.1556E+03    0.1337E+03    0.1425E+03    0.6452E+03    0.8699E+03    0.1932E+03    0.3021E+03    0.1748E+03    0.5969E+03    0.1734E+03    0.1650E+03    0.1840E+03    0.8879E+03    0.4041E+03    0.1596E+03    0.3377E+03    0.1904E+03    0.1898E+03    0.1930E+03    0.2256E+04    0.1971E+04    0.1997E+03    0.1375E+03    0.2473E+04    0.1577E+04    0.2595E+03    0.5843E+03    0.6980E+03    0.4253E+03    0.6158E+03    0.4348E+03    0.3958E+03    0.4878E+03   -0.9990E+03   -0.9990E+03   -0.9990E+03   -0.9990E+03
   -0.9990E+03   -0.9990E+03   -0.9990E+03   -0.9990E+03   -0.9990E+03   -0.9990E+03   -0.9990E+03   -0.9990E+03   -0.9990E+03   -0.9990E+03   -0.9990E+03   -0.9990E+03   -0.9990E+03   -0.9990E+03   -0.9990E+03   -0.9990E+03   -0.9990E+03   -0.9990E+03   -0.9990E+03   -0.9990E+03   -0.9990E+03   -0.9990E+03   -0.9990E+03   -0.9990E+03   -0.9990E+03   -0.9990E+03   -0.9990E+03   -0.9990E+03   -0.9990E+03   -0.9990E+03   -0.9990E+03   -0.9990E+03   -0.9990E+03   -0.9990E+03    0.3451E+03    0.3461E+03    0.3069E+03    0.1504E+03    0.3087E+03    0.1286E+03    0.1347E+03    0.1349E+03    0.3133E+03    0.7087E+03    0.9190E+03    0.9359E+03    0.1717E+03    0.1527E+03    0.1527E+03    0.1576E+03    0.8796E+03    0.8740E+03    0.1716E+03    0.2282E+03    0.3242E+03    0.1950E+03    0.1897E+03    0.1915E+03    0.6336E+03    0.2256E+04    0.2506E+03    0.1381E+03    0.1855E+04    0.1307E+04    0.7226E+03    0.8228E+03    0.5771E+03    0.8825E+03   -0.9990E+03    0.7659E+03   -0.9990E+03   -0.9990E+03   -0.9990E+03   -0.9990E+03   -0.9990E+03   -0.9990E+03
   -0.9990E+03   -0.9990E+03   -0.9990E+03   -0.9990E+03   -0.9990E+03   -0.9990E+03   -0.9990E+03   -0.9990E+03   -0.9990E+03   -0.9990E+03   -0.9990E+03   -0.9990E+03   -0.9990E+03   -0.9990E+03   -0.9990E+03   -0.9990E+03   -0.9990E+03   -0.9990E+03   -0.9990E+03   -0.9990E+03   -0.9990E+03   -0.9990E+03   -0.9990E+03   -0.9990E+03   -0.9990E+03   -0.9990E+03   -0.9990E+03   -0.9990E+03   -0.9990E+03   -0.9990E+03   -0.9990E+03   -0.9990E+03   -0.9990E+03   -0.9990E+03    0.3486E+03    0.3537E+03    0.2988E+03    0.1532E+03    0.2856E+03    0.1351E+03    0.2967E+03    0.2780E+03    0.1405E+03    0.1382E+03    0.7359E+03    0.5900E+03    0.1668E+03    0.1532E+03    0.1497E+03    0.1598E+03    0.1595E+03    0.1416E+03    0.1520E+03    0.3260E+03    0.1819E+03    0.1916E+03    0.1890E+03    0.2701E+03    0.8910E+03    0.2487E+03    0.2516E+03    0.2250E+04    0.2045E+04    0.2750E+04    0.1269E+04    0.7185E+03    0.5886E+03    0.3724E+03   -0.9990E+03   -0.9990E+03   -0.9990E+03   -0.9990E+03   -0.9990E+03   -0.9990E+03   -0.9990E+03   -0.9990E+03
   -0.9990E+03   -0.9990E+03   -0.9990E+03   -0.9990E+03   -0.9990E+03   -0.9990E+03   -0.9990E+03   -0.9990E+03   -0.9990E+03   -0.9990E+03   -0.9990E+03   -0.9990E+03   -0.9990E+03   -0.9990E+03   -0.9990E+03   -0.9990E+03   -0.9990E+03   -0.9990E+03   -0.9990E+03   -0.9990E+03   -0.9990E+03   -0.9990E+03   -0.9990E+03   -0.9990E+03   -0.9990E+03   -0.9990E+03   -0.9990E+03   -0.9990E+03   -0.9990E+03   -0.9990E+03   -0.9990E+03   -0.9990E+03   -0.9990E+03   -0.9990E+03    0.1871E+03    0.1891E+03    0.3504E+03    0.1504E+03    0.3096E+03    0.3402E+03    0.2439E+03    0.1499E+03    0.2797E+03    0.3201E+03    0.3185E+03    0.1520E+03    0.1582E+03    0.1559E+03    0.1519E+03    0.1575E+03    0.1814E+03    0.1520E+03    0.3587E+03    0.4450E+03    0.3107E+03    0.2788E+03    0.4837E+03    0.4967E+03    0.3503E+01    0.3269E+01    0.2137E+04    0.1987E+04    0.1447E+04    0.1728E+04    0.2382E+04    0.1289E+04    0.1548E+04    0.6803E+03    0.1346E+04   -0.9990E+03   -0.9990E+03   -0.9990E+03   -0.9990E+03   -0.9990E+03   -0.9990E+03   -0.9990E+03
   -0.9990E+03   -0.9990E+03   -0.9990E+03   -0.9990E+03   -0.9990E+03   -0.9990E+03   -0.9990E+03   -0.9990E+03   -0.9990E+03   -0.9990E+03   -0.9990E+03   -0.9990E+03   -0.9990E+03   -0.9990E+03   -0.9990E+03   -0.9990E+03   -0.9990E+03   -0.9990E+03   -0.9990E+03   -0.9990E+03   -0.9990E+03   -0.9990E+03   -0.9990E+03   -0.9990E+03   -0.9990E+03   -0.9990E+03   -0.9990E+03   -0.9990E+03   -0.9990E+03   -0.9990E+03   -0.9990E+03   -0.9990E+03   -0.9990E+03   -0.9990E+03    0.2461E+03    0.1620E+03    0.3049E+03    0.2456E+03    0.3496E+03    0.3016E+03    0.1487E+03    0.1574E+03    0.1436E+03    0.1466E+03    0.1471E+03    0.1475E+03    0.1515E+03    0.1539E+03    0.1555E+03    0.1530E+03    0.1506E+03    0.1458E+03    0.1571E+03    0.3438E+03    0.2809E+03    0.3676E+03    0.8208E+03    0.1674E+04    0.2071E+03    0.2168E+04    0.2045E+04    0.2078E+04    0.1703E+04    0.1915E+04    0.1631E+04    0.2296E+04    0.2138E+04    0.2164E+04   -0.9990E+03   -0.9990E+03   -0.9990E+03   -0.9990E+03   -0.9990E+03   -0.9990E+03   -0.9990E+03   -0.9990E+03
   -0.9990E+03   -0.9990E+03   -0.9990E+03   -0.9990E+03   -0.9990E+03   -0.9990E+03   -0.9990E+03   -0.9990E+03   -0.9990E+03   -0.9990E+03   -0.9990E+03   -0.9990E+03   -0.9990E+03   -0.9990E+03   -0.9990E+03   -0.9990E+03   -0.9990E+03   -0.9990E+03   -0.9990E+03   -0.9990E+03   -0.9990E+03   -0.9990E+03   -0.9990E+03   -0.9990E+03   -0.9990E+03   -0.9990E+03   -0.9990E+03   -0.9990E+03   -0.9990E+03   -0.9990E+03   -0.9990E+03   -0.9990E+03   -0.9990E+03   -0.9990E+03   -0.9990E+03    0.8277E+02    0.2807E+01    0.2217E+03    0.3500E+03    0.3666E+03    0.2742E+03    0.2594E+03    0.3203E+03    0.3068E+03    0.1666E+03    0.1657E+03    0.1517E+03    0.1574E+03    0.1527E+03    0.1469E+03    0.1380E+03    0.1458E+03    0.1389E+03    0.3305E+03    0.1479E+03    0.3705E+03    0.8648E+03    0.1377E+03    0.2050E+03    0.2221E+04    0.1955E+04    0.1899E+04    0.2102E+04    0.2072E+04    0.1642E+04    0.1624E+04    0.6597E+03   -0.9990E+03   -0.9990E+03   -0.9990E+03   -0.9990E+03   -0.9990E+03   -0.9990E+03   -0.9990E+03   -0.9990E+03   -0.9990E+03
   -0.9990E+03   -0.9990E+03   -0.9990E+03   -0.9990E+03   -0.9990E+03   -0.9990E+03   -0.9990E+03   -0.9990E+03   -0.9990E+03   -0.9990E+03   -0.9990E+03   -0.9990E+03   -0.9990E+03   -0.9990E+03   -0.9990E+03   -0.9990E+03   -0.9990E+03   -0.9990E+03   -0.9990E+03   -0.9990E+03   -0.9990E+03   -0.9990E+03   -0.9990E+03   -0.9990E+03   -0.9990E+03   -0.9990E+03   -0.9990E+03   -0.9990E+03   -0.9990E+03   -0.9990E+03   -0.9990E+03   -0.9990E+03   -0.9990E+03   -0.9990E+03   -0.9990E+03   -0.9990E+03    0.1544E+03    0.2521E+03    0.1262E+03    0.9627E+03    0.9529E+03    0.8294E+03    0.9278E+03    0.3120E+03    0.1521E+03    0.1814E+03    0.1641E+03    0.1511E+03    0.1537E+03    0.1448E+03    0.1449E+03    0.1469E+03    0.1373E+03    0.2817E+03    0.2600E+03    0.2167E+03    0.1701E+03    0.1363E+03    0.3957E+03    0.2342E+04    0.2549E+04    0.2749E+04    0.2297E+04    0.2233E+04    0.2271E+04    0.1459E+04    0.8530E+03   -0.9990E+03   -0.9990E+03   -0.9990E+03   -0.9990E+03   -0.9990E+03   -0.9990E+03   -0.9990E+03   -0.9990E+03   -0.9990E+03
   -0.9990E+03   -0.9990E+03   -0.9990E+03   -0.9990E+03   -0.9990E+03   -0.9990E+03   -0.9990E+03   -0.9990E+03   -0.9990E+03   -0.9990E+03   -0.9990E+03   -0.9990E+03   -0.9990E+03   -0.9990E+03   -0.9990E+03   -0.9990E+03   -0.9990E+03   -0.9990E+03   -0.9990E+03   -0.9990E+03   -0.9990E+03   -0.9990E+03   -0.9990E+03   -0.9990E+03   -0.9990E+03   -0.9990E+03   -0.9990E+03   -0.9990E+03   -0.9990E+03   -0.9990E+03   -0.9990E+03   -0.9990E+03   -0.9990E+03   -0.9990E+03   -0.9990E+03   -0.9990E+03    0.1555E+03    0.3122E+03    0.7146E+03    0.1197E+04    0.7933E+03    0.1370E+04    0.1226E+04    0.2006E+03    0.1619E+03    0.1592E+03    0.1625E+03    0.1461E+03    0.1482E+03    0.1323E+03    0.1317E+03    0.1279E+03    0.1226E+03    0.1287E+03    0.1272E+03    0.1243E+03    0.1347E+03    0.1332E+03    0.1350E+03    0.2389E+04    0.1315E+04    0.1634E+04    0.1184E+04    0.9573E+03    0.1943E+04    0.2155E+04   -0.9990E+03   -0.9990E+03   -0.9990E+03   -0.9990E+03   -0.9990E+03   -0.9990E+03   -0.9990E+03   -0.9990E+03   -0.9990E+03   -0.9990E+03
   -0.9990E+03   -0.9990E+03   -0.9990E+03   -0.9990E+03   -0.9990E+03   -0.9990E+03   -0.9990E+03   -0.9990E+03   -0.9990E+03   -0.9990E+03   -0.9990E+03   -0.9990E+03   -0.9990E+03   -0.9990E+03   -0.9990E+03   -0.9990E+03   -0.9990E+03   -0.9990E+03   -0.9990E+03   -0.9990E+03   -0.9990E+03   -0.9990E+03   -0.9990E+03   -0.9990E+03   -0.9990E+03   -0.9990E+03   -0.9990E+03   -0.9990E+03   -0.9990E+03   -0.9990E+03   -0.9990E+03   -0.9990E+03   -0.9990E+03   -0.9990E+03   -0.9990E+03    0.1622E+03    0.1389E+03   -0.9990E+03    0.1506E+04    0.1848E+04    0.1182E+04    0.1330E+04    0.1492E+04    0.2183E+03    0.1745E+03    0.1399E+03    0.1446E+03    0.1376E+03    0.1411E+03    0.1333E+03    0.1199E+03    0.1240E+03    0.1333E+03    0.1327E+03    0.1318E+03    0.1321E+03    0.1322E+03    0.1293E+03    0.1208E+03    0.7535E+03    0.5538E+03    0.8422E+03    0.8701E+03    0.7306E+03    0.5487E+03    0.8612E+03   -0.9990E+03   -0.9990E+03   -0.9990E+03   -0.9990E+03   -0.9990E+03   -0.9990E+03   -0.9990E+03   -0.9990E+03   -0.9990E+03   -0.9990E+03
   -0.9990E+03   -0.9990E+03   -0.9990E+03   -0.9990E+03   -0.9990E+03   -0.9990E+03   -0.9990E+03   -0.9990E+03   -0.9990E+03   -0.9990E+03   -0.9990E+03   -0.9990E+03   -0.9990E+03   -0.9990E+03   -0.9990E+03   -0.9990E+03   -0.9990E+03   -0.9990E+03   -0.9990E+03   -0.9990E+03   -0.9990E+03   -0.9990E+03   -0.9990E+03   -0.9990E+03   -0.9990E+03   -0.9990E+03   -0.9990E+03   -0.9990E+03   -0.9990E+03   -0.9990E+03   -0.9990E+03   -0.9990E+03   -0.9990E+03   -0.9990E+03   -0.9990E+03    0.1451E+03   -0.9990E+03   -0.9990E+03    0.1096E+04    0.8298E+03    0.4245E+03    0.1388E+04    0.1433E+04    0.2501E+03    0.2025E+03    0.1406E+03    0.1327E+03    0.1275E+03    0.1332E+03    0.1309E+03    0.1271E+03    0.1286E+03    0.1235E+03    0.1223E+03    0.1238E+03    0.1236E+03    0.1159E+03    0.1186E+03    0.1302E+03    0.1193E+03    0.7433E+03    0.6472E+03    0.6082E+03    0.4679E+03    0.2486E+03    0.3571E+03   -0.9990E+03   -0.9990E+03   -0.9990E+03   -0.9990E+03   -0.9990E+03   -0.9990E+03   -0.9990E+03   -0.9990E+03   -0.9990E+03   -0.9990E+03
   -0.9990E+03   -0.9990E+03   -0.9990E+03   -0.9990E+03   -0.9990E+03   -0.9990E+03   -0.9990E+03   -0.9990E+03   -0.9990E+03   -0.9990E+03   -0.9990E+03   -0.9990E+03   -0.9990E+03   -0.9990E+03   -0.9990E+03   -0.9990E+03   -0.9990E+03   -0.9990E+03   -0.9990E+03   -0.9990E+03   -0.9990E+03   -0.9990E+03   -0.9990E+03   -0.9990E+03   -0.9990E+03   -0.9990E+03   -0.9990E+03   -0.9990E+03   -0.9990E+03   -0.9990E+03   -0.9990E+03   -0.9990E+03   -0.9990E+03   -0.9990E+03    0.1411E+03    0.1255E+03   -0.9990E+03   -0.9990E+03   -0.9990E+03   -0.9990E+03   -0.9990E+03    0.2051E+04    0.1264E+04    0.1426E+04    0.1193E+04    0.1397E+03    0.1300E+03    0.1254E+03    0.1187E+03    0.1228E+03    0.1213E+03    0.1161E+03    0.1126E+03    0.1112E+03    0.1079E+03    0.1138E+03    0.2162E+03    0.2328E+03    0.4202E+03    0.1203E+03    0.1192E+04    0.2156E+04    0.1679E+04    0.1500E+04    0.4963E+03    0.5176E+03   -0.9990E+03   -0.9990E+03   -0.9990E+03   -0.9990E+03   -0.9990E+03   -0.9990E+03   -0.9990E+03   -0.9990E+03   -0.9990E+03   -0.9990E+03
   -0.9990E+03   -0.9990E+03   -0.9990E+03   -0.9990E+03   -0.9990E+03   -0.9990E+03   -0.9990E+03   -0.9990E+03   -0.9990E+03   -0.9990E+03   -0.9990E+03   -0.9990E+03   -0.9990E+03   -0.9990E+03   -0.9990E+03   -0.9990E+03   -0.9990E+03   -0.9990E+03   -0.9990E+03   -0.9990E+03   -0.9990E+03   -0.9990E+03   -0.9990E+03   -0.9990E+03   -0.9990E+03   -0.9990E+03   -0.9990E+03   -0.9990E+03   -0.9990E+03   -0.9990E+03   -0.9990E+03   -0.9990E+03   -0.9990E+03    0.1406E+00    0.1419E+03    0.2008E+03   -0.9990E+03   -0.9990E+03   -0.9990E+03   -0.9990E+03   -0.9990E+03    0.2093E+04    0.2252E+04    0.1077E+04    0.1359E+04    0.1351E+03    0.1279E+03    0.1207E+03    0.1164E+03    0.1090E+03    0.1057E+03    0.1108E+03    0.1147E+03    0.1130E+03    0.1120E+03    0.1135E+03    0.1051E+03    0.1145E+03    0.2445E+03    0.4679E+03    0.2190E+03    0.1398E+04    0.1003E+04    0.1112E+04    0.8736E+03   -0.9990E+03   -0.9990E+03   -0.9990E+03   -0.9990E+03   -0.9990E+03   -0.9990E+03   -0.9990E+03   -0.9990E+03   -0.9990E+03   -0.9990E+03   -0.9990E+03
   -0.9990E+03   -0.9990E+03   -0.9990E+03   -0.9990E+03   -0.9990E+03   -0.9990E+03   -0.9990E+03   -0.9990E+03   -0.9990E+03   -0.9990E+03   -0.9990E+03   -0.9990E+03   -0.9990E+03   -0.9990E+03   -0.9990E+03   -0.9990E+03   -0.9990E+03   -0.9990E+03   -0.9990E+03   -0.9990E+03   -0.9990E+03   -0.9990E+03   -0.9990E+03   -0.9990E+03   -0.9990E+03   -0.9990E+03   -0.9990E+03   -0.9990E+03   -0.9990E+03   -0.9990E+03   -0.9990E+03   -0.9990E+03   -0.9990E+03    0.1125E+03    0.1097E+03   -0.9990E+03   -0.9990E+03   -0.9990E+03   -0.9990E+03   -0.9990E+03   -0.9990E+03   -0.9990E+03    0.2001E+04    0.1077E+04    0.1402E+03    0.1230E+03    0.1207E+03    0.1122E+03    0.1081E+03    0.1050E+03    0.1071E+03    0.1061E+03    0.1052E+03    0.1054E+03    0.1051E+03    0.1054E+03    0.1066E+03    0.2341E+03    0.2402E+03    0.5166E+03    0.2370E+03    0.1286E+04    0.3053E+03    0.9200E+03   -0.9990E+03   -0.9990E+03   -0.9990E+03   -0.9990E+03   -0.9990E+03   -0.9990E+03   -0.9990E+03   -0.9990E+03   -0.9990E+03   -0.9990E+03   -0.9990E+03   -0.9990E+03
   -0.9990E+03   -0.9990E+03   -0.9990E+03   -0.9990E+03   -0.9990E+03   -0.9990E+03   -0.9990E+03   -0.9990E+03   -0.9990E+03   -0.9990E+03   -0.9990E+03   -0.9990E+03   -0.9990E+03   -0.9990E+03   -0.9990E+03   -0.9990E+03   -0.9990E+03   -0.9990E+03   -0.9990E+03   -0.9990E+03   -0.9990E+03   -0.9990E+03   -0.9990E+03   -0.9990E+03   -0.9990E+03   -0.9990E+03   -0.9990E+03    0.8728E+03    0.8913E+03    0.8931E+03   -0.9990E+03   -0.9990E+03   -0.9990E+03    0.1124E+03    0.1090E+03   -0.9990E+03   -0.9990E+03   -0.9990E+03   -0.9990E+03    0.5059E+03   -0.9990E+03    0.1719E+04    0.2299E+04    0.1241E+04    0.1356E+03    0.1171E+03    0.1125E+03    0.1035E+03    0.1044E+03    0.1038E+03    0.1000E+03    0.9941E+02    0.9806E+02    0.9713E+02    0.9618E+02    0.9660E+02    0.9841E+02    0.9876E+02    0.2655E+03    0.1431E+04    0.1475E+04    0.1277E+04    0.1333E+04    0.1347E+04   -0.9990E+03   -0.9990E+03   -0.9990E+03   -0.9990E+03   -0.9990E+03   -0.9990E+03   -0.9990E+03   -0.9990E+03   -0.9990E+03   -0.9990E+03   -0.9990E+03   -0.9990E+03
   -0.9990E+03   -0.9990E+03   -0.9990E+03   -0.9990E+03   -0.9990E+03   -0.9990E+03   -0.9990E+03   -0.9990E+03   -0.9990E+03   -0.9990E+03   -0.9990E+03   -0.9990E+03   -0.9990E+03   -0.9990E+03   -0.9990E+03   -0.9990E+03   -0.9990E+03   -0.9990E+03   -0.9990E+03   -0.9990E+03   -0.9990E+03   -0.9990E+03   -0.9990E+03   -0.9990E+03   -0.9990E+03   -0.9990E+03   -0.9990E+03    0.5555E+03    0.5431E+03    0.8953E+03   -0.9990E+03   -0.9990E+03   -0.9990E+03    0.1508E+03    0.1184E+03   -0.9990E+03   -0.9990E+03    0.9879E+03    0.1294E+04    0.5146E+03    0.7187E+03    0.1187E+04    0.1327E+04    0.1332E+04    0.1342E+03    0.1095E+03    0.1065E+03    0.9708E+02    0.9776E+02    0.9771E+02    0.9574E+02    0.9401E+02    0.9164E+02    0.8933E+02    0.8812E+02    0.8760E+02    0.9321E+02    0.9592E+02    0.9907E+02    0.1125E+03    0.5873E+03    0.1479E+04    0.1570E+04    0.1280E+04    0.1298E+04    0.7865E+03   -0.9990E+03   -0.9990E+03   -0.9990E+03   -0.9990E+03   -0.9990E+03   -0.9990E+03   -0.9990E+03   -0.9990E+03   -0.9990E+03   -0.9990E+03
   -0.9990E+03   -0.9990E+03   -0.9990E+03   -0.9990E+03   -0.9990E+03   -0.9990E+03   -0.9990E+03   -0.9990E+03   -0.9990E+03   -0.9990E+03   -0.9990E+03   -0.9990E+03   -0.9990E+03   -0.9990E+03   -0.9990E+03   -0.9990E+03   -0.9990E+03   -0.9990E+03   -0.9990E+03   -0.9990E+03   -0.9990E+03   -0.9990E+03   -0.9990E+03   -0.9990E+03   -0.9990E+03   -0.9990E+03    0.5441E+03    0.5416E+03    0.5578E+03    0.5831E+03    0.9503E+03    0.8179E+03    0.9177E+03   -0.9990E+03    0.1161E+03   -0.9990E+03    0.9280E+03    0.7578E+03    0.1449E+04    0.1546E+04    0.3485E+03    0.1030E+03    0.1306E+04    0.1170E+03    0.1197E+03    0.1027E+03    0.9706E+02    0.8912E+02    0.9201E+02    0.9162E+02    0.8856E+02    0.8662E+02    0.8473E+02    0.8276E+02    0.8196E+02    0.8371E+02    0.8613E+02    0.8935E+02    0.9325E+02    0.9451E+02    0.1014E+03    0.1128E+03    0.5894E+03    0.1512E+04    0.1306E+04    0.1332E+04   -0.9990E+03   -0.9990E+03   -0.9990E+03   -0.9990E+03   -0.9990E+03   -0.9990E+03   -0.9990E+03   -0.9990E+03   -0.9990E+03   -0.9990E+03
   -0.9990E+03   -0.9990E+03   -0.9990E+03   -0.9990E+03   -0.9990E+03   -0.9990E+03   -0.9990E+03   -0.9990E+03   -0.9990E+03   -0.9990E+03   -0.9990E+03   -0.9990E+03   -0.9990E+03   -0.9990E+03   -0.9990E+03   -0.9990E+03   -0.9990E+03   -0.9990E+03   -0.9990E+03   -0.9990E+03   -0.9990E+03   -0.9990E+03   -0.9990E+03   -0.9990E+03   -0.9990E+03   -0.9990E+03    0.5385E+03    0.5755E+03    0.5812E+03    0.5562E+03    0.5597E+03    0.5866E+03    0.5786E+03    0.8013E+03    0.6637E+00    0.1034E+04    0.1112E+04    0.1377E+04    0.1395E+04    0.1145E+04    0.4252E+03    0.1930E+03    0.1013E+03    0.1339E+03    0.1064E+03    0.9604E+02    0.9049E+02    0.8485E+02    0.8661E+02    0.8597E+02    0.8572E+02    0.8470E+02    0.8308E+02    0.8030E+02    0.7844E+02    0.7731E+02    0.7921E+02    0.8227E+02    0.8874E+02    0.8887E+02    0.9723E+02    0.1006E+03    0.1764E+03    0.1446E+04    0.1374E+04    0.1350E+04   -0.9990E+03   -0.9990E+03   -0.9990E+03   -0.9990E+03   -0.9990E+03   -0.9990E+03   -0.9990E+03   -0.9990E+03   -0.9990E+03   -0.9990E+03
   -0.9990E+03   -0.9990E+03   -0.9990E+03   -0.9990E+03   -0.9990E+03   -0.9990E+03   -0.9990E+03   -0.9990E+03   -0.9990E+03   -0.9990E+03   -0.9990E+03   -0.9990E+03   -0.9990E+03   -0.9990E+03   -0.9990E+03   -0.9990E+03   -0.9990E+03   -0.9990E+03   -0.9990E+03   -0.9990E+03   -0.9990E+03   -0.9990E+03   -0.9990E+03   -0.9990E+03   -0.9990E+03   -0.9990E+03    0.5851E+03    0.5958E+03    0.6186E+03    0.6260E+03    0.5997E+03    0.6049E+03    0.6281E+03    0.5790E+03    0.1330E+01    0.1133E+04    0.1366E+04    0.1449E+04    0.1309E+04    0.1287E+04    0.2558E+03    0.1973E+03    0.1225E+03    0.1263E+03    0.9783E+02    0.8858E+02    0.8680E+02    0.8374E+02    0.8192E+02    0.7690E+02    0.8134E+02    0.8098E+02    0.7890E+02    0.7614E+02    0.7314E+02    0.6886E+02    0.7385E+02    0.7889E+02    0.8394E+02    0.8816E+02    0.9578E+02    0.9333E+02    0.1014E+03    0.1473E+04    0.1357E+04    0.1324E+04    0.1260E+04    0.8382E+03   -0.9990E+03   -0.9990E+03   -0.9990E+03   -0.9990E+03   -0.9990E+03   -0.9990E+03   -0.9990E+03   -0.9990E+03
   -0.9990E+03   -0.9990E+03   -0.9990E+03   -0.9990E+03   -0.9990E+03   -0.9990E+03   -0.9990E+03   -0.9990E+03   -0.9990E+03   -0.9990E+03   -0.9990E+03   -0.9990E+03   -0.9990E+03   -0.9990E+03   -0.9990E+03   -0.9990E+03   -0.9990E+03   -0.9990E+03   -0.9990E+03   -0.9990E+03   -0.9990E+03   -0.9990E+03   -0.9990E+03   -0.9990E+03   -0.9990E+03   -0.9990E+03    0.5470E+03    0.5899E+03    0.5957E+03    0.5924E+03    0.6081E+03    0.6180E+03    0.6352E+03    0.6557E+03    0.5889E+02    0.1318E+02    0.1393E+04    0.1422E+04    0.6881E+03    0.9759E+03    0.3042E+03    0.2337E+03    0.1857E+03    0.1346E+03    0.9387E+02    0.8843E+02    0.8606E+02    0.8177E+02    0.8002E+02    0.7936E+02    0.7891E+02    0.7562E+02    0.7600E+02    0.7368E+02    0.7131E+02    0.7049E+02    0.7272E+02    0.7709E+02    0.8172E+02    0.8688E+02    0.8859E+02    0.8981E+02    0.9861E+02    0.6261E+03    0.1567E+04    0.1299E+04    0.1192E+04    0.5019E+03   -0.9990E+03   -0.9990E+03   -0.9990E+03   -0.9990E+03   -0.9990E+03   -0.9990E+03   -0.9990E+03   -0.9990E+03
   -0.9990E+03   -0.9990E+03   -0.9990E+03   -0.9990E+03   -0.9990E+03   -0.9990E+03   -0.9990E+03   -0.9990E+03   -0.9990E+03   -0.9990E+03   -0.9990E+03   -0.9990E+03   -0.9990E+03   -0.9990E+03   -0.9990E+03   -0.9990E+03   -0.9990E+03   -0.9990E+03   -0.9990E+03   -0.9990E+03   -0.9990E+03   -0.9990E+03   -0.9990E+03   -0.9990E+03   -0.9990E+03    0.4376E+03    0.4597E+03    0.4728E+03    0.4991E+03    0.5118E+03    0.5488E+03    0.5828E+03    0.5969E+03    0.7400E+03    0.6858E+03    0.1014E+03    0.1398E+02    0.1357E+04    0.6995E+03    0.1081E+04    0.1126E+04    0.7752E+03    0.9599E+03    0.1354E+03    0.9439E+02    0.8798E+02    0.8332E+02    0.7959E+02    0.7728E+02    0.7788E+02    0.7695E+02    0.7571E+02    0.7440E+02    0.7278E+02    0.7173E+02    0.7192E+02    0.7316E+02    0.7686E+02    0.8056E+02    0.8261E+02    0.8293E+02    0.8975E+02    0.1284E+03    0.1504E+04    0.1301E+04   -0.9990E+03   -0.9990E+03   -0.9990E+03   -0.9990E+03   -0.9990E+03   -0.9990E+03   -0.9990E+03   -0.9990E+03   -0.9990E+03   -0.9990E+03   -0.9990E+03
   -0.9990E+03   -0.9990E+03   -0.9990E+03   -0.9990E+03   -0.9990E+03   -0.9990E+03   -0.9990E+03   -0.9990E+03   -0.9990E+03   -0.9990E+03   -0.9990E+03   -0.9990E+03   -0.9990E+03   -0.9990E+03   -0.9990E+03   -0.9990E+03   -0.9990E+03   -0.9990E+03   -0.9990E+03   -0.9990E+03   -0.9990E+03   -0.9990E+03   -0.9990E+03   -0.9990E+03   -0.9990E+03    0.4210E+03    0.4349E+03    0.4348E+03    0.4577E+03    0.4757E+03    0.5391E+03    0.5295E+03    0.6405E+03    0.5625E+03    0.5110E+03    0.9895E+03    0.1467E+02    0.1495E+02    0.1363E+04    0.1930E+04    0.1341E+04    0.1359E+04    0.1226E+04    0.1399E+03    0.9171E+02    0.8770E+02    0.8109E+02    0.7848E+02    0.7789E+02    0.7427E+02    0.7261E+02    0.7450E+02    0.7334E+02    0.7274E+02    0.7257E+02    0.7161E+02    0.7489E+02    0.7712E+02    0.7940E+02    0.8156E+02    0.8802E+02    0.1054E+03    0.1501E+04    0.1335E+04   -0.9990E+03   -0.9990E+03   -0.9990E+03   -0.9990E+03   -0.9990E+03   -0.9990E+03   -0.9990E+03   -0.9990E+03   -0.9990E+03   -0.9990E+03   -0.9990E+03   -0.9990E+03
   -0.9990E+03   -0.9990E+03   -0.9990E+03   -0.9990E+03   -0.9990E+03   -0.9990E+03   -0.9990E+03   -0.9990E+03   -0.9990E+03   -0.9990E+03   -0.9990E+03   -0.9990E+03   -0.9990E+03   -0.9990E+03   -0.9990E+03   -0.9990E+03   -0.9990E+03   -0.9990E+03   -0.9990E+03   -0.9990E+03   -0.9990E+03   -0.9990E+03   -0.9990E+03   -0.9990E+03   -0.9990E+03    0.4229E+03    0.4549E+03    0.4706E+03    0.4770E+03    0.4883E+03    0.4837E+03    0.3827E+03    0.7518E+02    0.1166E+03    0.4145E+02    0.4037E+02    0.4903E+02    0.9641E+01    0.1297E+03    0.1965E+03    0.1574E+03    0.6526E+03    0.1610E+03    0.1099E+03    0.9127E+02    0.8692E+02    0.8004E+02    0.7828E+02    0.7663E+02    0.7489E+02    0.7382E+02    0.7141E+02    0.7171E+02    0.7202E+02    0.7207E+02    0.7279E+02    0.7578E+02    0.7730E+02    0.7923E+02    0.8385E+02    0.8465E+02    0.1518E+04    0.1373E+04    0.1209E+04   -0.9990E+03   -0.9990E+03   -0.9990E+03   -0.9990E+03   -0.9990E+03   -0.9990E+03   -0.9990E+03   -0.9990E+03   -0.9990E+03   -0.9990E+03   -0.9990E+03   -0.9990E+03
   -0.9990E+03   -0.9990E+03   -0.9990E+03   -0.9990E+03   -0.9990E+03   -0.9990E+03   -0.9990E+03   -0.9990E+03   -0.9990E+03   -0.9990E+03   -0.9990E+03   -0.9990E+03   -0.9990E+03   -0.9990E+03   -0.9990E+03   -0.9990E+03   -0.9990E+03   -0.9990E+03   -0.9990E+03   -0.9990E+03   -0.9990E+03   -0.9990E+03   -0.9990E+03   -0.9990E+03   -0.9990E+03    0.2704E+03    0.2777E+03    0.2918E+03    0.2893E+03    0.3139E+03    0.2593E+03    0.1155E+03    0.9951E+02    0.4555E+02    0.7095E+02    0.5151E+02    0.6173E+02    0.1335E+03    0.1300E+03    0.8092E+02    0.2709E+03    0.1857E+03    0.2667E+03    0.9978E+02    0.9208E+02    0.8722E+02    0.7881E+02    0.7735E+02    0.7568E+02    0.7518E+02    0.7476E+02    0.7415E+02    0.7356E+02    0.7319E+02    0.7291E+02    0.7595E+02    0.7565E+02    0.7750E+02    0.7942E+02    0.7753E+02    0.8693E+02    0.1460E+04    0.1369E+04   -0.9990E+03   -0.9990E+03   -0.9990E+03   -0.9990E+03   -0.9990E+03   -0.9990E+03   -0.9990E+03   -0.9990E+03   -0.9990E+03   -0.9990E+03   -0.9990E+03   -0.9990E+03   -0.9990E+03
   -0.9990E+03   -0.9990E+03   -0.9990E+03   -0.9990E+03   -0.9990E+03   -0.9990E+03   -0.9990E+03   -0.9990E+03   -0.9990E+03   -0.9990E+03   -0.9990E+03   -0.9990E+03   -0.9990E+03   -0.9990E+03   -0.9990E+03   -0.9990E+03   -0.9990E+03   -0.9990E+03   -0.9990E+03   -0.9990E+03   -0.9990E+03   -0.9990E+03   -0.9990E+03   -0.9990E+03   -0.9990E+03   -0.9990E+03   -0.9990E+03    0.1177E+03    0.1222E+03    0.1222E+03    0.3798E+02    0.3500E+02    0.3622E+02    0.4238E+02    0.4662E+02    0.6535E+02    0.1374E+03    0.6640E+02    0.2046E+03    0.1232E+03    0.2584E+03    0.3410E+03    0.6349E+03    0.1109E+03    0.9009E+02    0.8662E+02    0.7786E+02    0.7790E+02    0.7586E+02    0.7417E+02    0.7468E+02    0.7415E+02    0.7368E+02    0.7269E+02    0.7352E+02    0.7510E+02    0.7622E+02    0.7754E+02    0.7609E+02    0.8205E+02    0.9489E+02    0.1539E+04    0.1338E+04   -0.9990E+03   -0.9990E+03   -0.9990E+03   -0.9990E+03   -0.9990E+03   -0.9990E+03   -0.9990E+03   -0.9990E+03   -0.9990E+03   -0.9990E+03   -0.9990E+03   -0.9990E+03   -0.9990E+03
   -0.9990E+03   -0.9990E+03   -0.9990E+03   -0.9990E+03   -0.9990E+03   -0.9990E+03   -0.9990E+03   -0.9990E+03   -0.9990E+03   -0.9990E+03   -0.9990E+03   -0.9990E+03   -0.9990E+03   -0.9990E+03   -0.9990E+03   -0.9990E+03   -0.9990E+03   -0.9990E+03   -0.9990E+03   -0.9990E+03   -0.9990E+03   -0.9990E+03   -0.9990E+03   -0.9990E+03   -0.9990E+03   -0.9990E+03   -0.9990E+03   -0.9990E+03    0.6006E+02    0.7508E+02    0.2388E+02    0.2453E+02    0.2478E+02    0.2576E+02    0.3707E+02    0.7101E+02    0.1017E+03    0.7254E+02    0.2526E+03    0.1173E+03    0.8345E+02    0.4766E+03    0.4530E+03    0.8499E+02    0.8241E+02    0.8442E+02    0.7809E+02    0.7718E+02    0.7606E+02    0.7523E+02    0.7442E+02    0.7243E+02    0.7311E+02    0.7395E+02    0.7472E+02    0.7506E+02    0.7627E+02    0.7739E+02    0.7731E+02    0.8129E+02    0.4709E+03    0.1480E+04   -0.9990E+03   -0.9990E+03   -0.9990E+03   -0.9990E+03   -0.9990E+03   -0.9990E+03   -0.9990E+03   -0.9990E+03   -0.9990E+03   -0.9990E+03   -0.9990E+03   -0.9990E+03   -0.9990E+03   -0.9990E+03
   -0.9990E+03   -0.9990E+03   -0.9990E+03   -0.9990E+03   -0.9990E+03   -0.9990E+03   -0.9990E+03   -0.9990E+03   -0.9990E+03   -0.9990E+03   -0.9990E+03   -0.9990E+03   -0.9990E+03   -0.9990E+03   -0.9990E+03   -0.9990E+03   -0.9990E+03   -0.9990E+03   -0.9990E+03   -0.9990E+03   -0.9990E+03   -0.9990E+03   -0.9990E+03   -0.9990E+03   -0.9990E+03   -0.9990E+03   -0.9990E+03   -0.9990E+03    0.7903E+02    0.8324E+02    0.3107E+02    0.1973E+02    0.3537E+02    0.4059E+02    0.2648E+02    0.4873E+02    0.7241E+02    0.6848E+02    0.2144E+03    0.1209E+03    0.1186E+03    0.2493E+03    0.1128E+03    0.7860E+02    0.7877E+02    0.7761E+02    0.7748E+02    0.7578E+02    0.7624E+02    0.7530E+02    0.7161E+02    0.7379E+02    0.7458E+02    0.7422E+02    0.7496E+02    0.7512E+02    0.7590E+02    0.7757E+02    0.7778E+02    0.8314E+02    0.1041E+04   -0.9990E+03   -0.9990E+03   -0.9990E+03   -0.9990E+03   -0.9990E+03   -0.9990E+03   -0.9990E+03   -0.9990E+03   -0.9990E+03   -0.9990E+03   -0.9990E+03   -0.9990E+03   -0.9990E+03   -0.9990E+03   -0.9990E+03
   -0.9990E+03   -0.9990E+03   -0.9990E+03   -0.9990E+03   -0.9990E+03   -0.9990E+03   -0.9990E+03   -0.9990E+03   -0.9990E+03   -0.9990E+03   -0.9990E+03   -0.9990E+03   -0.9990E+03   -0.9990E+03   -0.9990E+03   -0.9990E+03   -0.9990E+03   -0.9990E+03   -0.9990E+03   -0.9990E+03   -0.9990E+03   -0.9990E+03   -0.9990E+03   -0.9990E+03   -0.9990E+03   -0.9990E+03   -0.9990E+03   -0.9990E+03    0.9821E+02    0.7015E+02    0.3284E+02    0.3970E+02    0.2733E+02    0.2408E+02    0.2361E+04    0.2365E+04    0.1252E+03    0.2247E+04    0.2318E+04    0.2566E+03    0.1193E+03    0.2553E+03    0.1292E+03    0.7815E+02    0.7863E+02    0.7732E+02    0.7682E+02    0.7613E+02    0.7610E+02    0.7391E+02    0.7477E+02    0.7463E+02    0.7425E+02    0.7532E+02    0.7369E+02    0.7437E+02    0.7533E+02    0.7713E+02    0.7932E+02    0.8207E+02    0.9602E+02   -0.9990E+03   -0.9990E+03   -0.9990E+03   -0.9990E+03   -0.9990E+03   -0.9990E+03   -0.9990E+03   -0.9990E+03   -0.9990E+03   -0.9990E+03   -0.9990E+03   -0.9990E+03   -0.9990E+03   -0.9990E+03   -0.9990E+03
   -0.9990E+03   -0.9990E+03   -0.9990E+03   -0.9990E+03   -0.9990E+03   -0.9990E+03   -0.9990E+03   -0.9990E+03   -0.9990E+03   -0.9990E+03   -0.9990E+03   -0.9990E+03   -0.9990E+03   -0.9990E+03   -0.9990E+03   -0.9990E+03   -0.9990E+03   -0.9990E+03   -0.9990E+03   -0.9990E+03   -0.9990E+03   -0.9990E+03   -0.9990E+03   -0.9990E+03   -0.9990E+03   -0.9990E+03   -0.9990E+03   -0.9990E+03   -0.9990E+03   -0.9990E+03   -0.9990E+03   -0.9990E+03    0.7781E+03    0.1566E+04    0.2369E+04    0.2374E+04    0.2367E+04    0.2356E+04    0.2336E+04    0.1396E+04    0.4929E+01    0.2433E+03    0.1253E+03    0.7904E+02    0.7777E+02    0.7618E+02    0.7774E+02    0.7620E+02    0.7372E+02    0.7577E+02    0.7549E+02    0.7483E+02    0.7405E+02    0.7425E+02    0.7432E+02    0.7358E+02    0.7527E+02    0.7703E+02    0.7926E+02    0.7991E+02    0.7159E+03    0.1405E+04   -0.9990E+03   -0.9990E+03   -0.9990E+03   -0.9990E+03   -0.9990E+03   -0.9990E+03   -0.9990E+03   -0.9990E+03   -0.9990E+03   -0.9990E+03   -0.9990E+03   -0.9990E+03   -0.9990E+03   -0.9990E+03
   -0.9990E+03   -0.9990E+03   -0.9990E+03   -0.9990E+03   -0.9990E+03   -0.9990E+03   -0.9990E+03   -0.9990E+03   -0.9990E+03   -0.9990E+03   -0.9990E+03   -0.9990E+03   -0.9990E+03   -0.9990E+03   -0.9990E+03   -0.9990E+03   -0.9990E+03   -0.9990E+03   -0.9990E+03   -0.9990E+03   -0.9990E+03   -0.9990E+03   -0.9990E+03   -0.9990E+03   -0.9990E+03   -0.9990E+03    0.1087E+03    0.1354E+03    0.1753E+03   -0.9990E+03   -0.9990E+03   -0.9990E+03   -0.9990E+03    0.2362E+04    0.2066E+04    0.2361E+04    0.2363E+04    0.2089E+04    0.2289E+04    0.1441E+04    0.8342E+02    0.7972E+02    0.7751E+02    0.7876E+02    0.7852E+02    0.7823E+02    0.7812E+02    0.7803E+02    0.7743E+02    0.7690E+02    0.7596E+02    0.7517E+02    0.7427E+02    0.7514E+02    0.7438E+02    0.7432E+02    0.7550E+02    0.7582E+02    0.7825E+02    0.9575E+02    0.7555E+03    0.1247E+04   -0.9990E+03   -0.9990E+03   -0.9990E+03   -0.9990E+03   -0.9990E+03   -0.9990E+03   -0.9990E+03   -0.9990E+03   -0.9990E+03   -0.9990E+03   -0.9990E+03   -0.9990E+03   -0.9990E+03   -0.9990E+03
   -0.9990E+03   -0.9990E+03   -0.9990E+03   -0.9990E+03   -0.9990E+03   -0.9990E+03   -0.9990E+03   -0.9990E+03   -0.9990E+03   -0.9990E+03   -0.9990E+03   -0.9990E+03   -0.9990E+03   -0.9990E+03   -0.9990E+03   -0.9990E+03   -0.9990E+03   -0.9990E+03   -0.9990E+03   -0.9990E+03   -0.9990E+03   -0.9990E+03   -0.9990E+03   -0.9990E+03    0.1179E+03    0.1288E+03    0.1375E+03    0.1408E+03    0.1973E+03    0.2093E+03   -0.9990E+03   -0.9990E+03   -0.9990E+03    0.2308E+04    0.2360E+04    0.2360E+04    0.2358E+04    0.2359E+04    0.2359E+04    0.2368E+04    0.2807E+03    0.8143E+02    0.7988E+02    0.8011E+02    0.8016E+02    0.7958E+02    0.7750E+02    0.7796E+02    0.7631E+02    0.7697E+02    0.7638E+02    0.7554E+02    0.7485E+02    0.7466E+02    0.7435E+02    0.7513E+02    0.7573E+02    0.7637E+02    0.7777E+02    0.8529E+02    0.1323E+04   -0.9990E+03   -0.9990E+03   -0.9990E+03   -0.9990E+03   -0.9990E+03   -0.9990E+03   -0.9990E+03   -0.9990E+03   -0.9990E+03   -0.9990E+03   -0.9990E+03   -0.9990E+03   -0.9990E+03   -0.9990E+03   -0.9990E+03
   -0.9990E+03   -0.9990E+03   -0.9990E+03   -0.9990E+03   -0.9990E+03   -0.9990E+03   -0.9990E+03   -0.9990E+03   -0.9990E+03   -0.9990E+03   -0.9990E+03   -0.9990E+03   -0.9990E+03   -0.9990E+03   -0.9990E+03   -0.9990E+03   -0.9990E+03   -0.9990E+03   -0.9990E+03   -0.9990E+03   -0.9990E+03   -0.9990E+03   -0.9990E+03   -0.9990E+03   -0.9990E+03    0.1380E+03    0.1584E+03    0.1568E+03    0.1765E+03    0.2226E+03    0.2217E+03   -0.9990E+03   -0.9990E+03    0.2310E+04    0.2360E+04    0.2359E+04    0.2359E+04    0.2359E+04    0.2359E+04    0.2369E+04    0.3682E+03    0.8735E+02    0.8324E+02    0.8352E+02    0.8392E+02    0.8085E+02    0.7898E+02    0.7867E+02    0.7876E+02    0.7625E+02    0.7708E+02    0.7548E+02    0.7606E+02    0.7562E+02    0.7414E+02    0.7585E+02    0.7532E+02    0.7476E+02    0.7892E+02    0.8141E+02   -0.9990E+03   -0.9990E+03   -0.9990E+03   -0.9990E+03   -0.9990E+03   -0.9990E+03   -0.9990E+03   -0.9990E+03   -0.9990E+03   -0.9990E+03   -0.9990E+03   -0.9990E+03   -0.9990E+03   -0.9990E+03   -0.9990E+03   -0.9990E+03
   -0.9990E+03   -0.9990E+03   -0.9990E+03   -0.9990E+03   -0.9990E+03   -0.9990E+03   -0.9990E+03   -0.9990E+03   -0.9990E+03   -0.9990E+03   -0.9990E+03   -0.9990E+03   -0.9990E+03   -0.9990E+03   -0.9990E+03   -0.9990E+03   -0.9990E+03   -0.9990E+03   -0.9990E+03   -0.9990E+03   -0.9990E+03   -0.9990E+03   -0.9990E+03   -0.9990E+03    0.1527E+03    0.1593E+03    0.1757E+03    0.1782E+03    0.1964E+03    0.2089E+03    0.2235E+03   -0.9990E+03   -0.9990E+03    0.2307E+04    0.2360E+04    0.2359E+04    0.2359E+04    0.2359E+04    0.2359E+04    0.2369E+04    0.1182E+03    0.8901E+02    0.9118E+02    0.9614E+02    0.8804E+02    0.8775E+02    0.8685E+02    0.8440E+02    0.8407E+02    0.8175E+02    0.7682E+02    0.7693E+02    0.7637E+02    0.7610E+02    0.7580E+02    0.7583E+02    0.7712E+02    0.7623E+02    0.7885E+02   -0.9990E+03   -0.9990E+03   -0.9990E+03   -0.9990E+03   -0.9990E+03   -0.9990E+03   -0.9990E+03   -0.9990E+03   -0.9990E+03   -0.9990E+03   -0.9990E+03   -0.9990E+03   -0.9990E+03   -0.9990E+03   -0.9990E+03   -0.9990E+03   -0.9990E+03
   -0.9990E+03   -0.9990E+03   -0.9990E+03   -0.9990E+03   -0.9990E+03   -0.9990E+03   -0.9990E+03   -0.9990E+03   -0.9990E+03   -0.9990E+03   -0.9990E+03   -0.9990E+03   -0.9990E+03   -0.9990E+03   -0.9990E+03   -0.9990E+03   -0.9990E+03   -0.9990E+03   -0.9990E+03   -0.9990E+03   -0.9990E+03   -0.9990E+03   -0.9990E+03   -0.9990E+03    0.1746E+03    0.1837E+03    0.1903E+03    0.1983E+03    0.2093E+03    0.2187E+03    0.2294E+03   -0.9990E+03   -0.9990E+03    0.2345E+04    0.2356E+04    0.2359E+04    0.2359E+04    0.2359E+04    0.2359E+04    0.2369E+04    0.9523E+02    0.9233E+02    0.9740E+02    0.1066E+03    0.9242E+02    0.9006E+02    0.8786E+02    0.8878E+02    0.8761E+02    0.8375E+02    0.7853E+02    0.7895E+02    0.7692E+02    0.7444E+02    0.7316E+02    0.7409E+02    0.7625E+02    0.7608E+02    0.7602E+02   -0.9990E+03   -0.9990E+03   -0.9990E+03   -0.9990E+03   -0.9990E+03   -0.9990E+03   -0.9990E+03   -0.9990E+03   -0.9990E+03   -0.9990E+03   -0.9990E+03   -0.9990E+03   -0.9990E+03   -0.9990E+03   -0.9990E+03   -0.9990E+03   -0.9990E+03
   -0.9990E+03   -0.9990E+03   -0.9990E+03   -0.9990E+03   -0.9990E+03   -0.9990E+03   -0.9990E+03   -0.9990E+03   -0.9990E+03   -0.9990E+03   -0.9990E+03   -0.9990E+03   -0.9990E+03   -0.9990E+03   -0.9990E+03   -0.9990E+03   -0.9990E+03   -0.9990E+03   -0.9990E+03   -0.9990E+03   -0.9990E+03   -0.9990E+03   -0.9990E+03   -0.9990E+03    0.1958E+03    0.2054E+03    0.2044E+03    0.2138E+03    0.2242E+03    0.2329E+03    0.2363E+03    0.2532E+03   -0.9990E+03    0.2356E+04    0.2359E+04    0.2360E+04    0.2359E+04    0.2359E+04    0.2359E+04    0.2368E+04    0.9482E+02    0.9448E+02    0.1040E+03    0.9967E+02    0.1003E+03    0.9403E+02    0.8815E+02    0.8823E+02    0.8423E+02    0.8112E+02    0.7922E+02    0.7815E+02    0.7770E+02    0.7523E+02    0.7460E+02    0.7356E+02    0.7634E+02    0.7552E+02    0.7717E+02   -0.9990E+03   -0.9990E+03   -0.9990E+03   -0.9990E+03   -0.9990E+03   -0.9990E+03   -0.9990E+03   -0.9990E+03   -0.9990E+03   -0.9990E+03   -0.9990E+03   -0.9990E+03   -0.9990E+03   -0.9990E+03   -0.9990E+03   -0.9990E+03   -0.9990E+03
   -0.9990E+03   -0.9990E+03   -0.9990E+03   -0.9990E+03   -0.9990E+03   -0.9990E+03   -0.9990E+03   -0.9990E+03   -0.9990E+03   -0.9990E+03   -0.9990E+03   -0.9990E+03   -0.9990E+03   -0.9990E+03   -0.9990E+03   -0.9990E+03   -0.9990E+03   -0.9990E+03   -0.9990E+03   -0.9990E+03   -0.9990E+03   -0.9990E+03   -0.9990E+03    0.2086E+03    0.2145E+03    0.2176E+03    0.2244E+03    0.2269E+03    0.2350E+03    0.2400E+03    0.2468E+03    0.2522E+03    0.2627E+03   -0.9990E+03    0.2357E+04    0.2329E+04    0.2359E+04    0.2359E+04    0.2368E+04    0.2623E+03    0.9207E+02    0.1432E+03    0.1128E+03    0.1014E+03    0.1011E+03    0.9040E+02    0.8694E+02    0.8470E+02    0.8492E+02    0.8175E+02    0.8056E+02    0.7756E+02    0.7796E+02    0.7316E+02    0.7585E+02    0.7313E+02    0.7507E+02    0.7541E+02    0.7500E+02   -0.9990E+03   -0.9990E+03   -0.9990E+03   -0.9990E+03   -0.9990E+03   -0.9990E+03   -0.9990E+03   -0.9990E+03   -0.9990E+03   -0.9990E+03   -0.9990E+03   -0.9990E+03   -0.9990E+03   -0.9990E+03   -0.9990E+03   -0.9990E+03   -0.9990E+03
   -0.9990E+03   -0.9990E+03   -0.9990E+03   -0.9990E+03   -0.9990E+03   -0.9990E+03   -0.9990E+03   -0.9990E+03   -0.9990E+03   -0.9990E+03   -0.9990E+03   -0.9990E+03   -0.9990E+03   -0.9990E+03   -0.9990E+03   -0.9990E+03   -0.9990E+03   -0.9990E+03   -0.9990E+03   -0.9990E+03   -0.9990E+03   -0.9990E+03   -0.9990E+03    0.2246E+03    0.2312E+03    0.2314E+03    0.2320E+03    0.2409E+03    0.2458E+03    0.2501E+03    0.2533E+03    0.2561E+03    0.2762E+03   -0.9990E+03   -0.9990E+03    0.2351E+04    0.2360E+04    0.2359E+04    0.2367E+04    0.1012E+03    0.9021E+02    0.1083E+03    0.1197E+03    0.1051E+03    0.9889E+02    0.9229E+02    0.9234E+02    0.8743E+02    0.8674E+02    0.8231E+02    0.7933E+02    0.8092E+02    0.7833E+02    0.7580E+02    0.7374E+02    0.7078E+02    0.7630E+02    0.7144E+02   -0.9990E+03   -0.9990E+03   -0.9990E+03   -0.9990E+03   -0.9990E+03   -0.9990E+03   -0.9990E+03   -0.9990E+03   -0.9990E+03   -0.9990E+03   -0.9990E+03   -0.9990E+03   -0.9990E+03   -0.9990E+03   -0.9990E+03   -0.9990E+03   -0.9990E+03   -0.9990E+03
   -0.9990E+03   -0.9990E+03   -0.9990E+03   -0.9990E+03   -0.9990E+03   -0.9990E+03   -0.9990E+03   -0.9990E+03   -0.9990E+03   -0.9990E+03   -0.9990E+03   -0.9990E+03   -0.9990E+03   -0.9990E+03   -0.9990E+03   -0.9990E+03   -0.9990E+03   -0.9990E+03   -0.9990E+03   -0.9990E+03   -0.9990E+03   -0.9990E+03   -0.9990E+03    0.3054E+03    0.3066E+03    0.3057E+03    0.3056E+03    0.3067E+03    0.3076E+03    0.3083E+03    0.2575E+03    0.3291E+03    0.2722E+03    0.6935E+02   -0.9990E+03    0.1450E+04    0.2355E+04    0.2366E+04    0.3356E+03    0.9365E+02    0.8487E+02    0.1822E+03    0.1240E+03    0.1033E+03    0.8892E+02    0.9040E+02    0.9351E+02    0.9158E+02    0.8759E+02    0.8496E+02    0.7824E+02    0.7917E+02    0.7958E+02    0.7367E+02    0.7347E+02    0.7175E+02    0.7190E+02   -0.9990E+03   -0.9990E+03   -0.9990E+03   -0.9990E+03   -0.9990E+03   -0.9990E+03   -0.9990E+03   -0.9990E+03   -0.9990E+03   -0.9990E+03   -0.9990E+03   -0.9990E+03   -0.9990E+03   -0.9990E+03   -0.9990E+03   -0.9990E+03   -0.9990E+03   -0.9990E+03   -0.9990E+03
   -0.9990E+03   -0.9990E+03   -0.9990E+03   -0.9990E+03   -0.9990E+03   -0.9990E+03   -0.9990E+03   -0.9990E+03   -0.9990E+03   -0.9990E+03   -0.9990E+03   -0.9990E+03   -0.9990E+03   -0.9990E+03   -0.9990E+03   -0.9990E+03   -0.9990E+03   -0.9990E+03   -0.9990E+03   -0.9990E+03   -0.9990E+03   -0.9990E+03   -0.9990E+03    0.3141E+03    0.3140E+03    0.3154E+03    0.3160E+03    0.3133E+03    0.8448E+02    0.1995E+03    0.3111E+03    0.2581E+03    0.3301E+03    0.9115E+02    0.7190E+02    0.7343E+02    0.2351E+04    0.1119E+03    0.9503E+02    0.8702E+02    0.8771E+02    0.1340E+03    0.9953E+02    0.8735E+02    0.9383E+02    0.9598E+02    0.8962E+02    0.8602E+02    0.8769E+02    0.8702E+02    0.7816E+02    0.7400E+02    0.7665E+02    0.7476E+02    0.7356E+02    0.7111E+02   -0.9990E+03   -0.9990E+03   -0.9990E+03   -0.9990E+03   -0.9990E+03   -0.9990E+03   -0.9990E+03   -0.9990E+03   -0.9990E+03   -0.9990E+03   -0.9990E+03   -0.9990E+03   -0.9990E+03   -0.9990E+03   -0.9990E+03   -0.9990E+03   -0.9990E+03   -0.9990E+03   -0.9990E+03   -0.9990E+03
   -0.9990E+03   -0.9990E+03   -0.9990E+03   -0.9990E+03   -0.9990E+03   -0.9990E+03   -0.9990E+03   -0.9990E+03   -0.9990E+03   -0.9990E+03   -0.9990E+03   -0.9990E+03   -0.9990E+03   -0.9990E+03   -0.9990E+03   -0.9990E+03   -0.9990E+03   -0.9990E+03   -0.9990E+03   -0.9990E+03   -0.9990E+03   -0.9990E+03   -0.9990E+03    0.3200E+03    0.3195E+03    0.3213E+03    0.3204E+03    0.3141E+03    0.1023E+03    0.3120E+03    0.2580E+03    0.2557E+03    0.2540E+03    0.1169E+03    0.6801E+02    0.7017E+02    0.7501E+02    0.8622E+02    0.9270E+02    0.8229E+02    0.1014E+03    0.1250E+03    0.1010E+03    0.8846E+02    0.9203E+02    0.9155E+02    0.8939E+02    0.8739E+02    0.8260E+02    0.8483E+02    0.8132E+02    0.8142E+02    0.7845E+02    0.7756E+02    0.7400E+02    0.7069E+02   -0.9990E+03   -0.9990E+03   -0.9990E+03   -0.9990E+03   -0.9990E+03   -0.9990E+03   -0.9990E+03   -0.9990E+03   -0.9990E+03   -0.9990E+03   -0.9990E+03   -0.9990E+03   -0.9990E+03   -0.9990E+03   -0.9990E+03   -0.9990E+03   -0.9990E+03   -0.9990E+03   -0.9990E+03   -0.9990E+03
   -0.9990E+03   -0.9990E+03   -0.9990E+03   -0.9990E+03   -0.9990E+03   -0.9990E+03   -0.9990E+03   -0.9990E+03   -0.9990E+03   -0.9990E+03   -0.9990E+03   -0.9990E+03   -0.9990E+03   -0.9990E+03   -0.9990E+03   -0.9990E+03   -0.9990E+03   -0.9990E+03   -0.9990E+03   -0.9990E+03   -0.9990E+03   -0.9990E+03   -0.9990E+03    0.2748E+03    0.2741E+03    0.2727E+03    0.2718E+03    0.3214E+03    0.3151E+03    0.3104E+03    0.2564E+03    0.2532E+03    0.3071E+03    0.5989E+02    0.6220E+02    0.6769E+02    0.6754E+02    0.7017E+02    0.7727E+02    0.7793E+02    0.8313E+02    0.1160E+03    0.1050E+03    0.9826E+02    0.9012E+02    0.9049E+02    0.9054E+02    0.8900E+02    0.8776E+02    0.8364E+02    0.8307E+02    0.8008E+02    0.7991E+02    0.7192E+02   -0.9990E+03   -0.9990E+03   -0.9990E+03   -0.9990E+03   -0.9990E+03   -0.9990E+03   -0.9990E+03   -0.9990E+03   -0.9990E+03   -0.9990E+03   -0.9990E+03   -0.9990E+03   -0.9990E+03   -0.9990E+03   -0.9990E+03   -0.9990E+03   -0.9990E+03   -0.9990E+03   -0.9990E+03   -0.9990E+03   -0.9990E+03   -0.9990E+03
   -0.9990E+03   -0.9990E+03   -0.9990E+03   -0.9990E+03   -0.9990E+03   -0.9990E+03   -0.9990E+03   -0.9990E+03   -0.9990E+03   -0.9990E+03   -0.9990E+03   -0.9990E+03   -0.9990E+03   -0.9990E+03   -0.9990E+03   -0.9990E+03   -0.9990E+03   -0.9990E+03   -0.9990E+03   -0.9990E+03   -0.9990E+03   -0.9990E+03   -0.9990E+03   -0.9990E+03    0.2792E+03    0.2769E+03    0.2733E+03    0.2683E+03    0.3169E+03    0.2556E+03    0.2514E+03    0.2488E+03    0.2904E+03    0.5602E+02    0.5884E+02    0.6232E+02    0.6204E+02    0.6650E+02    0.6999E+02    0.7376E+02    0.7593E+02    0.8749E+02    0.9239E+02    0.9777E+02    0.8606E+02    0.8633E+02    0.9090E+02    0.9330E+02    0.8720E+02    0.8421E+02    0.8379E+02    0.7468E+02    0.7461E+02   -0.9990E+03   -0.9990E+03   -0.9990E+03   -0.9990E+03   -0.9990E+03   -0.9990E+03   -0.9990E+03   -0.9990E+03   -0.9990E+03   -0.9990E+03   -0.9990E+03   -0.9990E+03   -0.9990E+03   -0.9990E+03   -0.9990E+03   -0.9990E+03   -0.9990E+03   -0.9990E+03   -0.9990E+03   -0.9990E+03   -0.9990E+03   -0.9990E+03   -0.9990E+03
   -0.9990E+03   -0.9990E+03   -0.9990E+03   -0.9990E+03   -0.9990E+03   -0.9990E+03   -0.9990E+03   -0.9990E+03   -0.9990E+03   -0.9990E+03   -0.9990E+03   -0.9990E+03   -0.9990E+03   -0.9990E+03   -0.9990E+03   -0.9990E+03   -0.9990E+03   -0.9990E+03   -0.9990E+03   -0.9990E+03   -0.9990E+03   -0.9990E+03   -0.9990E+03   -0.9990E+03   -0.9990E+03   -0.9990E+03    0.2734E+03    0.2633E+03    0.2583E+03    0.2542E+03    0.2476E+03    0.2429E+03    0.2396E+03    0.5187E+02    0.5491E+02    0.5718E+02    0.5963E+02    0.6527E+02    0.6802E+02    0.7189E+02    0.7661E+02    0.7928E+02    0.8998E+02    0.8703E+02    0.8253E+02    0.8527E+02    0.9000E+02    0.8119E+02    0.7302E+02    0.7897E+02    0.6928E+02   -0.9990E+03   -0.9990E+03   -0.9990E+03   -0.9990E+03   -0.9990E+03   -0.9990E+03   -0.9990E+03   -0.9990E+03   -0.9990E+03   -0.9990E+03   -0.9990E+03   -0.9990E+03   -0.9990E+03   -0.9990E+03   -0.9990E+03   -0.9990E+03   -0.9990E+03   -0.9990E+03   -0.9990E+03   -0.9990E+03   -0.9990E+03   -0.9990E+03   -0.9990E+03   -0.9990E+03   -0.9990E+03
   -0.9990E+03   -0.9990E+03   -0.9990E+03   -0.9990E+03   -0.9990E+03   -0.9990E+03   -0.9990E+03   -0.9990E+03   -0.9990E+03   -0.9990E+03   -0.9990E+03   -0.9990E+03   -0.9990E+03   -0.9990E+03   -0.9990E+03   -0.9990E+03   -0.9990E+03   -0.9990E+03   -0.9990E+03   -0.9990E+03   -0.9990E+03   -0.9990E+03   -0.9990E+03   -0.9990E+03   -0.9990E+03   -0.9990E+03   -0.9990E+03   -0.9990E+03    0.2349E+03    0.2477E+03    0.2435E+03    0.3138E+03    0.3226E+03    0.4950E+02    0.4974E+02    0.5270E+02    0.5899E+02    0.6190E+02    0.6673E+02    0.7057E+02    0.7261E+02    0.7412E+02    0.7528E+02    0.7309E+02    0.8123E+02    0.8769E+02    0.7281E+02    0.6999E+02    0.7203E+02    0.7115E+02    0.7723E+02    0.7167E+02   -0.9990E+03   -0.9990E+03   -0.9990E+03   -0.9990E+03   -0.9990E+03   -0.9990E+03   -0.9990E+03   -0.9990E+03   -0.9990E+03   -0.9990E+03   -0.9990E+03   -0.9990E+03   -0.9990E+03   -0.9990E+03   -0.9990E+03   -0.9990E+03   -0.9990E+03   -0.9990E+03   -0.9990E+03   -0.9990E+03   -0.9990E+03   -0.9990E+03   -0.9990E+03   -0.9990E+03
   -0.9990E+03   -0.9990E+03   -0.9990E+03   -0.9990E+03   -0.9990E+03   -0.9990E+03   -0.9990E+03   -0.9990E+03   -0.9990E+03   -0.9990E+03   -0.9990E+03   -0.9990E+03   -0.9990E+03   -0.9990E+03   -0.9990E+03   -0.9990E+03   -0.9990E+03   -0.9990E+03   -0.9990E+03   -0.9990E+03   -0.9990E+03   -0.9990E+03   -0.9990E+03   -0.9990E+03   -0.9990E+03   -0.9990E+03   -0.9990E+03   -0.9990E+03   -0.9990E+03    0.9825E+03    0.3597E+03    0.1254E+03    0.5315E+02    0.5000E+02    0.4791E+02    0.4771E+02    0.5304E+02    0.5547E+02    0.5837E+02    0.6282E+02    0.6011E+02    0.6276E+02    0.7247E+02    0.7353E+02    0.7699E+02    0.7586E+02    0.7751E+02    0.7688E+02    0.7995E+02    0.8021E+02    0.7844E+02    0.7580E+02   -0.9990E+03   -0.9990E+03   -0.9990E+03   -0.9990E+03   -0.9990E+03   -0.9990E+03   -0.9990E+03   -0.9990E+03   -0.9990E+03   -0.9990E+03   -0.9990E+03   -0.9990E+03   -0.9990E+03   -0.9990E+03   -0.9990E+03   -0.9990E+03   -0.9990E+03   -0.9990E+03   -0.9990E+03   -0.9990E+03   -0.9990E+03   -0.9990E+03   -0.9990E+03   -0.9990E+03
   -0.9990E+03   -0.9990E+03   -0.9990E+03   -0.9990E+03   -0.9990E+03   -0.9990E+03   -0.9990E+03   -0.9990E+03   -0.9990E+03   -0.9990E+03   -0.9990E+03   -0.9990E+03   -0.9990E+03   -0.9990E+03   -0.9990E+03   -0.9990E+03   -0.9990E+03   -0.9990E+03   -0.9990E+03   -0.9990E+03   -0.9990E+03   -0.9990E+03   -0.9990E+03   -0.9990E+03   -0.9990E+03   -0.9990E+03   -0.9990E+03   -0.9990E+03   -0.9990E+03    0.2212E+04    0.2237E+04    0.8834E+02    0.1952E+03    0.4808E+02    0.4432E+02    0.4368E+02    0.4677E+02    0.4933E+02    0.5281E+02    0.5420E+02    0.5888E+02    0.5700E+02    0.6554E+02    0.7532E+02    0.6867E+02    0.6472E+02    0.6394E+02    0.7203E+02    0.7940E+02    0.7242E+02    0.7924E+02    0.7917E+02   -0.9990E+03   -0.9990E+03   -0.9990E+03   -0.9990E+03   -0.9990E+03   -0.9990E+03   -0.9990E+03   -0.9990E+03   -0.9990E+03   -0.9990E+03   -0.9990E+03   -0.9990E+03   -0.9990E+03   -0.9990E+03   -0.9990E+03   -0.9990E+03   -0.9990E+03   -0.9990E+03   -0.9990E+03   -0.9990E+03   -0.9990E+03   -0.9990E+03   -0.9990E+03   -0.9990E+03
   -0.9990E+03   -0.9990E+03   -0.9990E+03   -0.9990E+03   -0.9990E+03   -0.9990E+03   -0.9990E+03   -0.9990E+03   -0.9990E+03   -0.9990E+03   -0.9990E+03   -0.9990E+03   -0.9990E+03   -0.9990E+03   -0.9990E+03   -0.9990E+03   -0.9990E+03   -0.9990E+03   -0.9990E+03   -0.9990E+03   -0.9990E+03   -0.9990E+03   -0.9990E+03   -0.9990E+03    0.2214E+04   -0.9990E+03   -0.9990E+03   -0.9990E+03    0.2216E+04    0.2216E+04    0.2246E+04    0.1679E+03    0.8270E+02    0.4192E+02    0.4092E+02    0.3936E+02    0.4237E+02    0.4284E+02    0.4931E+02    0.4920E+02    0.4863E+02    0.5925E+02    0.6480E+02    0.7135E+02    0.6390E+02    0.7016E+02    0.6962E+02    0.7486E+02    0.7321E+02    0.7511E+02    0.7671E+02   -0.9990E+03   -0.9990E+03   -0.9990E+03   -0.9990E+03   -0.9990E+03   -0.9990E+03   -0.9990E+03   -0.9990E+03   -0.9990E+03   -0.9990E+03   -0.9990E+03   -0.9990E+03   -0.9990E+03   -0.9990E+03   -0.9990E+03   -0.9990E+03   -0.9990E+03   -0.9990E+03   -0.9990E+03   -0.9990E+03   -0.9990E+03   -0.9990E+03   -0.9990E+03   -0.9990E+03   -0.9990E+03
   -0.9990E+03   -0.9990E+03   -0.9990E+03   -0.9990E+03   -0.9990E+03   -0.9990E+03   -0.9990E+03   -0.9990E+03   -0.9990E+03   -0.9990E+03   -0.9990E+03   -0.9990E+03   -0.9990E+03   -0.9990E+03   -0.9990E+03   -0.9990E+03   -0.9990E+03   -0.9990E+03   -0.9990E+03   -0.9990E+03   -0.9990E+03   -0.9990E+03   -0.9990E+03   -0.9990E+03    0.2213E+04    0.2213E+04    0.2214E+04    0.2215E+04    0.2216E+04    0.2216E+04    0.2268E+04    0.1106E+04    0.2177E+03    0.3583E+02    0.2974E+02    0.3288E+02    0.3582E+02    0.4226E+02    0.4493E+02    0.4124E+02    0.5350E+02    0.5683E+02    0.6130E+02    0.6589E+02    0.6844E+02    0.6567E+02    0.6764E+02    0.7289E+02    0.6950E+02    0.7368E+02   -0.9990E+03   -0.9990E+03   -0.9990E+03   -0.9990E+03   -0.9990E+03   -0.9990E+03   -0.9990E+03   -0.9990E+03   -0.9990E+03   -0.9990E+03   -0.9990E+03   -0.9990E+03   -0.9990E+03   -0.9990E+03   -0.9990E+03   -0.9990E+03   -0.9990E+03   -0.9990E+03   -0.9990E+03   -0.9990E+03   -0.9990E+03   -0.9990E+03   -0.9990E+03   -0.9990E+03   -0.9990E+03   -0.9990E+03
   -0.9990E+03   -0.9990E+03   -0.9990E+03   -0.9990E+03   -0.9990E+03   -0.9990E+03   -0.9990E+03   -0.9990E+03   -0.9990E+03   -0.9990E+03   -0.9990E+03   -0.9990E+03   -0.9990E+03   -0.9990E+03   -0.9990E+03   -0.9990E+03   -0.9990E+03   -0.9990E+03   -0.9990E+03   -0.9990E+03   -0.9990E+03   -0.9990E+03   -0.9990E+03   -0.9990E+03    0.2213E+04    0.2214E+04    0.2215E+04    0.2215E+04    0.2216E+04    0.2216E+04    0.2284E+04    0.2186E+04    0.1480E+03    0.9347E+02    0.3141E+02    0.2813E+02    0.3442E+02    0.3682E+02    0.3690E+02    0.4408E+02    0.5265E+02    0.5666E+02    0.5577E+02    0.6094E+02    0.6827E+02    0.6495E+02    0.6816E+02    0.6914E+02    0.6810E+02    0.6859E+02   -0.9990E+03   -0.9990E+03   -0.9990E+03   -0.9990E+03   -0.9990E+03   -0.9990E+03   -0.9990E+03   -0.9990E+03   -0.9990E+03   -0.9990E+03   -0.9990E+03   -0.9990E+03   -0.9990E+03   -0.9990E+03   -0.9990E+03   -0.9990E+03   -0.9990E+03   -0.9990E+03   -0.9990E+03   -0.9990E+03   -0.9990E+03   -0.9990E+03   -0.9990E+03   -0.9990E+03   -0.9990E+03   -0.9990E+03
   -0.9990E+03   -0.9990E+03   -0.9990E+03   -0.9990E+03   -0.9990E+03   -0.9990E+03   -0.9990E+03   -0.9990E+03   -0.9990E+03   -0.9990E+03   -0.9990E+03   -0.9990E+03   -0.9990E+03   -0.9990E+03   -0.9990E+03   -0.9990E+03   -0.9990E+03   -0.9990E+03   -0.9990E+03   -0.9990E+03   -0.9990E+03   -0.9990E+03   -0.9990E+03   -0.9990E+03    0.2214E+04    0.2214E+04    0.2215E+04    0.2216E+04    0.2216E+04    0.2216E+04    0.2217E+04    0.2268E+04    0.2928E+02    0.3213E+02    0.2565E+03    0.3676E+02    0.3558E+02    0.3698E+02    0.4074E+02    0.4638E+02    0.5150E+02    0.5688E+02    0.5320E+02    0.5916E+02    0.6381E+02    0.6665E+02    0.6587E+02    0.6731E+02    0.6964E+02    0.6612E+02   -0.9990E+03   -0.9990E+03   -0.9990E+03   -0.9990E+03   -0.9990E+03   -0.9990E+03   -0.9990E+03   -0.9990E+03   -0.9990E+03   -0.9990E+03   -0.9990E+03   -0.9990E+03   -0.9990E+03   -0.9990E+03   -0.9990E+03   -0.9990E+03   -0.9990E+03   -0.9990E+03   -0.9990E+03   -0.9990E+03   -0.9990E+03   -0.9990E+03   -0.9990E+03   -0.9990E+03   -0.9990E+03   -0.9990E+03
   -0.9990E+03   -0.9990E+03   -0.9990E+03   -0.9990E+03   -0.9990E+03   -0.9990E+03   -0.9990E+03   -0.9990E+03   -0.9990E+03   -0.9990E+03   -0.9990E+03   -0.9990E+03   -0.9990E+03   -0.9990E+03   -0.9990E+03   -0.9990E+03   -0.9990E+03   -0.9990E+03   -0.9990E+03   -0.9990E+03   -0.9990E+03   -0.9990E+03   -0.9990E+03   -0.9990E+03    0.2217E+04    0.2214E+04   -0.9990E+03   -0.9990E+03    0.2221E+04    0.2117E+04    0.1862E+04    0.1843E+04    0.2861E+02    0.2578E+02    0.1294E+03    0.3910E+02    0.6306E+02    0.1071E+03    0.1025E+03    0.4512E+02    0.5317E+02    0.5539E+02    0.5226E+02    0.5591E+02    0.5934E+02    0.6751E+02    0.6659E+02    0.6709E+02    0.7069E+02    0.6727E+02   -0.9990E+03   -0.9990E+03   -0.9990E+03   -0.9990E+03   -0.9990E+03   -0.9990E+03   -0.9990E+03   -0.9990E+03   -0.9990E+03   -0.9990E+03   -0.9990E+03   -0.9990E+03   -0.9990E+03   -0.9990E+03   -0.9990E+03   -0.9990E+03   -0.9990E+03   -0.9990E+03   -0.9990E+03   -0.9990E+03   -0.9990E+03   -0.9990E+03   -0.9990E+03   -0.9990E+03   -0.9990E+03   -0.9990E+03
   -0.9990E+03   -0.9990E+03   -0.9990E+03   -0.9990E+03   -0.9990E+03   -0.9990E+03   -0.9990E+03   -0.9990E+03   -0.9990E+03   -0.9990E+03   -0.9990E+03   -0.9990E+03   -0.9990E+03   -0.9990E+03   -0.9990E+03   -0.9990E+03   -0.9990E+03   -0.9990E+03   -0.9990E+03   -0.9990E+03   -0.9990E+03   -0.9990E+03   -0.9990E+03   -0.9990E+03   -0.9990E+03   -0.9990E+03   -0.9990E+03   -0.9990E+03   -0.9990E+03   -0.9990E+03   -0.9990E+03   -0.9990E+03    0.5941E+02    0.5644E+02    0.1976E+03    0.1263E+03    0.5857E+02    0.4320E+03    0.1658E+03    0.4881E+02    0.5213E+02    0.5181E+02    0.5194E+02    0.5631E+02    0.5880E+02    0.6539E+02    0.6533E+02    0.6757E+02    0.6622E+02    0.6464E+02   -0.9990E+03   -0.9990E+03   -0.9990E+03   -0.9990E+03   -0.9990E+03   -0.9990E+03   -0.9990E+03   -0.9990E+03   -0.9990E+03   -0.9990E+03   -0.9990E+03   -0.9990E+03   -0.9990E+03   -0.9990E+03   -0.9990E+03   -0.9990E+03   -0.9990E+03   -0.9990E+03   -0.9990E+03   -0.9990E+03   -0.9990E+03   -0.9990E+03   -0.9990E+03   -0.9990E+03   -0.9990E+03   -0.9990E+03
   -0.9990E+03   -0.9990E+03   -0.9990E+03   -0.9990E+03   -0.9990E+03   -0.9990E+03   -0.9990E+03   -0.9990E+03   -0.9990E+03   -0.9990E+03   -0.9990E+03   -0.9990E+03   -0.9990E+03   -0.9990E+03   -0.9990E+03   -0.9990E+03   -0.9990E+03   -0.9990E+03   -0.9990E+03   -0.9990E+03   -0.9990E+03   -0.9990E+03   -0.9990E+03   -0.9990E+03   -0.9990E+03   -0.9990E+03   -0.9990E+03   -0.9990E+03   -0.9990E+03   -0.9990E+03   -0.9990E+03   -0.9990E+03   -0.9990E+03   -0.9990E+03    0.2428E+03    0.3206E+02    0.4702E+02    0.6812E+02    0.9431E+02    0.4763E+02    0.4648E+02    0.5014E+02    0.5261E+02    0.5583E+02    0.5835E+02    0.6051E+02    0.7042E+02    0.6803E+02    0.6599E+02    0.6758E+02    0.6665E+02   -0.9990E+03   -0.9990E+03   -0.9990E+03   -0.9990E+03   -0.9990E+03   -0.9990E+03   -0.9990E+03   -0.9990E+03   -0.9990E+03   -0.9990E+03   -0.9990E+03   -0.9990E+03   -0.9990E+03   -0.9990E+03   -0.9990E+03   -0.9990E+03   -0.9990E+03   -0.9990E+03   -0.9990E+03   -0.9990E+03   -0.9990E+03   -0.9990E+03   -0.9990E+03   -0.9990E+03   -0.9990E+03
   -0.9990E+03   -0.9990E+03   -0.9990E+03   -0.9990E+03   -0.9990E+03   -0.9990E+03   -0.9990E+03   -0.9990E+03   -0.9990E+03   -0.9990E+03   -0.9990E+03   -0.9990E+03   -0.9990E+03   -0.9990E+03   -0.9990E+03   -0.9990E+03   -0.9990E+03   -0.9990E+03   -0.9990E+03   -0.9990E+03   -0.9990E+03   -0.9990E+03   -0.9990E+03   -0.9990E+03   -0.9990E+03   -0.9990E+03   -0.9990E+03   -0.9990E+03   -0.9990E+03   -0.9990E+03   -0.9990E+03   -0.9990E+03   -0.9990E+03   -0.9990E+03   -0.9990E+03    0.6401E+02    0.1061E+03    0.7875E+02    0.1911E+03    0.1106E+03    0.4441E+02    0.4869E+02    0.5329E+02    0.5516E+02    0.5815E+02    0.5936E+02    0.6890E+02    0.6563E+02    0.6540E+02    0.7046E+02    0.6556E+02   -0.9990E+03   -0.9990E+03   -0.9990E+03   -0.9990E+03   -0.9990E+03   -0.9990E+03   -0.9990E+03   -0.9990E+03   -0.9990E+03   -0.9990E+03   -0.9990E+03   -0.9990E+03   -0.9990E+03   -0.9990E+03   -0.9990E+03   -0.9990E+03   -0.9990E+03   -0.9990E+03   -0.9990E+03   -0.9990E+03   -0.9990E+03   -0.9990E+03   -0.9990E+03   -0.9990E+03   -0.9990E+03
   -0.9990E+03   -0.9990E+03   -0.9990E+03   -0.9990E+03   -0.9990E+03   -0.9990E+03   -0.9990E+03   -0.9990E+03   -0.9990E+03   -0.9990E+03   -0.9990E+03   -0.9990E+03   -0.9990E+03   -0.9990E+03   -0.9990E+03   -0.9990E+03   -0.9990E+03   -0.9990E+03   -0.9990E+03   -0.9990E+03   -0.9990E+03   -0.9990E+03   -0.9990E+03   -0.9990E+03   -0.9990E+03   -0.9990E+03   -0.9990E+03   -0.9990E+03   -0.9990E+03   -0.9990E+03   -0.9990E+03   -0.9990E+03   -0.9990E+03   -0.9990E+03    0.4093E+02    0.3061E+02    0.4879E+02    0.7122E+02    0.1832E+03    0.1133E+03    0.4574E+02    0.4956E+02    0.5296E+02    0.5517E+02    0.5794E+02    0.5953E+02    0.6977E+02    0.6684E+02    0.6637E+02    0.6962E+02    0.6763E+02    0.6627E+02   -0.9990E+03   -0.9990E+03   -0.9990E+03   -0.9990E+03   -0.9990E+03   -0.9990E+03   -0.9990E+03   -0.9990E+03   -0.9990E+03   -0.9990E+03   -0.9990E+03   -0.9990E+03   -0.9990E+03   -0.9990E+03   -0.9990E+03   -0.9990E+03   -0.9990E+03   -0.9990E+03   -0.9990E+03   -0.9990E+03   -0.9990E+03   -0.9990E+03   -0.9990E+03   -0.9990E+03
   -0.9990E+03   -0.9990E+03   -0.9990E+03   -0.9990E+03   -0.9990E+03   -0.9990E+03   -0.9990E+03   -0.9990E+03   -0.9990E+03   -0.9990E+03   -0.9990E+03   -0.9990E+03   -0.9990E+03   -0.9990E+03   -0.9990E+03   -0.9990E+03   -0.9990E+03   -0.9990E+03   -0.9990E+03   -0.9990E+03   -0.9990E+03   -0.9990E+03   -0.9990E+03   -0.9990E+03   -0.9990E+03   -0.9990E+03   -0.9990E+03   -0.9990E+03   -0.9990E+03   -0.9990E+03   -0.9990E+03   -0.9990E+03   -0.9990E+03   -0.9990E+03    0.2072E+01    0.5574E+02    0.7509E+02    0.1288E+03    0.1099E+03    0.4170E+02    0.4765E+02    0.5001E+02    0.5266E+02    0.5524E+02    0.5773E+02    0.5960E+02    0.7047E+02    0.6468E+02    0.6664E+02    0.6483E+02    0.7101E+02    0.6990E+02   -0.9990E+03   -0.9990E+03   -0.9990E+03   -0.9990E+03   -0.9990E+03   -0.9990E+03   -0.9990E+03   -0.9990E+03   -0.9990E+03   -0.9990E+03   -0.9990E+03   -0.9990E+03   -0.9990E+03   -0.9990E+03   -0.9990E+03   -0.9990E+03   -0.9990E+03   -0.9990E+03   -0.9990E+03   -0.9990E+03   -0.9990E+03   -0.9990E+03   -0.9990E+03   -0.9990E+03
   -0.9990E+03   -0.9990E+03   -0.9990E+03   -0.9990E+03   -0.9990E+03   -0.9990E+03   -0.9990E+03   -0.9990E+03   -0.9990E+03   -0.9990E+03   -0.9990E+03   -0.9990E+03   -0.9990E+03   -0.9990E+03   -0.9990E+03   -0.9990E+03   -0.9990E+03   -0.9990E+03   -0.9990E+03   -0.9990E+03   -0.9990E+03   -0.9990E+03   -0.9990E+03   -0.9990E+03   -0.9990E+03   -0.9990E+03   -0.9990E+03   -0.9990E+03   -0.9990E+03   -0.9990E+03   -0.9990E+03   -0.9990E+03   -0.9990E+03   -0.9990E+03    0.4850E+02    0.8300E+02    0.3223E+02    0.4038E+02    0.1076E+03    0.4199E+02    0.4649E+02    0.5032E+02    0.5329E+02    0.5494E+02    0.5737E+02    0.5989E+02    0.6955E+02    0.6343E+02    0.6493E+02    0.6578E+02    0.7026E+02    0.6842E+02   -0.9990E+03   -0.9990E+03   -0.9990E+03   -0.9990E+03   -0.9990E+03   -0.9990E+03   -0.9990E+03   -0.9990E+03   -0.9990E+03   -0.9990E+03   -0.9990E+03   -0.9990E+03   -0.9990E+03   -0.9990E+03   -0.9990E+03   -0.9990E+03   -0.9990E+03   -0.9990E+03   -0.9990E+03   -0.9990E+03   -0.9990E+03   -0.9990E+03   -0.9990E+03   -0.9990E+03
   -0.9990E+03   -0.9990E+03   -0.9990E+03   -0.9990E+03   -0.9990E+03   -0.9990E+03   -0.9990E+03   -0.9990E+03   -0.9990E+03   -0.9990E+03   -0.9990E+03   -0.9990E+03   -0.9990E+03   -0.9990E+03   -0.9990E+03   -0.9990E+03   -0.9990E+03   -0.9990E+03   -0.9990E+03   -0.9990E+03   -0.9990E+03   -0.9990E+03   -0.9990E+03   -0.9990E+03   -0.9990E+03   -0.9990E+03   -0.9990E+03   -0.9990E+03   -0.9990E+03   -0.9990E+03   -0.9990E+03   -0.9990E+03   -0.9990E+03   -0.9990E+03    0.3874E+02    0.3420E+02    0.3504E+02    0.4342E+02    0.3948E+02    0.4400E+02    0.4699E+02    0.5065E+02    0.5391E+02    0.5495E+02    0.5686E+02    0.6407E+02    0.6469E+02    0.6296E+02    0.6743E+02    0.6681E+02    0.6516E+02   -0.9990E+03   -0.9990E+03   -0.9990E+03   -0.9990E+03   -0.9990E+03   -0.9990E+03   -0.9990E+03   -0.9990E+03   -0.9990E+03   -0.9990E+03   -0.9990E+03   -0.9990E+03   -0.9990E+03   -0.9990E+03   -0.9990E+03   -0.9990E+03   -0.9990E+03   -0.9990E+03   -0.9990E+03   -0.9990E+03   -0.9990E+03   -0.9990E+03   -0.9990E+03   -0.9990E+03   -0.9990E+03
   -0.9990E+03   -0.9990E+03   -0.9990E+03   -0.9990E+03   -0.9990E+03   -0.9990E+03   -0.9990E+03   -0.9990E+03   -0.9990E+03   -0.9990E+03   -0.9990E+03   -0.9990E+03   -0.9990E+03   -0.9990E+03   -0.9990E+03   -0.9990E+03   -0.9990E+03   -0.9990E+03   -0.9990E+03   -0.9990E+03   -0.9990E+03   -0.9990E+03   -0.9990E+03   -0.9990E+03   -0.9990E+03   -0.9990E+03   -0.9990E+03   -0.9990E+03   -0.9990E+03   -0.9990E+03   -0.9990E+03   -0.9990E+03   -0.9990E+03    0.4546E+02    0.3647E+02    0.2849E+02    0.3876E+02    0.4369E+02    0.4057E+02    0.4500E+02    0.4763E+02    0.5039E+02    0.5511E+02    0.5451E+02    0.5631E+02    0.7159E+02    0.5885E+02    0.6524E+02    0.6792E+02    0.6707E+02    0.6675E+02    0.6821E+02   -0.9990E+03   -0.9990E+03   -0.9990E+03   -0.9990E+03   -0.9990E+03   -0.9990E+03   -0.9990E+03   -0.9990E+03   -0.9990E+03   -0.9990E+03   -0.9990E+03   -0.9990E+03   -0.9990E+03   -0.9990E+03   -0.9990E+03   -0.9990E+03   -0.9990E+03   -0.9990E+03   -0.9990E+03   -0.9990E+03   -0.9990E+03   -0.9990E+03   -0.9990E+03   -0.9990E+03
   -0.9990E+03   -0.9990E+03   -0.9990E+03   -0.9990E+03   -0.9990E+03   -0.9990E+03   -0.9990E+03   -0.9990E+03   -0.9990E+03   -0.9990E+03   -0.9990E+03   -0.9990E+03   -0.9990E+03   -0.9990E+03   -0.9990E+03   -0.9990E+03   -0.9990E+03   -0.9990E+03   -0.9990E+03   -0.9990E+03   -0.9990E+03   -0.9990E+03   -0.9990E+03   -0.9990E+03   -0.9990E+03   -0.9990E+03   -0.9990E+03   -0.9990E+03   -0.9990E+03   -0.9990E+03   -0.9990E+03   -0.9990E+03   -0.9990E+03    0.3695E+02    0.3823E+02    0.3425E+02    0.4141E+02    0.3939E+02    0.4276E+02    0.4699E+02    0.4825E+02    0.5389E+02    0.5190E+02    0.5375E+02    0.6052E+02    0.6754E+02    0.5773E+02    0.6274E+02    0.6721E+02    0.6642E+02    0.6660E+02   -0.9990E+03   -0.9990E+03   -0.9990E+03   -0.9990E+03   -0.9990E+03   -0.9990E+03   -0.9990E+03   -0.9990E+03   -0.9990E+03   -0.9990E+03   -0.9990E+03   -0.9990E+03   -0.9990E+03   -0.9990E+03   -0.9990E+03   -0.9990E+03   -0.9990E+03   -0.9990E+03   -0.9990E+03   -0.9990E+03   -0.9990E+03   -0.9990E+03   -0.9990E+03   -0.9990E+03   -0.9990E+03
   -0.9990E+03   -0.9990E+03   -0.9990E+03   -0.9990E+03   -0.9990E+03   -0.9990E+03   -0.9990E+03   -0.9990E+03   -0.9990E+03   -0.9990E+03   -0.9990E+03   -0.9990E+03   -0.9990E+03   -0.9990E+03   -0.9990E+03   -0.9990E+03   -0.9990E+03   -0.9990E+03   -0.9990E+03   -0.9990E+03   -0.9990E+03   -0.9990E+03   -0.9990E+03   -0.9990E+03   -0.9990E+03   -0.9990E+03   -0.9990E+03   -0.9990E+03   -0.9990E+03   -0.9990E+03   -0.9990E+03    0.3576E+02    0.6718E+02    0.4036E+02    0.4164E+02    0.3828E+02    0.4063E+02    0.4009E+02    0.4620E+02    0.1256E+03    0.1251E+03    0.5781E+02    0.4956E+02    0.5411E+02    0.6784E+02    0.5658E+02    0.5951E+02    0.6712E+02    0.6543E+02    0.6384E+02   -0.9990E+03   -0.9990E+03   -0.9990E+03   -0.9990E+03   -0.9990E+03   -0.9990E+03   -0.9990E+03   -0.9990E+03   -0.9990E+03   -0.9990E+03   -0.9990E+03   -0.9990E+03   -0.9990E+03   -0.9990E+03   -0.9990E+03   -0.9990E+03   -0.9990E+03   -0.9990E+03   -0.9990E+03   -0.9990E+03   -0.9990E+03   -0.9990E+03   -0.9990E+03   -0.9990E+03   -0.9990E+03   -0.9990E+03
   -0.9990E+03   -0.9990E+03   -0.9990E+03   -0.9990E+03   -0.9990E+03   -0.9990E+03   -0.9990E+03   -0.9990E+03   -0.9990E+03   -0.9990E+03   -0.9990E+03   -0.9990E+03   -0.9990E+03   -0.9990E+03   -0.9990E+03   -0.9990E+03   -0.9990E+03   -0.9990E+03   -0.9990E+03   -0.9990E+03   -0.9990E+03   -0.9990E+03   -0.9990E+03   -0.9990E+03   -0.9990E+03   -0.9990E+03   -0.9990E+03   -0.9990E+03   -0.9990E+03   -0.9990E+03   -0.9990E+03    0.4201E+02    0.4202E+02    0.4199E+02    0.4352E+02    0.4053E+02    0.4183E+02    0.4076E+02    0.5731E+02    0.1724E+03    0.1588E+03    0.6444E+02    0.5259E+02    0.6005E+02    0.5813E+02    0.5526E+02    0.6662E+02    0.6004E+02    0.6007E+02   -0.9990E+03   -0.9990E+03   -0.9990E+03   -0.9990E+03   -0.9990E+03   -0.9990E+03   -0.9990E+03   -0.9990E+03   -0.9990E+03   -0.9990E+03   -0.9990E+03   -0.9990E+03   -0.9990E+03   -0.9990E+03   -0.9990E+03   -0.9990E+03   -0.9990E+03   -0.9990E+03   -0.9990E+03   -0.9990E+03   -0.9990E+03   -0.9990E+03   -0.9990E+03   -0.9990E+03   -0.9990E+03   -0.9990E+03   -0.9990E+03
   -0.9990E+03   -0.9990E+03   -0.9990E+03   -0.9990E+03   -0.9990E+03   -0.9990E+03   -0.9990E+03   -0.9990E+03   -0.9990E+03   -0.9990E+03   -0.9990E+03   -0.9990E+03   -0.9990E+03   -0.9990E+03   -0.9990E+03   -0.9990E+03   -0.9990E+03   -0.9990E+03   -0.9990E+03   -0.9990E+03   -0.9990E+03   -0.9990E+03   -0.9990E+03   -0.9990E+03   -0.9990E+03   -0.9990E+03   -0.9990E+03   -0.9990E+03   -0.9990E+03   -0.9990E+03   -0.9990E+03    0.4565E+02    0.4607E+02    0.4584E+02    0.4648E+02    0.4375E+02    0.4301E+02    0.4914E+02    0.5512E+02    0.5926E+02    0.5639E+02    0.5411E+02    0.6175E+02    0.5750E+02    0.5774E+02    0.6094E+02    0.6145E+02    0.5902E+02   -0.9990E+03   -0.9990E+03   -0.9990E+03   -0.9990E+03   -0.9990E+03   -0.9990E+03   -0.9990E+03   -0.9990E+03   -0.9990E+03   -0.9990E+03   -0.9990E+03   -0.9990E+03   -0.9990E+03   -0.9990E+03   -0.9990E+03   -0.9990E+03   -0.9990E+03   -0.9990E+03   -0.9990E+03   -0.9990E+03   -0.9990E+03   -0.9990E+03   -0.9990E+03   -0.9990E+03   -0.9990E+03   -0.9990E+03   -0.9990E+03   -0.9990E+03
   -0.9990E+03   -0.9990E+03   -0.9990E+03   -0.9990E+03   -0.9990E+03   -0.9990E+03   -0.9990E+03   -0.9990E+03   -0.9990E+03   -0.9990E+03   -0.9990E+03   -0.9990E+03   -0.9990E+03   -0.9990E+03   -0.9990E+03   -0.9990E+03   -0.9990E+03   -0.9990E+03   -0.9990E+03   -0.9990E+03   -0.9990E+03   -0.9990E+03   -0.9990E+03   -0.9990E+03   -0.9990E+03   -0.9990E+03   -0.9990E+03   -0.9990E+03   -0.9990E+03   -0.9990E+03   -0.9990E+03    0.4579E+02    0.5012E+02    0.5049E+02    0.4847E+02    0.4543E+02    0.4927E+02    0.5903E+02    0.4714E+02    0.4897E+02    0.5101E+02    0.6038E+02    0.4985E+02    0.6131E+02    0.5660E+02    0.5398E+02    0.5601E+02    0.5978E+02   -0.9990E+03   -0.9990E+03   -0.9990E+03   -0.9990E+03   -0.9990E+03   -0.9990E+03   -0.9990E+03   -0.9990E+03   -0.9990E+03   -0.9990E+03   -0.9990E+03   -0.9990E+03   -0.9990E+03   -0.9990E+03   -0.9990E+03   -0.9990E+03   -0.9990E+03   -0.9990E+03   -0.9990E+03   -0.9990E+03   -0.9990E+03   -0.9990E+03   -0.9990E+03   -0.9990E+03   -0.9990E+03   -0.9990E+03   -0.9990E+03   -0.9990E+03
   -0.9990E+03   -0.9990E+03   -0.9990E+03   -0.9990E+03   -0.9990E+03   -0.9990E+03   -0.9990E+03   -0.9990E+03   -0.9990E+03   -0.9990E+03   -0.9990E+03   -0.9990E+03   -0.9990E+03   -0.9990E+03   -0.9990E+03   -0.9990E+03   -0.9990E+03   -0.9990E+03   -0.9990E+03   -0.9990E+03   -0.9990E+03   -0.9990E+03   -0.9990E+03   -0.9990E+03   -0.9990E+03   -0.9990E+03   -0.9990E+03   -0.9990E+03   -0.9990E+03   -0.9990E+03    0.1212E+03    0.5157E+02    0.5631E+02    0.5495E+02    0.4778E+02    0.4842E+02    0.5731E+02    0.4765E+02    0.5343E+02    0.5035E+02    0.4839E+02    0.5962E+02    0.4908E+02    0.5148E+02    0.5459E+02    0.5404E+02    0.5387E+02   -0.9990E+03   -0.9990E+03   -0.9990E+03   -0.9990E+03   -0.9990E+03   -0.9990E+03   -0.9990E+03   -0.9990E+03   -0.9990E+03   -0.9990E+03   -0.9990E+03   -0.9990E+03   -0.9990E+03   -0.9990E+03   -0.9990E+03   -0.9990E+03   -0.9990E+03   -0.9990E+03   -0.9990E+03   -0.9990E+03   -0.9990E+03   -0.9990E+03   -0.9990E+03   -0.9990E+03   -0.9990E+03   -0.9990E+03   -0.9990E+03   -0.9990E+03   -0.9990E+03
   -0.9990E+03   -0.9990E+03   -0.9990E+03   -0.9990E+03   -0.9990E+03   -0.9990E+03   -0.9990E+03   -0.9990E+03   -0.9990E+03   -0.9990E+03   -0.9990E+03   -0.9990E+03   -0.9990E+03   -0.9990E+03   -0.9990E+03   -0.9990E+03   -0.9990E+03   -0.9990E+03   -0.9990E+03   -0.9990E+03   -0.9990E+03   -0.9990E+03   -0.9990E+03   -0.9990E+03   -0.9990E+03   -0.9990E+03   -0.9990E+03   -0.9990E+03   -0.9990E+03   -0.9990E+03    0.5903E+02    0.6127E+02    0.5657E+02    0.5814E+02    0.5200E+02    0.5848E+02    0.5357E+02    0.4196E+02    0.5021E+02    0.5013E+02    0.5118E+02    0.5563E+02    0.5603E+02    0.5148E+02    0.5287E+02    0.5507E+02    0.5543E+02   -0.9990E+03   -0.9990E+03   -0.9990E+03   -0.9990E+03   -0.9990E+03   -0.9990E+03   -0.9990E+03   -0.9990E+03   -0.9990E+03   -0.9990E+03   -0.9990E+03   -0.9990E+03   -0.9990E+03   -0.9990E+03   -0.9990E+03   -0.9990E+03   -0.9990E+03   -0.9990E+03   -0.9990E+03   -0.9990E+03   -0.9990E+03   -0.9990E+03   -0.9990E+03   -0.9990E+03   -0.9990E+03   -0.9990E+03   -0.9990E+03   -0.9990E+03   -0.9990E+03
   -0.9990E+03   -0.9990E+03   -0.9990E+03   -0.9990E+03   -0.9990E+03   -0.9990E+03   -0.9990E+03   -0.9990E+03   -0.9990E+03   -0.9990E+03   -0.9990E+03   -0.9990E+03   -0.9990E+03   -0.9990E+03   -0.9990E+03   -0.9990E+03   -0.9990E+03   -0.9990E+03   -0.9990E+03   -0.9990E+03   -0.9990E+03   -0.9990E+03   -0.9990E+03   -0.9990E+03   -0.9990E+03   -0.9990E+03   -0.9990E+03   -0.9990E+03   -0.9990E+03   -0.9990E+03    0.6038E+02    0.5993E+02    0.5697E+02    0.6239E+02    0.5501E+02    0.6149E+02    0.6354E+02    0.5986E+02    0.5776E+02    0.5628E+02    0.5463E+02    0.5179E+02    0.5518E+02    0.5448E+02    0.5195E+02    0.5288E+02    0.5585E+02    0.5602E+02   -0.9990E+03   -0.9990E+03   -0.9990E+03   -0.9990E+03   -0.9990E+03   -0.9990E+03   -0.9990E+03   -0.9990E+03   -0.9990E+03   -0.9990E+03   -0.9990E+03   -0.9990E+03   -0.9990E+03   -0.9990E+03   -0.9990E+03   -0.9990E+03   -0.9990E+03   -0.9990E+03   -0.9990E+03   -0.9990E+03   -0.9990E+03   -0.9990E+03   -0.9990E+03   -0.9990E+03   -0.9990E+03   -0.9990E+03   -0.9990E+03   -0.9990E+03
   -0.9990E+03   -0.9990E+03   -0.9990E+03   -0.9990E+03   -0.9990E+03   -0.9990E+03   -0.9990E+03   -0.9990E+03   -0.9990E+03   -0.9990E+03   -0.9990E+03   -0.9990E+03   -0.9990E+03   -0.9990E+03   -0.9990E+03   -0.9990E+03   -0.9990E+03   -0.9990E+03   -0.9990E+03   -0.9990E+03   -0.9990E+03   -0.9990E+03   -0.9990E+03   -0.9990E+03   -0.9990E+03   -0.9990E+03   -0.9990E+03   -0.9990E+03   -0.9990E+03   -0.9990E+03   -0.9990E+03    0.6508E+02    0.6491E+02    0.6627E+02    0.5573E+02    0.6683E+02    0.6089E+02    0.5924E+02    0.5904E+02    0.6154E+02    0.6355E+02    0.6322E+02    0.5789E+02    0.6333E+02    0.5591E+02    0.5506E+02    0.5649E+02    0.5571E+02   -0.9990E+03   -0.9990E+03   -0.9990E+03   -0.9990E+03   -0.9990E+03   -0.9990E+03   -0.9990E+03   -0.9990E+03   -0.9990E+03   -0.9990E+03   -0.9990E+03   -0.9990E+03   -0.9990E+03   -0.9990E+03   -0.9990E+03   -0.9990E+03   -0.9990E+03   -0.9990E+03   -0.9990E+03   -0.9990E+03   -0.9990E+03   -0.9990E+03   -0.9990E+03   -0.9990E+03   -0.9990E+03   -0.9990E+03   -0.9990E+03   -0.9990E+03
   -0.9990E+03   -0.9990E+03   -0.9990E+03   -0.9990E+03   -0.9990E+03   -0.9990E+03   -0.9990E+03   -0.9990E+03   -0.9990E+03   -0.9990E+03   -0.9990E+03   -0.9990E+03   -0.9990E+03   -0.9990E+03   -0.9990E+03   -0.9990E+03   -0.9990E+03   -0.9990E+03   -0.9990E+03   -0.9990E+03   -0.9990E+03   -0.9990E+03   -0.9990E+03   -0.9990E+03   -0.9990E+03   -0.9990E+03   -0.9990E+03   -0.9990E+03   -0.9990E+03   -0.9990E+03   -0.9990E+03    0.1285E+03    0.7133E+02    0.7123E+02    0.7359E+02    0.6180E+02    0.6566E+02    0.6342E+02    0.6996E+02    0.6779E+02    0.6479E+02    0.6594E+02    0.5062E+02    0.5210E+02    0.4305E+02    0.4728E+02    0.5041E+02   -0.9990E+03   -0.9990E+03   -0.9990E+03   -0.9990E+03   -0.9990E+03   -0.9990E+03   -0.9990E+03   -0.9990E+03   -0.9990E+03   -0.9990E+03   -0.9990E+03   -0.9990E+03   -0.9990E+03   -0.9990E+03   -0.9990E+03   -0.9990E+03   -0.9990E+03   -0.9990E+03   -0.9990E+03   -0.9990E+03   -0.9990E+03   -0.9990E+03   -0.9990E+03   -0.9990E+03   -0.9990E+03   -0.9990E+03   -0.9990E+03   -0.9990E+03   -0.9990E+03
   -0.9990E+03   -0.9990E+03   -0.9990E+03   -0.9990E+03   -0.9990E+03   -0.9990E+03   -0.9990E+03   -0.9990E+03   -0.9990E+03   -0.9990E+03   -0.9990E+03   -0.9990E+03   -0.9990E+03   -0.9990E+03   -0.9990E+03   -0.9990E+03   -0.9990E+03   -0.9990E+03   -0.9990E+03   -0.9990E+03   -0.9990E+03   -0.9990E+03   -0.9990E+03   -0.9990E+03   -0.9990E+03   -0.9990E+03   -0.9990E+03   -0.9990E+03   -0.9990E+03   -0.9990E+03   -0.9990E+03   -0.9990E+03    0.7819E+02    0.7931E+02    0.8399E+02    0.6735E+02    0.7079E+02    0.6924E+02    0.7589E+02    0.7110E+02    0.6087E+02    0.5734E+02   -0.9990E+03   -0.9990E+03   -0.9990E+03   -0.9990E+03   -0.9990E+03   -0.9990E+03   -0.9990E+03   -0.9990E+03   -0.9990E+03   -0.9990E+03   -0.9990E+03   -0.9990E+03   -0.9990E+03   -0.9990E+03   -0.9990E+03   -0.9990E+03   -0.9990E+03   -0.9990E+03   -0.9990E+03   -0.9990E+03   -0.9990E+03   -0.9990E+03   -0.9990E+03   -0.9990E+03   -0.9990E+03   -0.9990E+03   -0.9990E+03   -0.9990E+03   -0.9990E+03   -0.9990E+03   -0.9990E+03   -0.9990E+03   -0.9990E+03   -0.9990E+03
   -0.9990E+03   -0.9990E+03   -0.9990E+03   -0.9990E+03   -0.9990E+03   -0.9990E+03   -0.9990E+03   -0.9990E+03   -0.9990E+03   -0.9990E+03   -0.9990E+03   -0.9990E+03   -0.9990E+03   -0.9990E+03   -0.9990E+03   -0.9990E+03   -0.9990E+03   -0.9990E+03   -0.9990E+03   -0.9990E+03   -0.9990E+03   -0.9990E+03   -0.9990E+03   -0.9990E+03   -0.9990E+03   -0.9990E+03   -0.9990E+03   -0.9990E+03   -0.9990E+03   -0.9990E+03    0.1254E+03    0.2167E+03    0.8380E+02    0.8834E+02    0.7462E+02    0.8229E+02    0.7792E+02    0.7753E+02    0.8040E+02    0.6728E+02    0.6417E+02   -0.9990E+03   -0.9990E+03   -0.9990E+03   -0.9990E+03   -0.9990E+03   -0.9990E+03   -0.9990E+03   -0.9990E+03   -0.9990E+03   -0.9990E+03   -0.9990E+03   -0.9990E+03   -0.9990E+03   -0.9990E+03   -0.9990E+03   -0.9990E+03   -0.9990E+03   -0.9990E+03   -0.9990E+03   -0.9990E+03   -0.9990E+03   -0.9990E+03   -0.9990E+03   -0.9990E+03   -0.9990E+03   -0.9990E+03   -0.9990E+03   -0.9990E+03   -0.9990E+03   -0.9990E+03   -0.9990E+03   -0.9990E+03   -0.9990E+03   -0.9990E+03   -0.9990E+03
   -0.9990E+03   -0.9990E+03   -0.9990E+03   -0.9990E+03   -0.9990E+03   -0.9990E+03   -0.9990E+03   -0.9990E+03   -0.9990E+03   -0.9990E+03   -0.9990E+03   -0.9990E+03   -0.9990E+03   -0.9990E+03   -0.9990E+03   -0.9990E+03   -0.9990E+03   -0.9990E+03   -0.9990E+03   -0.9990E+03   -0.9990E+03   -0.9990E+03   -0.9990E+03   -0.9990E+03   -0.9990E+03   -0.9990E+03   -0.9990E+03   -0.9990E+03   -0.9990E+03   -0.9990E+03    0.1176E+03    0.8918E+02    0.9979E+02    0.9491E+02    0.8923E+02    0.8839E+02    0.9371E+02    0.8845E+02    0.7533E+02    0.8413E+02    0.7611E+02   -0.9990E+03   -0.9990E+03   -0.9990E+03   -0.9990E+03   -0.9990E+03   -0.9990E+03   -0.9990E+03   -0.9990E+03   -0.9990E+03   -0.9990E+03   -0.9990E+03   -0.9990E+03   -0.9990E+03   -0.9990E+03   -0.9990E+03   -0.9990E+03   -0.9990E+03   -0.9990E+03   -0.9990E+03   -0.9990E+03   -0.9990E+03   -0.9990E+03   -0.9990E+03   -0.9990E+03   -0.9990E+03   -0.9990E+03   -0.9990E+03   -0.9990E+03   -0.9990E+03   -0.9990E+03   -0.9990E+03   -0.9990E+03   -0.9990E+03   -0.9990E+03   -0.9990E+03
   -0.9990E+03   -0.9990E+03   -0.9990E+03   -0.9990E+03   -0.9990E+03   -0.9990E+03   -0.9990E+03   -0.9990E+03   -0.9990E+03   -0.9990E+03   -0.9990E+03   -0.9990E+03   -0.9990E+03   -0.9990E+03   -0.9990E+03   -0.9990E+03   -0.9990E+03   -0.9990E+03   -0.9990E+03   -0.9990E+03   -0.9990E+03   -0.9990E+03   -0.9990E+03   -0.9990E+03   -0.9990E+03   -0.9990E+03   -0.9990E+03   -0.9990E+03   -0.9990E+03    0.1148E+03    0.9501E+02    0.1063E+03    0.1210E+03    0.1076E+03    0.9046E+02    0.1006E+03    0.9809E+02    0.8097E+02    0.9639E+02    0.9480E+02    0.8582E+02   -0.9990E+03   -0.9990E+03   -0.9990E+03   -0.9990E+03   -0.9990E+03   -0.9990E+03   -0.9990E+03   -0.9990E+03   -0.9990E+03   -0.9990E+03   -0.9990E+03   -0.9990E+03   -0.9990E+03   -0.9990E+03   -0.9990E+03   -0.9990E+03   -0.9990E+03   -0.9990E+03   -0.9990E+03   -0.9990E+03   -0.9990E+03   -0.9990E+03   -0.9990E+03   -0.9990E+03   -0.9990E+03   -0.9990E+03   -0.9990E+03   -0.9990E+03   -0.9990E+03   -0.9990E+03   -0.9990E+03   -0.9990E+03   -0.9990E+03   -0.9990E+03   -0.9990E+03
   -0.9990E+03   -0.9990E+03   -0.9990E+03   -0.9990E+03   -0.9990E+03   -0.9990E+03   -0.9990E+03   -0.9990E+03   -0.9990E+03   -0.9990E+03   -0.9990E+03   -0.9990E+03   -0.9990E+03   -0.9990E+03   -0.9990E+03   -0.9990E+03   -0.9990E+03   -0.9990E+03   -0.9990E+03   -0.9990E+03   -0.9990E+03   -0.9990E+03   -0.9990E+03   -0.9990E+03   -0.9990E+03   -0.9990E+03   -0.9990E+03   -0.9990E+03   -0.9990E+03   -0.9990E+03   -0.9990E+03   -0.9990E+03    0.2274E+03    0.9980E+02    0.9915E+02    0.1070E+03    0.1097E+03    0.9863E+02    0.1075E+03    0.9360E+02    0.9050E+02   -0.9990E+03   -0.9990E+03   -0.9990E+03   -0.9990E+03   -0.9990E+03   -0.9990E+03   -0.9990E+03   -0.9990E+03   -0.9990E+03   -0.9990E+03   -0.9990E+03   -0.9990E+03   -0.9990E+03   -0.9990E+03   -0.9990E+03   -0.9990E+03   -0.9990E+03   -0.9990E+03   -0.9990E+03   -0.9990E+03   -0.9990E+03   -0.9990E+03   -0.9990E+03   -0.9990E+03   -0.9990E+03   -0.9990E+03   -0.9990E+03   -0.9990E+03   -0.9990E+03   -0.9990E+03   -0.9990E+03   -0.9990E+03   -0.9990E+03   -0.9990E+03   -0.9990E+03
   -0.9990E+03   -0.9990E+03   -0.9990E+03   -0.9990E+03   -0.9990E+03   -0.9990E+03   -0.9990E+03   -0.9990E+03   -0.9990E+03   -0.9990E+03   -0.9990E+03   -0.9990E+03   -0.9990E+03   -0.9990E+03   -0.9990E+03   -0.9990E+03   -0.9990E+03   -0.9990E+03   -0.9990E+03   -0.9990E+03   -0.9990E+03   -0.9990E+03   -0.9990E+03   -0.9990E+03   -0.9990E+03   -0.9990E+03   -0.9990E+03   -0.9990E+03    0.2508E+03    0.1077E+03   -0.9990E+03   -0.9990E+03    0.2362E+03    0.1075E+03    0.1111E+03    0.1171E+03    0.1118E+03    0.1184E+03    0.1038E+03    0.1054E+03   -0.9990E+03   -0.9990E+03   -0.9990E+03   -0.9990E+03   -0.9990E+03   -0.9990E+03   -0.9990E+03   -0.9990E+03   -0.9990E+03   -0.9990E+03   -0.9990E+03   -0.9990E+03   -0.9990E+03   -0.9990E+03   -0.9990E+03   -0.9990E+03   -0.9990E+03   -0.9990E+03   -0.9990E+03   -0.9990E+03   -0.9990E+03   -0.9990E+03   -0.9990E+03   -0.9990E+03   -0.9990E+03   -0.9990E+03   -0.9990E+03   -0.9990E+03   -0.9990E+03   -0.9990E+03   -0.9990E+03   -0.9990E+03   -0.9990E+03   -0.9990E+03   -0.9990E+03   -0.9990E+03
   -0.9990E+03   -0.9990E+03   -0.9990E+03   -0.9990E+03   -0.9990E+03   -0.9990E+03   -0.9990E+03   -0.9990E+03   -0.9990E+03   -0.9990E+03   -0.9990E+03   -0.9990E+03   -0.9990E+03   -0.9990E+03   -0.9990E+03   -0.9990E+03   -0.9990E+03   -0.9990E+03   -0.9990E+03   -0.9990E+03   -0.9990E+03   -0.9990E+03   -0.9990E+03   -0.9990E+03   -0.9990E+03   -0.9990E+03   -0.9990E+03   -0.9990E+03    0.1805E+03    0.1242E+03   -0.9990E+03   -0.9990E+03    0.1640E+03    0.1250E+03    0.1190E+03    0.1345E+03    0.1287E+03    0.1272E+03    0.1224E+03    0.1080E+03   -0.9990E+03   -0.9990E+03   -0.9990E+03   -0.9990E+03   -0.9990E+03   -0.9990E+03   -0.9990E+03   -0.9990E+03   -0.9990E+03   -0.9990E+03   -0.9990E+03   -0.9990E+03   -0.9990E+03   -0.9990E+03   -0.9990E+03   -0.9990E+03   -0.9990E+03   -0.9990E+03   -0.9990E+03   -0.9990E+03   -0.9990E+03   -0.9990E+03   -0.9990E+03   -0.9990E+03   -0.9990E+03   -0.9990E+03   -0.9990E+03   -0.9990E+03   -0.9990E+03   -0.9990E+03   -0.9990E+03   -0.9990E+03   -0.9990E+03   -0.9990E+03   -0.9990E+03   -0.9990E+03
   -0.9990E+03   -0.9990E+03   -0.9990E+03   -0.9990E+03   -0.9990E+03   -0.9990E+03   -0.9990E+03   -0.9990E+03   -0.9990E+03   -0.9990E+03   -0.9990E+03   -0.9990E+03   -0.9990E+03   -0.9990E+03   -0.9990E+03   -0.9990E+03   -0.9990E+03   -0.9990E+03   -0.9990E+03   -0.9990E+03   -0.9990E+03   -0.9990E+03   -0.9990E+03   -0.9990E+03   -0.9990E+03   -0.9990E+03   -0.9990E+03   -0.9990E+03   -0.9990E+03    0.1204E+03   -0.9990E+03   -0.9990E+03    0.2470E+03    0.1421E+03    0.1444E+03    0.1400E+03    0.1254E+03    0.1241E+03    0.1181E+03    0.1151E+03   -0.9990E+03   -0.9990E+03   -0.9990E+03   -0.9990E+03   -0.9990E+03   -0.9990E+03   -0.9990E+03   -0.9990E+03   -0.9990E+03   -0.9990E+03   -0.9990E+03   -0.9990E+03   -0.9990E+03   -0.9990E+03   -0.9990E+03   -0.9990E+03   -0.9990E+03   -0.9990E+03   -0.9990E+03   -0.9990E+03   -0.9990E+03   -0.9990E+03   -0.9990E+03   -0.9990E+03   -0.9990E+03   -0.9990E+03   -0.9990E+03   -0.9990E+03   -0.9990E+03   -0.9990E+03   -0.9990E+03   -0.9990E+03   -0.9990E+03   -0.9990E+03   -0.9990E+03   -0.9990E+03
   -0.9990E+03   -0.9990E+03   -0.9990E+03   -0.9990E+03   -0.9990E+03   -0.9990E+03   -0.9990E+03   -0.9990E+03   -0.9990E+03   -0.9990E+03   -0.9990E+03   -0.9990E+03   -0.9990E+03   -0.9990E+03   -0.9990E+03   -0.9990E+03   -0.9990E+03   -0.9990E+03   -0.9990E+03   -0.9990E+03   -0.9990E+03   -0.9990E+03   -0.9990E+03   -0.9990E+03   -0.9990E+03   -0.9990E+03   -0.9990E+03   -0.9990E+03   -0.9990E+03    0.2358E+03   -0.9990E+03   -0.9990E+03    0.3352E+03    0.1450E+03    0.1334E+03    0.1448E+03    0.1380E+03    0.1302E+03    0.1323E+03    0.1235E+03   -0.9990E+03   -0.9990E+03   -0.9990E+03   -0.9990E+03   -0.9990E+03   -0.9990E+03   -0.9990E+03   -0.9990E+03   -0.9990E+03   -0.9990E+03   -0.9990E+03   -0.9990E+03   -0.9990E+03   -0.9990E+03   -0.9990E+03   -0.9990E+03   -0.9990E+03   -0.9990E+03   -0.9990E+03   -0.9990E+03   -0.9990E+03   -0.9990E+03   -0.9990E+03   -0.9990E+03   -0.9990E+03   -0.9990E+03   -0.9990E+03   -0.9990E+03   -0.9990E+03   -0.9990E+03   -0.9990E+03   -0.9990E+03   -0.9990E+03   -0.9990E+03   -0.9990E+03   -0.9990E+03
   -0.9990E+03   -0.9990E+03   -0.9990E+03   -0.9990E+03   -0.9990E+03   -0.9990E+03   -0.9990E+03   -0.9990E+03   -0.9990E+03   -0.9990E+03   -0.9990E+03   -0.9990E+03   -0.9990E+03   -0.9990E+03   -0.9990E+03   -0.9990E+03   -0.9990E+03   -0.9990E+03   -0.9990E+03   -0.9990E+03   -0.9990E+03    0.3779E+03    0.5007E+02    0.1068E+03    0.9064E+02   -0.9990E+03   -0.9990E+03   -0.9990E+03   -0.9990E+03    0.3019E+03   -0.9990E+03   -0.9990E+03    0.2258E+03    0.1408E+03    0.1522E+03    0.1589E+03    0.1452E+03    0.1385E+03    0.1374E+03    0.1255E+03   -0.9990E+03   -0.9990E+03   -0.9990E+03   -0.9990E+03   -0.9990E+03   -0.9990E+03   -0.9990E+03   -0.9990E+03   -0.9990E+03   -0.9990E+03   -0.9990E+03   -0.9990E+03   -0.9990E+03   -0.9990E+03   -0.9990E+03   -0.9990E+03   -0.9990E+03   -0.9990E+03   -0.9990E+03   -0.9990E+03   -0.9990E+03   -0.9990E+03   -0.9990E+03   -0.9990E+03   -0.9990E+03   -0.9990E+03   -0.9990E+03   -0.9990E+03   -0.9990E+03   -0.9990E+03   -0.9990E+03   -0.9990E+03   -0.9990E+03   -0.9990E+03   -0.9990E+03   -0.9990E+03
   -0.9990E+03   -0.9990E+03   -0.9990E+03   -0.9990E+03   -0.9990E+03   -0.9990E+03   -0.9990E+03   -0.9990E+03   -0.9990E+03   -0.9990E+03   -0.9990E+03   -0.9990E+03   -0.9990E+03   -0.9990E+03   -0.9990E+03   -0.9990E+03   -0.9990E+03   -0.9990E+03   -0.9990E+03   -0.9990E+03    0.2617E+03    0.2027E+03    0.3600E+03    0.1303E+03    0.1456E+03   -0.9990E+03   -0.9990E+03   -0.9990E+03   -0.9990E+03   -0.9990E+03   -0.9990E+03   -0.9990E+03    0.1452E+03    0.1471E+03    0.1439E+03    0.1463E+03    0.1481E+03    0.1477E+03    0.1382E+03    0.1271E+03   -0.9990E+03   -0.9990E+03   -0.9990E+03   -0.9990E+03   -0.9990E+03   -0.9990E+03   -0.9990E+03   -0.9990E+03   -0.9990E+03   -0.9990E+03   -0.9990E+03   -0.9990E+03   -0.9990E+03   -0.9990E+03   -0.9990E+03   -0.9990E+03   -0.9990E+03   -0.9990E+03   -0.9990E+03   -0.9990E+03   -0.9990E+03   -0.9990E+03   -0.9990E+03   -0.9990E+03   -0.9990E+03   -0.9990E+03   -0.9990E+03   -0.9990E+03   -0.9990E+03   -0.9990E+03   -0.9990E+03   -0.9990E+03   -0.9990E+03   -0.9990E+03   -0.9990E+03   -0.9990E+03
   -0.9990E+03   -0.9990E+03   -0.9990E+03   -0.9990E+03   -0.9990E+03   -0.9990E+03   -0.9990E+03   -0.9990E+03   -0.9990E+03   -0.9990E+03   -0.9990E+03   -0.9990E+03   -0.9990E+03   -0.9990E+03   -0.9990E+03   -0.9990E+03   -0.9990E+03   -0.9990E+03   -0.9990E+03   -0.9990E+03    0.2132E+03    0.3190E+03    0.4933E+03    0.6091E+03    0.2695E+03    0.2012E+03   -0.9990E+03   -0.9990E+03    0.1658E+03    0.1294E+03   -0.9990E+03    0.1408E+03    0.1433E+03    0.1307E+03    0.1422E+03    0.1444E+03    0.1477E+03    0.1449E+03    0.1351E+03    0.1311E+03   -0.9990E+03   -0.9990E+03   -0.9990E+03   -0.9990E+03   -0.9990E+03   -0.9990E+03   -0.9990E+03   -0.9990E+03   -0.9990E+03   -0.9990E+03   -0.9990E+03   -0.9990E+03   -0.9990E+03   -0.9990E+03   -0.9990E+03   -0.9990E+03   -0.9990E+03   -0.9990E+03   -0.9990E+03   -0.9990E+03   -0.9990E+03   -0.9990E+03   -0.9990E+03   -0.9990E+03   -0.9990E+03   -0.9990E+03   -0.9990E+03   -0.9990E+03   -0.9990E+03   -0.9990E+03   -0.9990E+03   -0.9990E+03   -0.9990E+03   -0.9990E+03   -0.9990E+03   -0.9990E+03
   -0.9990E+03   -0.9990E+03   -0.9990E+03   -0.9990E+03   -0.9990E+03   -0.9990E+03   -0.9990E+03   -0.9990E+03   -0.9990E+03   -0.9990E+03   -0.9990E+03   -0.9990E+03   -0.9990E+03   -0.9990E+03   -0.9990E+03   -0.9990E+03   -0.9990E+03   -0.9990E+03   -0.9990E+03   -0.9990E+03    0.1019E+03    0.1175E+03    0.1094E+03    0.1006E+03    0.1008E+03    0.1605E+03    0.2132E+03    0.2291E+03    0.2066E+03    0.1310E+03    0.1289E+03    0.1393E+03    0.1364E+03    0.1242E+03    0.1392E+03    0.1455E+03    0.1480E+03    0.1430E+03    0.1383E+03    0.1305E+03   -0.9990E+03   -0.9990E+03   -0.9990E+03   -0.9990E+03   -0.9990E+03   -0.9990E+03   -0.9990E+03   -0.9990E+03   -0.9990E+03   -0.9990E+03   -0.9990E+03   -0.9990E+03   -0.9990E+03   -0.9990E+03   -0.9990E+03   -0.9990E+03   -0.9990E+03   -0.9990E+03   -0.9990E+03   -0.9990E+03   -0.9990E+03   -0.9990E+03   -0.9990E+03   -0.9990E+03   -0.9990E+03   -0.9990E+03   -0.9990E+03   -0.9990E+03   -0.9990E+03   -0.9990E+03   -0.9990E+03   -0.9990E+03   -0.9990E+03   -0.9990E+03   -0.9990E+03   -0.9990E+03
   -0.9990E+03   -0.9990E+03   -0.9990E+03   -0.9990E+03   -0.9990E+03   -0.9990E+03   -0.9990E+03   -0.9990E+03   -0.9990E+03   -0.9990E+03   -0.9990E+03   -0.9990E+03   -0.9990E+03   -0.9990E+03   -0.9990E+03   -0.9990E+03   -0.9990E+03   -0.9990E+03   -0.9990E+03    0.2763E+03    0.9713E+02    0.7894E+02    0.7566E+02    0.1772E+04    0.3625E+03    0.1220E+03    0.1194E+03    0.2112E+03    0.1239E+03    0.1295E+03    0.1286E+03    0.1352E+03    0.1323E+03    0.1420E+03    0.1475E+03    0.1479E+03    0.1374E+03    0.1392E+03    0.1325E+03   -0.9990E+03   -0.9990E+03   -0.9990E+03   -0.9990E+03   -0.9990E+03   -0.9990E+03   -0.9990E+03   -0.9990E+03   -0.9990E+03   -0.9990E+03   -0.9990E+03   -0.9990E+03   -0.9990E+03   -0.9990E+03   -0.9990E+03   -0.9990E+03   -0.9990E+03   -0.9990E+03   -0.9990E+03   -0.9990E+03   -0.9990E+03   -0.9990E+03   -0.9990E+03   -0.9990E+03   -0.9990E+03   -0.9990E+03   -0.9990E+03   -0.9990E+03   -0.9990E+03   -0.9990E+03   -0.9990E+03   -0.9990E+03   -0.9990E+03   -0.9990E+03   -0.9990E+03   -0.9990E+03   -0.9990E+03
   -0.9990E+03   -0.9990E+03   -0.9990E+03   -0.9990E+03   -0.9990E+03   -0.9990E+03   -0.9990E+03   -0.9990E+03   -0.9990E+03   -0.9990E+03   -0.9990E+03   -0.9990E+03   -0.9990E+03   -0.9990E+03   -0.9990E+03   -0.9990E+03   -0.9990E+03   -0.9990E+03   -0.9990E+03    0.3517E+03    0.3820E+03    0.2620E+03    0.2254E+03    0.1260E+04    0.2146E+04    0.1358E+03    0.1240E+03    0.1282E+03    0.1243E+03    0.1276E+03    0.1292E+03    0.1322E+03    0.1343E+03    0.1384E+03    0.1289E+03    0.1331E+03    0.1309E+03    0.1327E+03   -0.9990E+03   -0.9990E+03   -0.9990E+03   -0.9990E+03   -0.9990E+03   -0.9990E+03   -0.9990E+03   -0.9990E+03   -0.9990E+03   -0.9990E+03   -0.9990E+03   -0.9990E+03   -0.9990E+03   -0.9990E+03   -0.9990E+03   -0.9990E+03   -0.9990E+03   -0.9990E+03   -0.9990E+03   -0.9990E+03   -0.9990E+03   -0.9990E+03   -0.9990E+03   -0.9990E+03   -0.9990E+03   -0.9990E+03   -0.9990E+03   -0.9990E+03   -0.9990E+03   -0.9990E+03   -0.9990E+03   -0.9990E+03   -0.9990E+03   -0.9990E+03   -0.9990E+03   -0.9990E+03   -0.9990E+03   -0.9990E+03
   -0.9990E+03   -0.9990E+03   -0.9990E+03   -0.9990E+03   -0.9990E+03   -0.9990E+03   -0.9990E+03   -0.9990E+03   -0.9990E+03   -0.9990E+03   -0.9990E+03   -0.9990E+03   -0.9990E+03   -0.9990E+03   -0.9990E+03   -0.9990E+03   -0.9990E+03   -0.9990E+03   -0.9990E+03    0.3324E+03    0.9631E+03    0.5771E+03    0.1484E+04    0.8464E+02    0.1974E+04    0.1666E+03    0.1202E+03    0.1206E+03    0.1247E+03    0.1274E+03    0.1282E+03    0.1294E+03    0.1314E+03    0.1348E+03    0.1290E+03    0.1276E+03    0.1347E+03    0.1307E+03   -0.9990E+03   -0.9990E+03   -0.9990E+03   -0.9990E+03   -0.9990E+03   -0.9990E+03   -0.9990E+03   -0.9990E+03   -0.9990E+03   -0.9990E+03   -0.9990E+03   -0.9990E+03   -0.9990E+03   -0.9990E+03   -0.9990E+03   -0.9990E+03   -0.9990E+03   -0.9990E+03   -0.9990E+03   -0.9990E+03   -0.9990E+03   -0.9990E+03   -0.9990E+03   -0.9990E+03   -0.9990E+03   -0.9990E+03   -0.9990E+03   -0.9990E+03   -0.9990E+03   -0.9990E+03   -0.9990E+03   -0.9990E+03   -0.9990E+03   -0.9990E+03   -0.9990E+03   -0.9990E+03   -0.9990E+03   -0.9990E+03
   -0.9990E+03   -0.9990E+03   -0.9990E+03   -0.9990E+03   -0.9990E+03   -0.9990E+03   -0.9990E+03   -0.9990E+03   -0.9990E+03   -0.9990E+03   -0.9990E+03   -0.9990E+03   -0.9990E+03   -0.9990E+03   -0.9990E+03   -0.9990E+03   -0.9990E+03   -0.9990E+03   -0.9990E+03   -0.9990E+03    0.9847E+03    0.4417E+03    0.2615E+03    0.1824E+04    0.2664E+03    0.1297E+03    0.1171E+03    0.1206E+03    0.1229E+03    0.1246E+03    0.1223E+03    0.1218E+03    0.1289E+03    0.1286E+03    0.1301E+03    0.1356E+03    0.1308E+03    0.1292E+03   -0.9990E+03   -0.9990E+03   -0.9990E+03   -0.9990E+03   -0.9990E+03   -0.9990E+03   -0.9990E+03   -0.9990E+03   -0.9990E+03   -0.9990E+03   -0.9990E+03   -0.9990E+03   -0.9990E+03   -0.9990E+03   -0.9990E+03   -0.9990E+03   -0.9990E+03   -0.9990E+03   -0.9990E+03   -0.9990E+03   -0.9990E+03   -0.9990E+03   -0.9990E+03   -0.9990E+03   -0.9990E+03   -0.9990E+03   -0.9990E+03   -0.9990E+03   -0.9990E+03   -0.9990E+03   -0.9990E+03   -0.9990E+03   -0.9990E+03   -0.9990E+03   -0.9990E+03   -0.9990E+03   -0.9990E+03   -0.9990E+03
   -0.9990E+03   -0.9990E+03   -0.9990E+03   -0.9990E+03   -0.9990E+03   -0.9990E+03   -0.9990E+03   -0.9990E+03   -0.9990E+03   -0.9990E+03   -0.9990E+03   -0.9990E+03   -0.9990E+03   -0.9990E+03   -0.9990E+03   -0.9990E+03   -0.9990E+03   -0.9990E+03   -0.9990E+03   -0.9990E+03   -0.9990E+03    0.1760E+03    0.1101E+03    0.1162E+03    0.1287E+03    0.1220E+03    0.1178E+03    0.1206E+03    0.1207E+03    0.1206E+03    0.1240E+03    0.1255E+03    0.1268E+03    0.1287E+03    0.1303E+03    0.1269E+03    0.1280E+03    0.1266E+03   -0.9990E+03   -0.9990E+03   -0.9990E+03   -0.9990E+03   -0.9990E+03   -0.9990E+03   -0.9990E+03   -0.9990E+03   -0.9990E+03   -0.9990E+03   -0.9990E+03   -0.9990E+03   -0.9990E+03   -0.9990E+03   -0.9990E+03   -0.9990E+03   -0.9990E+03   -0.9990E+03   -0.9990E+03   -0.9990E+03   -0.9990E+03   -0.9990E+03   -0.9990E+03   -0.9990E+03   -0.9990E+03   -0.9990E+03   -0.9990E+03   -0.9990E+03   -0.9990E+03   -0.9990E+03   -0.9990E+03   -0.9990E+03   -0.9990E+03   -0.9990E+03   -0.9990E+03   -0.9990E+03   -0.9990E+03   -0.9990E+03
   -0.9990E+03   -0.9990E+03   -0.9990E+03   -0.9990E+03   -0.9990E+03   -0.9990E+03   -0.9990E+03   -0.9990E+03   -0.9990E+03   -0.9990E+03   -0.9990E+03   -0.9990E+03   -0.9990E+03   -0.9990E+03   -0.9990E+03   -0.9990E+03   -0.9990E+03   -0.9990E+03   -0.9990E+03   -0.9990E+03   -0.9990E+03    0.1352E+03    0.1139E+03    0.1117E+03    0.1172E+03    0.1169E+03    0.1168E+03    0.1182E+03    0.1189E+03    0.1194E+03    0.1211E+03    0.1229E+03    0.1232E+03    0.1246E+03    0.1264E+03    0.1232E+03   -0.9990E+03   -0.9990E+03   -0.9990E+03   -0.9990E+03   -0.9990E+03   -0.9990E+03   -0.9990E+03   -0.9990E+03   -0.9990E+03   -0.9990E+03   -0.9990E+03   -0.9990E+03   -0.9990E+03   -0.9990E+03   -0.9990E+03   -0.9990E+03   -0.9990E+03   -0.9990E+03   -0.9990E+03   -0.9990E+03   -0.9990E+03   -0.9990E+03   -0.9990E+03   -0.9990E+03   -0.9990E+03   -0.9990E+03   -0.9990E+03   -0.9990E+03   -0.9990E+03   -0.9990E+03   -0.9990E+03   -0.9990E+03   -0.9990E+03   -0.9990E+03   -0.9990E+03   -0.9990E+03   -0.9990E+03   -0.9990E+03   -0.9990E+03   -0.9990E+03
   -0.9990E+03   -0.9990E+03   -0.9990E+03   -0.9990E+03   -0.9990E+03   -0.9990E+03   -0.9990E+03   -0.9990E+03   -0.9990E+03   -0.9990E+03   -0.9990E+03   -0.9990E+03   -0.9990E+03   -0.9990E+03   -0.9990E+03   -0.9990E+03   -0.9990E+03   -0.9990E+03   -0.9990E+03   -0.9990E+03   -0.9990E+03    0.1245E+03    0.1122E+03    0.1124E+03    0.1138E+03    0.1134E+03    0.1148E+03    0.1154E+03    0.1174E+03    0.1193E+03    0.1203E+03    0.1209E+03    0.1228E+03    0.1229E+03    0.1219E+03    0.1220E+03   -0.9990E+03   -0.9990E+03   -0.9990E+03   -0.9990E+03   -0.9990E+03   -0.9990E+03   -0.9990E+03   -0.9990E+03   -0.9990E+03   -0.9990E+03   -0.9990E+03   -0.9990E+03   -0.9990E+03   -0.9990E+03   -0.9990E+03   -0.9990E+03   -0.9990E+03   -0.9990E+03   -0.9990E+03   -0.9990E+03   -0.9990E+03   -0.9990E+03   -0.9990E+03   -0.9990E+03   -0.9990E+03   -0.9990E+03   -0.9990E+03   -0.9990E+03   -0.9990E+03   -0.9990E+03   -0.9990E+03   -0.9990E+03   -0.9990E+03   -0.9990E+03   -0.9990E+03   -0.9990E+03   -0.9990E+03   -0.9990E+03   -0.9990E+03   -0.9990E+03
   -0.9990E+03   -0.9990E+03   -0.9990E+03   -0.9990E+03   -0.9990E+03   -0.9990E+03   -0.9990E+03   -0.9990E+03   -0.9990E+03   -0.9990E+03   -0.9990E+03   -0.9990E+03   -0.9990E+03   -0.9990E+03   -0.9990E+03   -0.9990E+03   -0.9990E+03   -0.9990E+03   -0.9990E+03   -0.9990E+03   -0.9990E+03    0.1107E+03    0.1115E+03    0.1122E+03    0.1128E+03    0.1130E+03    0.1135E+03    0.1150E+03    0.1161E+03    0.1173E+03    0.1184E+03    0.1183E+03    0.1205E+03    0.1216E+03    0.1203E+03   -0.9990E+03   -0.9990E+03   -0.9990E+03   -0.9990E+03   -0.9990E+03   -0.9990E+03   -0.9990E+03   -0.9990E+03   -0.9990E+03   -0.9990E+03   -0.9990E+03   -0.9990E+03   -0.9990E+03   -0.9990E+03   -0.9990E+03   -0.9990E+03   -0.9990E+03   -0.9990E+03   -0.9990E+03   -0.9990E+03   -0.9990E+03   -0.9990E+03   -0.9990E+03   -0.9990E+03   -0.9990E+03   -0.9990E+03   -0.9990E+03   -0.9990E+03   -0.9990E+03   -0.9990E+03   -0.9990E+03   -0.9990E+03   -0.9990E+03   -0.9990E+03   -0.9990E+03   -0.9990E+03   -0.9990E+03   -0.9990E+03   -0.9990E+03   -0.9990E+03   -0.9990E+03
   -0.9990E+03   -0.9990E+03   -0.9990E+03   -0.9990E+03   -0.9990E+03   -0.9990E+03   -0.9990E+03   -0.9990E+03   -0.9990E+03   -0.9990E+03   -0.9990E+03   -0.9990E+03   -0.9990E+03   -0.9990E+03   -0.9990E+03   -0.9990E+03   -0.9990E+03   -0.9990E+03   -0.9990E+03   -0.9990E+03    0.1090E+03    0.1104E+03    0.1120E+03    0.1116E+03    0.1119E+03    0.1130E+03    0.1142E+03    0.1155E+03    0.1164E+03    0.1174E+03    0.1184E+03    0.1193E+03    0.1187E+03    0.1202E+03    0.1195E+03   -0.9990E+03   -0.9990E+03   -0.9990E+03   -0.9990E+03   -0.9990E+03   -0.9990E+03   -0.9990E+03   -0.9990E+03   -0.9990E+03   -0.9990E+03   -0.9990E+03   -0.9990E+03   -0.9990E+03   -0.9990E+03   -0.9990E+03   -0.9990E+03   -0.9990E+03   -0.9990E+03   -0.9990E+03   -0.9990E+03   -0.9990E+03   -0.9990E+03   -0.9990E+03   -0.9990E+03   -0.9990E+03   -0.9990E+03   -0.9990E+03   -0.9990E+03   -0.9990E+03   -0.9990E+03   -0.9990E+03   -0.9990E+03   -0.9990E+03   -0.9990E+03   -0.9990E+03   -0.9990E+03   -0.9990E+03   -0.9990E+03   -0.9990E+03   -0.9990E+03   -0.9990E+03
   -0.9990E+03   -0.9990E+03   -0.9990E+03   -0.9990E+03   -0.9990E+03   -0.9990E+03   -0.9990E+03   -0.9990E+03   -0.9990E+03   -0.9990E+03   -0.9990E+03   -0.9990E+03   -0.9990E+03   -0.9990E+03   -0.9990E+03   -0.9990E+03   -0.9990E+03   -0.9990E+03    0.1247E+03    0.1083E+03    0.1105E+03    0.1114E+03    0.1119E+03    0.1112E+03    0.1116E+03    0.1125E+03    0.1139E+03    0.1146E+03    0.1153E+03    0.1168E+03    0.1166E+03    0.1186E+03    0.1197E+03    0.1198E+03    0.1195E+03   -0.9990E+03   -0.9990E+03   -0.9990E+03   -0.9990E+03   -0.9990E+03   -0.9990E+03   -0.9990E+03   -0.9990E+03   -0.9990E+03   -0.9990E+03   -0.9990E+03   -0.9990E+03   -0.9990E+03   -0.9990E+03   -0.9990E+03   -0.9990E+03   -0.9990E+03   -0.9990E+03   -0.9990E+03   -0.9990E+03   -0.9990E+03   -0.9990E+03   -0.9990E+03   -0.9990E+03   -0.9990E+03   -0.9990E+03   -0.9990E+03   -0.9990E+03   -0.9990E+03   -0.9990E+03   -0.9990E+03   -0.9990E+03   -0.9990E+03   -0.9990E+03   -0.9990E+03   -0.9990E+03   -0.9990E+03   -0.9990E+03   -0.9990E+03   -0.9990E+03   -0.9990E+03
   -0.9990E+03   -0.9990E+03   -0.9990E+03   -0.9990E+03   -0.9990E+03   -0.9990E+03   -0.9990E+03   -0.9990E+03   -0.9990E+03   -0.9990E+03   -0.9990E+03   -0.9990E+03   -0.9990E+03   -0.9990E+03   -0.9990E+03   -0.9990E+03   -0.9990E+03   -0.9990E+03    0.1425E+03    0.1078E+03    0.1103E+03    0.1107E+03    0.1106E+03    0.1108E+03    0.1123E+03    0.1129E+03    0.1136E+03    0.1142E+03    0.1147E+03    0.1163E+03    0.1171E+03    0.1170E+03    0.1179E+03    0.1188E+03    0.1176E+03   -0.9990E+03   -0.9990E+03   -0.9990E+03   -0.9990E+03   -0.9990E+03   -0.9990E+03   -0.9990E+03   -0.9990E+03   -0.9990E+03   -0.9990E+03   -0.9990E+03   -0.9990E+03   -0.9990E+03   -0.9990E+03   -0.9990E+03   -0.9990E+03   -0.9990E+03   -0.9990E+03   -0.9990E+03   -0.9990E+03   -0.9990E+03   -0.9990E+03   -0.9990E+03   -0.9990E+03   -0.9990E+03   -0.9990E+03   -0.9990E+03   -0.9990E+03   -0.9990E+03   -0.9990E+03   -0.9990E+03   -0.9990E+03   -0.9990E+03   -0.9990E+03   -0.9990E+03   -0.9990E+03   -0.9990E+03   -0.9990E+03   -0.9990E+03   -0.9990E+03   -0.9990E+03
   -0.9990E+03   -0.9990E+03   -0.9990E+03   -0.9990E+03   -0.9990E+03   -0.9990E+03   -0.9990E+03   -0.9990E+03   -0.9990E+03   -0.9990E+03   -0.9990E+03   -0.9990E+03   -0.9990E+03   -0.9990E+03   -0.9990E+03    0.1068E+03    0.1067E+03    0.1071E+03    0.1078E+03    0.1093E+03    0.1095E+03    0.1097E+03    0.1102E+03    0.1111E+03    0.1120E+03    0.1128E+03    0.1136E+03    0.1143E+03    0.1144E+03    0.1153E+03    0.1167E+03    0.1173E+03    0.1174E+03    0.1169E+03   -0.9990E+03   -0.9990E+03   -0.9990E+03   -0.9990E+03   -0.9990E+03   -0.9990E+03   -0.9990E+03   -0.9990E+03   -0.9990E+03   -0.9990E+03   -0.9990E+03   -0.9990E+03   -0.9990E+03   -0.9990E+03   -0.9990E+03   -0.9990E+03   -0.9990E+03   -0.9990E+03   -0.9990E+03   -0.9990E+03   -0.9990E+03   -0.9990E+03   -0.9990E+03   -0.9990E+03   -0.9990E+03   -0.9990E+03   -0.9990E+03   -0.9990E+03   -0.9990E+03   -0.9990E+03   -0.9990E+03   -0.9990E+03   -0.9990E+03   -0.9990E+03   -0.9990E+03   -0.9990E+03   -0.9990E+03   -0.9990E+03   -0.9990E+03   -0.9990E+03   -0.9990E+03   -0.9990E+03
   -0.9990E+03   -0.9990E+03   -0.9990E+03   -0.9990E+03   -0.9990E+03   -0.9990E+03   -0.9990E+03   -0.9990E+03   -0.9990E+03   -0.9990E+03   -0.9990E+03   -0.9990E+03   -0.9990E+03    0.1064E+03    0.1068E+03    0.1066E+03    0.1073E+03    0.1077E+03    0.1082E+03    0.1090E+03    0.1091E+03    0.1104E+03    0.1099E+03    0.1115E+03    0.1122E+03    0.1125E+03    0.1128E+03    0.1142E+03    0.1144E+03    0.1146E+03    0.1160E+03    0.1166E+03    0.1166E+03   -0.9990E+03   -0.9990E+03   -0.9990E+03   -0.9990E+03   -0.9990E+03   -0.9990E+03   -0.9990E+03   -0.9990E+03   -0.9990E+03   -0.9990E+03   -0.9990E+03   -0.9990E+03   -0.9990E+03   -0.9990E+03   -0.9990E+03   -0.9990E+03   -0.9990E+03   -0.9990E+03   -0.9990E+03   -0.9990E+03   -0.9990E+03   -0.9990E+03   -0.9990E+03   -0.9990E+03   -0.9990E+03   -0.9990E+03   -0.9990E+03   -0.9990E+03   -0.9990E+03   -0.9990E+03   -0.9990E+03   -0.9990E+03   -0.9990E+03   -0.9990E+03   -0.9990E+03   -0.9990E+03   -0.9990E+03   -0.9990E+03   -0.9990E+03   -0.9990E+03   -0.9990E+03   -0.9990E+03   -0.9990E+03
   -0.9990E+03   -0.9990E+03   -0.9990E+03   -0.9990E+03   -0.9990E+03   -0.9990E+03   -0.9990E+03   -0.9990E+03   -0.9990E+03   -0.9990E+03    0.1083E+03    0.1077E+03    0.1069E+03    0.1075E+03    0.1063E+03    0.1069E+03    0.1075E+03    0.1079E+03    0.1080E+03    0.1081E+03    0.1091E+03    0.1095E+03    0.1113E+03    0.1114E+03    0.1117E+03    0.1122E+03    0.1130E+03    0.1133E+03    0.1146E+03    0.1144E+03    0.1151E+03    0.1153E+03    0.1161E+03   -0.9990E+03   -0.9990E+03   -0.9990E+03   -0.9990E+03   -0.9990E+03   -0.9990E+03   -0.9990E+03   -0.9990E+03   -0.9990E+03   -0.9990E+03   -0.9990E+03   -0.9990E+03   -0.9990E+03   -0.9990E+03   -0.9990E+03   -0.9990E+03   -0.9990E+03   -0.9990E+03   -0.9990E+03   -0.9990E+03   -0.9990E+03   -0.9990E+03   -0.9990E+03   -0.9990E+03   -0.9990E+03   -0.9990E+03   -0.9990E+03   -0.9990E+03   -0.9990E+03   -0.9990E+03   -0.9990E+03   -0.9990E+03   -0.9990E+03   -0.9990E+03   -0.9990E+03   -0.9990E+03   -0.9990E+03   -0.9990E+03   -0.9990E+03   -0.9990E+03   -0.9990E+03   -0.9990E+03   -0.9990E+03
   -0.9990E+03   -0.9990E+03   -0.9990E+03   -0.9990E+03   -0.9990E+03   -0.9990E+03   -0.9990E+03   -0.9990E+03   -0.9990E+03   -0.9990E+03    0.1079E+03    0.1081E+03    0.1078E+03    0.1080E+03    0.1083E+03    0.1076E+03    0.1064E+03    0.1067E+03    0.1073E+03    0.1086E+03    0.1089E+03    0.1092E+03    0.1100E+03    0.1117E+03    0.1116E+03    0.1125E+03    0.1123E+03    0.1132E+03    0.1133E+03   -0.9990E+03   -0.9990E+03   -0.9990E+03   -0.9990E+03   -0.9990E+03   -0.9990E+03   -0.9990E+03   -0.9990E+03   -0.9990E+03   -0.9990E+03   -0.9990E+03   -0.9990E+03   -0.9990E+03   -0.9990E+03   -0.9990E+03   -0.9990E+03   -0.9990E+03   -0.9990E+03   -0.9990E+03   -0.9990E+03   -0.9990E+03   -0.9990E+03   -0.9990E+03   -0.9990E+03   -0.9990E+03   -0.9990E+03   -0.9990E+03   -0.9990E+03   -0.9990E+03   -0.9990E+03   -0.9990E+03   -0.9990E+03   -0.9990E+03   -0.9990E+03   -0.9990E+03   -0.9990E+03   -0.9990E+03   -0.9990E+03   -0.9990E+03   -0.9990E+03   -0.9990E+03   -0.9990E+03   -0.9990E+03   -0.9990E+03   -0.9990E+03   -0.9990E+03   -0.9990E+03
   -0.9990E+03   -0.9990E+03   -0.9990E+03   -0.9990E+03   -0.9990E+03   -0.9990E+03   -0.9990E+03    0.1103E+03    0.1095E+03    0.1092E+03    0.1227E+03    0.1098E+03    0.1101E+03    0.1063E+03    0.1056E+03    0.1059E+03    0.1060E+03    0.1065E+03    0.1080E+03    0.1094E+03    0.1095E+03    0.1094E+03    0.1098E+03    0.1103E+03    0.1113E+03    0.1114E+03   -0.9990E+03   -0.9990E+03   -0.9990E+03   -0.9990E+03   -0.9990E+03   -0.9990E+03   -0.9990E+03   -0.9990E+03   -0.9990E+03   -0.9990E+03   -0.9990E+03   -0.9990E+03   -0.9990E+03   -0.9990E+03   -0.9990E+03   -0.9990E+03   -0.9990E+03   -0.9990E+03   -0.9990E+03   -0.9990E+03   -0.9990E+03   -0.9990E+03   -0.9990E+03   -0.9990E+03   -0.9990E+03   -0.9990E+03   -0.9990E+03   -0.9990E+03   -0.9990E+03   -0.9990E+03   -0.9990E+03   -0.9990E+03   -0.9990E+03   -0.9990E+03   -0.9990E+03   -0.9990E+03   -0.9990E+03   -0.9990E+03   -0.9990E+03   -0.9990E+03   -0.9990E+03   -0.9990E+03   -0.9990E+03   -0.9990E+03   -0.9990E+03   -0.9990E+03   -0.9990E+03   -0.9990E+03   -0.9990E+03   -0.9990E+03
   -0.9990E+03   -0.9990E+03    0.1116E+03    0.1121E+03    0.1556E+03    0.1119E+03    0.1114E+03    0.1132E+03    0.1114E+03    0.1220E+03    0.1169E+03    0.1713E+03    0.1543E+03    0.1139E+03    0.1156E+03    0.1249E+03    0.1487E+03    0.1069E+03    0.1075E+03    0.1080E+03    0.1089E+03    0.1098E+03    0.1098E+03    0.1102E+03   -0.9990E+03   -0.9990E+03   -0.9990E+03   -0.9990E+03   -0.9990E+03   -0.9990E+03   -0.9990E+03   -0.9990E+03   -0.9990E+03   -0.9990E+03   -0.9990E+03   -0.9990E+03   -0.9990E+03   -0.9990E+03   -0.9990E+03   -0.9990E+03   -0.9990E+03   -0.9990E+03   -0.9990E+03   -0.9990E+03   -0.9990E+03   -0.9990E+03   -0.9990E+03   -0.9990E+03   -0.9990E+03   -0.9990E+03   -0.9990E+03   -0.9990E+03   -0.9990E+03   -0.9990E+03   -0.9990E+03   -0.9990E+03   -0.9990E+03   -0.9990E+03   -0.9990E+03   -0.9990E+03   -0.9990E+03   -0.9990E+03   -0.9990E+03   -0.9990E+03   -0.9990E+03   -0.9990E+03   -0.9990E+03   -0.9990E+03   -0.9990E+03   -0.9990E+03   -0.9990E+03   -0.9990E+03   -0.9990E+03   -0.9990E+03   -0.9990E+03   -0.9990E+03
   -0.9990E+03   -0.9990E+03    0.1112E+03    0.1121E+03    0.1117E+03    0.1124E+03    0.1267E+03    0.1236E+03    0.1113E+03    0.1100E+03    0.1609E+03    0.1532E+03    0.1073E+03    0.1097E+03    0.1099E+03    0.1542E+03    0.1065E+03    0.1071E+03    0.1071E+03    0.1075E+03    0.1085E+03    0.1092E+03   -0.9990E+03   -0.9990E+03   -0.9990E+03   -0.9990E+03   -0.9990E+03   -0.9990E+03   -0.9990E+03   -0.9990E+03   -0.9990E+03   -0.9990E+03   -0.9990E+03   -0.9990E+03   -0.9990E+03   -0.9990E+03   -0.9990E+03   -0.9990E+03   -0.9990E+03   -0.9990E+03   -0.9990E+03   -0.9990E+03   -0.9990E+03   -0.9990E+03   -0.9990E+03   -0.9990E+03   -0.9990E+03   -0.9990E+03   -0.9990E+03   -0.9990E+03   -0.9990E+03   -0.9990E+03   -0.9990E+03   -0.9990E+03   -0.9990E+03   -0.9990E+03   -0.9990E+03   -0.9990E+03   -0.9990E+03   -0.9990E+03   -0.9990E+03   -0.9990E+03   -0.9990E+03   -0.9990E+03   -0.9990E+03   -0.9990E+03   -0.9990E+03   -0.9990E+03   -0.9990E+03   -0.9990E+03   -0.9990E+03   -0.9990E+03   -0.9990E+03   -0.9990E+03   -0.9990E+03   -0.9990E+03
   -0.9990E+03    0.1114E+03    0.1119E+03    0.1117E+03    0.1122E+03    0.1156E+03    0.1176E+03    0.1138E+03    0.1103E+03    0.1101E+03    0.1091E+03    0.1274E+03    0.1072E+03    0.1069E+03    0.1070E+03    0.1072E+03    0.1063E+03    0.1068E+03   -0.9990E+03   -0.9990E+03   -0.9990E+03   -0.9990E+03   -0.9990E+03   -0.9990E+03   -0.9990E+03   -0.9990E+03   -0.9990E+03   -0.9990E+03   -0.9990E+03   -0.9990E+03   -0.9990E+03   -0.9990E+03   -0.9990E+03   -0.9990E+03   -0.9990E+03   -0.9990E+03   -0.9990E+03   -0.9990E+03   -0.9990E+03   -0.9990E+03   -0.9990E+03   -0.9990E+03   -0.9990E+03   -0.9990E+03   -0.9990E+03   -0.9990E+03   -0.9990E+03   -0.9990E+03   -0.9990E+03   -0.9990E+03   -0.9990E+03   -0.9990E+03   -0.9990E+03   -0.9990E+03   -0.9990E+03   -0.9990E+03   -0.9990E+03   -0.9990E+03   -0.9990E+03   -0.9990E+03   -0.9990E+03   -0.9990E+03   -0.9990E+03   -0.9990E+03   -0.9990E+03   -0.9990E+03   -0.9990E+03   -0.9990E+03   -0.9990E+03   -0.9990E+03   -0.9990E+03   -0.9990E+03   -0.9990E+03   -0.9990E+03   -0.9990E+03   -0.9990E+03
    0.1114E+03    0.1117E+03    0.1121E+03    0.1121E+03    0.1133E+03    0.1122E+03    0.1099E+03    0.1100E+03    0.1099E+03    0.1092E+03    0.1088E+03    0.1084E+03    0.1078E+03   -0.9990E+03   -0.9990E+03   -0.9990E+03   -0.9990E+03   -0.9990E+03   -0.9990E+03   -0.9990E+03   -0.9990E+03   -0.9990E+03   -0.9990E+03   -0.9990E+03   -0.9990E+03   -0.9990E+03   -0.9990E+03   -0.9990E+03   -0.9990E+03   -0.9990E+03   -0.9990E+03   -0.9990E+03   -0.9990E+03   -0.9990E+03   -0.9990E+03   -0.9990E+03   -0.9990E+03   -0.9990E+03   -0.9990E+03   -0.9990E+03   -0.9990E+03   -0.9990E+03   -0.9990E+03   -0.9990E+03   -0.9990E+03   -0.9990E+03   -0.9990E+03   -0.9990E+03   -0.9990E+03   -0.9990E+03   -0.9990E+03   -0.9990E+03   -0.9990E+03   -0.9990E+03   -0.9990E+03   -0.9990E+03   -0.9990E+03   -0.9990E+03   -0.9990E+03   -0.9990E+03   -0.9990E+03   -0.9990E+03   -0.9990E+03   -0.9990E+03   -0.9990E+03   -0.9990E+03   -0.9990E+03   -0.9990E+03   -0.9990E+03   -0.9990E+03   -0.9990E+03   -0.9990E+03   -0.9990E+03   -0.9990E+03   -0.9990E+03   -0.9990E+03
    0.1120E+03    0.1120E+03    0.1121E+03    0.1122E+03   -0.9990E+03   -0.9990E+03   -0.9990E+03   -0.9990E+03   -0.9990E+03   -0.9990E+03   -0.9990E+03   -0.9990E+03   -0.9990E+03   -0.9990E+03   -0.9990E+03   -0.9990E+03   -0.9990E+03   -0.9990E+03   -0.9990E+03   -0.9990E+03   -0.9990E+03   -0.9990E+03   -0.9990E+03   -0.9990E+03   -0.9990E+03   -0.9990E+03   -0.9990E+03   -0.9990E+03   -0.9990E+03   -0.9990E+03   -0.9990E+03   -0.9990E+03   -0.9990E+03   -0.9990E+03   -0.9990E+03   -0.9990E+03   -0.9990E+03   -0.9990E+03   -0.9990E+03   -0.9990E+03   -0.9990E+03   -0.9990E+03   -0.9990E+03   -0.9990E+03   -0.9990E+03   -0.9990E+03   -0.9990E+03   -0.9990E+03   -0.9990E+03   -0.9990E+03   -0.9990E+03   -0.9990E+03   -0.9990E+03   -0.9990E+03   -0.9990E+03   -0.9990E+03   -0.9990E+03   -0.9990E+03   -0.9990E+03   -0.9990E+03   -0.9990E+03   -0.9990E+03   -0.9990E+03   -0.9990E+03   -0.9990E+03   -0.9990E+03   -0.9990E+03   -0.9990E+03   -0.9990E+03   -0.9990E+03   -0.9990E+03   -0.9990E+03   -0.9990E+03   -0.9990E+03   -0.9990E+03   -0.9990E+03
   -0.9990E+03    0.1118E+03    0.1118E+03    0.1110E+03   -0.9990E+03   -0.9990E+03   -0.9990E+03   -0.9990E+03   -0.9990E+03   -0.9990E+03   -0.9990E+03   -0.9990E+03   -0.9990E+03   -0.9990E+03   -0.9990E+03   -0.9990E+03   -0.9990E+03   -0.9990E+03   -0.9990E+03   -0.9990E+03   -0.9990E+03   -0.9990E+03   -0.9990E+03   -0.9990E+03   -0.9990E+03   -0.9990E+03   -0.9990E+03   -0.9990E+03   -0.9990E+03   -0.9990E+03   -0.9990E+03   -0.9990E+03   -0.9990E+03   -0.9990E+03   -0.9990E+03   -0.9990E+03   -0.9990E+03   -0.9990E+03   -0.9990E+03   -0.9990E+03   -0.9990E+03   -0.9990E+03   -0.9990E+03   -0.9990E+03   -0.9990E+03   -0.9990E+03   -0.9990E+03   -0.9990E+03   -0.9990E+03   -0.9990E+03   -0.9990E+03   -0.9990E+03   -0.9990E+03   -0.9990E+03   -0.9990E+03   -0.9990E+03   -0.9990E+03   -0.9990E+03   -0.9990E+03   -0.9990E+03   -0.9990E+03   -0.9990E+03   -0.9990E+03   -0.9990E+03   -0.9990E+03   -0.9990E+03   -0.9990E+03   -0.9990E+03   -0.9990E+03   -0.9990E+03   -0.9990E+03   -0.9990E+03   -0.9990E+03   -0.9990E+03   -0.9990E+03   -0.9990E+03
       730.0000          LAYER       1
   -0.9990E+03   -0.9990E+03   -0.9990E+03   -0.9990E+03   -0.9990E+03   -0.9990E+03   -0.9990E+03   -0.9990E+03   -0.9990E+03   -0.9990E+03   -0.9990E+03   -0.9990E+03   -0.9990E+03   -0.9990E+03   -0.9990E+03   -0.9990E+03   -0.9990E+03   -0.9990E+03   -0.9990E+03   -0.9990E+03   -0.9990E+03   -0.9990E+03   -0.9990E+03   -0.9990E+03   -0.9990E+03   -0.9990E+03   -0.9990E+03   -0.9990E+03   -0.9990E+03   -0.9990E+03   -0.9990E+03   -0.9990E+03   -0.9990E+03   -0.9990E+03   -0.9990E+03   -0.9990E+03   -0.9990E+03   -0.9990E+03   -0.9990E+03   -0.9990E+03   -0.9990E+03   -0.9990E+03   -0.9990E+03   -0.9990E+03   -0.9990E+03   -0.9990E+03   -0.9990E+03   -0.9990E+03   -0.9990E+03   -0.9990E+03   -0.9990E+03   -0.9990E+03   -0.9990E+03   -0.9990E+03   -0.9990E+03   -0.9990E+03   -0.9990E+03   -0.9990E+03   -0.9990E+03   -0.9990E+03   -0.9990E+03   -0.9990E+03   -0.9990E+03   -0.9990E+03   -0.9990E+03   -0.9990E+03   -0.9990E+03   -0.9990E+03   -0.9990E+03   -0.9990E+03   -0.9990E+03    0.2756E+02    0.2819E+02   -0.9990E+03   -0.9990E+03   -0.9990E+03
   -0.9990E+03   -0.9990E+03   -0.9990E+03   -0.9990E+03   -0.9990E+03   -0.9990E+03   -0.9990E+03   -0.9990E+03   -0.9990E+03   -0.9990E+03   -0.9990E+03   -0.9990E+03   -0.9990E+03   -0.9990E+03   -0.9990E+03   -0.9990E+03   -0.9990E+03   -0.9990E+03   -0.9990E+03   -0.9990E+03   -0.9990E+03   -0.9990E+03   -0.9990E+03   -0.9990E+03   -0.9990E+03   -0.9990E+03   -0.9990E+03   -0.9990E+03   -0.9990E+03   -0.9990E+03   -0.9990E+03   -0.9990E+03   -0.9990E+03   -0.9990E+03   -0.9990E+03   -0.9990E+03   -0.9990E+03   -0.9990E+03   -0.9990E+03   -0.9990E+03   -0.9990E+03   -0.9990E+03   -0.9990E+03   -0.9990E+03   -0.9990E+03   -0.9990E+03   -0.9990E+03   -0.9990E+03   -0.9990E+03   -0.9990E+03   -0.9990E+03   -0.9990E+03   -0.9990E+03   -0.9990E+03   -0.9990E+03   -0.9990E+03   -0.9990E+03   -0.9990E+03   -0.9990E+03   -0.9990E+03   -0.9990E+03   -0.9990E+03   -0.9990E+03   -0.9990E+03   -0.9990E+03   -0.9990E+03   -0.9990E+03   -0.9990E+03   -0.9990E+03   -0.9990E+03    0.2636E+02    0.2848E+02    0.2945E+02    0.2993E+02   -0.9990E+03   -0.9990E+03
   -0.9990E+03   -0.9990E+03   -0.9990E+03   -0.9990E+03   -0.9990E+03   -0.9990E+03   -0.9990E+03   -0.9990E+03   -0.9990E+03   -0.9990E+03   -0.9990E+03   -0.9990E+03   -0.9990E+03   -0.9990E+03   -0.9990E+03   -0.9990E+03   -0.9990E+03   -0.9990E+03   -0.9990E+03   -0.9990E+03   -0.9990E+03   -0.9990E+03   -0.9990E+03   -0.9990E+03   -0.9990E+03   -0.9990E+03   -0.9990E+03   -0.9990E+03   -0.9990E+03   -0.9990E+03   -0.9990E+03   -0.9990E+03   -0.9990E+03   -0.9990E+03   -0.9990E+03   -0.9990E+03   -0.9990E+03   -0.9990E+03   -0.9990E+03   -0.9990E+03   -0.9990E+03   -0.9990E+03   -0.9990E+03   -0.9990E+03   -0.9990E+03   -0.9990E+03   -0.9990E+03   -0.9990E+03   -0.9990E+03   -0.9990E+03   -0.9990E+03   -0.9990E+03   -0.9990E+03   -0.9990E+03   -0.9990E+03   -0.9990E+03   -0.9990E+03   -0.9990E+03   -0.9990E+03   -0.9990E+03   -0.9990E+03   -0.9990E+03   -0.9990E+03   -0.9990E+03   -0.9990E+03   -0.9990E+03   -0.9990E+03   -0.9990E+03    0.2236E+03    0.2693E+02    0.2674E+02    0.2924E+02    0.2910E+02    0.3104E+02    0.3313E+02   -0.9990E+03
   -0.9990E+03   -0.9990E+03   -0.9990E+03   -0.9990E+03   -0.9990E+03   -0.9990E+03   -0.9990E+03   -0.9990E+03   -0.9990E+03   -0.9990E+03   -0.9990E+03   -0.9990E+03   -0.9990E+03   -0.9990E+03   -0.9990E+03   -0.9990E+03   -0.9990E+03   -0.9990E+03   -0.9990E+03   -0.9990E+03   -0.9990E+03   -0.9990E+03   -0.9990E+03   -0.9990E+03   -0.9990E+03   -0.9990E+03   -0.9990E+03   -0.9990E+03   -0.9990E+03   -0.9990E+03   -0.9990E+03   -0.9990E+03   -0.9990E+03   -0.9990E+03   -0.9990E+03   -0.9990E+03   -0.9990E+03   -0.9990E+03   -0.9990E+03   -0.9990E+03   -0.9990E+03   -0.9990E+03   -0.9990E+03   -0.9990E+03   -0.9990E+03   -0.9990E+03   -0.9990E+03   -0.9990E+03   -0.9990E+03   -0.9990E+03   -0.9990E+03   -0.9990E+03   -0.9990E+03   -0.9990E+03   -0.9990E+03   -0.9990E+03   -0.9990E+03   -0.9990E+03   -0.9990E+03   -0.9990E+03   -0.9990E+03   -0.9990E+03   -0.9990E+03   -0.9990E+03   -0.9990E+03   -0.9990E+03   -0.9990E+03   -0.9990E+03    0.2314E+03    0.2700E+02    0.2890E+02    0.3030E+02    0.3219E+02    0.3226E+02    0.3353E+02   -0.9990E+03
   -0.9990E+03   -0.9990E+03   -0.9990E+03   -0.9990E+03   -0.9990E+03   -0.9990E+03   -0.9990E+03   -0.9990E+03   -0.9990E+03   -0.9990E+03   -0.9990E+03   -0.9990E+03   -0.9990E+03   -0.9990E+03   -0.9990E+03   -0.9990E+03   -0.9990E+03   -0.9990E+03   -0.9990E+03   -0.9990E+03   -0.9990E+03   -0.9990E+03   -0.9990E+03   -0.9990E+03   -0.9990E+03   -0.9990E+03   -0.9990E+03   -0.9990E+03   -0.9990E+03   -0.9990E+03   -0.9990E+03   -0.9990E+03   -0.9990E+03   -0.9990E+03   -0.9990E+03   -0.9990E+03   -0.9990E+03   -0.9990E+03   -0.9990E+03   -0.9990E+03   -0.9990E+03   -0.9990E+03   -0.9990E+03   -0.9990E+03   -0.9990E+03   -0.9990E+03   -0.9990E+03   -0.9990E+03   -0.9990E+03   -0.9990E+03   -0.9990E+03   -0.9990E+03   -0.9990E+03   -0.9990E+03   -0.9990E+03   -0.9990E+03   -0.9990E+03   -0.9990E+03   -0.9990E+03   -0.9990E+03   -0.9990E+03   -0.9990E+03   -0.9990E+03   -0.9990E+03   -0.9990E+03    0.1644E+04    0.1658E+04    0.2623E+03    0.2278E+03    0.3033E+02    0.2950E+02    0.3027E+02    0.3417E+02    0.3345E+02    0.3375E+02   -0.9990E+03
   -0.9990E+03   -0.9990E+03   -0.9990E+03   -0.9990E+03   -0.9990E+03   -0.9990E+03   -0.9990E+03   -0.9990E+03   -0.9990E+03   -0.9990E+03   -0.9990E+03   -0.9990E+03   -0.9990E+03   -0.9990E+03   -0.9990E+03   -0.9990E+03   -0.9990E+03   -0.9990E+03   -0.9990E+03   -0.9990E+03   -0.9990E+03   -0.9990E+03   -0.9990E+03   -0.9990E+03   -0.9990E+03   -0.9990E+03   -0.9990E+03   -0.9990E+03   -0.9990E+03   -0.9990E+03   -0.9990E+03   -0.9990E+03   -0.9990E+03   -0.9990E+03   -0.9990E+03   -0.9990E+03   -0.9990E+03   -0.9990E+03   -0.9990E+03   -0.9990E+03   -0.9990E+03   -0.9990E+03   -0.9990E+03   -0.9990E+03   -0.9990E+03   -0.9990E+03   -0.9990E+03   -0.9990E+03   -0.9990E+03   -0.9990E+03   -0.9990E+03   -0.9990E+03   -0.9990E+03   -0.9990E+03   -0.9990E+03   -0.9990E+03    0.7769E+03    0.1010E+04    0.1281E+04    0.1303E+04   -0.9990E+03    0.1498E+04    0.1508E+04    0.1387E+04    0.1528E+04    0.1664E+04    0.1681E+04    0.2653E+03    0.2356E+03    0.3296E+02    0.3242E+02    0.3442E+02    0.3635E+02    0.3713E+02    0.3734E+02   -0.9990E+03
   -0.9990E+03   -0.9990E+03   -0.9990E+03   -0.9990E+03   -0.9990E+03   -0.9990E+03   -0.9990E+03   -0.9990E+03   -0.9990E+03   -0.9990E+03   -0.9990E+03   -0.9990E+03   -0.9990E+03   -0.9990E+03   -0.9990E+03   -0.9990E+03   -0.9990E+03   -0.9990E+03   -0.9990E+03   -0.9990E+03   -0.9990E+03   -0.9990E+03   -0.9990E+03   -0.9990E+03   -0.9990E+03   -0.9990E+03   -0.9990E+03   -0.9990E+03   -0.9990E+03   -0.9990E+03   -0.9990E+03   -0.9990E+03   -0.9990E+03   -0.9990E+03   -0.9990E+03   -0.9990E+03   -0.9990E+03   -0.9990E+03   -0.9990E+03   -0.9990E+03   -0.9990E+03   -0.9990E+03   -0.9990E+03   -0.9990E+03   -0.9990E+03   -0.9990E+03   -0.9990E+03   -0.9990E+03   -0.9990E+03   -0.9990E+03   -0.9990E+03   -0.9990E+03   -0.9990E+03   -0.9990E+03   -0.9990E+03    0.4160E+03    0.5322E+03    0.7840E+03    0.1296E+04    0.1289E+04    0.1234E+04    0.1541E+04    0.1526E+04    0.1441E+04    0.1566E+04    0.1703E+04    0.1696E+04    0.9907E+03    0.3345E+02    0.3352E+02    0.3531E+02    0.3585E+02    0.3968E+02    0.4058E+02    0.3886E+02   -0.9990E+03
   -0.9990E+03   -0.9990E+03   -0.9990E+03   -0.9990E+03   -0.9990E+03   -0.9990E+03   -0.9990E+03   -0.9990E+03   -0.9990E+03   -0.9990E+03   -0.9990E+03   -0.9990E+03   -0.9990E+03   -0.9990E+03   -0.9990E+03   -0.9990E+03   -0.9990E+03   -0.9990E+03   -0.9990E+03   -0.9990E+03   -0.9990E+03   -0.9990E+03   -0.9990E+03   -0.9990E+03   -0.9990E+03   -0.9990E+03   -0.9990E+03   -0.9990E+03   -0.9990E+03   -0.9990E+03   -0.9990E+03   -0.9990E+03   -0.9990E+03   -0.9990E+03   -0.9990E+03   -0.9990E+03   -0.9990E+03   -0.9990E+03   -0.9990E+03   -0.9990E+03   -0.9990E+03   -0.9990E+03   -0.9990E+03   -0.9990E+03   -0.9990E+03   -0.9990E+03   -0.9990E+03   -0.9990E+03   -0.9990E+03   -0.9990E+03   -0.9990E+03   -0.9990E+03   -0.9990E+03   -0.9990E+03    0.3017E+03    0.2992E+03    0.3058E+03    0.3086E+03    0.1498E+04    0.1430E+04    0.1228E+04    0.1583E+04    0.1593E+04    0.1495E+04    0.1621E+04    0.1759E+04    0.1783E+04    0.1741E+04    0.4967E+02    0.3728E+02    0.3693E+02    0.3833E+02    0.4281E+02    0.3980E+02    0.4354E+02    0.4242E+02
   -0.9990E+03   -0.9990E+03   -0.9990E+03   -0.9990E+03   -0.9990E+03   -0.9990E+03   -0.9990E+03   -0.9990E+03   -0.9990E+03   -0.9990E+03   -0.9990E+03   -0.9990E+03   -0.9990E+03   -0.9990E+03   -0.9990E+03   -0.9990E+03   -0.9990E+03   -0.9990E+03   -0.9990E+03   -0.9990E+03   -0.9990E+03   -0.9990E+03   -0.9990E+03   -0.9990E+03   -0.9990E+03   -0.9990E+03   -0.9990E+03   -0.9990E+03   -0.9990E+03   -0.9990E+03   -0.9990E+03   -0.9990E+03   -0.9990E+03   -0.9990E+03   -0.9990E+03   -0.9990E+03   -0.9990E+03   -0.9990E+03   -0.9990E+03   -0.9990E+03   -0.9990E+03   -0.9990E+03   -0.9990E+03   -0.9990E+03   -0.9990E+03   -0.9990E+03   -0.9990E+03   -0.9990E+03   -0.9990E+03   -0.9990E+03   -0.9990E+03   -0.9990E+03   -0.9990E+03    0.3044E+03    0.3046E+03    0.3031E+03    0.2991E+03    0.3118E+03    0.1567E+04    0.1521E+04    0.1366E+04    0.1666E+04    0.3410E+03    0.1807E+04    0.1775E+04    0.2254E+04    0.1827E+04    0.1812E+04    0.5920E+02    0.4100E+02    0.4163E+02    0.4368E+02    0.4444E+02    0.4266E+02    0.4368E+02   -0.9990E+03
   -0.9990E+03   -0.9990E+03   -0.9990E+03   -0.9990E+03   -0.9990E+03   -0.9990E+03   -0.9990E+03   -0.9990E+03   -0.9990E+03   -0.9990E+03   -0.9990E+03   -0.9990E+03   -0.9990E+03   -0.9990E+03   -0.9990E+03   -0.9990E+03   -0.9990E+03   -0.9990E+03   -0.9990E+03   -0.9990E+03   -0.9990E+03   -0.9990E+03   -0.9990E+03   -0.9990E+03   -0.9990E+03   -0.9990E+03   -0.9990E+03   -0.9990E+03   -0.9990E+03   -0.9990E+03   -0.9990E+03   -0.9990E+03   -0.9990E+03   -0.9990E+03   -0.9990E+03   -0.9990E+03   -0.9990E+03   -0.9990E+03   -0.9990E+03   -0.9990E+03   -0.9990E+03   -0.9990E+03   -0.9990E+03   -0.9990E+03   -0.9990E+03   -0.9990E+03   -0.9990E+03   -0.9990E+03   -0.9990E+03   -0.9990E+03   -0.9990E+03   -0.9990E+03   -0.9990E+03    0.3042E+03    0.3064E+03    0.2995E+03    0.3085E+03    0.2154E+03    0.8486E+03    0.1322E+04    0.1687E+04    0.8852E+03    0.2350E+03    0.2233E+04    0.2259E+04    0.1661E+04    0.1515E+04    0.8277E+02    0.4174E+02    0.4065E+02    0.4151E+02    0.4669E+02    0.4451E+02    0.4411E+02   -0.9990E+03   -0.9990E+03
   -0.9990E+03   -0.9990E+03   -0.9990E+03   -0.9990E+03   -0.9990E+03   -0.9990E+03   -0.9990E+03   -0.9990E+03   -0.9990E+03   -0.9990E+03   -0.9990E+03   -0.9990E+03   -0.9990E+03   -0.9990E+03   -0.9990E+03   -0.9990E+03   -0.9990E+03   -0.9990E+03   -0.9990E+03   -0.9990E+03   -0.9990E+03   -0.9990E+03   -0.9990E+03   -0.9990E+03   -0.9990E+03   -0.9990E+03   -0.9990E+03   -0.9990E+03   -0.9990E+03   -0.9990E+03   -0.9990E+03   -0.9990E+03   -0.9990E+03   -0.9990E+03   -0.9990E+03   -0.9990E+03   -0.9990E+03   -0.9990E+03   -0.9990E+03   -0.9990E+03   -0.9990E+03   -0.9990E+03   -0.9990E+03   -0.9990E+03   -0.9990E+03   -0.9990E+03   -0.9990E+03   -0.9990E+03   -0.9990E+03   -0.9990E+03   -0.9990E+03   -0.9990E+03   -0.9990E+03    0.3317E+03    0.3357E+03    0.3341E+03    0.3306E+03    0.3199E+03    0.1219E+04    0.1508E+04    0.1621E+04    0.1972E+04    0.2233E+04    0.1463E+04    0.1885E+04    0.1042E+04    0.1017E+04    0.1112E+04    0.4261E+02    0.4279E+02    0.4661E+02    0.4852E+02    0.4660E+02    0.4821E+02    0.4827E+02   -0.9990E+03
   -0.9990E+03   -0.9990E+03   -0.9990E+03   -0.9990E+03   -0.9990E+03   -0.9990E+03   -0.9990E+03   -0.9990E+03   -0.9990E+03   -0.9990E+03   -0.9990E+03   -0.9990E+03   -0.9990E+03   -0.9990E+03   -0.9990E+03   -0.9990E+03   -0.9990E+03   -0.9990E+03   -0.9990E+03   -0.9990E+03   -0.9990E+03   -0.9990E+03   -0.9990E+03   -0.9990E+03   -0.9990E+03   -0.9990E+03   -0.9990E+03   -0.9990E+03   -0.9990E+03   -0.9990E+03   -0.9990E+03   -0.9990E+03   -0.9990E+03   -0.9990E+03   -0.9990E+03   -0.9990E+03   -0.9990E+03   -0.9990E+03   -0.9990E+03   -0.9990E+03   -0.9990E+03   -0.9990E+03   -0.9990E+03   -0.9990E+03   -0.9990E+03   -0.9990E+03   -0.9990E+03   -0.9990E+03   -0.9990E+03   -0.9990E+03   -0.9990E+03   -0.9990E+03    0.3279E+03    0.3256E+03    0.3353E+03    0.3346E+03    0.3347E+03    0.1779E+03    0.1692E+04    0.1733E+04    0.1776E+04    0.1939E+04    0.2258E+04    0.2182E+04    0.2334E+04    0.2343E+04    0.1164E+04    0.1163E+04    0.1169E+04    0.7520E+02    0.5024E+02    0.4804E+02    0.5067E+02    0.5244E+02    0.4888E+02   -0.9990E+03
   -0.9990E+03   -0.9990E+03   -0.9990E+03   -0.9990E+03   -0.9990E+03   -0.9990E+03   -0.9990E+03   -0.9990E+03   -0.9990E+03   -0.9990E+03   -0.9990E+03   -0.9990E+03   -0.9990E+03   -0.9990E+03   -0.9990E+03   -0.9990E+03   -0.9990E+03   -0.9990E+03   -0.9990E+03   -0.9990E+03   -0.9990E+03   -0.9990E+03   -0.9990E+03   -0.9990E+03   -0.9990E+03   -0.9990E+03   -0.9990E+03   -0.9990E+03   -0.9990E+03   -0.9990E+03   -0.9990E+03   -0.9990E+03   -0.9990E+03   -0.9990E+03   -0.9990E+03   -0.9990E+03   -0.9990E+03   -0.9990E+03   -0.9990E+03   -0.9990E+03   -0.9990E+03   -0.9990E+03   -0.9990E+03   -0.9990E+03   -0.9990E+03   -0.9990E+03   -0.9990E+03   -0.9990E+03   -0.9990E+03   -0.9990E+03   -0.9990E+03    0.2953E+03    0.3349E+03    0.3378E+03    0.3417E+03    0.3318E+03    0.3506E+03    0.1756E+03    0.2191E+04    0.1872E+04    0.1949E+04    0.2206E+04    0.2230E+04    0.2022E+04    0.2246E+04    0.2341E+04    0.2339E+04    0.1209E+04    0.6924E+03    0.7227E+02    0.5043E+02    0.5338E+02    0.4716E+02    0.5342E+02    0.5110E+02   -0.9990E+03
   -0.9990E+03   -0.9990E+03   -0.9990E+03   -0.9990E+03   -0.9990E+03   -0.9990E+03   -0.9990E+03   -0.9990E+03   -0.9990E+03   -0.9990E+03   -0.9990E+03   -0.9990E+03   -0.9990E+03   -0.9990E+03   -0.9990E+03   -0.9990E+03   -0.9990E+03   -0.9990E+03   -0.9990E+03   -0.9990E+03   -0.9990E+03   -0.9990E+03   -0.9990E+03   -0.9990E+03   -0.9990E+03   -0.9990E+03   -0.9990E+03   -0.9990E+03   -0.9990E+03   -0.9990E+03   -0.9990E+03   -0.9990E+03   -0.9990E+03   -0.9990E+03   -0.9990E+03   -0.9990E+03   -0.9990E+03   -0.9990E+03   -0.9990E+03   -0.9990E+03   -0.9990E+03   -0.9990E+03   -0.9990E+03   -0.9990E+03   -0.9990E+03   -0.9990E+03   -0.9990E+03   -0.9990E+03   -0.9990E+03    0.2335E+03    0.2507E+03    0.2480E+03    0.3210E+03    0.3743E+03    0.3832E+03    0.3877E+03    0.4013E+03    0.2734E+03    0.1499E+04    0.1665E+04    0.2255E+04    0.1688E+04    0.2421E+03    0.1258E+04    0.2339E+04    0.2344E+04    0.2342E+04    0.7331E+02    0.6008E+02    0.4807E+03    0.9276E+02    0.8877E+02    0.5612E+02    0.4998E+02    0.5449E+02   -0.9990E+03
   -0.9990E+03   -0.9990E+03   -0.9990E+03   -0.9990E+03   -0.9990E+03   -0.9990E+03   -0.9990E+03   -0.9990E+03   -0.9990E+03   -0.9990E+03   -0.9990E+03   -0.9990E+03   -0.9990E+03   -0.9990E+03   -0.9990E+03   -0.9990E+03   -0.9990E+03   -0.9990E+03   -0.9990E+03   -0.9990E+03   -0.9990E+03   -0.9990E+03   -0.9990E+03   -0.9990E+03   -0.9990E+03   -0.9990E+03   -0.9990E+03   -0.9990E+03   -0.9990E+03   -0.9990E+03   -0.9990E+03   -0.9990E+03   -0.9990E+03   -0.9990E+03   -0.9990E+03   -0.9990E+03   -0.9990E+03   -0.9990E+03   -0.9990E+03   -0.9990E+03   -0.9990E+03   -0.9990E+03   -0.9990E+03   -0.9990E+03   -0.9990E+03   -0.9990E+03   -0.9990E+03   -0.9990E+03    0.6230E+02    0.2382E+03    0.2566E+03    0.2586E+03    0.2560E+03    0.1363E+03    0.5941E+02    0.6016E+02    0.3291E+03    0.2110E+03    0.4788E+01    0.7923E+01    0.9232E+03    0.4029E+03    0.2209E+03    0.3018E+03    0.2329E+02    0.2622E+02    0.2668E+02    0.3116E+02    0.8876E+03    0.7960E+03    0.6417E+02    0.7152E+02    0.9230E+02    0.5440E+02    0.5406E+02   -0.9990E+03
   -0.9990E+03   -0.9990E+03   -0.9990E+03   -0.9990E+03   -0.9990E+03   -0.9990E+03   -0.9990E+03   -0.9990E+03   -0.9990E+03   -0.9990E+03   -0.9990E+03   -0.9990E+03   -0.9990E+03   -0.9990E+03   -0.9990E+03   -0.9990E+03   -0.9990E+03   -0.9990E+03   -0.9990E+03   -0.9990E+03   -0.9990E+03   -0.9990E+03   -0.9990E+03   -0.9990E+03   -0.9990E+03   -0.9990E+03   -0.9990E+03   -0.9990E+03   -0.9990E+03   -0.9990E+03   -0.9990E+03   -0.9990E+03   -0.9990E+03   -0.9990E+03   -0.9990E+03   -0.9990E+03   -0.9990E+03   -0.9990E+03   -0.9990E+03   -0.9990E+03   -0.9990E+03   -0.9990E+03   -0.9990E+03   -0.9990E+03   -0.9990E+03   -0.9990E+03   -0.9990E+03   -0.9990E+03    0.6242E+02    0.2265E+03    0.2351E+03    0.2668E+03    0.2495E+03    0.2203E+03    0.5744E+02    0.5443E+02    0.5558E+02    0.2636E+03    0.6692E+03    0.7723E+01    0.1654E+03    0.1713E+03    0.1858E+03    0.1957E+03    0.2333E+04    0.2342E+04    0.2343E+04    0.2276E+04    0.1700E+04    0.1912E+03    0.1337E+03    0.6874E+02    0.1112E+03    0.5829E+02    0.5253E+02   -0.9990E+03
   -0.9990E+03   -0.9990E+03   -0.9990E+03   -0.9990E+03   -0.9990E+03   -0.9990E+03   -0.9990E+03   -0.9990E+03   -0.9990E+03   -0.9990E+03   -0.9990E+03   -0.9990E+03   -0.9990E+03   -0.9990E+03   -0.9990E+03   -0.9990E+03   -0.9990E+03   -0.9990E+03   -0.9990E+03   -0.9990E+03   -0.9990E+03   -0.9990E+03   -0.9990E+03   -0.9990E+03   -0.9990E+03   -0.9990E+03   -0.9990E+03   -0.9990E+03   -0.9990E+03   -0.9990E+03   -0.9990E+03   -0.9990E+03   -0.9990E+03   -0.9990E+03   -0.9990E+03   -0.9990E+03   -0.9990E+03   -0.9990E+03   -0.9990E+03   -0.9990E+03   -0.9990E+03   -0.9990E+03   -0.9990E+03   -0.9990E+03   -0.9990E+03   -0.9990E+03   -0.9990E+03    0.7926E+03    0.6570E+02    0.2348E+03    0.2635E+03    0.2697E+03    0.2319E+03    0.2103E+03    0.6342E+02    0.6036E+02    0.8808E+02    0.9010E+03    0.1688E+04    0.1884E+04    0.1350E+04    0.1627E+03    0.2189E+03    0.2324E+04    0.1360E+04    0.1357E+04    0.1494E+04    0.1436E+04    0.1342E+04    0.2152E+03    0.1397E+03    0.1037E+03    0.1501E+03    0.5889E+02    0.5400E+02   -0.9990E+03
   -0.9990E+03   -0.9990E+03   -0.9990E+03   -0.9990E+03   -0.9990E+03   -0.9990E+03   -0.9990E+03   -0.9990E+03   -0.9990E+03   -0.9990E+03   -0.9990E+03   -0.9990E+03   -0.9990E+03   -0.9990E+03   -0.9990E+03   -0.9990E+03   -0.9990E+03   -0.9990E+03   -0.9990E+03   -0.9990E+03   -0.9990E+03   -0.9990E+03   -0.9990E+03   -0.9990E+03   -0.9990E+03   -0.9990E+03   -0.9990E+03   -0.9990E+03   -0.9990E+03   -0.9990E+03   -0.9990E+03   -0.9990E+03   -0.9990E+03   -0.9990E+03   -0.9990E+03   -0.9990E+03   -0.9990E+03   -0.9990E+03   -0.9990E+03   -0.9990E+03   -0.9990E+03   -0.9990E+03   -0.9990E+03   -0.9990E+03   -0.9990E+03   -0.9990E+03   -0.9990E+03    0.8209E+03    0.8854E+02    0.2557E+03    0.2486E+03    0.2447E+03    0.2474E+03    0.1777E+03    0.2068E+03    0.2395E+03    0.7400E+03    0.1768E+04    0.9313E+03    0.1081E+04    0.1352E+04    0.1836E+03    0.2052E+04    0.2357E+04    0.1468E+04    0.1433E+04    0.1425E+04    0.1386E+04    0.1308E+04    0.1440E+04    0.1322E+03    0.1304E+03    0.1800E+03    0.5513E+02   -0.9990E+03   -0.9990E+03
   -0.9990E+03   -0.9990E+03   -0.9990E+03   -0.9990E+03   -0.9990E+03   -0.9990E+03   -0.9990E+03   -0.9990E+03   -0.9990E+03   -0.9990E+03   -0.9990E+03   -0.9990E+03   -0.9990E+03   -0.9990E+03   -0.9990E+03   -0.9990E+03   -0.9990E+03   -0.9990E+03   -0.9990E+03   -0.9990E+03   -0.9990E+03   -0.9990E+03   -0.9990E+03   -0.9990E+03   -0.9990E+03   -0.9990E+03   -0.9990E+03   -0.9990E+03   -0.9990E+03   -0.9990E+03   -0.9990E+03   -0.9990E+03   -0.9990E+03   -0.9990E+03   -0.9990E+03   -0.9990E+03   -0.9990E+03   -0.9990E+03   -0.9990E+03   -0.9990E+03   -0.9990E+03   -0.9990E+03   -0.9990E+03   -0.9990E+03    0.8722E+03    0.8314E+03    0.7565E+03    0.7734E+03    0.7091E+03    0.2617E+03    0.1604E+03    0.1456E+03    0.1543E+03    0.1556E+03    0.1788E+03    0.3269E+03    0.9913E+03    0.1719E+04    0.5956E+03    0.1491E+04    0.1468E+04    0.5231E+02    0.2166E+04    0.2551E+04    0.1610E+04    0.1650E+04    0.1457E+04    0.1292E+04    0.1360E+04    0.2098E+03    0.1400E+03    0.1056E+03   -0.9990E+03   -0.9990E+03   -0.9990E+03   -0.9990E+03
   -0.9990E+03   -0.9990E+03   -0.9990E+03   -0.9990E+03   -0.9990E+03   -0.9990E+03   -0.9990E+03   -0.9990E+03   -0.9990E+03   -0.9990E+03   -0.9990E+03   -0.9990E+03   -0.9990E+03   -0.9990E+03   -0.9990E+03   -0.9990E+03   -0.9990E+03   -0.9990E+03   -0.9990E+03   -0.9990E+03   -0.9990E+03   -0.9990E+03   -0.9990E+03   -0.9990E+03   -0.9990E+03   -0.9990E+03   -0.9990E+03   -0.9990E+03   -0.9990E+03   -0.9990E+03   -0.9990E+03   -0.9990E+03   -0.9990E+03   -0.9990E+03   -0.9990E+03   -0.9990E+03   -0.9990E+03   -0.9990E+03   -0.9990E+03   -0.9990E+03   -0.9990E+03   -0.9990E+03   -0.9990E+03   -0.9990E+03    0.8360E+03    0.8919E+03    0.7248E+03    0.6814E+03    0.1074E+04    0.1949E+03    0.1452E+03    0.1588E+03    0.1552E+03    0.1559E+03    0.1502E+03    0.1586E+03    0.6177E+03    0.1153E+04    0.6161E+03    0.6505E+03    0.7660E+03    0.1959E+02    0.8804E+03    0.2553E+04    0.2071E+04    0.1423E+04    0.1734E+04    0.1490E+04    0.1536E+04    0.1720E+03    0.1243E+03   -0.9990E+03   -0.9990E+03   -0.9990E+03   -0.9990E+03   -0.9990E+03
   -0.9990E+03   -0.9990E+03   -0.9990E+03   -0.9990E+03   -0.9990E+03   -0.9990E+03   -0.9990E+03   -0.9990E+03   -0.9990E+03   -0.9990E+03   -0.9990E+03   -0.9990E+03   -0.9990E+03   -0.9990E+03   -0.9990E+03   -0.9990E+03   -0.9990E+03   -0.9990E+03   -0.9990E+03   -0.9990E+03   -0.9990E+03   -0.9990E+03   -0.9990E+03   -0.9990E+03   -0.9990E+03   -0.9990E+03   -0.9990E+03   -0.9990E+03   -0.9990E+03   -0.9990E+03   -0.9990E+03   -0.9990E+03   -0.9990E+03   -0.9990E+03   -0.9990E+03   -0.9990E+03   -0.9990E+03   -0.9990E+03   -0.9990E+03   -0.9990E+03   -0.9990E+03   -0.9990E+03   -0.9990E+03   -0.9990E+03    0.8638E+03    0.9552E+03    0.7224E+03    0.7353E+03    0.7463E+03    0.1695E+03    0.1648E+03    0.1660E+03    0.1706E+03    0.1633E+03    0.1536E+03    0.1558E+03    0.2455E+03    0.2607E+04    0.2613E+04    0.8236E+03    0.7732E+03    0.2012E+02    0.7797E+03    0.9585E+03    0.2510E+04    0.2488E+04    0.1797E+04    0.1591E+04    0.1844E+03    0.1685E+03    0.1308E+03   -0.9990E+03   -0.9990E+03   -0.9990E+03   -0.9990E+03   -0.9990E+03
   -0.9990E+03   -0.9990E+03   -0.9990E+03   -0.9990E+03   -0.9990E+03   -0.9990E+03   -0.9990E+03   -0.9990E+03   -0.9990E+03   -0.9990E+03   -0.9990E+03   -0.9990E+03   -0.9990E+03   -0.9990E+03   -0.9990E+03   -0.9990E+03   -0.9990E+03   -0.9990E+03   -0.9990E+03   -0.9990E+03   -0.9990E+03   -0.9990E+03   -0.9990E+03   -0.9990E+03   -0.9990E+03   -0.9990E+03   -0.9990E+03   -0.9990E+03   -0.9990E+03   -0.9990E+03   -0.9990E+03   -0.9990E+03   -0.9990E+03   -0.9990E+03   -0.9990E+03   -0.9990E+03   -0.9990E+03   -0.9990E+03   -0.9990E+03   -0.9990E+03   -0.9990E+03   -0.9990E+03   -0.9990E+03    0.8838E+03    0.9172E+03    0.9347E+03    0.7512E+03    0.7481E+03    0.7059E+03    0.1710E+03    0.1603E+03    0.1609E+03    0.1651E+03    0.1689E+03    0.1595E+03    0.1688E+03    0.1565E+03    0.2442E+03    0.2618E+04    0.2622E+04    0.9113E+03    0.3357E+02    0.7427E+03    0.7259E+03    0.7836E+03    0.1681E+04    0.2781E+03    0.1760E+03    0.1517E+03    0.1493E+03    0.6268E+02   -0.9990E+03   -0.9990E+03   -0.9990E+03   -0.9990E+03   -0.9990E+03
   -0.9990E+03   -0.9990E+03   -0.9990E+03   -0.9990E+03   -0.9990E+03   -0.9990E+03   -0.9990E+03   -0.9990E+03   -0.9990E+03   -0.9990E+03   -0.9990E+03   -0.9990E+03   -0.9990E+03   -0.9990E+03   -0.9990E+03   -0.9990E+03   -0.9990E+03   -0.9990E+03   -0.9990E+03   -0.9990E+03   -0.9990E+03   -0.9990E+03   -0.9990E+03   -0.9990E+03   -0.9990E+03   -0.9990E+03   -0.9990E+03   -0.9990E+03   -0.9990E+03   -0.9990E+03   -0.9990E+03   -0.9990E+03   -0.9990E+03   -0.9990E+03   -0.9990E+03   -0.9990E+03   -0.9990E+03   -0.9990E+03   -0.9990E+03   -0.9990E+03   -0.9990E+03   -0.9990E+03   -0.9990E+03    0.9441E+03    0.9062E+03    0.9585E+03    0.6904E+03    0.6844E+03    0.7497E+03    0.1592E+03    0.1676E+03    0.1537E+03    0.1609E+03    0.1737E+03    0.1690E+03    0.1604E+03    0.1671E+03    0.1934E+03    0.2622E+04    0.2623E+04    0.8283E+03    0.3581E+02    0.8649E+03    0.8611E+03    0.7879E+03    0.1402E+04    0.1007E+04    0.2558E+03    0.1554E+03    0.1613E+03   -0.9990E+03   -0.9990E+03   -0.9990E+03   -0.9990E+03   -0.9990E+03   -0.9990E+03
   -0.9990E+03   -0.9990E+03   -0.9990E+03   -0.9990E+03   -0.9990E+03   -0.9990E+03   -0.9990E+03   -0.9990E+03   -0.9990E+03   -0.9990E+03   -0.9990E+03   -0.9990E+03   -0.9990E+03   -0.9990E+03   -0.9990E+03   -0.9990E+03   -0.9990E+03   -0.9990E+03   -0.9990E+03   -0.9990E+03   -0.9990E+03   -0.9990E+03   -0.9990E+03   -0.9990E+03   -0.9990E+03   -0.9990E+03   -0.9990E+03   -0.9990E+03   -0.9990E+03   -0.9990E+03   -0.9990E+03   -0.9990E+03   -0.9990E+03   -0.9990E+03   -0.9990E+03   -0.9990E+03   -0.9990E+03   -0.9990E+03   -0.9990E+03   -0.9990E+03    0.4621E+03   -0.9990E+03   -0.9990E+03    0.8694E+03    0.9718E+03    0.9063E+03    0.7154E+03    0.7604E+03    0.7538E+03    0.1424E+03    0.2523E+03    0.1640E+03    0.1703E+03    0.1819E+03    0.1667E+03    0.1740E+03    0.1802E+03    0.1762E+03    0.2622E+04    0.2629E+04    0.9210E+03    0.2779E+02    0.8931E+03    0.9013E+03    0.7612E+03    0.8413E+03    0.1305E+04    0.7834E+03    0.5729E+03    0.1529E+03    0.5898E+03   -0.9990E+03   -0.9990E+03   -0.9990E+03   -0.9990E+03   -0.9990E+03
   -0.9990E+03   -0.9990E+03   -0.9990E+03   -0.9990E+03   -0.9990E+03   -0.9990E+03   -0.9990E+03   -0.9990E+03   -0.9990E+03   -0.9990E+03   -0.9990E+03   -0.9990E+03   -0.9990E+03   -0.9990E+03   -0.9990E+03   -0.9990E+03   -0.9990E+03   -0.9990E+03   -0.9990E+03   -0.9990E+03   -0.9990E+03   -0.9990E+03   -0.9990E+03   -0.9990E+03   -0.9990E+03   -0.9990E+03   -0.9990E+03   -0.9990E+03   -0.9990E+03   -0.9990E+03   -0.9990E+03   -0.9990E+03   -0.9990E+03   -0.9990E+03   -0.9990E+03    0.4700E+03    0.4722E+03    0.4550E+03    0.4621E+03    0.4748E+03    0.4894E+03    0.2772E+03    0.7476E+03    0.9291E+03    0.9479E+03    0.9089E+03    0.7810E+03    0.7970E+03    0.7432E+03    0.1509E+03    0.2508E+03    0.1840E+03    0.1776E+03    0.1840E+03    0.1832E+03    0.1847E+03    0.1834E+03    0.1920E+03    0.2629E+04    0.2623E+04    0.8298E+03    0.2128E+02    0.3213E+03    0.3792E+03    0.2048E+03    0.8022E+03    0.1704E+04    0.1079E+04    0.1752E+04    0.6810E+03    0.4300E+03   -0.9990E+03   -0.9990E+03   -0.9990E+03   -0.9990E+03   -0.9990E+03
   -0.9990E+03   -0.9990E+03   -0.9990E+03   -0.9990E+03   -0.9990E+03   -0.9990E+03   -0.9990E+03   -0.9990E+03   -0.9990E+03   -0.9990E+03   -0.9990E+03   -0.9990E+03   -0.9990E+03   -0.9990E+03   -0.9990E+03   -0.9990E+03   -0.9990E+03   -0.9990E+03   -0.9990E+03   -0.9990E+03   -0.9990E+03   -0.9990E+03   -0.9990E+03   -0.9990E+03   -0.9990E+03   -0.9990E+03   -0.9990E+03   -0.9990E+03   -0.9990E+03   -0.9990E+03   -0.9990E+03   -0.9990E+03   -0.9990E+03   -0.9990E+03   -0.9990E+03    0.3801E+03    0.3804E+03    0.4032E+03    0.4723E+03    0.4775E+03    0.4395E+03    0.2696E+03    0.7344E+03    0.9548E+03    0.9383E+03    0.9601E+03    0.7235E+03    0.7208E+03    0.7458E+03    0.6551E+03    0.7999E+03    0.1886E+03    0.1829E+03    0.4376E+03    0.1857E+03    0.1862E+03    0.1875E+03    0.2942E+03    0.2192E+04    0.4193E+03    0.6685E+03    0.2233E+03    0.6446E+03    0.2093E+04    0.1211E+04    0.2211E+04    0.8575E+03    0.1047E+04    0.9499E+03    0.5865E+03    0.6967E+03    0.5095E+03   -0.9990E+03   -0.9990E+03   -0.9990E+03   -0.9990E+03
   -0.9990E+03   -0.9990E+03   -0.9990E+03   -0.9990E+03   -0.9990E+03   -0.9990E+03   -0.9990E+03   -0.9990E+03   -0.9990E+03   -0.9990E+03   -0.9990E+03   -0.9990E+03   -0.9990E+03   -0.9990E+03   -0.9990E+03   -0.9990E+03   -0.9990E+03   -0.9990E+03   -0.9990E+03   -0.9990E+03   -0.9990E+03   -0.9990E+03   -0.9990E+03   -0.9990E+03   -0.9990E+03   -0.9990E+03   -0.9990E+03   -0.9990E+03   -0.9990E+03   -0.9990E+03   -0.9990E+03   -0.9990E+03   -0.9990E+03   -0.9990E+03    0.3524E+03    0.3715E+03    0.3609E+03    0.3570E+03    0.3683E+03    0.3751E+03    0.4406E+03    0.2685E+03    0.7447E+03    0.8794E+03    0.9277E+03    0.9474E+03    0.7370E+03    0.6791E+03    0.6830E+03    0.7067E+03    0.6874E+03    0.8794E+03    0.4243E+03    0.3741E+03    0.4216E+03    0.1848E+03    0.1852E+03    0.2134E+03    0.5067E+03    0.7078E+03    0.1381E+04    0.2134E+03    0.7430E+03    0.1006E+04    0.1665E+04    0.9509E+03    0.1076E+04    0.6891E+03    0.1327E+04    0.6767E+03    0.4463E+03    0.5012E+03   -0.9990E+03   -0.9990E+03   -0.9990E+03   -0.9990E+03
   -0.9990E+03   -0.9990E+03   -0.9990E+03   -0.9990E+03   -0.9990E+03   -0.9990E+03   -0.9990E+03   -0.9990E+03   -0.9990E+03   -0.9990E+03   -0.9990E+03   -0.9990E+03   -0.9990E+03   -0.9990E+03   -0.9990E+03   -0.9990E+03   -0.9990E+03   -0.9990E+03   -0.9990E+03   -0.9990E+03   -0.9990E+03   -0.9990E+03   -0.9990E+03   -0.9990E+03   -0.9990E+03   -0.9990E+03   -0.9990E+03   -0.9990E+03   -0.9990E+03   -0.9990E+03   -0.9990E+03   -0.9990E+03   -0.9990E+03   -0.9990E+03    0.3480E+03    0.3700E+03    0.3688E+03    0.3646E+03    0.3340E+03    0.3255E+03    0.2070E+03    0.4525E+03    0.7394E+03    0.9737E+03    0.7981E+03    0.5774E+03    0.8850E+03    0.1004E+04    0.8650E+03    0.8858E+03    0.9412E+03    0.8610E+03    0.2785E+03    0.1506E+03    0.3217E+03    0.1885E+03    0.1893E+03    0.1827E+03    0.4323E+03    0.9085E+03    0.2503E+04    0.2151E+03    0.2020E+04    0.9054E+03    0.8036E+03    0.6261E+03    0.4445E+03    0.3679E+03    0.8454E+03    0.7221E+03    0.7790E+03    0.3051E+03   -0.9990E+03   -0.9990E+03   -0.9990E+03   -0.9990E+03
   -0.9990E+03   -0.9990E+03   -0.9990E+03   -0.9990E+03   -0.9990E+03   -0.9990E+03   -0.9990E+03   -0.9990E+03   -0.9990E+03   -0.9990E+03   -0.9990E+03   -0.9990E+03   -0.9990E+03   -0.9990E+03   -0.9990E+03   -0.9990E+03   -0.9990E+03   -0.9990E+03   -0.9990E+03   -0.9990E+03   -0.9990E+03   -0.9990E+03   -0.9990E+03   -0.9990E+03   -0.9990E+03   -0.9990E+03   -0.9990E+03   -0.9990E+03   -0.9990E+03   -0.9990E+03   -0.9990E+03   -0.9990E+03   -0.9990E+03   -0.9990E+03    0.3550E+03    0.3532E+03    0.3628E+03    0.2535E+03    0.3747E+03    0.1653E+03    0.1398E+03    0.1511E+03    0.6206E+03    0.8431E+03    0.2216E+03    0.3280E+03    0.1900E+03    0.6123E+03    0.1884E+03    0.1822E+03    0.2035E+03    0.8313E+03    0.4283E+03    0.1675E+03    0.3401E+03    0.1908E+03    0.1896E+03    0.1936E+03    0.2080E+04    0.1899E+04    0.2071E+03    0.1390E+03    0.2224E+04    0.1561E+04    0.2462E+03    0.5939E+03    0.6880E+03    0.4132E+03    0.5975E+03    0.4400E+03    0.3733E+03    0.4825E+03   -0.9990E+03   -0.9990E+03   -0.9990E+03   -0.9990E+03
   -0.9990E+03   -0.9990E+03   -0.9990E+03   -0.9990E+03   -0.9990E+03   -0.9990E+03   -0.9990E+03   -0.9990E+03   -0.9990E+03   -0.9990E+03   -0.9990E+03   -0.9990E+03   -0.9990E+03   -0.9990E+03   -0.9990E+03   -0.9990E+03   -0.9990E+03   -0.9990E+03   -0.9990E+03   -0.9990E+03   -0.9990E+03   -0.9990E+03   -0.9990E+03   -0.9990E+03   -0.9990E+03   -0.9990E+03   -0.9990E+03   -0.9990E+03   -0.9990E+03   -0.9990E+03   -0.9990E+03   -0.9990E+03   -0.9990E+03   -0.9990E+03    0.3592E+03    0.3600E+03    0.3250E+03    0.1526E+03    0.3165E+03    0.1323E+03    0.1404E+03    0.1401E+03    0.3251E+03    0.7146E+03    0.9139E+03    0.9216E+03    0.1906E+03    0.1553E+03    0.1550E+03    0.1689E+03    0.8714E+03    0.7977E+03    0.1926E+03    0.2426E+03    0.3106E+03    0.2017E+03    0.1888E+03    0.1869E+03    0.6732E+03    0.2148E+04    0.2498E+03    0.1402E+03    0.1764E+04    0.1187E+04    0.6806E+03    0.7559E+03    0.5929E+03    0.8800E+03   -0.9990E+03    0.7511E+03   -0.9990E+03   -0.9990E+03   -0.9990E+03   -0.9990E+03   -0.9990E+03   -0.9990E+03
   -0.9990E+03   -0.9990E+03   -0.9990E+03   -0.9990E+03   -0.9990E+03   -0.9990E+03   -0.9990E+03   -0.9990E+03   -0.9990E+03   -0.9990E+03   -0.9990E+03   -0.9990E+03   -0.9990E+03   -0.9990E+03   -0.9990E+03   -0.9990E+03   -0.9990E+03   -0.9990E+03   -0.9990E+03   -0.9990E+03   -0.9990E+03   -0.9990E+03   -0.9990E+03   -0.9990E+03   -0.9990E+03   -0.9990E+03   -0.9990E+03   -0.9990E+03   -0.9990E+03   -0.9990E+03   -0.9990E+03   -0.9990E+03   -0.9990E+03   -0.9990E+03    0.3594E+03    0.3704E+03    0.3193E+03    0.1572E+03    0.2860E+03    0.1418E+03    0.3041E+03    0.2781E+03    0.1524E+03    0.1446E+03    0.7193E+03    0.5891E+03    0.1806E+03    0.1565E+03    0.1507E+03    0.1671E+03    0.1677E+03    0.1410E+03    0.1611E+03    0.3131E+03    0.1682E+03    0.1925E+03    0.1850E+03    0.2504E+03    0.8165E+03    0.2496E+03    0.2530E+03    0.2283E+04    0.2050E+04    0.2697E+04    0.1316E+04    0.7281E+03    0.5485E+03    0.3495E+03   -0.9990E+03   -0.9990E+03   -0.9990E+03   -0.9990E+03   -0.9990E+03   -0.9990E+03   -0.9990E+03   -0.9990E+03
   -0.9990E+03   -0.9990E+03   -0.9990E+03   -0.9990E+03   -0.9990E+03   -0.9990E+03   -0.9990E+03   -0.9990E+03   -0.9990E+03   -0.9990E+03   -0.9990E+03   -0.9990E+03   -0.9990E+03   -0.9990E+03   -0.9990E+03   -0.9990E+03   -0.9990E+03   -0.9990E+03   -0.9990E+03   -0.9990E+03   -0.9990E+03   -0.9990E+03   -0.9990E+03   -0.9990E+03   -0.9990E+03   -0.9990E+03   -0.9990E+03   -0.9990E+03   -0.9990E+03   -0.9990E+03   -0.9990E+03   -0.9990E+03   -0.9990E+03    0.2565E+03    0.2013E+03    0.2011E+03    0.3660E+03    0.1527E+03    0.3094E+03    0.3451E+03    0.2436E+03    0.1551E+03    0.2831E+03    0.3167E+03    0.3312E+03    0.1496E+03    0.1575E+03    0.1617E+03    0.1548E+03    0.1609E+03    0.1884E+03    0.1548E+03    0.3793E+03    0.4232E+03    0.2865E+03    0.2970E+03    0.5060E+03    0.4602E+03    0.4924E+01    0.5120E+01    0.2054E+04    0.1889E+04    0.1459E+04    0.1812E+04    0.2383E+04    0.1416E+04    0.1619E+04    0.7402E+03    0.1310E+04   -0.9990E+03   -0.9990E+03   -0.9990E+03   -0.9990E+03   -0.9990E+03   -0.9990E+03   -0.9990E+03
   -0.9990E+03   -0.9990E+03   -0.9990E+03   -0.9990E+03   -0.9990E+03   -0.9990E+03   -0.9990E+03   -0.9990E+03   -0.9990E+03   -0.9990E+03   -0.9990E+03   -0.9990E+03   -0.9990E+03   -0.9990E+03   -0.9990E+03   -0.9990E+03   -0.9990E+03   -0.9990E+03   -0.9990E+03   -0.9990E+03   -0.9990E+03   -0.9990E+03   -0.9990E+03   -0.9990E+03   -0.9990E+03   -0.9990E+03   -0.9990E+03   -0.9990E+03   -0.9990E+03   -0.9990E+03   -0.9990E+03   -0.9990E+03    0.3146E+03    0.3214E+03    0.3026E+03    0.1872E+03    0.3179E+03    0.2593E+03    0.3598E+03    0.3115E+03    0.1525E+03    0.1617E+03    0.1414E+03    0.1482E+03    0.1485E+03    0.1480E+03    0.1432E+03    0.1573E+03    0.1611E+03    0.1569E+03    0.1524E+03    0.1487E+03    0.1642E+03    0.3182E+03    0.2807E+03    0.3381E+03    0.8177E+03    0.1579E+04    0.2058E+03    0.2216E+04    0.2042E+04    0.2147E+04    0.1736E+04    0.1683E+04    0.1535E+04    0.2246E+04    0.2069E+04    0.2089E+04   -0.9990E+03   -0.9990E+03   -0.9990E+03   -0.9990E+03   -0.9990E+03   -0.9990E+03   -0.9990E+03   -0.9990E+03
   -0.9990E+03   -0.9990E+03   -0.9990E+03   -0.9990E+03   -0.9990E+03   -0.9990E+03   -0.9990E+03   -0.9990E+03   -0.9990E+03   -0.9990E+03   -0.9990E+03   -0.9990E+03   -0.9990E+03   -0.9990E+03   -0.9990E+03   -0.9990E+03   -0.9990E+03   -0.9990E+03   -0.9990E+03   -0.9990E+03   -0.9990E+03   -0.9990E+03   -0.9990E+03   -0.9990E+03   -0.9990E+03   -0.9990E+03   -0.9990E+03   -0.9990E+03   -0.9990E+03   -0.9990E+03   -0.9990E+03    0.6095E+02    0.6392E+02    0.6231E+02    0.2381E+03    0.1248E+03    0.7374E+01    0.2293E+03    0.3517E+03    0.3792E+03    0.2953E+03    0.2834E+03    0.3485E+03    0.3219E+03    0.1764E+03    0.1674E+03    0.1515E+03    0.1551E+03    0.1571E+03    0.1468E+03    0.1337E+03    0.1495E+03    0.1384E+03    0.3298E+03    0.1403E+03    0.3649E+03    0.8483E+03    0.1399E+03    0.2023E+03    0.2159E+04    0.1775E+04    0.1710E+04    0.2172E+04    0.2202E+04    0.1565E+04    0.1498E+04    0.6425E+03   -0.9990E+03   -0.9990E+03   -0.9990E+03   -0.9990E+03   -0.9990E+03   -0.9990E+03   -0.9990E+03   -0.9990E+03   -0.9990E+03
   -0.9990E+03   -0.9990E+03   -0.9990E+03   -0.9990E+03   -0.9990E+03   -0.9990E+03   -0.9990E+03   -0.9990E+03   -0.9990E+03   -0.9990E+03   -0.9990E+03   -0.9990E+03   -0.9990E+03   -0.9990E+03   -0.9990E+03   -0.9990E+03   -0.9990E+03   -0.9990E+03   -0.9990E+03   -0.9990E+03   -0.9990E+03   -0.9990E+03   -0.9990E+03   -0.9990E+03   -0.9990E+03   -0.9990E+03   -0.9990E+03   -0.9990E+03   -0.9990E+03   -0.9990E+03    0.6282E+02    0.6344E+02    0.6517E+02    0.6465E+02    0.1900E+03    0.1911E+03    0.1555E+03    0.2581E+03    0.1379E+03    0.9507E+03    0.9535E+03    0.8762E+03    0.9403E+03    0.3137E+03    0.1523E+03    0.1818E+03    0.1623E+03    0.1500E+03    0.1456E+03    0.1453E+03    0.1442E+03    0.1483E+03    0.1364E+03    0.2598E+03    0.2438E+03    0.2158E+03    0.1793E+03    0.1363E+03    0.4693E+03    0.2281E+04    0.2545E+04    0.2830E+04    0.1998E+04    0.2159E+04    0.2426E+04    0.1492E+04    0.8265E+03   -0.9990E+03   -0.9990E+03   -0.9990E+03   -0.9990E+03   -0.9990E+03   -0.9990E+03   -0.9990E+03   -0.9990E+03   -0.9990E+03
   -0.9990E+03   -0.9990E+03   -0.9990E+03   -0.9990E+03   -0.9990E+03   -0.9990E+03   -0.9990E+03   -0.9990E+03   -0.9990E+03   -0.9990E+03   -0.9990E+03   -0.9990E+03   -0.9990E+03   -0.9990E+03   -0.9990E+03   -0.9990E+03   -0.9990E+03   -0.9990E+03   -0.9990E+03   -0.9990E+03   -0.9990E+03   -0.9990E+03   -0.9990E+03   -0.9990E+03   -0.9990E+03   -0.9990E+03   -0.9990E+03   -0.9990E+03   -0.9990E+03   -0.9990E+03    0.6353E+02    0.6408E+02    0.6394E+02    0.6629E+02    0.2636E+03    0.2644E+03    0.1569E+03    0.3487E+03    0.8504E+03    0.1312E+04    0.8025E+03    0.1334E+04    0.1219E+04    0.1986E+03    0.1593E+03    0.1522E+03    0.1601E+03    0.1455E+03    0.1391E+03    0.1255E+03    0.1270E+03    0.1207E+03    0.1127E+03    0.1276E+03    0.1249E+03    0.1161E+03    0.1341E+03    0.1335E+03    0.1569E+03    0.2222E+04    0.1229E+04    0.1487E+04    0.1251E+04    0.9153E+03    0.1921E+04    0.2143E+04   -0.9990E+03   -0.9990E+03   -0.9990E+03   -0.9990E+03   -0.9990E+03   -0.9990E+03   -0.9990E+03   -0.9990E+03   -0.9990E+03   -0.9990E+03
   -0.9990E+03   -0.9990E+03   -0.9990E+03   -0.9990E+03   -0.9990E+03   -0.9990E+03   -0.9990E+03   -0.9990E+03   -0.9990E+03   -0.9990E+03   -0.9990E+03   -0.9990E+03   -0.9990E+03   -0.9990E+03   -0.9990E+03   -0.9990E+03   -0.9990E+03   -0.9990E+03   -0.9990E+03   -0.9990E+03   -0.9990E+03   -0.9990E+03   -0.9990E+03   -0.9990E+03   -0.9990E+03   -0.9990E+03   -0.9990E+03   -0.9990E+03   -0.9990E+03   -0.9990E+03    0.6722E+02    0.6481E+02    0.6480E+02    0.6585E+02    0.2297E+03    0.1643E+03    0.1395E+03    0.7973E+03    0.1770E+04    0.1961E+04    0.1162E+04    0.1343E+04    0.1511E+04    0.2223E+03    0.1683E+03    0.1392E+03    0.1463E+03    0.1362E+03    0.1335E+03    0.1254E+03    0.1092E+03    0.1190E+03    0.1321E+03    0.1316E+03    0.1309E+03    0.1312E+03    0.1332E+03    0.1312E+03    0.1167E+03    0.7376E+03    0.5627E+03    0.8182E+03    0.8587E+03    0.6903E+03    0.5380E+03    0.8327E+03   -0.9990E+03   -0.9990E+03   -0.9990E+03   -0.9990E+03   -0.9990E+03   -0.9990E+03   -0.9990E+03   -0.9990E+03   -0.9990E+03   -0.9990E+03
   -0.9990E+03   -0.9990E+03   -0.9990E+03   -0.9990E+03   -0.9990E+03   -0.9990E+03   -0.9990E+03   -0.9990E+03   -0.9990E+03   -0.9990E+03   -0.9990E+03   -0.9990E+03   -0.9990E+03   -0.9990E+03   -0.9990E+03   -0.9990E+03   -0.9990E+03   -0.9990E+03   -0.9990E+03   -0.9990E+03   -0.9990E+03   -0.9990E+03   -0.9990E+03   -0.9990E+03   -0.9990E+03   -0.9990E+03   -0.9990E+03   -0.9990E+03   -0.9990E+03    0.9850E+03    0.5651E+03    0.6596E+02    0.6611E+02    0.6550E+02    0.2092E+03    0.1463E+03    0.2142E+03    0.1297E+04    0.1318E+04    0.9345E+03    0.5391E+03    0.1346E+04    0.1418E+04    0.2695E+03    0.2044E+03    0.1445E+03    0.1345E+03    0.1229E+03    0.1293E+03    0.1275E+03    0.1262E+03    0.1272E+03    0.1214E+03    0.1202E+03    0.1228E+03    0.1233E+03    0.1141E+03    0.1186E+03    0.1373E+03    0.1235E+03    0.7235E+03    0.6750E+03    0.5792E+03    0.4414E+03    0.2646E+03    0.3427E+03   -0.9990E+03   -0.9990E+03   -0.9990E+03   -0.9990E+03   -0.9990E+03   -0.9990E+03   -0.9990E+03   -0.9990E+03   -0.9990E+03   -0.9990E+03
   -0.9990E+03   -0.9990E+03   -0.9990E+03   -0.9990E+03   -0.9990E+03   -0.9990E+03   -0.9990E+03   -0.9990E+03   -0.9990E+03   -0.9990E+03   -0.9990E+03   -0.9990E+03   -0.9990E+03   -0.9990E+03   -0.9990E+03   -0.9990E+03   -0.9990E+03   -0.9990E+03   -0.9990E+03   -0.9990E+03   -0.9990E+03   -0.9990E+03   -0.9990E+03   -0.9990E+03   -0.9990E+03   -0.9990E+03   -0.9990E+03   -0.9990E+03   -0.9990E+03    0.1001E+04    0.1066E+04    0.8153E+02    0.9892E+02    0.1372E+03    0.1427E+03    0.1237E+03    0.1942E+03    0.8748E+02    0.1257E+04    0.1159E+04    0.1334E+04    0.2170E+04    0.1263E+04    0.1363E+04    0.1184E+04    0.1533E+03    0.1319E+03    0.1255E+03    0.1155E+03    0.1219E+03    0.1201E+03    0.1142E+03    0.1106E+03    0.1071E+03    0.1013E+03    0.1128E+03    0.2110E+03    0.2292E+03    0.4101E+03    0.1298E+03    0.1223E+04    0.2003E+04    0.1568E+04    0.1549E+04    0.5165E+03    0.4992E+03   -0.9990E+03   -0.9990E+03   -0.9990E+03   -0.9990E+03   -0.9990E+03   -0.9990E+03   -0.9990E+03   -0.9990E+03   -0.9990E+03   -0.9990E+03
   -0.9990E+03   -0.9990E+03   -0.9990E+03   -0.9990E+03   -0.9990E+03   -0.9990E+03   -0.9990E+03   -0.9990E+03   -0.9990E+03   -0.9990E+03   -0.9990E+03   -0.9990E+03   -0.9990E+03   -0.9990E+03   -0.9990E+03   -0.9990E+03   -0.9990E+03   -0.9990E+03   -0.9990E+03   -0.9990E+03   -0.9990E+03   -0.9990E+03   -0.9990E+03   -0.9990E+03   -0.9990E+03   -0.9990E+03   -0.9990E+03   -0.9990E+03    0.9551E+03    0.9964E+03    0.1093E+04    0.6209E+02    0.6292E+02    0.2538E+01    0.1435E+03    0.2329E+03    0.2829E+03    0.8430E+02    0.2295E+04    0.2292E+04    0.2129E+04    0.2134E+04    0.2258E+04    0.1042E+04    0.1329E+04    0.1510E+03    0.1287E+03    0.1209E+03    0.1156E+03    0.1052E+03    0.9915E+02    0.1098E+03    0.1135E+03    0.1143E+03    0.1132E+03    0.1146E+03    0.1026E+03    0.1179E+03    0.2452E+03    0.4696E+03    0.2547E+03    0.1509E+04    0.1074E+04    0.1159E+04    0.8404E+03   -0.9990E+03   -0.9990E+03   -0.9990E+03   -0.9990E+03   -0.9990E+03   -0.9990E+03   -0.9990E+03   -0.9990E+03   -0.9990E+03   -0.9990E+03   -0.9990E+03
   -0.9990E+03   -0.9990E+03   -0.9990E+03   -0.9990E+03   -0.9990E+03   -0.9990E+03   -0.9990E+03   -0.9990E+03   -0.9990E+03   -0.9990E+03   -0.9990E+03   -0.9990E+03   -0.9990E+03   -0.9990E+03   -0.9990E+03   -0.9990E+03   -0.9990E+03   -0.9990E+03   -0.9990E+03   -0.9990E+03   -0.9990E+03   -0.9990E+03   -0.9990E+03   -0.9990E+03   -0.9990E+03   -0.9990E+03   -0.9990E+03   -0.9990E+03    0.9578E+03    0.1028E+04    0.1050E+04    0.6977E+02    0.1732E+03    0.1151E+03    0.1107E+03    0.2259E+03    0.6964E+02    0.7014E+02    0.6692E+03    0.3226E+03    0.4400E+02    0.1992E+04    0.2096E+04    0.1032E+04    0.1549E+03    0.1258E+03    0.1206E+03    0.1125E+03    0.1066E+03    0.1045E+03    0.1060E+03    0.1040E+03    0.1035E+03    0.1035E+03    0.1030E+03    0.1032E+03    0.1048E+03    0.2305E+03    0.2602E+03    0.5510E+03    0.2890E+03    0.1233E+04    0.3485E+03    0.8894E+03   -0.9990E+03   -0.9990E+03   -0.9990E+03   -0.9990E+03   -0.9990E+03   -0.9990E+03   -0.9990E+03   -0.9990E+03   -0.9990E+03   -0.9990E+03   -0.9990E+03   -0.9990E+03
   -0.9990E+03   -0.9990E+03   -0.9990E+03   -0.9990E+03   -0.9990E+03   -0.9990E+03   -0.9990E+03   -0.9990E+03   -0.9990E+03   -0.9990E+03   -0.9990E+03   -0.9990E+03   -0.9990E+03   -0.9990E+03   -0.9990E+03   -0.9990E+03   -0.9990E+03   -0.9990E+03   -0.9990E+03   -0.9990E+03   -0.9990E+03   -0.9990E+03   -0.9990E+03   -0.9990E+03   -0.9990E+03   -0.9990E+03   -0.9990E+03    0.9107E+03    0.9530E+03    0.9711E+03    0.1083E+04    0.1065E+04    0.1845E+03    0.1133E+03    0.1083E+03    0.1796E+03    0.7009E+02    0.1061E+04    0.9610E+03    0.5625E+03    0.1033E+04    0.1771E+04    0.2305E+04    0.1165E+04    0.1531E+03    0.1199E+03    0.1130E+03    0.1011E+03    0.1038E+03    0.1028E+03    0.9690E+02    0.9749E+02    0.9608E+02    0.9487E+02    0.9389E+02    0.9457E+02    0.9671E+02    0.1001E+03    0.2731E+03    0.1434E+04    0.1483E+04    0.1288E+04    0.1336E+04    0.1381E+04   -0.9990E+03   -0.9990E+03   -0.9990E+03   -0.9990E+03   -0.9990E+03   -0.9990E+03   -0.9990E+03   -0.9990E+03   -0.9990E+03   -0.9990E+03   -0.9990E+03   -0.9990E+03
   -0.9990E+03   -0.9990E+03   -0.9990E+03   -0.9990E+03   -0.9990E+03   -0.9990E+03   -0.9990E+03   -0.9990E+03   -0.9990E+03   -0.9990E+03   -0.9990E+03   -0.9990E+03   -0.9990E+03   -0.9990E+03   -0.9990E+03   -0.9990E+03   -0.9990E+03   -0.9990E+03   -0.9990E+03   -0.9990E+03   -0.9990E+03   -0.9990E+03   -0.9990E+03   -0.9990E+03   -0.9990E+03   -0.9990E+03   -0.9990E+03    0.5506E+03    0.5168E+03    0.9290E+03    0.9876E+03    0.1027E+04    0.7620E+03    0.1927E+03    0.1202E+03    0.1854E+03    0.1080E+04    0.1159E+04    0.1451E+04    0.5285E+03    0.8379E+03    0.1315E+04    0.1293E+04    0.1276E+04    0.1636E+03    0.1121E+03    0.1064E+03    0.9377E+02    0.9724E+02    0.9670E+02    0.9451E+02    0.9243E+02    0.8961E+02    0.8715E+02    0.8609E+02    0.8595E+02    0.9275E+02    0.9936E+02    0.1084E+03    0.1256E+03    0.6403E+03    0.1489E+04    0.1637E+04    0.1292E+04    0.1294E+04    0.8242E+03   -0.9990E+03   -0.9990E+03   -0.9990E+03   -0.9990E+03   -0.9990E+03   -0.9990E+03   -0.9990E+03   -0.9990E+03   -0.9990E+03   -0.9990E+03
   -0.9990E+03   -0.9990E+03   -0.9990E+03   -0.9990E+03   -0.9990E+03   -0.9990E+03   -0.9990E+03   -0.9990E+03   -0.9990E+03   -0.9990E+03   -0.9990E+03   -0.9990E+03   -0.9990E+03   -0.9990E+03   -0.9990E+03   -0.9990E+03   -0.9990E+03   -0.9990E+03   -0.9990E+03   -0.9990E+03   -0.9990E+03   -0.9990E+03   -0.9990E+03   -0.9990E+03   -0.9990E+03   -0.9990E+03    0.5255E+03    0.5157E+03    0.5491E+03    0.5874E+03    0.1019E+04    0.8271E+03    0.1005E+04    0.6289E+03    0.1195E+03    0.7789E+03    0.1069E+04    0.8449E+03    0.1453E+04    0.1521E+04    0.4584E+03    0.1214E+03    0.1296E+04    0.1129E+03    0.1242E+03    0.1042E+03    0.9764E+02    0.8503E+02    0.9145E+02    0.9068E+02    0.8643E+02    0.8520E+02    0.8320E+02    0.8121E+02    0.8073E+02    0.8318E+02    0.8631E+02    0.8962E+02    0.9556E+02    0.1017E+03    0.1103E+03    0.1309E+03    0.6529E+03    0.1508E+04    0.1350E+04    0.1337E+04   -0.9990E+03   -0.9990E+03   -0.9990E+03   -0.9990E+03   -0.9990E+03   -0.9990E+03   -0.9990E+03   -0.9990E+03   -0.9990E+03   -0.9990E+03
   -0.9990E+03   -0.9990E+03   -0.9990E+03   -0.9990E+03   -0.9990E+03   -0.9990E+03   -0.9990E+03   -0.9990E+03   -0.9990E+03   -0.9990E+03   -0.9990E+03   -0.9990E+03   -0.9990E+03   -0.9990E+03   -0.9990E+03   -0.9990E+03   -0.9990E+03   -0.9990E+03   -0.9990E+03   -0.9990E+03   -0.9990E+03   -0.9990E+03   -0.9990E+03   -0.9990E+03   -0.9990E+03   -0.9990E+03    0.5153E+03    0.5888E+03    0.6083E+03    0.5469E+03    0.5460E+03    0.6000E+03    0.5709E+03    0.8368E+03    0.6056E+01    0.1138E+04    0.1188E+04    0.1361E+04    0.1425E+04    0.1088E+04    0.5555E+03    0.2101E+03    0.1144E+03    0.1294E+03    0.1093E+03    0.9666E+02    0.9101E+02    0.8202E+02    0.8602E+02    0.8482E+02    0.8437E+02    0.8426E+02    0.8257E+02    0.7986E+02    0.7829E+02    0.7748E+02    0.7978E+02    0.8378E+02    0.8858E+02    0.9439E+02    0.1007E+03    0.1106E+03    0.2168E+03    0.1458E+04    0.1422E+04    0.1375E+04   -0.9990E+03   -0.9990E+03   -0.9990E+03   -0.9990E+03   -0.9990E+03   -0.9990E+03   -0.9990E+03   -0.9990E+03   -0.9990E+03   -0.9990E+03
   -0.9990E+03   -0.9990E+03   -0.9990E+03   -0.9990E+03   -0.9990E+03   -0.9990E+03   -0.9990E+03   -0.9990E+03   -0.9990E+03   -0.9990E+03   -0.9990E+03   -0.9990E+03   -0.9990E+03   -0.9990E+03   -0.9990E+03   -0.9990E+03   -0.9990E+03   -0.9990E+03   -0.9990E+03   -0.9990E+03   -0.9990E+03   -0.9990E+03   -0.9990E+03   -0.9990E+03   -0.9990E+03   -0.9990E+03    0.5683E+03    0.5954E+03    0.6420E+03    0.6532E+03    0.5824E+03    0.5823E+03    0.6192E+03    0.5529E+03    0.6206E+01    0.1151E+04    0.1333E+04    0.1470E+04    0.1288E+04    0.1324E+04    0.3178E+03    0.2085E+03    0.1203E+03    0.1215E+03    0.9977E+02    0.9000E+02    0.8692E+02    0.8342E+02    0.8122E+02    0.7183E+02    0.8076E+02    0.8091E+02    0.7886E+02    0.7625E+02    0.7333E+02    0.6934E+02    0.7470E+02    0.8056E+02    0.8442E+02    0.9006E+02    0.9751E+02    0.1012E+03    0.1126E+03    0.1473E+04    0.1382E+04    0.1391E+04    0.1263E+04    0.8599E+03   -0.9990E+03   -0.9990E+03   -0.9990E+03   -0.9990E+03   -0.9990E+03   -0.9990E+03   -0.9990E+03   -0.9990E+03
   -0.9990E+03   -0.9990E+03   -0.9990E+03   -0.9990E+03   -0.9990E+03   -0.9990E+03   -0.9990E+03   -0.9990E+03   -0.9990E+03   -0.9990E+03   -0.9990E+03   -0.9990E+03   -0.9990E+03   -0.9990E+03   -0.9990E+03   -0.9990E+03   -0.9990E+03   -0.9990E+03   -0.9990E+03   -0.9990E+03   -0.9990E+03   -0.9990E+03   -0.9990E+03   -0.9990E+03   -0.9990E+03   -0.9990E+03    0.5259E+03    0.5896E+03    0.6191E+03    0.6079E+03    0.6294E+03    0.6402E+03    0.6628E+03    0.6556E+03    0.7318E+02    0.2166E+02    0.1423E+04    0.1411E+04    0.6840E+03    0.1095E+04    0.3692E+03    0.2520E+03    0.1842E+03    0.1305E+03    0.9715E+02    0.8955E+02    0.8520E+02    0.8130E+02    0.7962E+02    0.7825E+02    0.7847E+02    0.7469E+02    0.7606E+02    0.7384E+02    0.7158E+02    0.7097E+02    0.7376E+02    0.7893E+02    0.8226E+02    0.8698E+02    0.9634E+02    0.9370E+02    0.1050E+03    0.7126E+03    0.1640E+04    0.1317E+04    0.1216E+04    0.5300E+03   -0.9990E+03   -0.9990E+03   -0.9990E+03   -0.9990E+03   -0.9990E+03   -0.9990E+03   -0.9990E+03   -0.9990E+03
   -0.9990E+03   -0.9990E+03   -0.9990E+03   -0.9990E+03   -0.9990E+03   -0.9990E+03   -0.9990E+03   -0.9990E+03   -0.9990E+03   -0.9990E+03   -0.9990E+03   -0.9990E+03   -0.9990E+03   -0.9990E+03   -0.9990E+03   -0.9990E+03   -0.9990E+03   -0.9990E+03   -0.9990E+03   -0.9990E+03   -0.9990E+03   -0.9990E+03   -0.9990E+03   -0.9990E+03   -0.9990E+03    0.4214E+03    0.4470E+03    0.4705E+03    0.5075E+03    0.5210E+03    0.5651E+03    0.5977E+03    0.5938E+03    0.7639E+03    0.6796E+03    0.1171E+03    0.2489E+02    0.1329E+04    0.7242E+03    0.1218E+04    0.1180E+04    0.8264E+03    0.9293E+03    0.1436E+03    0.9790E+02    0.8886E+02    0.8356E+02    0.7959E+02    0.7676E+02    0.7783E+02    0.7686E+02    0.7564E+02    0.7445E+02    0.7293E+02    0.7198E+02    0.7239E+02    0.7514E+02    0.7744E+02    0.8094E+02    0.8489E+02    0.8871E+02    0.9304E+02    0.1678E+03    0.1533E+04    0.1276E+04   -0.9990E+03   -0.9990E+03   -0.9990E+03   -0.9990E+03   -0.9990E+03   -0.9990E+03   -0.9990E+03   -0.9990E+03   -0.9990E+03   -0.9990E+03   -0.9990E+03
   -0.9990E+03   -0.9990E+03   -0.9990E+03   -0.9990E+03   -0.9990E+03   -0.9990E+03   -0.9990E+03   -0.9990E+03   -0.9990E+03   -0.9990E+03   -0.9990E+03   -0.9990E+03   -0.9990E+03   -0.9990E+03   -0.9990E+03   -0.9990E+03   -0.9990E+03   -0.9990E+03   -0.9990E+03   -0.9990E+03   -0.9990E+03   -0.9990E+03   -0.9990E+03   -0.9990E+03   -0.9990E+03    0.4017E+03    0.4262E+03    0.4360E+03    0.4688E+03    0.4758E+03    0.5684E+03    0.4962E+03    0.6470E+03    0.5523E+03    0.4825E+03    0.9869E+03    0.2065E+02    0.2282E+02    0.1563E+04    0.2036E+04    0.1312E+04    0.1354E+04    0.1190E+04    0.1451E+03    0.9478E+02    0.8763E+02    0.8245E+02    0.7847E+02    0.7777E+02    0.7248E+02    0.7025E+02    0.7444E+02    0.7335E+02    0.7283E+02    0.7273E+02    0.7366E+02    0.7621E+02    0.7748E+02    0.7957E+02    0.8380E+02    0.9101E+02    0.1386E+03    0.1480E+04    0.1321E+04   -0.9990E+03   -0.9990E+03   -0.9990E+03   -0.9990E+03   -0.9990E+03   -0.9990E+03   -0.9990E+03   -0.9990E+03   -0.9990E+03   -0.9990E+03   -0.9990E+03   -0.9990E+03
   -0.9990E+03   -0.9990E+03   -0.9990E+03   -0.9990E+03   -0.9990E+03   -0.9990E+03   -0.9990E+03   -0.9990E+03   -0.9990E+03   -0.9990E+03   -0.9990E+03   -0.9990E+03   -0.9990E+03   -0.9990E+03   -0.9990E+03   -0.9990E+03   -0.9990E+03   -0.9990E+03   -0.9990E+03   -0.9990E+03   -0.9990E+03   -0.9990E+03   -0.9990E+03   -0.9990E+03   -0.9990E+03    0.4020E+03    0.4356E+03    0.4562E+03    0.4796E+03    0.5135E+03    0.4875E+03    0.3766E+03    0.8001E+02    0.1141E+03    0.5021E+02    0.4717E+02    0.5560E+02    0.1117E+02    0.1303E+03    0.1898E+03    0.1772E+03    0.6253E+03    0.1685E+03    0.1076E+03    0.9363E+02    0.8680E+02    0.7925E+02    0.7862E+02    0.7694E+02    0.7430E+02    0.7294E+02    0.6947E+02    0.7092E+02    0.7192E+02    0.7324E+02    0.7543E+02    0.7633E+02    0.7736E+02    0.7902E+02    0.8339E+02    0.8808E+02    0.1521E+04    0.1390E+04    0.1224E+04   -0.9990E+03   -0.9990E+03   -0.9990E+03   -0.9990E+03   -0.9990E+03   -0.9990E+03   -0.9990E+03   -0.9990E+03   -0.9990E+03   -0.9990E+03   -0.9990E+03   -0.9990E+03
   -0.9990E+03   -0.9990E+03   -0.9990E+03   -0.9990E+03   -0.9990E+03   -0.9990E+03   -0.9990E+03   -0.9990E+03   -0.9990E+03   -0.9990E+03   -0.9990E+03   -0.9990E+03   -0.9990E+03   -0.9990E+03   -0.9990E+03   -0.9990E+03   -0.9990E+03   -0.9990E+03   -0.9990E+03   -0.9990E+03   -0.9990E+03   -0.9990E+03   -0.9990E+03   -0.9990E+03   -0.9990E+03    0.2591E+03    0.2702E+03    0.2845E+03    0.2832E+03    0.3231E+03    0.2519E+03    0.1107E+03    0.1014E+03    0.4925E+02    0.7273E+02    0.5397E+02    0.6597E+02    0.1300E+03    0.1268E+03    0.7917E+02    0.2663E+03    0.1952E+03    0.2606E+03    0.9976E+02    0.9396E+02    0.8644E+02    0.7859E+02    0.7775E+02    0.7536E+02    0.7513E+02    0.7475E+02    0.7415E+02    0.7363E+02    0.7339E+02    0.7494E+02    0.7597E+02    0.7630E+02    0.7731E+02    0.7911E+02    0.7786E+02    0.9805E+02    0.1482E+04    0.1387E+04   -0.9990E+03   -0.9990E+03   -0.9990E+03   -0.9990E+03   -0.9990E+03   -0.9990E+03   -0.9990E+03   -0.9990E+03   -0.9990E+03   -0.9990E+03   -0.9990E+03   -0.9990E+03   -0.9990E+03
   -0.9990E+03   -0.9990E+03   -0.9990E+03   -0.9990E+03   -0.9990E+03   -0.9990E+03   -0.9990E+03   -0.9990E+03   -0.9990E+03   -0.9990E+03   -0.9990E+03   -0.9990E+03   -0.9990E+03   -0.9990E+03   -0.9990E+03   -0.9990E+03   -0.9990E+03   -0.9990E+03   -0.9990E+03   -0.9990E+03   -0.9990E+03   -0.9990E+03   -0.9990E+03   -0.9990E+03   -0.9990E+03   -0.9990E+03   -0.9990E+03    0.1196E+03    0.1195E+03    0.1162E+03    0.4014E+02    0.3735E+02    0.3764E+02    0.4184E+02    0.4688E+02    0.6777E+02    0.1323E+03    0.6769E+02    0.2006E+03    0.1201E+03    0.2639E+03    0.3540E+03    0.6077E+03    0.1186E+03    0.9256E+02    0.8462E+02    0.7787E+02    0.7897E+02    0.7594E+02    0.7363E+02    0.7469E+02    0.7419E+02    0.7383E+02    0.7415E+02    0.7590E+02    0.7593E+02    0.7626E+02    0.7732E+02    0.7575E+02    0.8522E+02    0.1138E+03    0.1571E+04    0.1358E+04   -0.9990E+03   -0.9990E+03   -0.9990E+03   -0.9990E+03   -0.9990E+03   -0.9990E+03   -0.9990E+03   -0.9990E+03   -0.9990E+03   -0.9990E+03   -0.9990E+03   -0.9990E+03   -0.9990E+03
   -0.9990E+03   -0.9990E+03   -0.9990E+03   -0.9990E+03   -0.9990E+03   -0.9990E+03   -0.9990E+03   -0.9990E+03   -0.9990E+03   -0.9990E+03   -0.9990E+03   -0.9990E+03   -0.9990E+03   -0.9990E+03   -0.9990E+03   -0.9990E+03   -0.9990E+03   -0.9990E+03   -0.9990E+03   -0.9990E+03   -0.9990E+03   -0.9990E+03   -0.9990E+03   -0.9990E+03   -0.9990E+03   -0.9990E+03   -0.9990E+03   -0.9990E+03    0.6198E+02    0.8456E+02    0.2805E+02    0.2447E+02    0.2457E+02    0.2696E+02    0.3782E+02    0.7036E+02    0.9935E+02    0.7137E+02    0.2483E+03    0.1146E+03    0.8652E+02    0.4760E+03    0.4380E+03    0.8636E+02    0.8291E+02    0.8147E+02    0.7809E+02    0.7822E+02    0.7642E+02    0.7533E+02    0.7447E+02    0.7486E+02    0.7477E+02    0.7526E+02    0.7588E+02    0.7565E+02    0.7613E+02    0.7726E+02    0.7824E+02    0.8518E+02    0.5146E+03    0.1492E+04   -0.9990E+03   -0.9990E+03   -0.9990E+03   -0.9990E+03   -0.9990E+03   -0.9990E+03   -0.9990E+03   -0.9990E+03   -0.9990E+03   -0.9990E+03   -0.9990E+03   -0.9990E+03   -0.9990E+03   -0.9990E+03
   -0.9990E+03   -0.9990E+03   -0.9990E+03   -0.9990E+03   -0.9990E+03   -0.9990E+03   -0.9990E+03   -0.9990E+03   -0.9990E+03   -0.9990E+03   -0.9990E+03   -0.9990E+03   -0.9990E+03   -0.9990E+03   -0.9990E+03   -0.9990E+03   -0.9990E+03   -0.9990E+03   -0.9990E+03   -0.9990E+03   -0.9990E+03   -0.9990E+03   -0.9990E+03   -0.9990E+03   -0.9990E+03   -0.9990E+03   -0.9990E+03    0.1172E+03    0.9060E+02    0.1043E+03    0.4304E+02    0.2623E+02    0.3533E+02    0.3991E+02    0.2689E+02    0.4825E+02    0.7250E+02    0.6863E+02    0.2058E+03    0.1225E+03    0.1156E+03    0.2454E+03    0.1152E+03    0.7824E+02    0.7955E+02    0.7449E+02    0.7990E+02    0.7807E+02    0.7810E+02    0.7707E+02    0.7748E+02    0.7974E+02    0.7647E+02    0.7571E+02    0.7541E+02    0.7527E+02    0.7582E+02    0.7828E+02    0.7977E+02    0.9084E+02    0.1060E+04   -0.9990E+03   -0.9990E+03   -0.9990E+03   -0.9990E+03   -0.9990E+03   -0.9990E+03   -0.9990E+03   -0.9990E+03   -0.9990E+03   -0.9990E+03   -0.9990E+03   -0.9990E+03   -0.9990E+03   -0.9990E+03   -0.9990E+03
   -0.9990E+03   -0.9990E+03   -0.9990E+03   -0.9990E+03   -0.9990E+03   -0.9990E+03   -0.9990E+03   -0.9990E+03   -0.9990E+03   -0.9990E+03   -0.9990E+03   -0.9990E+03   -0.9990E+03   -0.9990E+03   -0.9990E+03   -0.9990E+03   -0.9990E+03   -0.9990E+03   -0.9990E+03   -0.9990E+03   -0.9990E+03   -0.9990E+03   -0.9990E+03   -0.9990E+03   -0.9990E+03   -0.9990E+03   -0.9990E+03    0.1750E+03    0.1299E+03    0.8910E+02    0.5647E+02    0.5640E+02    0.3057E+02    0.2932E+02    0.2361E+04    0.2365E+04    0.1497E+03    0.2217E+04    0.2319E+04    0.2531E+03    0.1169E+03    0.2570E+03    0.1259E+03    0.7762E+02    0.7953E+02    0.7673E+02    0.8239E+02    0.8188E+02    0.7976E+02    0.8006E+02    0.7882E+02    0.8009E+02    0.7748E+02    0.7601E+02    0.7493E+02    0.7436E+02    0.7530E+02    0.7898E+02    0.8232E+02    0.8622E+02    0.1092E+03   -0.9990E+03   -0.9990E+03   -0.9990E+03   -0.9990E+03   -0.9990E+03   -0.9990E+03   -0.9990E+03   -0.9990E+03   -0.9990E+03   -0.9990E+03   -0.9990E+03   -0.9990E+03   -0.9990E+03   -0.9990E+03   -0.9990E+03
   -0.9990E+03   -0.9990E+03   -0.9990E+03   -0.9990E+03   -0.9990E+03   -0.9990E+03   -0.9990E+03   -0.9990E+03   -0.9990E+03   -0.9990E+03   -0.9990E+03   -0.9990E+03   -0.9990E+03   -0.9990E+03   -0.9990E+03   -0.9990E+03   -0.9990E+03   -0.9990E+03   -0.9990E+03   -0.9990E+03   -0.9990E+03   -0.9990E+03   -0.9990E+03   -0.9990E+03   -0.9990E+03   -0.9990E+03    0.1688E+03    0.2268E+03    0.1916E+03    0.1154E+03    0.4081E+03    0.4254E+03    0.7845E+03    0.1512E+04    0.2368E+04    0.2374E+04    0.2367E+04    0.2357E+04    0.2336E+04    0.1406E+04    0.8891E+01    0.2841E+03    0.1710E+03    0.8022E+02    0.7371E+02    0.7747E+02    0.8353E+02    0.8221E+02    0.8318E+02    0.8038E+02    0.8028E+02    0.7985E+02    0.7877E+02    0.7632E+02    0.7479E+02    0.7363E+02    0.7563E+02    0.7949E+02    0.8244E+02    0.8366E+02    0.7417E+03    0.1415E+04   -0.9990E+03   -0.9990E+03   -0.9990E+03   -0.9990E+03   -0.9990E+03   -0.9990E+03   -0.9990E+03   -0.9990E+03   -0.9990E+03   -0.9990E+03   -0.9990E+03   -0.9990E+03   -0.9990E+03   -0.9990E+03
   -0.9990E+03   -0.9990E+03   -0.9990E+03   -0.9990E+03   -0.9990E+03   -0.9990E+03   -0.9990E+03   -0.9990E+03   -0.9990E+03   -0.9990E+03   -0.9990E+03   -0.9990E+03   -0.9990E+03   -0.9990E+03   -0.9990E+03   -0.9990E+03   -0.9990E+03   -0.9990E+03   -0.9990E+03   -0.9990E+03   -0.9990E+03   -0.9990E+03   -0.9990E+03   -0.9990E+03   -0.9990E+03   -0.9990E+03    0.1129E+03    0.1482E+03    0.2219E+03    0.2757E+03    0.3984E+03    0.6227E+03    0.1401E+04    0.2361E+04    0.1918E+04    0.2361E+04    0.2363E+04    0.2094E+04    0.2288E+04    0.1433E+04    0.8881E+02    0.9307E+02    0.8572E+02    0.7957E+02    0.7672E+02    0.8315E+02    0.8478E+02    0.8424E+02    0.8079E+02    0.8041E+02    0.8033E+02    0.8008E+02    0.7893E+02    0.7653E+02    0.7512E+02    0.7431E+02    0.7643E+02    0.7810E+02    0.8125E+02    0.1082E+03    0.7929E+03    0.1280E+04   -0.9990E+03   -0.9990E+03   -0.9990E+03   -0.9990E+03   -0.9990E+03   -0.9990E+03   -0.9990E+03   -0.9990E+03   -0.9990E+03   -0.9990E+03   -0.9990E+03   -0.9990E+03   -0.9990E+03   -0.9990E+03
   -0.9990E+03   -0.9990E+03   -0.9990E+03   -0.9990E+03   -0.9990E+03   -0.9990E+03   -0.9990E+03   -0.9990E+03   -0.9990E+03   -0.9990E+03   -0.9990E+03   -0.9990E+03   -0.9990E+03   -0.9990E+03   -0.9990E+03   -0.9990E+03   -0.9990E+03   -0.9990E+03   -0.9990E+03   -0.9990E+03   -0.9990E+03   -0.9990E+03   -0.9990E+03   -0.9990E+03    0.1189E+03    0.1364E+03    0.1493E+03    0.1402E+03    0.2115E+03    0.2602E+03    0.3831E+03    0.1029E+04    0.2211E+04    0.2294E+04    0.2360E+04    0.2360E+04    0.2359E+04    0.2359E+04    0.2359E+04    0.2368E+04    0.3148E+03    0.8435E+02    0.8073E+02    0.7970E+02    0.8117E+02    0.8669E+02    0.8309E+02    0.8289E+02    0.8284E+02    0.8104E+02    0.8087E+02    0.8041E+02    0.7785E+02    0.7651E+02    0.7508E+02    0.7506E+02    0.7721E+02    0.7869E+02    0.8033E+02    0.9444E+02    0.1362E+04   -0.9990E+03   -0.9990E+03   -0.9990E+03   -0.9990E+03   -0.9990E+03   -0.9990E+03   -0.9990E+03   -0.9990E+03   -0.9990E+03   -0.9990E+03   -0.9990E+03   -0.9990E+03   -0.9990E+03   -0.9990E+03   -0.9990E+03
   -0.9990E+03   -0.9990E+03   -0.9990E+03   -0.9990E+03   -0.9990E+03   -0.9990E+03   -0.9990E+03   -0.9990E+03   -0.9990E+03   -0.9990E+03   -0.9990E+03   -0.9990E+03   -0.9990E+03   -0.9990E+03   -0.9990E+03   -0.9990E+03   -0.9990E+03   -0.9990E+03   -0.9990E+03   -0.9990E+03   -0.9990E+03   -0.9990E+03   -0.9990E+03   -0.9990E+03   -0.9990E+03    0.1355E+03    0.1748E+03    0.1566E+03    0.1798E+03    0.2460E+03    0.2782E+03    0.1320E+04    0.2269E+04    0.2296E+04    0.2360E+04    0.2359E+04    0.2360E+04    0.2359E+04    0.2359E+04    0.2369E+04    0.3908E+03    0.8957E+02    0.8339E+02    0.8335E+02    0.9196E+02    0.8813E+02    0.8524E+02    0.8378E+02    0.8363E+02    0.8291E+02    0.8090E+02    0.7930E+02    0.7723E+02    0.7653E+02    0.7574E+02    0.7575E+02    0.7524E+02    0.7550E+02    0.8214E+02    0.8597E+02   -0.9990E+03   -0.9990E+03   -0.9990E+03   -0.9990E+03   -0.9990E+03   -0.9990E+03   -0.9990E+03   -0.9990E+03   -0.9990E+03   -0.9990E+03   -0.9990E+03   -0.9990E+03   -0.9990E+03   -0.9990E+03   -0.9990E+03   -0.9990E+03
   -0.9990E+03   -0.9990E+03   -0.9990E+03   -0.9990E+03   -0.9990E+03   -0.9990E+03   -0.9990E+03   -0.9990E+03   -0.9990E+03   -0.9990E+03   -0.9990E+03   -0.9990E+03   -0.9990E+03   -0.9990E+03   -0.9990E+03   -0.9990E+03   -0.9990E+03   -0.9990E+03   -0.9990E+03   -0.9990E+03   -0.9990E+03   -0.9990E+03   -0.9990E+03   -0.9990E+03    0.1524E+03    0.1614E+03    0.1947E+03    0.1861E+03    0.2115E+03    0.2257E+03    0.2895E+03    0.1201E+04    0.2293E+04    0.2294E+04    0.2360E+04    0.2359E+04    0.2359E+04    0.2359E+04    0.2359E+04    0.2369E+04    0.1275E+03    0.9004E+02    0.9028E+02    0.9853E+02    0.8867E+02    0.8898E+02    0.8752E+02    0.8616E+02    0.8716E+02    0.8475E+02    0.8063E+02    0.7872E+02    0.7774E+02    0.7689E+02    0.7637E+02    0.7689E+02    0.7731E+02    0.7817E+02    0.8234E+02   -0.9990E+03   -0.9990E+03   -0.9990E+03   -0.9990E+03   -0.9990E+03   -0.9990E+03   -0.9990E+03   -0.9990E+03   -0.9990E+03   -0.9990E+03   -0.9990E+03   -0.9990E+03   -0.9990E+03   -0.9990E+03   -0.9990E+03   -0.9990E+03   -0.9990E+03
   -0.9990E+03   -0.9990E+03   -0.9990E+03   -0.9990E+03   -0.9990E+03   -0.9990E+03   -0.9990E+03   -0.9990E+03   -0.9990E+03   -0.9990E+03   -0.9990E+03   -0.9990E+03   -0.9990E+03   -0.9990E+03   -0.9990E+03   -0.9990E+03   -0.9990E+03   -0.9990E+03   -0.9990E+03   -0.9990E+03   -0.9990E+03   -0.9990E+03   -0.9990E+03   -0.9990E+03    0.1788E+03    0.1958E+03    0.2069E+03    0.2150E+03    0.2234E+03    0.2293E+03    0.2728E+03    0.4268E+03    0.2298E+04    0.2334E+04    0.2356E+04    0.2359E+04    0.2359E+04    0.2359E+04    0.2359E+04    0.2369E+04    0.9879E+02    0.9148E+02    0.9939E+02    0.1087E+03    0.9229E+02    0.9098E+02    0.8931E+02    0.9049E+02    0.8844E+02    0.8412E+02    0.8042E+02    0.7950E+02    0.7831E+02    0.7728E+02    0.7590E+02    0.7648E+02    0.7710E+02    0.7818E+02    0.7763E+02   -0.9990E+03   -0.9990E+03   -0.9990E+03   -0.9990E+03   -0.9990E+03   -0.9990E+03   -0.9990E+03   -0.9990E+03   -0.9990E+03   -0.9990E+03   -0.9990E+03   -0.9990E+03   -0.9990E+03   -0.9990E+03   -0.9990E+03   -0.9990E+03   -0.9990E+03
   -0.9990E+03   -0.9990E+03   -0.9990E+03   -0.9990E+03   -0.9990E+03   -0.9990E+03   -0.9990E+03   -0.9990E+03   -0.9990E+03   -0.9990E+03   -0.9990E+03   -0.9990E+03   -0.9990E+03   -0.9990E+03   -0.9990E+03   -0.9990E+03   -0.9990E+03   -0.9990E+03   -0.9990E+03   -0.9990E+03   -0.9990E+03   -0.9990E+03   -0.9990E+03   -0.9990E+03    0.2052E+03    0.2262E+03    0.2159E+03    0.2309E+03    0.2419E+03    0.2490E+03    0.2887E+03    0.3284E+03    0.1441E+04    0.2340E+04    0.2359E+04    0.2360E+04    0.2359E+04    0.2359E+04    0.2359E+04    0.2368E+04    0.9657E+02    0.9361E+02    0.1050E+03    0.1014E+03    0.1023E+03    0.9556E+02    0.8801E+02    0.8898E+02    0.8519E+02    0.8269E+02    0.8135E+02    0.7967E+02    0.7907E+02    0.7781E+02    0.7700E+02    0.7499E+02    0.7722E+02    0.7755E+02    0.7963E+02   -0.9990E+03   -0.9990E+03   -0.9990E+03   -0.9990E+03   -0.9990E+03   -0.9990E+03   -0.9990E+03   -0.9990E+03   -0.9990E+03   -0.9990E+03   -0.9990E+03   -0.9990E+03   -0.9990E+03   -0.9990E+03   -0.9990E+03   -0.9990E+03   -0.9990E+03
   -0.9990E+03   -0.9990E+03   -0.9990E+03   -0.9990E+03   -0.9990E+03   -0.9990E+03   -0.9990E+03   -0.9990E+03   -0.9990E+03   -0.9990E+03   -0.9990E+03   -0.9990E+03   -0.9990E+03   -0.9990E+03   -0.9990E+03   -0.9990E+03   -0.9990E+03   -0.9990E+03   -0.9990E+03   -0.9990E+03   -0.9990E+03   -0.9990E+03   -0.9990E+03    0.2150E+03    0.2278E+03    0.2320E+03    0.2445E+03    0.2430E+03    0.2505E+03    0.2523E+03    0.2609E+03    0.2670E+03    0.3253E+03    0.1762E+04    0.2344E+04    0.2311E+04    0.2359E+04    0.2359E+04    0.2368E+04    0.2741E+03    0.9132E+02    0.1466E+03    0.1152E+03    0.1030E+03    0.1035E+03    0.8997E+02    0.8870E+02    0.8529E+02    0.8747E+02    0.8331E+02    0.8285E+02    0.7989E+02    0.7959E+02    0.7544E+02    0.7752E+02    0.7532E+02    0.7765E+02    0.7770E+02    0.7636E+02   -0.9990E+03   -0.9990E+03   -0.9990E+03   -0.9990E+03   -0.9990E+03   -0.9990E+03   -0.9990E+03   -0.9990E+03   -0.9990E+03   -0.9990E+03   -0.9990E+03   -0.9990E+03   -0.9990E+03   -0.9990E+03   -0.9990E+03   -0.9990E+03   -0.9990E+03
   -0.9990E+03   -0.9990E+03   -0.9990E+03   -0.9990E+03   -0.9990E+03   -0.9990E+03   -0.9990E+03   -0.9990E+03   -0.9990E+03   -0.9990E+03   -0.9990E+03   -0.9990E+03   -0.9990E+03   -0.9990E+03   -0.9990E+03   -0.9990E+03   -0.9990E+03   -0.9990E+03   -0.9990E+03   -0.9990E+03   -0.9990E+03   -0.9990E+03   -0.9990E+03    0.2301E+03    0.2459E+03    0.2431E+03    0.2404E+03    0.2592E+03    0.2632E+03    0.2669E+03    0.2708E+03    0.2745E+03    0.3639E+03    0.3021E+03    0.2337E+04    0.2334E+04    0.2360E+04    0.2360E+04    0.2367E+04    0.1065E+03    0.8949E+02    0.1105E+03    0.1228E+03    0.1064E+03    0.1004E+03    0.9410E+02    0.9695E+02    0.8966E+02    0.9004E+02    0.8398E+02    0.8061E+02    0.8319E+02    0.8233E+02    0.7894E+02    0.7665E+02    0.7255E+02    0.7820E+02    0.7150E+02   -0.9990E+03   -0.9990E+03   -0.9990E+03   -0.9990E+03   -0.9990E+03   -0.9990E+03   -0.9990E+03   -0.9990E+03   -0.9990E+03   -0.9990E+03   -0.9990E+03   -0.9990E+03   -0.9990E+03   -0.9990E+03   -0.9990E+03   -0.9990E+03   -0.9990E+03   -0.9990E+03
   -0.9990E+03   -0.9990E+03   -0.9990E+03   -0.9990E+03   -0.9990E+03   -0.9990E+03   -0.9990E+03   -0.9990E+03   -0.9990E+03   -0.9990E+03   -0.9990E+03   -0.9990E+03   -0.9990E+03   -0.9990E+03   -0.9990E+03   -0.9990E+03   -0.9990E+03   -0.9990E+03   -0.9990E+03   -0.9990E+03   -0.9990E+03   -0.9990E+03   -0.9990E+03    0.3191E+03    0.3237E+03    0.3211E+03    0.3208E+03    0.3235E+03    0.3271E+03    0.3247E+03    0.2756E+03    0.3463E+03    0.2940E+03    0.7171E+02    0.7062E+03    0.1664E+04    0.2355E+04    0.2366E+04    0.3554E+03    0.9646E+02    0.8412E+02    0.1838E+03    0.1279E+03    0.1060E+03    0.8784E+02    0.9116E+02    0.9728E+02    0.9592E+02    0.9127E+02    0.8799E+02    0.7874E+02    0.8243E+02    0.8310E+02    0.7650E+02    0.7666E+02    0.7421E+02    0.7420E+02   -0.9990E+03   -0.9990E+03   -0.9990E+03   -0.9990E+03   -0.9990E+03   -0.9990E+03   -0.9990E+03   -0.9990E+03   -0.9990E+03   -0.9990E+03   -0.9990E+03   -0.9990E+03   -0.9990E+03   -0.9990E+03   -0.9990E+03   -0.9990E+03   -0.9990E+03   -0.9990E+03   -0.9990E+03
   -0.9990E+03   -0.9990E+03   -0.9990E+03   -0.9990E+03   -0.9990E+03   -0.9990E+03   -0.9990E+03   -0.9990E+03   -0.9990E+03   -0.9990E+03   -0.9990E+03   -0.9990E+03   -0.9990E+03   -0.9990E+03   -0.9990E+03   -0.9990E+03   -0.9990E+03   -0.9990E+03   -0.9990E+03   -0.9990E+03   -0.9990E+03   -0.9990E+03   -0.9990E+03    0.3354E+03    0.3342E+03    0.3370E+03    0.3376E+03    0.3320E+03    0.9109E+02    0.2173E+03    0.3277E+03    0.2763E+03    0.3488E+03    0.1198E+03    0.7403E+02    0.8063E+02    0.2352E+04    0.1164E+03    0.9684E+02    0.8624E+02    0.8615E+02    0.1374E+03    0.9951E+02    0.8730E+02    0.9710E+02    0.9853E+02    0.9066E+02    0.8656E+02    0.9098E+02    0.9136E+02    0.7844E+02    0.7364E+02    0.7940E+02    0.7752E+02    0.7724E+02    0.7452E+02   -0.9990E+03   -0.9990E+03   -0.9990E+03   -0.9990E+03   -0.9990E+03   -0.9990E+03   -0.9990E+03   -0.9990E+03   -0.9990E+03   -0.9990E+03   -0.9990E+03   -0.9990E+03   -0.9990E+03   -0.9990E+03   -0.9990E+03   -0.9990E+03   -0.9990E+03   -0.9990E+03   -0.9990E+03   -0.9990E+03
   -0.9990E+03   -0.9990E+03   -0.9990E+03   -0.9990E+03   -0.9990E+03   -0.9990E+03   -0.9990E+03   -0.9990E+03   -0.9990E+03   -0.9990E+03   -0.9990E+03   -0.9990E+03   -0.9990E+03   -0.9990E+03   -0.9990E+03   -0.9990E+03   -0.9990E+03   -0.9990E+03   -0.9990E+03   -0.9990E+03   -0.9990E+03   -0.9990E+03   -0.9990E+03    0.3360E+03    0.3348E+03    0.3408E+03    0.3396E+03    0.3328E+03    0.1117E+03    0.3294E+03    0.2760E+03    0.2733E+03    0.2726E+03    0.2157E+03    0.7147E+02    0.7098E+02    0.8225E+02    0.8795E+02    0.9525E+02    0.8175E+02    0.1048E+03    0.1223E+03    0.9929E+02    0.9141E+02    0.9637E+02    0.9446E+02    0.9129E+02    0.8898E+02    0.8334E+02    0.8832E+02    0.8381E+02    0.8490E+02    0.8228E+02    0.8190E+02    0.7766E+02    0.7239E+02   -0.9990E+03   -0.9990E+03   -0.9990E+03   -0.9990E+03   -0.9990E+03   -0.9990E+03   -0.9990E+03   -0.9990E+03   -0.9990E+03   -0.9990E+03   -0.9990E+03   -0.9990E+03   -0.9990E+03   -0.9990E+03   -0.9990E+03   -0.9990E+03   -0.9990E+03   -0.9990E+03   -0.9990E+03   -0.9990E+03
   -0.9990E+03   -0.9990E+03   -0.9990E+03   -0.9990E+03   -0.9990E+03   -0.9990E+03   -0.9990E+03   -0.9990E+03   -0.9990E+03   -0.9990E+03   -0.9990E+03   -0.9990E+03   -0.9990E+03   -0.9990E+03   -0.9990E+03   -0.9990E+03   -0.9990E+03   -0.9990E+03   -0.9990E+03   -0.9990E+03   -0.9990E+03   -0.9990E+03   -0.9990E+03    0.3148E+03    0.2918E+03    0.2898E+03    0.2912E+03    0.3408E+03    0.3337E+03    0.3229E+03    0.2754E+03    0.2719E+03    0.3250E+03    0.6234E+02    0.6202E+02    0.6991E+02    0.6745E+02    0.6677E+02    0.7542E+02    0.7742E+02    0.8383E+02    0.1118E+03    0.1051E+03    0.1007E+03    0.9606E+02    0.9544E+02    0.9524E+02    0.9319E+02    0.9198E+02    0.8736E+02    0.8756E+02    0.8375E+02    0.8431E+02    0.7269E+02   -0.9990E+03   -0.9990E+03   -0.9990E+03   -0.9990E+03   -0.9990E+03   -0.9990E+03   -0.9990E+03   -0.9990E+03   -0.9990E+03   -0.9990E+03   -0.9990E+03   -0.9990E+03   -0.9990E+03   -0.9990E+03   -0.9990E+03   -0.9990E+03   -0.9990E+03   -0.9990E+03   -0.9990E+03   -0.9990E+03   -0.9990E+03   -0.9990E+03
   -0.9990E+03   -0.9990E+03   -0.9990E+03   -0.9990E+03   -0.9990E+03   -0.9990E+03   -0.9990E+03   -0.9990E+03   -0.9990E+03   -0.9990E+03   -0.9990E+03   -0.9990E+03   -0.9990E+03   -0.9990E+03   -0.9990E+03   -0.9990E+03   -0.9990E+03   -0.9990E+03   -0.9990E+03   -0.9990E+03   -0.9990E+03   -0.9990E+03   -0.9990E+03   -0.9990E+03    0.5618E+03    0.3491E+03    0.2901E+03    0.2862E+03    0.3368E+03    0.2702E+03    0.2665E+03    0.2683E+03    0.3004E+03    0.5869E+02    0.5960E+02    0.6349E+02    0.6103E+02    0.6355E+02    0.6662E+02    0.7326E+02    0.7612E+02    0.8433E+02    0.9318E+02    0.9999E+02    0.9215E+02    0.9162E+02    0.9847E+02    0.1015E+03    0.9149E+02    0.8860E+02    0.8759E+02    0.7542E+02    0.7609E+02   -0.9990E+03   -0.9990E+03   -0.9990E+03   -0.9990E+03   -0.9990E+03   -0.9990E+03   -0.9990E+03   -0.9990E+03   -0.9990E+03   -0.9990E+03   -0.9990E+03   -0.9990E+03   -0.9990E+03   -0.9990E+03   -0.9990E+03   -0.9990E+03   -0.9990E+03   -0.9990E+03   -0.9990E+03   -0.9990E+03   -0.9990E+03   -0.9990E+03   -0.9990E+03
   -0.9990E+03   -0.9990E+03   -0.9990E+03   -0.9990E+03   -0.9990E+03   -0.9990E+03   -0.9990E+03   -0.9990E+03   -0.9990E+03   -0.9990E+03   -0.9990E+03   -0.9990E+03   -0.9990E+03   -0.9990E+03   -0.9990E+03   -0.9990E+03   -0.9990E+03   -0.9990E+03   -0.9990E+03   -0.9990E+03   -0.9990E+03   -0.9990E+03   -0.9990E+03   -0.9990E+03    0.2169E+04    0.2169E+04    0.9574E+03    0.5415E+03    0.3285E+03    0.2745E+03    0.2636E+03    0.2620E+03    0.3167E+03    0.5454E+02    0.5593E+02    0.5780E+02    0.5857E+02    0.6457E+02    0.6761E+02    0.7256E+02    0.7854E+02    0.7991E+02    0.9386E+02    0.9124E+02    0.8833E+02    0.9185E+02    0.9684E+02    0.8198E+02    0.7034E+02    0.8064E+02    0.6770E+02   -0.9990E+03   -0.9990E+03   -0.9990E+03   -0.9990E+03   -0.9990E+03   -0.9990E+03   -0.9990E+03   -0.9990E+03   -0.9990E+03   -0.9990E+03   -0.9990E+03   -0.9990E+03   -0.9990E+03   -0.9990E+03   -0.9990E+03   -0.9990E+03   -0.9990E+03   -0.9990E+03   -0.9990E+03   -0.9990E+03   -0.9990E+03   -0.9990E+03   -0.9990E+03   -0.9990E+03   -0.9990E+03
   -0.9990E+03   -0.9990E+03   -0.9990E+03   -0.9990E+03   -0.9990E+03   -0.9990E+03   -0.9990E+03   -0.9990E+03   -0.9990E+03   -0.9990E+03   -0.9990E+03   -0.9990E+03   -0.9990E+03   -0.9990E+03   -0.9990E+03   -0.9990E+03   -0.9990E+03   -0.9990E+03   -0.9990E+03   -0.9990E+03   -0.9990E+03   -0.9990E+03   -0.9990E+03    0.2189E+04    0.2188E+04    0.1726E+04    0.2121E+04    0.2171E+04    0.1953E+04    0.4924E+03    0.3064E+03    0.3325E+03    0.3417E+03    0.5793E+02    0.5186E+02    0.5333E+02    0.5829E+02    0.6152E+02    0.6688E+02    0.7151E+02    0.7430E+02    0.7441E+02    0.7517E+02    0.7392E+02    0.8741E+02    0.9478E+02    0.7244E+02    0.6927E+02    0.7520E+02    0.7604E+02    0.8188E+02    0.7338E+02   -0.9990E+03   -0.9990E+03   -0.9990E+03   -0.9990E+03   -0.9990E+03   -0.9990E+03   -0.9990E+03   -0.9990E+03   -0.9990E+03   -0.9990E+03   -0.9990E+03   -0.9990E+03   -0.9990E+03   -0.9990E+03   -0.9990E+03   -0.9990E+03   -0.9990E+03   -0.9990E+03   -0.9990E+03   -0.9990E+03   -0.9990E+03   -0.9990E+03   -0.9990E+03   -0.9990E+03
   -0.9990E+03   -0.9990E+03   -0.9990E+03   -0.9990E+03   -0.9990E+03   -0.9990E+03   -0.9990E+03   -0.9990E+03   -0.9990E+03   -0.9990E+03   -0.9990E+03   -0.9990E+03   -0.9990E+03   -0.9990E+03   -0.9990E+03   -0.9990E+03   -0.9990E+03   -0.9990E+03   -0.9990E+03   -0.9990E+03   -0.9990E+03   -0.9990E+03   -0.9990E+03    0.1777E+04    0.1797E+04    0.1721E+04    0.1734E+04    0.1759E+04    0.2182E+04    0.2194E+04    0.7583E+03    0.1416E+03    0.6479E+02    0.5633E+02    0.5348E+02    0.4932E+02    0.5288E+02    0.5516E+02    0.5949E+02    0.6288E+02    0.5713E+02    0.6202E+02    0.7620E+02    0.7750E+02    0.8165E+02    0.7888E+02    0.8074E+02    0.8119E+02    0.8811E+02    0.9046E+02    0.9078E+02    0.9066E+02   -0.9990E+03   -0.9990E+03   -0.9990E+03   -0.9990E+03   -0.9990E+03   -0.9990E+03   -0.9990E+03   -0.9990E+03   -0.9990E+03   -0.9990E+03   -0.9990E+03   -0.9990E+03   -0.9990E+03   -0.9990E+03   -0.9990E+03   -0.9990E+03   -0.9990E+03   -0.9990E+03   -0.9990E+03   -0.9990E+03   -0.9990E+03   -0.9990E+03   -0.9990E+03   -0.9990E+03
   -0.9990E+03   -0.9990E+03   -0.9990E+03   -0.9990E+03   -0.9990E+03   -0.9990E+03   -0.9990E+03   -0.9990E+03   -0.9990E+03   -0.9990E+03   -0.9990E+03   -0.9990E+03   -0.9990E+03   -0.9990E+03   -0.9990E+03   -0.9990E+03   -0.9990E+03   -0.9990E+03   -0.9990E+03   -0.9990E+03   -0.9990E+03   -0.9990E+03   -0.9990E+03   -0.9990E+03    0.2176E+04    0.2176E+04    0.1952E+04    0.2178E+04    0.2175E+04    0.2213E+04    0.2235E+04    0.1101E+03    0.2292E+03    0.5556E+02    0.4763E+02    0.4387E+02    0.4802E+02    0.4991E+02    0.5262E+02    0.5293E+02    0.5806E+02    0.5649E+02    0.6728E+02    0.8025E+02    0.6960E+02    0.6440E+02    0.6772E+02    0.7733E+02    0.9157E+02    0.8381E+02    0.1136E+03    0.1082E+03   -0.9990E+03   -0.9990E+03   -0.9990E+03   -0.9990E+03   -0.9990E+03   -0.9990E+03   -0.9990E+03   -0.9990E+03   -0.9990E+03   -0.9990E+03   -0.9990E+03   -0.9990E+03   -0.9990E+03   -0.9990E+03   -0.9990E+03   -0.9990E+03   -0.9990E+03   -0.9990E+03   -0.9990E+03   -0.9990E+03   -0.9990E+03   -0.9990E+03   -0.9990E+03   -0.9990E+03
   -0.9990E+03   -0.9990E+03   -0.9990E+03   -0.9990E+03   -0.9990E+03   -0.9990E+03   -0.9990E+03   -0.9990E+03   -0.9990E+03   -0.9990E+03   -0.9990E+03   -0.9990E+03   -0.9990E+03   -0.9990E+03   -0.9990E+03   -0.9990E+03   -0.9990E+03   -0.9990E+03   -0.9990E+03   -0.9990E+03   -0.9990E+03   -0.9990E+03   -0.9990E+03   -0.9990E+03    0.2211E+04    0.2174E+04    0.2177E+04    0.2179E+04    0.2199E+04    0.2215E+04    0.2245E+04    0.2156E+03    0.9994E+02    0.4681E+02    0.4407E+02    0.3917E+02    0.4253E+02    0.4189E+02    0.4903E+02    0.4768E+02    0.5292E+02    0.6079E+02    0.6804E+02    0.7640E+02    0.6448E+02    0.7240E+02    0.7466E+02    0.8285E+02    0.8626E+02    0.9692E+02    0.1195E+03   -0.9990E+03   -0.9990E+03   -0.9990E+03   -0.9990E+03   -0.9990E+03   -0.9990E+03   -0.9990E+03   -0.9990E+03   -0.9990E+03   -0.9990E+03   -0.9990E+03   -0.9990E+03   -0.9990E+03   -0.9990E+03   -0.9990E+03   -0.9990E+03   -0.9990E+03   -0.9990E+03   -0.9990E+03   -0.9990E+03   -0.9990E+03   -0.9990E+03   -0.9990E+03   -0.9990E+03   -0.9990E+03
   -0.9990E+03   -0.9990E+03   -0.9990E+03   -0.9990E+03   -0.9990E+03   -0.9990E+03   -0.9990E+03   -0.9990E+03   -0.9990E+03   -0.9990E+03   -0.9990E+03   -0.9990E+03   -0.9990E+03   -0.9990E+03   -0.9990E+03   -0.9990E+03   -0.9990E+03   -0.9990E+03   -0.9990E+03   -0.9990E+03   -0.9990E+03   -0.9990E+03   -0.9990E+03   -0.9990E+03    0.2212E+04    0.2212E+04    0.2213E+04    0.2212E+04    0.2214E+04    0.2216E+04    0.2267E+04    0.1221E+04    0.2386E+03    0.3589E+02    0.2854E+02    0.3351E+02    0.3533E+02    0.4278E+02    0.4420E+02    0.5187E+02    0.6227E+02    0.6042E+02    0.6394E+02    0.6955E+02    0.7011E+02    0.6819E+02    0.7163E+02    0.7940E+02    0.7504E+02    0.9312E+02   -0.9990E+03   -0.9990E+03   -0.9990E+03   -0.9990E+03   -0.9990E+03   -0.9990E+03   -0.9990E+03   -0.9990E+03   -0.9990E+03   -0.9990E+03   -0.9990E+03   -0.9990E+03   -0.9990E+03   -0.9990E+03   -0.9990E+03   -0.9990E+03   -0.9990E+03   -0.9990E+03   -0.9990E+03   -0.9990E+03   -0.9990E+03   -0.9990E+03   -0.9990E+03   -0.9990E+03   -0.9990E+03   -0.9990E+03
   -0.9990E+03   -0.9990E+03   -0.9990E+03   -0.9990E+03   -0.9990E+03   -0.9990E+03   -0.9990E+03   -0.9990E+03   -0.9990E+03   -0.9990E+03   -0.9990E+03   -0.9990E+03   -0.9990E+03   -0.9990E+03   -0.9990E+03   -0.9990E+03   -0.9990E+03   -0.9990E+03   -0.9990E+03   -0.9990E+03   -0.9990E+03   -0.9990E+03   -0.9990E+03   -0.9990E+03    0.2212E+04    0.2213E+04    0.2214E+04    0.2215E+04    0.2216E+04    0.2215E+04    0.2284E+04    0.2172E+04    0.1497E+03    0.9180E+02    0.3270E+02    0.2888E+02    0.3382E+02    0.3501E+02    0.3189E+02    0.4946E+02    0.6279E+02    0.6356E+02    0.5501E+02    0.6242E+02    0.7230E+02    0.6666E+02    0.7122E+02    0.7320E+02    0.6909E+02    0.6653E+02   -0.9990E+03   -0.9990E+03   -0.9990E+03   -0.9990E+03   -0.9990E+03   -0.9990E+03   -0.9990E+03   -0.9990E+03   -0.9990E+03   -0.9990E+03   -0.9990E+03   -0.9990E+03   -0.9990E+03   -0.9990E+03   -0.9990E+03   -0.9990E+03   -0.9990E+03   -0.9990E+03   -0.9990E+03   -0.9990E+03   -0.9990E+03   -0.9990E+03   -0.9990E+03   -0.9990E+03   -0.9990E+03   -0.9990E+03
   -0.9990E+03   -0.9990E+03   -0.9990E+03   -0.9990E+03   -0.9990E+03   -0.9990E+03   -0.9990E+03   -0.9990E+03   -0.9990E+03   -0.9990E+03   -0.9990E+03   -0.9990E+03   -0.9990E+03   -0.9990E+03   -0.9990E+03   -0.9990E+03   -0.9990E+03   -0.9990E+03   -0.9990E+03   -0.9990E+03   -0.9990E+03   -0.9990E+03   -0.9990E+03   -0.9990E+03    0.2213E+04    0.2214E+04    0.2215E+04    0.2218E+04    0.2217E+04    0.2217E+04    0.2223E+04    0.2281E+04    0.4962E+02    0.3453E+02    0.2445E+03    0.4424E+02    0.3493E+02    0.3585E+02    0.3841E+02    0.5838E+02    0.6455E+02    0.6614E+02    0.5151E+02    0.5980E+02    0.6589E+02    0.6937E+02    0.6709E+02    0.6710E+02    0.6940E+02    0.6251E+02   -0.9990E+03   -0.9990E+03   -0.9990E+03   -0.9990E+03   -0.9990E+03   -0.9990E+03   -0.9990E+03   -0.9990E+03   -0.9990E+03   -0.9990E+03   -0.9990E+03   -0.9990E+03   -0.9990E+03   -0.9990E+03   -0.9990E+03   -0.9990E+03   -0.9990E+03   -0.9990E+03   -0.9990E+03   -0.9990E+03   -0.9990E+03   -0.9990E+03   -0.9990E+03   -0.9990E+03   -0.9990E+03   -0.9990E+03
   -0.9990E+03   -0.9990E+03   -0.9990E+03   -0.9990E+03   -0.9990E+03   -0.9990E+03   -0.9990E+03   -0.9990E+03   -0.9990E+03   -0.9990E+03   -0.9990E+03   -0.9990E+03   -0.9990E+03   -0.9990E+03   -0.9990E+03   -0.9990E+03   -0.9990E+03   -0.9990E+03   -0.9990E+03   -0.9990E+03   -0.9990E+03   -0.9990E+03   -0.9990E+03    0.2250E+04    0.2222E+04    0.2234E+04    0.2240E+04    0.2244E+04    0.2244E+04    0.2246E+04    0.2138E+04    0.2289E+04    0.3055E+02    0.2817E+02    0.1002E+03    0.3985E+02    0.6184E+02    0.1034E+03    0.1020E+03    0.6502E+02    0.7047E+02    0.6583E+02    0.5033E+02    0.5463E+02    0.5884E+02    0.6900E+02    0.6770E+02    0.6691E+02    0.7181E+02    0.6476E+02   -0.9990E+03   -0.9990E+03   -0.9990E+03   -0.9990E+03   -0.9990E+03   -0.9990E+03   -0.9990E+03   -0.9990E+03   -0.9990E+03   -0.9990E+03   -0.9990E+03   -0.9990E+03   -0.9990E+03   -0.9990E+03   -0.9990E+03   -0.9990E+03   -0.9990E+03   -0.9990E+03   -0.9990E+03   -0.9990E+03   -0.9990E+03   -0.9990E+03   -0.9990E+03   -0.9990E+03   -0.9990E+03   -0.9990E+03
   -0.9990E+03   -0.9990E+03   -0.9990E+03   -0.9990E+03   -0.9990E+03   -0.9990E+03   -0.9990E+03   -0.9990E+03   -0.9990E+03   -0.9990E+03   -0.9990E+03   -0.9990E+03   -0.9990E+03   -0.9990E+03   -0.9990E+03   -0.9990E+03   -0.9990E+03   -0.9990E+03   -0.9990E+03   -0.9990E+03   -0.9990E+03   -0.9990E+03   -0.9990E+03    0.9529E+02    0.2249E+04    0.2245E+04    0.2241E+04    0.2245E+04    0.2250E+04    0.2257E+04    0.2086E+04    0.1198E+04    0.8715E+02    0.7152E+02    0.2194E+03    0.1375E+03    0.5952E+02    0.4187E+03    0.2654E+03    0.7616E+02    0.6322E+02    0.5845E+02    0.5073E+02    0.5559E+02    0.5813E+02    0.6705E+02    0.6522E+02    0.6801E+02    0.6441E+02    0.6051E+02   -0.9990E+03   -0.9990E+03   -0.9990E+03   -0.9990E+03   -0.9990E+03   -0.9990E+03   -0.9990E+03   -0.9990E+03   -0.9990E+03   -0.9990E+03   -0.9990E+03   -0.9990E+03   -0.9990E+03   -0.9990E+03   -0.9990E+03   -0.9990E+03   -0.9990E+03   -0.9990E+03   -0.9990E+03   -0.9990E+03   -0.9990E+03   -0.9990E+03   -0.9990E+03   -0.9990E+03   -0.9990E+03   -0.9990E+03
   -0.9990E+03   -0.9990E+03   -0.9990E+03   -0.9990E+03   -0.9990E+03   -0.9990E+03   -0.9990E+03   -0.9990E+03   -0.9990E+03   -0.9990E+03   -0.9990E+03   -0.9990E+03   -0.9990E+03   -0.9990E+03   -0.9990E+03   -0.9990E+03   -0.9990E+03   -0.9990E+03   -0.9990E+03   -0.9990E+03   -0.9990E+03   -0.9990E+03   -0.9990E+03   -0.9990E+03    0.9219E+02    0.9399E+02    0.1000E+03    0.1987E+03    0.1883E+03    0.1880E+03    0.2473E+03    0.2308E+03    0.2115E+03    0.2308E+03    0.3406E+03    0.4340E+02    0.5352E+02    0.7402E+02    0.2774E+03    0.1180E+03    0.5251E+02    0.5219E+02    0.5210E+02    0.5527E+02    0.5749E+02    0.6011E+02    0.7005E+02    0.6918E+02    0.6433E+02    0.6582E+02    0.6361E+02   -0.9990E+03   -0.9990E+03   -0.9990E+03   -0.9990E+03   -0.9990E+03   -0.9990E+03   -0.9990E+03   -0.9990E+03   -0.9990E+03   -0.9990E+03   -0.9990E+03   -0.9990E+03   -0.9990E+03   -0.9990E+03   -0.9990E+03   -0.9990E+03   -0.9990E+03   -0.9990E+03   -0.9990E+03   -0.9990E+03   -0.9990E+03   -0.9990E+03   -0.9990E+03   -0.9990E+03   -0.9990E+03
   -0.9990E+03   -0.9990E+03   -0.9990E+03   -0.9990E+03   -0.9990E+03   -0.9990E+03   -0.9990E+03   -0.9990E+03   -0.9990E+03   -0.9990E+03   -0.9990E+03   -0.9990E+03   -0.9990E+03   -0.9990E+03   -0.9990E+03   -0.9990E+03   -0.9990E+03   -0.9990E+03   -0.9990E+03   -0.9990E+03   -0.9990E+03   -0.9990E+03   -0.9990E+03   -0.9990E+03   -0.9990E+03    0.2253E+03    0.9322E+03    0.2341E+04    0.2335E+04    0.2348E+04    0.2346E+04    0.2347E+04    0.7969E+03    0.2651E+03    0.2675E+03    0.1468E+03    0.1968E+03    0.8318E+02    0.3196E+03    0.1405E+03    0.4320E+02    0.4790E+02    0.5321E+02    0.5458E+02    0.5743E+02    0.5830E+02    0.6908E+02    0.6590E+02    0.6394E+02    0.7097E+02    0.6225E+02   -0.9990E+03   -0.9990E+03   -0.9990E+03   -0.9990E+03   -0.9990E+03   -0.9990E+03   -0.9990E+03   -0.9990E+03   -0.9990E+03   -0.9990E+03   -0.9990E+03   -0.9990E+03   -0.9990E+03   -0.9990E+03   -0.9990E+03   -0.9990E+03   -0.9990E+03   -0.9990E+03   -0.9990E+03   -0.9990E+03   -0.9990E+03   -0.9990E+03   -0.9990E+03   -0.9990E+03   -0.9990E+03
   -0.9990E+03   -0.9990E+03   -0.9990E+03   -0.9990E+03   -0.9990E+03   -0.9990E+03   -0.9990E+03   -0.9990E+03   -0.9990E+03   -0.9990E+03   -0.9990E+03   -0.9990E+03   -0.9990E+03   -0.9990E+03   -0.9990E+03   -0.9990E+03   -0.9990E+03   -0.9990E+03   -0.9990E+03   -0.9990E+03   -0.9990E+03   -0.9990E+03   -0.9990E+03   -0.9990E+03   -0.9990E+03    0.2333E+04    0.2326E+04    0.2323E+04    0.2332E+04    0.2330E+04    0.2337E+04    0.2335E+04    0.2365E+04    0.4917E+03    0.2582E+03    0.1459E+03    0.5446E+02    0.7446E+02    0.2745E+03    0.1191E+03    0.4504E+02    0.4932E+02    0.5292E+02    0.5469E+02    0.5728E+02    0.5859E+02    0.6948E+02    0.6774E+02    0.6585E+02    0.7027E+02    0.6575E+02    0.6292E+02   -0.9990E+03   -0.9990E+03   -0.9990E+03   -0.9990E+03   -0.9990E+03   -0.9990E+03   -0.9990E+03   -0.9990E+03   -0.9990E+03   -0.9990E+03   -0.9990E+03   -0.9990E+03   -0.9990E+03   -0.9990E+03   -0.9990E+03   -0.9990E+03   -0.9990E+03   -0.9990E+03   -0.9990E+03   -0.9990E+03   -0.9990E+03   -0.9990E+03   -0.9990E+03   -0.9990E+03
   -0.9990E+03   -0.9990E+03   -0.9990E+03   -0.9990E+03   -0.9990E+03   -0.9990E+03   -0.9990E+03   -0.9990E+03   -0.9990E+03   -0.9990E+03   -0.9990E+03   -0.9990E+03   -0.9990E+03   -0.9990E+03   -0.9990E+03   -0.9990E+03   -0.9990E+03   -0.9990E+03   -0.9990E+03   -0.9990E+03   -0.9990E+03   -0.9990E+03   -0.9990E+03   -0.9990E+03    0.2337E+04    0.2313E+04    0.2316E+04    0.2331E+04    0.2332E+04    0.2340E+04    0.2341E+04    0.2340E+04    0.2373E+04    0.1725E+04    0.1068E+02    0.5994E+02    0.7856E+02    0.2479E+03    0.1151E+03    0.4058E+02    0.4792E+02    0.5014E+02    0.5260E+02    0.5476E+02    0.5696E+02    0.5882E+02    0.7001E+02    0.6450E+02    0.6611E+02    0.6310E+02    0.7192E+02    0.6910E+02   -0.9990E+03   -0.9990E+03   -0.9990E+03   -0.9990E+03   -0.9990E+03   -0.9990E+03   -0.9990E+03   -0.9990E+03   -0.9990E+03   -0.9990E+03   -0.9990E+03   -0.9990E+03   -0.9990E+03   -0.9990E+03   -0.9990E+03   -0.9990E+03   -0.9990E+03   -0.9990E+03   -0.9990E+03   -0.9990E+03   -0.9990E+03   -0.9990E+03   -0.9990E+03   -0.9990E+03
   -0.9990E+03   -0.9990E+03   -0.9990E+03   -0.9990E+03   -0.9990E+03   -0.9990E+03   -0.9990E+03   -0.9990E+03   -0.9990E+03   -0.9990E+03   -0.9990E+03   -0.9990E+03   -0.9990E+03   -0.9990E+03   -0.9990E+03   -0.9990E+03   -0.9990E+03   -0.9990E+03   -0.9990E+03   -0.9990E+03   -0.9990E+03   -0.9990E+03   -0.9990E+03   -0.9990E+03    0.2365E+04    0.2371E+04    0.2376E+04    0.2321E+04    0.2326E+04    0.2339E+04    0.2350E+04    0.2348E+04    0.2346E+04    0.2370E+04    0.5931E+02    0.1661E+03    0.3186E+02    0.4522E+02    0.1077E+03    0.4070E+02    0.4611E+02    0.5053E+02    0.5340E+02    0.5436E+02    0.5647E+02    0.5959E+02    0.6949E+02    0.6254E+02    0.6410E+02    0.6471E+02    0.7104E+02    0.6769E+02   -0.9990E+03   -0.9990E+03   -0.9990E+03   -0.9990E+03   -0.9990E+03   -0.9990E+03   -0.9990E+03   -0.9990E+03   -0.9990E+03   -0.9990E+03   -0.9990E+03   -0.9990E+03   -0.9990E+03   -0.9990E+03   -0.9990E+03   -0.9990E+03   -0.9990E+03   -0.9990E+03   -0.9990E+03   -0.9990E+03   -0.9990E+03   -0.9990E+03   -0.9990E+03   -0.9990E+03
   -0.9990E+03   -0.9990E+03   -0.9990E+03   -0.9990E+03   -0.9990E+03   -0.9990E+03   -0.9990E+03   -0.9990E+03   -0.9990E+03   -0.9990E+03   -0.9990E+03   -0.9990E+03   -0.9990E+03   -0.9990E+03   -0.9990E+03   -0.9990E+03   -0.9990E+03   -0.9990E+03   -0.9990E+03   -0.9990E+03   -0.9990E+03   -0.9990E+03   -0.9990E+03   -0.9990E+03    0.1580E+04    0.1803E+04    0.2377E+04    0.2379E+04    0.2386E+04    0.2347E+04    0.2353E+04    0.2356E+04    0.2361E+04    0.2378E+04    0.4692E+02    0.5231E+02    0.3608E+02    0.4556E+02    0.3828E+02    0.4343E+02    0.4672E+02    0.5090E+02    0.5429E+02    0.5425E+02    0.5601E+02    0.6464E+02    0.6549E+02    0.6239E+02    0.6840E+02    0.6660E+02    0.6364E+02   -0.9990E+03   -0.9990E+03   -0.9990E+03   -0.9990E+03   -0.9990E+03   -0.9990E+03   -0.9990E+03   -0.9990E+03   -0.9990E+03   -0.9990E+03   -0.9990E+03   -0.9990E+03   -0.9990E+03   -0.9990E+03   -0.9990E+03   -0.9990E+03   -0.9990E+03   -0.9990E+03   -0.9990E+03   -0.9990E+03   -0.9990E+03   -0.9990E+03   -0.9990E+03   -0.9990E+03   -0.9990E+03
   -0.9990E+03   -0.9990E+03   -0.9990E+03   -0.9990E+03   -0.9990E+03   -0.9990E+03   -0.9990E+03   -0.9990E+03   -0.9990E+03   -0.9990E+03   -0.9990E+03   -0.9990E+03   -0.9990E+03   -0.9990E+03   -0.9990E+03   -0.9990E+03   -0.9990E+03   -0.9990E+03   -0.9990E+03   -0.9990E+03   -0.9990E+03   -0.9990E+03   -0.9990E+03   -0.9990E+03    0.1192E+04    0.1222E+04    0.1369E+04    0.1690E+04    0.2386E+04    0.2401E+04    0.2409E+04    0.2356E+04    0.2367E+04    0.2333E+04    0.4251E+02    0.2986E+02    0.4408E+02    0.4461E+02    0.3955E+02    0.4475E+02    0.4745E+02    0.5061E+02    0.5585E+02    0.5347E+02    0.5503E+02    0.7021E+02    0.5749E+02    0.6572E+02    0.6987E+02    0.6775E+02    0.6622E+02    0.6773E+02   -0.9990E+03   -0.9990E+03   -0.9990E+03   -0.9990E+03   -0.9990E+03   -0.9990E+03   -0.9990E+03   -0.9990E+03   -0.9990E+03   -0.9990E+03   -0.9990E+03   -0.9990E+03   -0.9990E+03   -0.9990E+03   -0.9990E+03   -0.9990E+03   -0.9990E+03   -0.9990E+03   -0.9990E+03   -0.9990E+03   -0.9990E+03   -0.9990E+03   -0.9990E+03   -0.9990E+03
   -0.9990E+03   -0.9990E+03   -0.9990E+03   -0.9990E+03   -0.9990E+03   -0.9990E+03   -0.9990E+03   -0.9990E+03   -0.9990E+03   -0.9990E+03   -0.9990E+03   -0.9990E+03   -0.9990E+03   -0.9990E+03   -0.9990E+03   -0.9990E+03   -0.9990E+03   -0.9990E+03   -0.9990E+03   -0.9990E+03   -0.9990E+03   -0.9990E+03   -0.9990E+03   -0.9990E+03   -0.9990E+03    0.1267E+04    0.1437E+04    0.1469E+04    0.1556E+04    0.2357E+04    0.2424E+04    0.2401E+04    0.2374E+04    0.4874E+02    0.4472E+02    0.4556E+02    0.4297E+02    0.3842E+02    0.4198E+02    0.4748E+02    0.4820E+02    0.5518E+02    0.5122E+02    0.5247E+02    0.6073E+02    0.6765E+02    0.5548E+02    0.6274E+02    0.6843E+02    0.6704E+02    0.6648E+02   -0.9990E+03   -0.9990E+03   -0.9990E+03   -0.9990E+03   -0.9990E+03   -0.9990E+03   -0.9990E+03   -0.9990E+03   -0.9990E+03   -0.9990E+03   -0.9990E+03   -0.9990E+03   -0.9990E+03   -0.9990E+03   -0.9990E+03   -0.9990E+03   -0.9990E+03   -0.9990E+03   -0.9990E+03   -0.9990E+03   -0.9990E+03   -0.9990E+03   -0.9990E+03   -0.9990E+03   -0.9990E+03
   -0.9990E+03   -0.9990E+03   -0.9990E+03   -0.9990E+03   -0.9990E+03   -0.9990E+03   -0.9990E+03   -0.9990E+03   -0.9990E+03   -0.9990E+03   -0.9990E+03   -0.9990E+03   -0.9990E+03   -0.9990E+03   -0.9990E+03   -0.9990E+03   -0.9990E+03   -0.9990E+03   -0.9990E+03   -0.9990E+03   -0.9990E+03   -0.9990E+03   -0.9990E+03   -0.9990E+03   -0.9990E+03    0.1227E+04    0.1394E+04    0.1547E+04    0.1640E+04    0.1818E+04    0.2355E+04    0.6562E+03    0.8966E+02    0.4670E+02    0.5284E+02    0.4172E+02    0.4027E+02    0.3764E+02    0.4636E+02    0.1297E+03    0.1244E+03    0.6126E+02    0.4711E+02    0.5318E+02    0.6717E+02    0.5569E+02    0.5818E+02    0.6818E+02    0.6620E+02    0.6351E+02   -0.9990E+03   -0.9990E+03   -0.9990E+03   -0.9990E+03   -0.9990E+03   -0.9990E+03   -0.9990E+03   -0.9990E+03   -0.9990E+03   -0.9990E+03   -0.9990E+03   -0.9990E+03   -0.9990E+03   -0.9990E+03   -0.9990E+03   -0.9990E+03   -0.9990E+03   -0.9990E+03   -0.9990E+03   -0.9990E+03   -0.9990E+03   -0.9990E+03   -0.9990E+03   -0.9990E+03   -0.9990E+03   -0.9990E+03
   -0.9990E+03   -0.9990E+03   -0.9990E+03   -0.9990E+03   -0.9990E+03   -0.9990E+03   -0.9990E+03   -0.9990E+03   -0.9990E+03   -0.9990E+03   -0.9990E+03   -0.9990E+03   -0.9990E+03   -0.9990E+03   -0.9990E+03   -0.9990E+03   -0.9990E+03   -0.9990E+03   -0.9990E+03   -0.9990E+03   -0.9990E+03   -0.9990E+03   -0.9990E+03   -0.9990E+03   -0.9990E+03    0.1268E+04    0.1511E+04    0.1543E+04    0.1639E+04    0.1790E+04    0.1939E+04    0.1305E+03    0.6091E+02    0.4669E+02    0.4795E+02    0.3990E+02    0.3997E+02    0.3717E+02    0.5906E+02    0.2009E+03    0.1907E+03    0.7192E+02    0.5165E+02    0.6296E+02    0.5937E+02    0.5359E+02    0.6948E+02    0.5897E+02    0.5822E+02   -0.9990E+03   -0.9990E+03   -0.9990E+03   -0.9990E+03   -0.9990E+03   -0.9990E+03   -0.9990E+03   -0.9990E+03   -0.9990E+03   -0.9990E+03   -0.9990E+03   -0.9990E+03   -0.9990E+03   -0.9990E+03   -0.9990E+03   -0.9990E+03   -0.9990E+03   -0.9990E+03   -0.9990E+03   -0.9990E+03   -0.9990E+03   -0.9990E+03   -0.9990E+03   -0.9990E+03   -0.9990E+03   -0.9990E+03   -0.9990E+03
   -0.9990E+03   -0.9990E+03   -0.9990E+03   -0.9990E+03   -0.9990E+03   -0.9990E+03   -0.9990E+03   -0.9990E+03   -0.9990E+03   -0.9990E+03   -0.9990E+03   -0.9990E+03   -0.9990E+03   -0.9990E+03   -0.9990E+03   -0.9990E+03   -0.9990E+03   -0.9990E+03   -0.9990E+03   -0.9990E+03   -0.9990E+03   -0.9990E+03   -0.9990E+03   -0.9990E+03   -0.9990E+03   -0.9990E+03    0.1377E+04    0.1646E+04    0.1669E+04    0.1751E+04    0.1824E+04    0.1391E+03    0.5116E+02    0.4838E+02    0.4710E+02    0.4192E+02    0.4039E+02    0.4917E+02    0.5864E+02    0.6191E+02    0.6014E+02    0.5878E+02    0.6329E+02    0.6139E+02    0.6035E+02    0.6282E+02    0.6279E+02    0.5788E+02   -0.9990E+03   -0.9990E+03   -0.9990E+03   -0.9990E+03   -0.9990E+03   -0.9990E+03   -0.9990E+03   -0.9990E+03   -0.9990E+03   -0.9990E+03   -0.9990E+03   -0.9990E+03   -0.9990E+03   -0.9990E+03   -0.9990E+03   -0.9990E+03   -0.9990E+03   -0.9990E+03   -0.9990E+03   -0.9990E+03   -0.9990E+03   -0.9990E+03   -0.9990E+03   -0.9990E+03   -0.9990E+03   -0.9990E+03   -0.9990E+03   -0.9990E+03
   -0.9990E+03   -0.9990E+03   -0.9990E+03   -0.9990E+03   -0.9990E+03   -0.9990E+03   -0.9990E+03   -0.9990E+03   -0.9990E+03   -0.9990E+03   -0.9990E+03   -0.9990E+03   -0.9990E+03   -0.9990E+03   -0.9990E+03   -0.9990E+03   -0.9990E+03   -0.9990E+03   -0.9990E+03   -0.9990E+03   -0.9990E+03   -0.9990E+03   -0.9990E+03   -0.9990E+03   -0.9990E+03    0.9674E+03    0.1652E+04    0.1819E+04    0.2368E+04    0.2403E+04    0.2246E+04    0.4341E+02    0.5011E+02    0.5214E+02    0.4784E+02    0.4276E+02    0.4946E+02    0.5804E+02    0.4564E+02    0.4730E+02    0.5006E+02    0.6220E+02    0.4813E+02    0.6469E+02    0.5751E+02    0.5245E+02    0.5467E+02    0.5977E+02   -0.9990E+03   -0.9990E+03   -0.9990E+03   -0.9990E+03   -0.9990E+03   -0.9990E+03   -0.9990E+03   -0.9990E+03   -0.9990E+03   -0.9990E+03   -0.9990E+03   -0.9990E+03   -0.9990E+03   -0.9990E+03   -0.9990E+03   -0.9990E+03   -0.9990E+03   -0.9990E+03   -0.9990E+03   -0.9990E+03   -0.9990E+03   -0.9990E+03   -0.9990E+03   -0.9990E+03   -0.9990E+03   -0.9990E+03   -0.9990E+03   -0.9990E+03
   -0.9990E+03   -0.9990E+03   -0.9990E+03   -0.9990E+03   -0.9990E+03   -0.9990E+03   -0.9990E+03   -0.9990E+03   -0.9990E+03   -0.9990E+03   -0.9990E+03   -0.9990E+03   -0.9990E+03   -0.9990E+03   -0.9990E+03   -0.9990E+03   -0.9990E+03   -0.9990E+03   -0.9990E+03   -0.9990E+03   -0.9990E+03   -0.9990E+03   -0.9990E+03   -0.9990E+03   -0.9990E+03    0.9299E+03    0.1223E+04    0.1980E+04    0.2001E+04    0.1916E+04    0.2338E+03    0.5032E+02    0.5623E+02    0.5635E+02    0.4466E+02    0.4578E+02    0.5666E+02    0.4432E+02    0.5290E+02    0.4785E+02    0.4522E+02    0.6138E+02    0.4607E+02    0.4996E+02    0.5466E+02    0.5311E+02    0.5158E+02   -0.9990E+03   -0.9990E+03   -0.9990E+03   -0.9990E+03   -0.9990E+03   -0.9990E+03   -0.9990E+03   -0.9990E+03   -0.9990E+03   -0.9990E+03   -0.9990E+03   -0.9990E+03   -0.9990E+03   -0.9990E+03   -0.9990E+03   -0.9990E+03   -0.9990E+03   -0.9990E+03   -0.9990E+03   -0.9990E+03   -0.9990E+03   -0.9990E+03   -0.9990E+03   -0.9990E+03   -0.9990E+03   -0.9990E+03   -0.9990E+03   -0.9990E+03   -0.9990E+03
   -0.9990E+03   -0.9990E+03   -0.9990E+03   -0.9990E+03   -0.9990E+03   -0.9990E+03   -0.9990E+03   -0.9990E+03   -0.9990E+03   -0.9990E+03   -0.9990E+03   -0.9990E+03   -0.9990E+03   -0.9990E+03   -0.9990E+03   -0.9990E+03   -0.9990E+03   -0.9990E+03   -0.9990E+03   -0.9990E+03   -0.9990E+03   -0.9990E+03   -0.9990E+03   -0.9990E+03   -0.9990E+03    0.9533E+03    0.1045E+04    0.1153E+04    0.1557E+04    0.2240E+04    0.5941E+02    0.6457E+02    0.5729E+02    0.5791E+02    0.4959E+02    0.5958E+02    0.5219E+02    0.3325E+02    0.4673E+02    0.4661E+02    0.4843E+02    0.5599E+02    0.5799E+02    0.5055E+02    0.5272E+02    0.5583E+02    0.5542E+02   -0.9990E+03   -0.9990E+03   -0.9990E+03   -0.9990E+03   -0.9990E+03   -0.9990E+03   -0.9990E+03   -0.9990E+03   -0.9990E+03   -0.9990E+03   -0.9990E+03   -0.9990E+03   -0.9990E+03   -0.9990E+03   -0.9990E+03   -0.9990E+03   -0.9990E+03   -0.9990E+03   -0.9990E+03   -0.9990E+03   -0.9990E+03   -0.9990E+03   -0.9990E+03   -0.9990E+03   -0.9990E+03   -0.9990E+03   -0.9990E+03   -0.9990E+03   -0.9990E+03
   -0.9990E+03   -0.9990E+03   -0.9990E+03   -0.9990E+03   -0.9990E+03   -0.9990E+03   -0.9990E+03   -0.9990E+03   -0.9990E+03   -0.9990E+03   -0.9990E+03   -0.9990E+03   -0.9990E+03   -0.9990E+03   -0.9990E+03   -0.9990E+03   -0.9990E+03   -0.9990E+03   -0.9990E+03   -0.9990E+03   -0.9990E+03   -0.9990E+03   -0.9990E+03   -0.9990E+03   -0.9990E+03   -0.9990E+03    0.1039E+04    0.1149E+04    0.1079E+04    0.1881E+04    0.5829E+02    0.5791E+02    0.5401E+02    0.6211E+02    0.5244E+02    0.6192E+02    0.6735E+02    0.6090E+02    0.5759E+02    0.5528E+02    0.5321E+02    0.4890E+02    0.5571E+02    0.5668E+02    0.5210E+02    0.5373E+02    0.5734E+02    0.5564E+02   -0.9990E+03   -0.9990E+03   -0.9990E+03   -0.9990E+03   -0.9990E+03   -0.9990E+03   -0.9990E+03   -0.9990E+03   -0.9990E+03   -0.9990E+03   -0.9990E+03   -0.9990E+03   -0.9990E+03   -0.9990E+03   -0.9990E+03   -0.9990E+03   -0.9990E+03   -0.9990E+03   -0.9990E+03   -0.9990E+03   -0.9990E+03   -0.9990E+03   -0.9990E+03   -0.9990E+03   -0.9990E+03   -0.9990E+03   -0.9990E+03   -0.9990E+03
   -0.9990E+03   -0.9990E+03   -0.9990E+03   -0.9990E+03   -0.9990E+03   -0.9990E+03   -0.9990E+03   -0.9990E+03   -0.9990E+03   -0.9990E+03   -0.9990E+03   -0.9990E+03   -0.9990E+03   -0.9990E+03   -0.9990E+03   -0.9990E+03   -0.9990E+03   -0.9990E+03   -0.9990E+03   -0.9990E+03   -0.9990E+03   -0.9990E+03   -0.9990E+03   -0.9990E+03   -0.9990E+03   -0.9990E+03    0.9204E+03    0.1046E+04    0.1204E+04    0.5691E+03    0.9782E+03    0.6356E+02    0.6408E+02    0.6617E+02    0.5087E+02    0.6643E+02    0.6138E+02    0.5799E+02    0.5912E+02    0.6299E+02    0.6640E+02    0.6684E+02    0.5723E+02    0.6465E+02    0.5423E+02    0.5583E+02    0.5802E+02    0.5531E+02   -0.9990E+03   -0.9990E+03   -0.9990E+03   -0.9990E+03   -0.9990E+03   -0.9990E+03   -0.9990E+03   -0.9990E+03   -0.9990E+03   -0.9990E+03   -0.9990E+03   -0.9990E+03   -0.9990E+03   -0.9990E+03   -0.9990E+03   -0.9990E+03   -0.9990E+03   -0.9990E+03   -0.9990E+03   -0.9990E+03   -0.9990E+03   -0.9990E+03   -0.9990E+03   -0.9990E+03   -0.9990E+03   -0.9990E+03   -0.9990E+03   -0.9990E+03
   -0.9990E+03   -0.9990E+03   -0.9990E+03   -0.9990E+03   -0.9990E+03   -0.9990E+03   -0.9990E+03   -0.9990E+03   -0.9990E+03   -0.9990E+03   -0.9990E+03   -0.9990E+03   -0.9990E+03   -0.9990E+03   -0.9990E+03   -0.9990E+03   -0.9990E+03   -0.9990E+03   -0.9990E+03   -0.9990E+03   -0.9990E+03   -0.9990E+03   -0.9990E+03   -0.9990E+03   -0.9990E+03   -0.9990E+03    0.1016E+04    0.1149E+04    0.1033E+04    0.4912E+03    0.5708E+03    0.4619E+03    0.7162E+02    0.7172E+02    0.7538E+02    0.6019E+02    0.6583E+02    0.6341E+02    0.7192E+02    0.7059E+02    0.6398E+02    0.6535E+02    0.4378E+02    0.4766E+02    0.3533E+02    0.4491E+02    0.4755E+02   -0.9990E+03   -0.9990E+03   -0.9990E+03   -0.9990E+03   -0.9990E+03   -0.9990E+03   -0.9990E+03   -0.9990E+03   -0.9990E+03   -0.9990E+03   -0.9990E+03   -0.9990E+03   -0.9990E+03   -0.9990E+03   -0.9990E+03   -0.9990E+03   -0.9990E+03   -0.9990E+03   -0.9990E+03   -0.9990E+03   -0.9990E+03   -0.9990E+03   -0.9990E+03   -0.9990E+03   -0.9990E+03   -0.9990E+03   -0.9990E+03   -0.9990E+03   -0.9990E+03
   -0.9990E+03   -0.9990E+03   -0.9990E+03   -0.9990E+03   -0.9990E+03   -0.9990E+03   -0.9990E+03   -0.9990E+03   -0.9990E+03   -0.9990E+03   -0.9990E+03   -0.9990E+03   -0.9990E+03   -0.9990E+03   -0.9990E+03   -0.9990E+03   -0.9990E+03   -0.9990E+03   -0.9990E+03   -0.9990E+03   -0.9990E+03   -0.9990E+03   -0.9990E+03   -0.9990E+03   -0.9990E+03   -0.9990E+03    0.9968E+03    0.1099E+04    0.1142E+04    0.5239E+03    0.6367E+03    0.5959E+03    0.8088E+02    0.7929E+02    0.8295E+02    0.6784E+02    0.7202E+02    0.6983E+02    0.7761E+02    0.7088E+02    0.5483E+02    0.4994E+02   -0.9990E+03   -0.9990E+03   -0.9990E+03   -0.9990E+03   -0.9990E+03   -0.9990E+03   -0.9990E+03   -0.9990E+03   -0.9990E+03   -0.9990E+03   -0.9990E+03   -0.9990E+03   -0.9990E+03   -0.9990E+03   -0.9990E+03   -0.9990E+03   -0.9990E+03   -0.9990E+03   -0.9990E+03   -0.9990E+03   -0.9990E+03   -0.9990E+03   -0.9990E+03   -0.9990E+03   -0.9990E+03   -0.9990E+03   -0.9990E+03   -0.9990E+03   -0.9990E+03   -0.9990E+03   -0.9990E+03   -0.9990E+03   -0.9990E+03   -0.9990E+03
   -0.9990E+03   -0.9990E+03   -0.9990E+03   -0.9990E+03   -0.9990E+03   -0.9990E+03   -0.9990E+03   -0.9990E+03   -0.9990E+03   -0.9990E+03   -0.9990E+03   -0.9990E+03   -0.9990E+03   -0.9990E+03   -0.9990E+03   -0.9990E+03   -0.9990E+03   -0.9990E+03   -0.9990E+03   -0.9990E+03   -0.9990E+03   -0.9990E+03   -0.9990E+03   -0.9990E+03   -0.9990E+03    0.9555E+03    0.9878E+03    0.1011E+04    0.1174E+04    0.7858E+03    0.6224E+03    0.3719E+03    0.8258E+02    0.8767E+02    0.6818E+02    0.8787E+02    0.8219E+02    0.8063E+02    0.8301E+02    0.6447E+02    0.5829E+02   -0.9990E+03   -0.9990E+03   -0.9990E+03   -0.9990E+03   -0.9990E+03   -0.9990E+03   -0.9990E+03   -0.9990E+03   -0.9990E+03   -0.9990E+03   -0.9990E+03   -0.9990E+03   -0.9990E+03   -0.9990E+03   -0.9990E+03   -0.9990E+03   -0.9990E+03   -0.9990E+03   -0.9990E+03   -0.9990E+03   -0.9990E+03   -0.9990E+03   -0.9990E+03   -0.9990E+03   -0.9990E+03   -0.9990E+03   -0.9990E+03   -0.9990E+03   -0.9990E+03   -0.9990E+03   -0.9990E+03   -0.9990E+03   -0.9990E+03   -0.9990E+03   -0.9990E+03
   -0.9990E+03   -0.9990E+03   -0.9990E+03   -0.9990E+03   -0.9990E+03   -0.9990E+03   -0.9990E+03   -0.9990E+03   -0.9990E+03   -0.9990E+03   -0.9990E+03   -0.9990E+03   -0.9990E+03   -0.9990E+03   -0.9990E+03   -0.9990E+03   -0.9990E+03   -0.9990E+03   -0.9990E+03   -0.9990E+03   -0.9990E+03   -0.9990E+03   -0.9990E+03   -0.9990E+03    0.1001E+04    0.9809E+03    0.9460E+03    0.1109E+04    0.1128E+04    0.1236E+04    0.6078E+03    0.1012E+03    0.1104E+03    0.9620E+02    0.9485E+02    0.9473E+02    0.1017E+03    0.9064E+02    0.7571E+02    0.8710E+02    0.7424E+02   -0.9990E+03   -0.9990E+03   -0.9990E+03   -0.9990E+03   -0.9990E+03   -0.9990E+03   -0.9990E+03   -0.9990E+03   -0.9990E+03   -0.9990E+03   -0.9990E+03   -0.9990E+03   -0.9990E+03   -0.9990E+03   -0.9990E+03   -0.9990E+03   -0.9990E+03   -0.9990E+03   -0.9990E+03   -0.9990E+03   -0.9990E+03   -0.9990E+03   -0.9990E+03   -0.9990E+03   -0.9990E+03   -0.9990E+03   -0.9990E+03   -0.9990E+03   -0.9990E+03   -0.9990E+03   -0.9990E+03   -0.9990E+03   -0.9990E+03   -0.9990E+03   -0.9990E+03
   -0.9990E+03   -0.9990E+03   -0.9990E+03   -0.9990E+03   -0.9990E+03   -0.9990E+03   -0.9990E+03   -0.9990E+03   -0.9990E+03   -0.9990E+03   -0.9990E+03   -0.9990E+03   -0.9990E+03   -0.9990E+03   -0.9990E+03   -0.9990E+03   -0.9990E+03   -0.9990E+03   -0.9990E+03   -0.9990E+03   -0.9990E+03   -0.9990E+03   -0.9990E+03   -0.9990E+03    0.9738E+03    0.1026E+04    0.1026E+04    0.1024E+04    0.1165E+04    0.9510E+03    0.4380E+03    0.2099E+03    0.1343E+03    0.1066E+03    0.9149E+02    0.1093E+03    0.1013E+03    0.8047E+02    0.9992E+02    0.9615E+02    0.8792E+02   -0.9990E+03   -0.9990E+03   -0.9990E+03   -0.9990E+03   -0.9990E+03   -0.9990E+03   -0.9990E+03   -0.9990E+03   -0.9990E+03   -0.9990E+03   -0.9990E+03   -0.9990E+03   -0.9990E+03   -0.9990E+03   -0.9990E+03   -0.9990E+03   -0.9990E+03   -0.9990E+03   -0.9990E+03   -0.9990E+03   -0.9990E+03   -0.9990E+03   -0.9990E+03   -0.9990E+03   -0.9990E+03   -0.9990E+03   -0.9990E+03   -0.9990E+03   -0.9990E+03   -0.9990E+03   -0.9990E+03   -0.9990E+03   -0.9990E+03   -0.9990E+03   -0.9990E+03
   -0.9990E+03   -0.9990E+03   -0.9990E+03   -0.9990E+03   -0.9990E+03   -0.9990E+03   -0.9990E+03   -0.9990E+03   -0.9990E+03   -0.9990E+03   -0.9990E+03   -0.9990E+03   -0.9990E+03   -0.9990E+03   -0.9990E+03   -0.9990E+03   -0.9990E+03   -0.9990E+03   -0.9990E+03   -0.9990E+03   -0.9990E+03   -0.9990E+03   -0.9990E+03   -0.9990E+03    0.9142E+03    0.9617E+03    0.1030E+04    0.9905E+03    0.1252E+04    0.9956E+03    0.1682E+03    0.1955E+03    0.2181E+03    0.9186E+02    0.9556E+02    0.1138E+03    0.1174E+03    0.1039E+03    0.1094E+03    0.9733E+02    0.8924E+02   -0.9990E+03   -0.9990E+03   -0.9990E+03   -0.9990E+03   -0.9990E+03   -0.9990E+03   -0.9990E+03   -0.9990E+03   -0.9990E+03   -0.9990E+03   -0.9990E+03   -0.9990E+03   -0.9990E+03   -0.9990E+03   -0.9990E+03   -0.9990E+03   -0.9990E+03   -0.9990E+03   -0.9990E+03   -0.9990E+03   -0.9990E+03   -0.9990E+03   -0.9990E+03   -0.9990E+03   -0.9990E+03   -0.9990E+03   -0.9990E+03   -0.9990E+03   -0.9990E+03   -0.9990E+03   -0.9990E+03   -0.9990E+03   -0.9990E+03   -0.9990E+03   -0.9990E+03
   -0.9990E+03   -0.9990E+03   -0.9990E+03   -0.9990E+03   -0.9990E+03   -0.9990E+03   -0.9990E+03   -0.9990E+03   -0.9990E+03   -0.9990E+03   -0.9990E+03   -0.9990E+03   -0.9990E+03   -0.9990E+03   -0.9990E+03   -0.9990E+03   -0.9990E+03   -0.9990E+03   -0.9990E+03   -0.9990E+03   -0.9990E+03   -0.9990E+03   -0.9990E+03   -0.9990E+03    0.1450E+04    0.9221E+03    0.9365E+03    0.1278E+04    0.5512E+03    0.1316E+03    0.2516E+03    0.2820E+03    0.2214E+03    0.9902E+02    0.1147E+03    0.1241E+03    0.1153E+03    0.1255E+03    0.1100E+03    0.1083E+03   -0.9990E+03   -0.9990E+03   -0.9990E+03   -0.9990E+03   -0.9990E+03   -0.9990E+03   -0.9990E+03   -0.9990E+03   -0.9990E+03   -0.9990E+03   -0.9990E+03   -0.9990E+03   -0.9990E+03   -0.9990E+03   -0.9990E+03   -0.9990E+03   -0.9990E+03   -0.9990E+03   -0.9990E+03   -0.9990E+03   -0.9990E+03   -0.9990E+03   -0.9990E+03   -0.9990E+03   -0.9990E+03   -0.9990E+03   -0.9990E+03   -0.9990E+03   -0.9990E+03   -0.9990E+03   -0.9990E+03   -0.9990E+03   -0.9990E+03   -0.9990E+03   -0.9990E+03   -0.9990E+03
   -0.9990E+03   -0.9990E+03   -0.9990E+03   -0.9990E+03   -0.9990E+03   -0.9990E+03   -0.9990E+03   -0.9990E+03   -0.9990E+03   -0.9990E+03   -0.9990E+03   -0.9990E+03   -0.9990E+03   -0.9990E+03   -0.9990E+03   -0.9990E+03   -0.9990E+03   -0.9990E+03   -0.9990E+03   -0.9990E+03   -0.9990E+03   -0.9990E+03   -0.9990E+03   -0.9990E+03    0.1528E+04    0.1608E+04    0.9184E+03    0.1131E+04    0.7005E+03    0.2295E+03    0.8804E+03    0.3323E+03    0.1644E+03    0.1236E+03    0.1235E+03    0.1454E+03    0.1355E+03    0.1357E+03    0.1245E+03    0.1096E+03   -0.9990E+03   -0.9990E+03   -0.9990E+03   -0.9990E+03   -0.9990E+03   -0.9990E+03   -0.9990E+03   -0.9990E+03   -0.9990E+03   -0.9990E+03   -0.9990E+03   -0.9990E+03   -0.9990E+03   -0.9990E+03   -0.9990E+03   -0.9990E+03   -0.9990E+03   -0.9990E+03   -0.9990E+03   -0.9990E+03   -0.9990E+03   -0.9990E+03   -0.9990E+03   -0.9990E+03   -0.9990E+03   -0.9990E+03   -0.9990E+03   -0.9990E+03   -0.9990E+03   -0.9990E+03   -0.9990E+03   -0.9990E+03   -0.9990E+03   -0.9990E+03   -0.9990E+03   -0.9990E+03
   -0.9990E+03   -0.9990E+03   -0.9990E+03   -0.9990E+03   -0.9990E+03   -0.9990E+03   -0.9990E+03   -0.9990E+03   -0.9990E+03   -0.9990E+03   -0.9990E+03   -0.9990E+03   -0.9990E+03   -0.9990E+03   -0.9990E+03   -0.9990E+03   -0.9990E+03   -0.9990E+03   -0.9990E+03   -0.9990E+03   -0.9990E+03   -0.9990E+03   -0.9990E+03   -0.9990E+03   -0.9990E+03   -0.9990E+03    0.1067E+04    0.8407E+03    0.1073E+04    0.1378E+03    0.1060E+04    0.4654E+03    0.2938E+03    0.1425E+03    0.1536E+03    0.1442E+03    0.1245E+03    0.1232E+03    0.1175E+03    0.1135E+03   -0.9990E+03   -0.9990E+03   -0.9990E+03   -0.9990E+03   -0.9990E+03   -0.9990E+03   -0.9990E+03   -0.9990E+03   -0.9990E+03   -0.9990E+03   -0.9990E+03   -0.9990E+03   -0.9990E+03   -0.9990E+03   -0.9990E+03   -0.9990E+03   -0.9990E+03   -0.9990E+03   -0.9990E+03   -0.9990E+03   -0.9990E+03   -0.9990E+03   -0.9990E+03   -0.9990E+03   -0.9990E+03   -0.9990E+03   -0.9990E+03   -0.9990E+03   -0.9990E+03   -0.9990E+03   -0.9990E+03   -0.9990E+03   -0.9990E+03   -0.9990E+03   -0.9990E+03   -0.9990E+03
   -0.9990E+03   -0.9990E+03   -0.9990E+03   -0.9990E+03   -0.9990E+03   -0.9990E+03   -0.9990E+03   -0.9990E+03   -0.9990E+03   -0.9990E+03   -0.9990E+03   -0.9990E+03   -0.9990E+03   -0.9990E+03   -0.9990E+03   -0.9990E+03   -0.9990E+03   -0.9990E+03   -0.9990E+03   -0.9990E+03   -0.9990E+03   -0.9990E+03   -0.9990E+03   -0.9990E+03   -0.9990E+03   -0.9990E+03    0.1330E+04    0.8898E+03    0.1114E+04    0.4839E+03    0.1098E+04    0.6390E+03    0.3538E+03    0.1453E+03    0.1322E+03    0.1478E+03    0.1367E+03    0.1250E+03    0.1341E+03    0.1235E+03   -0.9990E+03   -0.9990E+03   -0.9990E+03   -0.9990E+03   -0.9990E+03   -0.9990E+03   -0.9990E+03   -0.9990E+03   -0.9990E+03   -0.9990E+03   -0.9990E+03   -0.9990E+03   -0.9990E+03   -0.9990E+03   -0.9990E+03   -0.9990E+03   -0.9990E+03   -0.9990E+03   -0.9990E+03   -0.9990E+03   -0.9990E+03   -0.9990E+03   -0.9990E+03   -0.9990E+03   -0.9990E+03   -0.9990E+03   -0.9990E+03   -0.9990E+03   -0.9990E+03   -0.9990E+03   -0.9990E+03   -0.9990E+03   -0.9990E+03   -0.9990E+03   -0.9990E+03   -0.9990E+03
   -0.9990E+03   -0.9990E+03   -0.9990E+03   -0.9990E+03   -0.9990E+03   -0.9990E+03   -0.9990E+03   -0.9990E+03   -0.9990E+03   -0.9990E+03   -0.9990E+03   -0.9990E+03   -0.9990E+03   -0.9990E+03   -0.9990E+03   -0.9990E+03   -0.9990E+03   -0.9990E+03   -0.9990E+03   -0.9990E+03   -0.9990E+03    0.4289E+03    0.3747E+02    0.7780E+02    0.2529E+02    0.3629E+02    0.5200E+03    0.1831E+04    0.1138E+04    0.1031E+04    0.1250E+04    0.1092E+04    0.2218E+03    0.1370E+03    0.1519E+03    0.1580E+03    0.1414E+03    0.1360E+03    0.1400E+03    0.1236E+03   -0.9990E+03   -0.9990E+03   -0.9990E+03   -0.9990E+03   -0.9990E+03   -0.9990E+03   -0.9990E+03   -0.9990E+03   -0.9990E+03   -0.9990E+03   -0.9990E+03   -0.9990E+03   -0.9990E+03   -0.9990E+03   -0.9990E+03   -0.9990E+03   -0.9990E+03   -0.9990E+03   -0.9990E+03   -0.9990E+03   -0.9990E+03   -0.9990E+03   -0.9990E+03   -0.9990E+03   -0.9990E+03   -0.9990E+03   -0.9990E+03   -0.9990E+03   -0.9990E+03   -0.9990E+03   -0.9990E+03   -0.9990E+03   -0.9990E+03   -0.9990E+03   -0.9990E+03   -0.9990E+03
   -0.9990E+03   -0.9990E+03   -0.9990E+03   -0.9990E+03   -0.9990E+03   -0.9990E+03   -0.9990E+03   -0.9990E+03   -0.9990E+03   -0.9990E+03   -0.9990E+03   -0.9990E+03   -0.9990E+03   -0.9990E+03   -0.9990E+03   -0.9990E+03   -0.9990E+03   -0.9990E+03   -0.9990E+03   -0.9990E+03    0.2788E+03    0.2118E+03    0.3549E+03    0.8008E+02    0.1285E+03    0.1661E+03    0.2158E+04    0.2279E+04    0.2318E+04    0.1087E+04    0.7171E+03    0.9817E+03    0.1454E+03    0.1437E+03    0.1375E+03    0.1401E+03    0.1462E+03    0.1511E+03    0.1397E+03    0.1241E+03   -0.9990E+03   -0.9990E+03   -0.9990E+03   -0.9990E+03   -0.9990E+03   -0.9990E+03   -0.9990E+03   -0.9990E+03   -0.9990E+03   -0.9990E+03   -0.9990E+03   -0.9990E+03   -0.9990E+03   -0.9990E+03   -0.9990E+03   -0.9990E+03   -0.9990E+03   -0.9990E+03   -0.9990E+03   -0.9990E+03   -0.9990E+03   -0.9990E+03   -0.9990E+03   -0.9990E+03   -0.9990E+03   -0.9990E+03   -0.9990E+03   -0.9990E+03   -0.9990E+03   -0.9990E+03   -0.9990E+03   -0.9990E+03   -0.9990E+03   -0.9990E+03   -0.9990E+03   -0.9990E+03
   -0.9990E+03   -0.9990E+03   -0.9990E+03   -0.9990E+03   -0.9990E+03   -0.9990E+03   -0.9990E+03   -0.9990E+03   -0.9990E+03   -0.9990E+03   -0.9990E+03   -0.9990E+03   -0.9990E+03   -0.9990E+03   -0.9990E+03   -0.9990E+03   -0.9990E+03   -0.9990E+03   -0.9990E+03   -0.9990E+03    0.2142E+03    0.3079E+03    0.5010E+03    0.6391E+03    0.2861E+03    0.1819E+03    0.7065E+03    0.2289E+04    0.1312E+04    0.3056E+03    0.7715E+03    0.1409E+03    0.1423E+03    0.1197E+03    0.1370E+03    0.1406E+03    0.1483E+03    0.1475E+03    0.1338E+03    0.1307E+03   -0.9990E+03   -0.9990E+03   -0.9990E+03   -0.9990E+03   -0.9990E+03   -0.9990E+03   -0.9990E+03   -0.9990E+03   -0.9990E+03   -0.9990E+03   -0.9990E+03   -0.9990E+03   -0.9990E+03   -0.9990E+03   -0.9990E+03   -0.9990E+03   -0.9990E+03   -0.9990E+03   -0.9990E+03   -0.9990E+03   -0.9990E+03   -0.9990E+03   -0.9990E+03   -0.9990E+03   -0.9990E+03   -0.9990E+03   -0.9990E+03   -0.9990E+03   -0.9990E+03   -0.9990E+03   -0.9990E+03   -0.9990E+03   -0.9990E+03   -0.9990E+03   -0.9990E+03   -0.9990E+03
   -0.9990E+03   -0.9990E+03   -0.9990E+03   -0.9990E+03   -0.9990E+03   -0.9990E+03   -0.9990E+03   -0.9990E+03   -0.9990E+03   -0.9990E+03   -0.9990E+03   -0.9990E+03   -0.9990E+03   -0.9990E+03   -0.9990E+03   -0.9990E+03   -0.9990E+03   -0.9990E+03   -0.9990E+03   -0.9990E+03    0.1025E+03    0.1103E+03    0.1079E+03    0.1022E+03    0.1051E+03    0.1804E+04    0.2172E+04    0.2317E+04    0.1505E+04    0.1915E+03    0.1360E+03    0.1392E+03    0.1320E+03    0.1092E+03    0.1345E+03    0.1459E+03    0.1524E+03    0.1460E+03    0.1399E+03    0.1295E+03   -0.9990E+03   -0.9990E+03   -0.9990E+03   -0.9990E+03   -0.9990E+03   -0.9990E+03   -0.9990E+03   -0.9990E+03   -0.9990E+03   -0.9990E+03   -0.9990E+03   -0.9990E+03   -0.9990E+03   -0.9990E+03   -0.9990E+03   -0.9990E+03   -0.9990E+03   -0.9990E+03   -0.9990E+03   -0.9990E+03   -0.9990E+03   -0.9990E+03   -0.9990E+03   -0.9990E+03   -0.9990E+03   -0.9990E+03   -0.9990E+03   -0.9990E+03   -0.9990E+03   -0.9990E+03   -0.9990E+03   -0.9990E+03   -0.9990E+03   -0.9990E+03   -0.9990E+03   -0.9990E+03
   -0.9990E+03   -0.9990E+03   -0.9990E+03   -0.9990E+03   -0.9990E+03   -0.9990E+03   -0.9990E+03   -0.9990E+03   -0.9990E+03   -0.9990E+03   -0.9990E+03   -0.9990E+03   -0.9990E+03   -0.9990E+03   -0.9990E+03   -0.9990E+03   -0.9990E+03   -0.9990E+03   -0.9990E+03    0.2959E+03    0.1037E+03    0.8067E+02    0.7355E+02    0.1691E+04    0.3965E+03    0.3170E+03    0.3088E+03    0.9143E+03    0.2368E+03    0.1540E+03    0.1398E+03    0.1352E+03    0.1292E+03    0.1392E+03    0.1515E+03    0.1526E+03    0.1360E+03    0.1404E+03    0.1306E+03   -0.9990E+03   -0.9990E+03   -0.9990E+03   -0.9990E+03   -0.9990E+03   -0.9990E+03   -0.9990E+03   -0.9990E+03   -0.9990E+03   -0.9990E+03   -0.9990E+03   -0.9990E+03   -0.9990E+03   -0.9990E+03   -0.9990E+03   -0.9990E+03   -0.9990E+03   -0.9990E+03   -0.9990E+03   -0.9990E+03   -0.9990E+03   -0.9990E+03   -0.9990E+03   -0.9990E+03   -0.9990E+03   -0.9990E+03   -0.9990E+03   -0.9990E+03   -0.9990E+03   -0.9990E+03   -0.9990E+03   -0.9990E+03   -0.9990E+03   -0.9990E+03   -0.9990E+03   -0.9990E+03   -0.9990E+03
   -0.9990E+03   -0.9990E+03   -0.9990E+03   -0.9990E+03   -0.9990E+03   -0.9990E+03   -0.9990E+03   -0.9990E+03   -0.9990E+03   -0.9990E+03   -0.9990E+03   -0.9990E+03   -0.9990E+03   -0.9990E+03   -0.9990E+03   -0.9990E+03   -0.9990E+03    0.3455E+03    0.3469E+03    0.3178E+03    0.3841E+03    0.2540E+03    0.2361E+03    0.1236E+04    0.2148E+04    0.1664E+03    0.1895E+03    0.1753E+03    0.1313E+03    0.1346E+03    0.1329E+03    0.1322E+03    0.1350E+03    0.1396E+03    0.1227E+03    0.1308E+03    0.1356E+03    0.1317E+03   -0.9990E+03   -0.9990E+03   -0.9990E+03   -0.9990E+03   -0.9990E+03   -0.9990E+03   -0.9990E+03   -0.9990E+03   -0.9990E+03   -0.9990E+03   -0.9990E+03   -0.9990E+03   -0.9990E+03   -0.9990E+03   -0.9990E+03   -0.9990E+03   -0.9990E+03   -0.9990E+03   -0.9990E+03   -0.9990E+03   -0.9990E+03   -0.9990E+03   -0.9990E+03   -0.9990E+03   -0.9990E+03   -0.9990E+03   -0.9990E+03   -0.9990E+03   -0.9990E+03   -0.9990E+03   -0.9990E+03   -0.9990E+03   -0.9990E+03   -0.9990E+03   -0.9990E+03   -0.9990E+03   -0.9990E+03   -0.9990E+03
   -0.9990E+03   -0.9990E+03   -0.9990E+03   -0.9990E+03   -0.9990E+03   -0.9990E+03   -0.9990E+03   -0.9990E+03   -0.9990E+03   -0.9990E+03   -0.9990E+03   -0.9990E+03   -0.9990E+03   -0.9990E+03   -0.9990E+03    0.3271E+03    0.3254E+03    0.3174E+03    0.3177E+03    0.2987E+03    0.9469E+03    0.5924E+03    0.1461E+04    0.8420E+02    0.1975E+04    0.2214E+03    0.1692E+03    0.1341E+03    0.1304E+03    0.1388E+03    0.1344E+03    0.1293E+03    0.1325E+03    0.1363E+03    0.1408E+03    0.1742E+03    0.1735E+03    0.1400E+03   -0.9990E+03   -0.9990E+03   -0.9990E+03   -0.9990E+03   -0.9990E+03   -0.9990E+03   -0.9990E+03   -0.9990E+03   -0.9990E+03   -0.9990E+03   -0.9990E+03   -0.9990E+03   -0.9990E+03   -0.9990E+03   -0.9990E+03   -0.9990E+03   -0.9990E+03   -0.9990E+03   -0.9990E+03   -0.9990E+03   -0.9990E+03   -0.9990E+03   -0.9990E+03   -0.9990E+03   -0.9990E+03   -0.9990E+03   -0.9990E+03   -0.9990E+03   -0.9990E+03   -0.9990E+03   -0.9990E+03   -0.9990E+03   -0.9990E+03   -0.9990E+03   -0.9990E+03   -0.9990E+03   -0.9990E+03   -0.9990E+03
   -0.9990E+03   -0.9990E+03   -0.9990E+03   -0.9990E+03   -0.9990E+03   -0.9990E+03   -0.9990E+03   -0.9990E+03   -0.9990E+03   -0.9990E+03   -0.9990E+03   -0.9990E+03   -0.9990E+03   -0.9990E+03    0.1804E+04    0.1821E+04    0.1820E+04    0.1844E+04    0.1646E+04    0.5449E+03    0.9458E+03    0.1156E+04    0.3199E+03    0.1831E+04    0.2876E+03    0.1487E+03    0.1314E+03    0.1263E+03    0.1290E+03    0.1464E+03    0.1455E+03    0.1428E+03    0.1504E+03    0.1624E+03    0.1932E+03    0.1764E+03    0.1820E+03    0.1379E+03   -0.9990E+03   -0.9990E+03   -0.9990E+03   -0.9990E+03   -0.9990E+03   -0.9990E+03   -0.9990E+03   -0.9990E+03   -0.9990E+03   -0.9990E+03   -0.9990E+03   -0.9990E+03   -0.9990E+03   -0.9990E+03   -0.9990E+03   -0.9990E+03   -0.9990E+03   -0.9990E+03   -0.9990E+03   -0.9990E+03   -0.9990E+03   -0.9990E+03   -0.9990E+03   -0.9990E+03   -0.9990E+03   -0.9990E+03   -0.9990E+03   -0.9990E+03   -0.9990E+03   -0.9990E+03   -0.9990E+03   -0.9990E+03   -0.9990E+03   -0.9990E+03   -0.9990E+03   -0.9990E+03   -0.9990E+03   -0.9990E+03
   -0.9990E+03   -0.9990E+03   -0.9990E+03   -0.9990E+03   -0.9990E+03   -0.9990E+03   -0.9990E+03   -0.9990E+03   -0.9990E+03   -0.9990E+03   -0.9990E+03   -0.9990E+03   -0.9990E+03    0.1653E+04    0.1671E+04    0.1698E+04    0.1689E+04    0.1709E+04    0.1538E+04    0.1543E+04    0.1489E+04    0.6533E+03    0.1604E+03    0.1414E+03    0.1310E+03    0.1251E+03    0.1243E+03    0.1274E+03    0.1417E+03    0.1428E+03    0.1359E+03    0.1368E+03    0.1500E+03    0.1522E+03    0.1527E+03    0.1457E+03    0.1463E+03    0.1329E+03   -0.9990E+03   -0.9990E+03   -0.9990E+03   -0.9990E+03   -0.9990E+03   -0.9990E+03   -0.9990E+03   -0.9990E+03   -0.9990E+03   -0.9990E+03   -0.9990E+03   -0.9990E+03   -0.9990E+03   -0.9990E+03   -0.9990E+03   -0.9990E+03   -0.9990E+03   -0.9990E+03   -0.9990E+03   -0.9990E+03   -0.9990E+03   -0.9990E+03   -0.9990E+03   -0.9990E+03   -0.9990E+03   -0.9990E+03   -0.9990E+03   -0.9990E+03   -0.9990E+03   -0.9990E+03   -0.9990E+03   -0.9990E+03   -0.9990E+03   -0.9990E+03   -0.9990E+03   -0.9990E+03   -0.9990E+03   -0.9990E+03
   -0.9990E+03   -0.9990E+03   -0.9990E+03   -0.9990E+03   -0.9990E+03   -0.9990E+03   -0.9990E+03   -0.9990E+03   -0.9990E+03   -0.9990E+03   -0.9990E+03   -0.9990E+03    0.8521E+03    0.1497E+04    0.1496E+04    0.1505E+04    0.1527E+04    0.1532E+04    0.1445E+04    0.1399E+04    0.1544E+04    0.9721E+03    0.1922E+03    0.1319E+03    0.1233E+03    0.1221E+03    0.1235E+03    0.1315E+03    0.1359E+03    0.1339E+03    0.1362E+03    0.1362E+03    0.1385E+03    0.1399E+03    0.1345E+03    0.1364E+03   -0.9990E+03   -0.9990E+03   -0.9990E+03   -0.9990E+03   -0.9990E+03   -0.9990E+03   -0.9990E+03   -0.9990E+03   -0.9990E+03   -0.9990E+03   -0.9990E+03   -0.9990E+03   -0.9990E+03   -0.9990E+03   -0.9990E+03   -0.9990E+03   -0.9990E+03   -0.9990E+03   -0.9990E+03   -0.9990E+03   -0.9990E+03   -0.9990E+03   -0.9990E+03   -0.9990E+03   -0.9990E+03   -0.9990E+03   -0.9990E+03   -0.9990E+03   -0.9990E+03   -0.9990E+03   -0.9990E+03   -0.9990E+03   -0.9990E+03   -0.9990E+03   -0.9990E+03   -0.9990E+03   -0.9990E+03   -0.9990E+03   -0.9990E+03   -0.9990E+03
   -0.9990E+03   -0.9990E+03   -0.9990E+03   -0.9990E+03   -0.9990E+03   -0.9990E+03   -0.9990E+03   -0.9990E+03   -0.9990E+03   -0.9990E+03   -0.9990E+03    0.2007E+03    0.2147E+03    0.7968E+03    0.1362E+04    0.1371E+04    0.1387E+04    0.1388E+04    0.1353E+04    0.1260E+04    0.1400E+04    0.1249E+04    0.1337E+03    0.1188E+03    0.1184E+03    0.1185E+03    0.1302E+03    0.1319E+03    0.1306E+03    0.1321E+03    0.1348E+03    0.1337E+03    0.1337E+03    0.1344E+03    0.1341E+03    0.1281E+03   -0.9990E+03   -0.9990E+03   -0.9990E+03   -0.9990E+03   -0.9990E+03   -0.9990E+03   -0.9990E+03   -0.9990E+03   -0.9990E+03   -0.9990E+03   -0.9990E+03   -0.9990E+03   -0.9990E+03   -0.9990E+03   -0.9990E+03   -0.9990E+03   -0.9990E+03   -0.9990E+03   -0.9990E+03   -0.9990E+03   -0.9990E+03   -0.9990E+03   -0.9990E+03   -0.9990E+03   -0.9990E+03   -0.9990E+03   -0.9990E+03   -0.9990E+03   -0.9990E+03   -0.9990E+03   -0.9990E+03   -0.9990E+03   -0.9990E+03   -0.9990E+03   -0.9990E+03   -0.9990E+03   -0.9990E+03   -0.9990E+03   -0.9990E+03   -0.9990E+03
   -0.9990E+03   -0.9990E+03   -0.9990E+03   -0.9990E+03   -0.9990E+03   -0.9990E+03   -0.9990E+03   -0.9990E+03   -0.9990E+03   -0.9990E+03    0.1852E+03    0.1977E+03    0.2113E+03    0.2235E+03    0.7366E+03    0.1233E+04    0.1247E+04    0.1257E+04    0.1202E+04    0.1130E+04    0.1236E+04    0.1922E+03    0.1220E+03    0.1187E+03    0.1183E+03    0.1253E+03    0.1341E+03    0.1298E+03    0.1290E+03    0.1298E+03    0.1320E+03    0.1363E+03    0.1305E+03    0.1326E+03    0.1335E+03   -0.9990E+03   -0.9990E+03   -0.9990E+03   -0.9990E+03   -0.9990E+03   -0.9990E+03   -0.9990E+03   -0.9990E+03   -0.9990E+03   -0.9990E+03   -0.9990E+03   -0.9990E+03   -0.9990E+03   -0.9990E+03   -0.9990E+03   -0.9990E+03   -0.9990E+03   -0.9990E+03   -0.9990E+03   -0.9990E+03   -0.9990E+03   -0.9990E+03   -0.9990E+03   -0.9990E+03   -0.9990E+03   -0.9990E+03   -0.9990E+03   -0.9990E+03   -0.9990E+03   -0.9990E+03   -0.9990E+03   -0.9990E+03   -0.9990E+03   -0.9990E+03   -0.9990E+03   -0.9990E+03   -0.9990E+03   -0.9990E+03   -0.9990E+03   -0.9990E+03   -0.9990E+03
   -0.9990E+03   -0.9990E+03   -0.9990E+03   -0.9990E+03   -0.9990E+03   -0.9990E+03   -0.9990E+03   -0.9990E+03    0.8277E+03    0.7893E+03    0.1843E+03    0.1950E+03    0.2079E+03    0.2199E+03    0.2282E+03    0.4338E+03    0.5253E+03    0.5413E+03    0.4978E+03    0.1124E+04    0.2702E+03    0.1263E+03    0.1256E+03    0.1247E+03    0.1266E+03    0.1179E+03    0.1162E+03    0.1158E+03    0.1164E+03    0.1175E+03    0.1185E+03    0.1198E+03    0.1285E+03    0.1279E+03    0.1306E+03   -0.9990E+03   -0.9990E+03   -0.9990E+03   -0.9990E+03   -0.9990E+03   -0.9990E+03   -0.9990E+03   -0.9990E+03   -0.9990E+03   -0.9990E+03   -0.9990E+03   -0.9990E+03   -0.9990E+03   -0.9990E+03   -0.9990E+03   -0.9990E+03   -0.9990E+03   -0.9990E+03   -0.9990E+03   -0.9990E+03   -0.9990E+03   -0.9990E+03   -0.9990E+03   -0.9990E+03   -0.9990E+03   -0.9990E+03   -0.9990E+03   -0.9990E+03   -0.9990E+03   -0.9990E+03   -0.9990E+03   -0.9990E+03   -0.9990E+03   -0.9990E+03   -0.9990E+03   -0.9990E+03   -0.9990E+03   -0.9990E+03   -0.9990E+03   -0.9990E+03   -0.9990E+03
   -0.9990E+03   -0.9990E+03   -0.9990E+03   -0.9990E+03   -0.9990E+03   -0.9990E+03   -0.9990E+03   -0.9990E+03    0.8277E+03    0.7924E+03    0.1838E+03    0.1937E+03    0.2051E+03    0.2152E+03    0.2225E+03    0.3350E+03    0.4353E+03    0.5375E+03    0.5161E+03    0.5726E+03    0.1306E+03    0.1290E+03    0.1466E+03    0.1339E+03    0.1566E+03    0.1712E+03    0.1296E+03    0.1165E+03    0.1162E+03    0.1170E+03    0.1177E+03    0.1187E+03    0.1200E+03    0.1207E+03    0.1194E+03   -0.9990E+03   -0.9990E+03   -0.9990E+03   -0.9990E+03   -0.9990E+03   -0.9990E+03   -0.9990E+03   -0.9990E+03   -0.9990E+03   -0.9990E+03   -0.9990E+03   -0.9990E+03   -0.9990E+03   -0.9990E+03   -0.9990E+03   -0.9990E+03   -0.9990E+03   -0.9990E+03   -0.9990E+03   -0.9990E+03   -0.9990E+03   -0.9990E+03   -0.9990E+03   -0.9990E+03   -0.9990E+03   -0.9990E+03   -0.9990E+03   -0.9990E+03   -0.9990E+03   -0.9990E+03   -0.9990E+03   -0.9990E+03   -0.9990E+03   -0.9990E+03   -0.9990E+03   -0.9990E+03   -0.9990E+03   -0.9990E+03   -0.9990E+03   -0.9990E+03   -0.9990E+03
   -0.9990E+03   -0.9990E+03   -0.9990E+03   -0.9990E+03   -0.9990E+03   -0.9990E+03   -0.9990E+03   -0.9990E+03    0.8340E+03    0.7956E+03    0.1854E+03    0.1942E+03    0.2042E+03    0.2136E+03    0.2188E+03    0.3293E+03    0.3334E+03    0.4430E+03    0.4294E+03    0.1914E+03    0.1265E+03    0.1507E+03    0.1557E+03    0.1639E+03    0.1852E+03    0.1679E+03    0.1540E+03    0.1404E+03    0.1171E+03    0.1167E+03    0.1173E+03    0.1174E+03    0.1180E+03    0.1188E+03    0.1164E+03   -0.9990E+03   -0.9990E+03   -0.9990E+03   -0.9990E+03   -0.9990E+03   -0.9990E+03   -0.9990E+03   -0.9990E+03   -0.9990E+03   -0.9990E+03   -0.9990E+03   -0.9990E+03   -0.9990E+03   -0.9990E+03   -0.9990E+03   -0.9990E+03   -0.9990E+03   -0.9990E+03   -0.9990E+03   -0.9990E+03   -0.9990E+03   -0.9990E+03   -0.9990E+03   -0.9990E+03   -0.9990E+03   -0.9990E+03   -0.9990E+03   -0.9990E+03   -0.9990E+03   -0.9990E+03   -0.9990E+03   -0.9990E+03   -0.9990E+03   -0.9990E+03   -0.9990E+03   -0.9990E+03   -0.9990E+03   -0.9990E+03   -0.9990E+03   -0.9990E+03   -0.9990E+03
   -0.9990E+03   -0.9990E+03   -0.9990E+03   -0.9990E+03   -0.9990E+03   -0.9990E+03   -0.9990E+03    0.7140E+03    0.7254E+03    0.7549E+03    0.8103E+03    0.2000E+03    0.2065E+03    0.3170E+03    0.3236E+03    0.3223E+03    0.1464E+03    0.1975E+03    0.1266E+03    0.1242E+03    0.1255E+03    0.1718E+03    0.1704E+03    0.1467E+03    0.1814E+03    0.1627E+03    0.1535E+03    0.1498E+03    0.1400E+03    0.1166E+03    0.1169E+03    0.1175E+03    0.1174E+03    0.1160E+03   -0.9990E+03   -0.9990E+03   -0.9990E+03   -0.9990E+03   -0.9990E+03   -0.9990E+03   -0.9990E+03   -0.9990E+03   -0.9990E+03   -0.9990E+03   -0.9990E+03   -0.9990E+03   -0.9990E+03   -0.9990E+03   -0.9990E+03   -0.9990E+03   -0.9990E+03   -0.9990E+03   -0.9990E+03   -0.9990E+03   -0.9990E+03   -0.9990E+03   -0.9990E+03   -0.9990E+03   -0.9990E+03   -0.9990E+03   -0.9990E+03   -0.9990E+03   -0.9990E+03   -0.9990E+03   -0.9990E+03   -0.9990E+03   -0.9990E+03   -0.9990E+03   -0.9990E+03   -0.9990E+03   -0.9990E+03   -0.9990E+03   -0.9990E+03   -0.9990E+03   -0.9990E+03   -0.9990E+03
   -0.9990E+03   -0.9990E+03   -0.9990E+03   -0.9990E+03   -0.9990E+03   -0.9990E+03   -0.9990E+03    0.7232E+03    0.7484E+03    0.7395E+03    0.5994E+03    0.3183E+03    0.3208E+03    0.1642E+03    0.1221E+03    0.1158E+03    0.1189E+03    0.1116E+03    0.1132E+03    0.1195E+03    0.1551E+03    0.1904E+03    0.1799E+03    0.1887E+03    0.1619E+03    0.1592E+03    0.1571E+03    0.1467E+03    0.1513E+03    0.1221E+03    0.1164E+03    0.1169E+03    0.1165E+03   -0.9990E+03   -0.9990E+03   -0.9990E+03   -0.9990E+03   -0.9990E+03   -0.9990E+03   -0.9990E+03   -0.9990E+03   -0.9990E+03   -0.9990E+03   -0.9990E+03   -0.9990E+03   -0.9990E+03   -0.9990E+03   -0.9990E+03   -0.9990E+03   -0.9990E+03   -0.9990E+03   -0.9990E+03   -0.9990E+03   -0.9990E+03   -0.9990E+03   -0.9990E+03   -0.9990E+03   -0.9990E+03   -0.9990E+03   -0.9990E+03   -0.9990E+03   -0.9990E+03   -0.9990E+03   -0.9990E+03   -0.9990E+03   -0.9990E+03   -0.9990E+03   -0.9990E+03   -0.9990E+03   -0.9990E+03   -0.9990E+03   -0.9990E+03   -0.9990E+03   -0.9990E+03   -0.9990E+03   -0.9990E+03
   -0.9990E+03   -0.9990E+03   -0.9990E+03   -0.9990E+03   -0.9990E+03    0.7832E+03    0.7875E+03    0.7453E+03    0.7964E+03    0.7631E+03    0.1411E+03    0.1182E+03    0.1349E+03    0.1224E+03    0.1098E+03    0.1104E+03    0.1103E+03    0.1110E+03    0.1146E+03    0.1179E+03    0.1507E+03    0.1658E+03    0.1855E+03    0.1767E+03    0.1632E+03    0.1595E+03    0.1448E+03    0.1480E+03    0.1471E+03    0.1414E+03    0.1161E+03    0.1154E+03    0.1160E+03   -0.9990E+03   -0.9990E+03   -0.9990E+03   -0.9990E+03   -0.9990E+03   -0.9990E+03   -0.9990E+03   -0.9990E+03   -0.9990E+03   -0.9990E+03   -0.9990E+03   -0.9990E+03   -0.9990E+03   -0.9990E+03   -0.9990E+03   -0.9990E+03   -0.9990E+03   -0.9990E+03   -0.9990E+03   -0.9990E+03   -0.9990E+03   -0.9990E+03   -0.9990E+03   -0.9990E+03   -0.9990E+03   -0.9990E+03   -0.9990E+03   -0.9990E+03   -0.9990E+03   -0.9990E+03   -0.9990E+03   -0.9990E+03   -0.9990E+03   -0.9990E+03   -0.9990E+03   -0.9990E+03   -0.9990E+03   -0.9990E+03   -0.9990E+03   -0.9990E+03   -0.9990E+03   -0.9990E+03   -0.9990E+03
   -0.9990E+03   -0.9990E+03   -0.9990E+03   -0.9990E+03    0.8367E+03    0.8083E+03    0.8539E+03    0.7877E+03    0.8719E+03    0.9204E+03    0.1261E+03    0.1176E+03    0.1166E+03    0.1121E+03    0.1134E+03    0.1133E+03    0.1175E+03    0.1161E+03    0.1187E+03    0.1605E+03    0.1300E+03    0.1348E+03    0.1435E+03    0.1785E+03    0.1605E+03    0.1523E+03    0.1510E+03    0.1465E+03    0.1439E+03   -0.9990E+03   -0.9990E+03   -0.9990E+03   -0.9990E+03   -0.9990E+03   -0.9990E+03   -0.9990E+03   -0.9990E+03   -0.9990E+03   -0.9990E+03   -0.9990E+03   -0.9990E+03   -0.9990E+03   -0.9990E+03   -0.9990E+03   -0.9990E+03   -0.9990E+03   -0.9990E+03   -0.9990E+03   -0.9990E+03   -0.9990E+03   -0.9990E+03   -0.9990E+03   -0.9990E+03   -0.9990E+03   -0.9990E+03   -0.9990E+03   -0.9990E+03   -0.9990E+03   -0.9990E+03   -0.9990E+03   -0.9990E+03   -0.9990E+03   -0.9990E+03   -0.9990E+03   -0.9990E+03   -0.9990E+03   -0.9990E+03   -0.9990E+03   -0.9990E+03   -0.9990E+03   -0.9990E+03   -0.9990E+03   -0.9990E+03   -0.9990E+03   -0.9990E+03   -0.9990E+03
   -0.9990E+03   -0.9990E+03   -0.9990E+03    0.8650E+03    0.8762E+03    0.8482E+03    0.9876E+03    0.1461E+03    0.1391E+03    0.1345E+03    0.1293E+03    0.1163E+03    0.1168E+03    0.1131E+03    0.1787E+03    0.2035E+03    0.1426E+03    0.1339E+03    0.1602E+03    0.1404E+03    0.1336E+03    0.1237E+03    0.1255E+03    0.1361E+03    0.1453E+03    0.1317E+03   -0.9990E+03   -0.9990E+03   -0.9990E+03   -0.9990E+03   -0.9990E+03   -0.9990E+03   -0.9990E+03   -0.9990E+03   -0.9990E+03   -0.9990E+03   -0.9990E+03   -0.9990E+03   -0.9990E+03   -0.9990E+03   -0.9990E+03   -0.9990E+03   -0.9990E+03   -0.9990E+03   -0.9990E+03   -0.9990E+03   -0.9990E+03   -0.9990E+03   -0.9990E+03   -0.9990E+03   -0.9990E+03   -0.9990E+03   -0.9990E+03   -0.9990E+03   -0.9990E+03   -0.9990E+03   -0.9990E+03   -0.9990E+03   -0.9990E+03   -0.9990E+03   -0.9990E+03   -0.9990E+03   -0.9990E+03   -0.9990E+03   -0.9990E+03   -0.9990E+03   -0.9990E+03   -0.9990E+03   -0.9990E+03   -0.9990E+03   -0.9990E+03   -0.9990E+03   -0.9990E+03   -0.9990E+03   -0.9990E+03   -0.9990E+03
   -0.9990E+03   -0.9990E+03    0.1200E+03    0.1512E+03    0.5441E+03    0.1418E+03    0.1592E+03    0.2263E+03    0.1180E+03    0.1309E+03    0.1262E+03    0.9981E+03    0.3764E+03    0.3306E+03    0.3683E+03    0.3561E+03    0.2553E+03    0.1335E+03    0.1229E+03    0.1190E+03    0.1186E+03    0.1217E+03    0.1211E+03    0.1172E+03   -0.9990E+03   -0.9990E+03   -0.9990E+03   -0.9990E+03   -0.9990E+03   -0.9990E+03   -0.9990E+03   -0.9990E+03   -0.9990E+03   -0.9990E+03   -0.9990E+03   -0.9990E+03   -0.9990E+03   -0.9990E+03   -0.9990E+03   -0.9990E+03   -0.9990E+03   -0.9990E+03   -0.9990E+03   -0.9990E+03   -0.9990E+03   -0.9990E+03   -0.9990E+03   -0.9990E+03   -0.9990E+03   -0.9990E+03   -0.9990E+03   -0.9990E+03   -0.9990E+03   -0.9990E+03   -0.9990E+03   -0.9990E+03   -0.9990E+03   -0.9990E+03   -0.9990E+03   -0.9990E+03   -0.9990E+03   -0.9990E+03   -0.9990E+03   -0.9990E+03   -0.9990E+03   -0.9990E+03   -0.9990E+03   -0.9990E+03   -0.9990E+03   -0.9990E+03   -0.9990E+03   -0.9990E+03   -0.9990E+03   -0.9990E+03   -0.9990E+03   -0.9990E+03
   -0.9990E+03   -0.9990E+03    0.1206E+03    0.1292E+03    0.1216E+03    0.1404E+03    0.1387E+03    0.1341E+03    0.1191E+03    0.1596E+03    0.4212E+03    0.5781E+03    0.1413E+03    0.1603E+03    0.1932E+03    0.2945E+03    0.1220E+03    0.1194E+03    0.1162E+03    0.1123E+03    0.1138E+03    0.1156E+03   -0.9990E+03   -0.9990E+03   -0.9990E+03   -0.9990E+03   -0.9990E+03   -0.9990E+03   -0.9990E+03   -0.9990E+03   -0.9990E+03   -0.9990E+03   -0.9990E+03   -0.9990E+03   -0.9990E+03   -0.9990E+03   -0.9990E+03   -0.9990E+03   -0.9990E+03   -0.9990E+03   -0.9990E+03   -0.9990E+03   -0.9990E+03   -0.9990E+03   -0.9990E+03   -0.9990E+03   -0.9990E+03   -0.9990E+03   -0.9990E+03   -0.9990E+03   -0.9990E+03   -0.9990E+03   -0.9990E+03   -0.9990E+03   -0.9990E+03   -0.9990E+03   -0.9990E+03   -0.9990E+03   -0.9990E+03   -0.9990E+03   -0.9990E+03   -0.9990E+03   -0.9990E+03   -0.9990E+03   -0.9990E+03   -0.9990E+03   -0.9990E+03   -0.9990E+03   -0.9990E+03   -0.9990E+03   -0.9990E+03   -0.9990E+03   -0.9990E+03   -0.9990E+03   -0.9990E+03   -0.9990E+03
   -0.9990E+03    0.1162E+03    0.1163E+03    0.1182E+03    0.1207E+03    0.1303E+03    0.1313E+03    0.1608E+03    0.1328E+03    0.1303E+03    0.1337E+03    0.2661E+03    0.1185E+03    0.1155E+03    0.1235E+03    0.1414E+03    0.1121E+03    0.1127E+03   -0.9990E+03   -0.9990E+03   -0.9990E+03   -0.9990E+03   -0.9990E+03   -0.9990E+03   -0.9990E+03   -0.9990E+03   -0.9990E+03   -0.9990E+03   -0.9990E+03   -0.9990E+03   -0.9990E+03   -0.9990E+03   -0.9990E+03   -0.9990E+03   -0.9990E+03   -0.9990E+03   -0.9990E+03   -0.9990E+03   -0.9990E+03   -0.9990E+03   -0.9990E+03   -0.9990E+03   -0.9990E+03   -0.9990E+03   -0.9990E+03   -0.9990E+03   -0.9990E+03   -0.9990E+03   -0.9990E+03   -0.9990E+03   -0.9990E+03   -0.9990E+03   -0.9990E+03   -0.9990E+03   -0.9990E+03   -0.9990E+03   -0.9990E+03   -0.9990E+03   -0.9990E+03   -0.9990E+03   -0.9990E+03   -0.9990E+03   -0.9990E+03   -0.9990E+03   -0.9990E+03   -0.9990E+03   -0.9990E+03   -0.9990E+03   -0.9990E+03   -0.9990E+03   -0.9990E+03   -0.9990E+03   -0.9990E+03   -0.9990E+03   -0.9990E+03   -0.9990E+03
    0.1117E+03    0.1133E+03    0.1144E+03    0.1153E+03    0.1218E+03    0.1229E+03    0.1207E+03    0.1201E+03    0.1190E+03    0.1163E+03    0.1163E+03    0.1174E+03    0.1197E+03   -0.9990E+03   -0.9990E+03   -0.9990E+03   -0.9990E+03   -0.9990E+03   -0.9990E+03   -0.9990E+03   -0.9990E+03   -0.9990E+03   -0.9990E+03   -0.9990E+03   -0.9990E+03   -0.9990E+03   -0.9990E+03   -0.9990E+03   -0.9990E+03   -0.9990E+03   -0.9990E+03   -0.9990E+03   -0.9990E+03   -0.9990E+03   -0.9990E+03   -0.9990E+03   -0.9990E+03   -0.9990E+03   -0.9990E+03   -0.9990E+03   -0.9990E+03   -0.9990E+03   -0.9990E+03   -0.9990E+03   -0.9990E+03   -0.9990E+03   -0.9990E+03   -0.9990E+03   -0.9990E+03   -0.9990E+03   -0.9990E+03   -0.9990E+03   -0.9990E+03   -0.9990E+03   -0.9990E+03   -0.9990E+03   -0.9990E+03   -0.9990E+03   -0.9990E+03   -0.9990E+03   -0.9990E+03   -0.9990E+03   -0.9990E+03   -0.9990E+03   -0.9990E+03   -0.9990E+03   -0.9990E+03   -0.9990E+03   -0.9990E+03   -0.9990E+03   -0.9990E+03   -0.9990E+03   -0.9990E+03   -0.9990E+03   -0.9990E+03   -0.9990E+03
    0.1129E+03    0.1128E+03    0.1135E+03    0.1141E+03   -0.9990E+03   -0.9990E+03   -0.9990E+03   -0.9990E+03   -0.9990E+03   -0.9990E+03   -0.9990E+03   -0.9990E+03   -0.9990E+03   -0.9990E+03   -0.9990E+03   -0.9990E+03   -0.9990E+03   -0.9990E+03   -0.9990E+03   -0.9990E+03   -0.9990E+03   -0.9990E+03   -0.9990E+03   -0.9990E+03   -0.9990E+03   -0.9990E+03   -0.9990E+03   -0.9990E+03   -0.9990E+03   -0.9990E+03   -0.9990E+03   -0.9990E+03   -0.9990E+03   -0.9990E+03   -0.9990E+03   -0.9990E+03   -0.9990E+03   -0.9990E+03   -0.9990E+03   -0.9990E+03   -0.9990E+03   -0.9990E+03   -0.9990E+03   -0.9990E+03   -0.9990E+03   -0.9990E+03   -0.9990E+03   -0.9990E+03   -0.9990E+03   -0.9990E+03   -0.9990E+03   -0.9990E+03   -0.9990E+03   -0.9990E+03   -0.9990E+03   -0.9990E+03   -0.9990E+03   -0.9990E+03   -0.9990E+03   -0.9990E+03   -0.9990E+03   -0.9990E+03   -0.9990E+03   -0.9990E+03   -0.9990E+03   -0.9990E+03   -0.9990E+03   -0.9990E+03   -0.9990E+03   -0.9990E+03   -0.9990E+03   -0.9990E+03   -0.9990E+03   -0.9990E+03   -0.9990E+03   -0.9990E+03
   -0.9990E+03    0.1129E+03    0.1139E+03    0.1119E+03   -0.9990E+03   -0.9990E+03   -0.9990E+03   -0.9990E+03   -0.9990E+03   -0.9990E+03   -0.9990E+03   -0.9990E+03   -0.9990E+03   -0.9990E+03   -0.9990E+03   -0.9990E+03   -0.9990E+03   -0.9990E+03   -0.9990E+03   -0.9990E+03   -0.9990E+03   -0.9990E+03   -0.9990E+03   -0.9990E+03   -0.9990E+03   -0.9990E+03   -0.9990E+03   -0.9990E+03   -0.9990E+03   -0.9990E+03   -0.9990E+03   -0.9990E+03   -0.9990E+03   -0.9990E+03   -0.9990E+03   -0.9990E+03   -0.9990E+03   -0.9990E+03   -0.9990E+03   -0.9990E+03   -0.9990E+03   -0.9990E+03   -0.9990E+03   -0.9990E+03   -0.9990E+03   -0.9990E+03   -0.9990E+03   -0.9990E+03   -0.9990E+03   -0.9990E+03   -0.9990E+03   -0.9990E+03   -0.9990E+03   -0.9990E+03   -0.9990E+03   -0.9990E+03   -0.9990E+03   -0.9990E+03   -0.9990E+03   -0.9990E+03   -0.9990E+03   -0.9990E+03   -0.9990E+03   -0.9990E+03   -0.9990E+03   -0.9990E+03   -0.9990E+03   -0.9990E+03   -0.9990E+03   -0.9990E+03   -0.9990E+03   -0.9990E+03   -0.9990E+03   -0.9990E+03   -0.9990E+03   -0.9990E+03
      1095.0000          LAYER       1
   -0.9990E+03   -0.9990E+03   -0.9990E+03   -0.9990E+03   -0.9990E+03   -0.9990E+03   -0.9990E+03   -0.9990E+03   -0.9990E+03   -0.9990E+03   -0.9990E+03   -0.9990E+03   -0.9990E+03   -0.9990E+03   -0.9990E+03   -0.9990E+03   -0.9990E+03   -0.9990E+03   -0.9990E+03   -0.9990E+03   -0.9990E+03   -0.9990E+03   -0.9990E+03   -0.9990E+03   -0.9990E+03   -0.9990E+03   -0.9990E+03   -0.9990E+03   -0.9990E+03   -0.9990E+03   -0.9990E+03   -0.9990E+03   -0.9990E+03   -0.9990E+03   -0.9990E+03   -0.9990E+03   -0.9990E+03   -0.9990E+03   -0.9990E+03   -0.9990E+03   -0.9990E+03   -0.9990E+03   -0.9990E+03   -0.9990E+03   -0.9990E+03   -0.9990E+03   -0.9990E+03   -0.9990E+03   -0.9990E+03   -0.9990E+03   -0.9990E+03   -0.9990E+03   -0.9990E+03   -0.9990E+03   -0.9990E+03   -0.9990E+03   -0.9990E+03   -0.9990E+03   -0.9990E+03   -0.9990E+03   -0.9990E+03   -0.9990E+03   -0.9990E+03   -0.9990E+03   -0.9990E+03   -0.9990E+03   -0.9990E+03   -0.9990E+03   -0.9990E+03   -0.9990E+03   -0.9990E+03    0.2763E+02    0.2774E+02   -0.9990E+03   -0.9990E+03   -0.9990E+03
   -0.9990E+03   -0.9990E+03   -0.9990E+03   -0.9990E+03   -0.9990E+03   -0.9990E+03   -0.9990E+03   -0.9990E+03   -0.9990E+03   -0.9990E+03   -0.9990E+03   -0.9990E+03   -0.9990E+03   -0.9990E+03   -0.9990E+03   -0.9990E+03   -0.9990E+03   -0.9990E+03   -0.9990E+03   -0.9990E+03   -0.9990E+03   -0.9990E+03   -0.9990E+03   -0.9990E+03   -0.9990E+03   -0.9990E+03   -0.9990E+03   -0.9990E+03   -0.9990E+03   -0.9990E+03   -0.9990E+03   -0.9990E+03   -0.9990E+03   -0.9990E+03   -0.9990E+03   -0.9990E+03   -0.9990E+03   -0.9990E+03   -0.9990E+03   -0.9990E+03   -0.9990E+03   -0.9990E+03   -0.9990E+03   -0.9990E+03   -0.9990E+03   -0.9990E+03   -0.9990E+03   -0.9990E+03   -0.9990E+03   -0.9990E+03   -0.9990E+03   -0.9990E+03   -0.9990E+03   -0.9990E+03   -0.9990E+03   -0.9990E+03   -0.9990E+03   -0.9990E+03   -0.9990E+03   -0.9990E+03   -0.9990E+03   -0.9990E+03   -0.9990E+03   -0.9990E+03   -0.9990E+03   -0.9990E+03   -0.9990E+03   -0.9990E+03   -0.9990E+03   -0.9990E+03    0.2626E+02    0.2881E+02    0.2945E+02    0.2928E+02   -0.9990E+03   -0.9990E+03
   -0.9990E+03   -0.9990E+03   -0.9990E+03   -0.9990E+03   -0.9990E+03   -0.9990E+03   -0.9990E+03   -0.9990E+03   -0.9990E+03   -0.9990E+03   -0.9990E+03   -0.9990E+03   -0.9990E+03   -0.9990E+03   -0.9990E+03   -0.9990E+03   -0.9990E+03   -0.9990E+03   -0.9990E+03   -0.9990E+03   -0.9990E+03   -0.9990E+03   -0.9990E+03   -0.9990E+03   -0.9990E+03   -0.9990E+03   -0.9990E+03   -0.9990E+03   -0.9990E+03   -0.9990E+03   -0.9990E+03   -0.9990E+03   -0.9990E+03   -0.9990E+03   -0.9990E+03   -0.9990E+03   -0.9990E+03   -0.9990E+03   -0.9990E+03   -0.9990E+03   -0.9990E+03   -0.9990E+03   -0.9990E+03   -0.9990E+03   -0.9990E+03   -0.9990E+03   -0.9990E+03   -0.9990E+03   -0.9990E+03   -0.9990E+03   -0.9990E+03   -0.9990E+03   -0.9990E+03   -0.9990E+03   -0.9990E+03   -0.9990E+03   -0.9990E+03   -0.9990E+03   -0.9990E+03   -0.9990E+03   -0.9990E+03   -0.9990E+03   -0.9990E+03   -0.9990E+03   -0.9990E+03   -0.9990E+03   -0.9990E+03   -0.9990E+03    0.2212E+03    0.2758E+02    0.2635E+02    0.2950E+02    0.2835E+02    0.3064E+02    0.3332E+02   -0.9990E+03
   -0.9990E+03   -0.9990E+03   -0.9990E+03   -0.9990E+03   -0.9990E+03   -0.9990E+03   -0.9990E+03   -0.9990E+03   -0.9990E+03   -0.9990E+03   -0.9990E+03   -0.9990E+03   -0.9990E+03   -0.9990E+03   -0.9990E+03   -0.9990E+03   -0.9990E+03   -0.9990E+03   -0.9990E+03   -0.9990E+03   -0.9990E+03   -0.9990E+03   -0.9990E+03   -0.9990E+03   -0.9990E+03   -0.9990E+03   -0.9990E+03   -0.9990E+03   -0.9990E+03   -0.9990E+03   -0.9990E+03   -0.9990E+03   -0.9990E+03   -0.9990E+03   -0.9990E+03   -0.9990E+03   -0.9990E+03   -0.9990E+03   -0.9990E+03   -0.9990E+03   -0.9990E+03   -0.9990E+03   -0.9990E+03   -0.9990E+03   -0.9990E+03   -0.9990E+03   -0.9990E+03   -0.9990E+03   -0.9990E+03   -0.9990E+03   -0.9990E+03   -0.9990E+03   -0.9990E+03   -0.9990E+03   -0.9990E+03   -0.9990E+03   -0.9990E+03   -0.9990E+03   -0.9990E+03   -0.9990E+03   -0.9990E+03   -0.9990E+03   -0.9990E+03   -0.9990E+03   -0.9990E+03   -0.9990E+03   -0.9990E+03   -0.9990E+03    0.2324E+03    0.2739E+02    0.2925E+02    0.3062E+02    0.3270E+02    0.3200E+02    0.3326E+02   -0.9990E+03
   -0.9990E+03   -0.9990E+03   -0.9990E+03   -0.9990E+03   -0.9990E+03   -0.9990E+03   -0.9990E+03   -0.9990E+03   -0.9990E+03   -0.9990E+03   -0.9990E+03   -0.9990E+03   -0.9990E+03   -0.9990E+03   -0.9990E+03   -0.9990E+03   -0.9990E+03   -0.9990E+03   -0.9990E+03   -0.9990E+03   -0.9990E+03   -0.9990E+03   -0.9990E+03   -0.9990E+03   -0.9990E+03   -0.9990E+03   -0.9990E+03   -0.9990E+03   -0.9990E+03   -0.9990E+03   -0.9990E+03   -0.9990E+03   -0.9990E+03   -0.9990E+03   -0.9990E+03   -0.9990E+03   -0.9990E+03   -0.9990E+03   -0.9990E+03   -0.9990E+03   -0.9990E+03   -0.9990E+03   -0.9990E+03   -0.9990E+03   -0.9990E+03   -0.9990E+03   -0.9990E+03   -0.9990E+03   -0.9990E+03   -0.9990E+03   -0.9990E+03   -0.9990E+03   -0.9990E+03   -0.9990E+03   -0.9990E+03   -0.9990E+03   -0.9990E+03   -0.9990E+03   -0.9990E+03   -0.9990E+03   -0.9990E+03   -0.9990E+03   -0.9990E+03   -0.9990E+03   -0.9990E+03    0.1639E+04    0.1606E+04    0.3073E+03    0.2291E+03    0.3148E+02    0.2917E+02    0.2944E+02    0.3497E+02    0.3294E+02    0.3260E+02   -0.9990E+03
   -0.9990E+03   -0.9990E+03   -0.9990E+03   -0.9990E+03   -0.9990E+03   -0.9990E+03   -0.9990E+03   -0.9990E+03   -0.9990E+03   -0.9990E+03   -0.9990E+03   -0.9990E+03   -0.9990E+03   -0.9990E+03   -0.9990E+03   -0.9990E+03   -0.9990E+03   -0.9990E+03   -0.9990E+03   -0.9990E+03   -0.9990E+03   -0.9990E+03   -0.9990E+03   -0.9990E+03   -0.9990E+03   -0.9990E+03   -0.9990E+03   -0.9990E+03   -0.9990E+03   -0.9990E+03   -0.9990E+03   -0.9990E+03   -0.9990E+03   -0.9990E+03   -0.9990E+03   -0.9990E+03   -0.9990E+03   -0.9990E+03   -0.9990E+03   -0.9990E+03   -0.9990E+03   -0.9990E+03   -0.9990E+03   -0.9990E+03   -0.9990E+03   -0.9990E+03   -0.9990E+03   -0.9990E+03   -0.9990E+03   -0.9990E+03   -0.9990E+03   -0.9990E+03   -0.9990E+03   -0.9990E+03   -0.9990E+03   -0.9990E+03    0.7630E+03    0.9901E+03    0.1279E+04    0.1325E+04   -0.9990E+03    0.1496E+04    0.1511E+04    0.1356E+04    0.1537E+04    0.1644E+04    0.1619E+04    0.2990E+03    0.2359E+03    0.3390E+02    0.3217E+02    0.3451E+02    0.3687E+02    0.3739E+02    0.3687E+02   -0.9990E+03
   -0.9990E+03   -0.9990E+03   -0.9990E+03   -0.9990E+03   -0.9990E+03   -0.9990E+03   -0.9990E+03   -0.9990E+03   -0.9990E+03   -0.9990E+03   -0.9990E+03   -0.9990E+03   -0.9990E+03   -0.9990E+03   -0.9990E+03   -0.9990E+03   -0.9990E+03   -0.9990E+03   -0.9990E+03   -0.9990E+03   -0.9990E+03   -0.9990E+03   -0.9990E+03   -0.9990E+03   -0.9990E+03   -0.9990E+03   -0.9990E+03   -0.9990E+03   -0.9990E+03   -0.9990E+03   -0.9990E+03   -0.9990E+03   -0.9990E+03   -0.9990E+03   -0.9990E+03   -0.9990E+03   -0.9990E+03   -0.9990E+03   -0.9990E+03   -0.9990E+03   -0.9990E+03   -0.9990E+03   -0.9990E+03   -0.9990E+03   -0.9990E+03   -0.9990E+03   -0.9990E+03   -0.9990E+03   -0.9990E+03   -0.9990E+03   -0.9990E+03   -0.9990E+03   -0.9990E+03   -0.9990E+03   -0.9990E+03    0.4101E+03    0.5254E+03    0.7777E+03    0.1298E+04    0.1298E+04    0.1219E+04    0.1526E+04    0.1532E+04    0.1449E+04    0.1586E+04    0.1707E+04    0.1655E+04    0.1027E+04    0.3481E+02    0.3309E+02    0.3506E+02    0.3506E+02    0.4056E+02    0.4114E+02    0.3770E+02   -0.9990E+03
   -0.9990E+03   -0.9990E+03   -0.9990E+03   -0.9990E+03   -0.9990E+03   -0.9990E+03   -0.9990E+03   -0.9990E+03   -0.9990E+03   -0.9990E+03   -0.9990E+03   -0.9990E+03   -0.9990E+03   -0.9990E+03   -0.9990E+03   -0.9990E+03   -0.9990E+03   -0.9990E+03   -0.9990E+03   -0.9990E+03   -0.9990E+03   -0.9990E+03   -0.9990E+03   -0.9990E+03   -0.9990E+03   -0.9990E+03   -0.9990E+03   -0.9990E+03   -0.9990E+03   -0.9990E+03   -0.9990E+03   -0.9990E+03   -0.9990E+03   -0.9990E+03   -0.9990E+03   -0.9990E+03   -0.9990E+03   -0.9990E+03   -0.9990E+03   -0.9990E+03   -0.9990E+03   -0.9990E+03   -0.9990E+03   -0.9990E+03   -0.9990E+03   -0.9990E+03   -0.9990E+03   -0.9990E+03   -0.9990E+03   -0.9990E+03   -0.9990E+03   -0.9990E+03   -0.9990E+03   -0.9990E+03    0.2995E+03    0.2966E+03    0.3071E+03    0.3147E+03    0.1507E+04    0.1429E+04    0.1206E+04    0.1572E+04    0.1606E+04    0.1506E+04    0.1647E+04    0.1766E+04    0.1735E+04    0.1764E+04    0.5866E+02    0.3752E+02    0.3596E+02    0.3737E+02    0.4384E+02    0.3836E+02    0.4389E+02    0.4179E+02
   -0.9990E+03   -0.9990E+03   -0.9990E+03   -0.9990E+03   -0.9990E+03   -0.9990E+03   -0.9990E+03   -0.9990E+03   -0.9990E+03   -0.9990E+03   -0.9990E+03   -0.9990E+03   -0.9990E+03   -0.9990E+03   -0.9990E+03   -0.9990E+03   -0.9990E+03   -0.9990E+03   -0.9990E+03   -0.9990E+03   -0.9990E+03   -0.9990E+03   -0.9990E+03   -0.9990E+03   -0.9990E+03   -0.9990E+03   -0.9990E+03   -0.9990E+03   -0.9990E+03   -0.9990E+03   -0.9990E+03   -0.9990E+03   -0.9990E+03   -0.9990E+03   -0.9990E+03   -0.9990E+03   -0.9990E+03   -0.9990E+03   -0.9990E+03   -0.9990E+03   -0.9990E+03   -0.9990E+03   -0.9990E+03   -0.9990E+03   -0.9990E+03   -0.9990E+03   -0.9990E+03   -0.9990E+03   -0.9990E+03   -0.9990E+03   -0.9990E+03   -0.9990E+03   -0.9990E+03    0.3000E+03    0.3007E+03    0.2982E+03    0.2957E+03    0.3178E+03    0.1569E+04    0.1515E+04    0.1349E+04    0.1673E+04    0.3531E+03    0.1791E+04    0.1778E+04    0.2256E+04    0.1844E+04    0.1805E+04    0.7128E+02    0.4196E+02    0.4202E+02    0.4453E+02    0.4505E+02    0.4152E+02    0.4271E+02   -0.9990E+03
   -0.9990E+03   -0.9990E+03   -0.9990E+03   -0.9990E+03   -0.9990E+03   -0.9990E+03   -0.9990E+03   -0.9990E+03   -0.9990E+03   -0.9990E+03   -0.9990E+03   -0.9990E+03   -0.9990E+03   -0.9990E+03   -0.9990E+03   -0.9990E+03   -0.9990E+03   -0.9990E+03   -0.9990E+03   -0.9990E+03   -0.9990E+03   -0.9990E+03   -0.9990E+03   -0.9990E+03   -0.9990E+03   -0.9990E+03   -0.9990E+03   -0.9990E+03   -0.9990E+03   -0.9990E+03   -0.9990E+03   -0.9990E+03   -0.9990E+03   -0.9990E+03   -0.9990E+03   -0.9990E+03   -0.9990E+03   -0.9990E+03   -0.9990E+03   -0.9990E+03   -0.9990E+03   -0.9990E+03   -0.9990E+03   -0.9990E+03   -0.9990E+03   -0.9990E+03   -0.9990E+03   -0.9990E+03   -0.9990E+03   -0.9990E+03   -0.9990E+03   -0.9990E+03   -0.9990E+03    0.3007E+03    0.3038E+03    0.2956E+03    0.3060E+03    0.2201E+03    0.8504E+03    0.1314E+04    0.1671E+04    0.8989E+03    0.2438E+03    0.2234E+04    0.2260E+04    0.1629E+04    0.1557E+04    0.1073E+03    0.4251E+02    0.3956E+02    0.4016E+02    0.4796E+02    0.4368E+02    0.4247E+02   -0.9990E+03   -0.9990E+03
   -0.9990E+03   -0.9990E+03   -0.9990E+03   -0.9990E+03   -0.9990E+03   -0.9990E+03   -0.9990E+03   -0.9990E+03   -0.9990E+03   -0.9990E+03   -0.9990E+03   -0.9990E+03   -0.9990E+03   -0.9990E+03   -0.9990E+03   -0.9990E+03   -0.9990E+03   -0.9990E+03   -0.9990E+03   -0.9990E+03   -0.9990E+03   -0.9990E+03   -0.9990E+03   -0.9990E+03   -0.9990E+03   -0.9990E+03   -0.9990E+03   -0.9990E+03   -0.9990E+03   -0.9990E+03   -0.9990E+03   -0.9990E+03   -0.9990E+03   -0.9990E+03   -0.9990E+03   -0.9990E+03   -0.9990E+03   -0.9990E+03   -0.9990E+03   -0.9990E+03   -0.9990E+03   -0.9990E+03   -0.9990E+03   -0.9990E+03   -0.9990E+03   -0.9990E+03   -0.9990E+03   -0.9990E+03   -0.9990E+03   -0.9990E+03   -0.9990E+03   -0.9990E+03   -0.9990E+03    0.3310E+03    0.3373E+03    0.3362E+03    0.3330E+03    0.3256E+03    0.1221E+04    0.1503E+04    0.1624E+04    0.1986E+04    0.2233E+04    0.1462E+04    0.1902E+04    0.1068E+04    0.1009E+04    0.1105E+04    0.4230E+02    0.4194E+02    0.4714E+02    0.4960E+02    0.4593E+02    0.4781E+02    0.4740E+02   -0.9990E+03
   -0.9990E+03   -0.9990E+03   -0.9990E+03   -0.9990E+03   -0.9990E+03   -0.9990E+03   -0.9990E+03   -0.9990E+03   -0.9990E+03   -0.9990E+03   -0.9990E+03   -0.9990E+03   -0.9990E+03   -0.9990E+03   -0.9990E+03   -0.9990E+03   -0.9990E+03   -0.9990E+03   -0.9990E+03   -0.9990E+03   -0.9990E+03   -0.9990E+03   -0.9990E+03   -0.9990E+03   -0.9990E+03   -0.9990E+03   -0.9990E+03   -0.9990E+03   -0.9990E+03   -0.9990E+03   -0.9990E+03   -0.9990E+03   -0.9990E+03   -0.9990E+03   -0.9990E+03   -0.9990E+03   -0.9990E+03   -0.9990E+03   -0.9990E+03   -0.9990E+03   -0.9990E+03   -0.9990E+03   -0.9990E+03   -0.9990E+03   -0.9990E+03   -0.9990E+03   -0.9990E+03   -0.9990E+03   -0.9990E+03   -0.9990E+03   -0.9990E+03   -0.9990E+03    0.3247E+03    0.3234E+03    0.3360E+03    0.3399E+03    0.3371E+03    0.1816E+03    0.1689E+04    0.1711E+04    0.1782E+04    0.1957E+04    0.2258E+04    0.2152E+04    0.2334E+04    0.2343E+04    0.1151E+04    0.1145E+04    0.1140E+04    0.8972E+02    0.5210E+02    0.4786E+02    0.5143E+02    0.5378E+02    0.4747E+02   -0.9990E+03
   -0.9990E+03   -0.9990E+03   -0.9990E+03   -0.9990E+03   -0.9990E+03   -0.9990E+03   -0.9990E+03   -0.9990E+03   -0.9990E+03   -0.9990E+03   -0.9990E+03   -0.9990E+03   -0.9990E+03   -0.9990E+03   -0.9990E+03   -0.9990E+03   -0.9990E+03   -0.9990E+03   -0.9990E+03   -0.9990E+03   -0.9990E+03   -0.9990E+03   -0.9990E+03   -0.9990E+03   -0.9990E+03   -0.9990E+03   -0.9990E+03   -0.9990E+03   -0.9990E+03   -0.9990E+03   -0.9990E+03   -0.9990E+03   -0.9990E+03   -0.9990E+03   -0.9990E+03   -0.9990E+03   -0.9990E+03   -0.9990E+03   -0.9990E+03   -0.9990E+03   -0.9990E+03   -0.9990E+03   -0.9990E+03   -0.9990E+03   -0.9990E+03   -0.9990E+03   -0.9990E+03   -0.9990E+03   -0.9990E+03   -0.9990E+03   -0.9990E+03    0.2907E+03    0.3298E+03    0.3358E+03    0.3401E+03    0.3260E+03    0.3522E+03    0.1832E+03    0.2145E+04    0.1852E+04    0.1962E+04    0.2206E+04    0.2231E+04    0.2003E+04    0.2235E+04    0.2341E+04    0.2338E+04    0.1206E+04    0.6983E+03    0.8403E+02    0.5108E+02    0.5504E+02    0.4444E+02    0.5409E+02    0.5029E+02   -0.9990E+03
   -0.9990E+03   -0.9990E+03   -0.9990E+03   -0.9990E+03   -0.9990E+03   -0.9990E+03   -0.9990E+03   -0.9990E+03   -0.9990E+03   -0.9990E+03   -0.9990E+03   -0.9990E+03   -0.9990E+03   -0.9990E+03   -0.9990E+03   -0.9990E+03   -0.9990E+03   -0.9990E+03   -0.9990E+03   -0.9990E+03   -0.9990E+03   -0.9990E+03   -0.9990E+03   -0.9990E+03   -0.9990E+03   -0.9990E+03   -0.9990E+03   -0.9990E+03   -0.9990E+03   -0.9990E+03   -0.9990E+03   -0.9990E+03   -0.9990E+03   -0.9990E+03   -0.9990E+03   -0.9990E+03   -0.9990E+03   -0.9990E+03   -0.9990E+03   -0.9990E+03   -0.9990E+03   -0.9990E+03   -0.9990E+03   -0.9990E+03   -0.9990E+03   -0.9990E+03   -0.9990E+03   -0.9990E+03   -0.9990E+03    0.2316E+03    0.2475E+03    0.2485E+03    0.3239E+03    0.3639E+03    0.3807E+03    0.3850E+03    0.3973E+03    0.2829E+03    0.1502E+04    0.1649E+04    0.2256E+04    0.1709E+04    0.2486E+03    0.1239E+04    0.2339E+04    0.2344E+04    0.2341E+04    0.8436E+02    0.7349E+02    0.4753E+03    0.9059E+02    0.8818E+02    0.5808E+02    0.4789E+02    0.5492E+02   -0.9990E+03
   -0.9990E+03   -0.9990E+03   -0.9990E+03   -0.9990E+03   -0.9990E+03   -0.9990E+03   -0.9990E+03   -0.9990E+03   -0.9990E+03   -0.9990E+03   -0.9990E+03   -0.9990E+03   -0.9990E+03   -0.9990E+03   -0.9990E+03   -0.9990E+03   -0.9990E+03   -0.9990E+03   -0.9990E+03   -0.9990E+03   -0.9990E+03   -0.9990E+03   -0.9990E+03   -0.9990E+03   -0.9990E+03   -0.9990E+03   -0.9990E+03   -0.9990E+03   -0.9990E+03   -0.9990E+03   -0.9990E+03   -0.9990E+03   -0.9990E+03   -0.9990E+03   -0.9990E+03   -0.9990E+03   -0.9990E+03   -0.9990E+03   -0.9990E+03   -0.9990E+03   -0.9990E+03   -0.9990E+03   -0.9990E+03   -0.9990E+03   -0.9990E+03   -0.9990E+03   -0.9990E+03   -0.9990E+03    0.6174E+02    0.2384E+03    0.2583E+03    0.2604E+03    0.2631E+03    0.1395E+03    0.6415E+02    0.6468E+02    0.3320E+03    0.2124E+03    0.9197E+01    0.1497E+02    0.9028E+03    0.4006E+03    0.2215E+03    0.3122E+03    0.2856E+02    0.3176E+02    0.3188E+02    0.3594E+02    0.9103E+03    0.7614E+03    0.6117E+02    0.6905E+02    0.9253E+02    0.5451E+02    0.5377E+02   -0.9990E+03
   -0.9990E+03   -0.9990E+03   -0.9990E+03   -0.9990E+03   -0.9990E+03   -0.9990E+03   -0.9990E+03   -0.9990E+03   -0.9990E+03   -0.9990E+03   -0.9990E+03   -0.9990E+03   -0.9990E+03   -0.9990E+03   -0.9990E+03   -0.9990E+03   -0.9990E+03   -0.9990E+03   -0.9990E+03   -0.9990E+03   -0.9990E+03   -0.9990E+03   -0.9990E+03   -0.9990E+03   -0.9990E+03   -0.9990E+03   -0.9990E+03   -0.9990E+03   -0.9990E+03   -0.9990E+03   -0.9990E+03   -0.9990E+03   -0.9990E+03   -0.9990E+03   -0.9990E+03   -0.9990E+03   -0.9990E+03   -0.9990E+03   -0.9990E+03   -0.9990E+03   -0.9990E+03   -0.9990E+03   -0.9990E+03   -0.9990E+03   -0.9990E+03   -0.9990E+03   -0.9990E+03   -0.9990E+03    0.6129E+02    0.2193E+03    0.2247E+03    0.2713E+03    0.2512E+03    0.2247E+03    0.5870E+02    0.5415E+02    0.5489E+02    0.2604E+03    0.6886E+03    0.1705E+02    0.1678E+03    0.1730E+03    0.1868E+03    0.2025E+03    0.2333E+04    0.2342E+04    0.2343E+04    0.2177E+04    0.1694E+04    0.2163E+03    0.1320E+03    0.6649E+02    0.1100E+03    0.6014E+02    0.5086E+02   -0.9990E+03
   -0.9990E+03   -0.9990E+03   -0.9990E+03   -0.9990E+03   -0.9990E+03   -0.9990E+03   -0.9990E+03   -0.9990E+03   -0.9990E+03   -0.9990E+03   -0.9990E+03   -0.9990E+03   -0.9990E+03   -0.9990E+03   -0.9990E+03   -0.9990E+03   -0.9990E+03   -0.9990E+03   -0.9990E+03   -0.9990E+03   -0.9990E+03   -0.9990E+03   -0.9990E+03   -0.9990E+03   -0.9990E+03   -0.9990E+03   -0.9990E+03   -0.9990E+03   -0.9990E+03   -0.9990E+03   -0.9990E+03   -0.9990E+03   -0.9990E+03   -0.9990E+03   -0.9990E+03   -0.9990E+03   -0.9990E+03   -0.9990E+03   -0.9990E+03   -0.9990E+03   -0.9990E+03   -0.9990E+03   -0.9990E+03   -0.9990E+03   -0.9990E+03   -0.9990E+03   -0.9990E+03    0.7795E+03    0.6577E+02    0.2310E+03    0.2695E+03    0.2749E+03    0.2229E+03    0.2080E+03    0.6567E+02    0.6053E+02    0.8656E+02    0.9275E+03    0.1685E+04    0.1867E+04    0.1369E+04    0.1672E+03    0.2358E+03    0.2325E+04    0.1374E+04    0.1345E+04    0.1538E+04    0.1400E+04    0.1273E+04    0.2460E+03    0.1407E+03    0.1014E+03    0.1485E+03    0.6076E+02    0.5321E+02   -0.9990E+03
   -0.9990E+03   -0.9990E+03   -0.9990E+03   -0.9990E+03   -0.9990E+03   -0.9990E+03   -0.9990E+03   -0.9990E+03   -0.9990E+03   -0.9990E+03   -0.9990E+03   -0.9990E+03   -0.9990E+03   -0.9990E+03   -0.9990E+03   -0.9990E+03   -0.9990E+03   -0.9990E+03   -0.9990E+03   -0.9990E+03   -0.9990E+03   -0.9990E+03   -0.9990E+03   -0.9990E+03   -0.9990E+03   -0.9990E+03   -0.9990E+03   -0.9990E+03   -0.9990E+03   -0.9990E+03   -0.9990E+03   -0.9990E+03   -0.9990E+03   -0.9990E+03   -0.9990E+03   -0.9990E+03   -0.9990E+03   -0.9990E+03   -0.9990E+03   -0.9990E+03   -0.9990E+03   -0.9990E+03   -0.9990E+03   -0.9990E+03   -0.9990E+03   -0.9990E+03   -0.9990E+03    0.8396E+03    0.1003E+03    0.2662E+03    0.2476E+03    0.2439E+03    0.2468E+03    0.1793E+03    0.2025E+03    0.2344E+03    0.7626E+03    0.1736E+04    0.8732E+03    0.1013E+04    0.1325E+04    0.2133E+03    0.2037E+04    0.2335E+04    0.1527E+04    0.1493E+04    0.1440E+04    0.1354E+04    0.1259E+04    0.1459E+04    0.1300E+03    0.1278E+03    0.1798E+03    0.5461E+02   -0.9990E+03   -0.9990E+03
   -0.9990E+03   -0.9990E+03   -0.9990E+03   -0.9990E+03   -0.9990E+03   -0.9990E+03   -0.9990E+03   -0.9990E+03   -0.9990E+03   -0.9990E+03   -0.9990E+03   -0.9990E+03   -0.9990E+03   -0.9990E+03   -0.9990E+03   -0.9990E+03   -0.9990E+03   -0.9990E+03   -0.9990E+03   -0.9990E+03   -0.9990E+03   -0.9990E+03   -0.9990E+03   -0.9990E+03   -0.9990E+03   -0.9990E+03   -0.9990E+03   -0.9990E+03   -0.9990E+03   -0.9990E+03   -0.9990E+03   -0.9990E+03   -0.9990E+03   -0.9990E+03   -0.9990E+03   -0.9990E+03   -0.9990E+03   -0.9990E+03   -0.9990E+03   -0.9990E+03   -0.9990E+03   -0.9990E+03   -0.9990E+03   -0.9990E+03    0.8080E+03    0.7696E+03    0.7448E+03    0.8029E+03    0.7349E+03    0.2626E+03    0.1607E+03    0.1399E+03    0.1536E+03    0.1552E+03    0.1763E+03    0.3280E+03    0.1041E+04    0.1698E+04    0.5605E+03    0.1400E+04    0.1443E+04    0.1099E+03    0.2148E+04    0.2550E+04    0.1573E+04    0.1618E+04    0.1533E+04    0.1255E+04    0.1334E+04    0.2360E+03    0.1340E+03    0.1056E+03   -0.9990E+03   -0.9990E+03   -0.9990E+03   -0.9990E+03
   -0.9990E+03   -0.9990E+03   -0.9990E+03   -0.9990E+03   -0.9990E+03   -0.9990E+03   -0.9990E+03   -0.9990E+03   -0.9990E+03   -0.9990E+03   -0.9990E+03   -0.9990E+03   -0.9990E+03   -0.9990E+03   -0.9990E+03   -0.9990E+03   -0.9990E+03   -0.9990E+03   -0.9990E+03   -0.9990E+03   -0.9990E+03   -0.9990E+03   -0.9990E+03   -0.9990E+03   -0.9990E+03   -0.9990E+03   -0.9990E+03   -0.9990E+03   -0.9990E+03   -0.9990E+03   -0.9990E+03   -0.9990E+03   -0.9990E+03   -0.9990E+03   -0.9990E+03   -0.9990E+03   -0.9990E+03   -0.9990E+03   -0.9990E+03   -0.9990E+03   -0.9990E+03   -0.9990E+03   -0.9990E+03   -0.9990E+03    0.7716E+03    0.8371E+03    0.7010E+03    0.6805E+03    0.1100E+04    0.1931E+03    0.1386E+03    0.1556E+03    0.1591E+03    0.1571E+03    0.1407E+03    0.1605E+03    0.6433E+03    0.1152E+04    0.5933E+03    0.6365E+03    0.7661E+03    0.4586E+02    0.9629E+03    0.2552E+04    0.2014E+04    0.1389E+04    0.1820E+04    0.1508E+04    0.1556E+04    0.1897E+03    0.1199E+03   -0.9990E+03   -0.9990E+03   -0.9990E+03   -0.9990E+03   -0.9990E+03
   -0.9990E+03   -0.9990E+03   -0.9990E+03   -0.9990E+03   -0.9990E+03   -0.9990E+03   -0.9990E+03   -0.9990E+03   -0.9990E+03   -0.9990E+03   -0.9990E+03   -0.9990E+03   -0.9990E+03   -0.9990E+03   -0.9990E+03   -0.9990E+03   -0.9990E+03   -0.9990E+03   -0.9990E+03   -0.9990E+03   -0.9990E+03   -0.9990E+03   -0.9990E+03   -0.9990E+03   -0.9990E+03   -0.9990E+03   -0.9990E+03   -0.9990E+03   -0.9990E+03   -0.9990E+03   -0.9990E+03   -0.9990E+03   -0.9990E+03   -0.9990E+03   -0.9990E+03   -0.9990E+03   -0.9990E+03   -0.9990E+03   -0.9990E+03   -0.9990E+03   -0.9990E+03   -0.9990E+03   -0.9990E+03   -0.9990E+03    0.7962E+03    0.9689E+03    0.7520E+03    0.7131E+03    0.7807E+03    0.1662E+03    0.1554E+03    0.1577E+03    0.1726E+03    0.1664E+03    0.1502E+03    0.1501E+03    0.2700E+03    0.2603E+04    0.2609E+04    0.8292E+03    0.7849E+03    0.4569E+02    0.7826E+03    0.9808E+03    0.2507E+04    0.2484E+04    0.1765E+04    0.1717E+04    0.2072E+03    0.1723E+03    0.1292E+03   -0.9990E+03   -0.9990E+03   -0.9990E+03   -0.9990E+03   -0.9990E+03
   -0.9990E+03   -0.9990E+03   -0.9990E+03   -0.9990E+03   -0.9990E+03   -0.9990E+03   -0.9990E+03   -0.9990E+03   -0.9990E+03   -0.9990E+03   -0.9990E+03   -0.9990E+03   -0.9990E+03   -0.9990E+03   -0.9990E+03   -0.9990E+03   -0.9990E+03   -0.9990E+03   -0.9990E+03   -0.9990E+03   -0.9990E+03   -0.9990E+03   -0.9990E+03   -0.9990E+03   -0.9990E+03   -0.9990E+03   -0.9990E+03   -0.9990E+03   -0.9990E+03   -0.9990E+03   -0.9990E+03   -0.9990E+03   -0.9990E+03   -0.9990E+03   -0.9990E+03   -0.9990E+03   -0.9990E+03   -0.9990E+03   -0.9990E+03   -0.9990E+03   -0.9990E+03   -0.9990E+03   -0.9990E+03    0.8310E+03    0.8568E+03    0.9910E+03    0.7682E+03    0.7456E+03    0.6814E+03    0.1603E+03    0.1492E+03    0.1545E+03    0.1656E+03    0.1746E+03    0.1601E+03    0.1699E+03    0.1568E+03    0.2774E+03    0.2616E+04    0.2621E+04    0.9333E+03    0.6830E+02    0.7278E+03    0.7046E+03    0.7600E+03    0.1581E+04    0.2993E+03    0.1933E+03    0.1552E+03    0.1488E+03    0.6235E+02   -0.9990E+03   -0.9990E+03   -0.9990E+03   -0.9990E+03   -0.9990E+03
   -0.9990E+03   -0.9990E+03   -0.9990E+03   -0.9990E+03   -0.9990E+03   -0.9990E+03   -0.9990E+03   -0.9990E+03   -0.9990E+03   -0.9990E+03   -0.9990E+03   -0.9990E+03   -0.9990E+03   -0.9990E+03   -0.9990E+03   -0.9990E+03   -0.9990E+03   -0.9990E+03   -0.9990E+03   -0.9990E+03   -0.9990E+03   -0.9990E+03   -0.9990E+03   -0.9990E+03   -0.9990E+03   -0.9990E+03   -0.9990E+03   -0.9990E+03   -0.9990E+03   -0.9990E+03   -0.9990E+03   -0.9990E+03   -0.9990E+03   -0.9990E+03   -0.9990E+03   -0.9990E+03   -0.9990E+03   -0.9990E+03   -0.9990E+03   -0.9990E+03   -0.9990E+03   -0.9990E+03   -0.9990E+03    0.9227E+03    0.9315E+03    0.1000E+04    0.6644E+03    0.6549E+03    0.7594E+03    0.1614E+03    0.1651E+03    0.1541E+03    0.1613E+03    0.1789E+03    0.1710E+03    0.1575E+03    0.1659E+03    0.1957E+03    0.2623E+04    0.2624E+04    0.8015E+03    0.7241E+02    0.8534E+03    0.8351E+03    0.7656E+03    0.1339E+04    0.9635E+03    0.3003E+03    0.1639E+03    0.1602E+03   -0.9990E+03   -0.9990E+03   -0.9990E+03   -0.9990E+03   -0.9990E+03   -0.9990E+03
   -0.9990E+03   -0.9990E+03   -0.9990E+03   -0.9990E+03   -0.9990E+03   -0.9990E+03   -0.9990E+03   -0.9990E+03   -0.9990E+03   -0.9990E+03   -0.9990E+03   -0.9990E+03   -0.9990E+03   -0.9990E+03   -0.9990E+03   -0.9990E+03   -0.9990E+03   -0.9990E+03   -0.9990E+03   -0.9990E+03   -0.9990E+03   -0.9990E+03   -0.9990E+03   -0.9990E+03   -0.9990E+03   -0.9990E+03   -0.9990E+03   -0.9990E+03   -0.9990E+03   -0.9990E+03   -0.9990E+03   -0.9990E+03   -0.9990E+03   -0.9990E+03   -0.9990E+03   -0.9990E+03   -0.9990E+03   -0.9990E+03   -0.9990E+03   -0.9990E+03    0.4583E+03   -0.9990E+03   -0.9990E+03    0.8582E+03    0.9947E+03    0.9163E+03    0.7006E+03    0.7666E+03    0.7523E+03    0.1394E+03    0.2536E+03    0.1602E+03    0.1678E+03    0.1858E+03    0.1625E+03    0.1737E+03    0.1833E+03    0.1757E+03    0.2621E+04    0.2631E+04    0.9337E+03    0.5715E+02    0.9056E+03    0.8782E+03    0.7403E+03    0.8260E+03    0.1253E+04    0.8321E+03    0.5797E+03    0.1524E+03    0.5854E+03   -0.9990E+03   -0.9990E+03   -0.9990E+03   -0.9990E+03   -0.9990E+03
   -0.9990E+03   -0.9990E+03   -0.9990E+03   -0.9990E+03   -0.9990E+03   -0.9990E+03   -0.9990E+03   -0.9990E+03   -0.9990E+03   -0.9990E+03   -0.9990E+03   -0.9990E+03   -0.9990E+03   -0.9990E+03   -0.9990E+03   -0.9990E+03   -0.9990E+03   -0.9990E+03   -0.9990E+03   -0.9990E+03   -0.9990E+03   -0.9990E+03   -0.9990E+03   -0.9990E+03   -0.9990E+03   -0.9990E+03   -0.9990E+03   -0.9990E+03   -0.9990E+03   -0.9990E+03   -0.9990E+03   -0.9990E+03   -0.9990E+03   -0.9990E+03   -0.9990E+03    0.4653E+03    0.4687E+03    0.4409E+03    0.4523E+03    0.4728E+03    0.4993E+03    0.2736E+03    0.7420E+03    0.9261E+03    0.9591E+03    0.9212E+03    0.8020E+03    0.8197E+03    0.7457E+03    0.1462E+03    0.2520E+03    0.1861E+03    0.1767E+03    0.1883E+03    0.1851E+03    0.1874E+03    0.1851E+03    0.1942E+03    0.2631E+04    0.2621E+04    0.7938E+03    0.3652E+02    0.3356E+03    0.4082E+03    0.2224E+03    0.8322E+03    0.1696E+04    0.1079E+04    0.1731E+04    0.6757E+03    0.4243E+03   -0.9990E+03   -0.9990E+03   -0.9990E+03   -0.9990E+03   -0.9990E+03
   -0.9990E+03   -0.9990E+03   -0.9990E+03   -0.9990E+03   -0.9990E+03   -0.9990E+03   -0.9990E+03   -0.9990E+03   -0.9990E+03   -0.9990E+03   -0.9990E+03   -0.9990E+03   -0.9990E+03   -0.9990E+03   -0.9990E+03   -0.9990E+03   -0.9990E+03   -0.9990E+03   -0.9990E+03   -0.9990E+03   -0.9990E+03   -0.9990E+03   -0.9990E+03   -0.9990E+03   -0.9990E+03   -0.9990E+03   -0.9990E+03   -0.9990E+03   -0.9990E+03   -0.9990E+03   -0.9990E+03   -0.9990E+03   -0.9990E+03   -0.9990E+03   -0.9990E+03    0.3844E+03    0.3777E+03    0.3993E+03    0.4808E+03    0.4892E+03    0.4325E+03    0.2661E+03    0.7208E+03    0.9629E+03    0.9438E+03    0.9946E+03    0.7105E+03    0.6998E+03    0.7427E+03    0.6545E+03    0.7979E+03    0.1931E+03    0.1834E+03    0.4427E+03    0.1878E+03    0.1867E+03    0.1877E+03    0.2997E+03    0.2143E+04    0.3975E+03    0.6138E+03    0.2258E+03    0.6978E+03    0.2106E+04    0.1180E+04    0.2218E+04    0.8971E+03    0.1064E+04    0.1001E+04    0.5733E+03    0.6818E+03    0.5070E+03   -0.9990E+03   -0.9990E+03   -0.9990E+03   -0.9990E+03
   -0.9990E+03   -0.9990E+03   -0.9990E+03   -0.9990E+03   -0.9990E+03   -0.9990E+03   -0.9990E+03   -0.9990E+03   -0.9990E+03   -0.9990E+03   -0.9990E+03   -0.9990E+03   -0.9990E+03   -0.9990E+03   -0.9990E+03   -0.9990E+03   -0.9990E+03   -0.9990E+03   -0.9990E+03   -0.9990E+03   -0.9990E+03   -0.9990E+03   -0.9990E+03   -0.9990E+03   -0.9990E+03   -0.9990E+03   -0.9990E+03   -0.9990E+03   -0.9990E+03   -0.9990E+03   -0.9990E+03   -0.9990E+03   -0.9990E+03   -0.9990E+03    0.3477E+03    0.3783E+03    0.3612E+03    0.3549E+03    0.3783E+03    0.3723E+03    0.4470E+03    0.2638E+03    0.7364E+03    0.8455E+03    0.9210E+03    0.9737E+03    0.7256E+03    0.6337E+03    0.6433E+03    0.6796E+03    0.6688E+03    0.8770E+03    0.4427E+03    0.3838E+03    0.4142E+03    0.1834E+03    0.1842E+03    0.2101E+03    0.4851E+03    0.6974E+03    0.1370E+04    0.2162E+03    0.7903E+03    0.9840E+03    0.1719E+04    0.1039E+04    0.1104E+04    0.7053E+03    0.1341E+04    0.6838E+03    0.4333E+03    0.4959E+03   -0.9990E+03   -0.9990E+03   -0.9990E+03   -0.9990E+03
   -0.9990E+03   -0.9990E+03   -0.9990E+03   -0.9990E+03   -0.9990E+03   -0.9990E+03   -0.9990E+03   -0.9990E+03   -0.9990E+03   -0.9990E+03   -0.9990E+03   -0.9990E+03   -0.9990E+03   -0.9990E+03   -0.9990E+03   -0.9990E+03   -0.9990E+03   -0.9990E+03   -0.9990E+03   -0.9990E+03   -0.9990E+03   -0.9990E+03   -0.9990E+03   -0.9990E+03   -0.9990E+03   -0.9990E+03   -0.9990E+03   -0.9990E+03   -0.9990E+03   -0.9990E+03   -0.9990E+03   -0.9990E+03   -0.9990E+03   -0.9990E+03    0.3407E+03    0.3756E+03    0.3742E+03    0.3681E+03    0.3412E+03    0.3303E+03    0.2138E+03    0.4406E+03    0.7275E+03    0.9837E+03    0.8091E+03    0.6094E+03    0.8714E+03    0.9823E+03    0.8382E+03    0.8697E+03    0.9555E+03    0.8511E+03    0.2941E+03    0.1472E+03    0.3129E+03    0.1870E+03    0.1859E+03    0.1724E+03    0.4288E+03    0.8928E+03    0.2506E+04    0.2174E+03    0.1941E+04    0.8959E+03    0.7331E+03    0.6400E+03    0.4349E+03    0.3618E+03    0.7802E+03    0.7567E+03    0.7717E+03    0.3048E+03   -0.9990E+03   -0.9990E+03   -0.9990E+03   -0.9990E+03
   -0.9990E+03   -0.9990E+03   -0.9990E+03   -0.9990E+03   -0.9990E+03   -0.9990E+03   -0.9990E+03   -0.9990E+03   -0.9990E+03   -0.9990E+03   -0.9990E+03   -0.9990E+03   -0.9990E+03   -0.9990E+03   -0.9990E+03   -0.9990E+03   -0.9990E+03   -0.9990E+03   -0.9990E+03   -0.9990E+03   -0.9990E+03   -0.9990E+03   -0.9990E+03   -0.9990E+03   -0.9990E+03   -0.9990E+03   -0.9990E+03   -0.9990E+03   -0.9990E+03   -0.9990E+03   -0.9990E+03   -0.9990E+03   -0.9990E+03   -0.9990E+03    0.3524E+03    0.3490E+03    0.3637E+03    0.2630E+03    0.3687E+03    0.1654E+03    0.1405E+03    0.1504E+03    0.5875E+03    0.8065E+03    0.2433E+03    0.3437E+03    0.2031E+03    0.6161E+03    0.1992E+03    0.1985E+03    0.2168E+03    0.7714E+03    0.4449E+03    0.1699E+03    0.3402E+03    0.1925E+03    0.1877E+03    0.1948E+03    0.1922E+04    0.1820E+04    0.2122E+03    0.1404E+03    0.2015E+04    0.1535E+04    0.2332E+03    0.5966E+03    0.6782E+03    0.4014E+03    0.5798E+03    0.4425E+03    0.3520E+03    0.4769E+03   -0.9990E+03   -0.9990E+03   -0.9990E+03   -0.9990E+03
   -0.9990E+03   -0.9990E+03   -0.9990E+03   -0.9990E+03   -0.9990E+03   -0.9990E+03   -0.9990E+03   -0.9990E+03   -0.9990E+03   -0.9990E+03   -0.9990E+03   -0.9990E+03   -0.9990E+03   -0.9990E+03   -0.9990E+03   -0.9990E+03   -0.9990E+03   -0.9990E+03   -0.9990E+03   -0.9990E+03   -0.9990E+03   -0.9990E+03   -0.9990E+03   -0.9990E+03   -0.9990E+03   -0.9990E+03   -0.9990E+03   -0.9990E+03   -0.9990E+03   -0.9990E+03   -0.9990E+03   -0.9990E+03   -0.9990E+03   -0.9990E+03    0.3599E+03    0.3604E+03    0.3291E+03    0.1530E+03    0.3143E+03    0.1309E+03    0.1413E+03    0.1397E+03    0.3253E+03    0.7100E+03    0.8991E+03    0.8980E+03    0.2034E+03    0.1569E+03    0.1552E+03    0.1804E+03    0.8486E+03    0.7213E+03    0.2075E+03    0.2496E+03    0.2988E+03    0.2000E+03    0.1827E+03    0.1859E+03    0.6869E+03    0.2055E+04    0.2484E+03    0.1430E+03    0.1664E+04    0.1084E+04    0.6405E+03    0.6946E+03    0.6041E+03    0.8766E+03   -0.9990E+03    0.7366E+03   -0.9990E+03   -0.9990E+03   -0.9990E+03   -0.9990E+03   -0.9990E+03   -0.9990E+03
   -0.9990E+03   -0.9990E+03   -0.9990E+03   -0.9990E+03   -0.9990E+03   -0.9990E+03   -0.9990E+03   -0.9990E+03   -0.9990E+03   -0.9990E+03   -0.9990E+03   -0.9990E+03   -0.9990E+03   -0.9990E+03   -0.9990E+03   -0.9990E+03   -0.9990E+03   -0.9990E+03   -0.9990E+03   -0.9990E+03   -0.9990E+03   -0.9990E+03   -0.9990E+03   -0.9990E+03   -0.9990E+03   -0.9990E+03   -0.9990E+03   -0.9990E+03   -0.9990E+03   -0.9990E+03   -0.9990E+03   -0.9990E+03   -0.9990E+03   -0.9990E+03    0.3569E+03    0.3738E+03    0.3259E+03    0.1586E+03    0.2799E+03    0.1437E+03    0.3067E+03    0.2736E+03    0.1579E+03    0.1437E+03    0.6966E+03    0.5786E+03    0.1916E+03    0.1580E+03    0.1507E+03    0.1699E+03    0.1739E+03    0.1400E+03    0.1654E+03    0.2916E+03    0.1563E+03    0.1879E+03    0.1848E+03    0.2305E+03    0.7581E+03    0.2510E+03    0.2554E+03    0.2295E+04    0.2047E+04    0.2637E+04    0.1349E+04    0.7280E+03    0.5108E+03    0.3279E+03   -0.9990E+03   -0.9990E+03   -0.9990E+03   -0.9990E+03   -0.9990E+03   -0.9990E+03   -0.9990E+03   -0.9990E+03
   -0.9990E+03   -0.9990E+03   -0.9990E+03   -0.9990E+03   -0.9990E+03   -0.9990E+03   -0.9990E+03   -0.9990E+03   -0.9990E+03   -0.9990E+03   -0.9990E+03   -0.9990E+03   -0.9990E+03   -0.9990E+03   -0.9990E+03   -0.9990E+03   -0.9990E+03   -0.9990E+03   -0.9990E+03   -0.9990E+03   -0.9990E+03   -0.9990E+03   -0.9990E+03   -0.9990E+03   -0.9990E+03   -0.9990E+03   -0.9990E+03   -0.9990E+03   -0.9990E+03   -0.9990E+03   -0.9990E+03   -0.9990E+03   -0.9990E+03    0.2576E+03    0.1991E+03    0.1987E+03    0.3684E+03    0.1536E+03    0.3042E+03    0.3452E+03    0.2384E+03    0.1588E+03    0.2817E+03    0.3086E+03    0.3353E+03    0.1438E+03    0.1527E+03    0.1594E+03    0.1533E+03    0.1612E+03    0.1884E+03    0.1557E+03    0.3739E+03    0.4017E+03    0.2624E+03    0.3148E+03    0.5246E+03    0.4267E+03    0.6302E+01    0.7132E+01    0.1977E+04    0.1801E+04    0.1473E+04    0.1863E+04    0.2373E+04    0.1510E+04    0.1662E+04    0.7765E+03    0.1275E+04   -0.9990E+03   -0.9990E+03   -0.9990E+03   -0.9990E+03   -0.9990E+03   -0.9990E+03   -0.9990E+03
   -0.9990E+03   -0.9990E+03   -0.9990E+03   -0.9990E+03   -0.9990E+03   -0.9990E+03   -0.9990E+03   -0.9990E+03   -0.9990E+03   -0.9990E+03   -0.9990E+03   -0.9990E+03   -0.9990E+03   -0.9990E+03   -0.9990E+03   -0.9990E+03   -0.9990E+03   -0.9990E+03   -0.9990E+03   -0.9990E+03   -0.9990E+03   -0.9990E+03   -0.9990E+03   -0.9990E+03   -0.9990E+03   -0.9990E+03   -0.9990E+03   -0.9990E+03   -0.9990E+03   -0.9990E+03   -0.9990E+03   -0.9990E+03    0.3091E+03    0.3255E+03    0.3034E+03    0.1891E+03    0.3169E+03    0.2648E+03    0.3651E+03    0.3163E+03    0.1549E+03    0.1620E+03    0.1382E+03    0.1499E+03    0.1503E+03    0.1485E+03    0.1384E+03    0.1540E+03    0.1597E+03    0.1582E+03    0.1512E+03    0.1494E+03    0.1678E+03    0.2940E+03    0.2782E+03    0.3094E+03    0.8122E+03    0.1500E+04    0.2048E+03    0.2242E+04    0.2020E+04    0.2183E+04    0.1743E+04    0.1486E+04    0.1444E+04    0.2189E+04    0.2002E+04    0.2017E+04   -0.9990E+03   -0.9990E+03   -0.9990E+03   -0.9990E+03   -0.9990E+03   -0.9990E+03   -0.9990E+03   -0.9990E+03
   -0.9990E+03   -0.9990E+03   -0.9990E+03   -0.9990E+03   -0.9990E+03   -0.9990E+03   -0.9990E+03   -0.9990E+03   -0.9990E+03   -0.9990E+03   -0.9990E+03   -0.9990E+03   -0.9990E+03   -0.9990E+03   -0.9990E+03   -0.9990E+03   -0.9990E+03   -0.9990E+03   -0.9990E+03   -0.9990E+03   -0.9990E+03   -0.9990E+03   -0.9990E+03   -0.9990E+03   -0.9990E+03   -0.9990E+03   -0.9990E+03   -0.9990E+03   -0.9990E+03   -0.9990E+03   -0.9990E+03    0.6215E+02    0.6855E+02    0.6377E+02    0.2427E+03    0.1252E+03    0.1052E+02    0.2322E+03    0.3488E+03    0.3875E+03    0.3102E+03    0.2992E+03    0.3676E+03    0.3300E+03    0.1828E+03    0.1688E+03    0.1512E+03    0.1516E+03    0.1535E+03    0.1432E+03    0.1281E+03    0.1448E+03    0.1394E+03    0.3258E+03    0.1316E+03    0.3560E+03    0.8364E+03    0.1429E+03    0.1989E+03    0.2082E+04    0.1612E+04    0.1540E+04    0.2194E+04    0.2277E+04    0.1485E+04    0.1382E+04    0.6254E+03   -0.9990E+03   -0.9990E+03   -0.9990E+03   -0.9990E+03   -0.9990E+03   -0.9990E+03   -0.9990E+03   -0.9990E+03   -0.9990E+03
   -0.9990E+03   -0.9990E+03   -0.9990E+03   -0.9990E+03   -0.9990E+03   -0.9990E+03   -0.9990E+03   -0.9990E+03   -0.9990E+03   -0.9990E+03   -0.9990E+03   -0.9990E+03   -0.9990E+03   -0.9990E+03   -0.9990E+03   -0.9990E+03   -0.9990E+03   -0.9990E+03   -0.9990E+03   -0.9990E+03   -0.9990E+03   -0.9990E+03   -0.9990E+03   -0.9990E+03   -0.9990E+03   -0.9990E+03   -0.9990E+03   -0.9990E+03   -0.9990E+03   -0.9990E+03    0.6384E+02    0.6492E+02    0.6835E+02    0.6607E+02    0.1914E+03    0.1938E+03    0.1571E+03    0.2512E+03    0.1392E+03    0.9327E+03    0.9423E+03    0.8867E+03    0.9366E+03    0.3069E+03    0.1541E+03    0.1761E+03    0.1581E+03    0.1471E+03    0.1420E+03    0.1402E+03    0.1389E+03    0.1413E+03    0.1348E+03    0.2377E+03    0.2261E+03    0.2120E+03    0.1930E+03    0.1367E+03    0.5266E+03    0.2231E+04    0.2527E+04    0.2836E+04    0.1741E+04    0.2071E+04    0.2530E+04    0.1503E+04    0.8006E+03   -0.9990E+03   -0.9990E+03   -0.9990E+03   -0.9990E+03   -0.9990E+03   -0.9990E+03   -0.9990E+03   -0.9990E+03   -0.9990E+03
   -0.9990E+03   -0.9990E+03   -0.9990E+03   -0.9990E+03   -0.9990E+03   -0.9990E+03   -0.9990E+03   -0.9990E+03   -0.9990E+03   -0.9990E+03   -0.9990E+03   -0.9990E+03   -0.9990E+03   -0.9990E+03   -0.9990E+03   -0.9990E+03   -0.9990E+03   -0.9990E+03   -0.9990E+03   -0.9990E+03   -0.9990E+03   -0.9990E+03   -0.9990E+03   -0.9990E+03   -0.9990E+03   -0.9990E+03   -0.9990E+03   -0.9990E+03   -0.9990E+03   -0.9990E+03    0.6555E+02    0.6619E+02    0.6499E+02    0.6956E+02    0.2600E+03    0.2703E+03    0.1556E+03    0.3642E+03    0.8692E+03    0.1340E+04    0.8035E+03    0.1298E+04    0.1210E+04    0.1953E+03    0.1561E+03    0.1506E+03    0.1555E+03    0.1425E+03    0.1355E+03    0.1190E+03    0.1216E+03    0.1129E+03    0.1036E+03    0.1287E+03    0.1252E+03    0.1101E+03    0.1337E+03    0.1334E+03    0.1805E+03    0.2064E+04    0.1145E+04    0.1354E+04    0.1291E+04    0.8747E+03    0.1895E+04    0.2129E+04   -0.9990E+03   -0.9990E+03   -0.9990E+03   -0.9990E+03   -0.9990E+03   -0.9990E+03   -0.9990E+03   -0.9990E+03   -0.9990E+03   -0.9990E+03
   -0.9990E+03   -0.9990E+03   -0.9990E+03   -0.9990E+03   -0.9990E+03   -0.9990E+03   -0.9990E+03   -0.9990E+03   -0.9990E+03   -0.9990E+03   -0.9990E+03   -0.9990E+03   -0.9990E+03   -0.9990E+03   -0.9990E+03   -0.9990E+03   -0.9990E+03   -0.9990E+03   -0.9990E+03   -0.9990E+03   -0.9990E+03   -0.9990E+03   -0.9990E+03   -0.9990E+03   -0.9990E+03   -0.9990E+03   -0.9990E+03   -0.9990E+03   -0.9990E+03   -0.9990E+03    0.7463E+02    0.6784E+02    0.6686E+02    0.6838E+02    0.2333E+03    0.1639E+03    0.1399E+03    0.7972E+03    0.1743E+04    0.1956E+04    0.1139E+04    0.1351E+04    0.1528E+04    0.2248E+03    0.1617E+03    0.1429E+03    0.1452E+03    0.1376E+03    0.1305E+03    0.1177E+03    0.9959E+02    0.1145E+03    0.1310E+03    0.1308E+03    0.1303E+03    0.1305E+03    0.1327E+03    0.1327E+03    0.1132E+03    0.7185E+03    0.5587E+03    0.7878E+03    0.8423E+03    0.6515E+03    0.5243E+03    0.8055E+03   -0.9990E+03   -0.9990E+03   -0.9990E+03   -0.9990E+03   -0.9990E+03   -0.9990E+03   -0.9990E+03   -0.9990E+03   -0.9990E+03   -0.9990E+03
   -0.9990E+03   -0.9990E+03   -0.9990E+03   -0.9990E+03   -0.9990E+03   -0.9990E+03   -0.9990E+03   -0.9990E+03   -0.9990E+03   -0.9990E+03   -0.9990E+03   -0.9990E+03   -0.9990E+03   -0.9990E+03   -0.9990E+03   -0.9990E+03   -0.9990E+03   -0.9990E+03   -0.9990E+03   -0.9990E+03   -0.9990E+03   -0.9990E+03   -0.9990E+03   -0.9990E+03   -0.9990E+03   -0.9990E+03   -0.9990E+03   -0.9990E+03   -0.9990E+03    0.9647E+03    0.5628E+03    0.7085E+02    0.6970E+02    0.6712E+02    0.2109E+03    0.1452E+03    0.2211E+03    0.1279E+04    0.1347E+04    0.9678E+03    0.5920E+03    0.1304E+04    0.1401E+04    0.2864E+03    0.2074E+03    0.1459E+03    0.1374E+03    0.1209E+03    0.1265E+03    0.1260E+03    0.1255E+03    0.1262E+03    0.1193E+03    0.1178E+03    0.1214E+03    0.1228E+03    0.1146E+03    0.1200E+03    0.1435E+03    0.1316E+03    0.7033E+03    0.6893E+03    0.5455E+03    0.4083E+03    0.2712E+03    0.3249E+03   -0.9990E+03   -0.9990E+03   -0.9990E+03   -0.9990E+03   -0.9990E+03   -0.9990E+03   -0.9990E+03   -0.9990E+03   -0.9990E+03   -0.9990E+03
   -0.9990E+03   -0.9990E+03   -0.9990E+03   -0.9990E+03   -0.9990E+03   -0.9990E+03   -0.9990E+03   -0.9990E+03   -0.9990E+03   -0.9990E+03   -0.9990E+03   -0.9990E+03   -0.9990E+03   -0.9990E+03   -0.9990E+03   -0.9990E+03   -0.9990E+03   -0.9990E+03   -0.9990E+03   -0.9990E+03   -0.9990E+03   -0.9990E+03   -0.9990E+03   -0.9990E+03   -0.9990E+03   -0.9990E+03   -0.9990E+03   -0.9990E+03   -0.9990E+03    0.1007E+04    0.1058E+04    0.8585E+02    0.1003E+03    0.1405E+03    0.1421E+03    0.1211E+03    0.1970E+03    0.1140E+03    0.1263E+04    0.1152E+04    0.1298E+04    0.2173E+04    0.1257E+04    0.1301E+04    0.1192E+04    0.1594E+03    0.1328E+03    0.1275E+03    0.1132E+03    0.1208E+03    0.1189E+03    0.1123E+03    0.1078E+03    0.1035E+03    0.9618E+02    0.1116E+03    0.2008E+03    0.2212E+03    0.3957E+03    0.1431E+03    0.1231E+04    0.1863E+04    0.1464E+04    0.1584E+04    0.5283E+03    0.4777E+03   -0.9990E+03   -0.9990E+03   -0.9990E+03   -0.9990E+03   -0.9990E+03   -0.9990E+03   -0.9990E+03   -0.9990E+03   -0.9990E+03   -0.9990E+03
   -0.9990E+03   -0.9990E+03   -0.9990E+03   -0.9990E+03   -0.9990E+03   -0.9990E+03   -0.9990E+03   -0.9990E+03   -0.9990E+03   -0.9990E+03   -0.9990E+03   -0.9990E+03   -0.9990E+03   -0.9990E+03   -0.9990E+03   -0.9990E+03   -0.9990E+03   -0.9990E+03   -0.9990E+03   -0.9990E+03   -0.9990E+03   -0.9990E+03   -0.9990E+03   -0.9990E+03   -0.9990E+03   -0.9990E+03   -0.9990E+03   -0.9990E+03    0.9295E+03    0.9934E+03    0.1125E+04    0.6438E+02    0.6485E+02    0.4231E+01    0.1416E+03    0.2406E+03    0.2839E+03    0.1076E+03    0.2240E+04    0.2292E+04    0.2088E+04    0.2115E+04    0.2258E+04    0.1003E+04    0.1328E+04    0.1569E+03    0.1271E+03    0.1211E+03    0.1147E+03    0.1005E+03    0.9411E+02    0.1082E+03    0.1124E+03    0.1133E+03    0.1122E+03    0.1121E+03    0.9764E+02    0.1189E+03    0.2422E+03    0.4692E+03    0.2865E+03    0.1583E+04    0.1123E+04    0.1186E+04    0.8051E+03   -0.9990E+03   -0.9990E+03   -0.9990E+03   -0.9990E+03   -0.9990E+03   -0.9990E+03   -0.9990E+03   -0.9990E+03   -0.9990E+03   -0.9990E+03   -0.9990E+03
   -0.9990E+03   -0.9990E+03   -0.9990E+03   -0.9990E+03   -0.9990E+03   -0.9990E+03   -0.9990E+03   -0.9990E+03   -0.9990E+03   -0.9990E+03   -0.9990E+03   -0.9990E+03   -0.9990E+03   -0.9990E+03   -0.9990E+03   -0.9990E+03   -0.9990E+03   -0.9990E+03   -0.9990E+03   -0.9990E+03   -0.9990E+03   -0.9990E+03   -0.9990E+03   -0.9990E+03   -0.9990E+03   -0.9990E+03   -0.9990E+03   -0.9990E+03    0.9375E+03    0.1068E+04    0.1017E+04    0.8288E+02    0.1722E+03    0.1173E+03    0.1118E+03    0.2198E+03    0.7084E+02    0.7120E+02    0.6827E+03    0.3516E+03    0.8040E+02    0.1961E+04    0.2098E+04    0.9858E+03    0.1790E+03    0.1249E+03    0.1191E+03    0.1137E+03    0.1056E+03    0.1038E+03    0.1041E+03    0.1014E+03    0.1024E+03    0.1026E+03    0.1019E+03    0.1019E+03    0.1036E+03    0.2229E+03    0.2700E+03    0.5929E+03    0.3375E+03    0.1165E+04    0.3726E+03    0.8552E+03   -0.9990E+03   -0.9990E+03   -0.9990E+03   -0.9990E+03   -0.9990E+03   -0.9990E+03   -0.9990E+03   -0.9990E+03   -0.9990E+03   -0.9990E+03   -0.9990E+03   -0.9990E+03
   -0.9990E+03   -0.9990E+03   -0.9990E+03   -0.9990E+03   -0.9990E+03   -0.9990E+03   -0.9990E+03   -0.9990E+03   -0.9990E+03   -0.9990E+03   -0.9990E+03   -0.9990E+03   -0.9990E+03   -0.9990E+03   -0.9990E+03   -0.9990E+03   -0.9990E+03   -0.9990E+03   -0.9990E+03   -0.9990E+03   -0.9990E+03   -0.9990E+03   -0.9990E+03   -0.9990E+03   -0.9990E+03   -0.9990E+03   -0.9990E+03    0.9034E+03    0.9682E+03    0.9653E+03    0.1104E+04    0.1082E+04    0.2022E+03    0.1141E+03    0.1063E+03    0.1842E+03    0.7210E+02    0.1050E+04    0.9680E+03    0.5840E+03    0.1011E+04    0.1787E+04    0.2306E+04    0.1104E+04    0.1725E+03    0.1186E+03    0.1117E+03    0.1034E+03    0.1031E+03    0.1018E+03    0.9258E+02    0.9564E+02    0.9503E+02    0.9397E+02    0.9299E+02    0.9368E+02    0.9560E+02    0.1014E+03    0.2791E+03    0.1426E+04    0.1480E+04    0.1267E+04    0.1316E+04    0.1358E+04   -0.9990E+03   -0.9990E+03   -0.9990E+03   -0.9990E+03   -0.9990E+03   -0.9990E+03   -0.9990E+03   -0.9990E+03   -0.9990E+03   -0.9990E+03   -0.9990E+03   -0.9990E+03
   -0.9990E+03   -0.9990E+03   -0.9990E+03   -0.9990E+03   -0.9990E+03   -0.9990E+03   -0.9990E+03   -0.9990E+03   -0.9990E+03   -0.9990E+03   -0.9990E+03   -0.9990E+03   -0.9990E+03   -0.9990E+03   -0.9990E+03   -0.9990E+03   -0.9990E+03   -0.9990E+03   -0.9990E+03   -0.9990E+03   -0.9990E+03   -0.9990E+03   -0.9990E+03   -0.9990E+03   -0.9990E+03   -0.9990E+03   -0.9990E+03    0.5388E+03    0.4799E+03    0.9150E+03    0.9800E+03    0.1017E+04    0.7594E+03    0.2091E+03    0.1193E+03    0.1866E+03    0.1036E+04    0.1202E+04    0.1474E+04    0.5150E+03    0.8384E+03    0.1344E+04    0.1258E+04    0.1261E+04    0.1753E+03    0.1111E+03    0.1051E+03    0.9410E+02    0.9657E+02    0.9604E+02    0.9377E+02    0.9175E+02    0.8882E+02    0.8632E+02    0.8527E+02    0.8512E+02    0.9263E+02    0.9914E+02    0.1065E+03    0.1260E+03    0.6426E+03    0.1488E+04    0.1655E+04    0.1285E+04    0.1255E+04    0.8301E+03   -0.9990E+03   -0.9990E+03   -0.9990E+03   -0.9990E+03   -0.9990E+03   -0.9990E+03   -0.9990E+03   -0.9990E+03   -0.9990E+03   -0.9990E+03
   -0.9990E+03   -0.9990E+03   -0.9990E+03   -0.9990E+03   -0.9990E+03   -0.9990E+03   -0.9990E+03   -0.9990E+03   -0.9990E+03   -0.9990E+03   -0.9990E+03   -0.9990E+03   -0.9990E+03   -0.9990E+03   -0.9990E+03   -0.9990E+03   -0.9990E+03   -0.9990E+03   -0.9990E+03   -0.9990E+03   -0.9990E+03   -0.9990E+03   -0.9990E+03   -0.9990E+03   -0.9990E+03   -0.9990E+03    0.5209E+03    0.5178E+03    0.5612E+03    0.5753E+03    0.1031E+04    0.8172E+03    0.1020E+04    0.6450E+03    0.1221E+03    0.7437E+03    0.1112E+04    0.8658E+03    0.1438E+04    0.1487E+04    0.4829E+03    0.1325E+03    0.1271E+04    0.1131E+03    0.1230E+03    0.1032E+03    0.9739E+02    0.8411E+02    0.9074E+02    0.8989E+02    0.8377E+02    0.8431E+02    0.8252E+02    0.8053E+02    0.8019E+02    0.8300E+02    0.8636E+02    0.8906E+02    0.9399E+02    0.1008E+03    0.1089E+03    0.1426E+03    0.6920E+03    0.1473E+04    0.1360E+04    0.1309E+04   -0.9990E+03   -0.9990E+03   -0.9990E+03   -0.9990E+03   -0.9990E+03   -0.9990E+03   -0.9990E+03   -0.9990E+03   -0.9990E+03   -0.9990E+03
   -0.9990E+03   -0.9990E+03   -0.9990E+03   -0.9990E+03   -0.9990E+03   -0.9990E+03   -0.9990E+03   -0.9990E+03   -0.9990E+03   -0.9990E+03   -0.9990E+03   -0.9990E+03   -0.9990E+03   -0.9990E+03   -0.9990E+03   -0.9990E+03   -0.9990E+03   -0.9990E+03   -0.9990E+03   -0.9990E+03   -0.9990E+03   -0.9990E+03   -0.9990E+03   -0.9990E+03   -0.9990E+03   -0.9990E+03    0.5111E+03    0.5719E+03    0.6087E+03    0.5899E+03    0.5284E+03    0.6005E+03    0.5512E+03    0.8062E+03    0.1473E+02    0.1151E+04    0.1185E+04    0.1327E+04    0.1435E+04    0.1031E+04    0.5723E+03    0.2145E+03    0.1261E+03    0.1270E+03    0.1110E+03    0.9572E+02    0.9075E+02    0.7944E+02    0.8523E+02    0.8325E+02    0.8251E+02    0.8375E+02    0.8247E+02    0.7943E+02    0.7825E+02    0.7748E+02    0.7979E+02    0.8306E+02    0.8726E+02    0.9328E+02    0.9952E+02    0.1149E+03    0.2378E+03    0.1435E+04    0.1438E+04    0.1367E+04   -0.9990E+03   -0.9990E+03   -0.9990E+03   -0.9990E+03   -0.9990E+03   -0.9990E+03   -0.9990E+03   -0.9990E+03   -0.9990E+03   -0.9990E+03
   -0.9990E+03   -0.9990E+03   -0.9990E+03   -0.9990E+03   -0.9990E+03   -0.9990E+03   -0.9990E+03   -0.9990E+03   -0.9990E+03   -0.9990E+03   -0.9990E+03   -0.9990E+03   -0.9990E+03   -0.9990E+03   -0.9990E+03   -0.9990E+03   -0.9990E+03   -0.9990E+03   -0.9990E+03   -0.9990E+03   -0.9990E+03   -0.9990E+03   -0.9990E+03   -0.9990E+03   -0.9990E+03   -0.9990E+03    0.5517E+03    0.5936E+03    0.6383E+03    0.6607E+03    0.6031E+03    0.5602E+03    0.6072E+03    0.5164E+03    0.1293E+02    0.1145E+04    0.1284E+04    0.1471E+04    0.1256E+04    0.1281E+04    0.3362E+03    0.2061E+03    0.1165E+03    0.1185E+03    0.1017E+03    0.8898E+02    0.8612E+02    0.8298E+02    0.8040E+02    0.6818E+02    0.7997E+02    0.8088E+02    0.7881E+02    0.7619E+02    0.7325E+02    0.6938E+02    0.7472E+02    0.7941E+02    0.8335E+02    0.8887E+02    0.9606E+02    0.1032E+03    0.1199E+03    0.1440E+04    0.1377E+04    0.1423E+04    0.1233E+04    0.8500E+03   -0.9990E+03   -0.9990E+03   -0.9990E+03   -0.9990E+03   -0.9990E+03   -0.9990E+03   -0.9990E+03   -0.9990E+03
   -0.9990E+03   -0.9990E+03   -0.9990E+03   -0.9990E+03   -0.9990E+03   -0.9990E+03   -0.9990E+03   -0.9990E+03   -0.9990E+03   -0.9990E+03   -0.9990E+03   -0.9990E+03   -0.9990E+03   -0.9990E+03   -0.9990E+03   -0.9990E+03   -0.9990E+03   -0.9990E+03   -0.9990E+03   -0.9990E+03   -0.9990E+03   -0.9990E+03   -0.9990E+03   -0.9990E+03   -0.9990E+03   -0.9990E+03    0.5128E+03    0.5711E+03    0.6040E+03    0.6225E+03    0.6580E+03    0.6660E+03    0.6848E+03    0.6543E+03    0.8591E+02    0.3766E+02    0.1426E+04    0.1383E+04    0.6528E+03    0.1121E+04    0.3857E+03    0.2494E+03    0.1810E+03    0.1297E+03    0.9714E+02    0.8839E+02    0.8391E+02    0.8094E+02    0.7911E+02    0.7703E+02    0.7790E+02    0.7377E+02    0.7602E+02    0.7379E+02    0.7153E+02    0.7092E+02    0.7330E+02    0.7748E+02    0.8108E+02    0.8577E+02    0.9460E+02    0.9361E+02    0.1069E+03    0.7676E+03    0.1674E+04    0.1302E+04    0.1209E+04    0.5266E+03   -0.9990E+03   -0.9990E+03   -0.9990E+03   -0.9990E+03   -0.9990E+03   -0.9990E+03   -0.9990E+03   -0.9990E+03
   -0.9990E+03   -0.9990E+03   -0.9990E+03   -0.9990E+03   -0.9990E+03   -0.9990E+03   -0.9990E+03   -0.9990E+03   -0.9990E+03   -0.9990E+03   -0.9990E+03   -0.9990E+03   -0.9990E+03   -0.9990E+03   -0.9990E+03   -0.9990E+03   -0.9990E+03   -0.9990E+03   -0.9990E+03   -0.9990E+03   -0.9990E+03   -0.9990E+03   -0.9990E+03   -0.9990E+03   -0.9990E+03    0.4103E+03    0.4337E+03    0.4575E+03    0.4934E+03    0.5281E+03    0.5823E+03    0.6238E+03    0.5903E+03    0.7816E+03    0.6695E+03    0.1254E+03    0.4574E+02    0.1286E+04    0.7125E+03    0.1257E+04    0.1138E+04    0.8373E+03    0.8979E+03    0.1556E+03    0.9690E+02    0.8761E+02    0.8358E+02    0.7959E+02    0.7629E+02    0.7776E+02    0.7676E+02    0.7556E+02    0.7443E+02    0.7291E+02    0.7196E+02    0.7234E+02    0.7411E+02    0.7630E+02    0.7965E+02    0.8377E+02    0.8925E+02    0.9273E+02    0.1990E+03    0.1525E+04    0.1217E+04   -0.9990E+03   -0.9990E+03   -0.9990E+03   -0.9990E+03   -0.9990E+03   -0.9990E+03   -0.9990E+03   -0.9990E+03   -0.9990E+03   -0.9990E+03   -0.9990E+03
   -0.9990E+03   -0.9990E+03   -0.9990E+03   -0.9990E+03   -0.9990E+03   -0.9990E+03   -0.9990E+03   -0.9990E+03   -0.9990E+03   -0.9990E+03   -0.9990E+03   -0.9990E+03   -0.9990E+03   -0.9990E+03   -0.9990E+03   -0.9990E+03   -0.9990E+03   -0.9990E+03   -0.9990E+03   -0.9990E+03   -0.9990E+03   -0.9990E+03   -0.9990E+03   -0.9990E+03   -0.9990E+03    0.3900E+03    0.4165E+03    0.4277E+03    0.4599E+03    0.4878E+03    0.5665E+03    0.5047E+03    0.6497E+03    0.5398E+03    0.4490E+03    0.9608E+03    0.3009E+02    0.3355E+02    0.1584E+04    0.2047E+04    0.1273E+04    0.1346E+04    0.1155E+04    0.1545E+03    0.9548E+02    0.8637E+02    0.8302E+02    0.7846E+02    0.7761E+02    0.7064E+02    0.6822E+02    0.7437E+02    0.7333E+02    0.7282E+02    0.7272E+02    0.7333E+02    0.7485E+02    0.7645E+02    0.7851E+02    0.8272E+02    0.8980E+02    0.1669E+03    0.1426E+04    0.1272E+04   -0.9990E+03   -0.9990E+03   -0.9990E+03   -0.9990E+03   -0.9990E+03   -0.9990E+03   -0.9990E+03   -0.9990E+03   -0.9990E+03   -0.9990E+03   -0.9990E+03   -0.9990E+03
   -0.9990E+03   -0.9990E+03   -0.9990E+03   -0.9990E+03   -0.9990E+03   -0.9990E+03   -0.9990E+03   -0.9990E+03   -0.9990E+03   -0.9990E+03   -0.9990E+03   -0.9990E+03   -0.9990E+03   -0.9990E+03   -0.9990E+03   -0.9990E+03   -0.9990E+03   -0.9990E+03   -0.9990E+03   -0.9990E+03   -0.9990E+03   -0.9990E+03   -0.9990E+03   -0.9990E+03   -0.9990E+03    0.3888E+03    0.4234E+03    0.4441E+03    0.4667E+03    0.5017E+03    0.5009E+03    0.3883E+03    0.8417E+02    0.1110E+03    0.5353E+02    0.4733E+02    0.5302E+02    0.1210E+02    0.1332E+03    0.1831E+03    0.1951E+03    0.5991E+03    0.1739E+03    0.1075E+03    0.9285E+02    0.8547E+02    0.7890E+02    0.7858E+02    0.7699E+02    0.7366E+02    0.7199E+02    0.6778E+02    0.7040E+02    0.7225E+02    0.7328E+02    0.7415E+02    0.7517E+02    0.7654E+02    0.7827E+02    0.8257E+02    0.9529E+02    0.1491E+04    0.1372E+04    0.1205E+04   -0.9990E+03   -0.9990E+03   -0.9990E+03   -0.9990E+03   -0.9990E+03   -0.9990E+03   -0.9990E+03   -0.9990E+03   -0.9990E+03   -0.9990E+03   -0.9990E+03   -0.9990E+03
   -0.9990E+03   -0.9990E+03   -0.9990E+03   -0.9990E+03   -0.9990E+03   -0.9990E+03   -0.9990E+03   -0.9990E+03   -0.9990E+03   -0.9990E+03   -0.9990E+03   -0.9990E+03   -0.9990E+03   -0.9990E+03   -0.9990E+03   -0.9990E+03   -0.9990E+03   -0.9990E+03   -0.9990E+03   -0.9990E+03   -0.9990E+03   -0.9990E+03   -0.9990E+03   -0.9990E+03   -0.9990E+03    0.2526E+03    0.2625E+03    0.2749E+03    0.2720E+03    0.3149E+03    0.2659E+03    0.1134E+03    0.1026E+03    0.5204E+02    0.7406E+02    0.5599E+02    0.6902E+02    0.1260E+03    0.1243E+03    0.7910E+02    0.2618E+03    0.2018E+03    0.2537E+03    0.1015E+03    0.9231E+02    0.8499E+02    0.7848E+02    0.7823E+02    0.7512E+02    0.7509E+02    0.7474E+02    0.7413E+02    0.7360E+02    0.7338E+02    0.7384E+02    0.7460E+02    0.7540E+02    0.7660E+02    0.7830E+02    0.7422E+02    0.1031E+03    0.1469E+04    0.1370E+04   -0.9990E+03   -0.9990E+03   -0.9990E+03   -0.9990E+03   -0.9990E+03   -0.9990E+03   -0.9990E+03   -0.9990E+03   -0.9990E+03   -0.9990E+03   -0.9990E+03   -0.9990E+03   -0.9990E+03
   -0.9990E+03   -0.9990E+03   -0.9990E+03   -0.9990E+03   -0.9990E+03   -0.9990E+03   -0.9990E+03   -0.9990E+03   -0.9990E+03   -0.9990E+03   -0.9990E+03   -0.9990E+03   -0.9990E+03   -0.9990E+03   -0.9990E+03   -0.9990E+03   -0.9990E+03   -0.9990E+03   -0.9990E+03   -0.9990E+03   -0.9990E+03   -0.9990E+03   -0.9990E+03   -0.9990E+03   -0.9990E+03   -0.9990E+03   -0.9990E+03    0.1192E+03    0.1207E+03    0.1224E+03    0.4416E+02    0.3773E+02    0.3844E+02    0.4120E+02    0.4666E+02    0.6930E+02    0.1269E+03    0.6805E+02    0.1960E+03    0.1184E+03    0.2687E+03    0.3614E+03    0.5806E+03    0.1267E+03    0.9147E+02    0.8337E+02    0.7789E+02    0.7933E+02    0.7623E+02    0.7320E+02    0.7468E+02    0.7418E+02    0.7377E+02    0.7377E+02    0.7429E+02    0.7472E+02    0.7548E+02    0.7657E+02    0.7339E+02    0.8526E+02    0.1265E+03    0.1569E+04    0.1343E+04   -0.9990E+03   -0.9990E+03   -0.9990E+03   -0.9990E+03   -0.9990E+03   -0.9990E+03   -0.9990E+03   -0.9990E+03   -0.9990E+03   -0.9990E+03   -0.9990E+03   -0.9990E+03   -0.9990E+03
   -0.9990E+03   -0.9990E+03   -0.9990E+03   -0.9990E+03   -0.9990E+03   -0.9990E+03   -0.9990E+03   -0.9990E+03   -0.9990E+03   -0.9990E+03   -0.9990E+03   -0.9990E+03   -0.9990E+03   -0.9990E+03   -0.9990E+03   -0.9990E+03   -0.9990E+03   -0.9990E+03   -0.9990E+03   -0.9990E+03   -0.9990E+03   -0.9990E+03   -0.9990E+03   -0.9990E+03   -0.9990E+03   -0.9990E+03   -0.9990E+03   -0.9990E+03    0.6310E+02    0.8520E+02    0.2973E+02    0.2428E+02    0.2398E+02    0.2750E+02    0.3806E+02    0.6916E+02    0.9649E+02    0.6958E+02    0.2432E+03    0.1130E+03    0.8904E+02    0.4725E+03    0.4218E+03    0.8723E+02    0.8413E+02    0.8024E+02    0.7811E+02    0.7841E+02    0.7640E+02    0.7530E+02    0.7474E+02    0.7508E+02    0.7421E+02    0.7414E+02    0.7442E+02    0.7467E+02    0.7538E+02    0.7660E+02    0.7622E+02    0.8610E+02    0.5243E+03    0.1470E+04   -0.9990E+03   -0.9990E+03   -0.9990E+03   -0.9990E+03   -0.9990E+03   -0.9990E+03   -0.9990E+03   -0.9990E+03   -0.9990E+03   -0.9990E+03   -0.9990E+03   -0.9990E+03   -0.9990E+03   -0.9990E+03
   -0.9990E+03   -0.9990E+03   -0.9990E+03   -0.9990E+03   -0.9990E+03   -0.9990E+03   -0.9990E+03   -0.9990E+03   -0.9990E+03   -0.9990E+03   -0.9990E+03   -0.9990E+03   -0.9990E+03   -0.9990E+03   -0.9990E+03   -0.9990E+03   -0.9990E+03   -0.9990E+03   -0.9990E+03   -0.9990E+03   -0.9990E+03   -0.9990E+03   -0.9990E+03   -0.9990E+03   -0.9990E+03   -0.9990E+03   -0.9990E+03    0.1083E+03    0.9138E+02    0.1036E+03    0.4497E+02    0.2537E+02    0.3381E+02    0.3877E+02    0.2661E+02    0.4704E+02    0.7195E+02    0.6794E+02    0.1971E+03    0.1243E+03    0.1136E+03    0.2409E+03    0.1156E+03    0.7690E+02    0.7952E+02    0.7349E+02    0.7955E+02    0.7889E+02    0.7801E+02    0.7697E+02    0.7642E+02    0.7942E+02    0.7554E+02    0.7435E+02    0.7419E+02    0.7441E+02    0.7518E+02    0.7742E+02    0.7875E+02    0.9541E+02    0.1046E+04   -0.9990E+03   -0.9990E+03   -0.9990E+03   -0.9990E+03   -0.9990E+03   -0.9990E+03   -0.9990E+03   -0.9990E+03   -0.9990E+03   -0.9990E+03   -0.9990E+03   -0.9990E+03   -0.9990E+03   -0.9990E+03   -0.9990E+03
   -0.9990E+03   -0.9990E+03   -0.9990E+03   -0.9990E+03   -0.9990E+03   -0.9990E+03   -0.9990E+03   -0.9990E+03   -0.9990E+03   -0.9990E+03   -0.9990E+03   -0.9990E+03   -0.9990E+03   -0.9990E+03   -0.9990E+03   -0.9990E+03   -0.9990E+03   -0.9990E+03   -0.9990E+03   -0.9990E+03   -0.9990E+03   -0.9990E+03   -0.9990E+03   -0.9990E+03   -0.9990E+03   -0.9990E+03   -0.9990E+03    0.1639E+03    0.1302E+03    0.9413E+02    0.5980E+02    0.5475E+02    0.2930E+02    0.3363E+02    0.2361E+04    0.2365E+04    0.1738E+03    0.2187E+04    0.2319E+04    0.2503E+03    0.1157E+03    0.2570E+03    0.1211E+03    0.7603E+02    0.7953E+02    0.7617E+02    0.8315E+02    0.8187E+02    0.7967E+02    0.7973E+02    0.7847E+02    0.7953E+02    0.7615E+02    0.7446E+02    0.7394E+02    0.7375E+02    0.7476E+02    0.7821E+02    0.8241E+02    0.8658E+02    0.1075E+03   -0.9990E+03   -0.9990E+03   -0.9990E+03   -0.9990E+03   -0.9990E+03   -0.9990E+03   -0.9990E+03   -0.9990E+03   -0.9990E+03   -0.9990E+03   -0.9990E+03   -0.9990E+03   -0.9990E+03   -0.9990E+03   -0.9990E+03
   -0.9990E+03   -0.9990E+03   -0.9990E+03   -0.9990E+03   -0.9990E+03   -0.9990E+03   -0.9990E+03   -0.9990E+03   -0.9990E+03   -0.9990E+03   -0.9990E+03   -0.9990E+03   -0.9990E+03   -0.9990E+03   -0.9990E+03   -0.9990E+03   -0.9990E+03   -0.9990E+03   -0.9990E+03   -0.9990E+03   -0.9990E+03   -0.9990E+03   -0.9990E+03   -0.9990E+03   -0.9990E+03   -0.9990E+03    0.1509E+03    0.2227E+03    0.1948E+03    0.1269E+03    0.4008E+03    0.4138E+03    0.7611E+03    0.1458E+04    0.2367E+04    0.2374E+04    0.2368E+04    0.2358E+04    0.2337E+04    0.1415E+04    0.1568E+02    0.2823E+03    0.1650E+03    0.7999E+02    0.7239E+02    0.7736E+02    0.8367E+02    0.8291E+02    0.8312E+02    0.7999E+02    0.7969E+02    0.7919E+02    0.7775E+02    0.7484E+02    0.7385E+02    0.7313E+02    0.7507E+02    0.7874E+02    0.8284E+02    0.8197E+02    0.7356E+03    0.1391E+04   -0.9990E+03   -0.9990E+03   -0.9990E+03   -0.9990E+03   -0.9990E+03   -0.9990E+03   -0.9990E+03   -0.9990E+03   -0.9990E+03   -0.9990E+03   -0.9990E+03   -0.9990E+03   -0.9990E+03   -0.9990E+03
   -0.9990E+03   -0.9990E+03   -0.9990E+03   -0.9990E+03   -0.9990E+03   -0.9990E+03   -0.9990E+03   -0.9990E+03   -0.9990E+03   -0.9990E+03   -0.9990E+03   -0.9990E+03   -0.9990E+03   -0.9990E+03   -0.9990E+03   -0.9990E+03   -0.9990E+03   -0.9990E+03   -0.9990E+03   -0.9990E+03   -0.9990E+03   -0.9990E+03   -0.9990E+03   -0.9990E+03   -0.9990E+03   -0.9990E+03    0.1060E+03    0.1434E+03    0.2223E+03    0.2902E+03    0.3989E+03    0.6271E+03    0.1361E+04    0.2361E+04    0.1780E+04    0.2360E+04    0.2363E+04    0.2099E+04    0.2287E+04    0.1412E+04    0.9430E+02    0.9401E+02    0.8711E+02    0.7994E+02    0.7587E+02    0.8418E+02    0.8547E+02    0.8423E+02    0.8069E+02    0.8001E+02    0.7973E+02    0.7946E+02    0.7801E+02    0.7506E+02    0.7415E+02    0.7375E+02    0.7577E+02    0.7788E+02    0.8036E+02    0.1067E+03    0.7999E+03    0.1281E+04   -0.9990E+03   -0.9990E+03   -0.9990E+03   -0.9990E+03   -0.9990E+03   -0.9990E+03   -0.9990E+03   -0.9990E+03   -0.9990E+03   -0.9990E+03   -0.9990E+03   -0.9990E+03   -0.9990E+03   -0.9990E+03
   -0.9990E+03   -0.9990E+03   -0.9990E+03   -0.9990E+03   -0.9990E+03   -0.9990E+03   -0.9990E+03   -0.9990E+03   -0.9990E+03   -0.9990E+03   -0.9990E+03   -0.9990E+03   -0.9990E+03   -0.9990E+03   -0.9990E+03   -0.9990E+03   -0.9990E+03   -0.9990E+03   -0.9990E+03   -0.9990E+03   -0.9990E+03   -0.9990E+03   -0.9990E+03   -0.9990E+03    0.1148E+03    0.1329E+03    0.1497E+03    0.1259E+03    0.1992E+03    0.2546E+03    0.4058E+03    0.1019E+04    0.2193E+04    0.2294E+04    0.2360E+04    0.2360E+04    0.2359E+04    0.2359E+04    0.2359E+04    0.2368E+04    0.3247E+03    0.8487E+02    0.8101E+02    0.7962E+02    0.8102E+02    0.8728E+02    0.8260E+02    0.8354E+02    0.8293E+02    0.8083E+02    0.8045E+02    0.7995E+02    0.7692E+02    0.7533E+02    0.7428E+02    0.7449E+02    0.7653E+02    0.7847E+02    0.7911E+02    0.9666E+02    0.1371E+04   -0.9990E+03   -0.9990E+03   -0.9990E+03   -0.9990E+03   -0.9990E+03   -0.9990E+03   -0.9990E+03   -0.9990E+03   -0.9990E+03   -0.9990E+03   -0.9990E+03   -0.9990E+03   -0.9990E+03   -0.9990E+03   -0.9990E+03
   -0.9990E+03   -0.9990E+03   -0.9990E+03   -0.9990E+03   -0.9990E+03   -0.9990E+03   -0.9990E+03   -0.9990E+03   -0.9990E+03   -0.9990E+03   -0.9990E+03   -0.9990E+03   -0.9990E+03   -0.9990E+03   -0.9990E+03   -0.9990E+03   -0.9990E+03   -0.9990E+03   -0.9990E+03   -0.9990E+03   -0.9990E+03   -0.9990E+03   -0.9990E+03   -0.9990E+03   -0.9990E+03    0.1257E+03    0.1783E+03    0.1434E+03    0.1672E+03    0.2387E+03    0.2811E+03    0.1353E+04    0.2265E+04    0.2295E+04    0.2360E+04    0.2359E+04    0.2360E+04    0.2359E+04    0.2359E+04    0.2369E+04    0.4102E+03    0.9072E+02    0.8338E+02    0.8335E+02    0.9267E+02    0.8702E+02    0.8400E+02    0.8383E+02    0.8374E+02    0.8290E+02    0.8078E+02    0.7877E+02    0.7629E+02    0.7559E+02    0.7503E+02    0.7514E+02    0.7468E+02    0.7414E+02    0.8249E+02    0.8698E+02   -0.9990E+03   -0.9990E+03   -0.9990E+03   -0.9990E+03   -0.9990E+03   -0.9990E+03   -0.9990E+03   -0.9990E+03   -0.9990E+03   -0.9990E+03   -0.9990E+03   -0.9990E+03   -0.9990E+03   -0.9990E+03   -0.9990E+03   -0.9990E+03
   -0.9990E+03   -0.9990E+03   -0.9990E+03   -0.9990E+03   -0.9990E+03   -0.9990E+03   -0.9990E+03   -0.9990E+03   -0.9990E+03   -0.9990E+03   -0.9990E+03   -0.9990E+03   -0.9990E+03   -0.9990E+03   -0.9990E+03   -0.9990E+03   -0.9990E+03   -0.9990E+03   -0.9990E+03   -0.9990E+03   -0.9990E+03   -0.9990E+03   -0.9990E+03   -0.9990E+03    0.1404E+03    0.1510E+03    0.2035E+03    0.1799E+03    0.2126E+03    0.2199E+03    0.2861E+03    0.1224E+04    0.2292E+04    0.2299E+04    0.2360E+04    0.2358E+04    0.2360E+04    0.2359E+04    0.2359E+04    0.2369E+04    0.1370E+03    0.9072E+02    0.9018E+02    0.1002E+03    0.8899E+02    0.8990E+02    0.8806E+02    0.8671E+02    0.8750E+02    0.8483E+02    0.8056E+02    0.7800E+02    0.7696E+02    0.7613E+02    0.7567E+02    0.7616E+02    0.7672E+02    0.7808E+02    0.8298E+02   -0.9990E+03   -0.9990E+03   -0.9990E+03   -0.9990E+03   -0.9990E+03   -0.9990E+03   -0.9990E+03   -0.9990E+03   -0.9990E+03   -0.9990E+03   -0.9990E+03   -0.9990E+03   -0.9990E+03   -0.9990E+03   -0.9990E+03   -0.9990E+03   -0.9990E+03
   -0.9990E+03   -0.9990E+03   -0.9990E+03   -0.9990E+03   -0.9990E+03   -0.9990E+03   -0.9990E+03   -0.9990E+03   -0.9990E+03   -0.9990E+03   -0.9990E+03   -0.9990E+03   -0.9990E+03   -0.9990E+03   -0.9990E+03   -0.9990E+03   -0.9990E+03   -0.9990E+03   -0.9990E+03   -0.9990E+03   -0.9990E+03   -0.9990E+03   -0.9990E+03   -0.9990E+03    0.1703E+03    0.1943E+03    0.2127E+03    0.2186E+03    0.2239E+03    0.2229E+03    0.2684E+03    0.4363E+03    0.2296E+04    0.2336E+04    0.2356E+04    0.2359E+04    0.2359E+04    0.2359E+04    0.2359E+04    0.2369E+04    0.1025E+03    0.9139E+02    0.1007E+03    0.1096E+03    0.9165E+02    0.9188E+02    0.9011E+02    0.9066E+02    0.8846E+02    0.8422E+02    0.8038E+02    0.7892E+02    0.7767E+02    0.7662E+02    0.7626E+02    0.7647E+02    0.7658E+02    0.7848E+02    0.7645E+02   -0.9990E+03   -0.9990E+03   -0.9990E+03   -0.9990E+03   -0.9990E+03   -0.9990E+03   -0.9990E+03   -0.9990E+03   -0.9990E+03   -0.9990E+03   -0.9990E+03   -0.9990E+03   -0.9990E+03   -0.9990E+03   -0.9990E+03   -0.9990E+03   -0.9990E+03
   -0.9990E+03   -0.9990E+03   -0.9990E+03   -0.9990E+03   -0.9990E+03   -0.9990E+03   -0.9990E+03   -0.9990E+03   -0.9990E+03   -0.9990E+03   -0.9990E+03   -0.9990E+03   -0.9990E+03   -0.9990E+03   -0.9990E+03   -0.9990E+03   -0.9990E+03   -0.9990E+03   -0.9990E+03   -0.9990E+03   -0.9990E+03   -0.9990E+03   -0.9990E+03   -0.9990E+03    0.2017E+03    0.2344E+03    0.2145E+03    0.2348E+03    0.2453E+03    0.2491E+03    0.2893E+03    0.3307E+03    0.1475E+04    0.2341E+04    0.2359E+04    0.2360E+04    0.2359E+04    0.2359E+04    0.2359E+04    0.2368E+04    0.9704E+02    0.9355E+02    0.1052E+03    0.1025E+03    0.1035E+03    0.9648E+02    0.8779E+02    0.8988E+02    0.8570E+02    0.8273E+02    0.8114E+02    0.7936E+02    0.7847E+02    0.7717E+02    0.7660E+02    0.7462E+02    0.7667E+02    0.7787E+02    0.7975E+02   -0.9990E+03   -0.9990E+03   -0.9990E+03   -0.9990E+03   -0.9990E+03   -0.9990E+03   -0.9990E+03   -0.9990E+03   -0.9990E+03   -0.9990E+03   -0.9990E+03   -0.9990E+03   -0.9990E+03   -0.9990E+03   -0.9990E+03   -0.9990E+03   -0.9990E+03
   -0.9990E+03   -0.9990E+03   -0.9990E+03   -0.9990E+03   -0.9990E+03   -0.9990E+03   -0.9990E+03   -0.9990E+03   -0.9990E+03   -0.9990E+03   -0.9990E+03   -0.9990E+03   -0.9990E+03   -0.9990E+03   -0.9990E+03   -0.9990E+03   -0.9990E+03   -0.9990E+03   -0.9990E+03   -0.9990E+03   -0.9990E+03   -0.9990E+03   -0.9990E+03    0.2077E+03    0.2272E+03    0.2327E+03    0.2505E+03    0.2447E+03    0.2503E+03    0.2478E+03    0.2578E+03    0.2614E+03    0.3366E+03    0.1759E+04    0.2344E+04    0.2311E+04    0.2359E+04    0.2359E+04    0.2368E+04    0.2833E+03    0.9133E+02    0.1481E+03    0.1164E+03    0.1039E+03    0.1051E+03    0.8900E+02    0.8760E+02    0.8359E+02    0.8765E+02    0.8406E+02    0.8251E+02    0.7966E+02    0.7904E+02    0.7690E+02    0.7689E+02    0.7530E+02    0.7707E+02    0.7795E+02    0.7505E+02   -0.9990E+03   -0.9990E+03   -0.9990E+03   -0.9990E+03   -0.9990E+03   -0.9990E+03   -0.9990E+03   -0.9990E+03   -0.9990E+03   -0.9990E+03   -0.9990E+03   -0.9990E+03   -0.9990E+03   -0.9990E+03   -0.9990E+03   -0.9990E+03   -0.9990E+03
   -0.9990E+03   -0.9990E+03   -0.9990E+03   -0.9990E+03   -0.9990E+03   -0.9990E+03   -0.9990E+03   -0.9990E+03   -0.9990E+03   -0.9990E+03   -0.9990E+03   -0.9990E+03   -0.9990E+03   -0.9990E+03   -0.9990E+03   -0.9990E+03   -0.9990E+03   -0.9990E+03   -0.9990E+03   -0.9990E+03   -0.9990E+03   -0.9990E+03   -0.9990E+03    0.2198E+03    0.2453E+03    0.2393E+03    0.2319E+03    0.2616E+03    0.2646E+03    0.2669E+03    0.2715E+03    0.2747E+03    0.3647E+03    0.3153E+03    0.2337E+04    0.2334E+04    0.2360E+04    0.2360E+04    0.2367E+04    0.1121E+03    0.8946E+02    0.1118E+03    0.1245E+03    0.1068E+03    0.1012E+03    0.9363E+02    0.9830E+02    0.8905E+02    0.9020E+02    0.8384E+02    0.8148E+02    0.8249E+02    0.8156E+02    0.7934E+02    0.7722E+02    0.7006E+02    0.7743E+02    0.6925E+02   -0.9990E+03   -0.9990E+03   -0.9990E+03   -0.9990E+03   -0.9990E+03   -0.9990E+03   -0.9990E+03   -0.9990E+03   -0.9990E+03   -0.9990E+03   -0.9990E+03   -0.9990E+03   -0.9990E+03   -0.9990E+03   -0.9990E+03   -0.9990E+03   -0.9990E+03   -0.9990E+03
   -0.9990E+03   -0.9990E+03   -0.9990E+03   -0.9990E+03   -0.9990E+03   -0.9990E+03   -0.9990E+03   -0.9990E+03   -0.9990E+03   -0.9990E+03   -0.9990E+03   -0.9990E+03   -0.9990E+03   -0.9990E+03   -0.9990E+03   -0.9990E+03   -0.9990E+03   -0.9990E+03   -0.9990E+03   -0.9990E+03   -0.9990E+03   -0.9990E+03   -0.9990E+03    0.3163E+03    0.3251E+03    0.3204E+03    0.3194E+03    0.3239E+03    0.3304E+03    0.3242E+03    0.2768E+03    0.3465E+03    0.2955E+03    0.7225E+02    0.7112E+03    0.1664E+04    0.2355E+04    0.2366E+04    0.3729E+03    0.9865E+02    0.8456E+02    0.1830E+03    0.1300E+03    0.1073E+03    0.8491E+02    0.8844E+02    0.9783E+02    0.9742E+02    0.9290E+02    0.8890E+02    0.7637E+02    0.8394E+02    0.8238E+02    0.7733E+02    0.7732E+02    0.7424E+02    0.7395E+02   -0.9990E+03   -0.9990E+03   -0.9990E+03   -0.9990E+03   -0.9990E+03   -0.9990E+03   -0.9990E+03   -0.9990E+03   -0.9990E+03   -0.9990E+03   -0.9990E+03   -0.9990E+03   -0.9990E+03   -0.9990E+03   -0.9990E+03   -0.9990E+03   -0.9990E+03   -0.9990E+03   -0.9990E+03
   -0.9990E+03   -0.9990E+03   -0.9990E+03   -0.9990E+03   -0.9990E+03   -0.9990E+03   -0.9990E+03   -0.9990E+03   -0.9990E+03   -0.9990E+03   -0.9990E+03   -0.9990E+03   -0.9990E+03   -0.9990E+03   -0.9990E+03   -0.9990E+03   -0.9990E+03   -0.9990E+03   -0.9990E+03   -0.9990E+03   -0.9990E+03   -0.9990E+03   -0.9990E+03    0.3404E+03    0.3381E+03    0.3422E+03    0.3427E+03    0.3339E+03    0.9126E+02    0.2191E+03    0.3270E+03    0.2775E+03    0.3487E+03    0.1219E+03    0.7510E+02    0.8910E+02    0.2351E+04    0.1225E+03    0.9790E+02    0.8621E+02    0.8583E+02    0.1382E+03    0.9829E+02    0.8447E+02    0.9718E+02    0.9742E+02    0.8730E+02    0.8350E+02    0.9194E+02    0.9107E+02    0.7637E+02    0.7048E+02    0.8029E+02    0.7794E+02    0.7833E+02    0.7578E+02   -0.9990E+03   -0.9990E+03   -0.9990E+03   -0.9990E+03   -0.9990E+03   -0.9990E+03   -0.9990E+03   -0.9990E+03   -0.9990E+03   -0.9990E+03   -0.9990E+03   -0.9990E+03   -0.9990E+03   -0.9990E+03   -0.9990E+03   -0.9990E+03   -0.9990E+03   -0.9990E+03   -0.9990E+03   -0.9990E+03
   -0.9990E+03   -0.9990E+03   -0.9990E+03   -0.9990E+03   -0.9990E+03   -0.9990E+03   -0.9990E+03   -0.9990E+03   -0.9990E+03   -0.9990E+03   -0.9990E+03   -0.9990E+03   -0.9990E+03   -0.9990E+03   -0.9990E+03   -0.9990E+03   -0.9990E+03   -0.9990E+03   -0.9990E+03   -0.9990E+03   -0.9990E+03   -0.9990E+03   -0.9990E+03    0.3341E+03    0.3320E+03    0.3429E+03    0.3414E+03    0.3343E+03    0.1120E+03    0.3295E+03    0.2770E+03    0.2739E+03    0.2727E+03    0.2145E+03    0.7280E+02    0.7111E+02    0.9230E+02    0.8883E+02    0.9663E+02    0.8192E+02    0.1064E+03    0.1176E+03    0.9634E+02    0.9016E+02    0.9709E+02    0.9362E+02    0.8884E+02    0.8740E+02    0.8118E+02    0.8999E+02    0.8250E+02    0.8559E+02    0.8401E+02    0.8268E+02    0.7844E+02    0.7170E+02   -0.9990E+03   -0.9990E+03   -0.9990E+03   -0.9990E+03   -0.9990E+03   -0.9990E+03   -0.9990E+03   -0.9990E+03   -0.9990E+03   -0.9990E+03   -0.9990E+03   -0.9990E+03   -0.9990E+03   -0.9990E+03   -0.9990E+03   -0.9990E+03   -0.9990E+03   -0.9990E+03   -0.9990E+03   -0.9990E+03
   -0.9990E+03   -0.9990E+03   -0.9990E+03   -0.9990E+03   -0.9990E+03   -0.9990E+03   -0.9990E+03   -0.9990E+03   -0.9990E+03   -0.9990E+03   -0.9990E+03   -0.9990E+03   -0.9990E+03   -0.9990E+03   -0.9990E+03   -0.9990E+03   -0.9990E+03   -0.9990E+03   -0.9990E+03   -0.9990E+03   -0.9990E+03   -0.9990E+03   -0.9990E+03    0.3141E+03    0.2910E+03    0.2886E+03    0.2928E+03    0.3428E+03    0.3350E+03    0.3174E+03    0.2775E+03    0.2744E+03    0.3236E+03    0.6318E+02    0.6133E+02    0.7134E+02    0.6653E+02    0.6302E+02    0.7313E+02    0.7744E+02    0.8392E+02    0.1062E+03    0.1038E+03    0.1000E+03    0.9666E+02    0.9516E+02    0.9421E+02    0.9334E+02    0.9256E+02    0.8881E+02    0.8947E+02    0.8505E+02    0.8593E+02    0.7001E+02   -0.9990E+03   -0.9990E+03   -0.9990E+03   -0.9990E+03   -0.9990E+03   -0.9990E+03   -0.9990E+03   -0.9990E+03   -0.9990E+03   -0.9990E+03   -0.9990E+03   -0.9990E+03   -0.9990E+03   -0.9990E+03   -0.9990E+03   -0.9990E+03   -0.9990E+03   -0.9990E+03   -0.9990E+03   -0.9990E+03   -0.9990E+03   -0.9990E+03
   -0.9990E+03   -0.9990E+03   -0.9990E+03   -0.9990E+03   -0.9990E+03   -0.9990E+03   -0.9990E+03   -0.9990E+03   -0.9990E+03   -0.9990E+03   -0.9990E+03   -0.9990E+03   -0.9990E+03   -0.9990E+03   -0.9990E+03   -0.9990E+03   -0.9990E+03   -0.9990E+03   -0.9990E+03   -0.9990E+03   -0.9990E+03   -0.9990E+03   -0.9990E+03   -0.9990E+03    0.5665E+03    0.3493E+03    0.2886E+03    0.2863E+03    0.3398E+03    0.2671E+03    0.2645E+03    0.2719E+03    0.2860E+03    0.6077E+02    0.5964E+02    0.6415E+02    0.5935E+02    0.6050E+02    0.6306E+02    0.7316E+02    0.7678E+02    0.8083E+02    0.9324E+02    0.1004E+03    0.9259E+02    0.9192E+02    0.1006E+03    0.1017E+03    0.9127E+02    0.8886E+02    0.8846E+02    0.7228E+02    0.7384E+02   -0.9990E+03   -0.9990E+03   -0.9990E+03   -0.9990E+03   -0.9990E+03   -0.9990E+03   -0.9990E+03   -0.9990E+03   -0.9990E+03   -0.9990E+03   -0.9990E+03   -0.9990E+03   -0.9990E+03   -0.9990E+03   -0.9990E+03   -0.9990E+03   -0.9990E+03   -0.9990E+03   -0.9990E+03   -0.9990E+03   -0.9990E+03   -0.9990E+03   -0.9990E+03
   -0.9990E+03   -0.9990E+03   -0.9990E+03   -0.9990E+03   -0.9990E+03   -0.9990E+03   -0.9990E+03   -0.9990E+03   -0.9990E+03   -0.9990E+03   -0.9990E+03   -0.9990E+03   -0.9990E+03   -0.9990E+03   -0.9990E+03   -0.9990E+03   -0.9990E+03   -0.9990E+03   -0.9990E+03   -0.9990E+03   -0.9990E+03   -0.9990E+03   -0.9990E+03   -0.9990E+03    0.2169E+04    0.2169E+04    0.9659E+03    0.5438E+03    0.3297E+03    0.2784E+03    0.2630E+03    0.2657E+03    0.3036E+03    0.5683E+02    0.5629E+02    0.5811E+02    0.5728E+02    0.6373E+02    0.6759E+02    0.7263E+02    0.7849E+02    0.8102E+02    0.9659E+02    0.9324E+02    0.8927E+02    0.9428E+02    0.9536E+02    0.7974E+02    0.6484E+02    0.7808E+02    0.6082E+02   -0.9990E+03   -0.9990E+03   -0.9990E+03   -0.9990E+03   -0.9990E+03   -0.9990E+03   -0.9990E+03   -0.9990E+03   -0.9990E+03   -0.9990E+03   -0.9990E+03   -0.9990E+03   -0.9990E+03   -0.9990E+03   -0.9990E+03   -0.9990E+03   -0.9990E+03   -0.9990E+03   -0.9990E+03   -0.9990E+03   -0.9990E+03   -0.9990E+03   -0.9990E+03   -0.9990E+03   -0.9990E+03
   -0.9990E+03   -0.9990E+03   -0.9990E+03   -0.9990E+03   -0.9990E+03   -0.9990E+03   -0.9990E+03   -0.9990E+03   -0.9990E+03   -0.9990E+03   -0.9990E+03   -0.9990E+03   -0.9990E+03   -0.9990E+03   -0.9990E+03   -0.9990E+03   -0.9990E+03   -0.9990E+03   -0.9990E+03   -0.9990E+03   -0.9990E+03   -0.9990E+03   -0.9990E+03    0.2189E+04    0.2188E+04    0.1739E+04    0.2133E+04    0.2171E+04    0.1960E+04    0.4894E+03    0.3098E+03    0.3356E+03    0.3256E+03    0.6131E+02    0.5187E+02    0.5337E+02    0.5800E+02    0.6165E+02    0.6690E+02    0.7143E+02    0.7411E+02    0.7511E+02    0.7451E+02    0.7022E+02    0.9033E+02    0.9723E+02    0.6669E+02    0.6272E+02    0.7003E+02    0.7094E+02    0.8088E+02    0.7015E+02   -0.9990E+03   -0.9990E+03   -0.9990E+03   -0.9990E+03   -0.9990E+03   -0.9990E+03   -0.9990E+03   -0.9990E+03   -0.9990E+03   -0.9990E+03   -0.9990E+03   -0.9990E+03   -0.9990E+03   -0.9990E+03   -0.9990E+03   -0.9990E+03   -0.9990E+03   -0.9990E+03   -0.9990E+03   -0.9990E+03   -0.9990E+03   -0.9990E+03   -0.9990E+03   -0.9990E+03
   -0.9990E+03   -0.9990E+03   -0.9990E+03   -0.9990E+03   -0.9990E+03   -0.9990E+03   -0.9990E+03   -0.9990E+03   -0.9990E+03   -0.9990E+03   -0.9990E+03   -0.9990E+03   -0.9990E+03   -0.9990E+03   -0.9990E+03   -0.9990E+03   -0.9990E+03   -0.9990E+03   -0.9990E+03   -0.9990E+03   -0.9990E+03   -0.9990E+03   -0.9990E+03    0.1791E+04    0.1811E+04    0.1734E+04    0.1742E+04    0.1773E+04    0.2181E+04    0.2193E+04    0.7896E+03    0.1458E+03    0.6683E+02    0.5604E+02    0.5513E+02    0.4964E+02    0.5282E+02    0.5524E+02    0.5926E+02    0.6225E+02    0.5516E+02    0.5877E+02    0.7662E+02    0.7884E+02    0.8275E+02    0.7735E+02    0.8008E+02    0.8016E+02    0.8876E+02    0.9227E+02    0.9161E+02    0.8824E+02   -0.9990E+03   -0.9990E+03   -0.9990E+03   -0.9990E+03   -0.9990E+03   -0.9990E+03   -0.9990E+03   -0.9990E+03   -0.9990E+03   -0.9990E+03   -0.9990E+03   -0.9990E+03   -0.9990E+03   -0.9990E+03   -0.9990E+03   -0.9990E+03   -0.9990E+03   -0.9990E+03   -0.9990E+03   -0.9990E+03   -0.9990E+03   -0.9990E+03   -0.9990E+03   -0.9990E+03
   -0.9990E+03   -0.9990E+03   -0.9990E+03   -0.9990E+03   -0.9990E+03   -0.9990E+03   -0.9990E+03   -0.9990E+03   -0.9990E+03   -0.9990E+03   -0.9990E+03   -0.9990E+03   -0.9990E+03   -0.9990E+03   -0.9990E+03   -0.9990E+03   -0.9990E+03   -0.9990E+03   -0.9990E+03   -0.9990E+03   -0.9990E+03   -0.9990E+03   -0.9990E+03   -0.9990E+03    0.2176E+04    0.2185E+04    0.1967E+04    0.2178E+04    0.2174E+04    0.2213E+04    0.2235E+04    0.1219E+03    0.2284E+03    0.5716E+02    0.4860E+02    0.4401E+02    0.4853E+02    0.5011E+02    0.5262E+02    0.5203E+02    0.5689E+02    0.5096E+02    0.6488E+02    0.7914E+02    0.6572E+02    0.5690E+02    0.6001E+02    0.7523E+02    0.9426E+02    0.8391E+02    0.1136E+03    0.1104E+03   -0.9990E+03   -0.9990E+03   -0.9990E+03   -0.9990E+03   -0.9990E+03   -0.9990E+03   -0.9990E+03   -0.9990E+03   -0.9990E+03   -0.9990E+03   -0.9990E+03   -0.9990E+03   -0.9990E+03   -0.9990E+03   -0.9990E+03   -0.9990E+03   -0.9990E+03   -0.9990E+03   -0.9990E+03   -0.9990E+03   -0.9990E+03   -0.9990E+03   -0.9990E+03   -0.9990E+03
   -0.9990E+03   -0.9990E+03   -0.9990E+03   -0.9990E+03   -0.9990E+03   -0.9990E+03   -0.9990E+03   -0.9990E+03   -0.9990E+03   -0.9990E+03   -0.9990E+03   -0.9990E+03   -0.9990E+03   -0.9990E+03   -0.9990E+03   -0.9990E+03   -0.9990E+03   -0.9990E+03   -0.9990E+03   -0.9990E+03   -0.9990E+03   -0.9990E+03   -0.9990E+03   -0.9990E+03    0.2211E+04    0.2173E+04    0.2177E+04    0.2179E+04    0.2199E+04    0.2215E+04    0.2245E+04    0.2273E+03    0.1047E+03    0.4742E+02    0.4407E+02    0.3910E+02    0.4239E+02    0.4134E+02    0.4831E+02    0.4547E+02    0.5125E+02    0.5770E+02    0.6723E+02    0.7648E+02    0.6112E+02    0.6927E+02    0.7153E+02    0.8362E+02    0.8816E+02    0.9711E+02    0.1239E+03   -0.9990E+03   -0.9990E+03   -0.9990E+03   -0.9990E+03   -0.9990E+03   -0.9990E+03   -0.9990E+03   -0.9990E+03   -0.9990E+03   -0.9990E+03   -0.9990E+03   -0.9990E+03   -0.9990E+03   -0.9990E+03   -0.9990E+03   -0.9990E+03   -0.9990E+03   -0.9990E+03   -0.9990E+03   -0.9990E+03   -0.9990E+03   -0.9990E+03   -0.9990E+03   -0.9990E+03   -0.9990E+03
   -0.9990E+03   -0.9990E+03   -0.9990E+03   -0.9990E+03   -0.9990E+03   -0.9990E+03   -0.9990E+03   -0.9990E+03   -0.9990E+03   -0.9990E+03   -0.9990E+03   -0.9990E+03   -0.9990E+03   -0.9990E+03   -0.9990E+03   -0.9990E+03   -0.9990E+03   -0.9990E+03   -0.9990E+03   -0.9990E+03   -0.9990E+03   -0.9990E+03   -0.9990E+03   -0.9990E+03    0.2212E+04    0.2212E+04    0.2213E+04    0.2212E+04    0.2214E+04    0.2216E+04    0.2266E+04    0.1263E+04    0.2230E+03    0.3235E+02    0.2591E+02    0.3302E+02    0.3528E+02    0.4247E+02    0.4333E+02    0.5241E+02    0.6254E+02    0.6095E+02    0.6386E+02    0.7109E+02    0.6933E+02    0.6640E+02    0.7035E+02    0.8130E+02    0.7465E+02    0.9568E+02   -0.9990E+03   -0.9990E+03   -0.9990E+03   -0.9990E+03   -0.9990E+03   -0.9990E+03   -0.9990E+03   -0.9990E+03   -0.9990E+03   -0.9990E+03   -0.9990E+03   -0.9990E+03   -0.9990E+03   -0.9990E+03   -0.9990E+03   -0.9990E+03   -0.9990E+03   -0.9990E+03   -0.9990E+03   -0.9990E+03   -0.9990E+03   -0.9990E+03   -0.9990E+03   -0.9990E+03   -0.9990E+03   -0.9990E+03
   -0.9990E+03   -0.9990E+03   -0.9990E+03   -0.9990E+03   -0.9990E+03   -0.9990E+03   -0.9990E+03   -0.9990E+03   -0.9990E+03   -0.9990E+03   -0.9990E+03   -0.9990E+03   -0.9990E+03   -0.9990E+03   -0.9990E+03   -0.9990E+03   -0.9990E+03   -0.9990E+03   -0.9990E+03   -0.9990E+03   -0.9990E+03   -0.9990E+03   -0.9990E+03   -0.9990E+03    0.2212E+04    0.2213E+04    0.2214E+04    0.2215E+04    0.2216E+04    0.2216E+04    0.2284E+04    0.2082E+04    0.1445E+03    0.8981E+02    0.3369E+02    0.2949E+02    0.3352E+02    0.3330E+02    0.2768E+02    0.4883E+02    0.6512E+02    0.6579E+02    0.5405E+02    0.6193E+02    0.7271E+02    0.6613E+02    0.7124E+02    0.7361E+02    0.6784E+02    0.6485E+02   -0.9990E+03   -0.9990E+03   -0.9990E+03   -0.9990E+03   -0.9990E+03   -0.9990E+03   -0.9990E+03   -0.9990E+03   -0.9990E+03   -0.9990E+03   -0.9990E+03   -0.9990E+03   -0.9990E+03   -0.9990E+03   -0.9990E+03   -0.9990E+03   -0.9990E+03   -0.9990E+03   -0.9990E+03   -0.9990E+03   -0.9990E+03   -0.9990E+03   -0.9990E+03   -0.9990E+03   -0.9990E+03   -0.9990E+03
   -0.9990E+03   -0.9990E+03   -0.9990E+03   -0.9990E+03   -0.9990E+03   -0.9990E+03   -0.9990E+03   -0.9990E+03   -0.9990E+03   -0.9990E+03   -0.9990E+03   -0.9990E+03   -0.9990E+03   -0.9990E+03   -0.9990E+03   -0.9990E+03   -0.9990E+03   -0.9990E+03   -0.9990E+03   -0.9990E+03   -0.9990E+03   -0.9990E+03   -0.9990E+03   -0.9990E+03    0.2213E+04    0.2214E+04    0.2215E+04    0.2219E+04    0.2218E+04    0.2217E+04    0.2224E+04    0.2280E+04    0.7020E+02    0.3576E+02    0.2322E+03    0.5014E+02    0.3474E+02    0.3443E+02    0.3587E+02    0.5988E+02    0.6898E+02    0.6911E+02    0.5015E+02    0.5891E+02    0.6658E+02    0.7028E+02    0.6696E+02    0.6700E+02    0.6882E+02    0.5930E+02   -0.9990E+03   -0.9990E+03   -0.9990E+03   -0.9990E+03   -0.9990E+03   -0.9990E+03   -0.9990E+03   -0.9990E+03   -0.9990E+03   -0.9990E+03   -0.9990E+03   -0.9990E+03   -0.9990E+03   -0.9990E+03   -0.9990E+03   -0.9990E+03   -0.9990E+03   -0.9990E+03   -0.9990E+03   -0.9990E+03   -0.9990E+03   -0.9990E+03   -0.9990E+03   -0.9990E+03   -0.9990E+03   -0.9990E+03
   -0.9990E+03   -0.9990E+03   -0.9990E+03   -0.9990E+03   -0.9990E+03   -0.9990E+03   -0.9990E+03   -0.9990E+03   -0.9990E+03   -0.9990E+03   -0.9990E+03   -0.9990E+03   -0.9990E+03   -0.9990E+03   -0.9990E+03   -0.9990E+03   -0.9990E+03   -0.9990E+03   -0.9990E+03   -0.9990E+03   -0.9990E+03   -0.9990E+03   -0.9990E+03    0.2250E+04    0.2222E+04    0.2234E+04    0.2240E+04    0.2244E+04    0.2244E+04    0.2246E+04    0.2215E+04    0.2291E+04    0.3176E+02    0.2734E+02    0.7467E+02    0.3779E+02    0.6148E+02    0.9887E+02    0.9690E+02    0.6997E+02    0.7697E+02    0.6881E+02    0.4867E+02    0.5362E+02    0.5840E+02    0.6889E+02    0.6848E+02    0.6699E+02    0.7235E+02    0.6224E+02   -0.9990E+03   -0.9990E+03   -0.9990E+03   -0.9990E+03   -0.9990E+03   -0.9990E+03   -0.9990E+03   -0.9990E+03   -0.9990E+03   -0.9990E+03   -0.9990E+03   -0.9990E+03   -0.9990E+03   -0.9990E+03   -0.9990E+03   -0.9990E+03   -0.9990E+03   -0.9990E+03   -0.9990E+03   -0.9990E+03   -0.9990E+03   -0.9990E+03   -0.9990E+03   -0.9990E+03   -0.9990E+03   -0.9990E+03
   -0.9990E+03   -0.9990E+03   -0.9990E+03   -0.9990E+03   -0.9990E+03   -0.9990E+03   -0.9990E+03   -0.9990E+03   -0.9990E+03   -0.9990E+03   -0.9990E+03   -0.9990E+03   -0.9990E+03   -0.9990E+03   -0.9990E+03   -0.9990E+03   -0.9990E+03   -0.9990E+03   -0.9990E+03   -0.9990E+03   -0.9990E+03   -0.9990E+03   -0.9990E+03    0.9810E+02    0.2250E+04    0.2246E+04    0.2242E+04    0.2246E+04    0.2245E+04    0.2258E+04    0.2074E+04    0.1209E+04    0.1037E+03    0.7654E+02    0.1975E+03    0.1171E+03    0.6149E+02    0.3996E+03    0.2684E+03    0.8507E+02    0.6743E+02    0.6019E+02    0.4974E+02    0.5484E+02    0.5767E+02    0.6772E+02    0.6530E+02    0.6817E+02    0.6290E+02    0.5679E+02   -0.9990E+03   -0.9990E+03   -0.9990E+03   -0.9990E+03   -0.9990E+03   -0.9990E+03   -0.9990E+03   -0.9990E+03   -0.9990E+03   -0.9990E+03   -0.9990E+03   -0.9990E+03   -0.9990E+03   -0.9990E+03   -0.9990E+03   -0.9990E+03   -0.9990E+03   -0.9990E+03   -0.9990E+03   -0.9990E+03   -0.9990E+03   -0.9990E+03   -0.9990E+03   -0.9990E+03   -0.9990E+03   -0.9990E+03
   -0.9990E+03   -0.9990E+03   -0.9990E+03   -0.9990E+03   -0.9990E+03   -0.9990E+03   -0.9990E+03   -0.9990E+03   -0.9990E+03   -0.9990E+03   -0.9990E+03   -0.9990E+03   -0.9990E+03   -0.9990E+03   -0.9990E+03   -0.9990E+03   -0.9990E+03   -0.9990E+03   -0.9990E+03   -0.9990E+03   -0.9990E+03   -0.9990E+03   -0.9990E+03   -0.9990E+03    0.9307E+02    0.9772E+02    0.1080E+03    0.1921E+03    0.1762E+03    0.1810E+03    0.2315E+03    0.2139E+03    0.1993E+03    0.1930E+03    0.3422E+03    0.4396E+02    0.5105E+02    0.7852E+02    0.2789E+03    0.1216E+03    0.5408E+02    0.5268E+02    0.5160E+02    0.5467E+02    0.5676E+02    0.6005E+02    0.6972E+02    0.6976E+02    0.6285E+02    0.6382E+02    0.6073E+02   -0.9990E+03   -0.9990E+03   -0.9990E+03   -0.9990E+03   -0.9990E+03   -0.9990E+03   -0.9990E+03   -0.9990E+03   -0.9990E+03   -0.9990E+03   -0.9990E+03   -0.9990E+03   -0.9990E+03   -0.9990E+03   -0.9990E+03   -0.9990E+03   -0.9990E+03   -0.9990E+03   -0.9990E+03   -0.9990E+03   -0.9990E+03   -0.9990E+03   -0.9990E+03   -0.9990E+03   -0.9990E+03
   -0.9990E+03   -0.9990E+03   -0.9990E+03   -0.9990E+03   -0.9990E+03   -0.9990E+03   -0.9990E+03   -0.9990E+03   -0.9990E+03   -0.9990E+03   -0.9990E+03   -0.9990E+03   -0.9990E+03   -0.9990E+03   -0.9990E+03   -0.9990E+03   -0.9990E+03   -0.9990E+03   -0.9990E+03   -0.9990E+03   -0.9990E+03   -0.9990E+03   -0.9990E+03   -0.9990E+03   -0.9990E+03    0.2344E+03    0.9045E+03    0.2340E+04    0.2329E+04    0.2344E+04    0.2337E+04    0.2344E+04    0.7721E+03    0.2594E+03    0.2806E+03    0.1512E+03    0.1943E+03    0.8734E+02    0.3124E+03    0.1409E+03    0.4216E+02    0.4733E+02    0.5294E+02    0.5408E+02    0.5677E+02    0.5755E+02    0.6886E+02    0.6616E+02    0.6296E+02    0.7072E+02    0.5934E+02   -0.9990E+03   -0.9990E+03   -0.9990E+03   -0.9990E+03   -0.9990E+03   -0.9990E+03   -0.9990E+03   -0.9990E+03   -0.9990E+03   -0.9990E+03   -0.9990E+03   -0.9990E+03   -0.9990E+03   -0.9990E+03   -0.9990E+03   -0.9990E+03   -0.9990E+03   -0.9990E+03   -0.9990E+03   -0.9990E+03   -0.9990E+03   -0.9990E+03   -0.9990E+03   -0.9990E+03   -0.9990E+03
   -0.9990E+03   -0.9990E+03   -0.9990E+03   -0.9990E+03   -0.9990E+03   -0.9990E+03   -0.9990E+03   -0.9990E+03   -0.9990E+03   -0.9990E+03   -0.9990E+03   -0.9990E+03   -0.9990E+03   -0.9990E+03   -0.9990E+03   -0.9990E+03   -0.9990E+03   -0.9990E+03   -0.9990E+03   -0.9990E+03   -0.9990E+03   -0.9990E+03   -0.9990E+03   -0.9990E+03   -0.9990E+03    0.2328E+04    0.2326E+04    0.2325E+04    0.2331E+04    0.2332E+04    0.2337E+04    0.2336E+04    0.2358E+04    0.5020E+03    0.2811E+03    0.1465E+03    0.5752E+02    0.7708E+02    0.2812E+03    0.1172E+03    0.4452E+02    0.4907E+02    0.5275E+02    0.5423E+02    0.5665E+02    0.5780E+02    0.6922E+02    0.6820E+02    0.6551E+02    0.7036E+02    0.6375E+02    0.5994E+02   -0.9990E+03   -0.9990E+03   -0.9990E+03   -0.9990E+03   -0.9990E+03   -0.9990E+03   -0.9990E+03   -0.9990E+03   -0.9990E+03   -0.9990E+03   -0.9990E+03   -0.9990E+03   -0.9990E+03   -0.9990E+03   -0.9990E+03   -0.9990E+03   -0.9990E+03   -0.9990E+03   -0.9990E+03   -0.9990E+03   -0.9990E+03   -0.9990E+03   -0.9990E+03   -0.9990E+03
   -0.9990E+03   -0.9990E+03   -0.9990E+03   -0.9990E+03   -0.9990E+03   -0.9990E+03   -0.9990E+03   -0.9990E+03   -0.9990E+03   -0.9990E+03   -0.9990E+03   -0.9990E+03   -0.9990E+03   -0.9990E+03   -0.9990E+03   -0.9990E+03   -0.9990E+03   -0.9990E+03   -0.9990E+03   -0.9990E+03   -0.9990E+03   -0.9990E+03   -0.9990E+03   -0.9990E+03    0.2336E+04    0.2314E+04    0.2319E+04    0.2333E+04    0.2335E+04    0.2341E+04    0.2344E+04    0.2343E+04    0.2379E+04    0.1631E+04    0.1709E+02    0.6216E+02    0.7820E+02    0.2432E+03    0.1166E+03    0.4017E+02    0.4795E+02    0.5018E+02    0.5250E+02    0.5429E+02    0.5623E+02    0.5819E+02    0.6959E+02    0.6437E+02    0.6548E+02    0.6207E+02    0.7198E+02    0.6791E+02   -0.9990E+03   -0.9990E+03   -0.9990E+03   -0.9990E+03   -0.9990E+03   -0.9990E+03   -0.9990E+03   -0.9990E+03   -0.9990E+03   -0.9990E+03   -0.9990E+03   -0.9990E+03   -0.9990E+03   -0.9990E+03   -0.9990E+03   -0.9990E+03   -0.9990E+03   -0.9990E+03   -0.9990E+03   -0.9990E+03   -0.9990E+03   -0.9990E+03   -0.9990E+03   -0.9990E+03
   -0.9990E+03   -0.9990E+03   -0.9990E+03   -0.9990E+03   -0.9990E+03   -0.9990E+03   -0.9990E+03   -0.9990E+03   -0.9990E+03   -0.9990E+03   -0.9990E+03   -0.9990E+03   -0.9990E+03   -0.9990E+03   -0.9990E+03   -0.9990E+03   -0.9990E+03   -0.9990E+03   -0.9990E+03   -0.9990E+03   -0.9990E+03   -0.9990E+03   -0.9990E+03   -0.9990E+03    0.2362E+04    0.2372E+04    0.2376E+04    0.2324E+04    0.2327E+04    0.2340E+04    0.2352E+04    0.2350E+04    0.2342E+04    0.2369E+04    0.6271E+02    0.1679E+03    0.3128E+02    0.5007E+02    0.1051E+03    0.3984E+02    0.4585E+02    0.5063E+02    0.5338E+02    0.5391E+02    0.5578E+02    0.5929E+02    0.6926E+02    0.6188E+02    0.6346E+02    0.6391E+02    0.7120E+02    0.6707E+02   -0.9990E+03   -0.9990E+03   -0.9990E+03   -0.9990E+03   -0.9990E+03   -0.9990E+03   -0.9990E+03   -0.9990E+03   -0.9990E+03   -0.9990E+03   -0.9990E+03   -0.9990E+03   -0.9990E+03   -0.9990E+03   -0.9990E+03   -0.9990E+03   -0.9990E+03   -0.9990E+03   -0.9990E+03   -0.9990E+03   -0.9990E+03   -0.9990E+03   -0.9990E+03   -0.9990E+03
   -0.9990E+03   -0.9990E+03   -0.9990E+03   -0.9990E+03   -0.9990E+03   -0.9990E+03   -0.9990E+03   -0.9990E+03   -0.9990E+03   -0.9990E+03   -0.9990E+03   -0.9990E+03   -0.9990E+03   -0.9990E+03   -0.9990E+03   -0.9990E+03   -0.9990E+03   -0.9990E+03   -0.9990E+03   -0.9990E+03   -0.9990E+03   -0.9990E+03   -0.9990E+03   -0.9990E+03    0.1506E+04    0.1770E+04    0.2378E+04    0.2379E+04    0.2388E+04    0.2351E+04    0.2357E+04    0.2361E+04    0.2362E+04    0.2383E+04    0.4844E+02    0.5057E+02    0.3697E+02    0.4662E+02    0.3750E+02    0.4289E+02    0.4650E+02    0.5106E+02    0.5443E+02    0.5373E+02    0.5546E+02    0.6454E+02    0.6572E+02    0.6229E+02    0.6914E+02    0.6636E+02    0.6277E+02   -0.9990E+03   -0.9990E+03   -0.9990E+03   -0.9990E+03   -0.9990E+03   -0.9990E+03   -0.9990E+03   -0.9990E+03   -0.9990E+03   -0.9990E+03   -0.9990E+03   -0.9990E+03   -0.9990E+03   -0.9990E+03   -0.9990E+03   -0.9990E+03   -0.9990E+03   -0.9990E+03   -0.9990E+03   -0.9990E+03   -0.9990E+03   -0.9990E+03   -0.9990E+03   -0.9990E+03   -0.9990E+03
   -0.9990E+03   -0.9990E+03   -0.9990E+03   -0.9990E+03   -0.9990E+03   -0.9990E+03   -0.9990E+03   -0.9990E+03   -0.9990E+03   -0.9990E+03   -0.9990E+03   -0.9990E+03   -0.9990E+03   -0.9990E+03   -0.9990E+03   -0.9990E+03   -0.9990E+03   -0.9990E+03   -0.9990E+03   -0.9990E+03   -0.9990E+03   -0.9990E+03   -0.9990E+03   -0.9990E+03    0.1185E+04    0.1215E+04    0.1395E+04    0.1563E+04    0.2382E+04    0.2401E+04    0.2403E+04    0.2350E+04    0.2362E+04    0.2338E+04    0.4207E+02    0.2520E+02    0.4682E+02    0.4459E+02    0.3886E+02    0.4447E+02    0.4730E+02    0.5091E+02    0.5611E+02    0.5272E+02    0.5417E+02    0.6905E+02    0.5716E+02    0.6628E+02    0.6984E+02    0.6839E+02    0.6582E+02    0.6724E+02   -0.9990E+03   -0.9990E+03   -0.9990E+03   -0.9990E+03   -0.9990E+03   -0.9990E+03   -0.9990E+03   -0.9990E+03   -0.9990E+03   -0.9990E+03   -0.9990E+03   -0.9990E+03   -0.9990E+03   -0.9990E+03   -0.9990E+03   -0.9990E+03   -0.9990E+03   -0.9990E+03   -0.9990E+03   -0.9990E+03   -0.9990E+03   -0.9990E+03   -0.9990E+03   -0.9990E+03
   -0.9990E+03   -0.9990E+03   -0.9990E+03   -0.9990E+03   -0.9990E+03   -0.9990E+03   -0.9990E+03   -0.9990E+03   -0.9990E+03   -0.9990E+03   -0.9990E+03   -0.9990E+03   -0.9990E+03   -0.9990E+03   -0.9990E+03   -0.9990E+03   -0.9990E+03   -0.9990E+03   -0.9990E+03   -0.9990E+03   -0.9990E+03   -0.9990E+03   -0.9990E+03   -0.9990E+03   -0.9990E+03    0.1252E+04    0.1519E+04    0.1489E+04    0.1475E+04    0.2354E+04    0.2426E+04    0.2406E+04    0.2368E+04    0.5074E+02    0.4509E+02    0.4579E+02    0.4382E+02    0.3768E+02    0.4124E+02    0.4765E+02    0.4819E+02    0.5584E+02    0.5092E+02    0.5157E+02    0.5997E+02    0.6745E+02    0.5403E+02    0.6274E+02    0.6842E+02    0.6739E+02    0.6642E+02   -0.9990E+03   -0.9990E+03   -0.9990E+03   -0.9990E+03   -0.9990E+03   -0.9990E+03   -0.9990E+03   -0.9990E+03   -0.9990E+03   -0.9990E+03   -0.9990E+03   -0.9990E+03   -0.9990E+03   -0.9990E+03   -0.9990E+03   -0.9990E+03   -0.9990E+03   -0.9990E+03   -0.9990E+03   -0.9990E+03   -0.9990E+03   -0.9990E+03   -0.9990E+03   -0.9990E+03   -0.9990E+03
   -0.9990E+03   -0.9990E+03   -0.9990E+03   -0.9990E+03   -0.9990E+03   -0.9990E+03   -0.9990E+03   -0.9990E+03   -0.9990E+03   -0.9990E+03   -0.9990E+03   -0.9990E+03   -0.9990E+03   -0.9990E+03   -0.9990E+03   -0.9990E+03   -0.9990E+03   -0.9990E+03   -0.9990E+03   -0.9990E+03   -0.9990E+03   -0.9990E+03   -0.9990E+03   -0.9990E+03   -0.9990E+03    0.1151E+04    0.1399E+04    0.1616E+04    0.1694E+04    0.1907E+04    0.2193E+04    0.6762E+03    0.9049E+02    0.4774E+02    0.5435E+02    0.4126E+02    0.3984E+02    0.3548E+02    0.4599E+02    0.1297E+03    0.1206E+03    0.6338E+02    0.4555E+02    0.5234E+02    0.6653E+02    0.5517E+02    0.5701E+02    0.6798E+02    0.6639E+02    0.6352E+02   -0.9990E+03   -0.9990E+03   -0.9990E+03   -0.9990E+03   -0.9990E+03   -0.9990E+03   -0.9990E+03   -0.9990E+03   -0.9990E+03   -0.9990E+03   -0.9990E+03   -0.9990E+03   -0.9990E+03   -0.9990E+03   -0.9990E+03   -0.9990E+03   -0.9990E+03   -0.9990E+03   -0.9990E+03   -0.9990E+03   -0.9990E+03   -0.9990E+03   -0.9990E+03   -0.9990E+03   -0.9990E+03   -0.9990E+03
   -0.9990E+03   -0.9990E+03   -0.9990E+03   -0.9990E+03   -0.9990E+03   -0.9990E+03   -0.9990E+03   -0.9990E+03   -0.9990E+03   -0.9990E+03   -0.9990E+03   -0.9990E+03   -0.9990E+03   -0.9990E+03   -0.9990E+03   -0.9990E+03   -0.9990E+03   -0.9990E+03   -0.9990E+03   -0.9990E+03   -0.9990E+03   -0.9990E+03   -0.9990E+03   -0.9990E+03   -0.9990E+03    0.1222E+04    0.1562E+04    0.1565E+04    0.1648E+04    0.1848E+04    0.2020E+04    0.1661E+03    0.6028E+02    0.4705E+02    0.4839E+02    0.3837E+02    0.3811E+02    0.3411E+02    0.5869E+02    0.2145E+03    0.2034E+03    0.7715E+02    0.5063E+02    0.6348E+02    0.6023E+02    0.5270E+02    0.6969E+02    0.5803E+02    0.5687E+02   -0.9990E+03   -0.9990E+03   -0.9990E+03   -0.9990E+03   -0.9990E+03   -0.9990E+03   -0.9990E+03   -0.9990E+03   -0.9990E+03   -0.9990E+03   -0.9990E+03   -0.9990E+03   -0.9990E+03   -0.9990E+03   -0.9990E+03   -0.9990E+03   -0.9990E+03   -0.9990E+03   -0.9990E+03   -0.9990E+03   -0.9990E+03   -0.9990E+03   -0.9990E+03   -0.9990E+03   -0.9990E+03   -0.9990E+03   -0.9990E+03
   -0.9990E+03   -0.9990E+03   -0.9990E+03   -0.9990E+03   -0.9990E+03   -0.9990E+03   -0.9990E+03   -0.9990E+03   -0.9990E+03   -0.9990E+03   -0.9990E+03   -0.9990E+03   -0.9990E+03   -0.9990E+03   -0.9990E+03   -0.9990E+03   -0.9990E+03   -0.9990E+03   -0.9990E+03   -0.9990E+03   -0.9990E+03   -0.9990E+03   -0.9990E+03   -0.9990E+03   -0.9990E+03   -0.9990E+03    0.1247E+04    0.1656E+04    0.1659E+04    0.1724E+04    0.1736E+04    0.1746E+03    0.5184E+02    0.4806E+02    0.4728E+02    0.4025E+02    0.3818E+02    0.4830E+02    0.5837E+02    0.6180E+02    0.6046E+02    0.6232E+02    0.6301E+02    0.6472E+02    0.6296E+02    0.6401E+02    0.6354E+02    0.5700E+02   -0.9990E+03   -0.9990E+03   -0.9990E+03   -0.9990E+03   -0.9990E+03   -0.9990E+03   -0.9990E+03   -0.9990E+03   -0.9990E+03   -0.9990E+03   -0.9990E+03   -0.9990E+03   -0.9990E+03   -0.9990E+03   -0.9990E+03   -0.9990E+03   -0.9990E+03   -0.9990E+03   -0.9990E+03   -0.9990E+03   -0.9990E+03   -0.9990E+03   -0.9990E+03   -0.9990E+03   -0.9990E+03   -0.9990E+03   -0.9990E+03   -0.9990E+03
   -0.9990E+03   -0.9990E+03   -0.9990E+03   -0.9990E+03   -0.9990E+03   -0.9990E+03   -0.9990E+03   -0.9990E+03   -0.9990E+03   -0.9990E+03   -0.9990E+03   -0.9990E+03   -0.9990E+03   -0.9990E+03   -0.9990E+03   -0.9990E+03   -0.9990E+03   -0.9990E+03   -0.9990E+03   -0.9990E+03   -0.9990E+03   -0.9990E+03   -0.9990E+03   -0.9990E+03   -0.9990E+03    0.9459E+03    0.1551E+04    0.1758E+04    0.2381E+04    0.2416E+04    0.2399E+04    0.4274E+02    0.5013E+02    0.5314E+02    0.4711E+02    0.4051E+02    0.4914E+02    0.5712E+02    0.4463E+02    0.4562E+02    0.4891E+02    0.6191E+02    0.4677E+02    0.6411E+02    0.5807E+02    0.5132E+02    0.5356E+02    0.5961E+02   -0.9990E+03   -0.9990E+03   -0.9990E+03   -0.9990E+03   -0.9990E+03   -0.9990E+03   -0.9990E+03   -0.9990E+03   -0.9990E+03   -0.9990E+03   -0.9990E+03   -0.9990E+03   -0.9990E+03   -0.9990E+03   -0.9990E+03   -0.9990E+03   -0.9990E+03   -0.9990E+03   -0.9990E+03   -0.9990E+03   -0.9990E+03   -0.9990E+03   -0.9990E+03   -0.9990E+03   -0.9990E+03   -0.9990E+03   -0.9990E+03   -0.9990E+03
   -0.9990E+03   -0.9990E+03   -0.9990E+03   -0.9990E+03   -0.9990E+03   -0.9990E+03   -0.9990E+03   -0.9990E+03   -0.9990E+03   -0.9990E+03   -0.9990E+03   -0.9990E+03   -0.9990E+03   -0.9990E+03   -0.9990E+03   -0.9990E+03   -0.9990E+03   -0.9990E+03   -0.9990E+03   -0.9990E+03   -0.9990E+03   -0.9990E+03   -0.9990E+03   -0.9990E+03   -0.9990E+03    0.8765E+03    0.1284E+04    0.2198E+04    0.2325E+04    0.2362E+04    0.4467E+03    0.4912E+02    0.5612E+02    0.5698E+02    0.4210E+02    0.4339E+02    0.5604E+02    0.4173E+02    0.5163E+02    0.4531E+02    0.4264E+02    0.6161E+02    0.4383E+02    0.4880E+02    0.5454E+02    0.5237E+02    0.4958E+02   -0.9990E+03   -0.9990E+03   -0.9990E+03   -0.9990E+03   -0.9990E+03   -0.9990E+03   -0.9990E+03   -0.9990E+03   -0.9990E+03   -0.9990E+03   -0.9990E+03   -0.9990E+03   -0.9990E+03   -0.9990E+03   -0.9990E+03   -0.9990E+03   -0.9990E+03   -0.9990E+03   -0.9990E+03   -0.9990E+03   -0.9990E+03   -0.9990E+03   -0.9990E+03   -0.9990E+03   -0.9990E+03   -0.9990E+03   -0.9990E+03   -0.9990E+03   -0.9990E+03
   -0.9990E+03   -0.9990E+03   -0.9990E+03   -0.9990E+03   -0.9990E+03   -0.9990E+03   -0.9990E+03   -0.9990E+03   -0.9990E+03   -0.9990E+03   -0.9990E+03   -0.9990E+03   -0.9990E+03   -0.9990E+03   -0.9990E+03   -0.9990E+03   -0.9990E+03   -0.9990E+03   -0.9990E+03   -0.9990E+03   -0.9990E+03   -0.9990E+03   -0.9990E+03   -0.9990E+03   -0.9990E+03    0.9077E+03    0.1052E+04    0.1215E+04    0.1677E+04    0.2313E+04    0.5992E+02    0.6698E+02    0.5625E+02    0.5765E+02    0.4754E+02    0.5939E+02    0.5145E+02    0.2710E+02    0.4363E+02    0.4345E+02    0.4581E+02    0.5564E+02    0.5932E+02    0.5013E+02    0.5263E+02    0.5635E+02    0.5546E+02   -0.9990E+03   -0.9990E+03   -0.9990E+03   -0.9990E+03   -0.9990E+03   -0.9990E+03   -0.9990E+03   -0.9990E+03   -0.9990E+03   -0.9990E+03   -0.9990E+03   -0.9990E+03   -0.9990E+03   -0.9990E+03   -0.9990E+03   -0.9990E+03   -0.9990E+03   -0.9990E+03   -0.9990E+03   -0.9990E+03   -0.9990E+03   -0.9990E+03   -0.9990E+03   -0.9990E+03   -0.9990E+03   -0.9990E+03   -0.9990E+03   -0.9990E+03   -0.9990E+03
   -0.9990E+03   -0.9990E+03   -0.9990E+03   -0.9990E+03   -0.9990E+03   -0.9990E+03   -0.9990E+03   -0.9990E+03   -0.9990E+03   -0.9990E+03   -0.9990E+03   -0.9990E+03   -0.9990E+03   -0.9990E+03   -0.9990E+03   -0.9990E+03   -0.9990E+03   -0.9990E+03   -0.9990E+03   -0.9990E+03   -0.9990E+03   -0.9990E+03   -0.9990E+03   -0.9990E+03   -0.9990E+03   -0.9990E+03    0.1021E+04    0.1182E+04    0.9651E+03    0.1836E+04    0.5770E+02    0.5596E+02    0.5134E+02    0.6181E+02    0.5014E+02    0.6196E+02    0.6715E+02    0.6217E+02    0.5708E+02    0.5415E+02    0.5236E+02    0.4649E+02    0.5596E+02    0.5841E+02    0.5195E+02    0.5449E+02    0.5854E+02    0.5535E+02   -0.9990E+03   -0.9990E+03   -0.9990E+03   -0.9990E+03   -0.9990E+03   -0.9990E+03   -0.9990E+03   -0.9990E+03   -0.9990E+03   -0.9990E+03   -0.9990E+03   -0.9990E+03   -0.9990E+03   -0.9990E+03   -0.9990E+03   -0.9990E+03   -0.9990E+03   -0.9990E+03   -0.9990E+03   -0.9990E+03   -0.9990E+03   -0.9990E+03   -0.9990E+03   -0.9990E+03   -0.9990E+03   -0.9990E+03   -0.9990E+03   -0.9990E+03
   -0.9990E+03   -0.9990E+03   -0.9990E+03   -0.9990E+03   -0.9990E+03   -0.9990E+03   -0.9990E+03   -0.9990E+03   -0.9990E+03   -0.9990E+03   -0.9990E+03   -0.9990E+03   -0.9990E+03   -0.9990E+03   -0.9990E+03   -0.9990E+03   -0.9990E+03   -0.9990E+03   -0.9990E+03   -0.9990E+03   -0.9990E+03   -0.9990E+03   -0.9990E+03   -0.9990E+03   -0.9990E+03   -0.9990E+03    0.7858E+03    0.9530E+03    0.1228E+04    0.5303E+03    0.9637E+03    0.6327E+02    0.6307E+02    0.6607E+02    0.4654E+02    0.6605E+02    0.6242E+02    0.5748E+02    0.6043E+02    0.6553E+02    0.6685E+02    0.6945E+02    0.5602E+02    0.6390E+02    0.5185E+02    0.5534E+02    0.5867E+02    0.5507E+02   -0.9990E+03   -0.9990E+03   -0.9990E+03   -0.9990E+03   -0.9990E+03   -0.9990E+03   -0.9990E+03   -0.9990E+03   -0.9990E+03   -0.9990E+03   -0.9990E+03   -0.9990E+03   -0.9990E+03   -0.9990E+03   -0.9990E+03   -0.9990E+03   -0.9990E+03   -0.9990E+03   -0.9990E+03   -0.9990E+03   -0.9990E+03   -0.9990E+03   -0.9990E+03   -0.9990E+03   -0.9990E+03   -0.9990E+03   -0.9990E+03   -0.9990E+03
   -0.9990E+03   -0.9990E+03   -0.9990E+03   -0.9990E+03   -0.9990E+03   -0.9990E+03   -0.9990E+03   -0.9990E+03   -0.9990E+03   -0.9990E+03   -0.9990E+03   -0.9990E+03   -0.9990E+03   -0.9990E+03   -0.9990E+03   -0.9990E+03   -0.9990E+03   -0.9990E+03   -0.9990E+03   -0.9990E+03   -0.9990E+03   -0.9990E+03   -0.9990E+03   -0.9990E+03   -0.9990E+03   -0.9990E+03    0.9734E+03    0.1174E+04    0.1086E+04    0.4947E+03    0.5071E+03    0.5231E+03    0.7197E+02    0.7163E+02    0.7492E+02    0.5849E+02    0.6601E+02    0.6480E+02    0.7203E+02    0.7047E+02    0.6329E+02    0.6356E+02    0.3808E+02    0.4352E+02    0.2902E+02    0.4254E+02    0.4487E+02   -0.9990E+03   -0.9990E+03   -0.9990E+03   -0.9990E+03   -0.9990E+03   -0.9990E+03   -0.9990E+03   -0.9990E+03   -0.9990E+03   -0.9990E+03   -0.9990E+03   -0.9990E+03   -0.9990E+03   -0.9990E+03   -0.9990E+03   -0.9990E+03   -0.9990E+03   -0.9990E+03   -0.9990E+03   -0.9990E+03   -0.9990E+03   -0.9990E+03   -0.9990E+03   -0.9990E+03   -0.9990E+03   -0.9990E+03   -0.9990E+03   -0.9990E+03   -0.9990E+03
   -0.9990E+03   -0.9990E+03   -0.9990E+03   -0.9990E+03   -0.9990E+03   -0.9990E+03   -0.9990E+03   -0.9990E+03   -0.9990E+03   -0.9990E+03   -0.9990E+03   -0.9990E+03   -0.9990E+03   -0.9990E+03   -0.9990E+03   -0.9990E+03   -0.9990E+03   -0.9990E+03   -0.9990E+03   -0.9990E+03   -0.9990E+03   -0.9990E+03   -0.9990E+03   -0.9990E+03   -0.9990E+03   -0.9990E+03    0.9461E+03    0.1094E+04    0.1171E+04    0.5443E+03    0.6530E+03    0.5410E+03    0.8299E+02    0.7926E+02    0.8157E+02    0.6493E+02    0.7113E+02    0.7089E+02    0.7751E+02    0.6854E+02    0.4837E+02    0.4355E+02   -0.9990E+03   -0.9990E+03   -0.9990E+03   -0.9990E+03   -0.9990E+03   -0.9990E+03   -0.9990E+03   -0.9990E+03   -0.9990E+03   -0.9990E+03   -0.9990E+03   -0.9990E+03   -0.9990E+03   -0.9990E+03   -0.9990E+03   -0.9990E+03   -0.9990E+03   -0.9990E+03   -0.9990E+03   -0.9990E+03   -0.9990E+03   -0.9990E+03   -0.9990E+03   -0.9990E+03   -0.9990E+03   -0.9990E+03   -0.9990E+03   -0.9990E+03   -0.9990E+03   -0.9990E+03   -0.9990E+03   -0.9990E+03   -0.9990E+03   -0.9990E+03
   -0.9990E+03   -0.9990E+03   -0.9990E+03   -0.9990E+03   -0.9990E+03   -0.9990E+03   -0.9990E+03   -0.9990E+03   -0.9990E+03   -0.9990E+03   -0.9990E+03   -0.9990E+03   -0.9990E+03   -0.9990E+03   -0.9990E+03   -0.9990E+03   -0.9990E+03   -0.9990E+03   -0.9990E+03   -0.9990E+03   -0.9990E+03   -0.9990E+03   -0.9990E+03   -0.9990E+03   -0.9990E+03    0.8938E+03    0.9311E+03    0.9307E+03    0.1211E+04    0.7471E+03    0.6346E+03    0.3841E+03    0.8039E+02    0.8654E+02    0.6093E+02    0.8852E+02    0.8078E+02    0.8018E+02    0.8234E+02    0.5662E+02    0.5071E+02   -0.9990E+03   -0.9990E+03   -0.9990E+03   -0.9990E+03   -0.9990E+03   -0.9990E+03   -0.9990E+03   -0.9990E+03   -0.9990E+03   -0.9990E+03   -0.9990E+03   -0.9990E+03   -0.9990E+03   -0.9990E+03   -0.9990E+03   -0.9990E+03   -0.9990E+03   -0.9990E+03   -0.9990E+03   -0.9990E+03   -0.9990E+03   -0.9990E+03   -0.9990E+03   -0.9990E+03   -0.9990E+03   -0.9990E+03   -0.9990E+03   -0.9990E+03   -0.9990E+03   -0.9990E+03   -0.9990E+03   -0.9990E+03   -0.9990E+03   -0.9990E+03   -0.9990E+03
   -0.9990E+03   -0.9990E+03   -0.9990E+03   -0.9990E+03   -0.9990E+03   -0.9990E+03   -0.9990E+03   -0.9990E+03   -0.9990E+03   -0.9990E+03   -0.9990E+03   -0.9990E+03   -0.9990E+03   -0.9990E+03   -0.9990E+03   -0.9990E+03   -0.9990E+03   -0.9990E+03   -0.9990E+03   -0.9990E+03   -0.9990E+03   -0.9990E+03   -0.9990E+03   -0.9990E+03    0.1013E+04    0.9443E+03    0.8556E+03    0.1130E+04    0.1157E+04    0.1229E+04    0.5806E+03    0.1022E+03    0.1152E+03    0.9638E+02    0.9283E+02    0.9536E+02    0.1042E+03    0.8949E+02    0.7327E+02    0.8668E+02    0.6945E+02   -0.9990E+03   -0.9990E+03   -0.9990E+03   -0.9990E+03   -0.9990E+03   -0.9990E+03   -0.9990E+03   -0.9990E+03   -0.9990E+03   -0.9990E+03   -0.9990E+03   -0.9990E+03   -0.9990E+03   -0.9990E+03   -0.9990E+03   -0.9990E+03   -0.9990E+03   -0.9990E+03   -0.9990E+03   -0.9990E+03   -0.9990E+03   -0.9990E+03   -0.9990E+03   -0.9990E+03   -0.9990E+03   -0.9990E+03   -0.9990E+03   -0.9990E+03   -0.9990E+03   -0.9990E+03   -0.9990E+03   -0.9990E+03   -0.9990E+03   -0.9990E+03   -0.9990E+03
   -0.9990E+03   -0.9990E+03   -0.9990E+03   -0.9990E+03   -0.9990E+03   -0.9990E+03   -0.9990E+03   -0.9990E+03   -0.9990E+03   -0.9990E+03   -0.9990E+03   -0.9990E+03   -0.9990E+03   -0.9990E+03   -0.9990E+03   -0.9990E+03   -0.9990E+03   -0.9990E+03   -0.9990E+03   -0.9990E+03   -0.9990E+03   -0.9990E+03   -0.9990E+03   -0.9990E+03    0.9755E+03    0.1064E+04    0.1030E+04    0.9984E+03    0.1127E+04    0.9947E+03    0.4145E+03    0.1887E+03    0.1412E+03    0.1038E+03    0.8368E+02    0.1107E+03    0.1001E+03    0.7450E+02    0.9977E+02    0.9592E+02    0.8686E+02   -0.9990E+03   -0.9990E+03   -0.9990E+03   -0.9990E+03   -0.9990E+03   -0.9990E+03   -0.9990E+03   -0.9990E+03   -0.9990E+03   -0.9990E+03   -0.9990E+03   -0.9990E+03   -0.9990E+03   -0.9990E+03   -0.9990E+03   -0.9990E+03   -0.9990E+03   -0.9990E+03   -0.9990E+03   -0.9990E+03   -0.9990E+03   -0.9990E+03   -0.9990E+03   -0.9990E+03   -0.9990E+03   -0.9990E+03   -0.9990E+03   -0.9990E+03   -0.9990E+03   -0.9990E+03   -0.9990E+03   -0.9990E+03   -0.9990E+03   -0.9990E+03   -0.9990E+03
   -0.9990E+03   -0.9990E+03   -0.9990E+03   -0.9990E+03   -0.9990E+03   -0.9990E+03   -0.9990E+03   -0.9990E+03   -0.9990E+03   -0.9990E+03   -0.9990E+03   -0.9990E+03   -0.9990E+03   -0.9990E+03   -0.9990E+03   -0.9990E+03   -0.9990E+03   -0.9990E+03   -0.9990E+03   -0.9990E+03   -0.9990E+03   -0.9990E+03   -0.9990E+03   -0.9990E+03    0.8616E+03    0.9504E+03    0.1073E+04    0.9544E+03    0.1262E+04    0.9646E+03    0.1606E+03    0.1784E+03    0.2097E+03    0.8433E+02    0.8793E+02    0.1130E+03    0.1200E+03    0.1052E+03    0.1090E+03    0.9667E+02    0.8625E+02   -0.9990E+03   -0.9990E+03   -0.9990E+03   -0.9990E+03   -0.9990E+03   -0.9990E+03   -0.9990E+03   -0.9990E+03   -0.9990E+03   -0.9990E+03   -0.9990E+03   -0.9990E+03   -0.9990E+03   -0.9990E+03   -0.9990E+03   -0.9990E+03   -0.9990E+03   -0.9990E+03   -0.9990E+03   -0.9990E+03   -0.9990E+03   -0.9990E+03   -0.9990E+03   -0.9990E+03   -0.9990E+03   -0.9990E+03   -0.9990E+03   -0.9990E+03   -0.9990E+03   -0.9990E+03   -0.9990E+03   -0.9990E+03   -0.9990E+03   -0.9990E+03   -0.9990E+03
   -0.9990E+03   -0.9990E+03   -0.9990E+03   -0.9990E+03   -0.9990E+03   -0.9990E+03   -0.9990E+03   -0.9990E+03   -0.9990E+03   -0.9990E+03   -0.9990E+03   -0.9990E+03   -0.9990E+03   -0.9990E+03   -0.9990E+03   -0.9990E+03   -0.9990E+03   -0.9990E+03   -0.9990E+03   -0.9990E+03   -0.9990E+03   -0.9990E+03   -0.9990E+03   -0.9990E+03    0.1534E+04    0.8929E+03    0.9057E+03    0.1307E+04    0.5637E+03    0.1283E+03    0.2436E+03    0.2804E+03    0.2085E+03    0.9096E+02    0.1087E+03    0.1241E+03    0.1181E+03    0.1253E+03    0.1141E+03    0.1087E+03   -0.9990E+03   -0.9990E+03   -0.9990E+03   -0.9990E+03   -0.9990E+03   -0.9990E+03   -0.9990E+03   -0.9990E+03   -0.9990E+03   -0.9990E+03   -0.9990E+03   -0.9990E+03   -0.9990E+03   -0.9990E+03   -0.9990E+03   -0.9990E+03   -0.9990E+03   -0.9990E+03   -0.9990E+03   -0.9990E+03   -0.9990E+03   -0.9990E+03   -0.9990E+03   -0.9990E+03   -0.9990E+03   -0.9990E+03   -0.9990E+03   -0.9990E+03   -0.9990E+03   -0.9990E+03   -0.9990E+03   -0.9990E+03   -0.9990E+03   -0.9990E+03   -0.9990E+03   -0.9990E+03
   -0.9990E+03   -0.9990E+03   -0.9990E+03   -0.9990E+03   -0.9990E+03   -0.9990E+03   -0.9990E+03   -0.9990E+03   -0.9990E+03   -0.9990E+03   -0.9990E+03   -0.9990E+03   -0.9990E+03   -0.9990E+03   -0.9990E+03   -0.9990E+03   -0.9990E+03   -0.9990E+03   -0.9990E+03   -0.9990E+03   -0.9990E+03   -0.9990E+03   -0.9990E+03   -0.9990E+03    0.1786E+04    0.1683E+04    0.8998E+03    0.1103E+04    0.7426E+03    0.2395E+03    0.8701E+03    0.2913E+03    0.1623E+03    0.1222E+03    0.1170E+03    0.1510E+03    0.1398E+03    0.1354E+03    0.1243E+03    0.1086E+03   -0.9990E+03   -0.9990E+03   -0.9990E+03   -0.9990E+03   -0.9990E+03   -0.9990E+03   -0.9990E+03   -0.9990E+03   -0.9990E+03   -0.9990E+03   -0.9990E+03   -0.9990E+03   -0.9990E+03   -0.9990E+03   -0.9990E+03   -0.9990E+03   -0.9990E+03   -0.9990E+03   -0.9990E+03   -0.9990E+03   -0.9990E+03   -0.9990E+03   -0.9990E+03   -0.9990E+03   -0.9990E+03   -0.9990E+03   -0.9990E+03   -0.9990E+03   -0.9990E+03   -0.9990E+03   -0.9990E+03   -0.9990E+03   -0.9990E+03   -0.9990E+03   -0.9990E+03   -0.9990E+03
   -0.9990E+03   -0.9990E+03   -0.9990E+03   -0.9990E+03   -0.9990E+03   -0.9990E+03   -0.9990E+03   -0.9990E+03   -0.9990E+03   -0.9990E+03   -0.9990E+03   -0.9990E+03   -0.9990E+03   -0.9990E+03   -0.9990E+03   -0.9990E+03   -0.9990E+03   -0.9990E+03   -0.9990E+03   -0.9990E+03   -0.9990E+03   -0.9990E+03   -0.9990E+03   -0.9990E+03   -0.9990E+03    0.1440E+04    0.1136E+04    0.7450E+03    0.1053E+04    0.1389E+03    0.9867E+03    0.4074E+03    0.3043E+03    0.1425E+03    0.1562E+03    0.1424E+03    0.1184E+03    0.1210E+03    0.1154E+03    0.1108E+03   -0.9990E+03   -0.9990E+03   -0.9990E+03   -0.9990E+03   -0.9990E+03   -0.9990E+03   -0.9990E+03   -0.9990E+03   -0.9990E+03   -0.9990E+03   -0.9990E+03   -0.9990E+03   -0.9990E+03   -0.9990E+03   -0.9990E+03   -0.9990E+03   -0.9990E+03   -0.9990E+03   -0.9990E+03   -0.9990E+03   -0.9990E+03   -0.9990E+03   -0.9990E+03   -0.9990E+03   -0.9990E+03   -0.9990E+03   -0.9990E+03   -0.9990E+03   -0.9990E+03   -0.9990E+03   -0.9990E+03   -0.9990E+03   -0.9990E+03   -0.9990E+03   -0.9990E+03   -0.9990E+03
   -0.9990E+03   -0.9990E+03   -0.9990E+03   -0.9990E+03   -0.9990E+03   -0.9990E+03   -0.9990E+03   -0.9990E+03   -0.9990E+03   -0.9990E+03   -0.9990E+03   -0.9990E+03   -0.9990E+03   -0.9990E+03   -0.9990E+03   -0.9990E+03   -0.9990E+03   -0.9990E+03   -0.9990E+03   -0.9990E+03   -0.9990E+03   -0.9990E+03   -0.9990E+03   -0.9990E+03   -0.9990E+03   -0.9990E+03    0.1468E+04    0.8737E+03    0.1090E+04    0.4984E+03    0.9858E+03    0.6496E+03    0.3627E+03    0.1450E+03    0.1262E+03    0.1445E+03    0.1320E+03    0.1200E+03    0.1352E+03    0.1233E+03   -0.9990E+03   -0.9990E+03   -0.9990E+03   -0.9990E+03   -0.9990E+03   -0.9990E+03   -0.9990E+03   -0.9990E+03   -0.9990E+03   -0.9990E+03   -0.9990E+03   -0.9990E+03   -0.9990E+03   -0.9990E+03   -0.9990E+03   -0.9990E+03   -0.9990E+03   -0.9990E+03   -0.9990E+03   -0.9990E+03   -0.9990E+03   -0.9990E+03   -0.9990E+03   -0.9990E+03   -0.9990E+03   -0.9990E+03   -0.9990E+03   -0.9990E+03   -0.9990E+03   -0.9990E+03   -0.9990E+03   -0.9990E+03   -0.9990E+03   -0.9990E+03   -0.9990E+03   -0.9990E+03
   -0.9990E+03   -0.9990E+03   -0.9990E+03   -0.9990E+03   -0.9990E+03   -0.9990E+03   -0.9990E+03   -0.9990E+03   -0.9990E+03   -0.9990E+03   -0.9990E+03   -0.9990E+03   -0.9990E+03   -0.9990E+03   -0.9990E+03   -0.9990E+03   -0.9990E+03   -0.9990E+03   -0.9990E+03   -0.9990E+03   -0.9990E+03    0.4822E+03    0.3420E+02    0.5376E+02    0.1902E+02    0.2884E+02    0.4768E+03    0.1839E+04    0.1101E+04    0.1045E+04    0.1217E+04    0.1156E+04    0.2180E+03    0.1330E+03    0.1508E+03    0.1564E+03    0.1378E+03    0.1336E+03    0.1421E+03    0.1217E+03   -0.9990E+03   -0.9990E+03   -0.9990E+03   -0.9990E+03   -0.9990E+03   -0.9990E+03   -0.9990E+03   -0.9990E+03   -0.9990E+03   -0.9990E+03   -0.9990E+03   -0.9990E+03   -0.9990E+03   -0.9990E+03   -0.9990E+03   -0.9990E+03   -0.9990E+03   -0.9990E+03   -0.9990E+03   -0.9990E+03   -0.9990E+03   -0.9990E+03   -0.9990E+03   -0.9990E+03   -0.9990E+03   -0.9990E+03   -0.9990E+03   -0.9990E+03   -0.9990E+03   -0.9990E+03   -0.9990E+03   -0.9990E+03   -0.9990E+03   -0.9990E+03   -0.9990E+03   -0.9990E+03
   -0.9990E+03   -0.9990E+03   -0.9990E+03   -0.9990E+03   -0.9990E+03   -0.9990E+03   -0.9990E+03   -0.9990E+03   -0.9990E+03   -0.9990E+03   -0.9990E+03   -0.9990E+03   -0.9990E+03   -0.9990E+03   -0.9990E+03   -0.9990E+03   -0.9990E+03   -0.9990E+03   -0.9990E+03   -0.9990E+03    0.2963E+03    0.2226E+03    0.3496E+03    0.6887E+02    0.1298E+03    0.1857E+03    0.2072E+04    0.2260E+04    0.2322E+04    0.1080E+04    0.7322E+03    0.1091E+04    0.1454E+03    0.1387E+03    0.1314E+03    0.1342E+03    0.1443E+03    0.1536E+03    0.1409E+03    0.1213E+03   -0.9990E+03   -0.9990E+03   -0.9990E+03   -0.9990E+03   -0.9990E+03   -0.9990E+03   -0.9990E+03   -0.9990E+03   -0.9990E+03   -0.9990E+03   -0.9990E+03   -0.9990E+03   -0.9990E+03   -0.9990E+03   -0.9990E+03   -0.9990E+03   -0.9990E+03   -0.9990E+03   -0.9990E+03   -0.9990E+03   -0.9990E+03   -0.9990E+03   -0.9990E+03   -0.9990E+03   -0.9990E+03   -0.9990E+03   -0.9990E+03   -0.9990E+03   -0.9990E+03   -0.9990E+03   -0.9990E+03   -0.9990E+03   -0.9990E+03   -0.9990E+03   -0.9990E+03   -0.9990E+03
   -0.9990E+03   -0.9990E+03   -0.9990E+03   -0.9990E+03   -0.9990E+03   -0.9990E+03   -0.9990E+03   -0.9990E+03   -0.9990E+03   -0.9990E+03   -0.9990E+03   -0.9990E+03   -0.9990E+03   -0.9990E+03   -0.9990E+03   -0.9990E+03   -0.9990E+03   -0.9990E+03   -0.9990E+03   -0.9990E+03    0.2164E+03    0.2994E+03    0.5091E+03    0.6691E+03    0.3076E+03    0.1852E+03    0.7010E+03    0.2254E+04    0.1335E+04    0.3040E+03    0.8129E+03    0.1409E+03    0.1405E+03    0.1111E+03    0.1321E+03    0.1368E+03    0.1483E+03    0.1497E+03    0.1327E+03    0.1301E+03   -0.9990E+03   -0.9990E+03   -0.9990E+03   -0.9990E+03   -0.9990E+03   -0.9990E+03   -0.9990E+03   -0.9990E+03   -0.9990E+03   -0.9990E+03   -0.9990E+03   -0.9990E+03   -0.9990E+03   -0.9990E+03   -0.9990E+03   -0.9990E+03   -0.9990E+03   -0.9990E+03   -0.9990E+03   -0.9990E+03   -0.9990E+03   -0.9990E+03   -0.9990E+03   -0.9990E+03   -0.9990E+03   -0.9990E+03   -0.9990E+03   -0.9990E+03   -0.9990E+03   -0.9990E+03   -0.9990E+03   -0.9990E+03   -0.9990E+03   -0.9990E+03   -0.9990E+03   -0.9990E+03
   -0.9990E+03   -0.9990E+03   -0.9990E+03   -0.9990E+03   -0.9990E+03   -0.9990E+03   -0.9990E+03   -0.9990E+03   -0.9990E+03   -0.9990E+03   -0.9990E+03   -0.9990E+03   -0.9990E+03   -0.9990E+03   -0.9990E+03   -0.9990E+03   -0.9990E+03   -0.9990E+03   -0.9990E+03   -0.9990E+03    0.1033E+03    0.1043E+03    0.1067E+03    0.1041E+03    0.1095E+03    0.1789E+04    0.2173E+04    0.2317E+04    0.1521E+04    0.1929E+03    0.1326E+03    0.1391E+03    0.1272E+03    0.9601E+02    0.1297E+03    0.1454E+03    0.1559E+03    0.1488E+03    0.1411E+03    0.1286E+03   -0.9990E+03   -0.9990E+03   -0.9990E+03   -0.9990E+03   -0.9990E+03   -0.9990E+03   -0.9990E+03   -0.9990E+03   -0.9990E+03   -0.9990E+03   -0.9990E+03   -0.9990E+03   -0.9990E+03   -0.9990E+03   -0.9990E+03   -0.9990E+03   -0.9990E+03   -0.9990E+03   -0.9990E+03   -0.9990E+03   -0.9990E+03   -0.9990E+03   -0.9990E+03   -0.9990E+03   -0.9990E+03   -0.9990E+03   -0.9990E+03   -0.9990E+03   -0.9990E+03   -0.9990E+03   -0.9990E+03   -0.9990E+03   -0.9990E+03   -0.9990E+03   -0.9990E+03   -0.9990E+03
   -0.9990E+03   -0.9990E+03   -0.9990E+03   -0.9990E+03   -0.9990E+03   -0.9990E+03   -0.9990E+03   -0.9990E+03   -0.9990E+03   -0.9990E+03   -0.9990E+03   -0.9990E+03   -0.9990E+03   -0.9990E+03   -0.9990E+03   -0.9990E+03   -0.9990E+03   -0.9990E+03   -0.9990E+03    0.3164E+03    0.1107E+03    0.8238E+02    0.7176E+02    0.1622E+04    0.3891E+03    0.3075E+03    0.3021E+03    0.8922E+03    0.2358E+03    0.1546E+03    0.1374E+03    0.1351E+03    0.1262E+03    0.1349E+03    0.1541E+03    0.1558E+03    0.1346E+03    0.1410E+03    0.1287E+03   -0.9990E+03   -0.9990E+03   -0.9990E+03   -0.9990E+03   -0.9990E+03   -0.9990E+03   -0.9990E+03   -0.9990E+03   -0.9990E+03   -0.9990E+03   -0.9990E+03   -0.9990E+03   -0.9990E+03   -0.9990E+03   -0.9990E+03   -0.9990E+03   -0.9990E+03   -0.9990E+03   -0.9990E+03   -0.9990E+03   -0.9990E+03   -0.9990E+03   -0.9990E+03   -0.9990E+03   -0.9990E+03   -0.9990E+03   -0.9990E+03   -0.9990E+03   -0.9990E+03   -0.9990E+03   -0.9990E+03   -0.9990E+03   -0.9990E+03   -0.9990E+03   -0.9990E+03   -0.9990E+03   -0.9990E+03
   -0.9990E+03   -0.9990E+03   -0.9990E+03   -0.9990E+03   -0.9990E+03   -0.9990E+03   -0.9990E+03   -0.9990E+03   -0.9990E+03   -0.9990E+03   -0.9990E+03   -0.9990E+03   -0.9990E+03   -0.9990E+03   -0.9990E+03   -0.9990E+03   -0.9990E+03    0.3570E+03    0.3653E+03    0.3048E+03    0.3870E+03    0.2478E+03    0.2460E+03    0.1217E+04    0.2151E+04    0.1632E+03    0.1911E+03    0.1818E+03    0.1287E+03    0.1346E+03    0.1329E+03    0.1322E+03    0.1355E+03    0.1399E+03    0.1173E+03    0.1281E+03    0.1309E+03    0.1301E+03   -0.9990E+03   -0.9990E+03   -0.9990E+03   -0.9990E+03   -0.9990E+03   -0.9990E+03   -0.9990E+03   -0.9990E+03   -0.9990E+03   -0.9990E+03   -0.9990E+03   -0.9990E+03   -0.9990E+03   -0.9990E+03   -0.9990E+03   -0.9990E+03   -0.9990E+03   -0.9990E+03   -0.9990E+03   -0.9990E+03   -0.9990E+03   -0.9990E+03   -0.9990E+03   -0.9990E+03   -0.9990E+03   -0.9990E+03   -0.9990E+03   -0.9990E+03   -0.9990E+03   -0.9990E+03   -0.9990E+03   -0.9990E+03   -0.9990E+03   -0.9990E+03   -0.9990E+03   -0.9990E+03   -0.9990E+03   -0.9990E+03
   -0.9990E+03   -0.9990E+03   -0.9990E+03   -0.9990E+03   -0.9990E+03   -0.9990E+03   -0.9990E+03   -0.9990E+03   -0.9990E+03   -0.9990E+03   -0.9990E+03   -0.9990E+03   -0.9990E+03   -0.9990E+03   -0.9990E+03    0.3329E+03    0.3291E+03    0.3131E+03    0.3320E+03    0.2917E+03    0.9427E+03    0.6078E+03    0.1443E+04    0.8377E+02    0.1976E+04    0.2161E+03    0.1701E+03    0.1338E+03    0.1304E+03    0.1388E+03    0.1344E+03    0.1290E+03    0.1336E+03    0.1371E+03    0.1373E+03    0.1671E+03    0.1738E+03    0.1388E+03   -0.9990E+03   -0.9990E+03   -0.9990E+03   -0.9990E+03   -0.9990E+03   -0.9990E+03   -0.9990E+03   -0.9990E+03   -0.9990E+03   -0.9990E+03   -0.9990E+03   -0.9990E+03   -0.9990E+03   -0.9990E+03   -0.9990E+03   -0.9990E+03   -0.9990E+03   -0.9990E+03   -0.9990E+03   -0.9990E+03   -0.9990E+03   -0.9990E+03   -0.9990E+03   -0.9990E+03   -0.9990E+03   -0.9990E+03   -0.9990E+03   -0.9990E+03   -0.9990E+03   -0.9990E+03   -0.9990E+03   -0.9990E+03   -0.9990E+03   -0.9990E+03   -0.9990E+03   -0.9990E+03   -0.9990E+03   -0.9990E+03
   -0.9990E+03   -0.9990E+03   -0.9990E+03   -0.9990E+03   -0.9990E+03   -0.9990E+03   -0.9990E+03   -0.9990E+03   -0.9990E+03   -0.9990E+03   -0.9990E+03   -0.9990E+03   -0.9990E+03   -0.9990E+03    0.1792E+04    0.1820E+04    0.1805E+04    0.1843E+04    0.1628E+04    0.5389E+03    0.9472E+03    0.1164E+04    0.3116E+03    0.1838E+04    0.3052E+03    0.1472E+03    0.1302E+03    0.1263E+03    0.1291E+03    0.1467E+03    0.1430E+03    0.1383E+03    0.1522E+03    0.1646E+03    0.1921E+03    0.1789E+03    0.1817E+03    0.1376E+03   -0.9990E+03   -0.9990E+03   -0.9990E+03   -0.9990E+03   -0.9990E+03   -0.9990E+03   -0.9990E+03   -0.9990E+03   -0.9990E+03   -0.9990E+03   -0.9990E+03   -0.9990E+03   -0.9990E+03   -0.9990E+03   -0.9990E+03   -0.9990E+03   -0.9990E+03   -0.9990E+03   -0.9990E+03   -0.9990E+03   -0.9990E+03   -0.9990E+03   -0.9990E+03   -0.9990E+03   -0.9990E+03   -0.9990E+03   -0.9990E+03   -0.9990E+03   -0.9990E+03   -0.9990E+03   -0.9990E+03   -0.9990E+03   -0.9990E+03   -0.9990E+03   -0.9990E+03   -0.9990E+03   -0.9990E+03   -0.9990E+03
   -0.9990E+03   -0.9990E+03   -0.9990E+03   -0.9990E+03   -0.9990E+03   -0.9990E+03   -0.9990E+03   -0.9990E+03   -0.9990E+03   -0.9990E+03   -0.9990E+03   -0.9990E+03   -0.9990E+03    0.1640E+04    0.1670E+04    0.1719E+04    0.1690E+04    0.1720E+04    0.1519E+04    0.1551E+04    0.1499E+04    0.6622E+03    0.1579E+03    0.1433E+03    0.1312E+03    0.1240E+03    0.1241E+03    0.1274E+03    0.1416E+03    0.1420E+03    0.1359E+03    0.1368E+03    0.1499E+03    0.1521E+03    0.1527E+03    0.1457E+03    0.1465E+03    0.1323E+03   -0.9990E+03   -0.9990E+03   -0.9990E+03   -0.9990E+03   -0.9990E+03   -0.9990E+03   -0.9990E+03   -0.9990E+03   -0.9990E+03   -0.9990E+03   -0.9990E+03   -0.9990E+03   -0.9990E+03   -0.9990E+03   -0.9990E+03   -0.9990E+03   -0.9990E+03   -0.9990E+03   -0.9990E+03   -0.9990E+03   -0.9990E+03   -0.9990E+03   -0.9990E+03   -0.9990E+03   -0.9990E+03   -0.9990E+03   -0.9990E+03   -0.9990E+03   -0.9990E+03   -0.9990E+03   -0.9990E+03   -0.9990E+03   -0.9990E+03   -0.9990E+03   -0.9990E+03   -0.9990E+03   -0.9990E+03   -0.9990E+03
   -0.9990E+03   -0.9990E+03   -0.9990E+03   -0.9990E+03   -0.9990E+03   -0.9990E+03   -0.9990E+03   -0.9990E+03   -0.9990E+03   -0.9990E+03   -0.9990E+03   -0.9990E+03    0.8497E+03    0.1498E+04    0.1491E+04    0.1499E+04    0.1537E+04    0.1539E+04    0.1433E+04    0.1399E+04    0.1544E+04    0.9782E+03    0.1934E+03    0.1310E+03    0.1232E+03    0.1221E+03    0.1236E+03    0.1313E+03    0.1355E+03    0.1331E+03    0.1362E+03    0.1362E+03    0.1385E+03    0.1398E+03    0.1345E+03    0.1351E+03   -0.9990E+03   -0.9990E+03   -0.9990E+03   -0.9990E+03   -0.9990E+03   -0.9990E+03   -0.9990E+03   -0.9990E+03   -0.9990E+03   -0.9990E+03   -0.9990E+03   -0.9990E+03   -0.9990E+03   -0.9990E+03   -0.9990E+03   -0.9990E+03   -0.9990E+03   -0.9990E+03   -0.9990E+03   -0.9990E+03   -0.9990E+03   -0.9990E+03   -0.9990E+03   -0.9990E+03   -0.9990E+03   -0.9990E+03   -0.9990E+03   -0.9990E+03   -0.9990E+03   -0.9990E+03   -0.9990E+03   -0.9990E+03   -0.9990E+03   -0.9990E+03   -0.9990E+03   -0.9990E+03   -0.9990E+03   -0.9990E+03   -0.9990E+03   -0.9990E+03
   -0.9990E+03   -0.9990E+03   -0.9990E+03   -0.9990E+03   -0.9990E+03   -0.9990E+03   -0.9990E+03   -0.9990E+03   -0.9990E+03   -0.9990E+03   -0.9990E+03    0.2009E+03    0.2155E+03    0.8025E+03    0.1363E+04    0.1372E+04    0.1399E+04    0.1395E+04    0.1354E+04    0.1239E+04    0.1414E+04    0.1252E+04    0.1350E+03    0.1180E+03    0.1184E+03    0.1185E+03    0.1301E+03    0.1310E+03    0.1304E+03    0.1321E+03    0.1347E+03    0.1337E+03    0.1337E+03    0.1344E+03    0.1339E+03    0.1272E+03   -0.9990E+03   -0.9990E+03   -0.9990E+03   -0.9990E+03   -0.9990E+03   -0.9990E+03   -0.9990E+03   -0.9990E+03   -0.9990E+03   -0.9990E+03   -0.9990E+03   -0.9990E+03   -0.9990E+03   -0.9990E+03   -0.9990E+03   -0.9990E+03   -0.9990E+03   -0.9990E+03   -0.9990E+03   -0.9990E+03   -0.9990E+03   -0.9990E+03   -0.9990E+03   -0.9990E+03   -0.9990E+03   -0.9990E+03   -0.9990E+03   -0.9990E+03   -0.9990E+03   -0.9990E+03   -0.9990E+03   -0.9990E+03   -0.9990E+03   -0.9990E+03   -0.9990E+03   -0.9990E+03   -0.9990E+03   -0.9990E+03   -0.9990E+03   -0.9990E+03
   -0.9990E+03   -0.9990E+03   -0.9990E+03   -0.9990E+03   -0.9990E+03   -0.9990E+03   -0.9990E+03   -0.9990E+03   -0.9990E+03   -0.9990E+03    0.1851E+03    0.1976E+03    0.2120E+03    0.2247E+03    0.7420E+03    0.1230E+04    0.1248E+04    0.1265E+04    0.1205E+04    0.1122E+04    0.1236E+04    0.1970E+03    0.1220E+03    0.1188E+03    0.1184E+03    0.1253E+03    0.1333E+03    0.1293E+03    0.1284E+03    0.1298E+03    0.1320E+03    0.1357E+03    0.1305E+03    0.1326E+03    0.1325E+03   -0.9990E+03   -0.9990E+03   -0.9990E+03   -0.9990E+03   -0.9990E+03   -0.9990E+03   -0.9990E+03   -0.9990E+03   -0.9990E+03   -0.9990E+03   -0.9990E+03   -0.9990E+03   -0.9990E+03   -0.9990E+03   -0.9990E+03   -0.9990E+03   -0.9990E+03   -0.9990E+03   -0.9990E+03   -0.9990E+03   -0.9990E+03   -0.9990E+03   -0.9990E+03   -0.9990E+03   -0.9990E+03   -0.9990E+03   -0.9990E+03   -0.9990E+03   -0.9990E+03   -0.9990E+03   -0.9990E+03   -0.9990E+03   -0.9990E+03   -0.9990E+03   -0.9990E+03   -0.9990E+03   -0.9990E+03   -0.9990E+03   -0.9990E+03   -0.9990E+03   -0.9990E+03
   -0.9990E+03   -0.9990E+03   -0.9990E+03   -0.9990E+03   -0.9990E+03   -0.9990E+03   -0.9990E+03   -0.9990E+03    0.8262E+03    0.7884E+03    0.1853E+03    0.1949E+03    0.2086E+03    0.2215E+03    0.2299E+03    0.4373E+03    0.5218E+03    0.5475E+03    0.5020E+03    0.1122E+04    0.2714E+03    0.1260E+03    0.1258E+03    0.1249E+03    0.1269E+03    0.1184E+03    0.1164E+03    0.1158E+03    0.1165E+03    0.1176E+03    0.1186E+03    0.1199E+03    0.1285E+03    0.1279E+03    0.1298E+03   -0.9990E+03   -0.9990E+03   -0.9990E+03   -0.9990E+03   -0.9990E+03   -0.9990E+03   -0.9990E+03   -0.9990E+03   -0.9990E+03   -0.9990E+03   -0.9990E+03   -0.9990E+03   -0.9990E+03   -0.9990E+03   -0.9990E+03   -0.9990E+03   -0.9990E+03   -0.9990E+03   -0.9990E+03   -0.9990E+03   -0.9990E+03   -0.9990E+03   -0.9990E+03   -0.9990E+03   -0.9990E+03   -0.9990E+03   -0.9990E+03   -0.9990E+03   -0.9990E+03   -0.9990E+03   -0.9990E+03   -0.9990E+03   -0.9990E+03   -0.9990E+03   -0.9990E+03   -0.9990E+03   -0.9990E+03   -0.9990E+03   -0.9990E+03   -0.9990E+03   -0.9990E+03
   -0.9990E+03   -0.9990E+03   -0.9990E+03   -0.9990E+03   -0.9990E+03   -0.9990E+03   -0.9990E+03   -0.9990E+03    0.8249E+03    0.7946E+03    0.1853E+03    0.1941E+03    0.2060E+03    0.2162E+03    0.2233E+03    0.3368E+03    0.4354E+03    0.5368E+03    0.5196E+03    0.5738E+03    0.1305E+03    0.1293E+03    0.1468E+03    0.1343E+03    0.1571E+03    0.1712E+03    0.1299E+03    0.1167E+03    0.1161E+03    0.1170E+03    0.1177E+03    0.1188E+03    0.1200E+03    0.1207E+03    0.1194E+03   -0.9990E+03   -0.9990E+03   -0.9990E+03   -0.9990E+03   -0.9990E+03   -0.9990E+03   -0.9990E+03   -0.9990E+03   -0.9990E+03   -0.9990E+03   -0.9990E+03   -0.9990E+03   -0.9990E+03   -0.9990E+03   -0.9990E+03   -0.9990E+03   -0.9990E+03   -0.9990E+03   -0.9990E+03   -0.9990E+03   -0.9990E+03   -0.9990E+03   -0.9990E+03   -0.9990E+03   -0.9990E+03   -0.9990E+03   -0.9990E+03   -0.9990E+03   -0.9990E+03   -0.9990E+03   -0.9990E+03   -0.9990E+03   -0.9990E+03   -0.9990E+03   -0.9990E+03   -0.9990E+03   -0.9990E+03   -0.9990E+03   -0.9990E+03   -0.9990E+03   -0.9990E+03
   -0.9990E+03   -0.9990E+03   -0.9990E+03   -0.9990E+03   -0.9990E+03   -0.9990E+03   -0.9990E+03   -0.9990E+03    0.8339E+03    0.7983E+03    0.1866E+03    0.1946E+03    0.2051E+03    0.2156E+03    0.2203E+03    0.3311E+03    0.3338E+03    0.4431E+03    0.4317E+03    0.1915E+03    0.1269E+03    0.1510E+03    0.1559E+03    0.1639E+03    0.1851E+03    0.1678E+03    0.1539E+03    0.1404E+03    0.1172E+03    0.1166E+03    0.1173E+03    0.1179E+03    0.1186E+03    0.1187E+03    0.1154E+03   -0.9990E+03   -0.9990E+03   -0.9990E+03   -0.9990E+03   -0.9990E+03   -0.9990E+03   -0.9990E+03   -0.9990E+03   -0.9990E+03   -0.9990E+03   -0.9990E+03   -0.9990E+03   -0.9990E+03   -0.9990E+03   -0.9990E+03   -0.9990E+03   -0.9990E+03   -0.9990E+03   -0.9990E+03   -0.9990E+03   -0.9990E+03   -0.9990E+03   -0.9990E+03   -0.9990E+03   -0.9990E+03   -0.9990E+03   -0.9990E+03   -0.9990E+03   -0.9990E+03   -0.9990E+03   -0.9990E+03   -0.9990E+03   -0.9990E+03   -0.9990E+03   -0.9990E+03   -0.9990E+03   -0.9990E+03   -0.9990E+03   -0.9990E+03   -0.9990E+03   -0.9990E+03
   -0.9990E+03   -0.9990E+03   -0.9990E+03   -0.9990E+03   -0.9990E+03   -0.9990E+03   -0.9990E+03    0.7121E+03    0.7263E+03    0.7559E+03    0.8102E+03    0.2010E+03    0.2071E+03    0.3150E+03    0.3250E+03    0.3208E+03    0.1472E+03    0.1984E+03    0.1273E+03    0.1244E+03    0.1259E+03    0.1721E+03    0.1703E+03    0.1470E+03    0.1809E+03    0.1624E+03    0.1533E+03    0.1496E+03    0.1401E+03    0.1166E+03    0.1169E+03    0.1175E+03    0.1177E+03    0.1153E+03   -0.9990E+03   -0.9990E+03   -0.9990E+03   -0.9990E+03   -0.9990E+03   -0.9990E+03   -0.9990E+03   -0.9990E+03   -0.9990E+03   -0.9990E+03   -0.9990E+03   -0.9990E+03   -0.9990E+03   -0.9990E+03   -0.9990E+03   -0.9990E+03   -0.9990E+03   -0.9990E+03   -0.9990E+03   -0.9990E+03   -0.9990E+03   -0.9990E+03   -0.9990E+03   -0.9990E+03   -0.9990E+03   -0.9990E+03   -0.9990E+03   -0.9990E+03   -0.9990E+03   -0.9990E+03   -0.9990E+03   -0.9990E+03   -0.9990E+03   -0.9990E+03   -0.9990E+03   -0.9990E+03   -0.9990E+03   -0.9990E+03   -0.9990E+03   -0.9990E+03   -0.9990E+03   -0.9990E+03
   -0.9990E+03   -0.9990E+03   -0.9990E+03   -0.9990E+03   -0.9990E+03   -0.9990E+03   -0.9990E+03    0.7186E+03    0.7483E+03    0.7417E+03    0.6010E+03    0.3201E+03    0.3197E+03    0.1650E+03    0.1228E+03    0.1162E+03    0.1195E+03    0.1116E+03    0.1133E+03    0.1197E+03    0.1556E+03    0.1906E+03    0.1800E+03    0.1883E+03    0.1616E+03    0.1588E+03    0.1567E+03    0.1464E+03    0.1513E+03    0.1222E+03    0.1164E+03    0.1170E+03    0.1167E+03   -0.9990E+03   -0.9990E+03   -0.9990E+03   -0.9990E+03   -0.9990E+03   -0.9990E+03   -0.9990E+03   -0.9990E+03   -0.9990E+03   -0.9990E+03   -0.9990E+03   -0.9990E+03   -0.9990E+03   -0.9990E+03   -0.9990E+03   -0.9990E+03   -0.9990E+03   -0.9990E+03   -0.9990E+03   -0.9990E+03   -0.9990E+03   -0.9990E+03   -0.9990E+03   -0.9990E+03   -0.9990E+03   -0.9990E+03   -0.9990E+03   -0.9990E+03   -0.9990E+03   -0.9990E+03   -0.9990E+03   -0.9990E+03   -0.9990E+03   -0.9990E+03   -0.9990E+03   -0.9990E+03   -0.9990E+03   -0.9990E+03   -0.9990E+03   -0.9990E+03   -0.9990E+03   -0.9990E+03   -0.9990E+03
   -0.9990E+03   -0.9990E+03   -0.9990E+03   -0.9990E+03   -0.9990E+03    0.7809E+03    0.7845E+03    0.7443E+03    0.7936E+03    0.7640E+03    0.1427E+03    0.1186E+03    0.1357E+03    0.1232E+03    0.1097E+03    0.1105E+03    0.1104E+03    0.1111E+03    0.1150E+03    0.1183E+03    0.1517E+03    0.1662E+03    0.1856E+03    0.1765E+03    0.1629E+03    0.1590E+03    0.1445E+03    0.1476E+03    0.1470E+03    0.1415E+03    0.1162E+03    0.1160E+03    0.1159E+03   -0.9990E+03   -0.9990E+03   -0.9990E+03   -0.9990E+03   -0.9990E+03   -0.9990E+03   -0.9990E+03   -0.9990E+03   -0.9990E+03   -0.9990E+03   -0.9990E+03   -0.9990E+03   -0.9990E+03   -0.9990E+03   -0.9990E+03   -0.9990E+03   -0.9990E+03   -0.9990E+03   -0.9990E+03   -0.9990E+03   -0.9990E+03   -0.9990E+03   -0.9990E+03   -0.9990E+03   -0.9990E+03   -0.9990E+03   -0.9990E+03   -0.9990E+03   -0.9990E+03   -0.9990E+03   -0.9990E+03   -0.9990E+03   -0.9990E+03   -0.9990E+03   -0.9990E+03   -0.9990E+03   -0.9990E+03   -0.9990E+03   -0.9990E+03   -0.9990E+03   -0.9990E+03   -0.9990E+03   -0.9990E+03
   -0.9990E+03   -0.9990E+03   -0.9990E+03   -0.9990E+03    0.8330E+03    0.8067E+03    0.8504E+03    0.7901E+03    0.8713E+03    0.9185E+03    0.1258E+03    0.1180E+03    0.1173E+03    0.1122E+03    0.1135E+03    0.1135E+03    0.1179E+03    0.1163E+03    0.1191E+03    0.1611E+03    0.1310E+03    0.1350E+03    0.1439E+03    0.1785E+03    0.1604E+03    0.1522E+03    0.1507E+03    0.1462E+03    0.1436E+03   -0.9990E+03   -0.9990E+03   -0.9990E+03   -0.9990E+03   -0.9990E+03   -0.9990E+03   -0.9990E+03   -0.9990E+03   -0.9990E+03   -0.9990E+03   -0.9990E+03   -0.9990E+03   -0.9990E+03   -0.9990E+03   -0.9990E+03   -0.9990E+03   -0.9990E+03   -0.9990E+03   -0.9990E+03   -0.9990E+03   -0.9990E+03   -0.9990E+03   -0.9990E+03   -0.9990E+03   -0.9990E+03   -0.9990E+03   -0.9990E+03   -0.9990E+03   -0.9990E+03   -0.9990E+03   -0.9990E+03   -0.9990E+03   -0.9990E+03   -0.9990E+03   -0.9990E+03   -0.9990E+03   -0.9990E+03   -0.9990E+03   -0.9990E+03   -0.9990E+03   -0.9990E+03   -0.9990E+03   -0.9990E+03   -0.9990E+03   -0.9990E+03   -0.9990E+03   -0.9990E+03
   -0.9990E+03   -0.9990E+03   -0.9990E+03    0.8601E+03    0.8757E+03    0.8467E+03    0.9896E+03    0.1471E+03    0.1395E+03    0.1353E+03    0.1292E+03    0.1164E+03    0.1170E+03    0.1133E+03    0.1791E+03    0.2045E+03    0.1432E+03    0.1343E+03    0.1607E+03    0.1415E+03    0.1346E+03    0.1243E+03    0.1257E+03    0.1364E+03    0.1453E+03    0.1318E+03   -0.9990E+03   -0.9990E+03   -0.9990E+03   -0.9990E+03   -0.9990E+03   -0.9990E+03   -0.9990E+03   -0.9990E+03   -0.9990E+03   -0.9990E+03   -0.9990E+03   -0.9990E+03   -0.9990E+03   -0.9990E+03   -0.9990E+03   -0.9990E+03   -0.9990E+03   -0.9990E+03   -0.9990E+03   -0.9990E+03   -0.9990E+03   -0.9990E+03   -0.9990E+03   -0.9990E+03   -0.9990E+03   -0.9990E+03   -0.9990E+03   -0.9990E+03   -0.9990E+03   -0.9990E+03   -0.9990E+03   -0.9990E+03   -0.9990E+03   -0.9990E+03   -0.9990E+03   -0.9990E+03   -0.9990E+03   -0.9990E+03   -0.9990E+03   -0.9990E+03   -0.9990E+03   -0.9990E+03   -0.9990E+03   -0.9990E+03   -0.9990E+03   -0.9990E+03   -0.9990E+03   -0.9990E+03   -0.9990E+03   -0.9990E+03
   -0.9990E+03   -0.9990E+03    0.1196E+03    0.1522E+03    0.5459E+03    0.1426E+03    0.1603E+03    0.2271E+03    0.1180E+03    0.1308E+03    0.1263E+03    0.9986E+03    0.3760E+03    0.3312E+03    0.3706E+03    0.3571E+03    0.2566E+03    0.1342E+03    0.1233E+03    0.1192E+03    0.1191E+03    0.1222E+03    0.1217E+03    0.1180E+03   -0.9990E+03   -0.9990E+03   -0.9990E+03   -0.9990E+03   -0.9990E+03   -0.9990E+03   -0.9990E+03   -0.9990E+03   -0.9990E+03   -0.9990E+03   -0.9990E+03   -0.9990E+03   -0.9990E+03   -0.9990E+03   -0.9990E+03   -0.9990E+03   -0.9990E+03   -0.9990E+03   -0.9990E+03   -0.9990E+03   -0.9990E+03   -0.9990E+03   -0.9990E+03   -0.9990E+03   -0.9990E+03   -0.9990E+03   -0.9990E+03   -0.9990E+03   -0.9990E+03   -0.9990E+03   -0.9990E+03   -0.9990E+03   -0.9990E+03   -0.9990E+03   -0.9990E+03   -0.9990E+03   -0.9990E+03   -0.9990E+03   -0.9990E+03   -0.9990E+03   -0.9990E+03   -0.9990E+03   -0.9990E+03   -0.9990E+03   -0.9990E+03   -0.9990E+03   -0.9990E+03   -0.9990E+03   -0.9990E+03   -0.9990E+03   -0.9990E+03   -0.9990E+03
   -0.9990E+03   -0.9990E+03    0.1197E+03    0.1292E+03    0.1215E+03    0.1406E+03    0.1387E+03    0.1341E+03    0.1190E+03    0.1603E+03    0.4212E+03    0.5750E+03    0.1407E+03    0.1615E+03    0.1954E+03    0.2952E+03    0.1225E+03    0.1199E+03    0.1161E+03    0.1120E+03    0.1138E+03    0.1159E+03   -0.9990E+03   -0.9990E+03   -0.9990E+03   -0.9990E+03   -0.9990E+03   -0.9990E+03   -0.9990E+03   -0.9990E+03   -0.9990E+03   -0.9990E+03   -0.9990E+03   -0.9990E+03   -0.9990E+03   -0.9990E+03   -0.9990E+03   -0.9990E+03   -0.9990E+03   -0.9990E+03   -0.9990E+03   -0.9990E+03   -0.9990E+03   -0.9990E+03   -0.9990E+03   -0.9990E+03   -0.9990E+03   -0.9990E+03   -0.9990E+03   -0.9990E+03   -0.9990E+03   -0.9990E+03   -0.9990E+03   -0.9990E+03   -0.9990E+03   -0.9990E+03   -0.9990E+03   -0.9990E+03   -0.9990E+03   -0.9990E+03   -0.9990E+03   -0.9990E+03   -0.9990E+03   -0.9990E+03   -0.9990E+03   -0.9990E+03   -0.9990E+03   -0.9990E+03   -0.9990E+03   -0.9990E+03   -0.9990E+03   -0.9990E+03   -0.9990E+03   -0.9990E+03   -0.9990E+03   -0.9990E+03
   -0.9990E+03    0.1157E+03    0.1162E+03    0.1180E+03    0.1209E+03    0.1302E+03    0.1312E+03    0.1618E+03    0.1329E+03    0.1308E+03    0.1340E+03    0.2678E+03    0.1180E+03    0.1154E+03    0.1241E+03    0.1420E+03    0.1119E+03    0.1126E+03   -0.9990E+03   -0.9990E+03   -0.9990E+03   -0.9990E+03   -0.9990E+03   -0.9990E+03   -0.9990E+03   -0.9990E+03   -0.9990E+03   -0.9990E+03   -0.9990E+03   -0.9990E+03   -0.9990E+03   -0.9990E+03   -0.9990E+03   -0.9990E+03   -0.9990E+03   -0.9990E+03   -0.9990E+03   -0.9990E+03   -0.9990E+03   -0.9990E+03   -0.9990E+03   -0.9990E+03   -0.9990E+03   -0.9990E+03   -0.9990E+03   -0.9990E+03   -0.9990E+03   -0.9990E+03   -0.9990E+03   -0.9990E+03   -0.9990E+03   -0.9990E+03   -0.9990E+03   -0.9990E+03   -0.9990E+03   -0.9990E+03   -0.9990E+03   -0.9990E+03   -0.9990E+03   -0.9990E+03   -0.9990E+03   -0.9990E+03   -0.9990E+03   -0.9990E+03   -0.9990E+03   -0.9990E+03   -0.9990E+03   -0.9990E+03   -0.9990E+03   -0.9990E+03   -0.9990E+03   -0.9990E+03   -0.9990E+03   -0.9990E+03   -0.9990E+03   -0.9990E+03
    0.1113E+03    0.1131E+03    0.1145E+03    0.1152E+03    0.1207E+03    0.1209E+03    0.1193E+03    0.1193E+03    0.1186E+03    0.1158E+03    0.1159E+03    0.1171E+03    0.1194E+03   -0.9990E+03   -0.9990E+03   -0.9990E+03   -0.9990E+03   -0.9990E+03   -0.9990E+03   -0.9990E+03   -0.9990E+03   -0.9990E+03   -0.9990E+03   -0.9990E+03   -0.9990E+03   -0.9990E+03   -0.9990E+03   -0.9990E+03   -0.9990E+03   -0.9990E+03   -0.9990E+03   -0.9990E+03   -0.9990E+03   -0.9990E+03   -0.9990E+03   -0.9990E+03   -0.9990E+03   -0.9990E+03   -0.9990E+03   -0.9990E+03   -0.9990E+03   -0.9990E+03   -0.9990E+03   -0.9990E+03   -0.9990E+03   -0.9990E+03   -0.9990E+03   -0.9990E+03   -0.9990E+03   -0.9990E+03   -0.9990E+03   -0.9990E+03   -0.9990E+03   -0.9990E+03   -0.9990E+03   -0.9990E+03   -0.9990E+03   -0.9990E+03   -0.9990E+03   -0.9990E+03   -0.9990E+03   -0.9990E+03   -0.9990E+03   -0.9990E+03   -0.9990E+03   -0.9990E+03   -0.9990E+03   -0.9990E+03   -0.9990E+03   -0.9990E+03   -0.9990E+03   -0.9990E+03   -0.9990E+03   -0.9990E+03   -0.9990E+03   -0.9990E+03
    0.1129E+03    0.1128E+03    0.1135E+03    0.1135E+03   -0.9990E+03   -0.9990E+03   -0.9990E+03   -0.9990E+03   -0.9990E+03   -0.9990E+03   -0.9990E+03   -0.9990E+03   -0.9990E+03   -0.9990E+03   -0.9990E+03   -0.9990E+03   -0.9990E+03   -0.9990E+03   -0.9990E+03   -0.9990E+03   -0.9990E+03   -0.9990E+03   -0.9990E+03   -0.9990E+03   -0.9990E+03   -0.9990E+03   -0.9990E+03   -0.9990E+03   -0.9990E+03   -0.9990E+03   -0.9990E+03   -0.9990E+03   -0.9990E+03   -0.9990E+03   -0.9990E+03   -0.9990E+03   -0.9990E+03   -0.9990E+03   -0.9990E+03   -0.9990E+03   -0.9990E+03   -0.9990E+03   -0.9990E+03   -0.9990E+03   -0.9990E+03   -0.9990E+03   -0.9990E+03   -0.9990E+03   -0.9990E+03   -0.9990E+03   -0.9990E+03   -0.9990E+03   -0.9990E+03   -0.9990E+03   -0.9990E+03   -0.9990E+03   -0.9990E+03   -0.9990E+03   -0.9990E+03   -0.9990E+03   -0.9990E+03   -0.9990E+03   -0.9990E+03   -0.9990E+03   -0.9990E+03   -0.9990E+03   -0.9990E+03   -0.9990E+03   -0.9990E+03   -0.9990E+03   -0.9990E+03   -0.9990E+03   -0.9990E+03   -0.9990E+03   -0.9990E+03   -0.9990E+03
   -0.9990E+03    0.1128E+03    0.1139E+03    0.1114E+03   -0.9990E+03   -0.9990E+03   -0.9990E+03   -0.9990E+03   -0.9990E+03   -0.9990E+03   -0.9990E+03   -0.9990E+03   -0.9990E+03   -0.9990E+03   -0.9990E+03   -0.9990E+03   -0.9990E+03   -0.9990E+03   -0.9990E+03   -0.9990E+03   -0.9990E+03   -0.9990E+03   -0.9990E+03   -0.9990E+03   -0.9990E+03   -0.9990E+03   -0.9990E+03   -0.9990E+03   -0.9990E+03   -0.9990E+03   -0.9990E+03   -0.9990E+03   -0.9990E+03   -0.9990E+03   -0.9990E+03   -0.9990E+03   -0.9990E+03   -0.9990E+03   -0.9990E+03   -0.9990E+03   -0.9990E+03   -0.9990E+03   -0.9990E+03   -0.9990E+03   -0.9990E+03   -0.9990E+03   -0.9990E+03   -0.9990E+03   -0.9990E+03   -0.9990E+03   -0.9990E+03   -0.9990E+03   -0.9990E+03   -0.9990E+03   -0.9990E+03   -0.9990E+03   -0.9990E+03   -0.9990E+03   -0.9990E+03   -0.9990E+03   -0.9990E+03   -0.9990E+03   -0.9990E+03   -0.9990E+03   -0.9990E+03   -0.9990E+03   -0.9990E+03   -0.9990E+03   -0.9990E+03   -0.9990E+03   -0.9990E+03   -0.9990E+03   -0.9990E+03   -0.9990E+03   -0.9990E+03   -0.9990E+03
