  STEP   TOTAL TIME             LOCATION OF OBSERVATION POINTS (I,J,K)
   43   45    1   50   46    1   58   41    1   68   36    1   70   46    1   75   29    1   78   43    1   78   44    1   83   41    1   84   43    1  101   33    1
   0.1000000E+01   0.2999443E-01   0.2001062E-01  -0.9990000E+03   0.2002738E-01   0.2000552E-01  -0.9990000E+03   0.1999807E-01   0.1999866E-01   0.3000225E-01   0.2000057E-01   0.3063291E-01
   0.2000000E+01   0.2998877E-01   0.2002124E-01  -0.9990000E+03   0.2005473E-01   0.2001104E-01  -0.9990000E+03   0.1999615E-01   0.1999733E-01   0.3000449E-01   0.2000115E-01   0.3330529E-01
   0.3000000E+01   0.2998304E-01   0.2003186E-01  -0.9990000E+03   0.2008203E-01   0.2001656E-01  -0.9990000E+03   0.1999422E-01   0.1999599E-01   0.3000673E-01   0.2000172E-01   0.3465200E-01
   0.4000000E+01   0.2997723E-01   0.2004248E-01  -0.9990000E+03   0.2010929E-01   0.2002208E-01  -0.9990000E+03   0.1999229E-01   0.1999466E-01   0.3000896E-01   0.2000229E-01   0.3547175E-01
   0.5000000E+01   0.2997135E-01   0.2005311E-01  -0.9990000E+03   0.2013651E-01   0.2002760E-01  -0.9990000E+03   0.1999037E-01   0.1999332E-01   0.3001119E-01   0.2000285E-01   0.3610805E-01
   0.6000000E+01   0.2996539E-01   0.2006374E-01  -0.9990000E+03   0.2016370E-01   0.2003312E-01  -0.9990000E+03   0.1998844E-01   0.1999198E-01   0.3001342E-01   0.2000342E-01   0.3664866E-01
   0.7000000E+01   0.2995936E-01   0.2007437E-01  -0.9990000E+03   0.2019084E-01   0.2003864E-01  -0.9990000E+03   0.1998652E-01   0.1999065E-01   0.3001564E-01   0.2000399E-01   0.3712098E-01
   0.8000000E+01   0.2995325E-01   0.2008500E-01  -0.9990000E+03   0.2021795E-01   0.2004416E-01  -0.9990000E+03   0.1998460E-01   0.1998931E-01   0.3001786E-01   0.2000455E-01   0.3754333E-01
   0.9000000E+01   0.2994707E-01   0.2009563E-01  -0.9990000E+03   0.2024501E-01   0.2004967E-01  -0.9990000E+03   0.1998267E-01   0.1998798E-01   0.3002007E-01   0.2000512E-01   0.3792630E-01
   0.1000000E+02   0.2994082E-01   0.2010626E-01  -0.9990000E+03   0.2027204E-01   0.2005519E-01  -0.9990000E+03   0.1998074E-01   0.1998664E-01   0.3002229E-01   0.2000568E-01   0.3827849E-01
   0.1100000E+02   0.2993450E-01   0.2011690E-01  -0.9990000E+03   0.2029902E-01   0.2006070E-01  -0.9990000E+03   0.1997882E-01   0.1998531E-01   0.3002449E-01   0.2000624E-01   0.3860602E-01
   0.1200000E+02   0.2992811E-01   0.2012753E-01  -0.9990000E+03   0.2032597E-01   0.2006621E-01  -0.9990000E+03   0.1997689E-01   0.1998397E-01   0.3002669E-01   0.2000679E-01   0.3891251E-01
   0.1300000E+02   0.2992165E-01   0.2013817E-01  -0.9990000E+03   0.2035287E-01   0.2007173E-01  -0.9990000E+03   0.1997497E-01   0.1998264E-01   0.3002888E-01   0.2000735E-01   0.3920024E-01
   0.1400000E+02   0.2991511E-01   0.2014881E-01  -0.9990000E+03   0.2037974E-01   0.2007724E-01  -0.9990000E+03   0.1997304E-01   0.1998131E-01   0.3003108E-01   0.2000790E-01   0.3947278E-01
   0.1500000E+02   0.2990852E-01   0.2015944E-01  -0.9990000E+03   0.2040657E-01   0.2008276E-01  -0.9990000E+03   0.1997112E-01   0.1997997E-01   0.3003326E-01   0.2000845E-01   0.3973191E-01
   0.1600000E+02   0.2990184E-01   0.2017008E-01  -0.9990000E+03   0.2043336E-01   0.2008827E-01  -0.9990000E+03   0.1996920E-01   0.1997864E-01   0.3003545E-01   0.2000900E-01   0.3997951E-01
   0.1700000E+02   0.2989510E-01   0.2018072E-01  -0.9990000E+03   0.2046011E-01   0.2009378E-01  -0.9990000E+03   0.1996727E-01   0.1997730E-01   0.3003763E-01   0.2000955E-01   0.4021668E-01
   0.1800000E+02   0.2988829E-01   0.2019136E-01  -0.9990000E+03   0.2048682E-01   0.2009929E-01  -0.9990000E+03   0.1996535E-01   0.1997597E-01   0.3003980E-01   0.2001010E-01   0.4044475E-01
   0.1900000E+02   0.2988141E-01   0.2020200E-01  -0.9990000E+03   0.2051349E-01   0.2010480E-01  -0.9990000E+03   0.1996343E-01   0.1997463E-01   0.3004197E-01   0.2001064E-01   0.4066066E-01
   0.2000000E+02   0.2987446E-01   0.2021264E-01  -0.9990000E+03   0.2054013E-01   0.2011031E-01  -0.9990000E+03   0.1996151E-01   0.1997330E-01   0.3004413E-01   0.2001118E-01   0.4086921E-01
   0.2100000E+02   0.2986745E-01   0.2022329E-01  -0.9990000E+03   0.2056672E-01   0.2011582E-01  -0.9990000E+03   0.1995959E-01   0.1997196E-01   0.3004629E-01   0.2001173E-01   0.4107017E-01
   0.2200000E+02   0.2986037E-01   0.2023393E-01  -0.9990000E+03   0.2059328E-01   0.2012133E-01  -0.9990000E+03   0.1995767E-01   0.1997063E-01   0.3004844E-01   0.2001227E-01   0.4126419E-01
   0.2300000E+02   0.2985323E-01   0.2024457E-01  -0.9990000E+03   0.2061980E-01   0.2012684E-01  -0.9990000E+03   0.1995575E-01   0.1996930E-01   0.3005059E-01   0.2001280E-01   0.4145179E-01
   0.2400000E+02   0.2984601E-01   0.2025522E-01  -0.9990000E+03   0.2064628E-01   0.2013235E-01  -0.9990000E+03   0.1995383E-01   0.1996796E-01   0.3005274E-01   0.2001334E-01   0.4163344E-01
   0.2500000E+02   0.2983874E-01   0.2026586E-01  -0.9990000E+03   0.2067272E-01   0.2013786E-01  -0.9990000E+03   0.1995190E-01   0.1996663E-01   0.3005488E-01   0.2001387E-01   0.4180814E-01
   0.2600000E+02   0.2983139E-01   0.2027650E-01  -0.9990000E+03   0.2069913E-01   0.2014337E-01  -0.9990000E+03   0.1994998E-01   0.1996531E-01   0.3005701E-01   0.2001441E-01   0.4197763E-01
   0.2700000E+02   0.2982398E-01   0.2028715E-01  -0.9990000E+03   0.2072549E-01   0.2014887E-01  -0.9990000E+03   0.1994806E-01   0.1996397E-01   0.3005914E-01   0.2001494E-01   0.4214228E-01
   0.2800000E+02   0.2981651E-01   0.2029779E-01  -0.9990000E+03   0.2075182E-01   0.2015438E-01  -0.9990000E+03   0.1994614E-01   0.1996265E-01   0.3006126E-01   0.2001547E-01   0.4230214E-01
   0.2900000E+02   0.2980898E-01   0.2030843E-01  -0.9990000E+03   0.2077811E-01   0.2015988E-01  -0.9990000E+03   0.1994422E-01   0.1996132E-01   0.3006339E-01   0.2001600E-01   0.4245751E-01
   0.3000000E+02   0.2980137E-01   0.2031908E-01  -0.9990000E+03   0.2080436E-01   0.2016539E-01  -0.9990000E+03   0.1994230E-01   0.1995999E-01   0.3006550E-01   0.2001652E-01   0.4260880E-01
   0.3100000E+02   0.2979370E-01   0.2032972E-01  -0.9990000E+03   0.2083058E-01   0.2017090E-01  -0.9990000E+03   0.1994038E-01   0.1995866E-01   0.3006761E-01   0.2001705E-01   0.4275637E-01
   0.3200000E+02   0.2978597E-01   0.2034036E-01  -0.9990000E+03   0.2085675E-01   0.2017640E-01  -0.9990000E+03   0.1993847E-01   0.1995733E-01   0.3006972E-01   0.2001758E-01   0.4290032E-01
   0.3300000E+02   0.2977817E-01   0.2035100E-01  -0.9990000E+03   0.2088289E-01   0.2018191E-01  -0.9990000E+03   0.1993654E-01   0.1995600E-01   0.3007182E-01   0.2001810E-01   0.4304124E-01
   0.3400000E+02   0.2977031E-01   0.2036165E-01  -0.9990000E+03   0.2090899E-01   0.2018741E-01  -0.9990000E+03   0.1993463E-01   0.1995467E-01   0.3007392E-01   0.2001863E-01   0.4317919E-01
   0.3500000E+02   0.2976239E-01   0.2037229E-01  -0.9990000E+03   0.2093505E-01   0.2019292E-01  -0.9990000E+03   0.1993271E-01   0.1995335E-01   0.3007601E-01   0.2001914E-01   0.4331489E-01
   0.3600000E+02   0.2975441E-01   0.2038293E-01  -0.9990000E+03   0.2096108E-01   0.2019842E-01  -0.9990000E+03   0.1993079E-01   0.1995202E-01   0.3007810E-01   0.2001966E-01   0.4344818E-01
   0.3700000E+02   0.2974637E-01   0.2039357E-01  -0.9990000E+03   0.2098706E-01   0.2020393E-01  -0.9990000E+03   0.1992887E-01   0.1995070E-01   0.3008018E-01   0.2002018E-01   0.4357922E-01
   0.3800000E+02   0.2973826E-01   0.2040421E-01  -0.9990000E+03   0.2101301E-01   0.2020943E-01  -0.9990000E+03   0.1992696E-01   0.1994937E-01   0.3008226E-01   0.2002069E-01   0.4370813E-01
   0.3900000E+02   0.2973009E-01   0.2041485E-01  -0.9990000E+03   0.2103892E-01   0.2021493E-01  -0.9990000E+03   0.1992504E-01   0.1994804E-01   0.3008433E-01   0.2002121E-01   0.4383444E-01
   0.4000000E+02   0.2972185E-01   0.2042549E-01  -0.9990000E+03   0.2106479E-01   0.2022043E-01  -0.9990000E+03   0.1992313E-01   0.1994672E-01   0.3008640E-01   0.2002172E-01   0.4395873E-01
   0.4100000E+02   0.2971356E-01   0.2043613E-01  -0.9990000E+03   0.2109063E-01   0.2022592E-01  -0.9990000E+03   0.1992121E-01   0.1994539E-01   0.3008846E-01   0.2002223E-01   0.4408132E-01
   0.4200000E+02   0.2970520E-01   0.2044676E-01  -0.9990000E+03   0.2111642E-01   0.2023142E-01  -0.9990000E+03   0.1991929E-01   0.1994407E-01   0.3009052E-01   0.2002274E-01   0.4420211E-01
   0.4300000E+02   0.2969679E-01   0.2045740E-01  -0.9990000E+03   0.2114219E-01   0.2023692E-01  -0.9990000E+03   0.1991738E-01   0.1994274E-01   0.3009258E-01   0.2002325E-01   0.4432047E-01
   0.4400000E+02   0.2968832E-01   0.2046804E-01  -0.9990000E+03   0.2116791E-01   0.2024242E-01  -0.9990000E+03   0.1991547E-01   0.1994142E-01   0.3009463E-01   0.2002376E-01   0.4443689E-01
   0.4500000E+02   0.2967979E-01   0.2047867E-01  -0.9990000E+03   0.2119359E-01   0.2024791E-01  -0.9990000E+03   0.1991355E-01   0.1994009E-01   0.3009667E-01   0.2002427E-01   0.4455144E-01
   0.4600000E+02   0.2967120E-01   0.2048931E-01  -0.9990000E+03   0.2121924E-01   0.2025341E-01  -0.9990000E+03   0.1991164E-01   0.1993877E-01   0.3009871E-01   0.2002477E-01   0.4466419E-01
   0.4700000E+02   0.2966254E-01   0.2049994E-01  -0.9990000E+03   0.2124485E-01   0.2025891E-01  -0.9990000E+03   0.1990972E-01   0.1993744E-01   0.3010075E-01   0.2002528E-01   0.4477533E-01
   0.4800000E+02   0.2965383E-01   0.2051057E-01  -0.9990000E+03   0.2127043E-01   0.2026441E-01  -0.9990000E+03   0.1990781E-01   0.1993611E-01   0.3010278E-01   0.2002578E-01   0.4488464E-01
   0.4900000E+02   0.2964506E-01   0.2052120E-01  -0.9990000E+03   0.2129596E-01   0.2026990E-01  -0.9990000E+03   0.1990590E-01   0.1993479E-01   0.3010480E-01   0.2002627E-01   0.4499235E-01
   0.5000000E+02   0.2963623E-01   0.2053183E-01  -0.9990000E+03   0.2132146E-01   0.2027540E-01  -0.9990000E+03   0.1990399E-01   0.1993347E-01   0.3010682E-01   0.2002677E-01   0.4509854E-01
   0.5100000E+02   0.2962735E-01   0.2054246E-01  -0.9990000E+03   0.2134692E-01   0.2028089E-01  -0.9990000E+03   0.1990208E-01   0.1993215E-01   0.3010884E-01   0.2002727E-01   0.4520329E-01
   0.5200000E+02   0.2961841E-01   0.2055309E-01  -0.9990000E+03   0.2137235E-01   0.2028639E-01  -0.9990000E+03   0.1990017E-01   0.1993083E-01   0.3011085E-01   0.2002776E-01   0.4530666E-01
   0.5300000E+02   0.2960941E-01   0.2056371E-01  -0.9990000E+03   0.2139774E-01   0.2029188E-01  -0.9990000E+03   0.1989826E-01   0.1992951E-01   0.3011286E-01   0.2002826E-01   0.4540867E-01
   0.5400000E+02   0.2960036E-01   0.2057434E-01  -0.9990000E+03   0.2142309E-01   0.2029738E-01  -0.9990000E+03   0.1989635E-01   0.1992819E-01   0.3011487E-01   0.2002875E-01   0.4550925E-01
   0.5500000E+02   0.2959124E-01   0.2058496E-01  -0.9990000E+03   0.2144841E-01   0.2030287E-01  -0.9990000E+03   0.1989443E-01   0.1992687E-01   0.3011687E-01   0.2002924E-01   0.4560848E-01
   0.5600000E+02   0.2958207E-01   0.2059559E-01  -0.9990000E+03   0.2147369E-01   0.2030836E-01  -0.9990000E+03   0.1989252E-01   0.1992555E-01   0.3011887E-01   0.2002973E-01   0.4570646E-01
   0.5700000E+02   0.2957285E-01   0.2060621E-01  -0.9990000E+03   0.2149893E-01   0.2031386E-01  -0.9990000E+03   0.1989060E-01   0.1992423E-01   0.3012086E-01   0.2003022E-01   0.4580301E-01
   0.5800000E+02   0.2956356E-01   0.2061683E-01  -0.9990000E+03   0.2152414E-01   0.2031934E-01  -0.9990000E+03   0.1988870E-01   0.1992290E-01   0.3012285E-01   0.2003070E-01   0.4589837E-01
   0.5900000E+02   0.2955422E-01   0.2062745E-01  -0.9990000E+03   0.2154930E-01   0.2032484E-01  -0.9990000E+03   0.1988678E-01   0.1992159E-01   0.3012483E-01   0.2003119E-01   0.4599255E-01
   0.6000000E+02   0.2954483E-01   0.2063807E-01  -0.9990000E+03   0.2157444E-01   0.2033033E-01  -0.9990000E+03   0.1988487E-01   0.1992027E-01   0.3012681E-01   0.2003167E-01   0.4608567E-01
   0.6100000E+02   0.2953538E-01   0.2064868E-01  -0.9990000E+03   0.2159954E-01   0.2033582E-01  -0.9990000E+03   0.1988296E-01   0.1991895E-01   0.3012879E-01   0.2003215E-01   0.4617762E-01
   0.6200000E+02   0.2952587E-01   0.2065930E-01  -0.9990000E+03   0.2162460E-01   0.2034131E-01  -0.9990000E+03   0.1988105E-01   0.1991763E-01   0.3013076E-01   0.2003263E-01   0.4626853E-01
   0.6300000E+02   0.2951631E-01   0.2066992E-01  -0.9990000E+03   0.2164962E-01   0.2034680E-01  -0.9990000E+03   0.1987914E-01   0.1991631E-01   0.3013272E-01   0.2003311E-01   0.4635844E-01
   0.6400000E+02   0.2950669E-01   0.2068053E-01  -0.9990000E+03   0.2167461E-01   0.2035229E-01  -0.9990000E+03   0.1987723E-01   0.1991499E-01   0.3013468E-01   0.2003359E-01   0.4644736E-01
   0.6500000E+02   0.2949702E-01   0.2069113E-01  -0.9990000E+03   0.2169956E-01   0.2035778E-01  -0.9990000E+03   0.1987532E-01   0.1991367E-01   0.3013664E-01   0.2003407E-01   0.4653412E-01
   0.6600000E+02   0.2948729E-01   0.2070174E-01  -0.9990000E+03   0.2172448E-01   0.2036327E-01  -0.9990000E+03   0.1987342E-01   0.1991236E-01   0.3013859E-01   0.2003454E-01   0.4661977E-01
   0.6700000E+02   0.2947751E-01   0.2071234E-01  -0.9990000E+03   0.2174936E-01   0.2036876E-01  -0.9990000E+03   0.1987151E-01   0.1991104E-01   0.3014054E-01   0.2003502E-01   0.4912959E-01
   0.6800000E+02   0.2946767E-01   0.2072294E-01  -0.9990000E+03   0.2177421E-01   0.2037425E-01  -0.9990000E+03   0.1986961E-01   0.1990972E-01   0.3014248E-01   0.2003548E-01   0.4921248E-01
   0.6900000E+02   0.2945779E-01   0.2073355E-01  -0.9990000E+03   0.2179901E-01   0.2037974E-01  -0.9990000E+03   0.1986771E-01   0.1990840E-01   0.3014441E-01   0.2003595E-01   0.4929271E-01
   0.7000000E+02   0.2944785E-01   0.2074414E-01  -0.9990000E+03   0.2182378E-01   0.2038523E-01  -0.9990000E+03   0.1986580E-01   0.1990708E-01   0.3014634E-01   0.2003642E-01   0.2266738E+00
   0.7100000E+02   0.2943786E-01   0.2075474E-01   0.2924233E-01   0.2184852E-01   0.2039072E-01  -0.9990000E+03   0.1986390E-01   0.1990576E-01   0.3014827E-01   0.2003689E-01   0.2267584E+00
   0.7200000E+02   0.2942781E-01   0.2076533E-01   0.2921740E-01   0.2187322E-01   0.2039620E-01  -0.9990000E+03   0.1986199E-01   0.1990444E-01   0.3015019E-01   0.2003736E-01   0.4638155E+00
   0.7300000E+02   0.2463866E+00   0.1062105E+00   0.2919155E-01   0.2189789E-01   0.2040169E-01  -0.9990000E+03   0.1986009E-01   0.1990312E-01   0.3015211E-01   0.2003783E-01   0.6540145E+00
   0.7400000E+02   0.6425259E+00   0.2617929E+00   0.2916587E-01   0.2192251E-01   0.2040718E-01  -0.9990000E+03   0.1985818E-01   0.1990180E-01   0.3015403E-01   0.2003829E-01   0.6702725E+00
   0.7500000E+02   0.1186901E+01   0.4749490E+00   0.2914025E-01   0.2194711E-01   0.2041267E-01  -0.9990000E+03   0.1985628E-01   0.1990048E-01   0.3015594E-01   0.2003875E-01   0.6703744E+00
   0.7600000E+02   0.1854618E+01   0.7354343E+00   0.2911436E-01   0.2197167E-01   0.2041815E-01  -0.9990000E+03   0.1985438E-01   0.1989917E-01   0.3015785E-01   0.2003922E-01   0.8081740E+00
   0.7700000E+02   0.2625875E+01   0.1034925E+01   0.2908861E-01   0.2199619E-01   0.2042364E-01  -0.9990000E+03   0.1985248E-01   0.1989785E-01   0.3015975E-01   0.2003968E-01   0.9541308E+00
   0.7800000E+02   0.3484540E+01   0.1366605E+01   0.2906301E-01   0.2202068E-01   0.2042913E-01  -0.9990000E+03   0.1985057E-01   0.1989653E-01   0.3016165E-01   0.2004014E-01   0.1100096E+01
   0.7900000E+02   0.4417061E+01   0.1724811E+01   0.2903732E-01   0.2204513E-01   0.2043462E-01  -0.9990000E+03   0.1984867E-01   0.1989522E-01   0.3016354E-01   0.2004059E-01   0.1246071E+01
   0.8000000E+02   0.5411816E+01   0.2104834E+01   0.2901175E-01   0.2206954E-01   0.2044010E-01  -0.9990000E+03   0.1984677E-01   0.1989390E-01   0.3016543E-01   0.2004105E-01   0.1392055E+01
   0.8100000E+02   0.6458848E+01   0.2502780E+01   0.2898611E-01   0.2209392E-01   0.2044558E-01  -0.9990000E+03   0.1984487E-01   0.1989259E-01   0.3016732E-01   0.2004151E-01   0.1392199E+01
   0.8200000E+02   0.7549675E+01   0.2915443E+01   0.7737039E+02   0.2213134E-01   0.2045107E-01  -0.9990000E+03   0.1984296E-01   0.1989127E-01   0.3016919E-01   0.2004196E-01   0.1392344E+01
   0.8300000E+02   0.8677198E+01   0.3340178E+01   0.2068707E+03   0.2219266E-01   0.2045655E-01  -0.9990000E+03   0.1984106E-01   0.1988996E-01   0.3017107E-01   0.2004242E-01   0.1392489E+01
   0.8400000E+02   0.9835541E+01   0.3774819E+01   0.3701835E+03   0.2228695E-01   0.2046204E-01  -0.9990000E+03   0.1983916E-01   0.1988864E-01   0.3017295E-01   0.2004287E-01   0.1392635E+01
   0.8500000E+02   0.1101979E+02   0.4217595E+01   0.5564905E+03   0.2242181E-01   0.2046752E-01  -0.9990000E+03   0.1983726E-01   0.1988733E-01   0.3017481E-01   0.2004332E-01   0.1392781E+01
   0.8600000E+02   0.1222594E+02   0.4667062E+01   0.7565466E+03   0.2260363E-01   0.2047301E-01  -0.9990000E+03   0.1983536E-01   0.1988601E-01   0.3017668E-01   0.2004376E-01   0.1392927E+01
   0.8700000E+02   0.1339789E+02   0.5101046E+01   0.9653085E+03   0.2283780E-01   0.2047849E-01  -0.9990000E+03   0.1983345E-01   0.1988470E-01   0.3017854E-01   0.2004421E-01   0.1393074E+01
   0.8800000E+02   0.1443837E+02   0.5481038E+01   0.1177536E+04   0.2312894E-01   0.2048397E-01  -0.9990000E+03   0.1983155E-01   0.1988338E-01   0.3018039E-01   0.2004466E-01   0.1393221E+01
   0.8900000E+02   0.1533404E+02   0.5802007E+01   0.1371419E+04   0.2347548E-01   0.2048945E-01  -0.9990000E+03   0.1982965E-01   0.1988207E-01   0.3018224E-01   0.2004510E-01   0.1393369E+01
   0.9000000E+02   0.1609747E+02   0.6069220E+01   0.1535534E+04   0.2387201E-01   0.2049493E-01  -0.9990000E+03   0.1982775E-01   0.1988076E-01   0.3018409E-01   0.2004554E-01   0.1393517E+01
   0.9100000E+02   0.1674732E+02   0.6290360E+01   0.1669842E+04   0.2431215E-01   0.2050041E-01  -0.9990000E+03   0.1982585E-01   0.1987944E-01   0.3018593E-01   0.2004598E-01   0.1393665E+01
   0.9200000E+02   0.1730296E+02   0.6473346E+01   0.1797979E+04   0.2479622E-01   0.2050590E-01  -0.9990000E+03   0.1982395E-01   0.1987813E-01   0.3018777E-01   0.2004642E-01   0.1393813E+01
   0.9300000E+02   0.1778248E+02   0.6625555E+01   0.1930327E+04   0.2532698E-01   0.2051138E-01  -0.9990000E+03   0.1982205E-01   0.1987682E-01   0.3018960E-01   0.2004686E-01   0.1393962E+01
   0.9400000E+02   0.1841392E+02   0.6837214E+01   0.2058479E+04   0.2590478E-01   0.2051686E-01  -0.9990000E+03   0.1982015E-01   0.1987551E-01   0.3019143E-01   0.2004730E-01   0.1394110E+01
   0.9500000E+02   0.1917252E+02   0.7097742E+01   0.2174730E+04   0.2652706E-01   0.1689578E+00  -0.9990000E+03   0.1981825E-01   0.1987451E-01   0.3019326E-01   0.2004773E-01   0.1394258E+01
   0.9600000E+02   0.2003922E+02   0.7398585E+01   0.2275218E+04   0.2718955E-01   0.4390157E+00  -0.9990000E+03   0.1981636E-01   0.1987410E-01   0.3019508E-01   0.2004817E-01   0.1394406E+01
   0.9700000E+02   0.2099885E+02   0.7732766E+01   0.2359518E+04   0.2788758E-01   0.8086365E+00  -0.9990000E+03   0.1981446E-01   0.1987447E-01   0.3019690E-01   0.2004860E-01   0.1394554E+01
   0.9800000E+02   0.2203821E+02   0.8094488E+01   0.2462275E+04   0.2862931E-01   0.1259681E+01  -0.9990000E+03   0.1981257E-01   0.1987581E-01   0.3019871E-01   0.2004903E-01   0.1394702E+01
   0.9900000E+02   0.2314544E+02   0.8478915E+01   0.2579163E+04   0.2942157E-01   0.1777262E+01  -0.9990000E+03   0.1981069E-01   0.1987826E-01   0.3020052E-01   0.2004947E-01   0.1394851E+01
   0.1000000E+03   0.2430980E+02   0.8882010E+01   0.2706713E+04   0.3027004E-01   0.2349233E+01  -0.9990000E+03   0.1980881E-01   0.1988194E-01   0.3020232E-01   0.2004989E-01   0.1395000E+01
   0.1010000E+03   0.2552188E+02   0.9300436E+01   0.2842639E+04   0.3117952E-01   0.2965669E+01  -0.9990000E+03   0.1980694E-01   0.1988695E-01   0.3020413E-01   0.2005032E-01   0.1395149E+01
   0.1020000E+03   0.2677374E+02   0.9731438E+01   0.2984347E+04   0.3215411E-01   0.3618432E+01  -0.9990000E+03   0.1980507E-01   0.1989337E-01   0.3020593E-01   0.2005075E-01   0.1395299E+01
   0.1030000E+03   0.2805865E+02   0.1017275E+02   0.3130313E+04   0.3319726E-01   0.4300876E+01  -0.9990000E+03   0.1980321E-01   0.1990126E-01   0.3020772E-01   0.2005118E-01   0.1395448E+01
   0.1040000E+03   0.2937103E+02   0.1062255E+02   0.3273182E+04   0.3430942E-01   0.5007578E+01  -0.9990000E+03   0.1980136E-01   0.1991069E-01   0.3020951E-01   0.2005160E-01   0.1395598E+01
   0.1050000E+03   0.3070632E+02   0.1107931E+02   0.3419165E+04   0.3549362E-01   0.5734089E+01  -0.9990000E+03   0.1979950E-01   0.1992168E-01   0.3021128E-01   0.2005202E-01   0.1395747E+01
   0.1060000E+03   0.3206070E+02   0.1154180E+02   0.3567249E+04   0.3675240E-01   0.6384752E+01  -0.9990000E+03   0.1979766E-01   0.1993408E-01   0.3021307E-01   0.2005245E-01   0.1395897E+01
   0.1070000E+03   0.3330796E+02   0.1195961E+02   0.3717160E+04   0.3808797E-01   0.6935311E+01  -0.9990000E+03   0.1979583E-01   0.1994768E-01   0.3021484E-01   0.2005287E-01   0.1396047E+01
   0.1080000E+03   0.3440487E+02   0.1231575E+02   0.3868374E+04   0.3950222E-01   0.7391746E+01  -0.9990000E+03   0.1979401E-01   0.1996227E-01   0.3021661E-01   0.2005329E-01   0.1396197E+01
   0.1090000E+03   0.3535770E+02   0.1261307E+02   0.4020198E+04   0.4099691E-01   0.7767320E+01  -0.9990000E+03   0.1979219E-01   0.1997768E-01   0.3021838E-01   0.2005371E-01   0.1396348E+01
   0.1100000E+03   0.3618575E+02   0.1285957E+02   0.4172262E+04   0.4257350E-01   0.8075515E+01  -0.9990000E+03   0.1979038E-01   0.1999375E-01   0.3022014E-01   0.2005413E-01   0.1396498E+01
   0.1110000E+03   0.3690936E+02   0.1306371E+02   0.4323920E+04   0.4423338E-01   0.8328196E+01  -0.9990000E+03   0.1978857E-01   0.2001038E-01   0.3022190E-01   0.2005455E-01   0.1396648E+01
   0.1120000E+03   0.3754659E+02   0.1323292E+02   0.4461160E+04   0.4597007E-01   0.8535335E+01  -0.9990000E+03   0.1978676E-01   0.2002745E-01   0.3022366E-01   0.2005496E-01   0.1396798E+01
   0.1130000E+03   0.3811266E+02   0.1337349E+02   0.4580885E+04   0.4777522E-01   0.8705173E+01  -0.9990000E+03   0.1978495E-01   0.2004491E-01   0.3022541E-01   0.2005538E-01   0.1396949E+01
   0.1140000E+03   0.3862014E+02   0.1349062E+02   0.4684476E+04   0.4964069E-01   0.8844477E+01  -0.9990000E+03   0.1978315E-01   0.2006266E-01   0.3022716E-01   0.2005579E-01   0.1397099E+01
   0.1150000E+03   0.3907934E+02   0.1358855E+02   0.4774208E+04   0.5155935E-01   0.8958787E+01  -0.9990000E+03   0.1978135E-01   0.2008067E-01   0.3022890E-01   0.2005620E-01   0.1397248E+01
   0.1160000E+03   0.3949870E+02   0.1367078E+02   0.4852550E+04   0.5352517E-01   0.9052645E+01  -0.9990000E+03   0.1977956E-01   0.2009888E-01   0.3023064E-01   0.2005661E-01   0.1397398E+01
   0.1170000E+03   0.4010301E+02   0.1382663E+02   0.4918807E+04   0.5553323E-01   0.9277188E+01  -0.9990000E+03   0.1977776E-01   0.2011759E-01   0.3023237E-01   0.2005702E-01   0.1397547E+01
   0.1180000E+03   0.4086251E+02   0.1404301E+02   0.4975416E+04   0.5757942E-01   0.9608736E+01  -0.9990000E+03   0.1977597E-01   0.2013702E-01   0.3023410E-01   0.2005743E-01   0.1480244E+01
   0.1190000E+03   0.4175253E+02   0.1430920E+02   0.5024454E+04   0.5966038E-01   0.1002787E+02  -0.9990000E+03   0.1977419E-01   0.2015738E-01   0.3023582E-01   0.2005784E-01   0.2038459E+01
   0.1200000E+03   0.4275172E+02   0.1461631E+02   0.5067274E+04   0.6177327E-01   0.1051869E+02  -0.9990000E+03   0.1977242E-01   0.2017881E-01   0.3023754E-01   0.2005825E-01   0.2251812E+01
   0.1210000E+03   0.4384221E+02   0.1495706E+02   0.5104959E+04   0.6391583E-01   0.1106818E+02  -0.9990000E+03   0.1977064E-01   0.2020146E-01   0.3023926E-01   0.2005865E-01   0.2386976E+01
   0.1220000E+03   0.4500892E+02   0.1532545E+02   0.5157088E+04   0.6609879E-01   0.1166571E+02  -0.9990000E+03   0.1976888E-01   0.2022542E-01   0.3024098E-01   0.2005906E-01   0.2521349E+01
   0.1230000E+03   0.4623906E+02   0.1571653E+02   0.5221917E+04   0.6833106E-01   0.1230256E+02  -0.9990000E+03   0.1976713E-01   0.2025077E-01   0.3024269E-01   0.2005946E-01   0.2521583E+01
   0.1240000E+03   0.4752168E+02   0.1612625E+02   0.5298811E+04   0.7062007E-01   0.1297162E+02  -0.9990000E+03   0.1976538E-01   0.2027760E-01   0.3024440E-01   0.2005986E-01   0.1106204E+02
   0.1250000E+03   0.4884766E+02   0.1655124E+02   0.5386296E+04   0.7297196E-01   0.1366703E+02  -0.9990000E+03   0.1976364E-01   0.2030596E-01   0.3024610E-01   0.2006026E-01   0.1106297E+02
   0.1260000E+03   0.5020950E+02   0.1698876E+02   0.5483128E+04   0.7539180E-01   0.1430314E+02  -0.9990000E+03   0.1976191E-01   0.2033573E-01   0.3024780E-01   0.2006066E-01   0.1106389E+02
   0.1270000E+03   0.5160088E+02   0.1743657E+02   0.5587720E+04   0.7788402E-01   0.1484467E+02  -0.9990000E+03   0.1976018E-01   0.2036668E-01   0.3024949E-01   0.2006106E-01   0.1106482E+02
   0.1280000E+03   0.5301673E+02   0.1789283E+02   0.5698742E+04   0.8045221E-01   0.1529448E+02  -0.9990000E+03   0.1975846E-01   0.2039864E-01   0.3025118E-01   0.2006145E-01   0.1127049E+02
   0.1290000E+03   0.5433057E+02   0.1830700E+02   0.5812651E+04   0.8309949E-01   0.1581034E+02  -0.9990000E+03   0.1975676E-01   0.2043173E-01   0.3025287E-01   0.2006185E-01   0.1127143E+02
   0.1300000E+03   0.5568456E+02   0.1873588E+02   0.5926417E+04   0.8582848E-01   0.1638034E+02  -0.9990000E+03   0.1975505E-01   0.2046609E-01   0.3025455E-01   0.2006225E-01   0.1142952E+02
   0.1310000E+03   0.5707472E+02   0.1917707E+02   0.6039314E+04   0.8864149E-01   0.1699467E+02  -0.9990000E+03   0.1975336E-01   0.2050183E-01   0.3025624E-01   0.2006264E-01   0.1158953E+02
   0.1320000E+03   0.5849774E+02   0.1962860E+02   0.6150900E+04   0.9154039E-01   0.1764525E+02  -0.9990000E+03   0.1975168E-01   0.2053904E-01   0.3025791E-01   0.2006304E-01   0.1173550E+02
   0.1330000E+03   0.5994973E+02   0.2008872E+02   0.6258969E+04   0.9452505E-01   0.1832548E+02  -0.9990000E+03   0.1975000E-01   0.2057779E-01   0.3025958E-01   0.2006343E-01   0.1183916E+02
   0.1340000E+03   0.6142655E+02   0.2055597E+02   0.6357417E+04   0.9758916E-01   0.1902995E+02  -0.9990000E+03   0.1974833E-01   0.2061813E-01   0.3026125E-01   0.2006382E-01   0.1192404E+02
   0.1350000E+03   0.6292421E+02   0.2102913E+02   0.6447059E+04   0.1007248E+00   0.1975428E+02  -0.9990000E+03   0.1974667E-01   0.2066011E-01   0.3026291E-01   0.2006421E-01   0.1198447E+02
   0.1360000E+03   0.6443926E+02   0.2150717E+02   0.6528551E+04   0.1039244E+00   0.2049487E+02  -0.9990000E+03   0.1974502E-01   0.2070377E-01   0.3026457E-01   0.2006460E-01   0.1198548E+02
   0.1370000E+03   0.6596873E+02   0.2198923E+02   0.6603200E+04   0.1071814E+00   0.2124877E+02  -0.9990000E+03   0.1974339E-01   0.2074913E-01   0.3026622E-01   0.2006499E-01   0.1198649E+02
   0.1380000E+03   0.6751018E+02   0.2247464E+02   0.6671823E+04   0.1104903E+00   0.2201357E+02  -0.9990000E+03   0.1974176E-01   0.2079622E-01   0.3026788E-01   0.2006537E-01   0.1202828E+02
   0.1390000E+03   0.6891998E+02   0.2290581E+02   0.6734503E+04   0.1138463E+00   0.2278730E+02  -0.9990000E+03   0.1974015E-01   0.2084506E-01   0.3026952E-01   0.2006576E-01   0.1209158E+02
   0.1400000E+03   0.7016550E+02   0.2326994E+02   0.6793438E+04   0.1172457E+00   0.2354263E+02  -0.9990000E+03   0.1973854E-01   0.2089559E-01   0.3027116E-01   0.2006615E-01   0.1211676E+02
   0.1410000E+03   0.7126196E+02   0.2357347E+02   0.6849258E+04   0.1206853E+00   0.2419830E+02  -0.9990000E+03   0.1973694E-01   0.2094762E-01   0.3027280E-01   0.2006653E-01   0.1215607E+02
   0.1420000E+03   0.7223236E+02   0.2382602E+02   0.6902543E+04   0.1241625E+00   0.2474650E+02  -0.9990000E+03   0.1973535E-01   0.2100089E-01   0.3027444E-01   0.2006691E-01   0.1215709E+02
   0.1430000E+03   0.7309837E+02   0.2403652E+02   0.6953832E+04   0.1276751E+00   0.2519908E+02  -0.9990000E+03   0.1973378E-01   0.2105519E-01   0.3027607E-01   0.2006730E-01   0.1215812E+02
   0.1440000E+03   0.7387824E+02   0.2421254E+02   0.7003465E+04   0.1312213E+00   0.2557120E+02  -0.9990000E+03   0.1973221E-01   0.2111033E-01   0.3027770E-01   0.2006768E-01   0.1215915E+02
   0.1450000E+03   0.7480489E+02   0.2444750E+02   0.7061645E+04   0.1348122E+00   0.2587681E+02  -0.9990000E+03   0.1973065E-01   0.2116616E-01   0.3027933E-01   0.2006805E-01   0.1216017E+02
   0.1460000E+03   0.7585409E+02   0.2473090E+02   0.7126374E+04   0.1384566E+00   0.2612785E+02  -0.9990000E+03   0.1972910E-01   0.2122257E-01   0.3028095E-01   0.2006843E-01   0.1216120E+02
   0.1470000E+03   0.7700574E+02   0.2505410E+02   0.7196359E+04   0.1421622E+00   0.2633416E+02  -0.9990000E+03   0.1972756E-01   0.2127946E-01   0.3028256E-01   0.2006880E-01   0.1216222E+02
   0.1480000E+03   0.7824250E+02   0.2540997E+02   0.7270341E+04   0.1459350E+00   0.2650387E+02  -0.9990000E+03   0.1972602E-01   0.2133673E-01   0.3028417E-01   0.2006917E-01   0.1223335E+02
   0.1490000E+03   0.7954945E+02   0.2579265E+02   0.7347173E+04   0.1497803E+00   0.2664362E+02  -0.9990000E+03   0.1972449E-01   0.2139433E-01   0.3028578E-01   0.2006954E-01   0.1228142E+02
   0.1500000E+03   0.8091416E+02   0.2619730E+02   0.7427254E+04   0.1537024E+00   0.2675886E+02  -0.9990000E+03   0.1972296E-01   0.2145218E-01   0.3028739E-01   0.2006992E-01   0.1232951E+02
   0.1510000E+03   0.8232629E+02   0.2661998E+02   0.7507940E+04   0.1577027E+00   0.2685402E+02  -0.9990000E+03   0.1972144E-01   0.2151026E-01   0.3028899E-01   0.2007029E-01   0.1243776E+02
   0.1520000E+03   0.8377731E+02   0.2705745E+02   0.7584410E+04   0.1617763E+00   0.2693274E+02  -0.9990000E+03   0.1971993E-01   0.2156852E-01   0.3029059E-01   0.2007066E-01   0.1248455E+02
   0.1530000E+03   0.8516574E+02   0.2746909E+02   0.7655550E+04   0.1659169E+00   0.2699804E+02  -0.9990000E+03   0.1971842E-01   0.2162693E-01   0.3029218E-01   0.2007102E-01   0.1253842E+02
   0.1540000E+03   0.8641161E+02   0.2782292E+02   0.7721586E+04   0.1701180E+00   0.2705232E+02  -0.9990000E+03   0.1971692E-01   0.2168547E-01   0.3029378E-01   0.2007139E-01   0.1258653E+02
   0.1550000E+03   0.8751668E+02   0.2811997E+02   0.7783146E+04   0.1743740E+00   0.2709760E+02  -0.9990000E+03   0.1971542E-01   0.2174412E-01   0.3029537E-01   0.2007175E-01   0.1262272E+02
   0.1560000E+03   0.8850013E+02   0.2836821E+02   0.7840928E+04   0.1786804E+00   0.2713550E+02  -0.9990000E+03   0.1971393E-01   0.2180285E-01   0.3029695E-01   0.2007212E-01   0.1264910E+02
   0.1570000E+03   0.8938213E+02   0.2857595E+02   0.7895567E+04   0.1830333E+00   0.2716737E+02  -0.9990000E+03   0.1971245E-01   0.2186167E-01   0.3029853E-01   0.2007248E-01   0.1267549E+02
   0.1580000E+03   0.9018018E+02   0.2875043E+02   0.7947610E+04   0.1874293E+00   0.2719431E+02  -0.9990000E+03   0.1971097E-01   0.2192054E-01   0.3030010E-01   0.2007284E-01   0.1270188E+02
   0.1590000E+03   0.9090887E+02   0.2889765E+02   0.7997550E+04   0.1918658E+00   0.2721720E+02  -0.9990000E+03   0.1970949E-01   0.2197948E-01   0.3030168E-01   0.2007320E-01   0.1270295E+02
   0.1600000E+03   0.9158026E+02   0.2902258E+02   0.8045711E+04   0.1963405E+00   0.2723678E+02  -0.9990000E+03   0.1970802E-01   0.2203846E-01   0.3030324E-01   0.2007356E-01   0.1273092E+02
   0.1610000E+03   0.9220415E+02   0.2912926E+02   0.8092398E+04   0.2008518E+00   0.2725365E+02  -0.9990000E+03   0.1970655E-01   0.2209748E-01   0.3030481E-01   0.2007392E-01   0.1274780E+02
   0.1620000E+03   0.9278861E+02   0.2922102E+02   0.8137896E+04   0.2053978E+00   0.2726830E+02  -0.9990000E+03   0.1970509E-01   0.2215655E-01   0.3030637E-01   0.2007428E-01   0.1276380E+02
   0.1630000E+03   0.9334026E+02   0.2930057E+02   0.8182368E+04   0.2099775E+00   0.2728114E+02  -0.9990000E+03   0.1970363E-01   0.2221564E-01   0.3030792E-01   0.2007464E-01   0.1277980E+02
   0.1640000E+03   0.9386452E+02   0.2937012E+02   0.8226116E+04   0.2145895E+00   0.2729249E+02  -0.9990000E+03   0.1970218E-01   0.2227476E-01   0.3030948E-01   0.2007499E-01   0.1278088E+02
   0.1650000E+03   0.9436578E+02   0.2943150E+02   0.8269230E+04   0.2192331E+00   0.2730263E+02  -0.9990000E+03   0.1970073E-01   0.2233391E-01   0.3031103E-01   0.2007535E-01   0.1278197E+02
   0.1660000E+03   0.9484769E+02   0.2948619E+02   0.8311856E+04   0.2239075E+00   0.2731178E+02  -0.9990000E+03   0.1969929E-01   0.2239308E-01   0.3031258E-01   0.2007570E-01   0.1278305E+02
   0.1670000E+03   0.9531322E+02   0.2953541E+02   0.8354047E+04   0.2286119E+00   0.2732010E+02  -0.9990000E+03   0.1969785E-01   0.2245227E-01   0.3031412E-01   0.2007606E-01   0.1278413E+02
   0.1680000E+03   0.9576479E+02   0.2958017E+02   0.8395877E+04   0.2333458E+00   0.2732776E+02  -0.9990000E+03   0.1969642E-01   0.2251149E-01   0.3031565E-01   0.2007641E-01   0.1278521E+02
   0.1690000E+03   0.9620445E+02   0.2962127E+02   0.8437440E+04   0.2381087E+00   0.2733487E+02  -0.9990000E+03   0.1969499E-01   0.2257072E-01   0.3031719E-01   0.2007676E-01   0.1278629E+02
   0.1700000E+03   0.9663382E+02   0.2965938E+02   0.8478752E+04   0.2429001E+00   0.2734154E+02  -0.9990000E+03   0.1969357E-01   0.2262997E-01   0.3031872E-01   0.2007711E-01   0.1278738E+02
   0.1710000E+03   0.9705427E+02   0.2969506E+02   0.8519888E+04   0.2477197E+00   0.2734784E+02  -0.9990000E+03   0.1969215E-01   0.2268924E-01   0.3032024E-01   0.2007746E-01   0.1278846E+02
   0.1720000E+03   0.9746685E+02   0.2972873E+02   0.8560575E+04   0.2525669E+00   0.2735384E+02  -0.9990000E+03   0.1969074E-01   0.2274853E-01   0.3032177E-01   0.2007781E-01   0.1278954E+02
   0.1730000E+03   0.9787249E+02   0.2976078E+02   0.8600805E+04   0.2574418E+00   0.2735959E+02  -0.9990000E+03   0.1968934E-01   0.2280783E-01   0.3032329E-01   0.2007816E-01   0.1279062E+02
   0.1740000E+03   0.9827197E+02   0.2979150E+02   0.8640643E+04   0.2623437E+00   0.2736515E+02  -0.9990000E+03   0.1968793E-01   0.2286715E-01   0.3032481E-01   0.2007850E-01   0.1279171E+02
   0.1750000E+03   0.9866588E+02   0.2982114E+02   0.8680110E+04   0.2672725E+00   0.2737054E+02  -0.9990000E+03   0.1968654E-01   0.2292649E-01   0.3032632E-01   0.2007885E-01   0.1279279E+02
   0.1760000E+03   0.9905471E+02   0.2984989E+02   0.8719189E+04   0.2722281E+00   0.2737579E+02  -0.9990000E+03   0.1968515E-01   0.2298585E-01   0.3032783E-01   0.2007919E-01   0.1279387E+02
   0.1770000E+03   0.9943889E+02   0.2987792E+02   0.8757935E+04   0.2772100E+00   0.2738094E+02  -0.9990000E+03   0.1968376E-01   0.2304521E-01   0.3032934E-01   0.2007954E-01   0.1279496E+02
   0.1780000E+03   0.9981875E+02   0.2990538E+02   0.8796355E+04   0.2822180E+00   0.2738599E+02  -0.9990000E+03   0.1968238E-01   0.2310460E-01   0.3033084E-01   0.2007988E-01   0.1279604E+02
   0.1790000E+03   0.1001946E+03   0.2993235E+02   0.8834466E+04   0.2872521E+00   0.2739097E+02  -0.9990000E+03   0.1968100E-01   0.2316399E-01   0.3033235E-01   0.2008022E-01   0.1279712E+02
   0.1800000E+03   0.1005667E+03   0.2995893E+02   0.8872238E+04   0.2923120E+00   0.2739589E+02  -0.9990000E+03   0.1967962E-01   0.2322341E-01   0.3033384E-01   0.2008056E-01   0.1279821E+02
   0.1810000E+03   0.1009352E+03   0.2998521E+02   0.8909718E+04   0.2973974E+00   0.2740076E+02  -0.9990000E+03   0.1967825E-01   0.2328284E-01   0.3033533E-01   0.2008090E-01   0.1279929E+02
   0.1820000E+03   0.1013002E+03   0.3001126E+02   0.8946910E+04   0.3025083E+00   0.2740558E+02  -0.9990000E+03   0.1967689E-01   0.2334228E-01   0.3033682E-01   0.2008124E-01   0.1280038E+02
   0.1830000E+03   0.1016620E+03   0.3003733E+02   0.8983821E+04   0.3076444E+00   0.2741038E+02  -0.9990000E+03   0.1967552E-01   0.2340173E-01   0.3033830E-01   0.2008158E-01   0.1280146E+02
   0.1840000E+03   0.1020206E+03   0.3006318E+02   0.9020458E+04   0.3128053E+00   0.2741514E+02  -0.9990000E+03   0.1967417E-01   0.2346120E-01   0.3033978E-01   0.2008192E-01   0.1280254E+02
   0.1850000E+03   0.1023761E+03   0.3008891E+02   0.9056823E+04   0.3179912E+00   0.2741988E+02  -0.9990000E+03   0.1967282E-01   0.2352068E-01   0.3034126E-01   0.2008225E-01   0.1280363E+02
   0.1860000E+03   0.1027287E+03   0.3011454E+02   0.9092740E+04   0.3232018E+00   0.2742460E+02  -0.9990000E+03   0.1967147E-01   0.2358018E-01   0.3034274E-01   0.2008259E-01   0.1281884E+02
   0.1870000E+03   0.1030783E+03   0.3014006E+02   0.9128218E+04   0.3284370E+00   0.2742931E+02  -0.9990000E+03   0.1967013E-01   0.2363969E-01   0.3034421E-01   0.2008292E-01   0.1281992E+02
   0.1880000E+03   0.1034251E+03   0.3016550E+02   0.9163266E+04   0.3336966E+00   0.2743401E+02  -0.9990000E+03   0.1966879E-01   0.2369921E-01   0.3034568E-01   0.2008325E-01   0.1282100E+02
   0.1890000E+03   0.1037690E+03   0.3019087E+02   0.9197890E+04   0.3389803E+00   0.2743870E+02  -0.9990000E+03   0.1966746E-01   0.2375875E-01   0.3034714E-01   0.2008358E-01   0.1282209E+02
   0.1900000E+03   0.1041103E+03   0.3021622E+02   0.9232100E+04   0.3442881E+00   0.2744337E+02  -0.9990000E+03   0.1966613E-01   0.2381830E-01   0.3034860E-01   0.2008391E-01   0.1282317E+02
   0.1910000E+03   0.1044487E+03   0.3024151E+02   0.9265902E+04   0.3496198E+00   0.2744804E+02  -0.9990000E+03   0.1966481E-01   0.2387787E-01   0.3035005E-01   0.2008424E-01   0.1282425E+02
   0.1920000E+03   0.1047845E+03   0.3026679E+02   0.9299307E+04   0.3549752E+00   0.2745270E+02  -0.9990000E+03   0.1966349E-01   0.2393745E-01   0.3035151E-01   0.2008457E-01   0.1282533E+02
   0.1930000E+03   0.1051177E+03   0.3029208E+02   0.9337819E+04   0.3603614E+00   0.2745737E+02  -0.9990000E+03   0.1966218E-01   0.2399704E-01   0.3035296E-01   0.2008490E-01   0.1283223E+02
   0.1940000E+03   0.1054482E+03   0.3031731E+02   0.9382757E+04   0.3657878E+00   0.2746202E+02  -0.9990000E+03   0.1966087E-01   0.2405665E-01   0.3035440E-01   0.2008522E-01   0.1283332E+02
   0.1950000E+03   0.1057761E+03   0.3034249E+02   0.9431536E+04   0.3712597E+00   0.2746666E+02  -0.9990000E+03   0.1965956E-01   0.2411627E-01   0.3035584E-01   0.2008555E-01   0.1283440E+02
   0.1960000E+03   0.1061014E+03   0.3036772E+02   0.9480996E+04   0.3767782E+00   0.2747131E+02  -0.9990000E+03   0.1965827E-01   0.2417590E-01   0.3035728E-01   0.2008587E-01   0.1283549E+02
   0.1970000E+03   0.1064242E+03   0.3039293E+02   0.9529179E+04   0.3823417E+00   0.2747595E+02  -0.9990000E+03   0.1965697E-01   0.2423554E-01   0.3035872E-01   0.2008619E-01   0.1283657E+02
   0.1980000E+03   0.1067444E+03   0.3041814E+02   0.9575324E+04   0.3879476E+00   0.2748060E+02  -0.9990000E+03   0.1965568E-01   0.2429521E-01   0.3036015E-01   0.2008651E-01   0.1283765E+02
   0.1990000E+03   0.1070621E+03   0.3044338E+02   0.9618885E+04   0.3935930E+00   0.2748523E+02  -0.9990000E+03   0.1965440E-01   0.2435488E-01   0.3036158E-01   0.2008684E-01   0.1284286E+02
   0.2000000E+03   0.1073774E+03   0.3046860E+02   0.9659485E+04   0.3992752E+00   0.2748987E+02  -0.9990000E+03   0.1965312E-01   0.2441457E-01   0.3036300E-01   0.2008716E-01   0.1284810E+02
   0.2010000E+03   0.1076901E+03   0.3049384E+02   0.9705754E+04   0.4050037E+00   0.2749450E+02  -0.9990000E+03   0.1965185E-01   0.2447427E-01   0.3036442E-01   0.2008747E-01   0.1285290E+02
   0.2020000E+03   0.1082225E+03   0.3060534E+02   0.9756527E+04   0.4107865E+00   0.2749914E+02  -0.9990000E+03   0.1965058E-01   0.2453398E-01   0.3036584E-01   0.2008780E-01   0.1287589E+02
   0.2030000E+03   0.1089376E+03   0.3078771E+02   0.9811229E+04   0.4166301E+00   0.2750377E+02  -0.9990000E+03   0.1964932E-01   0.2459371E-01   0.3036725E-01   0.2008811E-01   0.1297315E+02
   0.2040000E+03   0.1098053E+03   0.3102827E+02   0.9869271E+04   0.4225398E+00   0.2750841E+02  -0.9990000E+03   0.1964806E-01   0.2465345E-01   0.3036867E-01   0.2008843E-01   0.1377158E+02
   0.2050000E+03   0.1107997E+03   0.3131662E+02   0.9929886E+04   0.4285205E+00   0.2751303E+02  -0.9990000E+03   0.1964680E-01   0.2471321E-01   0.3037007E-01   0.2008875E-01   0.1377274E+02
   0.2060000E+03   0.1118986E+03   0.3164413E+02   0.9993111E+04   0.4345759E+00   0.2751766E+02  -0.9990000E+03   0.1964555E-01   0.2477299E-01   0.3037148E-01   0.2008906E-01   0.1382595E+02
   0.2070000E+03   0.1130843E+03   0.3200389E+02   0.1005779E+05   0.4407090E+00   0.2752229E+02  -0.9990000E+03   0.1964430E-01   0.2483278E-01   0.3037288E-01   0.2008937E-01   0.1388472E+02
   0.2080000E+03   0.1143428E+03   0.3239018E+02   0.1012343E+05   0.4469227E+00   0.2752692E+02  -0.9990000E+03   0.1964306E-01   0.2489258E-01   0.3037428E-01   0.2008969E-01   0.1388734E+02
   0.2090000E+03   0.1156633E+03   0.3279837E+02   0.1019028E+05   0.4532195E+00   0.2753154E+02  -0.9990000E+03   0.1964183E-01   0.2495239E-01   0.3037567E-01   0.2009000E-01   0.1390992E+02
   0.2100000E+03   0.1170359E+03   0.3322461E+02   0.1025637E+05   0.4595985E+00   0.2753617E+02  -0.9990000E+03   0.1964060E-01   0.2501221E-01   0.3037706E-01   0.2009030E-01   0.1404902E+02
   0.2110000E+03   0.1184521E+03   0.3366567E+02   0.1031842E+05   0.4660544E+00   0.2754079E+02  -0.9990000E+03   0.1963937E-01   0.2507205E-01   0.3037844E-01   0.2009061E-01   0.1405019E+02
   0.2120000E+03   0.1199043E+03   0.3411895E+02   0.1037812E+05   0.4725840E+00   0.2754542E+02  -0.9990000E+03   0.1963815E-01   0.2513190E-01   0.3037982E-01   0.2009092E-01   0.1405136E+02
   0.2130000E+03   0.1213862E+03   0.3458230E+02   0.1043750E+05   0.4791865E+00   0.2755004E+02  -0.9990000E+03   0.1963693E-01   0.2519177E-01   0.3038120E-01   0.2009123E-01   0.1405253E+02
   0.2140000E+03   0.1228930E+03   0.3505399E+02   0.1049682E+05   0.4858633E+00   0.2755467E+02  -0.9990000E+03   0.1963573E-01   0.2525164E-01   0.3038258E-01   0.2009154E-01   0.1531784E+02
   0.2150000E+03   0.1244214E+03   0.3553263E+02   0.1055732E+05   0.4926178E+00   0.2755929E+02  -0.9990000E+03   0.1963452E-01   0.2531153E-01   0.3038395E-01   0.2009185E-01   0.1541305E+02
   0.2160000E+03   0.1259689E+03   0.3601709E+02   0.1061879E+05   0.4994532E+00   0.2756392E+02  -0.9990000E+03   0.1963332E-01   0.2537144E-01   0.3038532E-01   0.2009216E-01   0.1552258E+02
   0.2170000E+03   0.1275337E+03   0.3650647E+02   0.1068111E+05   0.5063723E+00   0.2756853E+02  -0.9990000E+03   0.1963213E-01   0.2543136E-01   0.3038669E-01   0.2009246E-01   0.1554190E+02
   0.2180000E+03   0.1291142E+03   0.3700003E+02   0.1074424E+05   0.5133774E+00   0.2757316E+02  -0.9990000E+03   0.1963093E-01   0.2549129E-01   0.3038805E-01   0.2009277E-01   0.1559206E+02
   0.2190000E+03   0.1307091E+03   0.3749717E+02   0.1080828E+05   0.5204704E+00   0.2757778E+02  -0.9990000E+03   0.1962975E-01   0.2555124E-01   0.3038941E-01   0.2009307E-01   0.1565288E+02
   0.2200000E+03   0.1323170E+03   0.3799734E+02   0.1087429E+05   0.5276529E+00   0.2758241E+02   0.2262488E+04   0.1962857E-01   0.2561120E-01   0.3039077E-01   0.2009337E-01   0.1565418E+02
   0.2210000E+03   0.1339361E+03   0.3850008E+02   0.1094218E+05   0.5349264E+00   0.2758703E+02   0.3634465E+04   0.1962739E-01   0.2567117E-01   0.3039212E-01   0.2009367E-01   0.1565547E+02
   0.2220000E+03   0.1355647E+03   0.3900498E+02   0.1101178E+05   0.5422922E+00   0.2759164E+02   0.4761235E+04   0.1962622E-01   0.2573116E-01   0.3039347E-01   0.2009397E-01   0.1565677E+02
   0.2230000E+03   0.1372011E+03   0.3951172E+02   0.1108293E+05   0.5497515E+00   0.2759626E+02   0.5743782E+04   0.1962506E-01   0.2579116E-01   0.3039482E-01   0.2009427E-01   0.1565807E+02
   0.2240000E+03   0.1388443E+03   0.4001999E+02   0.1115542E+05   0.5573052E+00   0.2760087E+02   0.6651251E+04   0.1962390E-01   0.2585118E-01   0.3039616E-01   0.2009457E-01   0.1565936E+02
   0.2250000E+03   0.1403967E+03   0.4049193E+02   0.1122825E+05   0.5649539E+00   0.2760549E+02   0.7393268E+04   0.1962274E-01   0.2591121E-01   0.3039750E-01   0.2009487E-01   0.1566066E+02
   0.2260000E+03   0.1417807E+03   0.4089731E+02   0.1129829E+05   0.5726929E+00   0.2761010E+02   0.7939747E+04   0.1962159E-01   0.2597125E-01   0.3039884E-01   0.2009517E-01   0.1566235E+02
   0.2270000E+03   0.1430014E+03   0.4123855E+02   0.1136397E+05   0.5805144E+00   0.2761472E+02   0.8356513E+04   0.1962044E-01   0.2603130E-01   0.3040018E-01   0.2009547E-01   0.1566364E+02
   0.2280000E+03   0.1443038E+03   0.4161153E+02   0.1142816E+05   0.5884154E+00   0.2761933E+02   0.8686098E+04   0.1961930E-01   0.2609137E-01   0.3040151E-01   0.2009576E-01   0.1566528E+02
   0.2290000E+03   0.1456737E+03   0.4201055E+02   0.1149226E+05   0.5963953E+00   0.2762394E+02   0.8946227E+04   0.1961816E-01   0.2615145E-01   0.3040284E-01   0.2009606E-01   0.1566657E+02
   0.2300000E+03   0.1470997E+03   0.4243097E+02   0.1155568E+05   0.6044531E+00   0.2762856E+02   0.9151617E+04   0.1961702E-01   0.2621155E-01   0.3040417E-01   0.2009635E-01   0.1592465E+02
   0.2310000E+03   0.1485718E+03   0.4286898E+02   0.1161730E+05   0.6125854E+00   0.2763317E+02   0.9313948E+04   0.1961589E-01   0.2627166E-01   0.3040549E-01   0.2009664E-01   0.1592597E+02
   0.2320000E+03   0.1500819E+03   0.4332147E+02   0.1167643E+05   0.6207872E+00   0.2763778E+02   0.9442426E+04   0.1961477E-01   0.2633178E-01   0.3040681E-01   0.2009693E-01   0.1592728E+02
   0.2330000E+03   0.1516234E+03   0.4378586E+02   0.1173294E+05   0.6290532E+00   0.2764239E+02   0.9547757E+04   0.1961365E-01   0.2639192E-01   0.3040812E-01   0.2009722E-01   0.1592859E+02
   0.2340000E+03   0.1531905E+03   0.4426004E+02   0.1178701E+05   0.6373787E+00   0.2764701E+02   0.9631256E+04   0.1961253E-01   0.2645207E-01   0.3040943E-01   0.2009751E-01   0.1592990E+02
   0.2350000E+03   0.1546218E+03   0.4468102E+02   0.1183893E+05   0.6457590E+00   0.2765162E+02   0.9699765E+04   0.1961142E-01   0.2651224E-01   0.3041073E-01   0.2009780E-01   0.1593121E+02
   0.2360000E+03   0.1558916E+03   0.4503907E+02   0.1188899E+05   0.6541911E+00   0.2765623E+02   0.9754175E+04   0.1961032E-01   0.2657242E-01   0.3041204E-01   0.2009809E-01   0.1593252E+02
   0.2370000E+03   0.1570158E+03   0.4534062E+02   0.1193748E+05   0.6626717E+00   0.2766084E+02   0.9798856E+04   0.1960921E-01   0.2663261E-01   0.3041334E-01   0.2009838E-01   0.1593383E+02
   0.2380000E+03   0.1580170E+03   0.4559470E+02   0.1198464E+05   0.6711983E+00   0.2766545E+02   0.9835566E+04   0.1960811E-01   0.2669281E-01   0.3041464E-01   0.2009867E-01   0.1593514E+02
   0.2390000E+03   0.1591401E+03   0.4589685E+02   0.1203072E+05   0.6797689E+00   0.2767005E+02   0.9865754E+04   0.1960702E-01   0.2675303E-01   0.3041594E-01   0.2009895E-01   0.1593743E+02
   0.2400000E+03   0.1603631E+03   0.4623834E+02   0.1207541E+05   0.6883817E+00   0.2767466E+02   0.9891059E+04   0.1960593E-01   0.2681326E-01   0.3041724E-01   0.2009924E-01   0.1593874E+02
   0.2410000E+03   0.1616683E+03   0.4661204E+02   0.1211887E+05   0.6970353E+00   0.2767927E+02   0.9912124E+04   0.1960485E-01   0.2687350E-01   0.3041852E-01   0.2009952E-01   0.1594004E+02
   0.2420000E+03   0.1630409E+03   0.4701223E+02   0.1216125E+05   0.7057282E+00   0.2768387E+02   0.9929736E+04   0.1960377E-01   0.2693376E-01   0.3041981E-01   0.2009980E-01   0.1594135E+02
   0.2430000E+03   0.1644689E+03   0.4743415E+02   0.1220303E+05   0.7144595E+00   0.2768847E+02   0.9944442E+04   0.1960269E-01   0.2699403E-01   0.3042109E-01   0.2010009E-01   0.1594375E+02
   0.2440000E+03   0.1658303E+03   0.4783039E+02   0.1224429E+05   0.7232279E+00   0.2769308E+02   0.9956323E+04   0.1960162E-01   0.2705432E-01   0.3042236E-01   0.2010036E-01   0.1594505E+02
   0.2450000E+03   0.1670552E+03   0.4817399E+02   0.1228510E+05   0.7320329E+00   0.2769768E+02   0.9966292E+04   0.1960056E-01   0.2711461E-01   0.3042364E-01   0.2010065E-01   0.1594695E+02
   0.2460000E+03   0.1681449E+03   0.4846566E+02   0.1232549E+05   0.7408738E+00   0.2770229E+02   0.9974621E+04   0.1959950E-01   0.2717492E-01   0.3042492E-01   0.2010093E-01   0.1594825E+02
   0.2470000E+03   0.1691171E+03   0.4871246E+02   0.1236546E+05   0.7497501E+00   0.2770689E+02   0.9981589E+04   0.1959845E-01   0.2723524E-01   0.3042619E-01   0.2010121E-01   0.1597380E+02
   0.2480000E+03   0.1699911E+03   0.4892194E+02   0.1240458E+05   0.7586613E+00   0.2771150E+02   0.9987930E+04   0.1959740E-01   0.2729558E-01   0.3042746E-01   0.2010149E-01   0.1601383E+02
   0.2490000E+03   0.1707836E+03   0.4910072E+02   0.1244290E+05   0.7676069E+00   0.2771610E+02   0.9993476E+04   0.1959636E-01   0.2735593E-01   0.3042872E-01   0.2010177E-01   0.1601513E+02
   0.2500000E+03   0.1715088E+03   0.4925434E+02   0.1248047E+05   0.7765862E+00   0.2772070E+02   0.9998229E+04   0.1959532E-01   0.2741629E-01   0.3042998E-01   0.2010204E-01   0.1601746E+02
   0.2510000E+03   0.1721781E+03   0.4938743E+02   0.1251731E+05   0.7855992E+00   0.2772530E+02   0.1000228E+05   0.1959429E-01   0.2747667E-01   0.3043124E-01   0.2010232E-01   0.1601877E+02
   0.2520000E+03   0.1728010E+03   0.4950368E+02   0.1255397E+05   0.7946451E+00   0.2772991E+02   0.1000575E+05   0.1959326E-01   0.2753706E-01   0.3043250E-01   0.2010260E-01   0.1602007E+02
   0.2530000E+03   0.1733854E+03   0.4960616E+02   0.1259048E+05   0.8037236E+00   0.2773450E+02   0.1000873E+05   0.1959223E-01   0.2759746E-01   0.3043375E-01   0.2010287E-01   0.1602138E+02
   0.2540000E+03   0.1739376E+03   0.4969736E+02   0.1262684E+05   0.8128347E+00   0.2773910E+02   0.1001130E+05   0.1959121E-01   0.2765788E-01   0.3043500E-01   0.2010315E-01   0.1602268E+02
   0.2550000E+03   0.1744628E+03   0.4977935E+02   0.1266305E+05   0.8219775E+00   0.2774370E+02   0.1001353E+05   0.1959020E-01   0.2771831E-01   0.3043625E-01   0.2010342E-01   0.1602399E+02
   0.2560000E+03   0.1749653E+03   0.4985378E+02   0.1269913E+05   0.8311523E+00   0.2774830E+02   0.1001548E+05   0.1958919E-01   0.2777874E-01   0.3043750E-01   0.2010369E-01   0.1602686E+02
   0.2570000E+03   0.1754487E+03   0.4992205E+02   0.1273506E+05   0.8403584E+00   0.2775290E+02   0.1001720E+05   0.1958818E-01   0.2783919E-01   0.3043874E-01   0.2010396E-01   0.1602817E+02
   0.2580000E+03   0.1759157E+03   0.4998525E+02   0.1277088E+05   0.8495961E+00   0.2775750E+02   0.1001873E+05   0.1958718E-01   0.2789966E-01   0.3043997E-01   0.2010423E-01   0.1602947E+02
   0.2590000E+03   0.1763688E+03   0.5004442E+02   0.1280663E+05   0.8588650E+00   0.2776209E+02   0.1002025E+05   0.1958618E-01   0.2796014E-01   0.3044121E-01   0.2010450E-01   0.1603250E+02
   0.2600000E+03   0.1770371E+03   0.5018716E+02   0.1284716E+05   0.8681763E+00   0.2776669E+02   0.1002236E+05   0.1958519E-01   0.2802064E-01   0.3044244E-01   0.2010476E-01   0.1603380E+02
   0.2610000E+03   0.1778830E+03   0.5039830E+02   0.1289160E+05   0.8775390E+00   0.2777129E+02   0.1002457E+05   0.1958420E-01   0.2808115E-01   0.3044367E-01   0.2010503E-01   0.1612870E+02
   0.2620000E+03   0.1788753E+03   0.5066576E+02   0.1293934E+05   0.8869609E+00   0.2777588E+02   0.1002673E+05   0.1958322E-01   0.2814167E-01   0.3044490E-01   0.2010530E-01   0.1615044E+02
   0.2630000E+03   0.1799881E+03   0.5097923E+02   0.1298984E+05   0.8964481E+00   0.2778047E+02   0.1002871E+05   0.1958224E-01   0.2820221E-01   0.3044612E-01   0.2010556E-01   0.1619265E+02
   0.2640000E+03   0.1811999E+03   0.5133036E+02   0.1304277E+05   0.9060061E+00   0.2778506E+02   0.1017307E+05   0.1958127E-01   0.2826275E-01   0.3044733E-01   0.2010583E-01   0.1619403E+02
   0.2650000E+03   0.1824933E+03   0.5171255E+02   0.1309767E+05   0.9156392E+00   0.2778966E+02   0.1041870E+05   0.1958030E-01   0.2832332E-01   0.3044855E-01   0.2010609E-01   0.1619773E+02
   0.2660000E+03   0.1838540E+03   0.5212017E+02   0.1315444E+05   0.9253513E+00   0.2779425E+02   0.1072704E+05   0.1957934E-01   0.2838389E-01   0.3044976E-01   0.2010636E-01   0.1620485E+02
   0.2670000E+03   0.1852703E+03   0.5254852E+02   0.1321299E+05   0.9351452E+00   0.2779884E+02   0.1105834E+05   0.1957838E-01   0.2844448E-01   0.3045097E-01   0.2010662E-01   0.1621916E+02
   0.2680000E+03   0.1867323E+03   0.5299391E+02   0.1327309E+05   0.9450236E+00   0.2780344E+02   0.1139808E+05   0.1957743E-01   0.2850508E-01   0.3045218E-01   0.2010689E-01   0.1622042E+02
   0.2690000E+03   0.1882331E+03   0.5345354E+02   0.1333463E+05   0.9549887E+00   0.2780803E+02   0.1173111E+05   0.1957648E-01   0.2856570E-01   0.3045338E-01   0.2010715E-01   0.1622171E+02
   0.2700000E+03   0.1897697E+03   0.5392524E+02   0.1339709E+05   0.9650423E+00   0.2781262E+02   0.1205920E+05   0.1957554E-01   0.2862633E-01   0.3045458E-01   0.2010741E-01   0.1623675E+02
   0.2710000E+03   0.1913414E+03   0.5440719E+02   0.1346028E+05   0.9751859E+00   0.2781721E+02   0.1236789E+05   0.1957460E-01   0.2868696E-01   0.3045578E-01   0.2010766E-01   0.1625332E+02
   0.2720000E+03   0.1929469E+03   0.5489766E+02   0.1352395E+05   0.9854214E+00   0.2782180E+02   0.1262884E+05   0.1957366E-01   0.2874762E-01   0.3045697E-01   0.2010792E-01   0.1625453E+02
   0.2730000E+03   0.1945832E+03   0.5539546E+02   0.1358691E+05   0.9957470E+00   0.2782639E+02   0.1283946E+05   0.1957273E-01   0.2880828E-01   0.3045816E-01   0.2010818E-01   0.1625574E+02
   0.2740000E+03   0.1962466E+03   0.5589949E+02   0.1364745E+05   0.1006156E+01   0.2783098E+02   0.1300899E+05   0.1957180E-01   0.2886896E-01   0.3045935E-01   0.2010844E-01   0.1625694E+02
   0.2750000E+03   0.1979335E+03   0.5640886E+02   0.1370519E+05   0.1016641E+01   0.2783557E+02   0.1314462E+05   0.1957088E-01   0.2892965E-01   0.3046054E-01   0.2010869E-01   0.1626659E+02
   0.2760000E+03   0.1996401E+03   0.5692262E+02   0.1376030E+05   0.1027196E+01   0.2784015E+02   0.1325292E+05   0.1956996E-01   0.2899036E-01   0.3046172E-01   0.2010895E-01   0.1627680E+02
   0.2770000E+03   0.2013631E+03   0.5743985E+02   0.1381334E+05   0.1037813E+01   0.2784474E+02   0.1334070E+05   0.1956904E-01   0.2905107E-01   0.3046290E-01   0.2010920E-01   0.1630177E+02
   0.2780000E+03   0.2031000E+03   0.5796018E+02   0.1386766E+05   0.1048499E+01   0.2784933E+02   0.1341205E+05   0.1956813E-01   0.2911181E-01   0.3046408E-01   0.2010945E-01   0.1630300E+02
   0.2790000E+03   0.2048488E+03   0.5848309E+02   0.1392368E+05   0.1059257E+01   0.2785391E+02   0.1346995E+05   0.1956723E-01   0.2917255E-01   0.3046525E-01   0.2010971E-01   0.1631535E+02
   0.2800000E+03   0.2066076E+03   0.5900801E+02   0.1398098E+05   0.1070092E+01   0.2785850E+02   0.1351688E+05   0.1956633E-01   0.2923330E-01   0.3046643E-01   0.2010996E-01   0.1631648E+02
   0.2810000E+03   0.2083749E+03   0.5953477E+02   0.1403850E+05   0.1081007E+01   0.2786308E+02   0.1355540E+05   0.1956543E-01   0.2929408E-01   0.3046759E-01   0.2011021E-01   0.1631761E+02
   0.2820000E+03   0.2101491E+03   0.6006314E+02   0.1409457E+05   0.1091999E+01   0.2786766E+02   0.1358664E+05   0.1956454E-01   0.2935487E-01   0.3046876E-01   0.2011047E-01   0.1631876E+02
   0.2830000E+03   0.2119289E+03   0.6059293E+02   0.1414838E+05   0.1103062E+01   0.2787225E+02   0.1361231E+05   0.1956366E-01   0.2941567E-01   0.3046992E-01   0.2011072E-01   0.1632487E+02
   0.2840000E+03   0.2137133E+03   0.6112386E+02   0.1419985E+05   0.1114192E+01   0.2787683E+02   0.1363314E+05   0.1956278E-01   0.2947648E-01   0.3047108E-01   0.2011096E-01   0.1633793E+02
   0.2850000E+03   0.2153389E+03   0.6159310E+02   0.1424944E+05   0.1125383E+01   0.2788141E+02   0.1365028E+05   0.1956190E-01   0.2953731E-01   0.3047224E-01   0.2011121E-01   0.1634580E+02
   0.2860000E+03   0.2167850E+03   0.6199294E+02   0.1429739E+05   0.1136631E+01   0.2788600E+02   0.1366439E+05   0.1956103E-01   0.2959815E-01   0.3047339E-01   0.2011146E-01   0.1634690E+02
   0.2870000E+03   0.2180706E+03   0.6233103E+02   0.1434397E+05   0.1147931E+01   0.2789058E+02   0.1367602E+05   0.1956016E-01   0.2965900E-01   0.3047454E-01   0.2011171E-01   0.1634798E+02
   0.2880000E+03   0.2192206E+03   0.6261734E+02   0.1438943E+05   0.1159282E+01   0.2789516E+02   0.1368562E+05   0.1955930E-01   0.2971987E-01   0.3047569E-01   0.2011195E-01   0.1634905E+02
   0.2890000E+03   0.2202580E+03   0.6286094E+02   0.1443395E+05   0.1170681E+01   0.2789974E+02   0.1369356E+05   0.1955844E-01   0.2978075E-01   0.3047683E-01   0.2011220E-01   0.1635012E+02
   0.2900000E+03   0.2212023E+03   0.6306953E+02   0.1447766E+05   0.1182124E+01   0.2790432E+02   0.1370014E+05   0.1955759E-01   0.2984164E-01   0.3047798E-01   0.2011244E-01   0.1635119E+02
   0.2910000E+03   0.2220696E+03   0.6324944E+02   0.1452072E+05   0.1193611E+01   0.2790890E+02   0.1370560E+05   0.1955674E-01   0.2990255E-01   0.3047912E-01   0.2011269E-01   0.1635224E+02
   0.2920000E+03   0.2228730E+03   0.6340596E+02   0.1456321E+05   0.1205139E+01   0.2791348E+02   0.1371009E+05   0.1955589E-01   0.2996347E-01   0.3048025E-01   0.2011293E-01   0.1635332E+02
   0.2930000E+03   0.2236233E+03   0.6354323E+02   0.1460520E+05   0.1216708E+01   0.2791806E+02   0.1371385E+05   0.1955505E-01   0.3002440E-01   0.3048138E-01   0.2011317E-01   0.1635437E+02
   0.2940000E+03   0.2243293E+03   0.6366479E+02   0.1464679E+05   0.1228317E+01   0.2792264E+02   0.1371700E+05   0.1955421E-01   0.3008534E-01   0.3048251E-01   0.2011341E-01   0.1635541E+02
   0.2950000E+03   0.2249984E+03   0.6377349E+02   0.1468804E+05   0.1239963E+01   0.2792721E+02   0.1371965E+05   0.1955339E-01   0.3014630E-01   0.3048364E-01   0.2011366E-01   0.1635645E+02
   0.2960000E+03   0.2258660E+03   0.6395969E+02   0.1472870E+05   0.1251647E+01   0.2793179E+02   0.1372190E+05   0.1955256E-01   0.3020728E-01   0.3048476E-01   0.2011390E-01   0.1635751E+02
   0.2970000E+03   0.2268963E+03   0.6420933E+02   0.1476884E+05   0.1263369E+01   0.2793637E+02   0.1372381E+05   0.1955174E-01   0.3026826E-01   0.3048588E-01   0.2011413E-01   0.1636980E+02
   0.2980000E+03   0.2280601E+03   0.6451078E+02   0.1480848E+05   0.1275126E+01   0.2794094E+02   0.1372546E+05   0.1955092E-01   0.3032926E-01   0.3048700E-01   0.2011437E-01   0.1637083E+02
   0.2990000E+03   0.2293331E+03   0.6485479E+02   0.1484765E+05   0.1286919E+01   0.2794552E+02   0.1372688E+05   0.1955011E-01   0.3039026E-01   0.3048811E-01   0.2011461E-01   0.1637185E+02
   0.3000000E+03   0.2306958E+03   0.6523369E+02   0.1488639E+05   0.1298747E+01   0.2795009E+02   0.1372812E+05   0.1954930E-01   0.3045129E-01   0.3048923E-01   0.2011485E-01   0.1637286E+02
   0.3010000E+03   0.2320642E+03   0.6561533E+02   0.1492472E+05   0.1310610E+01   0.2795467E+02   0.1372921E+05   0.1954850E-01   0.3051232E-01   0.3049034E-01   0.2011508E-01   0.1637388E+02
   0.3020000E+03   0.2333191E+03   0.6595418E+02   0.1496265E+05   0.1322507E+01   0.2795924E+02   0.1373017E+05   0.1954770E-01   0.3057337E-01   0.3049145E-01   0.2011532E-01   0.1637489E+02
   0.3030000E+03   0.2344475E+03   0.6624549E+02   0.1500020E+05   0.1334437E+01   0.2796382E+02   0.1373104E+05   0.1954691E-01   0.3063443E-01   0.3049255E-01   0.2011555E-01   0.1637590E+02
   0.3040000E+03   0.2354632E+03   0.6649462E+02   0.1503738E+05   0.1346402E+01   0.2796839E+02   0.1373182E+05   0.1954613E-01   0.3069550E-01   0.3049366E-01   0.2011579E-01   0.1637690E+02
   0.3050000E+03   0.2363835E+03   0.6670842E+02   0.1507421E+05   0.1358399E+01   0.2797296E+02   0.1373254E+05   0.1954534E-01   0.3075659E-01   0.3049476E-01   0.2011602E-01   0.1637790E+02
   0.3060000E+03   0.2372246E+03   0.6689312E+02   0.1511069E+05   0.1370429E+01   0.2797754E+02   0.1373319E+05   0.1954456E-01   0.3081768E-01   0.3049585E-01   0.2011625E-01   0.1637891E+02
   0.3070000E+03   0.2379998E+03   0.6705396E+02   0.1514683E+05   0.1382492E+01   0.2798211E+02   0.1373381E+05   0.1954379E-01   0.3087879E-01   0.3049695E-01   0.2011648E-01   0.1637991E+02
   0.3080000E+03   0.2387204E+03   0.6719523E+02   0.1518263E+05   0.1394587E+01   0.2798668E+02   0.1373439E+05   0.1954302E-01   0.3093991E-01   0.3049804E-01   0.2011671E-01   0.1638090E+02
   0.3090000E+03   0.2393956E+03   0.6732051E+02   0.1521812E+05   0.1406714E+01   0.2799124E+02   0.1373493E+05   0.1954226E-01   0.3100105E-01   0.3049912E-01   0.2011694E-01   0.1638189E+02
   0.3100000E+03   0.2400328E+03   0.6743270E+02   0.1525330E+05   0.1418872E+01   0.2799581E+02   0.1373545E+05   0.1954150E-01   0.3106220E-01   0.3050021E-01   0.2011717E-01   0.1638288E+02
   0.3110000E+03   0.2406381E+03   0.6753419E+02   0.1528816E+05   0.1431062E+01   0.2800038E+02   0.1373595E+05   0.1954074E-01   0.3112336E-01   0.3050129E-01   0.2011740E-01   0.1638387E+02
   0.3120000E+03   0.2412167E+03   0.6762691E+02   0.1532272E+05   0.1443284E+01   0.2800495E+02   0.1373644E+05   0.1953999E-01   0.3118454E-01   0.3050237E-01   0.2011763E-01   0.1638485E+02
   0.3130000E+03   0.2417726E+03   0.6771246E+02   0.1535698E+05   0.1455537E+01   0.2800952E+02   0.1373691E+05   0.1953925E-01   0.3124574E-01   0.3050345E-01   0.2011785E-01   0.1638583E+02
   0.3140000E+03   0.2423092E+03   0.6779214E+02   0.1539095E+05   0.1467820E+01   0.2801409E+02   0.1373737E+05   0.1953851E-01   0.3130694E-01   0.3050452E-01   0.2011808E-01   0.1638681E+02
   0.3150000E+03   0.2428294E+03   0.6786702E+02   0.1542462E+05   0.1480133E+01   0.2801866E+02   0.1373783E+05   0.1953777E-01   0.3136816E-01   0.3050559E-01   0.2011831E-01   0.1638779E+02
   0.3160000E+03   0.2433353E+03   0.6793799E+02   0.1545801E+05   0.1492477E+01   0.2802322E+02   0.1373828E+05   0.1953704E-01   0.3142939E-01   0.3050665E-01   0.2011853E-01   0.1638877E+02
   0.3170000E+03   0.2438290E+03   0.6800572E+02   0.1549112E+05   0.1504851E+01   0.2802779E+02   0.1373872E+05   0.1953631E-01   0.3149063E-01   0.3050772E-01   0.2011876E-01   0.1638974E+02
   0.3180000E+03   0.2443118E+03   0.6807083E+02   0.1552395E+05   0.1517255E+01   0.2803235E+02   0.1373916E+05   0.1953558E-01   0.3155188E-01   0.3050878E-01   0.2011898E-01   0.1639071E+02
   0.3190000E+03   0.2447851E+03   0.6813378E+02   0.1555650E+05   0.1529688E+01   0.2803691E+02   0.1373959E+05   0.1953487E-01   0.3161315E-01   0.3050984E-01   0.2011920E-01   0.1639168E+02
   0.3200000E+03   0.2452499E+03   0.6819497E+02   0.1558878E+05   0.1542151E+01   0.2804148E+02   0.1374002E+05   0.1953415E-01   0.3167443E-01   0.3051090E-01   0.2011942E-01   0.1639264E+02
   0.3210000E+03   0.2457070E+03   0.6825471E+02   0.1562079E+05   0.1554643E+01   0.2804605E+02   0.1374045E+05   0.1953344E-01   0.3173572E-01   0.3051195E-01   0.2011965E-01   0.1639360E+02
   0.3220000E+03   0.2461572E+03   0.6831327E+02   0.1565254E+05   0.1567164E+01   0.2805061E+02   0.1374087E+05   0.1953274E-01   0.3179703E-01   0.3051300E-01   0.2011987E-01   0.1639457E+02
   0.3230000E+03   0.2466011E+03   0.6837085E+02   0.1568401E+05   0.1579713E+01   0.2805518E+02   0.1374129E+05   0.1953204E-01   0.3185834E-01   0.3051405E-01   0.2012009E-01   0.1639552E+02
   0.3240000E+03   0.2470390E+03   0.6842766E+02   0.1571523E+05   0.1592291E+01   0.2805974E+02   0.1374171E+05   0.1953134E-01   0.3191967E-01   0.3051510E-01   0.2012031E-01   0.1639648E+02
   0.3250000E+03   0.2474716E+03   0.6848380E+02   0.1574619E+05   0.1604897E+01   0.2806431E+02   0.1374212E+05   0.1953065E-01   0.3198101E-01   0.3051614E-01   0.2012053E-01   0.1639743E+02
   0.3260000E+03   0.2478990E+03   0.6853942E+02   0.1577690E+05   0.1617531E+01   0.2806887E+02   0.1374254E+05   0.1952997E-01   0.3204236E-01   0.3051718E-01   0.2012075E-01   0.1639837E+02
   0.3270000E+03   0.2483214E+03   0.6859460E+02   0.1580735E+05   0.1630194E+01   0.2807343E+02   0.1374295E+05   0.1952929E-01   0.3210372E-01   0.3051822E-01   0.2012097E-01   0.1639932E+02
   0.3280000E+03   0.2487393E+03   0.6864943E+02   0.1583756E+05   0.1642884E+01   0.2807799E+02   0.1374336E+05   0.1952862E-01   0.3216510E-01   0.3051925E-01   0.2012119E-01   0.1640026E+02
   0.3290000E+03   0.2491526E+03   0.6870397E+02   0.1586752E+05   0.1655601E+01   0.2808255E+02   0.1374377E+05   0.1952795E-01   0.3222650E-01   0.3052028E-01   0.2012141E-01   0.1640120E+02
   0.3300000E+03   0.2495617E+03   0.6875827E+02   0.1589723E+05   0.1668345E+01   0.2808711E+02   0.1374418E+05   0.1952728E-01   0.3228790E-01   0.3052131E-01   0.2012162E-01   0.1640214E+02
   0.3310000E+03   0.2499665E+03   0.6881235E+02   0.1592671E+05   0.1681116E+01   0.2809167E+02   0.1374459E+05   0.1952662E-01   0.3234931E-01   0.3052234E-01   0.2012184E-01   0.1640307E+02
   0.3320000E+03   0.2503674E+03   0.6886628E+02   0.1595594E+05   0.1693914E+01   0.2809623E+02   0.1374500E+05   0.1952596E-01   0.3241074E-01   0.3052337E-01   0.2012205E-01   0.1640401E+02
   0.3330000E+03   0.2507643E+03   0.6892007E+02   0.1598493E+05   0.1706739E+01   0.2810079E+02   0.1374541E+05   0.1952531E-01   0.3247219E-01   0.3052439E-01   0.2012226E-01   0.1640494E+02
   0.3340000E+03   0.2511573E+03   0.6897375E+02   0.1601370E+05   0.1719590E+01   0.2810535E+02   0.1374581E+05   0.1952466E-01   0.3253364E-01   0.3052540E-01   0.2012248E-01   0.1640586E+02
   0.3350000E+03   0.2515465E+03   0.6902734E+02   0.1604222E+05   0.1732467E+01   0.2810991E+02   0.1374622E+05   0.1952402E-01   0.3259511E-01   0.3052642E-01   0.2012269E-01   0.1640679E+02
   0.3360000E+03   0.2519321E+03   0.6908083E+02   0.1607053E+05   0.1745370E+01   0.2811447E+02   0.1374663E+05   0.1952338E-01   0.3265659E-01   0.3052743E-01   0.2012291E-01   0.1640771E+02
   0.3370000E+03   0.2523139E+03   0.6913427E+02   0.1609860E+05   0.1758299E+01   0.2811902E+02   0.1374703E+05   0.1952274E-01   0.3271808E-01   0.3052844E-01   0.2012312E-01   0.1640863E+02
   0.3380000E+03   0.2526921E+03   0.6918764E+02   0.1612645E+05   0.1771254E+01   0.2812358E+02   0.1374743E+05   0.1952211E-01   0.3277958E-01   0.3052945E-01   0.2012333E-01   0.1640954E+02
   0.3390000E+03   0.2530667E+03   0.6924098E+02   0.1615408E+05   0.1784234E+01   0.2812814E+02   0.1374783E+05   0.1952149E-01   0.3284109E-01   0.3053046E-01   0.2012354E-01   0.1641045E+02
   0.3400000E+03   0.2534378E+03   0.6929427E+02   0.1618148E+05   0.1797239E+01   0.2813269E+02   0.1374823E+05   0.1952087E-01   0.3290262E-01   0.3053147E-01   0.2012375E-01   0.1641136E+02
   0.3410000E+03   0.2538053E+03   0.6934753E+02   0.1620867E+05   0.1810269E+01   0.2813725E+02   0.1374863E+05   0.1952025E-01   0.3296416E-01   0.3053246E-01   0.2012396E-01   0.1641227E+02
   0.3420000E+03   0.2541693E+03   0.6940076E+02   0.1623564E+05   0.1823324E+01   0.2814180E+02   0.1374904E+05   0.1951964E-01   0.3302572E-01   0.3053346E-01   0.2012417E-01   0.1641318E+02
   0.3430000E+03   0.2545300E+03   0.6945395E+02   0.1626240E+05   0.1836404E+01   0.2814635E+02   0.1374944E+05   0.1951903E-01   0.3308729E-01   0.3053446E-01   0.2012437E-01   0.1641408E+02
   0.3440000E+03   0.2548872E+03   0.6950713E+02   0.1628895E+05   0.1849508E+01   0.2815091E+02   0.1374983E+05   0.1951843E-01   0.3314888E-01   0.3053545E-01   0.2012458E-01   0.1641498E+02
   0.3450000E+03   0.2552410E+03   0.6956030E+02   0.1631528E+05   0.1862636E+01   0.2815546E+02   0.1375023E+05   0.1951783E-01   0.3321047E-01   0.3053644E-01   0.2012478E-01   0.1641588E+02
   0.3460000E+03   0.2555914E+03   0.6961345E+02   0.1634141E+05   0.1875788E+01   0.2816001E+02   0.1375063E+05   0.1951724E-01   0.3327208E-01   0.3053743E-01   0.2012499E-01   0.1641678E+02
   0.3470000E+03   0.2559386E+03   0.6966659E+02   0.1636733E+05   0.1888964E+01   0.2816456E+02   0.1375102E+05   0.1951665E-01   0.3333370E-01   0.3053842E-01   0.2012519E-01   0.1641767E+02
   0.3480000E+03   0.2562824E+03   0.6971971E+02   0.1639304E+05   0.1902164E+01   0.2816911E+02   0.1375142E+05   0.1951607E-01   0.3339534E-01   0.3053940E-01   0.2012540E-01   0.1641856E+02
   0.3490000E+03   0.2566229E+03   0.6977281E+02   0.1641856E+05   0.1915387E+01   0.2817367E+02   0.1375181E+05   0.1951549E-01   0.3345698E-01   0.3054038E-01   0.2012560E-01   0.1641945E+02
   0.3500000E+03   0.2569602E+03   0.6982591E+02   0.1644388E+05   0.1928633E+01   0.2817822E+02   0.1375220E+05   0.1951491E-01   0.3351864E-01   0.3054135E-01   0.2012580E-01   0.1642034E+02
   0.3510000E+03   0.2572942E+03   0.6987899E+02   0.1646899E+05   0.1941903E+01   0.2818277E+02   0.1375259E+05   0.1951434E-01   0.3358031E-01   0.3054233E-01   0.2012600E-01   0.1642122E+02
   0.3520000E+03   0.2576249E+03   0.6993206E+02   0.1649391E+05   0.1955195E+01   0.2818732E+02   0.1375299E+05   0.1951378E-01   0.3364199E-01   0.3054330E-01   0.2012620E-01   0.1642211E+02
   0.3530000E+03   0.2579525E+03   0.6998511E+02   0.1651864E+05   0.1968511E+01   0.2819187E+02   0.1375338E+05   0.1951322E-01   0.3370368E-01   0.3054427E-01   0.2012640E-01   0.1642299E+02
   0.3540000E+03   0.2582768E+03   0.7003815E+02   0.1654316E+05   0.1981848E+01   0.2819642E+02   0.1375377E+05   0.1951266E-01   0.3376539E-01   0.3054523E-01   0.2012661E-01   0.1642386E+02
   0.3550000E+03   0.2585980E+03   0.7009117E+02   0.1656750E+05   0.1995208E+01   0.2820096E+02   0.1375416E+05   0.1951211E-01   0.3382711E-01   0.3054620E-01   0.2012680E-01   0.1642474E+02
   0.3560000E+03   0.2589160E+03   0.7014418E+02   0.1659164E+05   0.2008590E+01   0.2820551E+02   0.1375455E+05   0.1951156E-01   0.3388885E-01   0.3054716E-01   0.2012700E-01   0.1642561E+02
   0.3570000E+03   0.2592310E+03   0.7019718E+02   0.1661560E+05   0.2021994E+01   0.2821006E+02   0.1375494E+05   0.1951102E-01   0.3395059E-01   0.3054811E-01   0.2012720E-01   0.1642648E+02
   0.3580000E+03   0.2595428E+03   0.7025017E+02   0.1663936E+05   0.2035420E+01   0.2821460E+02   0.1375533E+05   0.1951048E-01   0.3401235E-01   0.3054907E-01   0.2012740E-01   0.1642735E+02
   0.3590000E+03   0.2598515E+03   0.7030313E+02   0.1666295E+05   0.2048868E+01   0.2821915E+02   0.1375571E+05   0.1950995E-01   0.3407412E-01   0.3055002E-01   0.2012759E-01   0.1642822E+02
   0.3600000E+03   0.2601572E+03   0.7035609E+02   0.1668635E+05   0.2062337E+01   0.2822370E+02   0.1375610E+05   0.1950942E-01   0.3413590E-01   0.3055097E-01   0.2012779E-01   0.1642908E+02
   0.3610000E+03   0.2604597E+03   0.7040903E+02   0.1670957E+05   0.2075827E+01   0.2822824E+02   0.1375649E+05   0.1950889E-01   0.3419770E-01   0.3055192E-01   0.2012798E-01   0.1642994E+02
   0.3620000E+03   0.2607593E+03   0.7046196E+02   0.1673261E+05   0.2089338E+01   0.2823279E+02   0.1375687E+05   0.1950837E-01   0.3425951E-01   0.3055287E-01   0.2012817E-01   0.1643080E+02
   0.3630000E+03   0.2610558E+03   0.7051487E+02   0.1675547E+05   0.2102871E+01   0.2823733E+02   0.1375726E+05   0.1950786E-01   0.3432133E-01   0.3055381E-01   0.2012837E-01   0.1643166E+02
   0.3640000E+03   0.2613494E+03   0.7056776E+02   0.1677815E+05   0.2116424E+01   0.2824187E+02   0.1375764E+05   0.1950735E-01   0.3438317E-01   0.3055475E-01   0.2012856E-01   0.1643251E+02
   0.3650000E+03   0.2616400E+03   0.7062064E+02   0.1680067E+05   0.2129997E+01   0.2824642E+02   0.1375803E+05   0.1950684E-01   0.3444501E-01   0.3055569E-01   0.2012875E-01   0.1643336E+02
   0.3660000E+03   0.2619276E+03   0.7067352E+02   0.1682301E+05   0.2143591E+01   0.2825096E+02   0.1375841E+05   0.1950634E-01   0.3450686E-01   0.3055662E-01   0.2012894E-01   0.1643422E+02
   0.3670000E+03   0.2622123E+03   0.7072637E+02   0.1684518E+05   0.2157205E+01   0.2825550E+02   0.1375879E+05   0.1950584E-01   0.3456874E-01   0.3055755E-01   0.2012913E-01   0.1643507E+02
   0.3680000E+03   0.2624941E+03   0.7077923E+02   0.1686718E+05   0.2170839E+01   0.2826005E+02   0.1375918E+05   0.1950535E-01   0.3463062E-01   0.3055849E-01   0.2012932E-01   0.1643591E+02
   0.3690000E+03   0.2627730E+03   0.7083205E+02   0.1688901E+05   0.2184493E+01   0.2826459E+02   0.1375956E+05   0.1950486E-01   0.3469252E-01   0.3055941E-01   0.2012951E-01   0.1643676E+02
   0.3700000E+03   0.2630490E+03   0.7088487E+02   0.1691068E+05   0.2198166E+01   0.2826914E+02   0.1375994E+05   0.1950438E-01   0.3475443E-01   0.3056034E-01   0.2012970E-01   0.1643760E+02
   0.3710000E+03   0.2633221E+03   0.7093768E+02   0.1693217E+05   0.2211859E+01   0.2827368E+02   0.1376032E+05   0.1950390E-01   0.3481635E-01   0.3056126E-01   0.2012989E-01   0.1643844E+02
   0.3720000E+03   0.2635924E+03   0.7099045E+02   0.1695350E+05   0.2225571E+01   0.2827822E+02   0.1376072E+05   0.1950343E-01   0.3487828E-01   0.3056218E-01   0.2013007E-01   0.1643927E+02
   0.3730000E+03   0.2638598E+03   0.7104321E+02   0.1697467E+05   0.2239303E+01   0.2828275E+02   0.1376113E+05   0.1950296E-01   0.3494023E-01   0.3056310E-01   0.2013026E-01   0.1644011E+02
   0.3740000E+03   0.2641244E+03   0.7109595E+02   0.1699567E+05   0.2253054E+01   0.2828729E+02   0.1376153E+05   0.1950249E-01   0.3500218E-01   0.3056401E-01   0.2013045E-01   0.1644094E+02
   0.3750000E+03   0.2643863E+03   0.7114869E+02   0.1701651E+05   0.2266823E+01   0.2829183E+02   0.1376194E+05   0.1950203E-01   0.3506415E-01   0.3056492E-01   0.2013063E-01   0.1644178E+02
   0.3760000E+03   0.2646453E+03   0.7120140E+02   0.1703720E+05   0.2280612E+01   0.2829637E+02   0.1376235E+05   0.1950158E-01   0.3512614E-01   0.3056584E-01   0.2013082E-01   0.1644261E+02
   0.3770000E+03   0.2649016E+03   0.7125409E+02   0.1705773E+05   0.2294419E+01   0.2830091E+02   0.1376276E+05   0.1950113E-01   0.3518814E-01   0.3056674E-01   0.2013100E-01   0.1644344E+02
   0.3780000E+03   0.2651551E+03   0.7130676E+02   0.1707811E+05   0.2308244E+01   0.2830545E+02   0.1376316E+05   0.1950068E-01   0.3525015E-01   0.3056765E-01   0.2013118E-01   0.1644426E+02
   0.3790000E+03   0.2654059E+03   0.7135943E+02   0.1709832E+05   0.2322088E+01   0.2830999E+02   0.1376356E+05   0.1950024E-01   0.3531217E-01   0.3056855E-01   0.2013137E-01   0.1644509E+02
   0.3800000E+03   0.2656540E+03   0.7141208E+02   0.1711838E+05   0.2335949E+01   0.2831453E+02   0.1376395E+05   0.1949980E-01   0.3537421E-01   0.3056946E-01   0.2013155E-01   0.1644591E+02
   0.3810000E+03   0.2658993E+03   0.7146471E+02   0.1713829E+05   0.2349828E+01   0.2831906E+02   0.1376434E+05   0.1949937E-01   0.3543625E-01   0.3057035E-01   0.2013174E-01   0.1644673E+02
   0.3820000E+03   0.2661419E+03   0.7155116E+02   0.1715805E+05   0.2363725E+01   0.2832360E+02   0.1376473E+05   0.1949894E-01   0.3549831E-01   0.3057125E-01   0.2013192E-01   0.1644755E+02
   0.3830000E+03   0.2663819E+03   0.7166519E+02   0.1717766E+05   0.2377639E+01   0.2832813E+02   0.1376511E+05   0.1949851E-01   0.3556038E-01   0.3057214E-01   0.2013210E-01   0.1644836E+02
   0.3840000E+03   0.2666192E+03   0.7176804E+02   0.1719712E+05   0.2391571E+01   0.2833267E+02   0.1376549E+05   0.1949809E-01   0.3562247E-01   0.3057303E-01   0.2013227E-01   0.1644917E+02
   0.3850000E+03   0.2668539E+03   0.7186170E+02   0.1721643E+05   0.2405520E+01   0.2833721E+02   0.1376587E+05   0.1949768E-01   0.3568457E-01   0.3057392E-01   0.2013245E-01   0.1644999E+02
   0.3860000E+03   0.2670859E+03   0.7194786E+02   0.1723560E+05   0.2419486E+01   0.2834175E+02   0.1376624E+05   0.1949726E-01   0.3574667E-01   0.3057480E-01   0.2013263E-01   0.1645080E+02
   0.3870000E+03   0.2673154E+03   0.7202788E+02   0.1725462E+05   0.2433468E+01   0.2834628E+02   0.1376662E+05   0.1949686E-01   0.3580880E-01   0.3057569E-01   0.2013280E-01   0.1645160E+02
   0.3880000E+03   0.2675422E+03   0.7210287E+02   0.1727349E+05   0.2447468E+01   0.2835082E+02   0.1376699E+05   0.1949645E-01   0.3587093E-01   0.3057657E-01   0.2013298E-01   0.1645241E+02
   0.3890000E+03   0.2677666E+03   0.7217371E+02   0.1729223E+05   0.2461485E+01   0.2835535E+02   0.1376736E+05   0.1949605E-01   0.3593307E-01   0.3057744E-01   0.2013316E-01   0.1645321E+02
   0.3900000E+03   0.2679884E+03   0.7224119E+02   0.1731082E+05   0.2475518E+01   0.2835989E+02   0.1376775E+05   0.1949566E-01   0.3599523E-01   0.3057832E-01   0.2013333E-01   0.1645401E+02
   0.3910000E+03   0.2682076E+03   0.7233954E+02   0.1732927E+05   0.2489567E+01   0.2836442E+02   0.1376813E+05   0.1949527E-01   0.3605740E-01   0.3057919E-01   0.2013351E-01   0.1645481E+02
   0.3920000E+03   0.2684243E+03   0.7244685E+02   0.1734758E+05   0.2503632E+01   0.2836895E+02   0.1376851E+05   0.1949489E-01   0.3611958E-01   0.3058006E-01   0.2013368E-01   0.1645561E+02
   0.3930000E+03   0.2686386E+03   0.7254746E+02   0.1736576E+05   0.2517713E+01   0.2837348E+02   0.1376889E+05   0.1949451E-01   0.3618179E-01   0.3058093E-01   0.2013385E-01   0.1645641E+02
   0.3940000E+03   0.2688503E+03   0.7263990E+02   0.1738379E+05   0.2531811E+01   0.2837802E+02   0.1376927E+05   0.1949413E-01   0.3624400E-01   0.3058180E-01   0.2013403E-01   0.1645720E+02
   0.3950000E+03   0.2690596E+03   0.7272512E+02   0.1740170E+05   0.2545923E+01   0.2838255E+02   0.1376967E+05   0.1949376E-01   0.3630622E-01   0.3058266E-01   0.2013420E-01   0.1645799E+02
   0.3960000E+03   0.2692664E+03   0.7280434E+02   0.1741946E+05   0.2560052E+01   0.2838708E+02   0.1377007E+05   0.1949340E-01   0.3636845E-01   0.3058352E-01   0.2013437E-01   0.1645878E+02
   0.3970000E+03   0.2694707E+03   0.7287862E+02   0.1743709E+05   0.2574196E+01   0.2839161E+02   0.1377047E+05   0.1949304E-01   0.3643070E-01   0.3058438E-01   0.2013454E-01   0.1645957E+02
   0.3980000E+03   0.2696726E+03   0.7294883E+02   0.1745458E+05   0.2588356E+01   0.2839614E+02   0.1377086E+05   0.1949268E-01   0.3649296E-01   0.3058524E-01   0.2013471E-01   0.1646036E+02
   0.3990000E+03   0.2698720E+03   0.7301573E+02   0.1747195E+05   0.2602531E+01   0.2840067E+02   0.1377124E+05   0.1949233E-01   0.3655523E-01   0.3058610E-01   0.2013488E-01   0.1646114E+02
   0.4000000E+03   0.2700691E+03   0.7307992E+02   0.1748919E+05   0.2616720E+01   0.2840520E+02   0.1377163E+05   0.1949198E-01   0.3661751E-01   0.3058695E-01   0.2013506E-01   0.1646193E+02
   0.4010000E+03   0.2702638E+03   0.7314188E+02   0.1750629E+05   0.2630925E+01   0.2840973E+02   0.1377203E+05   0.1949164E-01   0.3667981E-01   0.3058780E-01   0.2013523E-01   0.1646271E+02
   0.4020000E+03   0.2704561E+03   0.7320199E+02   0.1752327E+05   0.2645144E+01   0.2841426E+02   0.1377243E+05   0.1949130E-01   0.3674212E-01   0.3058865E-01   0.2013540E-01   0.1646349E+02
   0.4030000E+03   0.2706461E+03   0.7326060E+02   0.1754012E+05   0.2659378E+01   0.2841879E+02   0.1377282E+05   0.1949097E-01   0.3680444E-01   0.3058949E-01   0.2013557E-01   0.1646427E+02
   0.4040000E+03   0.2708337E+03   0.7331798E+02   0.1755685E+05   0.2673626E+01   0.2842332E+02   0.1377321E+05   0.1949064E-01   0.3686677E-01   0.3059033E-01   0.2013574E-01   0.1646504E+02
   0.4050000E+03   0.2710190E+03   0.7337434E+02   0.1757344E+05   0.2687889E+01   0.2842784E+02   0.1377359E+05   0.1949031E-01   0.3692911E-01   0.3059117E-01   0.2013591E-01   0.1646581E+02
   0.4060000E+03   0.2712019E+03   0.7342987E+02   0.1758992E+05   0.2702165E+01   0.2843237E+02   0.1377398E+05   0.1948999E-01   0.3699147E-01   0.3059201E-01   0.2013608E-01   0.1646659E+02
   0.4070000E+03   0.2713825E+03   0.7348471E+02   0.1760626E+05   0.2716456E+01   0.2843689E+02   0.1377435E+05   0.1948967E-01   0.3705383E-01   0.3059285E-01   0.2013624E-01   0.1646735E+02
   0.4080000E+03   0.2715609E+03   0.7353899E+02   0.1762249E+05   0.2730761E+01   0.2844142E+02   0.1377472E+05   0.1948936E-01   0.3711621E-01   0.3059368E-01   0.2013641E-01   0.1646812E+02
   0.4090000E+03   0.2717371E+03   0.7359278E+02   0.1763859E+05   0.2745079E+01   0.2844595E+02   0.1377509E+05   0.1948905E-01   0.3717860E-01   0.3059451E-01   0.2013658E-01   0.1646889E+02
   0.4100000E+03   0.2719109E+03   0.7364620E+02   0.1765458E+05   0.2759410E+01   0.2845047E+02   0.1377546E+05   0.1948875E-01   0.3724100E-01   0.3059534E-01   0.2013674E-01   0.1646965E+02
   0.4110000E+03   0.2720825E+03   0.7369930E+02   0.1767044E+05   0.2773756E+01   0.2845500E+02   0.1377583E+05   0.1948845E-01   0.3730343E-01   0.3059617E-01   0.2013691E-01   0.1647041E+02
   0.4120000E+03   0.2722519E+03   0.7375211E+02   0.1768618E+05   0.2788116E+01   0.2845952E+02   0.1377619E+05   0.1948816E-01   0.3736585E-01   0.3059699E-01   0.2013707E-01   0.1647117E+02
   0.4130000E+03   0.2724190E+03   0.7380471E+02   0.1770181E+05   0.2802488E+01   0.2846404E+02   0.1377656E+05   0.1948787E-01   0.3742829E-01   0.3059782E-01   0.2013723E-01   0.1647193E+02
   0.4140000E+03   0.2725839E+03   0.7385713E+02   0.1771732E+05   0.2816873E+01   0.2846857E+02   0.1377692E+05   0.1948758E-01   0.3749074E-01   0.3059863E-01   0.2013739E-01   0.1647269E+02
   0.4150000E+03   0.2727467E+03   0.7390938E+02   0.1773271E+05   0.2831271E+01   0.2847309E+02   0.1377729E+05   0.1948730E-01   0.3755321E-01   0.3059945E-01   0.2013755E-01   0.1647345E+02
   0.4160000E+03   0.2729073E+03   0.7396149E+02   0.1774799E+05   0.2845682E+01   0.2847762E+02   0.1377765E+05   0.1948702E-01   0.3761568E-01   0.3060027E-01   0.2013772E-01   0.1647420E+02
   0.4170000E+03   0.2731227E+03   0.7403342E+02   0.1776315E+05   0.2860106E+01   0.2848214E+02   0.1377801E+05   0.1948675E-01   0.3767817E-01   0.3060108E-01   0.2013788E-01   0.1647495E+02
   0.4180000E+03   0.2734619E+03   0.7414907E+02   0.1777819E+05   0.2874542E+01   0.2848666E+02   0.1377837E+05   0.1948649E-01   0.3774066E-01   0.3060189E-01   0.2013804E-01   0.1647570E+02
   0.4190000E+03   0.2739190E+03   0.7430629E+02   0.1779312E+05   0.2888991E+01   0.2849118E+02   0.1377873E+05   0.1948623E-01   0.3780317E-01   0.3060270E-01   0.2013820E-01   0.1647644E+02
   0.4200000E+03   0.2745612E+03   0.7452823E+02   0.1780795E+05   0.2903452E+01   0.2849570E+02   0.1377908E+05   0.1948597E-01   0.3786569E-01   0.3060350E-01   0.2013836E-01   0.1647719E+02
   0.4210000E+03   0.2753551E+03   0.7480313E+02   0.1782265E+05   0.2917925E+01   0.2850023E+02   0.1377945E+05   0.1948572E-01   0.3792823E-01   0.3060430E-01   0.2013852E-01   0.1647793E+02
   0.4220000E+03   0.2762741E+03   0.7512141E+02   0.1783725E+05   0.2932410E+01   0.2850474E+02   0.1377981E+05   0.1948547E-01   0.3799078E-01   0.3060511E-01   0.2013868E-01   0.1647868E+02
   0.4230000E+03   0.2772959E+03   0.7547523E+02   0.1785174E+05   0.2946907E+01   0.2850926E+02   0.1378017E+05   0.1948522E-01   0.3805334E-01   0.3060591E-01   0.2013883E-01   0.1647941E+02
   0.4240000E+03   0.2784023E+03   0.7585819E+02   0.1786612E+05   0.2961416E+01   0.2851378E+02   0.1378053E+05   0.1948498E-01   0.3811592E-01   0.3060671E-01   0.2013899E-01   0.1648015E+02
   0.4250000E+03   0.2795051E+03   0.7623957E+02   0.1788039E+05   0.2975937E+01   0.2851830E+02   0.1378089E+05   0.1948475E-01   0.3817852E-01   0.3060750E-01   0.2013915E-01   0.1648089E+02
   0.4260000E+03   0.2805120E+03   0.7658743E+02   0.1789455E+05   0.2990468E+01   0.2852282E+02   0.1378125E+05   0.1948452E-01   0.3824111E-01   0.3060829E-01   0.2013930E-01   0.1648162E+02
   0.4270000E+03   0.2813951E+03   0.7689226E+02   0.1790861E+05   0.3005011E+01   0.2852734E+02   0.1378160E+05   0.1948429E-01   0.3830373E-01   0.3060908E-01   0.2013946E-01   0.1648236E+02
   0.4280000E+03   0.2821575E+03   0.7715530E+02   0.1792256E+05   0.3019565E+01   0.2853186E+02   0.1378195E+05   0.1948407E-01   0.3836635E-01   0.3060987E-01   0.2013961E-01   0.1648309E+02
   0.4290000E+03   0.2828134E+03   0.7738164E+02   0.1793641E+05   0.3034131E+01   0.2853638E+02   0.1378230E+05   0.1948385E-01   0.3842898E-01   0.3061065E-01   0.2013977E-01   0.1648382E+02
   0.4300000E+03   0.2833792E+03   0.7757710E+02   0.1795015E+05   0.3048708E+01   0.2854089E+02   0.1378265E+05   0.1948364E-01   0.3849163E-01   0.3061144E-01   0.2013992E-01   0.1648454E+02
   0.4310000E+03   0.2838701E+03   0.7774696E+02   0.1796379E+05   0.3063296E+01   0.2854541E+02   0.1378300E+05   0.1948343E-01   0.3855429E-01   0.3061223E-01   0.2014007E-01   0.1648527E+02
   0.4320000E+03   0.2842989E+03   0.7789582E+02   0.1797732E+05   0.3077895E+01   0.2854992E+02   0.1378335E+05   0.1948323E-01   0.3861696E-01   0.3061301E-01   0.2014022E-01   0.1648600E+02
   0.4330000E+03   0.2846764E+03   0.7802743E+02   0.1799075E+05   0.3092504E+01   0.2855444E+02   0.1378369E+05   0.1948303E-01   0.3867964E-01   0.3061378E-01   0.2014037E-01   0.1648672E+02
   0.4340000E+03   0.2850114E+03   0.7814492E+02   0.1800409E+05   0.3107123E+01   0.2855895E+02   0.1378403E+05   0.1948284E-01   0.3874233E-01   0.3061456E-01   0.2014052E-01   0.1648744E+02
   0.4350000E+03   0.2853114E+03   0.7825085E+02   0.1801732E+05   0.3121754E+01   0.2856347E+02   0.1378438E+05   0.1948264E-01   0.3880504E-01   0.3061534E-01   0.2014068E-01   0.1648816E+02
   0.4360000E+03   0.2855822E+03   0.7834731E+02   0.1803045E+05   0.3136395E+01   0.2856799E+02   0.1378472E+05   0.1948246E-01   0.3886776E-01   0.3061611E-01   0.2014082E-01   0.1648888E+02
   0.4370000E+03   0.2858288E+03   0.7843603E+02   0.1804347E+05   0.3151045E+01   0.2857250E+02   0.1378506E+05   0.1948228E-01   0.3893048E-01   0.3061688E-01   0.2014097E-01   0.1648959E+02
   0.4380000E+03   0.2860551E+03   0.7851839E+02   0.1805641E+05   0.3165705E+01   0.2857702E+02   0.1378540E+05   0.1948210E-01   0.3899322E-01   0.3061765E-01   0.2014112E-01   0.1649031E+02
   0.4390000E+03   0.2862643E+03   0.7859557E+02   0.1806924E+05   0.3180375E+01   0.2858153E+02   0.1378575E+05   0.1948193E-01   0.3905597E-01   0.3061841E-01   0.2014127E-01   0.1649102E+02
   0.4400000E+03   0.2864594E+03   0.7866845E+02   0.1808197E+05   0.3195056E+01   0.2858604E+02   0.1378608E+05   0.1948176E-01   0.3911874E-01   0.3061918E-01   0.2014142E-01   0.1649173E+02
   0.4410000E+03   0.2866424E+03   0.7873785E+02   0.1809461E+05   0.3209745E+01   0.2859056E+02   0.1378642E+05   0.1948160E-01   0.3918152E-01   0.3061994E-01   0.2014157E-01   0.1649244E+02
   0.4420000E+03   0.2868152E+03   0.7880437E+02   0.1810715E+05   0.3224445E+01   0.2859507E+02   0.1378676E+05   0.1948144E-01   0.3924431E-01   0.3062069E-01   0.2014171E-01   0.1649315E+02
   0.4430000E+03   0.2869793E+03   0.7886854E+02   0.1811959E+05   0.3239154E+01   0.2859958E+02   0.1378710E+05   0.1948129E-01   0.3930711E-01   0.3062145E-01   0.2014186E-01   0.1649386E+02
   0.4440000E+03   0.2871358E+03   0.7893082E+02   0.1813195E+05   0.3253872E+01   0.2860409E+02   0.1378744E+05   0.1948114E-01   0.3936993E-01   0.3062220E-01   0.2014200E-01   0.1649457E+02
   0.4450000E+03   0.2872859E+03   0.7899149E+02   0.1814421E+05   0.3268600E+01   0.2860860E+02   0.1378778E+05   0.1948100E-01   0.3943275E-01   0.3062295E-01   0.2014215E-01   0.1649527E+02
   0.4460000E+03   0.2874302E+03   0.7905086E+02   0.1815638E+05   0.3283336E+01   0.2861311E+02   0.1378811E+05   0.1948085E-01   0.3949558E-01   0.3062370E-01   0.2014229E-01   0.1663876E+02
   0.4470000E+03   0.2875696E+03   0.7910915E+02   0.1816847E+05   0.3298082E+01   0.2861762E+02   0.1378844E+05   0.1948072E-01   0.3955843E-01   0.3062445E-01   0.2014244E-01   0.1677007E+02
   0.4480000E+03   0.2877045E+03   0.7916656E+02   0.1818047E+05   0.3312836E+01   0.2862213E+02   0.1378878E+05   0.1966264E-01   0.3962129E-01   0.3062520E-01   0.2014258E-01   0.1688748E+02
   0.4490000E+03   0.2878353E+03   0.7922324E+02   0.1819330E+05   0.3327600E+01   0.2862664E+02   0.1378911E+05   0.1999550E-01   0.3968417E-01   0.3062594E-01   0.2014272E-01   0.1697929E+02
   0.4500000E+03   0.2879626E+03   0.7927932E+02   0.1820730E+05   0.3342372E+01   0.2863115E+02   0.1378944E+05   0.2045446E-01   0.3974705E-01   0.3062666E-01   0.2014286E-01   0.1705371E+02
   0.4510000E+03   0.2880865E+03   0.7933490E+02   0.1822226E+05   0.3357152E+01   0.2863566E+02   0.1378950E+05   0.2101977E-01   0.3980995E-01   0.3062738E-01   0.2014300E-01   0.1724711E+02
   0.4520000E+03   0.2882075E+03   0.7939005E+02   0.1824024E+05   0.3371953E+01   0.2864017E+02   0.1384724E+05   0.2167558E-01   0.3987285E-01   0.3062809E-01   0.2014314E-01   0.1753638E+02
   0.4530000E+03   0.2883256E+03   0.7944488E+02   0.1826077E+05   0.3386780E+01   0.2864468E+02   0.1394612E+05   0.2240915E-01   0.3993578E-01   0.3062878E-01   0.2014328E-01   0.1803363E+02
   0.4540000E+03   0.2884410E+03   0.7949941E+02   0.1828348E+05   0.3401641E+01   0.2864919E+02   0.1406367E+05   0.2321033E-01   0.3999871E-01   0.3062945E-01   0.2014342E-01   0.1858360E+02
   0.4550000E+03   0.2885539E+03   0.7955370E+02   0.1830810E+05   0.3416542E+01   0.2865369E+02   0.1418302E+05   0.2407090E-01   0.4006166E-01   0.3063011E-01   0.2014356E-01   0.1911737E+02
   0.4560000E+03   0.2886645E+03   0.7960779E+02   0.1833438E+05   0.3431487E+01   0.2865820E+02   0.1429705E+05   0.2498422E-01   0.4012462E-01   0.3063074E-01   0.2014370E-01   0.1958216E+02
   0.4570000E+03   0.2887726E+03   0.7966171E+02   0.1836207E+05   0.3446480E+01   0.2866271E+02   0.1440436E+05   0.2594351E-01   0.4018759E-01   0.3063136E-01   0.2014384E-01   0.2004874E+02
   0.4580000E+03   0.2888786E+03   0.7971548E+02   0.1839091E+05   0.3461525E+01   0.2866722E+02   0.1450615E+05   0.2694248E-01   0.4025057E-01   0.3063196E-01   0.2014397E-01   0.2048087E+02
   0.4590000E+03   0.2889825E+03   0.7976913E+02   0.1842065E+05   0.3476624E+01   0.2867173E+02   0.1460380E+05   0.2797493E-01   0.4031357E-01   0.3063254E-01   0.2014411E-01   0.2084738E+02
   0.4600000E+03   0.2890843E+03   0.7982267E+02   0.1845109E+05   0.3491781E+01   0.2867623E+02   0.1469875E+05   0.2903525E-01   0.4037658E-01   0.3063309E-01   0.2014425E-01   0.2115108E+02
   0.4610000E+03   0.2891841E+03   0.7987610E+02   0.1848205E+05   0.3506995E+01   0.2868074E+02   0.1479031E+05   0.3011863E-01   0.4043960E-01   0.3063363E-01   0.2014438E-01   0.2140137E+02
   0.4620000E+03   0.2892818E+03   0.7992945E+02   0.1851316E+05   0.3522270E+01   0.2868524E+02   0.1487803E+05   0.3122113E-01   0.4050263E-01   0.3063414E-01   0.2014452E-01   0.2160770E+02
   0.4630000E+03   0.2893777E+03   0.7998273E+02   0.1854399E+05   0.3537606E+01   0.2868975E+02   0.1496170E+05   0.3226244E-01   0.4056567E-01   0.3063463E-01   0.2014466E-01   0.2177797E+02
   0.4640000E+03   0.2894716E+03   0.8003593E+02   0.1857444E+05   0.3553007E+01   0.2869425E+02   0.1504153E+05   0.3314290E-01   0.4062872E-01   0.3063511E-01   0.2014479E-01   0.2190620E+02
   0.4650000E+03   0.2895636E+03   0.8008907E+02   0.1860459E+05   0.3568471E+01   0.2869876E+02   0.1511822E+05   0.3387091E-01   0.4069179E-01   0.3063556E-01   0.2014493E-01   0.2201061E+02
   0.4660000E+03   0.2896538E+03   0.8014216E+02   0.1863451E+05   0.3584001E+01   0.2870326E+02   0.1519257E+05   0.3447045E-01   0.4075486E-01   0.3063600E-01   0.2014506E-01   0.2209561E+02
   0.4670000E+03   0.2897422E+03   0.8019520E+02   0.1866426E+05   0.3599597E+01   0.2870776E+02   0.1526501E+05   0.3496418E-01   0.4081795E-01   0.3063643E-01   0.2014520E-01   0.2216472E+02
   0.4680000E+03   0.2898288E+03   0.8024817E+02   0.1869388E+05   0.3615260E+01   0.2871227E+02   0.1532794E+05   0.3537117E-01   0.4088105E-01   0.3063684E-01   0.2014533E-01   0.2222081E+02
   0.4690000E+03   0.2899136E+03   0.8030110E+02   0.1872342E+05   0.3630991E+01   0.2871677E+02   0.1539083E+05   0.3570851E-01   0.4094416E-01   0.3063725E-01   0.2014547E-01   0.2226640E+02
   0.4700000E+03   0.2899966E+03   0.8035398E+02   0.1875299E+05   0.3646791E+01   0.2872127E+02   0.1545205E+05   0.3598803E-01   0.4100728E-01   0.3063765E-01   0.2014560E-01   0.2230359E+02
   0.4710000E+03   0.2900778E+03   0.8040691E+02   0.1878273E+05   0.3662660E+01   0.2872577E+02   0.1550964E+05   0.3621984E-01   0.4107042E-01   0.3063805E-01   0.2014573E-01   0.2233332E+02
   0.4720000E+03   0.2901573E+03   0.8045971E+02   0.1881276E+05   0.3678598E+01   0.2873027E+02   0.1556252E+05   0.3641243E-01   0.4113356E-01   0.3063844E-01   0.2014587E-01   0.2235664E+02
   0.4730000E+03   0.2902352E+03   0.8051247E+02   0.1884316E+05   0.3694607E+01   0.2873477E+02   0.1561080E+05   0.3657286E-01   0.4119671E-01   0.3063883E-01   0.2014599E-01   0.2237537E+02
   0.4740000E+03   0.2903113E+03   0.8056518E+02   0.1887398E+05   0.3710688E+01   0.2873927E+02   0.1565530E+05   0.3670692E-01   0.4125987E-01   0.3063921E-01   0.2014613E-01   0.2239039E+02
   0.4750000E+03   0.2903857E+03   0.8061790E+02   0.1890525E+05   0.3726840E+01   0.2874377E+02   0.1569668E+05   0.3681940E-01   0.4132304E-01   0.3063958E-01   0.2014625E-01   0.2240226E+02
   0.4760000E+03   0.2904584E+03   0.8067052E+02   0.1893702E+05   0.3743064E+01   0.2874827E+02   0.1574304E+05   0.3691419E-01   0.4138623E-01   0.3063995E-01   0.2014638E-01   0.2241134E+02
   0.4770000E+03   0.2905294E+03   0.8072311E+02   0.1896930E+05   0.3759361E+01   0.2875277E+02   0.1579197E+05   0.3699451E-01   0.4144944E-01   0.3064032E-01   0.2014651E-01   0.2241835E+02
   0.4780000E+03   0.2905988E+03   0.8077573E+02   0.1900215E+05   0.3775732E+01   0.2875727E+02   0.1584178E+05   0.3706298E-01   0.4151265E-01   0.3064069E-01   0.2014664E-01   0.2242368E+02
   0.4790000E+03   0.2906665E+03   0.8082831E+02   0.1903562E+05   0.3792176E+01   0.2876176E+02   0.1589089E+05   0.3712174E-01   0.4157588E-01   0.3064106E-01   0.2014677E-01   0.2242782E+02
   0.4800000E+03   0.2907326E+03   0.8088081E+02   0.1906978E+05   0.3808694E+01   0.2876626E+02   0.1593790E+05   0.3717255E-01   0.4163912E-01   0.3064142E-01   0.2014690E-01   0.2243047E+02
   0.4810000E+03   0.2907971E+03   0.8093326E+02   0.1910464E+05   0.3825287E+01   0.2877076E+02   0.1598237E+05   0.3721685E-01   0.4170237E-01   0.3064178E-01   0.2014702E-01   0.2243128E+02
   0.4820000E+03   0.2908600E+03   0.8098566E+02   0.1914017E+05   0.3841955E+01   0.2877525E+02   0.1602438E+05   0.3725582E-01   0.4176564E-01   0.3064214E-01   0.2014715E-01   0.2243213E+02
   0.4830000E+03   0.2909213E+03   0.8103804E+02   0.1917629E+05   0.3858698E+01   0.2877975E+02   0.1606437E+05   0.3729042E-01   0.4182891E-01   0.3064250E-01   0.2014727E-01   0.2243233E+02
   0.4840000E+03   0.2909810E+03   0.8109039E+02   0.1921288E+05   0.3875518E+01   0.2878424E+02   0.1610279E+05   0.3732146E-01   0.4189219E-01   0.3064286E-01   0.2014740E-01   0.2243200E+02
   0.4850000E+03   0.2912905E+03   0.8122470E+02   0.1924991E+05   0.3892414E+01   0.2878874E+02   0.1613992E+05   0.3734956E-01   0.4195549E-01   0.3064321E-01   0.2014752E-01   0.2243164E+02
   0.4860000E+03   0.2918084E+03   0.8142640E+02   0.1928728E+05   0.3909387E+01   0.2879324E+02   0.1617458E+05   0.3737527E-01   0.4201880E-01   0.3064356E-01   0.2014765E-01   0.2243057E+02
   0.4870000E+03   0.2925007E+03   0.8168320E+02   0.1932452E+05   0.3926435E+01   0.2879774E+02   0.1620605E+05   0.3739902E-01   0.4208212E-01   0.3064390E-01   0.2014777E-01   0.2242887E+02
   0.4880000E+03   0.2933383E+03   0.8198546E+02   0.1936095E+05   0.3943550E+01   0.2880223E+02   0.1623464E+05   0.3742116E-01   0.4214546E-01   0.3064425E-01   0.2014789E-01   0.2242714E+02
   0.4890000E+03   0.2942964E+03   0.8232499E+02   0.1939644E+05   0.3960727E+01   0.2880673E+02   0.1626083E+05   0.3744200E-01   0.4220881E-01   0.3064460E-01   0.2014801E-01   0.2242527E+02
   0.4900000E+03   0.2953544E+03   0.8269517E+02   0.1943104E+05   0.3977960E+01   0.2881122E+02   0.1628345E+05   0.3746175E-01   0.4227217E-01   0.3064495E-01   0.2014814E-01   0.2242346E+02
   0.4910000E+03   0.2964962E+03   0.8309062E+02   0.1946478E+05   0.4092631E+01   0.2881571E+02   0.1630215E+05   0.3748062E-01   0.4233553E-01   0.3064529E-01   0.2014826E-01   0.2242183E+02
   0.4920000E+03   0.2977107E+03   0.8350732E+02   0.1949780E+05   0.4287189E+01   0.2896127E+02   0.1631739E+05   0.3749877E-01   0.4239930E-01   0.3064564E-01   0.2014838E-01   0.2241959E+02
   0.4930000E+03   0.2989903E+03   0.8394157E+02   0.1953024E+05   0.4547267E+01   0.2922254E+02   0.1632976E+05   0.3751632E-01   0.4246382E-01   0.3064598E-01   0.2014850E-01   0.2241726E+02
   0.4940000E+03   0.3003294E+03   0.8439040E+02   0.1956218E+05   0.4861091E+01   0.2957877E+02   0.1633977E+05   0.3753364E-01   0.4252938E-01   0.3064632E-01   0.2014862E-01   0.2241470E+02
   0.4950000E+03   0.3017220E+03   0.8485183E+02   0.1959368E+05   0.5218995E+01   0.3001274E+02   0.1634788E+05   0.3755059E-01   0.4259620E-01   0.3064666E-01   0.2014874E-01   0.2241226E+02
   0.4960000E+03   0.3031615E+03   0.8532378E+02   0.1962481E+05   0.5613050E+01   0.3051030E+02   0.1635446E+05   0.3756717E-01   0.4266448E-01   0.3064699E-01   0.2014886E-01   0.2240974E+02
   0.4970000E+03   0.3046411E+03   0.8580448E+02   0.1965557E+05   0.6036782E+01   0.3105987E+02   0.1635981E+05   0.3758345E-01   0.4273438E-01   0.3064733E-01   0.2014898E-01   0.2240724E+02
   0.4980000E+03   0.3061560E+03   0.8629281E+02   0.1968599E+05   0.6484888E+01   0.3165207E+02   0.1636417E+05   0.3759950E-01   0.4280602E-01   0.3064766E-01   0.2014909E-01   0.2240462E+02
   0.4990000E+03   0.3077032E+03   0.8678712E+02   0.1971611E+05   0.6953014E+01   0.3227923E+02   0.1636767E+05   0.3761534E-01   0.4287955E-01   0.3064799E-01   0.2014921E-01   0.2240178E+02
   0.5000000E+03   0.3092800E+03   0.8728686E+02   0.1974594E+05   0.7437590E+01   0.3293495E+02   0.1637044E+05   0.3763102E-01   0.4295506E-01   0.3064832E-01   0.2014932E-01   0.2239889E+02
   0.5010000E+03   0.3108833E+03   0.8779122E+02   0.1977552E+05   0.7935658E+01   0.3361395E+02   0.1637258E+05   0.3764813E-01   0.4303263E-01   0.3064864E-01   0.2014944E-01   0.2239639E+02
   0.5020000E+03   0.3125096E+03   0.8829954E+02   0.1980488E+05   0.8444798E+01   0.3431191E+02   0.1637420E+05   0.3766575E-01   0.4311230E-01   0.3064897E-01   0.2014956E-01   0.2239367E+02
   0.5030000E+03   0.3141572E+03   0.8881142E+02   0.1983404E+05   0.8963047E+01   0.3502541E+02   0.1637542E+05   0.3768310E-01   0.4319412E-01   0.3064930E-01   0.2014967E-01   0.2239098E+02
   0.5040000E+03   0.3158263E+03   0.8935871E+02   0.1986304E+05   0.9488808E+01   0.3575171E+02   0.1637636E+05   0.3770006E-01   0.4327817E-01   0.3064962E-01   0.2014979E-01   0.2238844E+02
   0.5050000E+03   0.3175197E+03   0.8993528E+02   0.1989192E+05   0.1002081E+02   0.3648863E+02   0.1637710E+05   0.3771669E-01   0.4336451E-01   0.3064994E-01   0.2014990E-01   0.2238567E+02
   0.5060000E+03   0.3192410E+03   0.9053649E+02   0.1992068E+05   0.1055804E+02   0.3723438E+02   0.1637768E+05   0.3773301E-01   0.4345325E-01   0.3065026E-01   0.2015001E-01   0.2238290E+02
   0.5070000E+03   0.3209938E+03   0.9115855E+02   0.1994920E+05   0.1109968E+02   0.3798759E+02   0.1637810E+05   0.3774910E-01   0.4354447E-01   0.3065058E-01   0.2015013E-01   0.2238012E+02
   0.5080000E+03   0.3227802E+03   0.9179817E+02   0.1997751E+05   0.1164505E+02   0.3874711E+02   0.1637834E+05   0.3776507E-01   0.4363827E-01   0.3065090E-01   0.2015024E-01   0.2237712E+02
   0.5090000E+03   0.3246005E+03   0.9245270E+02   0.2000564E+05   0.1219355E+02   0.3951191E+02   0.1637842E+05   0.3778844E-01   0.4373469E-01   0.3065121E-01   0.2015035E-01   0.2237437E+02
   0.5100000E+03   0.3264520E+03   0.9311971E+02   0.2003505E+05   0.1274467E+02   0.4028104E+02   0.1638114E+05   0.3782592E-01   0.4383375E-01   0.3065153E-01   0.2015046E-01   0.2237152E+02
   0.5110000E+03   0.3283309E+03   0.9379736E+02   0.2006552E+05   0.1329800E+02   0.4105371E+02   0.1638600E+05   0.3786992E-01   0.4393544E-01   0.3065185E-01   0.2015058E-01   0.2236875E+02
   0.5120000E+03   0.3302332E+03   0.9446764E+02   0.2009695E+05   0.1385319E+02   0.4182927E+02   0.1639260E+05   0.3791407E-01   0.4403978E-01   0.3065216E-01   0.2015069E-01   0.2236596E+02
   0.5130000E+03   0.3321549E+03   0.9512231E+02   0.2012912E+05   0.1440999E+02   0.4260735E+02   0.1640059E+05   0.3795532E-01   0.4414677E-01   0.3065247E-01   0.2015080E-01   0.2236323E+02
   0.5140000E+03   0.3340945E+03   0.9579034E+02   0.2016199E+05   0.1496820E+02   0.4338772E+02   0.1640972E+05   0.3799278E-01   0.4425646E-01   0.3065278E-01   0.2015091E-01   0.2236039E+02
   0.5150000E+03   0.3360526E+03   0.9646946E+02   0.2019537E+05   0.1552766E+02   0.4417023E+02   0.1641976E+05   0.3802656E-01   0.4436895E-01   0.3065308E-01   0.2015102E-01   0.2235754E+02
   0.5160000E+03   0.3380320E+03   0.9715828E+02   0.2022911E+05   0.1608827E+02   0.4495481E+02   0.1642988E+05   0.3805709E-01   0.4448428E-01   0.3065339E-01   0.2015113E-01   0.2235470E+02
   0.5170000E+03   0.3400359E+03   0.9785572E+02   0.2026320E+05   0.1664990E+02   0.4574137E+02   0.1643870E+05   0.3808489E-01   0.4460255E-01   0.3065369E-01   0.2015124E-01   0.2235184E+02
   0.5180000E+03   0.3420681E+03   0.9856106E+02   0.2029702E+05   0.1721243E+02   0.4652992E+02   0.1644596E+05   0.3811044E-01   0.4472382E-01   0.3065399E-01   0.2015135E-01   0.2234897E+02
   0.5190000E+03   0.3441325E+03   0.9927374E+02   0.2033008E+05   0.1777573E+02   0.4732038E+02   0.1645178E+05   0.3813415E-01   0.4484813E-01   0.3065429E-01   0.2015146E-01   0.2234610E+02
   0.5200000E+03   0.3462325E+03   0.9999346E+02   0.2036230E+05   0.1833972E+02   0.4811254E+02   0.1645638E+05   0.3815636E-01   0.4497546E-01   0.3065459E-01   0.2015157E-01   0.2234323E+02
   0.5210000E+03   0.3483708E+03   0.1007199E+03   0.2039363E+05   0.1890433E+02   0.4890616E+02   0.1645998E+05   0.3817886E-01   0.4510580E-01   0.3065488E-01   0.2015168E-01   0.2234036E+02
   0.5220000E+03   0.3505477E+03   0.1014526E+03   0.2042417E+05   0.1946948E+02   0.4970100E+02   0.1646275E+05   0.3820044E-01   0.4523913E-01   0.3065518E-01   0.2015178E-01   0.2233725E+02
   0.5230000E+03   0.3527627E+03   0.1021915E+03   0.2045397E+05   0.2003512E+02   0.5049685E+02   0.1646484E+05   0.3822099E-01   0.4537540E-01   0.3065548E-01   0.2015189E-01   0.2233507E+02
   0.5240000E+03   0.3550140E+03   0.1029359E+03   0.2048322E+05   0.2060120E+02   0.5129350E+02   0.1646637E+05   0.3824062E-01   0.4551457E-01   0.3065577E-01   0.2015200E-01   0.2233242E+02
   0.5250000E+03   0.3572978E+03   0.1036852E+03   0.2051199E+05   0.2116769E+02   0.5209079E+02   0.1646746E+05   0.3825950E-01   0.4565661E-01   0.3065605E-01   0.2015211E-01   0.2232970E+02
   0.5260000E+03   0.3596092E+03   0.1044386E+03   0.2054028E+05   0.2168855E+02   0.5288867E+02   0.1646817E+05   0.3827777E-01   0.4580149E-01   0.3065634E-01   0.2015221E-01   0.2232695E+02
   0.5270000E+03   0.3619431E+03   0.1051956E+03   0.2056823E+05   0.2214312E+02   0.5368701E+02   0.1646857E+05   0.3829553E-01   0.4594919E-01   0.3065663E-01   0.2015232E-01   0.2232423E+02
   0.5280000E+03   0.3642952E+03   0.1059554E+03   0.2059590E+05   0.2253085E+02   0.5448574E+02   0.1646873E+05   0.3831289E-01   0.4609970E-01   0.3065692E-01   0.2015242E-01   0.2232129E+02
   0.5290000E+03   0.3666618E+03   0.1067174E+03   0.2062331E+05   0.2285855E+02   0.5518505E+02   0.1646868E+05   0.3832991E-01   0.4625266E-01   0.3065721E-01   0.2015253E-01   0.2231823E+02
   0.5300000E+03   0.3690400E+03   0.1074815E+03   0.2065049E+05   0.2313490E+02   0.5577153E+02   0.1646846E+05   0.3834666E-01   0.4640768E-01   0.3065749E-01   0.2015263E-01   0.2231568E+02
   0.5310000E+03   0.3713395E+03   0.1082153E+03   0.2067747E+05   0.2336834E+02   0.5625666E+02   0.1646811E+05   0.3836319E-01   0.4656439E-01   0.3065778E-01   0.2015273E-01   0.2231285E+02
   0.5320000E+03   0.3734439E+03   0.1088759E+03   0.2070429E+05   0.2356631E+02   0.5665631E+02   0.1646764E+05   0.3837955E-01   0.4672251E-01   0.3065806E-01   0.2015283E-01   0.2230996E+02
   0.5330000E+03   0.3753545E+03   0.1094643E+03   0.2073098E+05   0.2373512E+02   0.5698534E+02   0.1646708E+05   0.3839575E-01   0.4688177E-01   0.3065834E-01   0.2015294E-01   0.2230706E+02
   0.5340000E+03   0.3770973E+03   0.1099906E+03   0.2075753E+05   0.2388002E+02   0.5725643E+02   0.1646645E+05   0.3841184E-01   0.4704199E-01   0.3065862E-01   0.2015304E-01   0.2230415E+02
   0.5350000E+03   0.3787001E+03   0.1104652E+03   0.2078393E+05   0.2400533E+02   0.5748009E+02   0.1646575E+05   0.3842783E-01   0.4720299E-01   0.3065890E-01   0.2015314E-01   0.2230122E+02
   0.5360000E+03   0.3801868E+03   0.1108976E+03   0.2081019E+05   0.2411460E+02   0.5766495E+02   0.1646501E+05   0.3844374E-01   0.4736463E-01   0.3065918E-01   0.2015324E-01   0.2229828E+02
   0.5370000E+03   0.3815775E+03   0.1112952E+03   0.2083629E+05   0.2421077E+02   0.5781803E+02   0.1646422E+05   0.3845959E-01   0.4752681E-01   0.3065945E-01   0.2015334E-01   0.2229533E+02
   0.5380000E+03   0.3828884E+03   0.1116644E+03   0.2086228E+05   0.2429620E+02   0.5794513E+02   0.1646339E+05   0.3847541E-01   0.4768943E-01   0.3065973E-01   0.2015343E-01   0.2229238E+02
   0.5390000E+03   0.3841331E+03   0.1120103E+03   0.2088813E+05   0.2437287E+02   0.5805096E+02   0.1646254E+05   0.3849117E-01   0.4785241E-01   0.3066000E-01   0.2015353E-01   0.2228940E+02
   0.5400000E+03   0.3853223E+03   0.1123372E+03   0.2091381E+05   0.2444235E+02   0.5813939E+02   0.1646167E+05   0.3850691E-01   0.4801569E-01   0.3066027E-01   0.2015363E-01   0.2228641E+02
   0.5410000E+03   0.3864651E+03   0.1126485E+03   0.2093932E+05   0.2450598E+02   0.5821357E+02   0.1646078E+05   0.3852262E-01   0.4817923E-01   0.3066054E-01   0.2015372E-01   0.2228344E+02
   0.5420000E+03   0.3875690E+03   0.1129464E+03   0.2096461E+05   0.2456481E+02   0.5827609E+02   0.1645988E+05   0.3853831E-01   0.4834297E-01   0.3066081E-01   0.2015382E-01   0.2227989E+02
   0.5430000E+03   0.3886398E+03   0.1132338E+03   0.2098966E+05   0.2461971E+02   0.5832908E+02   0.1645896E+05   0.3855399E-01   0.4850689E-01   0.3066108E-01   0.2015391E-01   0.2227664E+02
   0.5440000E+03   0.3896824E+03   0.1134936E+03   0.2101446E+05   0.2467142E+02   0.5837426E+02   0.1645803E+05   0.3856967E-01   0.4867096E-01   0.3066135E-01   0.2015401E-01   0.2227364E+02
   0.5450000E+03   0.3907010E+03   0.1137231E+03   0.2103901E+05   0.2472051E+02   0.5841307E+02   0.1645709E+05   0.3858533E-01   0.4883516E-01   0.3066161E-01   0.2015411E-01   0.2227058E+02
   0.5460000E+03   0.3916987E+03   0.1139251E+03   0.2106337E+05   0.2476747E+02   0.5844663E+02   0.1645615E+05   0.3860098E-01   0.4899947E-01   0.3066188E-01   0.2015420E-01   0.2226756E+02
   0.5470000E+03   0.3926783E+03   0.1141036E+03   0.2108754E+05   0.2481269E+02   0.5847591E+02   0.1645520E+05   0.3861659E-01   0.4916387E-01   0.3066215E-01   0.2015430E-01   0.2226451E+02
   0.5480000E+03   0.3936420E+03   0.1142626E+03   0.2111156E+05   0.2485649E+02   0.5850169E+02   0.1645425E+05   0.3863221E-01   0.4932835E-01   0.3066241E-01   0.2015439E-01   0.2226146E+02
   0.5490000E+03   0.3948524E+03   0.1145019E+03   0.2113542E+05   0.2489914E+02   0.5852461E+02   0.1645329E+05   0.3864792E-01   0.4949290E-01   0.3066267E-01   0.2015449E-01   0.2225868E+02
   0.5500000E+03   0.3962655E+03   0.1148071E+03   0.2115915E+05   0.2494084E+02   0.5854518E+02   0.1645233E+05   0.3866364E-01   0.4965752E-01   0.3066293E-01   0.2015458E-01   0.2225539E+02
   0.5510000E+03   0.3978448E+03   0.1151662E+03   0.2118278E+05   0.2498178E+02   0.5856383E+02   0.1645137E+05   0.3867928E-01   0.4982219E-01   0.3066319E-01   0.2015468E-01   0.2225230E+02
   0.5520000E+03   0.3995601E+03   0.1155696E+03   0.2120631E+05   0.2502210E+02   0.5858089E+02   0.1645040E+05   0.3869491E-01   0.4998690E-01   0.3066345E-01   0.2015477E-01   0.2224922E+02
   0.5530000E+03   0.4013866E+03   0.1160095E+03   0.2122976E+05   0.2506193E+02   0.5859668E+02   0.1644943E+05   0.3871055E-01   0.5015166E-01   0.3066370E-01   0.2015486E-01   0.2224625E+02
   0.5540000E+03   0.4033036E+03   0.1164790E+03   0.2125312E+05   0.2510135E+02   0.5861141E+02   0.1644847E+05   0.3872620E-01   0.5031645E-01   0.3066396E-01   0.2015495E-01   0.2224315E+02
   0.5550000E+03   0.4052944E+03   0.1169729E+03   0.2127641E+05   0.2514046E+02   0.5862527E+02   0.1644750E+05   0.3874185E-01   0.5048129E-01   0.3066421E-01   0.2015504E-01   0.2224005E+02
   0.5560000E+03   0.4071826E+03   0.1174267E+03   0.2129962E+05   0.2517930E+02   0.5863843E+02   0.1644652E+05   0.3875751E-01   0.5064616E-01   0.3066446E-01   0.2015513E-01   0.2223698E+02
   0.5570000E+03   0.4089131E+03   0.1178207E+03   0.2132278E+05   0.2521795E+02   0.5865102E+02   0.1644555E+05   0.3877318E-01   0.5081106E-01   0.3066471E-01   0.2015522E-01   0.2223391E+02
   0.5580000E+03   0.4104947E+03   0.1181586E+03   0.2134584E+05   0.2525643E+02   0.5866312E+02   0.1644458E+05   0.3879205E-01   0.5097599E-01   0.3066496E-01   0.2015532E-01   0.2223132E+02
   0.5590000E+03   0.4119488E+03   0.1184492E+03   0.2136880E+05   0.2529479E+02   0.5867484E+02   0.1644362E+05   0.3881101E-01   0.5114096E-01   0.3066520E-01   0.2015541E-01   0.2222904E+02
   0.5600000E+03   0.4132964E+03   0.1187005E+03   0.2139167E+05   0.2533305E+02   0.5868625E+02   0.1644265E+05   0.3882949E-01   0.5130595E-01   0.3066545E-01   0.2015550E-01   0.2222704E+02
   0.5610000E+03   0.4145555E+03   0.1189195E+03   0.2141443E+05   0.2537124E+02   0.5869740E+02   0.1644168E+05   0.3884750E-01   0.5147097E-01   0.3066569E-01   0.2015559E-01   0.2222497E+02
   0.5620000E+03   0.4157411E+03   0.1191430E+03   0.2143710E+05   0.2540938E+02   0.5870832E+02   0.1644071E+05   0.3886722E-01   0.5163601E-01   0.3066594E-01   0.2015568E-01   0.2222302E+02
   0.5630000E+03   0.4168654E+03   0.1193700E+03   0.2145967E+05   0.2544748E+02   0.5871908E+02   0.1643976E+05   0.3888661E-01   0.5180109E-01   0.3066618E-01   0.2015577E-01   0.2222058E+02
   0.5640000E+03   0.4179384E+03   0.1195996E+03   0.2148208E+05   0.2548557E+02   0.5872969E+02   0.1643880E+05   0.3890540E-01   0.5196619E-01   0.3066642E-01   0.2015585E-01   0.2221774E+02
   0.5650000E+03   0.4189684E+03   0.1198315E+03   0.2150443E+05   0.2552364E+02   0.5874019E+02   0.1643784E+05   0.3892367E-01   0.5213131E-01   0.3066665E-01   0.2015594E-01   0.2221519E+02
   0.5660000E+03   0.4199622E+03   0.1200655E+03   0.2152673E+05   0.2556171E+02   0.5875060E+02   0.1643688E+05   0.3894148E-01   0.5229647E-01   0.3066689E-01   0.2015603E-01   0.2221260E+02
   0.5670000E+03   0.4209253E+03   0.1203008E+03   0.2155024E+05   0.2559980E+02   0.5876092E+02   0.1643593E+05   0.3896872E-01   0.5246165E-01   0.3066713E-01   0.2015612E-01   0.2221258E+02
   0.5680000E+03   0.4218623E+03   0.1205376E+03   0.2157473E+05   0.2563792E+02   0.5877118E+02   0.1643498E+05   0.3899867E-01   0.5262684E-01   0.3066737E-01   0.2015620E-01   0.2221260E+02
   0.5690000E+03   0.4227768E+03   0.1207752E+03   0.2160005E+05   0.2567608E+02   0.5878138E+02   0.1643403E+05   0.3902806E-01   0.5279206E-01   0.3066760E-01   0.2015629E-01   0.2221200E+02
   0.5700000E+03   0.4236719E+03   0.1210134E+03   0.2162605E+05   0.2571429E+02   0.5879154E+02   0.1643307E+05   0.3905578E-01   0.5295730E-01   0.3066784E-01   0.2015638E-01   0.2221393E+02
   0.5710000E+03   0.4245501E+03   0.1212524E+03   0.2165262E+05   0.2575257E+02   0.5880166E+02   0.1643211E+05   0.3908163E-01   0.5312257E-01   0.3066807E-01   0.2015646E-01   0.2221618E+02
   0.5720000E+03   0.4254134E+03   0.1214921E+03   0.2167962E+05   0.2579091E+02   0.5881176E+02   0.1643115E+05   0.3910671E-01   0.5328786E-01   0.3066831E-01   0.2015654E-01   0.2221778E+02
   0.5730000E+03   0.4262635E+03   0.1217322E+03   0.2170697E+05   0.2582932E+02   0.5882183E+02   0.1643019E+05   0.3913035E-01   0.5345317E-01   0.3066853E-01   0.2015663E-01   0.2221850E+02
   0.5740000E+03   0.4271019E+03   0.1219724E+03   0.2173392E+05   0.2586780E+02   0.5883189E+02   0.1642922E+05   0.3915269E-01   0.5361849E-01   0.3066876E-01   0.2015672E-01   0.2221847E+02
   0.5750000E+03   0.4279297E+03   0.1222127E+03   0.2176021E+05   0.2590635E+02   0.5884194E+02   0.1642826E+05   0.3917388E-01   0.5378385E-01   0.3066899E-01   0.2015680E-01   0.2221787E+02
   0.5760000E+03   0.4287477E+03   0.1224532E+03   0.2178583E+05   0.2594497E+02   0.5885197E+02   0.1642729E+05   0.3919414E-01   0.5394922E-01   0.3066921E-01   0.2015688E-01   0.2221685E+02
   0.5770000E+03   0.4295568E+03   0.1226940E+03   0.2181088E+05   0.2598365E+02   0.5886199E+02   0.1642632E+05   0.3921361E-01   0.5411461E-01   0.3066943E-01   0.2015697E-01   0.2221547E+02
   0.5780000E+03   0.4303575E+03   0.1229348E+03   0.2183543E+05   0.2602240E+02   0.5887200E+02   0.1642535E+05   0.3923243E-01   0.5428002E-01   0.3066966E-01   0.2015705E-01   0.2221376E+02
   0.5790000E+03   0.4311505E+03   0.1231756E+03   0.2185956E+05   0.2606120E+02   0.5888200E+02   0.1642438E+05   0.3925075E-01   0.5444547E-01   0.3066988E-01   0.2015713E-01   0.2221175E+02
   0.5800000E+03   0.4319360E+03   0.1234001E+03   0.2188335E+05   0.2610006E+02   0.5889199E+02   0.1642340E+05   0.3926863E-01   0.5461094E-01   0.3067010E-01   0.2015721E-01   0.2220953E+02
   0.5810000E+03   0.4327146E+03   0.1236026E+03   0.2190686E+05   0.2613898E+02   0.5890197E+02   0.1642243E+05   0.3928615E-01   0.5477643E-01   0.3067032E-01   0.2015729E-01   0.2220720E+02
   0.5820000E+03   0.4334864E+03   0.1237834E+03   0.2193012E+05   0.2617795E+02   0.5891195E+02   0.1642145E+05   0.3930383E-01   0.5494194E-01   0.3067054E-01   0.2015737E-01   0.2220482E+02
   0.5830000E+03   0.4342518E+03   0.1239752E+03   0.2195441E+05   0.2621699E+02   0.5892192E+02   0.1642049E+05   0.3932462E-01   0.5510748E-01   0.3067075E-01   0.2015745E-01   0.2220238E+02
   0.5840000E+03   0.4350110E+03   0.1241758E+03   0.2197952E+05   0.2625610E+02   0.5893188E+02   0.1641954E+05   0.3935017E-01   0.5527305E-01   0.3067097E-01   0.2015753E-01   0.2220001E+02
   0.5850000E+03   0.4357642E+03   0.1243836E+03   0.2200531E+05   0.2629529E+02   0.5894184E+02   0.1642135E+05   0.3938081E-01   0.5543864E-01   0.3067119E-01   0.2015761E-01   0.2219827E+02
   0.5860000E+03   0.4365113E+03   0.1245976E+03   0.2203172E+05   0.2633456E+02   0.5895180E+02   0.1642837E+05   0.3941257E-01   0.5560425E-01   0.3067140E-01   0.2015769E-01   0.2219639E+02
   0.5870000E+03   0.4372527E+03   0.1248162E+03   0.2205866E+05   0.2637392E+02   0.5896177E+02   0.1643954E+05   0.3944303E-01   0.5576989E-01   0.3067162E-01   0.2015777E-01   0.2219420E+02
   0.5880000E+03   0.4379884E+03   0.1250387E+03   0.2208605E+05   0.2641337E+02   0.5897173E+02   0.1645399E+05   0.3947150E-01   0.5593555E-01   0.3067183E-01   0.2015785E-01   0.2219196E+02
   0.5890000E+03   0.4387185E+03   0.1252645E+03   0.2211381E+05   0.2645292E+02   0.5898170E+02   0.1647101E+05   0.3949793E-01   0.5610123E-01   0.3067204E-01   0.2015793E-01   0.2218957E+02
   0.5900000E+03   0.4394431E+03   0.1254790E+03   0.2214187E+05   0.2649256E+02   0.5899166E+02   0.1649005E+05   0.3952256E-01   0.5626693E-01   0.3067225E-01   0.2015801E-01   0.2218696E+02
   0.5910000E+03   0.4401622E+03   0.1256745E+03   0.2217016E+05   0.2653230E+02   0.5900162E+02   0.1651072E+05   0.3954566E-01   0.5643265E-01   0.3067245E-01   0.2015808E-01   0.2218428E+02
   0.5920000E+03   0.4408759E+03   0.1258501E+03   0.2219823E+05   0.2657214E+02   0.5901158E+02   0.1653027E+05   0.3956750E-01   0.5659840E-01   0.3067266E-01   0.2015816E-01   0.2218150E+02
   0.5930000E+03   0.4415843E+03   0.1260078E+03   0.2222559E+05   0.2661209E+02   0.5902153E+02   0.1654692E+05   0.3958831E-01   0.5676416E-01   0.3067286E-01   0.2015823E-01   0.2217863E+02
   0.5940000E+03   0.4422874E+03   0.1261504E+03   0.2225215E+05   0.2665211E+02   0.5903149E+02   0.1656055E+05   0.3960827E-01   0.5692994E-01   0.3067307E-01   0.2015830E-01   0.2217570E+02
   0.5950000E+03   0.4429852E+03   0.1262803E+03   0.2227797E+05   0.2669222E+02   0.5904144E+02   0.1657156E+05   0.3962755E-01   0.5709575E-01   0.3067327E-01   0.2015838E-01   0.2217270E+02
   0.5960000E+03   0.4436778E+03   0.1263999E+03   0.2230315E+05   0.2673242E+02   0.5905139E+02   0.1658037E+05   0.3964626E-01   0.5726158E-01   0.3067347E-01   0.2015845E-01   0.2216965E+02
   0.5970000E+03   0.4443651E+03   0.1265109E+03   0.2232778E+05   0.2677269E+02   0.5906135E+02   0.1658737E+05   0.3966450E-01   0.5742743E-01   0.3067367E-01   0.2015852E-01   0.2216656E+02
   0.5980000E+03   0.4450474E+03   0.1266149E+03   0.2235193E+05   0.2681303E+02   0.5907129E+02   0.1659290E+05   0.3968237E-01   0.5759330E-01   0.3067387E-01   0.2015860E-01   0.2216342E+02
   0.5990000E+03   0.4457245E+03   0.1267132E+03   0.2237568E+05   0.2685346E+02   0.5908125E+02   0.1659723E+05   0.3969993E-01   0.5775920E-01   0.3067407E-01   0.2015867E-01   0.2216030E+02
   0.6000000E+03   0.4463966E+03   0.1268068E+03   0.2239909E+05   0.2689396E+02   0.5909118E+02   0.1660058E+05   0.3971725E-01   0.5792512E-01   0.3067427E-01   0.2015875E-01   0.2215714E+02
   0.6010000E+03   0.4470636E+03   0.1268967E+03   0.2242220E+05   0.2693452E+02   0.5910112E+02   0.1660313E+05   0.3973436E-01   0.5809107E-01   0.3067446E-01   0.2015882E-01   0.2215394E+02
   0.6020000E+03   0.4477255E+03   0.1270137E+03   0.2244505E+05   0.2697516E+02   0.5911107E+02   0.1660503E+05   0.3975130E-01   0.5825704E-01   0.3067465E-01   0.2015889E-01   0.2215079E+02
   0.6030000E+03   0.4483825E+03   0.1271529E+03   0.2246769E+05   0.2701587E+02   0.5912101E+02   0.1660640E+05   0.3976811E-01   0.5842303E-01   0.3067485E-01   0.2015897E-01   0.2214761E+02
   0.6040000E+03   0.4490346E+03   0.1273102E+03   0.2249014E+05   0.2705665E+02   0.5913096E+02   0.1660733E+05   0.3978480E-01   0.5858904E-01   0.3067504E-01   0.2015904E-01   0.2214654E+02
   0.6050000E+03   0.4496818E+03   0.1274823E+03   0.2251241E+05   0.2709750E+02   0.5914090E+02   0.1660790E+05   0.3980142E-01   0.5875508E-01   0.3067523E-01   0.2015911E-01   0.2214566E+02
   0.6060000E+03   0.4503241E+03   0.1276665E+03   0.2253453E+05   0.2713842E+02   0.5915085E+02   0.1660818E+05   0.3981796E-01   0.5892114E-01   0.3067542E-01   0.2015918E-01   0.2214449E+02
   0.6070000E+03   0.4509614E+03   0.1278474E+03   0.2255650E+05   0.2717941E+02   0.5916079E+02   0.1660822E+05   0.3983444E-01   0.5908722E-01   0.3067561E-01   0.2015926E-01   0.2214306E+02
   0.6080000E+03   0.4515939E+03   0.1280154E+03   0.2257955E+05   0.2722048E+02   0.5917073E+02   0.1660808E+05   0.3985739E-01   0.5925332E-01   0.3067580E-01   0.2015932E-01   0.2214405E+02
   0.6090000E+03   0.4524877E+03   0.1282924E+03   0.2260372E+05   0.2726163E+02   0.5918067E+02   0.1660784E+05   0.3988301E-01   0.5941945E-01   0.3067599E-01   0.2015939E-01   0.2215204E+02
   0.6100000E+03   0.4536043E+03   0.1286596E+03   0.2262870E+05   0.2730288E+02   0.5919061E+02   0.1660751E+05   0.3991389E-01   0.5958559E-01   0.3067617E-01   0.2015946E-01   0.2216104E+02
   0.6110000E+03   0.4549114E+03   0.1291015E+03   0.2265444E+05   0.2734422E+02   0.5920055E+02   0.1660706E+05   0.3994636E-01   0.5975175E-01   0.3067636E-01   0.2015953E-01   0.2216840E+02
   0.6120000E+03   0.4563795E+03   0.1296056E+03   0.2268074E+05   0.2738566E+02   0.5921048E+02   0.1660653E+05   0.3997759E-01   0.5991795E-01   0.3067654E-01   0.2015960E-01   0.2217414E+02
   0.6130000E+03   0.4579816E+03   0.1301608E+03   0.2270755E+05   0.2742721E+02   0.5922042E+02   0.1660590E+05   0.4000675E-01   0.6008416E-01   0.3067672E-01   0.2015967E-01   0.2217818E+02
   0.6140000E+03   0.4596937E+03   0.1307578E+03   0.2273488E+05   0.2746886E+02   0.5923036E+02   0.1660520E+05   0.4003379E-01   0.6025039E-01   0.3067690E-01   0.2015973E-01   0.2218096E+02
   0.6150000E+03   0.4614956E+03   0.1313893E+03   0.2276264E+05   0.2751064E+02   0.5924030E+02   0.1660444E+05   0.4005897E-01   0.6041665E-01   0.3067708E-01   0.2015980E-01   0.2218264E+02
   0.6160000E+03   0.4633707E+03   0.1320488E+03   0.2279078E+05   0.2755252E+02   0.5925023E+02   0.1660363E+05   0.4008256E-01   0.6058293E-01   0.3067726E-01   0.2015987E-01   0.2218341E+02
   0.6170000E+03   0.4653051E+03   0.1327132E+03   0.2281878E+05   0.2759452E+02   0.5926017E+02   0.1660278E+05   0.4010485E-01   0.6074923E-01   0.3067743E-01   0.2015994E-01   0.2218354E+02
   0.6180000E+03   0.4672877E+03   0.1333739E+03   0.2284619E+05   0.2763663E+02   0.5927010E+02   0.1660189E+05   0.4012847E-01   0.6091554E-01   0.3067760E-01   0.2016001E-01   0.2218319E+02
   0.6190000E+03   0.4693097E+03   0.1340290E+03   0.2287402E+05   0.2767886E+02   0.5928003E+02   0.1660099E+05   0.4015228E-01   0.6108189E-01   0.3067778E-01   0.2016007E-01   0.2218215E+02
   0.6200000E+03   0.4713651E+03   0.1346789E+03   0.2290211E+05   0.2772119E+02   0.5928997E+02   0.1660008E+05   0.4017559E-01   0.6124827E-01   0.3067795E-01   0.2016014E-01   0.2218073E+02
   0.6210000E+03   0.4734493E+03   0.1353242E+03   0.2293039E+05   0.2776365E+02   0.5929990E+02   0.1659915E+05   0.4019797E-01   0.6141466E-01   0.3067812E-01   0.2016020E-01   0.2217871E+02
   0.6220000E+03   0.4755580E+03   0.1359959E+03   0.2295886E+05   0.2780623E+02   0.5930983E+02   0.1659821E+05   0.4021940E-01   0.6158107E-01   0.3067829E-01   0.2016027E-01   0.2217669E+02
   0.6230000E+03   0.4776869E+03   0.1366895E+03   0.2298749E+05   0.2784893E+02   0.5931976E+02   0.1659724E+05   0.4023997E-01   0.6174751E-01   0.3067846E-01   0.2016034E-01   0.2217435E+02
   0.6240000E+03   0.4798322E+03   0.1374010E+03   0.2301595E+05   0.2789175E+02   0.5932969E+02   0.1659627E+05   0.4025981E-01   0.6191398E-01   0.3067863E-01   0.2016040E-01   0.2217186E+02
   0.6250000E+03   0.4819908E+03   0.1381272E+03   0.2304375E+05   0.2793469E+02   0.5933961E+02   0.1659528E+05   0.4027904E-01   0.6208046E-01   0.3067879E-01   0.2016046E-01   0.2216923E+02
   0.6260000E+03   0.4841598E+03   0.1388654E+03   0.2307076E+05   0.2797775E+02   0.5934954E+02   0.1659429E+05   0.4029777E-01   0.6224697E-01   0.3067896E-01   0.2016052E-01   0.2216644E+02
   0.6270000E+03   0.4862634E+03   0.1395860E+03   0.2309701E+05   0.2802091E+02   0.5935947E+02   0.1659329E+05   0.4031623E-01   0.6241349E-01   0.3067913E-01   0.2016059E-01   0.2216385E+02
   0.6280000E+03   0.4881684E+03   0.1402345E+03   0.2312259E+05   0.2806418E+02   0.5936939E+02   0.1659228E+05   0.4033435E-01   0.6258003E-01   0.3067929E-01   0.2016065E-01   0.2216079E+02
   0.6290000E+03   0.4898731E+03   0.1407950E+03   0.2314761E+05   0.2810756E+02   0.5937932E+02   0.1659127E+05   0.4035218E-01   0.6274660E-01   0.3067946E-01   0.2016071E-01   0.2215776E+02
   0.6300000E+03   0.4914041E+03   0.1412735E+03   0.2317213E+05   0.2815103E+02   0.5938924E+02   0.1659025E+05   0.4036981E-01   0.6291319E-01   0.3067962E-01   0.2016077E-01   0.2215480E+02
   0.6310000E+03   0.4927897E+03   0.1416813E+03   0.2319626E+05   0.2819459E+02   0.5939917E+02   0.1658922E+05   0.4038723E-01   0.6307980E-01   0.3067978E-01   0.2016083E-01   0.2215154E+02
   0.6320000E+03   0.4940549E+03   0.1420302E+03   0.2322002E+05   0.2823826E+02   0.5940910E+02   0.1658820E+05   0.4040448E-01   0.6324644E-01   0.3067995E-01   0.2016089E-01   0.2214833E+02
   0.6330000E+03   0.4952203E+03   0.1423304E+03   0.2324349E+05   0.2828201E+02   0.5941903E+02   0.1658717E+05   0.4042159E-01   0.6341309E-01   0.3068010E-01   0.2016095E-01   0.2214513E+02
   0.6340000E+03   0.4963029E+03   0.1425908E+03   0.2326669E+05   0.2832586E+02   0.5942894E+02   0.1658614E+05   0.4043861E-01   0.6357977E-01   0.3068026E-01   0.2016101E-01   0.2214189E+02
   0.6350000E+03   0.4973167E+03   0.1428184E+03   0.2328968E+05   0.2836980E+02   0.5943886E+02   0.1658511E+05   0.4045554E-01   0.6374647E-01   0.3068042E-01   0.2016107E-01   0.2213860E+02
   0.6360000E+03   0.4982732E+03   0.1430192E+03   0.2331246E+05   0.2841383E+02   0.5944878E+02   0.1658408E+05   0.4047240E-01   0.6391319E-01   0.3068057E-01   0.2016113E-01   0.2213532E+02
   0.6370000E+03   0.4991817E+03   0.1431982E+03   0.2333508E+05   0.2845795E+02   0.5945870E+02   0.1658304E+05   0.4048920E-01   0.6407993E-01   0.3068073E-01   0.2016119E-01   0.2213201E+02
   0.6380000E+03   0.5000499E+03   0.1433592E+03   0.2335753E+05   0.2850216E+02   0.5946861E+02   0.1658200E+05   0.4050596E-01   0.6424669E-01   0.3068088E-01   0.2016124E-01   0.2212867E+02
   0.6390000E+03   0.5008840E+03   0.1435056E+03   0.2337985E+05   0.2854646E+02   0.5947852E+02   0.1658097E+05   0.4052268E-01   0.6441348E-01   0.3068104E-01   0.2016130E-01   0.2212533E+02
   0.6400000E+03   0.5016893E+03   0.1436398E+03   0.2340203E+05   0.2859085E+02   0.5948843E+02   0.1657993E+05   0.4053938E-01   0.6458029E-01   0.3068119E-01   0.2016136E-01   0.2212196E+02
   0.6410000E+03   0.5024700E+03   0.1437643E+03   0.2342409E+05   0.2863534E+02   0.5949834E+02   0.1657889E+05   0.4055605E-01   0.6474712E-01   0.3068134E-01   0.2016142E-01   0.2211860E+02
   0.6420000E+03   0.5032295E+03   0.1438807E+03   0.2344605E+05   0.2867991E+02   0.5950826E+02   0.1657785E+05   0.4057270E-01   0.6491397E-01   0.3068149E-01   0.2016148E-01   0.2211550E+02
   0.6430000E+03   0.5039706E+03   0.1439904E+03   0.2346906E+05   0.2872458E+02   0.5951817E+02   0.1657684E+05   0.4058935E-01   0.6508084E-01   0.3068164E-01   0.2016154E-01   0.2211368E+02
   0.6440000E+03   0.5046956E+03   0.1440945E+03   0.2349296E+05   0.2876935E+02   0.5952808E+02   0.1657583E+05   0.4060598E-01   0.6524774E-01   0.3068179E-01   0.2016159E-01   0.2211136E+02
   0.6450000E+03   0.5054065E+03   0.1441941E+03   0.2351763E+05   0.2881425E+02   0.5953800E+02   0.1657483E+05   0.4062261E-01   0.6541465E-01   0.3068194E-01   0.2016165E-01   0.2210906E+02
   0.6460000E+03   0.5061049E+03   0.1442901E+03   0.2354295E+05   0.2885926E+02   0.5954791E+02   0.1657382E+05   0.4063919E-01   0.6558159E-01   0.3068209E-01   0.2016171E-01   0.2210667E+02
   0.6470000E+03   0.5070589E+03   0.1444829E+03   0.2356888E+05   0.2890439E+02   0.5955782E+02   0.1657280E+05   0.4065577E-01   0.6574855E-01   0.3068223E-01   0.2016177E-01   0.2210483E+02
   0.6480000E+03   0.5082235E+03   0.1447544E+03   0.2359521E+05   0.2894965E+02   0.5956774E+02   0.1657179E+05   0.4067235E-01   0.6591553E-01   0.3068237E-01   0.2016183E-01   0.2210188E+02
   0.6490000E+03   0.5095623E+03   0.1450908E+03   0.2362186E+05   0.2899504E+02   0.5957766E+02   0.1657076E+05   0.4068894E-01   0.6608253E-01   0.3068251E-01   0.2016188E-01   0.2209907E+02
   0.6500000E+03   0.5110444E+03   0.1454806E+03   0.2364873E+05   0.2904057E+02   0.5958757E+02   0.1656974E+05   0.4070554E-01   0.6624955E-01   0.3068265E-01   0.2016194E-01   0.2209601E+02
   0.6510000E+03   0.5126441E+03   0.1459141E+03   0.2367520E+05   0.2908622E+02   0.5959748E+02   0.1656871E+05   0.4072215E-01   0.6641659E-01   0.3068279E-01   0.2016199E-01   0.2209293E+02
   0.6520000E+03   0.5143398E+03   0.1463835E+03   0.2370096E+05   0.2913200E+02   0.5960738E+02   0.1656768E+05   0.4073876E-01   0.6658366E-01   0.3068293E-01   0.2016204E-01   0.2208979E+02
   0.6530000E+03   0.5161140E+03   0.1468823E+03   0.2372600E+05   0.2917790E+02   0.5961728E+02   0.1656665E+05   0.4075538E-01   0.6675074E-01   0.3068306E-01   0.2016210E-01   0.2208660E+02
   0.6540000E+03   0.5179523E+03   0.1474052E+03   0.2375036E+05   0.2922392E+02   0.5962719E+02   0.1656562E+05   0.4077201E-01   0.6691784E-01   0.3068320E-01   0.2016215E-01   0.2208339E+02
   0.6550000E+03   0.5198426E+03   0.1479479E+03   0.2377414E+05   0.2927006E+02   0.5963708E+02   0.1656458E+05   0.4078863E-01   0.6708498E-01   0.3068334E-01   0.2016220E-01   0.2208009E+02
   0.6560000E+03   0.5217761E+03   0.1485073E+03   0.2379742E+05   0.2931630E+02   0.5964699E+02   0.1656355E+05   0.4080527E-01   0.6725212E-01   0.3068347E-01   0.2016225E-01   0.2207715E+02
   0.6570000E+03   0.5237467E+03   0.1490806E+03   0.2382027E+05   0.2936265E+02   0.5965689E+02   0.1656252E+05   0.4082191E-01   0.6741930E-01   0.3068360E-01   0.2016230E-01   0.2207382E+02
   0.6580000E+03   0.5257496E+03   0.1496656E+03   0.2384283E+05   0.2940912E+02   0.5966679E+02   0.1656148E+05   0.4083856E-01   0.6758650E-01   0.3068373E-01   0.2016236E-01   0.2207044E+02
   0.6590000E+03   0.5277804E+03   0.1502600E+03   0.2386513E+05   0.2945569E+02   0.5967670E+02   0.1656045E+05   0.4085522E-01   0.6775371E-01   0.3068386E-01   0.2016241E-01   0.2206668E+02
   0.6600000E+03   0.5298345E+03   0.1508625E+03   0.2388722E+05   0.2950236E+02   0.5968661E+02   0.1655941E+05   0.4087188E-01   0.6792095E-01   0.3068399E-01   0.2016246E-01   0.2206327E+02
   0.6610000E+03   0.5319077E+03   0.1514717E+03   0.2390913E+05   0.2954914E+02   0.5969651E+02   0.1655838E+05   0.4088854E-01   0.6808822E-01   0.3068412E-01   0.2016251E-01   0.2206005E+02
   0.6620000E+03   0.5339962E+03   0.1520865E+03   0.2393088E+05   0.2959602E+02   0.5970641E+02   0.1655734E+05   0.4090521E-01   0.6825551E-01   0.3068425E-01   0.2016256E-01   0.2205661E+02
   0.6630000E+03   0.5360972E+03   0.1527060E+03   0.2395249E+05   0.2964301E+02   0.5971632E+02   0.1655630E+05   0.4092190E-01   0.6842281E-01   0.3068437E-01   0.2016261E-01   0.2205316E+02
   0.6640000E+03   0.5382079E+03   0.1533292E+03   0.2397398E+05   0.2969009E+02   0.5972622E+02   0.1655526E+05   0.4093859E-01   0.6859013E-01   0.3068450E-01   0.2016266E-01   0.2204984E+02
   0.6650000E+03   0.5401373E+03   0.1539147E+03   0.2399543E+05   0.2973728E+02   0.5973613E+02   0.1655421E+05   0.4095527E-01   0.6875748E-01   0.3068463E-01   0.2016271E-01   0.2204660E+02
   0.6660000E+03   0.5418574E+03   0.1544467E+03   0.2401674E+05   0.2978457E+02   0.5974603E+02   0.1655317E+05   0.4097197E-01   0.6892485E-01   0.3068475E-01   0.2016276E-01   0.2204306E+02
   0.6670000E+03   0.5433901E+03   0.1549290E+03   0.2403792E+05   0.2983197E+02   0.5975592E+02   0.1655213E+05   0.4098867E-01   0.6909224E-01   0.3068487E-01   0.2016280E-01   0.2203955E+02
   0.6680000E+03   0.5447650E+03   0.1553695E+03   0.2405898E+05   0.2987947E+02   0.5976582E+02   0.1655109E+05   0.4100537E-01   0.6925965E-01   0.3068500E-01   0.2016285E-01   0.2203599E+02
   0.6690000E+03   0.5460087E+03   0.1557752E+03   0.2407994E+05   0.2992707E+02   0.5977572E+02   0.1655004E+05   0.4102208E-01   0.6942709E-01   0.3068512E-01   0.2016290E-01   0.2203248E+02
   0.6700000E+03   0.5471438E+03   0.1561527E+03   0.2410080E+05   0.2997477E+02   0.5978561E+02   0.1654900E+05   0.4103880E-01   0.6959454E-01   0.3068524E-01   0.2016295E-01   0.2202897E+02
   0.6710000E+03   0.5481888E+03   0.1564967E+03   0.2412156E+05   0.3002258E+02   0.5979549E+02   0.1654795E+05   0.4105553E-01   0.6976203E-01   0.3068536E-01   0.2016299E-01   0.2202544E+02
   0.6720000E+03   0.5491592E+03   0.1568018E+03   0.2414224E+05   0.3007049E+02   0.5980538E+02   0.1654691E+05   0.4107226E-01   0.6992953E-01   0.3068548E-01   0.2016304E-01   0.2202192E+02
   0.6730000E+03   0.5500673E+03   0.1570703E+03   0.2416282E+05   0.3011850E+02   0.5981527E+02   0.1654586E+05   0.4108900E-01   0.7009704E-01   0.3068560E-01   0.2016308E-01   0.2201845E+02
   0.6740000E+03   0.5509236E+03   0.1573069E+03   0.2418332E+05   0.3016661E+02   0.5982516E+02   0.1654482E+05   0.4110574E-01   0.7026459E-01   0.3068571E-01   0.2016313E-01   0.2201483E+02
   0.6750000E+03   0.5517364E+03   0.1575168E+03   0.2420374E+05   0.3021483E+02   0.5983506E+02   0.1654377E+05   0.4112249E-01   0.7043214E-01   0.3068583E-01   0.2016317E-01   0.2201129E+02
   0.6760000E+03   0.5525125E+03   0.1577045E+03   0.2422409E+05   0.3026316E+02   0.5984495E+02   0.1654272E+05   0.4113924E-01   0.7059972E-01   0.3068595E-01   0.2016322E-01   0.2200776E+02
   0.6770000E+03   0.5532577E+03   0.1578741E+03   0.2424436E+05   0.3031159E+02   0.5985484E+02   0.1654168E+05   0.4115600E-01   0.7076734E-01   0.3068606E-01   0.2016326E-01   0.2200422E+02
   0.6780000E+03   0.5539764E+03   0.1580287E+03   0.2426456E+05   0.3036012E+02   0.5986473E+02   0.1654063E+05   0.4117277E-01   0.7093497E-01   0.3068617E-01   0.2016331E-01   0.2200067E+02
   0.6790000E+03   0.5546725E+03   0.1581712E+03   0.2428469E+05   0.3040876E+02   0.5987461E+02   0.1653958E+05   0.4118954E-01   0.7110262E-01   0.3068628E-01   0.2016336E-01   0.2199713E+02
   0.6800000E+03   0.5553491E+03   0.1583037E+03   0.2430474E+05   0.3045750E+02   0.5988451E+02   0.1653854E+05   0.4120632E-01   0.7127029E-01   0.3068639E-01   0.2016340E-01   0.2199358E+02
   0.6810000E+03   0.5560087E+03   0.1584280E+03   0.2432473E+05   0.3050634E+02   0.5989440E+02   0.1653749E+05   0.4122311E-01   0.7143799E-01   0.3068651E-01   0.2016344E-01   0.2199001E+02
   0.6820000E+03   0.5566534E+03   0.1585455E+03   0.2434465E+05   0.3055530E+02   0.5990429E+02   0.1653645E+05   0.4123990E-01   0.7160570E-01   0.3068661E-01   0.2016349E-01   0.2198645E+02
   0.6830000E+03   0.5572850E+03   0.1586576E+03   0.2436449E+05   0.3060436E+02   0.5991418E+02   0.1653540E+05   0.4125669E-01   0.7177344E-01   0.3068672E-01   0.2016354E-01   0.2198290E+02
   0.6840000E+03   0.5579050E+03   0.1587652E+03   0.2438430E+05   0.3065352E+02   0.5992406E+02   0.1653436E+05   0.4127350E-01   0.7194120E-01   0.3068682E-01   0.2016358E-01   0.2197932E+02
   0.6850000E+03   0.5585144E+03   0.1588692E+03   0.2440408E+05   0.3070280E+02   0.5993395E+02   0.1653331E+05   0.4129031E-01   0.7210898E-01   0.3068693E-01   0.2016362E-01   0.2197574E+02
   0.6860000E+03   0.5591141E+03   0.1589701E+03   0.2442382E+05   0.3075218E+02   0.5994384E+02   0.1653227E+05   0.4130713E-01   0.7227678E-01   0.3068704E-01   0.2016366E-01   0.2197217E+02
   0.6870000E+03   0.5597051E+03   0.1590687E+03   0.2444354E+05   0.3080167E+02   0.5995372E+02   0.1653122E+05   0.4132395E-01   0.7244460E-01   0.3068714E-01   0.2016371E-01   0.2196864E+02
   0.6880000E+03   0.5602879E+03   0.1591651E+03   0.2446322E+05   0.3085127E+02   0.5996360E+02   0.1653018E+05   0.4134078E-01   0.7261243E-01   0.3068725E-01   0.2016375E-01   0.2196501E+02
   0.6890000E+03   0.5611322E+03   0.1593597E+03   0.2448285E+05   0.3090097E+02   0.5997347E+02   0.1652913E+05   0.4135761E-01   0.7278030E-01   0.3068735E-01   0.2016379E-01   0.2196149E+02
   0.6900000E+03   0.5621904E+03   0.1596346E+03   0.2450243E+05   0.3095078E+02   0.5998335E+02   0.1652808E+05   0.4137446E-01   0.7294818E-01   0.3068745E-01   0.2016383E-01   0.2195783E+02
   0.6910000E+03   0.5634238E+03   0.1599754E+03   0.2452196E+05   0.3100070E+02   0.5999323E+02   0.1652703E+05   0.4139130E-01   0.7311608E-01   0.3068755E-01   0.2016387E-01   0.2195423E+02
   0.6920000E+03   0.5646890E+03   0.1603289E+03   0.2454145E+05   0.3105072E+02   0.6000311E+02   0.1652599E+05   0.4140816E-01   0.7328400E-01   0.3068765E-01   0.2016391E-01   0.2195063E+02
   0.6930000E+03   0.5658674E+03   0.1606511E+03   0.2456089E+05   0.3110086E+02   0.6001299E+02   0.1652494E+05   0.4142502E-01   0.7345196E-01   0.3068775E-01   0.2016395E-01   0.2194703E+02
   0.6940000E+03   0.5669406E+03   0.1609354E+03   0.2458028E+05   0.3115111E+02   0.6002287E+02   0.1652389E+05   0.4144188E-01   0.7361992E-01   0.3068785E-01   0.2016399E-01   0.2194342E+02
   0.6950000E+03   0.5679178E+03   0.1611853E+03   0.2459963E+05   0.3120146E+02   0.6003275E+02   0.1652284E+05   0.4145875E-01   0.7378791E-01   0.3068795E-01   0.2016403E-01   0.2193981E+02
   0.6960000E+03   0.5688132E+03   0.1614063E+03   0.2461893E+05   0.3125193E+02   0.6004262E+02   0.1652179E+05   0.4147563E-01   0.7395593E-01   0.3068804E-01   0.2016407E-01   0.2193619E+02
   0.6970000E+03   0.5696402E+03   0.1616033E+03   0.2463819E+05   0.3130250E+02   0.6005249E+02   0.1652074E+05   0.4149251E-01   0.7412397E-01   0.3068814E-01   0.2016410E-01   0.2193257E+02
   0.6980000E+03   0.5704101E+03   0.1617807E+03   0.2465740E+05   0.3135319E+02   0.6006238E+02   0.1651969E+05   0.4150940E-01   0.7429204E-01   0.3068824E-01   0.2016414E-01   0.2192895E+02
   0.6990000E+03   0.5711323E+03   0.1619421E+03   0.2467656E+05   0.3140400E+02   0.6007225E+02   0.1651864E+05   0.4152630E-01   0.7446013E-01   0.3068833E-01   0.2016418E-01   0.2192532E+02
   0.7000000E+03   0.5718146E+03   0.1620903E+03   0.2469568E+05   0.3145490E+02   0.6008212E+02   0.1651760E+05   0.4154320E-01   0.7462825E-01   0.3068843E-01   0.2016422E-01   0.2192169E+02
   0.7010000E+03   0.5724632E+03   0.1622276E+03   0.2471476E+05   0.3150593E+02   0.6009200E+02   0.1651655E+05   0.4156010E-01   0.7479638E-01   0.3068853E-01   0.2016425E-01   0.2191805E+02
   0.7020000E+03   0.5730834E+03   0.1623562E+03   0.2473379E+05   0.3155706E+02   0.6010188E+02   0.1651550E+05   0.4157702E-01   0.7496453E-01   0.3068862E-01   0.2016429E-01   0.2191441E+02
   0.7030000E+03   0.5736794E+03   0.1624775E+03   0.2475277E+05   0.3160830E+02   0.6011176E+02   0.1651445E+05   0.4159393E-01   0.7513271E-01   0.3068871E-01   0.2016433E-01   0.2191077E+02
   0.7040000E+03   0.5742549E+03   0.1625929E+03   0.2477172E+05   0.3165966E+02   0.6012162E+02   0.1651340E+05   0.4161087E-01   0.7530089E-01   0.3068879E-01   0.2016436E-01   0.2190712E+02
   0.7050000E+03   0.5748125E+03   0.1627035E+03   0.2479062E+05   0.3171113E+02   0.6013150E+02   0.1651235E+05   0.4162780E-01   0.7546911E-01   0.3068888E-01   0.2016440E-01   0.2190347E+02
   0.7060000E+03   0.5753546E+03   0.1628101E+03   0.2480947E+05   0.3176271E+02   0.6014136E+02   0.1651130E+05   0.4164474E-01   0.7563735E-01   0.3068897E-01   0.2016443E-01   0.2189982E+02
   0.7070000E+03   0.5758832E+03   0.1629135E+03   0.2482829E+05   0.3181440E+02   0.6015122E+02   0.1651025E+05   0.4166167E-01   0.7580560E-01   0.3068906E-01   0.2016447E-01   0.2189616E+02
   0.7080000E+03   0.5763997E+03   0.1630141E+03   0.2484705E+05   0.3186621E+02   0.6016109E+02   0.1650921E+05   0.4167862E-01   0.7597387E-01   0.3068914E-01   0.2016450E-01   0.2189250E+02
   0.7090000E+03   0.5769057E+03   0.1631126E+03   0.2486578E+05   0.3191813E+02   0.6017096E+02   0.1650816E+05   0.4169557E-01   0.7614215E-01   0.3068923E-01   0.2016454E-01   0.2188883E+02
   0.7100000E+03   0.5774020E+03   0.1632093E+03   0.2488446E+05   0.3197017E+02   0.6018083E+02   0.1650711E+05   0.4171254E-01   0.7631047E-01   0.3068931E-01   0.2016457E-01   0.2188516E+02
   0.7110000E+03   0.5778897E+03   0.1633046E+03   0.2490310E+05   0.3202231E+02   0.6019069E+02   0.1650606E+05   0.4172950E-01   0.7647880E-01   0.3068940E-01   0.2016461E-01   0.2188148E+02
   0.7120000E+03   0.5783695E+03   0.1633986E+03   0.2492170E+05   0.3207458E+02   0.6020056E+02   0.1650501E+05   0.4174647E-01   0.7664715E-01   0.3068948E-01   0.2016464E-01   0.2187781E+02
   0.7130000E+03   0.5788419E+03   0.1634917E+03   0.2494025E+05   0.3212696E+02   0.6021043E+02   0.1650396E+05   0.4176345E-01   0.7681552E-01   0.3068956E-01   0.2016467E-01   0.2187414E+02
   0.7140000E+03   0.5793074E+03   0.1635840E+03   0.2495876E+05   0.3217945E+02   0.6022029E+02   0.1650292E+05   0.4178043E-01   0.7698391E-01   0.3068964E-01   0.2016471E-01   0.2187045E+02
   0.7150000E+03   0.5797665E+03   0.1636756E+03   0.2497723E+05   0.3223206E+02   0.6023016E+02   0.1650187E+05   0.4179741E-01   0.7715233E-01   0.3068972E-01   0.2016474E-01   0.2186678E+02
   0.7160000E+03   0.5802194E+03   0.1637666E+03   0.2499567E+05   0.3228478E+02   0.6024002E+02   0.1650082E+05   0.4181441E-01   0.7732077E-01   0.3068980E-01   0.2016477E-01   0.2186312E+02
   0.7170000E+03   0.5806665E+03   0.1638572E+03   0.2501409E+05   0.3233762E+02   0.6024989E+02   0.1649977E+05   0.4183142E-01   0.7748923E-01   0.3068988E-01   0.2016481E-01   0.2185953E+02
   0.7180000E+03   0.5811080E+03   0.1639473E+03   0.2503248E+05   0.3239058E+02   0.6025975E+02   0.1649872E+05   0.4184842E-01   0.7765771E-01   0.3068995E-01   0.2016484E-01   0.2185589E+02
   0.7190000E+03   0.5815442E+03   0.1640372E+03   0.2505085E+05   0.3244365E+02   0.6026962E+02   0.1649768E+05   0.4186544E-01   0.7782620E-01   0.3069003E-01   0.2016487E-01   0.2185232E+02
   0.7200000E+03   0.5819752E+03   0.1641268E+03   0.2506920E+05   0.3249683E+02   0.6027948E+02   0.1649663E+05   0.4188246E-01   0.7799472E-01   0.3069010E-01   0.2016490E-01   0.2184871E+02
   0.7210000E+03   0.5824010E+03   0.1642162E+03   0.2508753E+05   0.3255013E+02   0.6028934E+02   0.1649558E+05   0.4189948E-01   0.7816326E-01   0.3069017E-01   0.2016493E-01   0.2184509E+02
   0.7220000E+03   0.5828218E+03   0.1643054E+03   0.2510585E+05   0.3260355E+02   0.6029920E+02   0.1649453E+05   0.4191651E-01   0.7833182E-01   0.3069025E-01   0.2016497E-01   0.2184147E+02
   0.7230000E+03   0.5832377E+03   0.1643945E+03   0.2512414E+05   0.3265708E+02   0.6030905E+02   0.1649349E+05   0.4193354E-01   0.7850040E-01   0.3069032E-01   0.2016500E-01   0.2183784E+02
   0.7240000E+03   0.5836488E+03   0.1644835E+03   0.2514242E+05   0.3271074E+02   0.6031890E+02   0.1649244E+05   0.4195059E-01   0.7866900E-01   0.3069039E-01   0.2016503E-01   0.2183427E+02
   0.7250000E+03   0.5840553E+03   0.1645723E+03   0.2516119E+05   0.3276451E+02   0.6032875E+02   0.1649139E+05   0.4196763E-01   0.7883763E-01   0.3069047E-01   0.2016506E-01   0.2183066E+02
   0.7260000E+03   0.5844572E+03   0.1646610E+03   0.2518094E+05   0.3281841E+02   0.6033860E+02   0.1649034E+05   0.4198468E-01   0.7900627E-01   0.3069054E-01   0.2016509E-01   0.2182705E+02
   0.7270000E+03   0.5848544E+03   0.1647497E+03   0.2520152E+05   0.3287246E+02   0.6034845E+02   0.1648930E+05   0.4200174E-01   0.7917493E-01   0.3069061E-01   0.2016512E-01   0.2182346E+02
   0.7280000E+03   0.5852472E+03   0.1648388E+03   0.2522276E+05   0.3292664E+02   0.6035830E+02   0.1648825E+05   0.4201881E-01   0.7934362E-01   0.3069068E-01   0.2016515E-01   0.2181985E+02
   0.7290000E+03   0.5856354E+03   0.1649311E+03   0.2524456E+05   0.3298097E+02   0.6036815E+02   0.1648720E+05   0.4203589E-01   0.7951234E-01   0.3069075E-01   0.2016518E-01   0.2181620E+02
   0.7300000E+03   0.5860193E+03   0.1650284E+03   0.2526682E+05   0.3303545E+02   0.6037800E+02   0.1648615E+05   0.4205297E-01   0.7968107E-01   0.3069082E-01   0.2016521E-01   0.2181252E+02
   0.7310000E+03   0.5863988E+03   0.1651298E+03   0.2528946E+05   0.3309009E+02   0.6038786E+02   0.1648510E+05   0.4207005E-01   0.7984982E-01   0.3069089E-01   0.2016524E-01   0.2180884E+02
   0.7320000E+03   0.5867739E+03   0.1652330E+03   0.2531214E+05   0.3314487E+02   0.6039771E+02   0.1648405E+05   0.4208714E-01   0.8001859E-01   0.3069096E-01   0.2016526E-01   0.2180515E+02
   0.7330000E+03   0.5871446E+03   0.1653362E+03   0.2533446E+05   0.3319982E+02   0.6040756E+02   0.1648300E+05   0.4210424E-01   0.8018738E-01   0.3069102E-01   0.2016529E-01   0.2180144E+02
   0.7340000E+03   0.5875110E+03   0.1654381E+03   0.2535627E+05   0.3325491E+02   0.6041742E+02   0.1648195E+05   0.4212134E-01   0.8035619E-01   0.3069108E-01   0.2016532E-01   0.2179774E+02
   0.7350000E+03   0.5878732E+03   0.1655381E+03   0.2537759E+05   0.3331015E+02   0.6042726E+02   0.1648090E+05   0.4213846E-01   0.8052504E-01   0.3069114E-01   0.2016534E-01   0.2179403E+02
   0.7360000E+03   0.5882311E+03   0.1656376E+03   0.2539909E+05   0.3336554E+02   0.6043710E+02   0.1647985E+05   0.4215558E-01   0.8069390E-01   0.3069120E-01   0.2016537E-01   0.2179033E+02
   0.7370000E+03   0.5888550E+03   0.1658364E+03   0.2542111E+05   0.3342107E+02   0.6044695E+02   0.1647880E+05   0.4217270E-01   0.8086278E-01   0.3069127E-01   0.2016539E-01   0.2178659E+02
   0.7380000E+03   0.5896970E+03   0.1661179E+03   0.2544355E+05   0.3347676E+02   0.6045679E+02   0.1647775E+05   0.4218983E-01   0.8103167E-01   0.3069132E-01   0.2016542E-01   0.2178282E+02
   0.7390000E+03   0.5907178E+03   0.1664676E+03   0.2546635E+05   0.3353262E+02   0.6046663E+02   0.1647670E+05   0.4220695E-01   0.8120059E-01   0.3069138E-01   0.2016544E-01   0.2177907E+02
   0.7400000E+03   0.5918853E+03   0.1668724E+03   0.2548944E+05   0.3358864E+02   0.6047646E+02   0.1647565E+05   0.4222410E-01   0.8136952E-01   0.3069144E-01   0.2016547E-01   0.2177529E+02
   0.7410000E+03   0.5931729E+03   0.1673210E+03   0.2551279E+05   0.3364481E+02   0.6048630E+02   0.1647460E+05   0.4224125E-01   0.8153847E-01   0.3069150E-01   0.2016549E-01   0.2177151E+02
   0.7420000E+03   0.5945592E+03   0.1678043E+03   0.2553634E+05   0.3370116E+02   0.6049614E+02   0.1647355E+05   0.4225840E-01   0.8170745E-01   0.3069156E-01   0.2016551E-01   0.2176772E+02
   0.7430000E+03   0.5960264E+03   0.1683152E+03   0.2555985E+05   0.3375767E+02   0.6050599E+02   0.1647250E+05   0.4227556E-01   0.8187645E-01   0.3069162E-01   0.2016553E-01   0.2176394E+02
   0.7440000E+03   0.5975598E+03   0.1688484E+03   0.2558307E+05   0.3381435E+02   0.6051583E+02   0.1647145E+05   0.4229272E-01   0.8204547E-01   0.3069168E-01   0.2016556E-01   0.2176015E+02
   0.7450000E+03   0.5990187E+03   0.1693529E+03   0.2560582E+05   0.3387119E+02   0.6052567E+02   0.1647039E+05   0.4230989E-01   0.8221450E-01   0.3069173E-01   0.2016558E-01   0.2175636E+02
   0.7460000E+03   0.6005450E+03   0.1698805E+03   0.2562801E+05   0.3392818E+02   0.6053550E+02   0.1646934E+05   0.4232707E-01   0.8238356E-01   0.3069178E-01   0.2016561E-01   0.2175257E+02
   0.7470000E+03   0.6021270E+03   0.1704269E+03   0.2564963E+05   0.3398532E+02   0.6054535E+02   0.1646829E+05   0.4234425E-01   0.8255263E-01   0.3069184E-01   0.2016563E-01   0.2174877E+02
   0.7480000E+03   0.6037545E+03   0.1709889E+03   0.2567072E+05   0.3404263E+02   0.6055518E+02   0.1646723E+05   0.4236143E-01   0.8272173E-01   0.3069189E-01   0.2016565E-01   0.2174496E+02
   0.7490000E+03   0.6054193E+03   0.1715635E+03   0.2569134E+05   0.3410007E+02   0.6056502E+02   0.1646617E+05   0.4237862E-01   0.8289084E-01   0.3069194E-01   0.2016568E-01   0.2174116E+02
   0.7500000E+03   0.6069948E+03   0.1721053E+03   0.2571156E+05   0.3415767E+02   0.6057485E+02   0.1646512E+05   0.4239581E-01   0.8305997E-01   0.3069199E-01   0.2016570E-01   0.2173735E+02
   0.7510000E+03   0.6083973E+03   0.1725841E+03   0.2573144E+05   0.3421540E+02   0.6058469E+02   0.1646406E+05   0.4241302E-01   0.8322912E-01   0.3069204E-01   0.2016572E-01   0.2173354E+02
   0.7520000E+03   0.6096215E+03   0.1729983E+03   0.2575104E+05   0.3427328E+02   0.6059452E+02   0.1646300E+05   0.4243023E-01   0.8339828E-01   0.3069209E-01   0.2016573E-01   0.2172972E+02
   0.7530000E+03   0.6106880E+03   0.1733558E+03   0.2577041E+05   0.3433131E+02   0.6060436E+02   0.1646195E+05   0.4244745E-01   0.8356747E-01   0.3069214E-01   0.2016575E-01   0.2172590E+02
   0.7540000E+03   0.6116215E+03   0.1736656E+03   0.2578959E+05   0.3438947E+02   0.6061420E+02   0.1646089E+05   0.4246468E-01   0.8373668E-01   0.3069219E-01   0.2016577E-01   0.2172208E+02
   0.7550000E+03   0.6124445E+03   0.1739361E+03   0.2580860E+05   0.3444776E+02   0.6062403E+02   0.1645983E+05   0.4248191E-01   0.8390591E-01   0.3069223E-01   0.2016580E-01   0.2171826E+02
   0.7560000E+03   0.6131761E+03   0.1741745E+03   0.2582769E+05   0.3450620E+02   0.6063387E+02   0.1645877E+05   0.4249915E-01   0.8407518E-01   0.3069228E-01   0.2016582E-01   0.2171444E+02
   0.7570000E+03   0.6138321E+03   0.1743863E+03   0.2584722E+05   0.3456478E+02   0.6064369E+02   0.1645771E+05   0.4251640E-01   0.8424447E-01   0.3069232E-01   0.2016584E-01   0.2171059E+02
   0.7580000E+03   0.6144255E+03   0.1745773E+03   0.2586756E+05   0.3462350E+02   0.6065352E+02   0.1645666E+05   0.4253366E-01   0.8441377E-01   0.3069237E-01   0.2016586E-01   0.2170676E+02
   0.7590000E+03   0.6149669E+03   0.1747520E+03   0.2588864E+05   0.3468238E+02   0.6066335E+02   0.1645560E+05   0.4255092E-01   0.8458311E-01   0.3069241E-01   0.2016588E-01   0.2170293E+02
   0.7600000E+03   0.6154648E+03   0.1749133E+03   0.2591033E+05   0.3474143E+02   0.6067318E+02   0.1645454E+05   0.4256818E-01   0.8475245E-01   0.3069245E-01   0.2016590E-01   0.2169908E+02
   0.7610000E+03   0.6161980E+03   0.1751609E+03   0.2593229E+05   0.3480064E+02   0.6068301E+02   0.1645349E+05   0.4258546E-01   0.8492181E-01   0.3069250E-01   0.2016592E-01   0.2169525E+02
   0.7620000E+03   0.6171238E+03   0.1754789E+03   0.2595421E+05   0.3486000E+02   0.6069283E+02   0.1645244E+05   0.4260273E-01   0.8509121E-01   0.3069254E-01   0.2016594E-01   0.2169139E+02
   0.7630000E+03   0.6182076E+03   0.1758541E+03   0.2597592E+05   0.3491953E+02   0.6070266E+02   0.1645138E+05   0.4262001E-01   0.8526061E-01   0.3069258E-01   0.2016596E-01   0.2168754E+02
   0.7640000E+03   0.6194210E+03   0.1762759E+03   0.2599732E+05   0.3497921E+02   0.6071249E+02   0.1645033E+05   0.4263730E-01   0.8543003E-01   0.3069263E-01   0.2016598E-01   0.2168369E+02
   0.7650000E+03   0.6207407E+03   0.1767358E+03   0.2601835E+05   0.3503905E+02   0.6072232E+02   0.1644927E+05   0.4265460E-01   0.8559948E-01   0.3069267E-01   0.2016600E-01   0.2167983E+02
   0.7660000E+03   0.6221227E+03   0.1772181E+03   0.2603900E+05   0.3509906E+02   0.6073214E+02   0.1644821E+05   0.4267191E-01   0.8576894E-01   0.3069271E-01   0.2016602E-01   0.2167597E+02
   0.7670000E+03   0.6233902E+03   0.1776591E+03   0.2605928E+05   0.3515922E+02   0.6074197E+02   0.1644716E+05   0.4268922E-01   0.8593842E-01   0.3069275E-01   0.2016604E-01   0.2167211E+02
   0.7680000E+03   0.6245059E+03   0.1780458E+03   0.2607921E+05   0.3521952E+02   0.6075179E+02   0.1644610E+05   0.4270654E-01   0.8610791E-01   0.3069279E-01   0.2016605E-01   0.2166824E+02
   0.7690000E+03   0.6254792E+03   0.1783819E+03   0.2609885E+05   0.3527997E+02   0.6076161E+02   0.1644505E+05   0.4272385E-01   0.8627744E-01   0.3069282E-01   0.2016607E-01   0.2166437E+02
   0.7700000E+03   0.6263306E+03   0.1786748E+03   0.2611824E+05   0.3534057E+02   0.6077143E+02   0.1644399E+05   0.4274117E-01   0.8644697E-01   0.3069285E-01   0.2016609E-01   0.2166049E+02
   0.7710000E+03   0.6270801E+03   0.1789320E+03   0.2613741E+05   0.3540131E+02   0.6078126E+02   0.1644294E+05   0.4275850E-01   0.8661653E-01   0.3069288E-01   0.2016610E-01   0.2165661E+02
   0.7720000E+03   0.6277452E+03   0.1791609E+03   0.2615640E+05   0.3546220E+02   0.6079109E+02   0.1644188E+05   0.4277584E-01   0.8678611E-01   0.3069291E-01   0.2016612E-01   0.2165278E+02
   0.7730000E+03   0.6286125E+03   0.1794677E+03   0.2617523E+05   0.3552324E+02   0.6080091E+02   0.1644082E+05   0.4279318E-01   0.8695572E-01   0.3069295E-01   0.2016613E-01   0.2164898E+02
   0.7740000E+03   0.6296456E+03   0.1798408E+03   0.2619394E+05   0.3558441E+02   0.6081073E+02   0.1643977E+05   0.4281052E-01   0.8712535E-01   0.3069298E-01   0.2016615E-01   0.2164515E+02
   0.7750000E+03   0.6308146E+03   0.1802679E+03   0.2621253E+05   0.3564573E+02   0.6082055E+02   0.1643871E+05   0.4282787E-01   0.8729498E-01   0.3069301E-01   0.2016616E-01   0.2164134E+02
   0.7760000E+03   0.6320950E+03   0.1807374E+03   0.2623103E+05   0.3570719E+02   0.6083037E+02   0.1643765E+05   0.4284523E-01   0.8746465E-01   0.3069304E-01   0.2016617E-01   0.2163749E+02
   0.7770000E+03   0.6334670E+03   0.1812395E+03   0.2624947E+05   0.3576880E+02   0.6084019E+02   0.1643659E+05   0.4286260E-01   0.8763433E-01   0.3069307E-01   0.2016619E-01   0.2163365E+02
   0.7780000E+03   0.6349142E+03   0.1817668E+03   0.2626783E+05   0.3583054E+02   0.6085001E+02   0.1643553E+05   0.4287997E-01   0.8780403E-01   0.3069310E-01   0.2016620E-01   0.2162979E+02
   0.7790000E+03   0.6364231E+03   0.1823139E+03   0.2628613E+05   0.3589243E+02   0.6085983E+02   0.1643447E+05   0.4289736E-01   0.8797377E-01   0.3069312E-01   0.2016621E-01   0.2162591E+02
   0.7800000E+03   0.6378585E+03   0.1828325E+03   0.2630438E+05   0.3595445E+02   0.6086964E+02   0.1643341E+05   0.4291474E-01   0.8814351E-01   0.3069315E-01   0.2016623E-01   0.2162203E+02
   0.7810000E+03   0.6391453E+03   0.1832963E+03   0.2632260E+05   0.3601662E+02   0.6087945E+02   0.1643235E+05   0.4293213E-01   0.8831327E-01   0.3069318E-01   0.2016624E-01   0.2161814E+02
   0.7820000E+03   0.6402726E+03   0.1837018E+03   0.2634078E+05   0.3607894E+02   0.6088926E+02   0.1643129E+05   0.4294953E-01   0.8848306E-01   0.3069321E-01   0.2016625E-01   0.2161423E+02
   0.7830000E+03   0.6412539E+03   0.1840544E+03   0.2635893E+05   0.3614139E+02   0.6089908E+02   0.1643023E+05   0.4296693E-01   0.8865287E-01   0.3069323E-01   0.2016627E-01   0.2161030E+02
   0.7840000E+03   0.6421097E+03   0.1843617E+03   0.2637705E+05   0.3620399E+02   0.6090889E+02   0.1642917E+05   0.4298434E-01   0.8882269E-01   0.3069326E-01   0.2016628E-01   0.2160639E+02
   0.7850000E+03   0.6428601E+03   0.1846313E+03   0.2639514E+05   0.3626672E+02   0.6091870E+02   0.1642811E+05   0.4300176E-01   0.8899254E-01   0.3069328E-01   0.2016629E-01   0.2160247E+02
   0.7860000E+03   0.6436327E+03   0.1849088E+03   0.2641321E+05   0.3632961E+02   0.6092852E+02   0.1642705E+05   0.4301918E-01   0.8916240E-01   0.3069331E-01   0.2016630E-01   0.2159854E+02
   0.7870000E+03   0.6443749E+03   0.1851757E+03   0.2643126E+05   0.3639263E+02   0.6093833E+02   0.1642599E+05   0.4303661E-01   0.8933229E-01   0.3069333E-01   0.2016631E-01   0.2159461E+02
   0.7880000E+03   0.6450531E+03   0.1854202E+03   0.2644929E+05   0.3645580E+02   0.6094814E+02   0.1642493E+05   0.4305404E-01   0.8950219E-01   0.3069336E-01   0.2016632E-01   0.2159068E+02
   0.7890000E+03   0.6456622E+03   0.1856406E+03   0.2646730E+05   0.3651911E+02   0.6095796E+02   0.1642388E+05   0.4307148E-01   0.8967210E-01   0.3069338E-01   0.2016634E-01   0.2158674E+02
   0.7900000E+03   0.6462088E+03   0.1858396E+03   0.2648529E+05   0.3658257E+02   0.6096777E+02   0.1642282E+05   0.4308892E-01   0.8984204E-01   0.3069341E-01   0.2016635E-01   0.2158281E+02
   0.7910000E+03   0.6467020E+03   0.1860203E+03   0.2650327E+05   0.3664618E+02   0.6097757E+02   0.1642175E+05   0.4310637E-01   0.9001201E-01   0.3069343E-01   0.2016636E-01   0.2157887E+02
   0.7920000E+03   0.6471504E+03   0.1861863E+03   0.2652122E+05   0.3670992E+02   0.6098738E+02   0.1642069E+05   0.4312382E-01   0.9018199E-01   0.3069344E-01   0.2016637E-01   0.2157813E+02
   0.7930000E+03   0.6475612E+03   0.1863396E+03   0.2653911E+05   0.3677380E+02   0.6099718E+02   0.1641963E+05   0.4314128E-01   0.9035199E-01   0.3069345E-01   0.2016637E-01   0.2157767E+02
   0.7940000E+03   0.6479406E+03   0.1864828E+03   0.2655694E+05   0.3683783E+02   0.6100699E+02   0.1641858E+05   0.4315874E-01   0.9052202E-01   0.3069347E-01   0.2016639E-01   0.2157684E+02
   0.7950000E+03   0.6482937E+03   0.1866178E+03   0.2657472E+05   0.3690200E+02   0.6101680E+02   0.1641752E+05   0.4317621E-01   0.9069207E-01   0.3069349E-01   0.2016640E-01   0.2157546E+02
   0.7960000E+03   0.6486245E+03   0.1867459E+03   0.2659248E+05   0.3696632E+02   0.6102660E+02   0.1641646E+05   0.4319368E-01   0.9086215E-01   0.3069350E-01   0.2016641E-01   0.2157362E+02
   0.7970000E+03   0.6489364E+03   0.1868685E+03   0.2661019E+05   0.3703077E+02   0.6103641E+02   0.1641541E+05   0.4321117E-01   0.9103224E-01   0.3069351E-01   0.2016642E-01   0.2157139E+02
   0.7980000E+03   0.6492321E+03   0.1869865E+03   0.2662785E+05   0.3709537E+02   0.6104622E+02   0.1641435E+05   0.4322865E-01   0.9120235E-01   0.3069353E-01   0.2016643E-01   0.2156885E+02
   0.7990000E+03   0.6495139E+03   0.1871007E+03   0.2664546E+05   0.3716012E+02   0.6105602E+02   0.1641329E+05   0.4324614E-01   0.9137248E-01   0.3069354E-01   0.2016644E-01   0.2156605E+02
   0.8000000E+03   0.6497838E+03   0.1872119E+03   0.2666301E+05   0.3722501E+02   0.6106583E+02   0.1641223E+05   0.4326365E-01   0.9154262E-01   0.3069356E-01   0.2016645E-01   0.2156303E+02
   0.8010000E+03   0.6500430E+03   0.1873205E+03   0.2668050E+05   0.3729005E+02   0.6107563E+02   0.1641117E+05   0.4328116E-01   0.9171277E-01   0.3069357E-01   0.2016646E-01   0.2155984E+02
   0.8020000E+03   0.6502932E+03   0.1874272E+03   0.2669795E+05   0.3735523E+02   0.6108543E+02   0.1641011E+05   0.4329868E-01   0.9188295E-01   0.3069358E-01   0.2016647E-01   0.2155652E+02
   0.8030000E+03   0.6505352E+03   0.1875320E+03   0.2671534E+05   0.3742056E+02   0.6109524E+02   0.1640905E+05   0.4331620E-01   0.9205315E-01   0.3069359E-01   0.2016648E-01   0.2155307E+02
   0.8040000E+03   0.6507698E+03   0.1876355E+03   0.2673267E+05   0.3748604E+02   0.6110504E+02   0.1640799E+05   0.4333372E-01   0.9222337E-01   0.3069360E-01   0.2016649E-01   0.2154952E+02
   0.8050000E+03   0.6509979E+03   0.1877378E+03   0.2674995E+05   0.3755166E+02   0.6111484E+02   0.1640692E+05   0.4335124E-01   0.9239359E-01   0.3069361E-01   0.2016649E-01   0.2154589E+02
   0.8060000E+03   0.6512198E+03   0.1878391E+03   0.2676717E+05   0.3761742E+02   0.6112463E+02   0.1640586E+05   0.4336878E-01   0.9256385E-01   0.3069362E-01   0.2016650E-01   0.2154220E+02
   0.8070000E+03   0.6514362E+03   0.1879398E+03   0.2678547E+05   0.3768335E+02   0.6113443E+02   0.1640480E+05   0.4338633E-01   0.9273411E-01   0.3069363E-01   0.2016651E-01   0.2153862E+02
   0.8080000E+03   0.6516473E+03   0.1880399E+03   0.2680470E+05   0.3774943E+02   0.6114422E+02   0.1640634E+05   0.4362879E-01   0.9290440E-01   0.3069364E-01   0.2016651E-01   0.2153499E+02
   0.8090000E+03   0.6518536E+03   0.1881392E+03   0.2682477E+05   0.3781568E+02   0.6115401E+02   0.1640998E+05   0.4406089E-01   0.9307471E-01   0.3069364E-01   0.2016652E-01   0.2153121E+02
   0.8100000E+03   0.6520552E+03   0.1882384E+03   0.2684561E+05   0.3788210E+02   0.6116380E+02   0.1641791E+05   0.4465432E-01   0.9324503E-01   0.3069364E-01   0.2016652E-01   0.2152743E+02
   0.8110000E+03   0.6522526E+03   0.1883371E+03   0.2686779E+05   0.3794869E+02   0.6117360E+02   0.1642903E+05   0.4538442E-01   0.9341536E-01   0.3069363E-01   0.2016653E-01   0.2152354E+02
   0.8120000E+03   0.6524457E+03   0.1884353E+03   0.2689121E+05   0.3801546E+02   0.6118340E+02   0.1644239E+05   0.4622836E-01   0.9358573E-01   0.3069362E-01   0.2016653E-01   0.2151957E+02
   0.8130000E+03   0.6526349E+03   0.1885333E+03   0.2691569E+05   0.3808242E+02   0.6119319E+02   0.1645728E+05   0.4716608E-01   0.9375610E-01   0.3069359E-01   0.2016654E-01   0.2151539E+02
   0.8140000E+03   0.6528203E+03   0.1886310E+03   0.2694106E+05   0.3814956E+02   0.6120298E+02   0.1647324E+05   0.4818078E-01   0.9392651E-01   0.3069355E-01   0.2016654E-01   0.2151143E+02
   0.8150000E+03   0.6530017E+03   0.1887286E+03   0.2696715E+05   0.3821689E+02   0.6121277E+02   0.1648996E+05   0.4901613E-01   0.9409694E-01   0.3069350E-01   0.2016655E-01   0.2150747E+02
   0.8160000E+03   0.6531795E+03   0.1888259E+03   0.2699382E+05   0.3828441E+02   0.6122256E+02   0.1650726E+05   0.4970462E-01   0.9426740E-01   0.3069343E-01   0.2016655E-01   0.2150349E+02
   0.8170000E+03   0.6533536E+03   0.1889231E+03   0.2702081E+05   0.3835211E+02   0.6123235E+02   0.1652411E+05   0.5027284E-01   0.9443787E-01   0.3069336E-01   0.2016655E-01   0.2149951E+02
   0.8180000E+03   0.6535242E+03   0.1890201E+03   0.2704777E+05   0.3842000E+02   0.6124214E+02   0.1653979E+05   0.5074262E-01   0.9460837E-01   0.3069328E-01   0.2016656E-01   0.2149553E+02
   0.8190000E+03   0.6536913E+03   0.1891171E+03   0.2707444E+05   0.3848809E+02   0.6125193E+02   0.1655300E+05   0.5113176E-01   0.9477889E-01   0.3069319E-01   0.2016656E-01   0.2149153E+02
   0.8200000E+03   0.6538551E+03   0.1892139E+03   0.2710026E+05   0.3855636E+02   0.6126172E+02   0.1656370E+05   0.5145488E-01   0.9494942E-01   0.3069310E-01   0.2016656E-01   0.2148751E+02
   0.8210000E+03   0.6540154E+03   0.1893106E+03   0.2712511E+05   0.3862482E+02   0.6127151E+02   0.1657222E+05   0.5172394E-01   0.9511998E-01   0.3069300E-01   0.2016656E-01   0.2148349E+02
   0.8220000E+03   0.6541725E+03   0.1894073E+03   0.2714905E+05   0.3869346E+02   0.6128130E+02   0.1657895E+05   0.5194874E-01   0.9529056E-01   0.3069289E-01   0.2016656E-01   0.2147947E+02
   0.8230000E+03   0.6543262E+03   0.1895039E+03   0.2717222E+05   0.3876227E+02   0.6129108E+02   0.1658422E+05   0.5213730E-01   0.9546115E-01   0.3069279E-01   0.2016657E-01   0.2147544E+02
   0.8240000E+03   0.6544767E+03   0.1896004E+03   0.2719471E+05   0.3883126E+02   0.6130085E+02   0.1658831E+05   0.5229618E-01   0.9563176E-01   0.3069268E-01   0.2016657E-01   0.2147141E+02
   0.8250000E+03   0.6546239E+03   0.1896968E+03   0.2721664E+05   0.3890041E+02   0.6131063E+02   0.1659143E+05   0.5243076E-01   0.9580238E-01   0.3069257E-01   0.2016657E-01   0.2146738E+02
   0.8260000E+03   0.6547679E+03   0.1897932E+03   0.2723811E+05   0.3896973E+02   0.6132042E+02   0.1659377E+05   0.5254544E-01   0.9597304E-01   0.3069246E-01   0.2016657E-01   0.2146335E+02
   0.8270000E+03   0.6549087E+03   0.1898895E+03   0.2725917E+05   0.3903922E+02   0.6133020E+02   0.1659547E+05   0.5264384E-01   0.9614369E-01   0.3069235E-01   0.2016657E-01   0.2145931E+02
   0.8280000E+03   0.6550463E+03   0.1899857E+03   0.2728096E+05   0.3910887E+02   0.6133999E+02   0.1659665E+05   0.5272889E-01   0.9631438E-01   0.3069224E-01   0.2016657E-01   0.2145538E+02
   0.8290000E+03   0.6551809E+03   0.1900819E+03   0.2730336E+05   0.3917871E+02   0.6134978E+02   0.1659740E+05   0.5280303E-01   0.9648507E-01   0.3069212E-01   0.2016657E-01   0.2145137E+02
   0.8300000E+03   0.6553123E+03   0.1901780E+03   0.2732632E+05   0.3924872E+02   0.6135957E+02   0.1659782E+05   0.5286822E-01   0.9665579E-01   0.3069201E-01   0.2016657E-01   0.2144720E+02
   0.8310000E+03   0.6554406E+03   0.1902740E+03   0.2734977E+05   0.3931892E+02   0.6136935E+02   0.1659795E+05   0.5292609E-01   0.9682652E-01   0.3069189E-01   0.2016657E-01   0.2144327E+02
   0.8320000E+03   0.6555659E+03   0.1903700E+03   0.2737363E+05   0.3938930E+02   0.6137914E+02   0.1659785E+05   0.5297796E-01   0.9699728E-01   0.3069177E-01   0.2016657E-01   0.2143911E+02
   0.8330000E+03   0.6556880E+03   0.1904659E+03   0.2739784E+05   0.3945988E+02   0.6138892E+02   0.1659756E+05   0.5302494E-01   0.9716804E-01   0.3069166E-01   0.2016657E-01   0.2143533E+02
   0.8340000E+03   0.6558071E+03   0.1905617E+03   0.2742234E+05   0.3953065E+02   0.6139870E+02   0.1659712E+05   0.5306789E-01   0.9733883E-01   0.3069154E-01   0.2016657E-01   0.2143163E+02
   0.8350000E+03   0.6559233E+03   0.1906575E+03   0.2744708E+05   0.3960161E+02   0.6140848E+02   0.1659655E+05   0.5310754E-01   0.9750964E-01   0.3069142E-01   0.2016657E-01   0.2142771E+02
   0.8360000E+03   0.6560365E+03   0.1907532E+03   0.2747203E+05   0.3967278E+02   0.6141826E+02   0.1659588E+05   0.5314450E-01   0.9768047E-01   0.3069130E-01   0.2016657E-01   0.2142384E+02
   0.8370000E+03   0.6561467E+03   0.1908489E+03   0.2749713E+05   0.3974414E+02   0.6142804E+02   0.1659513E+05   0.5317926E-01   0.9785134E-01   0.3069118E-01   0.2016657E-01   0.2141992E+02
   0.8380000E+03   0.6562539E+03   0.1909446E+03   0.2752237E+05   0.3981570E+02   0.6143782E+02   0.1659430E+05   0.5321221E-01   0.9802222E-01   0.3069106E-01   0.2016657E-01   0.2141597E+02
   0.8390000E+03   0.6563582E+03   0.1910401E+03   0.2754728E+05   0.3988747E+02   0.6144760E+02   0.1659342E+05   0.5324369E-01   0.9819311E-01   0.3069093E-01   0.2016657E-01   0.2141205E+02
   0.8400000E+03   0.6564597E+03   0.1911358E+03   0.2757153E+05   0.3995943E+02   0.6145738E+02   0.1659250E+05   0.5327396E-01   0.9836403E-01   0.3069080E-01   0.2016657E-01   0.2140804E+02
   0.8410000E+03   0.6565582E+03   0.1912314E+03   0.2759508E+05   0.4003157E+02   0.6146716E+02   0.1659153E+05   0.5330324E-01   0.9853497E-01   0.3069068E-01   0.2016657E-01   0.2140412E+02
   0.8420000E+03   0.6569323E+03   0.1914227E+03   0.2761805E+05   0.4010390E+02   0.6147694E+02   0.1659056E+05   0.5333170E-01   0.9870592E-01   0.3069056E-01   0.2016657E-01   0.2140034E+02
   0.8430000E+03   0.6575351E+03   0.1916925E+03   0.2764041E+05   0.4017640E+02   0.6148671E+02   0.1658961E+05   0.5335950E-01   0.9887689E-01   0.3069044E-01   0.2016656E-01   0.2139637E+02
   0.8440000E+03   0.6583293E+03   0.1920267E+03   0.2766229E+05   0.4024909E+02   0.6149648E+02   0.1658868E+05   0.5338676E-01   0.9904790E-01   0.3069032E-01   0.2016656E-01   0.2139234E+02
   0.8450000E+03   0.6592827E+03   0.1924136E+03   0.2768376E+05   0.4032195E+02   0.6164239E+02   0.1658780E+05   0.5341359E-01   0.9921947E-01   0.3069019E-01   0.2016655E-01   0.2138830E+02
   0.8460000E+03   0.6603679E+03   0.1928441E+03   0.2770489E+05   0.4047970E+02   0.6189997E+02   0.1658693E+05   0.5344006E-01   0.9939207E-01   0.3069007E-01   0.2016655E-01   0.2138400E+02
   0.8470000E+03   0.6615620E+03   0.1933104E+03   0.2772568E+05   0.4070702E+02   0.6224913E+02   0.1658606E+05   0.5346623E-01   0.9956612E-01   0.3068995E-01   0.2016655E-01   0.2137981E+02
   0.8480000E+03   0.6628457E+03   0.1938061E+03   0.2774627E+05   0.4099136E+02   0.6267328E+02   0.1658517E+05   0.5349218E-01   0.9974196E-01   0.3068982E-01   0.2016654E-01   0.2137583E+02
   0.8490000E+03   0.6642029E+03   0.1943259E+03   0.2776669E+05   0.4132246E+02   0.6315879E+02   0.1658425E+05   0.5351793E-01   0.9991980E-01   0.3068970E-01   0.2016654E-01   0.2137172E+02
   0.8500000E+03   0.6656207E+03   0.1948656E+03   0.2778699E+05   0.4169191E+02   0.6369451E+02   0.1658334E+05   0.5354352E-01   0.1000998E+00   0.3068957E-01   0.2016653E-01   0.2136776E+02
   0.8510000E+03   0.6670895E+03   0.1954224E+03   0.2780715E+05   0.4209286E+02   0.6427140E+02   0.1658246E+05   0.5356900E-01   0.1002823E+00   0.3068945E-01   0.2016653E-01   0.2136401E+02
   0.8520000E+03   0.6686032E+03   0.1959933E+03   0.2782723E+05   0.4251973E+02   0.6488229E+02   0.1658161E+05   0.5359438E-01   0.1004673E+00   0.3068932E-01   0.2016652E-01   0.2135993E+02
   0.8530000E+03   0.6701576E+03   0.1965750E+03   0.2784712E+05   0.4296798E+02   0.6552148E+02   0.1658079E+05   0.5361967E-01   0.1006551E+00   0.3068919E-01   0.2016651E-01   0.2135599E+02
   0.8540000E+03   0.6717485E+03   0.1971671E+03   0.2786779E+05   0.4343394E+02   0.6618423E+02   0.1658002E+05   0.5364490E-01   0.1008459E+00   0.3068906E-01   0.2016651E-01   0.2135218E+02
   0.8550000E+03   0.6733730E+03   0.1977680E+03   0.2788928E+05   0.4391458E+02   0.6686664E+02   0.1657928E+05   0.5367008E-01   0.1010398E+00   0.3068893E-01   0.2016650E-01   0.2134834E+02
   0.8560000E+03   0.6750294E+03   0.1983775E+03   0.2791130E+05   0.4440744E+02   0.6756551E+02   0.1657857E+05   0.5369522E-01   0.1012370E+00   0.3068880E-01   0.2016650E-01   0.2134445E+02
   0.8570000E+03   0.6767183E+03   0.1990220E+03   0.2793379E+05   0.4491049E+02   0.6827835E+02   0.1657785E+05   0.5372034E-01   0.1014376E+00   0.3068867E-01   0.2016649E-01   0.2134052E+02
   0.8580000E+03   0.6784414E+03   0.1996962E+03   0.2795618E+05   0.4542206E+02   0.6900308E+02   0.1657710E+05   0.5374545E-01   0.1016418E+00   0.3068854E-01   0.2016648E-01   0.2133656E+02
   0.8590000E+03   0.6802009E+03   0.2003957E+03   0.2797817E+05   0.4594081E+02   0.6973784E+02   0.1657631E+05   0.5377054E-01   0.1018497E+00   0.3068841E-01   0.2016648E-01   0.2133256E+02
   0.8600000E+03   0.6819988E+03   0.2011174E+03   0.2799968E+05   0.4646560E+02   0.7048094E+02   0.1657547E+05   0.5379562E-01   0.1020612E+00   0.3068828E-01   0.2016647E-01   0.2132854E+02
   0.8610000E+03   0.6838376E+03   0.2018584E+03   0.2802073E+05   0.4699545E+02   0.7123088E+02   0.1657458E+05   0.5382070E-01   0.1022763E+00   0.3068814E-01   0.2016646E-01   0.2132451E+02
   0.8620000E+03   0.6857195E+03   0.2026169E+03   0.2804137E+05   0.4752956E+02   0.7198640E+02   0.1657365E+05   0.5384577E-01   0.1024950E+00   0.3068801E-01   0.2016645E-01   0.2132046E+02
   0.8630000E+03   0.6876467E+03   0.2033910E+03   0.2806167E+05   0.4806726E+02   0.7274648E+02   0.1657269E+05   0.5387086E-01   0.1027172E+00   0.3068788E-01   0.2016644E-01   0.2131639E+02
   0.8640000E+03   0.6896210E+03   0.2041798E+03   0.2808165E+05   0.4860796E+02   0.7351030E+02   0.1657170E+05   0.5389595E-01   0.1029430E+00   0.3068775E-01   0.2016643E-01   0.2131231E+02
   0.8650000E+03   0.6916420E+03   0.2049817E+03   0.2810134E+05   0.4915121E+02   0.7427718E+02   0.1657068E+05   0.5392106E-01   0.1031722E+00   0.3068761E-01   0.2016642E-01   0.2130822E+02
   0.8660000E+03   0.6937050E+03   0.2057951E+03   0.2812078E+05   0.4969661E+02   0.7504658E+02   0.1656963E+05   0.5394616E-01   0.1034050E+00   0.3068748E-01   0.2016642E-01   0.2130412E+02
   0.8670000E+03   0.6958036E+03   0.2066181E+03   0.2814000E+05   0.5024387E+02   0.7577389E+02   0.1656857E+05   0.5397128E-01   0.1036409E+00   0.3068734E-01   0.2016641E-01   0.2130002E+02
   0.8680000E+03   0.6979320E+03   0.2074491E+03   0.2815902E+05   0.5079272E+02   0.7639614E+02   0.1656750E+05   0.5399641E-01   0.1038797E+00   0.3068721E-01   0.2016640E-01   0.2129590E+02
   0.8690000E+03   0.7000845E+03   0.2082866E+03   0.2817786E+05   0.5134295E+02   0.7691390E+02   0.1656641E+05   0.5402155E-01   0.1041208E+00   0.3068708E-01   0.2016639E-01   0.2129177E+02
   0.8700000E+03   0.7022569E+03   0.2091296E+03   0.2819654E+05   0.5185434E+02   0.7734144E+02   0.1656532E+05   0.5404670E-01   0.1043637E+00   0.3068695E-01   0.2016638E-01   0.2128763E+02
   0.8710000E+03   0.7044452E+03   0.2099771E+03   0.2821505E+05   0.5230791E+02   0.7769400E+02   0.1656421E+05   0.5407186E-01   0.1046082E+00   0.3068682E-01   0.2016637E-01   0.2128349E+02
   0.8720000E+03   0.7064594E+03   0.2107605E+03   0.2823329E+05   0.5270318E+02   0.7798495E+02   0.1656311E+05   0.5409705E-01   0.1048541E+00   0.3068668E-01   0.2016636E-01   0.2127929E+02
   0.8730000E+03   0.7082414E+03   0.2114592E+03   0.2825138E+05   0.5304624E+02   0.7822543E+02   0.1656201E+05   0.5412224E-01   0.1051010E+00   0.3068655E-01   0.2016635E-01   0.2127532E+02
   0.8740000E+03   0.7098109E+03   0.2120806E+03   0.2826927E+05   0.5334476E+02   0.7842460E+02   0.1656092E+05   0.5414744E-01   0.1053487E+00   0.3068641E-01   0.2016634E-01   0.2127147E+02
   0.8750000E+03   0.7112009E+03   0.2126361E+03   0.2828702E+05   0.5360612E+02   0.7858997E+02   0.1655983E+05   0.5417264E-01   0.1055972E+00   0.3068628E-01   0.2016633E-01   0.2126785E+02
   0.8760000E+03   0.7124421E+03   0.2131364E+03   0.2830462E+05   0.5383684E+02   0.7872767E+02   0.1655874E+05   0.5419786E-01   0.1058463E+00   0.3068615E-01   0.2016632E-01   0.2126436E+02
   0.8770000E+03   0.7135604E+03   0.2135756E+03   0.2832211E+05   0.5404241E+02   0.7884274E+02   0.1655764E+05   0.5422309E-01   0.1060959E+00   0.3068601E-01   0.2016631E-01   0.2126069E+02
   0.8780000E+03   0.7145772E+03   0.2139586E+03   0.2833951E+05   0.5422740E+02   0.7893928E+02   0.1655653E+05   0.5424834E-01   0.1063459E+00   0.3068588E-01   0.2016629E-01   0.2125673E+02
   0.8790000E+03   0.7155101E+03   0.2142935E+03   0.2835684E+05   0.5439557E+02   0.7902068E+02   0.1655542E+05   0.5427358E-01   0.1065962E+00   0.3068574E-01   0.2016628E-01   0.2125323E+02
   0.8800000E+03   0.7163734E+03   0.2145885E+03   0.2837411E+05   0.5454998E+02   0.7908967E+02   0.1655430E+05   0.5429883E-01   0.1068468E+00   0.3068561E-01   0.2016627E-01   0.2124956E+02
   0.8810000E+03   0.7171786E+03   0.2148505E+03   0.2839136E+05   0.5469319E+02   0.7914851E+02   0.1655319E+05   0.5432408E-01   0.1070976E+00   0.3068548E-01   0.2016626E-01   0.2124583E+02
   0.8820000E+03   0.7179355E+03   0.2150843E+03   0.2840854E+05   0.5482725E+02   0.7919904E+02   0.1655207E+05   0.5434936E-01   0.1073487E+00   0.3068534E-01   0.2016624E-01   0.2124143E+02
   0.8830000E+03   0.7186520E+03   0.2152955E+03   0.2842568E+05   0.5495387E+02   0.7924277E+02   0.1655094E+05   0.5437463E-01   0.1075999E+00   0.3068520E-01   0.2016623E-01   0.2123744E+02
   0.8840000E+03   0.7193344E+03   0.2154891E+03   0.2844288E+05   0.5507442E+02   0.7928094E+02   0.1654982E+05   0.5439991E-01   0.1078512E+00   0.3068506E-01   0.2016622E-01   0.2123424E+02
   0.8850000E+03   0.7199879E+03   0.2156676E+03   0.2846009E+05   0.5519006E+02   0.7931452E+02   0.1654869E+05   0.5442520E-01   0.1081027E+00   0.3068492E-01   0.2016620E-01   0.2123013E+02
   0.8860000E+03   0.7206170E+03   0.2158608E+03   0.2847726E+05   0.5530170E+02   0.7934439E+02   0.1654755E+05   0.5445050E-01   0.1083542E+00   0.3068478E-01   0.2016619E-01   0.2122618E+02
   0.8870000E+03   0.7212251E+03   0.2160661E+03   0.2849440E+05   0.5541012E+02   0.7937121E+02   0.1654642E+05   0.5447581E-01   0.1086059E+00   0.3068464E-01   0.2016618E-01   0.2122212E+02
   0.8880000E+03   0.7218151E+03   0.2162805E+03   0.2851140E+05   0.5551593E+02   0.7939552E+02   0.1654529E+05   0.5450113E-01   0.1088576E+00   0.3068450E-01   0.2016616E-01   0.2121765E+02
   0.8890000E+03   0.7223893E+03   0.2165026E+03   0.2852831E+05   0.5561964E+02   0.7941780E+02   0.1654415E+05   0.5452646E-01   0.1091094E+00   0.3068436E-01   0.2016615E-01   0.2121328E+02
   0.8900000E+03   0.7229497E+03   0.2167311E+03   0.2854515E+05   0.5572166E+02   0.7943840E+02   0.1654301E+05   0.5455180E-01   0.1093612E+00   0.3068422E-01   0.2016613E-01   0.2120909E+02
   0.8910000E+03   0.7234980E+03   0.2169651E+03   0.2856190E+05   0.5582235E+02   0.7945762E+02   0.1654187E+05   0.5457714E-01   0.1096131E+00   0.3068407E-01   0.2016612E-01   0.2120497E+02
   0.8920000E+03   0.7240353E+03   0.2172032E+03   0.2857895E+05   0.5592199E+02   0.7947574E+02   0.1654074E+05   0.5460249E-01   0.1098650E+00   0.3068393E-01   0.2016611E-01   0.2120113E+02
   0.8930000E+03   0.7248660E+03   0.2175389E+03   0.2859691E+05   0.5602081E+02   0.7949294E+02   0.1653962E+05   0.5462785E-01   0.1101170E+00   0.3068379E-01   0.2016609E-01   0.2119648E+02
   0.8940000E+03   0.7259368E+03   0.2179481E+03   0.2861556E+05   0.5611899E+02   0.7950938E+02   0.1653849E+05   0.5465322E-01   0.1103690E+00   0.3068364E-01   0.2016608E-01   0.2119238E+02
   0.8950000E+03   0.7272046E+03   0.2184142E+03   0.2863483E+05   0.5621671E+02   0.7952521E+02   0.1653736E+05   0.5467860E-01   0.1106211E+00   0.3068350E-01   0.2016606E-01   0.2118822E+02
   0.8960000E+03   0.7286337E+03   0.2189258E+03   0.2865461E+05   0.5631409E+02   0.7954053E+02   0.1653623E+05   0.5470399E-01   0.1108731E+00   0.3068335E-01   0.2016605E-01   0.2118402E+02
   0.8970000E+03   0.7301948E+03   0.2194737E+03   0.2867488E+05   0.5641124E+02   0.7955545E+02   0.1653510E+05   0.5472939E-01   0.1111253E+00   0.3068321E-01   0.2016603E-01   0.2117975E+02
   0.8980000E+03   0.7316844E+03   0.2199871E+03   0.2869524E+05   0.5650824E+02   0.7957001E+02   0.1653396E+05   0.5475479E-01   0.1113774E+00   0.3068306E-01   0.2016601E-01   0.2117556E+02
   0.8990000E+03   0.7330229E+03   0.2204663E+03   0.2871524E+05   0.5660517E+02   0.7958430E+02   0.1653282E+05   0.5478021E-01   0.1116296E+00   0.3068292E-01   0.2016599E-01   0.2117140E+02
   0.9000000E+03   0.7342132E+03   0.2209088E+03   0.2873476E+05   0.5670206E+02   0.7959837E+02   0.1653168E+05   0.5480563E-01   0.1118818E+00   0.3068277E-01   0.2016598E-01   0.2116720E+02
   0.9010000E+03   0.7352752E+03   0.2213183E+03   0.2875382E+05   0.5679898E+02   0.7961224E+02   0.1653054E+05   0.5483107E-01   0.1121340E+00   0.3068263E-01   0.2016596E-01   0.2116298E+02
   0.9020000E+03   0.7362301E+03   0.2216911E+03   0.2877237E+05   0.5689595E+02   0.7962595E+02   0.1652939E+05   0.5485651E-01   0.1123863E+00   0.3068248E-01   0.2016594E-01   0.2115869E+02
   0.9030000E+03   0.7370958E+03   0.2220252E+03   0.2879053E+05   0.5699298E+02   0.7963954E+02   0.1652825E+05   0.5488197E-01   0.1126386E+00   0.3068234E-01   0.2016593E-01   0.2115452E+02
   0.9040000E+03   0.7378877E+03   0.2223225E+03   0.2880835E+05   0.5709012E+02   0.7965303E+02   0.1652711E+05   0.5490743E-01   0.1128909E+00   0.3068219E-01   0.2016591E-01   0.2115030E+02
   0.9050000E+03   0.7386182E+03   0.2225874E+03   0.2882592E+05   0.5718739E+02   0.7966644E+02   0.1652596E+05   0.5493290E-01   0.1131433E+00   0.3068205E-01   0.2016589E-01   0.2114614E+02
   0.9060000E+03   0.7392975E+03   0.2228248E+03   0.2884322E+05   0.5728479E+02   0.7967979E+02   0.1652482E+05   0.5495838E-01   0.1133957E+00   0.3068191E-01   0.2016587E-01   0.2114190E+02
   0.9070000E+03   0.7402375E+03   0.2231491E+03   0.2886034E+05   0.5738233E+02   0.7969308E+02   0.1652368E+05   0.5498385E-01   0.1136480E+00   0.3068176E-01   0.2016586E-01   0.2113793E+02
   0.9080000E+03   0.7413925E+03   0.2235468E+03   0.2887724E+05   0.5748004E+02   0.7970633E+02   0.1652254E+05   0.5500935E-01   0.1139005E+00   0.3068162E-01   0.2016584E-01   0.2113370E+02
   0.9090000E+03   0.7427261E+03   0.2240062E+03   0.2889391E+05   0.5757792E+02   0.7971954E+02   0.1652142E+05   0.5503485E-01   0.1141529E+00   0.3068147E-01   0.2016582E-01   0.2112930E+02
   0.9100000E+03   0.7442070E+03   0.2245154E+03   0.2891038E+05   0.5767598E+02   0.7973272E+02   0.1652029E+05   0.5506037E-01   0.1144054E+00   0.3068133E-01   0.2016580E-01   0.2112494E+02
   0.9110000E+03   0.7458089E+03   0.2250769E+03   0.2892676E+05   0.5777422E+02   0.7974586E+02   0.1651916E+05   0.5508589E-01   0.1146579E+00   0.3068118E-01   0.2016578E-01   0.2112067E+02
   0.9120000E+03   0.7475099E+03   0.2256857E+03   0.2894305E+05   0.5787264E+02   0.7975899E+02   0.1651803E+05   0.5511142E-01   0.1149104E+00   0.3068103E-01   0.2016576E-01   0.2111635E+02
   0.9130000E+03   0.7492924E+03   0.2263294E+03   0.2895935E+05   0.5797126E+02   0.7977209E+02   0.1651689E+05   0.5513695E-01   0.1151630E+00   0.3068089E-01   0.2016575E-01   0.2111220E+02
   0.9140000E+03   0.7511411E+03   0.2269954E+03   0.2897548E+05   0.5807009E+02   0.7978518E+02   0.1651575E+05   0.5516251E-01   0.1154155E+00   0.3068074E-01   0.2016573E-01   0.2110791E+02
   0.9150000E+03   0.7528562E+03   0.2276072E+03   0.2899157E+05   0.5816911E+02   0.7979826E+02   0.1651462E+05   0.5518806E-01   0.1156681E+00   0.3068060E-01   0.2016571E-01   0.2110366E+02
   0.9160000E+03   0.7543729E+03   0.2281408E+03   0.2900762E+05   0.5826833E+02   0.7981132E+02   0.1651348E+05   0.5521363E-01   0.1159207E+00   0.3068046E-01   0.2016569E-01   0.2109940E+02
   0.9170000E+03   0.7557043E+03   0.2286012E+03   0.2902364E+05   0.5836776E+02   0.7982438E+02   0.1651234E+05   0.5523920E-01   0.1161734E+00   0.3068031E-01   0.2016567E-01   0.2109511E+02
   0.9180000E+03   0.7568782E+03   0.2289998E+03   0.2903963E+05   0.5846740E+02   0.7983743E+02   0.1651119E+05   0.5526478E-01   0.1164260E+00   0.3068017E-01   0.2016565E-01   0.2109089E+02
   0.9190000E+03   0.7579209E+03   0.2293470E+03   0.2905560E+05   0.5856723E+02   0.7985048E+02   0.1651005E+05   0.5529037E-01   0.1166787E+00   0.3068002E-01   0.2016563E-01   0.2108657E+02
   0.9200000E+03   0.7588551E+03   0.2296521E+03   0.2907156E+05   0.5866729E+02   0.7986352E+02   0.1650890E+05   0.5531598E-01   0.1169314E+00   0.3067988E-01   0.2016561E-01   0.2108231E+02
   0.9210000E+03   0.7596995E+03   0.2299226E+03   0.2908750E+05   0.5876754E+02   0.7987655E+02   0.1650776E+05   0.5534159E-01   0.1171841E+00   0.3067973E-01   0.2016558E-01   0.2107802E+02
   0.9220000E+03   0.7604694E+03   0.2301650E+03   0.2910343E+05   0.5886801E+02   0.7988958E+02   0.1650661E+05   0.5536722E-01   0.1174369E+00   0.3067959E-01   0.2016556E-01   0.2107379E+02
   0.9230000E+03   0.7611776E+03   0.2303843E+03   0.2911935E+05   0.5896869E+02   0.7990260E+02   0.1650547E+05   0.5539285E-01   0.1176897E+00   0.3067943E-01   0.2016554E-01   0.2106950E+02
   0.9240000E+03   0.7618343E+03   0.2305850E+03   0.2913527E+05   0.5906958E+02   0.7991563E+02   0.1650432E+05   0.5541848E-01   0.1179425E+00   0.3067928E-01   0.2016552E-01   0.2106534E+02
   0.9250000E+03   0.7624481E+03   0.2307698E+03   0.2915118E+05   0.5917068E+02   0.7992866E+02   0.1650317E+05   0.5544412E-01   0.1181953E+00   0.3067914E-01   0.2016549E-01   0.2106096E+02
   0.9260000E+03   0.7630257E+03   0.2309420E+03   0.2916708E+05   0.5927199E+02   0.7994169E+02   0.1650203E+05   0.5546976E-01   0.1184482E+00   0.3067899E-01   0.2016547E-01   0.2105672E+02
   0.9270000E+03   0.7635729E+03   0.2311036E+03   0.2918298E+05   0.5937351E+02   0.7995470E+02   0.1650088E+05   0.5549543E-01   0.1187011E+00   0.3067884E-01   0.2016544E-01   0.2105240E+02
   0.9280000E+03   0.7640944E+03   0.2312569E+03   0.2919889E+05   0.5947525E+02   0.7996770E+02   0.1649973E+05   0.5552110E-01   0.1189540E+00   0.3067870E-01   0.2016542E-01   0.2104815E+02
   0.9290000E+03   0.7645941E+03   0.2314033E+03   0.2921479E+05   0.5957720E+02   0.7998071E+02   0.1649858E+05   0.5554677E-01   0.1192069E+00   0.3067855E-01   0.2016539E-01   0.2104389E+02
   0.9300000E+03   0.7650748E+03   0.2315438E+03   0.2923069E+05   0.5967937E+02   0.7999372E+02   0.1649743E+05   0.5557245E-01   0.1194598E+00   0.3067840E-01   0.2016537E-01   0.2103957E+02
   0.9310000E+03   0.7655395E+03   0.2316797E+03   0.2924659E+05   0.5978176E+02   0.8000673E+02   0.1649628E+05   0.5559814E-01   0.1197128E+00   0.3067825E-01   0.2016534E-01   0.2103530E+02
   0.9320000E+03   0.7659898E+03   0.2318119E+03   0.2926249E+05   0.5988435E+02   0.8001974E+02   0.1649513E+05   0.5562384E-01   0.1199657E+00   0.3067810E-01   0.2016531E-01   0.2103103E+02
   0.9330000E+03   0.7664278E+03   0.2319412E+03   0.2927849E+05   0.5998718E+02   0.8003275E+02   0.1649399E+05   0.5564955E-01   0.1202188E+00   0.3067795E-01   0.2016529E-01   0.2102687E+02
   0.9340000E+03   0.7668547E+03   0.2320674E+03   0.2929438E+05   0.6009021E+02   0.8004574E+02   0.1649285E+05   0.5567527E-01   0.1204718E+00   0.3067780E-01   0.2016526E-01   0.2102258E+02
   0.9350000E+03   0.7672720E+03   0.2321916E+03   0.2931022E+05   0.6019346E+02   0.8005874E+02   0.1649171E+05   0.5570100E-01   0.1207248E+00   0.3067766E-01   0.2016524E-01   0.2101791E+02
   0.9360000E+03   0.7676804E+03   0.2323140E+03   0.2932606E+05   0.6029693E+02   0.8007175E+02   0.1649057E+05   0.5572672E-01   0.1209779E+00   0.3067751E-01   0.2016521E-01   0.2101362E+02
   0.9370000E+03   0.7680806E+03   0.2324353E+03   0.2934189E+05   0.6040063E+02   0.8008475E+02   0.1648943E+05   0.5575246E-01   0.1212311E+00   0.3067736E-01   0.2016518E-01   0.2100973E+02
   0.9380000E+03   0.7684734E+03   0.2325556E+03   0.2935772E+05   0.6050455E+02   0.8009776E+02   0.1648829E+05   0.5577821E-01   0.1214842E+00   0.3067720E-01   0.2016516E-01   0.2100537E+02
   0.9390000E+03   0.7688593E+03   0.2326745E+03   0.2937355E+05   0.6060869E+02   0.8011076E+02   0.1648715E+05   0.5580396E-01   0.1217374E+00   0.3067705E-01   0.2016514E-01   0.2100088E+02
   0.9400000E+03   0.7692387E+03   0.2327926E+03   0.2938938E+05   0.6071304E+02   0.8012376E+02   0.1648600E+05   0.5582973E-01   0.1219906E+00   0.3067690E-01   0.2016511E-01   0.2099657E+02
   0.9410000E+03   0.7696121E+03   0.2329102E+03   0.2940520E+05   0.6081761E+02   0.8013675E+02   0.1648486E+05   0.5585551E-01   0.1222438E+00   0.3067675E-01   0.2016509E-01   0.2099229E+02
   0.9420000E+03   0.7699796E+03   0.2330275E+03   0.2942103E+05   0.6092240E+02   0.8014975E+02   0.1648371E+05   0.5588130E-01   0.1224970E+00   0.3067661E-01   0.2016506E-01   0.2098800E+02
   0.9430000E+03   0.7703417E+03   0.2331443E+03   0.2943686E+05   0.6102742E+02   0.8016274E+02   0.1648256E+05   0.5590709E-01   0.1227502E+00   0.3067646E-01   0.2016504E-01   0.2098370E+02
   0.9440000E+03   0.7706984E+03   0.2332604E+03   0.2945269E+05   0.6113266E+02   0.8017573E+02   0.1648142E+05   0.5593289E-01   0.1230035E+00   0.3067630E-01   0.2016502E-01   0.2097933E+02
   0.9450000E+03   0.7710500E+03   0.2333762E+03   0.2946852E+05   0.6123813E+02   0.8018871E+02   0.1648027E+05   0.5595871E-01   0.1232568E+00   0.3067615E-01   0.2016499E-01   0.2097500E+02
   0.9460000E+03   0.7713968E+03   0.2334917E+03   0.2948434E+05   0.6134381E+02   0.8020171E+02   0.1647912E+05   0.5598453E-01   0.1235102E+00   0.3067599E-01   0.2016496E-01   0.2097068E+02
   0.9470000E+03   0.7717386E+03   0.2336069E+03   0.2950017E+05   0.6144972E+02   0.8021471E+02   0.1647796E+05   0.5601037E-01   0.1237635E+00   0.3067584E-01   0.2016493E-01   0.2096640E+02
   0.9480000E+03   0.7720757E+03   0.2337221E+03   0.2951599E+05   0.6155584E+02   0.8022769E+02   0.1647681E+05   0.5603622E-01   0.1240169E+00   0.3067568E-01   0.2016490E-01   0.2096210E+02
   0.9490000E+03   0.7724080E+03   0.2338373E+03   0.2953181E+05   0.6166218E+02   0.8024068E+02   0.1647566E+05   0.5606207E-01   0.1242703E+00   0.3067553E-01   0.2016488E-01   0.2095782E+02
   0.9500000E+03   0.7727356E+03   0.2339524E+03   0.2954763E+05   0.6176875E+02   0.8025368E+02   0.1647451E+05   0.5608792E-01   0.1245237E+00   0.3067537E-01   0.2016485E-01   0.2095349E+02
   0.9510000E+03   0.7730588E+03   0.2340672E+03   0.2956346E+05   0.6187553E+02   0.8026667E+02   0.1647336E+05   0.5611379E-01   0.1247772E+00   0.3067522E-01   0.2016482E-01   0.2094913E+02
   0.9520000E+03   0.7733777E+03   0.2341818E+03   0.2957929E+05   0.6198254E+02   0.8027966E+02   0.1647220E+05   0.5613967E-01   0.1250307E+00   0.3067506E-01   0.2016479E-01   0.2094478E+02
   0.9530000E+03   0.7736922E+03   0.2342963E+03   0.2959512E+05   0.6208978E+02   0.8029263E+02   0.1647104E+05   0.5616556E-01   0.1252842E+00   0.3067491E-01   0.2016476E-01   0.2094044E+02
   0.9540000E+03   0.7740023E+03   0.2344108E+03   0.2961094E+05   0.6219724E+02   0.8030562E+02   0.1646989E+05   0.5619145E-01   0.1255376E+00   0.3067475E-01   0.2016473E-01   0.2093612E+02
   0.9550000E+03   0.7743082E+03   0.2345256E+03   0.2962677E+05   0.6230492E+02   0.8031861E+02   0.1646873E+05   0.5621735E-01   0.1257912E+00   0.3067460E-01   0.2016470E-01   0.2093185E+02
   0.9560000E+03   0.7746097E+03   0.2346403E+03   0.2964262E+05   0.6241283E+02   0.8033160E+02   0.1646758E+05   0.5624327E-01   0.1260447E+00   0.3067444E-01   0.2016468E-01   0.2092754E+02
   0.9570000E+03   0.7749070E+03   0.2347552E+03   0.2965851E+05   0.6252097E+02   0.8034458E+02   0.1646644E+05   0.5626918E-01   0.1262983E+00   0.3067428E-01   0.2016465E-01   0.2092329E+02
   0.9580000E+03   0.7752001E+03   0.2348693E+03   0.2967430E+05   0.6262933E+02   0.8035757E+02   0.1646529E+05   0.5629512E-01   0.1265519E+00   0.3067412E-01   0.2016462E-01   0.2091854E+02
   0.9590000E+03   0.7754890E+03   0.2349836E+03   0.2969006E+05   0.6273791E+02   0.8037055E+02   0.1646415E+05   0.5632106E-01   0.1268055E+00   0.3067396E-01   0.2016459E-01   0.2091431E+02
   0.9600000E+03   0.7757737E+03   0.2350979E+03   0.2970583E+05   0.6284673E+02   0.8038353E+02   0.1646301E+05   0.5634700E-01   0.1270591E+00   0.3067380E-01   0.2016456E-01   0.2090998E+02
   0.9610000E+03   0.7760543E+03   0.2352121E+03   0.2972160E+05   0.6295577E+02   0.8039651E+02   0.1646186E+05   0.5637296E-01   0.1273128E+00   0.3067364E-01   0.2016453E-01   0.2090561E+02
   0.9620000E+03   0.7763307E+03   0.2353263E+03   0.2973738E+05   0.6306504E+02   0.8040948E+02   0.1646071E+05   0.5639891E-01   0.1275665E+00   0.3067349E-01   0.2016450E-01   0.2090125E+02
   0.9630000E+03   0.7766032E+03   0.2354403E+03   0.2975316E+05   0.6317453E+02   0.8042246E+02   0.1645957E+05   0.5642488E-01   0.1278202E+00   0.3067333E-01   0.2016447E-01   0.2089689E+02
   0.9640000E+03   0.7768716E+03   0.2355546E+03   0.2976895E+05   0.6328426E+02   0.8043545E+02   0.1645842E+05   0.5645085E-01   0.1280739E+00   0.3067317E-01   0.2016444E-01   0.2089259E+02
   0.9650000E+03   0.7771360E+03   0.2356688E+03   0.2978474E+05   0.6339421E+02   0.8044843E+02   0.1645727E+05   0.5647683E-01   0.1283277E+00   0.3067301E-01   0.2016440E-01   0.2088823E+02
   0.9660000E+03   0.7773962E+03   0.2357831E+03   0.2980054E+05   0.6350438E+02   0.8046140E+02   0.1645612E+05   0.5650283E-01   0.1285815E+00   0.3067286E-01   0.2016437E-01   0.2088389E+02
   0.9670000E+03   0.7776525E+03   0.2359240E+03   0.2981647E+05   0.6361479E+02   0.8047437E+02   0.1645497E+05   0.5652884E-01   0.1288353E+00   0.3067270E-01   0.2016434E-01   0.2087972E+02
   0.9680000E+03   0.7782141E+03   0.2361952E+03   0.2983228E+05   0.6372542E+02   0.8048735E+02   0.1645383E+05   0.5655485E-01   0.1290891E+00   0.3067254E-01   0.2016431E-01   0.2087519E+02
   0.9690000E+03   0.7790278E+03   0.2365734E+03   0.2984804E+05   0.6383628E+02   0.8050033E+02   0.1645269E+05   0.5658087E-01   0.1293430E+00   0.3067238E-01   0.2016428E-01   0.2087077E+02
   0.9700000E+03   0.7800488E+03   0.2370398E+03   0.2986379E+05   0.6394737E+02   0.8051329E+02   0.1645154E+05   0.5660690E-01   0.1295969E+00   0.3067222E-01   0.2016424E-01   0.2086642E+02
   0.9710000E+03   0.7812402E+03   0.2375781E+03   0.2987953E+05   0.6405869E+02   0.8052625E+02   0.1645040E+05   0.5663293E-01   0.1298508E+00   0.3067205E-01   0.2016421E-01   0.2086203E+02
   0.9720000E+03   0.7825712E+03   0.2381754E+03   0.2989528E+05   0.6417023E+02   0.8053922E+02   0.1644925E+05   0.5665898E-01   0.1301047E+00   0.3067189E-01   0.2016417E-01   0.2085766E+02
   0.9730000E+03   0.7840168E+03   0.2388061E+03   0.2991103E+05   0.6428202E+02   0.8055219E+02   0.1644810E+05   0.5668503E-01   0.1303587E+00   0.3067173E-01   0.2016414E-01   0.2085333E+02
   0.9740000E+03   0.7853536E+03   0.2393856E+03   0.2992678E+05   0.6439404E+02   0.8056515E+02   0.1644695E+05   0.5671110E-01   0.1306126E+00   0.3067157E-01   0.2016411E-01   0.2084895E+02
   0.9750000E+03   0.7865167E+03   0.2398904E+03   0.2994252E+05   0.6450628E+02   0.8057811E+02   0.1644580E+05   0.5673717E-01   0.1308666E+00   0.3067140E-01   0.2016408E-01   0.2084469E+02
   0.9760000E+03   0.7875189E+03   0.2403270E+03   0.2995825E+05   0.6461876E+02   0.8059106E+02   0.1644464E+05   0.5676325E-01   0.1311206E+00   0.3067124E-01   0.2016405E-01   0.2084033E+02
   0.9770000E+03   0.7883849E+03   0.2407321E+03   0.2997397E+05   0.6473146E+02   0.8060402E+02   0.1644349E+05   0.5678934E-01   0.1313747E+00   0.3067108E-01   0.2016401E-01   0.2083564E+02
   0.9780000E+03   0.7891381E+03   0.2411112E+03   0.2998972E+05   0.6484441E+02   0.8061697E+02   0.1644234E+05   0.5681543E-01   0.1316287E+00   0.3067092E-01   0.2016398E-01   0.2083128E+02
   0.9790000E+03   0.7897979E+03   0.2414692E+03   0.3000562E+05   0.6495757E+02   0.8062993E+02   0.1644121E+05   0.5684154E-01   0.1318828E+00   0.3067075E-01   0.2016395E-01   0.2082710E+02
   0.9800000E+03   0.7903808E+03   0.2418095E+03   0.3002146E+05   0.6507098E+02   0.8064290E+02   0.1644009E+05   0.5686766E-01   0.1321369E+00   0.3067059E-01   0.2016392E-01   0.2082259E+02
   0.9810000E+03   0.7908998E+03   0.2421351E+03   0.3003712E+05   0.6518461E+02   0.8065585E+02   0.1643897E+05   0.5689379E-01   0.1323911E+00   0.3067042E-01   0.2016389E-01   0.2081786E+02
   0.9820000E+03   0.7913658E+03   0.2424492E+03   0.3005277E+05   0.6529847E+02   0.8066881E+02   0.1643785E+05   0.5691992E-01   0.1326452E+00   0.3067026E-01   0.2016385E-01   0.2081353E+02
   0.9830000E+03   0.7917876E+03   0.2427536E+03   0.3006839E+05   0.6541257E+02   0.8068176E+02   0.1643672E+05   0.5694606E-01   0.1328994E+00   0.3067009E-01   0.2016382E-01   0.2080914E+02
   0.9840000E+03   0.7921727E+03   0.2430479E+03   0.3008401E+05   0.6552690E+02   0.8069470E+02   0.1643559E+05   0.5697221E-01   0.1331536E+00   0.3066993E-01   0.2016378E-01   0.2080477E+02
   0.9850000E+03   0.7925269E+03   0.2433344E+03   0.3009962E+05   0.6564147E+02   0.8070764E+02   0.1643445E+05   0.5699838E-01   0.1334078E+00   0.3066977E-01   0.2016374E-01   0.2080020E+02
   0.9860000E+03   0.7928553E+03   0.2436167E+03   0.3011521E+05   0.6575627E+02   0.8072059E+02   0.1643331E+05   0.5702454E-01   0.1336620E+00   0.3066960E-01   0.2016371E-01   0.2079606E+02
   0.9870000E+03   0.7931618E+03   0.2438952E+03   0.3013077E+05   0.6587131E+02   0.8073353E+02   0.1643216E+05   0.5705073E-01   0.1339162E+00   0.3066944E-01   0.2016368E-01   0.2079168E+02
   0.9880000E+03   0.7934496E+03   0.2441701E+03   0.3014635E+05   0.6598658E+02   0.8074648E+02   0.1643102E+05   0.5707690E-01   0.1341705E+00   0.3066927E-01   0.2016364E-01   0.2078727E+02
   0.9890000E+03   0.7937216E+03   0.2444423E+03   0.3016189E+05   0.6610209E+02   0.8075943E+02   0.1642988E+05   0.5710309E-01   0.1344248E+00   0.3066911E-01   0.2016360E-01   0.2078278E+02
   0.9900000E+03   0.7939798E+03   0.2447124E+03   0.3017746E+05   0.6621783E+02   0.8077238E+02   0.1642873E+05   0.5712930E-01   0.1346792E+00   0.3066894E-01   0.2016357E-01   0.2077842E+02
   0.9910000E+03   0.7942259E+03   0.2449807E+03   0.3019296E+05   0.6633381E+02   0.8078532E+02   0.1642758E+05   0.5715551E-01   0.1349335E+00   0.3066877E-01   0.2016353E-01   0.2077399E+02
   0.9920000E+03   0.7944617E+03   0.2452472E+03   0.3020843E+05   0.6645002E+02   0.8079827E+02   0.1642644E+05   0.5718174E-01   0.1351879E+00   0.3066861E-01   0.2016350E-01   0.2076973E+02
   0.9930000E+03   0.7946884E+03   0.2455101E+03   0.3022385E+05   0.6656647E+02   0.8081122E+02   0.1642530E+05   0.5720797E-01   0.1354423E+00   0.3066844E-01   0.2016346E-01   0.2076517E+02
   0.9940000E+03   0.7949067E+03   0.2457601E+03   0.3023933E+05   0.6668316E+02   0.8082417E+02   0.1642416E+05   0.5723421E-01   0.1356967E+00   0.3066827E-01   0.2016342E-01   0.2076079E+02
   0.9950000E+03   0.7951178E+03   0.2459918E+03   0.3025475E+05   0.6680009E+02   0.8083712E+02   0.1642301E+05   0.5726045E-01   0.1359511E+00   0.3066810E-01   0.2016339E-01   0.2075585E+02
   0.9960000E+03   0.7953222E+03   0.2462061E+03   0.3027014E+05   0.6691725E+02   0.8085007E+02   0.1642187E+05   0.5728670E-01   0.1362056E+00   0.3066794E-01   0.2016335E-01   0.2075156E+02
   0.9970000E+03   0.7955206E+03   0.2464032E+03   0.3028554E+05   0.6703465E+02   0.8086301E+02   0.1642072E+05   0.5731296E-01   0.1364601E+00   0.3066777E-01   0.2016331E-01   0.2074710E+02
   0.9980000E+03   0.7957133E+03   0.2465858E+03   0.3030092E+05   0.6715228E+02   0.8087595E+02   0.1641957E+05   0.5733924E-01   0.1367146E+00   0.3066761E-01   0.2016327E-01   0.2074268E+02
   0.9990000E+03   0.7959008E+03   0.2467559E+03   0.3031630E+05   0.6727014E+02   0.8088888E+02   0.1641842E+05   0.5736552E-01   0.1369691E+00   0.3066744E-01   0.2016324E-01   0.2073824E+02
   0.1000000E+04   0.7960832E+03   0.2469419E+03   0.3033168E+05   0.6738825E+02   0.8090182E+02   0.1641726E+05   0.5739181E-01   0.1372237E+00   0.3066728E-01   0.2016320E-01   0.2073383E+02
   0.1001000E+04   0.7962608E+03   0.2471411E+03   0.3034707E+05   0.6750661E+02   0.8091475E+02   0.1641611E+05   0.5741811E-01   0.1374782E+00   0.3066711E-01   0.2016316E-01   0.2072939E+02
   0.1002000E+04   0.7964341E+03   0.2473511E+03   0.3036246E+05   0.6762519E+02   0.8092767E+02   0.1641496E+05   0.5744441E-01   0.1377328E+00   0.3066695E-01   0.2016312E-01   0.2072498E+02
   0.1003000E+04   0.7966030E+03   0.2475703E+03   0.3037784E+05   0.6774403E+02   0.8094061E+02   0.1641380E+05   0.5747072E-01   0.1379874E+00   0.3066678E-01   0.2016309E-01   0.2072063E+02
   0.1004000E+04   0.7967679E+03   0.2477962E+03   0.3039323E+05   0.6786311E+02   0.8095354E+02   0.1641265E+05   0.5749703E-01   0.1382421E+00   0.3066662E-01   0.2016305E-01   0.2071612E+02
   0.1005000E+04   0.7969290E+03   0.2480175E+03   0.3040862E+05   0.6798242E+02   0.8096647E+02   0.1641149E+05   0.5752336E-01   0.1384967E+00   0.3066645E-01   0.2016301E-01   0.2071170E+02
   0.1006000E+04   0.7970859E+03   0.2482251E+03   0.3042401E+05   0.6810197E+02   0.8097940E+02   0.1641033E+05   0.5754970E-01   0.1387514E+00   0.3066628E-01   0.2016297E-01   0.2070722E+02
   0.1007000E+04   0.7972390E+03   0.2484174E+03   0.3043941E+05   0.6822176E+02   0.8099233E+02   0.1640918E+05   0.5757605E-01   0.1390061E+00   0.3066611E-01   0.2016293E-01   0.2070271E+02
   0.1008000E+04   0.7973882E+03   0.2485960E+03   0.3045481E+05   0.6834180E+02   0.8100527E+02   0.1640802E+05   0.5760240E-01   0.1392608E+00   0.3066594E-01   0.2016289E-01   0.2069829E+02
   0.1009000E+04   0.7975338E+03   0.2487629E+03   0.3047021E+05   0.6846207E+02   0.8101820E+02   0.1640687E+05   0.5762875E-01   0.1395155E+00   0.3066578E-01   0.2016285E-01   0.2069385E+02
   0.1010000E+04   0.7976760E+03   0.2489200E+03   0.3048561E+05   0.6858260E+02   0.8103113E+02   0.1640571E+05   0.5765511E-01   0.1397703E+00   0.3066561E-01   0.2016281E-01   0.2068947E+02
   0.1011000E+04   0.7978145E+03   0.2490690E+03   0.3050102E+05   0.6870335E+02   0.8104404E+02   0.1640455E+05   0.5768149E-01   0.1400251E+00   0.3066544E-01   0.2016277E-01   0.2068505E+02
   0.1012000E+04   0.7979495E+03   0.2492114E+03   0.3051643E+05   0.6882436E+02   0.8105696E+02   0.1640339E+05   0.5770787E-01   0.1402799E+00   0.3066527E-01   0.2016273E-01   0.2068053E+02
   0.1013000E+04   0.7980811E+03   0.2493483E+03   0.3053185E+05   0.6894559E+02   0.8106988E+02   0.1640223E+05   0.5773427E-01   0.1405347E+00   0.3066510E-01   0.2016269E-01   0.2067607E+02
   0.1014000E+04   0.7982092E+03   0.2494817E+03   0.3054727E+05   0.6906708E+02   0.8108279E+02   0.1640107E+05   0.5776067E-01   0.1407896E+00   0.3066493E-01   0.2016265E-01   0.2067162E+02
   0.1015000E+04   0.7983340E+03   0.2496116E+03   0.3056270E+05   0.6918880E+02   0.8109570E+02   0.1639991E+05   0.5778708E-01   0.1410445E+00   0.3066476E-01   0.2016261E-01   0.2066718E+02
   0.1016000E+04   0.7984554E+03   0.2497384E+03   0.3057812E+05   0.6931078E+02   0.8110861E+02   0.1639874E+05   0.5781350E-01   0.1412994E+00   0.3066459E-01   0.2016257E-01   0.2066283E+02
   0.1017000E+04   0.7985732E+03   0.2498627E+03   0.3059356E+05   0.6943299E+02   0.8112153E+02   0.1639758E+05   0.5783993E-01   0.1415543E+00   0.3066443E-01   0.2016253E-01   0.2065828E+02
   0.1018000E+04   0.7986878E+03   0.2499851E+03   0.3060900E+05   0.6955545E+02   0.8113444E+02   0.1639642E+05   0.5786637E-01   0.1418092E+00   0.3066426E-01   0.2016249E-01   0.2065382E+02
   0.1019000E+04   0.7987991E+03   0.2501060E+03   0.3062447E+05   0.6967815E+02   0.8114736E+02   0.1639526E+05   0.5789283E-01   0.1420642E+00   0.3066408E-01   0.2016245E-01   0.2064956E+02
   0.1020000E+04   0.7992230E+03   0.2503607E+03   0.3063993E+05   0.6980109E+02   0.8116029E+02   0.1639411E+05   0.5791928E-01   0.1423192E+00   0.3066391E-01   0.2016241E-01   0.2064513E+02
   0.1021000E+04   0.7999066E+03   0.2507255E+03   0.3065534E+05   0.6992428E+02   0.8117320E+02   0.1639296E+05   0.5794574E-01   0.1425742E+00   0.3066374E-01   0.2016237E-01   0.2064064E+02
   0.1022000E+04   0.8008055E+03   0.2511813E+03   0.3067064E+05   0.7004771E+02   0.8118612E+02   0.1639180E+05   0.5797221E-01   0.1428292E+00   0.3066357E-01   0.2016233E-01   0.2063638E+02
   0.1023000E+04   0.8018824E+03   0.2517114E+03   0.3068592E+05   0.7017140E+02   0.8119903E+02   0.1639065E+05   0.5799868E-01   0.1430842E+00   0.3066340E-01   0.2016229E-01   0.2063199E+02
   0.1024000E+04   0.8031052E+03   0.2523010E+03   0.3070121E+05   0.7029533E+02   0.8121194E+02   0.1638949E+05   0.5802517E-01   0.1433393E+00   0.3066323E-01   0.2016225E-01   0.2062731E+02
   0.1025000E+04   0.8044481E+03   0.2529400E+03   0.3071648E+05   0.7041949E+02   0.8122484E+02   0.1638833E+05   0.5805166E-01   0.1435944E+00   0.3066306E-01   0.2016221E-01   0.2062284E+02
   0.1026000E+04   0.8058896E+03   0.2536066E+03   0.3073176E+05   0.7054391E+02   0.8123775E+02   0.1638718E+05   0.5807817E-01   0.1438495E+00   0.3066289E-01   0.2016217E-01   0.2061836E+02
   0.1027000E+04   0.8072918E+03   0.2542463E+03   0.3074704E+05   0.7066856E+02   0.8125065E+02   0.1638602E+05   0.5810468E-01   0.1441046E+00   0.3066272E-01   0.2016212E-01   0.2061386E+02
   0.1028000E+04   0.8085099E+03   0.2548082E+03   0.3076233E+05   0.7079347E+02   0.8126355E+02   0.1638486E+05   0.5813120E-01   0.1443598E+00   0.3066255E-01   0.2016208E-01   0.2060938E+02
   0.1029000E+04   0.8095415E+03   0.2552932E+03   0.3077762E+05   0.7091862E+02   0.8127646E+02   0.1638370E+05   0.5815773E-01   0.1446150E+00   0.3066237E-01   0.2016204E-01   0.2060497E+02
   0.1030000E+04   0.8104123E+03   0.2557121E+03   0.3079290E+05   0.7104401E+02   0.8128935E+02   0.1638254E+05   0.5818427E-01   0.1448702E+00   0.3066220E-01   0.2016200E-01   0.2060051E+02
   0.1031000E+04   0.8111492E+03   0.2560761E+03   0.3080820E+05   0.7116965E+02   0.8130225E+02   0.1638138E+05   0.5821082E-01   0.1451254E+00   0.3066202E-01   0.2016195E-01   0.2059604E+02
   0.1032000E+04   0.8117755E+03   0.2563951E+03   0.3082351E+05   0.7129554E+02   0.8131516E+02   0.1638022E+05   0.5823737E-01   0.1453806E+00   0.3066185E-01   0.2016191E-01   0.2059156E+02
   0.1033000E+04   0.8123106E+03   0.2566807E+03   0.3083881E+05   0.7142168E+02   0.8132806E+02   0.1637906E+05   0.5826394E-01   0.1456359E+00   0.3066167E-01   0.2016186E-01   0.2058710E+02
   0.1034000E+04   0.8127703E+03   0.2569423E+03   0.3085413E+05   0.7154807E+02   0.8134095E+02   0.1637789E+05   0.5829050E-01   0.1458912E+00   0.3066150E-01   0.2016182E-01   0.2058244E+02
   0.1035000E+04   0.8131678E+03   0.2571860E+03   0.3086943E+05   0.7167470E+02   0.8135384E+02   0.1637673E+05   0.5831708E-01   0.1461465E+00   0.3066132E-01   0.2016178E-01   0.2057792E+02
   0.1036000E+04   0.8135135E+03   0.2574140E+03   0.3088473E+05   0.7180158E+02   0.8136673E+02   0.1637557E+05   0.5834367E-01   0.1464019E+00   0.3066115E-01   0.2016173E-01   0.2057344E+02
   0.1037000E+04   0.8138163E+03   0.2576264E+03   0.3090003E+05   0.7192872E+02   0.8137962E+02   0.1637441E+05   0.5837025E-01   0.1466572E+00   0.3066097E-01   0.2016168E-01   0.2056895E+02
   0.1038000E+04   0.8140836E+03   0.2578239E+03   0.3091536E+05   0.7205610E+02   0.8139252E+02   0.1637325E+05   0.5839686E-01   0.1469126E+00   0.3066080E-01   0.2016164E-01   0.2056460E+02
   0.1039000E+04   0.8143209E+03   0.2580079E+03   0.3093068E+05   0.7218372E+02   0.8140541E+02   0.1637210E+05   0.5842348E-01   0.1471680E+00   0.3066062E-01   0.2016159E-01   0.2056015E+02
   0.1040000E+04   0.8148517E+03   0.2582888E+03   0.3094598E+05   0.7231160E+02   0.8141830E+02   0.1637095E+05   0.5845011E-01   0.1474234E+00   0.3066044E-01   0.2016155E-01   0.2055552E+02
   0.1041000E+04   0.8156239E+03   0.2586491E+03   0.3096125E+05   0.7243973E+02   0.8143118E+02   0.1636980E+05   0.5847675E-01   0.1476789E+00   0.3066027E-01   0.2016150E-01   0.2055101E+02
   0.1042000E+04   0.8165943E+03   0.2590745E+03   0.3097650E+05   0.7256811E+02   0.8144407E+02   0.1636865E+05   0.5850339E-01   0.1479343E+00   0.3066009E-01   0.2016145E-01   0.2054651E+02
   0.1043000E+04   0.8177273E+03   0.2595531E+03   0.3099171E+05   0.7269673E+02   0.8145695E+02   0.1636750E+05   0.5853004E-01   0.1481898E+00   0.3065991E-01   0.2016141E-01   0.2054202E+02
   0.1044000E+04   0.8189940E+03   0.2600752E+03   0.3100690E+05   0.7282561E+02   0.8146983E+02   0.1636634E+05   0.5855670E-01   0.1484453E+00   0.3065974E-01   0.2016136E-01   0.2053753E+02
   0.1045000E+04   0.8201821E+03   0.2605685E+03   0.3102206E+05   0.7295475E+02   0.8148272E+02   0.1636518E+05   0.5858337E-01   0.1487008E+00   0.3065956E-01   0.2016131E-01   0.2053304E+02
   0.1046000E+04   0.8212039E+03   0.2610031E+03   0.3103720E+05   0.7308412E+02   0.8149561E+02   0.1636402E+05   0.5861004E-01   0.1489564E+00   0.3065938E-01   0.2016127E-01   0.2052854E+02
   0.1047000E+04   0.8220663E+03   0.2613822E+03   0.3105231E+05   0.7321375E+02   0.8150848E+02   0.1636286E+05   0.5863673E-01   0.1492119E+00   0.3065920E-01   0.2016122E-01   0.2052404E+02
   0.1048000E+04   0.8227930E+03   0.2617142E+03   0.3106739E+05   0.7334364E+02   0.8152136E+02   0.1636170E+05   0.5866342E-01   0.1494675E+00   0.3065903E-01   0.2016117E-01   0.2051954E+02
   0.1049000E+04   0.8234069E+03   0.2620071E+03   0.3108244E+05   0.7347377E+02   0.8153424E+02   0.1636053E+05   0.5869012E-01   0.1497231E+00   0.3065885E-01   0.2016113E-01   0.2051505E+02
   0.1050000E+04   0.8239277E+03   0.2622681E+03   0.3109748E+05   0.7360416E+02   0.8154713E+02   0.1635937E+05   0.5871683E-01   0.1499788E+00   0.3065868E-01   0.2016108E-01   0.2051055E+02
   0.1051000E+04   0.8243715E+03   0.2625030E+03   0.3111252E+05   0.7373479E+02   0.8156002E+02   0.1635821E+05   0.5874355E-01   0.1502344E+00   0.3065850E-01   0.2016104E-01   0.2050606E+02
   0.1052000E+04   0.8247520E+03   0.2627163E+03   0.3112754E+05   0.7386568E+02   0.8157290E+02   0.1635705E+05   0.5877028E-01   0.1504901E+00   0.3065832E-01   0.2016099E-01   0.2050154E+02
   0.1053000E+04   0.8250797E+03   0.2629121E+03   0.3114256E+05   0.7399682E+02   0.8158577E+02   0.1635588E+05   0.5879702E-01   0.1507457E+00   0.3065814E-01   0.2016095E-01   0.2049703E+02
   0.1054000E+04   0.8253637E+03   0.2630935E+03   0.3115758E+05   0.7412822E+02   0.8159865E+02   0.1635472E+05   0.5882377E-01   0.1510015E+00   0.3065797E-01   0.2016090E-01   0.2049252E+02
   0.1055000E+04   0.8256115E+03   0.2632631E+03   0.3117261E+05   0.7425986E+02   0.8161152E+02   0.1635356E+05   0.5885051E-01   0.1512572E+00   0.3065779E-01   0.2016085E-01   0.2048802E+02
   0.1056000E+04   0.8258287E+03   0.2634230E+03   0.3118764E+05   0.7439177E+02   0.8162440E+02   0.1635240E+05   0.5887727E-01   0.1515130E+00   0.3065761E-01   0.2016080E-01   0.2048351E+02
   0.1057000E+04   0.8260204E+03   0.2635750E+03   0.3120268E+05   0.7452393E+02   0.8163727E+02   0.1635123E+05   0.5890403E-01   0.1517688E+00   0.3065743E-01   0.2016076E-01   0.2047899E+02
   0.1058000E+04   0.8261909E+03   0.2637205E+03   0.3121771E+05   0.7465634E+02   0.8165013E+02   0.1635007E+05   0.5893081E-01   0.1520246E+00   0.3065725E-01   0.2016071E-01   0.2047448E+02
   0.1059000E+04   0.8263432E+03   0.2638607E+03   0.3123276E+05   0.7478902E+02   0.8166299E+02   0.1634890E+05   0.5895758E-01   0.1522805E+00   0.3065707E-01   0.2016066E-01   0.2046996E+02
   0.1060000E+04   0.8264802E+03   0.2639965E+03   0.3124780E+05   0.7492194E+02   0.8167587E+02   0.1634774E+05   0.5898437E-01   0.1525363E+00   0.3065689E-01   0.2016061E-01   0.2046545E+02
   0.1061000E+04   0.8266038E+03   0.2641287E+03   0.3126285E+05   0.7505510E+02   0.8168874E+02   0.1634657E+05   0.5901117E-01   0.1527922E+00   0.3065671E-01   0.2016056E-01   0.2046093E+02
   0.1062000E+04   0.8267160E+03   0.2642580E+03   0.3127789E+05   0.7518853E+02   0.8170160E+02   0.1634541E+05   0.5903798E-01   0.1530481E+00   0.3065653E-01   0.2016051E-01   0.2045641E+02
   0.1063000E+04   0.8268184E+03   0.2643848E+03   0.3129295E+05   0.7532222E+02   0.8171446E+02   0.1634424E+05   0.5906479E-01   0.1533040E+00   0.3065635E-01   0.2016046E-01   0.2045189E+02
   0.1064000E+04   0.8269121E+03   0.2645096E+03   0.3130802E+05   0.7545617E+02   0.8172732E+02   0.1634308E+05   0.5909161E-01   0.1535599E+00   0.3065617E-01   0.2016041E-01   0.2044737E+02
   0.1065000E+04   0.8269982E+03   0.2646327E+03   0.3132308E+05   0.7559038E+02   0.8174017E+02   0.1634192E+05   0.5911845E-01   0.1538159E+00   0.3065599E-01   0.2016036E-01   0.2044284E+02
   0.1066000E+04   0.8270775E+03   0.2647545E+03   0.3133814E+05   0.7572484E+02   0.8175304E+02   0.1634075E+05   0.5914529E-01   0.1540719E+00   0.3065580E-01   0.2016031E-01   0.2043832E+02
   0.1067000E+04   0.8271505E+03   0.2648752E+03   0.3135321E+05   0.7585956E+02   0.8176589E+02   0.1633958E+05   0.5917214E-01   0.1543279E+00   0.3065562E-01   0.2016026E-01   0.2043379E+02
   0.1068000E+04   0.8272180E+03   0.2649949E+03   0.3136827E+05   0.7599453E+02   0.8177875E+02   0.1633842E+05   0.5919900E-01   0.1545839E+00   0.3065544E-01   0.2016021E-01   0.2042926E+02
   0.1069000E+04   0.8272805E+03   0.2651138E+03   0.3138334E+05   0.7612977E+02   0.8179160E+02   0.1633725E+05   0.5922586E-01   0.1548400E+00   0.3065526E-01   0.2016016E-01   0.2042473E+02
   0.1070000E+04   0.8273381E+03   0.2652321E+03   0.3139843E+05   0.7626526E+02   0.8180447E+02   0.1633608E+05   0.5925275E-01   0.1550960E+00   0.3065508E-01   0.2016011E-01   0.2042020E+02
   0.1071000E+04   0.8273914E+03   0.2653498E+03   0.3141350E+05   0.7640100E+02   0.8181733E+02   0.1633492E+05   0.5927963E-01   0.1553521E+00   0.3065490E-01   0.2016006E-01   0.2041567E+02
   0.1072000E+04   0.8274406E+03   0.2654671E+03   0.3142857E+05   0.7653699E+02   0.8183018E+02   0.1633375E+05   0.5930652E-01   0.1556082E+00   0.3065472E-01   0.2016001E-01   0.2041114E+02
   0.1073000E+04   0.8274859E+03   0.2655841E+03   0.3144365E+05   0.7667324E+02   0.8184303E+02   0.1633259E+05   0.5933343E-01   0.1558643E+00   0.3065454E-01   0.2015996E-01   0.2040663E+02
   0.1074000E+04   0.8275275E+03   0.2657007E+03   0.3145872E+05   0.7680975E+02   0.8185589E+02   0.1633142E+05   0.5936034E-01   0.1561204E+00   0.3065436E-01   0.2015991E-01   0.2040208E+02
   0.1075000E+04   0.8275654E+03   0.2658170E+03   0.3147378E+05   0.7694652E+02   0.8186874E+02   0.1633026E+05   0.5938726E-01   0.1563766E+00   0.3065418E-01   0.2015986E-01   0.2039775E+02
   0.1076000E+04   0.8275999E+03   0.2659331E+03   0.3148885E+05   0.7708354E+02   0.8188158E+02   0.1632910E+05   0.5941419E-01   0.1566328E+00   0.3065399E-01   0.2015981E-01   0.2039322E+02
   0.1077000E+04   0.8276309E+03   0.2660490E+03   0.3150390E+05   0.7722083E+02   0.8189442E+02   0.1632793E+05   0.5944111E-01   0.1568890E+00   0.3065381E-01   0.2015976E-01   0.2038869E+02
   0.1078000E+04   0.8276588E+03   0.2661660E+03   0.3151895E+05   0.7735837E+02   0.8190727E+02   0.1632677E+05   0.5946806E-01   0.1571452E+00   0.3065363E-01   0.2015971E-01   0.2038415E+02
   0.1079000E+04   0.8276835E+03   0.2662903E+03   0.3153400E+05   0.7749618E+02   0.8192013E+02   0.1632561E+05   0.5949501E-01   0.1574014E+00   0.3065345E-01   0.2015966E-01   0.2037962E+02
   0.1080000E+04   0.8277050E+03   0.2664251E+03   0.3154902E+05   0.7763423E+02   0.8193297E+02   0.1632445E+05   0.5952197E-01   0.1576577E+00   0.3065327E-01   0.2015961E-01   0.2037501E+02
   0.1081000E+04   0.8277235E+03   0.2665684E+03   0.3156405E+05   0.7777255E+02   0.8194581E+02   0.1632329E+05   0.5954893E-01   0.1579140E+00   0.3065309E-01   0.2015955E-01   0.2037047E+02
   0.1082000E+04   0.8277390E+03   0.2667155E+03   0.3157909E+05   0.7791113E+02   0.8195866E+02   0.1632213E+05   0.5957590E-01   0.1581704E+00   0.3065290E-01   0.2015950E-01   0.2036611E+02
   0.1083000E+04   0.8277513E+03   0.2668621E+03   0.3159411E+05   0.7804997E+02   0.8197150E+02   0.1632097E+05   0.5960288E-01   0.1584267E+00   0.3065272E-01   0.2015945E-01   0.2036157E+02
   0.1084000E+04   0.8277606E+03   0.2670058E+03   0.3160913E+05   0.7818907E+02   0.8198434E+02   0.1631981E+05   0.5962986E-01   0.1586831E+00   0.3065254E-01   0.2015940E-01   0.2035703E+02
   0.1085000E+04   0.8277673E+03   0.2671455E+03   0.3162417E+05   0.7832845E+02   0.8199717E+02   0.1631864E+05   0.5965685E-01   0.1589395E+00   0.3065235E-01   0.2015935E-01   0.2035248E+02
   0.1086000E+04   0.8277710E+03   0.2672821E+03   0.3163920E+05   0.7846808E+02   0.8200999E+02   0.1631748E+05   0.5968385E-01   0.1591959E+00   0.3065217E-01   0.2015929E-01   0.2034792E+02
   0.1087000E+04   0.8277719E+03   0.2674167E+03   0.3165425E+05   0.7860796E+02   0.8202283E+02   0.1631631E+05   0.5971088E-01   0.1594524E+00   0.3065199E-01   0.2015924E-01   0.2034337E+02
   0.1088000E+04   0.8277698E+03   0.2675522E+03   0.3166930E+05   0.7874812E+02   0.8203566E+02   0.1631514E+05   0.5973790E-01   0.1597088E+00   0.3065181E-01   0.2015918E-01   0.2033883E+02
   0.1089000E+04   0.8277653E+03   0.2676906E+03   0.3168432E+05   0.7888853E+02   0.8204849E+02   0.1631398E+05   0.5976493E-01   0.1599653E+00   0.3065163E-01   0.2015913E-01   0.2033427E+02
   0.1090000E+04   0.8277577E+03   0.2678319E+03   0.3169936E+05   0.7902921E+02   0.8206133E+02   0.1631281E+05   0.5979197E-01   0.1602218E+00   0.3065144E-01   0.2015907E-01   0.2032968E+02
   0.1091000E+04   0.8277475E+03   0.2679743E+03   0.3171440E+05   0.7917016E+02   0.8207417E+02   0.1631164E+05   0.5981901E-01   0.1604784E+00   0.3065125E-01   0.2015902E-01   0.2032513E+02
   0.1092000E+04   0.8277346E+03   0.2681158E+03   0.3172945E+05   0.7931136E+02   0.8208701E+02   0.1631047E+05   0.5984607E-01   0.1607349E+00   0.3065106E-01   0.2015897E-01   0.2032056E+02
   0.1093000E+04   0.8277190E+03   0.2682546E+03   0.3174450E+05   0.7945284E+02   0.8209985E+02   0.1630930E+05   0.5987315E-01   0.1609915E+00   0.3065087E-01   0.2015891E-01   0.2031600E+02
   0.1094000E+04   0.8277005E+03   0.2683906E+03   0.3175957E+05   0.7959456E+02   0.8211267E+02   0.1630813E+05   0.5990022E-01   0.1612481E+00   0.3065069E-01   0.2015885E-01   0.2031148E+02
   0.1095000E+04   0.8276793E+03   0.2685245E+03   0.3177498E+05   0.7973655E+02   0.8212550E+02   0.1630696E+05   0.5992730E-01   0.1615047E+00   0.3065051E-01   0.2015880E-01   0.2030691E+02
   0.1096000E+04   0.8279792E+03   0.2687661E+03   0.3179132E+05   0.7987881E+02   0.8213832E+02   0.1630580E+05   0.5995439E-01   0.1617613E+00   0.3065032E-01   0.2015874E-01   0.2030234E+02
