  STEP   TOTAL TIME             LOCATION OF OBSERVATION POINTS (I,J,K)
   43   45    1   50   46    1   58   41    1   68   36    1   70   46    1   75   29    1   78   43    1   78   44    1   83   41    1   84   43    1  101   33    1
   0.1000000E+01   0.1321879E+03   0.6545975E+02  -0.9990000E+03   0.3166217E+02   0.2090184E+03  -0.9990000E+03   0.1092198E+03   0.9832355E+02   0.4791481E+02   0.4647149E+02   0.9368065E+03
   0.2000000E+01   0.1321456E+03   0.6554939E+02  -0.9990000E+03   0.3174422E+02   0.2090569E+03  -0.9990000E+03   0.1092097E+03   0.9831700E+02   0.4791961E+02   0.4647297E+02   0.1062445E+04
   0.3000000E+01   0.1321031E+03   0.6563900E+02  -0.9990000E+03   0.3182615E+02   0.2090953E+03  -0.9990000E+03   0.1091995E+03   0.9831045E+02   0.4792440E+02   0.4647444E+02   0.1125946E+04
   0.4000000E+01   0.1320602E+03   0.6572859E+02  -0.9990000E+03   0.3190795E+02   0.2091337E+03  -0.9990000E+03   0.1091894E+03   0.9830389E+02   0.4792918E+02   0.4647591E+02   0.1164710E+04
   0.5000000E+01   0.1320172E+03   0.6581816E+02  -0.9990000E+03   0.3198964E+02   0.2091721E+03  -0.9990000E+03   0.1091792E+03   0.9829735E+02   0.4793396E+02   0.4647738E+02   0.1194869E+04
   0.6000000E+01   0.1319739E+03   0.6590771E+02  -0.9990000E+03   0.3207121E+02   0.2092106E+03  -0.9990000E+03   0.1091691E+03   0.9829079E+02   0.4793872E+02   0.4647884E+02   0.1220553E+04
   0.7000000E+01   0.1319303E+03   0.6599725E+02  -0.9990000E+03   0.3215265E+02   0.2092490E+03  -0.9990000E+03   0.1091589E+03   0.9828424E+02   0.4794348E+02   0.4648031E+02   0.1243045E+04
   0.8000000E+01   0.1318865E+03   0.6608676E+02  -0.9990000E+03   0.3223398E+02   0.2092873E+03  -0.9990000E+03   0.1091488E+03   0.9827771E+02   0.4794823E+02   0.4648177E+02   0.1263196E+04
   0.9000000E+01   0.1318424E+03   0.6617625E+02  -0.9990000E+03   0.3231519E+02   0.2093257E+03  -0.9990000E+03   0.1091386E+03   0.9827116E+02   0.4795298E+02   0.4648323E+02   0.1281504E+04
   0.1000000E+02   0.1317981E+03   0.6626569E+02  -0.9990000E+03   0.3239627E+02   0.2093640E+03  -0.9990000E+03   0.1091285E+03   0.9826464E+02   0.4795771E+02   0.4648469E+02   0.1298370E+04
   0.1100000E+02   0.1317536E+03   0.6635513E+02  -0.9990000E+03   0.3247723E+02   0.2094024E+03  -0.9990000E+03   0.1091183E+03   0.9825809E+02   0.4796243E+02   0.4648614E+02   0.1314081E+04
   0.1200000E+02   0.1317088E+03   0.6644454E+02  -0.9990000E+03   0.3255808E+02   0.2094407E+03  -0.9990000E+03   0.1091082E+03   0.9825156E+02   0.4796715E+02   0.4648758E+02   0.1328806E+04
   0.1300000E+02   0.1316638E+03   0.6653394E+02  -0.9990000E+03   0.3263881E+02   0.2094790E+03  -0.9990000E+03   0.1090981E+03   0.9824502E+02   0.4797186E+02   0.4648901E+02   0.1342651E+04
   0.1400000E+02   0.1316186E+03   0.6662331E+02  -0.9990000E+03   0.3271941E+02   0.2095174E+03  -0.9990000E+03   0.1090879E+03   0.9823849E+02   0.4797656E+02   0.4649045E+02   0.1355784E+04
   0.1500000E+02   0.1315732E+03   0.6671264E+02  -0.9990000E+03   0.3279990E+02   0.2095557E+03  -0.9990000E+03   0.1090778E+03   0.9823196E+02   0.4798126E+02   0.4649188E+02   0.1368287E+04
   0.1600000E+02   0.1315275E+03   0.6680196E+02  -0.9990000E+03   0.3288027E+02   0.2095940E+03  -0.9990000E+03   0.1090677E+03   0.9822542E+02   0.4798595E+02   0.4649331E+02   0.1380250E+04
   0.1700000E+02   0.1314815E+03   0.6689126E+02  -0.9990000E+03   0.3296053E+02   0.2096323E+03  -0.9990000E+03   0.1090575E+03   0.9821889E+02   0.4799063E+02   0.4649474E+02   0.1391722E+04
   0.1800000E+02   0.1314354E+03   0.6698051E+02  -0.9990000E+03   0.3304067E+02   0.2096706E+03  -0.9990000E+03   0.1090474E+03   0.9821236E+02   0.4799530E+02   0.4649615E+02   0.1402767E+04
   0.1900000E+02   0.1313890E+03   0.6706976E+02  -0.9990000E+03   0.3312068E+02   0.2097089E+03  -0.9990000E+03   0.1090373E+03   0.9820583E+02   0.4799995E+02   0.4649757E+02   0.1413228E+04
   0.2000000E+02   0.1313424E+03   0.6715897E+02  -0.9990000E+03   0.3320058E+02   0.2097472E+03  -0.9990000E+03   0.1090271E+03   0.9819931E+02   0.4800460E+02   0.4649898E+02   0.1423367E+04
   0.2100000E+02   0.1312956E+03   0.6724815E+02  -0.9990000E+03   0.3328035E+02   0.2097855E+03  -0.9990000E+03   0.1090170E+03   0.9819279E+02   0.4800925E+02   0.4650039E+02   0.1433143E+04
   0.2200000E+02   0.1312486E+03   0.6733730E+02  -0.9990000E+03   0.3336001E+02   0.2098238E+03  -0.9990000E+03   0.1090069E+03   0.9818626E+02   0.4801387E+02   0.4650180E+02   0.1442572E+04
   0.2300000E+02   0.1312013E+03   0.6742642E+02  -0.9990000E+03   0.3343955E+02   0.2098620E+03  -0.9990000E+03   0.1089968E+03   0.9817976E+02   0.4801850E+02   0.4650319E+02   0.1451716E+04
   0.2400000E+02   0.1311538E+03   0.6751553E+02  -0.9990000E+03   0.3351898E+02   0.2099003E+03  -0.9990000E+03   0.1089867E+03   0.9817324E+02   0.4802311E+02   0.4650458E+02   0.1460542E+04
   0.2500000E+02   0.1311061E+03   0.6760461E+02  -0.9990000E+03   0.3359829E+02   0.2099385E+03  -0.9990000E+03   0.1089766E+03   0.9816673E+02   0.4802771E+02   0.4650597E+02   0.1469078E+04
   0.2600000E+02   0.1310582E+03   0.6769364E+02  -0.9990000E+03   0.3367748E+02   0.2099768E+03  -0.9990000E+03   0.1089664E+03   0.9816021E+02   0.4803230E+02   0.4650735E+02   0.1477352E+04
   0.2700000E+02   0.1310101E+03   0.6778264E+02  -0.9990000E+03   0.3375656E+02   0.2100150E+03  -0.9990000E+03   0.1089563E+03   0.9815369E+02   0.4803688E+02   0.4650874E+02   0.1485405E+04
   0.2800000E+02   0.1309617E+03   0.6787161E+02  -0.9990000E+03   0.3383552E+02   0.2100532E+03  -0.9990000E+03   0.1089462E+03   0.9814717E+02   0.4804145E+02   0.4651011E+02   0.1493230E+04
   0.2900000E+02   0.1309131E+03   0.6796057E+02  -0.9990000E+03   0.3391437E+02   0.2100914E+03  -0.9990000E+03   0.1089361E+03   0.9814067E+02   0.4804602E+02   0.4651149E+02   0.1500834E+04
   0.3000000E+02   0.1308644E+03   0.6804950E+02  -0.9990000E+03   0.3399310E+02   0.2101297E+03  -0.9990000E+03   0.1089260E+03   0.9813417E+02   0.4805058E+02   0.4651286E+02   0.1508253E+04
   0.3100000E+02   0.1308154E+03   0.6813839E+02  -0.9990000E+03   0.3407171E+02   0.2101679E+03  -0.9990000E+03   0.1089159E+03   0.9812766E+02   0.4805513E+02   0.4651423E+02   0.1515460E+04
   0.3200000E+02   0.1307662E+03   0.6822726E+02  -0.9990000E+03   0.3415020E+02   0.2102061E+03  -0.9990000E+03   0.1089058E+03   0.9812115E+02   0.4805968E+02   0.4651559E+02   0.1522532E+04
   0.3300000E+02   0.1307168E+03   0.6831607E+02  -0.9990000E+03   0.3422858E+02   0.2102443E+03  -0.9990000E+03   0.1088956E+03   0.9811463E+02   0.4806420E+02   0.4651694E+02   0.1529423E+04
   0.3400000E+02   0.1306671E+03   0.6840487E+02  -0.9990000E+03   0.3430685E+02   0.2102824E+03  -0.9990000E+03   0.1088855E+03   0.9810813E+02   0.4806872E+02   0.4651830E+02   0.1536207E+04
   0.3500000E+02   0.1306173E+03   0.6849364E+02  -0.9990000E+03   0.3438501E+02   0.2103206E+03  -0.9990000E+03   0.1088754E+03   0.9810163E+02   0.4807323E+02   0.4651966E+02   0.1542877E+04
   0.3600000E+02   0.1305673E+03   0.6858237E+02  -0.9990000E+03   0.3446304E+02   0.2103588E+03  -0.9990000E+03   0.1088653E+03   0.9809515E+02   0.4807774E+02   0.4652101E+02   0.1549421E+04
   0.3700000E+02   0.1305171E+03   0.6867108E+02  -0.9990000E+03   0.3454096E+02   0.2103970E+03  -0.9990000E+03   0.1088552E+03   0.9808865E+02   0.4808224E+02   0.4652235E+02   0.1555887E+04
   0.3800000E+02   0.1304667E+03   0.6875975E+02  -0.9990000E+03   0.3461877E+02   0.2104351E+03  -0.9990000E+03   0.1088451E+03   0.9808215E+02   0.4808673E+02   0.4652369E+02   0.1562209E+04
   0.3900000E+02   0.1304160E+03   0.6884839E+02  -0.9990000E+03   0.3469646E+02   0.2104733E+03  -0.9990000E+03   0.1088350E+03   0.9807564E+02   0.4809121E+02   0.4652503E+02   0.1568450E+04
   0.4000000E+02   0.1303652E+03   0.6893699E+02  -0.9990000E+03   0.3477403E+02   0.2105114E+03  -0.9990000E+03   0.1088249E+03   0.9806913E+02   0.4809568E+02   0.4652637E+02   0.1574572E+04
   0.4100000E+02   0.1303141E+03   0.6902556E+02  -0.9990000E+03   0.3485150E+02   0.2105495E+03  -0.9990000E+03   0.1088148E+03   0.9806261E+02   0.4810015E+02   0.4652770E+02   0.1580635E+04
   0.4200000E+02   0.1302628E+03   0.6911409E+02  -0.9990000E+03   0.3492885E+02   0.2105877E+03  -0.9990000E+03   0.1088046E+03   0.9805612E+02   0.4810461E+02   0.4652902E+02   0.1586570E+04
   0.4300000E+02   0.1302114E+03   0.6920259E+02  -0.9990000E+03   0.3500610E+02   0.2106258E+03  -0.9990000E+03   0.1087945E+03   0.9804962E+02   0.4810906E+02   0.4653035E+02   0.1592444E+04
   0.4400000E+02   0.1301598E+03   0.6929105E+02  -0.9990000E+03   0.3508322E+02   0.2106639E+03  -0.9990000E+03   0.1087844E+03   0.9804312E+02   0.4811350E+02   0.4653166E+02   0.1598202E+04
   0.4500000E+02   0.1301079E+03   0.6937949E+02  -0.9990000E+03   0.3516023E+02   0.2107020E+03  -0.9990000E+03   0.1087744E+03   0.9803661E+02   0.4811793E+02   0.4653297E+02   0.1603891E+04
   0.4600000E+02   0.1300559E+03   0.6946788E+02  -0.9990000E+03   0.3523712E+02   0.2107401E+03  -0.9990000E+03   0.1087643E+03   0.9803011E+02   0.4812236E+02   0.4653429E+02   0.1609479E+04
   0.4700000E+02   0.1300037E+03   0.6955624E+02  -0.9990000E+03   0.3531391E+02   0.2107782E+03  -0.9990000E+03   0.1087542E+03   0.9802361E+02   0.4812677E+02   0.4653559E+02   0.1614998E+04
   0.4800000E+02   0.1299513E+03   0.6964457E+02  -0.9990000E+03   0.3539058E+02   0.2108163E+03  -0.9990000E+03   0.1087441E+03   0.9801712E+02   0.4813117E+02   0.4653690E+02   0.1620406E+04
   0.4900000E+02   0.1298987E+03   0.6973285E+02  -0.9990000E+03   0.3546714E+02   0.2108544E+03  -0.9990000E+03   0.1087340E+03   0.9801063E+02   0.4813556E+02   0.4653820E+02   0.1625771E+04
   0.5000000E+02   0.1298459E+03   0.6982111E+02  -0.9990000E+03   0.3554358E+02   0.2108925E+03  -0.9990000E+03   0.1087239E+03   0.9800414E+02   0.4813995E+02   0.4653950E+02   0.1631027E+04
   0.5100000E+02   0.1297930E+03   0.6990932E+02  -0.9990000E+03   0.3561992E+02   0.2109305E+03  -0.9990000E+03   0.1087138E+03   0.9799763E+02   0.4814433E+02   0.4654079E+02   0.1636246E+04
   0.5200000E+02   0.1297398E+03   0.6999750E+02  -0.9990000E+03   0.3569614E+02   0.2109686E+03  -0.9990000E+03   0.1087037E+03   0.9799114E+02   0.4814870E+02   0.4654209E+02   0.1641369E+04
   0.5300000E+02   0.1296865E+03   0.7008566E+02  -0.9990000E+03   0.3577224E+02   0.2110066E+03  -0.9990000E+03   0.1086937E+03   0.9798466E+02   0.4815306E+02   0.4654337E+02   0.1646455E+04
   0.5400000E+02   0.1296330E+03   0.7017377E+02  -0.9990000E+03   0.3584824E+02   0.2110447E+03  -0.9990000E+03   0.1086836E+03   0.9797819E+02   0.4815742E+02   0.4654466E+02   0.1651457E+04
   0.5500000E+02   0.1295793E+03   0.7026183E+02  -0.9990000E+03   0.3592412E+02   0.2110827E+03  -0.9990000E+03   0.1086735E+03   0.9797169E+02   0.4816177E+02   0.4654593E+02   0.1656412E+04
   0.5600000E+02   0.1295253E+03   0.7034987E+02  -0.9990000E+03   0.3599990E+02   0.2111207E+03  -0.9990000E+03   0.1086634E+03   0.9796522E+02   0.4816610E+02   0.4654721E+02   0.1661292E+04
   0.5700000E+02   0.1294713E+03   0.7043788E+02  -0.9990000E+03   0.3607556E+02   0.2111587E+03  -0.9990000E+03   0.1086534E+03   0.9795874E+02   0.4817043E+02   0.4654848E+02   0.1666117E+04
   0.5800000E+02   0.1294170E+03   0.7052583E+02  -0.9990000E+03   0.3615111E+02   0.2111967E+03  -0.9990000E+03   0.1086433E+03   0.9795226E+02   0.4817475E+02   0.4654974E+02   0.1670889E+04
   0.5900000E+02   0.1293625E+03   0.7061375E+02  -0.9990000E+03   0.3622656E+02   0.2112347E+03  -0.9990000E+03   0.1086332E+03   0.9794578E+02   0.4817905E+02   0.4655101E+02   0.1675592E+04
   0.6000000E+02   0.1293079E+03   0.7070164E+02  -0.9990000E+03   0.3630190E+02   0.2112727E+03  -0.9990000E+03   0.1086232E+03   0.9793930E+02   0.4818336E+02   0.4655228E+02   0.1680250E+04
   0.6100000E+02   0.1292532E+03   0.7078948E+02  -0.9990000E+03   0.3637712E+02   0.2113106E+03  -0.9990000E+03   0.1086131E+03   0.9793282E+02   0.4818765E+02   0.4655353E+02   0.1684851E+04
   0.6200000E+02   0.1291982E+03   0.7087727E+02  -0.9990000E+03   0.3645223E+02   0.2113486E+03  -0.9990000E+03   0.1086030E+03   0.9792635E+02   0.4819194E+02   0.4655479E+02   0.1689407E+04
   0.6300000E+02   0.1291431E+03   0.7096504E+02  -0.9990000E+03   0.3652724E+02   0.2113866E+03  -0.9990000E+03   0.1085930E+03   0.9791987E+02   0.4819622E+02   0.4655604E+02   0.1693908E+04
   0.6400000E+02   0.1290877E+03   0.7105278E+02  -0.9990000E+03   0.3660213E+02   0.2114245E+03  -0.9990000E+03   0.1085829E+03   0.9791340E+02   0.4820049E+02   0.4655729E+02   0.1698366E+04
   0.6500000E+02   0.1290322E+03   0.7114046E+02  -0.9990000E+03   0.3667692E+02   0.2114624E+03  -0.9990000E+03   0.1085728E+03   0.9790693E+02   0.4820475E+02   0.4655854E+02   0.1702726E+04
   0.6600000E+02   0.1289765E+03   0.7122811E+02  -0.9990000E+03   0.3675160E+02   0.2115004E+03  -0.9990000E+03   0.1085628E+03   0.9790046E+02   0.4820900E+02   0.4655979E+02   0.1707120E+04
   0.6700000E+02   0.1289207E+03   0.7131571E+02  -0.9990000E+03   0.3682617E+02   0.2115383E+03  -0.9990000E+03   0.1085527E+03   0.9789398E+02   0.4821325E+02   0.4656103E+02   0.1711313E+04
   0.6800000E+02   0.1288647E+03   0.7140327E+02  -0.9990000E+03   0.3690063E+02   0.2115762E+03  -0.9990000E+03   0.1085427E+03   0.9788751E+02   0.4821749E+02   0.4656227E+02   0.1715603E+04
   0.6900000E+02   0.1288084E+03   0.7149078E+02  -0.9990000E+03   0.3697498E+02   0.2116141E+03  -0.9990000E+03   0.1085327E+03   0.9788104E+02   0.4822171E+02   0.4656350E+02   0.1719675E+04
   0.7000000E+02   0.1287521E+03   0.7157825E+02  -0.9990000E+03   0.3704921E+02   0.2116520E+03  -0.9990000E+03   0.1085226E+03   0.9787457E+02   0.4822594E+02   0.4656474E+02   0.1723567E+04
   0.7100000E+02   0.1286956E+03   0.7166570E+02   0.1419892E+03   0.3712334E+02   0.2116899E+03  -0.9990000E+03   0.1085126E+03   0.9786810E+02   0.4823014E+02   0.4656596E+02   0.1727446E+04
   0.7200000E+02   0.1286389E+03   0.7175309E+02   0.1418776E+03   0.3719736E+02   0.2117278E+03  -0.9990000E+03   0.1085026E+03   0.9786164E+02   0.4823434E+02   0.4656718E+02   0.1730944E+04
   0.7300000E+02   0.1286386E+03   0.7186249E+02   0.1417566E+03   0.3727128E+02   0.2117657E+03  -0.9990000E+03   0.1084925E+03   0.9785518E+02   0.4823854E+02   0.4656840E+02   0.1734148E+04
   0.7400000E+02   0.1286428E+03   0.7197319E+02   0.1416321E+03   0.3734510E+02   0.2118036E+03  -0.9990000E+03   0.1084825E+03   0.9784871E+02   0.4824273E+02   0.4656961E+02   0.1737300E+04
   0.7500000E+02   0.1286466E+03   0.7208298E+02   0.1415082E+03   0.3741880E+02   0.2118414E+03  -0.9990000E+03   0.1084725E+03   0.9784224E+02   0.4824690E+02   0.4657082E+02   0.1740364E+04
   0.7600000E+02   0.1286542E+03   0.7219332E+02   0.1413831E+03   0.3749239E+02   0.2118793E+03  -0.9990000E+03   0.1084625E+03   0.9783578E+02   0.4825108E+02   0.4657203E+02   0.1743248E+04
   0.7700000E+02   0.1286674E+03   0.7230463E+02   0.1412587E+03   0.3756587E+02   0.2119172E+03  -0.9990000E+03   0.1084524E+03   0.9782932E+02   0.4825524E+02   0.4657323E+02   0.1745941E+04
   0.7800000E+02   0.1286820E+03   0.7241499E+02   0.1411345E+03   0.3763925E+02   0.2119550E+03  -0.9990000E+03   0.1084424E+03   0.9782287E+02   0.4825940E+02   0.4657443E+02   0.1748473E+04
   0.7900000E+02   0.1286945E+03   0.7252284E+02   0.1410098E+03   0.3771252E+02   0.2119929E+03  -0.9990000E+03   0.1084324E+03   0.9781643E+02   0.4826355E+02   0.4657563E+02   0.1750882E+04
   0.8000000E+02   0.1287036E+03   0.7262772E+02   0.1408858E+03   0.3778569E+02   0.2120307E+03  -0.9990000E+03   0.1084224E+03   0.9780998E+02   0.4826768E+02   0.4657683E+02   0.1753180E+04
   0.8100000E+02   0.1287091E+03   0.7272976E+02   0.1407614E+03   0.3785874E+02   0.2120686E+03  -0.9990000E+03   0.1084123E+03   0.9780354E+02   0.4827182E+02   0.4657803E+02   0.1755482E+04
   0.8200000E+02   0.1287112E+03   0.7282926E+02   0.1588188E+03   0.3793169E+02   0.2121064E+03  -0.9990000E+03   0.1084023E+03   0.9779709E+02   0.4827595E+02   0.4657922E+02   0.1758005E+04
   0.8300000E+02   0.1287104E+03   0.7292659E+02   0.1726399E+03   0.3800454E+02   0.2121442E+03  -0.9990000E+03   0.1083923E+03   0.9779064E+02   0.4828006E+02   0.4658041E+02   0.1760347E+04
   0.8400000E+02   0.1287070E+03   0.7302211E+02   0.1831436E+03   0.3807729E+02   0.2121820E+03  -0.9990000E+03   0.1083822E+03   0.9778419E+02   0.4828416E+02   0.4658158E+02   0.1762731E+04
   0.8500000E+02   0.1287015E+03   0.7311612E+02   0.1913178E+03   0.3814993E+02   0.2122199E+03  -0.9990000E+03   0.1083722E+03   0.9777775E+02   0.4828826E+02   0.4658276E+02   0.1765067E+04
   0.8600000E+02   0.1286941E+03   0.7320887E+02   0.1977448E+03   0.3822247E+02   0.2122577E+03  -0.9990000E+03   0.1083622E+03   0.9777129E+02   0.4829236E+02   0.4658393E+02   0.1767429E+04
   0.8700000E+02   0.1286851E+03   0.7330059E+02   0.2028896E+03   0.3829491E+02   0.2122955E+03  -0.9990000E+03   0.1083521E+03   0.9776485E+02   0.4829644E+02   0.4658509E+02   0.1769749E+04
   0.8800000E+02   0.1286747E+03   0.7339146E+02   0.2070374E+03   0.3836725E+02   0.2123332E+03  -0.9990000E+03   0.1083421E+03   0.9775840E+02   0.4830051E+02   0.4658626E+02   0.1772103E+04
   0.8900000E+02   0.1286631E+03   0.7348162E+02   0.2104303E+03   0.3843948E+02   0.2123710E+03  -0.9990000E+03   0.1083321E+03   0.9775198E+02   0.4830457E+02   0.4658743E+02   0.1774440E+04
   0.9000000E+02   0.1286504E+03   0.7357119E+02   0.2132319E+03   0.3851160E+02   0.2124087E+03  -0.9990000E+03   0.1083220E+03   0.9774555E+02   0.4830862E+02   0.4658859E+02   0.1776788E+04
   0.9100000E+02   0.1286368E+03   0.7366028E+02   0.2155668E+03   0.3858361E+02   0.2124465E+03  -0.9990000E+03   0.1083120E+03   0.9773911E+02   0.4831268E+02   0.4658975E+02   0.1779134E+04
   0.9200000E+02   0.1286223E+03   0.7374897E+02   0.2175331E+03   0.3865553E+02   0.2124842E+03  -0.9990000E+03   0.1083020E+03   0.9773270E+02   0.4831673E+02   0.4659090E+02   0.1781494E+04
   0.9300000E+02   0.1286071E+03   0.7383732E+02   0.2192525E+03   0.3872734E+02   0.2125220E+03  -0.9990000E+03   0.1082920E+03   0.9772627E+02   0.4832077E+02   0.4659205E+02   0.1783800E+04
   0.9400000E+02   0.1285935E+03   0.7392617E+02   0.2207534E+03   0.3879905E+02   0.2125598E+03  -0.9990000E+03   0.1082820E+03   0.9771983E+02   0.4832480E+02   0.4659320E+02   0.1786012E+04
   0.9500000E+02   0.1285826E+03   0.7401563E+02   0.2220810E+03   0.3887066E+02   0.2126009E+03  -0.9990000E+03   0.1082720E+03   0.9771341E+02   0.4832882E+02   0.4659435E+02   0.1788259E+04
   0.9600000E+02   0.1285751E+03   0.7410571E+02   0.2232663E+03   0.3894217E+02   0.2126428E+03  -0.9990000E+03   0.1082620E+03   0.9770699E+02   0.4833283E+02   0.4659549E+02   0.1790434E+04
   0.9700000E+02   0.1285711E+03   0.7419588E+02   0.2243279E+03   0.3901357E+02   0.2126848E+03  -0.9990000E+03   0.1082520E+03   0.9770055E+02   0.4833684E+02   0.4659663E+02   0.1792818E+04
   0.9800000E+02   0.1285698E+03   0.7428574E+02   0.2253074E+03   0.3908486E+02   0.2127264E+03  -0.9990000E+03   0.1082420E+03   0.9769413E+02   0.4834084E+02   0.4659777E+02   0.1795004E+04
   0.9900000E+02   0.1285712E+03   0.7437519E+02   0.2262530E+03   0.3915606E+02   0.2127674E+03  -0.9990000E+03   0.1082320E+03   0.9768771E+02   0.4834483E+02   0.4659890E+02   0.1797344E+04
   0.1000000E+03   0.1285750E+03   0.7446420E+02   0.2272034E+03   0.3922715E+02   0.2128079E+03  -0.9990000E+03   0.1082220E+03   0.9768129E+02   0.4834880E+02   0.4660003E+02   0.1799499E+04
   0.1010000E+03   0.1285806E+03   0.7455282E+02   0.2281815E+03   0.3929814E+02   0.2128480E+03  -0.9990000E+03   0.1082120E+03   0.9767487E+02   0.4835278E+02   0.4660115E+02   0.1801757E+04
   0.1020000E+03   0.1285878E+03   0.7464110E+02   0.2291867E+03   0.3936903E+02   0.2128876E+03  -0.9990000E+03   0.1082020E+03   0.9766845E+02   0.4835675E+02   0.4660228E+02   0.1803946E+04
   0.1030000E+03   0.1285962E+03   0.7472906E+02   0.2302149E+03   0.3943981E+02   0.2129270E+03  -0.9990000E+03   0.1081920E+03   0.9766204E+02   0.4836071E+02   0.4660339E+02   0.1806113E+04
   0.1040000E+03   0.1286054E+03   0.7481679E+02   0.2312515E+03   0.3951049E+02   0.2129660E+03  -0.9990000E+03   0.1081820E+03   0.9765564E+02   0.4836467E+02   0.4660451E+02   0.1808315E+04
   0.1050000E+03   0.1286152E+03   0.7490431E+02   0.2323222E+03   0.3958107E+02   0.2130048E+03  -0.9990000E+03   0.1081720E+03   0.9764925E+02   0.4836861E+02   0.4660562E+02   0.1810441E+04
   0.1060000E+03   0.1286253E+03   0.7499164E+02   0.2334588E+03   0.3965155E+02   0.2130434E+03  -0.9990000E+03   0.1081620E+03   0.9764285E+02   0.4837254E+02   0.4660674E+02   0.1812930E+04
   0.1070000E+03   0.1286357E+03   0.7507881E+02   0.2346872E+03   0.3972193E+02   0.2130818E+03  -0.9990000E+03   0.1081520E+03   0.9763644E+02   0.4837647E+02   0.4660785E+02   0.1815047E+04
   0.1080000E+03   0.1286460E+03   0.7516585E+02   0.2360090E+03   0.3979220E+02   0.2131202E+03  -0.9990000E+03   0.1081420E+03   0.9763005E+02   0.4838039E+02   0.4660895E+02   0.1817226E+04
   0.1090000E+03   0.1286562E+03   0.7525276E+02   0.2374095E+03   0.3986237E+02   0.2131584E+03  -0.9990000E+03   0.1081320E+03   0.9762366E+02   0.4838431E+02   0.4661005E+02   0.1819342E+04
   0.1100000E+03   0.1286663E+03   0.7533957E+02   0.2388724E+03   0.3993243E+02   0.2131965E+03  -0.9990000E+03   0.1081221E+03   0.9761726E+02   0.4838821E+02   0.4661116E+02   0.1821538E+04
   0.1110000E+03   0.1286761E+03   0.7542628E+02   0.2403764E+03   0.4000241E+02   0.2132346E+03  -0.9990000E+03   0.1081121E+03   0.9761086E+02   0.4839211E+02   0.4661225E+02   0.1823729E+04
   0.1120000E+03   0.1286855E+03   0.7551291E+02   0.2419041E+03   0.4007228E+02   0.2132726E+03  -0.9990000E+03   0.1081021E+03   0.9760445E+02   0.4839599E+02   0.4661334E+02   0.1825879E+04
   0.1130000E+03   0.1286946E+03   0.7559944E+02   0.2434400E+03   0.4014204E+02   0.2133105E+03  -0.9990000E+03   0.1080921E+03   0.9759806E+02   0.4839988E+02   0.4661443E+02   0.1828041E+04
   0.1140000E+03   0.1287033E+03   0.7568589E+02   0.2449771E+03   0.4021171E+02   0.2133484E+03  -0.9990000E+03   0.1080821E+03   0.9759165E+02   0.4840375E+02   0.4661552E+02   0.1830153E+04
   0.1150000E+03   0.1287115E+03   0.7577228E+02   0.2465065E+03   0.4028127E+02   0.2133863E+03  -0.9990000E+03   0.1080722E+03   0.9758526E+02   0.4840762E+02   0.4661660E+02   0.1832265E+04
   0.1160000E+03   0.1287192E+03   0.7585860E+02   0.2480244E+03   0.4035074E+02   0.2134241E+03  -0.9990000E+03   0.1080622E+03   0.9757887E+02   0.4841148E+02   0.4661768E+02   0.1834370E+04
   0.1170000E+03   0.1287270E+03   0.7594493E+02   0.2494600E+03   0.4042010E+02   0.2134622E+03  -0.9990000E+03   0.1080522E+03   0.9757249E+02   0.4841534E+02   0.4661876E+02   0.1836382E+04
   0.1180000E+03   0.1287358E+03   0.7603134E+02   0.2508131E+03   0.4048937E+02   0.2135005E+03  -0.9990000E+03   0.1080422E+03   0.9756611E+02   0.4841919E+02   0.4661983E+02   0.1838336E+04
   0.1190000E+03   0.1287460E+03   0.7611777E+02   0.2520920E+03   0.4055854E+02   0.2135390E+03  -0.9990000E+03   0.1080322E+03   0.9755973E+02   0.4842302E+02   0.4662091E+02   0.1840206E+04
   0.1200000E+03   0.1287578E+03   0.7620416E+02   0.2533023E+03   0.4062761E+02   0.2135774E+03  -0.9990000E+03   0.1080223E+03   0.9755335E+02   0.4842685E+02   0.4662198E+02   0.1841976E+04
   0.1210000E+03   0.1287713E+03   0.7629053E+02   0.2544448E+03   0.4069658E+02   0.2136156E+03  -0.9990000E+03   0.1080123E+03   0.9754697E+02   0.4843067E+02   0.4662305E+02   0.1843677E+04
   0.1220000E+03   0.1287864E+03   0.7637683E+02   0.2556208E+03   0.4076544E+02   0.2136538E+03  -0.9990000E+03   0.1080023E+03   0.9754059E+02   0.4843449E+02   0.4662411E+02   0.1845382E+04
   0.1230000E+03   0.1288029E+03   0.7646310E+02   0.2568726E+03   0.4083422E+02   0.2136919E+03  -0.9990000E+03   0.1079924E+03   0.9753420E+02   0.4843829E+02   0.4662517E+02   0.1847042E+04
   0.1240000E+03   0.1288206E+03   0.7654931E+02   0.2582733E+03   0.4090289E+02   0.2137299E+03  -0.9990000E+03   0.1079824E+03   0.9752782E+02   0.4844209E+02   0.4662623E+02   0.1848773E+04
   0.1250000E+03   0.1288390E+03   0.7663544E+02   0.2598442E+03   0.4097147E+02   0.2137679E+03  -0.9990000E+03   0.1079724E+03   0.9752145E+02   0.4844588E+02   0.4662729E+02   0.1850465E+04
   0.1260000E+03   0.1288581E+03   0.7672153E+02   0.2615876E+03   0.4103994E+02   0.2138058E+03  -0.9990000E+03   0.1079625E+03   0.9751507E+02   0.4844967E+02   0.4662834E+02   0.1852040E+04
   0.1270000E+03   0.1288775E+03   0.7680755E+02   0.2634827E+03   0.4110831E+02   0.2138436E+03  -0.9990000E+03   0.1079525E+03   0.9750868E+02   0.4845344E+02   0.4662939E+02   0.1853652E+04
   0.1280000E+03   0.1288971E+03   0.7689352E+02   0.2655104E+03   0.4117659E+02   0.2138814E+03  -0.9990000E+03   0.1079426E+03   0.9750232E+02   0.4845721E+02   0.4663044E+02   0.1855243E+04
   0.1290000E+03   0.1289167E+03   0.7697943E+02   0.2676033E+03   0.4124477E+02   0.2139194E+03  -0.9990000E+03   0.1079326E+03   0.9749596E+02   0.4846097E+02   0.4663148E+02   0.1856773E+04
   0.1300000E+03   0.1289365E+03   0.7706532E+02   0.2697008E+03   0.4131286E+02   0.2139586E+03  -0.9990000E+03   0.1079226E+03   0.9748959E+02   0.4846473E+02   0.4663253E+02   0.1858254E+04
   0.1310000E+03   0.1289573E+03   0.7715121E+02   0.2717877E+03   0.4138085E+02   0.2139988E+03  -0.9990000E+03   0.1079127E+03   0.9748322E+02   0.4846848E+02   0.4663357E+02   0.1859687E+04
   0.1320000E+03   0.1289795E+03   0.7723708E+02   0.2738531E+03   0.4144875E+02   0.2140394E+03  -0.9990000E+03   0.1079027E+03   0.9747686E+02   0.4847222E+02   0.4663461E+02   0.1861079E+04
   0.1330000E+03   0.1290032E+03   0.7732292E+02   0.2758872E+03   0.4151654E+02   0.2140800E+03  -0.9990000E+03   0.1078928E+03   0.9747049E+02   0.4847596E+02   0.4663564E+02   0.1862434E+04
   0.1340000E+03   0.1290283E+03   0.7740874E+02   0.2778833E+03   0.4158423E+02   0.2141202E+03  -0.9990000E+03   0.1078828E+03   0.9746413E+02   0.4847968E+02   0.4663668E+02   0.1863759E+04
   0.1350000E+03   0.1290544E+03   0.7749456E+02   0.2798809E+03   0.4165183E+02   0.2141600E+03  -0.9990000E+03   0.1078729E+03   0.9745778E+02   0.4848341E+02   0.4663771E+02   0.1865058E+04
   0.1360000E+03   0.1290812E+03   0.7758034E+02   0.2818776E+03   0.4171933E+02   0.2141995E+03  -0.9990000E+03   0.1078629E+03   0.9745142E+02   0.4848712E+02   0.4663873E+02   0.1866709E+04
   0.1370000E+03   0.1291085E+03   0.7766606E+02   0.2838754E+03   0.4178674E+02   0.2142386E+03  -0.9990000E+03   0.1078530E+03   0.9744508E+02   0.4849083E+02   0.4663976E+02   0.1867961E+04
   0.1380000E+03   0.1291360E+03   0.7775174E+02   0.2858624E+03   0.4185406E+02   0.2142775E+03  -0.9990000E+03   0.1078431E+03   0.9743872E+02   0.4849453E+02   0.4664078E+02   0.1869241E+04
   0.1390000E+03   0.1291636E+03   0.7783740E+02   0.2878051E+03   0.4192127E+02   0.2143162E+03  -0.9990000E+03   0.1078331E+03   0.9743237E+02   0.4849822E+02   0.4664180E+02   0.1870464E+04
   0.1400000E+03   0.1291911E+03   0.7792304E+02   0.2897458E+03   0.4198839E+02   0.2143547E+03  -0.9990000E+03   0.1078232E+03   0.9742602E+02   0.4850191E+02   0.4664281E+02   0.1871715E+04
   0.1410000E+03   0.1292184E+03   0.7800864E+02   0.2916820E+03   0.4205541E+02   0.2143930E+03  -0.9990000E+03   0.1078132E+03   0.9741966E+02   0.4850560E+02   0.4664382E+02   0.1872949E+04
   0.1420000E+03   0.1292454E+03   0.7809419E+02   0.2936144E+03   0.4212234E+02   0.2144312E+03  -0.9990000E+03   0.1078033E+03   0.9741331E+02   0.4850927E+02   0.4664482E+02   0.1874225E+04
   0.1430000E+03   0.1292720E+03   0.7817969E+02   0.2955461E+03   0.4218917E+02   0.2144694E+03  -0.9990000E+03   0.1077933E+03   0.9740694E+02   0.4851292E+02   0.4664583E+02   0.1875381E+04
   0.1440000E+03   0.1292981E+03   0.7826514E+02   0.2974761E+03   0.4225590E+02   0.2145074E+03  -0.9990000E+03   0.1077834E+03   0.9740058E+02   0.4851658E+02   0.4664684E+02   0.1876592E+04
   0.1450000E+03   0.1293240E+03   0.7835056E+02   0.2993516E+03   0.4232254E+02   0.2145454E+03  -0.9990000E+03   0.1077734E+03   0.9739423E+02   0.4852023E+02   0.4664783E+02   0.1877742E+04
   0.1460000E+03   0.1293500E+03   0.7843591E+02   0.3011837E+03   0.4238908E+02   0.2145833E+03  -0.9990000E+03   0.1077635E+03   0.9738789E+02   0.4852387E+02   0.4664883E+02   0.1878917E+04
   0.1470000E+03   0.1293765E+03   0.7852124E+02   0.3029898E+03   0.4245553E+02   0.2146212E+03  -0.9990000E+03   0.1077536E+03   0.9738156E+02   0.4852751E+02   0.4664982E+02   0.1880027E+04
   0.1480000E+03   0.1294035E+03   0.7860655E+02   0.3047748E+03   0.4252189E+02   0.2146590E+03  -0.9990000E+03   0.1077437E+03   0.9737521E+02   0.4853114E+02   0.4665081E+02   0.1881121E+04
   0.1490000E+03   0.1294309E+03   0.7869183E+02   0.3065372E+03   0.4258815E+02   0.2146968E+03  -0.9990000E+03   0.1077338E+03   0.9736888E+02   0.4853476E+02   0.4665179E+02   0.1882212E+04
   0.1500000E+03   0.1294586E+03   0.7877705E+02   0.3083071E+03   0.4265432E+02   0.2147346E+03  -0.9990000E+03   0.1077238E+03   0.9736254E+02   0.4853838E+02   0.4665278E+02   0.1883260E+04
   0.1510000E+03   0.1294863E+03   0.7886224E+02   0.3100790E+03   0.4272039E+02   0.2147723E+03  -0.9990000E+03   0.1077139E+03   0.9735620E+02   0.4854198E+02   0.4665376E+02   0.1884299E+04
   0.1520000E+03   0.1295139E+03   0.7894740E+02   0.3118567E+03   0.4278637E+02   0.2148101E+03  -0.9990000E+03   0.1077040E+03   0.9734986E+02   0.4854558E+02   0.4665474E+02   0.1885377E+04
   0.1530000E+03   0.1295413E+03   0.7903252E+02   0.3136425E+03   0.4285225E+02   0.2148478E+03  -0.9990000E+03   0.1076940E+03   0.9734353E+02   0.4854917E+02   0.4665571E+02   0.1886431E+04
   0.1540000E+03   0.1295684E+03   0.7911761E+02   0.3154355E+03   0.4291803E+02   0.2148855E+03  -0.9990000E+03   0.1076841E+03   0.9733719E+02   0.4855275E+02   0.4665669E+02   0.1887486E+04
   0.1550000E+03   0.1295951E+03   0.7920267E+02   0.3172337E+03   0.4298373E+02   0.2149231E+03  -0.9990000E+03   0.1076742E+03   0.9733085E+02   0.4855632E+02   0.4665766E+02   0.1888534E+04
   0.1560000E+03   0.1296213E+03   0.7928769E+02   0.3190349E+03   0.4304934E+02   0.2149608E+03  -0.9990000E+03   0.1076643E+03   0.9732451E+02   0.4855989E+02   0.4665863E+02   0.1889562E+04
   0.1570000E+03   0.1296470E+03   0.7937267E+02   0.3208379E+03   0.4311485E+02   0.2149984E+03  -0.9990000E+03   0.1076543E+03   0.9731817E+02   0.4856344E+02   0.4665959E+02   0.1890538E+04
   0.1580000E+03   0.1296722E+03   0.7945760E+02   0.3226414E+03   0.4318026E+02   0.2150361E+03  -0.9990000E+03   0.1076444E+03   0.9731183E+02   0.4856700E+02   0.4666055E+02   0.1891504E+04
   0.1590000E+03   0.1296969E+03   0.7954247E+02   0.3244462E+03   0.4324558E+02   0.2150737E+03  -0.9990000E+03   0.1076345E+03   0.9730549E+02   0.4857055E+02   0.4666151E+02   0.1893504E+04
   0.1600000E+03   0.1297209E+03   0.7962729E+02   0.3262496E+03   0.4331080E+02   0.2151113E+03  -0.9990000E+03   0.1076245E+03   0.9729916E+02   0.4857409E+02   0.4666248E+02   0.1894472E+04
   0.1610000E+03   0.1297442E+03   0.7971207E+02   0.3280512E+03   0.4337593E+02   0.2151490E+03  -0.9990000E+03   0.1076146E+03   0.9729284E+02   0.4857762E+02   0.4666343E+02   0.1895465E+04
   0.1620000E+03   0.1297670E+03   0.7979681E+02   0.3298519E+03   0.4344098E+02   0.2151866E+03  -0.9990000E+03   0.1076047E+03   0.9728652E+02   0.4858115E+02   0.4666438E+02   0.1896479E+04
   0.1630000E+03   0.1297890E+03   0.7988152E+02   0.3316496E+03   0.4350593E+02   0.2152242E+03  -0.9990000E+03   0.1075948E+03   0.9728020E+02   0.4858466E+02   0.4666533E+02   0.1897412E+04
   0.1640000E+03   0.1298104E+03   0.7996617E+02   0.3334496E+03   0.4357079E+02   0.2152617E+03  -0.9990000E+03   0.1075848E+03   0.9727388E+02   0.4858817E+02   0.4666628E+02   0.1898650E+04
   0.1650000E+03   0.1298311E+03   0.8005077E+02   0.3352499E+03   0.4363556E+02   0.2152993E+03  -0.9990000E+03   0.1075749E+03   0.9726756E+02   0.4859168E+02   0.4666722E+02   0.1899632E+04
   0.1660000E+03   0.1298511E+03   0.8013528E+02   0.3370518E+03   0.4370024E+02   0.2153369E+03  -0.9990000E+03   0.1075650E+03   0.9726125E+02   0.4859518E+02   0.4666816E+02   0.1900619E+04
   0.1670000E+03   0.1298705E+03   0.8021976E+02   0.3388535E+03   0.4376482E+02   0.2153745E+03  -0.9990000E+03   0.1075551E+03   0.9725493E+02   0.4859867E+02   0.4666911E+02   0.1901576E+04
   0.1680000E+03   0.1298892E+03   0.8030418E+02   0.3406550E+03   0.4382931E+02   0.2154120E+03  -0.9990000E+03   0.1075452E+03   0.9724862E+02   0.4860215E+02   0.4667004E+02   0.1902522E+04
   0.1690000E+03   0.1299072E+03   0.8038857E+02   0.3424575E+03   0.4389371E+02   0.2154496E+03  -0.9990000E+03   0.1075352E+03   0.9724231E+02   0.4860564E+02   0.4667097E+02   0.1903428E+04
   0.1700000E+03   0.1299245E+03   0.8047289E+02   0.3442595E+03   0.4395803E+02   0.2154871E+03  -0.9990000E+03   0.1075253E+03   0.9723600E+02   0.4860911E+02   0.4667191E+02   0.1904343E+04
   0.1710000E+03   0.1299411E+03   0.8055716E+02   0.3460623E+03   0.4402225E+02   0.2155247E+03  -0.9990000E+03   0.1075154E+03   0.9722969E+02   0.4861258E+02   0.4667283E+02   0.1905326E+04
   0.1720000E+03   0.1299571E+03   0.8064138E+02   0.3478528E+03   0.4408637E+02   0.2155622E+03  -0.9990000E+03   0.1075055E+03   0.9722337E+02   0.4861604E+02   0.4667376E+02   0.1906260E+04
   0.1730000E+03   0.1299724E+03   0.8072556E+02   0.3496290E+03   0.4415041E+02   0.2155997E+03  -0.9990000E+03   0.1074956E+03   0.9721706E+02   0.4861949E+02   0.4667469E+02   0.1907218E+04
   0.1740000E+03   0.1299869E+03   0.8080967E+02   0.3513929E+03   0.4421436E+02   0.2156373E+03  -0.9990000E+03   0.1074857E+03   0.9721072E+02   0.4862293E+02   0.4667561E+02   0.1908145E+04
   0.1750000E+03   0.1300009E+03   0.8089374E+02   0.3531445E+03   0.4427822E+02   0.2156748E+03  -0.9990000E+03   0.1074758E+03   0.9720441E+02   0.4862637E+02   0.4667653E+02   0.1909078E+04
   0.1760000E+03   0.1300141E+03   0.8097776E+02   0.3548824E+03   0.4434198E+02   0.2157123E+03  -0.9990000E+03   0.1074659E+03   0.9719810E+02   0.4862980E+02   0.4667744E+02   0.1909991E+04
   0.1770000E+03   0.1300267E+03   0.8106173E+02   0.3566083E+03   0.4440565E+02   0.2157498E+03  -0.9990000E+03   0.1074560E+03   0.9719179E+02   0.4863322E+02   0.4667836E+02   0.1910918E+04
   0.1780000E+03   0.1300386E+03   0.8114566E+02   0.3583223E+03   0.4446923E+02   0.2157873E+03  -0.9990000E+03   0.1074461E+03   0.9718549E+02   0.4863665E+02   0.4667926E+02   0.1911809E+04
   0.1790000E+03   0.1300499E+03   0.8122955E+02   0.3600244E+03   0.4453272E+02   0.2158248E+03  -0.9990000E+03   0.1074362E+03   0.9717919E+02   0.4864006E+02   0.4668017E+02   0.1912746E+04
   0.1800000E+03   0.1300605E+03   0.8131339E+02   0.3617131E+03   0.4459612E+02   0.2158623E+03  -0.9990000E+03   0.1074263E+03   0.9717290E+02   0.4864346E+02   0.4668108E+02   0.1913636E+04
   0.1810000E+03   0.1300705E+03   0.8139717E+02   0.3633902E+03   0.4465943E+02   0.2158998E+03  -0.9990000E+03   0.1074164E+03   0.9716660E+02   0.4864686E+02   0.4668198E+02   0.1914534E+04
   0.1820000E+03   0.1300798E+03   0.8148101E+02   0.3650559E+03   0.4472265E+02   0.2159373E+03  -0.9990000E+03   0.1074065E+03   0.9716030E+02   0.4865025E+02   0.4668288E+02   0.1915419E+04
   0.1830000E+03   0.1300884E+03   0.8156538E+02   0.3667100E+03   0.4478578E+02   0.2159747E+03  -0.9990000E+03   0.1073966E+03   0.9715401E+02   0.4865363E+02   0.4668378E+02   0.1916276E+04
   0.1840000E+03   0.1300965E+03   0.8164954E+02   0.3683529E+03   0.4484882E+02   0.2160122E+03  -0.9990000E+03   0.1073867E+03   0.9714771E+02   0.4865701E+02   0.4668469E+02   0.1917157E+04
   0.1850000E+03   0.1301039E+03   0.8173370E+02   0.3699846E+03   0.4491177E+02   0.2160497E+03  -0.9990000E+03   0.1073768E+03   0.9714140E+02   0.4866039E+02   0.4668559E+02   0.1918026E+04
   0.1860000E+03   0.1301106E+03   0.8181781E+02   0.3715971E+03   0.4497463E+02   0.2160871E+03  -0.9990000E+03   0.1073669E+03   0.9713509E+02   0.4866375E+02   0.4668648E+02   0.1918881E+04
   0.1870000E+03   0.1301167E+03   0.8190181E+02   0.3731906E+03   0.4503741E+02   0.2161245E+03  -0.9990000E+03   0.1073570E+03   0.9712880E+02   0.4866711E+02   0.4668737E+02   0.1919778E+04
   0.1880000E+03   0.1301222E+03   0.8198571E+02   0.3747656E+03   0.4510010E+02   0.2161620E+03  -0.9990000E+03   0.1073471E+03   0.9712251E+02   0.4867046E+02   0.4668826E+02   0.1920621E+04
   0.1890000E+03   0.1301271E+03   0.8206951E+02   0.3763221E+03   0.4516270E+02   0.2161994E+03  -0.9990000E+03   0.1073372E+03   0.9711622E+02   0.4867381E+02   0.4668914E+02   0.1921536E+04
   0.1900000E+03   0.1301314E+03   0.8215330E+02   0.3778607E+03   0.4522521E+02   0.2162368E+03  -0.9990000E+03   0.1073274E+03   0.9710993E+02   0.4867715E+02   0.4669003E+02   0.1922361E+04
   0.1910000E+03   0.1301350E+03   0.8223695E+02   0.3793817E+03   0.4528763E+02   0.2162743E+03  -0.9990000E+03   0.1073175E+03   0.9710365E+02   0.4868048E+02   0.4669091E+02   0.1923205E+04
   0.1920000E+03   0.1301380E+03   0.8232059E+02   0.3808854E+03   0.4534996E+02   0.2163117E+03  -0.9990000E+03   0.1073076E+03   0.9709737E+02   0.4868380E+02   0.4669178E+02   0.1924026E+04
   0.1930000E+03   0.1301405E+03   0.8240421E+02   0.3823813E+03   0.4541220E+02   0.2163491E+03  -0.9990000E+03   0.1072977E+03   0.9709108E+02   0.4868712E+02   0.4669267E+02   0.1924832E+04
   0.1940000E+03   0.1301423E+03   0.8248767E+02   0.3838691E+03   0.4547436E+02   0.2163866E+03  -0.9990000E+03   0.1072878E+03   0.9708481E+02   0.4869043E+02   0.4669354E+02   0.1925710E+04
   0.1950000E+03   0.1301435E+03   0.8257095E+02   0.3853537E+03   0.4553642E+02   0.2164239E+03  -0.9990000E+03   0.1072779E+03   0.9707853E+02   0.4869373E+02   0.4669441E+02   0.1926514E+04
   0.1960000E+03   0.1301442E+03   0.8265430E+02   0.3868351E+03   0.4559840E+02   0.2164613E+03  -0.9990000E+03   0.1072681E+03   0.9707224E+02   0.4869704E+02   0.4669527E+02   0.1927309E+04
   0.1970000E+03   0.1301442E+03   0.8273756E+02   0.3883131E+03   0.4566030E+02   0.2164987E+03  -0.9990000E+03   0.1072582E+03   0.9706596E+02   0.4870034E+02   0.4669613E+02   0.1928098E+04
   0.1980000E+03   0.1301437E+03   0.8282076E+02   0.3897887E+03   0.4572210E+02   0.2165361E+03  -0.9990000E+03   0.1072483E+03   0.9705968E+02   0.4870363E+02   0.4669699E+02   0.1928884E+04
   0.1990000E+03   0.1301426E+03   0.8290398E+02   0.3912463E+03   0.4578382E+02   0.2165735E+03  -0.9990000E+03   0.1072385E+03   0.9705339E+02   0.4870691E+02   0.4669786E+02   0.1929650E+04
   0.2000000E+03   0.1301409E+03   0.8298708E+02   0.3926645E+03   0.4584546E+02   0.2166109E+03  -0.9990000E+03   0.1072286E+03   0.9704710E+02   0.4871018E+02   0.4669872E+02   0.1930410E+04
   0.2010000E+03   0.1301387E+03   0.8307014E+02   0.3940519E+03   0.4590699E+02   0.2166482E+03  -0.9990000E+03   0.1072187E+03   0.9704082E+02   0.4871346E+02   0.4669958E+02   0.1931146E+04
   0.2020000E+03   0.1301360E+03   0.8315314E+02   0.3954196E+03   0.4596846E+02   0.2166856E+03  -0.9990000E+03   0.1072089E+03   0.9703453E+02   0.4871672E+02   0.4670044E+02   0.1931874E+04
   0.2030000E+03   0.1301335E+03   0.8323608E+02   0.3967895E+03   0.4602983E+02   0.2167230E+03  -0.9990000E+03   0.1071990E+03   0.9702825E+02   0.4871997E+02   0.4670129E+02   0.1932615E+04
   0.2040000E+03   0.1301315E+03   0.8331888E+02   0.3981748E+03   0.4609112E+02   0.2167603E+03  -0.9990000E+03   0.1071891E+03   0.9702196E+02   0.4872322E+02   0.4670214E+02   0.1933409E+04
   0.2050000E+03   0.1301302E+03   0.8340162E+02   0.3995771E+03   0.4615232E+02   0.2167977E+03  -0.9990000E+03   0.1071793E+03   0.9701569E+02   0.4872646E+02   0.4670299E+02   0.1934120E+04
   0.2060000E+03   0.1301295E+03   0.8348422E+02   0.4010114E+03   0.4621344E+02   0.2168350E+03  -0.9990000E+03   0.1071694E+03   0.9700945E+02   0.4872970E+02   0.4670384E+02   0.1934870E+04
   0.2070000E+03   0.1301294E+03   0.8356689E+02   0.4024579E+03   0.4627447E+02   0.2168723E+03  -0.9990000E+03   0.1071595E+03   0.9700318E+02   0.4873293E+02   0.4670468E+02   0.1935573E+04
   0.2080000E+03   0.1301299E+03   0.8364950E+02   0.4039100E+03   0.4633541E+02   0.2169097E+03  -0.9990000E+03   0.1071497E+03   0.9699693E+02   0.4873615E+02   0.4670552E+02   0.1936260E+04
   0.2090000E+03   0.1301314E+03   0.8373204E+02   0.4053781E+03   0.4639626E+02   0.2169470E+03  -0.9990000E+03   0.1071398E+03   0.9699066E+02   0.4873936E+02   0.4670636E+02   0.1936949E+04
   0.2100000E+03   0.1301337E+03   0.8381453E+02   0.4068497E+03   0.4645704E+02   0.2169843E+03  -0.9990000E+03   0.1071299E+03   0.9698441E+02   0.4874257E+02   0.4670720E+02   0.1937632E+04
   0.2110000E+03   0.1301368E+03   0.8389687E+02   0.4083195E+03   0.4651772E+02   0.2170217E+03  -0.9990000E+03   0.1071201E+03   0.9697814E+02   0.4874578E+02   0.4670803E+02   0.1938327E+04
   0.2120000E+03   0.1301405E+03   0.8397910E+02   0.4097833E+03   0.4657832E+02   0.2170590E+03  -0.9990000E+03   0.1071102E+03   0.9697189E+02   0.4874897E+02   0.4670886E+02   0.1939016E+04
   0.2130000E+03   0.1301445E+03   0.8406129E+02   0.4112588E+03   0.4663884E+02   0.2170963E+03  -0.9990000E+03   0.1071004E+03   0.9696562E+02   0.4875216E+02   0.4670970E+02   0.1939701E+04
   0.2140000E+03   0.1301488E+03   0.8414350E+02   0.4127246E+03   0.4669927E+02   0.2171336E+03  -0.9990000E+03   0.1070905E+03   0.9695937E+02   0.4875535E+02   0.4671053E+02   0.1940353E+04
   0.2150000E+03   0.1301534E+03   0.8422565E+02   0.4141754E+03   0.4675961E+02   0.2171709E+03  -0.9990000E+03   0.1070807E+03   0.9695311E+02   0.4875853E+02   0.4671136E+02   0.1940994E+04
   0.2160000E+03   0.1301583E+03   0.8430771E+02   0.4156192E+03   0.4681987E+02   0.2172081E+03  -0.9990000E+03   0.1070708E+03   0.9694685E+02   0.4876170E+02   0.4671218E+02   0.1941661E+04
   0.2170000E+03   0.1301638E+03   0.8438970E+02   0.4170641E+03   0.4688005E+02   0.2172454E+03  -0.9990000E+03   0.1070610E+03   0.9694061E+02   0.4876487E+02   0.4671300E+02   0.1942291E+04
   0.2180000E+03   0.1301697E+03   0.8447166E+02   0.4185202E+03   0.4694014E+02   0.2172827E+03  -0.9990000E+03   0.1070511E+03   0.9693435E+02   0.4876804E+02   0.4671382E+02   0.1942917E+04
   0.2190000E+03   0.1301763E+03   0.8455354E+02   0.4200020E+03   0.4700015E+02   0.2173200E+03  -0.9990000E+03   0.1070413E+03   0.9692809E+02   0.4877119E+02   0.4671463E+02   0.1943537E+04
   0.2200000E+03   0.1301835E+03   0.8463528E+02   0.4215447E+03   0.4706008E+02   0.2173573E+03   0.9267301E+02   0.1070314E+03   0.9692185E+02   0.4877434E+02   0.4671544E+02   0.1944187E+04
   0.2210000E+03   0.1301911E+03   0.8471697E+02   0.4231501E+03   0.4711992E+02   0.2173946E+03   0.1197673E+03   0.1070216E+03   0.9691560E+02   0.4877748E+02   0.4671625E+02   0.1944825E+04
   0.2220000E+03   0.1301990E+03   0.8479860E+02   0.4248147E+03   0.4717967E+02   0.2174319E+03   0.1334874E+03   0.1070118E+03   0.9690935E+02   0.4878063E+02   0.4671706E+02   0.1945461E+04
   0.2230000E+03   0.1302070E+03   0.8488015E+02   0.4265331E+03   0.4723935E+02   0.2174691E+03   0.1416089E+03   0.1070019E+03   0.9690310E+02   0.4878376E+02   0.4671786E+02   0.1946091E+04
   0.2240000E+03   0.1302150E+03   0.8496159E+02   0.4282978E+03   0.4729894E+02   0.2175064E+03   0.1471188E+03   0.1069921E+03   0.9689685E+02   0.4878689E+02   0.4671867E+02   0.1946727E+04
   0.2250000E+03   0.1302229E+03   0.8504303E+02   0.4300798E+03   0.4735845E+02   0.2175436E+03   0.1511656E+03   0.1069823E+03   0.9689061E+02   0.4879000E+02   0.4671947E+02   0.1947342E+04
   0.2260000E+03   0.1302305E+03   0.8512443E+02   0.4318720E+03   0.4741788E+02   0.2175808E+03   0.1540306E+03   0.1069725E+03   0.9688438E+02   0.4879312E+02   0.4672028E+02   0.1947956E+04
   0.2270000E+03   0.1302378E+03   0.8520573E+02   0.4336645E+03   0.4747722E+02   0.2176181E+03   0.1561827E+03   0.1069626E+03   0.9687813E+02   0.4879623E+02   0.4672107E+02   0.1948562E+04
   0.2280000E+03   0.1302449E+03   0.8528696E+02   0.4354663E+03   0.4753648E+02   0.2176553E+03   0.1578755E+03   0.1069528E+03   0.9687189E+02   0.4879932E+02   0.4672187E+02   0.1949162E+04
   0.2290000E+03   0.1302517E+03   0.8536809E+02   0.4372754E+03   0.4759565E+02   0.2176925E+03   0.1592091E+03   0.1069430E+03   0.9686563E+02   0.4880243E+02   0.4672266E+02   0.1949764E+04
   0.2300000E+03   0.1302583E+03   0.8544910E+02   0.4390906E+03   0.4765474E+02   0.2177298E+03   0.1602615E+03   0.1069332E+03   0.9685941E+02   0.4880552E+02   0.4672345E+02   0.1950375E+04
   0.2310000E+03   0.1302647E+03   0.8552999E+02   0.4409087E+03   0.4771375E+02   0.2177670E+03   0.1610933E+03   0.1069233E+03   0.9685317E+02   0.4880861E+02   0.4672425E+02   0.1950987E+04
   0.2320000E+03   0.1302708E+03   0.8561085E+02   0.4427275E+03   0.4777267E+02   0.2178042E+03   0.1617518E+03   0.1069135E+03   0.9684694E+02   0.4881168E+02   0.4672503E+02   0.1951585E+04
   0.2330000E+03   0.1302765E+03   0.8569163E+02   0.4445459E+03   0.4783152E+02   0.2178414E+03   0.1622918E+03   0.1069037E+03   0.9684071E+02   0.4881476E+02   0.4672581E+02   0.1952182E+04
   0.2340000E+03   0.1302819E+03   0.8577233E+02   0.4463620E+03   0.4789028E+02   0.2178786E+03   0.1627201E+03   0.1068939E+03   0.9683449E+02   0.4881781E+02   0.4672659E+02   0.1952775E+04
   0.2350000E+03   0.1302868E+03   0.8585297E+02   0.4481744E+03   0.4794896E+02   0.2179158E+03   0.1630716E+03   0.1068841E+03   0.9682829E+02   0.4882086E+02   0.4672738E+02   0.1953362E+04
   0.2360000E+03   0.1302913E+03   0.8593354E+02   0.4499821E+03   0.4800755E+02   0.2179530E+03   0.1633511E+03   0.1068742E+03   0.9682207E+02   0.4882392E+02   0.4672816E+02   0.1953946E+04
   0.2370000E+03   0.1302952E+03   0.8601402E+02   0.4517842E+03   0.4806606E+02   0.2179901E+03   0.1635807E+03   0.1068644E+03   0.9681587E+02   0.4882697E+02   0.4672894E+02   0.1954527E+04
   0.2380000E+03   0.1302987E+03   0.8609445E+02   0.4535799E+03   0.4812449E+02   0.2180273E+03   0.1637697E+03   0.1068546E+03   0.9680966E+02   0.4883000E+02   0.4672971E+02   0.1955106E+04
   0.2390000E+03   0.1303016E+03   0.8617487E+02   0.4553707E+03   0.4818285E+02   0.2180645E+03   0.1639253E+03   0.1068448E+03   0.9680346E+02   0.4883304E+02   0.4673048E+02   0.1955671E+04
   0.2400000E+03   0.1303040E+03   0.8625520E+02   0.4571374E+03   0.4824111E+02   0.2181017E+03   0.1640536E+03   0.1068350E+03   0.9679726E+02   0.4883607E+02   0.4673125E+02   0.1956234E+04
   0.2410000E+03   0.1303060E+03   0.8633531E+02   0.4588808E+03   0.4829931E+02   0.2181388E+03   0.1641596E+03   0.1068251E+03   0.9679105E+02   0.4883908E+02   0.4673201E+02   0.1956860E+04
   0.2420000E+03   0.1303073E+03   0.8641540E+02   0.4606014E+03   0.4835741E+02   0.2181760E+03   0.1642473E+03   0.1068153E+03   0.9678484E+02   0.4884211E+02   0.4673278E+02   0.1957416E+04
   0.2430000E+03   0.1303082E+03   0.8649543E+02   0.4623149E+03   0.4841544E+02   0.2182132E+03   0.1643201E+03   0.1068055E+03   0.9677862E+02   0.4884511E+02   0.4673354E+02   0.1957978E+04
   0.2440000E+03   0.1303085E+03   0.8657534E+02   0.4640211E+03   0.4847339E+02   0.2182503E+03   0.1643787E+03   0.1067957E+03   0.9677241E+02   0.4884812E+02   0.4673430E+02   0.1958550E+04
   0.2450000E+03   0.1303083E+03   0.8665517E+02   0.4657199E+03   0.4853126E+02   0.2182875E+03   0.1644276E+03   0.1067859E+03   0.9676620E+02   0.4885112E+02   0.4673506E+02   0.1959107E+04
   0.2460000E+03   0.1303075E+03   0.8673502E+02   0.4674113E+03   0.4858905E+02   0.2183246E+03   0.1644686E+03   0.1067761E+03   0.9675999E+02   0.4885411E+02   0.4673582E+02   0.1959655E+04
   0.2470000E+03   0.1303062E+03   0.8681480E+02   0.4690931E+03   0.4864675E+02   0.2183618E+03   0.1645031E+03   0.1067663E+03   0.9675378E+02   0.4885710E+02   0.4673657E+02   0.1960204E+04
   0.2480000E+03   0.1303043E+03   0.8689447E+02   0.4707464E+03   0.4870437E+02   0.2183989E+03   0.1645323E+03   0.1067565E+03   0.9674758E+02   0.4886008E+02   0.4673732E+02   0.1960740E+04
   0.2490000E+03   0.1303018E+03   0.8697397E+02   0.4723720E+03   0.4876191E+02   0.2184360E+03   0.1645572E+03   0.1067467E+03   0.9674137E+02   0.4886306E+02   0.4673808E+02   0.1961303E+04
   0.2500000E+03   0.1302988E+03   0.8705335E+02   0.4739713E+03   0.4881938E+02   0.2184731E+03   0.1645786E+03   0.1067369E+03   0.9673517E+02   0.4886603E+02   0.4673882E+02   0.1961863E+04
   0.2510000E+03   0.1302953E+03   0.8713268E+02   0.4755441E+03   0.4887676E+02   0.2185102E+03   0.1645970E+03   0.1067271E+03   0.9672898E+02   0.4886900E+02   0.4673957E+02   0.1962414E+04
   0.2520000E+03   0.1302912E+03   0.8721191E+02   0.4771122E+03   0.4893406E+02   0.2185473E+03   0.1646131E+03   0.1067173E+03   0.9672278E+02   0.4887195E+02   0.4674032E+02   0.1962965E+04
   0.2530000E+03   0.1302865E+03   0.8729108E+02   0.4786766E+03   0.4899128E+02   0.2185845E+03   0.1646273E+03   0.1067075E+03   0.9671658E+02   0.4887490E+02   0.4674106E+02   0.1963513E+04
   0.2540000E+03   0.1302813E+03   0.8737016E+02   0.4802365E+03   0.4904843E+02   0.2186216E+03   0.1646399E+03   0.1066977E+03   0.9671037E+02   0.4887785E+02   0.4674180E+02   0.1964059E+04
   0.2550000E+03   0.1302755E+03   0.8744916E+02   0.4817924E+03   0.4910549E+02   0.2186587E+03   0.1646511E+03   0.1066880E+03   0.9670416E+02   0.4888079E+02   0.4674255E+02   0.1964610E+04
   0.2560000E+03   0.1302692E+03   0.8752805E+02   0.4833438E+03   0.4916248E+02   0.2186958E+03   0.1646614E+03   0.1066782E+03   0.9669796E+02   0.4888373E+02   0.4674329E+02   0.1965156E+04
   0.2570000E+03   0.1302623E+03   0.8760689E+02   0.4848906E+03   0.4921939E+02   0.2187329E+03   0.1646708E+03   0.1066684E+03   0.9669176E+02   0.4888665E+02   0.4674402E+02   0.1965696E+04
   0.2580000E+03   0.1302549E+03   0.8768562E+02   0.4864337E+03   0.4927622E+02   0.2187700E+03   0.1646795E+03   0.1066586E+03   0.9668557E+02   0.4888957E+02   0.4674475E+02   0.1966237E+04
   0.2590000E+03   0.1302469E+03   0.8776447E+02   0.4879728E+03   0.4933298E+02   0.2188071E+03   0.1646876E+03   0.1066488E+03   0.9667939E+02   0.4889249E+02   0.4674548E+02   0.1966754E+04
   0.2600000E+03   0.1302386E+03   0.8784324E+02   0.4895051E+03   0.4938966E+02   0.2188442E+03   0.1646954E+03   0.1066390E+03   0.9667321E+02   0.4889539E+02   0.4674622E+02   0.1967270E+04
   0.2610000E+03   0.1302300E+03   0.8792173E+02   0.4910333E+03   0.4944626E+02   0.2188813E+03   0.1647028E+03   0.1066292E+03   0.9666702E+02   0.4889830E+02   0.4674694E+02   0.1967808E+04
   0.2620000E+03   0.1302212E+03   0.8800037E+02   0.4925648E+03   0.4950278E+02   0.2189184E+03   0.1647100E+03   0.1066195E+03   0.9666085E+02   0.4890120E+02   0.4674767E+02   0.1968328E+04
   0.2630000E+03   0.1302122E+03   0.8807888E+02   0.4941032E+03   0.4955922E+02   0.2189554E+03   0.1647169E+03   0.1066097E+03   0.9665467E+02   0.4890409E+02   0.4674839E+02   0.1968867E+04
   0.2640000E+03   0.1302030E+03   0.8815717E+02   0.4956566E+03   0.4961558E+02   0.2189924E+03   0.1648308E+03   0.1065999E+03   0.9664848E+02   0.4890698E+02   0.4674912E+02   0.1969416E+04
   0.2650000E+03   0.1301937E+03   0.8823555E+02   0.4972269E+03   0.4967186E+02   0.2190295E+03   0.1650403E+03   0.1065901E+03   0.9664231E+02   0.4890986E+02   0.4674984E+02   0.1969923E+04
   0.2660000E+03   0.1301841E+03   0.8831389E+02   0.4988253E+03   0.4972807E+02   0.2190666E+03   0.1654620E+03   0.1065803E+03   0.9663613E+02   0.4891274E+02   0.4675056E+02   0.1970413E+04
   0.2670000E+03   0.1301743E+03   0.8839191E+02   0.5004597E+03   0.4978419E+02   0.2191036E+03   0.1660242E+03   0.1065705E+03   0.9662995E+02   0.4891561E+02   0.4675127E+02   0.1970969E+04
   0.2680000E+03   0.1301643E+03   0.8846971E+02   0.5021310E+03   0.4984024E+02   0.2191407E+03   0.1665879E+03   0.1065608E+03   0.9662377E+02   0.4891848E+02   0.4675199E+02   0.1971433E+04
   0.2690000E+03   0.1301543E+03   0.8854761E+02   0.5038395E+03   0.4989621E+02   0.2191777E+03   0.1670643E+03   0.1065510E+03   0.9661759E+02   0.4892133E+02   0.4675270E+02   0.1971925E+04
   0.2700000E+03   0.1301452E+03   0.8862586E+02   0.5055723E+03   0.4995211E+02   0.2192148E+03   0.1674467E+03   0.1065412E+03   0.9661143E+02   0.4892418E+02   0.4675342E+02   0.1972405E+04
   0.2710000E+03   0.1301379E+03   0.8870437E+02   0.5073244E+03   0.5000792E+02   0.2192518E+03   0.1677492E+03   0.1065314E+03   0.9660526E+02   0.4892703E+02   0.4675414E+02   0.1972880E+04
   0.2720000E+03   0.1301323E+03   0.8878259E+02   0.5090891E+03   0.5006366E+02   0.2192888E+03   0.1679894E+03   0.1065217E+03   0.9659908E+02   0.4892988E+02   0.4675485E+02   0.1973415E+04
   0.2730000E+03   0.1301284E+03   0.8886062E+02   0.5108598E+03   0.5011933E+02   0.2193259E+03   0.1681793E+03   0.1065119E+03   0.9659290E+02   0.4893272E+02   0.4675555E+02   0.1973943E+04
   0.2740000E+03   0.1301257E+03   0.8893858E+02   0.5126425E+03   0.5017493E+02   0.2193629E+03   0.1683317E+03   0.1065022E+03   0.9658672E+02   0.4893556E+02   0.4675626E+02   0.1974434E+04
   0.2750000E+03   0.1301243E+03   0.8901664E+02   0.5144334E+03   0.5023044E+02   0.2193999E+03   0.1684541E+03   0.1064924E+03   0.9658056E+02   0.4893839E+02   0.4675696E+02   0.1974936E+04
   0.2760000E+03   0.1301237E+03   0.8909470E+02   0.5162287E+03   0.5028587E+02   0.2194370E+03   0.1685527E+03   0.1064826E+03   0.9657439E+02   0.4894121E+02   0.4675766E+02   0.1975418E+04
   0.2770000E+03   0.1301237E+03   0.8917237E+02   0.5180333E+03   0.5034123E+02   0.2194740E+03   0.1686335E+03   0.1064729E+03   0.9656821E+02   0.4894403E+02   0.4675837E+02   0.1975923E+04
   0.2780000E+03   0.1301243E+03   0.8925005E+02   0.5198293E+03   0.5039651E+02   0.2195110E+03   0.1686998E+03   0.1064631E+03   0.9656203E+02   0.4894685E+02   0.4675906E+02   0.1976408E+04
   0.2790000E+03   0.1301252E+03   0.8932761E+02   0.5216153E+03   0.5045173E+02   0.2195480E+03   0.1687544E+03   0.1064534E+03   0.9655585E+02   0.4894965E+02   0.4675976E+02   0.1976898E+04
   0.2800000E+03   0.1301264E+03   0.8940485E+02   0.5233901E+03   0.5050686E+02   0.2195850E+03   0.1687996E+03   0.1064436E+03   0.9654967E+02   0.4895245E+02   0.4676045E+02   0.1977414E+04
   0.2810000E+03   0.1301277E+03   0.8948195E+02   0.5251528E+03   0.5056192E+02   0.2196219E+03   0.1688376E+03   0.1064338E+03   0.9654351E+02   0.4895524E+02   0.4676114E+02   0.1977924E+04
   0.2820000E+03   0.1301289E+03   0.8955904E+02   0.5269037E+03   0.5061691E+02   0.2196589E+03   0.1688694E+03   0.1064241E+03   0.9653735E+02   0.4895804E+02   0.4676183E+02   0.1978378E+04
   0.2830000E+03   0.1301300E+03   0.8963616E+02   0.5286411E+03   0.5067181E+02   0.2196959E+03   0.1688964E+03   0.1064143E+03   0.9653120E+02   0.4896082E+02   0.4676252E+02   0.1978830E+04
   0.2840000E+03   0.1301309E+03   0.8971321E+02   0.5303664E+03   0.5072664E+02   0.2197329E+03   0.1689192E+03   0.1064046E+03   0.9652505E+02   0.4896360E+02   0.4676321E+02   0.1979277E+04
   0.2850000E+03   0.1301315E+03   0.8979012E+02   0.5320904E+03   0.5078140E+02   0.2197699E+03   0.1689389E+03   0.1063948E+03   0.9651889E+02   0.4896637E+02   0.4676389E+02   0.1979734E+04
   0.2860000E+03   0.1301318E+03   0.8986675E+02   0.5338123E+03   0.5083608E+02   0.2198069E+03   0.1689561E+03   0.1063851E+03   0.9651274E+02   0.4896912E+02   0.4676458E+02   0.1980222E+04
   0.2870000E+03   0.1301317E+03   0.8994327E+02   0.5355323E+03   0.5089069E+02   0.2198438E+03   0.1689711E+03   0.1063753E+03   0.9650658E+02   0.4897188E+02   0.4676525E+02   0.1980706E+04
   0.2880000E+03   0.1301311E+03   0.9001968E+02   0.5372516E+03   0.5094522E+02   0.2198808E+03   0.1689844E+03   0.1063656E+03   0.9650043E+02   0.4897463E+02   0.4676593E+02   0.1981188E+04
   0.2890000E+03   0.1301302E+03   0.9009599E+02   0.5389689E+03   0.5099968E+02   0.2199178E+03   0.1689963E+03   0.1063558E+03   0.9649429E+02   0.4897737E+02   0.4676660E+02   0.1981668E+04
   0.2900000E+03   0.1301287E+03   0.9017220E+02   0.5406841E+03   0.5105407E+02   0.2199547E+03   0.1690070E+03   0.1063461E+03   0.9648814E+02   0.4898011E+02   0.4676728E+02   0.1982144E+04
   0.2910000E+03   0.1301268E+03   0.9024830E+02   0.5423970E+03   0.5110837E+02   0.2199917E+03   0.1690169E+03   0.1063363E+03   0.9648199E+02   0.4898284E+02   0.4676796E+02   0.1982612E+04
   0.2920000E+03   0.1301244E+03   0.9032439E+02   0.5441074E+03   0.5116260E+02   0.2200285E+03   0.1690258E+03   0.1063266E+03   0.9647585E+02   0.4898557E+02   0.4676863E+02   0.1983095E+04
   0.2930000E+03   0.1301214E+03   0.9040033E+02   0.5458146E+03   0.5121676E+02   0.2200655E+03   0.1690341E+03   0.1063169E+03   0.9646970E+02   0.4898830E+02   0.4676929E+02   0.1983563E+04
   0.2940000E+03   0.1301180E+03   0.9047617E+02   0.5475189E+03   0.5127084E+02   0.2201024E+03   0.1690418E+03   0.1063071E+03   0.9646355E+02   0.4899102E+02   0.4676996E+02   0.1984031E+04
   0.2950000E+03   0.1301140E+03   0.9055194E+02   0.5492202E+03   0.5132486E+02   0.2201394E+03   0.1690491E+03   0.1062974E+03   0.9645739E+02   0.4899372E+02   0.4677062E+02   0.1984496E+04
   0.2960000E+03   0.1301094E+03   0.9062778E+02   0.5509076E+03   0.5137879E+02   0.2201763E+03   0.1690562E+03   0.1062876E+03   0.9645126E+02   0.4899643E+02   0.4677128E+02   0.1984918E+04
   0.2970000E+03   0.1301044E+03   0.9070360E+02   0.5525811E+03   0.5143265E+02   0.2202132E+03   0.1690629E+03   0.1062779E+03   0.9644514E+02   0.4899914E+02   0.4677194E+02   0.1985372E+04
   0.2980000E+03   0.1300990E+03   0.9077914E+02   0.5542409E+03   0.5148643E+02   0.2202502E+03   0.1690694E+03   0.1062682E+03   0.9643900E+02   0.4900183E+02   0.4677260E+02   0.1985825E+04
   0.2990000E+03   0.1300931E+03   0.9085460E+02   0.5558868E+03   0.5154015E+02   0.2202870E+03   0.1690757E+03   0.1062585E+03   0.9643286E+02   0.4900452E+02   0.4677325E+02   0.1986279E+04
   0.3000000E+03   0.1300867E+03   0.9092997E+02   0.5575193E+03   0.5159378E+02   0.2203240E+03   0.1690819E+03   0.1062487E+03   0.9642672E+02   0.4900721E+02   0.4677391E+02   0.1986732E+04
   0.3010000E+03   0.1300797E+03   0.9100526E+02   0.5591389E+03   0.5164735E+02   0.2203609E+03   0.1690880E+03   0.1062390E+03   0.9642058E+02   0.4900989E+02   0.4677456E+02   0.1987190E+04
   0.3020000E+03   0.1300723E+03   0.9108047E+02   0.5607452E+03   0.5170084E+02   0.2203978E+03   0.1690939E+03   0.1062293E+03   0.9641443E+02   0.4901257E+02   0.4677521E+02   0.1987646E+04
   0.3030000E+03   0.1300644E+03   0.9115560E+02   0.5623384E+03   0.5175425E+02   0.2204347E+03   0.1690998E+03   0.1062196E+03   0.9640830E+02   0.4901524E+02   0.4677587E+02   0.1988100E+04
   0.3040000E+03   0.1300560E+03   0.9123064E+02   0.5639185E+03   0.5180760E+02   0.2204716E+03   0.1691056E+03   0.1062099E+03   0.9640217E+02   0.4901791E+02   0.4677652E+02   0.1988553E+04
   0.3050000E+03   0.1300470E+03   0.9130562E+02   0.5654863E+03   0.5186087E+02   0.2205085E+03   0.1691114E+03   0.1062002E+03   0.9639604E+02   0.4902057E+02   0.4677717E+02   0.1989005E+04
   0.3060000E+03   0.1300376E+03   0.9138052E+02   0.5670413E+03   0.5191408E+02   0.2205454E+03   0.1691171E+03   0.1061905E+03   0.9638991E+02   0.4902322E+02   0.4677782E+02   0.1989457E+04
   0.3070000E+03   0.1300275E+03   0.9145532E+02   0.5685837E+03   0.5196721E+02   0.2205822E+03   0.1691227E+03   0.1061808E+03   0.9638377E+02   0.4902587E+02   0.4677846E+02   0.1989908E+04
   0.3080000E+03   0.1300170E+03   0.9153003E+02   0.5701135E+03   0.5202025E+02   0.2206191E+03   0.1691284E+03   0.1061710E+03   0.9637762E+02   0.4902851E+02   0.4677909E+02   0.1990353E+04
   0.3090000E+03   0.1300060E+03   0.9160468E+02   0.5716316E+03   0.5207324E+02   0.2206560E+03   0.1691341E+03   0.1061613E+03   0.9637148E+02   0.4903115E+02   0.4677973E+02   0.1990795E+04
   0.3100000E+03   0.1299945E+03   0.9167924E+02   0.5731374E+03   0.5212614E+02   0.2206928E+03   0.1691397E+03   0.1061516E+03   0.9636535E+02   0.4903379E+02   0.4678036E+02   0.1991236E+04
   0.3110000E+03   0.1299824E+03   0.9175372E+02   0.5746312E+03   0.5217898E+02   0.2207297E+03   0.1691453E+03   0.1061419E+03   0.9635922E+02   0.4903643E+02   0.4678100E+02   0.1991672E+04
   0.3120000E+03   0.1299699E+03   0.9182812E+02   0.5761135E+03   0.5223174E+02   0.2207666E+03   0.1691509E+03   0.1061322E+03   0.9635310E+02   0.4903905E+02   0.4678164E+02   0.1992110E+04
   0.3130000E+03   0.1299568E+03   0.9190244E+02   0.5775839E+03   0.5228444E+02   0.2208034E+03   0.1691564E+03   0.1061225E+03   0.9634699E+02   0.4904166E+02   0.4678228E+02   0.1992546E+04
   0.3140000E+03   0.1299432E+03   0.9197668E+02   0.5790430E+03   0.5233706E+02   0.2208403E+03   0.1691621E+03   0.1061128E+03   0.9634087E+02   0.4904427E+02   0.4678291E+02   0.1992983E+04
   0.3150000E+03   0.1299292E+03   0.9205083E+02   0.5804904E+03   0.5238961E+02   0.2208771E+03   0.1691677E+03   0.1061030E+03   0.9633475E+02   0.4904688E+02   0.4678354E+02   0.1993414E+04
   0.3160000E+03   0.1299146E+03   0.9212494E+02   0.5819269E+03   0.5244209E+02   0.2209139E+03   0.1691734E+03   0.1060933E+03   0.9632863E+02   0.4904948E+02   0.4678416E+02   0.1993866E+04
   0.3170000E+03   0.1298995E+03   0.9219896E+02   0.5833521E+03   0.5249449E+02   0.2209508E+03   0.1691790E+03   0.1060836E+03   0.9632250E+02   0.4905207E+02   0.4678479E+02   0.1994316E+04
   0.3180000E+03   0.1298839E+03   0.9227290E+02   0.5847665E+03   0.5254684E+02   0.2209876E+03   0.1691846E+03   0.1060739E+03   0.9631639E+02   0.4905466E+02   0.4678541E+02   0.1994767E+04
   0.3190000E+03   0.1298679E+03   0.9234678E+02   0.5861698E+03   0.5259910E+02   0.2210244E+03   0.1691902E+03   0.1060642E+03   0.9631027E+02   0.4905725E+02   0.4678603E+02   0.1995216E+04
   0.3200000E+03   0.1298513E+03   0.9242057E+02   0.5875624E+03   0.5265129E+02   0.2210612E+03   0.1691958E+03   0.1060545E+03   0.9630417E+02   0.4905983E+02   0.4678666E+02   0.1995664E+04
   0.3210000E+03   0.1298343E+03   0.9249429E+02   0.5889440E+03   0.5270341E+02   0.2210981E+03   0.1692015E+03   0.1060448E+03   0.9629807E+02   0.4906241E+02   0.4678727E+02   0.1996112E+04
   0.3220000E+03   0.1298168E+03   0.9256792E+02   0.5903155E+03   0.5275546E+02   0.2211349E+03   0.1692071E+03   0.1060351E+03   0.9629196E+02   0.4906498E+02   0.4678790E+02   0.1996558E+04
   0.3230000E+03   0.1297988E+03   0.9264148E+02   0.5916762E+03   0.5280744E+02   0.2211717E+03   0.1692128E+03   0.1060254E+03   0.9628586E+02   0.4906755E+02   0.4678851E+02   0.1997004E+04
   0.3240000E+03   0.1297804E+03   0.9271495E+02   0.5930269E+03   0.5285934E+02   0.2212085E+03   0.1692184E+03   0.1060157E+03   0.9627974E+02   0.4907011E+02   0.4678913E+02   0.1997450E+04
   0.3250000E+03   0.1297615E+03   0.9278835E+02   0.5943673E+03   0.5291118E+02   0.2212453E+03   0.1692241E+03   0.1060060E+03   0.9627362E+02   0.4907267E+02   0.4678975E+02   0.1997895E+04
   0.3260000E+03   0.1297421E+03   0.9286166E+02   0.5956975E+03   0.5296294E+02   0.2212821E+03   0.1692297E+03   0.1059963E+03   0.9626751E+02   0.4907522E+02   0.4679036E+02   0.1998339E+04
   0.3270000E+03   0.1297222E+03   0.9293490E+02   0.5970177E+03   0.5301464E+02   0.2213189E+03   0.1692353E+03   0.1059866E+03   0.9626139E+02   0.4907776E+02   0.4679096E+02   0.1998782E+04
   0.3280000E+03   0.1297019E+03   0.9300805E+02   0.5983284E+03   0.5306628E+02   0.2213557E+03   0.1692410E+03   0.1059769E+03   0.9625529E+02   0.4908031E+02   0.4679157E+02   0.1999225E+04
   0.3290000E+03   0.1296812E+03   0.9308112E+02   0.5996290E+03   0.5311784E+02   0.2213925E+03   0.1692466E+03   0.1059673E+03   0.9624918E+02   0.4908285E+02   0.4679218E+02   0.1999666E+04
   0.3300000E+03   0.1296600E+03   0.9315411E+02   0.6009200E+03   0.5316932E+02   0.2214293E+03   0.1692522E+03   0.1059576E+03   0.9624308E+02   0.4908539E+02   0.4679278E+02   0.2000107E+04
   0.3310000E+03   0.1296383E+03   0.9322703E+02   0.6022015E+03   0.5322074E+02   0.2214660E+03   0.1692579E+03   0.1059479E+03   0.9623698E+02   0.4908792E+02   0.4679338E+02   0.2000546E+04
   0.3320000E+03   0.1296162E+03   0.9329987E+02   0.6034732E+03   0.5327208E+02   0.2215028E+03   0.1692635E+03   0.1059382E+03   0.9623089E+02   0.4909044E+02   0.4679398E+02   0.2000984E+04
   0.3330000E+03   0.1295936E+03   0.9337263E+02   0.6047356E+03   0.5332336E+02   0.2215396E+03   0.1692691E+03   0.1059285E+03   0.9622478E+02   0.4909296E+02   0.4679457E+02   0.2001422E+04
   0.3340000E+03   0.1295706E+03   0.9344530E+02   0.6059890E+03   0.5337457E+02   0.2215764E+03   0.1692748E+03   0.1059188E+03   0.9621868E+02   0.4909547E+02   0.4679517E+02   0.2001859E+04
   0.3350000E+03   0.1295472E+03   0.9351789E+02   0.6072327E+03   0.5342570E+02   0.2216131E+03   0.1692805E+03   0.1059091E+03   0.9621258E+02   0.4909798E+02   0.4679576E+02   0.2002292E+04
   0.3360000E+03   0.1295233E+03   0.9359039E+02   0.6084674E+03   0.5347677E+02   0.2216499E+03   0.1692861E+03   0.1058994E+03   0.9620648E+02   0.4910048E+02   0.4679636E+02   0.2002710E+04
   0.3370000E+03   0.1294990E+03   0.9366277E+02   0.6096932E+03   0.5352776E+02   0.2216867E+03   0.1692918E+03   0.1058897E+03   0.9620039E+02   0.4910298E+02   0.4679696E+02   0.2003126E+04
   0.3380000E+03   0.1294743E+03   0.9373509E+02   0.6109100E+03   0.5357870E+02   0.2217235E+03   0.1692974E+03   0.1058801E+03   0.9619428E+02   0.4910548E+02   0.4679755E+02   0.2003542E+04
   0.3390000E+03   0.1294491E+03   0.9380734E+02   0.6121182E+03   0.5362956E+02   0.2217602E+03   0.1693031E+03   0.1058704E+03   0.9618819E+02   0.4910797E+02   0.4679814E+02   0.2003956E+04
   0.3400000E+03   0.1294235E+03   0.9387952E+02   0.6133174E+03   0.5368035E+02   0.2217970E+03   0.1693087E+03   0.1058607E+03   0.9618210E+02   0.4911045E+02   0.4679873E+02   0.2004371E+04
   0.3410000E+03   0.1293975E+03   0.9395160E+02   0.6145078E+03   0.5373106E+02   0.2218338E+03   0.1693144E+03   0.1058510E+03   0.9617601E+02   0.4911293E+02   0.4679932E+02   0.2004784E+04
   0.3420000E+03   0.1293711E+03   0.9402361E+02   0.6156897E+03   0.5378172E+02   0.2218705E+03   0.1693201E+03   0.1058413E+03   0.9616993E+02   0.4911541E+02   0.4679990E+02   0.2005198E+04
   0.3430000E+03   0.1293443E+03   0.9409554E+02   0.6168632E+03   0.5383231E+02   0.2219073E+03   0.1693257E+03   0.1058316E+03   0.9616384E+02   0.4911788E+02   0.4680049E+02   0.2005606E+04
   0.3440000E+03   0.1293171E+03   0.9416739E+02   0.6180284E+03   0.5388283E+02   0.2219440E+03   0.1693314E+03   0.1058220E+03   0.9615776E+02   0.4912035E+02   0.4680107E+02   0.2006022E+04
   0.3450000E+03   0.1292894E+03   0.9423917E+02   0.6191848E+03   0.5393327E+02   0.2219807E+03   0.1693370E+03   0.1058123E+03   0.9615168E+02   0.4912280E+02   0.4680165E+02   0.2006436E+04
   0.3460000E+03   0.1292614E+03   0.9431086E+02   0.6203333E+03   0.5398365E+02   0.2220175E+03   0.1693427E+03   0.1058027E+03   0.9614561E+02   0.4912525E+02   0.4680222E+02   0.2006849E+04
   0.3470000E+03   0.1292329E+03   0.9438247E+02   0.6214736E+03   0.5403397E+02   0.2220542E+03   0.1693484E+03   0.1057930E+03   0.9613953E+02   0.4912770E+02   0.4680281E+02   0.2007261E+04
   0.3480000E+03   0.1292041E+03   0.9445400E+02   0.6226057E+03   0.5408422E+02   0.2220909E+03   0.1693540E+03   0.1057833E+03   0.9613345E+02   0.4913015E+02   0.4680339E+02   0.2007673E+04
   0.3490000E+03   0.1291748E+03   0.9452546E+02   0.6237299E+03   0.5413440E+02   0.2221276E+03   0.1693597E+03   0.1057737E+03   0.9612737E+02   0.4913259E+02   0.4680396E+02   0.2008083E+04
   0.3500000E+03   0.1291451E+03   0.9459683E+02   0.6248461E+03   0.5418450E+02   0.2221643E+03   0.1693654E+03   0.1057640E+03   0.9612129E+02   0.4913503E+02   0.4680453E+02   0.2008493E+04
   0.3510000E+03   0.1291151E+03   0.9466813E+02   0.6259545E+03   0.5423454E+02   0.2222010E+03   0.1693711E+03   0.1057543E+03   0.9611522E+02   0.4913745E+02   0.4680510E+02   0.2008902E+04
   0.3520000E+03   0.1290847E+03   0.9473936E+02   0.6270552E+03   0.5428452E+02   0.2222377E+03   0.1693768E+03   0.1057447E+03   0.9610914E+02   0.4913988E+02   0.4680567E+02   0.2009310E+04
   0.3530000E+03   0.1290539E+03   0.9481050E+02   0.6281482E+03   0.5433442E+02   0.2222744E+03   0.1693825E+03   0.1057350E+03   0.9610307E+02   0.4914230E+02   0.4680623E+02   0.2009717E+04
   0.3540000E+03   0.1290227E+03   0.9488155E+02   0.6292332E+03   0.5438426E+02   0.2223111E+03   0.1693882E+03   0.1057254E+03   0.9609700E+02   0.4914471E+02   0.4680680E+02   0.2010124E+04
   0.3550000E+03   0.1289911E+03   0.9495253E+02   0.6303105E+03   0.5443402E+02   0.2223478E+03   0.1693939E+03   0.1057157E+03   0.9609093E+02   0.4914712E+02   0.4680736E+02   0.2010530E+04
   0.3560000E+03   0.1289592E+03   0.9502343E+02   0.6313805E+03   0.5448373E+02   0.2223845E+03   0.1693995E+03   0.1057061E+03   0.9608485E+02   0.4914952E+02   0.4680793E+02   0.2010935E+04
   0.3570000E+03   0.1289268E+03   0.9509424E+02   0.6324430E+03   0.5453337E+02   0.2224212E+03   0.1694052E+03   0.1056964E+03   0.9607877E+02   0.4915192E+02   0.4680848E+02   0.2011340E+04
   0.3580000E+03   0.1288941E+03   0.9516498E+02   0.6334982E+03   0.5458294E+02   0.2224578E+03   0.1694110E+03   0.1056868E+03   0.9607269E+02   0.4915432E+02   0.4680904E+02   0.2011744E+04
   0.3590000E+03   0.1288611E+03   0.9523563E+02   0.6345461E+03   0.5463245E+02   0.2224946E+03   0.1694167E+03   0.1056771E+03   0.9606663E+02   0.4915671E+02   0.4680960E+02   0.2012148E+04
   0.3600000E+03   0.1288277E+03   0.9530621E+02   0.6355868E+03   0.5468188E+02   0.2225312E+03   0.1694224E+03   0.1056674E+03   0.9606057E+02   0.4915910E+02   0.4681015E+02   0.2012551E+04
   0.3610000E+03   0.1287939E+03   0.9537672E+02   0.6366202E+03   0.5473125E+02   0.2225679E+03   0.1694281E+03   0.1056578E+03   0.9605451E+02   0.4916147E+02   0.4681071E+02   0.2012953E+04
   0.3620000E+03   0.1287598E+03   0.9544714E+02   0.6376466E+03   0.5478056E+02   0.2226046E+03   0.1694338E+03   0.1056482E+03   0.9604845E+02   0.4916385E+02   0.4681126E+02   0.2013354E+04
   0.3630000E+03   0.1287252E+03   0.9551747E+02   0.6386660E+03   0.5482980E+02   0.2226412E+03   0.1694395E+03   0.1056385E+03   0.9604240E+02   0.4916623E+02   0.4681180E+02   0.2013754E+04
   0.3640000E+03   0.1286904E+03   0.9558773E+02   0.6396783E+03   0.5487897E+02   0.2226779E+03   0.1694452E+03   0.1056289E+03   0.9603634E+02   0.4916860E+02   0.4681234E+02   0.2014154E+04
   0.3650000E+03   0.1286551E+03   0.9565791E+02   0.6406837E+03   0.5492809E+02   0.2227145E+03   0.1694509E+03   0.1056192E+03   0.9603029E+02   0.4917097E+02   0.4681289E+02   0.2014552E+04
   0.3660000E+03   0.1286195E+03   0.9572803E+02   0.6416826E+03   0.5497713E+02   0.2227512E+03   0.1694567E+03   0.1056096E+03   0.9602422E+02   0.4917332E+02   0.4681343E+02   0.2014950E+04
   0.3670000E+03   0.1285836E+03   0.9579805E+02   0.6426746E+03   0.5502610E+02   0.2227879E+03   0.1694624E+03   0.1055999E+03   0.9601817E+02   0.4917568E+02   0.4681397E+02   0.2015348E+04
   0.3680000E+03   0.1285473E+03   0.9586800E+02   0.6436599E+03   0.5507501E+02   0.2228245E+03   0.1694682E+03   0.1055903E+03   0.9601210E+02   0.4917804E+02   0.4681451E+02   0.2015744E+04
   0.3690000E+03   0.1285107E+03   0.9593786E+02   0.6446386E+03   0.5512385E+02   0.2228612E+03   0.1694739E+03   0.1055807E+03   0.9600604E+02   0.4918039E+02   0.4681506E+02   0.2016140E+04
   0.3700000E+03   0.1284738E+03   0.9600764E+02   0.6456105E+03   0.5517263E+02   0.2228978E+03   0.1694797E+03   0.1055711E+03   0.9599999E+02   0.4918274E+02   0.4681560E+02   0.2016535E+04
   0.3710000E+03   0.1284365E+03   0.9607735E+02   0.6465757E+03   0.5522134E+02   0.2229344E+03   0.1694854E+03   0.1055614E+03   0.9599393E+02   0.4918507E+02   0.4681614E+02   0.2016926E+04
   0.3720000E+03   0.1283988E+03   0.9614697E+02   0.6475345E+03   0.5526999E+02   0.2229710E+03   0.1694911E+03   0.1055518E+03   0.9598788E+02   0.4918741E+02   0.4681667E+02   0.2017316E+04
   0.3730000E+03   0.1283609E+03   0.9621651E+02   0.6484868E+03   0.5531857E+02   0.2230076E+03   0.1694968E+03   0.1055422E+03   0.9598183E+02   0.4918974E+02   0.4681720E+02   0.2017705E+04
   0.3740000E+03   0.1283226E+03   0.9628598E+02   0.6494327E+03   0.5536709E+02   0.2230443E+03   0.1695025E+03   0.1055326E+03   0.9597579E+02   0.4919207E+02   0.4681773E+02   0.2018095E+04
   0.3750000E+03   0.1282840E+03   0.9635538E+02   0.6503723E+03   0.5541554E+02   0.2230809E+03   0.1695083E+03   0.1055229E+03   0.9596974E+02   0.4919439E+02   0.4681826E+02   0.2018482E+04
   0.3760000E+03   0.1282450E+03   0.9642469E+02   0.6513059E+03   0.5546393E+02   0.2231175E+03   0.1695140E+03   0.1055133E+03   0.9596371E+02   0.4919670E+02   0.4681879E+02   0.2018867E+04
   0.3770000E+03   0.1282058E+03   0.9649392E+02   0.6522332E+03   0.5551225E+02   0.2231542E+03   0.1695198E+03   0.1055037E+03   0.9595769E+02   0.4919902E+02   0.4681932E+02   0.2019256E+04
   0.3780000E+03   0.1281662E+03   0.9656308E+02   0.6531542E+03   0.5556050E+02   0.2231908E+03   0.1695255E+03   0.1054941E+03   0.9595165E+02   0.4920133E+02   0.4681984E+02   0.2019644E+04
   0.3790000E+03   0.1281263E+03   0.9663216E+02   0.6540691E+03   0.5560869E+02   0.2232274E+03   0.1695313E+03   0.1054845E+03   0.9594563E+02   0.4920364E+02   0.4682036E+02   0.2020032E+04
   0.3800000E+03   0.1280861E+03   0.9670116E+02   0.6549778E+03   0.5565682E+02   0.2232640E+03   0.1695370E+03   0.1054749E+03   0.9593961E+02   0.4920593E+02   0.4682088E+02   0.2020420E+04
   0.3810000E+03   0.1280455E+03   0.9677007E+02   0.6558805E+03   0.5570488E+02   0.2233006E+03   0.1695428E+03   0.1054653E+03   0.9593359E+02   0.4920823E+02   0.4682140E+02   0.2020807E+04
   0.3820000E+03   0.1280047E+03   0.9684805E+02   0.6567771E+03   0.5575287E+02   0.2233372E+03   0.1695485E+03   0.1054556E+03   0.9592757E+02   0.4921052E+02   0.4682192E+02   0.2021205E+04
   0.3830000E+03   0.1279635E+03   0.9692436E+02   0.6576677E+03   0.5580080E+02   0.2233737E+03   0.1695543E+03   0.1054460E+03   0.9592152E+02   0.4921281E+02   0.4682243E+02   0.2021585E+04
   0.3840000E+03   0.1279220E+03   0.9699925E+02   0.6585527E+03   0.5584866E+02   0.2234103E+03   0.1695600E+03   0.1054364E+03   0.9591550E+02   0.4921509E+02   0.4682295E+02   0.2021974E+04
   0.3850000E+03   0.1278802E+03   0.9707291E+02   0.6594319E+03   0.5589646E+02   0.2234469E+03   0.1695658E+03   0.1054268E+03   0.9590948E+02   0.4921735E+02   0.4682347E+02   0.2022363E+04
   0.3860000E+03   0.1278381E+03   0.9714558E+02   0.6603055E+03   0.5594418E+02   0.2234834E+03   0.1695715E+03   0.1054172E+03   0.9590343E+02   0.4921962E+02   0.4682397E+02   0.2022741E+04
   0.3870000E+03   0.1277957E+03   0.9721741E+02   0.6611731E+03   0.5599184E+02   0.2235200E+03   0.1695773E+03   0.1054076E+03   0.9589741E+02   0.4922189E+02   0.4682449E+02   0.2023128E+04
   0.3880000E+03   0.1277530E+03   0.9728854E+02   0.6620349E+03   0.5603945E+02   0.2235566E+03   0.1695831E+03   0.1053980E+03   0.9589139E+02   0.4922416E+02   0.4682499E+02   0.2023514E+04
   0.3890000E+03   0.1277100E+03   0.9735909E+02   0.6628914E+03   0.5608699E+02   0.2235931E+03   0.1695889E+03   0.1053884E+03   0.9588537E+02   0.4922641E+02   0.4682550E+02   0.2023898E+04
   0.3900000E+03   0.1276667E+03   0.9742913E+02   0.6637422E+03   0.5613448E+02   0.2236297E+03   0.1695947E+03   0.1053788E+03   0.9587934E+02   0.4922866E+02   0.4682600E+02   0.2024273E+04
   0.3910000E+03   0.1276231E+03   0.9749874E+02   0.6645876E+03   0.5618190E+02   0.2236663E+03   0.1696004E+03   0.1053692E+03   0.9587332E+02   0.4923091E+02   0.4682650E+02   0.2024649E+04
   0.3920000E+03   0.1275792E+03   0.9756802E+02   0.6654273E+03   0.5622925E+02   0.2237028E+03   0.1696062E+03   0.1053596E+03   0.9586731E+02   0.4923315E+02   0.4682701E+02   0.2025024E+04
   0.3930000E+03   0.1275350E+03   0.9763697E+02   0.6662617E+03   0.5627655E+02   0.2237394E+03   0.1696120E+03   0.1053500E+03   0.9586131E+02   0.4923539E+02   0.4682750E+02   0.2025398E+04
   0.3940000E+03   0.1274906E+03   0.9770567E+02   0.6670907E+03   0.5632378E+02   0.2237759E+03   0.1696178E+03   0.1053404E+03   0.9585531E+02   0.4923763E+02   0.4682800E+02   0.2025773E+04
   0.3950000E+03   0.1274458E+03   0.9777413E+02   0.6679142E+03   0.5637096E+02   0.2238125E+03   0.1696236E+03   0.1053308E+03   0.9584930E+02   0.4923986E+02   0.4682851E+02   0.2026147E+04
   0.3960000E+03   0.1274008E+03   0.9784238E+02   0.6687325E+03   0.5641806E+02   0.2238490E+03   0.1696295E+03   0.1053212E+03   0.9584331E+02   0.4924209E+02   0.4682900E+02   0.2026513E+04
   0.3970000E+03   0.1273555E+03   0.9791047E+02   0.6695456E+03   0.5646509E+02   0.2238855E+03   0.1696353E+03   0.1053116E+03   0.9583730E+02   0.4924430E+02   0.4682949E+02   0.2026891E+04
   0.3980000E+03   0.1273099E+03   0.9797838E+02   0.6703534E+03   0.5651208E+02   0.2239220E+03   0.1696412E+03   0.1053021E+03   0.9583131E+02   0.4924652E+02   0.4682998E+02   0.2027260E+04
   0.3990000E+03   0.1272640E+03   0.9804614E+02   0.6711561E+03   0.5655899E+02   0.2239586E+03   0.1696470E+03   0.1052925E+03   0.9582529E+02   0.4924873E+02   0.4683047E+02   0.2027629E+04
   0.4000000E+03   0.1272179E+03   0.9811378E+02   0.6719537E+03   0.5660585E+02   0.2239951E+03   0.1696528E+03   0.1052829E+03   0.9581929E+02   0.4925094E+02   0.4683096E+02   0.2028001E+04
   0.4010000E+03   0.1271715E+03   0.9818130E+02   0.6727460E+03   0.5665264E+02   0.2240316E+03   0.1696587E+03   0.1052733E+03   0.9581328E+02   0.4925315E+02   0.4683145E+02   0.2028375E+04
   0.4020000E+03   0.1271248E+03   0.9824867E+02   0.6735333E+03   0.5669937E+02   0.2240681E+03   0.1696645E+03   0.1052637E+03   0.9580727E+02   0.4925535E+02   0.4683194E+02   0.2028746E+04
   0.4030000E+03   0.1270779E+03   0.9831596E+02   0.6743156E+03   0.5674604E+02   0.2241047E+03   0.1696704E+03   0.1052541E+03   0.9580127E+02   0.4925754E+02   0.4683243E+02   0.2029111E+04
   0.4040000E+03   0.1270306E+03   0.9838315E+02   0.6750929E+03   0.5679264E+02   0.2241412E+03   0.1696763E+03   0.1052445E+03   0.9579527E+02   0.4925973E+02   0.4683292E+02   0.2029482E+04
   0.4050000E+03   0.1269831E+03   0.9845024E+02   0.6758652E+03   0.5683920E+02   0.2241777E+03   0.1696822E+03   0.1052349E+03   0.9578928E+02   0.4926191E+02   0.4683341E+02   0.2029845E+04
   0.4060000E+03   0.1269353E+03   0.9851722E+02   0.6766328E+03   0.5688568E+02   0.2242141E+03   0.1696881E+03   0.1052254E+03   0.9578327E+02   0.4926409E+02   0.4683389E+02   0.2030215E+04
   0.4070000E+03   0.1268874E+03   0.9858411E+02   0.6773955E+03   0.5693209E+02   0.2242506E+03   0.1696940E+03   0.1052158E+03   0.9577728E+02   0.4926626E+02   0.4683438E+02   0.2030577E+04
   0.4080000E+03   0.1268391E+03   0.9865090E+02   0.6781533E+03   0.5697845E+02   0.2242871E+03   0.1696998E+03   0.1052062E+03   0.9577129E+02   0.4926843E+02   0.4683486E+02   0.2030946E+04
   0.4090000E+03   0.1267906E+03   0.9871761E+02   0.6789065E+03   0.5702475E+02   0.2243236E+03   0.1697057E+03   0.1051966E+03   0.9576530E+02   0.4927059E+02   0.4683534E+02   0.2031307E+04
   0.4100000E+03   0.1267419E+03   0.9878423E+02   0.6796548E+03   0.5707099E+02   0.2243601E+03   0.1697116E+03   0.1051870E+03   0.9575932E+02   0.4927275E+02   0.4683582E+02   0.2031674E+04
   0.4110000E+03   0.1266928E+03   0.9885077E+02   0.6803984E+03   0.5711716E+02   0.2243966E+03   0.1697175E+03   0.1051774E+03   0.9575333E+02   0.4927492E+02   0.4683629E+02   0.2032034E+04
   0.4120000E+03   0.1266436E+03   0.9891724E+02   0.6811374E+03   0.5716328E+02   0.2244331E+03   0.1697234E+03   0.1051679E+03   0.9574734E+02   0.4927707E+02   0.4683677E+02   0.2032395E+04
   0.4130000E+03   0.1265941E+03   0.9898360E+02   0.6818718E+03   0.5720932E+02   0.2244696E+03   0.1697293E+03   0.1051583E+03   0.9574135E+02   0.4927922E+02   0.4683725E+02   0.2032760E+04
   0.4140000E+03   0.1265443E+03   0.9904991E+02   0.6826014E+03   0.5725532E+02   0.2245060E+03   0.1697351E+03   0.1051487E+03   0.9573536E+02   0.4928136E+02   0.4683772E+02   0.2033124E+04
   0.4150000E+03   0.1264943E+03   0.9911613E+02   0.6833266E+03   0.5730125E+02   0.2245425E+03   0.1697411E+03   0.1051391E+03   0.9572936E+02   0.4928351E+02   0.4683820E+02   0.2033488E+04
   0.4160000E+03   0.1264441E+03   0.9918226E+02   0.6840471E+03   0.5734713E+02   0.2245790E+03   0.1697470E+03   0.1051296E+03   0.9572337E+02   0.4928565E+02   0.4683867E+02   0.2033850E+04
   0.4170000E+03   0.1263936E+03   0.9924831E+02   0.6847633E+03   0.5739293E+02   0.2246155E+03   0.1697529E+03   0.1051200E+03   0.9571739E+02   0.4928778E+02   0.4683913E+02   0.2034213E+04
   0.4180000E+03   0.1263429E+03   0.9931429E+02   0.6854749E+03   0.5743868E+02   0.2246519E+03   0.1697588E+03   0.1051105E+03   0.9571140E+02   0.4928992E+02   0.4683960E+02   0.2034574E+04
   0.4190000E+03   0.1262920E+03   0.9938020E+02   0.6861819E+03   0.5748437E+02   0.2246884E+03   0.1697647E+03   0.1051009E+03   0.9570541E+02   0.4929205E+02   0.4684006E+02   0.2034936E+04
   0.4200000E+03   0.1262408E+03   0.9944604E+02   0.6868847E+03   0.5752999E+02   0.2247248E+03   0.1697706E+03   0.1050914E+03   0.9569943E+02   0.4929418E+02   0.4684052E+02   0.2035297E+04
   0.4210000E+03   0.1261894E+03   0.9951181E+02   0.6875831E+03   0.5757556E+02   0.2247612E+03   0.1697765E+03   0.1050818E+03   0.9569343E+02   0.4929629E+02   0.4684099E+02   0.2035657E+04
   0.4220000E+03   0.1261378E+03   0.9957749E+02   0.6882774E+03   0.5762107E+02   0.2247977E+03   0.1697823E+03   0.1050723E+03   0.9568745E+02   0.4929840E+02   0.4684145E+02   0.2036015E+04
   0.4230000E+03   0.1260859E+03   0.9964307E+02   0.6889672E+03   0.5766651E+02   0.2248341E+03   0.1697882E+03   0.1050627E+03   0.9568147E+02   0.4930051E+02   0.4684191E+02   0.2036374E+04
   0.4240000E+03   0.1260339E+03   0.9970858E+02   0.6896526E+03   0.5771190E+02   0.2248706E+03   0.1697941E+03   0.1050531E+03   0.9567548E+02   0.4930262E+02   0.4684237E+02   0.2036731E+04
   0.4250000E+03   0.1259816E+03   0.9977401E+02   0.6903340E+03   0.5775723E+02   0.2249070E+03   0.1698000E+03   0.1050436E+03   0.9566953E+02   0.4930472E+02   0.4684282E+02   0.2037089E+04
   0.4260000E+03   0.1259291E+03   0.9983937E+02   0.6910110E+03   0.5780249E+02   0.2249435E+03   0.1698059E+03   0.1050340E+03   0.9566356E+02   0.4930682E+02   0.4684327E+02   0.2037443E+04
   0.4270000E+03   0.1258764E+03   0.9990466E+02   0.6916839E+03   0.5784769E+02   0.2249799E+03   0.1698118E+03   0.1050245E+03   0.9565759E+02   0.4930891E+02   0.4684373E+02   0.2037798E+04
   0.4280000E+03   0.1258234E+03   0.9996983E+02   0.6923528E+03   0.5789285E+02   0.2250163E+03   0.1698177E+03   0.1050150E+03   0.9565163E+02   0.4931101E+02   0.4684418E+02   0.2038152E+04
   0.4290000E+03   0.1257703E+03   0.1000350E+03   0.6930175E+03   0.5793793E+02   0.2250527E+03   0.1698236E+03   0.1050054E+03   0.9564568E+02   0.4931309E+02   0.4684463E+02   0.2038506E+04
   0.4300000E+03   0.1257169E+03   0.1001000E+03   0.6936780E+03   0.5798296E+02   0.2250891E+03   0.1698296E+03   0.1049959E+03   0.9563972E+02   0.4931517E+02   0.4684508E+02   0.2038859E+04
   0.4310000E+03   0.1256634E+03   0.1001650E+03   0.6943344E+03   0.5802792E+02   0.2251255E+03   0.1698355E+03   0.1049863E+03   0.9563375E+02   0.4931725E+02   0.4684553E+02   0.2039212E+04
   0.4320000E+03   0.1256096E+03   0.1002299E+03   0.6949869E+03   0.5807282E+02   0.2251620E+03   0.1698414E+03   0.1049768E+03   0.9562778E+02   0.4931932E+02   0.4684598E+02   0.2039563E+04
   0.4330000E+03   0.1255556E+03   0.1002947E+03   0.6956354E+03   0.5811768E+02   0.2251984E+03   0.1698474E+03   0.1049673E+03   0.9562181E+02   0.4932139E+02   0.4684642E+02   0.2039915E+04
   0.4340000E+03   0.1255014E+03   0.1003594E+03   0.6962800E+03   0.5816248E+02   0.2252348E+03   0.1698532E+03   0.1049577E+03   0.9561584E+02   0.4932345E+02   0.4684686E+02   0.2040265E+04
   0.4350000E+03   0.1254470E+03   0.1004241E+03   0.6969206E+03   0.5820720E+02   0.2252712E+03   0.1698592E+03   0.1049482E+03   0.9560988E+02   0.4932551E+02   0.4684730E+02   0.2040616E+04
   0.4360000E+03   0.1253923E+03   0.1004887E+03   0.6975573E+03   0.5825187E+02   0.2253076E+03   0.1698651E+03   0.1049387E+03   0.9560391E+02   0.4932757E+02   0.4684774E+02   0.2040965E+04
   0.4370000E+03   0.1253375E+03   0.1005532E+03   0.6981899E+03   0.5829650E+02   0.2253440E+03   0.1698710E+03   0.1049291E+03   0.9559795E+02   0.4932962E+02   0.4684817E+02   0.2041315E+04
   0.4380000E+03   0.1252825E+03   0.1006176E+03   0.6988188E+03   0.5834105E+02   0.2253804E+03   0.1698769E+03   0.1049196E+03   0.9559198E+02   0.4933167E+02   0.4684861E+02   0.2041662E+04
   0.4390000E+03   0.1252272E+03   0.1006819E+03   0.6994438E+03   0.5838554E+02   0.2254168E+03   0.1698828E+03   0.1049100E+03   0.9558603E+02   0.4933371E+02   0.4684904E+02   0.2042010E+04
   0.4400000E+03   0.1251718E+03   0.1007462E+03   0.7000649E+03   0.5842998E+02   0.2254532E+03   0.1698887E+03   0.1049005E+03   0.9558006E+02   0.4933575E+02   0.4684948E+02   0.2042351E+04
   0.4410000E+03   0.1251162E+03   0.1008104E+03   0.7006823E+03   0.5847437E+02   0.2254896E+03   0.1698947E+03   0.1048910E+03   0.9557412E+02   0.4933780E+02   0.4684991E+02   0.2042701E+04
   0.4420000E+03   0.1250603E+03   0.1008745E+03   0.7012960E+03   0.5851869E+02   0.2255259E+03   0.1699006E+03   0.1048815E+03   0.9556816E+02   0.4933982E+02   0.4685035E+02   0.2043049E+04
   0.4430000E+03   0.1250043E+03   0.1009385E+03   0.7019058E+03   0.5856295E+02   0.2255623E+03   0.1699065E+03   0.1048719E+03   0.9556220E+02   0.4934184E+02   0.4685078E+02   0.2043390E+04
   0.4440000E+03   0.1249481E+03   0.1010025E+03   0.7025121E+03   0.5860716E+02   0.2255986E+03   0.1699124E+03   0.1048624E+03   0.9555624E+02   0.4934387E+02   0.4685121E+02   0.2043793E+04
   0.4450000E+03   0.1248917E+03   0.1010664E+03   0.7031147E+03   0.5865131E+02   0.2256350E+03   0.1699184E+03   0.1048529E+03   0.9555029E+02   0.4934589E+02   0.4685163E+02   0.2044139E+04
   0.4460000E+03   0.1248351E+03   0.1011302E+03   0.7037137E+03   0.5869540E+02   0.2256714E+03   0.1699243E+03   0.1048434E+03   0.9554433E+02   0.4934790E+02   0.4685206E+02   0.2044518E+04
   0.4470000E+03   0.1247782E+03   0.1011939E+03   0.7043093E+03   0.5873943E+02   0.2257078E+03   0.1699302E+03   0.1048338E+03   0.9553837E+02   0.4934990E+02   0.4685249E+02   0.2044888E+04
   0.4480000E+03   0.1247212E+03   0.1012575E+03   0.7049011E+03   0.5878340E+02   0.2257441E+03   0.1699362E+03   0.1048245E+03   0.9553242E+02   0.4935191E+02   0.4685291E+02   0.2045256E+04
   0.4490000E+03   0.1246641E+03   0.1013211E+03   0.7058931E+03   0.5882732E+02   0.2257805E+03   0.1699421E+03   0.1048153E+03   0.9552646E+02   0.4935390E+02   0.4685333E+02   0.2045630E+04
   0.4500000E+03   0.1246067E+03   0.1013846E+03   0.7069219E+03   0.5887118E+02   0.2258168E+03   0.1699480E+03   0.1048062E+03   0.9552052E+02   0.4935590E+02   0.4685374E+02   0.2046004E+04
   0.4510000E+03   0.1245492E+03   0.1014480E+03   0.7079797E+03   0.5891499E+02   0.2258532E+03   0.1699528E+03   0.1047972E+03   0.9551457E+02   0.4935789E+02   0.4685416E+02   0.2046461E+04
   0.4520000E+03   0.1244915E+03   0.1015113E+03   0.7090527E+03   0.5895874E+02   0.2258895E+03   0.1701095E+03   0.1047881E+03   0.9550863E+02   0.4935989E+02   0.4685458E+02   0.2046956E+04
   0.4530000E+03   0.1244336E+03   0.1015746E+03   0.7101313E+03   0.5900243E+02   0.2259259E+03   0.1705084E+03   0.1047791E+03   0.9550267E+02   0.4936187E+02   0.4685500E+02   0.2047429E+04
   0.4540000E+03   0.1243755E+03   0.1016378E+03   0.7112099E+03   0.5904608E+02   0.2259622E+03   0.1714036E+03   0.1047699E+03   0.9549673E+02   0.4936386E+02   0.4685542E+02   0.2047887E+04
   0.4550000E+03   0.1243172E+03   0.1017009E+03   0.7122858E+03   0.5908966E+02   0.2259985E+03   0.1725195E+03   0.1047608E+03   0.9549078E+02   0.4936584E+02   0.4685583E+02   0.2048340E+04
   0.4560000E+03   0.1242588E+03   0.1017640E+03   0.7133576E+03   0.5913318E+02   0.2260348E+03   0.1735124E+03   0.1047516E+03   0.9548485E+02   0.4936782E+02   0.4685625E+02   0.2048814E+04
   0.4570000E+03   0.1242001E+03   0.1018269E+03   0.7144143E+03   0.5917665E+02   0.2260712E+03   0.1742916E+03   0.1047424E+03   0.9547890E+02   0.4936979E+02   0.4685666E+02   0.2049241E+04
   0.4580000E+03   0.1241414E+03   0.1018898E+03   0.7154528E+03   0.5922005E+02   0.2261075E+03   0.1748843E+03   0.1047331E+03   0.9547297E+02   0.4937176E+02   0.4685707E+02   0.2049741E+04
   0.4590000E+03   0.1240824E+03   0.1019527E+03   0.7164679E+03   0.5926341E+02   0.2261438E+03   0.1753348E+03   0.1047239E+03   0.9546704E+02   0.4937371E+02   0.4685749E+02   0.2050236E+04
   0.4600000E+03   0.1240233E+03   0.1020154E+03   0.7174580E+03   0.5930671E+02   0.2261801E+03   0.1756821E+03   0.1047146E+03   0.9546111E+02   0.4937567E+02   0.4685789E+02   0.2050718E+04
   0.4610000E+03   0.1239640E+03   0.1020780E+03   0.7184244E+03   0.5934995E+02   0.2262164E+03   0.1759880E+03   0.1047053E+03   0.9545518E+02   0.4937762E+02   0.4685830E+02   0.2051188E+04
   0.4620000E+03   0.1239045E+03   0.1021406E+03   0.7193693E+03   0.5939312E+02   0.2262527E+03   0.1762757E+03   0.1046960E+03   0.9544925E+02   0.4937958E+02   0.4685870E+02   0.2051565E+04
   0.4630000E+03   0.1238449E+03   0.1022031E+03   0.7202979E+03   0.5943624E+02   0.2262891E+03   0.1765307E+03   0.1046867E+03   0.9544331E+02   0.4938153E+02   0.4685910E+02   0.2051889E+04
   0.4640000E+03   0.1237850E+03   0.1022656E+03   0.7212165E+03   0.5947931E+02   0.2263254E+03   0.1767434E+03   0.1046774E+03   0.9543737E+02   0.4938347E+02   0.4685950E+02   0.2050973E+04
   0.4650000E+03   0.1237251E+03   0.1023279E+03   0.7221307E+03   0.5952232E+02   0.2263617E+03   0.1769160E+03   0.1046681E+03   0.9543143E+02   0.4938540E+02   0.4685990E+02   0.2050077E+04
   0.4660000E+03   0.1236649E+03   0.1023902E+03   0.7230443E+03   0.5956528E+02   0.2263980E+03   0.1770551E+03   0.1046588E+03   0.9542549E+02   0.4938734E+02   0.4686029E+02   0.2049206E+04
   0.4670000E+03   0.1236047E+03   0.1024524E+03   0.7239589E+03   0.5960818E+02   0.2264343E+03   0.1771667E+03   0.1046495E+03   0.9541956E+02   0.4938927E+02   0.4686069E+02   0.2048355E+04
   0.4680000E+03   0.1235442E+03   0.1025145E+03   0.7248745E+03   0.5965103E+02   0.2264706E+03   0.1772569E+03   0.1046402E+03   0.9541364E+02   0.4939120E+02   0.4686110E+02   0.2047521E+04
   0.4690000E+03   0.1234836E+03   0.1025766E+03   0.7257924E+03   0.5969382E+02   0.2265069E+03   0.1773470E+03   0.1046309E+03   0.9540771E+02   0.4939312E+02   0.4686149E+02   0.2046717E+04
   0.4700000E+03   0.1234228E+03   0.1026385E+03   0.7267166E+03   0.5973655E+02   0.2265432E+03   0.1774638E+03   0.1046216E+03   0.9540178E+02   0.4939504E+02   0.4686189E+02   0.2045956E+04
   0.4710000E+03   0.1233619E+03   0.1027005E+03   0.7276517E+03   0.5977922E+02   0.2265795E+03   0.1775930E+03   0.1046123E+03   0.9539584E+02   0.4939696E+02   0.4686227E+02   0.2045179E+04
   0.4720000E+03   0.1233008E+03   0.1027624E+03   0.7286019E+03   0.5982183E+02   0.2266157E+03   0.1777029E+03   0.1046030E+03   0.9538990E+02   0.4939887E+02   0.4686267E+02   0.2044353E+04
   0.4730000E+03   0.1232396E+03   0.1028241E+03   0.7295707E+03   0.5986440E+02   0.2266520E+03   0.1777880E+03   0.1045936E+03   0.9538397E+02   0.4940078E+02   0.4686306E+02   0.2043548E+04
   0.4740000E+03   0.1231782E+03   0.1028858E+03   0.7305591E+03   0.5990692E+02   0.2266883E+03   0.1778531E+03   0.1045843E+03   0.9537804E+02   0.4940268E+02   0.4686344E+02   0.2042766E+04
   0.4750000E+03   0.1231166E+03   0.1029474E+03   0.7315684E+03   0.5994938E+02   0.2267245E+03   0.1779034E+03   0.1045750E+03   0.9537212E+02   0.4940459E+02   0.4686383E+02   0.2041997E+04
   0.4760000E+03   0.1230549E+03   0.1030090E+03   0.7326002E+03   0.5999178E+02   0.2267608E+03   0.1782225E+03   0.1045657E+03   0.9536621E+02   0.4940649E+02   0.4686422E+02   0.2041215E+04
   0.4770000E+03   0.1229930E+03   0.1030704E+03   0.7336552E+03   0.6003412E+02   0.2267971E+03   0.1784854E+03   0.1045564E+03   0.9536030E+02   0.4940838E+02   0.4686460E+02   0.2040444E+04
   0.4780000E+03   0.1229310E+03   0.1031318E+03   0.7347348E+03   0.6007642E+02   0.2268333E+03   0.1786909E+03   0.1045471E+03   0.9535438E+02   0.4941027E+02   0.4686499E+02   0.2039683E+04
   0.4790000E+03   0.1228689E+03   0.1031932E+03   0.7358417E+03   0.6011865E+02   0.2268696E+03   0.1788777E+03   0.1045378E+03   0.9534846E+02   0.4941215E+02   0.4686537E+02   0.2038954E+04
   0.4800000E+03   0.1228066E+03   0.1032544E+03   0.7369783E+03   0.6016083E+02   0.2269059E+03   0.1790649E+03   0.1045284E+03   0.9534255E+02   0.4941403E+02   0.4686575E+02   0.2038199E+04
   0.4810000E+03   0.1227441E+03   0.1033156E+03   0.7381455E+03   0.6020296E+02   0.2269421E+03   0.1792316E+03   0.1045191E+03   0.9533665E+02   0.4941591E+02   0.4686614E+02   0.2037359E+04
   0.4820000E+03   0.1226816E+03   0.1033767E+03   0.7393412E+03   0.6024503E+02   0.2269784E+03   0.1793669E+03   0.1045098E+03   0.9533074E+02   0.4941779E+02   0.4686652E+02   0.2036597E+04
   0.4830000E+03   0.1226188E+03   0.1034376E+03   0.7405619E+03   0.6028704E+02   0.2270146E+03   0.1794722E+03   0.1045005E+03   0.9532484E+02   0.4941966E+02   0.4686691E+02   0.2035836E+04
   0.4840000E+03   0.1225560E+03   0.1034986E+03   0.7418033E+03   0.6032901E+02   0.2270509E+03   0.1795531E+03   0.1044912E+03   0.9531892E+02   0.4942152E+02   0.4686728E+02   0.2035076E+04
   0.4850000E+03   0.1224934E+03   0.1035596E+03   0.7430628E+03   0.6037092E+02   0.2270871E+03   0.1796205E+03   0.1044819E+03   0.9531300E+02   0.4942339E+02   0.4686766E+02   0.2034361E+04
   0.4860000E+03   0.1224318E+03   0.1036210E+03   0.7443369E+03   0.6041279E+02   0.2271233E+03   0.1796754E+03   0.1044726E+03   0.9530709E+02   0.4942525E+02   0.4686803E+02   0.2033615E+04
   0.4870000E+03   0.1223712E+03   0.1036822E+03   0.7456218E+03   0.6045460E+02   0.2271596E+03   0.1797185E+03   0.1044633E+03   0.9530118E+02   0.4942710E+02   0.4686840E+02   0.2032835E+04
   0.4880000E+03   0.1223114E+03   0.1037433E+03   0.7469151E+03   0.6049636E+02   0.2271958E+03   0.1797515E+03   0.1044540E+03   0.9529527E+02   0.4942896E+02   0.4686877E+02   0.2032072E+04
   0.4890000E+03   0.1222522E+03   0.1038044E+03   0.7482142E+03   0.6053806E+02   0.2272321E+03   0.1797763E+03   0.1044447E+03   0.9528935E+02   0.4943081E+02   0.4686914E+02   0.2031315E+04
   0.4900000E+03   0.1221935E+03   0.1038654E+03   0.7495173E+03   0.6057970E+02   0.2272683E+03   0.1797947E+03   0.1044354E+03   0.9528343E+02   0.4943266E+02   0.4686951E+02   0.2030584E+04
   0.4910000E+03   0.1221356E+03   0.1039265E+03   0.7508198E+03   0.6077678E+02   0.2273045E+03   0.1798080E+03   0.1044261E+03   0.9527752E+02   0.4943449E+02   0.4686987E+02   0.2029885E+04
   0.4920000E+03   0.1220792E+03   0.1039881E+03   0.7521212E+03   0.6096606E+02   0.2273409E+03   0.1798173E+03   0.1044168E+03   0.9527161E+02   0.4943633E+02   0.4687023E+02   0.2029142E+04
   0.4930000E+03   0.1220246E+03   0.1040498E+03   0.7534221E+03   0.6115569E+02   0.2273789E+03   0.1798233E+03   0.1044075E+03   0.9526572E+02   0.4943817E+02   0.4687059E+02   0.2028399E+04
   0.4940000E+03   0.1219718E+03   0.1041110E+03   0.7547220E+03   0.6134701E+02   0.2274186E+03   0.1798267E+03   0.1043982E+03   0.9525983E+02   0.4943999E+02   0.4687096E+02   0.2027640E+04
   0.4950000E+03   0.1219204E+03   0.1041722E+03   0.7560201E+03   0.6153873E+02   0.2274591E+03   0.1798280E+03   0.1043889E+03   0.9525394E+02   0.4944182E+02   0.4687132E+02   0.2026899E+04
   0.4960000E+03   0.1218704E+03   0.1042333E+03   0.7573162E+03   0.6173067E+02   0.2274995E+03   0.1798276E+03   0.1043796E+03   0.9524802E+02   0.4944363E+02   0.4687167E+02   0.2026157E+04
   0.4970000E+03   0.1218216E+03   0.1042941E+03   0.7586083E+03   0.6192401E+02   0.2275404E+03   0.1798258E+03   0.1043703E+03   0.9524213E+02   0.4944545E+02   0.4687203E+02   0.2025421E+04
   0.4980000E+03   0.1217739E+03   0.1043552E+03   0.7598956E+03   0.6211991E+02   0.2275827E+03   0.1798229E+03   0.1043610E+03   0.9523624E+02   0.4944727E+02   0.4687239E+02   0.2024680E+04
   0.4990000E+03   0.1217274E+03   0.1044158E+03   0.7611777E+03   0.6231502E+02   0.2276261E+03   0.1798191E+03   0.1043517E+03   0.9523036E+02   0.4944908E+02   0.4687274E+02   0.2023917E+04
   0.5000000E+03   0.1216821E+03   0.1044762E+03   0.7624542E+03   0.6250305E+02   0.2276696E+03   0.1798145E+03   0.1043424E+03   0.9522449E+02   0.4945089E+02   0.4687309E+02   0.2023148E+04
   0.5010000E+03   0.1216380E+03   0.1045365E+03   0.7637252E+03   0.6267834E+02   0.2277125E+03   0.1798093E+03   0.1043331E+03   0.9521861E+02   0.4945269E+02   0.4687345E+02   0.2022422E+04
   0.5020000E+03   0.1215948E+03   0.1045968E+03   0.7649919E+03   0.6283770E+02   0.2277545E+03   0.1798036E+03   0.1043238E+03   0.9521274E+02   0.4945449E+02   0.4687380E+02   0.2021679E+04
   0.5030000E+03   0.1215525E+03   0.1046572E+03   0.7662507E+03   0.6298309E+02   0.2277963E+03   0.1797975E+03   0.1043146E+03   0.9520686E+02   0.4945628E+02   0.4687415E+02   0.2020941E+04
   0.5040000E+03   0.1215114E+03   0.1047178E+03   0.7675016E+03   0.6312065E+02   0.2278395E+03   0.1797910E+03   0.1043053E+03   0.9520100E+02   0.4945808E+02   0.4687450E+02   0.2020219E+04
   0.5050000E+03   0.1214717E+03   0.1047785E+03   0.7687444E+03   0.6325792E+02   0.2278849E+03   0.1797843E+03   0.1042960E+03   0.9519513E+02   0.4945987E+02   0.4687485E+02   0.2019480E+04
   0.5060000E+03   0.1214339E+03   0.1048391E+03   0.7699789E+03   0.6340045E+02   0.2279324E+03   0.1797774E+03   0.1042867E+03   0.9518927E+02   0.4946165E+02   0.4687520E+02   0.2018740E+04
   0.5070000E+03   0.1213984E+03   0.1048997E+03   0.7712053E+03   0.6354961E+02   0.2279817E+03   0.1797703E+03   0.1042774E+03   0.9518341E+02   0.4946344E+02   0.4687555E+02   0.2018001E+04
   0.5080000E+03   0.1213653E+03   0.1049599E+03   0.7724272E+03   0.6370131E+02   0.2280311E+03   0.1797630E+03   0.1042681E+03   0.9517755E+02   0.4946522E+02   0.4687589E+02   0.2017242E+04
   0.5090000E+03   0.1213349E+03   0.1050201E+03   0.7736446E+03   0.6384927E+02   0.2280795E+03   0.1797556E+03   0.1042589E+03   0.9517171E+02   0.4946700E+02   0.4687624E+02   0.2016506E+04
   0.5100000E+03   0.1213068E+03   0.1050800E+03   0.7748593E+03   0.6398849E+02   0.2281266E+03   0.1797481E+03   0.1042496E+03   0.9516588E+02   0.4946876E+02   0.4687659E+02   0.2015763E+04
   0.5110000E+03   0.1212807E+03   0.1051401E+03   0.7760720E+03   0.6411634E+02   0.2281721E+03   0.1797406E+03   0.1042403E+03   0.9516005E+02   0.4947053E+02   0.4687694E+02   0.2015027E+04
   0.5120000E+03   0.1212564E+03   0.1052000E+03   0.7772872E+03   0.6423345E+02   0.2282165E+03   0.1797330E+03   0.1042310E+03   0.9515423E+02   0.4947229E+02   0.4687728E+02   0.2014291E+04
   0.5130000E+03   0.1212334E+03   0.1052599E+03   0.7785034E+03   0.6434296E+02   0.2282603E+03   0.1797253E+03   0.1042217E+03   0.9514840E+02   0.4947404E+02   0.4687763E+02   0.2013561E+04
   0.5140000E+03   0.1212115E+03   0.1053200E+03   0.7797208E+03   0.6444893E+02   0.2283040E+03   0.1797176E+03   0.1042125E+03   0.9514259E+02   0.4947580E+02   0.4687797E+02   0.2012823E+04
   0.5150000E+03   0.1211910E+03   0.1053802E+03   0.7809390E+03   0.6455361E+02   0.2283475E+03   0.1797099E+03   0.1042032E+03   0.9513676E+02   0.4947756E+02   0.4687831E+02   0.2012085E+04
   0.5160000E+03   0.1211719E+03   0.1054403E+03   0.7821569E+03   0.6465642E+02   0.2283908E+03   0.1797022E+03   0.1041940E+03   0.9513094E+02   0.4947931E+02   0.4687866E+02   0.2011348E+04
   0.5170000E+03   0.1211545E+03   0.1055004E+03   0.7833730E+03   0.6475532E+02   0.2284337E+03   0.1796945E+03   0.1041847E+03   0.9512514E+02   0.4948105E+02   0.4687900E+02   0.2010610E+04
   0.5180000E+03   0.1211393E+03   0.1055605E+03   0.7845864E+03   0.6484853E+02   0.2284762E+03   0.1796867E+03   0.1041754E+03   0.9511933E+02   0.4948280E+02   0.4687934E+02   0.2009873E+04
   0.5190000E+03   0.1211266E+03   0.1056205E+03   0.7857965E+03   0.6493525E+02   0.2285182E+03   0.1796790E+03   0.1041662E+03   0.9511355E+02   0.4948453E+02   0.4687968E+02   0.2009136E+04
   0.5200000E+03   0.1211165E+03   0.1056806E+03   0.7870021E+03   0.6501542E+02   0.2285595E+03   0.1796712E+03   0.1041569E+03   0.9510777E+02   0.4948626E+02   0.4688001E+02   0.2008400E+04
   0.5210000E+03   0.1211093E+03   0.1057406E+03   0.7882031E+03   0.6508958E+02   0.2286003E+03   0.1796635E+03   0.1041477E+03   0.9510197E+02   0.4948799E+02   0.4688034E+02   0.2007664E+04
   0.5220000E+03   0.1211050E+03   0.1058005E+03   0.7894005E+03   0.6515843E+02   0.2286406E+03   0.1796557E+03   0.1041384E+03   0.9509621E+02   0.4948972E+02   0.4688068E+02   0.2006882E+04
   0.5230000E+03   0.1211036E+03   0.1058605E+03   0.7905917E+03   0.6522276E+02   0.2286805E+03   0.1796479E+03   0.1041292E+03   0.9509042E+02   0.4949144E+02   0.4688100E+02   0.2006185E+04
   0.5240000E+03   0.1211048E+03   0.1059205E+03   0.7917767E+03   0.6528333E+02   0.2287200E+03   0.1796402E+03   0.1041199E+03   0.9508464E+02   0.4949316E+02   0.4688134E+02   0.2005450E+04
   0.5250000E+03   0.1211084E+03   0.1059805E+03   0.7929587E+03   0.6534072E+02   0.2287593E+03   0.1796324E+03   0.1041107E+03   0.9507886E+02   0.4949488E+02   0.4688166E+02   0.2004710E+04
   0.5260000E+03   0.1211139E+03   0.1060404E+03   0.7941351E+03   0.6539555E+02   0.2287984E+03   0.1796246E+03   0.1041014E+03   0.9507308E+02   0.4949659E+02   0.4688199E+02   0.2003974E+04
   0.5270000E+03   0.1211210E+03   0.1061003E+03   0.7953053E+03   0.6544823E+02   0.2288372E+03   0.1796168E+03   0.1040922E+03   0.9506731E+02   0.4949830E+02   0.4688231E+02   0.2003243E+04
   0.5280000E+03   0.1211293E+03   0.1061600E+03   0.7964732E+03   0.6549917E+02   0.2288760E+03   0.1796090E+03   0.1040829E+03   0.9506157E+02   0.4950001E+02   0.4688263E+02   0.2002495E+04
   0.5290000E+03   0.1211386E+03   0.1062194E+03   0.7976387E+03   0.6554864E+02   0.2289146E+03   0.1796012E+03   0.1040737E+03   0.9505583E+02   0.4950171E+02   0.4688296E+02   0.2001733E+04
   0.5300000E+03   0.1211485E+03   0.1062790E+03   0.7987980E+03   0.6559691E+02   0.2289531E+03   0.1795934E+03   0.1040644E+03   0.9505010E+02   0.4950340E+02   0.4688329E+02   0.2001024E+04
   0.5310000E+03   0.1211589E+03   0.1063386E+03   0.7999506E+03   0.6564420E+02   0.2289916E+03   0.1795855E+03   0.1040552E+03   0.9504436E+02   0.4950510E+02   0.4688360E+02   0.2000293E+04
   0.5320000E+03   0.1211695E+03   0.1063983E+03   0.8010963E+03   0.6569067E+02   0.2290300E+03   0.1795777E+03   0.1040459E+03   0.9503863E+02   0.4950678E+02   0.4688392E+02   0.1999559E+04
   0.5330000E+03   0.1211804E+03   0.1064579E+03   0.8022350E+03   0.6573646E+02   0.2290683E+03   0.1795698E+03   0.1040367E+03   0.9503289E+02   0.4950848E+02   0.4688425E+02   0.1998825E+04
   0.5340000E+03   0.1211913E+03   0.1065174E+03   0.8033668E+03   0.6578168E+02   0.2291066E+03   0.1795620E+03   0.1040275E+03   0.9502716E+02   0.4951017E+02   0.4688456E+02   0.1998092E+04
   0.5350000E+03   0.1212022E+03   0.1065768E+03   0.8044918E+03   0.6582642E+02   0.2291448E+03   0.1795541E+03   0.1040182E+03   0.9502144E+02   0.4951184E+02   0.4688488E+02   0.1997358E+04
   0.5360000E+03   0.1212129E+03   0.1066362E+03   0.8056102E+03   0.6587078E+02   0.2291830E+03   0.1795463E+03   0.1040089E+03   0.9501571E+02   0.4951351E+02   0.4688520E+02   0.1996625E+04
   0.5370000E+03   0.1212236E+03   0.1066956E+03   0.8067219E+03   0.6591479E+02   0.2292211E+03   0.1795384E+03   0.1039997E+03   0.9500998E+02   0.4951519E+02   0.4688552E+02   0.1995892E+04
   0.5380000E+03   0.1212340E+03   0.1067549E+03   0.8078307E+03   0.6595852E+02   0.2292593E+03   0.1795305E+03   0.1039905E+03   0.9500425E+02   0.4951687E+02   0.4688583E+02   0.1995159E+04
   0.5390000E+03   0.1212441E+03   0.1068141E+03   0.8089371E+03   0.6600202E+02   0.2292974E+03   0.1795227E+03   0.1039813E+03   0.9499852E+02   0.4951854E+02   0.4688615E+02   0.1994426E+04
   0.5400000E+03   0.1212540E+03   0.1068732E+03   0.8100366E+03   0.6604532E+02   0.2293355E+03   0.1795148E+03   0.1039720E+03   0.9499277E+02   0.4952021E+02   0.4688646E+02   0.1993693E+04
   0.5410000E+03   0.1212636E+03   0.1069322E+03   0.8111287E+03   0.6608843E+02   0.2293737E+03   0.1795070E+03   0.1039628E+03   0.9498703E+02   0.4952187E+02   0.4688676E+02   0.1992962E+04
   0.5420000E+03   0.1212729E+03   0.1069907E+03   0.8122123E+03   0.6613139E+02   0.2294118E+03   0.1794991E+03   0.1039536E+03   0.9498129E+02   0.4952353E+02   0.4688707E+02   0.1992176E+04
   0.5430000E+03   0.1212818E+03   0.1070491E+03   0.8132906E+03   0.6617419E+02   0.2294498E+03   0.1794912E+03   0.1039444E+03   0.9497555E+02   0.4952519E+02   0.4688737E+02   0.1991415E+04
   0.5440000E+03   0.1212904E+03   0.1071075E+03   0.8143666E+03   0.6621688E+02   0.2294879E+03   0.1794834E+03   0.1039351E+03   0.9496982E+02   0.4952684E+02   0.4688769E+02   0.1990678E+04
   0.5450000E+03   0.1212986E+03   0.1071657E+03   0.8154377E+03   0.6625946E+02   0.2295259E+03   0.1794755E+03   0.1039259E+03   0.9496410E+02   0.4952848E+02   0.4688800E+02   0.1989934E+04
   0.5460000E+03   0.1213065E+03   0.1072240E+03   0.8165048E+03   0.6630194E+02   0.2295640E+03   0.1794677E+03   0.1039167E+03   0.9495837E+02   0.4953012E+02   0.4688830E+02   0.1989196E+04
   0.5470000E+03   0.1213140E+03   0.1072821E+03   0.8175685E+03   0.6634434E+02   0.2296021E+03   0.1794598E+03   0.1039075E+03   0.9495265E+02   0.4953177E+02   0.4688860E+02   0.1988457E+04
   0.5480000E+03   0.1213210E+03   0.1073402E+03   0.8186301E+03   0.6638664E+02   0.2296402E+03   0.1794519E+03   0.1038983E+03   0.9494693E+02   0.4953341E+02   0.4688890E+02   0.1987717E+04
   0.5490000E+03   0.1213277E+03   0.1073983E+03   0.8196871E+03   0.6642886E+02   0.2296782E+03   0.1794441E+03   0.1038891E+03   0.9494121E+02   0.4953505E+02   0.4688921E+02   0.1987007E+04
   0.5500000E+03   0.1213342E+03   0.1074562E+03   0.8207458E+03   0.6647102E+02   0.2297163E+03   0.1794362E+03   0.1038798E+03   0.9493548E+02   0.4953668E+02   0.4688951E+02   0.1986248E+04
   0.5510000E+03   0.1213404E+03   0.1075141E+03   0.8217950E+03   0.6651311E+02   0.2297543E+03   0.1794283E+03   0.1038706E+03   0.9492975E+02   0.4953831E+02   0.4688980E+02   0.1985506E+04
   0.5520000E+03   0.1213463E+03   0.1075719E+03   0.8228420E+03   0.6655515E+02   0.2297923E+03   0.1794205E+03   0.1038614E+03   0.9492403E+02   0.4953993E+02   0.4689009E+02   0.1984766E+04
   0.5530000E+03   0.1213520E+03   0.1076297E+03   0.8238867E+03   0.6659711E+02   0.2298303E+03   0.1794126E+03   0.1038522E+03   0.9491832E+02   0.4954155E+02   0.4689039E+02   0.1984037E+04
   0.5540000E+03   0.1213573E+03   0.1076874E+03   0.8249294E+03   0.6663902E+02   0.2298683E+03   0.1794046E+03   0.1038430E+03   0.9491259E+02   0.4954316E+02   0.4689068E+02   0.1983296E+04
   0.5550000E+03   0.1213624E+03   0.1077450E+03   0.8259701E+03   0.6668088E+02   0.2299063E+03   0.1793967E+03   0.1038338E+03   0.9490688E+02   0.4954477E+02   0.4689097E+02   0.1982555E+04
   0.5560000E+03   0.1213671E+03   0.1078025E+03   0.8270085E+03   0.6672266E+02   0.2299443E+03   0.1793888E+03   0.1038245E+03   0.9490118E+02   0.4954638E+02   0.4689126E+02   0.1981818E+04
   0.5570000E+03   0.1213714E+03   0.1078600E+03   0.8280449E+03   0.6676440E+02   0.2299823E+03   0.1793809E+03   0.1038153E+03   0.9489548E+02   0.4954799E+02   0.4689155E+02   0.1981083E+04
   0.5580000E+03   0.1213755E+03   0.1079174E+03   0.8290782E+03   0.6680608E+02   0.2300203E+03   0.1793730E+03   0.1038061E+03   0.9488978E+02   0.4954958E+02   0.4689185E+02   0.1980394E+04
   0.5590000E+03   0.1213791E+03   0.1079748E+03   0.8301073E+03   0.6684770E+02   0.2300583E+03   0.1793651E+03   0.1037969E+03   0.9488406E+02   0.4955119E+02   0.4689214E+02   0.1979641E+04
   0.5600000E+03   0.1213824E+03   0.1080321E+03   0.8311330E+03   0.6688927E+02   0.2300964E+03   0.1793572E+03   0.1037877E+03   0.9487835E+02   0.4955278E+02   0.4689243E+02   0.1978900E+04
   0.5610000E+03   0.1213854E+03   0.1080893E+03   0.8321539E+03   0.6693079E+02   0.2301343E+03   0.1793492E+03   0.1037784E+03   0.9487264E+02   0.4955438E+02   0.4689272E+02   0.1978165E+04
   0.5620000E+03   0.1213879E+03   0.1081467E+03   0.8331730E+03   0.6697226E+02   0.2301723E+03   0.1793413E+03   0.1037692E+03   0.9486692E+02   0.4955597E+02   0.4689300E+02   0.1977463E+04
   0.5630000E+03   0.1213901E+03   0.1082040E+03   0.8341873E+03   0.6701367E+02   0.2302104E+03   0.1793334E+03   0.1037600E+03   0.9486121E+02   0.4955756E+02   0.4689328E+02   0.1976720E+04
   0.5640000E+03   0.1213919E+03   0.1082612E+03   0.8351931E+03   0.6705502E+02   0.2302484E+03   0.1793255E+03   0.1037508E+03   0.9485551E+02   0.4955915E+02   0.4689357E+02   0.1975949E+04
   0.5650000E+03   0.1213933E+03   0.1083183E+03   0.8361940E+03   0.6709633E+02   0.2302863E+03   0.1793175E+03   0.1037416E+03   0.9484981E+02   0.4956073E+02   0.4689385E+02   0.1975216E+04
   0.5660000E+03   0.1213944E+03   0.1083755E+03   0.8371938E+03   0.6713759E+02   0.2303243E+03   0.1793095E+03   0.1037324E+03   0.9484411E+02   0.4956231E+02   0.4689413E+02   0.1974489E+04
   0.5670000E+03   0.1213950E+03   0.1084326E+03   0.8381945E+03   0.6717879E+02   0.2303623E+03   0.1793016E+03   0.1037233E+03   0.9483840E+02   0.4956388E+02   0.4689442E+02   0.1973781E+04
   0.5680000E+03   0.1213953E+03   0.1084898E+03   0.8391932E+03   0.6721994E+02   0.2304002E+03   0.1792936E+03   0.1037141E+03   0.9483270E+02   0.4956546E+02   0.4689470E+02   0.1973055E+04
   0.5690000E+03   0.1213952E+03   0.1085468E+03   0.8401932E+03   0.6726104E+02   0.2304382E+03   0.1792857E+03   0.1037049E+03   0.9482700E+02   0.4956704E+02   0.4689497E+02   0.1972303E+04
   0.5700000E+03   0.1213948E+03   0.1086036E+03   0.8411931E+03   0.6730209E+02   0.2304762E+03   0.1792777E+03   0.1036957E+03   0.9482130E+02   0.4956860E+02   0.4689525E+02   0.1971568E+04
   0.5710000E+03   0.1213939E+03   0.1086605E+03   0.8421929E+03   0.6734310E+02   0.2305142E+03   0.1792697E+03   0.1036865E+03   0.9481559E+02   0.4957016E+02   0.4689553E+02   0.1970844E+04
   0.5720000E+03   0.1213927E+03   0.1087174E+03   0.8431935E+03   0.6738406E+02   0.2305522E+03   0.1792618E+03   0.1036773E+03   0.9480989E+02   0.4957172E+02   0.4689581E+02   0.1970121E+04
   0.5730000E+03   0.1213911E+03   0.1087744E+03   0.8441912E+03   0.6742496E+02   0.2305902E+03   0.1792538E+03   0.1036681E+03   0.9480419E+02   0.4957328E+02   0.4689609E+02   0.1969389E+04
   0.5740000E+03   0.1213892E+03   0.1088310E+03   0.8451877E+03   0.6746584E+02   0.2306281E+03   0.1792459E+03   0.1036589E+03   0.9479850E+02   0.4957483E+02   0.4689637E+02   0.1968652E+04
   0.5750000E+03   0.1213868E+03   0.1088875E+03   0.8461849E+03   0.6750665E+02   0.2306661E+03   0.1792380E+03   0.1036497E+03   0.9479280E+02   0.4957638E+02   0.4689664E+02   0.1967913E+04
   0.5760000E+03   0.1213841E+03   0.1089439E+03   0.8471808E+03   0.6754741E+02   0.2307041E+03   0.1792300E+03   0.1036406E+03   0.9478711E+02   0.4957792E+02   0.4689692E+02   0.1967180E+04
   0.5770000E+03   0.1213810E+03   0.1090004E+03   0.8481769E+03   0.6758812E+02   0.2307421E+03   0.1792220E+03   0.1036314E+03   0.9478140E+02   0.4957947E+02   0.4689719E+02   0.1966450E+04
   0.5780000E+03   0.1213775E+03   0.1090568E+03   0.8491735E+03   0.6762877E+02   0.2307801E+03   0.1792141E+03   0.1036222E+03   0.9477570E+02   0.4958101E+02   0.4689745E+02   0.1965720E+04
   0.5790000E+03   0.1213737E+03   0.1091130E+03   0.8501699E+03   0.6766937E+02   0.2308181E+03   0.1792061E+03   0.1036130E+03   0.9477000E+02   0.4958255E+02   0.4689772E+02   0.1964987E+04
   0.5800000E+03   0.1213695E+03   0.1091692E+03   0.8511663E+03   0.6770994E+02   0.2308560E+03   0.1791981E+03   0.1036038E+03   0.9476431E+02   0.4958408E+02   0.4689798E+02   0.1964254E+04
   0.5810000E+03   0.1213649E+03   0.1092254E+03   0.8521624E+03   0.6775046E+02   0.2308940E+03   0.1791901E+03   0.1035946E+03   0.9475862E+02   0.4958562E+02   0.4689824E+02   0.1963529E+04
   0.5820000E+03   0.1213600E+03   0.1092815E+03   0.8531581E+03   0.6779092E+02   0.2309319E+03   0.1791822E+03   0.1035854E+03   0.9475292E+02   0.4958715E+02   0.4689850E+02   0.1962816E+04
   0.5830000E+03   0.1213547E+03   0.1093377E+03   0.8541539E+03   0.6783132E+02   0.2309698E+03   0.1791742E+03   0.1035763E+03   0.9474724E+02   0.4958867E+02   0.4689877E+02   0.1962094E+04
   0.5840000E+03   0.1213491E+03   0.1093937E+03   0.8551493E+03   0.6787169E+02   0.2310078E+03   0.1791662E+03   0.1035671E+03   0.9474157E+02   0.4959019E+02   0.4689903E+02   0.1961375E+04
   0.5850000E+03   0.1213431E+03   0.1094495E+03   0.8561421E+03   0.6791200E+02   0.2310457E+03   0.1791582E+03   0.1035579E+03   0.9473589E+02   0.4959171E+02   0.4689930E+02   0.1960653E+04
   0.5860000E+03   0.1213368E+03   0.1095056E+03   0.8571360E+03   0.6795228E+02   0.2310836E+03   0.1791529E+03   0.1035487E+03   0.9473022E+02   0.4959323E+02   0.4689955E+02   0.1959922E+04
   0.5870000E+03   0.1213301E+03   0.1095615E+03   0.8581324E+03   0.6799250E+02   0.2311216E+03   0.1791516E+03   0.1035396E+03   0.9472454E+02   0.4959474E+02   0.4689981E+02   0.1959181E+04
   0.5880000E+03   0.1213230E+03   0.1096172E+03   0.8591317E+03   0.6803268E+02   0.2311595E+03   0.1791513E+03   0.1035304E+03   0.9471886E+02   0.4959624E+02   0.4690007E+02   0.1958453E+04
   0.5890000E+03   0.1213156E+03   0.1096729E+03   0.8601339E+03   0.6807281E+02   0.2311974E+03   0.1791502E+03   0.1035213E+03   0.9471319E+02   0.4959775E+02   0.4690032E+02   0.1957727E+04
   0.5900000E+03   0.1213079E+03   0.1097284E+03   0.8611379E+03   0.6811289E+02   0.2312353E+03   0.1791479E+03   0.1035121E+03   0.9470751E+02   0.4959925E+02   0.4690057E+02   0.1956994E+04
   0.5910000E+03   0.1212998E+03   0.1097839E+03   0.8621431E+03   0.6815292E+02   0.2312732E+03   0.1791444E+03   0.1035030E+03   0.9470184E+02   0.4960076E+02   0.4690083E+02   0.1956267E+04
   0.5920000E+03   0.1212913E+03   0.1098393E+03   0.8631488E+03   0.6819289E+02   0.2313112E+03   0.1791400E+03   0.1034938E+03   0.9469616E+02   0.4960226E+02   0.4690108E+02   0.1955539E+04
   0.5930000E+03   0.1212825E+03   0.1098947E+03   0.8641541E+03   0.6823283E+02   0.2313491E+03   0.1791348E+03   0.1034846E+03   0.9469048E+02   0.4960375E+02   0.4690134E+02   0.1954812E+04
   0.5940000E+03   0.1212733E+03   0.1099500E+03   0.8651584E+03   0.6827271E+02   0.2313870E+03   0.1791290E+03   0.1034755E+03   0.9468481E+02   0.4960524E+02   0.4690159E+02   0.1954085E+04
   0.5950000E+03   0.1212638E+03   0.1100053E+03   0.8661612E+03   0.6831255E+02   0.2314249E+03   0.1791228E+03   0.1034663E+03   0.9467913E+02   0.4960672E+02   0.4690184E+02   0.1953358E+04
   0.5960000E+03   0.1212540E+03   0.1100605E+03   0.8671619E+03   0.6835234E+02   0.2314629E+03   0.1791161E+03   0.1034572E+03   0.9467345E+02   0.4960821E+02   0.4690208E+02   0.1952630E+04
   0.5970000E+03   0.1212438E+03   0.1101156E+03   0.8681603E+03   0.6839208E+02   0.2315008E+03   0.1791091E+03   0.1034480E+03   0.9466778E+02   0.4960968E+02   0.4690233E+02   0.1951903E+04
   0.5980000E+03   0.1212333E+03   0.1101706E+03   0.8691564E+03   0.6843178E+02   0.2315387E+03   0.1791018E+03   0.1034389E+03   0.9466210E+02   0.4961116E+02   0.4690258E+02   0.1951174E+04
   0.5990000E+03   0.1212225E+03   0.1102256E+03   0.8701496E+03   0.6847144E+02   0.2315766E+03   0.1790943E+03   0.1034297E+03   0.9465643E+02   0.4961264E+02   0.4690283E+02   0.1950449E+04
   0.6000000E+03   0.1212113E+03   0.1102805E+03   0.8711401E+03   0.6851105E+02   0.2316144E+03   0.1790866E+03   0.1034205E+03   0.9465074E+02   0.4961411E+02   0.4690308E+02   0.1949724E+04
   0.6010000E+03   0.1211998E+03   0.1103354E+03   0.8721274E+03   0.6855063E+02   0.2316523E+03   0.1790788E+03   0.1034114E+03   0.9464507E+02   0.4961559E+02   0.4690333E+02   0.1948998E+04
   0.6020000E+03   0.1211879E+03   0.1103903E+03   0.8731118E+03   0.6859015E+02   0.2316902E+03   0.1790709E+03   0.1034023E+03   0.9463940E+02   0.4961705E+02   0.4690358E+02   0.1948277E+04
   0.6030000E+03   0.1211758E+03   0.1104451E+03   0.8740930E+03   0.6862962E+02   0.2317281E+03   0.1790629E+03   0.1033931E+03   0.9463374E+02   0.4961852E+02   0.4690383E+02   0.1947557E+04
   0.6040000E+03   0.1211632E+03   0.1104999E+03   0.8750708E+03   0.6866905E+02   0.2317660E+03   0.1790548E+03   0.1033839E+03   0.9462807E+02   0.4961997E+02   0.4690407E+02   0.1946825E+04
   0.6050000E+03   0.1211504E+03   0.1105545E+03   0.8760458E+03   0.6870843E+02   0.2318038E+03   0.1790466E+03   0.1033748E+03   0.9462243E+02   0.4962143E+02   0.4690431E+02   0.1946096E+04
   0.6060000E+03   0.1211372E+03   0.1106091E+03   0.8770178E+03   0.6874776E+02   0.2318418E+03   0.1790384E+03   0.1033656E+03   0.9461678E+02   0.4962288E+02   0.4690455E+02   0.1945372E+04
   0.6070000E+03   0.1211237E+03   0.1106636E+03   0.8779866E+03   0.6878704E+02   0.2318796E+03   0.1790301E+03   0.1033565E+03   0.9461112E+02   0.4962432E+02   0.4690480E+02   0.1944650E+04
   0.6080000E+03   0.1211099E+03   0.1107182E+03   0.8789544E+03   0.6882628E+02   0.2319175E+03   0.1790218E+03   0.1033473E+03   0.9460545E+02   0.4962578E+02   0.4690504E+02   0.1943951E+04
   0.6090000E+03   0.1210974E+03   0.1107733E+03   0.8799219E+03   0.6886548E+02   0.2319554E+03   0.1790134E+03   0.1033382E+03   0.9459980E+02   0.4962722E+02   0.4690528E+02   0.1943233E+04
   0.6100000E+03   0.1210868E+03   0.1108288E+03   0.8808898E+03   0.6890462E+02   0.2319933E+03   0.1790050E+03   0.1033290E+03   0.9459415E+02   0.4962867E+02   0.4690553E+02   0.1942515E+04
   0.6110000E+03   0.1210774E+03   0.1108844E+03   0.8818645E+03   0.6894373E+02   0.2320312E+03   0.1789966E+03   0.1033199E+03   0.9458848E+02   0.4963010E+02   0.4690576E+02   0.1941774E+04
   0.6120000E+03   0.1210688E+03   0.1109398E+03   0.8828409E+03   0.6898277E+02   0.2320690E+03   0.1789882E+03   0.1033108E+03   0.9458282E+02   0.4963154E+02   0.4690599E+02   0.1941050E+04
   0.6130000E+03   0.1210607E+03   0.1109950E+03   0.8838229E+03   0.6902178E+02   0.2321069E+03   0.1789798E+03   0.1033017E+03   0.9457718E+02   0.4963298E+02   0.4690622E+02   0.1940317E+04
   0.6140000E+03   0.1210531E+03   0.1110500E+03   0.8848121E+03   0.6906075E+02   0.2321447E+03   0.1789713E+03   0.1032926E+03   0.9457153E+02   0.4963441E+02   0.4690645E+02   0.1939590E+04
   0.6150000E+03   0.1210458E+03   0.1111048E+03   0.8858089E+03   0.6909968E+02   0.2321826E+03   0.1789629E+03   0.1032834E+03   0.9456590E+02   0.4963585E+02   0.4690668E+02   0.1938866E+04
   0.6160000E+03   0.1210388E+03   0.1111594E+03   0.8868119E+03   0.6913855E+02   0.2322204E+03   0.1789544E+03   0.1032743E+03   0.9456026E+02   0.4963727E+02   0.4690692E+02   0.1938140E+04
   0.6170000E+03   0.1210318E+03   0.1112140E+03   0.8878204E+03   0.6917739E+02   0.2322583E+03   0.1789460E+03   0.1032652E+03   0.9455460E+02   0.4963868E+02   0.4690716E+02   0.1937424E+04
   0.6180000E+03   0.1210247E+03   0.1112684E+03   0.8888320E+03   0.6921618E+02   0.2322961E+03   0.1789375E+03   0.1032561E+03   0.9454895E+02   0.4964010E+02   0.4690739E+02   0.1936723E+04
   0.6190000E+03   0.1210177E+03   0.1113229E+03   0.8898492E+03   0.6925492E+02   0.2323340E+03   0.1789290E+03   0.1032470E+03   0.9454330E+02   0.4964152E+02   0.4690761E+02   0.1936006E+04
   0.6200000E+03   0.1210106E+03   0.1113773E+03   0.8908655E+03   0.6929362E+02   0.2323718E+03   0.1789204E+03   0.1032378E+03   0.9453765E+02   0.4964293E+02   0.4690784E+02   0.1935293E+04
   0.6210000E+03   0.1210037E+03   0.1114313E+03   0.8918804E+03   0.6933228E+02   0.2324097E+03   0.1789120E+03   0.1032287E+03   0.9453201E+02   0.4964433E+02   0.4690806E+02   0.1934551E+04
   0.6220000E+03   0.1209968E+03   0.1114851E+03   0.8928928E+03   0.6937089E+02   0.2324475E+03   0.1789034E+03   0.1032196E+03   0.9452636E+02   0.4964574E+02   0.4690829E+02   0.1933835E+04
   0.6230000E+03   0.1209899E+03   0.1115390E+03   0.8939031E+03   0.6940945E+02   0.2324854E+03   0.1788949E+03   0.1032105E+03   0.9452071E+02   0.4964714E+02   0.4690851E+02   0.1933111E+04
   0.6240000E+03   0.1209829E+03   0.1115928E+03   0.8949125E+03   0.6944797E+02   0.2325232E+03   0.1788864E+03   0.1032013E+03   0.9451508E+02   0.4964855E+02   0.4690873E+02   0.1932389E+04
   0.6250000E+03   0.1209758E+03   0.1116466E+03   0.8959208E+03   0.6948645E+02   0.2325610E+03   0.1788779E+03   0.1031922E+03   0.9450944E+02   0.4964995E+02   0.4690895E+02   0.1931670E+04
   0.6260000E+03   0.1209685E+03   0.1117003E+03   0.8969279E+03   0.6952488E+02   0.2325988E+03   0.1788694E+03   0.1031831E+03   0.9450381E+02   0.4965135E+02   0.4690917E+02   0.1930946E+04
   0.6270000E+03   0.1209610E+03   0.1117538E+03   0.8979332E+03   0.6956326E+02   0.2326366E+03   0.1788609E+03   0.1031740E+03   0.9449817E+02   0.4965274E+02   0.4690939E+02   0.1930253E+04
   0.6280000E+03   0.1209533E+03   0.1118074E+03   0.8989365E+03   0.6960160E+02   0.2326744E+03   0.1788523E+03   0.1031648E+03   0.9449254E+02   0.4965413E+02   0.4690961E+02   0.1929524E+04
   0.6290000E+03   0.1209453E+03   0.1118608E+03   0.8999377E+03   0.6963990E+02   0.2327123E+03   0.1788438E+03   0.1031557E+03   0.9448689E+02   0.4965551E+02   0.4690983E+02   0.1928804E+04
   0.6300000E+03   0.1209370E+03   0.1119142E+03   0.9009366E+03   0.6967816E+02   0.2327501E+03   0.1788353E+03   0.1031466E+03   0.9448126E+02   0.4965689E+02   0.4691004E+02   0.1928098E+04
   0.6310000E+03   0.1209284E+03   0.1119675E+03   0.9019330E+03   0.6971638E+02   0.2327879E+03   0.1788267E+03   0.1031375E+03   0.9447562E+02   0.4965827E+02   0.4691025E+02   0.1927367E+04
   0.6320000E+03   0.1209195E+03   0.1120207E+03   0.9029269E+03   0.6975455E+02   0.2328258E+03   0.1788181E+03   0.1031283E+03   0.9446999E+02   0.4965965E+02   0.4691047E+02   0.1926645E+04
   0.6330000E+03   0.1209103E+03   0.1120739E+03   0.9039182E+03   0.6979267E+02   0.2328636E+03   0.1788096E+03   0.1031192E+03   0.9446435E+02   0.4966103E+02   0.4691068E+02   0.1925927E+04
   0.6340000E+03   0.1209008E+03   0.1121270E+03   0.9049069E+03   0.6983076E+02   0.2329014E+03   0.1788010E+03   0.1031101E+03   0.9445872E+02   0.4966240E+02   0.4691089E+02   0.1925208E+04
   0.6350000E+03   0.1208909E+03   0.1121800E+03   0.9058928E+03   0.6986879E+02   0.2329392E+03   0.1787925E+03   0.1031010E+03   0.9445309E+02   0.4966376E+02   0.4691110E+02   0.1924487E+04
   0.6360000E+03   0.1208807E+03   0.1122330E+03   0.9068759E+03   0.6990678E+02   0.2329770E+03   0.1787839E+03   0.1030919E+03   0.9444746E+02   0.4966513E+02   0.4691131E+02   0.1923770E+04
   0.6370000E+03   0.1208701E+03   0.1122859E+03   0.9078563E+03   0.6994474E+02   0.2330148E+03   0.1787753E+03   0.1030828E+03   0.9444183E+02   0.4966650E+02   0.4691151E+02   0.1923052E+04
   0.6380000E+03   0.1208592E+03   0.1123387E+03   0.9088339E+03   0.6998267E+02   0.2330526E+03   0.1787668E+03   0.1030737E+03   0.9443621E+02   0.4966786E+02   0.4691172E+02   0.1922332E+04
   0.6390000E+03   0.1208479E+03   0.1123915E+03   0.9098087E+03   0.7002053E+02   0.2330903E+03   0.1787582E+03   0.1030646E+03   0.9443059E+02   0.4966921E+02   0.4691193E+02   0.1921614E+04
   0.6400000E+03   0.1208362E+03   0.1124442E+03   0.9107805E+03   0.7005835E+02   0.2331281E+03   0.1787496E+03   0.1030555E+03   0.9442496E+02   0.4967057E+02   0.4691214E+02   0.1920893E+04
   0.6410000E+03   0.1208242E+03   0.1124967E+03   0.9117495E+03   0.7009612E+02   0.2331659E+03   0.1787410E+03   0.1030464E+03   0.9441934E+02   0.4967192E+02   0.4691235E+02   0.1920175E+04
   0.6420000E+03   0.1208119E+03   0.1125493E+03   0.9127156E+03   0.7013387E+02   0.2332037E+03   0.1787325E+03   0.1030373E+03   0.9441372E+02   0.4967327E+02   0.4691256E+02   0.1919483E+04
   0.6430000E+03   0.1207992E+03   0.1126017E+03   0.9136795E+03   0.7017155E+02   0.2332415E+03   0.1787239E+03   0.1030282E+03   0.9440810E+02   0.4967461E+02   0.4691277E+02   0.1918787E+04
   0.6440000E+03   0.1207861E+03   0.1126538E+03   0.9146424E+03   0.7020920E+02   0.2332792E+03   0.1787153E+03   0.1030191E+03   0.9440247E+02   0.4967595E+02   0.4691297E+02   0.1918040E+04
   0.6450000E+03   0.1207727E+03   0.1127059E+03   0.9156061E+03   0.7024680E+02   0.2333170E+03   0.1787067E+03   0.1030100E+03   0.9439687E+02   0.4967729E+02   0.4691318E+02   0.1917308E+04
   0.6460000E+03   0.1207589E+03   0.1127579E+03   0.9165716E+03   0.7028436E+02   0.2333548E+03   0.1786981E+03   0.1030010E+03   0.9439125E+02   0.4967863E+02   0.4691339E+02   0.1916588E+04
   0.6470000E+03   0.1207449E+03   0.1128103E+03   0.9175415E+03   0.7032187E+02   0.2333926E+03   0.1786895E+03   0.1029919E+03   0.9438564E+02   0.4967996E+02   0.4691360E+02   0.1915939E+04
   0.6480000E+03   0.1207306E+03   0.1128624E+03   0.9185112E+03   0.7035934E+02   0.2334304E+03   0.1786809E+03   0.1029828E+03   0.9438004E+02   0.4968129E+02   0.4691381E+02   0.1915202E+04
   0.6490000E+03   0.1207161E+03   0.1129143E+03   0.9194802E+03   0.7039680E+02   0.2334682E+03   0.1786723E+03   0.1029737E+03   0.9437441E+02   0.4968263E+02   0.4691401E+02   0.1914490E+04
   0.6500000E+03   0.1207016E+03   0.1129662E+03   0.9204478E+03   0.7043421E+02   0.2335059E+03   0.1786637E+03   0.1029646E+03   0.9436880E+02   0.4968396E+02   0.4691422E+02   0.1913764E+04
   0.6510000E+03   0.1206869E+03   0.1130179E+03   0.9214134E+03   0.7047157E+02   0.2335437E+03   0.1786551E+03   0.1029555E+03   0.9436319E+02   0.4968528E+02   0.4691441E+02   0.1913042E+04
   0.6520000E+03   0.1206721E+03   0.1130696E+03   0.9223763E+03   0.7050889E+02   0.2335815E+03   0.1786466E+03   0.1029464E+03   0.9435758E+02   0.4968660E+02   0.4691462E+02   0.1912322E+04
   0.6530000E+03   0.1206570E+03   0.1131212E+03   0.9233365E+03   0.7054617E+02   0.2336192E+03   0.1786380E+03   0.1029374E+03   0.9435197E+02   0.4968792E+02   0.4691481E+02   0.1911603E+04
   0.6540000E+03   0.1206418E+03   0.1131728E+03   0.9242933E+03   0.7058341E+02   0.2336569E+03   0.1786294E+03   0.1029283E+03   0.9434637E+02   0.4968924E+02   0.4691501E+02   0.1910887E+04
   0.6550000E+03   0.1206263E+03   0.1132243E+03   0.9252466E+03   0.7062061E+02   0.2336947E+03   0.1786208E+03   0.1029192E+03   0.9434075E+02   0.4969056E+02   0.4691521E+02   0.1910167E+04
   0.6560000E+03   0.1206106E+03   0.1132760E+03   0.9261954E+03   0.7065776E+02   0.2337324E+03   0.1786121E+03   0.1029101E+03   0.9433513E+02   0.4969187E+02   0.4691541E+02   0.1909485E+04
   0.6570000E+03   0.1205949E+03   0.1133278E+03   0.9271390E+03   0.7069486E+02   0.2337701E+03   0.1786035E+03   0.1029010E+03   0.9432953E+02   0.4969318E+02   0.4691560E+02   0.1908773E+04
   0.6580000E+03   0.1205791E+03   0.1133795E+03   0.9280812E+03   0.7073194E+02   0.2338078E+03   0.1785949E+03   0.1028920E+03   0.9432393E+02   0.4969448E+02   0.4691579E+02   0.1908057E+04
   0.6590000E+03   0.1205633E+03   0.1134308E+03   0.9290225E+03   0.7076897E+02   0.2338456E+03   0.1785863E+03   0.1028829E+03   0.9431833E+02   0.4969579E+02   0.4691598E+02   0.1907308E+04
   0.6600000E+03   0.1205476E+03   0.1134821E+03   0.9299628E+03   0.7080595E+02   0.2338833E+03   0.1785777E+03   0.1028738E+03   0.9431271E+02   0.4969708E+02   0.4691617E+02   0.1906591E+04
   0.6610000E+03   0.1205318E+03   0.1135333E+03   0.9309019E+03   0.7084290E+02   0.2339211E+03   0.1785690E+03   0.1028648E+03   0.9430711E+02   0.4969838E+02   0.4691636E+02   0.1905891E+04
   0.6620000E+03   0.1205160E+03   0.1135844E+03   0.9318395E+03   0.7087981E+02   0.2339588E+03   0.1785604E+03   0.1028557E+03   0.9430150E+02   0.4969968E+02   0.4691655E+02   0.1905174E+04
   0.6630000E+03   0.1205000E+03   0.1136355E+03   0.9327759E+03   0.7091666E+02   0.2339966E+03   0.1785518E+03   0.1028466E+03   0.9429590E+02   0.4970097E+02   0.4691674E+02   0.1904457E+04
   0.6640000E+03   0.1204838E+03   0.1136865E+03   0.9337109E+03   0.7095349E+02   0.2340343E+03   0.1785431E+03   0.1028376E+03   0.9429030E+02   0.4970226E+02   0.4691692E+02   0.1903752E+04
   0.6650000E+03   0.1204674E+03   0.1137376E+03   0.9346464E+03   0.7099026E+02   0.2340721E+03   0.1785345E+03   0.1028285E+03   0.9428470E+02   0.4970355E+02   0.4691711E+02   0.1903059E+04
   0.6660000E+03   0.1204508E+03   0.1137888E+03   0.9355781E+03   0.7102700E+02   0.2341098E+03   0.1785258E+03   0.1028195E+03   0.9427909E+02   0.4970483E+02   0.4691729E+02   0.1902339E+04
   0.6670000E+03   0.1204340E+03   0.1138397E+03   0.9365051E+03   0.7106371E+02   0.2341476E+03   0.1785172E+03   0.1028104E+03   0.9427349E+02   0.4970612E+02   0.4691748E+02   0.1901624E+04
   0.6680000E+03   0.1204169E+03   0.1138905E+03   0.9374291E+03   0.7110037E+02   0.2341853E+03   0.1785085E+03   0.1028014E+03   0.9426789E+02   0.4970739E+02   0.4691766E+02   0.1900903E+04
   0.6690000E+03   0.1203995E+03   0.1139413E+03   0.9383504E+03   0.7113700E+02   0.2342230E+03   0.1784998E+03   0.1027923E+03   0.9426229E+02   0.4970868E+02   0.4691784E+02   0.1900187E+04
   0.6700000E+03   0.1203818E+03   0.1139921E+03   0.9392692E+03   0.7117358E+02   0.2342607E+03   0.1784912E+03   0.1027832E+03   0.9425670E+02   0.4970995E+02   0.4691802E+02   0.1899472E+04
   0.6710000E+03   0.1203638E+03   0.1140427E+03   0.9401851E+03   0.7121011E+02   0.2342984E+03   0.1784825E+03   0.1027742E+03   0.9425111E+02   0.4971121E+02   0.4691820E+02   0.1898756E+04
   0.6720000E+03   0.1203455E+03   0.1140933E+03   0.9410984E+03   0.7124662E+02   0.2343361E+03   0.1784738E+03   0.1027651E+03   0.9424551E+02   0.4971248E+02   0.4691837E+02   0.1898041E+04
   0.6730000E+03   0.1203269E+03   0.1141438E+03   0.9420090E+03   0.7128307E+02   0.2343738E+03   0.1784651E+03   0.1027561E+03   0.9423991E+02   0.4971375E+02   0.4691854E+02   0.1897332E+04
   0.6740000E+03   0.1203080E+03   0.1141942E+03   0.9429171E+03   0.7131948E+02   0.2344115E+03   0.1784565E+03   0.1027470E+03   0.9423433E+02   0.4971500E+02   0.4691871E+02   0.1896610E+04
   0.6750000E+03   0.1202888E+03   0.1142446E+03   0.9438225E+03   0.7135586E+02   0.2344492E+03   0.1784479E+03   0.1027380E+03   0.9422874E+02   0.4971627E+02   0.4691888E+02   0.1895895E+04
   0.6760000E+03   0.1202693E+03   0.1142949E+03   0.9447250E+03   0.7139220E+02   0.2344869E+03   0.1784392E+03   0.1027289E+03   0.9422315E+02   0.4971752E+02   0.4691906E+02   0.1895180E+04
   0.6770000E+03   0.1202494E+03   0.1143452E+03   0.9456251E+03   0.7142849E+02   0.2345246E+03   0.1784305E+03   0.1027199E+03   0.9421758E+02   0.4971877E+02   0.4691923E+02   0.1894466E+04
   0.6780000E+03   0.1202292E+03   0.1143953E+03   0.9465224E+03   0.7146474E+02   0.2345622E+03   0.1784218E+03   0.1027108E+03   0.9421201E+02   0.4972002E+02   0.4691940E+02   0.1893752E+04
   0.6790000E+03   0.1202087E+03   0.1144455E+03   0.9474170E+03   0.7150095E+02   0.2345999E+03   0.1784131E+03   0.1027018E+03   0.9420644E+02   0.4972128E+02   0.4691957E+02   0.1893038E+04
   0.6800000E+03   0.1201880E+03   0.1144956E+03   0.9483090E+03   0.7153712E+02   0.2346376E+03   0.1784044E+03   0.1026927E+03   0.9420086E+02   0.4972252E+02   0.4691975E+02   0.1892325E+04
   0.6810000E+03   0.1201668E+03   0.1145456E+03   0.9491983E+03   0.7157327E+02   0.2346753E+03   0.1783958E+03   0.1026837E+03   0.9419527E+02   0.4972377E+02   0.4691992E+02   0.1891611E+04
   0.6820000E+03   0.1201454E+03   0.1145955E+03   0.9500850E+03   0.7160936E+02   0.2347130E+03   0.1783871E+03   0.1026747E+03   0.9418967E+02   0.4972502E+02   0.4692009E+02   0.1890898E+04
   0.6830000E+03   0.1201236E+03   0.1146455E+03   0.9509689E+03   0.7164541E+02   0.2347507E+03   0.1783784E+03   0.1026656E+03   0.9418408E+02   0.4972625E+02   0.4692026E+02   0.1890186E+04
   0.6840000E+03   0.1201016E+03   0.1146953E+03   0.9518506E+03   0.7168143E+02   0.2347883E+03   0.1783697E+03   0.1026566E+03   0.9417850E+02   0.4972749E+02   0.4692043E+02   0.1889472E+04
   0.6850000E+03   0.1200792E+03   0.1147451E+03   0.9527310E+03   0.7171741E+02   0.2348260E+03   0.1783611E+03   0.1026476E+03   0.9417292E+02   0.4972872E+02   0.4692060E+02   0.1888760E+04
   0.6860000E+03   0.1200565E+03   0.1147948E+03   0.9536105E+03   0.7175336E+02   0.2348636E+03   0.1783524E+03   0.1026385E+03   0.9416734E+02   0.4972995E+02   0.4692078E+02   0.1888047E+04
   0.6870000E+03   0.1200335E+03   0.1148446E+03   0.9544904E+03   0.7178925E+02   0.2349013E+03   0.1783437E+03   0.1026295E+03   0.9416175E+02   0.4973117E+02   0.4692095E+02   0.1887341E+04
   0.6880000E+03   0.1200102E+03   0.1148942E+03   0.9553676E+03   0.7182513E+02   0.2349389E+03   0.1783351E+03   0.1026205E+03   0.9415617E+02   0.4973239E+02   0.4692112E+02   0.1886625E+04
   0.6890000E+03   0.1199866E+03   0.1149437E+03   0.9562430E+03   0.7186095E+02   0.2349766E+03   0.1783264E+03   0.1026114E+03   0.9415060E+02   0.4973361E+02   0.4692128E+02   0.1885922E+04
   0.6900000E+03   0.1199627E+03   0.1149932E+03   0.9571167E+03   0.7189673E+02   0.2350142E+03   0.1783177E+03   0.1026024E+03   0.9414501E+02   0.4973483E+02   0.4692144E+02   0.1885204E+04
   0.6910000E+03   0.1199385E+03   0.1150427E+03   0.9579884E+03   0.7193248E+02   0.2350519E+03   0.1783090E+03   0.1025934E+03   0.9413943E+02   0.4973605E+02   0.4692160E+02   0.1884493E+04
   0.6920000E+03   0.1199140E+03   0.1150920E+03   0.9588584E+03   0.7196819E+02   0.2350896E+03   0.1783003E+03   0.1025844E+03   0.9413385E+02   0.4973726E+02   0.4692177E+02   0.1883782E+04
   0.6930000E+03   0.1198892E+03   0.1151413E+03   0.9597266E+03   0.7200387E+02   0.2351272E+03   0.1782916E+03   0.1025753E+03   0.9412827E+02   0.4973846E+02   0.4692193E+02   0.1883072E+04
   0.6940000E+03   0.1198641E+03   0.1151906E+03   0.9605930E+03   0.7203950E+02   0.2351648E+03   0.1782829E+03   0.1025663E+03   0.9412270E+02   0.4973967E+02   0.4692210E+02   0.1882361E+04
   0.6950000E+03   0.1198388E+03   0.1152398E+03   0.9614576E+03   0.7207510E+02   0.2352025E+03   0.1782741E+03   0.1025573E+03   0.9411713E+02   0.4974088E+02   0.4692226E+02   0.1881651E+04
   0.6960000E+03   0.1198131E+03   0.1152890E+03   0.9623205E+03   0.7211067E+02   0.2352401E+03   0.1782654E+03   0.1025482E+03   0.9411157E+02   0.4974207E+02   0.4692241E+02   0.1880941E+04
   0.6970000E+03   0.1197871E+03   0.1153381E+03   0.9631816E+03   0.7214619E+02   0.2352777E+03   0.1782567E+03   0.1025392E+03   0.9410603E+02   0.4974328E+02   0.4692257E+02   0.1880231E+04
   0.6980000E+03   0.1197609E+03   0.1153871E+03   0.9640408E+03   0.7218168E+02   0.2353153E+03   0.1782479E+03   0.1025302E+03   0.9410048E+02   0.4974447E+02   0.4692273E+02   0.1879522E+04
   0.6990000E+03   0.1197344E+03   0.1154361E+03   0.9648982E+03   0.7221714E+02   0.2353529E+03   0.1782392E+03   0.1025212E+03   0.9409494E+02   0.4974567E+02   0.4692289E+02   0.1878812E+04
   0.7000000E+03   0.1197076E+03   0.1154850E+03   0.9657539E+03   0.7225255E+02   0.2353906E+03   0.1782305E+03   0.1025121E+03   0.9408941E+02   0.4974686E+02   0.4692304E+02   0.1878103E+04
   0.7010000E+03   0.1196805E+03   0.1155339E+03   0.9666079E+03   0.7228793E+02   0.2354282E+03   0.1782217E+03   0.1025031E+03   0.9408385E+02   0.4974805E+02   0.4692318E+02   0.1877393E+04
   0.7020000E+03   0.1196531E+03   0.1155827E+03   0.9674600E+03   0.7232326E+02   0.2354659E+03   0.1782130E+03   0.1024941E+03   0.9407831E+02   0.4974924E+02   0.4692333E+02   0.1876684E+04
   0.7030000E+03   0.1196254E+03   0.1156315E+03   0.9683105E+03   0.7235854E+02   0.2355035E+03   0.1782042E+03   0.1024850E+03   0.9407276E+02   0.4975042E+02   0.4692347E+02   0.1875975E+04
   0.7040000E+03   0.1195975E+03   0.1156802E+03   0.9691592E+03   0.7239381E+02   0.2355411E+03   0.1781955E+03   0.1024760E+03   0.9406721E+02   0.4975160E+02   0.4692362E+02   0.1875267E+04
   0.7050000E+03   0.1195692E+03   0.1157288E+03   0.9700059E+03   0.7242903E+02   0.2355787E+03   0.1781868E+03   0.1024670E+03   0.9406168E+02   0.4975278E+02   0.4692377E+02   0.1874559E+04
   0.7060000E+03   0.1195407E+03   0.1157774E+03   0.9708512E+03   0.7246423E+02   0.2356163E+03   0.1781780E+03   0.1024580E+03   0.9405614E+02   0.4975396E+02   0.4692392E+02   0.1873851E+04
   0.7070000E+03   0.1195120E+03   0.1158260E+03   0.9716946E+03   0.7249938E+02   0.2356539E+03   0.1781693E+03   0.1024490E+03   0.9405058E+02   0.4975514E+02   0.4692406E+02   0.1873142E+04
   0.7080000E+03   0.1194829E+03   0.1158744E+03   0.9725364E+03   0.7253450E+02   0.2356915E+03   0.1781606E+03   0.1024400E+03   0.9404504E+02   0.4975631E+02   0.4692421E+02   0.1872435E+04
   0.7090000E+03   0.1194536E+03   0.1159228E+03   0.9733762E+03   0.7256957E+02   0.2357291E+03   0.1781518E+03   0.1024310E+03   0.9403950E+02   0.4975749E+02   0.4692435E+02   0.1871727E+04
   0.7100000E+03   0.1194240E+03   0.1159712E+03   0.9742147E+03   0.7260461E+02   0.2357667E+03   0.1781431E+03   0.1024220E+03   0.9403396E+02   0.4975866E+02   0.4692450E+02   0.1871019E+04
   0.7110000E+03   0.1193942E+03   0.1160195E+03   0.9750511E+03   0.7263961E+02   0.2358043E+03   0.1781343E+03   0.1024129E+03   0.9402842E+02   0.4975982E+02   0.4692464E+02   0.1870312E+04
   0.7120000E+03   0.1193641E+03   0.1160678E+03   0.9758859E+03   0.7267457E+02   0.2358419E+03   0.1781255E+03   0.1024039E+03   0.9402287E+02   0.4976099E+02   0.4692478E+02   0.1869606E+04
   0.7130000E+03   0.1193337E+03   0.1161160E+03   0.9767190E+03   0.7270950E+02   0.2358795E+03   0.1781168E+03   0.1023949E+03   0.9401733E+02   0.4976216E+02   0.4692492E+02   0.1868900E+04
   0.7140000E+03   0.1193031E+03   0.1161641E+03   0.9775505E+03   0.7274438E+02   0.2359170E+03   0.1781080E+03   0.1023859E+03   0.9401179E+02   0.4976332E+02   0.4692505E+02   0.1868193E+04
   0.7150000E+03   0.1192722E+03   0.1162122E+03   0.9783814E+03   0.7277923E+02   0.2359546E+03   0.1780993E+03   0.1023769E+03   0.9400625E+02   0.4976447E+02   0.4692519E+02   0.1867488E+04
   0.7160000E+03   0.1192411E+03   0.1162602E+03   0.9792108E+03   0.7281405E+02   0.2359922E+03   0.1780905E+03   0.1023679E+03   0.9400070E+02   0.4976562E+02   0.4692533E+02   0.1866782E+04
   0.7170000E+03   0.1192097E+03   0.1163082E+03   0.9800394E+03   0.7284884E+02   0.2360298E+03   0.1780817E+03   0.1023589E+03   0.9399519E+02   0.4976678E+02   0.4692546E+02   0.1866078E+04
   0.7180000E+03   0.1191780E+03   0.1163561E+03   0.9808675E+03   0.7288357E+02   0.2360675E+03   0.1780729E+03   0.1023499E+03   0.9398967E+02   0.4976792E+02   0.4692560E+02   0.1865370E+04
   0.7190000E+03   0.1191461E+03   0.1164040E+03   0.9816942E+03   0.7291827E+02   0.2361051E+03   0.1780641E+03   0.1023409E+03   0.9398415E+02   0.4976906E+02   0.4692574E+02   0.1864666E+04
   0.7200000E+03   0.1191139E+03   0.1164518E+03   0.9825196E+03   0.7295295E+02   0.2361426E+03   0.1780554E+03   0.1023319E+03   0.9397861E+02   0.4977020E+02   0.4692587E+02   0.1863960E+04
   0.7210000E+03   0.1190815E+03   0.1164996E+03   0.9833452E+03   0.7298758E+02   0.2361803E+03   0.1780466E+03   0.1023229E+03   0.9397308E+02   0.4977134E+02   0.4692601E+02   0.1863255E+04
   0.7220000E+03   0.1190488E+03   0.1165473E+03   0.9841699E+03   0.7302219E+02   0.2362178E+03   0.1780378E+03   0.1023139E+03   0.9396754E+02   0.4977248E+02   0.4692614E+02   0.1862552E+04
   0.7230000E+03   0.1190159E+03   0.1165949E+03   0.9849940E+03   0.7305675E+02   0.2362553E+03   0.1780291E+03   0.1023049E+03   0.9396202E+02   0.4977361E+02   0.4692627E+02   0.1861848E+04
   0.7240000E+03   0.1189827E+03   0.1166425E+03   0.9858168E+03   0.7309127E+02   0.2362929E+03   0.1780203E+03   0.1022959E+03   0.9395649E+02   0.4977473E+02   0.4692640E+02   0.1861146E+04
   0.7250000E+03   0.1189493E+03   0.1166901E+03   0.9866396E+03   0.7312576E+02   0.2363304E+03   0.1780115E+03   0.1022869E+03   0.9395096E+02   0.4977586E+02   0.4692654E+02   0.1860441E+04
   0.7260000E+03   0.1189156E+03   0.1167375E+03   0.9874618E+03   0.7316023E+02   0.2363680E+03   0.1780027E+03   0.1022779E+03   0.9394543E+02   0.4977699E+02   0.4692667E+02   0.1859738E+04
   0.7270000E+03   0.1188817E+03   0.1167850E+03   0.9882834E+03   0.7319466E+02   0.2364055E+03   0.1779939E+03   0.1022689E+03   0.9393989E+02   0.4977811E+02   0.4692680E+02   0.1859035E+04
   0.7280000E+03   0.1188475E+03   0.1168323E+03   0.9891050E+03   0.7322904E+02   0.2364430E+03   0.1779851E+03   0.1022599E+03   0.9393436E+02   0.4977924E+02   0.4692693E+02   0.1858332E+04
   0.7290000E+03   0.1188132E+03   0.1168796E+03   0.9899274E+03   0.7326339E+02   0.2364806E+03   0.1779763E+03   0.1022510E+03   0.9392883E+02   0.4978036E+02   0.4692707E+02   0.1857628E+04
   0.7300000E+03   0.1187785E+03   0.1169268E+03   0.9907528E+03   0.7329770E+02   0.2365181E+03   0.1779675E+03   0.1022420E+03   0.9392331E+02   0.4978148E+02   0.4692719E+02   0.1856924E+04
   0.7310000E+03   0.1187437E+03   0.1169740E+03   0.9915773E+03   0.7333198E+02   0.2365557E+03   0.1779587E+03   0.1022330E+03   0.9391779E+02   0.4978259E+02   0.4692732E+02   0.1856222E+04
   0.7320000E+03   0.1187086E+03   0.1170211E+03   0.9923995E+03   0.7336622E+02   0.2365932E+03   0.1779500E+03   0.1022241E+03   0.9391227E+02   0.4978371E+02   0.4692745E+02   0.1855520E+04
   0.7330000E+03   0.1186733E+03   0.1170682E+03   0.9932222E+03   0.7340042E+02   0.2366308E+03   0.1779412E+03   0.1022151E+03   0.9390675E+02   0.4978481E+02   0.4692757E+02   0.1854817E+04
   0.7340000E+03   0.1186377E+03   0.1171152E+03   0.9940444E+03   0.7343459E+02   0.2366683E+03   0.1779324E+03   0.1022061E+03   0.9390123E+02   0.4978592E+02   0.4692769E+02   0.1854117E+04
   0.7350000E+03   0.1186019E+03   0.1171622E+03   0.9948666E+03   0.7346873E+02   0.2367058E+03   0.1779236E+03   0.1021971E+03   0.9389572E+02   0.4978703E+02   0.4692781E+02   0.1853416E+04
   0.7360000E+03   0.1185659E+03   0.1172091E+03   0.9956882E+03   0.7350284E+02   0.2367433E+03   0.1779148E+03   0.1021881E+03   0.9389021E+02   0.4978814E+02   0.4692794E+02   0.1852718E+04
   0.7370000E+03   0.1185296E+03   0.1172560E+03   0.9965095E+03   0.7353690E+02   0.2367809E+03   0.1779060E+03   0.1021792E+03   0.9388470E+02   0.4978924E+02   0.4692806E+02   0.1852018E+04
   0.7380000E+03   0.1184932E+03   0.1173028E+03   0.9973321E+03   0.7357092E+02   0.2368184E+03   0.1778972E+03   0.1021702E+03   0.9387920E+02   0.4979033E+02   0.4692818E+02   0.1851315E+04
   0.7390000E+03   0.1184565E+03   0.1173495E+03   0.9981547E+03   0.7360491E+02   0.2368559E+03   0.1778884E+03   0.1021612E+03   0.9387369E+02   0.4979143E+02   0.4692830E+02   0.1850614E+04
   0.7400000E+03   0.1184196E+03   0.1173962E+03   0.9989800E+03   0.7363888E+02   0.2368934E+03   0.1778795E+03   0.1021523E+03   0.9386818E+02   0.4979252E+02   0.4692841E+02   0.1849913E+04
   0.7410000E+03   0.1183826E+03   0.1174429E+03   0.9998048E+03   0.7367280E+02   0.2369309E+03   0.1778707E+03   0.1021433E+03   0.9386267E+02   0.4979361E+02   0.4692853E+02   0.1849212E+04
   0.7420000E+03   0.1183453E+03   0.1174894E+03   0.1000630E+04   0.7370668E+02   0.2369684E+03   0.1778619E+03   0.1021343E+03   0.9385715E+02   0.4979470E+02   0.4692865E+02   0.1848511E+04
   0.7430000E+03   0.1183078E+03   0.1175360E+03   0.1001455E+04   0.7374054E+02   0.2370059E+03   0.1778531E+03   0.1021254E+03   0.9385165E+02   0.4979580E+02   0.4692876E+02   0.1847812E+04
   0.7440000E+03   0.1182701E+03   0.1175824E+03   0.1002278E+04   0.7377437E+02   0.2370434E+03   0.1778443E+03   0.1021164E+03   0.9384615E+02   0.4979688E+02   0.4692888E+02   0.1847111E+04
   0.7450000E+03   0.1182323E+03   0.1176288E+03   0.1003102E+04   0.7380816E+02   0.2370809E+03   0.1778354E+03   0.1021074E+03   0.9384064E+02   0.4979796E+02   0.4692900E+02   0.1846412E+04
   0.7460000E+03   0.1181942E+03   0.1176752E+03   0.1003926E+04   0.7384193E+02   0.2371184E+03   0.1778266E+03   0.1020985E+03   0.9383514E+02   0.4979904E+02   0.4692912E+02   0.1845713E+04
   0.7470000E+03   0.1181559E+03   0.1177215E+03   0.1004750E+04   0.7387567E+02   0.2371560E+03   0.1778178E+03   0.1020895E+03   0.9382963E+02   0.4980012E+02   0.4692924E+02   0.1845014E+04
   0.7480000E+03   0.1181174E+03   0.1177677E+03   0.1005574E+04   0.7390936E+02   0.2371934E+03   0.1778090E+03   0.1020806E+03   0.9382411E+02   0.4980119E+02   0.4692935E+02   0.1844315E+04
   0.7490000E+03   0.1180787E+03   0.1178139E+03   0.1006398E+04   0.7394302E+02   0.2372309E+03   0.1778001E+03   0.1020716E+03   0.9381860E+02   0.4980227E+02   0.4692946E+02   0.1843616E+04
   0.7500000E+03   0.1180398E+03   0.1178601E+03   0.1007222E+04   0.7397665E+02   0.2372684E+03   0.1777913E+03   0.1020627E+03   0.9381308E+02   0.4980334E+02   0.4692957E+02   0.1842917E+04
   0.7510000E+03   0.1180007E+03   0.1179062E+03   0.1008045E+04   0.7401024E+02   0.2373059E+03   0.1777824E+03   0.1020537E+03   0.9380756E+02   0.4980441E+02   0.4692968E+02   0.1842219E+04
   0.7520000E+03   0.1179614E+03   0.1179522E+03   0.1008868E+04   0.7404380E+02   0.2373433E+03   0.1777735E+03   0.1020448E+03   0.9380206E+02   0.4980548E+02   0.4692979E+02   0.1841521E+04
   0.7530000E+03   0.1179218E+03   0.1179982E+03   0.1009690E+04   0.7407732E+02   0.2373808E+03   0.1777647E+03   0.1020358E+03   0.9379655E+02   0.4980655E+02   0.4692990E+02   0.1840822E+04
   0.7540000E+03   0.1178821E+03   0.1180441E+03   0.1010512E+04   0.7411081E+02   0.2374183E+03   0.1777558E+03   0.1020269E+03   0.9379105E+02   0.4980761E+02   0.4693001E+02   0.1840124E+04
   0.7550000E+03   0.1178422E+03   0.1180899E+03   0.1011333E+04   0.7414427E+02   0.2374558E+03   0.1777470E+03   0.1020179E+03   0.9378556E+02   0.4980867E+02   0.4693011E+02   0.1839428E+04
   0.7560000E+03   0.1178021E+03   0.1181358E+03   0.1012154E+04   0.7417769E+02   0.2374932E+03   0.1777381E+03   0.1020090E+03   0.9378008E+02   0.4980973E+02   0.4693023E+02   0.1838731E+04
   0.7570000E+03   0.1177617E+03   0.1181815E+03   0.1012975E+04   0.7421108E+02   0.2375307E+03   0.1777293E+03   0.1020000E+03   0.9377459E+02   0.4981078E+02   0.4693033E+02   0.1838033E+04
   0.7580000E+03   0.1177212E+03   0.1182272E+03   0.1013794E+04   0.7424444E+02   0.2375682E+03   0.1777204E+03   0.1019911E+03   0.9376910E+02   0.4981183E+02   0.4693044E+02   0.1837337E+04
   0.7590000E+03   0.1176805E+03   0.1182728E+03   0.1014617E+04   0.7427775E+02   0.2376057E+03   0.1777115E+03   0.1019822E+03   0.9376361E+02   0.4981287E+02   0.4693054E+02   0.1836641E+04
   0.7600000E+03   0.1176396E+03   0.1183184E+03   0.1015436E+04   0.7431104E+02   0.2376431E+03   0.1777027E+03   0.1019732E+03   0.9375814E+02   0.4981392E+02   0.4693065E+02   0.1835944E+04
   0.7610000E+03   0.1175985E+03   0.1183640E+03   0.1016255E+04   0.7434428E+02   0.2376806E+03   0.1776938E+03   0.1019643E+03   0.9375266E+02   0.4981497E+02   0.4693076E+02   0.1835248E+04
   0.7620000E+03   0.1175572E+03   0.1184095E+03   0.1017074E+04   0.7437750E+02   0.2377180E+03   0.1776850E+03   0.1019553E+03   0.9374717E+02   0.4981602E+02   0.4693086E+02   0.1834552E+04
   0.7630000E+03   0.1175157E+03   0.1184549E+03   0.1017894E+04   0.7441068E+02   0.2377555E+03   0.1776760E+03   0.1019464E+03   0.9374169E+02   0.4981706E+02   0.4693097E+02   0.1833857E+04
   0.7640000E+03   0.1174740E+03   0.1185003E+03   0.1018715E+04   0.7444385E+02   0.2377930E+03   0.1776671E+03   0.1019375E+03   0.9373621E+02   0.4981810E+02   0.4693107E+02   0.1833162E+04
   0.7650000E+03   0.1174322E+03   0.1185456E+03   0.1019536E+04   0.7447697E+02   0.2378304E+03   0.1776583E+03   0.1019286E+03   0.9373072E+02   0.4981913E+02   0.4693118E+02   0.1832467E+04
   0.7660000E+03   0.1173901E+03   0.1185909E+03   0.1020357E+04   0.7451006E+02   0.2378678E+03   0.1776494E+03   0.1019197E+03   0.9372523E+02   0.4982017E+02   0.4693129E+02   0.1831772E+04
   0.7670000E+03   0.1173479E+03   0.1186361E+03   0.1021177E+04   0.7454312E+02   0.2379053E+03   0.1776405E+03   0.1019107E+03   0.9371974E+02   0.4982120E+02   0.4693139E+02   0.1831078E+04
   0.7680000E+03   0.1173055E+03   0.1186813E+03   0.1021997E+04   0.7457615E+02   0.2379427E+03   0.1776316E+03   0.1019018E+03   0.9371427E+02   0.4982224E+02   0.4693150E+02   0.1830384E+04
   0.7690000E+03   0.1172629E+03   0.1187264E+03   0.1022815E+04   0.7460914E+02   0.2379802E+03   0.1776227E+03   0.1018929E+03   0.9370879E+02   0.4982326E+02   0.4693159E+02   0.1829690E+04
   0.7700000E+03   0.1172201E+03   0.1187714E+03   0.1023633E+04   0.7464210E+02   0.2380176E+03   0.1776138E+03   0.1018839E+03   0.9370329E+02   0.4982428E+02   0.4693169E+02   0.1828996E+04
   0.7710000E+03   0.1171772E+03   0.1188164E+03   0.1024450E+04   0.7467503E+02   0.2380551E+03   0.1776049E+03   0.1018750E+03   0.9369781E+02   0.4982530E+02   0.4693179E+02   0.1828302E+04
   0.7720000E+03   0.1171340E+03   0.1188614E+03   0.1025265E+04   0.7470792E+02   0.2380925E+03   0.1775960E+03   0.1018661E+03   0.9369232E+02   0.4982632E+02   0.4693189E+02   0.1827611E+04
   0.7730000E+03   0.1170907E+03   0.1189063E+03   0.1026080E+04   0.7474078E+02   0.2381299E+03   0.1775871E+03   0.1018572E+03   0.9368684E+02   0.4982734E+02   0.4693198E+02   0.1826918E+04
   0.7740000E+03   0.1170471E+03   0.1189512E+03   0.1026892E+04   0.7477360E+02   0.2381674E+03   0.1775781E+03   0.1018482E+03   0.9368136E+02   0.4982836E+02   0.4693206E+02   0.1826224E+04
   0.7750000E+03   0.1170034E+03   0.1189960E+03   0.1027704E+04   0.7480640E+02   0.2382048E+03   0.1775692E+03   0.1018393E+03   0.9367589E+02   0.4982937E+02   0.4693214E+02   0.1825531E+04
   0.7760000E+03   0.1169596E+03   0.1190407E+03   0.1028518E+04   0.7483916E+02   0.2382422E+03   0.1775603E+03   0.1018304E+03   0.9367041E+02   0.4983038E+02   0.4693222E+02   0.1824837E+04
   0.7770000E+03   0.1169156E+03   0.1190854E+03   0.1029333E+04   0.7487189E+02   0.2382796E+03   0.1775513E+03   0.1018215E+03   0.9366492E+02   0.4983139E+02   0.4693232E+02   0.1824145E+04
   0.7780000E+03   0.1168714E+03   0.1191300E+03   0.1030145E+04   0.7490458E+02   0.2383170E+03   0.1775424E+03   0.1018125E+03   0.9365945E+02   0.4983239E+02   0.4693241E+02   0.1823453E+04
   0.7790000E+03   0.1168270E+03   0.1191746E+03   0.1030957E+04   0.7493726E+02   0.2383544E+03   0.1775334E+03   0.1018036E+03   0.9365397E+02   0.4983340E+02   0.4693250E+02   0.1822761E+04
   0.7800000E+03   0.1167824E+03   0.1192191E+03   0.1031774E+04   0.7496989E+02   0.2383918E+03   0.1775244E+03   0.1017947E+03   0.9364849E+02   0.4983440E+02   0.4693259E+02   0.1822069E+04
   0.7810000E+03   0.1167377E+03   0.1192635E+03   0.1032587E+04   0.7500249E+02   0.2384292E+03   0.1775154E+03   0.1017858E+03   0.9364301E+02   0.4983539E+02   0.4693268E+02   0.1821378E+04
   0.7820000E+03   0.1166929E+03   0.1193080E+03   0.1033398E+04   0.7503506E+02   0.2384666E+03   0.1775065E+03   0.1017769E+03   0.9363754E+02   0.4983639E+02   0.4693277E+02   0.1820686E+04
   0.7830000E+03   0.1166479E+03   0.1193523E+03   0.1034208E+04   0.7506759E+02   0.2385040E+03   0.1774976E+03   0.1017680E+03   0.9363208E+02   0.4983738E+02   0.4693286E+02   0.1819994E+04
   0.7840000E+03   0.1166026E+03   0.1193966E+03   0.1035023E+04   0.7510009E+02   0.2385414E+03   0.1774886E+03   0.1017591E+03   0.9362659E+02   0.4983837E+02   0.4693295E+02   0.1819304E+04
   0.7850000E+03   0.1165573E+03   0.1194408E+03   0.1035835E+04   0.7513257E+02   0.2385788E+03   0.1774797E+03   0.1017502E+03   0.9362113E+02   0.4983936E+02   0.4693304E+02   0.1818614E+04
   0.7860000E+03   0.1165117E+03   0.1194850E+03   0.1036647E+04   0.7516501E+02   0.2386162E+03   0.1774707E+03   0.1017412E+03   0.9361567E+02   0.4984034E+02   0.4693312E+02   0.1817923E+04
   0.7870000E+03   0.1164661E+03   0.1195292E+03   0.1037459E+04   0.7519742E+02   0.2386536E+03   0.1774618E+03   0.1017323E+03   0.9361021E+02   0.4984133E+02   0.4693320E+02   0.1817233E+04
   0.7880000E+03   0.1164202E+03   0.1195732E+03   0.1038269E+04   0.7522980E+02   0.2386910E+03   0.1774528E+03   0.1017234E+03   0.9360474E+02   0.4984231E+02   0.4693327E+02   0.1816542E+04
   0.7890000E+03   0.1163742E+03   0.1196172E+03   0.1039079E+04   0.7526216E+02   0.2387283E+03   0.1774439E+03   0.1017145E+03   0.9359927E+02   0.4984330E+02   0.4693335E+02   0.1815851E+04
   0.7900000E+03   0.1163280E+03   0.1196612E+03   0.1039889E+04   0.7529448E+02   0.2387657E+03   0.1774349E+03   0.1017056E+03   0.9359381E+02   0.4984428E+02   0.4693344E+02   0.1815162E+04
   0.7910000E+03   0.1162817E+03   0.1197051E+03   0.1040699E+04   0.7532677E+02   0.2388031E+03   0.1774260E+03   0.1016967E+03   0.9358835E+02   0.4984526E+02   0.4693353E+02   0.1814473E+04
   0.7920000E+03   0.1162352E+03   0.1197492E+03   0.1041505E+04   0.7535902E+02   0.2388404E+03   0.1774170E+03   0.1016878E+03   0.9358290E+02   0.4984623E+02   0.4693361E+02   0.1813793E+04
   0.7930000E+03   0.1161885E+03   0.1197930E+03   0.1042307E+04   0.7539125E+02   0.2388778E+03   0.1774081E+03   0.1016789E+03   0.9357744E+02   0.4984721E+02   0.4693369E+02   0.1813092E+04
   0.7940000E+03   0.1161417E+03   0.1198367E+03   0.1043107E+04   0.7542346E+02   0.2389151E+03   0.1773991E+03   0.1016700E+03   0.9357198E+02   0.4984818E+02   0.4693377E+02   0.1812404E+04
   0.7950000E+03   0.1160947E+03   0.1198804E+03   0.1043905E+04   0.7545562E+02   0.2389525E+03   0.1773901E+03   0.1016611E+03   0.9356652E+02   0.4984914E+02   0.4693385E+02   0.1811714E+04
   0.7960000E+03   0.1160476E+03   0.1199241E+03   0.1044703E+04   0.7548775E+02   0.2389898E+03   0.1773811E+03   0.1016522E+03   0.9356106E+02   0.4985011E+02   0.4693392E+02   0.1811026E+04
   0.7970000E+03   0.1160003E+03   0.1199676E+03   0.1045498E+04   0.7551986E+02   0.2390272E+03   0.1773722E+03   0.1016433E+03   0.9355561E+02   0.4985107E+02   0.4693400E+02   0.1810338E+04
   0.7980000E+03   0.1159529E+03   0.1200112E+03   0.1046291E+04   0.7555193E+02   0.2390645E+03   0.1773631E+03   0.1016344E+03   0.9355016E+02   0.4985203E+02   0.4693408E+02   0.1809649E+04
   0.7990000E+03   0.1159053E+03   0.1200547E+03   0.1047083E+04   0.7558397E+02   0.2391019E+03   0.1773541E+03   0.1016255E+03   0.9354471E+02   0.4985299E+02   0.4693416E+02   0.1808961E+04
   0.8000000E+03   0.1158576E+03   0.1200981E+03   0.1047872E+04   0.7561599E+02   0.2391392E+03   0.1773451E+03   0.1016166E+03   0.9353927E+02   0.4985395E+02   0.4693424E+02   0.1808273E+04
   0.8010000E+03   0.1158097E+03   0.1201415E+03   0.1048659E+04   0.7564798E+02   0.2391766E+03   0.1773362E+03   0.1016077E+03   0.9353381E+02   0.4985491E+02   0.4693431E+02   0.1807586E+04
   0.8020000E+03   0.1157616E+03   0.1201849E+03   0.1049444E+04   0.7567992E+02   0.2392139E+03   0.1773272E+03   0.1015988E+03   0.9352838E+02   0.4985587E+02   0.4693438E+02   0.1806898E+04
   0.8030000E+03   0.1157135E+03   0.1202281E+03   0.1050226E+04   0.7571185E+02   0.2392513E+03   0.1773182E+03   0.1015900E+03   0.9352293E+02   0.4985681E+02   0.4693446E+02   0.1806211E+04
   0.8040000E+03   0.1156651E+03   0.1202714E+03   0.1051007E+04   0.7574373E+02   0.2392886E+03   0.1773092E+03   0.1015811E+03   0.9351749E+02   0.4985776E+02   0.4693453E+02   0.1805524E+04
   0.8050000E+03   0.1156166E+03   0.1203145E+03   0.1051785E+04   0.7577560E+02   0.2393260E+03   0.1773003E+03   0.1015722E+03   0.9351205E+02   0.4985872E+02   0.4693460E+02   0.1804837E+04
   0.8060000E+03   0.1155680E+03   0.1203577E+03   0.1052561E+04   0.7580742E+02   0.2393633E+03   0.1772913E+03   0.1015633E+03   0.9350660E+02   0.4985967E+02   0.4693467E+02   0.1804151E+04
   0.8070000E+03   0.1155193E+03   0.1204008E+03   0.1053336E+04   0.7583923E+02   0.2394006E+03   0.1772823E+03   0.1015545E+03   0.9350117E+02   0.4986061E+02   0.4693475E+02   0.1803482E+04
   0.8080000E+03   0.1154704E+03   0.1204439E+03   0.1054111E+04   0.7587101E+02   0.2394379E+03   0.1772733E+03   0.1015456E+03   0.9349573E+02   0.4986156E+02   0.4693481E+02   0.1802817E+04
   0.8090000E+03   0.1154213E+03   0.1204869E+03   0.1055054E+04   0.7590276E+02   0.2394752E+03   0.1772643E+03   0.1015367E+03   0.9349028E+02   0.4986250E+02   0.4693488E+02   0.1802143E+04
   0.8100000E+03   0.1153722E+03   0.1205300E+03   0.1055843E+04   0.7593446E+02   0.2395125E+03   0.1772651E+03   0.1015278E+03   0.9348483E+02   0.4986344E+02   0.4693495E+02   0.1801473E+04
   0.8110000E+03   0.1153229E+03   0.1205729E+03   0.1056664E+04   0.7596615E+02   0.2395498E+03   0.1772762E+03   0.1015190E+03   0.9347937E+02   0.4986437E+02   0.4693502E+02   0.1800796E+04
   0.8120000E+03   0.1152735E+03   0.1206158E+03   0.1057508E+04   0.7599780E+02   0.2395871E+03   0.1772888E+03   0.1015101E+03   0.9347391E+02   0.4986531E+02   0.4693509E+02   0.1800113E+04
   0.8130000E+03   0.1152239E+03   0.1206585E+03   0.1058354E+04   0.7602942E+02   0.2396244E+03   0.1772986E+03   0.1015013E+03   0.9346846E+02   0.4986624E+02   0.4693516E+02   0.1799408E+04
   0.8140000E+03   0.1151742E+03   0.1207012E+03   0.1059211E+04   0.7606102E+02   0.2396617E+03   0.1773050E+03   0.1014925E+03   0.9346302E+02   0.4986717E+02   0.4693522E+02   0.1798722E+04
   0.8150000E+03   0.1151244E+03   0.1207439E+03   0.1060075E+04   0.7609258E+02   0.2396990E+03   0.1773080E+03   0.1014836E+03   0.9345758E+02   0.4986810E+02   0.4693529E+02   0.1798038E+04
   0.8160000E+03   0.1150744E+03   0.1207865E+03   0.1060942E+04   0.7612411E+02   0.2397363E+03   0.1773085E+03   0.1014748E+03   0.9345215E+02   0.4986902E+02   0.4693536E+02   0.1797353E+04
   0.8170000E+03   0.1150244E+03   0.1208290E+03   0.1061812E+04   0.7615562E+02   0.2397736E+03   0.1773070E+03   0.1014660E+03   0.9344673E+02   0.4986994E+02   0.4693542E+02   0.1796669E+04
   0.8180000E+03   0.1149742E+03   0.1208715E+03   0.1062682E+04   0.7618709E+02   0.2398109E+03   0.1773039E+03   0.1014572E+03   0.9344130E+02   0.4987085E+02   0.4693549E+02   0.1795985E+04
   0.8190000E+03   0.1149238E+03   0.1209139E+03   0.1063552E+04   0.7621854E+02   0.2398482E+03   0.1772995E+03   0.1014484E+03   0.9343588E+02   0.4987178E+02   0.4693555E+02   0.1795302E+04
   0.8200000E+03   0.1148733E+03   0.1209563E+03   0.1064423E+04   0.7624997E+02   0.2398855E+03   0.1772942E+03   0.1014396E+03   0.9343045E+02   0.4987270E+02   0.4693561E+02   0.1794618E+04
   0.8210000E+03   0.1148228E+03   0.1209986E+03   0.1065292E+04   0.7628135E+02   0.2399228E+03   0.1772880E+03   0.1014307E+03   0.9342502E+02   0.4987361E+02   0.4693566E+02   0.1793935E+04
   0.8220000E+03   0.1147720E+03   0.1210409E+03   0.1066161E+04   0.7631271E+02   0.2399600E+03   0.1772812E+03   0.1014219E+03   0.9341959E+02   0.4987453E+02   0.4693571E+02   0.1793252E+04
   0.8230000E+03   0.1147212E+03   0.1210832E+03   0.1067028E+04   0.7634405E+02   0.2399973E+03   0.1772738E+03   0.1014132E+03   0.9341417E+02   0.4987544E+02   0.4693578E+02   0.1792569E+04
   0.8240000E+03   0.1146703E+03   0.1211253E+03   0.1067894E+04   0.7637534E+02   0.2400345E+03   0.1772661E+03   0.1014044E+03   0.9340874E+02   0.4987635E+02   0.4693583E+02   0.1791887E+04
   0.8250000E+03   0.1146192E+03   0.1211675E+03   0.1068759E+04   0.7640662E+02   0.2400718E+03   0.1772579E+03   0.1013956E+03   0.9340331E+02   0.4987727E+02   0.4693589E+02   0.1791205E+04
   0.8260000E+03   0.1145680E+03   0.1212096E+03   0.1069621E+04   0.7643786E+02   0.2401091E+03   0.1772495E+03   0.1013868E+03   0.9339789E+02   0.4987816E+02   0.4693595E+02   0.1790522E+04
   0.8270000E+03   0.1145167E+03   0.1212516E+03   0.1070482E+04   0.7646908E+02   0.2401463E+03   0.1772408E+03   0.1013780E+03   0.9339248E+02   0.4987906E+02   0.4693600E+02   0.1789840E+04
   0.8280000E+03   0.1144652E+03   0.1212935E+03   0.1071341E+04   0.7650027E+02   0.2401836E+03   0.1772320E+03   0.1013692E+03   0.9338706E+02   0.4987996E+02   0.4693606E+02   0.1789170E+04
   0.8290000E+03   0.1144136E+03   0.1213355E+03   0.1072200E+04   0.7653142E+02   0.2402208E+03   0.1772230E+03   0.1013604E+03   0.9338165E+02   0.4988086E+02   0.4693611E+02   0.1788495E+04
   0.8300000E+03   0.1143620E+03   0.1213773E+03   0.1073061E+04   0.7656255E+02   0.2402581E+03   0.1772139E+03   0.1013516E+03   0.9337622E+02   0.4988176E+02   0.4693616E+02   0.1787803E+04
   0.8310000E+03   0.1143102E+03   0.1214192E+03   0.1073925E+04   0.7659364E+02   0.2402953E+03   0.1772047E+03   0.1013429E+03   0.9337080E+02   0.4988266E+02   0.4693622E+02   0.1787134E+04
   0.8320000E+03   0.1142583E+03   0.1214609E+03   0.1074792E+04   0.7662472E+02   0.2403326E+03   0.1771954E+03   0.1013341E+03   0.9336537E+02   0.4988354E+02   0.4693627E+02   0.1786444E+04
   0.8330000E+03   0.1142062E+03   0.1215026E+03   0.1075662E+04   0.7665576E+02   0.2403698E+03   0.1771860E+03   0.1013253E+03   0.9335995E+02   0.4988444E+02   0.4693633E+02   0.1785763E+04
   0.8340000E+03   0.1141541E+03   0.1215443E+03   0.1076535E+04   0.7668678E+02   0.2404071E+03   0.1771766E+03   0.1013165E+03   0.9335455E+02   0.4988533E+02   0.4693638E+02   0.1785091E+04
   0.8350000E+03   0.1141018E+03   0.1215859E+03   0.1077409E+04   0.7671776E+02   0.2404443E+03   0.1771671E+03   0.1013077E+03   0.9334911E+02   0.4988622E+02   0.4693643E+02   0.1784405E+04
   0.8360000E+03   0.1140495E+03   0.1216275E+03   0.1078286E+04   0.7674871E+02   0.2404815E+03   0.1771576E+03   0.1012990E+03   0.9334369E+02   0.4988710E+02   0.4693649E+02   0.1783725E+04
   0.8370000E+03   0.1139970E+03   0.1216690E+03   0.1079164E+04   0.7677963E+02   0.2405188E+03   0.1771480E+03   0.1012902E+03   0.9333826E+02   0.4988799E+02   0.4693654E+02   0.1783045E+04
   0.8380000E+03   0.1139444E+03   0.1217104E+03   0.1080043E+04   0.7681053E+02   0.2405560E+03   0.1771384E+03   0.1012814E+03   0.9333284E+02   0.4988887E+02   0.4693659E+02   0.1782365E+04
   0.8390000E+03   0.1138917E+03   0.1217518E+03   0.1080922E+04   0.7684141E+02   0.2405932E+03   0.1771288E+03   0.1012726E+03   0.9332742E+02   0.4988975E+02   0.4693664E+02   0.1781691E+04
   0.8400000E+03   0.1138389E+03   0.1217933E+03   0.1081801E+04   0.7687225E+02   0.2406304E+03   0.1771192E+03   0.1012639E+03   0.9332201E+02   0.4989062E+02   0.4693669E+02   0.1781011E+04
   0.8410000E+03   0.1137860E+03   0.1218347E+03   0.1082680E+04   0.7690306E+02   0.2406676E+03   0.1771096E+03   0.1012551E+03   0.9331659E+02   0.4989150E+02   0.4693674E+02   0.1780342E+04
   0.8420000E+03   0.1137331E+03   0.1218764E+03   0.1083561E+04   0.7693385E+02   0.2407049E+03   0.1771000E+03   0.1012463E+03   0.9331117E+02   0.4989238E+02   0.4693679E+02   0.1779692E+04
   0.8430000E+03   0.1136823E+03   0.1219189E+03   0.1084437E+04   0.7696461E+02   0.2407421E+03   0.1770903E+03   0.1012375E+03   0.9330577E+02   0.4989324E+02   0.4693684E+02   0.1779028E+04
   0.8440000E+03   0.1136342E+03   0.1219621E+03   0.1085312E+04   0.7699535E+02   0.2407793E+03   0.1770807E+03   0.1012287E+03   0.9330036E+02   0.4989411E+02   0.4693689E+02   0.1778360E+04
   0.8450000E+03   0.1135874E+03   0.1220053E+03   0.1086184E+04   0.7702606E+02   0.2408165E+03   0.1770710E+03   0.1012200E+03   0.9329495E+02   0.4989498E+02   0.4693693E+02   0.1777693E+04
   0.8460000E+03   0.1135406E+03   0.1220483E+03   0.1087053E+04   0.7705745E+02   0.2408538E+03   0.1770613E+03   0.1012112E+03   0.9328954E+02   0.4989584E+02   0.4693697E+02   0.1776999E+04
   0.8470000E+03   0.1134932E+03   0.1220910E+03   0.1087927E+04   0.7709005E+02   0.2408911E+03   0.1770516E+03   0.1012024E+03   0.9328413E+02   0.4989670E+02   0.4693701E+02   0.1776312E+04
   0.8480000E+03   0.1134453E+03   0.1221333E+03   0.1088793E+04   0.7712366E+02   0.2409284E+03   0.1770419E+03   0.1011936E+03   0.9327872E+02   0.4989756E+02   0.4693705E+02   0.1775646E+04
   0.8490000E+03   0.1133968E+03   0.1221753E+03   0.1089662E+04   0.7715780E+02   0.2409657E+03   0.1770322E+03   0.1011849E+03   0.9327333E+02   0.4989842E+02   0.4693709E+02   0.1774968E+04
   0.8500000E+03   0.1133478E+03   0.1222172E+03   0.1090527E+04   0.7719261E+02   0.2410030E+03   0.1770225E+03   0.1011761E+03   0.9326792E+02   0.4989928E+02   0.4693712E+02   0.1774305E+04
   0.8510000E+03   0.1132995E+03   0.1222597E+03   0.1091392E+04   0.7722937E+02   0.2410404E+03   0.1770128E+03   0.1011673E+03   0.9326251E+02   0.4990014E+02   0.4693716E+02   0.1773667E+04
   0.8520000E+03   0.1132546E+03   0.1223035E+03   0.1092256E+04   0.7726948E+02   0.2410778E+03   0.1770031E+03   0.1011586E+03   0.9325713E+02   0.4990099E+02   0.4693721E+02   0.1773002E+04
   0.8530000E+03   0.1132124E+03   0.1223473E+03   0.1093115E+04   0.7731419E+02   0.2411153E+03   0.1769934E+03   0.1011498E+03   0.9325172E+02   0.4990184E+02   0.4693725E+02   0.1772336E+04
   0.8540000E+03   0.1131709E+03   0.1223914E+03   0.1094010E+04   0.7736369E+02   0.2411529E+03   0.1769837E+03   0.1011411E+03   0.9324633E+02   0.4990269E+02   0.4693729E+02   0.1771671E+04
   0.8550000E+03   0.1131305E+03   0.1224356E+03   0.1094864E+04   0.7741709E+02   0.2411905E+03   0.1769740E+03   0.1011323E+03   0.9324095E+02   0.4990353E+02   0.4693733E+02   0.1771005E+04
   0.8560000E+03   0.1130910E+03   0.1224806E+03   0.1095713E+04   0.7747309E+02   0.2412283E+03   0.1769643E+03   0.1011235E+03   0.9323557E+02   0.4990437E+02   0.4693737E+02   0.1770341E+04
   0.8570000E+03   0.1130526E+03   0.1225256E+03   0.1096558E+04   0.7753054E+02   0.2412660E+03   0.1769546E+03   0.1011148E+03   0.9323018E+02   0.4990522E+02   0.4693740E+02   0.1769676E+04
   0.8580000E+03   0.1130145E+03   0.1225704E+03   0.1097399E+04   0.7758856E+02   0.2413038E+03   0.1769448E+03   0.1011060E+03   0.9322480E+02   0.4990606E+02   0.4693744E+02   0.1769011E+04
   0.8590000E+03   0.1129764E+03   0.1226148E+03   0.1098234E+04   0.7764638E+02   0.2413416E+03   0.1769351E+03   0.1010972E+03   0.9321944E+02   0.4990691E+02   0.4693747E+02   0.1768346E+04
   0.8600000E+03   0.1129383E+03   0.1226588E+03   0.1099066E+04   0.7770294E+02   0.2413795E+03   0.1769254E+03   0.1010884E+03   0.9321407E+02   0.4990775E+02   0.4693749E+02   0.1767682E+04
   0.8610000E+03   0.1129003E+03   0.1227024E+03   0.1099892E+04   0.7775729E+02   0.2414173E+03   0.1769156E+03   0.1010797E+03   0.9320872E+02   0.4990859E+02   0.4693753E+02   0.1767018E+04
   0.8620000E+03   0.1128628E+03   0.1227457E+03   0.1100714E+04   0.7780885E+02   0.2414551E+03   0.1769059E+03   0.1010709E+03   0.9320338E+02   0.4990943E+02   0.4693756E+02   0.1766354E+04
   0.8630000E+03   0.1128261E+03   0.1227886E+03   0.1101531E+04   0.7785746E+02   0.2414930E+03   0.1768962E+03   0.1010621E+03   0.9319804E+02   0.4991026E+02   0.4693758E+02   0.1765690E+04
   0.8640000E+03   0.1127904E+03   0.1228313E+03   0.1102343E+04   0.7790327E+02   0.2415308E+03   0.1768864E+03   0.1010534E+03   0.9319268E+02   0.4991109E+02   0.4693761E+02   0.1765027E+04
   0.8650000E+03   0.1127558E+03   0.1228737E+03   0.1103151E+04   0.7794656E+02   0.2415687E+03   0.1768767E+03   0.1010446E+03   0.9318732E+02   0.4991191E+02   0.4693764E+02   0.1764363E+04
   0.8660000E+03   0.1127222E+03   0.1229160E+03   0.1103954E+04   0.7798768E+02   0.2416065E+03   0.1768670E+03   0.1010359E+03   0.9318197E+02   0.4991273E+02   0.4693768E+02   0.1763700E+04
   0.8670000E+03   0.1126895E+03   0.1229581E+03   0.1104753E+04   0.7802695E+02   0.2416444E+03   0.1768572E+03   0.1010271E+03   0.9317663E+02   0.4991356E+02   0.4693770E+02   0.1763037E+04
   0.8680000E+03   0.1126576E+03   0.1230000E+03   0.1105547E+04   0.7806469E+02   0.2416823E+03   0.1768475E+03   0.1010183E+03   0.9317130E+02   0.4991439E+02   0.4693773E+02   0.1762375E+04
   0.8690000E+03   0.1126262E+03   0.1230419E+03   0.1106335E+04   0.7810116E+02   0.2417201E+03   0.1768377E+03   0.1010096E+03   0.9316595E+02   0.4991521E+02   0.4693776E+02   0.1761712E+04
   0.8700000E+03   0.1125952E+03   0.1230836E+03   0.1107120E+04   0.7813659E+02   0.2417580E+03   0.1768279E+03   0.1010008E+03   0.9316061E+02   0.4991603E+02   0.4693778E+02   0.1761050E+04
   0.8710000E+03   0.1125645E+03   0.1231252E+03   0.1107899E+04   0.7817115E+02   0.2417958E+03   0.1768182E+03   0.1009921E+03   0.9315527E+02   0.4991685E+02   0.4693781E+02   0.1760388E+04
   0.8720000E+03   0.1125341E+03   0.1231667E+03   0.1108672E+04   0.7820499E+02   0.2418337E+03   0.1768084E+03   0.1009834E+03   0.9314994E+02   0.4991767E+02   0.4693784E+02   0.1759720E+04
   0.8730000E+03   0.1125038E+03   0.1232081E+03   0.1109445E+04   0.7823825E+02   0.2418715E+03   0.1767986E+03   0.1009746E+03   0.9314459E+02   0.4991848E+02   0.4693786E+02   0.1759063E+04
   0.8740000E+03   0.1124735E+03   0.1232494E+03   0.1110214E+04   0.7827103E+02   0.2419094E+03   0.1767889E+03   0.1009659E+03   0.9313924E+02   0.4991928E+02   0.4693789E+02   0.1758399E+04
   0.8750000E+03   0.1124433E+03   0.1232902E+03   0.1110982E+04   0.7830341E+02   0.2419472E+03   0.1767791E+03   0.1009571E+03   0.9313390E+02   0.4992009E+02   0.4693792E+02   0.1757714E+04
   0.8760000E+03   0.1124131E+03   0.1233307E+03   0.1111749E+04   0.7833545E+02   0.2419850E+03   0.1767693E+03   0.1009484E+03   0.9312857E+02   0.4992090E+02   0.4693794E+02   0.1757048E+04
   0.8770000E+03   0.1123829E+03   0.1233711E+03   0.1112516E+04   0.7836721E+02   0.2420229E+03   0.1767596E+03   0.1009397E+03   0.9312324E+02   0.4992170E+02   0.4693798E+02   0.1756376E+04
   0.8780000E+03   0.1123525E+03   0.1234115E+03   0.1113283E+04   0.7839876E+02   0.2420607E+03   0.1767498E+03   0.1009309E+03   0.9311791E+02   0.4992250E+02   0.4693801E+02   0.1755685E+04
   0.8790000E+03   0.1123221E+03   0.1234520E+03   0.1114044E+04   0.7843011E+02   0.2420986E+03   0.1767400E+03   0.1009222E+03   0.9311260E+02   0.4992331E+02   0.4693803E+02   0.1755043E+04
   0.8800000E+03   0.1122916E+03   0.1234928E+03   0.1114811E+04   0.7846130E+02   0.2421364E+03   0.1767303E+03   0.1009135E+03   0.9310730E+02   0.4992411E+02   0.4693806E+02   0.1754396E+04
   0.8810000E+03   0.1122609E+03   0.1235335E+03   0.1115571E+04   0.7849235E+02   0.2421743E+03   0.1767205E+03   0.1009047E+03   0.9310199E+02   0.4992490E+02   0.4693808E+02   0.1753741E+04
   0.8820000E+03   0.1122301E+03   0.1235737E+03   0.1116335E+04   0.7852327E+02   0.2422121E+03   0.1767107E+03   0.1008960E+03   0.9309668E+02   0.4992570E+02   0.4693811E+02   0.1753031E+04
   0.8830000E+03   0.1121992E+03   0.1236138E+03   0.1117099E+04   0.7855410E+02   0.2422500E+03   0.1767009E+03   0.1008873E+03   0.9309136E+02   0.4992649E+02   0.4693813E+02   0.1752359E+04
   0.8840000E+03   0.1121681E+03   0.1236543E+03   0.1117857E+04   0.7858485E+02   0.2422878E+03   0.1766911E+03   0.1008786E+03   0.9308605E+02   0.4992728E+02   0.4693815E+02   0.1751764E+04
   0.8850000E+03   0.1121368E+03   0.1236949E+03   0.1118612E+04   0.7861552E+02   0.2423256E+03   0.1766813E+03   0.1008698E+03   0.9308075E+02   0.4992807E+02   0.4693818E+02   0.1751096E+04
   0.8860000E+03   0.1121054E+03   0.1237354E+03   0.1119363E+04   0.7864611E+02   0.2423634E+03   0.1766715E+03   0.1008611E+03   0.9307545E+02   0.4992886E+02   0.4693819E+02   0.1750445E+04
   0.8870000E+03   0.1120738E+03   0.1237758E+03   0.1120111E+04   0.7867665E+02   0.2424013E+03   0.1766617E+03   0.1008524E+03   0.9307014E+02   0.4992964E+02   0.4693821E+02   0.1749787E+04
   0.8880000E+03   0.1120421E+03   0.1238159E+03   0.1120854E+04   0.7870714E+02   0.2424391E+03   0.1766519E+03   0.1008436E+03   0.9306483E+02   0.4993042E+02   0.4693822E+02   0.1749092E+04
   0.8890000E+03   0.1120102E+03   0.1238557E+03   0.1121596E+04   0.7873758E+02   0.2424769E+03   0.1766421E+03   0.1008349E+03   0.9305953E+02   0.4993121E+02   0.4693824E+02   0.1748405E+04
   0.8900000E+03   0.1119781E+03   0.1238954E+03   0.1122337E+04   0.7876798E+02   0.2425146E+03   0.1766323E+03   0.1008262E+03   0.9305422E+02   0.4993199E+02   0.4693826E+02   0.1747733E+04
   0.8910000E+03   0.1119458E+03   0.1239351E+03   0.1123074E+04   0.7879834E+02   0.2425525E+03   0.1766225E+03   0.1008175E+03   0.9304891E+02   0.4993276E+02   0.4693827E+02   0.1747068E+04
   0.8920000E+03   0.1119134E+03   0.1239746E+03   0.1123812E+04   0.7882866E+02   0.2425903E+03   0.1766127E+03   0.1008088E+03   0.9304359E+02   0.4993354E+02   0.4693829E+02   0.1746436E+04
   0.8930000E+03   0.1118808E+03   0.1240142E+03   0.1124549E+04   0.7885895E+02   0.2426281E+03   0.1766029E+03   0.1008000E+03   0.9303829E+02   0.4993432E+02   0.4693830E+02   0.1745732E+04
   0.8940000E+03   0.1118480E+03   0.1240543E+03   0.1125296E+04   0.7888920E+02   0.2426659E+03   0.1765930E+03   0.1007913E+03   0.9303298E+02   0.4993509E+02   0.4693832E+02   0.1745076E+04
   0.8950000E+03   0.1118151E+03   0.1240943E+03   0.1126035E+04   0.7891942E+02   0.2427037E+03   0.1765833E+03   0.1007826E+03   0.9302768E+02   0.4993586E+02   0.4693834E+02   0.1744416E+04
   0.8960000E+03   0.1117820E+03   0.1241344E+03   0.1126776E+04   0.7894962E+02   0.2427415E+03   0.1765735E+03   0.1007739E+03   0.9302237E+02   0.4993663E+02   0.4693835E+02   0.1743755E+04
   0.8970000E+03   0.1117488E+03   0.1241739E+03   0.1127516E+04   0.7897978E+02   0.2427793E+03   0.1765636E+03   0.1007652E+03   0.9301706E+02   0.4993740E+02   0.4693837E+02   0.1743088E+04
   0.8980000E+03   0.1117154E+03   0.1242134E+03   0.1128255E+04   0.7900993E+02   0.2428171E+03   0.1765538E+03   0.1007564E+03   0.9301176E+02   0.4993817E+02   0.4693837E+02   0.1742428E+04
   0.8990000E+03   0.1116818E+03   0.1242532E+03   0.1128993E+04   0.7904003E+02   0.2428549E+03   0.1765440E+03   0.1007477E+03   0.9300643E+02   0.4993893E+02   0.4693838E+02   0.1741772E+04
   0.9000000E+03   0.1116480E+03   0.1242930E+03   0.1129728E+04   0.7907011E+02   0.2428926E+03   0.1765341E+03   0.1007391E+03   0.9300113E+02   0.4993969E+02   0.4693839E+02   0.1741113E+04
   0.9010000E+03   0.1116141E+03   0.1243324E+03   0.1130461E+04   0.7910014E+02   0.2429304E+03   0.1765243E+03   0.1007304E+03   0.9299583E+02   0.4994045E+02   0.4693840E+02   0.1740453E+04
   0.9020000E+03   0.1115801E+03   0.1243718E+03   0.1131189E+04   0.7913017E+02   0.2429682E+03   0.1765144E+03   0.1007216E+03   0.9299052E+02   0.4994120E+02   0.4693842E+02   0.1739786E+04
   0.9030000E+03   0.1115458E+03   0.1244115E+03   0.1131917E+04   0.7916018E+02   0.2430059E+03   0.1765046E+03   0.1007130E+03   0.9298523E+02   0.4994196E+02   0.4693843E+02   0.1739131E+04
   0.9040000E+03   0.1115114E+03   0.1244511E+03   0.1132645E+04   0.7919016E+02   0.2430437E+03   0.1764947E+03   0.1007043E+03   0.9297993E+02   0.4994271E+02   0.4693843E+02   0.1738472E+04
   0.9050000E+03   0.1114768E+03   0.1244907E+03   0.1133374E+04   0.7922012E+02   0.2430815E+03   0.1764848E+03   0.1006955E+03   0.9297465E+02   0.4994347E+02   0.4693845E+02   0.1737818E+04
   0.9060000E+03   0.1114421E+03   0.1245302E+03   0.1134101E+04   0.7925004E+02   0.2431192E+03   0.1764750E+03   0.1006868E+03   0.9296935E+02   0.4994423E+02   0.4693845E+02   0.1737159E+04
   0.9070000E+03   0.1114072E+03   0.1245697E+03   0.1134824E+04   0.7927993E+02   0.2431570E+03   0.1764651E+03   0.1006782E+03   0.9296407E+02   0.4994498E+02   0.4693846E+02   0.1736525E+04
   0.9080000E+03   0.1113722E+03   0.1246092E+03   0.1135544E+04   0.7930980E+02   0.2431947E+03   0.1764553E+03   0.1006695E+03   0.9295876E+02   0.4994574E+02   0.4693847E+02   0.1735870E+04
   0.9090000E+03   0.1113372E+03   0.1246486E+03   0.1136259E+04   0.7933965E+02   0.2432325E+03   0.1764454E+03   0.1006608E+03   0.9295347E+02   0.4994648E+02   0.4693848E+02   0.1735200E+04
   0.9100000E+03   0.1113022E+03   0.1246880E+03   0.1136968E+04   0.7936948E+02   0.2432702E+03   0.1764355E+03   0.1006521E+03   0.9294818E+02   0.4994722E+02   0.4693849E+02   0.1734531E+04
   0.9110000E+03   0.1112672E+03   0.1247271E+03   0.1137681E+04   0.7939928E+02   0.2433080E+03   0.1764256E+03   0.1006434E+03   0.9294290E+02   0.4994797E+02   0.4693848E+02   0.1733869E+04
   0.9120000E+03   0.1112321E+03   0.1247659E+03   0.1138395E+04   0.7942908E+02   0.2433457E+03   0.1764157E+03   0.1006347E+03   0.9293762E+02   0.4994871E+02   0.4693850E+02   0.1733201E+04
   0.9130000E+03   0.1111970E+03   0.1248049E+03   0.1139106E+04   0.7945884E+02   0.2433834E+03   0.1764058E+03   0.1006260E+03   0.9293235E+02   0.4994944E+02   0.4693851E+02   0.1732550E+04
   0.9140000E+03   0.1111617E+03   0.1248439E+03   0.1139818E+04   0.7948857E+02   0.2434211E+03   0.1763959E+03   0.1006174E+03   0.9292706E+02   0.4995018E+02   0.4693851E+02   0.1731887E+04
   0.9150000E+03   0.1111263E+03   0.1248828E+03   0.1140528E+04   0.7951828E+02   0.2434588E+03   0.1763860E+03   0.1006087E+03   0.9292176E+02   0.4995092E+02   0.4693852E+02   0.1731227E+04
   0.9160000E+03   0.1110909E+03   0.1249216E+03   0.1141239E+04   0.7954796E+02   0.2434966E+03   0.1763762E+03   0.1006000E+03   0.9291647E+02   0.4995165E+02   0.4693853E+02   0.1730566E+04
   0.9170000E+03   0.1110553E+03   0.1249604E+03   0.1141947E+04   0.7957764E+02   0.2435343E+03   0.1763663E+03   0.1005913E+03   0.9291116E+02   0.4995238E+02   0.4693853E+02   0.1729903E+04
   0.9180000E+03   0.1110195E+03   0.1249991E+03   0.1142657E+04   0.7960728E+02   0.2435721E+03   0.1763564E+03   0.1005826E+03   0.9290588E+02   0.4995311E+02   0.4693853E+02   0.1729246E+04
   0.9190000E+03   0.1109837E+03   0.1250377E+03   0.1143368E+04   0.7963689E+02   0.2436098E+03   0.1763466E+03   0.1005739E+03   0.9290058E+02   0.4995384E+02   0.4693853E+02   0.1728583E+04
   0.9200000E+03   0.1109477E+03   0.1250763E+03   0.1144078E+04   0.7966649E+02   0.2436475E+03   0.1763367E+03   0.1005653E+03   0.9289529E+02   0.4995457E+02   0.4693853E+02   0.1727922E+04
   0.9210000E+03   0.1109116E+03   0.1251148E+03   0.1144788E+04   0.7969608E+02   0.2436852E+03   0.1763268E+03   0.1005566E+03   0.9289000E+02   0.4995530E+02   0.4693852E+02   0.1727261E+04
   0.9220000E+03   0.1108753E+03   0.1251534E+03   0.1145498E+04   0.7972562E+02   0.2437229E+03   0.1763170E+03   0.1005479E+03   0.9288472E+02   0.4995603E+02   0.4693852E+02   0.1726605E+04
   0.9230000E+03   0.1108388E+03   0.1251918E+03   0.1146208E+04   0.7975516E+02   0.2437607E+03   0.1763071E+03   0.1005393E+03   0.9287943E+02   0.4995676E+02   0.4693851E+02   0.1725944E+04
   0.9240000E+03   0.1108022E+03   0.1252305E+03   0.1146919E+04   0.7978466E+02   0.2437983E+03   0.1762972E+03   0.1005306E+03   0.9287415E+02   0.4995747E+02   0.4693851E+02   0.1725297E+04
   0.9250000E+03   0.1107655E+03   0.1252689E+03   0.1147629E+04   0.7981414E+02   0.2438361E+03   0.1762873E+03   0.1005219E+03   0.9286886E+02   0.4995819E+02   0.4693851E+02   0.1724630E+04
   0.9260000E+03   0.1107286E+03   0.1253073E+03   0.1148340E+04   0.7984360E+02   0.2438738E+03   0.1762775E+03   0.1005133E+03   0.9286358E+02   0.4995891E+02   0.4693850E+02   0.1723975E+04
   0.9270000E+03   0.1106916E+03   0.1253455E+03   0.1149050E+04   0.7987304E+02   0.2439114E+03   0.1762675E+03   0.1005046E+03   0.9285830E+02   0.4995963E+02   0.4693848E+02   0.1723313E+04
   0.9280000E+03   0.1106544E+03   0.1253838E+03   0.1149761E+04   0.7990247E+02   0.2439491E+03   0.1762576E+03   0.1004959E+03   0.9285302E+02   0.4996034E+02   0.4693848E+02   0.1722659E+04
   0.9290000E+03   0.1106170E+03   0.1254221E+03   0.1150473E+04   0.7993185E+02   0.2439868E+03   0.1762477E+03   0.1004872E+03   0.9284774E+02   0.4996104E+02   0.4693847E+02   0.1722004E+04
   0.9300000E+03   0.1105795E+03   0.1254603E+03   0.1151184E+04   0.7996123E+02   0.2440245E+03   0.1762378E+03   0.1004786E+03   0.9284245E+02   0.4996175E+02   0.4693846E+02   0.1721343E+04
   0.9310000E+03   0.1105418E+03   0.1254985E+03   0.1151895E+04   0.7999059E+02   0.2440622E+03   0.1762279E+03   0.1004699E+03   0.9283717E+02   0.4996245E+02   0.4693846E+02   0.1720688E+04
   0.9320000E+03   0.1105040E+03   0.1255366E+03   0.1152607E+04   0.8001992E+02   0.2440999E+03   0.1762180E+03   0.1004612E+03   0.9283189E+02   0.4996317E+02   0.4693845E+02   0.1720034E+04
   0.9330000E+03   0.1104661E+03   0.1255748E+03   0.1153319E+04   0.8004923E+02   0.2441375E+03   0.1762081E+03   0.1004525E+03   0.9282661E+02   0.4996388E+02   0.4693843E+02   0.1719391E+04
   0.9340000E+03   0.1104280E+03   0.1256128E+03   0.1154054E+04   0.8007852E+02   0.2441752E+03   0.1761983E+03   0.1004439E+03   0.9282132E+02   0.4996458E+02   0.4693842E+02   0.1718738E+04
   0.9350000E+03   0.1103897E+03   0.1256508E+03   0.1154761E+04   0.8010778E+02   0.2442129E+03   0.1761884E+03   0.1004352E+03   0.9281605E+02   0.4996529E+02   0.4693842E+02   0.1718052E+04
   0.9360000E+03   0.1103513E+03   0.1256887E+03   0.1155469E+04   0.8013702E+02   0.2442506E+03   0.1761785E+03   0.1004265E+03   0.9281078E+02   0.4996599E+02   0.4693840E+02   0.1717395E+04
   0.9370000E+03   0.1103128E+03   0.1257267E+03   0.1156175E+04   0.8016626E+02   0.2442882E+03   0.1761685E+03   0.1004179E+03   0.9280550E+02   0.4996669E+02   0.4693839E+02   0.1716776E+04
   0.9380000E+03   0.1102741E+03   0.1257648E+03   0.1156884E+04   0.8019545E+02   0.2443259E+03   0.1761586E+03   0.1004092E+03   0.9280023E+02   0.4996739E+02   0.4693838E+02   0.1716119E+04
   0.9390000E+03   0.1102353E+03   0.1258025E+03   0.1157593E+04   0.8022464E+02   0.2443635E+03   0.1761487E+03   0.1004005E+03   0.9279497E+02   0.4996809E+02   0.4693838E+02   0.1715449E+04
   0.9400000E+03   0.1101963E+03   0.1258402E+03   0.1158302E+04   0.8025380E+02   0.2444012E+03   0.1761388E+03   0.1003919E+03   0.9278969E+02   0.4996878E+02   0.4693837E+02   0.1714795E+04
   0.9410000E+03   0.1101572E+03   0.1258780E+03   0.1159011E+04   0.8028294E+02   0.2444388E+03   0.1761288E+03   0.1003832E+03   0.9278441E+02   0.4996948E+02   0.4693835E+02   0.1714144E+04
   0.9420000E+03   0.1101179E+03   0.1259159E+03   0.1159720E+04   0.8031206E+02   0.2444765E+03   0.1761189E+03   0.1003745E+03   0.9277914E+02   0.4997017E+02   0.4693835E+02   0.1713493E+04
   0.9430000E+03   0.1100785E+03   0.1259537E+03   0.1160429E+04   0.8034116E+02   0.2445141E+03   0.1761090E+03   0.1003659E+03   0.9277386E+02   0.4997086E+02   0.4693834E+02   0.1712841E+04
   0.9440000E+03   0.1100389E+03   0.1259913E+03   0.1161133E+04   0.8037024E+02   0.2445518E+03   0.1760991E+03   0.1003572E+03   0.9276860E+02   0.4997155E+02   0.4693833E+02   0.1712183E+04
   0.9450000E+03   0.1099993E+03   0.1260288E+03   0.1161838E+04   0.8039929E+02   0.2445894E+03   0.1760891E+03   0.1003486E+03   0.9276333E+02   0.4997223E+02   0.4693831E+02   0.1711528E+04
   0.9460000E+03   0.1099594E+03   0.1260662E+03   0.1162550E+04   0.8042832E+02   0.2446271E+03   0.1760792E+03   0.1003399E+03   0.9275806E+02   0.4997292E+02   0.4693830E+02   0.1710875E+04
   0.9470000E+03   0.1099194E+03   0.1261036E+03   0.1163254E+04   0.8045734E+02   0.2446647E+03   0.1760692E+03   0.1003313E+03   0.9275279E+02   0.4997360E+02   0.4693829E+02   0.1710224E+04
   0.9480000E+03   0.1098793E+03   0.1261410E+03   0.1163959E+04   0.8048633E+02   0.2447023E+03   0.1760593E+03   0.1003226E+03   0.9274754E+02   0.4997428E+02   0.4693827E+02   0.1709573E+04
   0.9490000E+03   0.1098390E+03   0.1261785E+03   0.1164663E+04   0.8051529E+02   0.2447400E+03   0.1760493E+03   0.1003140E+03   0.9274226E+02   0.4997496E+02   0.4693826E+02   0.1708927E+04
   0.9500000E+03   0.1097986E+03   0.1262160E+03   0.1165368E+04   0.8054423E+02   0.2447776E+03   0.1760394E+03   0.1003054E+03   0.9273699E+02   0.4997564E+02   0.4693823E+02   0.1708275E+04
   0.9510000E+03   0.1097581E+03   0.1262533E+03   0.1166073E+04   0.8057315E+02   0.2448152E+03   0.1760294E+03   0.1002967E+03   0.9273174E+02   0.4997631E+02   0.4693822E+02   0.1707621E+04
   0.9520000E+03   0.1097174E+03   0.1262905E+03   0.1166778E+04   0.8060206E+02   0.2448528E+03   0.1760194E+03   0.1002881E+03   0.9272647E+02   0.4997698E+02   0.4693821E+02   0.1706968E+04
   0.9530000E+03   0.1096766E+03   0.1263277E+03   0.1167483E+04   0.8063094E+02   0.2448904E+03   0.1760094E+03   0.1002794E+03   0.9272121E+02   0.4997765E+02   0.4693818E+02   0.1706316E+04
   0.9540000E+03   0.1096356E+03   0.1263648E+03   0.1168188E+04   0.8065981E+02   0.2449280E+03   0.1759994E+03   0.1002708E+03   0.9271595E+02   0.4997832E+02   0.4693816E+02   0.1705665E+04
   0.9550000E+03   0.1095946E+03   0.1264021E+03   0.1168894E+04   0.8068866E+02   0.2449657E+03   0.1759894E+03   0.1002622E+03   0.9271069E+02   0.4997899E+02   0.4693815E+02   0.1705021E+04
   0.9560000E+03   0.1095534E+03   0.1264394E+03   0.1169602E+04   0.8071748E+02   0.2450032E+03   0.1759795E+03   0.1002535E+03   0.9270544E+02   0.4997966E+02   0.4693813E+02   0.1704374E+04
   0.9570000E+03   0.1095120E+03   0.1264767E+03   0.1170312E+04   0.8074627E+02   0.2450409E+03   0.1759695E+03   0.1002449E+03   0.9270019E+02   0.4998033E+02   0.4693811E+02   0.1703734E+04
   0.9580000E+03   0.1094706E+03   0.1265137E+03   0.1171022E+04   0.8077505E+02   0.2450784E+03   0.1759595E+03   0.1002363E+03   0.9269492E+02   0.4998099E+02   0.4693810E+02   0.1703048E+04
   0.9590000E+03   0.1094290E+03   0.1265507E+03   0.1171729E+04   0.8080383E+02   0.2451160E+03   0.1759496E+03   0.1002276E+03   0.9268967E+02   0.4998165E+02   0.4693808E+02   0.1702407E+04
   0.9600000E+03   0.1093873E+03   0.1265876E+03   0.1172432E+04   0.8083257E+02   0.2451536E+03   0.1759396E+03   0.1002190E+03   0.9268441E+02   0.4998232E+02   0.4693805E+02   0.1701760E+04
   0.9610000E+03   0.1093454E+03   0.1266245E+03   0.1173134E+04   0.8086128E+02   0.2451912E+03   0.1759296E+03   0.1002104E+03   0.9267915E+02   0.4998298E+02   0.4693803E+02   0.1701108E+04
   0.9620000E+03   0.1093034E+03   0.1266614E+03   0.1173837E+04   0.8088998E+02   0.2452288E+03   0.1759196E+03   0.1002017E+03   0.9267389E+02   0.4998363E+02   0.4693801E+02   0.1700458E+04
   0.9630000E+03   0.1092613E+03   0.1266982E+03   0.1174540E+04   0.8091867E+02   0.2452663E+03   0.1759096E+03   0.1001931E+03   0.9266863E+02   0.4998429E+02   0.4693798E+02   0.1699809E+04
   0.9640000E+03   0.1092191E+03   0.1267351E+03   0.1175244E+04   0.8094733E+02   0.2453039E+03   0.1758996E+03   0.1001844E+03   0.9266336E+02   0.4998494E+02   0.4693795E+02   0.1699164E+04
   0.9650000E+03   0.1091767E+03   0.1267719E+03   0.1175948E+04   0.8097597E+02   0.2453414E+03   0.1758896E+03   0.1001758E+03   0.9265810E+02   0.4998560E+02   0.4693793E+02   0.1698516E+04
   0.9660000E+03   0.1091342E+03   0.1268087E+03   0.1176652E+04   0.8100460E+02   0.2453790E+03   0.1758796E+03   0.1001672E+03   0.9265287E+02   0.4998625E+02   0.4693790E+02   0.1697870E+04
   0.9670000E+03   0.1090916E+03   0.1268457E+03   0.1177364E+04   0.8103320E+02   0.2454166E+03   0.1758696E+03   0.1001586E+03   0.9264763E+02   0.4998690E+02   0.4693787E+02   0.1697243E+04
   0.9680000E+03   0.1090489E+03   0.1268824E+03   0.1178069E+04   0.8106180E+02   0.2454541E+03   0.1758596E+03   0.1001500E+03   0.9264240E+02   0.4998755E+02   0.4693784E+02   0.1696583E+04
   0.9690000E+03   0.1090064E+03   0.1269190E+03   0.1178812E+04   0.8109038E+02   0.2454917E+03   0.1758496E+03   0.1001414E+03   0.9263715E+02   0.4998819E+02   0.4693782E+02   0.1695931E+04
   0.9700000E+03   0.1089638E+03   0.1269558E+03   0.1179513E+04   0.8111893E+02   0.2455293E+03   0.1758396E+03   0.1001327E+03   0.9263192E+02   0.4998884E+02   0.4693779E+02   0.1695285E+04
   0.9710000E+03   0.1089212E+03   0.1269923E+03   0.1180244E+04   0.8114745E+02   0.2455668E+03   0.1758296E+03   0.1001241E+03   0.9262668E+02   0.4998949E+02   0.4693776E+02   0.1694635E+04
   0.9720000E+03   0.1088785E+03   0.1270289E+03   0.1180945E+04   0.8117596E+02   0.2456044E+03   0.1758195E+03   0.1001155E+03   0.9262145E+02   0.4999014E+02   0.4693773E+02   0.1693989E+04
   0.9730000E+03   0.1088357E+03   0.1270654E+03   0.1181655E+04   0.8120447E+02   0.2456419E+03   0.1758095E+03   0.1001069E+03   0.9261622E+02   0.4999078E+02   0.4693769E+02   0.1693345E+04
   0.9740000E+03   0.1087928E+03   0.1271019E+03   0.1182361E+04   0.8123295E+02   0.2456794E+03   0.1757995E+03   0.1000983E+03   0.9261098E+02   0.4999141E+02   0.4693765E+02   0.1692699E+04
   0.9750000E+03   0.1087498E+03   0.1271382E+03   0.1183066E+04   0.8126140E+02   0.2457170E+03   0.1757894E+03   0.1000897E+03   0.9260574E+02   0.4999205E+02   0.4693762E+02   0.1692065E+04
   0.9760000E+03   0.1087068E+03   0.1271746E+03   0.1183783E+04   0.8128983E+02   0.2457545E+03   0.1757794E+03   0.1000811E+03   0.9260050E+02   0.4999269E+02   0.4693760E+02   0.1691425E+04
   0.9770000E+03   0.1086636E+03   0.1272109E+03   0.1184495E+04   0.8131825E+02   0.2457920E+03   0.1757693E+03   0.1000725E+03   0.9259525E+02   0.4999332E+02   0.4693757E+02   0.1690754E+04
   0.9780000E+03   0.1086203E+03   0.1272472E+03   0.1185201E+04   0.8134664E+02   0.2458295E+03   0.1757593E+03   0.1000639E+03   0.9259001E+02   0.4999396E+02   0.4693754E+02   0.1690111E+04
   0.9790000E+03   0.1085769E+03   0.1272835E+03   0.1185911E+04   0.8137502E+02   0.2458670E+03   0.1757493E+03   0.1000553E+03   0.9258477E+02   0.4999459E+02   0.4693750E+02   0.1689488E+04
   0.9800000E+03   0.1085335E+03   0.1273198E+03   0.1186616E+04   0.8140337E+02   0.2459046E+03   0.1757392E+03   0.1000467E+03   0.9257954E+02   0.4999522E+02   0.4693747E+02   0.1688834E+04
   0.9810000E+03   0.1084899E+03   0.1273558E+03   0.1187316E+04   0.8143170E+02   0.2459421E+03   0.1757292E+03   0.1000381E+03   0.9257430E+02   0.4999585E+02   0.4693744E+02   0.1688160E+04
   0.9820000E+03   0.1084462E+03   0.1273919E+03   0.1188017E+04   0.8146003E+02   0.2459796E+03   0.1757192E+03   0.1000295E+03   0.9256906E+02   0.4999648E+02   0.4693741E+02   0.1687521E+04
   0.9830000E+03   0.1084023E+03   0.1274279E+03   0.1188717E+04   0.8148833E+02   0.2460172E+03   0.1757092E+03   0.1000209E+03   0.9256382E+02   0.4999710E+02   0.4693737E+02   0.1686876E+04
   0.9840000E+03   0.1083584E+03   0.1274640E+03   0.1189415E+04   0.8151660E+02   0.2460547E+03   0.1756991E+03   0.1000123E+03   0.9255859E+02   0.4999773E+02   0.4693734E+02   0.1686234E+04
   0.9850000E+03   0.1083144E+03   0.1274998E+03   0.1190113E+04   0.8154486E+02   0.2460922E+03   0.1756891E+03   0.1000037E+03   0.9255336E+02   0.4999836E+02   0.4693731E+02   0.1685575E+04
   0.9860000E+03   0.1082702E+03   0.1275359E+03   0.1190811E+04   0.8157310E+02   0.2461297E+03   0.1756791E+03   0.9999509E+02   0.9254813E+02   0.4999898E+02   0.4693727E+02   0.1684954E+04
   0.9870000E+03   0.1082260E+03   0.1275719E+03   0.1191510E+04   0.8160133E+02   0.2461672E+03   0.1756691E+03   0.9998649E+02   0.9254289E+02   0.4999960E+02   0.4693724E+02   0.1684313E+04
   0.9880000E+03   0.1081816E+03   0.1276078E+03   0.1192207E+04   0.8162952E+02   0.2462047E+03   0.1756590E+03   0.9997790E+02   0.9253767E+02   0.5000022E+02   0.4693721E+02   0.1683671E+04
   0.9890000E+03   0.1081371E+03   0.1276436E+03   0.1192904E+04   0.8165771E+02   0.2462421E+03   0.1756489E+03   0.9996931E+02   0.9253244E+02   0.5000084E+02   0.4693717E+02   0.1683021E+04
   0.9900000E+03   0.1080925E+03   0.1276795E+03   0.1193602E+04   0.8168588E+02   0.2462796E+03   0.1756388E+03   0.9996071E+02   0.9252721E+02   0.5000145E+02   0.4693713E+02   0.1682384E+04
   0.9910000E+03   0.1080478E+03   0.1277153E+03   0.1194298E+04   0.8171404E+02   0.2463171E+03   0.1756288E+03   0.9995212E+02   0.9252199E+02   0.5000207E+02   0.4693709E+02   0.1681740E+04
   0.9920000E+03   0.1080030E+03   0.1277509E+03   0.1194992E+04   0.8174216E+02   0.2463546E+03   0.1756187E+03   0.9994354E+02   0.9251676E+02   0.5000268E+02   0.4693705E+02   0.1681114E+04
   0.9930000E+03   0.1079581E+03   0.1277866E+03   0.1195690E+04   0.8177028E+02   0.2463921E+03   0.1756086E+03   0.9993497E+02   0.9251154E+02   0.5000330E+02   0.4693701E+02   0.1680461E+04
   0.9940000E+03   0.1079130E+03   0.1278221E+03   0.1196383E+04   0.8179837E+02   0.2464295E+03   0.1755985E+03   0.9992639E+02   0.9250632E+02   0.5000391E+02   0.4693697E+02   0.1679822E+04
   0.9950000E+03   0.1078679E+03   0.1278572E+03   0.1197082E+04   0.8182645E+02   0.2464670E+03   0.1755884E+03   0.9991781E+02   0.9250111E+02   0.5000452E+02   0.4693694E+02   0.1679134E+04
   0.9960000E+03   0.1078226E+03   0.1278926E+03   0.1197776E+04   0.8185449E+02   0.2465045E+03   0.1755783E+03   0.9990923E+02   0.9249590E+02   0.5000512E+02   0.4693689E+02   0.1678501E+04
   0.9970000E+03   0.1077773E+03   0.1279278E+03   0.1198472E+04   0.8188254E+02   0.2465420E+03   0.1755682E+03   0.9990065E+02   0.9249068E+02   0.5000572E+02   0.4693684E+02   0.1677855E+04
   0.9980000E+03   0.1077318E+03   0.1279630E+03   0.1199168E+04   0.8191055E+02   0.2465794E+03   0.1755582E+03   0.9989209E+02   0.9248547E+02   0.5000632E+02   0.4693679E+02   0.1677211E+04
   0.9990000E+03   0.1076862E+03   0.1279981E+03   0.1199862E+04   0.8193855E+02   0.2466168E+03   0.1755480E+03   0.9988353E+02   0.9248026E+02   0.5000692E+02   0.4693675E+02   0.1676565E+04
   0.1000000E+04   0.1076406E+03   0.1280330E+03   0.1200558E+04   0.8196654E+02   0.2466543E+03   0.1755380E+03   0.9987496E+02   0.9247506E+02   0.5000751E+02   0.4693671E+02   0.1675924E+04
   0.1001000E+04   0.1075948E+03   0.1280681E+03   0.1201254E+04   0.8199451E+02   0.2466917E+03   0.1755279E+03   0.9986639E+02   0.9246984E+02   0.5000811E+02   0.4693667E+02   0.1675279E+04
   0.1002000E+04   0.1075489E+03   0.1281030E+03   0.1201951E+04   0.8202246E+02   0.2467292E+03   0.1755178E+03   0.9985783E+02   0.9246464E+02   0.5000871E+02   0.4693663E+02   0.1674636E+04
   0.1003000E+04   0.1075029E+03   0.1281382E+03   0.1202647E+04   0.8205039E+02   0.2467666E+03   0.1755077E+03   0.9984926E+02   0.9245943E+02   0.5000930E+02   0.4693659E+02   0.1674003E+04
   0.1004000E+04   0.1074568E+03   0.1281731E+03   0.1203344E+04   0.8207829E+02   0.2468041E+03   0.1754976E+03   0.9984068E+02   0.9245422E+02   0.5000990E+02   0.4693655E+02   0.1673354E+04
   0.1005000E+04   0.1074106E+03   0.1282080E+03   0.1204041E+04   0.8210618E+02   0.2468415E+03   0.1754874E+03   0.9983212E+02   0.9244900E+02   0.5001050E+02   0.4693650E+02   0.1672713E+04
   0.1006000E+04   0.1073643E+03   0.1282427E+03   0.1204737E+04   0.8213406E+02   0.2468789E+03   0.1754773E+03   0.9982355E+02   0.9244378E+02   0.5001108E+02   0.4693645E+02   0.1672065E+04
   0.1007000E+04   0.1073180E+03   0.1282772E+03   0.1205434E+04   0.8216192E+02   0.2469163E+03   0.1754672E+03   0.9981499E+02   0.9243858E+02   0.5001167E+02   0.4693641E+02   0.1671415E+04
   0.1008000E+04   0.1072715E+03   0.1283117E+03   0.1206131E+04   0.8218976E+02   0.2469538E+03   0.1754571E+03   0.9980643E+02   0.9243336E+02   0.5001226E+02   0.4693635E+02   0.1670773E+04
   0.1009000E+04   0.1072249E+03   0.1283461E+03   0.1206829E+04   0.8221758E+02   0.2469912E+03   0.1754470E+03   0.9979786E+02   0.9242815E+02   0.5001284E+02   0.4693630E+02   0.1670129E+04
   0.1010000E+04   0.1071782E+03   0.1283805E+03   0.1207526E+04   0.8224538E+02   0.2470286E+03   0.1754369E+03   0.9978929E+02   0.9242295E+02   0.5001343E+02   0.4693625E+02   0.1669493E+04
   0.1011000E+04   0.1071314E+03   0.1284148E+03   0.1208224E+04   0.8227317E+02   0.2470660E+03   0.1754267E+03   0.9978072E+02   0.9241776E+02   0.5001401E+02   0.4693620E+02   0.1668854E+04
   0.1012000E+04   0.1070845E+03   0.1284491E+03   0.1208920E+04   0.8230094E+02   0.2471034E+03   0.1754166E+03   0.9977216E+02   0.9241256E+02   0.5001459E+02   0.4693615E+02   0.1668205E+04
   0.1013000E+04   0.1070376E+03   0.1284834E+03   0.1209618E+04   0.8232870E+02   0.2471408E+03   0.1754065E+03   0.9976359E+02   0.9240736E+02   0.5001517E+02   0.4693611E+02   0.1667561E+04
   0.1014000E+04   0.1069905E+03   0.1285180E+03   0.1210317E+04   0.8235644E+02   0.2471782E+03   0.1753963E+03   0.9975502E+02   0.9240216E+02   0.5001574E+02   0.4693606E+02   0.1666918E+04
   0.1015000E+04   0.1069433E+03   0.1285528E+03   0.1211016E+04   0.8238416E+02   0.2472156E+03   0.1753862E+03   0.9974645E+02   0.9239697E+02   0.5001632E+02   0.4693600E+02   0.1666277E+04
   0.1016000E+04   0.1068961E+03   0.1285874E+03   0.1211714E+04   0.8241186E+02   0.2472529E+03   0.1753761E+03   0.9973789E+02   0.9239176E+02   0.5001689E+02   0.4693595E+02   0.1665645E+04
   0.1017000E+04   0.1068488E+03   0.1286221E+03   0.1212413E+04   0.8243955E+02   0.2472903E+03   0.1753659E+03   0.9972934E+02   0.9238656E+02   0.5001747E+02   0.4693590E+02   0.1664996E+04
   0.1018000E+04   0.1068013E+03   0.1286566E+03   0.1213112E+04   0.8246721E+02   0.2473277E+03   0.1753557E+03   0.9972079E+02   0.9238136E+02   0.5001804E+02   0.4693585E+02   0.1664354E+04
   0.1019000E+04   0.1067538E+03   0.1286913E+03   0.1213809E+04   0.8249487E+02   0.2473651E+03   0.1753456E+03   0.9971224E+02   0.9237616E+02   0.5001862E+02   0.4693579E+02   0.1663732E+04
   0.1020000E+04   0.1067066E+03   0.1287263E+03   0.1214504E+04   0.8252251E+02   0.2474025E+03   0.1753354E+03   0.9970370E+02   0.9237095E+02   0.5001918E+02   0.4693575E+02   0.1663097E+04
   0.1021000E+04   0.1066599E+03   0.1287616E+03   0.1215197E+04   0.8255013E+02   0.2474399E+03   0.1753253E+03   0.9969516E+02   0.9236575E+02   0.5001975E+02   0.4693570E+02   0.1662456E+04
   0.1022000E+04   0.1066134E+03   0.1287973E+03   0.1215885E+04   0.8257774E+02   0.2474773E+03   0.1753152E+03   0.9968659E+02   0.9236054E+02   0.5002032E+02   0.4693563E+02   0.1661838E+04
   0.1023000E+04   0.1065671E+03   0.1288330E+03   0.1216575E+04   0.8260532E+02   0.2475147E+03   0.1753050E+03   0.9967802E+02   0.9235535E+02   0.5002088E+02   0.4693558E+02   0.1661210E+04
   0.1024000E+04   0.1065206E+03   0.1288680E+03   0.1217266E+04   0.8263287E+02   0.2475520E+03   0.1752949E+03   0.9966946E+02   0.9235014E+02   0.5002145E+02   0.4693553E+02   0.1660553E+04
   0.1025000E+04   0.1064741E+03   0.1289028E+03   0.1217956E+04   0.8266042E+02   0.2475894E+03   0.1752847E+03   0.9966091E+02   0.9234495E+02   0.5002201E+02   0.4693547E+02   0.1659912E+04
   0.1026000E+04   0.1064275E+03   0.1289375E+03   0.1218646E+04   0.8268795E+02   0.2476267E+03   0.1752746E+03   0.9965235E+02   0.9233977E+02   0.5002258E+02   0.4693542E+02   0.1659271E+04
   0.1027000E+04   0.1063809E+03   0.1289719E+03   0.1219337E+04   0.8271547E+02   0.2476640E+03   0.1752644E+03   0.9964381E+02   0.9233458E+02   0.5002314E+02   0.4693537E+02   0.1658628E+04
   0.1028000E+04   0.1063341E+03   0.1290063E+03   0.1220028E+04   0.8274296E+02   0.2477014E+03   0.1752543E+03   0.9963527E+02   0.9232938E+02   0.5002369E+02   0.4693530E+02   0.1657987E+04
   0.1029000E+04   0.1062873E+03   0.1290405E+03   0.1220719E+04   0.8277042E+02   0.2477387E+03   0.1752442E+03   0.9962672E+02   0.9232419E+02   0.5002425E+02   0.4693525E+02   0.1657353E+04
   0.1030000E+04   0.1062404E+03   0.1290747E+03   0.1221411E+04   0.8279789E+02   0.2477760E+03   0.1752340E+03   0.9961818E+02   0.9231901E+02   0.5002481E+02   0.4693520E+02   0.1656715E+04
   0.1031000E+04   0.1061934E+03   0.1291088E+03   0.1222103E+04   0.8282533E+02   0.2478134E+03   0.1752238E+03   0.9960965E+02   0.9231381E+02   0.5002536E+02   0.4693514E+02   0.1656076E+04
   0.1032000E+04   0.1061464E+03   0.1291428E+03   0.1222795E+04   0.8285276E+02   0.2478508E+03   0.1752137E+03   0.9960114E+02   0.9230863E+02   0.5002592E+02   0.4693508E+02   0.1655437E+04
   0.1033000E+04   0.1060992E+03   0.1291767E+03   0.1223486E+04   0.8288017E+02   0.2478881E+03   0.1752035E+03   0.9959259E+02   0.9230347E+02   0.5002647E+02   0.4693502E+02   0.1654799E+04
   0.1034000E+04   0.1060520E+03   0.1292106E+03   0.1224177E+04   0.8290757E+02   0.2479254E+03   0.1751933E+03   0.9958405E+02   0.9229829E+02   0.5002702E+02   0.4693497E+02   0.1654146E+04
   0.1035000E+04   0.1060046E+03   0.1292445E+03   0.1224870E+04   0.8293496E+02   0.2479628E+03   0.1751832E+03   0.9957551E+02   0.9229312E+02   0.5002757E+02   0.4693491E+02   0.1653505E+04
   0.1036000E+04   0.1059572E+03   0.1292783E+03   0.1225561E+04   0.8296232E+02   0.2480001E+03   0.1751730E+03   0.9956697E+02   0.9228795E+02   0.5002812E+02   0.4693484E+02   0.1652867E+04
   0.1037000E+04   0.1059097E+03   0.1293120E+03   0.1226252E+04   0.8298966E+02   0.2480374E+03   0.1751628E+03   0.9955843E+02   0.9228278E+02   0.5002867E+02   0.4693477E+02   0.1652228E+04
   0.1038000E+04   0.1058621E+03   0.1293457E+03   0.1226944E+04   0.8301699E+02   0.2480747E+03   0.1751527E+03   0.9954989E+02   0.9227760E+02   0.5002921E+02   0.4693471E+02   0.1651604E+04
   0.1039000E+04   0.1058144E+03   0.1293796E+03   0.1227635E+04   0.8304430E+02   0.2481120E+03   0.1751425E+03   0.9954137E+02   0.9227243E+02   0.5002975E+02   0.4693464E+02   0.1650974E+04
   0.1040000E+04   0.1057667E+03   0.1294132E+03   0.1228325E+04   0.8307159E+02   0.2481493E+03   0.1751322E+03   0.9953284E+02   0.9226726E+02   0.5003029E+02   0.4693459E+02   0.1650325E+04
   0.1041000E+04   0.1057190E+03   0.1294467E+03   0.1229013E+04   0.8309887E+02   0.2481867E+03   0.1751220E+03   0.9952432E+02   0.9226209E+02   0.5003084E+02   0.4693452E+02   0.1649687E+04
   0.1042000E+04   0.1056713E+03   0.1294803E+03   0.1229701E+04   0.8312614E+02   0.2482240E+03   0.1751119E+03   0.9951579E+02   0.9225692E+02   0.5003138E+02   0.4693445E+02   0.1649050E+04
   0.1043000E+04   0.1056234E+03   0.1295138E+03   0.1230387E+04   0.8315339E+02   0.2482613E+03   0.1751017E+03   0.9950725E+02   0.9225175E+02   0.5003192E+02   0.4693438E+02   0.1648413E+04
   0.1044000E+04   0.1055755E+03   0.1295472E+03   0.1231072E+04   0.8318063E+02   0.2482986E+03   0.1750915E+03   0.9949873E+02   0.9224657E+02   0.5003246E+02   0.4693431E+02   0.1647776E+04
   0.1045000E+04   0.1055275E+03   0.1295806E+03   0.1231756E+04   0.8320784E+02   0.2483358E+03   0.1750813E+03   0.9949021E+02   0.9224139E+02   0.5003300E+02   0.4693424E+02   0.1647140E+04
   0.1046000E+04   0.1054794E+03   0.1296139E+03   0.1232439E+04   0.8323504E+02   0.2483731E+03   0.1750711E+03   0.9948168E+02   0.9223622E+02   0.5003353E+02   0.4693417E+02   0.1646503E+04
   0.1047000E+04   0.1054313E+03   0.1296472E+03   0.1233122E+04   0.8326222E+02   0.2484104E+03   0.1750609E+03   0.9947316E+02   0.9223103E+02   0.5003405E+02   0.4693411E+02   0.1645867E+04
   0.1048000E+04   0.1053831E+03   0.1296804E+03   0.1233802E+04   0.8328940E+02   0.2484477E+03   0.1750507E+03   0.9946462E+02   0.9222585E+02   0.5003458E+02   0.4693404E+02   0.1645232E+04
   0.1049000E+04   0.1053347E+03   0.1297135E+03   0.1234489E+04   0.8331654E+02   0.2484850E+03   0.1750405E+03   0.9945611E+02   0.9222066E+02   0.5003511E+02   0.4693397E+02   0.1644597E+04
   0.1050000E+04   0.1052863E+03   0.1297466E+03   0.1235170E+04   0.8334368E+02   0.2485223E+03   0.1750303E+03   0.9944759E+02   0.9221549E+02   0.5003564E+02   0.4693391E+02   0.1643962E+04
   0.1051000E+04   0.1052378E+03   0.1297797E+03   0.1235850E+04   0.8337081E+02   0.2485595E+03   0.1750201E+03   0.9943909E+02   0.9221032E+02   0.5003617E+02   0.4693384E+02   0.1643328E+04
   0.1052000E+04   0.1051892E+03   0.1298127E+03   0.1236530E+04   0.8339792E+02   0.2485968E+03   0.1750098E+03   0.9943059E+02   0.9220515E+02   0.5003670E+02   0.4693378E+02   0.1642692E+04
   0.1053000E+04   0.1051406E+03   0.1298456E+03   0.1237210E+04   0.8342501E+02   0.2486340E+03   0.1749996E+03   0.9942208E+02   0.9219997E+02   0.5003723E+02   0.4693370E+02   0.1642057E+04
   0.1054000E+04   0.1050918E+03   0.1298785E+03   0.1237891E+04   0.8345209E+02   0.2486713E+03   0.1749894E+03   0.9941357E+02   0.9219480E+02   0.5003775E+02   0.4693363E+02   0.1641422E+04
   0.1055000E+04   0.1050430E+03   0.1299114E+03   0.1238572E+04   0.8347914E+02   0.2487085E+03   0.1749792E+03   0.9940505E+02   0.9218964E+02   0.5003827E+02   0.4693357E+02   0.1640788E+04
   0.1056000E+04   0.1049941E+03   0.1299442E+03   0.1239252E+04   0.8350619E+02   0.2487458E+03   0.1749690E+03   0.9939654E+02   0.9218449E+02   0.5003878E+02   0.4693349E+02   0.1640154E+04
   0.1057000E+04   0.1049452E+03   0.1299770E+03   0.1239934E+04   0.8353323E+02   0.2487830E+03   0.1749588E+03   0.9938802E+02   0.9217934E+02   0.5003930E+02   0.4693342E+02   0.1639520E+04
   0.1058000E+04   0.1048961E+03   0.1300097E+03   0.1240615E+04   0.8356025E+02   0.2488203E+03   0.1749485E+03   0.9937951E+02   0.9217419E+02   0.5003982E+02   0.4693335E+02   0.1638887E+04
   0.1059000E+04   0.1048470E+03   0.1300423E+03   0.1241297E+04   0.8358725E+02   0.2488575E+03   0.1749383E+03   0.9937099E+02   0.9216904E+02   0.5004034E+02   0.4693327E+02   0.1638253E+04
   0.1060000E+04   0.1047978E+03   0.1300750E+03   0.1241980E+04   0.8361425E+02   0.2488947E+03   0.1749281E+03   0.9936250E+02   0.9216389E+02   0.5004085E+02   0.4693320E+02   0.1637620E+04
   0.1061000E+04   0.1047485E+03   0.1301075E+03   0.1242662E+04   0.8364123E+02   0.2489320E+03   0.1749178E+03   0.9935399E+02   0.9215873E+02   0.5004136E+02   0.4693314E+02   0.1636987E+04
   0.1062000E+04   0.1046991E+03   0.1301401E+03   0.1243345E+04   0.8366820E+02   0.2489692E+03   0.1749076E+03   0.9934548E+02   0.9215358E+02   0.5004187E+02   0.4693306E+02   0.1636354E+04
   0.1063000E+04   0.1046497E+03   0.1301725E+03   0.1244028E+04   0.8369514E+02   0.2490064E+03   0.1748974E+03   0.9933699E+02   0.9214843E+02   0.5004238E+02   0.4693299E+02   0.1635721E+04
   0.1064000E+04   0.1046002E+03   0.1302050E+03   0.1244710E+04   0.8372207E+02   0.2490436E+03   0.1748871E+03   0.9932848E+02   0.9214327E+02   0.5004289E+02   0.4693291E+02   0.1635089E+04
   0.1065000E+04   0.1045506E+03   0.1302374E+03   0.1245394E+04   0.8374899E+02   0.2490808E+03   0.1748769E+03   0.9931999E+02   0.9213812E+02   0.5004340E+02   0.4693283E+02   0.1634456E+04
   0.1066000E+04   0.1045010E+03   0.1302697E+03   0.1246077E+04   0.8377589E+02   0.2491180E+03   0.1748667E+03   0.9931151E+02   0.9213296E+02   0.5004390E+02   0.4693276E+02   0.1633825E+04
   0.1067000E+04   0.1044512E+03   0.1303020E+03   0.1246760E+04   0.8380276E+02   0.2491552E+03   0.1748564E+03   0.9930303E+02   0.9212781E+02   0.5004441E+02   0.4693268E+02   0.1633193E+04
   0.1068000E+04   0.1044014E+03   0.1303343E+03   0.1247444E+04   0.8382963E+02   0.2491924E+03   0.1748462E+03   0.9929455E+02   0.9212266E+02   0.5004493E+02   0.4693261E+02   0.1632561E+04
   0.1069000E+04   0.1043516E+03   0.1303665E+03   0.1248127E+04   0.8385648E+02   0.2492296E+03   0.1748360E+03   0.9928606E+02   0.9211751E+02   0.5004543E+02   0.4693253E+02   0.1631929E+04
   0.1070000E+04   0.1043016E+03   0.1303987E+03   0.1248811E+04   0.8388333E+02   0.2492668E+03   0.1748257E+03   0.9927756E+02   0.9211236E+02   0.5004593E+02   0.4693245E+02   0.1631299E+04
   0.1071000E+04   0.1042516E+03   0.1304308E+03   0.1249494E+04   0.8391016E+02   0.2493040E+03   0.1748155E+03   0.9926909E+02   0.9210720E+02   0.5004643E+02   0.4693237E+02   0.1630668E+04
   0.1072000E+04   0.1042015E+03   0.1304629E+03   0.1250177E+04   0.8393697E+02   0.2493412E+03   0.1748052E+03   0.9926060E+02   0.9210205E+02   0.5004693E+02   0.4693230E+02   0.1630038E+04
   0.1073000E+04   0.1041513E+03   0.1304949E+03   0.1250859E+04   0.8396375E+02   0.2493784E+03   0.1747949E+03   0.9925212E+02   0.9209690E+02   0.5004743E+02   0.4693222E+02   0.1629410E+04
   0.1074000E+04   0.1041011E+03   0.1305270E+03   0.1251542E+04   0.8399052E+02   0.2494155E+03   0.1747847E+03   0.9924363E+02   0.9209175E+02   0.5004792E+02   0.4693214E+02   0.1628780E+04
   0.1075000E+04   0.1040508E+03   0.1305590E+03   0.1252224E+04   0.8401728E+02   0.2494527E+03   0.1747744E+03   0.9923515E+02   0.9208659E+02   0.5004841E+02   0.4693207E+02   0.1628166E+04
   0.1076000E+04   0.1040004E+03   0.1305909E+03   0.1252908E+04   0.8404403E+02   0.2494899E+03   0.1747642E+03   0.9922666E+02   0.9208144E+02   0.5004890E+02   0.4693199E+02   0.1627538E+04
   0.1077000E+04   0.1039500E+03   0.1306228E+03   0.1253590E+04   0.8407076E+02   0.2495271E+03   0.1747539E+03   0.9921817E+02   0.9207628E+02   0.5004939E+02   0.4693191E+02   0.1626909E+04
   0.1078000E+04   0.1038995E+03   0.1306546E+03   0.1254272E+04   0.8409749E+02   0.2495642E+03   0.1747436E+03   0.9920970E+02   0.9207112E+02   0.5004988E+02   0.4693183E+02   0.1626280E+04
   0.1079000E+04   0.1038489E+03   0.1306865E+03   0.1254954E+04   0.8412419E+02   0.2496014E+03   0.1747333E+03   0.9920123E+02   0.9206597E+02   0.5005037E+02   0.4693175E+02   0.1625654E+04
   0.1080000E+04   0.1037983E+03   0.1307182E+03   0.1255636E+04   0.8415088E+02   0.2496386E+03   0.1747231E+03   0.9919273E+02   0.9206084E+02   0.5005086E+02   0.4693166E+02   0.1625020E+04
   0.1081000E+04   0.1037476E+03   0.1307499E+03   0.1256318E+04   0.8417754E+02   0.2496757E+03   0.1747128E+03   0.9918425E+02   0.9205571E+02   0.5005134E+02   0.4693158E+02   0.1624392E+04
   0.1082000E+04   0.1036968E+03   0.1307816E+03   0.1257000E+04   0.8420420E+02   0.2497129E+03   0.1747025E+03   0.9917577E+02   0.9205058E+02   0.5005182E+02   0.4693149E+02   0.1623778E+04
   0.1083000E+04   0.1036459E+03   0.1308131E+03   0.1257682E+04   0.8423086E+02   0.2497500E+03   0.1746923E+03   0.9916730E+02   0.9204545E+02   0.5005230E+02   0.4693140E+02   0.1623150E+04
   0.1084000E+04   0.1035950E+03   0.1308447E+03   0.1258365E+04   0.8425748E+02   0.2497872E+03   0.1746820E+03   0.9915881E+02   0.9204033E+02   0.5005279E+02   0.4693132E+02   0.1622522E+04
   0.1085000E+04   0.1035440E+03   0.1308762E+03   0.1259048E+04   0.8428410E+02   0.2498243E+03   0.1746717E+03   0.9915035E+02   0.9203522E+02   0.5005326E+02   0.4693124E+02   0.1621894E+04
   0.1086000E+04   0.1034930E+03   0.1309077E+03   0.1259732E+04   0.8431071E+02   0.2498615E+03   0.1746614E+03   0.9914188E+02   0.9203010E+02   0.5005375E+02   0.4693115E+02   0.1621266E+04
   0.1087000E+04   0.1034419E+03   0.1309391E+03   0.1260414E+04   0.8433731E+02   0.2498986E+03   0.1746512E+03   0.9913343E+02   0.9202498E+02   0.5005423E+02   0.4693107E+02   0.1620639E+04
   0.1088000E+04   0.1033907E+03   0.1309705E+03   0.1261097E+04   0.8436390E+02   0.2499357E+03   0.1746409E+03   0.9912497E+02   0.9201986E+02   0.5005471E+02   0.4693098E+02   0.1620013E+04
   0.1089000E+04   0.1033395E+03   0.1310018E+03   0.1261779E+04   0.8439046E+02   0.2499728E+03   0.1746306E+03   0.9911651E+02   0.9201474E+02   0.5005519E+02   0.4693090E+02   0.1619386E+04
   0.1090000E+04   0.1032882E+03   0.1310331E+03   0.1262462E+04   0.8441701E+02   0.2500099E+03   0.1746204E+03   0.9910805E+02   0.9200962E+02   0.5005566E+02   0.4693081E+02   0.1618756E+04
   0.1091000E+04   0.1032368E+03   0.1310644E+03   0.1263146E+04   0.8444354E+02   0.2500470E+03   0.1746101E+03   0.9909959E+02   0.9200450E+02   0.5005614E+02   0.4693073E+02   0.1618130E+04
   0.1092000E+04   0.1031854E+03   0.1310956E+03   0.1263830E+04   0.8447007E+02   0.2500841E+03   0.1745999E+03   0.9909113E+02   0.9199938E+02   0.5005661E+02   0.4693064E+02   0.1617503E+04
   0.1093000E+04   0.1031340E+03   0.1311267E+03   0.1264514E+04   0.8449659E+02   0.2501213E+03   0.1745896E+03   0.9908266E+02   0.9199426E+02   0.5005707E+02   0.4693055E+02   0.1616877E+04
   0.1094000E+04   0.1030824E+03   0.1311579E+03   0.1265198E+04   0.8452309E+02   0.2501584E+03   0.1745793E+03   0.9907420E+02   0.9198914E+02   0.5005754E+02   0.4693046E+02   0.1616255E+04
   0.1095000E+04   0.1030308E+03   0.1311890E+03   0.1265881E+04   0.8454957E+02   0.2501955E+03   0.1745690E+03   0.9906574E+02   0.9198402E+02   0.5005800E+02   0.4693037E+02   0.1615630E+04
   0.1096000E+04   0.1029792E+03   0.1312200E+03   0.1266572E+04   0.8457604E+02   0.2502326E+03   0.1745587E+03   0.9905728E+02   0.9197890E+02   0.5005847E+02   0.4693029E+02   0.1615005E+04
