  STEP   TOTAL TIME             LOCATION OF OBSERVATION POINTS (I,J,K)
   43   45    1   50   46    1   58   41    1   68   36    1   70   46    1   75   29    1   78   43    1   78   44    1   83   41    1   84   43    1  101   33    1
   0.1000000E+01   0.1363749E+03   0.8787781E+02  -0.9990000E+03   0.2452352E+04   0.1682921E+03  -0.9990000E+03   0.4408733E+02   0.4258742E+02   0.5120392E+02   0.5015126E+02   0.5820237E+03
   0.2000000E+01   0.1363495E+03   0.8796549E+02  -0.9990000E+03   0.4457300E+04   0.1711205E+03  -0.9990000E+03   0.4408467E+02   0.4258484E+02   0.5120774E+02   0.5015241E+02   0.6480609E+03
   0.3000000E+01   0.1363238E+03   0.8805316E+02  -0.9990000E+03   0.5173832E+04   0.1766870E+03  -0.9990000E+03   0.4408201E+02   0.4258226E+02   0.5121155E+02   0.5015356E+02   0.6814259E+03
   0.4000000E+01   0.1362978E+03   0.8814082E+02  -0.9990000E+03   0.5335987E+04   0.1804537E+03  -0.9990000E+03   0.4407935E+02   0.4257969E+02   0.5121535E+02   0.5015471E+02   0.7017881E+03
   0.5000000E+01   0.1362715E+03   0.8822845E+02  -0.9990000E+03   0.5373100E+04   0.1854660E+03  -0.9990000E+03   0.4407669E+02   0.4257711E+02   0.5121915E+02   0.5015585E+02   0.7176168E+03
   0.6000000E+01   0.1362450E+03   0.8831607E+02  -0.9990000E+03   0.5384169E+04   0.1896112E+03  -0.9990000E+03   0.4407403E+02   0.4257453E+02   0.5122294E+02   0.5015699E+02   0.7310934E+03
   0.7000000E+01   0.1362182E+03   0.8840365E+02  -0.9990000E+03   0.5391893E+04   0.1943622E+03  -0.9990000E+03   0.4407137E+02   0.4257196E+02   0.5122672E+02   0.5015812E+02   0.7428916E+03
   0.8000000E+01   0.1361911E+03   0.8849122E+02  -0.9990000E+03   0.5398005E+04   0.1986864E+03  -0.9990000E+03   0.4406871E+02   0.4256939E+02   0.5123048E+02   0.5015926E+02   0.7534583E+03
   0.9000000E+01   0.1361637E+03   0.8857877E+02  -0.9990000E+03   0.5404522E+04   0.2033087E+03  -0.9990000E+03   0.4406606E+02   0.4256682E+02   0.5123425E+02   0.5016038E+02   0.7630548E+03
   0.1000000E+02   0.1361360E+03   0.8866630E+02  -0.9990000E+03   0.5410617E+04   0.2077192E+03  -0.9990000E+03   0.4406340E+02   0.4256425E+02   0.5123801E+02   0.5016151E+02   0.7718928E+03
   0.1100000E+02   0.1361082E+03   0.8875381E+02  -0.9990000E+03   0.5416975E+04   0.2122767E+03  -0.9990000E+03   0.4406075E+02   0.4256168E+02   0.5124176E+02   0.5016263E+02   0.7801226E+03
   0.1200000E+02   0.1360800E+03   0.8884130E+02  -0.9990000E+03   0.5423134E+04   0.2167287E+03  -0.9990000E+03   0.4405809E+02   0.4255911E+02   0.5124550E+02   0.5016375E+02   0.7878336E+03
   0.1300000E+02   0.1360516E+03   0.8892877E+02  -0.9990000E+03   0.5429422E+04   0.2212526E+03  -0.9990000E+03   0.4405544E+02   0.4255655E+02   0.5124924E+02   0.5016486E+02   0.7950815E+03
   0.1400000E+02   0.1360228E+03   0.8901621E+02  -0.9990000E+03   0.5435611E+04   0.2257239E+03  -0.9990000E+03   0.4405277E+02   0.4255397E+02   0.5125297E+02   0.5016596E+02   0.8019551E+03
   0.1500000E+02   0.1359939E+03   0.8910362E+02  -0.9990000E+03   0.5441861E+04   0.2302301E+03  -0.9990000E+03   0.4405013E+02   0.4255141E+02   0.5125669E+02   0.5016706E+02   0.8084974E+03
   0.1600000E+02   0.1359646E+03   0.8919102E+02  -0.9990000E+03   0.5448058E+04   0.2347095E+03  -0.9990000E+03   0.4404747E+02   0.4254884E+02   0.5126041E+02   0.5016816E+02   0.8147549E+03
   0.1700000E+02   0.1359352E+03   0.8927839E+02  -0.9990000E+03   0.5454282E+04   0.2392060E+03  -0.9990000E+03   0.4404481E+02   0.4254627E+02   0.5126412E+02   0.5016925E+02   0.8207551E+03
   0.1800000E+02   0.1359054E+03   0.8936573E+02  -0.9990000E+03   0.5460479E+04   0.2436878E+03  -0.9990000E+03   0.4404216E+02   0.4254370E+02   0.5126782E+02   0.5017035E+02   0.8265347E+03
   0.1900000E+02   0.1358754E+03   0.8945304E+02  -0.9990000E+03   0.5466686E+04   0.2481781E+03  -0.9990000E+03   0.4403951E+02   0.4254113E+02   0.5127150E+02   0.5017143E+02   0.8320233E+03
   0.2000000E+02   0.1358452E+03   0.8954033E+02  -0.9990000E+03   0.5472875E+04   0.2526600E+03  -0.9990000E+03   0.4403685E+02   0.4253856E+02   0.5127518E+02   0.5017251E+02   0.8373356E+03
   0.2100000E+02   0.1358146E+03   0.8962759E+02  -0.9990000E+03   0.5479068E+04   0.2571459E+03  -0.9990000E+03   0.4403421E+02   0.4253600E+02   0.5127885E+02   0.5017359E+02   0.8424857E+03
   0.2200000E+02   0.1357839E+03   0.8971484E+02  -0.9990000E+03   0.5485248E+04   0.2616267E+03  -0.9990000E+03   0.4403155E+02   0.4253343E+02   0.5128251E+02   0.5017467E+02   0.8473789E+03
   0.2300000E+02   0.1357528E+03   0.8980205E+02  -0.9990000E+03   0.5491428E+04   0.2661092E+03  -0.9990000E+03   0.4402890E+02   0.4253086E+02   0.5128617E+02   0.5017574E+02   0.8521941E+03
   0.2400000E+02   0.1357215E+03   0.8988923E+02  -0.9990000E+03   0.5497600E+04   0.2705883E+03  -0.9990000E+03   0.4402625E+02   0.4252830E+02   0.5128982E+02   0.5017680E+02   0.8567762E+03
   0.2500000E+02   0.1356899E+03   0.8997639E+02  -0.9990000E+03   0.5503768E+04   0.2750676E+03  -0.9990000E+03   0.4402359E+02   0.4252574E+02   0.5129346E+02   0.5017786E+02   0.8612912E+03
   0.2600000E+02   0.1356581E+03   0.9006352E+02  -0.9990000E+03   0.5509929E+04   0.2795447E+03  -0.9990000E+03   0.4402094E+02   0.4252318E+02   0.5129709E+02   0.5017893E+02   0.8655938E+03
   0.2700000E+02   0.1356260E+03   0.9015061E+02  -0.9990000E+03   0.5516084E+04   0.2840212E+03  -0.9990000E+03   0.4401829E+02   0.4252062E+02   0.5130071E+02   0.5017999E+02   0.8698193E+03
   0.2800000E+02   0.1355938E+03   0.9023769E+02  -0.9990000E+03   0.5522234E+04   0.2884959E+03  -0.9990000E+03   0.4401564E+02   0.4251805E+02   0.5130431E+02   0.5018104E+02   0.8739321E+03
   0.2900000E+02   0.1355612E+03   0.9032475E+02  -0.9990000E+03   0.5528380E+04   0.2929699E+03  -0.9990000E+03   0.4401298E+02   0.4251549E+02   0.5130791E+02   0.5018209E+02   0.8778920E+03
   0.3000000E+02   0.1355284E+03   0.9041176E+02  -0.9990000E+03   0.5534518E+04   0.2974423E+03  -0.9990000E+03   0.4401033E+02   0.4251294E+02   0.5131152E+02   0.5018315E+02   0.8817953E+03
   0.3100000E+02   0.1354953E+03   0.9049873E+02  -0.9990000E+03   0.5540652E+04   0.3019136E+03  -0.9990000E+03   0.4400767E+02   0.4251038E+02   0.5131510E+02   0.5018420E+02   0.8855281E+03
   0.3200000E+02   0.1354619E+03   0.9058569E+02  -0.9990000E+03   0.5546780E+04   0.3063837E+03  -0.9990000E+03   0.4400501E+02   0.4250782E+02   0.5131868E+02   0.5018524E+02   0.8892576E+03
   0.3300000E+02   0.1354284E+03   0.9067261E+02  -0.9990000E+03   0.5552904E+04   0.3108525E+03  -0.9990000E+03   0.4400235E+02   0.4250526E+02   0.5132226E+02   0.5018628E+02   0.8928248E+03
   0.3400000E+02   0.1353946E+03   0.9075950E+02  -0.9990000E+03   0.5559022E+04   0.3153201E+03  -0.9990000E+03   0.4399970E+02   0.4250271E+02   0.5132582E+02   0.5018731E+02   0.8964415E+03
   0.3500000E+02   0.1353605E+03   0.9084637E+02  -0.9990000E+03   0.5565134E+04   0.3197866E+03  -0.9990000E+03   0.4399704E+02   0.4250016E+02   0.5132938E+02   0.5018834E+02   0.8998787E+03
   0.3600000E+02   0.1353262E+03   0.9093320E+02  -0.9990000E+03   0.5571242E+04   0.3242517E+03  -0.9990000E+03   0.4399439E+02   0.4249760E+02   0.5133293E+02   0.5018937E+02   0.9033777E+03
   0.3700000E+02   0.1352916E+03   0.9102000E+02  -0.9990000E+03   0.5577344E+04   0.3287156E+03  -0.9990000E+03   0.4399174E+02   0.4249505E+02   0.5133648E+02   0.5019038E+02   0.9066984E+03
   0.3800000E+02   0.1352568E+03   0.9110677E+02  -0.9990000E+03   0.5583439E+04   0.3331784E+03  -0.9990000E+03   0.4398909E+02   0.4249249E+02   0.5134002E+02   0.5019140E+02   0.9100781E+03
   0.3900000E+02   0.1352218E+03   0.9119350E+02  -0.9990000E+03   0.5589529E+04   0.3376399E+03  -0.9990000E+03   0.4398643E+02   0.4248993E+02   0.5134354E+02   0.5019242E+02   0.9132810E+03
   0.4000000E+02   0.1351865E+03   0.9128021E+02  -0.9990000E+03   0.5595615E+04   0.3421000E+03  -0.9990000E+03   0.4398377E+02   0.4248738E+02   0.5134706E+02   0.5019344E+02   0.9165732E+03
   0.4100000E+02   0.1351509E+03   0.9136690E+02  -0.9990000E+03   0.5601696E+04   0.3465590E+03  -0.9990000E+03   0.4398112E+02   0.4248484E+02   0.5135057E+02   0.5019444E+02   0.9196830E+03
   0.4200000E+02   0.1351151E+03   0.9145354E+02  -0.9990000E+03   0.5607771E+04   0.3510168E+03  -0.9990000E+03   0.4397847E+02   0.4248228E+02   0.5135407E+02   0.5019545E+02   0.9228746E+03
   0.4300000E+02   0.1350791E+03   0.9154015E+02  -0.9990000E+03   0.5613839E+04   0.3554734E+03  -0.9990000E+03   0.4397582E+02   0.4247973E+02   0.5135757E+02   0.5019645E+02   0.9258785E+03
   0.4400000E+02   0.1350429E+03   0.9162671E+02  -0.9990000E+03   0.5619904E+04   0.3599287E+03  -0.9990000E+03   0.4397317E+02   0.4247718E+02   0.5136105E+02   0.5019744E+02   0.9290222E+03
   0.4500000E+02   0.1350064E+03   0.9171326E+02  -0.9990000E+03   0.5625963E+04   0.3643829E+03  -0.9990000E+03   0.4397052E+02   0.4247462E+02   0.5136453E+02   0.5019844E+02   0.9319797E+03
   0.4600000E+02   0.1349696E+03   0.9179977E+02  -0.9990000E+03   0.5632017E+04   0.3688359E+03  -0.9990000E+03   0.4396787E+02   0.4247208E+02   0.5136800E+02   0.5019942E+02   0.9349835E+03
   0.4700000E+02   0.1349326E+03   0.9188626E+02  -0.9990000E+03   0.5638063E+04   0.3732877E+03  -0.9990000E+03   0.4396523E+02   0.4246952E+02   0.5137146E+02   0.5020041E+02   0.9378672E+03
   0.4800000E+02   0.1348954E+03   0.9197271E+02  -0.9990000E+03   0.5644107E+04   0.3777383E+03  -0.9990000E+03   0.4396257E+02   0.4246698E+02   0.5137491E+02   0.5020138E+02   0.9407537E+03
   0.4900000E+02   0.1348579E+03   0.9205912E+02  -0.9990000E+03   0.5650144E+04   0.3821877E+03  -0.9990000E+03   0.4395993E+02   0.4246444E+02   0.5137836E+02   0.5020235E+02   0.9435988E+03
   0.5000000E+02   0.1348202E+03   0.9214549E+02  -0.9990000E+03   0.5656175E+04   0.3866357E+03  -0.9990000E+03   0.4395728E+02   0.4246189E+02   0.5138181E+02   0.5020333E+02   0.9463552E+03
   0.5100000E+02   0.1347823E+03   0.9223183E+02  -0.9990000E+03   0.5662201E+04   0.3910827E+03  -0.9990000E+03   0.4395464E+02   0.4245935E+02   0.5138523E+02   0.5020430E+02   0.9491265E+03
   0.5200000E+02   0.1347441E+03   0.9231812E+02  -0.9990000E+03   0.5668222E+04   0.3955284E+03  -0.9990000E+03   0.4395199E+02   0.4245681E+02   0.5138866E+02   0.5020527E+02   0.9517979E+03
   0.5300000E+02   0.1347057E+03   0.9240440E+02  -0.9990000E+03   0.5674238E+04   0.3999730E+03  -0.9990000E+03   0.4394934E+02   0.4245427E+02   0.5139207E+02   0.5020623E+02   0.9545067E+03
   0.5400000E+02   0.1346671E+03   0.9249065E+02  -0.9990000E+03   0.5680248E+04   0.4044162E+03  -0.9990000E+03   0.4394669E+02   0.4245173E+02   0.5139548E+02   0.5020719E+02   0.9571432E+03
   0.5500000E+02   0.1346282E+03   0.9257684E+02  -0.9990000E+03   0.5686251E+04   0.4088584E+03  -0.9990000E+03   0.4394404E+02   0.4244920E+02   0.5139888E+02   0.5020815E+02   0.9597956E+03
   0.5600000E+02   0.1345891E+03   0.9266300E+02  -0.9990000E+03   0.5692251E+04   0.4132993E+03  -0.9990000E+03   0.4394139E+02   0.4244666E+02   0.5140228E+02   0.5020911E+02   0.9623696E+03
   0.5700000E+02   0.1345498E+03   0.9274914E+02  -0.9990000E+03   0.5698245E+04   0.4177389E+03  -0.9990000E+03   0.4393874E+02   0.4244412E+02   0.5140565E+02   0.5021006E+02   0.9649423E+03
   0.5800000E+02   0.1345103E+03   0.9283523E+02  -0.9990000E+03   0.5704234E+04   0.4221775E+03  -0.9990000E+03   0.4393609E+02   0.4244158E+02   0.5140903E+02   0.5021100E+02   0.9675100E+03
   0.5900000E+02   0.1344705E+03   0.9292128E+02  -0.9990000E+03   0.5710218E+04   0.4266148E+03  -0.9990000E+03   0.4393344E+02   0.4243904E+02   0.5141240E+02   0.5021194E+02   0.9700025E+03
   0.6000000E+02   0.1344305E+03   0.9300729E+02  -0.9990000E+03   0.5716196E+04   0.4310509E+03  -0.9990000E+03   0.4393079E+02   0.4243649E+02   0.5141576E+02   0.5021288E+02   0.9724908E+03
   0.6100000E+02   0.1343903E+03   0.9309328E+02  -0.9990000E+03   0.5722168E+04   0.4354860E+03  -0.9990000E+03   0.4392815E+02   0.4243395E+02   0.5141912E+02   0.5021382E+02   0.9749495E+03
   0.6200000E+02   0.1343498E+03   0.9317922E+02  -0.9990000E+03   0.5728136E+04   0.4399198E+03  -0.9990000E+03   0.4392549E+02   0.4243142E+02   0.5142247E+02   0.5021475E+02   0.9773988E+03
   0.6300000E+02   0.1343092E+03   0.9326513E+02  -0.9990000E+03   0.5734099E+04   0.4443524E+03  -0.9990000E+03   0.4392284E+02   0.4242888E+02   0.5142581E+02   0.5021569E+02   0.9798000E+03
   0.6400000E+02   0.1342682E+03   0.9335100E+02  -0.9990000E+03   0.5740055E+04   0.4487837E+03  -0.9990000E+03   0.4392018E+02   0.4242634E+02   0.5142914E+02   0.5021661E+02   0.9821894E+03
   0.6500000E+02   0.1342271E+03   0.9343682E+02  -0.9990000E+03   0.5746007E+04   0.4532140E+03  -0.9990000E+03   0.4391753E+02   0.4242381E+02   0.5143246E+02   0.5021754E+02   0.9845342E+03
   0.6600000E+02   0.1341858E+03   0.9352261E+02  -0.9990000E+03   0.5751953E+04   0.4576430E+03  -0.9990000E+03   0.4391489E+02   0.4242128E+02   0.5143578E+02   0.5021846E+02   0.9870645E+03
   0.6700000E+02   0.1341442E+03   0.9360836E+02  -0.9990000E+03   0.5757895E+04   0.4620708E+03  -0.9990000E+03   0.4391225E+02   0.4241874E+02   0.5143908E+02   0.5021938E+02   0.9893198E+03
   0.6800000E+02   0.1341024E+03   0.9369406E+02  -0.9990000E+03   0.5763829E+04   0.4664974E+03  -0.9990000E+03   0.4390960E+02   0.4241621E+02   0.5144238E+02   0.5022030E+02   0.9918792E+03
   0.6900000E+02   0.1340604E+03   0.9377973E+02  -0.9990000E+03   0.5769758E+04   0.4709229E+03  -0.9990000E+03   0.4390696E+02   0.4241367E+02   0.5144567E+02   0.5022121E+02   0.9946647E+03
   0.7000000E+02   0.1340182E+03   0.9386536E+02  -0.9990000E+03   0.5775685E+04   0.4753472E+03  -0.9990000E+03   0.4390432E+02   0.4241113E+02   0.5144896E+02   0.5022212E+02   0.9977076E+03
   0.7100000E+02   0.1339757E+03   0.9395094E+02   0.1506541E+03   0.5781605E+04   0.4797704E+03  -0.9990000E+03   0.4390167E+02   0.4240860E+02   0.5145224E+02   0.5022303E+02   0.9997890E+03
   0.7200000E+02   0.1339330E+03   0.9403649E+02   0.1505280E+03   0.5787520E+04   0.4841924E+03  -0.9990000E+03   0.4389903E+02   0.4240607E+02   0.5145551E+02   0.5022393E+02   0.1002910E+04
   0.7300000E+02   0.1365953E+03   0.9518698E+02   0.1503962E+03   0.5793430E+04   0.4886131E+03  -0.9990000E+03   0.4389639E+02   0.4240354E+02   0.5145877E+02   0.5022482E+02   0.1004705E+04
   0.7400000E+02   0.1401006E+03   0.9666389E+02   0.1502643E+03   0.5799334E+04   0.4930326E+03  -0.9990000E+03   0.4389375E+02   0.4240101E+02   0.5146202E+02   0.5022571E+02   0.1006318E+04
   0.7500000E+02   0.1439205E+03   0.9825623E+02   0.1501326E+03   0.5805233E+04   0.4974511E+03  -0.9990000E+03   0.4389111E+02   0.4239848E+02   0.5146527E+02   0.5022660E+02   0.1007966E+04
   0.7600000E+02   0.1478319E+03   0.9987286E+02   0.1499997E+03   0.5811126E+04   0.5018683E+03  -0.9990000E+03   0.4388846E+02   0.4239595E+02   0.5146852E+02   0.5022749E+02   0.1009529E+04
   0.7700000E+02   0.1516205E+03   0.1014250E+03   0.1498675E+03   0.5817015E+04   0.5062844E+03  -0.9990000E+03   0.4388581E+02   0.4239342E+02   0.5147176E+02   0.5022838E+02   0.1011070E+04
   0.7800000E+02   0.1551324E+03   0.1028494E+03   0.1497360E+03   0.5822897E+04   0.5106994E+03  -0.9990000E+03   0.4388317E+02   0.4239089E+02   0.5147499E+02   0.5022927E+02   0.1012361E+04
   0.7900000E+02   0.1582492E+03   0.1041007E+03   0.1496040E+03   0.5828775E+04   0.5151132E+03  -0.9990000E+03   0.4388052E+02   0.4238837E+02   0.5147821E+02   0.5023015E+02   0.1013589E+04
   0.8000000E+02   0.1609548E+03   0.1051728E+03   0.1494726E+03   0.5834649E+04   0.5195258E+03  -0.9990000E+03   0.4387788E+02   0.4238585E+02   0.5148142E+02   0.5023102E+02   0.1014759E+04
   0.8100000E+02   0.1632843E+03   0.1060810E+03   0.1493409E+03   0.5840516E+04   0.5239373E+03  -0.9990000E+03   0.4387525E+02   0.4238332E+02   0.5148463E+02   0.5023190E+02   0.1015932E+04
   0.8200000E+02   0.1652888E+03   0.1068473E+03   0.3585445E+03   0.5846379E+04   0.5283477E+03  -0.9990000E+03   0.4387260E+02   0.4238080E+02   0.5148782E+02   0.5023277E+02   0.1017772E+04
   0.8300000E+02   0.1670198E+03   0.1074940E+03   0.5173948E+03   0.5852235E+04   0.5327568E+03  -0.9990000E+03   0.4386995E+02   0.4237828E+02   0.5149101E+02   0.5023363E+02   0.1018989E+04
   0.8400000E+02   0.1685240E+03   0.1080415E+03   0.6367567E+03   0.5858087E+04   0.5371648E+03  -0.9990000E+03   0.4386731E+02   0.4237576E+02   0.5149421E+02   0.5023450E+02   0.1020386E+04
   0.8500000E+02   0.1698415E+03   0.1085074E+03   0.7276780E+03   0.5863934E+04   0.5415718E+03  -0.9990000E+03   0.4386468E+02   0.4237324E+02   0.5149738E+02   0.5023535E+02   0.1021639E+04
   0.8600000E+02   0.1710058E+03   0.1089064E+03   0.7969249E+03   0.5869775E+04   0.5459776E+03  -0.9990000E+03   0.4386204E+02   0.4237071E+02   0.5150055E+02   0.5023621E+02   0.1022961E+04
   0.8700000E+02   0.1720443E+03   0.1092505E+03   0.8501390E+03   0.5875612E+04   0.5503822E+03  -0.9990000E+03   0.4385939E+02   0.4236819E+02   0.5150370E+02   0.5023706E+02   0.1024142E+04
   0.8800000E+02   0.1729796E+03   0.1095498E+03   0.8910034E+03   0.5881443E+04   0.5547857E+03  -0.9990000E+03   0.4385675E+02   0.4236567E+02   0.5150686E+02   0.5023791E+02   0.1025439E+04
   0.8900000E+02   0.1738300E+03   0.1098124E+03   0.9226216E+03   0.5887270E+04   0.5591880E+03  -0.9990000E+03   0.4385411E+02   0.4236314E+02   0.5151001E+02   0.5023875E+02   0.1026673E+04
   0.9000000E+02   0.1746107E+03   0.1100449E+03   0.9471445E+03   0.5893091E+04   0.5635891E+03  -0.9990000E+03   0.4385147E+02   0.4236063E+02   0.5151315E+02   0.5023959E+02   0.1027948E+04
   0.9100000E+02   0.1753338E+03   0.1102529E+03   0.9662039E+03   0.5898907E+04   0.5679893E+03  -0.9990000E+03   0.4384883E+02   0.4235811E+02   0.5151628E+02   0.5024043E+02   0.1029214E+04
   0.9200000E+02   0.1760094E+03   0.1104407E+03   0.9810438E+03   0.5904718E+04   0.5723882E+03  -0.9990000E+03   0.4384618E+02   0.4235559E+02   0.5151941E+02   0.5024127E+02   0.1030538E+04
   0.9300000E+02   0.1766458E+03   0.1106121E+03   0.9928647E+03   0.5910524E+04   0.5767858E+03  -0.9990000E+03   0.4384354E+02   0.4235307E+02   0.5152253E+02   0.5024210E+02   0.1031780E+04
   0.9400000E+02   0.1773361E+03   0.1108024E+03   0.1002183E+04   0.5916324E+04   0.5811824E+03  -0.9990000E+03   0.4384090E+02   0.4235056E+02   0.5152563E+02   0.5024293E+02   0.1032970E+04
   0.9500000E+02   0.1781096E+03   0.1110201E+03   0.1009551E+04   0.5922120E+04   0.5868157E+03  -0.9990000E+03   0.4383826E+02   0.4234803E+02   0.5152874E+02   0.5024376E+02   0.1034504E+04
   0.9600000E+02   0.1790041E+03   0.1112757E+03   0.1015371E+04   0.5927911E+04   0.5923275E+03  -0.9990000E+03   0.4383562E+02   0.4234552E+02   0.5153183E+02   0.5024458E+02   0.1035609E+04
   0.9700000E+02   0.1799783E+03   0.1115483E+03   0.1019945E+04   0.5933696E+04   0.5976904E+03  -0.9990000E+03   0.4383299E+02   0.4234301E+02   0.5153492E+02   0.5024540E+02   0.1037518E+04
   0.9800000E+02   0.1809762E+03   0.1118129E+03   0.1023723E+04   0.5939477E+04   0.6029035E+03  -0.9990000E+03   0.4383035E+02   0.4234050E+02   0.5153800E+02   0.5024622E+02   0.1038919E+04
   0.9900000E+02   0.1819702E+03   0.1120580E+03   0.1026809E+04   0.5945250E+04   0.6079790E+03  -0.9990000E+03   0.4382771E+02   0.4233800E+02   0.5154108E+02   0.5024703E+02   0.1040814E+04
   0.1000000E+03   0.1829507E+03   0.1122810E+03   0.1029292E+04   0.5951021E+04   0.6129348E+03  -0.9990000E+03   0.4382507E+02   0.4233549E+02   0.5154414E+02   0.5024784E+02   0.1042039E+04
   0.1010000E+03   0.1839154E+03   0.1124833E+03   0.1031320E+04   0.5956786E+04   0.6177894E+03  -0.9990000E+03   0.4382243E+02   0.4233299E+02   0.5154720E+02   0.5024865E+02   0.1043639E+04
   0.1020000E+03   0.1848653E+03   0.1126675E+03   0.1032989E+04   0.5962544E+04   0.6225603E+03  -0.9990000E+03   0.4381979E+02   0.4233049E+02   0.5155025E+02   0.5024945E+02   0.1044953E+04
   0.1030000E+03   0.1858016E+03   0.1128363E+03   0.1034378E+04   0.5968299E+04   0.6272623E+03  -0.9990000E+03   0.4381715E+02   0.4232800E+02   0.5155330E+02   0.5025024E+02   0.1046387E+04
   0.1040000E+03   0.1867257E+03   0.1129924E+03   0.1035537E+04   0.5974046E+04   0.6319075E+03  -0.9990000E+03   0.4381451E+02   0.4232552E+02   0.5155634E+02   0.5025103E+02   0.1047601E+04
   0.1050000E+03   0.1876392E+03   0.1131379E+03   0.1036680E+04   0.5979793E+04   0.6365059E+03  -0.9990000E+03   0.4381187E+02   0.4232303E+02   0.5155938E+02   0.5025182E+02   0.1048909E+04
   0.1060000E+03   0.1885433E+03   0.1132749E+03   0.1037736E+04   0.5985533E+04   0.6410659E+03  -0.9990000E+03   0.4380923E+02   0.4232054E+02   0.5156241E+02   0.5025262E+02   0.1051391E+04
   0.1070000E+03   0.1894390E+03   0.1134047E+03   0.1038727E+04   0.5991266E+04   0.6455943E+03  -0.9990000E+03   0.4380659E+02   0.4231805E+02   0.5156542E+02   0.5025341E+02   0.1052519E+04
   0.1080000E+03   0.1903271E+03   0.1135288E+03   0.1039686E+04   0.5996995E+04   0.6500967E+03  -0.9990000E+03   0.4380395E+02   0.4231557E+02   0.5156844E+02   0.5025420E+02   0.1053871E+04
   0.1090000E+03   0.1912084E+03   0.1136481E+03   0.1040623E+04   0.6002721E+04   0.6545776E+03  -0.9990000E+03   0.4380131E+02   0.4231308E+02   0.5157145E+02   0.5025498E+02   0.1054981E+04
   0.1100000E+03   0.1920832E+03   0.1137636E+03   0.1041544E+04   0.6008440E+04   0.6590404E+03  -0.9990000E+03   0.4379868E+02   0.4231060E+02   0.5157445E+02   0.5025576E+02   0.1056309E+04
   0.1110000E+03   0.1929522E+03   0.1138759E+03   0.1042444E+04   0.6014154E+04   0.6634886E+03  -0.9990000E+03   0.4379603E+02   0.4230811E+02   0.5157743E+02   0.5025654E+02   0.1057658E+04
   0.1120000E+03   0.1938156E+03   0.1139855E+03   0.1043321E+04   0.6019862E+04   0.6679246E+03  -0.9990000E+03   0.4379340E+02   0.4230563E+02   0.5158042E+02   0.5025731E+02   0.1059011E+04
   0.1130000E+03   0.1946739E+03   0.1140931E+03   0.1044171E+04   0.6025566E+04   0.6723502E+03  -0.9990000E+03   0.4379076E+02   0.4230315E+02   0.5158339E+02   0.5025809E+02   0.1060327E+04
   0.1140000E+03   0.1955271E+03   0.1141988E+03   0.1044995E+04   0.6031266E+04   0.6767672E+03  -0.9990000E+03   0.4378813E+02   0.4230066E+02   0.5158636E+02   0.5025885E+02   0.1061584E+04
   0.1150000E+03   0.1963755E+03   0.1143031E+03   0.1045789E+04   0.6036960E+04   0.6811769E+03  -0.9990000E+03   0.4378549E+02   0.4229817E+02   0.5158932E+02   0.5025961E+02   0.1062805E+04
   0.1160000E+03   0.1972194E+03   0.1144063E+03   0.1046556E+04   0.6042649E+04   0.6855807E+03  -0.9990000E+03   0.4378284E+02   0.4229569E+02   0.5159228E+02   0.5026037E+02   0.1064097E+04
   0.1170000E+03   0.1980843E+03   0.1145166E+03   0.1047232E+04   0.6048333E+04   0.6899990E+03  -0.9990000E+03   0.4378020E+02   0.4229321E+02   0.5159522E+02   0.5026113E+02   0.1065159E+04
   0.1180000E+03   0.1989993E+03   0.1146418E+03   0.1047825E+04   0.6054013E+04   0.6944307E+03  -0.9990000E+03   0.4377757E+02   0.4229074E+02   0.5159816E+02   0.5026189E+02   0.1067382E+04
   0.1190000E+03   0.1999524E+03   0.1147740E+03   0.1048340E+04   0.6059687E+04   0.6988650E+03  -0.9990000E+03   0.4377493E+02   0.4228826E+02   0.5160109E+02   0.5026264E+02   0.1068354E+04
   0.1200000E+03   0.2009268E+03   0.1149051E+03   0.1048786E+04   0.6065356E+04   0.7032941E+03  -0.9990000E+03   0.4377230E+02   0.4228578E+02   0.5160402E+02   0.5026340E+02   0.1069444E+04
   0.1210000E+03   0.2019231E+03   0.1150349E+03   0.1049166E+04   0.6071021E+04   0.7077150E+03  -0.9990000E+03   0.4376966E+02   0.4228330E+02   0.5160694E+02   0.5026415E+02   0.1070368E+04
   0.1220000E+03   0.2029371E+03   0.1151620E+03   0.1049760E+04   0.6076681E+04   0.7121275E+03  -0.9990000E+03   0.4376702E+02   0.4228083E+02   0.5160986E+02   0.5026490E+02   0.1071446E+04
   0.1230000E+03   0.2039640E+03   0.1152855E+03   0.1050419E+04   0.6082334E+04   0.7165327E+03  -0.9990000E+03   0.4376439E+02   0.4227835E+02   0.5161277E+02   0.5026564E+02   0.1072449E+04
   0.1240000E+03   0.2049997E+03   0.1154050E+03   0.1051184E+04   0.6087984E+04   0.7209318E+03  -0.9990000E+03   0.4376176E+02   0.4227588E+02   0.5161568E+02   0.5026640E+02   0.1073909E+04
   0.1250000E+03   0.2060414E+03   0.1155208E+03   0.1052080E+04   0.6093629E+04   0.7253253E+03  -0.9990000E+03   0.4375912E+02   0.4227340E+02   0.5161856E+02   0.5026714E+02   0.1076032E+04
   0.1260000E+03   0.2070871E+03   0.1156335E+03   0.1053114E+04   0.6099268E+04   0.7297142E+03  -0.9990000E+03   0.4375648E+02   0.4227092E+02   0.5162145E+02   0.5026788E+02   0.1076826E+04
   0.1270000E+03   0.2081351E+03   0.1157435E+03   0.1054273E+04   0.6104902E+04   0.7340991E+03  -0.9990000E+03   0.4375384E+02   0.4226844E+02   0.5162433E+02   0.5026862E+02   0.1077866E+04
   0.1280000E+03   0.2091842E+03   0.1158513E+03   0.1055603E+04   0.6110531E+04   0.7384803E+03  -0.9990000E+03   0.4375121E+02   0.4226597E+02   0.5162721E+02   0.5026935E+02   0.1078973E+04
   0.1290000E+03   0.2102332E+03   0.1159573E+03   0.1056977E+04   0.6116155E+04   0.7428735E+03  -0.9990000E+03   0.4374857E+02   0.4226350E+02   0.5163008E+02   0.5027008E+02   0.1079799E+04
   0.1300000E+03   0.2112989E+03   0.1160670E+03   0.1058337E+04   0.6121774E+04   0.7473376E+03  -0.9990000E+03   0.4374593E+02   0.4226103E+02   0.5163295E+02   0.5027082E+02   0.1080592E+04
   0.1310000E+03   0.2123991E+03   0.1161844E+03   0.1059672E+04   0.6127389E+04   0.7518698E+03  -0.9990000E+03   0.4374330E+02   0.4225856E+02   0.5163580E+02   0.5027154E+02   0.1081431E+04
   0.1320000E+03   0.2135284E+03   0.1163047E+03   0.1060978E+04   0.6133000E+04   0.7564282E+03  -0.9990000E+03   0.4374066E+02   0.4225610E+02   0.5163864E+02   0.5027227E+02   0.1082170E+04
   0.1330000E+03   0.2146778E+03   0.1164237E+03   0.1062251E+04   0.6138604E+04   0.7609795E+03  -0.9990000E+03   0.4373803E+02   0.4225364E+02   0.5164148E+02   0.5027298E+02   0.1082917E+04
   0.1340000E+03   0.2158414E+03   0.1165397E+03   0.1063490E+04   0.6144206E+04   0.7655088E+03  -0.9990000E+03   0.4373539E+02   0.4225117E+02   0.5164432E+02   0.5027370E+02   0.1083733E+04
   0.1350000E+03   0.2170152E+03   0.1166527E+03   0.1064715E+04   0.6149801E+04   0.7700130E+03  -0.9990000E+03   0.4373275E+02   0.4224871E+02   0.5164714E+02   0.5027441E+02   0.1084516E+04
   0.1360000E+03   0.2181964E+03   0.1167631E+03   0.1065938E+04   0.6155390E+04   0.7744935E+03  -0.9990000E+03   0.4373012E+02   0.4224625E+02   0.5164996E+02   0.5027512E+02   0.1086825E+04
   0.1370000E+03   0.2193825E+03   0.1168712E+03   0.1067160E+04   0.6160977E+04   0.7789539E+03  -0.9990000E+03   0.4372749E+02   0.4224379E+02   0.5165277E+02   0.5027582E+02   0.1087580E+04
   0.1380000E+03   0.2205717E+03   0.1169775E+03   0.1068371E+04   0.6166557E+04   0.7833973E+03  -0.9990000E+03   0.4372485E+02   0.4224133E+02   0.5165559E+02   0.5027653E+02   0.1088319E+04
   0.1390000E+03   0.2217624E+03   0.1170823E+03   0.1069540E+04   0.6172133E+04   0.7878265E+03  -0.9990000E+03   0.4372221E+02   0.4223887E+02   0.5165839E+02   0.5027724E+02   0.1088996E+04
   0.1400000E+03   0.2229533E+03   0.1171859E+03   0.1070707E+04   0.6177703E+04   0.7922441E+03  -0.9990000E+03   0.4371959E+02   0.4223642E+02   0.5166119E+02   0.5027795E+02   0.1089952E+04
   0.1410000E+03   0.2241434E+03   0.1172886E+03   0.1071870E+04   0.6183268E+04   0.7966516E+03  -0.9990000E+03   0.4371695E+02   0.4223396E+02   0.5166397E+02   0.5027864E+02   0.1090718E+04
   0.1420000E+03   0.2253319E+03   0.1173903E+03   0.1073030E+04   0.6188829E+04   0.8010510E+03  -0.9990000E+03   0.4371432E+02   0.4223150E+02   0.5166675E+02   0.5027934E+02   0.1091794E+04
   0.1430000E+03   0.2265180E+03   0.1174914E+03   0.1074189E+04   0.6194385E+04   0.8054435E+03  -0.9990000E+03   0.4371169E+02   0.4222905E+02   0.5166953E+02   0.5028004E+02   0.1092372E+04
   0.1440000E+03   0.2277013E+03   0.1175919E+03   0.1075348E+04   0.6199938E+04   0.8098300E+03  -0.9990000E+03   0.4370905E+02   0.4222659E+02   0.5167229E+02   0.5028072E+02   0.1093258E+04
   0.1450000E+03   0.2288905E+03   0.1176943E+03   0.1076591E+04   0.6205482E+04   0.8142117E+03  -0.9990000E+03   0.4370642E+02   0.4222412E+02   0.5167506E+02   0.5028141E+02   0.1093890E+04
   0.1460000E+03   0.2300948E+03   0.1178002E+03   0.1077801E+04   0.6211024E+04   0.8185889E+03  -0.9990000E+03   0.4370379E+02   0.4222167E+02   0.5167781E+02   0.5028209E+02   0.1094745E+04
   0.1470000E+03   0.2313130E+03   0.1179074E+03   0.1078962E+04   0.6216561E+04   0.8229623E+03  -0.9990000E+03   0.4370116E+02   0.4221922E+02   0.5168056E+02   0.5028276E+02   0.1095348E+04
   0.1480000E+03   0.2325410E+03   0.1180142E+03   0.1080080E+04   0.6222094E+04   0.8273327E+03  -0.9990000E+03   0.4369854E+02   0.4221677E+02   0.5168330E+02   0.5028344E+02   0.1095954E+04
   0.1490000E+03   0.2337757E+03   0.1181196E+03   0.1081161E+04   0.6227620E+04   0.8317003E+03  -0.9990000E+03   0.4369591E+02   0.4221431E+02   0.5168604E+02   0.5028411E+02   0.1096677E+04
   0.1500000E+03   0.2350147E+03   0.1182238E+03   0.1082236E+04   0.6233142E+04   0.8360654E+03  -0.9990000E+03   0.4369328E+02   0.4221186E+02   0.5168876E+02   0.5028478E+02   0.1097199E+04
   0.1510000E+03   0.2362563E+03   0.1183268E+03   0.1083302E+04   0.6238658E+04   0.8404283E+03  -0.9990000E+03   0.4369065E+02   0.4220941E+02   0.5169149E+02   0.5028545E+02   0.1097824E+04
   0.1520000E+03   0.2374988E+03   0.1184289E+03   0.1084366E+04   0.6244171E+04   0.8447891E+03  -0.9990000E+03   0.4368802E+02   0.4220696E+02   0.5169421E+02   0.5028611E+02   0.1098586E+04
   0.1530000E+03   0.2387412E+03   0.1185302E+03   0.1085432E+04   0.6249679E+04   0.8491481E+03  -0.9990000E+03   0.4368539E+02   0.4220451E+02   0.5169692E+02   0.5028677E+02   0.1099377E+04
   0.1540000E+03   0.2399823E+03   0.1186309E+03   0.1086499E+04   0.6255183E+04   0.8535052E+03  -0.9990000E+03   0.4368276E+02   0.4220206E+02   0.5169963E+02   0.5028743E+02   0.1100213E+04
   0.1550000E+03   0.2412214E+03   0.1187311E+03   0.1087567E+04   0.6260681E+04   0.8578608E+03  -0.9990000E+03   0.4368013E+02   0.4219961E+02   0.5170233E+02   0.5028808E+02   0.1101042E+04
   0.1560000E+03   0.2424578E+03   0.1188308E+03   0.1088635E+04   0.6266173E+04   0.8622148E+03  -0.9990000E+03   0.4367750E+02   0.4219716E+02   0.5170502E+02   0.5028874E+02   0.1101803E+04
   0.1570000E+03   0.2436909E+03   0.1189302E+03   0.1089702E+04   0.6271662E+04   0.8665676E+03  -0.9990000E+03   0.4367487E+02   0.4219471E+02   0.5170770E+02   0.5028939E+02   0.1102288E+04
   0.1580000E+03   0.2449203E+03   0.1190292E+03   0.1090768E+04   0.6277146E+04   0.8709186E+03  -0.9990000E+03   0.4367225E+02   0.4219226E+02   0.5171038E+02   0.5029004E+02   0.1102769E+04
   0.1590000E+03   0.2461458E+03   0.1191280E+03   0.1091834E+04   0.6282625E+04   0.8752686E+03  -0.9990000E+03   0.4366961E+02   0.4218982E+02   0.5171306E+02   0.5029068E+02   0.1109718E+04
   0.1600000E+03   0.2473669E+03   0.1192266E+03   0.1092898E+04   0.6288101E+04   0.8796174E+03  -0.9990000E+03   0.4366697E+02   0.4218737E+02   0.5171572E+02   0.5029132E+02   0.1110308E+04
   0.1610000E+03   0.2485834E+03   0.1193250E+03   0.1093960E+04   0.6293571E+04   0.8839650E+03  -0.9990000E+03   0.4366434E+02   0.4218493E+02   0.5171839E+02   0.5029197E+02   0.1111064E+04
   0.1620000E+03   0.2497951E+03   0.1194232E+03   0.1095020E+04   0.6299034E+04   0.8883115E+03  -0.9990000E+03   0.4366171E+02   0.4218249E+02   0.5172104E+02   0.5029261E+02   0.1111993E+04
   0.1630000E+03   0.2510020E+03   0.1195213E+03   0.1096077E+04   0.6304495E+04   0.8926567E+03  -0.9990000E+03   0.4365908E+02   0.4218005E+02   0.5172369E+02   0.5029325E+02   0.1112456E+04
   0.1640000E+03   0.2522038E+03   0.1196193E+03   0.1097136E+04   0.6309950E+04   0.8970007E+03  -0.9990000E+03   0.4365644E+02   0.4217761E+02   0.5172633E+02   0.5029388E+02   0.1114822E+04
   0.1650000E+03   0.2534005E+03   0.1197171E+03   0.1098196E+04   0.6315401E+04   0.9013438E+03  -0.9990000E+03   0.4365382E+02   0.4217517E+02   0.5172896E+02   0.5029452E+02   0.1115635E+04
   0.1660000E+03   0.2545920E+03   0.1198149E+03   0.1099258E+04   0.6320847E+04   0.9056856E+03  -0.9990000E+03   0.4365118E+02   0.4217274E+02   0.5173159E+02   0.5029514E+02   0.1116508E+04
   0.1670000E+03   0.2557783E+03   0.1199125E+03   0.1100319E+04   0.6326288E+04   0.9100262E+03  -0.9990000E+03   0.4364855E+02   0.4217030E+02   0.5173421E+02   0.5029577E+02   0.1117198E+04
   0.1680000E+03   0.2569592E+03   0.1200101E+03   0.1101382E+04   0.6331725E+04   0.9143660E+03  -0.9990000E+03   0.4364592E+02   0.4216786E+02   0.5173683E+02   0.5029639E+02   0.1117863E+04
   0.1690000E+03   0.2581349E+03   0.1201076E+03   0.1102445E+04   0.6337155E+04   0.9187045E+03  -0.9990000E+03   0.4364328E+02   0.4216542E+02   0.5173943E+02   0.5029701E+02   0.1118313E+04
   0.1700000E+03   0.2593051E+03   0.1202051E+03   0.1103509E+04   0.6342583E+04   0.9230421E+03  -0.9990000E+03   0.4364066E+02   0.4216298E+02   0.5174204E+02   0.5029763E+02   0.1118875E+04
   0.1710000E+03   0.2604701E+03   0.1203024E+03   0.1104574E+04   0.6348005E+04   0.9273785E+03  -0.9990000E+03   0.4363803E+02   0.4216054E+02   0.5174463E+02   0.5029825E+02   0.1119855E+04
   0.1720000E+03   0.2616270E+03   0.1203998E+03   0.1105627E+04   0.6353423E+04   0.9317137E+03  -0.9990000E+03   0.4363541E+02   0.4215810E+02   0.5174723E+02   0.5029886E+02   0.1120598E+04
   0.1730000E+03   0.2627756E+03   0.1204970E+03   0.1106669E+04   0.6358836E+04   0.9360482E+03  -0.9990000E+03   0.4363279E+02   0.4215566E+02   0.5174982E+02   0.5029948E+02   0.1121465E+04
   0.1740000E+03   0.2639157E+03   0.1205942E+03   0.1107698E+04   0.6364244E+04   0.9403815E+03  -0.9990000E+03   0.4363016E+02   0.4215322E+02   0.5175240E+02   0.5030009E+02   0.1122179E+04
   0.1750000E+03   0.2650473E+03   0.1206914E+03   0.1108717E+04   0.6369648E+04   0.9447139E+03  -0.9990000E+03   0.4362754E+02   0.4215079E+02   0.5175497E+02   0.5030069E+02   0.1123009E+04
   0.1760000E+03   0.2661705E+03   0.1207885E+03   0.1109724E+04   0.6375047E+04   0.9490453E+03  -0.9990000E+03   0.4362492E+02   0.4214836E+02   0.5175753E+02   0.5030130E+02   0.1123734E+04
   0.1770000E+03   0.2672853E+03   0.1208856E+03   0.1110720E+04   0.6380441E+04   0.9533754E+03  -0.9990000E+03   0.4362229E+02   0.4214593E+02   0.5176009E+02   0.5030190E+02   0.1124583E+04
   0.1780000E+03   0.2683919E+03   0.1209826E+03   0.1111705E+04   0.6385830E+04   0.9577047E+03  -0.9990000E+03   0.4361967E+02   0.4214349E+02   0.5176265E+02   0.5030250E+02   0.1125238E+04
   0.1790000E+03   0.2694901E+03   0.1210796E+03   0.1112680E+04   0.6391214E+04   0.9620330E+03  -0.9990000E+03   0.4361704E+02   0.4214107E+02   0.5176519E+02   0.5030310E+02   0.1126224E+04
   0.1800000E+03   0.2705802E+03   0.1211766E+03   0.1113643E+04   0.6396595E+04   0.9663601E+03  -0.9990000E+03   0.4361441E+02   0.4213864E+02   0.5176773E+02   0.5030369E+02   0.1126943E+04
   0.1810000E+03   0.2716621E+03   0.1212735E+03   0.1114595E+04   0.6401971E+04   0.9706862E+03  -0.9990000E+03   0.4361179E+02   0.4213621E+02   0.5177026E+02   0.5030429E+02   0.1127739E+04
   0.1820000E+03   0.2727358E+03   0.1213705E+03   0.1115538E+04   0.6407342E+04   0.9750112E+03  -0.9990000E+03   0.4360916E+02   0.4213378E+02   0.5177279E+02   0.5030489E+02   0.1128473E+04
   0.1830000E+03   0.2738015E+03   0.1214684E+03   0.1116470E+04   0.6412708E+04   0.9793353E+03  -0.9990000E+03   0.4360653E+02   0.4213134E+02   0.5177531E+02   0.5030547E+02   0.1129068E+04
   0.1840000E+03   0.2748591E+03   0.1215660E+03   0.1117392E+04   0.6418071E+04   0.9836582E+03  -0.9990000E+03   0.4360390E+02   0.4212891E+02   0.5177782E+02   0.5030605E+02   0.1129840E+04
   0.1850000E+03   0.2759088E+03   0.1216636E+03   0.1118304E+04   0.6423428E+04   0.9879802E+03  -0.9990000E+03   0.4360128E+02   0.4212648E+02   0.5178033E+02   0.5030664E+02   0.1130580E+04
   0.1860000E+03   0.2769505E+03   0.1217612E+03   0.1119310E+04   0.6428779E+04   0.9923010E+03  -0.9990000E+03   0.4359865E+02   0.4212406E+02   0.5178283E+02   0.5030722E+02   0.1131820E+04
   0.1870000E+03   0.2779844E+03   0.1218586E+03   0.1120188E+04   0.6434127E+04   0.9966207E+03  -0.9990000E+03   0.4359602E+02   0.4212163E+02   0.5178533E+02   0.5030779E+02   0.1132413E+04
   0.1880000E+03   0.2790104E+03   0.1219559E+03   0.1121048E+04   0.6439470E+04   0.1000940E+04  -0.9990000E+03   0.4359339E+02   0.4211920E+02   0.5178782E+02   0.5030837E+02   0.1134603E+04
   0.1890000E+03   0.2800286E+03   0.1220532E+03   0.1121891E+04   0.6444808E+04   0.1005257E+04  -0.9990000E+03   0.4359077E+02   0.4211678E+02   0.5179031E+02   0.5030893E+02   0.1135210E+04
   0.1900000E+03   0.2810391E+03   0.1221504E+03   0.1122719E+04   0.6450144E+04   0.1009574E+04  -0.9990000E+03   0.4358814E+02   0.4211435E+02   0.5179279E+02   0.5030951E+02   0.1135948E+04
   0.1910000E+03   0.2820419E+03   0.1222475E+03   0.1123530E+04   0.6455473E+04   0.1013890E+04  -0.9990000E+03   0.4358551E+02   0.4211193E+02   0.5179526E+02   0.5031009E+02   0.1136746E+04
   0.1920000E+03   0.2830370E+03   0.1223446E+03   0.1124326E+04   0.6460798E+04   0.1018205E+04  -0.9990000E+03   0.4358289E+02   0.4210950E+02   0.5179773E+02   0.5031066E+02   0.1137443E+04
   0.1930000E+03   0.2840245E+03   0.1224417E+03   0.1125366E+04   0.6466117E+04   0.1022519E+04  -0.9990000E+03   0.4358026E+02   0.4210708E+02   0.5180019E+02   0.5031123E+02   0.1138727E+04
   0.1940000E+03   0.2850045E+03   0.1225386E+03   0.1126157E+04   0.6471433E+04   0.1026831E+04  -0.9990000E+03   0.4357764E+02   0.4210466E+02   0.5180265E+02   0.5031179E+02   0.1139276E+04
   0.1950000E+03   0.2859770E+03   0.1226353E+03   0.1127191E+04   0.6476744E+04   0.1031143E+04  -0.9990000E+03   0.4357502E+02   0.4210224E+02   0.5180510E+02   0.5031235E+02   0.1140753E+04
   0.1960000E+03   0.2869420E+03   0.1227321E+03   0.1127980E+04   0.6482050E+04   0.1035454E+04  -0.9990000E+03   0.4357239E+02   0.4209982E+02   0.5180755E+02   0.5031291E+02   0.1141175E+04
   0.1970000E+03   0.2878996E+03   0.1228288E+03   0.1128766E+04   0.6487352E+04   0.1039764E+04  -0.9990000E+03   0.4356977E+02   0.4209739E+02   0.5180999E+02   0.5031347E+02   0.1141877E+04
   0.1980000E+03   0.2888498E+03   0.1229254E+03   0.1129548E+04   0.6492651E+04   0.1044072E+04  -0.9990000E+03   0.4356715E+02   0.4209496E+02   0.5181242E+02   0.5031402E+02   0.1142537E+04
   0.1990000E+03   0.2897928E+03   0.1230221E+03   0.1130366E+04   0.6497941E+04   0.1048380E+04  -0.9990000E+03   0.4356452E+02   0.4209254E+02   0.5181486E+02   0.5031456E+02   0.1143307E+04
   0.2000000E+03   0.2907285E+03   0.1231187E+03   0.1131092E+04   0.6503230E+04   0.1052687E+04  -0.9990000E+03   0.4356190E+02   0.4209012E+02   0.5181728E+02   0.5031511E+02   0.1143909E+04
   0.2010000E+03   0.2916569E+03   0.1232152E+03   0.1131950E+04   0.6508514E+04   0.1056992E+04  -0.9990000E+03   0.4355928E+02   0.4208770E+02   0.5181969E+02   0.5031565E+02   0.1144584E+04
   0.2020000E+03   0.2925864E+03   0.1233138E+03   0.1132789E+04   0.6513791E+04   0.1061297E+04  -0.9990000E+03   0.4355665E+02   0.4208527E+02   0.5182210E+02   0.5031620E+02   0.1145166E+04
   0.2030000E+03   0.2935322E+03   0.1234177E+03   0.1133622E+04   0.6519065E+04   0.1065601E+04  -0.9990000E+03   0.4355403E+02   0.4208285E+02   0.5182451E+02   0.5031673E+02   0.1145821E+04
   0.2040000E+03   0.2944941E+03   0.1235247E+03   0.1134442E+04   0.6524335E+04   0.1069903E+04  -0.9990000E+03   0.4355141E+02   0.4208043E+02   0.5182691E+02   0.5031727E+02   0.1147145E+04
   0.2050000E+03   0.2954662E+03   0.1236316E+03   0.1135282E+04   0.6529601E+04   0.1074205E+04  -0.9990000E+03   0.4354878E+02   0.4207801E+02   0.5182930E+02   0.5031781E+02   0.1147715E+04
   0.2060000E+03   0.2964441E+03   0.1237372E+03   0.1136131E+04   0.6534861E+04   0.1078506E+04  -0.9990000E+03   0.4354615E+02   0.4207561E+02   0.5183169E+02   0.5031834E+02   0.1148682E+04
   0.2070000E+03   0.2974308E+03   0.1238428E+03   0.1136975E+04   0.6540117E+04   0.1082805E+04  -0.9990000E+03   0.4354353E+02   0.4207319E+02   0.5183408E+02   0.5031888E+02   0.1149322E+04
   0.2080000E+03   0.2984338E+03   0.1239505E+03   0.1137809E+04   0.6545369E+04   0.1087104E+04  -0.9990000E+03   0.4354091E+02   0.4207077E+02   0.5183645E+02   0.5031941E+02   0.1149860E+04
   0.2090000E+03   0.2994544E+03   0.1240599E+03   0.1138646E+04   0.6550616E+04   0.1091401E+04  -0.9990000E+03   0.4353829E+02   0.4206836E+02   0.5183883E+02   0.5031994E+02   0.1150461E+04
   0.2100000E+03   0.3004873E+03   0.1241687E+03   0.1139475E+04   0.6555858E+04   0.1095698E+04  -0.9990000E+03   0.4353567E+02   0.4206595E+02   0.5184119E+02   0.5032047E+02   0.1151091E+04
   0.2110000E+03   0.3015274E+03   0.1242757E+03   0.1140295E+04   0.6561096E+04   0.1099994E+04  -0.9990000E+03   0.4353305E+02   0.4206354E+02   0.5184355E+02   0.5032100E+02   0.1151848E+04
   0.2120000E+03   0.3025712E+03   0.1243808E+03   0.1141103E+04   0.6566331E+04   0.1104288E+04  -0.9990000E+03   0.4353043E+02   0.4206113E+02   0.5184589E+02   0.5032151E+02   0.1152628E+04
   0.2130000E+03   0.3036167E+03   0.1244842E+03   0.1141919E+04   0.6571559E+04   0.1108582E+04  -0.9990000E+03   0.4352781E+02   0.4205872E+02   0.5184824E+02   0.5032203E+02   0.1153340E+04
   0.2140000E+03   0.3046647E+03   0.1245869E+03   0.1142723E+04   0.6576785E+04   0.1112875E+04  -0.9990000E+03   0.4352518E+02   0.4205630E+02   0.5185058E+02   0.5032255E+02   0.1153861E+04
   0.2150000E+03   0.3057206E+03   0.1246908E+03   0.1143597E+04   0.6582006E+04   0.1117166E+04  -0.9990000E+03   0.4352256E+02   0.4205389E+02   0.5185291E+02   0.5032306E+02   0.1154366E+04
   0.2160000E+03   0.3067851E+03   0.1247956E+03   0.1144457E+04   0.6587222E+04   0.1121457E+04  -0.9990000E+03   0.4351994E+02   0.4205148E+02   0.5185524E+02   0.5032357E+02   0.1155057E+04
   0.2170000E+03   0.3078596E+03   0.1249015E+03   0.1145301E+04   0.6592433E+04   0.1125746E+04  -0.9990000E+03   0.4351731E+02   0.4204908E+02   0.5185756E+02   0.5032409E+02   0.1155515E+04
   0.2180000E+03   0.3089456E+03   0.1250085E+03   0.1146164E+04   0.6597640E+04   0.1130035E+04  -0.9990000E+03   0.4351468E+02   0.4204666E+02   0.5185989E+02   0.5032460E+02   0.1155984E+04
   0.2190000E+03   0.3100431E+03   0.1251162E+03   0.1147040E+04   0.6602842E+04   0.1134323E+04  -0.9990000E+03   0.4351206E+02   0.4204425E+02   0.5186220E+02   0.5032510E+02   0.1156794E+04
   0.2200000E+03   0.3111476E+03   0.1252231E+03   0.1147966E+04   0.6608039E+04   0.1138609E+04   0.5471081E+04   0.4350945E+02   0.4204185E+02   0.5186450E+02   0.5032561E+02   0.1157549E+04
   0.2210000E+03   0.3122549E+03   0.1253283E+03   0.1148941E+04   0.6613233E+04   0.1142895E+04   0.5945042E+04   0.4350683E+02   0.4203945E+02   0.5186680E+02   0.5032611E+02   0.1158350E+04
   0.2220000E+03   0.3133625E+03   0.1254317E+03   0.1149965E+04   0.6618423E+04   0.1147179E+04   0.5967698E+04   0.4350420E+02   0.4203705E+02   0.5186910E+02   0.5032661E+02   0.1159034E+04
   0.2230000E+03   0.3144688E+03   0.1255336E+03   0.1151034E+04   0.6623608E+04   0.1151463E+04   0.5938537E+04   0.4350159E+02   0.4203464E+02   0.5187140E+02   0.5032711E+02   0.1159708E+04
   0.2240000E+03   0.3155724E+03   0.1256342E+03   0.1152143E+04   0.6628788E+04   0.1155746E+04   0.5912765E+04   0.4349897E+02   0.4203224E+02   0.5187369E+02   0.5032760E+02   0.1160456E+04
   0.2250000E+03   0.3166723E+03   0.1257338E+03   0.1153265E+04   0.6633964E+04   0.1160028E+04   0.5895065E+04   0.4349635E+02   0.4202983E+02   0.5187597E+02   0.5032810E+02   0.1161058E+04
   0.2260000E+03   0.3177676E+03   0.1258325E+03   0.1154394E+04   0.6639136E+04   0.1164308E+04   0.5877373E+04   0.4349374E+02   0.4202742E+02   0.5187825E+02   0.5032860E+02   0.1161682E+04
   0.2270000E+03   0.3188577E+03   0.1259305E+03   0.1155520E+04   0.6644303E+04   0.1168588E+04   0.5865665E+04   0.4349112E+02   0.4202502E+02   0.5188050E+02   0.5032909E+02   0.1162296E+04
   0.2280000E+03   0.3199462E+03   0.1260291E+03   0.1156655E+04   0.6649465E+04   0.1172867E+04   0.5858189E+04   0.4348851E+02   0.4202262E+02   0.5188276E+02   0.5032958E+02   0.1162879E+04
   0.2290000E+03   0.3210342E+03   0.1261283E+03   0.1157796E+04   0.6654621E+04   0.1177145E+04   0.5852094E+04   0.4348590E+02   0.4202021E+02   0.5188502E+02   0.5033006E+02   0.1163504E+04
   0.2300000E+03   0.3221201E+03   0.1262273E+03   0.1158942E+04   0.6659775E+04   0.1181422E+04   0.5847025E+04   0.4348328E+02   0.4201781E+02   0.5188726E+02   0.5033055E+02   0.1164228E+04
   0.2310000E+03   0.3232020E+03   0.1263258E+03   0.1160091E+04   0.6664923E+04   0.1185697E+04   0.5842867E+04   0.4348067E+02   0.4201542E+02   0.5188951E+02   0.5033103E+02   0.1164997E+04
   0.2320000E+03   0.3242789E+03   0.1264235E+03   0.1161240E+04   0.6670068E+04   0.1189972E+04   0.5839502E+04   0.4347805E+02   0.4201303E+02   0.5189175E+02   0.5033150E+02   0.1165675E+04
   0.2330000E+03   0.3253503E+03   0.1265206E+03   0.1162389E+04   0.6675209E+04   0.1194246E+04   0.5837300E+04   0.4347543E+02   0.4201064E+02   0.5189399E+02   0.5033198E+02   0.1166358E+04
   0.2340000E+03   0.3264155E+03   0.1266171E+03   0.1163536E+04   0.6680346E+04   0.1198519E+04   0.5835138E+04   0.4347281E+02   0.4200824E+02   0.5189622E+02   0.5033246E+02   0.1167021E+04
   0.2350000E+03   0.3274743E+03   0.1267132E+03   0.1164679E+04   0.6685477E+04   0.1202791E+04   0.5833677E+04   0.4347020E+02   0.4200585E+02   0.5189844E+02   0.5033294E+02   0.1167663E+04
   0.2360000E+03   0.3285264E+03   0.1268089E+03   0.1165818E+04   0.6690604E+04   0.1207062E+04   0.5832256E+04   0.4346758E+02   0.4200346E+02   0.5190066E+02   0.5033341E+02   0.1168315E+04
   0.2370000E+03   0.3295716E+03   0.1269043E+03   0.1166953E+04   0.6695726E+04   0.1211332E+04   0.5831294E+04   0.4346497E+02   0.4200107E+02   0.5190287E+02   0.5033388E+02   0.1168952E+04
   0.2380000E+03   0.3306096E+03   0.1269993E+03   0.1168082E+04   0.6700846E+04   0.1215601E+04   0.5830532E+04   0.4346235E+02   0.4199868E+02   0.5190508E+02   0.5033435E+02   0.1169591E+04
   0.2390000E+03   0.3316406E+03   0.1270943E+03   0.1169206E+04   0.6705960E+04   0.1219869E+04   0.5829911E+04   0.4345974E+02   0.4199629E+02   0.5190728E+02   0.5033481E+02   0.1170176E+04
   0.2400000E+03   0.3326652E+03   0.1271893E+03   0.1170308E+04   0.6711070E+04   0.1224136E+04   0.5829547E+04   0.4345712E+02   0.4199390E+02   0.5190947E+02   0.5033527E+02   0.1170761E+04
   0.2410000E+03   0.3336832E+03   0.1272840E+03   0.1171389E+04   0.6716176E+04   0.1228402E+04   0.5829204E+04   0.4345451E+02   0.4199152E+02   0.5191166E+02   0.5033573E+02   0.1171868E+04
   0.2420000E+03   0.3346942E+03   0.1273786E+03   0.1172448E+04   0.6721278E+04   0.1232667E+04   0.5828922E+04   0.4345189E+02   0.4198913E+02   0.5191385E+02   0.5033618E+02   0.1172442E+04
   0.2430000E+03   0.3356981E+03   0.1274729E+03   0.1173501E+04   0.6726375E+04   0.1236931E+04   0.5828666E+04   0.4344928E+02   0.4198673E+02   0.5191603E+02   0.5033664E+02   0.1173132E+04
   0.2440000E+03   0.3366946E+03   0.1275670E+03   0.1174549E+04   0.6731469E+04   0.1241194E+04   0.5828378E+04   0.4344665E+02   0.4198434E+02   0.5191820E+02   0.5033709E+02   0.1173841E+04
   0.2450000E+03   0.3376838E+03   0.1276609E+03   0.1175589E+04   0.6736557E+04   0.1245456E+04   0.5828190E+04   0.4344404E+02   0.4198196E+02   0.5192037E+02   0.5033755E+02   0.1174485E+04
   0.2460000E+03   0.3386656E+03   0.1277549E+03   0.1176624E+04   0.6741641E+04   0.1249718E+04   0.5828020E+04   0.4344143E+02   0.4197957E+02   0.5192253E+02   0.5033799E+02   0.1175112E+04
   0.2470000E+03   0.3396401E+03   0.1278486E+03   0.1177650E+04   0.6746722E+04   0.1253978E+04   0.5827872E+04   0.4343881E+02   0.4197719E+02   0.5192469E+02   0.5033844E+02   0.1175735E+04
   0.2480000E+03   0.3406072E+03   0.1279422E+03   0.1178653E+04   0.6751795E+04   0.1258237E+04   0.5827903E+04   0.4343620E+02   0.4197480E+02   0.5192685E+02   0.5033889E+02   0.1176289E+04
   0.2490000E+03   0.3415669E+03   0.1280355E+03   0.1179627E+04   0.6756866E+04   0.1262495E+04   0.5827871E+04   0.4343359E+02   0.4197242E+02   0.5192899E+02   0.5033934E+02   0.1177058E+04
   0.2500000E+03   0.3425192E+03   0.1281287E+03   0.1180576E+04   0.6761933E+04   0.1266753E+04   0.5827792E+04   0.4343098E+02   0.4197004E+02   0.5193114E+02   0.5033978E+02   0.1177815E+04
   0.2510000E+03   0.3434641E+03   0.1282218E+03   0.1181500E+04   0.6766995E+04   0.1271009E+04   0.5827702E+04   0.4342837E+02   0.4196766E+02   0.5193328E+02   0.5034021E+02   0.1178523E+04
   0.2520000E+03   0.3444016E+03   0.1283147E+03   0.1182450E+04   0.6772053E+04   0.1275264E+04   0.5827625E+04   0.4342575E+02   0.4196528E+02   0.5193540E+02   0.5034064E+02   0.1179299E+04
   0.2530000E+03   0.3453319E+03   0.1284076E+03   0.1183368E+04   0.6777107E+04   0.1279519E+04   0.5827555E+04   0.4342313E+02   0.4196289E+02   0.5193753E+02   0.5034106E+02   0.1179969E+04
   0.2540000E+03   0.3462548E+03   0.1285003E+03   0.1184282E+04   0.6782156E+04   0.1283772E+04   0.5827497E+04   0.4342052E+02   0.4196050E+02   0.5193966E+02   0.5034149E+02   0.1180676E+04
   0.2550000E+03   0.3471705E+03   0.1285930E+03   0.1185193E+04   0.6787203E+04   0.1288025E+04   0.5827450E+04   0.4341791E+02   0.4195812E+02   0.5194178E+02   0.5034191E+02   0.1181432E+04
   0.2560000E+03   0.3480789E+03   0.1286855E+03   0.1186101E+04   0.6792242E+04   0.1292277E+04   0.5827413E+04   0.4341529E+02   0.4195574E+02   0.5194390E+02   0.5034234E+02   0.1182166E+04
   0.2570000E+03   0.3489803E+03   0.1287780E+03   0.1187006E+04   0.6797279E+04   0.1296527E+04   0.5827383E+04   0.4341269E+02   0.4195336E+02   0.5194600E+02   0.5034277E+02   0.1182937E+04
   0.2580000E+03   0.3498744E+03   0.1288704E+03   0.1187907E+04   0.6802312E+04   0.1300777E+04   0.5827364E+04   0.4341008E+02   0.4195098E+02   0.5194810E+02   0.5034320E+02   0.1183655E+04
   0.2590000E+03   0.3507614E+03   0.1289629E+03   0.1188808E+04   0.6807341E+04   0.1305026E+04   0.5827402E+04   0.4340747E+02   0.4194860E+02   0.5195020E+02   0.5034362E+02   0.1184255E+04
   0.2600000E+03   0.3516481E+03   0.1290573E+03   0.1189830E+04   0.6812365E+04   0.1309274E+04   0.5827601E+04   0.4340486E+02   0.4194623E+02   0.5195228E+02   0.5034405E+02   0.1184958E+04
   0.2610000E+03   0.3525367E+03   0.1291534E+03   0.1190845E+04   0.6817385E+04   0.1313521E+04   0.5827698E+04   0.4340225E+02   0.4194385E+02   0.5195437E+02   0.5034447E+02   0.1185823E+04
   0.2620000E+03   0.3534254E+03   0.1292505E+03   0.1191845E+04   0.6822399E+04   0.1317767E+04   0.5827730E+04   0.4339964E+02   0.4194148E+02   0.5195646E+02   0.5034488E+02   0.1186373E+04
   0.2630000E+03   0.3543117E+03   0.1293473E+03   0.1192833E+04   0.6827411E+04   0.1322012E+04   0.5827704E+04   0.4339703E+02   0.4193910E+02   0.5195853E+02   0.5034528E+02   0.1187082E+04
   0.2640000E+03   0.3551940E+03   0.1294430E+03   0.1193841E+04   0.6832417E+04   0.1326256E+04   0.5831327E+04   0.4339442E+02   0.4193673E+02   0.5196060E+02   0.5034570E+02   0.1187923E+04
   0.2650000E+03   0.3560747E+03   0.1295392E+03   0.1194867E+04   0.6837421E+04   0.1330499E+04   0.5835130E+04   0.4339181E+02   0.4193436E+02   0.5196265E+02   0.5034612E+02   0.1188469E+04
   0.2660000E+03   0.3569529E+03   0.1296353E+03   0.1195916E+04   0.6842420E+04   0.1334741E+04   0.5842013E+04   0.4338920E+02   0.4193198E+02   0.5196471E+02   0.5034653E+02   0.1188892E+04
   0.2670000E+03   0.3578275E+03   0.1297305E+03   0.1197000E+04   0.6847414E+04   0.1338982E+04   0.5847389E+04   0.4338659E+02   0.4192962E+02   0.5196677E+02   0.5034695E+02   0.1189922E+04
   0.2680000E+03   0.3586976E+03   0.1298249E+03   0.1198105E+04   0.6852404E+04   0.1343222E+04   0.5849245E+04   0.4338398E+02   0.4192724E+02   0.5196881E+02   0.5034736E+02   0.1190251E+04
   0.2690000E+03   0.3595763E+03   0.1299231E+03   0.1199235E+04   0.6857390E+04   0.1347461E+04   0.5848424E+04   0.4338136E+02   0.4192487E+02   0.5197085E+02   0.5034777E+02   0.1190822E+04
   0.2700000E+03   0.3605108E+03   0.1300408E+03   0.1200380E+04   0.6862370E+04   0.1351699E+04   0.5846935E+04   0.4337876E+02   0.4192249E+02   0.5197289E+02   0.5034818E+02   0.1191243E+04
   0.2710000E+03   0.3615186E+03   0.1301804E+03   0.1201536E+04   0.6867350E+04   0.1355937E+04   0.5845521E+04   0.4337614E+02   0.4192013E+02   0.5197493E+02   0.5034858E+02   0.1191732E+04
   0.2720000E+03   0.3625647E+03   0.1303256E+03   0.1202698E+04   0.6872322E+04   0.1360174E+04   0.5844392E+04   0.4337352E+02   0.4191776E+02   0.5197695E+02   0.5034897E+02   0.1192682E+04
   0.2730000E+03   0.3636245E+03   0.1304668E+03   0.1203863E+04   0.6877291E+04   0.1364409E+04   0.5843468E+04   0.4337091E+02   0.4191539E+02   0.5197897E+02   0.5034938E+02   0.1193614E+04
   0.2740000E+03   0.3646909E+03   0.1306021E+03   0.1205035E+04   0.6882256E+04   0.1368644E+04   0.5842791E+04   0.4336830E+02   0.4191302E+02   0.5198099E+02   0.5034977E+02   0.1194252E+04
   0.2750000E+03   0.3657606E+03   0.1307315E+03   0.1206214E+04   0.6887218E+04   0.1372878E+04   0.5842203E+04   0.4336570E+02   0.4191066E+02   0.5198300E+02   0.5035016E+02   0.1194963E+04
   0.2760000E+03   0.3668301E+03   0.1308549E+03   0.1207395E+04   0.6892175E+04   0.1377110E+04   0.5841659E+04   0.4336308E+02   0.4190829E+02   0.5198500E+02   0.5035055E+02   0.1195550E+04
   0.2770000E+03   0.3678970E+03   0.1309725E+03   0.1208584E+04   0.6897126E+04   0.1381342E+04   0.5841258E+04   0.4336047E+02   0.4190592E+02   0.5198701E+02   0.5035094E+02   0.1196348E+04
   0.2780000E+03   0.3689633E+03   0.1310863E+03   0.1209767E+04   0.6902075E+04   0.1385573E+04   0.5840979E+04   0.4335786E+02   0.4190355E+02   0.5198901E+02   0.5035133E+02   0.1197000E+04
   0.2790000E+03   0.3700288E+03   0.1311970E+03   0.1210950E+04   0.6907020E+04   0.1389803E+04   0.5840712E+04   0.4335526E+02   0.4190118E+02   0.5199100E+02   0.5035172E+02   0.1197713E+04
   0.2800000E+03   0.3710916E+03   0.1313043E+03   0.1212128E+04   0.6911959E+04   0.1394032E+04   0.5840465E+04   0.4335265E+02   0.4189882E+02   0.5199299E+02   0.5035210E+02   0.1198661E+04
   0.2810000E+03   0.3721503E+03   0.1314087E+03   0.1213294E+04   0.6916895E+04   0.1398260E+04   0.5840266E+04   0.4335004E+02   0.4189646E+02   0.5199497E+02   0.5035249E+02   0.1199585E+04
   0.2820000E+03   0.3732038E+03   0.1315108E+03   0.1214447E+04   0.6921827E+04   0.1402487E+04   0.5840095E+04   0.4334743E+02   0.4189410E+02   0.5199695E+02   0.5035287E+02   0.1200061E+04
   0.2830000E+03   0.3742516E+03   0.1316110E+03   0.1215584E+04   0.6926755E+04   0.1406713E+04   0.5839962E+04   0.4334483E+02   0.4189173E+02   0.5199892E+02   0.5035326E+02   0.1200592E+04
   0.2840000E+03   0.3752933E+03   0.1317094E+03   0.1216707E+04   0.6931680E+04   0.1410939E+04   0.5839846E+04   0.4334222E+02   0.4188937E+02   0.5200089E+02   0.5035363E+02   0.1201089E+04
   0.2850000E+03   0.3763285E+03   0.1318064E+03   0.1217828E+04   0.6936598E+04   0.1415163E+04   0.5839758E+04   0.4333961E+02   0.4188701E+02   0.5200283E+02   0.5035400E+02   0.1201654E+04
   0.2860000E+03   0.3773570E+03   0.1319019E+03   0.1218945E+04   0.6941513E+04   0.1419387E+04   0.5839688E+04   0.4333700E+02   0.4188465E+02   0.5200479E+02   0.5035437E+02   0.1202477E+04
   0.2870000E+03   0.3783784E+03   0.1319963E+03   0.1220060E+04   0.6946424E+04   0.1423610E+04   0.5839634E+04   0.4333439E+02   0.4188229E+02   0.5200675E+02   0.5035474E+02   0.1203298E+04
   0.2880000E+03   0.3793927E+03   0.1320899E+03   0.1221173E+04   0.6951331E+04   0.1427831E+04   0.5839592E+04   0.4333179E+02   0.4187992E+02   0.5200869E+02   0.5035511E+02   0.1204106E+04
   0.2890000E+03   0.3803998E+03   0.1321828E+03   0.1222285E+04   0.6956235E+04   0.1432052E+04   0.5839560E+04   0.4332918E+02   0.4187757E+02   0.5201064E+02   0.5035548E+02   0.1204918E+04
   0.2900000E+03   0.3813995E+03   0.1322751E+03   0.1223394E+04   0.6961132E+04   0.1436272E+04   0.5839536E+04   0.4332658E+02   0.4187521E+02   0.5201257E+02   0.5035585E+02   0.1205700E+04
   0.2910000E+03   0.3823919E+03   0.1323668E+03   0.1224501E+04   0.6966027E+04   0.1440490E+04   0.5839519E+04   0.4332397E+02   0.4187286E+02   0.5201449E+02   0.5035622E+02   0.1206441E+04
   0.2920000E+03   0.3833768E+03   0.1324582E+03   0.1225606E+04   0.6970918E+04   0.1444708E+04   0.5839505E+04   0.4332136E+02   0.4187049E+02   0.5201641E+02   0.5035658E+02   0.1207277E+04
   0.2930000E+03   0.3843542E+03   0.1325492E+03   0.1226708E+04   0.6975805E+04   0.1448925E+04   0.5839497E+04   0.4331875E+02   0.4186814E+02   0.5201833E+02   0.5035694E+02   0.1208035E+04
   0.2940000E+03   0.3853241E+03   0.1326398E+03   0.1227808E+04   0.6980687E+04   0.1453141E+04   0.5839494E+04   0.4331615E+02   0.4186578E+02   0.5202025E+02   0.5035731E+02   0.1208798E+04
   0.2950000E+03   0.3862865E+03   0.1327302E+03   0.1228906E+04   0.6985566E+04   0.1457357E+04   0.5839494E+04   0.4331354E+02   0.4186343E+02   0.5202216E+02   0.5035767E+02   0.1209550E+04
   0.2960000E+03   0.3872428E+03   0.1328210E+03   0.1229990E+04   0.6990441E+04   0.1461571E+04   0.5839495E+04   0.4331094E+02   0.4186108E+02   0.5202407E+02   0.5035803E+02   0.1209969E+04
   0.2970000E+03   0.3881933E+03   0.1329120E+03   0.1231062E+04   0.6995311E+04   0.1465785E+04   0.5839498E+04   0.4330833E+02   0.4185872E+02   0.5202597E+02   0.5035838E+02   0.1210636E+04
   0.2980000E+03   0.3891374E+03   0.1330027E+03   0.1232121E+04   0.7000176E+04   0.1469997E+04   0.5839503E+04   0.4330573E+02   0.4185637E+02   0.5202787E+02   0.5035873E+02   0.1211334E+04
   0.2990000E+03   0.3900746E+03   0.1330930E+03   0.1233167E+04   0.7005039E+04   0.1474209E+04   0.5839510E+04   0.4330312E+02   0.4185402E+02   0.5202976E+02   0.5035908E+02   0.1212052E+04
   0.3000000E+03   0.3910048E+03   0.1331830E+03   0.1234201E+04   0.7009896E+04   0.1478420E+04   0.5839519E+04   0.4330052E+02   0.4185167E+02   0.5203165E+02   0.5035942E+02   0.1212765E+04
   0.3010000E+03   0.3919278E+03   0.1332728E+03   0.1235223E+04   0.7014751E+04   0.1482629E+04   0.5839528E+04   0.4329792E+02   0.4184932E+02   0.5203353E+02   0.5035978E+02   0.1213520E+04
   0.3020000E+03   0.3928439E+03   0.1333624E+03   0.1236233E+04   0.7019600E+04   0.1486838E+04   0.5839537E+04   0.4329531E+02   0.4184697E+02   0.5203540E+02   0.5036012E+02   0.1214267E+04
   0.3030000E+03   0.3937527E+03   0.1334519E+03   0.1237231E+04   0.7024445E+04   0.1491046E+04   0.5839548E+04   0.4329271E+02   0.4184461E+02   0.5203727E+02   0.5036047E+02   0.1215008E+04
   0.3040000E+03   0.3946544E+03   0.1335411E+03   0.1238217E+04   0.7029287E+04   0.1495253E+04   0.5839560E+04   0.4329010E+02   0.4184226E+02   0.5203914E+02   0.5036081E+02   0.1215748E+04
   0.3050000E+03   0.3955490E+03   0.1336302E+03   0.1239192E+04   0.7034124E+04   0.1499459E+04   0.5839570E+04   0.4328750E+02   0.4183990E+02   0.5204100E+02   0.5036115E+02   0.1216481E+04
   0.3060000E+03   0.3964362E+03   0.1337192E+03   0.1240154E+04   0.7038958E+04   0.1503664E+04   0.5839582E+04   0.4328490E+02   0.4183755E+02   0.5204285E+02   0.5036148E+02   0.1217227E+04
   0.3070000E+03   0.3973164E+03   0.1338080E+03   0.1241106E+04   0.7043788E+04   0.1507868E+04   0.5839595E+04   0.4328229E+02   0.4183521E+02   0.5204471E+02   0.5036182E+02   0.1217973E+04
   0.3080000E+03   0.3981895E+03   0.1338967E+03   0.1242046E+04   0.7048613E+04   0.1512071E+04   0.5839606E+04   0.4327969E+02   0.4183286E+02   0.5204655E+02   0.5036216E+02   0.1218673E+04
   0.3090000E+03   0.3990555E+03   0.1339852E+03   0.1242976E+04   0.7053435E+04   0.1516273E+04   0.5839618E+04   0.4327708E+02   0.4183051E+02   0.5204839E+02   0.5036249E+02   0.1219365E+04
   0.3100000E+03   0.3999145E+03   0.1340737E+03   0.1243894E+04   0.7058252E+04   0.1520475E+04   0.5839630E+04   0.4327448E+02   0.4182816E+02   0.5205023E+02   0.5036281E+02   0.1220048E+04
   0.3110000E+03   0.4007664E+03   0.1341620E+03   0.1244802E+04   0.7063066E+04   0.1524675E+04   0.5839643E+04   0.4327188E+02   0.4182581E+02   0.5205207E+02   0.5036315E+02   0.1220714E+04
   0.3120000E+03   0.4016112E+03   0.1342503E+03   0.1245699E+04   0.7067875E+04   0.1528875E+04   0.5839656E+04   0.4326927E+02   0.4182346E+02   0.5205389E+02   0.5036347E+02   0.1221393E+04
   0.3130000E+03   0.4024492E+03   0.1343384E+03   0.1246585E+04   0.7072680E+04   0.1533074E+04   0.5839668E+04   0.4326668E+02   0.4182112E+02   0.5205571E+02   0.5036380E+02   0.1222069E+04
   0.3140000E+03   0.4032801E+03   0.1344265E+03   0.1247461E+04   0.7077484E+04   0.1537272E+04   0.5839682E+04   0.4326408E+02   0.4181877E+02   0.5205754E+02   0.5036412E+02   0.1222747E+04
   0.3150000E+03   0.4041042E+03   0.1345144E+03   0.1248326E+04   0.7082281E+04   0.1541469E+04   0.5839695E+04   0.4326147E+02   0.4181643E+02   0.5205934E+02   0.5036444E+02   0.1223419E+04
   0.3160000E+03   0.4049213E+03   0.1346023E+03   0.1249182E+04   0.7087074E+04   0.1545665E+04   0.5839708E+04   0.4325887E+02   0.4181409E+02   0.5206115E+02   0.5036476E+02   0.1224221E+04
   0.3170000E+03   0.4057316E+03   0.1346901E+03   0.1250027E+04   0.7091865E+04   0.1549860E+04   0.5839720E+04   0.4325627E+02   0.4181176E+02   0.5206296E+02   0.5036508E+02   0.1225027E+04
   0.3180000E+03   0.4065352E+03   0.1347779E+03   0.1250862E+04   0.7096650E+04   0.1554054E+04   0.5839733E+04   0.4325367E+02   0.4180942E+02   0.5206477E+02   0.5036541E+02   0.1225844E+04
   0.3190000E+03   0.4073320E+03   0.1348655E+03   0.1251688E+04   0.7101432E+04   0.1558248E+04   0.5839746E+04   0.4325107E+02   0.4180709E+02   0.5206656E+02   0.5036572E+02   0.1226658E+04
   0.3200000E+03   0.4081221E+03   0.1349531E+03   0.1252503E+04   0.7106208E+04   0.1562440E+04   0.5839761E+04   0.4324847E+02   0.4180475E+02   0.5206835E+02   0.5036603E+02   0.1227473E+04
   0.3210000E+03   0.4089055E+03   0.1350406E+03   0.1253309E+04   0.7110981E+04   0.1566632E+04   0.5839774E+04   0.4324587E+02   0.4180241E+02   0.5207014E+02   0.5036634E+02   0.1228286E+04
   0.3220000E+03   0.4096822E+03   0.1351279E+03   0.1254106E+04   0.7115751E+04   0.1570823E+04   0.5839786E+04   0.4324327E+02   0.4180007E+02   0.5207192E+02   0.5036665E+02   0.1229098E+04
   0.3230000E+03   0.4104523E+03   0.1352153E+03   0.1254893E+04   0.7120517E+04   0.1575013E+04   0.5839798E+04   0.4324068E+02   0.4179773E+02   0.5207370E+02   0.5036697E+02   0.1229910E+04
   0.3240000E+03   0.4112158E+03   0.1353025E+03   0.1255671E+04   0.7125279E+04   0.1579202E+04   0.5839812E+04   0.4323808E+02   0.4179539E+02   0.5207548E+02   0.5036728E+02   0.1230741E+04
   0.3250000E+03   0.4119728E+03   0.1353896E+03   0.1256439E+04   0.7130037E+04   0.1583390E+04   0.5839826E+04   0.4323549E+02   0.4179305E+02   0.5207724E+02   0.5036760E+02   0.1231592E+04
   0.3260000E+03   0.4127234E+03   0.1354766E+03   0.1257198E+04   0.7134790E+04   0.1587577E+04   0.5839839E+04   0.4323289E+02   0.4179071E+02   0.5207901E+02   0.5036790E+02   0.1232439E+04
   0.3270000E+03   0.4134673E+03   0.1355636E+03   0.1257949E+04   0.7139542E+04   0.1591763E+04   0.5839853E+04   0.4323029E+02   0.4178838E+02   0.5208076E+02   0.5036820E+02   0.1233286E+04
   0.3280000E+03   0.4142048E+03   0.1356505E+03   0.1258691E+04   0.7144289E+04   0.1595948E+04   0.5839865E+04   0.4322770E+02   0.4178605E+02   0.5208251E+02   0.5036850E+02   0.1234133E+04
   0.3290000E+03   0.4149360E+03   0.1357373E+03   0.1259423E+04   0.7149029E+04   0.1600133E+04   0.5839878E+04   0.4322511E+02   0.4178371E+02   0.5208427E+02   0.5036881E+02   0.1234978E+04
   0.3300000E+03   0.4156607E+03   0.1358240E+03   0.1260147E+04   0.7153767E+04   0.1604317E+04   0.5839890E+04   0.4322251E+02   0.4178138E+02   0.5208602E+02   0.5036911E+02   0.1235823E+04
   0.3310000E+03   0.4163792E+03   0.1359106E+03   0.1260862E+04   0.7158502E+04   0.1608499E+04   0.5839903E+04   0.4321991E+02   0.4177904E+02   0.5208775E+02   0.5036940E+02   0.1236667E+04
   0.3320000E+03   0.4170915E+03   0.1359972E+03   0.1261569E+04   0.7163232E+04   0.1612681E+04   0.5839917E+04   0.4321732E+02   0.4177671E+02   0.5208949E+02   0.5036970E+02   0.1237510E+04
   0.3330000E+03   0.4177975E+03   0.1360836E+03   0.1262267E+04   0.7167959E+04   0.1616862E+04   0.5839931E+04   0.4321472E+02   0.4177438E+02   0.5209122E+02   0.5036999E+02   0.1238353E+04
   0.3340000E+03   0.4184973E+03   0.1361700E+03   0.1262957E+04   0.7172683E+04   0.1621042E+04   0.5839944E+04   0.4321212E+02   0.4177204E+02   0.5209293E+02   0.5037028E+02   0.1239194E+04
   0.3350000E+03   0.4191909E+03   0.1362563E+03   0.1263638E+04   0.7177402E+04   0.1625222E+04   0.5839957E+04   0.4320953E+02   0.4176970E+02   0.5209465E+02   0.5037057E+02   0.1240018E+04
   0.3360000E+03   0.4198784E+03   0.1363425E+03   0.1264312E+04   0.7182118E+04   0.1629400E+04   0.5839970E+04   0.4320694E+02   0.4176737E+02   0.5209637E+02   0.5037086E+02   0.1240741E+04
   0.3370000E+03   0.4205599E+03   0.1364285E+03   0.1264977E+04   0.7186828E+04   0.1633577E+04   0.5839983E+04   0.4320433E+02   0.4176504E+02   0.5209808E+02   0.5037115E+02   0.1241456E+04
   0.3380000E+03   0.4212353E+03   0.1365145E+03   0.1265634E+04   0.7191537E+04   0.1637754E+04   0.5839998E+04   0.4320174E+02   0.4176271E+02   0.5209979E+02   0.5037143E+02   0.1242159E+04
   0.3390000E+03   0.4219046E+03   0.1366004E+03   0.1266284E+04   0.7196241E+04   0.1641929E+04   0.5840010E+04   0.4319915E+02   0.4176038E+02   0.5210149E+02   0.5037172E+02   0.1242858E+04
   0.3400000E+03   0.4225680E+03   0.1366863E+03   0.1266925E+04   0.7200941E+04   0.1646104E+04   0.5840024E+04   0.4319655E+02   0.4175805E+02   0.5210318E+02   0.5037200E+02   0.1243558E+04
   0.3410000E+03   0.4232254E+03   0.1367720E+03   0.1267559E+04   0.7205636E+04   0.1650278E+04   0.5840037E+04   0.4319396E+02   0.4175572E+02   0.5210487E+02   0.5037228E+02   0.1244256E+04
   0.3420000E+03   0.4238768E+03   0.1368577E+03   0.1268185E+04   0.7210328E+04   0.1654451E+04   0.5840051E+04   0.4319136E+02   0.4175340E+02   0.5210656E+02   0.5037256E+02   0.1244977E+04
   0.3430000E+03   0.4245225E+03   0.1369433E+03   0.1268803E+04   0.7215015E+04   0.1658623E+04   0.5840064E+04   0.4318877E+02   0.4175107E+02   0.5210824E+02   0.5037283E+02   0.1245668E+04
   0.3440000E+03   0.4251623E+03   0.1370288E+03   0.1269414E+04   0.7219698E+04   0.1662794E+04   0.5840077E+04   0.4318618E+02   0.4174875E+02   0.5210992E+02   0.5037311E+02   0.1246411E+04
   0.3450000E+03   0.4257963E+03   0.1371143E+03   0.1270018E+04   0.7224379E+04   0.1666965E+04   0.5840090E+04   0.4318359E+02   0.4174643E+02   0.5211160E+02   0.5037339E+02   0.1247135E+04
   0.3460000E+03   0.4264244E+03   0.1371996E+03   0.1270614E+04   0.7229054E+04   0.1671134E+04   0.5840103E+04   0.4318100E+02   0.4174411E+02   0.5211326E+02   0.5037366E+02   0.1247862E+04
   0.3470000E+03   0.4270469E+03   0.1372849E+03   0.1271203E+04   0.7233726E+04   0.1675303E+04   0.5840117E+04   0.4317841E+02   0.4174178E+02   0.5211493E+02   0.5037394E+02   0.1248591E+04
   0.3480000E+03   0.4276636E+03   0.1373701E+03   0.1271784E+04   0.7238395E+04   0.1679471E+04   0.5840129E+04   0.4317582E+02   0.4173946E+02   0.5211659E+02   0.5037421E+02   0.1249314E+04
   0.3490000E+03   0.4282747E+03   0.1374552E+03   0.1272359E+04   0.7243060E+04   0.1683638E+04   0.5840143E+04   0.4317323E+02   0.4173714E+02   0.5211825E+02   0.5037447E+02   0.1250042E+04
   0.3500000E+03   0.4288802E+03   0.1375402E+03   0.1272926E+04   0.7247721E+04   0.1687804E+04   0.5840156E+04   0.4317064E+02   0.4173481E+02   0.5211990E+02   0.5037473E+02   0.1250763E+04
   0.3510000E+03   0.4294800E+03   0.1376251E+03   0.1273487E+04   0.7252378E+04   0.1691969E+04   0.5840170E+04   0.4316804E+02   0.4173249E+02   0.5212154E+02   0.5037500E+02   0.1251482E+04
   0.3520000E+03   0.4300741E+03   0.1377100E+03   0.1274040E+04   0.7257033E+04   0.1696133E+04   0.5840183E+04   0.4316545E+02   0.4173017E+02   0.5212318E+02   0.5037526E+02   0.1252201E+04
   0.3530000E+03   0.4306628E+03   0.1377947E+03   0.1274587E+04   0.7261682E+04   0.1700297E+04   0.5840197E+04   0.4316286E+02   0.4172785E+02   0.5212482E+02   0.5037551E+02   0.1252918E+04
   0.3540000E+03   0.4312458E+03   0.1378794E+03   0.1275126E+04   0.7266328E+04   0.1704459E+04   0.5840208E+04   0.4316027E+02   0.4172552E+02   0.5212647E+02   0.5037577E+02   0.1253634E+04
   0.3550000E+03   0.4318235E+03   0.1379640E+03   0.1275659E+04   0.7270970E+04   0.1708620E+04   0.5840223E+04   0.4315768E+02   0.4172321E+02   0.5212810E+02   0.5037603E+02   0.1254349E+04
   0.3560000E+03   0.4323957E+03   0.1380484E+03   0.1276185E+04   0.7275610E+04   0.1712781E+04   0.5840236E+04   0.4315509E+02   0.4172088E+02   0.5212973E+02   0.5037629E+02   0.1255062E+04
   0.3570000E+03   0.4329625E+03   0.1381328E+03   0.1276704E+04   0.7280245E+04   0.1716941E+04   0.5840250E+04   0.4315250E+02   0.4171856E+02   0.5213136E+02   0.5037654E+02   0.1255774E+04
   0.3580000E+03   0.4335240E+03   0.1382172E+03   0.1277217E+04   0.7284876E+04   0.1721100E+04   0.5840262E+04   0.4314990E+02   0.4171624E+02   0.5213298E+02   0.5037680E+02   0.1256485E+04
   0.3590000E+03   0.4340801E+03   0.1383014E+03   0.1277724E+04   0.7289504E+04   0.1725258E+04   0.5840275E+04   0.4314731E+02   0.4171392E+02   0.5213459E+02   0.5037705E+02   0.1257198E+04
   0.3600000E+03   0.4346309E+03   0.1383856E+03   0.1278224E+04   0.7294126E+04   0.1729415E+04   0.5840288E+04   0.4314471E+02   0.4171161E+02   0.5213619E+02   0.5037730E+02   0.1257908E+04
   0.3610000E+03   0.4351764E+03   0.1384697E+03   0.1278717E+04   0.7298747E+04   0.1733571E+04   0.5840302E+04   0.4314212E+02   0.4170929E+02   0.5213779E+02   0.5037755E+02   0.1258617E+04
   0.3620000E+03   0.4357166E+03   0.1385537E+03   0.1279205E+04   0.7303362E+04   0.1737727E+04   0.5840316E+04   0.4313953E+02   0.4170696E+02   0.5213940E+02   0.5037779E+02   0.1259326E+04
   0.3630000E+03   0.4362516E+03   0.1386376E+03   0.1279686E+04   0.7307975E+04   0.1741882E+04   0.5840329E+04   0.4313694E+02   0.4170465E+02   0.5214100E+02   0.5037803E+02   0.1260035E+04
   0.3640000E+03   0.4367814E+03   0.1387214E+03   0.1280161E+04   0.7312583E+04   0.1746035E+04   0.5840342E+04   0.4313435E+02   0.4170233E+02   0.5214260E+02   0.5037828E+02   0.1260742E+04
   0.3650000E+03   0.4373060E+03   0.1388052E+03   0.1280630E+04   0.7317188E+04   0.1750188E+04   0.5840355E+04   0.4313176E+02   0.4170002E+02   0.5214419E+02   0.5037852E+02   0.1261448E+04
   0.3660000E+03   0.4378256E+03   0.1388888E+03   0.1281093E+04   0.7321789E+04   0.1754340E+04   0.5840369E+04   0.4312917E+02   0.4169770E+02   0.5214577E+02   0.5037877E+02   0.1262154E+04
   0.3670000E+03   0.4383400E+03   0.1389724E+03   0.1281550E+04   0.7326385E+04   0.1758492E+04   0.5840381E+04   0.4312658E+02   0.4169539E+02   0.5214735E+02   0.5037900E+02   0.1262870E+04
   0.3680000E+03   0.4388493E+03   0.1390559E+03   0.1282001E+04   0.7330978E+04   0.1762642E+04   0.5840394E+04   0.4312398E+02   0.4169308E+02   0.5214893E+02   0.5037924E+02   0.1263575E+04
   0.3690000E+03   0.4393536E+03   0.1391393E+03   0.1282447E+04   0.7335569E+04   0.1766792E+04   0.5840407E+04   0.4312140E+02   0.4169077E+02   0.5215049E+02   0.5037949E+02   0.1264279E+04
   0.3700000E+03   0.4398529E+03   0.1392226E+03   0.1282886E+04   0.7340154E+04   0.1770940E+04   0.5840420E+04   0.4311881E+02   0.4168847E+02   0.5215206E+02   0.5037971E+02   0.1264982E+04
   0.3710000E+03   0.4403473E+03   0.1393058E+03   0.1283319E+04   0.7344737E+04   0.1775088E+04   0.5840435E+04   0.4311623E+02   0.4168616E+02   0.5215362E+02   0.5037994E+02   0.1265694E+04
   0.3720000E+03   0.4408367E+03   0.1393890E+03   0.1283746E+04   0.7349314E+04   0.1779235E+04   0.5840453E+04   0.4311364E+02   0.4168385E+02   0.5215518E+02   0.5038017E+02   0.1266402E+04
   0.3730000E+03   0.4413211E+03   0.1394720E+03   0.1284168E+04   0.7353889E+04   0.1783381E+04   0.5840471E+04   0.4311106E+02   0.4168154E+02   0.5215673E+02   0.5038041E+02   0.1267092E+04
   0.3740000E+03   0.4418006E+03   0.1395550E+03   0.1284584E+04   0.7358460E+04   0.1787526E+04   0.5840486E+04   0.4310847E+02   0.4167923E+02   0.5215828E+02   0.5038063E+02   0.1267771E+04
   0.3750000E+03   0.4422753E+03   0.1396379E+03   0.1284995E+04   0.7363027E+04   0.1791671E+04   0.5840500E+04   0.4310588E+02   0.4167691E+02   0.5215982E+02   0.5038085E+02   0.1268462E+04
   0.3760000E+03   0.4427451E+03   0.1397207E+03   0.1285400E+04   0.7367591E+04   0.1795814E+04   0.5840514E+04   0.4310330E+02   0.4167461E+02   0.5216137E+02   0.5038107E+02   0.1269112E+04
   0.3770000E+03   0.4432103E+03   0.1398035E+03   0.1285800E+04   0.7372150E+04   0.1799957E+04   0.5840526E+04   0.4310072E+02   0.4167231E+02   0.5216291E+02   0.5038130E+02   0.1269806E+04
   0.3780000E+03   0.4436705E+03   0.1398861E+03   0.1286195E+04   0.7376708E+04   0.1804099E+04   0.5840538E+04   0.4309813E+02   0.4167001E+02   0.5216444E+02   0.5038152E+02   0.1270495E+04
   0.3790000E+03   0.4441260E+03   0.1399687E+03   0.1286583E+04   0.7381261E+04   0.1808240E+04   0.5840549E+04   0.4309555E+02   0.4166771E+02   0.5216598E+02   0.5038173E+02   0.1271187E+04
   0.3800000E+03   0.4445769E+03   0.1400512E+03   0.1286967E+04   0.7385810E+04   0.1812380E+04   0.5840559E+04   0.4309297E+02   0.4166542E+02   0.5216751E+02   0.5038196E+02   0.1271878E+04
   0.3810000E+03   0.4450230E+03   0.1401336E+03   0.1287345E+04   0.7390356E+04   0.1816519E+04   0.5840570E+04   0.4309038E+02   0.4166312E+02   0.5216902E+02   0.5038218E+02   0.1272566E+04
   0.3820000E+03   0.4454644E+03   0.1402246E+03   0.1287718E+04   0.7394896E+04   0.1820657E+04   0.5840581E+04   0.4308780E+02   0.4166082E+02   0.5217053E+02   0.5038239E+02   0.1273255E+04
   0.3830000E+03   0.4459012E+03   0.1403139E+03   0.1288086E+04   0.7399435E+04   0.1824795E+04   0.5840593E+04   0.4308521E+02   0.4165852E+02   0.5217205E+02   0.5038260E+02   0.1273894E+04
   0.3840000E+03   0.4463333E+03   0.1404020E+03   0.1288449E+04   0.7403967E+04   0.1828931E+04   0.5840605E+04   0.4308262E+02   0.4165622E+02   0.5217356E+02   0.5038281E+02   0.1274598E+04
   0.3850000E+03   0.4467609E+03   0.1404888E+03   0.1288806E+04   0.7408498E+04   0.1833067E+04   0.5840619E+04   0.4308003E+02   0.4165392E+02   0.5217506E+02   0.5038302E+02   0.1275299E+04
   0.3860000E+03   0.4471840E+03   0.1405748E+03   0.1289159E+04   0.7413025E+04   0.1837202E+04   0.5840630E+04   0.4307745E+02   0.4165162E+02   0.5217656E+02   0.5038323E+02   0.1275938E+04
   0.3870000E+03   0.4476025E+03   0.1406598E+03   0.1289506E+04   0.7417546E+04   0.1841336E+04   0.5840643E+04   0.4307486E+02   0.4164933E+02   0.5217805E+02   0.5038344E+02   0.1276645E+04
   0.3880000E+03   0.4480165E+03   0.1407443E+03   0.1289849E+04   0.7422067E+04   0.1845470E+04   0.5840654E+04   0.4307227E+02   0.4164703E+02   0.5217954E+02   0.5038364E+02   0.1277348E+04
   0.3890000E+03   0.4484260E+03   0.1408281E+03   0.1290187E+04   0.7426582E+04   0.1849602E+04   0.5840667E+04   0.4306968E+02   0.4164474E+02   0.5218103E+02   0.5038384E+02   0.1278050E+04
   0.3900000E+03   0.4488310E+03   0.1409115E+03   0.1290520E+04   0.7431093E+04   0.1853733E+04   0.5840683E+04   0.4306709E+02   0.4164244E+02   0.5218251E+02   0.5038404E+02   0.1278709E+04
   0.3910000E+03   0.4492317E+03   0.1409945E+03   0.1290848E+04   0.7435601E+04   0.1857864E+04   0.5840696E+04   0.4306450E+02   0.4164014E+02   0.5218399E+02   0.5038425E+02   0.1279355E+04
   0.3920000E+03   0.4496279E+03   0.1410771E+03   0.1291171E+04   0.7440105E+04   0.1861994E+04   0.5840710E+04   0.4306192E+02   0.4163785E+02   0.5218547E+02   0.5038445E+02   0.1280001E+04
   0.3930000E+03   0.4500198E+03   0.1411594E+03   0.1291489E+04   0.7444606E+04   0.1866123E+04   0.5840721E+04   0.4305933E+02   0.4163556E+02   0.5218694E+02   0.5038465E+02   0.1280654E+04
   0.3940000E+03   0.4504073E+03   0.1412415E+03   0.1291803E+04   0.7449104E+04   0.1870251E+04   0.5840734E+04   0.4305675E+02   0.4163327E+02   0.5218841E+02   0.5038484E+02   0.1281336E+04
   0.3950000E+03   0.4507906E+03   0.1413233E+03   0.1292112E+04   0.7453596E+04   0.1874378E+04   0.5840752E+04   0.4305416E+02   0.4163098E+02   0.5218987E+02   0.5038504E+02   0.1282020E+04
   0.3960000E+03   0.4511696E+03   0.1414049E+03   0.1292416E+04   0.7458086E+04   0.1878505E+04   0.5840768E+04   0.4305158E+02   0.4162868E+02   0.5219134E+02   0.5038523E+02   0.1282621E+04
   0.3970000E+03   0.4515443E+03   0.1414864E+03   0.1292716E+04   0.7462573E+04   0.1882630E+04   0.5840781E+04   0.4304900E+02   0.4162640E+02   0.5219279E+02   0.5038543E+02   0.1283318E+04
   0.3980000E+03   0.4519147E+03   0.1415677E+03   0.1293011E+04   0.7467056E+04   0.1886755E+04   0.5840791E+04   0.4304641E+02   0.4162411E+02   0.5219424E+02   0.5038562E+02   0.1283948E+04
   0.3990000E+03   0.4522810E+03   0.1416488E+03   0.1293302E+04   0.7471534E+04   0.1890879E+04   0.5840803E+04   0.4304382E+02   0.4162182E+02   0.5219568E+02   0.5038580E+02   0.1284585E+04
   0.4000000E+03   0.4526430E+03   0.1417298E+03   0.1293589E+04   0.7476011E+04   0.1895001E+04   0.5840818E+04   0.4304124E+02   0.4161954E+02   0.5219712E+02   0.5038598E+02   0.1285261E+04
   0.4010000E+03   0.4530010E+03   0.1418107E+03   0.1293871E+04   0.7480483E+04   0.1899124E+04   0.5840834E+04   0.4303866E+02   0.4161725E+02   0.5219857E+02   0.5038617E+02   0.1285985E+04
   0.4020000E+03   0.4533547E+03   0.1418914E+03   0.1294148E+04   0.7484951E+04   0.1903245E+04   0.5840848E+04   0.4303607E+02   0.4161496E+02   0.5220000E+02   0.5038636E+02   0.1286642E+04
   0.4030000E+03   0.4537044E+03   0.1419721E+03   0.1294421E+04   0.7489416E+04   0.1907365E+04   0.5840860E+04   0.4303349E+02   0.4161267E+02   0.5220144E+02   0.5038655E+02   0.1287299E+04
   0.4040000E+03   0.4540499E+03   0.1420526E+03   0.1294690E+04   0.7493878E+04   0.1911485E+04   0.5840871E+04   0.4303091E+02   0.4161038E+02   0.5220286E+02   0.5038674E+02   0.1287960E+04
   0.4050000E+03   0.4543914E+03   0.1421330E+03   0.1294954E+04   0.7498334E+04   0.1915604E+04   0.5840882E+04   0.4302832E+02   0.4160809E+02   0.5220428E+02   0.5038692E+02   0.1288614E+04
   0.4060000E+03   0.4547289E+03   0.1422133E+03   0.1295214E+04   0.7502790E+04   0.1919721E+04   0.5840893E+04   0.4302573E+02   0.4160580E+02   0.5220570E+02   0.5038710E+02   0.1289276E+04
   0.4070000E+03   0.4550623E+03   0.1422935E+03   0.1295470E+04   0.7507241E+04   0.1923838E+04   0.5840905E+04   0.4302316E+02   0.4160351E+02   0.5220710E+02   0.5038728E+02   0.1289928E+04
   0.4080000E+03   0.4553918E+03   0.1423736E+03   0.1295722E+04   0.7511688E+04   0.1927955E+04   0.5840917E+04   0.4302057E+02   0.4160123E+02   0.5220852E+02   0.5038746E+02   0.1290588E+04
   0.4090000E+03   0.4557173E+03   0.1424537E+03   0.1295969E+04   0.7516131E+04   0.1932070E+04   0.5840930E+04   0.4301799E+02   0.4159895E+02   0.5220992E+02   0.5038764E+02   0.1291239E+04
   0.4100000E+03   0.4560388E+03   0.1425336E+03   0.1296213E+04   0.7520571E+04   0.1936185E+04   0.5840943E+04   0.4301540E+02   0.4159667E+02   0.5221132E+02   0.5038782E+02   0.1291898E+04
   0.4110000E+03   0.4563566E+03   0.1426135E+03   0.1296452E+04   0.7525008E+04   0.1940299E+04   0.5840954E+04   0.4301282E+02   0.4159439E+02   0.5221272E+02   0.5038800E+02   0.1292548E+04
   0.4120000E+03   0.4566704E+03   0.1426932E+03   0.1296688E+04   0.7529441E+04   0.1944412E+04   0.5840968E+04   0.4301024E+02   0.4159211E+02   0.5221411E+02   0.5038817E+02   0.1293202E+04
   0.4130000E+03   0.4569804E+03   0.1427729E+03   0.1296919E+04   0.7533871E+04   0.1948524E+04   0.5840982E+04   0.4300766E+02   0.4158982E+02   0.5221549E+02   0.5038834E+02   0.1293862E+04
   0.4140000E+03   0.4572865E+03   0.1428524E+03   0.1297147E+04   0.7538297E+04   0.1952635E+04   0.5840995E+04   0.4300507E+02   0.4158754E+02   0.5221687E+02   0.5038850E+02   0.1294523E+04
   0.4150000E+03   0.4575888E+03   0.1429319E+03   0.1297370E+04   0.7542718E+04   0.1956745E+04   0.5841007E+04   0.4300249E+02   0.4158526E+02   0.5221825E+02   0.5038868E+02   0.1295181E+04
   0.4160000E+03   0.4578873E+03   0.1430114E+03   0.1297590E+04   0.7547138E+04   0.1960855E+04   0.5841020E+04   0.4299991E+02   0.4158298E+02   0.5221963E+02   0.5038885E+02   0.1295839E+04
   0.4170000E+03   0.4581819E+03   0.1430907E+03   0.1297806E+04   0.7551553E+04   0.1964964E+04   0.5841032E+04   0.4299734E+02   0.4158070E+02   0.5222100E+02   0.5038901E+02   0.1296500E+04
   0.4180000E+03   0.4584730E+03   0.1431699E+03   0.1298017E+04   0.7555965E+04   0.1969072E+04   0.5841045E+04   0.4299477E+02   0.4157842E+02   0.5222238E+02   0.5038917E+02   0.1297160E+04
   0.4190000E+03   0.4587603E+03   0.1432491E+03   0.1298225E+04   0.7560371E+04   0.1973179E+04   0.5841059E+04   0.4299219E+02   0.4157614E+02   0.5222374E+02   0.5038933E+02   0.1297819E+04
   0.4200000E+03   0.4590440E+03   0.1433283E+03   0.1298430E+04   0.7564775E+04   0.1977285E+04   0.5841074E+04   0.4298960E+02   0.4157386E+02   0.5222510E+02   0.5038950E+02   0.1298492E+04
   0.4210000E+03   0.4593241E+03   0.1434073E+03   0.1298630E+04   0.7569177E+04   0.1981390E+04   0.5841088E+04   0.4298702E+02   0.4157158E+02   0.5222646E+02   0.5038966E+02   0.1299149E+04
   0.4220000E+03   0.4596007E+03   0.1434863E+03   0.1298827E+04   0.7573574E+04   0.1985495E+04   0.5841102E+04   0.4298444E+02   0.4156931E+02   0.5222782E+02   0.5038981E+02   0.1299806E+04
   0.4230000E+03   0.4598739E+03   0.1435652E+03   0.1299021E+04   0.7577968E+04   0.1989599E+04   0.5841115E+04   0.4298186E+02   0.4156704E+02   0.5222918E+02   0.5038997E+02   0.1300463E+04
   0.4240000E+03   0.4601436E+03   0.1436441E+03   0.1299210E+04   0.7582358E+04   0.1993702E+04   0.5841126E+04   0.4297927E+02   0.4156476E+02   0.5223052E+02   0.5039013E+02   0.1301118E+04
   0.4250000E+03   0.4604098E+03   0.1437228E+03   0.1299396E+04   0.7586745E+04   0.1997804E+04   0.5841139E+04   0.4297669E+02   0.4156249E+02   0.5223185E+02   0.5039028E+02   0.1301774E+04
   0.4260000E+03   0.4606725E+03   0.1438014E+03   0.1299579E+04   0.7591129E+04   0.2001905E+04   0.5841152E+04   0.4297411E+02   0.4156022E+02   0.5223319E+02   0.5039042E+02   0.1302403E+04
   0.4270000E+03   0.4609317E+03   0.1438800E+03   0.1299758E+04   0.7595510E+04   0.2006005E+04   0.5841164E+04   0.4297153E+02   0.4155795E+02   0.5223453E+02   0.5039058E+02   0.1303044E+04
   0.4280000E+03   0.4611873E+03   0.1439584E+03   0.1299933E+04   0.7599885E+04   0.2010105E+04   0.5841176E+04   0.4296894E+02   0.4155568E+02   0.5223586E+02   0.5039073E+02   0.1303688E+04
   0.4290000E+03   0.4614394E+03   0.1440368E+03   0.1300105E+04   0.7604258E+04   0.2014204E+04   0.5841189E+04   0.4296636E+02   0.4155340E+02   0.5223719E+02   0.5039088E+02   0.1304333E+04
   0.4300000E+03   0.4616881E+03   0.1441151E+03   0.1300273E+04   0.7608627E+04   0.2018302E+04   0.5841200E+04   0.4296378E+02   0.4155113E+02   0.5223851E+02   0.5039104E+02   0.1304978E+04
   0.4310000E+03   0.4619333E+03   0.1441932E+03   0.1300438E+04   0.7612992E+04   0.2022399E+04   0.5841213E+04   0.4296120E+02   0.4154886E+02   0.5223983E+02   0.5039119E+02   0.1305623E+04
   0.4320000E+03   0.4621752E+03   0.1442713E+03   0.1300599E+04   0.7617356E+04   0.2026495E+04   0.5841225E+04   0.4295862E+02   0.4154659E+02   0.5224115E+02   0.5039133E+02   0.1306267E+04
   0.4330000E+03   0.4624138E+03   0.1443493E+03   0.1300757E+04   0.7621714E+04   0.2030590E+04   0.5841238E+04   0.4295604E+02   0.4154432E+02   0.5224244E+02   0.5039147E+02   0.1306911E+04
   0.4340000E+03   0.4626488E+03   0.1444273E+03   0.1300912E+04   0.7626071E+04   0.2034685E+04   0.5841251E+04   0.4295346E+02   0.4154205E+02   0.5224375E+02   0.5039160E+02   0.1307553E+04
   0.4350000E+03   0.4628805E+03   0.1445051E+03   0.1301063E+04   0.7630424E+04   0.2038779E+04   0.5841264E+04   0.4295087E+02   0.4153979E+02   0.5224506E+02   0.5039174E+02   0.1308197E+04
   0.4360000E+03   0.4631087E+03   0.1445829E+03   0.1301211E+04   0.7634773E+04   0.2042872E+04   0.5841277E+04   0.4294830E+02   0.4153752E+02   0.5224636E+02   0.5039188E+02   0.1308838E+04
   0.4370000E+03   0.4633337E+03   0.1446605E+03   0.1301355E+04   0.7639119E+04   0.2046964E+04   0.5841290E+04   0.4294572E+02   0.4153526E+02   0.5224767E+02   0.5039201E+02   0.1309481E+04
   0.4380000E+03   0.4635553E+03   0.1447381E+03   0.1301497E+04   0.7643459E+04   0.2051056E+04   0.5841304E+04   0.4294315E+02   0.4153299E+02   0.5224896E+02   0.5039214E+02   0.1310122E+04
   0.4390000E+03   0.4637736E+03   0.1448156E+03   0.1301635E+04   0.7647798E+04   0.2055146E+04   0.5841316E+04   0.4294056E+02   0.4153072E+02   0.5225026E+02   0.5039227E+02   0.1310763E+04
   0.4400000E+03   0.4639886E+03   0.1448930E+03   0.1301769E+04   0.7652132E+04   0.2059237E+04   0.5841330E+04   0.4293798E+02   0.4152845E+02   0.5225155E+02   0.5039240E+02   0.1311355E+04
   0.4410000E+03   0.4642003E+03   0.1449703E+03   0.1301901E+04   0.7656465E+04   0.2063326E+04   0.5841343E+04   0.4293541E+02   0.4152618E+02   0.5225283E+02   0.5039254E+02   0.1312016E+04
   0.4420000E+03   0.4644089E+03   0.1450475E+03   0.1302029E+04   0.7660793E+04   0.2067414E+04   0.5841356E+04   0.4293283E+02   0.4152391E+02   0.5225411E+02   0.5039267E+02   0.1312673E+04
   0.4430000E+03   0.4646141E+03   0.1451247E+03   0.1302155E+04   0.7665118E+04   0.2071501E+04   0.5841371E+04   0.4293026E+02   0.4152164E+02   0.5225538E+02   0.5039280E+02   0.1313277E+04
   0.4440000E+03   0.4648162E+03   0.1452018E+03   0.1302277E+04   0.7669440E+04   0.2075588E+04   0.5841383E+04   0.4292769E+02   0.4151939E+02   0.5225665E+02   0.5039293E+02   0.1314345E+04
   0.4450000E+03   0.4650151E+03   0.1452787E+03   0.1302396E+04   0.7673757E+04   0.2079674E+04   0.5841396E+04   0.4292511E+02   0.4151712E+02   0.5225792E+02   0.5039306E+02   0.1314995E+04
   0.4460000E+03   0.4652108E+03   0.1453556E+03   0.1302512E+04   0.7678071E+04   0.2083758E+04   0.5841410E+04   0.4292253E+02   0.4151487E+02   0.5225919E+02   0.5039318E+02   0.1315875E+04
   0.4470000E+03   0.4654034E+03   0.1454324E+03   0.1302625E+04   0.7682383E+04   0.2087842E+04   0.5841422E+04   0.4291996E+02   0.4151260E+02   0.5226045E+02   0.5039331E+02   0.1316690E+04
   0.4480000E+03   0.4655928E+03   0.1455091E+03   0.1302735E+04   0.7686690E+04   0.2091926E+04   0.5841435E+04   0.4291954E+02   0.4151034E+02   0.5226170E+02   0.5039344E+02   0.1317524E+04
   0.4490000E+03   0.4657792E+03   0.1455858E+03   0.1319271E+04   0.7690996E+04   0.2096008E+04   0.5841448E+04   0.4291935E+02   0.4150808E+02   0.5226295E+02   0.5039356E+02   0.1318370E+04
   0.4500000E+03   0.4659625E+03   0.1456623E+03   0.1334141E+04   0.7695297E+04   0.2100089E+04   0.5841461E+04   0.4291957E+02   0.4150583E+02   0.5226419E+02   0.5039368E+02   0.1319201E+04
   0.4510000E+03   0.4661427E+03   0.1457388E+03   0.1347467E+04   0.7699595E+04   0.2104169E+04   0.5841431E+04   0.4292013E+02   0.4150357E+02   0.5226544E+02   0.5039380E+02   0.1320001E+04
   0.4520000E+03   0.4663200E+03   0.1458152E+03   0.1359843E+04   0.7703889E+04   0.2108249E+04   0.5845215E+04   0.4292078E+02   0.4150131E+02   0.5226668E+02   0.5039391E+02   0.1320809E+04
   0.4530000E+03   0.4664942E+03   0.1458915E+03   0.1371017E+04   0.7708179E+04   0.2112328E+04   0.5851462E+04   0.4292127E+02   0.4149905E+02   0.5226792E+02   0.5039404E+02   0.1321552E+04
   0.4540000E+03   0.4666653E+03   0.1459677E+03   0.1381079E+04   0.7712467E+04   0.2116406E+04   0.5862898E+04   0.4292148E+02   0.4149680E+02   0.5226916E+02   0.5039416E+02   0.1322399E+04
   0.4550000E+03   0.4668334E+03   0.1460439E+03   0.1390128E+04   0.7716750E+04   0.2120483E+04   0.5870539E+04   0.4292134E+02   0.4149454E+02   0.5227040E+02   0.5039426E+02   0.1323159E+04
   0.4560000E+03   0.4669986E+03   0.1461199E+03   0.1398250E+04   0.7721030E+04   0.2124560E+04   0.5871742E+04   0.4292088E+02   0.4149229E+02   0.5227162E+02   0.5039438E+02   0.1324117E+04
   0.4570000E+03   0.4671607E+03   0.1461959E+03   0.1405348E+04   0.7725308E+04   0.2128636E+04   0.5870096E+04   0.4292007E+02   0.4149003E+02   0.5227285E+02   0.5039449E+02   0.1324897E+04
   0.4580000E+03   0.4673199E+03   0.1462718E+03   0.1411480E+04   0.7729582E+04   0.2132711E+04   0.5868062E+04   0.4291899E+02   0.4148777E+02   0.5227406E+02   0.5039461E+02   0.1326240E+04
   0.4590000E+03   0.4674762E+03   0.1463476E+03   0.1416671E+04   0.7733852E+04   0.2136785E+04   0.5866383E+04   0.4291765E+02   0.4148552E+02   0.5227528E+02   0.5039472E+02   0.1327642E+04
   0.4600000E+03   0.4676296E+03   0.1464234E+03   0.1420993E+04   0.7738119E+04   0.2140858E+04   0.5865167E+04   0.4291611E+02   0.4148326E+02   0.5227648E+02   0.5039483E+02   0.1329039E+04
   0.4610000E+03   0.4677802E+03   0.1464990E+03   0.1424561E+04   0.7742384E+04   0.2144931E+04   0.5864999E+04   0.4291440E+02   0.4148101E+02   0.5227768E+02   0.5039493E+02   0.1330418E+04
   0.4620000E+03   0.4679278E+03   0.1465746E+03   0.1427500E+04   0.7746643E+04   0.2149003E+04   0.5865375E+04   0.4291255E+02   0.4147876E+02   0.5227888E+02   0.5039503E+02   0.1331203E+04
   0.4630000E+03   0.4680726E+03   0.1466501E+03   0.1429937E+04   0.7750900E+04   0.2153074E+04   0.5865481E+04   0.4291059E+02   0.4147651E+02   0.5228009E+02   0.5039514E+02   0.1331648E+04
   0.4640000E+03   0.4682146E+03   0.1467255E+03   0.1431971E+04   0.7755154E+04   0.2157144E+04   0.5865257E+04   0.4290854E+02   0.4147426E+02   0.5228129E+02   0.5039524E+02   0.1331009E+04
   0.4650000E+03   0.4683537E+03   0.1468008E+03   0.1433682E+04   0.7759405E+04   0.2161213E+04   0.5864912E+04   0.4290641E+02   0.4147201E+02   0.5228249E+02   0.5039534E+02   0.1330384E+04
   0.4660000E+03   0.4684901E+03   0.1468760E+03   0.1435133E+04   0.7763653E+04   0.2165282E+04   0.5864580E+04   0.4290421E+02   0.4146976E+02   0.5228368E+02   0.5039544E+02   0.1329775E+04
   0.4670000E+03   0.4686237E+03   0.1469512E+03   0.1436375E+04   0.7767895E+04   0.2169350E+04   0.5864299E+04   0.4290197E+02   0.4146751E+02   0.5228487E+02   0.5039555E+02   0.1329179E+04
   0.4680000E+03   0.4687545E+03   0.1470262E+03   0.1437450E+04   0.7772136E+04   0.2173417E+04   0.5864079E+04   0.4289969E+02   0.4146526E+02   0.5228605E+02   0.5039565E+02   0.1328595E+04
   0.4690000E+03   0.4688825E+03   0.1471012E+03   0.1438400E+04   0.7776373E+04   0.2177483E+04   0.5864292E+04   0.4289738E+02   0.4146301E+02   0.5228722E+02   0.5039574E+02   0.1328031E+04
   0.4700000E+03   0.4690078E+03   0.1471761E+03   0.1439245E+04   0.7780606E+04   0.2181548E+04   0.5865335E+04   0.4289503E+02   0.4146076E+02   0.5228840E+02   0.5039584E+02   0.1327495E+04
   0.4710000E+03   0.4691302E+03   0.1472510E+03   0.1440010E+04   0.7784836E+04   0.2185612E+04   0.5866444E+04   0.4289266E+02   0.4145851E+02   0.5228957E+02   0.5039593E+02   0.1326949E+04
   0.4720000E+03   0.4692501E+03   0.1473257E+03   0.1440719E+04   0.7789063E+04   0.2189676E+04   0.5866577E+04   0.4289028E+02   0.4145626E+02   0.5229074E+02   0.5039602E+02   0.1326372E+04
   0.4730000E+03   0.4693675E+03   0.1474004E+03   0.1441389E+04   0.7793288E+04   0.2193739E+04   0.5866222E+04   0.4288787E+02   0.4145401E+02   0.5229191E+02   0.5039611E+02   0.1325808E+04
   0.4740000E+03   0.4694821E+03   0.1474749E+03   0.1442030E+04   0.7797507E+04   0.2197801E+04   0.5865815E+04   0.4288546E+02   0.4145177E+02   0.5229308E+02   0.5039621E+02   0.1325259E+04
   0.4750000E+03   0.4695939E+03   0.1475495E+03   0.1442660E+04   0.7801725E+04   0.2201862E+04   0.5865504E+04   0.4288303E+02   0.4144952E+02   0.5229424E+02   0.5039629E+02   0.1324719E+04
   0.4760000E+03   0.4697031E+03   0.1476239E+03   0.1443284E+04   0.7805939E+04   0.2205922E+04   0.5885032E+04   0.4288060E+02   0.4144728E+02   0.5229539E+02   0.5039639E+02   0.1324170E+04
   0.4770000E+03   0.4698097E+03   0.1476982E+03   0.1443904E+04   0.7810148E+04   0.2209982E+04   0.5885903E+04   0.4287816E+02   0.4144503E+02   0.5229654E+02   0.5039648E+02   0.1323629E+04
   0.4780000E+03   0.4699138E+03   0.1477725E+03   0.1444532E+04   0.7814356E+04   0.2214041E+04   0.5884346E+04   0.4287571E+02   0.4144279E+02   0.5229769E+02   0.5039657E+02   0.1323094E+04
   0.4790000E+03   0.4700152E+03   0.1478468E+03   0.1445169E+04   0.7818560E+04   0.2218099E+04   0.5883695E+04   0.4287326E+02   0.4144055E+02   0.5229883E+02   0.5039666E+02   0.1322581E+04
   0.4800000E+03   0.4701141E+03   0.1479209E+03   0.1445819E+04   0.7822761E+04   0.2222156E+04   0.5884028E+04   0.4287082E+02   0.4143830E+02   0.5229998E+02   0.5039675E+02   0.1322050E+04
   0.4810000E+03   0.4702104E+03   0.1479948E+03   0.1446488E+04   0.7826959E+04   0.2226212E+04   0.5884115E+04   0.4286835E+02   0.4143606E+02   0.5230112E+02   0.5039684E+02   0.1321465E+04
   0.4820000E+03   0.4703042E+03   0.1480687E+03   0.1447175E+04   0.7831153E+04   0.2230268E+04   0.5883857E+04   0.4286590E+02   0.4143382E+02   0.5230225E+02   0.5039692E+02   0.1320929E+04
   0.4830000E+03   0.4703956E+03   0.1481425E+03   0.1447878E+04   0.7835344E+04   0.2234323E+04   0.5883513E+04   0.4286345E+02   0.4143158E+02   0.5230338E+02   0.5039700E+02   0.1320395E+04
   0.4840000E+03   0.4704845E+03   0.1482163E+03   0.1448596E+04   0.7839532E+04   0.2238377E+04   0.5883213E+04   0.4286098E+02   0.4142934E+02   0.5230451E+02   0.5039708E+02   0.1319861E+04
   0.4850000E+03   0.4705919E+03   0.1482962E+03   0.1449326E+04   0.7843717E+04   0.2242430E+04   0.5883182E+04   0.4285852E+02   0.4142710E+02   0.5230564E+02   0.5039716E+02   0.1319357E+04
   0.4860000E+03   0.4707442E+03   0.1483897E+03   0.1450067E+04   0.7847900E+04   0.2246483E+04   0.5883170E+04   0.4285605E+02   0.4142486E+02   0.5230676E+02   0.5039723E+02   0.1318833E+04
   0.4870000E+03   0.4709319E+03   0.1484916E+03   0.1450815E+04   0.7852079E+04   0.2250535E+04   0.5883119E+04   0.4285359E+02   0.4142262E+02   0.5230787E+02   0.5039731E+02   0.1318286E+04
   0.4880000E+03   0.4711352E+03   0.1485954E+03   0.1451570E+04   0.7856253E+04   0.2254586E+04   0.5883050E+04   0.4285112E+02   0.4142038E+02   0.5230899E+02   0.5039737E+02   0.1317751E+04
   0.4890000E+03   0.4713416E+03   0.1486971E+03   0.1452329E+04   0.7860425E+04   0.2258636E+04   0.5882987E+04   0.4284866E+02   0.4141814E+02   0.5231010E+02   0.5039745E+02   0.1317219E+04
   0.4900000E+03   0.4715453E+03   0.1487952E+03   0.1453090E+04   0.7864594E+04   0.2262685E+04   0.5882933E+04   0.4284620E+02   0.4141590E+02   0.5231121E+02   0.5039752E+02   0.1316705E+04
   0.4910000E+03   0.4717762E+03   0.1488993E+03   0.1453851E+04   0.7868770E+04   0.2266734E+04   0.5882890E+04   0.4284373E+02   0.4141367E+02   0.5231231E+02   0.5039759E+02   0.1316212E+04
   0.4920000E+03   0.4720701E+03   0.1490207E+03   0.1454610E+04   0.7872941E+04   0.2270793E+04   0.5882852E+04   0.4284127E+02   0.4141143E+02   0.5231342E+02   0.5039766E+02   0.1315690E+04
   0.4930000E+03   0.4724635E+03   0.1491689E+03   0.1455368E+04   0.7877108E+04   0.2274947E+04   0.5882818E+04   0.4283881E+02   0.4140920E+02   0.5231451E+02   0.5039773E+02   0.1315168E+04
   0.4940000E+03   0.4729168E+03   0.1493288E+03   0.1456126E+04   0.7881271E+04   0.2279202E+04   0.5882790E+04   0.4283634E+02   0.4140697E+02   0.5231561E+02   0.5039779E+02   0.1314635E+04
   0.4950000E+03   0.4733858E+03   0.1494857E+03   0.1456882E+04   0.7885432E+04   0.2283502E+04   0.5882763E+04   0.4283388E+02   0.4140474E+02   0.5231669E+02   0.5039787E+02   0.1314115E+04
   0.4960000E+03   0.4738484E+03   0.1496326E+03   0.1457637E+04   0.7889591E+04   0.2287800E+04   0.5882735E+04   0.4283142E+02   0.4140252E+02   0.5231777E+02   0.5039793E+02   0.1313594E+04
   0.4970000E+03   0.4742978E+03   0.1497682E+03   0.1458388E+04   0.7893746E+04   0.2292122E+04   0.5882704E+04   0.4282895E+02   0.4140029E+02   0.5231886E+02   0.5039799E+02   0.1313077E+04
   0.4980000E+03   0.4747484E+03   0.1498980E+03   0.1459135E+04   0.7897898E+04   0.2296527E+04   0.5882672E+04   0.4282648E+02   0.4139806E+02   0.5231993E+02   0.5039805E+02   0.1312556E+04
   0.4990000E+03   0.4752093E+03   0.1500240E+03   0.1459878E+04   0.7902048E+04   0.2300993E+04   0.5882641E+04   0.4282402E+02   0.4139584E+02   0.5232101E+02   0.5039811E+02   0.1312022E+04
   0.5000000E+03   0.4756762E+03   0.1501454E+03   0.1460616E+04   0.7906196E+04   0.2305462E+04   0.5882612E+04   0.4282155E+02   0.4139362E+02   0.5232209E+02   0.5039816E+02   0.1311483E+04
   0.5010000E+03   0.4761426E+03   0.1502606E+03   0.1461350E+04   0.7910340E+04   0.2309896E+04   0.5882584E+04   0.4281909E+02   0.4139140E+02   0.5232316E+02   0.5039821E+02   0.1310972E+04
   0.5020000E+03   0.4766052E+03   0.1503692E+03   0.1462080E+04   0.7914480E+04   0.2314280E+04   0.5882557E+04   0.4281662E+02   0.4138919E+02   0.5232422E+02   0.5039826E+02   0.1310451E+04
   0.5030000E+03   0.4770771E+03   0.1504761E+03   0.1462807E+04   0.7918617E+04   0.2318657E+04   0.5882532E+04   0.4281415E+02   0.4138698E+02   0.5232528E+02   0.5039832E+02   0.1309932E+04
   0.5040000E+03   0.4775736E+03   0.1505865E+03   0.1463525E+04   0.7922750E+04   0.2323111E+04   0.5882507E+04   0.4281168E+02   0.4138476E+02   0.5232634E+02   0.5039838E+02   0.1309425E+04
   0.5050000E+03   0.4781176E+03   0.1507054E+03   0.1464236E+04   0.7926881E+04   0.2327696E+04   0.5882483E+04   0.4280922E+02   0.4138256E+02   0.5232740E+02   0.5039843E+02   0.1308905E+04
   0.5060000E+03   0.4786993E+03   0.1508277E+03   0.1464941E+04   0.7931008E+04   0.2332423E+04   0.5882461E+04   0.4280676E+02   0.4138036E+02   0.5232846E+02   0.5039848E+02   0.1308386E+04
   0.5070000E+03   0.4793164E+03   0.1509509E+03   0.1465639E+04   0.7935134E+04   0.2337266E+04   0.5882438E+04   0.4280429E+02   0.4137816E+02   0.5232950E+02   0.5039853E+02   0.1307867E+04
   0.5080000E+03   0.4799607E+03   0.1510705E+03   0.1466333E+04   0.7939257E+04   0.2342134E+04   0.5882416E+04   0.4280183E+02   0.4137597E+02   0.5233055E+02   0.5039857E+02   0.1307335E+04
   0.5090000E+03   0.4806253E+03   0.1511842E+03   0.1467024E+04   0.7943380E+04   0.2346956E+04   0.5882393E+04   0.4279937E+02   0.4137378E+02   0.5233159E+02   0.5039862E+02   0.1306818E+04
   0.5100000E+03   0.4813058E+03   0.1512916E+03   0.1467734E+04   0.7947499E+04   0.2351693E+04   0.5882374E+04   0.4279691E+02   0.4137161E+02   0.5233263E+02   0.5039868E+02   0.1306297E+04
   0.5110000E+03   0.4819989E+03   0.1513934E+03   0.1468443E+04   0.7951613E+04   0.2356335E+04   0.5882354E+04   0.4279443E+02   0.4136945E+02   0.5233366E+02   0.5039872E+02   0.1305781E+04
   0.5120000E+03   0.4827021E+03   0.1514901E+03   0.1469152E+04   0.7955724E+04   0.2360912E+04   0.5882334E+04   0.4279197E+02   0.4136728E+02   0.5233469E+02   0.5039877E+02   0.1305264E+04
   0.5130000E+03   0.4834126E+03   0.1515827E+03   0.1469860E+04   0.7959834E+04   0.2365463E+04   0.5882312E+04   0.4278950E+02   0.4136511E+02   0.5233572E+02   0.5039881E+02   0.1304752E+04
   0.5140000E+03   0.4841341E+03   0.1516737E+03   0.1470568E+04   0.7963940E+04   0.2370010E+04   0.5882290E+04   0.4278703E+02   0.4136295E+02   0.5233675E+02   0.5039886E+02   0.1304234E+04
   0.5150000E+03   0.4848780E+03   0.1517663E+03   0.1471276E+04   0.7968044E+04   0.2374558E+04   0.5882268E+04   0.4278458E+02   0.4136079E+02   0.5233776E+02   0.5039890E+02   0.1303717E+04
   0.5160000E+03   0.4856618E+03   0.1518655E+03   0.1471983E+04   0.7972145E+04   0.2379104E+04   0.5882247E+04   0.4278212E+02   0.4135864E+02   0.5233878E+02   0.5039894E+02   0.1303199E+04
   0.5170000E+03   0.4864818E+03   0.1519686E+03   0.1472688E+04   0.7976243E+04   0.2383639E+04   0.5882227E+04   0.4277967E+02   0.4135649E+02   0.5233979E+02   0.5039898E+02   0.1302682E+04
   0.5180000E+03   0.4873429E+03   0.1520757E+03   0.1473391E+04   0.7980338E+04   0.2388150E+04   0.5882205E+04   0.4277721E+02   0.4135436E+02   0.5234081E+02   0.5039902E+02   0.1302165E+04
   0.5190000E+03   0.4882383E+03   0.1521830E+03   0.1474093E+04   0.7984431E+04   0.2392626E+04   0.5882183E+04   0.4277475E+02   0.4135222E+02   0.5234182E+02   0.5039907E+02   0.1301648E+04
   0.5200000E+03   0.4891737E+03   0.1522910E+03   0.1474790E+04   0.7988519E+04   0.2397061E+04   0.5882159E+04   0.4277229E+02   0.4135009E+02   0.5234283E+02   0.5039911E+02   0.1301132E+04
   0.5210000E+03   0.4901451E+03   0.1523974E+03   0.1475484E+04   0.7992604E+04   0.2401457E+04   0.5882132E+04   0.4276984E+02   0.4134796E+02   0.5234383E+02   0.5039915E+02   0.1300615E+04
   0.5220000E+03   0.4911468E+03   0.1524997E+03   0.1476174E+04   0.7996688E+04   0.2405818E+04   0.5882105E+04   0.4276738E+02   0.4134584E+02   0.5234484E+02   0.5039919E+02   0.1300070E+04
   0.5230000E+03   0.4921845E+03   0.1526009E+03   0.1476858E+04   0.8000768E+04   0.2410151E+04   0.5882080E+04   0.4276492E+02   0.4134372E+02   0.5234584E+02   0.5039921E+02   0.1299579E+04
   0.5240000E+03   0.4932542E+03   0.1527001E+03   0.1477537E+04   0.8004845E+04   0.2414459E+04   0.5882056E+04   0.4276245E+02   0.4134160E+02   0.5234682E+02   0.5039924E+02   0.1299063E+04
   0.5250000E+03   0.4943477E+03   0.1527958E+03   0.1478213E+04   0.8008918E+04   0.2418748E+04   0.5882030E+04   0.4275999E+02   0.4133949E+02   0.5234782E+02   0.5039927E+02   0.1298545E+04
   0.5260000E+03   0.4954590E+03   0.1528881E+03   0.1478884E+04   0.8012987E+04   0.2423021E+04   0.5882005E+04   0.4275754E+02   0.4133737E+02   0.5234880E+02   0.5039930E+02   0.1298028E+04
   0.5270000E+03   0.4965834E+03   0.1529772E+03   0.1479550E+04   0.8017056E+04   0.2427280E+04   0.5881981E+04   0.4275508E+02   0.4133527E+02   0.5234979E+02   0.5039933E+02   0.1297516E+04
   0.5280000E+03   0.4977173E+03   0.1530636E+03   0.1480215E+04   0.8021121E+04   0.2431529E+04   0.5881958E+04   0.4275262E+02   0.4133316E+02   0.5235077E+02   0.5039935E+02   0.1296992E+04
   0.5290000E+03   0.4988576E+03   0.1531474E+03   0.1480877E+04   0.8025180E+04   0.2435768E+04   0.5881935E+04   0.4275016E+02   0.4133107E+02   0.5235175E+02   0.5039938E+02   0.1296459E+04
   0.5300000E+03   0.5000019E+03   0.1532298E+03   0.1481535E+04   0.8029238E+04   0.2440000E+04   0.5881911E+04   0.4274769E+02   0.4132897E+02   0.5235272E+02   0.5039940E+02   0.1295961E+04
   0.5310000E+03   0.5011479E+03   0.1533109E+03   0.1482188E+04   0.8033294E+04   0.2444226E+04   0.5881889E+04   0.4274524E+02   0.4132687E+02   0.5235369E+02   0.5039943E+02   0.1295449E+04
   0.5320000E+03   0.5022940E+03   0.1533908E+03   0.1482836E+04   0.8037346E+04   0.2448446E+04   0.5881868E+04   0.4274277E+02   0.4132477E+02   0.5235465E+02   0.5039945E+02   0.1294935E+04
   0.5330000E+03   0.5034389E+03   0.1534697E+03   0.1483479E+04   0.8041395E+04   0.2452661E+04   0.5881845E+04   0.4274031E+02   0.4132267E+02   0.5235562E+02   0.5039947E+02   0.1294420E+04
   0.5340000E+03   0.5045815E+03   0.1535478E+03   0.1484118E+04   0.8045440E+04   0.2456872E+04   0.5881822E+04   0.4273785E+02   0.4132058E+02   0.5235658E+02   0.5039950E+02   0.1293906E+04
   0.5350000E+03   0.5057209E+03   0.1536251E+03   0.1484752E+04   0.8049482E+04   0.2461080E+04   0.5881801E+04   0.4273539E+02   0.4131848E+02   0.5235754E+02   0.5039952E+02   0.1293392E+04
   0.5360000E+03   0.5068564E+03   0.1537019E+03   0.1485380E+04   0.8053522E+04   0.2465285E+04   0.5881779E+04   0.4273293E+02   0.4131639E+02   0.5235850E+02   0.5039955E+02   0.1292878E+04
   0.5370000E+03   0.5079874E+03   0.1537783E+03   0.1486003E+04   0.8057557E+04   0.2469488E+04   0.5881758E+04   0.4273048E+02   0.4131429E+02   0.5235946E+02   0.5039957E+02   0.1292364E+04
   0.5380000E+03   0.5091133E+03   0.1538542E+03   0.1486626E+04   0.8061591E+04   0.2473689E+04   0.5881736E+04   0.4272802E+02   0.4131219E+02   0.5236040E+02   0.5039958E+02   0.1291851E+04
   0.5390000E+03   0.5102339E+03   0.1539297E+03   0.1487249E+04   0.8065620E+04   0.2477887E+04   0.5881716E+04   0.4272557E+02   0.4131010E+02   0.5236134E+02   0.5039960E+02   0.1291338E+04
   0.5400000E+03   0.5113488E+03   0.1540050E+03   0.1487866E+04   0.8069647E+04   0.2482084E+04   0.5881693E+04   0.4272311E+02   0.4130801E+02   0.5236228E+02   0.5039962E+02   0.1290824E+04
   0.5410000E+03   0.5124578E+03   0.1540799E+03   0.1488476E+04   0.8073670E+04   0.2486280E+04   0.5881672E+04   0.4272066E+02   0.4130591E+02   0.5236322E+02   0.5039963E+02   0.1290312E+04
   0.5420000E+03   0.5135607E+03   0.1541541E+03   0.1489076E+04   0.8077691E+04   0.2490474E+04   0.5881651E+04   0.4271820E+02   0.4130382E+02   0.5236416E+02   0.5039964E+02   0.1289764E+04
   0.5430000E+03   0.5146573E+03   0.1542278E+03   0.1489670E+04   0.8081708E+04   0.2494666E+04   0.5881631E+04   0.4271575E+02   0.4130172E+02   0.5236509E+02   0.5039965E+02   0.1289232E+04
   0.5440000E+03   0.5157476E+03   0.1543016E+03   0.1490262E+04   0.8085722E+04   0.2498857E+04   0.5881610E+04   0.4271330E+02   0.4129963E+02   0.5236602E+02   0.5039966E+02   0.1288716E+04
   0.5450000E+03   0.5168315E+03   0.1543750E+03   0.1490850E+04   0.8089735E+04   0.2503047E+04   0.5881588E+04   0.4271084E+02   0.4129754E+02   0.5236694E+02   0.5039967E+02   0.1288196E+04
   0.5460000E+03   0.5179088E+03   0.1544485E+03   0.1491432E+04   0.8093743E+04   0.2507237E+04   0.5881568E+04   0.4270838E+02   0.4129545E+02   0.5236786E+02   0.5039968E+02   0.1287679E+04
   0.5470000E+03   0.5189795E+03   0.1545218E+03   0.1492011E+04   0.8097748E+04   0.2511425E+04   0.5881546E+04   0.4270592E+02   0.4129336E+02   0.5236878E+02   0.5039969E+02   0.1287161E+04
   0.5480000E+03   0.5200435E+03   0.1545950E+03   0.1492588E+04   0.8101750E+04   0.2515613E+04   0.5881525E+04   0.4270347E+02   0.4129128E+02   0.5236971E+02   0.5039970E+02   0.1286644E+04
   0.5490000E+03   0.5211021E+03   0.1546684E+03   0.1493161E+04   0.8105749E+04   0.2519800E+04   0.5881504E+04   0.4270102E+02   0.4128920E+02   0.5237063E+02   0.5039971E+02   0.1286146E+04
   0.5500000E+03   0.5221564E+03   0.1547421E+03   0.1493737E+04   0.8109744E+04   0.2523985E+04   0.5881483E+04   0.4269856E+02   0.4128711E+02   0.5237154E+02   0.5039971E+02   0.1285615E+04
   0.5510000E+03   0.5232063E+03   0.1548158E+03   0.1494301E+04   0.8113737E+04   0.2528170E+04   0.5881461E+04   0.4269611E+02   0.4128503E+02   0.5237245E+02   0.5039971E+02   0.1285096E+04
   0.5520000E+03   0.5242513E+03   0.1548893E+03   0.1494864E+04   0.8117727E+04   0.2532354E+04   0.5881440E+04   0.4269365E+02   0.4128294E+02   0.5237336E+02   0.5039970E+02   0.1284579E+04
   0.5530000E+03   0.5252910E+03   0.1549628E+03   0.1495425E+04   0.8121712E+04   0.2536537E+04   0.5881418E+04   0.4269119E+02   0.4128085E+02   0.5237427E+02   0.5039970E+02   0.1284068E+04
   0.5540000E+03   0.5263252E+03   0.1550360E+03   0.1495984E+04   0.8125696E+04   0.2540718E+04   0.5881397E+04   0.4268874E+02   0.4127876E+02   0.5237516E+02   0.5039969E+02   0.1283550E+04
   0.5550000E+03   0.5273536E+03   0.1551090E+03   0.1496541E+04   0.8129677E+04   0.2544899E+04   0.5881376E+04   0.4268629E+02   0.4127668E+02   0.5237606E+02   0.5039969E+02   0.1283033E+04
   0.5560000E+03   0.5283760E+03   0.1551819E+03   0.1497097E+04   0.8133655E+04   0.2549080E+04   0.5881355E+04   0.4268383E+02   0.4127460E+02   0.5237695E+02   0.5039969E+02   0.1282517E+04
   0.5570000E+03   0.5293924E+03   0.1552547E+03   0.1497652E+04   0.8137629E+04   0.2553260E+04   0.5881333E+04   0.4268139E+02   0.4127251E+02   0.5237783E+02   0.5039969E+02   0.1282002E+04
   0.5580000E+03   0.5304026E+03   0.1553273E+03   0.1498205E+04   0.8141600E+04   0.2557439E+04   0.5881313E+04   0.4267893E+02   0.4127043E+02   0.5237872E+02   0.5039969E+02   0.1281519E+04
   0.5590000E+03   0.5314067E+03   0.1553999E+03   0.1498753E+04   0.8145569E+04   0.2561617E+04   0.5881294E+04   0.4267648E+02   0.4126835E+02   0.5237961E+02   0.5039968E+02   0.1280993E+04
   0.5600000E+03   0.5324045E+03   0.1554723E+03   0.1499299E+04   0.8149534E+04   0.2565795E+04   0.5881272E+04   0.4267402E+02   0.4126626E+02   0.5238049E+02   0.5039968E+02   0.1280475E+04
   0.5610000E+03   0.5333959E+03   0.1555447E+03   0.1499840E+04   0.8153496E+04   0.2569970E+04   0.5881251E+04   0.4267157E+02   0.4126418E+02   0.5238137E+02   0.5039967E+02   0.1279961E+04
   0.5620000E+03   0.5343810E+03   0.1556173E+03   0.1500380E+04   0.8157457E+04   0.2574146E+04   0.5881231E+04   0.4266912E+02   0.4126209E+02   0.5238224E+02   0.5039966E+02   0.1279469E+04
   0.5630000E+03   0.5353596E+03   0.1556899E+03   0.1500917E+04   0.8161413E+04   0.2578321E+04   0.5881212E+04   0.4266667E+02   0.4126001E+02   0.5238311E+02   0.5039965E+02   0.1278950E+04
   0.5640000E+03   0.5363318E+03   0.1557623E+03   0.1501446E+04   0.8165366E+04   0.2582495E+04   0.5881191E+04   0.4266422E+02   0.4125793E+02   0.5238397E+02   0.5039965E+02   0.1278412E+04
   0.5650000E+03   0.5372976E+03   0.1558346E+03   0.1501969E+04   0.8169316E+04   0.2586668E+04   0.5881170E+04   0.4266177E+02   0.4125586E+02   0.5238483E+02   0.5039964E+02   0.1277899E+04
   0.5660000E+03   0.5382570E+03   0.1559071E+03   0.1502491E+04   0.8173264E+04   0.2590841E+04   0.5881147E+04   0.4265932E+02   0.4125379E+02   0.5238570E+02   0.5039963E+02   0.1277391E+04
   0.5670000E+03   0.5392099E+03   0.1559794E+03   0.1503060E+04   0.8177208E+04   0.2595012E+04   0.5881129E+04   0.4265688E+02   0.4125171E+02   0.5238656E+02   0.5039962E+02   0.1276895E+04
   0.5680000E+03   0.5401566E+03   0.1560519E+03   0.1503610E+04   0.8181151E+04   0.2599183E+04   0.5881110E+04   0.4265443E+02   0.4124963E+02   0.5238742E+02   0.5039961E+02   0.1276387E+04
   0.5690000E+03   0.5410967E+03   0.1561242E+03   0.1504162E+04   0.8185090E+04   0.2603352E+04   0.5881087E+04   0.4265199E+02   0.4124756E+02   0.5238829E+02   0.5039959E+02   0.1275862E+04
   0.5700000E+03   0.5420304E+03   0.1561962E+03   0.1504707E+04   0.8189026E+04   0.2607521E+04   0.5881063E+04   0.4264954E+02   0.4124549E+02   0.5238914E+02   0.5039957E+02   0.1275348E+04
   0.5710000E+03   0.5429578E+03   0.1562683E+03   0.1505248E+04   0.8192958E+04   0.2611689E+04   0.5881041E+04   0.4264709E+02   0.4124341E+02   0.5238999E+02   0.5039955E+02   0.1274842E+04
   0.5720000E+03   0.5438788E+03   0.1563407E+03   0.1505805E+04   0.8196888E+04   0.2615857E+04   0.5881020E+04   0.4264464E+02   0.4124133E+02   0.5239084E+02   0.5039953E+02   0.1274336E+04
   0.5730000E+03   0.5447936E+03   0.1564130E+03   0.1506348E+04   0.8200814E+04   0.2620024E+04   0.5880997E+04   0.4264219E+02   0.4123925E+02   0.5239169E+02   0.5039952E+02   0.1273824E+04
   0.5740000E+03   0.5457021E+03   0.1564849E+03   0.1506880E+04   0.8204737E+04   0.2624191E+04   0.5880974E+04   0.4263974E+02   0.4123718E+02   0.5239252E+02   0.5039950E+02   0.1273310E+04
   0.5750000E+03   0.5466042E+03   0.1565566E+03   0.1507431E+04   0.8208660E+04   0.2628356E+04   0.5880953E+04   0.4263729E+02   0.4123511E+02   0.5239336E+02   0.5039948E+02   0.1272794E+04
   0.5760000E+03   0.5475002E+03   0.1566284E+03   0.1507961E+04   0.8212577E+04   0.2632521E+04   0.5880930E+04   0.4263485E+02   0.4123303E+02   0.5239419E+02   0.5039945E+02   0.1272282E+04
   0.5770000E+03   0.5483898E+03   0.1567001E+03   0.1508491E+04   0.8216492E+04   0.2636685E+04   0.5880907E+04   0.4263240E+02   0.4123095E+02   0.5239502E+02   0.5039943E+02   0.1271772E+04
   0.5780000E+03   0.5492733E+03   0.1567718E+03   0.1509021E+04   0.8220404E+04   0.2640849E+04   0.5880884E+04   0.4262995E+02   0.4122888E+02   0.5239585E+02   0.5039941E+02   0.1271262E+04
   0.5790000E+03   0.5501506E+03   0.1568433E+03   0.1509552E+04   0.8224312E+04   0.2645010E+04   0.5880861E+04   0.4262750E+02   0.4122680E+02   0.5239667E+02   0.5039939E+02   0.1270750E+04
   0.5800000E+03   0.5510218E+03   0.1569148E+03   0.1510082E+04   0.8228217E+04   0.2649171E+04   0.5880840E+04   0.4262505E+02   0.4122472E+02   0.5239750E+02   0.5039937E+02   0.1270238E+04
   0.5810000E+03   0.5518868E+03   0.1569863E+03   0.1510613E+04   0.8232120E+04   0.2653332E+04   0.5880817E+04   0.4262260E+02   0.4122265E+02   0.5239832E+02   0.5039934E+02   0.1269731E+04
   0.5820000E+03   0.5527457E+03   0.1570578E+03   0.1511143E+04   0.8236020E+04   0.2657492E+04   0.5880794E+04   0.4262016E+02   0.4122057E+02   0.5239914E+02   0.5039930E+02   0.1269232E+04
   0.5830000E+03   0.5535986E+03   0.1571294E+03   0.1511694E+04   0.8239917E+04   0.2661651E+04   0.5880775E+04   0.4261771E+02   0.4121851E+02   0.5239996E+02   0.5039927E+02   0.1268728E+04
   0.5840000E+03   0.5544454E+03   0.1572007E+03   0.1512251E+04   0.8243811E+04   0.2665809E+04   0.5880757E+04   0.4261526E+02   0.4121644E+02   0.5240078E+02   0.5039923E+02   0.1268225E+04
   0.5850000E+03   0.5552863E+03   0.1572719E+03   0.1512797E+04   0.8247700E+04   0.2669966E+04   0.5880745E+04   0.4261282E+02   0.4121437E+02   0.5240159E+02   0.5039920E+02   0.1267720E+04
   0.5860000E+03   0.5561210E+03   0.1573434E+03   0.1513348E+04   0.8251588E+04   0.2674123E+04   0.5880846E+04   0.4261037E+02   0.4121230E+02   0.5240241E+02   0.5039917E+02   0.1267210E+04
   0.5870000E+03   0.5569499E+03   0.1574147E+03   0.1513898E+04   0.8255473E+04   0.2678279E+04   0.5881038E+04   0.4260793E+02   0.4121024E+02   0.5240322E+02   0.5039914E+02   0.1266693E+04
   0.5880000E+03   0.5577728E+03   0.1574858E+03   0.1514449E+04   0.8259353E+04   0.2682435E+04   0.5881158E+04   0.4260549E+02   0.4120818E+02   0.5240403E+02   0.5039910E+02   0.1266184E+04
   0.5890000E+03   0.5585898E+03   0.1575569E+03   0.1515001E+04   0.8263231E+04   0.2686589E+04   0.5881205E+04   0.4260305E+02   0.4120612E+02   0.5240483E+02   0.5039906E+02   0.1265677E+04
   0.5900000E+03   0.5594010E+03   0.1576278E+03   0.1515553E+04   0.8267107E+04   0.2690742E+04   0.5881209E+04   0.4260061E+02   0.4120405E+02   0.5240563E+02   0.5039902E+02   0.1265166E+04
   0.5910000E+03   0.5602063E+03   0.1576987E+03   0.1516106E+04   0.8270981E+04   0.2694896E+04   0.5881201E+04   0.4259816E+02   0.4120199E+02   0.5240643E+02   0.5039898E+02   0.1264658E+04
   0.5920000E+03   0.5610057E+03   0.1577696E+03   0.1516658E+04   0.8274851E+04   0.2699048E+04   0.5881186E+04   0.4259572E+02   0.4119992E+02   0.5240722E+02   0.5039894E+02   0.1264151E+04
   0.5930000E+03   0.5617993E+03   0.1578404E+03   0.1517210E+04   0.8278719E+04   0.2703200E+04   0.5881168E+04   0.4259328E+02   0.4119786E+02   0.5240800E+02   0.5039890E+02   0.1263643E+04
   0.5940000E+03   0.5625871E+03   0.1579111E+03   0.1517760E+04   0.8282583E+04   0.2707350E+04   0.5881149E+04   0.4259084E+02   0.4119579E+02   0.5240879E+02   0.5039886E+02   0.1263136E+04
   0.5950000E+03   0.5633691E+03   0.1579819E+03   0.1518309E+04   0.8286443E+04   0.2711500E+04   0.5881130E+04   0.4258840E+02   0.4119373E+02   0.5240958E+02   0.5039882E+02   0.1262628E+04
   0.5960000E+03   0.5641454E+03   0.1580525E+03   0.1518856E+04   0.8290303E+04   0.2715649E+04   0.5881106E+04   0.4258596E+02   0.4119166E+02   0.5241037E+02   0.5039878E+02   0.1262120E+04
   0.5970000E+03   0.5649160E+03   0.1581230E+03   0.1519400E+04   0.8294157E+04   0.2719797E+04   0.5881080E+04   0.4258351E+02   0.4118960E+02   0.5241114E+02   0.5039873E+02   0.1261613E+04
   0.5980000E+03   0.5656808E+03   0.1581935E+03   0.1519942E+04   0.8298010E+04   0.2723945E+04   0.5881051E+04   0.4258106E+02   0.4118754E+02   0.5241191E+02   0.5039868E+02   0.1261105E+04
   0.5990000E+03   0.5664401E+03   0.1582640E+03   0.1520482E+04   0.8301860E+04   0.2728091E+04   0.5881020E+04   0.4257862E+02   0.4118548E+02   0.5241269E+02   0.5039864E+02   0.1260599E+04
   0.6000000E+03   0.5671938E+03   0.1583344E+03   0.1521019E+04   0.8305708E+04   0.2732237E+04   0.5880987E+04   0.4257618E+02   0.4118341E+02   0.5241346E+02   0.5039859E+02   0.1260093E+04
   0.6010000E+03   0.5679418E+03   0.1584048E+03   0.1521553E+04   0.8309552E+04   0.2736382E+04   0.5880955E+04   0.4257373E+02   0.4118135E+02   0.5241423E+02   0.5039855E+02   0.1259586E+04
   0.6020000E+03   0.5686842E+03   0.1584752E+03   0.1522085E+04   0.8313392E+04   0.2740526E+04   0.5880925E+04   0.4257129E+02   0.4117929E+02   0.5241500E+02   0.5039851E+02   0.1259083E+04
   0.6030000E+03   0.5694211E+03   0.1585456E+03   0.1522637E+04   0.8317229E+04   0.2744669E+04   0.5880897E+04   0.4256884E+02   0.4117723E+02   0.5241576E+02   0.5039847E+02   0.1258580E+04
   0.6040000E+03   0.5701526E+03   0.1586159E+03   0.1523163E+04   0.8321063E+04   0.2748812E+04   0.5880869E+04   0.4256639E+02   0.4117517E+02   0.5241652E+02   0.5039843E+02   0.1258070E+04
   0.6050000E+03   0.5708785E+03   0.1586861E+03   0.1523687E+04   0.8324896E+04   0.2752954E+04   0.5880841E+04   0.4256394E+02   0.4117311E+02   0.5241727E+02   0.5039838E+02   0.1257562E+04
   0.6060000E+03   0.5715990E+03   0.1587562E+03   0.1524208E+04   0.8328726E+04   0.2757096E+04   0.5880814E+04   0.4256150E+02   0.4117104E+02   0.5241803E+02   0.5039833E+02   0.1257057E+04
   0.6070000E+03   0.5723140E+03   0.1588263E+03   0.1524727E+04   0.8332552E+04   0.2761236E+04   0.5880789E+04   0.4255905E+02   0.4116898E+02   0.5241879E+02   0.5039828E+02   0.1256553E+04
   0.6080000E+03   0.5730236E+03   0.1588965E+03   0.1525260E+04   0.8336375E+04   0.2765376E+04   0.5880767E+04   0.4255661E+02   0.4116693E+02   0.5241954E+02   0.5039823E+02   0.1256064E+04
   0.6090000E+03   0.5737855E+03   0.1589863E+03   0.1525791E+04   0.8340197E+04   0.2769515E+04   0.5880748E+04   0.4255416E+02   0.4116487E+02   0.5242028E+02   0.5039817E+02   0.1255563E+04
   0.6100000E+03   0.5746164E+03   0.1590991E+03   0.1526323E+04   0.8344016E+04   0.2773654E+04   0.5880728E+04   0.4255172E+02   0.4116281E+02   0.5242103E+02   0.5039811E+02   0.1255062E+04
   0.6110000E+03   0.5754736E+03   0.1592169E+03   0.1526865E+04   0.8347830E+04   0.2777791E+04   0.5880707E+04   0.4254928E+02   0.4116076E+02   0.5242177E+02   0.5039806E+02   0.1254546E+04
   0.6120000E+03   0.5763340E+03   0.1593307E+03   0.1527406E+04   0.8351642E+04   0.2781927E+04   0.5880682E+04   0.4254684E+02   0.4115870E+02   0.5242250E+02   0.5039801E+02   0.1254042E+04
   0.6130000E+03   0.5771899E+03   0.1594376E+03   0.1527948E+04   0.8355452E+04   0.2786063E+04   0.5880656E+04   0.4254440E+02   0.4115664E+02   0.5242324E+02   0.5039795E+02   0.1253531E+04
   0.6140000E+03   0.5780399E+03   0.1595381E+03   0.1528498E+04   0.8359258E+04   0.2790198E+04   0.5880629E+04   0.4254196E+02   0.4115459E+02   0.5242397E+02   0.5039789E+02   0.1253025E+04
   0.6150000E+03   0.5788837E+03   0.1596331E+03   0.1529054E+04   0.8363062E+04   0.2794333E+04   0.5880604E+04   0.4253952E+02   0.4115255E+02   0.5242470E+02   0.5039783E+02   0.1252520E+04
   0.6160000E+03   0.5797215E+03   0.1597236E+03   0.1529616E+04   0.8366863E+04   0.2798466E+04   0.5880578E+04   0.4253708E+02   0.4115050E+02   0.5242542E+02   0.5039778E+02   0.1252014E+04
   0.6170000E+03   0.5805531E+03   0.1598104E+03   0.1530185E+04   0.8370662E+04   0.2802598E+04   0.5880553E+04   0.4253464E+02   0.4114845E+02   0.5242614E+02   0.5039772E+02   0.1251514E+04
   0.6180000E+03   0.5813785E+03   0.1598942E+03   0.1530756E+04   0.8374456E+04   0.2806730E+04   0.5880528E+04   0.4253220E+02   0.4114639E+02   0.5242686E+02   0.5039766E+02   0.1251025E+04
   0.6190000E+03   0.5821984E+03   0.1599759E+03   0.1531340E+04   0.8378249E+04   0.2810862E+04   0.5880507E+04   0.4252977E+02   0.4114434E+02   0.5242759E+02   0.5039760E+02   0.1250525E+04
   0.6200000E+03   0.5830161E+03   0.1600564E+03   0.1531929E+04   0.8382039E+04   0.2814993E+04   0.5880485E+04   0.4252733E+02   0.4114230E+02   0.5242830E+02   0.5039754E+02   0.1250028E+04
   0.6210000E+03   0.5838325E+03   0.1601356E+03   0.1532516E+04   0.8385825E+04   0.2819122E+04   0.5880462E+04   0.4252489E+02   0.4114026E+02   0.5242901E+02   0.5039748E+02   0.1249512E+04
   0.6220000E+03   0.5846468E+03   0.1602134E+03   0.1533098E+04   0.8389609E+04   0.2823251E+04   0.5880438E+04   0.4252245E+02   0.4113821E+02   0.5242972E+02   0.5039741E+02   0.1249013E+04
   0.6230000E+03   0.5854578E+03   0.1602901E+03   0.1533676E+04   0.8393390E+04   0.2827379E+04   0.5880414E+04   0.4252001E+02   0.4113617E+02   0.5243044E+02   0.5039735E+02   0.1248508E+04
   0.6240000E+03   0.5862650E+03   0.1603656E+03   0.1534253E+04   0.8397170E+04   0.2831507E+04   0.5880390E+04   0.4251756E+02   0.4113412E+02   0.5243115E+02   0.5039728E+02   0.1248005E+04
   0.6250000E+03   0.5870677E+03   0.1604400E+03   0.1534829E+04   0.8400944E+04   0.2835634E+04   0.5880365E+04   0.4251511E+02   0.4113207E+02   0.5243186E+02   0.5039721E+02   0.1247504E+04
   0.6260000E+03   0.5878660E+03   0.1605135E+03   0.1535403E+04   0.8404717E+04   0.2839760E+04   0.5880340E+04   0.4251266E+02   0.4113002E+02   0.5243256E+02   0.5039713E+02   0.1247000E+04
   0.6270000E+03   0.5886592E+03   0.1605863E+03   0.1535975E+04   0.8408487E+04   0.2843885E+04   0.5880317E+04   0.4251022E+02   0.4112797E+02   0.5243326E+02   0.5039707E+02   0.1246517E+04
   0.6280000E+03   0.5894473E+03   0.1606586E+03   0.1536545E+04   0.8412253E+04   0.2848009E+04   0.5880294E+04   0.4250778E+02   0.4112592E+02   0.5243396E+02   0.5039700E+02   0.1246009E+04
   0.6290000E+03   0.5902300E+03   0.1607303E+03   0.1537113E+04   0.8416017E+04   0.2852132E+04   0.5880270E+04   0.4250533E+02   0.4112386E+02   0.5243465E+02   0.5039693E+02   0.1245508E+04
   0.6300000E+03   0.5910071E+03   0.1608016E+03   0.1537678E+04   0.8419778E+04   0.2856255E+04   0.5880247E+04   0.4250289E+02   0.4112182E+02   0.5243534E+02   0.5039686E+02   0.1245016E+04
   0.6310000E+03   0.5917785E+03   0.1608725E+03   0.1538241E+04   0.8423537E+04   0.2860378E+04   0.5880223E+04   0.4250045E+02   0.4111977E+02   0.5243604E+02   0.5039679E+02   0.1244508E+04
   0.6320000E+03   0.5925441E+03   0.1609431E+03   0.1538802E+04   0.8427293E+04   0.2864499E+04   0.5880199E+04   0.4249800E+02   0.4111772E+02   0.5243673E+02   0.5039671E+02   0.1244005E+04
   0.6330000E+03   0.5933040E+03   0.1610135E+03   0.1539361E+04   0.8431045E+04   0.2868620E+04   0.5880176E+04   0.4249556E+02   0.4111568E+02   0.5243740E+02   0.5039663E+02   0.1243504E+04
   0.6340000E+03   0.5940579E+03   0.1610837E+03   0.1539917E+04   0.8434796E+04   0.2872740E+04   0.5880151E+04   0.4249313E+02   0.4111364E+02   0.5243807E+02   0.5039655E+02   0.1243004E+04
   0.6350000E+03   0.5948060E+03   0.1611536E+03   0.1540471E+04   0.8438543E+04   0.2876859E+04   0.5880128E+04   0.4249068E+02   0.4111159E+02   0.5243875E+02   0.5039646E+02   0.1242502E+04
   0.6360000E+03   0.5955482E+03   0.1612234E+03   0.1541022E+04   0.8442288E+04   0.2880977E+04   0.5880105E+04   0.4248825E+02   0.4110954E+02   0.5243943E+02   0.5039638E+02   0.1242002E+04
   0.6370000E+03   0.5962845E+03   0.1612932E+03   0.1541571E+04   0.8446028E+04   0.2885094E+04   0.5880082E+04   0.4248581E+02   0.4110749E+02   0.5244010E+02   0.5039629E+02   0.1241502E+04
   0.6380000E+03   0.5970148E+03   0.1613627E+03   0.1542118E+04   0.8449768E+04   0.2889211E+04   0.5880059E+04   0.4248337E+02   0.4110545E+02   0.5244077E+02   0.5039621E+02   0.1241001E+04
   0.6390000E+03   0.5977393E+03   0.1614321E+03   0.1542661E+04   0.8453503E+04   0.2893326E+04   0.5880035E+04   0.4248092E+02   0.4110341E+02   0.5244143E+02   0.5039614E+02   0.1240501E+04
   0.6400000E+03   0.5984578E+03   0.1615013E+03   0.1543203E+04   0.8457236E+04   0.2897442E+04   0.5880011E+04   0.4247849E+02   0.4110138E+02   0.5244209E+02   0.5039605E+02   0.1239999E+04
   0.6410000E+03   0.5991704E+03   0.1615705E+03   0.1543742E+04   0.8460968E+04   0.2901556E+04   0.5879988E+04   0.4247605E+02   0.4109934E+02   0.5244275E+02   0.5039597E+02   0.1239499E+04
   0.6420000E+03   0.5998773E+03   0.1616395E+03   0.1544279E+04   0.8464693E+04   0.2905669E+04   0.5879964E+04   0.4247362E+02   0.4109731E+02   0.5244341E+02   0.5039589E+02   0.1239016E+04
   0.6430000E+03   0.6005781E+03   0.1617085E+03   0.1544827E+04   0.8468418E+04   0.2909782E+04   0.5879945E+04   0.4247118E+02   0.4109528E+02   0.5244407E+02   0.5039580E+02   0.1238531E+04
   0.6440000E+03   0.6012730E+03   0.1617770E+03   0.1545376E+04   0.8472141E+04   0.2913894E+04   0.5879924E+04   0.4246874E+02   0.4109324E+02   0.5244473E+02   0.5039571E+02   0.1238013E+04
   0.6450000E+03   0.6019622E+03   0.1618455E+03   0.1545926E+04   0.8475860E+04   0.2918006E+04   0.5879902E+04   0.4246630E+02   0.4109121E+02   0.5244537E+02   0.5039563E+02   0.1237504E+04
   0.6460000E+03   0.6026456E+03   0.1619139E+03   0.1546475E+04   0.8479577E+04   0.2922116E+04   0.5879878E+04   0.4246387E+02   0.4108917E+02   0.5244602E+02   0.5039555E+02   0.1237003E+04
   0.6470000E+03   0.6033242E+03   0.1619831E+03   0.1547031E+04   0.8483292E+04   0.2926227E+04   0.5879853E+04   0.4246143E+02   0.4108714E+02   0.5244667E+02   0.5039546E+02   0.1236548E+04
   0.6480000E+03   0.6040031E+03   0.1620536E+03   0.1547584E+04   0.8487003E+04   0.2930336E+04   0.5879828E+04   0.4245900E+02   0.4108510E+02   0.5244732E+02   0.5039537E+02   0.1236036E+04
   0.6490000E+03   0.6046835E+03   0.1621255E+03   0.1548135E+04   0.8490710E+04   0.2934444E+04   0.5879805E+04   0.4245656E+02   0.4108306E+02   0.5244796E+02   0.5039529E+02   0.1235540E+04
   0.6500000E+03   0.6053621E+03   0.1621977E+03   0.1548685E+04   0.8494418E+04   0.2938552E+04   0.5879779E+04   0.4245412E+02   0.4108102E+02   0.5244859E+02   0.5039520E+02   0.1235035E+04
   0.6510000E+03   0.6060375E+03   0.1622693E+03   0.1549232E+04   0.8498120E+04   0.2942659E+04   0.5879755E+04   0.4245169E+02   0.4107898E+02   0.5244923E+02   0.5039510E+02   0.1234533E+04
   0.6520000E+03   0.6067087E+03   0.1623404E+03   0.1549776E+04   0.8501821E+04   0.2946765E+04   0.5879729E+04   0.4244925E+02   0.4107694E+02   0.5244986E+02   0.5039502E+02   0.1234032E+04
   0.6530000E+03   0.6073752E+03   0.1624110E+03   0.1550316E+04   0.8505520E+04   0.2950871E+04   0.5879707E+04   0.4244682E+02   0.4107490E+02   0.5245050E+02   0.5039492E+02   0.1233532E+04
   0.6540000E+03   0.6080368E+03   0.1624810E+03   0.1550854E+04   0.8509214E+04   0.2954975E+04   0.5879682E+04   0.4244439E+02   0.4107286E+02   0.5245113E+02   0.5039483E+02   0.1233034E+04
   0.6550000E+03   0.6086934E+03   0.1625507E+03   0.1551387E+04   0.8512908E+04   0.2959078E+04   0.5879658E+04   0.4244195E+02   0.4107082E+02   0.5245176E+02   0.5039473E+02   0.1232533E+04
   0.6560000E+03   0.6093487E+03   0.1626215E+03   0.1551915E+04   0.8516600E+04   0.2963181E+04   0.5879637E+04   0.4243951E+02   0.4106878E+02   0.5245239E+02   0.5039463E+02   0.1232058E+04
   0.6570000E+03   0.6100128E+03   0.1626966E+03   0.1552436E+04   0.8520286E+04   0.2967283E+04   0.5879614E+04   0.4243709E+02   0.4106675E+02   0.5245301E+02   0.5039454E+02   0.1231562E+04
   0.6580000E+03   0.6106865E+03   0.1627756E+03   0.1552956E+04   0.8523972E+04   0.2971384E+04   0.5879589E+04   0.4243466E+02   0.4106472E+02   0.5245362E+02   0.5039444E+02   0.1231065E+04
   0.6590000E+03   0.6113622E+03   0.1628550E+03   0.1553475E+04   0.8527652E+04   0.2975485E+04   0.5879566E+04   0.4243223E+02   0.4106269E+02   0.5245424E+02   0.5039434E+02   0.1230546E+04
   0.6600000E+03   0.6120344E+03   0.1629332E+03   0.1553994E+04   0.8531332E+04   0.2979585E+04   0.5879542E+04   0.4242981E+02   0.4106067E+02   0.5245485E+02   0.5039423E+02   0.1230047E+04
   0.6610000E+03   0.6127012E+03   0.1630097E+03   0.1554512E+04   0.8535008E+04   0.2983685E+04   0.5879518E+04   0.4242738E+02   0.4105864E+02   0.5245546E+02   0.5039413E+02   0.1229560E+04
   0.6620000E+03   0.6133620E+03   0.1630846E+03   0.1555028E+04   0.8538681E+04   0.2987783E+04   0.5879495E+04   0.4242495E+02   0.4105661E+02   0.5245607E+02   0.5039402E+02   0.1229061E+04
   0.6630000E+03   0.6140168E+03   0.1631582E+03   0.1555544E+04   0.8542353E+04   0.2991881E+04   0.5879471E+04   0.4242252E+02   0.4105458E+02   0.5245668E+02   0.5039392E+02   0.1228563E+04
   0.6640000E+03   0.6146656E+03   0.1632308E+03   0.1556059E+04   0.8546020E+04   0.2995979E+04   0.5879448E+04   0.4242009E+02   0.4105255E+02   0.5245728E+02   0.5039382E+02   0.1228073E+04
   0.6650000E+03   0.6153085E+03   0.1633026E+03   0.1556582E+04   0.8549686E+04   0.3000075E+04   0.5879425E+04   0.4241766E+02   0.4105052E+02   0.5245788E+02   0.5039371E+02   0.1227590E+04
   0.6660000E+03   0.6159456E+03   0.1633739E+03   0.1557096E+04   0.8553347E+04   0.3004170E+04   0.5879400E+04   0.4241523E+02   0.4104848E+02   0.5245848E+02   0.5039360E+02   0.1227091E+04
   0.6670000E+03   0.6165768E+03   0.1634442E+03   0.1557606E+04   0.8557006E+04   0.3008265E+04   0.5879376E+04   0.4241280E+02   0.4104646E+02   0.5245909E+02   0.5039350E+02   0.1226594E+04
   0.6680000E+03   0.6172025E+03   0.1635141E+03   0.1558112E+04   0.8560663E+04   0.3012359E+04   0.5879353E+04   0.4241036E+02   0.4104443E+02   0.5245969E+02   0.5039338E+02   0.1226093E+04
   0.6690000E+03   0.6178222E+03   0.1635834E+03   0.1558616E+04   0.8564318E+04   0.3016452E+04   0.5879330E+04   0.4240793E+02   0.4104240E+02   0.5246027E+02   0.5039328E+02   0.1225596E+04
   0.6700000E+03   0.6184363E+03   0.1636525E+03   0.1559118E+04   0.8567970E+04   0.3020544E+04   0.5879305E+04   0.4240550E+02   0.4104038E+02   0.5246086E+02   0.5039317E+02   0.1225099E+04
   0.6710000E+03   0.6190447E+03   0.1637211E+03   0.1559618E+04   0.8571618E+04   0.3024636E+04   0.5879282E+04   0.4240307E+02   0.4103836E+02   0.5246144E+02   0.5039306E+02   0.1224602E+04
   0.6720000E+03   0.6196475E+03   0.1637895E+03   0.1560115E+04   0.8575266E+04   0.3028726E+04   0.5879258E+04   0.4240064E+02   0.4103633E+02   0.5246203E+02   0.5039294E+02   0.1224105E+04
   0.6730000E+03   0.6202447E+03   0.1638577E+03   0.1560610E+04   0.8578909E+04   0.3032816E+04   0.5879234E+04   0.4239821E+02   0.4103431E+02   0.5246262E+02   0.5039283E+02   0.1223612E+04
   0.6740000E+03   0.6208364E+03   0.1639257E+03   0.1561103E+04   0.8582550E+04   0.3036906E+04   0.5879211E+04   0.4239579E+02   0.4103229E+02   0.5246319E+02   0.5039272E+02   0.1223111E+04
   0.6750000E+03   0.6214227E+03   0.1639935E+03   0.1561594E+04   0.8586188E+04   0.3040994E+04   0.5879187E+04   0.4239335E+02   0.4103027E+02   0.5246377E+02   0.5039260E+02   0.1222614E+04
   0.6760000E+03   0.6220036E+03   0.1640611E+03   0.1562082E+04   0.8589822E+04   0.3045082E+04   0.5879163E+04   0.4239092E+02   0.4102824E+02   0.5246434E+02   0.5039248E+02   0.1222118E+04
   0.6770000E+03   0.6225790E+03   0.1641286E+03   0.1562568E+04   0.8593457E+04   0.3049169E+04   0.5879139E+04   0.4238848E+02   0.4102623E+02   0.5246491E+02   0.5039237E+02   0.1221622E+04
   0.6780000E+03   0.6231489E+03   0.1641960E+03   0.1563052E+04   0.8597087E+04   0.3053256E+04   0.5879116E+04   0.4238605E+02   0.4102420E+02   0.5246548E+02   0.5039226E+02   0.1221126E+04
   0.6790000E+03   0.6237133E+03   0.1642633E+03   0.1563533E+04   0.8600714E+04   0.3057342E+04   0.5879091E+04   0.4238362E+02   0.4102219E+02   0.5246604E+02   0.5039214E+02   0.1220630E+04
   0.6800000E+03   0.6242725E+03   0.1643305E+03   0.1564012E+04   0.8604338E+04   0.3061426E+04   0.5879068E+04   0.4238118E+02   0.4102016E+02   0.5246661E+02   0.5039203E+02   0.1220135E+04
   0.6810000E+03   0.6248262E+03   0.1643976E+03   0.1564489E+04   0.8607960E+04   0.3065510E+04   0.5879044E+04   0.4237875E+02   0.4101815E+02   0.5246716E+02   0.5039191E+02   0.1219640E+04
   0.6820000E+03   0.6253746E+03   0.1644646E+03   0.1564964E+04   0.8611579E+04   0.3069593E+04   0.5879021E+04   0.4237632E+02   0.4101612E+02   0.5246773E+02   0.5039179E+02   0.1219144E+04
   0.6830000E+03   0.6259177E+03   0.1645316E+03   0.1565435E+04   0.8615195E+04   0.3073676E+04   0.5878998E+04   0.4237389E+02   0.4101411E+02   0.5246828E+02   0.5039168E+02   0.1218650E+04
   0.6840000E+03   0.6264556E+03   0.1645986E+03   0.1565904E+04   0.8618810E+04   0.3077757E+04   0.5878974E+04   0.4237147E+02   0.4101208E+02   0.5246883E+02   0.5039156E+02   0.1218154E+04
   0.6850000E+03   0.6269885E+03   0.1646655E+03   0.1566372E+04   0.8622422E+04   0.3081838E+04   0.5878950E+04   0.4236904E+02   0.4101007E+02   0.5246938E+02   0.5039145E+02   0.1217660E+04
   0.6860000E+03   0.6275162E+03   0.1647322E+03   0.1566840E+04   0.8626030E+04   0.3085918E+04   0.5878926E+04   0.4236661E+02   0.4100806E+02   0.5246993E+02   0.5039132E+02   0.1217165E+04
   0.6870000E+03   0.6280388E+03   0.1647991E+03   0.1567309E+04   0.8629636E+04   0.3089997E+04   0.5878903E+04   0.4236419E+02   0.4100604E+02   0.5247048E+02   0.5039120E+02   0.1216675E+04
   0.6880000E+03   0.6285561E+03   0.1648658E+03   0.1567777E+04   0.8633239E+04   0.3094076E+04   0.5878879E+04   0.4236176E+02   0.4100402E+02   0.5247103E+02   0.5039108E+02   0.1216178E+04
   0.6890000E+03   0.6290688E+03   0.1649326E+03   0.1568243E+04   0.8636841E+04   0.3098154E+04   0.5878856E+04   0.4235934E+02   0.4100201E+02   0.5247157E+02   0.5039095E+02   0.1215690E+04
   0.6900000E+03   0.6295766E+03   0.1649993E+03   0.1568707E+04   0.8640439E+04   0.3102230E+04   0.5878832E+04   0.4235691E+02   0.4099998E+02   0.5247211E+02   0.5039082E+02   0.1215192E+04
   0.6910000E+03   0.6300794E+03   0.1650660E+03   0.1569170E+04   0.8644035E+04   0.3106307E+04   0.5878808E+04   0.4235448E+02   0.4099797E+02   0.5247264E+02   0.5039070E+02   0.1214699E+04
   0.6920000E+03   0.6305773E+03   0.1651326E+03   0.1569632E+04   0.8647628E+04   0.3110382E+04   0.5878784E+04   0.4235205E+02   0.4099595E+02   0.5247318E+02   0.5039057E+02   0.1214205E+04
   0.6930000E+03   0.6310701E+03   0.1651992E+03   0.1570092E+04   0.8651220E+04   0.3114457E+04   0.5878760E+04   0.4234962E+02   0.4099394E+02   0.5247371E+02   0.5039044E+02   0.1213712E+04
   0.6940000E+03   0.6315581E+03   0.1652656E+03   0.1570550E+04   0.8654809E+04   0.3118531E+04   0.5878735E+04   0.4234719E+02   0.4099193E+02   0.5247424E+02   0.5039031E+02   0.1213219E+04
   0.6950000E+03   0.6320411E+03   0.1653321E+03   0.1571008E+04   0.8658393E+04   0.3122604E+04   0.5878711E+04   0.4234476E+02   0.4098992E+02   0.5247476E+02   0.5039019E+02   0.1212726E+04
   0.6960000E+03   0.6325192E+03   0.1653985E+03   0.1571464E+04   0.8661976E+04   0.3126676E+04   0.5878688E+04   0.4234233E+02   0.4098792E+02   0.5247528E+02   0.5039006E+02   0.1212234E+04
   0.6970000E+03   0.6329924E+03   0.1654648E+03   0.1571918E+04   0.8665555E+04   0.3130748E+04   0.5878664E+04   0.4233990E+02   0.4098590E+02   0.5247580E+02   0.5038993E+02   0.1211741E+04
   0.6980000E+03   0.6334609E+03   0.1655311E+03   0.1572372E+04   0.8669133E+04   0.3134819E+04   0.5878641E+04   0.4233747E+02   0.4098391E+02   0.5247632E+02   0.5038980E+02   0.1211249E+04
   0.6990000E+03   0.6339245E+03   0.1655973E+03   0.1572823E+04   0.8672708E+04   0.3138889E+04   0.5878616E+04   0.4233504E+02   0.4098190E+02   0.5247683E+02   0.5038967E+02   0.1210757E+04
   0.7000000E+03   0.6343833E+03   0.1656635E+03   0.1573274E+04   0.8676280E+04   0.3142958E+04   0.5878592E+04   0.4233262E+02   0.4097990E+02   0.5247735E+02   0.5038953E+02   0.1210266E+04
   0.7010000E+03   0.6348374E+03   0.1657296E+03   0.1573723E+04   0.8679850E+04   0.3147027E+04   0.5878568E+04   0.4233019E+02   0.4097789E+02   0.5247787E+02   0.5038939E+02   0.1209774E+04
   0.7020000E+03   0.6352867E+03   0.1657956E+03   0.1574171E+04   0.8683417E+04   0.3151095E+04   0.5878544E+04   0.4232776E+02   0.4097589E+02   0.5247839E+02   0.5038926E+02   0.1209282E+04
   0.7030000E+03   0.6357312E+03   0.1658617E+03   0.1574617E+04   0.8686983E+04   0.3155163E+04   0.5878521E+04   0.4232533E+02   0.4097389E+02   0.5247889E+02   0.5038911E+02   0.1208791E+04
   0.7040000E+03   0.6361710E+03   0.1659276E+03   0.1575062E+04   0.8690545E+04   0.3159229E+04   0.5878497E+04   0.4232290E+02   0.4097189E+02   0.5247940E+02   0.5038898E+02   0.1208300E+04
   0.7050000E+03   0.6366061E+03   0.1659935E+03   0.1575505E+04   0.8694104E+04   0.3163294E+04   0.5878474E+04   0.4232048E+02   0.4096989E+02   0.5247991E+02   0.5038884E+02   0.1207809E+04
   0.7060000E+03   0.6370367E+03   0.1660594E+03   0.1575947E+04   0.8697662E+04   0.3167359E+04   0.5878448E+04   0.4231806E+02   0.4096788E+02   0.5248042E+02   0.5038870E+02   0.1207318E+04
   0.7070000E+03   0.6374627E+03   0.1661253E+03   0.1576388E+04   0.8701218E+04   0.3171423E+04   0.5878425E+04   0.4231564E+02   0.4096588E+02   0.5248092E+02   0.5038856E+02   0.1206827E+04
   0.7080000E+03   0.6378840E+03   0.1661910E+03   0.1576828E+04   0.8704771E+04   0.3175487E+04   0.5878401E+04   0.4231321E+02   0.4096388E+02   0.5248142E+02   0.5038843E+02   0.1206336E+04
   0.7090000E+03   0.6383008E+03   0.1662567E+03   0.1577266E+04   0.8708318E+04   0.3179549E+04   0.5878377E+04   0.4231078E+02   0.4096188E+02   0.5248192E+02   0.5038829E+02   0.1205846E+04
   0.7100000E+03   0.6387131E+03   0.1663224E+03   0.1577702E+04   0.8711865E+04   0.3183611E+04   0.5878354E+04   0.4230836E+02   0.4095987E+02   0.5248241E+02   0.5038814E+02   0.1205356E+04
   0.7110000E+03   0.6391208E+03   0.1663880E+03   0.1578138E+04   0.8715409E+04   0.3187672E+04   0.5878330E+04   0.4230594E+02   0.4095787E+02   0.5248290E+02   0.5038800E+02   0.1204866E+04
   0.7120000E+03   0.6395241E+03   0.1664537E+03   0.1578572E+04   0.8718950E+04   0.3191733E+04   0.5878305E+04   0.4230352E+02   0.4095587E+02   0.5248339E+02   0.5038786E+02   0.1204376E+04
   0.7130000E+03   0.6399230E+03   0.1665192E+03   0.1579005E+04   0.8722490E+04   0.3195792E+04   0.5878281E+04   0.4230110E+02   0.4095387E+02   0.5248387E+02   0.5038771E+02   0.1203887E+04
   0.7140000E+03   0.6403174E+03   0.1665847E+03   0.1579436E+04   0.8726027E+04   0.3199852E+04   0.5878258E+04   0.4229868E+02   0.4095186E+02   0.5248435E+02   0.5038755E+02   0.1203397E+04
   0.7150000E+03   0.6407075E+03   0.1666502E+03   0.1579878E+04   0.8729561E+04   0.3203910E+04   0.5878235E+04   0.4229626E+02   0.4094986E+02   0.5248483E+02   0.5038741E+02   0.1202909E+04
   0.7160000E+03   0.6410930E+03   0.1667157E+03   0.1580310E+04   0.8733092E+04   0.3207967E+04   0.5878211E+04   0.4229384E+02   0.4094787E+02   0.5248531E+02   0.5038727E+02   0.1202420E+04
   0.7170000E+03   0.6414741E+03   0.1667811E+03   0.1580745E+04   0.8736620E+04   0.3212024E+04   0.5878187E+04   0.4229142E+02   0.4094588E+02   0.5248578E+02   0.5038713E+02   0.1201932E+04
   0.7180000E+03   0.6418510E+03   0.1668464E+03   0.1581178E+04   0.8740145E+04   0.3216081E+04   0.5878164E+04   0.4228901E+02   0.4094389E+02   0.5248625E+02   0.5038699E+02   0.1201442E+04
   0.7190000E+03   0.6422235E+03   0.1669117E+03   0.1581610E+04   0.8743669E+04   0.3220136E+04   0.5878141E+04   0.4228659E+02   0.4094189E+02   0.5248672E+02   0.5038684E+02   0.1200953E+04
   0.7200000E+03   0.6425917E+03   0.1669769E+03   0.1582037E+04   0.8747191E+04   0.3224190E+04   0.5878117E+04   0.4228416E+02   0.4093990E+02   0.5248719E+02   0.5038669E+02   0.1200465E+04
   0.7210000E+03   0.6429556E+03   0.1670421E+03   0.1582464E+04   0.8750711E+04   0.3228244E+04   0.5878093E+04   0.4228174E+02   0.4093790E+02   0.5248766E+02   0.5038654E+02   0.1199976E+04
   0.7220000E+03   0.6433154E+03   0.1671073E+03   0.1582894E+04   0.8754227E+04   0.3232297E+04   0.5878069E+04   0.4227932E+02   0.4093590E+02   0.5248813E+02   0.5038639E+02   0.1199490E+04
   0.7230000E+03   0.6436707E+03   0.1671724E+03   0.1583323E+04   0.8757739E+04   0.3236350E+04   0.5878045E+04   0.4227690E+02   0.4093390E+02   0.5248859E+02   0.5038623E+02   0.1199002E+04
   0.7240000E+03   0.6440220E+03   0.1672375E+03   0.1583755E+04   0.8761252E+04   0.3240401E+04   0.5878021E+04   0.4227449E+02   0.4093190E+02   0.5248905E+02   0.5038608E+02   0.1198515E+04
   0.7250000E+03   0.6443691E+03   0.1673026E+03   0.1584188E+04   0.8764761E+04   0.3244451E+04   0.5877999E+04   0.4227206E+02   0.4092991E+02   0.5248951E+02   0.5038592E+02   0.1198027E+04
   0.7260000E+03   0.6447120E+03   0.1673676E+03   0.1584644E+04   0.8768267E+04   0.3248501E+04   0.5877976E+04   0.4226964E+02   0.4092792E+02   0.5248996E+02   0.5038577E+02   0.1197540E+04
   0.7270000E+03   0.6450507E+03   0.1674325E+03   0.1585154E+04   0.8771771E+04   0.3252551E+04   0.5877953E+04   0.4226722E+02   0.4092593E+02   0.5249042E+02   0.5038561E+02   0.1197053E+04
   0.7280000E+03   0.6453854E+03   0.1674975E+03   0.1585682E+04   0.8775271E+04   0.3256599E+04   0.5877928E+04   0.4226481E+02   0.4092393E+02   0.5249087E+02   0.5038545E+02   0.1196567E+04
   0.7290000E+03   0.6457160E+03   0.1675623E+03   0.1586207E+04   0.8778771E+04   0.3260647E+04   0.5877902E+04   0.4226239E+02   0.4092194E+02   0.5249132E+02   0.5038530E+02   0.1196079E+04
   0.7300000E+03   0.6460425E+03   0.1676271E+03   0.1586721E+04   0.8782266E+04   0.3264694E+04   0.5877878E+04   0.4225998E+02   0.4091995E+02   0.5249177E+02   0.5038515E+02   0.1195592E+04
   0.7310000E+03   0.6463649E+03   0.1676918E+03   0.1587220E+04   0.8785759E+04   0.3268740E+04   0.5877854E+04   0.4225756E+02   0.4091796E+02   0.5249222E+02   0.5038499E+02   0.1195106E+04
   0.7320000E+03   0.6466833E+03   0.1677565E+03   0.1587706E+04   0.8789251E+04   0.3272786E+04   0.5877831E+04   0.4225515E+02   0.4091597E+02   0.5249267E+02   0.5038484E+02   0.1194620E+04
   0.7330000E+03   0.6469977E+03   0.1678212E+03   0.1588183E+04   0.8792739E+04   0.3276831E+04   0.5877805E+04   0.4225273E+02   0.4091398E+02   0.5249311E+02   0.5038468E+02   0.1194133E+04
   0.7340000E+03   0.6473082E+03   0.1678858E+03   0.1588651E+04   0.8796226E+04   0.3280875E+04   0.5877781E+04   0.4225031E+02   0.4091199E+02   0.5249355E+02   0.5038452E+02   0.1193648E+04
   0.7350000E+03   0.6476147E+03   0.1679504E+03   0.1589115E+04   0.8799707E+04   0.3284919E+04   0.5877758E+04   0.4224789E+02   0.4091000E+02   0.5249398E+02   0.5038436E+02   0.1193163E+04
   0.7360000E+03   0.6479172E+03   0.1680150E+03   0.1589575E+04   0.8803188E+04   0.3288961E+04   0.5877733E+04   0.4224548E+02   0.4090802E+02   0.5249443E+02   0.5038419E+02   0.1192680E+04
   0.7370000E+03   0.6482164E+03   0.1680796E+03   0.1590041E+04   0.8806667E+04   0.3293003E+04   0.5877709E+04   0.4224307E+02   0.4090604E+02   0.5249487E+02   0.5038403E+02   0.1192195E+04
   0.7380000E+03   0.6485126E+03   0.1681445E+03   0.1590506E+04   0.8810145E+04   0.3297044E+04   0.5877685E+04   0.4224066E+02   0.4090406E+02   0.5249530E+02   0.5038386E+02   0.1191708E+04
   0.7390000E+03   0.6488058E+03   0.1682097E+03   0.1590973E+04   0.8813617E+04   0.3301084E+04   0.5877662E+04   0.4223824E+02   0.4090208E+02   0.5249574E+02   0.5038369E+02   0.1191224E+04
   0.7400000E+03   0.6490958E+03   0.1682748E+03   0.1591439E+04   0.8817088E+04   0.3305123E+04   0.5877636E+04   0.4223582E+02   0.4090009E+02   0.5249615E+02   0.5038352E+02   0.1190739E+04
   0.7410000E+03   0.6493822E+03   0.1683398E+03   0.1591900E+04   0.8820557E+04   0.3309162E+04   0.5877611E+04   0.4223342E+02   0.4089811E+02   0.5249657E+02   0.5038335E+02   0.1190254E+04
   0.7420000E+03   0.6496649E+03   0.1684047E+03   0.1592358E+04   0.8824023E+04   0.3313199E+04   0.5877586E+04   0.4223100E+02   0.4089612E+02   0.5249699E+02   0.5038319E+02   0.1189768E+04
   0.7430000E+03   0.6499436E+03   0.1684695E+03   0.1592814E+04   0.8827487E+04   0.3317237E+04   0.5877562E+04   0.4222858E+02   0.4089414E+02   0.5249741E+02   0.5038302E+02   0.1189285E+04
   0.7440000E+03   0.6502186E+03   0.1685341E+03   0.1593264E+04   0.8830949E+04   0.3321273E+04   0.5877536E+04   0.4222617E+02   0.4089215E+02   0.5249782E+02   0.5038285E+02   0.1188800E+04
   0.7450000E+03   0.6504897E+03   0.1685987E+03   0.1593713E+04   0.8834407E+04   0.3325310E+04   0.5877510E+04   0.4222376E+02   0.4089017E+02   0.5249823E+02   0.5038269E+02   0.1188317E+04
   0.7460000E+03   0.6507571E+03   0.1686631E+03   0.1594160E+04   0.8837863E+04   0.3329345E+04   0.5877486E+04   0.4222135E+02   0.4088819E+02   0.5249864E+02   0.5038251E+02   0.1187833E+04
   0.7470000E+03   0.6510209E+03   0.1687274E+03   0.1594605E+04   0.8841316E+04   0.3333380E+04   0.5877462E+04   0.4221893E+02   0.4088621E+02   0.5249905E+02   0.5038234E+02   0.1187349E+04
   0.7480000E+03   0.6512809E+03   0.1687917E+03   0.1595049E+04   0.8844769E+04   0.3337413E+04   0.5877437E+04   0.4221651E+02   0.4088422E+02   0.5249945E+02   0.5038216E+02   0.1186866E+04
   0.7490000E+03   0.6515373E+03   0.1688559E+03   0.1595492E+04   0.8848217E+04   0.3341446E+04   0.5877412E+04   0.4221410E+02   0.4088223E+02   0.5249987E+02   0.5038200E+02   0.1186383E+04
   0.7500000E+03   0.6517900E+03   0.1689199E+03   0.1595933E+04   0.8851664E+04   0.3345478E+04   0.5877387E+04   0.4221168E+02   0.4088025E+02   0.5250027E+02   0.5038183E+02   0.1185900E+04
   0.7510000E+03   0.6520391E+03   0.1689839E+03   0.1596374E+04   0.8855110E+04   0.3349509E+04   0.5877362E+04   0.4220927E+02   0.4087827E+02   0.5250067E+02   0.5038166E+02   0.1185417E+04
   0.7520000E+03   0.6522845E+03   0.1690479E+03   0.1596814E+04   0.8858551E+04   0.3353540E+04   0.5877337E+04   0.4220687E+02   0.4087628E+02   0.5250107E+02   0.5038148E+02   0.1184934E+04
   0.7530000E+03   0.6525265E+03   0.1691118E+03   0.1597254E+04   0.8861991E+04   0.3357570E+04   0.5877313E+04   0.4220446E+02   0.4087430E+02   0.5250147E+02   0.5038131E+02   0.1184451E+04
   0.7540000E+03   0.6527646E+03   0.1691755E+03   0.1597693E+04   0.8865429E+04   0.3361599E+04   0.5877288E+04   0.4220205E+02   0.4087231E+02   0.5250186E+02   0.5038114E+02   0.1183969E+04
   0.7550000E+03   0.6529993E+03   0.1692393E+03   0.1598131E+04   0.8868863E+04   0.3365627E+04   0.5877264E+04   0.4219964E+02   0.4087033E+02   0.5250225E+02   0.5038096E+02   0.1183487E+04
   0.7560000E+03   0.6532303E+03   0.1693030E+03   0.1598569E+04   0.8872296E+04   0.3369654E+04   0.5877239E+04   0.4219723E+02   0.4086835E+02   0.5250265E+02   0.5038078E+02   0.1183005E+04
   0.7570000E+03   0.6534579E+03   0.1693666E+03   0.1599008E+04   0.8875726E+04   0.3373680E+04   0.5877215E+04   0.4219481E+02   0.4086638E+02   0.5250304E+02   0.5038060E+02   0.1182522E+04
   0.7580000E+03   0.6536820E+03   0.1694301E+03   0.1599446E+04   0.8879152E+04   0.3377707E+04   0.5877190E+04   0.4219240E+02   0.4086441E+02   0.5250343E+02   0.5038042E+02   0.1182041E+04
   0.7590000E+03   0.6539026E+03   0.1694937E+03   0.1599892E+04   0.8882578E+04   0.3381732E+04   0.5877165E+04   0.4218999E+02   0.4086243E+02   0.5250381E+02   0.5038025E+02   0.1181560E+04
   0.7600000E+03   0.6541197E+03   0.1695571E+03   0.1600338E+04   0.8886000E+04   0.3385757E+04   0.5877142E+04   0.4218758E+02   0.4086045E+02   0.5250420E+02   0.5038008E+02   0.1181079E+04
   0.7610000E+03   0.6543334E+03   0.1696206E+03   0.1600784E+04   0.8889420E+04   0.3389781E+04   0.5877118E+04   0.4218517E+02   0.4085847E+02   0.5250458E+02   0.5037991E+02   0.1180598E+04
   0.7620000E+03   0.6545439E+03   0.1696841E+03   0.1601231E+04   0.8892836E+04   0.3393804E+04   0.5877093E+04   0.4218276E+02   0.4085651E+02   0.5250496E+02   0.5037973E+02   0.1180117E+04
   0.7630000E+03   0.6547512E+03   0.1697476E+03   0.1601677E+04   0.8896252E+04   0.3397826E+04   0.5877068E+04   0.4218035E+02   0.4085453E+02   0.5250534E+02   0.5037955E+02   0.1179636E+04
   0.7640000E+03   0.6549553E+03   0.1698111E+03   0.1602125E+04   0.8899665E+04   0.3401848E+04   0.5877043E+04   0.4217794E+02   0.4085256E+02   0.5250571E+02   0.5037937E+02   0.1179156E+04
   0.7650000E+03   0.6551561E+03   0.1698745E+03   0.1602573E+04   0.8903076E+04   0.3405870E+04   0.5877019E+04   0.4217552E+02   0.4085058E+02   0.5250608E+02   0.5037919E+02   0.1178676E+04
   0.7660000E+03   0.6553536E+03   0.1699379E+03   0.1603018E+04   0.8906482E+04   0.3409890E+04   0.5876994E+04   0.4217311E+02   0.4084861E+02   0.5250645E+02   0.5037901E+02   0.1178196E+04
   0.7670000E+03   0.6555476E+03   0.1700013E+03   0.1603463E+04   0.8909888E+04   0.3413909E+04   0.5876968E+04   0.4217070E+02   0.4084664E+02   0.5250684E+02   0.5037881E+02   0.1177715E+04
   0.7680000E+03   0.6557382E+03   0.1700645E+03   0.1603907E+04   0.8913290E+04   0.3417928E+04   0.5876945E+04   0.4216828E+02   0.4084466E+02   0.5250720E+02   0.5037863E+02   0.1177236E+04
   0.7690000E+03   0.6559257E+03   0.1701276E+03   0.1604349E+04   0.8916691E+04   0.3421946E+04   0.5876918E+04   0.4216586E+02   0.4084268E+02   0.5250757E+02   0.5037844E+02   0.1176756E+04
   0.7700000E+03   0.6561098E+03   0.1701907E+03   0.1604790E+04   0.8920091E+04   0.3425964E+04   0.5876893E+04   0.4216345E+02   0.4084071E+02   0.5250793E+02   0.5037825E+02   0.1176277E+04
   0.7710000E+03   0.6562906E+03   0.1702538E+03   0.1605237E+04   0.8923486E+04   0.3429981E+04   0.5876869E+04   0.4216104E+02   0.4083874E+02   0.5250829E+02   0.5037807E+02   0.1175798E+04
   0.7720000E+03   0.6564683E+03   0.1703168E+03   0.1605675E+04   0.8926881E+04   0.3433997E+04   0.5876846E+04   0.4215863E+02   0.4083677E+02   0.5250865E+02   0.5037788E+02   0.1175320E+04
   0.7730000E+03   0.6566426E+03   0.1703797E+03   0.1606114E+04   0.8930272E+04   0.3438013E+04   0.5876821E+04   0.4215622E+02   0.4083480E+02   0.5250901E+02   0.5037769E+02   0.1174842E+04
   0.7740000E+03   0.6568143E+03   0.1704427E+03   0.1606549E+04   0.8933660E+04   0.3442028E+04   0.5876797E+04   0.4215381E+02   0.4083283E+02   0.5250937E+02   0.5037751E+02   0.1174362E+04
   0.7750000E+03   0.6569832E+03   0.1705058E+03   0.1606984E+04   0.8937048E+04   0.3446041E+04   0.5876773E+04   0.4215140E+02   0.4083086E+02   0.5250973E+02   0.5037732E+02   0.1173884E+04
   0.7760000E+03   0.6571492E+03   0.1705689E+03   0.1607421E+04   0.8940432E+04   0.3450054E+04   0.5876749E+04   0.4214900E+02   0.4082890E+02   0.5251007E+02   0.5037713E+02   0.1173404E+04
   0.7770000E+03   0.6573121E+03   0.1706320E+03   0.1607860E+04   0.8943813E+04   0.3454066E+04   0.5876724E+04   0.4214659E+02   0.4082693E+02   0.5251043E+02   0.5037694E+02   0.1172926E+04
   0.7780000E+03   0.6574719E+03   0.1706950E+03   0.1608298E+04   0.8947192E+04   0.3458077E+04   0.5876699E+04   0.4214418E+02   0.4082497E+02   0.5251078E+02   0.5037676E+02   0.1172449E+04
   0.7790000E+03   0.6576285E+03   0.1707579E+03   0.1608734E+04   0.8950569E+04   0.3462088E+04   0.5876673E+04   0.4214177E+02   0.4082301E+02   0.5251112E+02   0.5037658E+02   0.1171971E+04
   0.7800000E+03   0.6577820E+03   0.1708207E+03   0.1609176E+04   0.8953943E+04   0.3466098E+04   0.5876649E+04   0.4213936E+02   0.4082104E+02   0.5251146E+02   0.5037638E+02   0.1171493E+04
   0.7810000E+03   0.6579324E+03   0.1708834E+03   0.1609615E+04   0.8957315E+04   0.3470107E+04   0.5876624E+04   0.4213695E+02   0.4081907E+02   0.5251180E+02   0.5037619E+02   0.1171016E+04
   0.7820000E+03   0.6580796E+03   0.1709460E+03   0.1610051E+04   0.8960687E+04   0.3474116E+04   0.5876599E+04   0.4213454E+02   0.4081710E+02   0.5251213E+02   0.5037599E+02   0.1170538E+04
   0.7830000E+03   0.6582238E+03   0.1710085E+03   0.1610487E+04   0.8964053E+04   0.3478124E+04   0.5876575E+04   0.4213213E+02   0.4081513E+02   0.5251247E+02   0.5037580E+02   0.1170060E+04
   0.7840000E+03   0.6583648E+03   0.1710710E+03   0.1610928E+04   0.8967420E+04   0.3482131E+04   0.5876550E+04   0.4212973E+02   0.4081317E+02   0.5251280E+02   0.5037560E+02   0.1169584E+04
   0.7850000E+03   0.6585029E+03   0.1711334E+03   0.1611366E+04   0.8970782E+04   0.3486138E+04   0.5876525E+04   0.4212732E+02   0.4081121E+02   0.5251313E+02   0.5037540E+02   0.1169107E+04
   0.7860000E+03   0.6586378E+03   0.1711958E+03   0.1611805E+04   0.8974143E+04   0.3490144E+04   0.5876501E+04   0.4212492E+02   0.4080924E+02   0.5251346E+02   0.5037520E+02   0.1168630E+04
   0.7870000E+03   0.6587697E+03   0.1712581E+03   0.1612244E+04   0.8977502E+04   0.3494149E+04   0.5876476E+04   0.4212251E+02   0.4080728E+02   0.5251379E+02   0.5037500E+02   0.1168154E+04
   0.7880000E+03   0.6588987E+03   0.1713203E+03   0.1612681E+04   0.8980857E+04   0.3498154E+04   0.5876453E+04   0.4212010E+02   0.4080532E+02   0.5251411E+02   0.5037480E+02   0.1167677E+04
   0.7890000E+03   0.6590248E+03   0.1713824E+03   0.1613118E+04   0.8984211E+04   0.3502157E+04   0.5876429E+04   0.4211769E+02   0.4080335E+02   0.5251444E+02   0.5037460E+02   0.1167201E+04
   0.7900000E+03   0.6591478E+03   0.1714446E+03   0.1613556E+04   0.8987562E+04   0.3506159E+04   0.5876404E+04   0.4211530E+02   0.4080138E+02   0.5251476E+02   0.5037441E+02   0.1166725E+04
   0.7910000E+03   0.6592679E+03   0.1715067E+03   0.1613994E+04   0.8990912E+04   0.3510161E+04   0.5876379E+04   0.4211290E+02   0.4079942E+02   0.5251509E+02   0.5037421E+02   0.1166250E+04
   0.7920000E+03   0.6593851E+03   0.1715690E+03   0.1614428E+04   0.8994260E+04   0.3514162E+04   0.5876354E+04   0.4211049E+02   0.4079745E+02   0.5251540E+02   0.5037400E+02   0.1165781E+04
   0.7930000E+03   0.6594995E+03   0.1716309E+03   0.1614859E+04   0.8997604E+04   0.3518163E+04   0.5876332E+04   0.4210809E+02   0.4079549E+02   0.5251572E+02   0.5037380E+02   0.1165297E+04
   0.7940000E+03   0.6596110E+03   0.1716928E+03   0.1615288E+04   0.9000944E+04   0.3522162E+04   0.5876308E+04   0.4210568E+02   0.4079352E+02   0.5251604E+02   0.5037360E+02   0.1164822E+04
   0.7950000E+03   0.6597195E+03   0.1717547E+03   0.1615716E+04   0.9004283E+04   0.3526162E+04   0.5876285E+04   0.4210327E+02   0.4079156E+02   0.5251635E+02   0.5037340E+02   0.1164347E+04
   0.7960000E+03   0.6598250E+03   0.1718165E+03   0.1616144E+04   0.9007620E+04   0.3530160E+04   0.5876259E+04   0.4210086E+02   0.4078961E+02   0.5251667E+02   0.5037321E+02   0.1163872E+04
   0.7970000E+03   0.6599278E+03   0.1718783E+03   0.1616570E+04   0.9010955E+04   0.3534157E+04   0.5876234E+04   0.4209846E+02   0.4078765E+02   0.5251697E+02   0.5037300E+02   0.1163397E+04
   0.7980000E+03   0.6600276E+03   0.1719400E+03   0.1616994E+04   0.9014287E+04   0.3538154E+04   0.5876208E+04   0.4209606E+02   0.4078569E+02   0.5251727E+02   0.5037281E+02   0.1162922E+04
   0.7990000E+03   0.6601248E+03   0.1720017E+03   0.1617417E+04   0.9017617E+04   0.3542150E+04   0.5876184E+04   0.4209365E+02   0.4078374E+02   0.5251759E+02   0.5037261E+02   0.1162448E+04
   0.8000000E+03   0.6602191E+03   0.1720633E+03   0.1617837E+04   0.9020943E+04   0.3546146E+04   0.5876159E+04   0.4209126E+02   0.4078179E+02   0.5251789E+02   0.5037241E+02   0.1161974E+04
   0.8010000E+03   0.6603105E+03   0.1721249E+03   0.1618255E+04   0.9024270E+04   0.3550141E+04   0.5876134E+04   0.4208886E+02   0.4077984E+02   0.5251819E+02   0.5037221E+02   0.1161499E+04
   0.8020000E+03   0.6603992E+03   0.1721865E+03   0.1618672E+04   0.9027593E+04   0.3554135E+04   0.5876109E+04   0.4208646E+02   0.4077789E+02   0.5251849E+02   0.5037201E+02   0.1161026E+04
   0.8030000E+03   0.6604853E+03   0.1722479E+03   0.1619086E+04   0.9030912E+04   0.3558128E+04   0.5876083E+04   0.4208407E+02   0.4077593E+02   0.5251879E+02   0.5037180E+02   0.1160552E+04
   0.8040000E+03   0.6605685E+03   0.1723094E+03   0.1619498E+04   0.9034230E+04   0.3562121E+04   0.5876060E+04   0.4208167E+02   0.4077397E+02   0.5251907E+02   0.5037159E+02   0.1160078E+04
   0.8050000E+03   0.6606491E+03   0.1723708E+03   0.1619909E+04   0.9037547E+04   0.3566112E+04   0.5876035E+04   0.4207927E+02   0.4077201E+02   0.5251937E+02   0.5037138E+02   0.1159604E+04
   0.8060000E+03   0.6607269E+03   0.1724322E+03   0.1620317E+04   0.9040860E+04   0.3570103E+04   0.5876010E+04   0.4207688E+02   0.4077006E+02   0.5251966E+02   0.5037117E+02   0.1159131E+04
   0.8070000E+03   0.6608021E+03   0.1724936E+03   0.1620807E+04   0.9044173E+04   0.3574093E+04   0.5875984E+04   0.4207448E+02   0.4076810E+02   0.5251995E+02   0.5037096E+02   0.1158669E+04
   0.8080000E+03   0.6608748E+03   0.1725549E+03   0.1621290E+04   0.9047483E+04   0.3578082E+04   0.5875982E+04   0.4207256E+02   0.4076615E+02   0.5252024E+02   0.5037075E+02   0.1158210E+04
   0.8090000E+03   0.6609448E+03   0.1726162E+03   0.1621979E+04   0.9050789E+04   0.3582070E+04   0.5876095E+04   0.4207123E+02   0.4076419E+02   0.5252052E+02   0.5037053E+02   0.1157745E+04
   0.8100000E+03   0.6610121E+03   0.1726776E+03   0.1622455E+04   0.9054094E+04   0.3586058E+04   0.5876739E+04   0.4207029E+02   0.4076225E+02   0.5252080E+02   0.5037032E+02   0.1157282E+04
   0.8110000E+03   0.6610770E+03   0.1727389E+03   0.1623144E+04   0.9057397E+04   0.3590045E+04   0.5877539E+04   0.4206939E+02   0.4076029E+02   0.5252108E+02   0.5037011E+02   0.1156816E+04
   0.8120000E+03   0.6611392E+03   0.1728000E+03   0.1624279E+04   0.9060697E+04   0.3594032E+04   0.5877894E+04   0.4206829E+02   0.4075834E+02   0.5252136E+02   0.5036988E+02   0.1156345E+04
   0.8130000E+03   0.6611988E+03   0.1728610E+03   0.1625689E+04   0.9063995E+04   0.3598018E+04   0.5877920E+04   0.4206697E+02   0.4075639E+02   0.5252165E+02   0.5036968E+02   0.1155860E+04
   0.8140000E+03   0.6612558E+03   0.1729220E+03   0.1627154E+04   0.9067290E+04   0.3602004E+04   0.5877829E+04   0.4206547E+02   0.4075444E+02   0.5252192E+02   0.5036948E+02   0.1155388E+04
   0.8150000E+03   0.6613104E+03   0.1729829E+03   0.1628539E+04   0.9070583E+04   0.3605989E+04   0.5877711E+04   0.4206380E+02   0.4075249E+02   0.5252219E+02   0.5036926E+02   0.1154916E+04
   0.8160000E+03   0.6613625E+03   0.1730439E+03   0.1629798E+04   0.9073872E+04   0.3609972E+04   0.5877604E+04   0.4206201E+02   0.4075055E+02   0.5252246E+02   0.5036904E+02   0.1154444E+04
   0.8170000E+03   0.6614121E+03   0.1731047E+03   0.1630928E+04   0.9077163E+04   0.3613955E+04   0.5877513E+04   0.4206013E+02   0.4074860E+02   0.5252274E+02   0.5036882E+02   0.1153973E+04
   0.8180000E+03   0.6614592E+03   0.1731655E+03   0.1631945E+04   0.9080449E+04   0.3617937E+04   0.5877436E+04   0.4205816E+02   0.4074665E+02   0.5252301E+02   0.5036861E+02   0.1153502E+04
   0.8190000E+03   0.6615037E+03   0.1732263E+03   0.1632868E+04   0.9083732E+04   0.3621919E+04   0.5877371E+04   0.4205611E+02   0.4074471E+02   0.5252327E+02   0.5036839E+02   0.1153031E+04
   0.8200000E+03   0.6615458E+03   0.1732870E+03   0.1633713E+04   0.9087014E+04   0.3625899E+04   0.5877312E+04   0.4205401E+02   0.4074276E+02   0.5252355E+02   0.5036817E+02   0.1152560E+04
   0.8210000E+03   0.6615855E+03   0.1733476E+03   0.1634495E+04   0.9090293E+04   0.3629879E+04   0.5877261E+04   0.4205186E+02   0.4074081E+02   0.5252380E+02   0.5036795E+02   0.1152089E+04
   0.8220000E+03   0.6616227E+03   0.1734083E+03   0.1635225E+04   0.9093569E+04   0.3633859E+04   0.5877213E+04   0.4204968E+02   0.4073887E+02   0.5252407E+02   0.5036773E+02   0.1151619E+04
   0.8230000E+03   0.6616573E+03   0.1734689E+03   0.1635912E+04   0.9096844E+04   0.3637837E+04   0.5877167E+04   0.4204747E+02   0.4073693E+02   0.5252433E+02   0.5036751E+02   0.1151149E+04
   0.8240000E+03   0.6616896E+03   0.1735294E+03   0.1636563E+04   0.9100116E+04   0.3641814E+04   0.5877118E+04   0.4204523E+02   0.4073499E+02   0.5252460E+02   0.5036729E+02   0.1150678E+04
   0.8250000E+03   0.6617195E+03   0.1735899E+03   0.1637186E+04   0.9103387E+04   0.3645791E+04   0.5877072E+04   0.4204296E+02   0.4073305E+02   0.5252485E+02   0.5036707E+02   0.1150208E+04
   0.8260000E+03   0.6617471E+03   0.1736503E+03   0.1637784E+04   0.9106655E+04   0.3649767E+04   0.5877030E+04   0.4204068E+02   0.4073111E+02   0.5252511E+02   0.5036684E+02   0.1149739E+04
   0.8270000E+03   0.6617724E+03   0.1737107E+03   0.1638361E+04   0.9109921E+04   0.3653743E+04   0.5876989E+04   0.4203839E+02   0.4072917E+02   0.5252535E+02   0.5036662E+02   0.1149269E+04
   0.8280000E+03   0.6617952E+03   0.1737711E+03   0.1638928E+04   0.9113187E+04   0.3657718E+04   0.5876952E+04   0.4203609E+02   0.4072723E+02   0.5252560E+02   0.5036640E+02   0.1148807E+04
   0.8290000E+03   0.6618156E+03   0.1738314E+03   0.1639485E+04   0.9116446E+04   0.3661692E+04   0.5876916E+04   0.4203378E+02   0.4072528E+02   0.5252585E+02   0.5036617E+02   0.1148342E+04
   0.8300000E+03   0.6618338E+03   0.1738916E+03   0.1640032E+04   0.9119706E+04   0.3665665E+04   0.5876882E+04   0.4203146E+02   0.4072334E+02   0.5252610E+02   0.5036595E+02   0.1147866E+04
   0.8310000E+03   0.6618496E+03   0.1739518E+03   0.1640573E+04   0.9122963E+04   0.3669638E+04   0.5876851E+04   0.4202914E+02   0.4072139E+02   0.5252634E+02   0.5036573E+02   0.1147405E+04
   0.8320000E+03   0.6618632E+03   0.1740120E+03   0.1641111E+04   0.9126218E+04   0.3673611E+04   0.5876817E+04   0.4202680E+02   0.4071945E+02   0.5252658E+02   0.5036550E+02   0.1146931E+04
   0.8330000E+03   0.6618745E+03   0.1740720E+03   0.1641645E+04   0.9129470E+04   0.3677582E+04   0.5876787E+04   0.4202446E+02   0.4071751E+02   0.5252683E+02   0.5036527E+02   0.1146462E+04
   0.8340000E+03   0.6618835E+03   0.1741321E+03   0.1642185E+04   0.9132720E+04   0.3681553E+04   0.5876757E+04   0.4202211E+02   0.4071556E+02   0.5252707E+02   0.5036504E+02   0.1146000E+04
   0.8350000E+03   0.6618903E+03   0.1741921E+03   0.1642723E+04   0.9135968E+04   0.3685522E+04   0.5876727E+04   0.4201977E+02   0.4071362E+02   0.5252731E+02   0.5036482E+02   0.1145527E+04
   0.8360000E+03   0.6618948E+03   0.1742521E+03   0.1643259E+04   0.9139215E+04   0.3689491E+04   0.5876698E+04   0.4201742E+02   0.4071169E+02   0.5252754E+02   0.5036459E+02   0.1145059E+04
   0.8370000E+03   0.6618971E+03   0.1743120E+03   0.1643792E+04   0.9142457E+04   0.3693460E+04   0.5876669E+04   0.4201507E+02   0.4070975E+02   0.5252777E+02   0.5036436E+02   0.1144592E+04
   0.8380000E+03   0.6618973E+03   0.1743719E+03   0.1644324E+04   0.9145698E+04   0.3697427E+04   0.5876639E+04   0.4201273E+02   0.4070781E+02   0.5252801E+02   0.5036413E+02   0.1144124E+04
   0.8390000E+03   0.6618951E+03   0.1744317E+03   0.1644853E+04   0.9148938E+04   0.3701394E+04   0.5876611E+04   0.4201038E+02   0.4070588E+02   0.5252825E+02   0.5036390E+02   0.1143660E+04
   0.8400000E+03   0.6618908E+03   0.1744916E+03   0.1645381E+04   0.9152176E+04   0.3705360E+04   0.5876582E+04   0.4200803E+02   0.4070394E+02   0.5252848E+02   0.5036367E+02   0.1143192E+04
   0.8410000E+03   0.6618843E+03   0.1745515E+03   0.1645905E+04   0.9155410E+04   0.3709325E+04   0.5876553E+04   0.4200568E+02   0.4070200E+02   0.5252870E+02   0.5036345E+02   0.1142731E+04
   0.8420000E+03   0.6618839E+03   0.1746145E+03   0.1646434E+04   0.9158643E+04   0.3713290E+04   0.5876529E+04   0.4200332E+02   0.4070007E+02   0.5252893E+02   0.5036322E+02   0.1142282E+04
   0.8430000E+03   0.6619417E+03   0.1746975E+03   0.1646956E+04   0.9161871E+04   0.3717254E+04   0.5876506E+04   0.4200097E+02   0.4069814E+02   0.5252915E+02   0.5036299E+02   0.1141825E+04
   0.8440000E+03   0.6620640E+03   0.1748019E+03   0.1647475E+04   0.9165099E+04   0.3721216E+04   0.5876481E+04   0.4199861E+02   0.4069621E+02   0.5252937E+02   0.5036275E+02   0.1141365E+04
   0.8450000E+03   0.6622112E+03   0.1749132E+03   0.1647992E+04   0.9168326E+04   0.3725180E+04   0.5876457E+04   0.4199626E+02   0.4069427E+02   0.5252958E+02   0.5036252E+02   0.1140906E+04
   0.8460000E+03   0.6623525E+03   0.1750212E+03   0.1648505E+04   0.9171550E+04   0.3729148E+04   0.5876431E+04   0.4199390E+02   0.4069233E+02   0.5252979E+02   0.5036229E+02   0.1140429E+04
   0.8470000E+03   0.6624761E+03   0.1751223E+03   0.1649022E+04   0.9174772E+04   0.3733121E+04   0.5876406E+04   0.4199154E+02   0.4069040E+02   0.5253001E+02   0.5036205E+02   0.1139958E+04
   0.8480000E+03   0.6625812E+03   0.1752163E+03   0.1649530E+04   0.9177990E+04   0.3737094E+04   0.5876379E+04   0.4198918E+02   0.4068847E+02   0.5253023E+02   0.5036182E+02   0.1139498E+04
   0.8490000E+03   0.6626696E+03   0.1753041E+03   0.1650040E+04   0.9181208E+04   0.3741066E+04   0.5876352E+04   0.4198683E+02   0.4068654E+02   0.5253044E+02   0.5036158E+02   0.1139032E+04
   0.8500000E+03   0.6627438E+03   0.1753869E+03   0.1650548E+04   0.9184423E+04   0.3745038E+04   0.5876325E+04   0.4198447E+02   0.4068461E+02   0.5253066E+02   0.5036133E+02   0.1138576E+04
   0.8510000E+03   0.6628310E+03   0.1754745E+03   0.1651057E+04   0.9187637E+04   0.3749011E+04   0.5876299E+04   0.4198212E+02   0.4068269E+02   0.5253087E+02   0.5036110E+02   0.1138135E+04
   0.8520000E+03   0.6629970E+03   0.1755887E+03   0.1651568E+04   0.9190847E+04   0.3752995E+04   0.5876272E+04   0.4197976E+02   0.4068076E+02   0.5253109E+02   0.5036086E+02   0.1137677E+04
   0.8530000E+03   0.6632229E+03   0.1757211E+03   0.1652073E+04   0.9194056E+04   0.3756999E+04   0.5876245E+04   0.4197741E+02   0.4067883E+02   0.5253129E+02   0.5036061E+02   0.1137219E+04
   0.8540000E+03   0.6634608E+03   0.1758562E+03   0.1652625E+04   0.9197264E+04   0.3761018E+04   0.5876218E+04   0.4197505E+02   0.4067691E+02   0.5253151E+02   0.5036037E+02   0.1136761E+04
   0.8550000E+03   0.6637218E+03   0.1759973E+03   0.1653135E+04   0.9200472E+04   0.3765052E+04   0.5876190E+04   0.4197270E+02   0.4067498E+02   0.5253170E+02   0.5036014E+02   0.1136303E+04
   0.8560000E+03   0.6640106E+03   0.1761462E+03   0.1653640E+04   0.9203679E+04   0.3769102E+04   0.5876164E+04   0.4197034E+02   0.4067306E+02   0.5253190E+02   0.5035990E+02   0.1135846E+04
   0.8570000E+03   0.6643409E+03   0.1763064E+03   0.1654141E+04   0.9206885E+04   0.3773173E+04   0.5876136E+04   0.4196799E+02   0.4067114E+02   0.5253210E+02   0.5035965E+02   0.1135388E+04
   0.8580000E+03   0.6646860E+03   0.1764676E+03   0.1654635E+04   0.9210089E+04   0.3777260E+04   0.5876109E+04   0.4196563E+02   0.4066922E+02   0.5253229E+02   0.5035941E+02   0.1134931E+04
   0.8590000E+03   0.6650341E+03   0.1766250E+03   0.1655124E+04   0.9213295E+04   0.3781351E+04   0.5876081E+04   0.4196328E+02   0.4066732E+02   0.5253248E+02   0.5035917E+02   0.1134474E+04
   0.8600000E+03   0.6653724E+03   0.1767732E+03   0.1655607E+04   0.9216501E+04   0.3785432E+04   0.5876052E+04   0.4196092E+02   0.4066542E+02   0.5253268E+02   0.5035893E+02   0.1134017E+04
   0.8610000E+03   0.6657048E+03   0.1769130E+03   0.1656085E+04   0.9219706E+04   0.3789504E+04   0.5876022E+04   0.4195856E+02   0.4066352E+02   0.5253287E+02   0.5035868E+02   0.1133560E+04
   0.8620000E+03   0.6660300E+03   0.1770431E+03   0.1656558E+04   0.9222910E+04   0.3793566E+04   0.5875991E+04   0.4195620E+02   0.4066162E+02   0.5253306E+02   0.5035844E+02   0.1133104E+04
   0.8630000E+03   0.6663575E+03   0.1771663E+03   0.1657026E+04   0.9226117E+04   0.3797620E+04   0.5875959E+04   0.4195385E+02   0.4065972E+02   0.5253325E+02   0.5035818E+02   0.1132647E+04
   0.8640000E+03   0.6666873E+03   0.1772821E+03   0.1657489E+04   0.9229319E+04   0.3801667E+04   0.5875929E+04   0.4195150E+02   0.4065783E+02   0.5253343E+02   0.5035794E+02   0.1132191E+04
   0.8650000E+03   0.6670167E+03   0.1773897E+03   0.1657947E+04   0.9232522E+04   0.3805707E+04   0.5875898E+04   0.4194914E+02   0.4065593E+02   0.5253362E+02   0.5035770E+02   0.1131734E+04
   0.8660000E+03   0.6673449E+03   0.1774894E+03   0.1658401E+04   0.9235724E+04   0.3809742E+04   0.5875868E+04   0.4194678E+02   0.4065404E+02   0.5253381E+02   0.5035745E+02   0.1131279E+04
   0.8670000E+03   0.6676714E+03   0.1775824E+03   0.1658849E+04   0.9238925E+04   0.3813773E+04   0.5875840E+04   0.4194443E+02   0.4065215E+02   0.5253399E+02   0.5035721E+02   0.1130823E+04
   0.8680000E+03   0.6679963E+03   0.1776698E+03   0.1659293E+04   0.9242123E+04   0.3817801E+04   0.5875810E+04   0.4194208E+02   0.4065026E+02   0.5253418E+02   0.5035697E+02   0.1130367E+04
   0.8690000E+03   0.6683192E+03   0.1777526E+03   0.1659732E+04   0.9245320E+04   0.3821825E+04   0.5875780E+04   0.4193973E+02   0.4064837E+02   0.5253436E+02   0.5035671E+02   0.1129912E+04
   0.8700000E+03   0.6686396E+03   0.1778317E+03   0.1660166E+04   0.9248516E+04   0.3825847E+04   0.5875752E+04   0.4193737E+02   0.4064647E+02   0.5253453E+02   0.5035646E+02   0.1129456E+04
   0.8710000E+03   0.6689576E+03   0.1779078E+03   0.1660596E+04   0.9251709E+04   0.3829866E+04   0.5875724E+04   0.4193502E+02   0.4064458E+02   0.5253470E+02   0.5035621E+02   0.1129001E+04
   0.8720000E+03   0.6692729E+03   0.1779812E+03   0.1661015E+04   0.9254901E+04   0.3833883E+04   0.5875696E+04   0.4193266E+02   0.4064269E+02   0.5253487E+02   0.5035596E+02   0.1128542E+04
   0.8730000E+03   0.6695853E+03   0.1780527E+03   0.1661437E+04   0.9258092E+04   0.3837900E+04   0.5875671E+04   0.4193031E+02   0.4064081E+02   0.5253504E+02   0.5035571E+02   0.1128091E+04
   0.8740000E+03   0.6698946E+03   0.1781223E+03   0.1661853E+04   0.9261279E+04   0.3841913E+04   0.5875646E+04   0.4192796E+02   0.4063892E+02   0.5253521E+02   0.5035546E+02   0.1127634E+04
   0.8750000E+03   0.6702006E+03   0.1781900E+03   0.1662269E+04   0.9264466E+04   0.3845926E+04   0.5875619E+04   0.4192561E+02   0.4063703E+02   0.5253539E+02   0.5035521E+02   0.1127165E+04
   0.8760000E+03   0.6705033E+03   0.1782562E+03   0.1662683E+04   0.9267649E+04   0.3849937E+04   0.5875591E+04   0.4192326E+02   0.4063515E+02   0.5253555E+02   0.5035496E+02   0.1126707E+04
   0.8770000E+03   0.6708027E+03   0.1783214E+03   0.1663099E+04   0.9270830E+04   0.3853948E+04   0.5875562E+04   0.4192091E+02   0.4063327E+02   0.5253571E+02   0.5035471E+02   0.1126245E+04
   0.8780000E+03   0.6710988E+03   0.1783858E+03   0.1663513E+04   0.9274009E+04   0.3857956E+04   0.5875533E+04   0.4191856E+02   0.4063140E+02   0.5253587E+02   0.5035445E+02   0.1125772E+04
   0.8790000E+03   0.6713915E+03   0.1784499E+03   0.1663922E+04   0.9277187E+04   0.3861964E+04   0.5875503E+04   0.4191622E+02   0.4062952E+02   0.5253604E+02   0.5035419E+02   0.1125330E+04
   0.8800000E+03   0.6716807E+03   0.1785140E+03   0.1664337E+04   0.9280361E+04   0.3865971E+04   0.5875474E+04   0.4191387E+02   0.4062764E+02   0.5253619E+02   0.5035394E+02   0.1124884E+04
   0.8810000E+03   0.6719666E+03   0.1785777E+03   0.1664744E+04   0.9283534E+04   0.3869978E+04   0.5875445E+04   0.4191152E+02   0.4062577E+02   0.5253635E+02   0.5035368E+02   0.1124434E+04
   0.8820000E+03   0.6722489E+03   0.1786402E+03   0.1665157E+04   0.9286707E+04   0.3873983E+04   0.5875416E+04   0.4190917E+02   0.4062389E+02   0.5253651E+02   0.5035342E+02   0.1123948E+04
   0.8830000E+03   0.6725279E+03   0.1787024E+03   0.1665571E+04   0.9289875E+04   0.3877988E+04   0.5875388E+04   0.4190682E+02   0.4062201E+02   0.5253667E+02   0.5035316E+02   0.1123487E+04
   0.8840000E+03   0.6728033E+03   0.1787650E+03   0.1665978E+04   0.9293043E+04   0.3881991E+04   0.5875359E+04   0.4190448E+02   0.4062014E+02   0.5253682E+02   0.5035291E+02   0.1123075E+04
   0.8850000E+03   0.6730753E+03   0.1788275E+03   0.1666383E+04   0.9296209E+04   0.3885994E+04   0.5875329E+04   0.4190213E+02   0.4061826E+02   0.5253697E+02   0.5035264E+02   0.1122616E+04
   0.8860000E+03   0.6733439E+03   0.1788899E+03   0.1666784E+04   0.9299371E+04   0.3889995E+04   0.5875301E+04   0.4189979E+02   0.4061639E+02   0.5253712E+02   0.5035238E+02   0.1122169E+04
   0.8870000E+03   0.6736091E+03   0.1789521E+03   0.1667182E+04   0.9302531E+04   0.3893996E+04   0.5875273E+04   0.4189744E+02   0.4061452E+02   0.5253727E+02   0.5035212E+02   0.1121716E+04
   0.8880000E+03   0.6738709E+03   0.1790137E+03   0.1667575E+04   0.9305689E+04   0.3897996E+04   0.5875245E+04   0.4189509E+02   0.4061264E+02   0.5253741E+02   0.5035185E+02   0.1121241E+04
   0.8890000E+03   0.6741292E+03   0.1790749E+03   0.1667965E+04   0.9308847E+04   0.3901995E+04   0.5875217E+04   0.4189275E+02   0.4061077E+02   0.5253755E+02   0.5035159E+02   0.1120770E+04
   0.8900000E+03   0.6743840E+03   0.1791359E+03   0.1668355E+04   0.9312002E+04   0.3905994E+04   0.5875189E+04   0.4189040E+02   0.4060890E+02   0.5253768E+02   0.5035133E+02   0.1120308E+04
   0.8910000E+03   0.6746355E+03   0.1791968E+03   0.1668741E+04   0.9315152E+04   0.3909992E+04   0.5875161E+04   0.4188806E+02   0.4060703E+02   0.5253782E+02   0.5035107E+02   0.1119852E+04
   0.8920000E+03   0.6748835E+03   0.1792576E+03   0.1669128E+04   0.9318306E+04   0.3913989E+04   0.5875135E+04   0.4188571E+02   0.4060515E+02   0.5253796E+02   0.5035081E+02   0.1119417E+04
   0.8930000E+03   0.6751283E+03   0.1793184E+03   0.1669540E+04   0.9321452E+04   0.3917985E+04   0.5875110E+04   0.4188337E+02   0.4060328E+02   0.5253809E+02   0.5035054E+02   0.1118935E+04
   0.8940000E+03   0.6753699E+03   0.1793801E+03   0.1669964E+04   0.9324599E+04   0.3921981E+04   0.5875082E+04   0.4188102E+02   0.4060141E+02   0.5253823E+02   0.5035028E+02   0.1118485E+04
   0.8950000E+03   0.6756083E+03   0.1794417E+03   0.1670372E+04   0.9327743E+04   0.3925976E+04   0.5875052E+04   0.4187868E+02   0.4059953E+02   0.5253836E+02   0.5035002E+02   0.1118032E+04
   0.8960000E+03   0.6758436E+03   0.1795032E+03   0.1670778E+04   0.9330883E+04   0.3929970E+04   0.5875024E+04   0.4187635E+02   0.4059766E+02   0.5253850E+02   0.5034976E+02   0.1117578E+04
   0.8970000E+03   0.6760756E+03   0.1795641E+03   0.1671183E+04   0.9334022E+04   0.3933964E+04   0.5874996E+04   0.4187401E+02   0.4059578E+02   0.5253863E+02   0.5034949E+02   0.1117121E+04
   0.8980000E+03   0.6763046E+03   0.1796249E+03   0.1671584E+04   0.9337161E+04   0.3937956E+04   0.5874967E+04   0.4187167E+02   0.4059391E+02   0.5253876E+02   0.5034922E+02   0.1116668E+04
   0.8990000E+03   0.6765303E+03   0.1796861E+03   0.1671983E+04   0.9340297E+04   0.3941947E+04   0.5874938E+04   0.4186934E+02   0.4059204E+02   0.5253889E+02   0.5034895E+02   0.1116218E+04
   0.9000000E+03   0.6767528E+03   0.1797474E+03   0.1672379E+04   0.9343431E+04   0.3945938E+04   0.5874910E+04   0.4186699E+02   0.4059016E+02   0.5253903E+02   0.5034868E+02   0.1115765E+04
   0.9010000E+03   0.6769720E+03   0.1798082E+03   0.1672770E+04   0.9346562E+04   0.3949928E+04   0.5874882E+04   0.4186465E+02   0.4058829E+02   0.5253916E+02   0.5034841E+02   0.1115313E+04
   0.9020000E+03   0.6771882E+03   0.1798690E+03   0.1673154E+04   0.9349688E+04   0.3953917E+04   0.5874853E+04   0.4186231E+02   0.4058643E+02   0.5253928E+02   0.5034814E+02   0.1114855E+04
   0.9030000E+03   0.6774011E+03   0.1799302E+03   0.1673538E+04   0.9352816E+04   0.3957906E+04   0.5874823E+04   0.4185997E+02   0.4058456E+02   0.5253941E+02   0.5034788E+02   0.1114405E+04
   0.9040000E+03   0.6776107E+03   0.1799914E+03   0.1673921E+04   0.9355940E+04   0.3961894E+04   0.5874793E+04   0.4185764E+02   0.4058269E+02   0.5253952E+02   0.5034761E+02   0.1113953E+04
   0.9050000E+03   0.6778173E+03   0.1800526E+03   0.1674305E+04   0.9359062E+04   0.3965881E+04   0.5874764E+04   0.4185530E+02   0.4058082E+02   0.5253963E+02   0.5034734E+02   0.1113504E+04
   0.9060000E+03   0.6780208E+03   0.1801137E+03   0.1674689E+04   0.9362185E+04   0.3969868E+04   0.5874736E+04   0.4185295E+02   0.4057896E+02   0.5253975E+02   0.5034707E+02   0.1113052E+04
   0.9070000E+03   0.6782211E+03   0.1801748E+03   0.1675069E+04   0.9365302E+04   0.3973854E+04   0.5874708E+04   0.4185061E+02   0.4057709E+02   0.5253987E+02   0.5034680E+02   0.1112616E+04
   0.9080000E+03   0.6784220E+03   0.1802370E+03   0.1675445E+04   0.9368418E+04   0.3977840E+04   0.5874681E+04   0.4184827E+02   0.4057523E+02   0.5253999E+02   0.5034652E+02   0.1112167E+04
   0.9090000E+03   0.6786268E+03   0.1803011E+03   0.1675814E+04   0.9371531E+04   0.3981824E+04   0.5874655E+04   0.4184592E+02   0.4057336E+02   0.5254010E+02   0.5034624E+02   0.1111708E+04
   0.9100000E+03   0.6788317E+03   0.1803654E+03   0.1676171E+04   0.9374643E+04   0.3985808E+04   0.5874626E+04   0.4184358E+02   0.4057150E+02   0.5254021E+02   0.5034597E+02   0.1111249E+04
   0.9110000E+03   0.6790342E+03   0.1804290E+03   0.1676538E+04   0.9377753E+04   0.3989791E+04   0.5874597E+04   0.4184124E+02   0.4056964E+02   0.5254032E+02   0.5034569E+02   0.1110795E+04
   0.9120000E+03   0.6792340E+03   0.1804918E+03   0.1676905E+04   0.9380861E+04   0.3993773E+04   0.5874566E+04   0.4183891E+02   0.4056777E+02   0.5254042E+02   0.5034542E+02   0.1110337E+04
   0.9130000E+03   0.6794308E+03   0.1805543E+03   0.1677271E+04   0.9383968E+04   0.3997754E+04   0.5874538E+04   0.4183656E+02   0.4056590E+02   0.5254053E+02   0.5034514E+02   0.1109890E+04
   0.9140000E+03   0.6796248E+03   0.1806166E+03   0.1677637E+04   0.9387069E+04   0.4001734E+04   0.5874510E+04   0.4183422E+02   0.4056404E+02   0.5254063E+02   0.5034488E+02   0.1109436E+04
   0.9150000E+03   0.6798157E+03   0.1806785E+03   0.1678001E+04   0.9390172E+04   0.4005714E+04   0.5874480E+04   0.4183188E+02   0.4056218E+02   0.5254074E+02   0.5034460E+02   0.1108984E+04
   0.9160000E+03   0.6800037E+03   0.1807402E+03   0.1678365E+04   0.9393271E+04   0.4009693E+04   0.5874451E+04   0.4182954E+02   0.4056031E+02   0.5254084E+02   0.5034433E+02   0.1108531E+04
   0.9170000E+03   0.6801886E+03   0.1808015E+03   0.1678726E+04   0.9396368E+04   0.4013672E+04   0.5874422E+04   0.4182720E+02   0.4055845E+02   0.5254094E+02   0.5034406E+02   0.1108076E+04
   0.9180000E+03   0.6803705E+03   0.1808628E+03   0.1679090E+04   0.9399461E+04   0.4017650E+04   0.5874394E+04   0.4182485E+02   0.4055659E+02   0.5254104E+02   0.5034378E+02   0.1107626E+04
   0.9190000E+03   0.6805494E+03   0.1809238E+03   0.1679454E+04   0.9402554E+04   0.4021626E+04   0.5874364E+04   0.4182251E+02   0.4055473E+02   0.5254114E+02   0.5034351E+02   0.1107171E+04
   0.9200000E+03   0.6807253E+03   0.1809846E+03   0.1679819E+04   0.9405646E+04   0.4025603E+04   0.5874333E+04   0.4182018E+02   0.4055286E+02   0.5254123E+02   0.5034323E+02   0.1106719E+04
   0.9210000E+03   0.6808982E+03   0.1810453E+03   0.1680183E+04   0.9408733E+04   0.4029579E+04   0.5874305E+04   0.4181784E+02   0.4055100E+02   0.5254133E+02   0.5034295E+02   0.1106266E+04
   0.9220000E+03   0.6810681E+03   0.1811060E+03   0.1680548E+04   0.9411821E+04   0.4033554E+04   0.5874276E+04   0.4181551E+02   0.4054914E+02   0.5254141E+02   0.5034267E+02   0.1105816E+04
   0.9230000E+03   0.6812350E+03   0.1811665E+03   0.1680913E+04   0.9414905E+04   0.4037528E+04   0.5874248E+04   0.4181317E+02   0.4054728E+02   0.5254149E+02   0.5034238E+02   0.1105364E+04
   0.9240000E+03   0.6813989E+03   0.1812274E+03   0.1681278E+04   0.9417987E+04   0.4041502E+04   0.5874218E+04   0.4181083E+02   0.4054542E+02   0.5254158E+02   0.5034210E+02   0.1104920E+04
   0.9250000E+03   0.6815599E+03   0.1812878E+03   0.1681645E+04   0.9421067E+04   0.4045475E+04   0.5874190E+04   0.4180849E+02   0.4054356E+02   0.5254166E+02   0.5034182E+02   0.1104463E+04
   0.9260000E+03   0.6817180E+03   0.1813482E+03   0.1682011E+04   0.9424146E+04   0.4049447E+04   0.5874161E+04   0.4180615E+02   0.4054170E+02   0.5254174E+02   0.5034154E+02   0.1104014E+04
   0.9270000E+03   0.6818729E+03   0.1814084E+03   0.1682377E+04   0.9427224E+04   0.4053417E+04   0.5874130E+04   0.4180381E+02   0.4053984E+02   0.5254183E+02   0.5034125E+02   0.1103561E+04
   0.9280000E+03   0.6820249E+03   0.1814688E+03   0.1682744E+04   0.9430299E+04   0.4057388E+04   0.5874101E+04   0.4180148E+02   0.4053799E+02   0.5254191E+02   0.5034097E+02   0.1103112E+04
   0.9290000E+03   0.6821740E+03   0.1815292E+03   0.1683112E+04   0.9433370E+04   0.4061357E+04   0.5874073E+04   0.4179915E+02   0.4053613E+02   0.5254199E+02   0.5034068E+02   0.1102663E+04
   0.9300000E+03   0.6823203E+03   0.1815894E+03   0.1683480E+04   0.9436440E+04   0.4065326E+04   0.5874043E+04   0.4179681E+02   0.4053427E+02   0.5254206E+02   0.5034040E+02   0.1102211E+04
   0.9310000E+03   0.6824636E+03   0.1816496E+03   0.1683848E+04   0.9439508E+04   0.4069294E+04   0.5874015E+04   0.4179448E+02   0.4053241E+02   0.5254214E+02   0.5034011E+02   0.1101762E+04
   0.9320000E+03   0.6826040E+03   0.1817099E+03   0.1684217E+04   0.9442572E+04   0.4073262E+04   0.5873984E+04   0.4179214E+02   0.4053056E+02   0.5254222E+02   0.5033982E+02   0.1101314E+04
   0.9330000E+03   0.6827415E+03   0.1817702E+03   0.1684591E+04   0.9445636E+04   0.4077229E+04   0.5873957E+04   0.4178981E+02   0.4052870E+02   0.5254230E+02   0.5033953E+02   0.1100874E+04
   0.9340000E+03   0.6828761E+03   0.1818303E+03   0.1684993E+04   0.9448698E+04   0.4081195E+04   0.5873931E+04   0.4178748E+02   0.4052684E+02   0.5254237E+02   0.5033925E+02   0.1100426E+04
   0.9350000E+03   0.6830079E+03   0.1818903E+03   0.1685357E+04   0.9451758E+04   0.4085160E+04   0.5873902E+04   0.4178514E+02   0.4052499E+02   0.5254245E+02   0.5033897E+02   0.1099957E+04
   0.9360000E+03   0.6831370E+03   0.1819503E+03   0.1685722E+04   0.9454815E+04   0.4089125E+04   0.5873874E+04   0.4178280E+02   0.4052315E+02   0.5254253E+02   0.5033868E+02   0.1099507E+04
   0.9370000E+03   0.6832631E+03   0.1820105E+03   0.1686087E+04   0.9457872E+04   0.4093089E+04   0.5873844E+04   0.4178047E+02   0.4052130E+02   0.5254259E+02   0.5033839E+02   0.1099082E+04
   0.9380000E+03   0.6833865E+03   0.1820709E+03   0.1686454E+04   0.9460926E+04   0.4097052E+04   0.5873815E+04   0.4177813E+02   0.4051944E+02   0.5254266E+02   0.5033810E+02   0.1098632E+04
   0.9390000E+03   0.6835071E+03   0.1821307E+03   0.1686822E+04   0.9463978E+04   0.4101014E+04   0.5873786E+04   0.4177579E+02   0.4051759E+02   0.5254273E+02   0.5033782E+02   0.1098174E+04
   0.9400000E+03   0.6836248E+03   0.1821906E+03   0.1687190E+04   0.9467027E+04   0.4104976E+04   0.5873756E+04   0.4177346E+02   0.4051574E+02   0.5254280E+02   0.5033753E+02   0.1097726E+04
   0.9410000E+03   0.6837399E+03   0.1822507E+03   0.1687558E+04   0.9470075E+04   0.4108937E+04   0.5873727E+04   0.4177113E+02   0.4051389E+02   0.5254287E+02   0.5033724E+02   0.1097280E+04
   0.9420000E+03   0.6838522E+03   0.1823108E+03   0.1687927E+04   0.9473120E+04   0.4112897E+04   0.5873699E+04   0.4176879E+02   0.4051204E+02   0.5254293E+02   0.5033695E+02   0.1096833E+04
   0.9430000E+03   0.6839617E+03   0.1823709E+03   0.1688296E+04   0.9476166E+04   0.4116857E+04   0.5873669E+04   0.4176645E+02   0.4051018E+02   0.5254299E+02   0.5033666E+02   0.1096387E+04
   0.9440000E+03   0.6840687E+03   0.1824307E+03   0.1688658E+04   0.9479206E+04   0.4120816E+04   0.5873640E+04   0.4176412E+02   0.4050833E+02   0.5254305E+02   0.5033638E+02   0.1095937E+04
   0.9450000E+03   0.6841727E+03   0.1824905E+03   0.1689021E+04   0.9482246E+04   0.4124774E+04   0.5873612E+04   0.4176179E+02   0.4050648E+02   0.5254310E+02   0.5033609E+02   0.1095489E+04
   0.9460000E+03   0.6842742E+03   0.1825502E+03   0.1689402E+04   0.9485283E+04   0.4128731E+04   0.5873584E+04   0.4175946E+02   0.4050463E+02   0.5254315E+02   0.5033580E+02   0.1095042E+04
   0.9470000E+03   0.6843730E+03   0.1826098E+03   0.1689765E+04   0.9488318E+04   0.4132688E+04   0.5873555E+04   0.4175713E+02   0.4050279E+02   0.5254320E+02   0.5033551E+02   0.1094596E+04
   0.9480000E+03   0.6844691E+03   0.1826695E+03   0.1690128E+04   0.9491353E+04   0.4136644E+04   0.5873526E+04   0.4175480E+02   0.4050094E+02   0.5254325E+02   0.5033521E+02   0.1094151E+04
   0.9490000E+03   0.6845625E+03   0.1827294E+03   0.1690492E+04   0.9494384E+04   0.4140599E+04   0.5873497E+04   0.4175248E+02   0.4049910E+02   0.5254330E+02   0.5033492E+02   0.1093708E+04
   0.9500000E+03   0.6846532E+03   0.1827893E+03   0.1690857E+04   0.9497412E+04   0.4144553E+04   0.5873468E+04   0.4175014E+02   0.4049725E+02   0.5254335E+02   0.5033463E+02   0.1093262E+04
   0.9510000E+03   0.6847413E+03   0.1828490E+03   0.1691221E+04   0.9500440E+04   0.4148506E+04   0.5873439E+04   0.4174781E+02   0.4049540E+02   0.5254340E+02   0.5033433E+02   0.1092815E+04
   0.9520000E+03   0.6848268E+03   0.1829085E+03   0.1691586E+04   0.9503466E+04   0.4152458E+04   0.5873410E+04   0.4174548E+02   0.4049355E+02   0.5254344E+02   0.5033403E+02   0.1092367E+04
   0.9530000E+03   0.6849097E+03   0.1829681E+03   0.1691952E+04   0.9506489E+04   0.4156411E+04   0.5873381E+04   0.4174314E+02   0.4049171E+02   0.5254349E+02   0.5033374E+02   0.1091922E+04
   0.9540000E+03   0.6849901E+03   0.1830277E+03   0.1692318E+04   0.9509510E+04   0.4160362E+04   0.5873353E+04   0.4174082E+02   0.4048986E+02   0.5254353E+02   0.5033344E+02   0.1091476E+04
   0.9550000E+03   0.6850680E+03   0.1830875E+03   0.1692684E+04   0.9512529E+04   0.4164312E+04   0.5873325E+04   0.4173849E+02   0.4048802E+02   0.5254358E+02   0.5033315E+02   0.1091036E+04
   0.9560000E+03   0.6851432E+03   0.1831473E+03   0.1693079E+04   0.9515546E+04   0.4168262E+04   0.5873295E+04   0.4173615E+02   0.4048618E+02   0.5254362E+02   0.5033286E+02   0.1090593E+04
   0.9570000E+03   0.6852159E+03   0.1832072E+03   0.1693455E+04   0.9518562E+04   0.4172211E+04   0.5873268E+04   0.4173382E+02   0.4048433E+02   0.5254366E+02   0.5033257E+02   0.1090155E+04
   0.9580000E+03   0.6852862E+03   0.1832666E+03   0.1693829E+04   0.9521576E+04   0.4176159E+04   0.5873240E+04   0.4173148E+02   0.4048249E+02   0.5254370E+02   0.5033227E+02   0.1089687E+04
   0.9590000E+03   0.6853538E+03   0.1833261E+03   0.1694200E+04   0.9524587E+04   0.4180107E+04   0.5873212E+04   0.4172916E+02   0.4048064E+02   0.5254373E+02   0.5033197E+02   0.1089249E+04
   0.9600000E+03   0.6854189E+03   0.1833857E+03   0.1694564E+04   0.9527597E+04   0.4184054E+04   0.5873182E+04   0.4172683E+02   0.4047879E+02   0.5254377E+02   0.5033167E+02   0.1088806E+04
   0.9610000E+03   0.6854816E+03   0.1834452E+03   0.1694928E+04   0.9530603E+04   0.4188000E+04   0.5873154E+04   0.4172450E+02   0.4047695E+02   0.5254380E+02   0.5033137E+02   0.1088360E+04
   0.9620000E+03   0.6855417E+03   0.1835046E+03   0.1695293E+04   0.9533609E+04   0.4191947E+04   0.5873124E+04   0.4172217E+02   0.4047510E+02   0.5254383E+02   0.5033107E+02   0.1087916E+04
   0.9630000E+03   0.6855994E+03   0.1835640E+03   0.1695658E+04   0.9536612E+04   0.4195892E+04   0.5873096E+04   0.4171984E+02   0.4047326E+02   0.5254386E+02   0.5033077E+02   0.1087472E+04
   0.9640000E+03   0.6856547E+03   0.1836236E+03   0.1696025E+04   0.9539613E+04   0.4199836E+04   0.5873065E+04   0.4171752E+02   0.4047142E+02   0.5254389E+02   0.5033046E+02   0.1087031E+04
   0.9650000E+03   0.6857076E+03   0.1836831E+03   0.1696391E+04   0.9542613E+04   0.4203780E+04   0.5873037E+04   0.4171519E+02   0.4046957E+02   0.5254392E+02   0.5033016E+02   0.1086588E+04
   0.9660000E+03   0.6857578E+03   0.1837426E+03   0.1696758E+04   0.9545610E+04   0.4207722E+04   0.5873007E+04   0.4171286E+02   0.4046774E+02   0.5254395E+02   0.5032986E+02   0.1086146E+04
   0.9670000E+03   0.6858056E+03   0.1838024E+03   0.1697142E+04   0.9548606E+04   0.4211664E+04   0.5872980E+04   0.4171054E+02   0.4046590E+02   0.5254397E+02   0.5032956E+02   0.1085717E+04
   0.9680000E+03   0.6858578E+03   0.1838641E+03   0.1697514E+04   0.9551601E+04   0.4215605E+04   0.5872953E+04   0.4170821E+02   0.4046406E+02   0.5254399E+02   0.5032925E+02   0.1085266E+04
   0.9690000E+03   0.6859195E+03   0.1839295E+03   0.1697937E+04   0.9554594E+04   0.4219546E+04   0.5872925E+04   0.4170589E+02   0.4046222E+02   0.5254402E+02   0.5032895E+02   0.1084820E+04
   0.9700000E+03   0.6859801E+03   0.1839948E+03   0.1698302E+04   0.9557582E+04   0.4223486E+04   0.5872897E+04   0.4170357E+02   0.4046039E+02   0.5254403E+02   0.5032864E+02   0.1084378E+04
   0.9710000E+03   0.6860367E+03   0.1840590E+03   0.1698707E+04   0.9560571E+04   0.4227425E+04   0.5872866E+04   0.4170125E+02   0.4045855E+02   0.5254406E+02   0.5032833E+02   0.1083935E+04
   0.9720000E+03   0.6860896E+03   0.1841223E+03   0.1699073E+04   0.9563556E+04   0.4231364E+04   0.5872837E+04   0.4169893E+02   0.4045672E+02   0.5254407E+02   0.5032803E+02   0.1083493E+04
   0.9730000E+03   0.6861389E+03   0.1841849E+03   0.1699453E+04   0.9566540E+04   0.4235301E+04   0.5872808E+04   0.4169661E+02   0.4045489E+02   0.5254409E+02   0.5032772E+02   0.1083052E+04
   0.9740000E+03   0.6861851E+03   0.1842469E+03   0.1699831E+04   0.9569522E+04   0.4239238E+04   0.5872780E+04   0.4169429E+02   0.4045306E+02   0.5254410E+02   0.5032741E+02   0.1082610E+04
   0.9750000E+03   0.6862281E+03   0.1843083E+03   0.1700206E+04   0.9572501E+04   0.4243174E+04   0.5872750E+04   0.4169196E+02   0.4045122E+02   0.5254413E+02   0.5032710E+02   0.1082177E+04
   0.9760000E+03   0.6862681E+03   0.1843693E+03   0.1700592E+04   0.9575479E+04   0.4247109E+04   0.5872722E+04   0.4168964E+02   0.4044938E+02   0.5254414E+02   0.5032679E+02   0.1081739E+04
   0.9770000E+03   0.6863053E+03   0.1844300E+03   0.1700973E+04   0.9578456E+04   0.4251043E+04   0.5872694E+04   0.4168732E+02   0.4044754E+02   0.5254415E+02   0.5032648E+02   0.1081281E+04
   0.9780000E+03   0.6863398E+03   0.1844904E+03   0.1701350E+04   0.9581430E+04   0.4254977E+04   0.5872665E+04   0.4168499E+02   0.4044571E+02   0.5254416E+02   0.5032618E+02   0.1080842E+04
   0.9790000E+03   0.6863716E+03   0.1845508E+03   0.1701731E+04   0.9584401E+04   0.4258910E+04   0.5872640E+04   0.4168267E+02   0.4044387E+02   0.5254417E+02   0.5032587E+02   0.1080415E+04
   0.9800000E+03   0.6864009E+03   0.1846107E+03   0.1702108E+04   0.9587372E+04   0.4262842E+04   0.5872613E+04   0.4168035E+02   0.4044204E+02   0.5254418E+02   0.5032557E+02   0.1079969E+04
   0.9810000E+03   0.6864276E+03   0.1846703E+03   0.1702475E+04   0.9590339E+04   0.4266774E+04   0.5872585E+04   0.4167802E+02   0.4044020E+02   0.5254419E+02   0.5032527E+02   0.1079509E+04
   0.9820000E+03   0.6864518E+03   0.1847300E+03   0.1702845E+04   0.9593305E+04   0.4270705E+04   0.5872557E+04   0.4167570E+02   0.4043836E+02   0.5254419E+02   0.5032496E+02   0.1079072E+04
   0.9830000E+03   0.6864736E+03   0.1847895E+03   0.1703213E+04   0.9596268E+04   0.4274635E+04   0.5872527E+04   0.4167337E+02   0.4043652E+02   0.5254419E+02   0.5032465E+02   0.1078632E+04
   0.9840000E+03   0.6864930E+03   0.1848490E+03   0.1703580E+04   0.9599229E+04   0.4278564E+04   0.5872497E+04   0.4167104E+02   0.4043469E+02   0.5254419E+02   0.5032434E+02   0.1078193E+04
   0.9850000E+03   0.6865103E+03   0.1849081E+03   0.1703950E+04   0.9602188E+04   0.4282492E+04   0.5872466E+04   0.4166872E+02   0.4043286E+02   0.5254419E+02   0.5032404E+02   0.1077743E+04
   0.9860000E+03   0.6865250E+03   0.1849675E+03   0.1704319E+04   0.9605146E+04   0.4286421E+04   0.5872436E+04   0.4166640E+02   0.4043102E+02   0.5254419E+02   0.5032372E+02   0.1077318E+04
   0.9870000E+03   0.6865376E+03   0.1850269E+03   0.1704686E+04   0.9608102E+04   0.4290348E+04   0.5872406E+04   0.4166408E+02   0.4042918E+02   0.5254419E+02   0.5032341E+02   0.1076881E+04
   0.9880000E+03   0.6865478E+03   0.1850860E+03   0.1705059E+04   0.9611056E+04   0.4294274E+04   0.5872378E+04   0.4166176E+02   0.4042735E+02   0.5254419E+02   0.5032310E+02   0.1076442E+04
   0.9890000E+03   0.6865558E+03   0.1851451E+03   0.1705427E+04   0.9614009E+04   0.4298200E+04   0.5872347E+04   0.4165944E+02   0.4042552E+02   0.5254417E+02   0.5032279E+02   0.1075998E+04
   0.9900000E+03   0.6865613E+03   0.1852043E+03   0.1705797E+04   0.9616960E+04   0.4302125E+04   0.5872319E+04   0.4165711E+02   0.4042369E+02   0.5254417E+02   0.5032248E+02   0.1075562E+04
   0.9910000E+03   0.6865648E+03   0.1852633E+03   0.1706163E+04   0.9619908E+04   0.4306050E+04   0.5872291E+04   0.4165479E+02   0.4042186E+02   0.5254416E+02   0.5032217E+02   0.1075123E+04
   0.9920000E+03   0.6865662E+03   0.1853221E+03   0.1706527E+04   0.9622854E+04   0.4309974E+04   0.5872263E+04   0.4165247E+02   0.4042003E+02   0.5254415E+02   0.5032185E+02   0.1074695E+04
   0.9930000E+03   0.6865653E+03   0.1853810E+03   0.1706896E+04   0.9625799E+04   0.4313896E+04   0.5872234E+04   0.4165015E+02   0.4041820E+02   0.5254413E+02   0.5032153E+02   0.1074249E+04
   0.9940000E+03   0.6865622E+03   0.1854397E+03   0.1707262E+04   0.9628740E+04   0.4317819E+04   0.5872204E+04   0.4164784E+02   0.4041637E+02   0.5254411E+02   0.5032122E+02   0.1073813E+04
   0.9950000E+03   0.6865570E+03   0.1854978E+03   0.1707634E+04   0.9631682E+04   0.4321740E+04   0.5872176E+04   0.4164552E+02   0.4041455E+02   0.5254410E+02   0.5032090E+02   0.1073345E+04
   0.9960000E+03   0.6865495E+03   0.1855564E+03   0.1708000E+04   0.9634621E+04   0.4325661E+04   0.5872146E+04   0.4164319E+02   0.4041272E+02   0.5254408E+02   0.5032059E+02   0.1072912E+04
   0.9970000E+03   0.6865399E+03   0.1856148E+03   0.1708367E+04   0.9637558E+04   0.4329581E+04   0.5872116E+04   0.4164087E+02   0.4041090E+02   0.5254406E+02   0.5032027E+02   0.1072471E+04
   0.9980000E+03   0.6865283E+03   0.1856732E+03   0.1708735E+04   0.9640492E+04   0.4333500E+04   0.5872087E+04   0.4163856E+02   0.4040907E+02   0.5254403E+02   0.5031994E+02   0.1072032E+04
   0.9990000E+03   0.6865146E+03   0.1857313E+03   0.1709100E+04   0.9643426E+04   0.4337418E+04   0.5872058E+04   0.4163624E+02   0.4040725E+02   0.5254401E+02   0.5031962E+02   0.1071591E+04
   0.1000000E+04   0.6864988E+03   0.1857894E+03   0.1709468E+04   0.9646356E+04   0.4341336E+04   0.5872028E+04   0.4163392E+02   0.4040542E+02   0.5254398E+02   0.5031928E+02   0.1071153E+04
   0.1001000E+04   0.6864809E+03   0.1858475E+03   0.1709837E+04   0.9649287E+04   0.4345254E+04   0.5872000E+04   0.4163160E+02   0.4040360E+02   0.5254396E+02   0.5031896E+02   0.1070714E+04
   0.1002000E+04   0.6864609E+03   0.1859057E+03   0.1710206E+04   0.9652214E+04   0.4349170E+04   0.5871971E+04   0.4162927E+02   0.4040178E+02   0.5254394E+02   0.5031863E+02   0.1070275E+04
   0.1003000E+04   0.6864388E+03   0.1859641E+03   0.1710575E+04   0.9655138E+04   0.4353084E+04   0.5871943E+04   0.4162695E+02   0.4039995E+02   0.5254392E+02   0.5031831E+02   0.1069842E+04
   0.1004000E+04   0.6864148E+03   0.1860223E+03   0.1710945E+04   0.9658061E+04   0.4357000E+04   0.5871913E+04   0.4162463E+02   0.4039813E+02   0.5254389E+02   0.5031798E+02   0.1069400E+04
   0.1005000E+04   0.6863888E+03   0.1860804E+03   0.1711314E+04   0.9660982E+04   0.4360915E+04   0.5871885E+04   0.4162232E+02   0.4039631E+02   0.5254386E+02   0.5031765E+02   0.1068963E+04
   0.1006000E+04   0.6863607E+03   0.1861382E+03   0.1711684E+04   0.9663900E+04   0.4364828E+04   0.5871854E+04   0.4162000E+02   0.4039449E+02   0.5254383E+02   0.5031732E+02   0.1068521E+04
   0.1007000E+04   0.6863306E+03   0.1861958E+03   0.1712054E+04   0.9666817E+04   0.4368741E+04   0.5871826E+04   0.4161769E+02   0.4039266E+02   0.5254379E+02   0.5031699E+02   0.1068078E+04
   0.1008000E+04   0.6862985E+03   0.1862535E+03   0.1712425E+04   0.9669732E+04   0.4372653E+04   0.5871797E+04   0.4161537E+02   0.4039083E+02   0.5254376E+02   0.5031666E+02   0.1067640E+04
   0.1009000E+04   0.6862643E+03   0.1863111E+03   0.1712796E+04   0.9672646E+04   0.4376564E+04   0.5871768E+04   0.4161305E+02   0.4038901E+02   0.5254373E+02   0.5031633E+02   0.1067201E+04
   0.1010000E+04   0.6862283E+03   0.1863686E+03   0.1713167E+04   0.9675560E+04   0.4380475E+04   0.5871739E+04   0.4161073E+02   0.4038718E+02   0.5254369E+02   0.5031600E+02   0.1066767E+04
   0.1011000E+04   0.6861902E+03   0.1864261E+03   0.1713539E+04   0.9678470E+04   0.4384384E+04   0.5871710E+04   0.4160841E+02   0.4038536E+02   0.5254365E+02   0.5031567E+02   0.1066331E+04
   0.1012000E+04   0.6861503E+03   0.1864836E+03   0.1713909E+04   0.9681378E+04   0.4388293E+04   0.5871680E+04   0.4160609E+02   0.4038354E+02   0.5254362E+02   0.5031534E+02   0.1065889E+04
   0.1013000E+04   0.6861084E+03   0.1865411E+03   0.1714282E+04   0.9684283E+04   0.4392201E+04   0.5871651E+04   0.4160378E+02   0.4038172E+02   0.5254358E+02   0.5031501E+02   0.1065450E+04
   0.1014000E+04   0.6860646E+03   0.1865992E+03   0.1714655E+04   0.9687188E+04   0.4396108E+04   0.5871622E+04   0.4160146E+02   0.4037991E+02   0.5254353E+02   0.5031469E+02   0.1065011E+04
   0.1015000E+04   0.6860188E+03   0.1866574E+03   0.1715029E+04   0.9690090E+04   0.4400014E+04   0.5871593E+04   0.4159915E+02   0.4037809E+02   0.5254349E+02   0.5031436E+02   0.1064574E+04
   0.1016000E+04   0.6859712E+03   0.1867155E+03   0.1715402E+04   0.9692989E+04   0.4403920E+04   0.5871565E+04   0.4159684E+02   0.4037627E+02   0.5254345E+02   0.5031404E+02   0.1064143E+04
   0.1017000E+04   0.6859218E+03   0.1867736E+03   0.1715776E+04   0.9695889E+04   0.4407826E+04   0.5871536E+04   0.4159453E+02   0.4037445E+02   0.5254342E+02   0.5031371E+02   0.1063701E+04
   0.1018000E+04   0.6858704E+03   0.1868316E+03   0.1716152E+04   0.9698785E+04   0.4411730E+04   0.5871507E+04   0.4159222E+02   0.4037263E+02   0.5254337E+02   0.5031337E+02   0.1063263E+04
   0.1019000E+04   0.6858170E+03   0.1868899E+03   0.1716524E+04   0.9701680E+04   0.4415635E+04   0.5871479E+04   0.4158992E+02   0.4037080E+02   0.5254331E+02   0.5031304E+02   0.1062838E+04
   0.1020000E+04   0.6857924E+03   0.1869588E+03   0.1716897E+04   0.9704574E+04   0.4419538E+04   0.5871451E+04   0.4158760E+02   0.4036898E+02   0.5254326E+02   0.5031271E+02   0.1062405E+04
   0.1021000E+04   0.6858146E+03   0.1870439E+03   0.1717266E+04   0.9707464E+04   0.4423440E+04   0.5871421E+04   0.4158529E+02   0.4036717E+02   0.5254321E+02   0.5031238E+02   0.1061969E+04
   0.1022000E+04   0.6858535E+03   0.1871350E+03   0.1717629E+04   0.9710354E+04   0.4427342E+04   0.5871393E+04   0.4158298E+02   0.4036535E+02   0.5254316E+02   0.5031204E+02   0.1061546E+04
   0.1023000E+04   0.6858846E+03   0.1872230E+03   0.1717994E+04   0.9713240E+04   0.4431243E+04   0.5871363E+04   0.4158067E+02   0.4036354E+02   0.5254310E+02   0.5031171E+02   0.1061117E+04
   0.1024000E+04   0.6859019E+03   0.1873052E+03   0.1718359E+04   0.9716126E+04   0.4435143E+04   0.5871333E+04   0.4157835E+02   0.4036172E+02   0.5254305E+02   0.5031137E+02   0.1060671E+04
   0.1025000E+04   0.6859074E+03   0.1873829E+03   0.1718723E+04   0.9719010E+04   0.4439042E+04   0.5871304E+04   0.4157605E+02   0.4035991E+02   0.5254299E+02   0.5031104E+02   0.1060234E+04
   0.1026000E+04   0.6859028E+03   0.1874570E+03   0.1719088E+04   0.9721891E+04   0.4442941E+04   0.5871275E+04   0.4157374E+02   0.4035810E+02   0.5254294E+02   0.5031070E+02   0.1059797E+04
   0.1027000E+04   0.6858895E+03   0.1875281E+03   0.1719454E+04   0.9724771E+04   0.4446838E+04   0.5871246E+04   0.4157143E+02   0.4035629E+02   0.5254288E+02   0.5031036E+02   0.1059359E+04
   0.1028000E+04   0.6858689E+03   0.1875967E+03   0.1719820E+04   0.9727648E+04   0.4450735E+04   0.5871216E+04   0.4156911E+02   0.4035448E+02   0.5254282E+02   0.5031003E+02   0.1058923E+04
   0.1029000E+04   0.6858419E+03   0.1876633E+03   0.1720187E+04   0.9730523E+04   0.4454631E+04   0.5871187E+04   0.4156680E+02   0.4035266E+02   0.5254276E+02   0.5030970E+02   0.1058491E+04
   0.1030000E+04   0.6858093E+03   0.1877283E+03   0.1720553E+04   0.9733398E+04   0.4458527E+04   0.5871158E+04   0.4156449E+02   0.4035085E+02   0.5254270E+02   0.5030936E+02   0.1058056E+04
   0.1031000E+04   0.6857720E+03   0.1877920E+03   0.1720922E+04   0.9736270E+04   0.4462422E+04   0.5871129E+04   0.4156218E+02   0.4034904E+02   0.5254264E+02   0.5030903E+02   0.1057620E+04
   0.1032000E+04   0.6857303E+03   0.1878546E+03   0.1721288E+04   0.9739142E+04   0.4466317E+04   0.5871100E+04   0.4155987E+02   0.4034723E+02   0.5254258E+02   0.5030869E+02   0.1057185E+04
   0.1033000E+04   0.6856848E+03   0.1879163E+03   0.1721659E+04   0.9742009E+04   0.4470210E+04   0.5871070E+04   0.4155756E+02   0.4034541E+02   0.5254251E+02   0.5030836E+02   0.1056750E+04
   0.1034000E+04   0.6856357E+03   0.1879772E+03   0.1722029E+04   0.9744875E+04   0.4474103E+04   0.5871041E+04   0.4155525E+02   0.4034361E+02   0.5254244E+02   0.5030802E+02   0.1056306E+04
   0.1035000E+04   0.6855833E+03   0.1880375E+03   0.1722399E+04   0.9747740E+04   0.4477995E+04   0.5871012E+04   0.4155294E+02   0.4034179E+02   0.5254237E+02   0.5030768E+02   0.1055870E+04
   0.1036000E+04   0.6855280E+03   0.1880974E+03   0.1722767E+04   0.9750603E+04   0.4481886E+04   0.5870982E+04   0.4155063E+02   0.4033998E+02   0.5254231E+02   0.5030734E+02   0.1055435E+04
   0.1037000E+04   0.6854700E+03   0.1881567E+03   0.1723135E+04   0.9753462E+04   0.4485777E+04   0.5870952E+04   0.4154831E+02   0.4033817E+02   0.5254223E+02   0.5030700E+02   0.1055000E+04
   0.1038000E+04   0.6854094E+03   0.1882158E+03   0.1723504E+04   0.9756321E+04   0.4489667E+04   0.5870924E+04   0.4154600E+02   0.4033637E+02   0.5254216E+02   0.5030665E+02   0.1054575E+04
   0.1039000E+04   0.6853463E+03   0.1882749E+03   0.1723873E+04   0.9759179E+04   0.4493556E+04   0.5870897E+04   0.4154369E+02   0.4033456E+02   0.5254208E+02   0.5030631E+02   0.1054146E+04
   0.1040000E+04   0.6852889E+03   0.1883361E+03   0.1724240E+04   0.9762033E+04   0.4497444E+04   0.5870869E+04   0.4154138E+02   0.4033276E+02   0.5254200E+02   0.5030597E+02   0.1053704E+04
   0.1041000E+04   0.6852364E+03   0.1883993E+03   0.1724606E+04   0.9764886E+04   0.4501332E+04   0.5870838E+04   0.4153907E+02   0.4033095E+02   0.5254193E+02   0.5030563E+02   0.1053270E+04
   0.1042000E+04   0.6851807E+03   0.1884619E+03   0.1724972E+04   0.9767738E+04   0.4505219E+04   0.5870809E+04   0.4153676E+02   0.4032914E+02   0.5254185E+02   0.5030528E+02   0.1052836E+04
   0.1043000E+04   0.6851209E+03   0.1885235E+03   0.1725336E+04   0.9770590E+04   0.4509105E+04   0.5870777E+04   0.4153445E+02   0.4032734E+02   0.5254177E+02   0.5030493E+02   0.1052402E+04
   0.1044000E+04   0.6850576E+03   0.1885843E+03   0.1725699E+04   0.9773437E+04   0.4512991E+04   0.5870748E+04   0.4153214E+02   0.4032553E+02   0.5254170E+02   0.5030458E+02   0.1051969E+04
   0.1045000E+04   0.6849910E+03   0.1886445E+03   0.1726062E+04   0.9776282E+04   0.4516875E+04   0.5870717E+04   0.4152983E+02   0.4032373E+02   0.5254162E+02   0.5030424E+02   0.1051536E+04
   0.1046000E+04   0.6849214E+03   0.1887041E+03   0.1726423E+04   0.9779127E+04   0.4520760E+04   0.5870688E+04   0.4152753E+02   0.4032193E+02   0.5254153E+02   0.5030389E+02   0.1051103E+04
   0.1047000E+04   0.6848491E+03   0.1887632E+03   0.1726784E+04   0.9781970E+04   0.4524644E+04   0.5870657E+04   0.4152522E+02   0.4032012E+02   0.5254144E+02   0.5030354E+02   0.1050670E+04
   0.1048000E+04   0.6847742E+03   0.1888220E+03   0.1727144E+04   0.9784809E+04   0.4528527E+04   0.5870628E+04   0.4152291E+02   0.4031831E+02   0.5254135E+02   0.5030319E+02   0.1050237E+04
   0.1049000E+04   0.6846970E+03   0.1888805E+03   0.1727511E+04   0.9787649E+04   0.4532409E+04   0.5870598E+04   0.4152060E+02   0.4031650E+02   0.5254126E+02   0.5030286E+02   0.1049805E+04
   0.1050000E+04   0.6846174E+03   0.1889387E+03   0.1727875E+04   0.9790484E+04   0.4536290E+04   0.5870569E+04   0.4151830E+02   0.4031469E+02   0.5254117E+02   0.5030252E+02   0.1049373E+04
   0.1051000E+04   0.6845356E+03   0.1889967E+03   0.1728243E+04   0.9793319E+04   0.4540170E+04   0.5870539E+04   0.4151600E+02   0.4031289E+02   0.5254108E+02   0.5030217E+02   0.1048941E+04
   0.1052000E+04   0.6844518E+03   0.1890545E+03   0.1728601E+04   0.9796152E+04   0.4544049E+04   0.5870510E+04   0.4151369E+02   0.4031108E+02   0.5254099E+02   0.5030183E+02   0.1048509E+04
   0.1053000E+04   0.6843659E+03   0.1891121E+03   0.1728960E+04   0.9798984E+04   0.4547928E+04   0.5870480E+04   0.4151138E+02   0.4030928E+02   0.5254090E+02   0.5030148E+02   0.1048077E+04
   0.1054000E+04   0.6842780E+03   0.1891696E+03   0.1729319E+04   0.9801813E+04   0.4551806E+04   0.5870451E+04   0.4150908E+02   0.4030747E+02   0.5254080E+02   0.5030113E+02   0.1047645E+04
   0.1055000E+04   0.6841882E+03   0.1892269E+03   0.1729679E+04   0.9804643E+04   0.4555683E+04   0.5870420E+04   0.4150677E+02   0.4030566E+02   0.5254071E+02   0.5030079E+02   0.1047213E+04
   0.1056000E+04   0.6840966E+03   0.1892842E+03   0.1730045E+04   0.9807468E+04   0.4559560E+04   0.5870392E+04   0.4150446E+02   0.4030387E+02   0.5254061E+02   0.5030043E+02   0.1046782E+04
   0.1057000E+04   0.6840031E+03   0.1893414E+03   0.1730404E+04   0.9810293E+04   0.4563436E+04   0.5870362E+04   0.4150215E+02   0.4030207E+02   0.5254052E+02   0.5030008E+02   0.1046351E+04
   0.1058000E+04   0.6839079E+03   0.1893984E+03   0.1730766E+04   0.9813114E+04   0.4567310E+04   0.5870332E+04   0.4149985E+02   0.4030027E+02   0.5254042E+02   0.5029974E+02   0.1045920E+04
   0.1059000E+04   0.6838110E+03   0.1894554E+03   0.1731128E+04   0.9815936E+04   0.4571184E+04   0.5870303E+04   0.4149754E+02   0.4029848E+02   0.5254033E+02   0.5029939E+02   0.1045489E+04
   0.1060000E+04   0.6837124E+03   0.1895123E+03   0.1731495E+04   0.9818753E+04   0.4575058E+04   0.5870274E+04   0.4149524E+02   0.4029668E+02   0.5254023E+02   0.5029903E+02   0.1045058E+04
   0.1061000E+04   0.6836121E+03   0.1895692E+03   0.1731857E+04   0.9821569E+04   0.4578932E+04   0.5870244E+04   0.4149293E+02   0.4029489E+02   0.5254013E+02   0.5029868E+02   0.1044628E+04
   0.1062000E+04   0.6835101E+03   0.1896260E+03   0.1732220E+04   0.9824383E+04   0.4582804E+04   0.5870214E+04   0.4149063E+02   0.4029310E+02   0.5254002E+02   0.5029834E+02   0.1044198E+04
   0.1063000E+04   0.6834064E+03   0.1896828E+03   0.1732584E+04   0.9827196E+04   0.4586676E+04   0.5870184E+04   0.4148833E+02   0.4029131E+02   0.5253991E+02   0.5029799E+02   0.1043767E+04
   0.1064000E+04   0.6833011E+03   0.1897395E+03   0.1732954E+04   0.9830008E+04   0.4590547E+04   0.5870154E+04   0.4148602E+02   0.4028952E+02   0.5253981E+02   0.5029763E+02   0.1043337E+04
   0.1065000E+04   0.6831941E+03   0.1897961E+03   0.1733317E+04   0.9832816E+04   0.4594417E+04   0.5870124E+04   0.4148372E+02   0.4028772E+02   0.5253970E+02   0.5029728E+02   0.1042907E+04
   0.1066000E+04   0.6830854E+03   0.1898528E+03   0.1733682E+04   0.9835626E+04   0.4598287E+04   0.5870095E+04   0.4148142E+02   0.4028593E+02   0.5253959E+02   0.5029692E+02   0.1042477E+04
   0.1067000E+04   0.6829753E+03   0.1899094E+03   0.1734046E+04   0.9838432E+04   0.4602155E+04   0.5870065E+04   0.4147911E+02   0.4028413E+02   0.5253948E+02   0.5029656E+02   0.1042048E+04
   0.1068000E+04   0.6828635E+03   0.1899659E+03   0.1734411E+04   0.9841236E+04   0.4606022E+04   0.5870036E+04   0.4147681E+02   0.4028233E+02   0.5253937E+02   0.5029620E+02   0.1041618E+04
   0.1069000E+04   0.6827502E+03   0.1900224E+03   0.1734777E+04   0.9844038E+04   0.4609890E+04   0.5870006E+04   0.4147451E+02   0.4028054E+02   0.5253926E+02   0.5029585E+02   0.1041189E+04
   0.1070000E+04   0.6826353E+03   0.1900788E+03   0.1735153E+04   0.9846839E+04   0.4613756E+04   0.5869977E+04   0.4147221E+02   0.4027874E+02   0.5253915E+02   0.5029549E+02   0.1040761E+04
   0.1071000E+04   0.6825187E+03   0.1901352E+03   0.1735517E+04   0.9849638E+04   0.4617621E+04   0.5869948E+04   0.4146991E+02   0.4027695E+02   0.5253905E+02   0.5029514E+02   0.1040332E+04
   0.1072000E+04   0.6824008E+03   0.1901916E+03   0.1735882E+04   0.9852435E+04   0.4621486E+04   0.5869918E+04   0.4146760E+02   0.4027515E+02   0.5253894E+02   0.5029478E+02   0.1039904E+04
   0.1073000E+04   0.6822812E+03   0.1902480E+03   0.1736248E+04   0.9855231E+04   0.4625350E+04   0.5869889E+04   0.4146531E+02   0.4027336E+02   0.5253882E+02   0.5029443E+02   0.1039477E+04
   0.1074000E+04   0.6821602E+03   0.1903044E+03   0.1736613E+04   0.9858023E+04   0.4629213E+04   0.5869860E+04   0.4146301E+02   0.4027156E+02   0.5253871E+02   0.5029407E+02   0.1039048E+04
   0.1075000E+04   0.6820377E+03   0.1903607E+03   0.1736978E+04   0.9860815E+04   0.4633075E+04   0.5869831E+04   0.4146070E+02   0.4026977E+02   0.5253859E+02   0.5029371E+02   0.1038631E+04
   0.1076000E+04   0.6819135E+03   0.1904169E+03   0.1737345E+04   0.9863604E+04   0.4636938E+04   0.5869801E+04   0.4145840E+02   0.4026797E+02   0.5253847E+02   0.5029336E+02   0.1038203E+04
   0.1077000E+04   0.6817878E+03   0.1904732E+03   0.1737712E+04   0.9866391E+04   0.4640798E+04   0.5869772E+04   0.4145610E+02   0.4026618E+02   0.5253835E+02   0.5029300E+02   0.1037776E+04
   0.1078000E+04   0.6816607E+03   0.1905293E+03   0.1738078E+04   0.9869177E+04   0.4644659E+04   0.5869742E+04   0.4145381E+02   0.4026439E+02   0.5253823E+02   0.5029264E+02   0.1037349E+04
   0.1079000E+04   0.6815321E+03   0.1905855E+03   0.1738443E+04   0.9871960E+04   0.4648519E+04   0.5869713E+04   0.4145151E+02   0.4026258E+02   0.5253811E+02   0.5029228E+02   0.1036922E+04
   0.1080000E+04   0.6814021E+03   0.1906416E+03   0.1738809E+04   0.9874741E+04   0.4652378E+04   0.5869684E+04   0.4144921E+02   0.4026080E+02   0.5253798E+02   0.5029192E+02   0.1036492E+04
   0.1081000E+04   0.6812706E+03   0.1906977E+03   0.1739175E+04   0.9877522E+04   0.4656237E+04   0.5869655E+04   0.4144691E+02   0.4025901E+02   0.5253785E+02   0.5029156E+02   0.1036065E+04
   0.1082000E+04   0.6811377E+03   0.1907538E+03   0.1739539E+04   0.9880302E+04   0.4660094E+04   0.5869625E+04   0.4144461E+02   0.4025722E+02   0.5253772E+02   0.5029120E+02   0.1035647E+04
   0.1083000E+04   0.6810031E+03   0.1908097E+03   0.1739905E+04   0.9883078E+04   0.4663950E+04   0.5869594E+04   0.4144230E+02   0.4025544E+02   0.5253760E+02   0.5029084E+02   0.1035220E+04
   0.1084000E+04   0.6808671E+03   0.1908656E+03   0.1740272E+04   0.9885854E+04   0.4667806E+04   0.5869564E+04   0.4144000E+02   0.4025365E+02   0.5253746E+02   0.5029048E+02   0.1034794E+04
   0.1085000E+04   0.6807298E+03   0.1909215E+03   0.1740639E+04   0.9888627E+04   0.4671662E+04   0.5869534E+04   0.4143770E+02   0.4025187E+02   0.5253733E+02   0.5029012E+02   0.1034367E+04
   0.1086000E+04   0.6805910E+03   0.1909774E+03   0.1741006E+04   0.9891399E+04   0.4675516E+04   0.5869504E+04   0.4143540E+02   0.4025009E+02   0.5253720E+02   0.5028976E+02   0.1033941E+04
   0.1087000E+04   0.6804508E+03   0.1910332E+03   0.1741372E+04   0.9894170E+04   0.4679369E+04   0.5869474E+04   0.4143310E+02   0.4024831E+02   0.5253708E+02   0.5028940E+02   0.1033515E+04
   0.1088000E+04   0.6803091E+03   0.1910891E+03   0.1741739E+04   0.9896937E+04   0.4683222E+04   0.5869445E+04   0.4143081E+02   0.4024653E+02   0.5253695E+02   0.5028904E+02   0.1033090E+04
   0.1089000E+04   0.6801661E+03   0.1911449E+03   0.1742106E+04   0.9899704E+04   0.4687073E+04   0.5869414E+04   0.4142851E+02   0.4024475E+02   0.5253682E+02   0.5028868E+02   0.1032664E+04
   0.1090000E+04   0.6800217E+03   0.1912006E+03   0.1742472E+04   0.9902468E+04   0.4690925E+04   0.5869383E+04   0.4142621E+02   0.4024297E+02   0.5253669E+02   0.5028832E+02   0.1032236E+04
   0.1091000E+04   0.6798759E+03   0.1912563E+03   0.1742840E+04   0.9905230E+04   0.4694776E+04   0.5869354E+04   0.4142391E+02   0.4024119E+02   0.5253654E+02   0.5028796E+02   0.1031811E+04
   0.1092000E+04   0.6797289E+03   0.1913119E+03   0.1743209E+04   0.9907991E+04   0.4698626E+04   0.5869324E+04   0.4142162E+02   0.4023941E+02   0.5253640E+02   0.5028760E+02   0.1031385E+04
   0.1093000E+04   0.6795805E+03   0.1913675E+03   0.1743578E+04   0.9910750E+04   0.4702476E+04   0.5869295E+04   0.4141932E+02   0.4023763E+02   0.5253625E+02   0.5028724E+02   0.1030960E+04
   0.1094000E+04   0.6794307E+03   0.1914232E+03   0.1743947E+04   0.9913509E+04   0.4706325E+04   0.5869266E+04   0.4141702E+02   0.4023584E+02   0.5253611E+02   0.5028687E+02   0.1030537E+04
   0.1095000E+04   0.6792793E+03   0.1914787E+03   0.1744318E+04   0.9916265E+04   0.4710173E+04   0.5869237E+04   0.4141472E+02   0.4023407E+02   0.5253596E+02   0.5028650E+02   0.1030113E+04
   0.1096000E+04   0.6791279E+03   0.1915347E+03   0.1744810E+04   0.9919020E+04   0.4714019E+04   0.5869208E+04   0.4141243E+02   0.4023228E+02   0.5253582E+02   0.5028615E+02   0.1029688E+04
