  STEP   TOTAL TIME             LOCATION OF OBSERVATION POINTS (I,J,K)
   43   45    1   50   46    1   58   41    1   68   36    1   70   46    1   75   29    1   78   43    1   78   44    1   83   41    1   84   43    1  101   33    1
   0.1000000E+01   0.7163947E+02   0.7261345E+02  -0.9990001E+03   0.6990347E+02   0.9447547E+02  -0.9990001E+03   0.4548503E+02   0.4663750E+02   0.4447256E+02   0.5322709E+02   0.7773988E+03
   0.2000000E+01   0.7163884E+02   0.7261550E+02  -0.9990001E+03   0.6990983E+02   0.9448403E+02  -0.9990001E+03   0.4547966E+02   0.4663321E+02   0.4447583E+02   0.5322868E+02   0.8355579E+03
   0.3000000E+01   0.7163820E+02   0.7261755E+02  -0.9990001E+03   0.6991618E+02   0.9449260E+02  -0.9990001E+03   0.4547429E+02   0.4662892E+02   0.4447908E+02   0.5323025E+02   0.8737705E+03
   0.4000000E+01   0.7163757E+02   0.7261959E+02  -0.9990001E+03   0.6992252E+02   0.9450115E+02  -0.9990001E+03   0.4546893E+02   0.4662463E+02   0.4448233E+02   0.5323182E+02   0.9035420E+03
   0.5000000E+01   0.7163693E+02   0.7262165E+02  -0.9990001E+03   0.6992887E+02   0.9450972E+02  -0.9990001E+03   0.4546357E+02   0.4662035E+02   0.4448558E+02   0.5323339E+02   0.9282917E+03
   0.6000000E+01   0.7163631E+02   0.7262370E+02  -0.9990001E+03   0.6993523E+02   0.9451829E+02  -0.9990001E+03   0.4545820E+02   0.4661607E+02   0.4448882E+02   0.5323495E+02   0.9497861E+03
   0.7000000E+01   0.7163567E+02   0.7262574E+02  -0.9990001E+03   0.6994157E+02   0.9452684E+02  -0.9990001E+03   0.4545284E+02   0.4661179E+02   0.4449205E+02   0.5323651E+02   0.9689003E+03
   0.8000000E+01   0.7163503E+02   0.7262778E+02  -0.9990001E+03   0.6994790E+02   0.9453538E+02  -0.9990001E+03   0.4544748E+02   0.4660752E+02   0.4449527E+02   0.5323805E+02   0.9862407E+03
   0.9000000E+01   0.7163441E+02   0.7262983E+02  -0.9990001E+03   0.6995423E+02   0.9454391E+02  -0.9990001E+03   0.4544211E+02   0.4660324E+02   0.4449849E+02   0.5323959E+02   0.1002155E+04
   0.1000000E+02   0.7163378E+02   0.7263187E+02  -0.9990001E+03   0.6996056E+02   0.9455244E+02  -0.9990001E+03   0.4543675E+02   0.4659896E+02   0.4450170E+02   0.5324113E+02   0.1016931E+04
   0.1100000E+02   0.7163315E+02   0.7263390E+02  -0.9990001E+03   0.6996688E+02   0.9456097E+02  -0.9990001E+03   0.4543139E+02   0.4659470E+02   0.4450489E+02   0.5324266E+02   0.1030743E+04
   0.1200000E+02   0.7163251E+02   0.7263594E+02  -0.9990001E+03   0.6997321E+02   0.9456947E+02  -0.9990001E+03   0.4542602E+02   0.4659043E+02   0.4450809E+02   0.5324419E+02   0.1043749E+04
   0.1300000E+02   0.7163189E+02   0.7263799E+02  -0.9990001E+03   0.6997952E+02   0.9457798E+02  -0.9990001E+03   0.4542066E+02   0.4658617E+02   0.4451128E+02   0.5324571E+02   0.1056034E+04
   0.1400000E+02   0.7163126E+02   0.7264004E+02  -0.9990001E+03   0.6998582E+02   0.9458649E+02  -0.9990001E+03   0.4541529E+02   0.4658191E+02   0.4451446E+02   0.5324723E+02   0.1067716E+04
   0.1500000E+02   0.7163065E+02   0.7264208E+02  -0.9990001E+03   0.6999214E+02   0.9459499E+02  -0.9990001E+03   0.4540993E+02   0.4657765E+02   0.4451763E+02   0.5324875E+02   0.1078853E+04
   0.1600000E+02   0.7163001E+02   0.7264413E+02  -0.9990001E+03   0.6999844E+02   0.9460350E+02  -0.9990001E+03   0.4540457E+02   0.4657339E+02   0.4452080E+02   0.5325026E+02   0.1089499E+04
   0.1700000E+02   0.7162938E+02   0.7264617E+02  -0.9990001E+03   0.7000475E+02   0.9461199E+02  -0.9990001E+03   0.4539921E+02   0.4656913E+02   0.4452395E+02   0.5325177E+02   0.1099712E+04
   0.1800000E+02   0.7162875E+02   0.7264822E+02  -0.9990001E+03   0.7001103E+02   0.9462048E+02  -0.9990001E+03   0.4539385E+02   0.4656489E+02   0.4452710E+02   0.5325327E+02   0.1109527E+04
   0.1900000E+02   0.7162811E+02   0.7265028E+02  -0.9990001E+03   0.7001733E+02   0.9462897E+02  -0.9990001E+03   0.4538849E+02   0.4656065E+02   0.4453024E+02   0.5325476E+02   0.1118976E+04
   0.2000000E+02   0.7162746E+02   0.7265233E+02  -0.9990001E+03   0.7002364E+02   0.9463745E+02  -0.9990001E+03   0.4538313E+02   0.4655641E+02   0.4453337E+02   0.5325624E+02   0.1128096E+04
   0.2100000E+02   0.7162682E+02   0.7265437E+02  -0.9990001E+03   0.7002991E+02   0.9464594E+02  -0.9990001E+03   0.4537778E+02   0.4655217E+02   0.4453650E+02   0.5325773E+02   0.1136908E+04
   0.2200000E+02   0.7162617E+02   0.7265643E+02  -0.9990001E+03   0.7003619E+02   0.9465442E+02  -0.9990001E+03   0.4537243E+02   0.4654793E+02   0.4453962E+02   0.5325920E+02   0.1145441E+04
   0.2300000E+02   0.7162553E+02   0.7265849E+02  -0.9990001E+03   0.7004247E+02   0.9466290E+02  -0.9990001E+03   0.4536708E+02   0.4654369E+02   0.4454272E+02   0.5326067E+02   0.1153712E+04
   0.2400000E+02   0.7162490E+02   0.7266053E+02  -0.9990001E+03   0.7004874E+02   0.9467136E+02  -0.9990001E+03   0.4536173E+02   0.4653947E+02   0.4454582E+02   0.5326215E+02   0.1161737E+04
   0.2500000E+02   0.7162425E+02   0.7266257E+02  -0.9990001E+03   0.7005501E+02   0.9467982E+02  -0.9990001E+03   0.4535638E+02   0.4653524E+02   0.4454891E+02   0.5326361E+02   0.1169532E+04
   0.2600000E+02   0.7162361E+02   0.7266463E+02  -0.9990001E+03   0.7006127E+02   0.9468827E+02  -0.9990001E+03   0.4535103E+02   0.4653102E+02   0.4455199E+02   0.5326506E+02   0.1177115E+04
   0.2700000E+02   0.7162296E+02   0.7266668E+02  -0.9990001E+03   0.7006754E+02   0.9469672E+02  -0.9990001E+03   0.4534569E+02   0.4652680E+02   0.4455507E+02   0.5326651E+02   0.1184496E+04
   0.2800000E+02   0.7162232E+02   0.7266873E+02  -0.9990001E+03   0.7007380E+02   0.9470518E+02  -0.9990001E+03   0.4534034E+02   0.4652258E+02   0.4455813E+02   0.5326796E+02   0.1191686E+04
   0.2900000E+02   0.7162168E+02   0.7267078E+02  -0.9990001E+03   0.7008006E+02   0.9471362E+02  -0.9990001E+03   0.4533500E+02   0.4651836E+02   0.4456118E+02   0.5326941E+02   0.1198696E+04
   0.3000000E+02   0.7162103E+02   0.7267283E+02  -0.9990001E+03   0.7008630E+02   0.9472206E+02  -0.9990001E+03   0.4532965E+02   0.4651416E+02   0.4456423E+02   0.5327084E+02   0.1205443E+04
   0.3100000E+02   0.7162038E+02   0.7267488E+02  -0.9990001E+03   0.7009254E+02   0.9473049E+02  -0.9990001E+03   0.4532431E+02   0.4650994E+02   0.4456727E+02   0.5327228E+02   0.1211851E+04
   0.3200000E+02   0.7161973E+02   0.7267693E+02  -0.9990001E+03   0.7009879E+02   0.9473893E+02  -0.9990001E+03   0.4531897E+02   0.4650574E+02   0.4457031E+02   0.5327371E+02   0.1217952E+04
   0.3300000E+02   0.7161908E+02   0.7267899E+02  -0.9990001E+03   0.7010503E+02   0.9474735E+02  -0.9990001E+03   0.4531362E+02   0.4650154E+02   0.4457333E+02   0.5327514E+02   0.1223773E+04
   0.3400000E+02   0.7161842E+02   0.7268104E+02  -0.9990001E+03   0.7011127E+02   0.9475578E+02  -0.9990001E+03   0.4530827E+02   0.4649734E+02   0.4457635E+02   0.5327655E+02   0.1229327E+04
   0.3500000E+02   0.7161777E+02   0.7268308E+02  -0.9990001E+03   0.7011751E+02   0.9476418E+02  -0.9990001E+03   0.4530294E+02   0.4649314E+02   0.4457936E+02   0.5327796E+02   0.1234648E+04
   0.3600000E+02   0.7161711E+02   0.7268513E+02  -0.9990001E+03   0.7012374E+02   0.9477261E+02  -0.9990001E+03   0.4529759E+02   0.4648895E+02   0.4458236E+02   0.5327937E+02   0.1239756E+04
   0.3700000E+02   0.7161646E+02   0.7268716E+02  -0.9990001E+03   0.7012996E+02   0.9478101E+02  -0.9990001E+03   0.4529225E+02   0.4648477E+02   0.4458535E+02   0.5328077E+02   0.1244664E+04
   0.3800000E+02   0.7161579E+02   0.7268921E+02  -0.9990001E+03   0.7013618E+02   0.9478940E+02  -0.9990001E+03   0.4528691E+02   0.4648058E+02   0.4458834E+02   0.5328217E+02   0.1249390E+04
   0.3900000E+02   0.7161514E+02   0.7269125E+02  -0.9990001E+03   0.7014240E+02   0.9479779E+02  -0.9990001E+03   0.4528157E+02   0.4647640E+02   0.4459132E+02   0.5328357E+02   0.1253946E+04
   0.4000000E+02   0.7161446E+02   0.7269329E+02  -0.9990001E+03   0.7014861E+02   0.9480619E+02  -0.9990001E+03   0.4527623E+02   0.4647222E+02   0.4459428E+02   0.5328496E+02   0.1258344E+04
   0.4100000E+02   0.7161378E+02   0.7269534E+02  -0.9990001E+03   0.7015482E+02   0.9481459E+02  -0.9990001E+03   0.4527089E+02   0.4646803E+02   0.4459725E+02   0.5328635E+02   0.1262595E+04
   0.4200000E+02   0.7161311E+02   0.7269739E+02  -0.9990001E+03   0.7016102E+02   0.9482298E+02  -0.9990001E+03   0.4526556E+02   0.4646386E+02   0.4460020E+02   0.5328773E+02   0.1266709E+04
   0.4300000E+02   0.7161244E+02   0.7269943E+02  -0.9990001E+03   0.7016722E+02   0.9483136E+02  -0.9990001E+03   0.4526023E+02   0.4645970E+02   0.4460315E+02   0.5328911E+02   0.1270681E+04
   0.4400000E+02   0.7161178E+02   0.7270148E+02  -0.9990001E+03   0.7017341E+02   0.9483973E+02  -0.9990001E+03   0.4525490E+02   0.4645553E+02   0.4460608E+02   0.5329049E+02   0.1274521E+04
   0.4500000E+02   0.7161112E+02   0.7270353E+02  -0.9990001E+03   0.7017961E+02   0.9484810E+02  -0.9990001E+03   0.4524957E+02   0.4645137E+02   0.4460901E+02   0.5329186E+02   0.1278238E+04
   0.4600000E+02   0.7161047E+02   0.7270557E+02  -0.9990001E+03   0.7018580E+02   0.9485647E+02  -0.9990001E+03   0.4524424E+02   0.4644721E+02   0.4461192E+02   0.5329322E+02   0.1281850E+04
   0.4700000E+02   0.7160981E+02   0.7270762E+02  -0.9990001E+03   0.7019199E+02   0.9486484E+02  -0.9990001E+03   0.4523891E+02   0.4644304E+02   0.4461484E+02   0.5329459E+02   0.1285362E+04
   0.4800000E+02   0.7160915E+02   0.7270967E+02  -0.9990001E+03   0.7019818E+02   0.9487319E+02  -0.9990001E+03   0.4523358E+02   0.4643889E+02   0.4461775E+02   0.5329593E+02   0.1288771E+04
   0.4900000E+02   0.7160849E+02   0.7271172E+02  -0.9990001E+03   0.7020436E+02   0.9488155E+02  -0.9990001E+03   0.4522826E+02   0.4643473E+02   0.4462065E+02   0.5329728E+02   0.1292082E+04
   0.5000000E+02   0.7160783E+02   0.7271376E+02  -0.9990001E+03   0.7021053E+02   0.9488992E+02  -0.9990001E+03   0.4522293E+02   0.4643058E+02   0.4462354E+02   0.5329862E+02   0.1295309E+04
   0.5100000E+02   0.7160715E+02   0.7271580E+02  -0.9990001E+03   0.7021670E+02   0.9489826E+02  -0.9990001E+03   0.4521760E+02   0.4642643E+02   0.4462643E+02   0.5329995E+02   0.1298443E+04
   0.5200000E+02   0.7160648E+02   0.7271785E+02  -0.9990001E+03   0.7022285E+02   0.9490660E+02  -0.9990001E+03   0.4521227E+02   0.4642230E+02   0.4462930E+02   0.5330129E+02   0.1301503E+04
   0.5300000E+02   0.7160580E+02   0.7271990E+02  -0.9990001E+03   0.7022903E+02   0.9491494E+02  -0.9990001E+03   0.4520694E+02   0.4641816E+02   0.4463218E+02   0.5330261E+02   0.1304483E+04
   0.5400000E+02   0.7160512E+02   0.7272194E+02  -0.9990001E+03   0.7023519E+02   0.9492327E+02  -0.9990001E+03   0.4520162E+02   0.4641402E+02   0.4463504E+02   0.5330393E+02   0.1307395E+04
   0.5500000E+02   0.7160445E+02   0.7272398E+02  -0.9990001E+03   0.7024135E+02   0.9493160E+02  -0.9990001E+03   0.4519629E+02   0.4640989E+02   0.4463790E+02   0.5330525E+02   0.1310236E+04
   0.5600000E+02   0.7160378E+02   0.7272602E+02  -0.9990001E+03   0.7024750E+02   0.9493993E+02  -0.9990001E+03   0.4519096E+02   0.4640576E+02   0.4464075E+02   0.5330657E+02   0.1313008E+04
   0.5700000E+02   0.7160313E+02   0.7272806E+02  -0.9990001E+03   0.7025365E+02   0.9494825E+02  -0.9990001E+03   0.4518564E+02   0.4640164E+02   0.4464359E+02   0.5330788E+02   0.1315716E+04
   0.5800000E+02   0.7160246E+02   0.7273010E+02  -0.9990001E+03   0.7025979E+02   0.9495657E+02  -0.9990001E+03   0.4518032E+02   0.4639751E+02   0.4464643E+02   0.5330919E+02   0.1318362E+04
   0.5900000E+02   0.7160179E+02   0.7273215E+02  -0.9990001E+03   0.7026593E+02   0.9496487E+02  -0.9990001E+03   0.4517500E+02   0.4639340E+02   0.4464925E+02   0.5331049E+02   0.1320949E+04
   0.6000000E+02   0.7160113E+02   0.7273418E+02  -0.9990001E+03   0.7027206E+02   0.9497318E+02  -0.9990001E+03   0.4516968E+02   0.4638928E+02   0.4465207E+02   0.5331179E+02   0.1323479E+04
   0.6100000E+02   0.7160046E+02   0.7273622E+02  -0.9990001E+03   0.7027819E+02   0.9498148E+02  -0.9990001E+03   0.4516436E+02   0.4638516E+02   0.4465487E+02   0.5331308E+02   0.1325956E+04
   0.6200000E+02   0.7159979E+02   0.7273826E+02  -0.9990001E+03   0.7028432E+02   0.9498978E+02  -0.9990001E+03   0.4515904E+02   0.4638106E+02   0.4465768E+02   0.5331437E+02   0.1328380E+04
   0.6300000E+02   0.7159912E+02   0.7274030E+02  -0.9990001E+03   0.7029044E+02   0.9499807E+02  -0.9990001E+03   0.4515372E+02   0.4637695E+02   0.4466047E+02   0.5331565E+02   0.1330755E+04
   0.6400000E+02   0.7159845E+02   0.7274233E+02  -0.9990001E+03   0.7029655E+02   0.9500636E+02  -0.9990001E+03   0.4514840E+02   0.4637284E+02   0.4466325E+02   0.5331693E+02   0.1333082E+04
   0.6500000E+02   0.7159778E+02   0.7274438E+02  -0.9990001E+03   0.7030266E+02   0.9501464E+02  -0.9990001E+03   0.4514310E+02   0.4636873E+02   0.4466603E+02   0.5331820E+02   0.1335282E+04
   0.6600000E+02   0.7159710E+02   0.7274642E+02  -0.9990001E+03   0.7030876E+02   0.9502292E+02  -0.9990001E+03   0.4513778E+02   0.4636463E+02   0.4466880E+02   0.5331946E+02   0.1337361E+04
   0.6700000E+02   0.7159642E+02   0.7274846E+02  -0.9990001E+03   0.7031487E+02   0.9503120E+02  -0.9990001E+03   0.4513247E+02   0.4636054E+02   0.4467156E+02   0.5332072E+02   0.1339365E+04
   0.6800000E+02   0.7159574E+02   0.7275050E+02  -0.9990001E+03   0.7032097E+02   0.9503947E+02  -0.9990001E+03   0.4512716E+02   0.4635645E+02   0.4467432E+02   0.5332198E+02   0.1341296E+04
   0.6900000E+02   0.7159506E+02   0.7275255E+02  -0.9990001E+03   0.7032706E+02   0.9504774E+02  -0.9990001E+03   0.4512185E+02   0.4635237E+02   0.4467706E+02   0.5332323E+02   0.1343109E+04
   0.7000000E+02   0.7159438E+02   0.7275458E+02  -0.9990001E+03   0.7033315E+02   0.9505601E+02  -0.9990001E+03   0.4511654E+02   0.4634828E+02   0.4467980E+02   0.5332449E+02   0.1344729E+04
   0.7100000E+02   0.7159369E+02   0.7275662E+02   0.9099930E+02   0.7033925E+02   0.9506427E+02  -0.9990001E+03   0.4511124E+02   0.4634420E+02   0.4468254E+02   0.5332574E+02   0.1346234E+04
   0.7200000E+02   0.7159301E+02   0.7275866E+02   0.9099738E+02   0.7034533E+02   0.9507253E+02  -0.9990001E+03   0.4510593E+02   0.4634012E+02   0.4468527E+02   0.5332698E+02   0.1347491E+04
   0.7300000E+02   0.7162115E+02   0.7277260E+02   0.9099512E+02   0.7035141E+02   0.9508078E+02  -0.9990001E+03   0.4510062E+02   0.4633603E+02   0.4468800E+02   0.5332822E+02   0.1348552E+04
   0.7400000E+02   0.7165102E+02   0.7278722E+02   0.9099256E+02   0.7035748E+02   0.9508902E+02  -0.9990001E+03   0.4509532E+02   0.4633196E+02   0.4469070E+02   0.5332944E+02   0.1349484E+04
   0.7500000E+02   0.7167966E+02   0.7280135E+02   0.9099003E+02   0.7036356E+02   0.9509726E+02  -0.9990001E+03   0.4509002E+02   0.4632788E+02   0.4469341E+02   0.5333067E+02   0.1350360E+04
   0.7600000E+02   0.7170896E+02   0.7281573E+02   0.9098754E+02   0.7036963E+02   0.9510551E+02  -0.9990001E+03   0.4508472E+02   0.4632381E+02   0.4469611E+02   0.5333190E+02   0.1351151E+04
   0.7700000E+02   0.7173943E+02   0.7283061E+02   0.9098503E+02   0.7037569E+02   0.9511373E+02  -0.9990001E+03   0.4507942E+02   0.4631974E+02   0.4469880E+02   0.5333312E+02   0.1351855E+04
   0.7800000E+02   0.7176856E+02   0.7284492E+02   0.9098248E+02   0.7038175E+02   0.9512196E+02  -0.9990001E+03   0.4507413E+02   0.4631568E+02   0.4470148E+02   0.5333433E+02   0.1352498E+04
   0.7900000E+02   0.7179450E+02   0.7285786E+02   0.9097993E+02   0.7038780E+02   0.9513020E+02  -0.9990001E+03   0.4506884E+02   0.4631162E+02   0.4470417E+02   0.5333554E+02   0.1353090E+04
   0.8000000E+02   0.7181674E+02   0.7286921E+02   0.9097739E+02   0.7039385E+02   0.9513841E+02  -0.9990001E+03   0.4506354E+02   0.4630756E+02   0.4470685E+02   0.5333675E+02   0.1353638E+04
   0.8100000E+02   0.7183548E+02   0.7287902E+02   0.9097487E+02   0.7039990E+02   0.9514663E+02  -0.9990001E+03   0.4505824E+02   0.4630351E+02   0.4470951E+02   0.5333795E+02   0.1354150E+04
   0.8200000E+02   0.7185116E+02   0.7288749E+02   0.9561891E+02   0.7040594E+02   0.9515484E+02  -0.9990001E+03   0.4505294E+02   0.4629947E+02   0.4471217E+02   0.5333915E+02   0.1354629E+04
   0.8300000E+02   0.7186427E+02   0.7289481E+02   0.9913471E+02   0.7041199E+02   0.9516304E+02  -0.9990001E+03   0.4504765E+02   0.4629541E+02   0.4471482E+02   0.5334035E+02   0.1355080E+04
   0.8400000E+02   0.7187526E+02   0.7290118E+02   0.1017704E+03   0.7041803E+02   0.9517125E+02  -0.9990001E+03   0.4504235E+02   0.4629137E+02   0.4471746E+02   0.5334154E+02   0.1355506E+04
   0.8500000E+02   0.7188453E+02   0.7290677E+02   0.1037665E+03   0.7042407E+02   0.9517945E+02  -0.9990001E+03   0.4503706E+02   0.4628733E+02   0.4472010E+02   0.5334272E+02   0.1355910E+04
   0.8600000E+02   0.7189240E+02   0.7291171E+02   0.1052840E+03   0.7043011E+02   0.9518764E+02  -0.9990001E+03   0.4503177E+02   0.4628329E+02   0.4472274E+02   0.5334391E+02   0.1356293E+04
   0.8700000E+02   0.7189912E+02   0.7291615E+02   0.1064445E+03   0.7043613E+02   0.9519585E+02  -0.9990001E+03   0.4502649E+02   0.4627925E+02   0.4472536E+02   0.5334509E+02   0.1356659E+04
   0.8800000E+02   0.7190491E+02   0.7292017E+02   0.1073385E+03   0.7044215E+02   0.9520404E+02  -0.9990001E+03   0.4502119E+02   0.4627522E+02   0.4472799E+02   0.5334626E+02   0.1357008E+04
   0.8900000E+02   0.7190994E+02   0.7292384E+02   0.1080314E+03   0.7044818E+02   0.9521222E+02  -0.9990001E+03   0.4501591E+02   0.4627119E+02   0.4473060E+02   0.5334743E+02   0.1357342E+04
   0.9000000E+02   0.7191435E+02   0.7292722E+02   0.1085696E+03   0.7045421E+02   0.9522040E+02  -0.9990001E+03   0.4501062E+02   0.4626716E+02   0.4473320E+02   0.5334859E+02   0.1357662E+04
   0.9100000E+02   0.7191825E+02   0.7293037E+02   0.1089899E+03   0.7046023E+02   0.9522857E+02  -0.9990001E+03   0.4500532E+02   0.4626313E+02   0.4473580E+02   0.5334975E+02   0.1357970E+04
   0.9200000E+02   0.7192173E+02   0.7293334E+02   0.1093192E+03   0.7046624E+02   0.9523675E+02  -0.9990001E+03   0.4500003E+02   0.4625910E+02   0.4473839E+02   0.5335091E+02   0.1358266E+04
   0.9300000E+02   0.7192487E+02   0.7293614E+02   0.1095826E+03   0.7047224E+02   0.9524492E+02  -0.9990001E+03   0.4499474E+02   0.4625507E+02   0.4474098E+02   0.5335207E+02   0.1358562E+04
   0.9400000E+02   0.7192868E+02   0.7293923E+02   0.1097927E+03   0.7047824E+02   0.9525308E+02  -0.9990001E+03   0.4498944E+02   0.4625106E+02   0.4474356E+02   0.5335322E+02   0.1358847E+04
   0.9500000E+02   0.7193331E+02   0.7294265E+02   0.1099605E+03   0.7048423E+02   0.9526554E+02  -0.9990001E+03   0.4498416E+02   0.4624704E+02   0.4474613E+02   0.5335438E+02   0.1359130E+04
   0.9600000E+02   0.7193878E+02   0.7294640E+02   0.1100995E+03   0.7049023E+02   0.9527890E+02  -0.9990001E+03   0.4497888E+02   0.4624304E+02   0.4474870E+02   0.5335553E+02   0.1359408E+04
   0.9700000E+02   0.7194452E+02   0.7295021E+02   0.1102149E+03   0.7049622E+02   0.9529233E+02  -0.9990001E+03   0.4497360E+02   0.4623903E+02   0.4475125E+02   0.5335667E+02   0.1359683E+04
   0.9800000E+02   0.7195007E+02   0.7295388E+02   0.1103112E+03   0.7050221E+02   0.9530529E+02  -0.9990001E+03   0.4496833E+02   0.4623503E+02   0.4475380E+02   0.5335782E+02   0.1359983E+04
   0.9900000E+02   0.7195532E+02   0.7295732E+02   0.1103923E+03   0.7050820E+02   0.9531760E+02  -0.9990001E+03   0.4496305E+02   0.4623103E+02   0.4475634E+02   0.5335896E+02   0.1360254E+04
   0.1000000E+03   0.7196025E+02   0.7296056E+02   0.1104614E+03   0.7051418E+02   0.9532922E+02  -0.9990001E+03   0.4495776E+02   0.4622703E+02   0.4475889E+02   0.5336008E+02   0.1360523E+04
   0.1010000E+03   0.7196489E+02   0.7296361E+02   0.1105213E+03   0.7052016E+02   0.9534023E+02  -0.9990001E+03   0.4495248E+02   0.4622304E+02   0.4476142E+02   0.5336121E+02   0.1360789E+04
   0.1020000E+03   0.7196930E+02   0.7296650E+02   0.1105738E+03   0.7052614E+02   0.9535075E+02  -0.9990001E+03   0.4494721E+02   0.4621906E+02   0.4476394E+02   0.5336233E+02   0.1361054E+04
   0.1030000E+03   0.7197350E+02   0.7296926E+02   0.1106205E+03   0.7053211E+02   0.9536084E+02  -0.9990001E+03   0.4494194E+02   0.4621507E+02   0.4476646E+02   0.5336345E+02   0.1361317E+04
   0.1040000E+03   0.7197753E+02   0.7297190E+02   0.1106625E+03   0.7053808E+02   0.9537057E+02  -0.9990001E+03   0.4493666E+02   0.4621109E+02   0.4476897E+02   0.5336457E+02   0.1361578E+04
   0.1050000E+03   0.7198145E+02   0.7297446E+02   0.1107012E+03   0.7054404E+02   0.9538002E+02  -0.9990001E+03   0.4493139E+02   0.4620711E+02   0.4477147E+02   0.5336569E+02   0.1361843E+04
   0.1060000E+03   0.7198524E+02   0.7297694E+02   0.1107380E+03   0.7055001E+02   0.9538924E+02  -0.9990001E+03   0.4492611E+02   0.4620312E+02   0.4477398E+02   0.5336679E+02   0.1362098E+04
   0.1070000E+03   0.7198893E+02   0.7297937E+02   0.1107739E+03   0.7055596E+02   0.9539825E+02  -0.9990001E+03   0.4492084E+02   0.4619915E+02   0.4477647E+02   0.5336790E+02   0.1362351E+04
   0.1080000E+03   0.7199255E+02   0.7298174E+02   0.1108097E+03   0.7056191E+02   0.9540711E+02  -0.9990001E+03   0.4491557E+02   0.4619519E+02   0.4477895E+02   0.5336900E+02   0.1362602E+04
   0.1090000E+03   0.7199613E+02   0.7298407E+02   0.1108455E+03   0.7056787E+02   0.9541583E+02  -0.9990001E+03   0.4491030E+02   0.4619122E+02   0.4478143E+02   0.5337009E+02   0.1362850E+04
   0.1100000E+03   0.7199964E+02   0.7298637E+02   0.1108815E+03   0.7057382E+02   0.9542446E+02  -0.9990001E+03   0.4490503E+02   0.4618726E+02   0.4478390E+02   0.5337119E+02   0.1363095E+04
   0.1110000E+03   0.7200311E+02   0.7298863E+02   0.1109177E+03   0.7057977E+02   0.9543298E+02  -0.9990001E+03   0.4489977E+02   0.4618330E+02   0.4478637E+02   0.5337227E+02   0.1363338E+04
   0.1120000E+03   0.7200653E+02   0.7299088E+02   0.1109541E+03   0.7058571E+02   0.9544143E+02  -0.9990001E+03   0.4489450E+02   0.4617934E+02   0.4478883E+02   0.5337336E+02   0.1363579E+04
   0.1130000E+03   0.7200993E+02   0.7299311E+02   0.1109906E+03   0.7059164E+02   0.9544981E+02  -0.9990001E+03   0.4488923E+02   0.4617539E+02   0.4479128E+02   0.5337444E+02   0.1363818E+04
   0.1140000E+03   0.7201330E+02   0.7299532E+02   0.1110271E+03   0.7059756E+02   0.9545816E+02  -0.9990001E+03   0.4488397E+02   0.4617144E+02   0.4479373E+02   0.5337551E+02   0.1364054E+04
   0.1150000E+03   0.7201663E+02   0.7299752E+02   0.1110638E+03   0.7060349E+02   0.9546645E+02  -0.9990001E+03   0.4487871E+02   0.4616749E+02   0.4479617E+02   0.5337658E+02   0.1364289E+04
   0.1160000E+03   0.7201995E+02   0.7299971E+02   0.1111005E+03   0.7060942E+02   0.9547471E+02  -0.9990001E+03   0.4487345E+02   0.4616354E+02   0.4479861E+02   0.5337765E+02   0.1364521E+04
   0.1170000E+03   0.7202337E+02   0.7300195E+02   0.1111360E+03   0.7061534E+02   0.9548331E+02  -0.9990001E+03   0.4486819E+02   0.4615959E+02   0.4480103E+02   0.5337872E+02   0.1364763E+04
   0.1180000E+03   0.7202692E+02   0.7300423E+02   0.1111676E+03   0.7062125E+02   0.9549223E+02  -0.9990001E+03   0.4486294E+02   0.4615565E+02   0.4480346E+02   0.5337978E+02   0.1364993E+04
   0.1190000E+03   0.7203057E+02   0.7300652E+02   0.1111968E+03   0.7062717E+02   0.9550123E+02  -0.9990001E+03   0.4485768E+02   0.4615172E+02   0.4480587E+02   0.5338086E+02   0.1365220E+04
   0.1200000E+03   0.7203431E+02   0.7300882E+02   0.1112240E+03   0.7063309E+02   0.9551019E+02  -0.9990001E+03   0.4485242E+02   0.4614779E+02   0.4480828E+02   0.5338191E+02   0.1365430E+04
   0.1210000E+03   0.7203810E+02   0.7301112E+02   0.1112493E+03   0.7063900E+02   0.9551900E+02  -0.9990001E+03   0.4484718E+02   0.4614386E+02   0.4481068E+02   0.5338297E+02   0.1365634E+04
   0.1220000E+03   0.7204197E+02   0.7301339E+02   0.1112759E+03   0.7064491E+02   0.9552772E+02  -0.9990001E+03   0.4484192E+02   0.4613993E+02   0.4481307E+02   0.5338402E+02   0.1365846E+04
   0.1230000E+03   0.7204589E+02   0.7301566E+02   0.1113028E+03   0.7065081E+02   0.9553632E+02  -0.9990001E+03   0.4483667E+02   0.4613601E+02   0.4481546E+02   0.5338506E+02   0.1366046E+04
   0.1240000E+03   0.7204987E+02   0.7301793E+02   0.1113329E+03   0.7065672E+02   0.9554481E+02  -0.9990001E+03   0.4483142E+02   0.4613209E+02   0.4481784E+02   0.5338610E+02   0.1366252E+04
   0.1250000E+03   0.7205386E+02   0.7302019E+02   0.1113655E+03   0.7066261E+02   0.9555324E+02  -0.9990001E+03   0.4482617E+02   0.4612818E+02   0.4482022E+02   0.5338712E+02   0.1366441E+04
   0.1260000E+03   0.7205790E+02   0.7302244E+02   0.1114027E+03   0.7066852E+02   0.9556160E+02  -0.9990001E+03   0.4482092E+02   0.4612426E+02   0.4482258E+02   0.5338816E+02   0.1366628E+04
   0.1270000E+03   0.7206196E+02   0.7302467E+02   0.1114399E+03   0.7067440E+02   0.9556991E+02  -0.9990001E+03   0.4481567E+02   0.4612034E+02   0.4482495E+02   0.5338918E+02   0.1366842E+04
   0.1280000E+03   0.7206602E+02   0.7302691E+02   0.1114807E+03   0.7068030E+02   0.9557818E+02  -0.9990001E+03   0.4481042E+02   0.4611643E+02   0.4482731E+02   0.5339021E+02   0.1367026E+04
   0.1290000E+03   0.7207010E+02   0.7302915E+02   0.1115209E+03   0.7068618E+02   0.9558668E+02  -0.9990001E+03   0.4480518E+02   0.4611251E+02   0.4482967E+02   0.5339123E+02   0.1367207E+04
   0.1300000E+03   0.7207422E+02   0.7303140E+02   0.1115608E+03   0.7069206E+02   0.9559656E+02  -0.9990001E+03   0.4479994E+02   0.4610861E+02   0.4483202E+02   0.5339226E+02   0.1367385E+04
   0.1310000E+03   0.7207842E+02   0.7303366E+02   0.1116003E+03   0.7069793E+02   0.9560777E+02  -0.9990001E+03   0.4479469E+02   0.4610470E+02   0.4483435E+02   0.5339327E+02   0.1367557E+04
   0.1320000E+03   0.7208270E+02   0.7303593E+02   0.1116390E+03   0.7070381E+02   0.9561951E+02  -0.9990001E+03   0.4478945E+02   0.4610081E+02   0.4483669E+02   0.5339428E+02   0.1367723E+04
   0.1330000E+03   0.7208705E+02   0.7303821E+02   0.1116770E+03   0.7070968E+02   0.9563113E+02  -0.9990001E+03   0.4478421E+02   0.4609691E+02   0.4483901E+02   0.5339529E+02   0.1367884E+04
   0.1340000E+03   0.7209148E+02   0.7304048E+02   0.1117142E+03   0.7071555E+02   0.9564231E+02  -0.9990001E+03   0.4477897E+02   0.4609301E+02   0.4484133E+02   0.5339629E+02   0.1368042E+04
   0.1350000E+03   0.7209597E+02   0.7304279E+02   0.1117513E+03   0.7072140E+02   0.9565300E+02  -0.9990001E+03   0.4477373E+02   0.4608913E+02   0.4484365E+02   0.5339730E+02   0.1368195E+04
   0.1360000E+03   0.7210050E+02   0.7304508E+02   0.1117884E+03   0.7072726E+02   0.9566323E+02  -0.9990001E+03   0.4476849E+02   0.4608524E+02   0.4484596E+02   0.5339830E+02   0.1368374E+04
   0.1370000E+03   0.7210506E+02   0.7304736E+02   0.1118254E+03   0.7073311E+02   0.9567307E+02  -0.9990001E+03   0.4476326E+02   0.4608136E+02   0.4484826E+02   0.5339930E+02   0.1368537E+04
   0.1380000E+03   0.7210966E+02   0.7304964E+02   0.1118623E+03   0.7073896E+02   0.9568259E+02  -0.9990001E+03   0.4475803E+02   0.4607750E+02   0.4485056E+02   0.5340029E+02   0.1368687E+04
   0.1390000E+03   0.7211427E+02   0.7305192E+02   0.1118985E+03   0.7074480E+02   0.9569186E+02  -0.9990001E+03   0.4475279E+02   0.4607362E+02   0.4485285E+02   0.5340128E+02   0.1368830E+04
   0.1400000E+03   0.7211890E+02   0.7305421E+02   0.1119346E+03   0.7075065E+02   0.9570090E+02  -0.9990001E+03   0.4474755E+02   0.4606976E+02   0.4485514E+02   0.5340226E+02   0.1368976E+04
   0.1410000E+03   0.7212353E+02   0.7305650E+02   0.1119706E+03   0.7075648E+02   0.9570977E+02  -0.9990001E+03   0.4474232E+02   0.4606589E+02   0.4485742E+02   0.5340325E+02   0.1369116E+04
   0.1420000E+03   0.7212817E+02   0.7305879E+02   0.1120066E+03   0.7076231E+02   0.9571848E+02  -0.9990001E+03   0.4473709E+02   0.4606203E+02   0.4485969E+02   0.5340424E+02   0.1369252E+04
   0.1430000E+03   0.7213281E+02   0.7306107E+02   0.1120426E+03   0.7076816E+02   0.9572708E+02  -0.9990001E+03   0.4473186E+02   0.4605817E+02   0.4486196E+02   0.5340522E+02   0.1369098E+04
   0.1440000E+03   0.7213747E+02   0.7306334E+02   0.1120785E+03   0.7077399E+02   0.9573558E+02  -0.9990001E+03   0.4472663E+02   0.4605432E+02   0.4486422E+02   0.5340619E+02   0.1368974E+04
   0.1450000E+03   0.7214215E+02   0.7306562E+02   0.1121134E+03   0.7077982E+02   0.9574400E+02  -0.9990001E+03   0.4472140E+02   0.4605046E+02   0.4486647E+02   0.5340716E+02   0.1368866E+04
   0.1460000E+03   0.7214687E+02   0.7306790E+02   0.1121475E+03   0.7078564E+02   0.9575233E+02  -0.9990001E+03   0.4471618E+02   0.4604660E+02   0.4486871E+02   0.5340812E+02   0.1368761E+04
   0.1470000E+03   0.7215161E+02   0.7307019E+02   0.1121810E+03   0.7079146E+02   0.9576063E+02  -0.9990001E+03   0.4471095E+02   0.4604276E+02   0.4487096E+02   0.5340909E+02   0.1368625E+04
   0.1480000E+03   0.7215639E+02   0.7307248E+02   0.1122141E+03   0.7079728E+02   0.9576888E+02  -0.9990001E+03   0.4470573E+02   0.4603891E+02   0.4487320E+02   0.5341005E+02   0.1368498E+04
   0.1490000E+03   0.7216122E+02   0.7307477E+02   0.1122467E+03   0.7080309E+02   0.9577710E+02  -0.9990001E+03   0.4470051E+02   0.4603506E+02   0.4487543E+02   0.5341101E+02   0.1368355E+04
   0.1500000E+03   0.7216608E+02   0.7307704E+02   0.1122794E+03   0.7080891E+02   0.9578528E+02  -0.9990001E+03   0.4469529E+02   0.4603122E+02   0.4487765E+02   0.5341196E+02   0.1368224E+04
   0.1510000E+03   0.7217097E+02   0.7307933E+02   0.1123120E+03   0.7081470E+02   0.9579342E+02  -0.9990001E+03   0.4469007E+02   0.4602738E+02   0.4487987E+02   0.5341291E+02   0.1368088E+04
   0.1520000E+03   0.7217587E+02   0.7308161E+02   0.1123446E+03   0.7082050E+02   0.9580154E+02  -0.9990001E+03   0.4468485E+02   0.4602354E+02   0.4488207E+02   0.5341386E+02   0.1367956E+04
   0.1530000E+03   0.7218079E+02   0.7308389E+02   0.1123774E+03   0.7082630E+02   0.9580965E+02  -0.9990001E+03   0.4467963E+02   0.4601971E+02   0.4488428E+02   0.5341481E+02   0.1367816E+04
   0.1540000E+03   0.7218571E+02   0.7308617E+02   0.1124101E+03   0.7083210E+02   0.9581775E+02  -0.9990001E+03   0.4467441E+02   0.4601587E+02   0.4488649E+02   0.5341576E+02   0.1367689E+04
   0.1550000E+03   0.7219064E+02   0.7308846E+02   0.1124430E+03   0.7083790E+02   0.9582584E+02  -0.9990001E+03   0.4466920E+02   0.4601204E+02   0.4488869E+02   0.5341670E+02   0.1367556E+04
   0.1560000E+03   0.7219557E+02   0.7309076E+02   0.1124760E+03   0.7084370E+02   0.9583391E+02  -0.9990001E+03   0.4466399E+02   0.4600821E+02   0.4489087E+02   0.5341765E+02   0.1367427E+04
   0.1570000E+03   0.7220050E+02   0.7309305E+02   0.1125089E+03   0.7084948E+02   0.9584197E+02  -0.9990001E+03   0.4465877E+02   0.4600439E+02   0.4489306E+02   0.5341858E+02   0.1367295E+04
   0.1580000E+03   0.7220543E+02   0.7309532E+02   0.1125420E+03   0.7085527E+02   0.9585003E+02  -0.9990001E+03   0.4465356E+02   0.4600058E+02   0.4489524E+02   0.5341950E+02   0.1367163E+04
   0.1590000E+03   0.7221037E+02   0.7309759E+02   0.1125750E+03   0.7086105E+02   0.9585806E+02  -0.9990001E+03   0.4464835E+02   0.4599676E+02   0.4489741E+02   0.5342041E+02   0.1367031E+04
   0.1600000E+03   0.7221531E+02   0.7309987E+02   0.1126081E+03   0.7086681E+02   0.9586609E+02  -0.9990001E+03   0.4464314E+02   0.4599294E+02   0.4489957E+02   0.5342133E+02   0.1366893E+04
   0.1610000E+03   0.7222024E+02   0.7310217E+02   0.1126412E+03   0.7087257E+02   0.9587412E+02  -0.9990001E+03   0.4463793E+02   0.4598913E+02   0.4490174E+02   0.5342225E+02   0.1366766E+04
   0.1620000E+03   0.7222516E+02   0.7310445E+02   0.1126742E+03   0.7087833E+02   0.9588213E+02  -0.9990001E+03   0.4463273E+02   0.4598532E+02   0.4490389E+02   0.5342315E+02   0.1366628E+04
   0.1630000E+03   0.7223008E+02   0.7310672E+02   0.1127073E+03   0.7088410E+02   0.9589014E+02  -0.9990001E+03   0.4462753E+02   0.4598152E+02   0.4490604E+02   0.5342405E+02   0.1366496E+04
   0.1640000E+03   0.7223499E+02   0.7310899E+02   0.1127403E+03   0.7088987E+02   0.9589816E+02  -0.9990001E+03   0.4462233E+02   0.4597771E+02   0.4490818E+02   0.5342496E+02   0.1366350E+04
   0.1650000E+03   0.7223988E+02   0.7311125E+02   0.1127732E+03   0.7089563E+02   0.9590616E+02  -0.9990001E+03   0.4461712E+02   0.4597390E+02   0.4491031E+02   0.5342585E+02   0.1366216E+04
   0.1660000E+03   0.7224478E+02   0.7311352E+02   0.1128062E+03   0.7090138E+02   0.9591416E+02  -0.9990001E+03   0.4461192E+02   0.4597011E+02   0.4491245E+02   0.5342674E+02   0.1366083E+04
   0.1670000E+03   0.7224967E+02   0.7311580E+02   0.1128391E+03   0.7090713E+02   0.9592216E+02  -0.9990001E+03   0.4460672E+02   0.4596631E+02   0.4491457E+02   0.5342764E+02   0.1365952E+04
   0.1680000E+03   0.7225457E+02   0.7311809E+02   0.1128720E+03   0.7091287E+02   0.9593015E+02  -0.9990001E+03   0.4460153E+02   0.4596252E+02   0.4491669E+02   0.5342853E+02   0.1365832E+04
   0.1690000E+03   0.7225945E+02   0.7312036E+02   0.1129048E+03   0.7091862E+02   0.9593812E+02  -0.9990001E+03   0.4459634E+02   0.4595873E+02   0.4491880E+02   0.5342941E+02   0.1365690E+04
   0.1700000E+03   0.7226431E+02   0.7312265E+02   0.1129375E+03   0.7092437E+02   0.9594608E+02  -0.9990001E+03   0.4459114E+02   0.4595494E+02   0.4492091E+02   0.5343029E+02   0.1365566E+04
   0.1710000E+03   0.7226919E+02   0.7312493E+02   0.1129702E+03   0.7093011E+02   0.9595406E+02  -0.9990001E+03   0.4458595E+02   0.4595115E+02   0.4492301E+02   0.5343116E+02   0.1365430E+04
   0.1720000E+03   0.7227406E+02   0.7312720E+02   0.1130027E+03   0.7093584E+02   0.9596202E+02  -0.9990001E+03   0.4458075E+02   0.4594738E+02   0.4492511E+02   0.5343204E+02   0.1365298E+04
   0.1730000E+03   0.7227890E+02   0.7312949E+02   0.1130349E+03   0.7094158E+02   0.9596999E+02  -0.9990001E+03   0.4457556E+02   0.4594360E+02   0.4492720E+02   0.5343291E+02   0.1365162E+04
   0.1740000E+03   0.7228375E+02   0.7313176E+02   0.1130668E+03   0.7094730E+02   0.9597794E+02  -0.9990001E+03   0.4457037E+02   0.4593983E+02   0.4492928E+02   0.5343378E+02   0.1365033E+04
   0.1750000E+03   0.7228859E+02   0.7313405E+02   0.1130984E+03   0.7095303E+02   0.9598589E+02  -0.9990001E+03   0.4456518E+02   0.4593604E+02   0.4493137E+02   0.5343464E+02   0.1364900E+04
   0.1760000E+03   0.7229342E+02   0.7313634E+02   0.1131298E+03   0.7095876E+02   0.9599384E+02  -0.9990001E+03   0.4455999E+02   0.4593227E+02   0.4493344E+02   0.5343550E+02   0.1364773E+04
   0.1770000E+03   0.7229826E+02   0.7313860E+02   0.1131610E+03   0.7096448E+02   0.9600179E+02  -0.9990001E+03   0.4455480E+02   0.4592851E+02   0.4493551E+02   0.5343636E+02   0.1364637E+04
   0.1780000E+03   0.7230309E+02   0.7314089E+02   0.1131919E+03   0.7097018E+02   0.9600973E+02  -0.9990001E+03   0.4454962E+02   0.4592474E+02   0.4493758E+02   0.5343723E+02   0.1364510E+04
   0.1790000E+03   0.7230790E+02   0.7314317E+02   0.1132225E+03   0.7097589E+02   0.9601767E+02  -0.9990001E+03   0.4454444E+02   0.4592098E+02   0.4493964E+02   0.5343809E+02   0.1364371E+04
   0.1800000E+03   0.7231271E+02   0.7314545E+02   0.1132529E+03   0.7098159E+02   0.9602561E+02  -0.9990001E+03   0.4453926E+02   0.4591721E+02   0.4494169E+02   0.5343894E+02   0.1364239E+04
   0.1810000E+03   0.7231750E+02   0.7314774E+02   0.1132831E+03   0.7098730E+02   0.9603355E+02  -0.9990001E+03   0.4453408E+02   0.4591345E+02   0.4494374E+02   0.5343980E+02   0.1364106E+04
   0.1820000E+03   0.7232228E+02   0.7315002E+02   0.1133130E+03   0.7099299E+02   0.9604147E+02  -0.9990001E+03   0.4452890E+02   0.4590969E+02   0.4494579E+02   0.5344064E+02   0.1363975E+04
   0.1830000E+03   0.7232706E+02   0.7315231E+02   0.1133427E+03   0.7099868E+02   0.9604941E+02  -0.9990001E+03   0.4452373E+02   0.4590593E+02   0.4494782E+02   0.5344148E+02   0.1363853E+04
   0.1840000E+03   0.7233184E+02   0.7315458E+02   0.1133721E+03   0.7100438E+02   0.9605734E+02  -0.9990001E+03   0.4451855E+02   0.4590218E+02   0.4494985E+02   0.5344232E+02   0.1363713E+04
   0.1850000E+03   0.7233661E+02   0.7315687E+02   0.1134013E+03   0.7101007E+02   0.9606525E+02  -0.9990001E+03   0.4451338E+02   0.4589843E+02   0.4495187E+02   0.5344316E+02   0.1363585E+04
   0.1860000E+03   0.7234136E+02   0.7315916E+02   0.1134302E+03   0.7101575E+02   0.9607316E+02  -0.9990001E+03   0.4450821E+02   0.4589468E+02   0.4495389E+02   0.5344399E+02   0.1363455E+04
   0.1870000E+03   0.7234611E+02   0.7316144E+02   0.1134588E+03   0.7102143E+02   0.9608108E+02  -0.9990001E+03   0.4450304E+02   0.4589093E+02   0.4495590E+02   0.5344481E+02   0.1363324E+04
   0.1880000E+03   0.7235085E+02   0.7316372E+02   0.1134870E+03   0.7102712E+02   0.9608899E+02  -0.9990001E+03   0.4449787E+02   0.4588718E+02   0.4495791E+02   0.5344565E+02   0.1363210E+04
   0.1890000E+03   0.7235559E+02   0.7316601E+02   0.1135149E+03   0.7103280E+02   0.9609691E+02  -0.9990001E+03   0.4449271E+02   0.4588344E+02   0.4495992E+02   0.5344648E+02   0.1363051E+04
   0.1900000E+03   0.7236033E+02   0.7316828E+02   0.1135425E+03   0.7103848E+02   0.9610481E+02  -0.9990001E+03   0.4448754E+02   0.4587970E+02   0.4496191E+02   0.5344731E+02   0.1362925E+04
   0.1910000E+03   0.7236505E+02   0.7317056E+02   0.1135698E+03   0.7104416E+02   0.9611272E+02  -0.9990001E+03   0.4448238E+02   0.4587595E+02   0.4496391E+02   0.5344814E+02   0.1362789E+04
   0.1920000E+03   0.7236977E+02   0.7317285E+02   0.1135968E+03   0.7104982E+02   0.9612061E+02  -0.9990001E+03   0.4447721E+02   0.4587221E+02   0.4496589E+02   0.5344896E+02   0.1362661E+04
   0.1930000E+03   0.7237447E+02   0.7317514E+02   0.1136236E+03   0.7105548E+02   0.9612851E+02  -0.9990001E+03   0.4447205E+02   0.4586848E+02   0.4496788E+02   0.5344977E+02   0.1362536E+04
   0.1940000E+03   0.7237918E+02   0.7317742E+02   0.1136502E+03   0.7106114E+02   0.9613641E+02  -0.9990001E+03   0.4446690E+02   0.4586475E+02   0.4496986E+02   0.5345059E+02   0.1362404E+04
   0.1950000E+03   0.7238388E+02   0.7317971E+02   0.1136768E+03   0.7106680E+02   0.9614431E+02  -0.9990001E+03   0.4446174E+02   0.4586102E+02   0.4497182E+02   0.5345140E+02   0.1362260E+04
   0.1960000E+03   0.7238857E+02   0.7318199E+02   0.1137034E+03   0.7107245E+02   0.9615220E+02  -0.9990001E+03   0.4445658E+02   0.4585729E+02   0.4497379E+02   0.5345221E+02   0.1362134E+04
   0.1970000E+03   0.7239326E+02   0.7318428E+02   0.1137298E+03   0.7107809E+02   0.9616007E+02  -0.9990001E+03   0.4445143E+02   0.4585357E+02   0.4497575E+02   0.5345301E+02   0.1362000E+04
   0.1980000E+03   0.7239793E+02   0.7318657E+02   0.1137562E+03   0.7108373E+02   0.9616795E+02  -0.9990001E+03   0.4444628E+02   0.4584984E+02   0.4497771E+02   0.5345382E+02   0.1361870E+04
   0.1990000E+03   0.7240258E+02   0.7318886E+02   0.1137823E+03   0.7108937E+02   0.9617583E+02  -0.9990001E+03   0.4444112E+02   0.4584613E+02   0.4497966E+02   0.5345461E+02   0.1361744E+04
   0.2000000E+03   0.7240724E+02   0.7319115E+02   0.1138078E+03   0.7109501E+02   0.9618371E+02  -0.9990001E+03   0.4443598E+02   0.4584241E+02   0.4498161E+02   0.5345541E+02   0.1361614E+04
   0.2010000E+03   0.7241189E+02   0.7319344E+02   0.1138329E+03   0.7110065E+02   0.9619158E+02  -0.9990001E+03   0.4443084E+02   0.4583869E+02   0.4498355E+02   0.5345620E+02   0.1361496E+04
   0.2020000E+03   0.7241654E+02   0.7319572E+02   0.1138576E+03   0.7110629E+02   0.9619944E+02  -0.9990001E+03   0.4442570E+02   0.4583498E+02   0.4498548E+02   0.5345699E+02   0.1361365E+04
   0.2030000E+03   0.7242121E+02   0.7319801E+02   0.1138823E+03   0.7111192E+02   0.9620730E+02  -0.9990001E+03   0.4442056E+02   0.4583127E+02   0.4498741E+02   0.5345778E+02   0.1361232E+04
   0.2040000E+03   0.7242593E+02   0.7320030E+02   0.1139072E+03   0.7111755E+02   0.9621515E+02  -0.9990001E+03   0.4441541E+02   0.4582757E+02   0.4498934E+02   0.5345856E+02   0.1361082E+04
   0.2050000E+03   0.7243068E+02   0.7320261E+02   0.1139323E+03   0.7112318E+02   0.9622299E+02  -0.9990001E+03   0.4441027E+02   0.4582386E+02   0.4499126E+02   0.5345935E+02   0.1360970E+04
   0.2060000E+03   0.7243549E+02   0.7320489E+02   0.1139579E+03   0.7112879E+02   0.9623084E+02  -0.9990001E+03   0.4440514E+02   0.4582016E+02   0.4499317E+02   0.5346013E+02   0.1360810E+04
   0.2070000E+03   0.7244033E+02   0.7320718E+02   0.1139836E+03   0.7113441E+02   0.9623869E+02  -0.9990001E+03   0.4439999E+02   0.4581646E+02   0.4499507E+02   0.5346091E+02   0.1360694E+04
   0.2080000E+03   0.7244521E+02   0.7320948E+02   0.1140094E+03   0.7114005E+02   0.9624654E+02  -0.9990001E+03   0.4439485E+02   0.4581276E+02   0.4499697E+02   0.5346168E+02   0.1360566E+04
   0.2090000E+03   0.7245014E+02   0.7321178E+02   0.1140354E+03   0.7114566E+02   0.9625437E+02  -0.9990001E+03   0.4438971E+02   0.4580906E+02   0.4499886E+02   0.5346245E+02   0.1360429E+04
   0.2100000E+03   0.7245515E+02   0.7321407E+02   0.1140614E+03   0.7115128E+02   0.9626220E+02  -0.9990001E+03   0.4438457E+02   0.4580537E+02   0.4500076E+02   0.5346321E+02   0.1360294E+04
   0.2110000E+03   0.7246020E+02   0.7321635E+02   0.1140873E+03   0.7115688E+02   0.9627003E+02  -0.9990001E+03   0.4437944E+02   0.4580168E+02   0.4500264E+02   0.5346399E+02   0.1360156E+04
   0.2120000E+03   0.7246529E+02   0.7321865E+02   0.1141132E+03   0.7116249E+02   0.9627785E+02  -0.9990001E+03   0.4437430E+02   0.4579799E+02   0.4500453E+02   0.5346476E+02   0.1360022E+04
   0.2130000E+03   0.7247041E+02   0.7322095E+02   0.1141392E+03   0.7116811E+02   0.9628569E+02  -0.9990001E+03   0.4436917E+02   0.4579430E+02   0.4500641E+02   0.5346552E+02   0.1359889E+04
   0.2140000E+03   0.7247555E+02   0.7322325E+02   0.1141650E+03   0.7117370E+02   0.9629350E+02  -0.9990001E+03   0.4436405E+02   0.4579061E+02   0.4500828E+02   0.5346627E+02   0.1359774E+04
   0.2150000E+03   0.7248074E+02   0.7322554E+02   0.1141906E+03   0.7117930E+02   0.9630132E+02  -0.9990001E+03   0.4435892E+02   0.4578693E+02   0.4501015E+02   0.5346703E+02   0.1359651E+04
   0.2160000E+03   0.7248595E+02   0.7322784E+02   0.1142165E+03   0.7118489E+02   0.9630913E+02  -0.9990001E+03   0.4435380E+02   0.4578325E+02   0.4501201E+02   0.5346778E+02   0.1359506E+04
   0.2170000E+03   0.7249120E+02   0.7323015E+02   0.1142424E+03   0.7119049E+02   0.9631695E+02  -0.9990001E+03   0.4434867E+02   0.4577957E+02   0.4501387E+02   0.5346854E+02   0.1359389E+04
   0.2180000E+03   0.7249651E+02   0.7323245E+02   0.1142685E+03   0.7119607E+02   0.9632475E+02  -0.9990001E+03   0.4434355E+02   0.4577589E+02   0.4501572E+02   0.5346928E+02   0.1359258E+04
   0.2190000E+03   0.7250185E+02   0.7323476E+02   0.1142949E+03   0.7120164E+02   0.9633257E+02  -0.9990001E+03   0.4433844E+02   0.4577222E+02   0.4501757E+02   0.5347003E+02   0.1359127E+04
   0.2200000E+03   0.7250725E+02   0.7323707E+02   0.1143223E+03   0.7120723E+02   0.9634035E+02   0.2708012E+01   0.4433333E+02   0.4576855E+02   0.4501941E+02   0.5347077E+02   0.1358969E+04
   0.2210000E+03   0.7251266E+02   0.7323937E+02   0.1143505E+03   0.7121280E+02   0.9634814E+02   0.3499411E+01   0.4432822E+02   0.4576488E+02   0.4502124E+02   0.5347150E+02   0.1358836E+04
   0.2220000E+03   0.7251811E+02   0.7324167E+02   0.1143796E+03   0.7121837E+02   0.9635593E+02   0.3874953E+01   0.4432310E+02   0.4576122E+02   0.4502306E+02   0.5347224E+02   0.1358704E+04
   0.2230000E+03   0.7252357E+02   0.7324397E+02   0.1144095E+03   0.7122393E+02   0.9636372E+02   0.4094984E+01   0.4431800E+02   0.4575755E+02   0.4502489E+02   0.5347297E+02   0.1358571E+04
   0.2240000E+03   0.7252907E+02   0.7324627E+02   0.1144400E+03   0.7122950E+02   0.9637151E+02   0.4239934E+01   0.4431290E+02   0.4575388E+02   0.4502671E+02   0.5347370E+02   0.1358431E+04
   0.2250000E+03   0.7253458E+02   0.7324856E+02   0.1144707E+03   0.7123505E+02   0.9637929E+02   0.4341043E+01   0.4430779E+02   0.4575022E+02   0.4502852E+02   0.5347443E+02   0.1358304E+04
   0.2260000E+03   0.7254008E+02   0.7325085E+02   0.1145016E+03   0.7124062E+02   0.9638706E+02   0.4415027E+01   0.4430268E+02   0.4574657E+02   0.4503033E+02   0.5347516E+02   0.1358179E+04
   0.2270000E+03   0.7254561E+02   0.7325315E+02   0.1145324E+03   0.7124617E+02   0.9639484E+02   0.4470665E+01   0.4429758E+02   0.4574292E+02   0.4503213E+02   0.5347589E+02   0.1358055E+04
   0.2280000E+03   0.7255113E+02   0.7325546E+02   0.1145635E+03   0.7125172E+02   0.9640260E+02   0.4513428E+01   0.4429248E+02   0.4573926E+02   0.4503394E+02   0.5347661E+02   0.1357919E+04
   0.2290000E+03   0.7255666E+02   0.7325776E+02   0.1145946E+03   0.7125726E+02   0.9641037E+02   0.4546901E+01   0.4428738E+02   0.4573561E+02   0.4503572E+02   0.5347733E+02   0.1357776E+04
   0.2300000E+03   0.7256219E+02   0.7326006E+02   0.1146257E+03   0.7126280E+02   0.9641813E+02   0.4573152E+01   0.4428228E+02   0.4573196E+02   0.4503752E+02   0.5347805E+02   0.1357641E+04
   0.2310000E+03   0.7256775E+02   0.7326236E+02   0.1146570E+03   0.7126835E+02   0.9642589E+02   0.4594060E+01   0.4427718E+02   0.4572832E+02   0.4503931E+02   0.5347876E+02   0.1357506E+04
   0.2320000E+03   0.7257331E+02   0.7326466E+02   0.1146882E+03   0.7127389E+02   0.9643365E+02   0.4610725E+01   0.4427208E+02   0.4572468E+02   0.4504109E+02   0.5347948E+02   0.1357379E+04
   0.2330000E+03   0.7257888E+02   0.7326696E+02   0.1147194E+03   0.7127943E+02   0.9644140E+02   0.4624104E+01   0.4426699E+02   0.4572104E+02   0.4504287E+02   0.5348019E+02   0.1357240E+04
   0.2340000E+03   0.7258444E+02   0.7326928E+02   0.1147506E+03   0.7128496E+02   0.9644915E+02   0.4634921E+01   0.4426189E+02   0.4571740E+02   0.4504463E+02   0.5348090E+02   0.1357109E+04
   0.2350000E+03   0.7259000E+02   0.7327160E+02   0.1147818E+03   0.7129048E+02   0.9645691E+02   0.4643668E+01   0.4425680E+02   0.4571376E+02   0.4504640E+02   0.5348160E+02   0.1356977E+04
   0.2360000E+03   0.7259555E+02   0.7327391E+02   0.1148128E+03   0.7129601E+02   0.9646466E+02   0.4650742E+01   0.4425172E+02   0.4571013E+02   0.4504816E+02   0.5348230E+02   0.1356844E+04
   0.2370000E+03   0.7260110E+02   0.7327622E+02   0.1148438E+03   0.7130152E+02   0.9647240E+02   0.4656502E+01   0.4424662E+02   0.4570650E+02   0.4504992E+02   0.5348301E+02   0.1356712E+04
   0.2380000E+03   0.7260665E+02   0.7327853E+02   0.1148747E+03   0.7130705E+02   0.9648013E+02   0.4661191E+01   0.4424153E+02   0.4570287E+02   0.4505168E+02   0.5348371E+02   0.1356580E+04
   0.2390000E+03   0.7261219E+02   0.7328085E+02   0.1149056E+03   0.7131257E+02   0.9648786E+02   0.4665009E+01   0.4423645E+02   0.4569925E+02   0.4505342E+02   0.5348441E+02   0.1356459E+04
   0.2400000E+03   0.7261774E+02   0.7328318E+02   0.1149361E+03   0.7131808E+02   0.9649559E+02   0.4668123E+01   0.4423137E+02   0.4569562E+02   0.4505517E+02   0.5348509E+02   0.1356328E+04
   0.2410000E+03   0.7262328E+02   0.7328549E+02   0.1149663E+03   0.7132360E+02   0.9650331E+02   0.4670677E+01   0.4422628E+02   0.4569200E+02   0.4505691E+02   0.5348578E+02   0.1356197E+04
   0.2420000E+03   0.7262881E+02   0.7328780E+02   0.1149961E+03   0.7132911E+02   0.9651104E+02   0.4672759E+01   0.4422120E+02   0.4568837E+02   0.4505864E+02   0.5348647E+02   0.1356060E+04
   0.2430000E+03   0.7263435E+02   0.7329012E+02   0.1150259E+03   0.7133461E+02   0.9651875E+02   0.4674469E+01   0.4421613E+02   0.4568475E+02   0.4506037E+02   0.5348716E+02   0.1355928E+04
   0.2440000E+03   0.7263986E+02   0.7329242E+02   0.1150556E+03   0.7134013E+02   0.9652647E+02   0.4675863E+01   0.4421105E+02   0.4568113E+02   0.4506208E+02   0.5348783E+02   0.1355790E+04
   0.2450000E+03   0.7264537E+02   0.7329472E+02   0.1150851E+03   0.7134563E+02   0.9653419E+02   0.4677009E+01   0.4420597E+02   0.4567751E+02   0.4506380E+02   0.5348851E+02   0.1355667E+04
   0.2460000E+03   0.7265086E+02   0.7329704E+02   0.1151145E+03   0.7135112E+02   0.9654191E+02   0.4677950E+01   0.4420089E+02   0.4567389E+02   0.4506551E+02   0.5348919E+02   0.1355532E+04
   0.2470000E+03   0.7265636E+02   0.7329935E+02   0.1151438E+03   0.7135661E+02   0.9654961E+02   0.4678725E+01   0.4419581E+02   0.4567028E+02   0.4506722E+02   0.5348986E+02   0.1355401E+04
   0.2480000E+03   0.7266186E+02   0.7330165E+02   0.1151726E+03   0.7136211E+02   0.9655731E+02   0.4679366E+01   0.4419073E+02   0.4566668E+02   0.4506892E+02   0.5349054E+02   0.1355272E+04
   0.2490000E+03   0.7266735E+02   0.7330396E+02   0.1152012E+03   0.7136758E+02   0.9656502E+02   0.4679894E+01   0.4418566E+02   0.4566307E+02   0.4507061E+02   0.5349121E+02   0.1355128E+04
   0.2500000E+03   0.7267283E+02   0.7330627E+02   0.1152293E+03   0.7137307E+02   0.9657272E+02   0.4680328E+01   0.4418059E+02   0.4565946E+02   0.4507231E+02   0.5349187E+02   0.1354993E+04
   0.2510000E+03   0.7267829E+02   0.7330858E+02   0.1152571E+03   0.7137856E+02   0.9658041E+02   0.4680686E+01   0.4417552E+02   0.4565585E+02   0.4507400E+02   0.5349253E+02   0.1354857E+04
   0.2520000E+03   0.7268375E+02   0.7331088E+02   0.1152848E+03   0.7138403E+02   0.9658810E+02   0.4680983E+01   0.4417044E+02   0.4565226E+02   0.4507569E+02   0.5349320E+02   0.1354725E+04
   0.2530000E+03   0.7268921E+02   0.7331318E+02   0.1153125E+03   0.7138950E+02   0.9659579E+02   0.4681230E+01   0.4416538E+02   0.4564866E+02   0.4507737E+02   0.5349386E+02   0.1354592E+04
   0.2540000E+03   0.7269465E+02   0.7331548E+02   0.1153400E+03   0.7139498E+02   0.9660346E+02   0.4681434E+01   0.4416032E+02   0.4564506E+02   0.4507904E+02   0.5349451E+02   0.1354459E+04
   0.2550000E+03   0.7270007E+02   0.7331779E+02   0.1153675E+03   0.7140044E+02   0.9661114E+02   0.4681605E+01   0.4415526E+02   0.4564146E+02   0.4508071E+02   0.5349517E+02   0.1354331E+04
   0.2560000E+03   0.7270549E+02   0.7332011E+02   0.1153950E+03   0.7140590E+02   0.9661881E+02   0.4681749E+01   0.4415019E+02   0.4563787E+02   0.4508238E+02   0.5349581E+02   0.1354197E+04
   0.2570000E+03   0.7271091E+02   0.7332242E+02   0.1154223E+03   0.7141135E+02   0.9662649E+02   0.4681870E+01   0.4414513E+02   0.4563428E+02   0.4508403E+02   0.5349647E+02   0.1354064E+04
   0.2580000E+03   0.7271631E+02   0.7332472E+02   0.1154496E+03   0.7141680E+02   0.9663416E+02   0.4681972E+01   0.4414008E+02   0.4563069E+02   0.4508569E+02   0.5349712E+02   0.1353948E+04
   0.2590000E+03   0.7272170E+02   0.7332703E+02   0.1154768E+03   0.7142224E+02   0.9664183E+02   0.4682059E+01   0.4413503E+02   0.4562711E+02   0.4508735E+02   0.5349776E+02   0.1353836E+04
   0.2600000E+03   0.7272708E+02   0.7332934E+02   0.1155039E+03   0.7142770E+02   0.9664950E+02   0.4682138E+01   0.4412997E+02   0.4562352E+02   0.4508899E+02   0.5349840E+02   0.1353717E+04
   0.2610000E+03   0.7273248E+02   0.7333163E+02   0.1155310E+03   0.7143314E+02   0.9665717E+02   0.4682209E+01   0.4412493E+02   0.4561994E+02   0.4509063E+02   0.5349904E+02   0.1353573E+04
   0.2620000E+03   0.7273788E+02   0.7333392E+02   0.1155581E+03   0.7143858E+02   0.9666483E+02   0.4682271E+01   0.4411987E+02   0.4561637E+02   0.4509227E+02   0.5349967E+02   0.1353447E+04
   0.2630000E+03   0.7274330E+02   0.7333623E+02   0.1155853E+03   0.7144402E+02   0.9667247E+02   0.4682325E+01   0.4411483E+02   0.4561279E+02   0.4509390E+02   0.5350031E+02   0.1353304E+04
   0.2640000E+03   0.7274873E+02   0.7333853E+02   0.1156127E+03   0.7144946E+02   0.9668012E+02   0.4685037E+01   0.4410978E+02   0.4560922E+02   0.4509552E+02   0.5350093E+02   0.1353188E+04
   0.2650000E+03   0.7275416E+02   0.7334082E+02   0.1156404E+03   0.7145489E+02   0.9668776E+02   0.4690195E+01   0.4410473E+02   0.4560564E+02   0.4509714E+02   0.5350155E+02   0.1353050E+04
   0.2660000E+03   0.7275959E+02   0.7334312E+02   0.1156685E+03   0.7146033E+02   0.9669540E+02   0.4700632E+01   0.4409968E+02   0.4560207E+02   0.4509875E+02   0.5350218E+02   0.1352926E+04
   0.2670000E+03   0.7276501E+02   0.7334542E+02   0.1156971E+03   0.7146575E+02   0.9670306E+02   0.4714612E+01   0.4409463E+02   0.4559850E+02   0.4510037E+02   0.5350280E+02   0.1352758E+04
   0.2680000E+03   0.7277045E+02   0.7334773E+02   0.1157263E+03   0.7147117E+02   0.9671069E+02   0.4728471E+01   0.4408958E+02   0.4559494E+02   0.4510199E+02   0.5350343E+02   0.1352614E+04
   0.2690000E+03   0.7277591E+02   0.7335004E+02   0.1157560E+03   0.7147659E+02   0.9671832E+02   0.4740285E+01   0.4408455E+02   0.4559137E+02   0.4510359E+02   0.5350405E+02   0.1352500E+04
   0.2700000E+03   0.7278140E+02   0.7335235E+02   0.1157861E+03   0.7148202E+02   0.9672594E+02   0.4749753E+01   0.4407951E+02   0.4558781E+02   0.4510518E+02   0.5350466E+02   0.1352380E+04
   0.2710000E+03   0.7278695E+02   0.7335465E+02   0.1158164E+03   0.7148743E+02   0.9673356E+02   0.4757174E+01   0.4407447E+02   0.4558425E+02   0.4510678E+02   0.5350528E+02   0.1352247E+04
   0.2720000E+03   0.7279259E+02   0.7335695E+02   0.1158470E+03   0.7149284E+02   0.9674119E+02   0.4763004E+01   0.4406943E+02   0.4558068E+02   0.4510837E+02   0.5350589E+02   0.1352086E+04
   0.2730000E+03   0.7279829E+02   0.7335925E+02   0.1158777E+03   0.7149825E+02   0.9674881E+02   0.4767603E+01   0.4406440E+02   0.4557713E+02   0.4510995E+02   0.5350650E+02   0.1351949E+04
   0.2740000E+03   0.7280409E+02   0.7336155E+02   0.1159085E+03   0.7150365E+02   0.9675642E+02   0.4771249E+01   0.4405937E+02   0.4557358E+02   0.4511153E+02   0.5350711E+02   0.1351822E+04
   0.2750000E+03   0.7280997E+02   0.7336388E+02   0.1159395E+03   0.7150906E+02   0.9676403E+02   0.4774163E+01   0.4405434E+02   0.4557003E+02   0.4511311E+02   0.5350772E+02   0.1351697E+04
   0.2760000E+03   0.7281589E+02   0.7336620E+02   0.1159705E+03   0.7151447E+02   0.9677164E+02   0.4776498E+01   0.4404932E+02   0.4556647E+02   0.4511468E+02   0.5350832E+02   0.1351570E+04
   0.2770000E+03   0.7282185E+02   0.7336851E+02   0.1160016E+03   0.7151987E+02   0.9677924E+02   0.4778387E+01   0.4404430E+02   0.4556292E+02   0.4511625E+02   0.5350892E+02   0.1351430E+04
   0.2780000E+03   0.7282788E+02   0.7337083E+02   0.1160327E+03   0.7152527E+02   0.9678685E+02   0.4779916E+01   0.4403927E+02   0.4555938E+02   0.4511781E+02   0.5350953E+02   0.1351327E+04
   0.2790000E+03   0.7283393E+02   0.7337315E+02   0.1160636E+03   0.7153066E+02   0.9679445E+02   0.4781156E+01   0.4403426E+02   0.4555584E+02   0.4511937E+02   0.5351012E+02   0.1351174E+04
   0.2800000E+03   0.7284001E+02   0.7337547E+02   0.1160945E+03   0.7153606E+02   0.9680202E+02   0.4782168E+01   0.4402924E+02   0.4555229E+02   0.4512093E+02   0.5351070E+02   0.1351028E+04
   0.2810000E+03   0.7284613E+02   0.7337777E+02   0.1161251E+03   0.7154145E+02   0.9680960E+02   0.4782992E+01   0.4402422E+02   0.4554875E+02   0.4512247E+02   0.5351130E+02   0.1350892E+04
   0.2820000E+03   0.7285226E+02   0.7338009E+02   0.1161557E+03   0.7154683E+02   0.9681718E+02   0.4783667E+01   0.4401920E+02   0.4554522E+02   0.4512403E+02   0.5351189E+02   0.1350789E+04
   0.2830000E+03   0.7285841E+02   0.7338241E+02   0.1161860E+03   0.7155222E+02   0.9682477E+02   0.4784219E+01   0.4401419E+02   0.4554169E+02   0.4512557E+02   0.5351247E+02   0.1350667E+04
   0.2840000E+03   0.7286458E+02   0.7338473E+02   0.1162162E+03   0.7155759E+02   0.9683234E+02   0.4784673E+01   0.4400918E+02   0.4553816E+02   0.4512711E+02   0.5351307E+02   0.1350533E+04
   0.2850000E+03   0.7287073E+02   0.7338705E+02   0.1162464E+03   0.7156297E+02   0.9683991E+02   0.4785047E+01   0.4400417E+02   0.4553463E+02   0.4512865E+02   0.5351365E+02   0.1350391E+04
   0.2860000E+03   0.7287688E+02   0.7338937E+02   0.1162766E+03   0.7156834E+02   0.9684750E+02   0.4785355E+01   0.4399916E+02   0.4553111E+02   0.4513017E+02   0.5351423E+02   0.1350247E+04
   0.2870000E+03   0.7288303E+02   0.7339166E+02   0.1163067E+03   0.7157371E+02   0.9685507E+02   0.4785610E+01   0.4399415E+02   0.4552758E+02   0.4513170E+02   0.5351480E+02   0.1350112E+04
   0.2880000E+03   0.7288919E+02   0.7339397E+02   0.1163369E+03   0.7157908E+02   0.9686263E+02   0.4785822E+01   0.4398914E+02   0.4552405E+02   0.4513322E+02   0.5351538E+02   0.1349977E+04
   0.2890000E+03   0.7289535E+02   0.7339627E+02   0.1163670E+03   0.7158444E+02   0.9687019E+02   0.4785999E+01   0.4398413E+02   0.4552053E+02   0.4513474E+02   0.5351595E+02   0.1349842E+04
   0.2900000E+03   0.7290150E+02   0.7339857E+02   0.1163971E+03   0.7158981E+02   0.9687775E+02   0.4786147E+01   0.4397913E+02   0.4551701E+02   0.4513625E+02   0.5351652E+02   0.1349708E+04
   0.2910000E+03   0.7290765E+02   0.7340089E+02   0.1164273E+03   0.7159518E+02   0.9688531E+02   0.4786272E+01   0.4397413E+02   0.4551350E+02   0.4513776E+02   0.5351708E+02   0.1349582E+04
   0.2920000E+03   0.7291379E+02   0.7340321E+02   0.1164574E+03   0.7160053E+02   0.9689286E+02   0.4786376E+01   0.4396912E+02   0.4550998E+02   0.4513927E+02   0.5351765E+02   0.1349468E+04
   0.2930000E+03   0.7291991E+02   0.7340552E+02   0.1164875E+03   0.7160588E+02   0.9690041E+02   0.4786466E+01   0.4396413E+02   0.4550646E+02   0.4514077E+02   0.5351822E+02   0.1349319E+04
   0.2940000E+03   0.7292603E+02   0.7340782E+02   0.1165175E+03   0.7161122E+02   0.9690797E+02   0.4786541E+01   0.4395913E+02   0.4550294E+02   0.4514226E+02   0.5351878E+02   0.1349181E+04
   0.2950000E+03   0.7293214E+02   0.7341013E+02   0.1165475E+03   0.7161656E+02   0.9691550E+02   0.4786607E+01   0.4395412E+02   0.4549944E+02   0.4514375E+02   0.5351933E+02   0.1349051E+04
   0.2960000E+03   0.7293823E+02   0.7341244E+02   0.1165773E+03   0.7162190E+02   0.9692304E+02   0.4786664E+01   0.4394913E+02   0.4549592E+02   0.4514523E+02   0.5351989E+02   0.1348935E+04
   0.2970000E+03   0.7294434E+02   0.7341475E+02   0.1166070E+03   0.7162725E+02   0.9693058E+02   0.4786713E+01   0.4394413E+02   0.4549242E+02   0.4514672E+02   0.5352044E+02   0.1348799E+04
   0.2980000E+03   0.7295042E+02   0.7341704E+02   0.1166365E+03   0.7163258E+02   0.9693813E+02   0.4786756E+01   0.4393914E+02   0.4548891E+02   0.4514820E+02   0.5352098E+02   0.1348651E+04
   0.2990000E+03   0.7295650E+02   0.7341933E+02   0.1166658E+03   0.7163792E+02   0.9694566E+02   0.4786796E+01   0.4393415E+02   0.4548541E+02   0.4514966E+02   0.5352153E+02   0.1348516E+04
   0.3000000E+03   0.7296259E+02   0.7342164E+02   0.1166949E+03   0.7164326E+02   0.9695319E+02   0.4786830E+01   0.4392916E+02   0.4548191E+02   0.4515113E+02   0.5352208E+02   0.1348384E+04
   0.3010000E+03   0.7296866E+02   0.7342393E+02   0.1167239E+03   0.7164858E+02   0.9696072E+02   0.4786862E+01   0.4392418E+02   0.4547841E+02   0.4515258E+02   0.5352262E+02   0.1348250E+04
   0.3020000E+03   0.7297472E+02   0.7342622E+02   0.1167527E+03   0.7165391E+02   0.9696824E+02   0.4786891E+01   0.4391919E+02   0.4547491E+02   0.4515405E+02   0.5352316E+02   0.1348117E+04
   0.3030000E+03   0.7298077E+02   0.7342852E+02   0.1167813E+03   0.7165923E+02   0.9697576E+02   0.4786877E+01   0.4391420E+02   0.4547142E+02   0.4515550E+02   0.5352370E+02   0.1347983E+04
   0.3040000E+03   0.7298682E+02   0.7343082E+02   0.1168098E+03   0.7166454E+02   0.9698328E+02   0.4786860E+01   0.4390921E+02   0.4546793E+02   0.4515695E+02   0.5352425E+02   0.1347849E+04
   0.3050000E+03   0.7299286E+02   0.7343313E+02   0.1168381E+03   0.7166985E+02   0.9699079E+02   0.4786841E+01   0.4390423E+02   0.4546444E+02   0.4515839E+02   0.5352479E+02   0.1347715E+04
   0.3060000E+03   0.7299889E+02   0.7343542E+02   0.1168662E+03   0.7167516E+02   0.9699828E+02   0.4786822E+01   0.4389925E+02   0.4546095E+02   0.4515983E+02   0.5352532E+02   0.1347582E+04
   0.3070000E+03   0.7300491E+02   0.7343771E+02   0.1168942E+03   0.7168047E+02   0.9700579E+02   0.4786802E+01   0.4389427E+02   0.4545747E+02   0.4516127E+02   0.5352585E+02   0.1347448E+04
   0.3080000E+03   0.7301092E+02   0.7344001E+02   0.1169220E+03   0.7168577E+02   0.9701329E+02   0.4786780E+01   0.4388929E+02   0.4545399E+02   0.4516270E+02   0.5352638E+02   0.1347315E+04
   0.3090000E+03   0.7301691E+02   0.7344231E+02   0.1169496E+03   0.7169107E+02   0.9702077E+02   0.4786758E+01   0.4388432E+02   0.4545050E+02   0.4516413E+02   0.5352692E+02   0.1347181E+04
   0.3100000E+03   0.7302291E+02   0.7344460E+02   0.1169771E+03   0.7169637E+02   0.9702827E+02   0.4786735E+01   0.4387934E+02   0.4544702E+02   0.4516555E+02   0.5352745E+02   0.1347046E+04
   0.3110000E+03   0.7302889E+02   0.7344689E+02   0.1170044E+03   0.7170166E+02   0.9703577E+02   0.4786713E+01   0.4387438E+02   0.4544354E+02   0.4516697E+02   0.5352798E+02   0.1346913E+04
   0.3120000E+03   0.7303487E+02   0.7344920E+02   0.1170316E+03   0.7170695E+02   0.9704325E+02   0.4786689E+01   0.4386940E+02   0.4544006E+02   0.4516838E+02   0.5352850E+02   0.1346779E+04
   0.3130000E+03   0.7304082E+02   0.7345150E+02   0.1170586E+03   0.7171223E+02   0.9705074E+02   0.4786666E+01   0.4386444E+02   0.4543659E+02   0.4516978E+02   0.5352901E+02   0.1346646E+04
   0.3140000E+03   0.7304676E+02   0.7345380E+02   0.1170855E+03   0.7171751E+02   0.9705823E+02   0.4786641E+01   0.4385947E+02   0.4543312E+02   0.4517119E+02   0.5352953E+02   0.1346512E+04
   0.3150000E+03   0.7305270E+02   0.7345612E+02   0.1171122E+03   0.7172279E+02   0.9706571E+02   0.4786616E+01   0.4385452E+02   0.4542965E+02   0.4517259E+02   0.5353005E+02   0.1346378E+04
   0.3160000E+03   0.7305862E+02   0.7345842E+02   0.1171387E+03   0.7172807E+02   0.9707318E+02   0.4786591E+01   0.4384955E+02   0.4542619E+02   0.4517398E+02   0.5353056E+02   0.1346244E+04
   0.3170000E+03   0.7306454E+02   0.7346072E+02   0.1171651E+03   0.7173334E+02   0.9708065E+02   0.4786566E+01   0.4384459E+02   0.4542272E+02   0.4517538E+02   0.5353107E+02   0.1346110E+04
   0.3180000E+03   0.7307046E+02   0.7346303E+02   0.1171914E+03   0.7173862E+02   0.9708812E+02   0.4786541E+01   0.4383963E+02   0.4541926E+02   0.4517676E+02   0.5353159E+02   0.1345976E+04
   0.3190000E+03   0.7307636E+02   0.7346532E+02   0.1172175E+03   0.7174388E+02   0.9709557E+02   0.4786516E+01   0.4383467E+02   0.4541579E+02   0.4517815E+02   0.5353209E+02   0.1345842E+04
   0.3200000E+03   0.7308224E+02   0.7346763E+02   0.1172435E+03   0.7174915E+02   0.9710303E+02   0.4786490E+01   0.4382971E+02   0.4541235E+02   0.4517953E+02   0.5353259E+02   0.1345708E+04
   0.3210000E+03   0.7308814E+02   0.7346993E+02   0.1172694E+03   0.7175442E+02   0.9711048E+02   0.4786465E+01   0.4382475E+02   0.4540889E+02   0.4518090E+02   0.5353309E+02   0.1345574E+04
   0.3220000E+03   0.7309401E+02   0.7347223E+02   0.1172951E+03   0.7175967E+02   0.9711793E+02   0.4786440E+01   0.4381980E+02   0.4540545E+02   0.4518227E+02   0.5353359E+02   0.1345440E+04
   0.3230000E+03   0.7309987E+02   0.7347453E+02   0.1173206E+03   0.7176492E+02   0.9712539E+02   0.4786415E+01   0.4381485E+02   0.4540200E+02   0.4518364E+02   0.5353408E+02   0.1345306E+04
   0.3240000E+03   0.7310573E+02   0.7347682E+02   0.1173461E+03   0.7177016E+02   0.9713284E+02   0.4786390E+01   0.4380990E+02   0.4539855E+02   0.4518500E+02   0.5353458E+02   0.1345172E+04
   0.3250000E+03   0.7311156E+02   0.7347913E+02   0.1173714E+03   0.7177540E+02   0.9714030E+02   0.4786365E+01   0.4380495E+02   0.4539511E+02   0.4518636E+02   0.5353508E+02   0.1345038E+04
   0.3260000E+03   0.7311740E+02   0.7348143E+02   0.1173965E+03   0.7178064E+02   0.9714774E+02   0.4786340E+01   0.4380001E+02   0.4539167E+02   0.4518770E+02   0.5353558E+02   0.1344904E+04
   0.3270000E+03   0.7312323E+02   0.7348373E+02   0.1174216E+03   0.7178588E+02   0.9715517E+02   0.4786314E+01   0.4379507E+02   0.4538822E+02   0.4518905E+02   0.5353608E+02   0.1344770E+04
   0.3280000E+03   0.7312904E+02   0.7348603E+02   0.1174465E+03   0.7179112E+02   0.9716263E+02   0.4786289E+01   0.4379013E+02   0.4538478E+02   0.4519040E+02   0.5353656E+02   0.1344636E+04
   0.3290000E+03   0.7313484E+02   0.7348832E+02   0.1174712E+03   0.7179636E+02   0.9717006E+02   0.4786263E+01   0.4378519E+02   0.4538135E+02   0.4519174E+02   0.5353705E+02   0.1344502E+04
   0.3300000E+03   0.7314063E+02   0.7349061E+02   0.1174958E+03   0.7180161E+02   0.9717748E+02   0.4786238E+01   0.4378025E+02   0.4537792E+02   0.4519307E+02   0.5353754E+02   0.1344368E+04
   0.3310000E+03   0.7314641E+02   0.7349289E+02   0.1175203E+03   0.7180684E+02   0.9718491E+02   0.4786213E+01   0.4377531E+02   0.4537449E+02   0.4519440E+02   0.5353802E+02   0.1344234E+04
   0.3320000E+03   0.7315218E+02   0.7349517E+02   0.1175447E+03   0.7181207E+02   0.9719232E+02   0.4786188E+01   0.4377037E+02   0.4537106E+02   0.4519573E+02   0.5353849E+02   0.1344100E+04
   0.3330000E+03   0.7315795E+02   0.7349746E+02   0.1175690E+03   0.7181729E+02   0.9719974E+02   0.4786162E+01   0.4376544E+02   0.4536763E+02   0.4519706E+02   0.5353897E+02   0.1343966E+04
   0.3340000E+03   0.7316370E+02   0.7349975E+02   0.1175931E+03   0.7182251E+02   0.9720715E+02   0.4786137E+01   0.4376050E+02   0.4536420E+02   0.4519838E+02   0.5353944E+02   0.1343832E+04
   0.3350000E+03   0.7316945E+02   0.7350203E+02   0.1176171E+03   0.7182773E+02   0.9721456E+02   0.4786112E+01   0.4375557E+02   0.4536078E+02   0.4519969E+02   0.5353991E+02   0.1343698E+04
   0.3360000E+03   0.7317519E+02   0.7350432E+02   0.1176410E+03   0.7183294E+02   0.9722199E+02   0.4786088E+01   0.4375063E+02   0.4535735E+02   0.4520100E+02   0.5354039E+02   0.1343564E+04
   0.3370000E+03   0.7318092E+02   0.7350661E+02   0.1176648E+03   0.7183813E+02   0.9722939E+02   0.4786063E+01   0.4374570E+02   0.4535393E+02   0.4520230E+02   0.5354085E+02   0.1343430E+04
   0.3380000E+03   0.7318665E+02   0.7350890E+02   0.1176884E+03   0.7184335E+02   0.9723679E+02   0.4786037E+01   0.4374078E+02   0.4535051E+02   0.4520361E+02   0.5354131E+02   0.1343296E+04
   0.3390000E+03   0.7319235E+02   0.7351119E+02   0.1177120E+03   0.7184855E+02   0.9724420E+02   0.4786012E+01   0.4373585E+02   0.4534708E+02   0.4520491E+02   0.5354177E+02   0.1343161E+04
   0.3400000E+03   0.7319806E+02   0.7351348E+02   0.1177354E+03   0.7185374E+02   0.9725159E+02   0.4785987E+01   0.4373093E+02   0.4534366E+02   0.4520620E+02   0.5354222E+02   0.1343027E+04
   0.3410000E+03   0.7320374E+02   0.7351577E+02   0.1177587E+03   0.7185893E+02   0.9725898E+02   0.4785963E+01   0.4372601E+02   0.4534024E+02   0.4520749E+02   0.5354269E+02   0.1342893E+04
   0.3420000E+03   0.7320940E+02   0.7351807E+02   0.1177819E+03   0.7186414E+02   0.9726638E+02   0.4785938E+01   0.4372108E+02   0.4533683E+02   0.4520878E+02   0.5354315E+02   0.1342759E+04
   0.3430000E+03   0.7321507E+02   0.7352036E+02   0.1178050E+03   0.7186933E+02   0.9727376E+02   0.4785913E+01   0.4371616E+02   0.4533341E+02   0.4521006E+02   0.5354360E+02   0.1342625E+04
   0.3440000E+03   0.7322071E+02   0.7352265E+02   0.1178280E+03   0.7187452E+02   0.9728114E+02   0.4785889E+01   0.4371125E+02   0.4533001E+02   0.4521133E+02   0.5354406E+02   0.1342496E+04
   0.3450000E+03   0.7322635E+02   0.7352493E+02   0.1178509E+03   0.7187971E+02   0.9728852E+02   0.4785864E+01   0.4370633E+02   0.4532660E+02   0.4521261E+02   0.5354451E+02   0.1342362E+04
   0.3460000E+03   0.7323199E+02   0.7352723E+02   0.1178737E+03   0.7188490E+02   0.9729588E+02   0.4785839E+01   0.4370141E+02   0.4532319E+02   0.4521388E+02   0.5354495E+02   0.1342227E+04
   0.3470000E+03   0.7323762E+02   0.7352951E+02   0.1178964E+03   0.7189008E+02   0.9730328E+02   0.4785814E+01   0.4369650E+02   0.4531979E+02   0.4521515E+02   0.5354539E+02   0.1342089E+04
   0.3480000E+03   0.7324323E+02   0.7353180E+02   0.1179189E+03   0.7189525E+02   0.9731064E+02   0.4785788E+01   0.4369159E+02   0.4531639E+02   0.4521640E+02   0.5354584E+02   0.1341956E+04
   0.3490000E+03   0.7324883E+02   0.7353410E+02   0.1179414E+03   0.7190043E+02   0.9731801E+02   0.4785763E+01   0.4368668E+02   0.4531299E+02   0.4521767E+02   0.5354628E+02   0.1341821E+04
   0.3500000E+03   0.7325443E+02   0.7353638E+02   0.1179637E+03   0.7190559E+02   0.9732538E+02   0.4785738E+01   0.4368177E+02   0.4530959E+02   0.4521891E+02   0.5354672E+02   0.1341687E+04
   0.3510000E+03   0.7326001E+02   0.7353866E+02   0.1179860E+03   0.7191075E+02   0.9733275E+02   0.4785713E+01   0.4367686E+02   0.4530619E+02   0.4522016E+02   0.5354716E+02   0.1341557E+04
   0.3520000E+03   0.7326559E+02   0.7354095E+02   0.1180081E+03   0.7191592E+02   0.9734011E+02   0.4785687E+01   0.4367195E+02   0.4530280E+02   0.4522140E+02   0.5354760E+02   0.1341422E+04
   0.3530000E+03   0.7327115E+02   0.7354325E+02   0.1180301E+03   0.7192109E+02   0.9734747E+02   0.4785662E+01   0.4366705E+02   0.4529940E+02   0.4522264E+02   0.5354803E+02   0.1341288E+04
   0.3540000E+03   0.7327670E+02   0.7354553E+02   0.1180521E+03   0.7192625E+02   0.9735483E+02   0.4785637E+01   0.4366214E+02   0.4529601E+02   0.4522388E+02   0.5354845E+02   0.1341154E+04
   0.3550000E+03   0.7328225E+02   0.7354782E+02   0.1180740E+03   0.7193140E+02   0.9736219E+02   0.4785612E+01   0.4365723E+02   0.4529262E+02   0.4522511E+02   0.5354888E+02   0.1341015E+04
   0.3560000E+03   0.7328778E+02   0.7355011E+02   0.1180958E+03   0.7193654E+02   0.9736954E+02   0.4785587E+01   0.4365232E+02   0.4528923E+02   0.4522635E+02   0.5354930E+02   0.1340882E+04
   0.3570000E+03   0.7329330E+02   0.7355238E+02   0.1181174E+03   0.7194168E+02   0.9737688E+02   0.4785562E+01   0.4364743E+02   0.4528585E+02   0.4522756E+02   0.5354972E+02   0.1340748E+04
   0.3580000E+03   0.7329883E+02   0.7355467E+02   0.1181390E+03   0.7194683E+02   0.9738422E+02   0.4785537E+01   0.4364252E+02   0.4528247E+02   0.4522878E+02   0.5355014E+02   0.1340613E+04
   0.3590000E+03   0.7330434E+02   0.7355696E+02   0.1181604E+03   0.7195197E+02   0.9739155E+02   0.4785511E+01   0.4363763E+02   0.4527909E+02   0.4522999E+02   0.5355057E+02   0.1340479E+04
   0.3600000E+03   0.7330985E+02   0.7355924E+02   0.1181817E+03   0.7195711E+02   0.9739888E+02   0.4785486E+01   0.4363273E+02   0.4527572E+02   0.4523120E+02   0.5355099E+02   0.1340344E+04
   0.3610000E+03   0.7331535E+02   0.7356153E+02   0.1182029E+03   0.7196225E+02   0.9740621E+02   0.4785461E+01   0.4362783E+02   0.4527234E+02   0.4523241E+02   0.5355140E+02   0.1340210E+04
   0.3620000E+03   0.7332083E+02   0.7356382E+02   0.1182240E+03   0.7196738E+02   0.9741354E+02   0.4785437E+01   0.4362294E+02   0.4526897E+02   0.4523362E+02   0.5355182E+02   0.1340076E+04
   0.3630000E+03   0.7332630E+02   0.7356610E+02   0.1182450E+03   0.7197252E+02   0.9742087E+02   0.4785411E+01   0.4361805E+02   0.4526560E+02   0.4523482E+02   0.5355223E+02   0.1339942E+04
   0.3640000E+03   0.7333178E+02   0.7356838E+02   0.1182659E+03   0.7197764E+02   0.9742818E+02   0.4785387E+01   0.4361316E+02   0.4526223E+02   0.4523601E+02   0.5355264E+02   0.1339808E+04
   0.3650000E+03   0.7333723E+02   0.7357067E+02   0.1182867E+03   0.7198275E+02   0.9743550E+02   0.4785362E+01   0.4360827E+02   0.4525887E+02   0.4523719E+02   0.5355305E+02   0.1339675E+04
   0.3660000E+03   0.7334267E+02   0.7357295E+02   0.1183074E+03   0.7198787E+02   0.9744282E+02   0.4785337E+01   0.4360338E+02   0.4525551E+02   0.4523838E+02   0.5355346E+02   0.1339541E+04
   0.3670000E+03   0.7334812E+02   0.7357524E+02   0.1183280E+03   0.7199300E+02   0.9745013E+02   0.4785312E+01   0.4359849E+02   0.4525214E+02   0.4523956E+02   0.5355386E+02   0.1339406E+04
   0.3680000E+03   0.7335355E+02   0.7357753E+02   0.1183485E+03   0.7199811E+02   0.9745744E+02   0.4785286E+01   0.4359361E+02   0.4524878E+02   0.4524074E+02   0.5355426E+02   0.1339271E+04
   0.3690000E+03   0.7335898E+02   0.7357982E+02   0.1183689E+03   0.7200321E+02   0.9746474E+02   0.4785262E+01   0.4358873E+02   0.4524543E+02   0.4524192E+02   0.5355466E+02   0.1339137E+04
   0.3700000E+03   0.7336439E+02   0.7358210E+02   0.1183892E+03   0.7200833E+02   0.9747204E+02   0.4785236E+01   0.4358385E+02   0.4524207E+02   0.4524310E+02   0.5355506E+02   0.1339003E+04
   0.3710000E+03   0.7336977E+02   0.7358440E+02   0.1184094E+03   0.7201345E+02   0.9747934E+02   0.4785211E+01   0.4357898E+02   0.4523872E+02   0.4524426E+02   0.5355547E+02   0.1338869E+04
   0.3720000E+03   0.7337517E+02   0.7358668E+02   0.1184295E+03   0.7201855E+02   0.9748664E+02   0.4785186E+01   0.4357410E+02   0.4523537E+02   0.4524542E+02   0.5355587E+02   0.1338735E+04
   0.3730000E+03   0.7338054E+02   0.7358896E+02   0.1184495E+03   0.7202365E+02   0.9749393E+02   0.4785161E+01   0.4356922E+02   0.4523202E+02   0.4524658E+02   0.5355627E+02   0.1338599E+04
   0.3740000E+03   0.7338591E+02   0.7359125E+02   0.1184694E+03   0.7202874E+02   0.9750124E+02   0.4785135E+01   0.4356434E+02   0.4522867E+02   0.4524773E+02   0.5355667E+02   0.1338469E+04
   0.3750000E+03   0.7339127E+02   0.7359352E+02   0.1184893E+03   0.7203384E+02   0.9750852E+02   0.4785110E+01   0.4355946E+02   0.4522533E+02   0.4524889E+02   0.5355706E+02   0.1338331E+04
   0.3760000E+03   0.7339663E+02   0.7359580E+02   0.1185090E+03   0.7203893E+02   0.9751580E+02   0.4785084E+01   0.4355459E+02   0.4522197E+02   0.4525004E+02   0.5355745E+02   0.1338198E+04
   0.3770000E+03   0.7340198E+02   0.7359808E+02   0.1185286E+03   0.7204402E+02   0.9752308E+02   0.4785058E+01   0.4354972E+02   0.4521863E+02   0.4525118E+02   0.5355784E+02   0.1338064E+04
   0.3780000E+03   0.7340731E+02   0.7360035E+02   0.1185481E+03   0.7204911E+02   0.9753035E+02   0.4785033E+01   0.4354485E+02   0.4521529E+02   0.4525232E+02   0.5355823E+02   0.1337930E+04
   0.3790000E+03   0.7341263E+02   0.7360262E+02   0.1185675E+03   0.7205419E+02   0.9753763E+02   0.4785007E+01   0.4353999E+02   0.4521196E+02   0.4525345E+02   0.5355860E+02   0.1337796E+04
   0.3800000E+03   0.7341794E+02   0.7360490E+02   0.1185868E+03   0.7205927E+02   0.9754490E+02   0.4784982E+01   0.4353512E+02   0.4520861E+02   0.4525459E+02   0.5355899E+02   0.1337661E+04
   0.3810000E+03   0.7342325E+02   0.7360718E+02   0.1186061E+03   0.7206435E+02   0.9755216E+02   0.4784957E+01   0.4353025E+02   0.4520528E+02   0.4525571E+02   0.5355936E+02   0.1337527E+04
   0.3820000E+03   0.7342854E+02   0.7360945E+02   0.1186252E+03   0.7206942E+02   0.9755943E+02   0.4784931E+01   0.4352539E+02   0.4520195E+02   0.4525684E+02   0.5355975E+02   0.1337392E+04
   0.3830000E+03   0.7343383E+02   0.7361174E+02   0.1186442E+03   0.7207449E+02   0.9756670E+02   0.4784906E+01   0.4352053E+02   0.4519862E+02   0.4525797E+02   0.5356012E+02   0.1337258E+04
   0.3840000E+03   0.7343911E+02   0.7361401E+02   0.1186632E+03   0.7207954E+02   0.9757396E+02   0.4784880E+01   0.4351567E+02   0.4519529E+02   0.4525908E+02   0.5356049E+02   0.1337124E+04
   0.3850000E+03   0.7344437E+02   0.7361629E+02   0.1186821E+03   0.7208460E+02   0.9758121E+02   0.4784855E+01   0.4351081E+02   0.4519196E+02   0.4526019E+02   0.5356087E+02   0.1336990E+04
   0.3860000E+03   0.7344963E+02   0.7361858E+02   0.1187009E+03   0.7208966E+02   0.9758847E+02   0.4784830E+01   0.4350596E+02   0.4518864E+02   0.4526130E+02   0.5356124E+02   0.1336855E+04
   0.3870000E+03   0.7345488E+02   0.7362086E+02   0.1187196E+03   0.7209470E+02   0.9759572E+02   0.4784804E+01   0.4350111E+02   0.4518531E+02   0.4526241E+02   0.5356161E+02   0.1336722E+04
   0.3880000E+03   0.7346013E+02   0.7362315E+02   0.1187382E+03   0.7209975E+02   0.9760294E+02   0.4784779E+01   0.4349626E+02   0.4518199E+02   0.4526350E+02   0.5356198E+02   0.1336587E+04
   0.3890000E+03   0.7346537E+02   0.7362543E+02   0.1187567E+03   0.7210481E+02   0.9761017E+02   0.4784754E+01   0.4349141E+02   0.4517866E+02   0.4526460E+02   0.5356234E+02   0.1336453E+04
   0.3900000E+03   0.7347059E+02   0.7362772E+02   0.1187752E+03   0.7210987E+02   0.9761739E+02   0.4784728E+01   0.4348655E+02   0.4517534E+02   0.4526569E+02   0.5356270E+02   0.1336315E+04
   0.3910000E+03   0.7347581E+02   0.7363000E+02   0.1187935E+03   0.7211493E+02   0.9762463E+02   0.4784703E+01   0.4348170E+02   0.4517202E+02   0.4526679E+02   0.5356305E+02   0.1336186E+04
   0.3920000E+03   0.7348101E+02   0.7363229E+02   0.1188118E+03   0.7211997E+02   0.9763185E+02   0.4784678E+01   0.4347686E+02   0.4516871E+02   0.4526787E+02   0.5356341E+02   0.1336052E+04
   0.3930000E+03   0.7348621E+02   0.7363456E+02   0.1188300E+03   0.7212502E+02   0.9763908E+02   0.4784653E+01   0.4347202E+02   0.4516540E+02   0.4526895E+02   0.5356378E+02   0.1335917E+04
   0.3940000E+03   0.7349139E+02   0.7363684E+02   0.1188481E+03   0.7213006E+02   0.9764629E+02   0.4784627E+01   0.4346717E+02   0.4516209E+02   0.4527003E+02   0.5356413E+02   0.1335777E+04
   0.3950000E+03   0.7349657E+02   0.7363912E+02   0.1188661E+03   0.7213509E+02   0.9765351E+02   0.4784602E+01   0.4346234E+02   0.4515878E+02   0.4527111E+02   0.5356450E+02   0.1335641E+04
   0.3960000E+03   0.7350174E+02   0.7364140E+02   0.1188840E+03   0.7214013E+02   0.9766072E+02   0.4784576E+01   0.4345750E+02   0.4515548E+02   0.4527218E+02   0.5356484E+02   0.1335514E+04
   0.3970000E+03   0.7350690E+02   0.7364368E+02   0.1189019E+03   0.7214516E+02   0.9766793E+02   0.4784550E+01   0.4345266E+02   0.4515217E+02   0.4527325E+02   0.5356520E+02   0.1335378E+04
   0.3980000E+03   0.7351205E+02   0.7364597E+02   0.1189197E+03   0.7215019E+02   0.9767513E+02   0.4784524E+01   0.4344783E+02   0.4514887E+02   0.4527431E+02   0.5356554E+02   0.1335245E+04
   0.3990000E+03   0.7351719E+02   0.7364825E+02   0.1189373E+03   0.7215520E+02   0.9768232E+02   0.4784499E+01   0.4344299E+02   0.4514558E+02   0.4527537E+02   0.5356589E+02   0.1335110E+04
   0.4000000E+03   0.7352232E+02   0.7365052E+02   0.1189549E+03   0.7216022E+02   0.9768952E+02   0.4784473E+01   0.4343816E+02   0.4514228E+02   0.4527643E+02   0.5356624E+02   0.1334972E+04
   0.4010000E+03   0.7352744E+02   0.7365280E+02   0.1189725E+03   0.7216524E+02   0.9769672E+02   0.4784448E+01   0.4343332E+02   0.4513899E+02   0.4527748E+02   0.5356660E+02   0.1334833E+04
   0.4020000E+03   0.7353256E+02   0.7365508E+02   0.1189899E+03   0.7217026E+02   0.9770391E+02   0.4784422E+01   0.4342849E+02   0.4513570E+02   0.4527854E+02   0.5356693E+02   0.1334709E+04
   0.4030000E+03   0.7353767E+02   0.7365736E+02   0.1190073E+03   0.7217526E+02   0.9771111E+02   0.4784396E+01   0.4342366E+02   0.4513242E+02   0.4527958E+02   0.5356727E+02   0.1334575E+04
   0.4040000E+03   0.7354277E+02   0.7365963E+02   0.1190245E+03   0.7218027E+02   0.9771828E+02   0.4784370E+01   0.4341883E+02   0.4512914E+02   0.4528062E+02   0.5356760E+02   0.1334440E+04
   0.4050000E+03   0.7354785E+02   0.7366190E+02   0.1190418E+03   0.7218527E+02   0.9772546E+02   0.4784345E+01   0.4341401E+02   0.4512586E+02   0.4528167E+02   0.5356793E+02   0.1334306E+04
   0.4060000E+03   0.7355293E+02   0.7366418E+02   0.1190589E+03   0.7219027E+02   0.9773264E+02   0.4784319E+01   0.4340918E+02   0.4512258E+02   0.4528270E+02   0.5356827E+02   0.1334172E+04
   0.4070000E+03   0.7355800E+02   0.7366646E+02   0.1190760E+03   0.7219527E+02   0.9773982E+02   0.4784294E+01   0.4340435E+02   0.4511930E+02   0.4528373E+02   0.5356860E+02   0.1334037E+04
   0.4080000E+03   0.7356305E+02   0.7366873E+02   0.1190930E+03   0.7220027E+02   0.9774700E+02   0.4784269E+01   0.4339952E+02   0.4511603E+02   0.4528476E+02   0.5356893E+02   0.1333903E+04
   0.4090000E+03   0.7356810E+02   0.7367100E+02   0.1191099E+03   0.7220527E+02   0.9775418E+02   0.4784244E+01   0.4339470E+02   0.4511275E+02   0.4528579E+02   0.5356927E+02   0.1333769E+04
   0.4100000E+03   0.7357314E+02   0.7367327E+02   0.1191268E+03   0.7221026E+02   0.9776134E+02   0.4784219E+01   0.4338988E+02   0.4510947E+02   0.4528681E+02   0.5356959E+02   0.1333634E+04
   0.4110000E+03   0.7357816E+02   0.7367555E+02   0.1191435E+03   0.7221525E+02   0.9776850E+02   0.4784193E+01   0.4338507E+02   0.4510620E+02   0.4528782E+02   0.5356991E+02   0.1333500E+04
   0.4120000E+03   0.7358320E+02   0.7367783E+02   0.1191602E+03   0.7222023E+02   0.9777567E+02   0.4784166E+01   0.4338026E+02   0.4510293E+02   0.4528883E+02   0.5357023E+02   0.1333361E+04
   0.4130000E+03   0.7358823E+02   0.7368011E+02   0.1191769E+03   0.7222520E+02   0.9778281E+02   0.4784140E+01   0.4337544E+02   0.4509966E+02   0.4528984E+02   0.5357055E+02   0.1333231E+04
   0.4140000E+03   0.7359323E+02   0.7368238E+02   0.1191934E+03   0.7223019E+02   0.9778998E+02   0.4784112E+01   0.4337063E+02   0.4509640E+02   0.4529085E+02   0.5357086E+02   0.1333095E+04
   0.4150000E+03   0.7359824E+02   0.7368465E+02   0.1192099E+03   0.7223516E+02   0.9779713E+02   0.4784086E+01   0.4336583E+02   0.4509314E+02   0.4529185E+02   0.5357117E+02   0.1332961E+04
   0.4160000E+03   0.7360323E+02   0.7368691E+02   0.1192263E+03   0.7224012E+02   0.9780428E+02   0.4784060E+01   0.4336102E+02   0.4508987E+02   0.4529285E+02   0.5357148E+02   0.1332827E+04
   0.4170000E+03   0.7360822E+02   0.7368919E+02   0.1192427E+03   0.7224509E+02   0.9781144E+02   0.4784033E+01   0.4335621E+02   0.4508661E+02   0.4529385E+02   0.5357180E+02   0.1332692E+04
   0.4180000E+03   0.7361319E+02   0.7369146E+02   0.1192590E+03   0.7225005E+02   0.9781859E+02   0.4784007E+01   0.4335141E+02   0.4508335E+02   0.4529485E+02   0.5357211E+02   0.1332558E+04
   0.4190000E+03   0.7361815E+02   0.7369373E+02   0.1192752E+03   0.7225501E+02   0.9782574E+02   0.4783980E+01   0.4334660E+02   0.4508009E+02   0.4529583E+02   0.5357242E+02   0.1332423E+04
   0.4200000E+03   0.7362310E+02   0.7369598E+02   0.1192913E+03   0.7225996E+02   0.9783288E+02   0.4783954E+01   0.4334179E+02   0.4507684E+02   0.4529683E+02   0.5357272E+02   0.1332284E+04
   0.4210000E+03   0.7362805E+02   0.7369825E+02   0.1193073E+03   0.7226492E+02   0.9784002E+02   0.4783927E+01   0.4333699E+02   0.4507358E+02   0.4529781E+02   0.5357302E+02   0.1332149E+04
   0.4220000E+03   0.7363300E+02   0.7370050E+02   0.1193233E+03   0.7226988E+02   0.9784715E+02   0.4783900E+01   0.4333219E+02   0.4507033E+02   0.4529879E+02   0.5357332E+02   0.1332014E+04
   0.4230000E+03   0.7363792E+02   0.7370276E+02   0.1193392E+03   0.7227483E+02   0.9785429E+02   0.4783874E+01   0.4332740E+02   0.4506708E+02   0.4529977E+02   0.5357362E+02   0.1331880E+04
   0.4240000E+03   0.7364285E+02   0.7370502E+02   0.1193551E+03   0.7227978E+02   0.9786142E+02   0.4783847E+01   0.4332261E+02   0.4506384E+02   0.4530075E+02   0.5357392E+02   0.1331745E+04
   0.4250000E+03   0.7364777E+02   0.7370728E+02   0.1193709E+03   0.7228472E+02   0.9786855E+02   0.4783821E+01   0.4331781E+02   0.4506059E+02   0.4530172E+02   0.5357423E+02   0.1331610E+04
   0.4260000E+03   0.7365268E+02   0.7370955E+02   0.1193866E+03   0.7228967E+02   0.9787567E+02   0.4783794E+01   0.4331302E+02   0.4505734E+02   0.4530268E+02   0.5357453E+02   0.1331476E+04
   0.4270000E+03   0.7365759E+02   0.7371180E+02   0.1194023E+03   0.7229461E+02   0.9788278E+02   0.4783768E+01   0.4330822E+02   0.4505410E+02   0.4530364E+02   0.5357483E+02   0.1331342E+04
   0.4280000E+03   0.7366248E+02   0.7371406E+02   0.1194179E+03   0.7229956E+02   0.9788990E+02   0.4783741E+01   0.4330344E+02   0.4505085E+02   0.4530460E+02   0.5357513E+02   0.1331207E+04
   0.4290000E+03   0.7366737E+02   0.7371632E+02   0.1194334E+03   0.7230450E+02   0.9789701E+02   0.4783715E+01   0.4329865E+02   0.4504761E+02   0.4530556E+02   0.5357543E+02   0.1331073E+04
   0.4300000E+03   0.7367226E+02   0.7371859E+02   0.1194489E+03   0.7230943E+02   0.9790412E+02   0.4783689E+01   0.4329386E+02   0.4504438E+02   0.4530651E+02   0.5357572E+02   0.1330939E+04
   0.4310000E+03   0.7367712E+02   0.7372086E+02   0.1194643E+03   0.7231437E+02   0.9791122E+02   0.4783662E+01   0.4328907E+02   0.4504114E+02   0.4530746E+02   0.5357602E+02   0.1330804E+04
   0.4320000E+03   0.7368199E+02   0.7372312E+02   0.1194797E+03   0.7231931E+02   0.9791834E+02   0.4783636E+01   0.4328428E+02   0.4503791E+02   0.4530841E+02   0.5357632E+02   0.1330670E+04
   0.4330000E+03   0.7368686E+02   0.7372540E+02   0.1194950E+03   0.7232423E+02   0.9792545E+02   0.4783609E+01   0.4327950E+02   0.4503468E+02   0.4530935E+02   0.5357661E+02   0.1330536E+04
   0.4340000E+03   0.7369170E+02   0.7372765E+02   0.1195102E+03   0.7232915E+02   0.9793256E+02   0.4783583E+01   0.4327472E+02   0.4503145E+02   0.4531030E+02   0.5357690E+02   0.1330401E+04
   0.4350000E+03   0.7369654E+02   0.7372993E+02   0.1195253E+03   0.7233406E+02   0.9793965E+02   0.4783556E+01   0.4326994E+02   0.4502822E+02   0.4531123E+02   0.5357718E+02   0.1330266E+04
   0.4360000E+03   0.7370137E+02   0.7373221E+02   0.1195404E+03   0.7233899E+02   0.9794675E+02   0.4783530E+01   0.4326516E+02   0.4502499E+02   0.4531216E+02   0.5357746E+02   0.1330132E+04
   0.4370000E+03   0.7370618E+02   0.7373447E+02   0.1195555E+03   0.7234391E+02   0.9795384E+02   0.4783503E+01   0.4326039E+02   0.4502177E+02   0.4531308E+02   0.5357774E+02   0.1329997E+04
   0.4380000E+03   0.7371099E+02   0.7373674E+02   0.1195704E+03   0.7234882E+02   0.9796092E+02   0.4783475E+01   0.4325562E+02   0.4501855E+02   0.4531400E+02   0.5357801E+02   0.1329863E+04
   0.4390000E+03   0.7371579E+02   0.7373900E+02   0.1195854E+03   0.7235372E+02   0.9796800E+02   0.4783449E+01   0.4325084E+02   0.4501532E+02   0.4531491E+02   0.5357829E+02   0.1329728E+04
   0.4400000E+03   0.7372057E+02   0.7374125E+02   0.1196002E+03   0.7235863E+02   0.9797509E+02   0.4783422E+01   0.4324608E+02   0.4501210E+02   0.4531583E+02   0.5357856E+02   0.1329594E+04
   0.4410000E+03   0.7372535E+02   0.7374352E+02   0.1196150E+03   0.7236353E+02   0.9798217E+02   0.4783395E+01   0.4324131E+02   0.4500888E+02   0.4531675E+02   0.5357885E+02   0.1329459E+04
   0.4420000E+03   0.7373013E+02   0.7374577E+02   0.1196298E+03   0.7236842E+02   0.9798924E+02   0.4783369E+01   0.4323655E+02   0.4500567E+02   0.4531767E+02   0.5357912E+02   0.1329324E+04
   0.4430000E+03   0.7373490E+02   0.7374803E+02   0.1196444E+03   0.7237332E+02   0.9799630E+02   0.4783342E+01   0.4323178E+02   0.4500245E+02   0.4531857E+02   0.5357939E+02   0.1329190E+04
   0.4440000E+03   0.7373966E+02   0.7375031E+02   0.1196591E+03   0.7237822E+02   0.9800337E+02   0.4783316E+01   0.4322701E+02   0.4499924E+02   0.4531948E+02   0.5357966E+02   0.1329061E+04
   0.4450000E+03   0.7374441E+02   0.7375256E+02   0.1196736E+03   0.7238311E+02   0.9801045E+02   0.4783288E+01   0.4322224E+02   0.4499603E+02   0.4532038E+02   0.5357993E+02   0.1328921E+04
   0.4460000E+03   0.7374915E+02   0.7375484E+02   0.1196882E+03   0.7238799E+02   0.9801751E+02   0.4783261E+01   0.4321749E+02   0.4499281E+02   0.4532129E+02   0.5358019E+02   0.1328798E+04
   0.4470000E+03   0.7375388E+02   0.7375710E+02   0.1197026E+03   0.7239288E+02   0.9802457E+02   0.4783234E+01   0.4321272E+02   0.4498960E+02   0.4532219E+02   0.5358046E+02   0.1328670E+04
   0.4480000E+03   0.7375861E+02   0.7375937E+02   0.1197186E+03   0.7239775E+02   0.9803162E+02   0.4783206E+01   0.4320831E+02   0.4498640E+02   0.4532308E+02   0.5358072E+02   0.1328537E+04
   0.4490000E+03   0.7376333E+02   0.7376163E+02   0.1199512E+03   0.7240263E+02   0.9803868E+02   0.4783179E+01   0.4320399E+02   0.4498318E+02   0.4532397E+02   0.5358098E+02   0.1328402E+04
   0.4500000E+03   0.7376805E+02   0.7376391E+02   0.1202042E+03   0.7240750E+02   0.9804574E+02   0.4783152E+01   0.4319981E+02   0.4497998E+02   0.4532486E+02   0.5358124E+02   0.1328269E+04
   0.4510000E+03   0.7377277E+02   0.7376617E+02   0.1204728E+03   0.7241236E+02   0.9805278E+02   0.4783125E+01   0.4319570E+02   0.4497678E+02   0.4532574E+02   0.5358150E+02   0.1327979E+04
   0.4520000E+03   0.7377746E+02   0.7376843E+02   0.1207470E+03   0.7241723E+02   0.9805983E+02   0.4786783E+01   0.4319160E+02   0.4497358E+02   0.4532663E+02   0.5358175E+02   0.1327375E+04
   0.4530000E+03   0.7378215E+02   0.7377069E+02   0.1210175E+03   0.7242210E+02   0.9806688E+02   0.4796269E+01   0.4318748E+02   0.4497038E+02   0.4532751E+02   0.5358201E+02   0.1326617E+04
   0.4540000E+03   0.7378683E+02   0.7377296E+02   0.1212776E+03   0.7242696E+02   0.9807391E+02   0.4817972E+01   0.4318331E+02   0.4496719E+02   0.4532839E+02   0.5358226E+02   0.1325841E+04
   0.4550000E+03   0.7379150E+02   0.7377523E+02   0.1215224E+03   0.7243182E+02   0.9808095E+02   0.4845110E+01   0.4317908E+02   0.4496399E+02   0.4532926E+02   0.5358251E+02   0.1325124E+04
   0.4560000E+03   0.7379617E+02   0.7377748E+02   0.1217490E+03   0.7243667E+02   0.9808799E+02   0.4869259E+01   0.4317480E+02   0.4496080E+02   0.4533014E+02   0.5358276E+02   0.1324491E+04
   0.4570000E+03   0.7380083E+02   0.7377975E+02   0.1219483E+03   0.7244153E+02   0.9809502E+02   0.4888250E+01   0.4317048E+02   0.4495760E+02   0.4533100E+02   0.5358301E+02   0.1323928E+04
   0.4580000E+03   0.7380548E+02   0.7378200E+02   0.1221226E+03   0.7244638E+02   0.9810206E+02   0.4902689E+01   0.4316612E+02   0.4495441E+02   0.4533187E+02   0.5358326E+02   0.1323475E+04
   0.4590000E+03   0.7381012E+02   0.7378426E+02   0.1222717E+03   0.7245123E+02   0.9810909E+02   0.4913659E+01   0.4316174E+02   0.4495123E+02   0.4533274E+02   0.5358350E+02   0.1323069E+04
   0.4600000E+03   0.7381476E+02   0.7378651E+02   0.1223973E+03   0.7245609E+02   0.9811610E+02   0.4922068E+01   0.4315734E+02   0.4494804E+02   0.4533360E+02   0.5358375E+02   0.1322713E+04
   0.4610000E+03   0.7381940E+02   0.7378876E+02   0.1225023E+03   0.7246093E+02   0.9812312E+02   0.4929471E+01   0.4315292E+02   0.4494485E+02   0.4533445E+02   0.5358399E+02   0.1322396E+04
   0.4620000E+03   0.7382401E+02   0.7379102E+02   0.1225903E+03   0.7246576E+02   0.9813013E+02   0.4936415E+01   0.4314849E+02   0.4494167E+02   0.4533530E+02   0.5358422E+02   0.1322107E+04
   0.4630000E+03   0.7382864E+02   0.7379327E+02   0.1226645E+03   0.7247060E+02   0.9813714E+02   0.4942546E+01   0.4314404E+02   0.4493849E+02   0.4533616E+02   0.5358447E+02   0.1321857E+04
   0.4640000E+03   0.7383324E+02   0.7379551E+02   0.1227276E+03   0.7247545E+02   0.9814414E+02   0.4947643E+01   0.4313959E+02   0.4493531E+02   0.4533701E+02   0.5358472E+02   0.1321623E+04
   0.4650000E+03   0.7383784E+02   0.7379776E+02   0.1227819E+03   0.7248029E+02   0.9815115E+02   0.4951753E+01   0.4313513E+02   0.4493213E+02   0.4533786E+02   0.5358496E+02   0.1321407E+04
   0.4660000E+03   0.7384242E+02   0.7380002E+02   0.1228292E+03   0.7248512E+02   0.9815816E+02   0.4955027E+01   0.4313067E+02   0.4492896E+02   0.4533869E+02   0.5358520E+02   0.1321205E+04
   0.4670000E+03   0.7384701E+02   0.7380227E+02   0.1228708E+03   0.7248995E+02   0.9816515E+02   0.4957630E+01   0.4312619E+02   0.4492578E+02   0.4533953E+02   0.5358545E+02   0.1321016E+04
   0.4680000E+03   0.7385157E+02   0.7380453E+02   0.1229079E+03   0.7249479E+02   0.9817215E+02   0.4959704E+01   0.4312172E+02   0.4492261E+02   0.4534037E+02   0.5358568E+02   0.1320837E+04
   0.4690000E+03   0.7385614E+02   0.7380679E+02   0.1229413E+03   0.7249962E+02   0.9817913E+02   0.4961777E+01   0.4311724E+02   0.4491944E+02   0.4534120E+02   0.5358592E+02   0.1320680E+04
   0.4700000E+03   0.7386071E+02   0.7380904E+02   0.1229718E+03   0.7250444E+02   0.9818612E+02   0.4964511E+01   0.4311276E+02   0.4491627E+02   0.4534203E+02   0.5358616E+02   0.1320546E+04
   0.4710000E+03   0.7386526E+02   0.7381129E+02   0.1230000E+03   0.7250926E+02   0.9819311E+02   0.4967557E+01   0.4310827E+02   0.4491310E+02   0.4534285E+02   0.5358639E+02   0.1320400E+04
   0.4720000E+03   0.7386980E+02   0.7381355E+02   0.1230265E+03   0.7251408E+02   0.9820010E+02   0.4970139E+01   0.4310379E+02   0.4490992E+02   0.4534367E+02   0.5358662E+02   0.1320222E+04
   0.4730000E+03   0.7387434E+02   0.7381580E+02   0.1230516E+03   0.7251891E+02   0.9820708E+02   0.4972126E+01   0.4309931E+02   0.4490676E+02   0.4534449E+02   0.5358686E+02   0.1320059E+04
   0.4740000E+03   0.7387888E+02   0.7381807E+02   0.1230757E+03   0.7252373E+02   0.9821406E+02   0.4973630E+01   0.4309483E+02   0.4490360E+02   0.4534531E+02   0.5358709E+02   0.1319910E+04
   0.4750000E+03   0.7388341E+02   0.7382031E+02   0.1230990E+03   0.7252853E+02   0.9822104E+02   0.4974780E+01   0.4309034E+02   0.4490044E+02   0.4534612E+02   0.5358732E+02   0.1319766E+04
   0.4760000E+03   0.7388792E+02   0.7382255E+02   0.1231218E+03   0.7253334E+02   0.9822802E+02   0.4989952E+01   0.4308586E+02   0.4489728E+02   0.4534694E+02   0.5358754E+02   0.1319619E+04
   0.4770000E+03   0.7389243E+02   0.7382480E+02   0.1231441E+03   0.7253816E+02   0.9823500E+02   0.5002453E+01   0.4308137E+02   0.4489412E+02   0.4534775E+02   0.5358775E+02   0.1319476E+04
   0.4780000E+03   0.7389693E+02   0.7382705E+02   0.1231663E+03   0.7254298E+02   0.9824196E+02   0.5012239E+01   0.4307689E+02   0.4489096E+02   0.4534856E+02   0.5358797E+02   0.1319343E+04
   0.4790000E+03   0.7390142E+02   0.7382930E+02   0.1231883E+03   0.7254778E+02   0.9824892E+02   0.5021228E+01   0.4307242E+02   0.4488781E+02   0.4534937E+02   0.5358819E+02   0.1319230E+04
   0.4800000E+03   0.7390591E+02   0.7383154E+02   0.1232103E+03   0.7255259E+02   0.9825587E+02   0.5030390E+01   0.4306795E+02   0.4488465E+02   0.4535016E+02   0.5358841E+02   0.1319092E+04
   0.4810000E+03   0.7391039E+02   0.7383380E+02   0.1232325E+03   0.7255740E+02   0.9826284E+02   0.5038641E+01   0.4306347E+02   0.4488150E+02   0.4535096E+02   0.5358863E+02   0.1318918E+04
   0.4820000E+03   0.7391486E+02   0.7383604E+02   0.1232547E+03   0.7256219E+02   0.9826980E+02   0.5045423E+01   0.4305898E+02   0.4487835E+02   0.4535176E+02   0.5358884E+02   0.1318779E+04
   0.4830000E+03   0.7391932E+02   0.7383829E+02   0.1232772E+03   0.7256699E+02   0.9827675E+02   0.5050776E+01   0.4305450E+02   0.4487521E+02   0.4535255E+02   0.5358905E+02   0.1318642E+04
   0.4840000E+03   0.7392377E+02   0.7384054E+02   0.1232997E+03   0.7257178E+02   0.9828371E+02   0.5054957E+01   0.4305003E+02   0.4487206E+02   0.4535335E+02   0.5358927E+02   0.1318505E+04
   0.4850000E+03   0.7392822E+02   0.7384279E+02   0.1233224E+03   0.7257658E+02   0.9829067E+02   0.5058500E+01   0.4304556E+02   0.4486891E+02   0.4535414E+02   0.5358948E+02   0.1318405E+04
   0.4860000E+03   0.7393270E+02   0.7384505E+02   0.1233452E+03   0.7258136E+02   0.9829762E+02   0.5061455E+01   0.4304108E+02   0.4486576E+02   0.4535493E+02   0.5358970E+02   0.1318272E+04
   0.4870000E+03   0.7393722E+02   0.7384731E+02   0.1233680E+03   0.7258616E+02   0.9830457E+02   0.5063845E+01   0.4303661E+02   0.4486262E+02   0.4535570E+02   0.5358990E+02   0.1318112E+04
   0.4880000E+03   0.7394179E+02   0.7384955E+02   0.1233909E+03   0.7259094E+02   0.9831152E+02   0.5065749E+01   0.4303214E+02   0.4485947E+02   0.4535648E+02   0.5359011E+02   0.1317972E+04
   0.4890000E+03   0.7394639E+02   0.7385179E+02   0.1234138E+03   0.7259573E+02   0.9831847E+02   0.5067266E+01   0.4302768E+02   0.4485633E+02   0.4535725E+02   0.5359031E+02   0.1317836E+04
   0.4900000E+03   0.7395103E+02   0.7385406E+02   0.1234368E+03   0.7260051E+02   0.9832541E+02   0.5068478E+01   0.4302321E+02   0.4485319E+02   0.4535803E+02   0.5359051E+02   0.1317721E+04
   0.4910000E+03   0.7395572E+02   0.7385632E+02   0.1234597E+03   0.7264605E+02   0.9833234E+02   0.5069445E+01   0.4301874E+02   0.4485005E+02   0.4535880E+02   0.5359071E+02   0.1317615E+04
   0.4920000E+03   0.7396045E+02   0.7385859E+02   0.1234827E+03   0.7268946E+02   0.9833949E+02   0.5070219E+01   0.4301427E+02   0.4484692E+02   0.4535957E+02   0.5359092E+02   0.1317483E+04
   0.4930000E+03   0.7396526E+02   0.7386086E+02   0.1235056E+03   0.7273284E+02   0.9834846E+02   0.5070838E+01   0.4300981E+02   0.4484379E+02   0.4536034E+02   0.5359112E+02   0.1317350E+04
   0.4940000E+03   0.7397016E+02   0.7386311E+02   0.1235947E+03   0.7277647E+02   0.9835941E+02   0.5071333E+01   0.4300534E+02   0.4484066E+02   0.4536110E+02   0.5359132E+02   0.1317204E+04
   0.4950000E+03   0.7397517E+02   0.7386537E+02   0.1236176E+03   0.7281998E+02   0.9837126E+02   0.5071726E+01   0.4300089E+02   0.4483754E+02   0.4536187E+02   0.5359152E+02   0.1317076E+04
   0.4960000E+03   0.7398028E+02   0.7386764E+02   0.1236412E+03   0.7286328E+02   0.9838306E+02   0.5072038E+01   0.4299642E+02   0.4483442E+02   0.4536263E+02   0.5359172E+02   0.1316946E+04
   0.4970000E+03   0.7398547E+02   0.7386991E+02   0.1236642E+03   0.7290664E+02   0.9839532E+02   0.5072285E+01   0.4299197E+02   0.4483131E+02   0.4536338E+02   0.5359192E+02   0.1316824E+04
   0.4980000E+03   0.7399075E+02   0.7387219E+02   0.1236870E+03   0.7295031E+02   0.9840923E+02   0.5072475E+01   0.4298750E+02   0.4482820E+02   0.4536414E+02   0.5359211E+02   0.1316692E+04
   0.4990000E+03   0.7399612E+02   0.7387446E+02   0.1237099E+03   0.7299343E+02   0.9842432E+02   0.5072623E+01   0.4298305E+02   0.4482510E+02   0.4536488E+02   0.5359230E+02   0.1316544E+04
   0.5000000E+03   0.7400156E+02   0.7387673E+02   0.1237332E+03   0.7303442E+02   0.9843944E+02   0.5072735E+01   0.4297859E+02   0.4482199E+02   0.4536562E+02   0.5359249E+02   0.1316389E+04
   0.5010000E+03   0.7400708E+02   0.7387900E+02   0.1237562E+03   0.7307195E+02   0.9845380E+02   0.5072818E+01   0.4297413E+02   0.4481890E+02   0.4536637E+02   0.5359268E+02   0.1316285E+04
   0.5020000E+03   0.7401268E+02   0.7388127E+02   0.1237791E+03   0.7310530E+02   0.9846712E+02   0.5072877E+01   0.4296967E+02   0.4481582E+02   0.4536712E+02   0.5359287E+02   0.1316156E+04
   0.5030000E+03   0.7401834E+02   0.7388354E+02   0.1238018E+03   0.7313506E+02   0.9848026E+02   0.5072917E+01   0.4296522E+02   0.4481274E+02   0.4536785E+02   0.5359306E+02   0.1316037E+04
   0.5040000E+03   0.7402407E+02   0.7388583E+02   0.1238245E+03   0.7316274E+02   0.9849487E+02   0.5072940E+01   0.4296077E+02   0.4480967E+02   0.4536859E+02   0.5359325E+02   0.1315912E+04
   0.5050000E+03   0.7402988E+02   0.7388815E+02   0.1238472E+03   0.7319021E+02   0.9851183E+02   0.5072950E+01   0.4295632E+02   0.4480660E+02   0.4536933E+02   0.5359344E+02   0.1315780E+04
   0.5060000E+03   0.7403580E+02   0.7389045E+02   0.1238698E+03   0.7321875E+02   0.9853118E+02   0.5072951E+01   0.4295187E+02   0.4480355E+02   0.4537006E+02   0.5359362E+02   0.1315648E+04
   0.5070000E+03   0.7404185E+02   0.7389275E+02   0.1238923E+03   0.7324864E+02   0.9855219E+02   0.5072943E+01   0.4294741E+02   0.4480051E+02   0.4537080E+02   0.5359381E+02   0.1315516E+04
   0.5080000E+03   0.7404807E+02   0.7389503E+02   0.1239150E+03   0.7327888E+02   0.9857325E+02   0.5072927E+01   0.4294297E+02   0.4479747E+02   0.4537152E+02   0.5359400E+02   0.1315371E+04
   0.5090000E+03   0.7405440E+02   0.7389734E+02   0.1239377E+03   0.7330801E+02   0.9859319E+02   0.5072907E+01   0.4293852E+02   0.4479445E+02   0.4537225E+02   0.5359418E+02   0.1315240E+04
   0.5100000E+03   0.7406087E+02   0.7389964E+02   0.1239604E+03   0.7333492E+02   0.9861141E+02   0.5072882E+01   0.4293408E+02   0.4479145E+02   0.4537296E+02   0.5359436E+02   0.1315104E+04
   0.5110000E+03   0.7406746E+02   0.7390193E+02   0.1239830E+03   0.7335904E+02   0.9862785E+02   0.5072852E+01   0.4292964E+02   0.4478844E+02   0.4537368E+02   0.5359454E+02   0.1314977E+04
   0.5120000E+03   0.7407414E+02   0.7390423E+02   0.1240055E+03   0.7338059E+02   0.9864302E+02   0.5072819E+01   0.4292521E+02   0.4478546E+02   0.4537439E+02   0.5359472E+02   0.1314847E+04
   0.5130000E+03   0.7408090E+02   0.7390652E+02   0.1240280E+03   0.7340031E+02   0.9865754E+02   0.5072783E+01   0.4292077E+02   0.4478248E+02   0.4537510E+02   0.5359490E+02   0.1314718E+04
   0.5140000E+03   0.7408773E+02   0.7390884E+02   0.1240506E+03   0.7341914E+02   0.9867176E+02   0.5072746E+01   0.4291633E+02   0.4477951E+02   0.4537581E+02   0.5359507E+02   0.1314587E+04
   0.5150000E+03   0.7409463E+02   0.7391116E+02   0.1240732E+03   0.7343760E+02   0.9868573E+02   0.5072708E+01   0.4291190E+02   0.4477656E+02   0.4537651E+02   0.5359525E+02   0.1314455E+04
   0.5160000E+03   0.7410160E+02   0.7391348E+02   0.1240958E+03   0.7345554E+02   0.9869936E+02   0.5072668E+01   0.4290747E+02   0.4477362E+02   0.4537722E+02   0.5359541E+02   0.1314323E+04
   0.5170000E+03   0.7410869E+02   0.7391581E+02   0.1241185E+03   0.7347256E+02   0.9871258E+02   0.5072627E+01   0.4290303E+02   0.4477069E+02   0.4537792E+02   0.5359559E+02   0.1314190E+04
   0.5180000E+03   0.7411587E+02   0.7391813E+02   0.1241411E+03   0.7348827E+02   0.9872520E+02   0.5072584E+01   0.4289861E+02   0.4476778E+02   0.4537862E+02   0.5359575E+02   0.1314058E+04
   0.5190000E+03   0.7412317E+02   0.7392045E+02   0.1241638E+03   0.7350250E+02   0.9873716E+02   0.5072542E+01   0.4289417E+02   0.4476488E+02   0.4537933E+02   0.5359591E+02   0.1313926E+04
   0.5200000E+03   0.7413062E+02   0.7392278E+02   0.1241864E+03   0.7351527E+02   0.9874841E+02   0.5072498E+01   0.4288974E+02   0.4476199E+02   0.4538003E+02   0.5359608E+02   0.1313794E+04
   0.5210000E+03   0.7413821E+02   0.7392511E+02   0.1242092E+03   0.7352673E+02   0.9875906E+02   0.5072454E+01   0.4288532E+02   0.4475911E+02   0.4538072E+02   0.5359625E+02   0.1313662E+04
   0.5220000E+03   0.7414594E+02   0.7392746E+02   0.1242320E+03   0.7353705E+02   0.9876916E+02   0.5072410E+01   0.4288089E+02   0.4475624E+02   0.4538141E+02   0.5359642E+02   0.1313502E+04
   0.5230000E+03   0.7415380E+02   0.7392989E+02   0.1242546E+03   0.7354639E+02   0.9877882E+02   0.5072363E+01   0.4287646E+02   0.4475339E+02   0.4538210E+02   0.5359657E+02   0.1313396E+04
   0.5240000E+03   0.7416180E+02   0.7393231E+02   0.1242770E+03   0.7355495E+02   0.9878812E+02   0.5072318E+01   0.4287205E+02   0.4475054E+02   0.4538278E+02   0.5359673E+02   0.1313264E+04
   0.5250000E+03   0.7416991E+02   0.7393473E+02   0.1242996E+03   0.7356282E+02   0.9879713E+02   0.5072272E+01   0.4286763E+02   0.4474770E+02   0.4538345E+02   0.5359690E+02   0.1313127E+04
   0.5260000E+03   0.7417811E+02   0.7393712E+02   0.1243220E+03   0.7357015E+02   0.9880591E+02   0.5072227E+01   0.4286320E+02   0.4474487E+02   0.4538413E+02   0.5359705E+02   0.1312994E+04
   0.5270000E+03   0.7418639E+02   0.7393828E+02   0.1243443E+03   0.7357703E+02   0.9881450E+02   0.5072181E+01   0.4285879E+02   0.4474203E+02   0.4538480E+02   0.5359721E+02   0.1312867E+04
   0.5280000E+03   0.7419473E+02   0.7389024E+02   0.1243667E+03   0.7358355E+02   0.9882293E+02   0.5072134E+01   0.4285437E+02   0.4473921E+02   0.4538547E+02   0.5359735E+02   0.1312718E+04
   0.5290000E+03   0.7420313E+02   0.7384444E+02   0.1243890E+03   0.7358977E+02   0.9883122E+02   0.5072089E+01   0.4284996E+02   0.4473639E+02   0.4538614E+02   0.5359751E+02   0.1312553E+04
   0.5300000E+03   0.7421156E+02   0.7380611E+02   0.1244112E+03   0.7359573E+02   0.9883942E+02   0.5072042E+01   0.4284554E+02   0.4473357E+02   0.4538681E+02   0.5359766E+02   0.1312461E+04
   0.5310000E+03   0.7422002E+02   0.7377464E+02   0.1244335E+03   0.7360151E+02   0.9884754E+02   0.5071995E+01   0.4284113E+02   0.4473076E+02   0.4538747E+02   0.5359781E+02   0.1312334E+04
   0.5320000E+03   0.7422851E+02   0.7374886E+02   0.1244556E+03   0.7360712E+02   0.9885559E+02   0.5071948E+01   0.4283672E+02   0.4472794E+02   0.4538814E+02   0.5359796E+02   0.1312203E+04
   0.5330000E+03   0.7423701E+02   0.7372777E+02   0.1244778E+03   0.7361260E+02   0.9886358E+02   0.5071901E+01   0.4283231E+02   0.4472513E+02   0.4538881E+02   0.5359810E+02   0.1312071E+04
   0.5340000E+03   0.7424551E+02   0.7371051E+02   0.1244999E+03   0.7361798E+02   0.9887152E+02   0.5071854E+01   0.4282790E+02   0.4472232E+02   0.4538947E+02   0.5359824E+02   0.1311938E+04
   0.5350000E+03   0.7425402E+02   0.7369640E+02   0.1245219E+03   0.7362325E+02   0.9887942E+02   0.5071806E+01   0.4282349E+02   0.4471951E+02   0.4539012E+02   0.5359839E+02   0.1311806E+04
   0.5360000E+03   0.7426252E+02   0.7368486E+02   0.1245439E+03   0.7362844E+02   0.9888728E+02   0.5071760E+01   0.4281908E+02   0.4471671E+02   0.4539077E+02   0.5359853E+02   0.1311674E+04
   0.5370000E+03   0.7427102E+02   0.7367542E+02   0.1245659E+03   0.7363357E+02   0.9889512E+02   0.5071712E+01   0.4281468E+02   0.4471391E+02   0.4539142E+02   0.5359867E+02   0.1311542E+04
   0.5380000E+03   0.7427953E+02   0.7366771E+02   0.1245878E+03   0.7363866E+02   0.9890294E+02   0.5071665E+01   0.4281028E+02   0.4471111E+02   0.4539208E+02   0.5359881E+02   0.1311410E+04
   0.5390000E+03   0.7428803E+02   0.7366140E+02   0.1246097E+03   0.7364371E+02   0.9891074E+02   0.5071617E+01   0.4280589E+02   0.4470831E+02   0.4539271E+02   0.5359895E+02   0.1311278E+04
   0.5400000E+03   0.7429652E+02   0.7365624E+02   0.1246315E+03   0.7364870E+02   0.9891852E+02   0.5071569E+01   0.4280149E+02   0.4470551E+02   0.4539335E+02   0.5359909E+02   0.1311145E+04
   0.5410000E+03   0.7430500E+02   0.7365203E+02   0.1246533E+03   0.7365368E+02   0.9892628E+02   0.5071522E+01   0.4279710E+02   0.4470271E+02   0.4539399E+02   0.5359924E+02   0.1311014E+04
   0.5420000E+03   0.7431348E+02   0.7364859E+02   0.1246751E+03   0.7365864E+02   0.9893403E+02   0.5071474E+01   0.4279270E+02   0.4469991E+02   0.4539463E+02   0.5359938E+02   0.1310848E+04
   0.5430000E+03   0.7432195E+02   0.7364579E+02   0.1246972E+03   0.7366357E+02   0.9894175E+02   0.5071426E+01   0.4278831E+02   0.4469712E+02   0.4539527E+02   0.5359951E+02   0.1310698E+04
   0.5440000E+03   0.7433040E+02   0.7364352E+02   0.1247200E+03   0.7366850E+02   0.9894948E+02   0.5071379E+01   0.4278392E+02   0.4469432E+02   0.4539591E+02   0.5359965E+02   0.1310568E+04
   0.5450000E+03   0.7433885E+02   0.7364165E+02   0.1247428E+03   0.7367340E+02   0.9895721E+02   0.5071332E+01   0.4277953E+02   0.4469153E+02   0.4539654E+02   0.5359978E+02   0.1310428E+04
   0.5460000E+03   0.7434730E+02   0.7364015E+02   0.1247658E+03   0.7367830E+02   0.9896492E+02   0.5071284E+01   0.4277515E+02   0.4468874E+02   0.4539717E+02   0.5359991E+02   0.1310296E+04
   0.5470000E+03   0.7435572E+02   0.7363892E+02   0.1247887E+03   0.7368317E+02   0.9897264E+02   0.5071237E+01   0.4277076E+02   0.4468596E+02   0.4539780E+02   0.5360004E+02   0.1310162E+04
   0.5480000E+03   0.7436414E+02   0.7363792E+02   0.1248119E+03   0.7368806E+02   0.9898033E+02   0.5071188E+01   0.4276638E+02   0.4468317E+02   0.4539842E+02   0.5360017E+02   0.1310027E+04
   0.5490000E+03   0.7437254E+02   0.7363605E+02   0.1248339E+03   0.7369292E+02   0.9898801E+02   0.5071140E+01   0.4276199E+02   0.4468039E+02   0.4539905E+02   0.5360031E+02   0.1309933E+04
   0.5500000E+03   0.7438095E+02   0.7363214E+02   0.1248559E+03   0.7369777E+02   0.9899569E+02   0.5071093E+01   0.4275760E+02   0.4467760E+02   0.4539967E+02   0.5360044E+02   0.1309764E+04
   0.5510000E+03   0.7438935E+02   0.7362691E+02   0.1248768E+03   0.7370261E+02   0.9900339E+02   0.5071044E+01   0.4275322E+02   0.4467481E+02   0.4540028E+02   0.5360058E+02   0.1309626E+04
   0.5520000E+03   0.7439774E+02   0.7362156E+02   0.1248977E+03   0.7370747E+02   0.9901108E+02   0.5070997E+01   0.4274884E+02   0.4467202E+02   0.4540088E+02   0.5360070E+02   0.1309490E+04
   0.5530000E+03   0.7440612E+02   0.7361674E+02   0.1249186E+03   0.7371229E+02   0.9901875E+02   0.5070949E+01   0.4274445E+02   0.4466924E+02   0.4540150E+02   0.5360082E+02   0.1309363E+04
   0.5540000E+03   0.7441448E+02   0.7361266E+02   0.1249394E+03   0.7371712E+02   0.9902641E+02   0.5070901E+01   0.4274007E+02   0.4466647E+02   0.4540211E+02   0.5360095E+02   0.1309225E+04
   0.5550000E+03   0.7442284E+02   0.7360928E+02   0.1249602E+03   0.7372195E+02   0.9903408E+02   0.5070853E+01   0.4273569E+02   0.4466369E+02   0.4540272E+02   0.5360108E+02   0.1309088E+04
   0.5560000E+03   0.7443120E+02   0.7360653E+02   0.1249821E+03   0.7372678E+02   0.9904174E+02   0.5070805E+01   0.4273133E+02   0.4466092E+02   0.4540333E+02   0.5360120E+02   0.1308955E+04
   0.5570000E+03   0.7443955E+02   0.7360429E+02   0.1250047E+03   0.7373160E+02   0.9904939E+02   0.5070757E+01   0.4272696E+02   0.4465815E+02   0.4540393E+02   0.5360132E+02   0.1308823E+04
   0.5580000E+03   0.7444788E+02   0.7360245E+02   0.1250257E+03   0.7373640E+02   0.9905706E+02   0.5070709E+01   0.4272258E+02   0.4465538E+02   0.4540453E+02   0.5360144E+02   0.1308719E+04
   0.5590000E+03   0.7445621E+02   0.7360096E+02   0.1250469E+03   0.7374123E+02   0.9906472E+02   0.5070662E+01   0.4271821E+02   0.4465260E+02   0.4540513E+02   0.5360155E+02   0.1308569E+04
   0.5600000E+03   0.7446452E+02   0.7359975E+02   0.1250691E+03   0.7374602E+02   0.9907238E+02   0.5070614E+01   0.4271384E+02   0.4464983E+02   0.4540572E+02   0.5360167E+02   0.1308433E+04
   0.5610000E+03   0.7447282E+02   0.7359875E+02   0.1250901E+03   0.7375082E+02   0.9908003E+02   0.5070566E+01   0.4270948E+02   0.4464706E+02   0.4540631E+02   0.5360179E+02   0.1308300E+04
   0.5620000E+03   0.7448110E+02   0.7359795E+02   0.1251109E+03   0.7375562E+02   0.9908769E+02   0.5070518E+01   0.4270512E+02   0.4464429E+02   0.4540691E+02   0.5360190E+02   0.1308215E+04
   0.5630000E+03   0.7448938E+02   0.7359731E+02   0.1251316E+03   0.7376042E+02   0.9909532E+02   0.5070470E+01   0.4270075E+02   0.4464152E+02   0.4540751E+02   0.5360201E+02   0.1308067E+04
   0.5640000E+03   0.7449766E+02   0.7359680E+02   0.1251524E+03   0.7376522E+02   0.9910296E+02   0.5070422E+01   0.4269639E+02   0.4463876E+02   0.4540809E+02   0.5360212E+02   0.1307908E+04
   0.5650000E+03   0.7450591E+02   0.7359639E+02   0.1251737E+03   0.7377000E+02   0.9911060E+02   0.5070375E+01   0.4269204E+02   0.4463600E+02   0.4540868E+02   0.5360224E+02   0.1307776E+04
   0.5660000E+03   0.7451417E+02   0.7359606E+02   0.1251944E+03   0.7377480E+02   0.9911820E+02   0.5070328E+01   0.4268768E+02   0.4463323E+02   0.4540925E+02   0.5360235E+02   0.1307652E+04
   0.5670000E+03   0.7452239E+02   0.7359579E+02   0.1252151E+03   0.7377959E+02   0.9912583E+02   0.5070280E+01   0.4268333E+02   0.4463047E+02   0.4540983E+02   0.5360246E+02   0.1307539E+04
   0.5680000E+03   0.7453062E+02   0.7359559E+02   0.1252356E+03   0.7378438E+02   0.9913345E+02   0.5070232E+01   0.4267897E+02   0.4462771E+02   0.4541041E+02   0.5360256E+02   0.1307407E+04
   0.5690000E+03   0.7453883E+02   0.7359542E+02   0.1252563E+03   0.7378916E+02   0.9914108E+02   0.5070186E+01   0.4267462E+02   0.4462495E+02   0.4541099E+02   0.5360266E+02   0.1307252E+04
   0.5700000E+03   0.7454701E+02   0.7359531E+02   0.1252769E+03   0.7379395E+02   0.9914870E+02   0.5070138E+01   0.4267027E+02   0.4462220E+02   0.4541156E+02   0.5360276E+02   0.1307114E+04
   0.5710000E+03   0.7455519E+02   0.7359521E+02   0.1252976E+03   0.7379871E+02   0.9915632E+02   0.5070090E+01   0.4266593E+02   0.4461945E+02   0.4541213E+02   0.5360286E+02   0.1306987E+04
   0.5720000E+03   0.7456335E+02   0.7359515E+02   0.1253182E+03   0.7380347E+02   0.9916393E+02   0.5070042E+01   0.4266158E+02   0.4461669E+02   0.4541270E+02   0.5360296E+02   0.1306860E+04
   0.5730000E+03   0.7457150E+02   0.7359510E+02   0.1253389E+03   0.7380824E+02   0.9917153E+02   0.5069994E+01   0.4265723E+02   0.4461394E+02   0.4541327E+02   0.5360307E+02   0.1306724E+04
   0.5740000E+03   0.7457964E+02   0.7359508E+02   0.1253595E+03   0.7381299E+02   0.9917915E+02   0.5069947E+01   0.4265288E+02   0.4461118E+02   0.4541382E+02   0.5360316E+02   0.1306586E+04
   0.5750000E+03   0.7458779E+02   0.7359506E+02   0.1253802E+03   0.7381776E+02   0.9918676E+02   0.5069899E+01   0.4264854E+02   0.4460843E+02   0.4541439E+02   0.5360327E+02   0.1306448E+04
   0.5760000E+03   0.7459590E+02   0.7359505E+02   0.1254008E+03   0.7382253E+02   0.9919435E+02   0.5069850E+01   0.4264420E+02   0.4460568E+02   0.4541494E+02   0.5360336E+02   0.1306310E+04
   0.5770000E+03   0.7460400E+02   0.7359506E+02   0.1254217E+03   0.7382729E+02   0.9920196E+02   0.5069802E+01   0.4263986E+02   0.4460294E+02   0.4541550E+02   0.5360346E+02   0.1306178E+04
   0.5780000E+03   0.7461210E+02   0.7359509E+02   0.1254423E+03   0.7383204E+02   0.9920955E+02   0.5069755E+01   0.4263551E+02   0.4460019E+02   0.4541606E+02   0.5360356E+02   0.1306045E+04
   0.5790000E+03   0.7462018E+02   0.7359511E+02   0.1254629E+03   0.7383681E+02   0.9921714E+02   0.5069707E+01   0.4263117E+02   0.4459744E+02   0.4541660E+02   0.5360366E+02   0.1305909E+04
   0.5800000E+03   0.7462827E+02   0.7359513E+02   0.1254835E+03   0.7384157E+02   0.9922472E+02   0.5069659E+01   0.4262683E+02   0.4459470E+02   0.4541715E+02   0.5360376E+02   0.1305773E+04
   0.5810000E+03   0.7463631E+02   0.7359516E+02   0.1255042E+03   0.7384631E+02   0.9923230E+02   0.5069612E+01   0.4262249E+02   0.4459196E+02   0.4541770E+02   0.5360385E+02   0.1305647E+04
   0.5820000E+03   0.7464437E+02   0.7359521E+02   0.1255248E+03   0.7385106E+02   0.9923988E+02   0.5069564E+01   0.4261815E+02   0.4458922E+02   0.4541825E+02   0.5360394E+02   0.1305525E+04
   0.5830000E+03   0.7465239E+02   0.7359525E+02   0.1255455E+03   0.7385580E+02   0.9924745E+02   0.5069517E+01   0.4261381E+02   0.4458648E+02   0.4541880E+02   0.5360404E+02   0.1305396E+04
   0.5840000E+03   0.7466042E+02   0.7359529E+02   0.1255661E+03   0.7386053E+02   0.9925503E+02   0.5069470E+01   0.4260947E+02   0.4458375E+02   0.4541935E+02   0.5360413E+02   0.1305268E+04
   0.5850000E+03   0.7466843E+02   0.7359533E+02   0.1255868E+03   0.7386527E+02   0.9926260E+02   0.5069422E+01   0.4260514E+02   0.4458101E+02   0.4541988E+02   0.5360422E+02   0.1305136E+04
   0.5860000E+03   0.7467644E+02   0.7359538E+02   0.1256075E+03   0.7387001E+02   0.9927017E+02   0.5069506E+01   0.4260081E+02   0.4457828E+02   0.4542043E+02   0.5360431E+02   0.1304997E+04
   0.5870000E+03   0.7468442E+02   0.7359542E+02   0.1256282E+03   0.7387475E+02   0.9927773E+02   0.5069796E+01   0.4259648E+02   0.4457554E+02   0.4542095E+02   0.5360439E+02   0.1304851E+04
   0.5880000E+03   0.7469238E+02   0.7359546E+02   0.1256490E+03   0.7387949E+02   0.9928531E+02   0.5070138E+01   0.4259216E+02   0.4457281E+02   0.4542149E+02   0.5360448E+02   0.1304717E+04
   0.5890000E+03   0.7470034E+02   0.7359551E+02   0.1256698E+03   0.7388422E+02   0.9929288E+02   0.5070443E+01   0.4258783E+02   0.4457008E+02   0.4542202E+02   0.5360457E+02   0.1304585E+04
   0.5900000E+03   0.7470831E+02   0.7359554E+02   0.1256906E+03   0.7388895E+02   0.9930043E+02   0.5070688E+01   0.4258351E+02   0.4456734E+02   0.4542255E+02   0.5360464E+02   0.1304447E+04
   0.5910000E+03   0.7471624E+02   0.7359559E+02   0.1257115E+03   0.7389368E+02   0.9930798E+02   0.5070879E+01   0.4257918E+02   0.4456462E+02   0.4542307E+02   0.5360472E+02   0.1304313E+04
   0.5920000E+03   0.7472417E+02   0.7359564E+02   0.1257324E+03   0.7389840E+02   0.9931554E+02   0.5071025E+01   0.4257486E+02   0.4456189E+02   0.4542360E+02   0.5360480E+02   0.1304180E+04
   0.5930000E+03   0.7473209E+02   0.7359570E+02   0.1257533E+03   0.7390311E+02   0.9932310E+02   0.5071136E+01   0.4257055E+02   0.4455917E+02   0.4542412E+02   0.5360488E+02   0.1304047E+04
   0.5940000E+03   0.7473998E+02   0.7359575E+02   0.1257741E+03   0.7390783E+02   0.9933066E+02   0.5071218E+01   0.4256623E+02   0.4455644E+02   0.4542464E+02   0.5360496E+02   0.1303914E+04
   0.5950000E+03   0.7474786E+02   0.7359580E+02   0.1257950E+03   0.7391255E+02   0.9933820E+02   0.5071275E+01   0.4256191E+02   0.4455372E+02   0.4542517E+02   0.5360504E+02   0.1303780E+04
   0.5960000E+03   0.7475574E+02   0.7359586E+02   0.1258159E+03   0.7391726E+02   0.9934575E+02   0.5071313E+01   0.4255760E+02   0.4455100E+02   0.4542567E+02   0.5360512E+02   0.1303645E+04
   0.5970000E+03   0.7476360E+02   0.7359592E+02   0.1258367E+03   0.7392196E+02   0.9935329E+02   0.5071335E+01   0.4255328E+02   0.4454828E+02   0.4542617E+02   0.5360519E+02   0.1303511E+04
   0.5980000E+03   0.7477145E+02   0.7359596E+02   0.1258576E+03   0.7392667E+02   0.9936082E+02   0.5071345E+01   0.4254897E+02   0.4454557E+02   0.4542669E+02   0.5360527E+02   0.1303376E+04
   0.5990000E+03   0.7477929E+02   0.7359602E+02   0.1258784E+03   0.7393137E+02   0.9936836E+02   0.5071343E+01   0.4254466E+02   0.4454285E+02   0.4542719E+02   0.5360534E+02   0.1303244E+04
   0.6000000E+03   0.7478712E+02   0.7359609E+02   0.1258992E+03   0.7393606E+02   0.9937588E+02   0.5071333E+01   0.4254036E+02   0.4454013E+02   0.4542770E+02   0.5360540E+02   0.1303111E+04
   0.6010000E+03   0.7479494E+02   0.7359614E+02   0.1259199E+03   0.7394075E+02   0.9938340E+02   0.5071316E+01   0.4253605E+02   0.4453741E+02   0.4542820E+02   0.5360547E+02   0.1302977E+04
   0.6020000E+03   0.7480273E+02   0.7359620E+02   0.1259407E+03   0.7394543E+02   0.9939094E+02   0.5071294E+01   0.4253175E+02   0.4453470E+02   0.4542870E+02   0.5360554E+02   0.1302845E+04
   0.6030000E+03   0.7481052E+02   0.7359624E+02   0.1259614E+03   0.7395013E+02   0.9939845E+02   0.5071266E+01   0.4252744E+02   0.4453199E+02   0.4542920E+02   0.5360560E+02   0.1302715E+04
   0.6040000E+03   0.7481829E+02   0.7359631E+02   0.1259820E+03   0.7395481E+02   0.9940596E+02   0.5071234E+01   0.4252314E+02   0.4452928E+02   0.4542970E+02   0.5360567E+02   0.1302578E+04
   0.6050000E+03   0.7482606E+02   0.7359635E+02   0.1260027E+03   0.7395948E+02   0.9941345E+02   0.5071199E+01   0.4251883E+02   0.4452657E+02   0.4543019E+02   0.5360573E+02   0.1302442E+04
   0.6060000E+03   0.7483380E+02   0.7359641E+02   0.1260233E+03   0.7396416E+02   0.9942094E+02   0.5071162E+01   0.4251453E+02   0.4452386E+02   0.4543068E+02   0.5360580E+02   0.1302309E+04
   0.6070000E+03   0.7484154E+02   0.7359647E+02   0.1260438E+03   0.7396885E+02   0.9942844E+02   0.5071123E+01   0.4251023E+02   0.4452116E+02   0.4543117E+02   0.5360587E+02   0.1302177E+04
   0.6080000E+03   0.7484928E+02   0.7359652E+02   0.1260644E+03   0.7397353E+02   0.9943594E+02   0.5071082E+01   0.4250594E+02   0.4451846E+02   0.4543166E+02   0.5360594E+02   0.1302078E+04
   0.6090000E+03   0.7485700E+02   0.7358692E+02   0.1260850E+03   0.7397820E+02   0.9944344E+02   0.5071040E+01   0.4250164E+02   0.4451576E+02   0.4543214E+02   0.5360600E+02   0.1301946E+04
   0.6100000E+03   0.7486475E+02   0.7355892E+02   0.1261057E+03   0.7398286E+02   0.9945095E+02   0.5070997E+01   0.4249734E+02   0.4451305E+02   0.4543262E+02   0.5360607E+02   0.1301814E+04
   0.6110000E+03   0.7487256E+02   0.7351453E+02   0.1261265E+03   0.7398753E+02   0.9945843E+02   0.5070953E+01   0.4249304E+02   0.4451036E+02   0.4543311E+02   0.5360613E+02   0.1301654E+04
   0.6120000E+03   0.7488039E+02   0.7346197E+02   0.1261476E+03   0.7399221E+02   0.9946589E+02   0.5070908E+01   0.4248875E+02   0.4450766E+02   0.4543359E+02   0.5360619E+02   0.1301520E+04
   0.6130000E+03   0.7488832E+02   0.7340926E+02   0.1261687E+03   0.7399687E+02   0.9947337E+02   0.5070862E+01   0.4248446E+02   0.4450496E+02   0.4543407E+02   0.5360624E+02   0.1301383E+04
   0.6140000E+03   0.7489627E+02   0.7336167E+02   0.1261899E+03   0.7400153E+02   0.9948084E+02   0.5070816E+01   0.4248017E+02   0.4450226E+02   0.4543454E+02   0.5360630E+02   0.1301247E+04
   0.6150000E+03   0.7490426E+02   0.7332101E+02   0.1262113E+03   0.7400620E+02   0.9948832E+02   0.5070769E+01   0.4247588E+02   0.4449957E+02   0.4543500E+02   0.5360635E+02   0.1301113E+04
   0.6160000E+03   0.7491227E+02   0.7328715E+02   0.1262328E+03   0.7401086E+02   0.9949579E+02   0.5070722E+01   0.4247159E+02   0.4449688E+02   0.4543547E+02   0.5360640E+02   0.1300976E+04
   0.6170000E+03   0.7492030E+02   0.7325927E+02   0.1262544E+03   0.7401551E+02   0.9950327E+02   0.5070674E+01   0.4246730E+02   0.4449418E+02   0.4543594E+02   0.5360645E+02   0.1300843E+04
   0.6180000E+03   0.7492836E+02   0.7323645E+02   0.1262759E+03   0.7402016E+02   0.9951075E+02   0.5070627E+01   0.4246301E+02   0.4449149E+02   0.4543640E+02   0.5360651E+02   0.1300744E+04
   0.6190000E+03   0.7493642E+02   0.7321700E+02   0.1262974E+03   0.7402480E+02   0.9951823E+02   0.5070579E+01   0.4245872E+02   0.4448880E+02   0.4543686E+02   0.5360656E+02   0.1300612E+04
   0.6200000E+03   0.7494449E+02   0.7319769E+02   0.1263188E+03   0.7402945E+02   0.9952569E+02   0.5070530E+01   0.4245443E+02   0.4448611E+02   0.4543732E+02   0.5360661E+02   0.1300485E+04
   0.6210000E+03   0.7495257E+02   0.7317738E+02   0.1263402E+03   0.7403410E+02   0.9953316E+02   0.5070482E+01   0.4245015E+02   0.4448343E+02   0.4543778E+02   0.5360666E+02   0.1300321E+04
   0.6220000E+03   0.7496065E+02   0.7315714E+02   0.1263617E+03   0.7403873E+02   0.9954063E+02   0.5070434E+01   0.4244587E+02   0.4448074E+02   0.4543824E+02   0.5360671E+02   0.1300191E+04
   0.6230000E+03   0.7496877E+02   0.7313859E+02   0.1263831E+03   0.7404337E+02   0.9954808E+02   0.5070384E+01   0.4244159E+02   0.4447806E+02   0.4543869E+02   0.5360675E+02   0.1300054E+04
   0.6240000E+03   0.7497689E+02   0.7312256E+02   0.1264048E+03   0.7404800E+02   0.9955554E+02   0.5070335E+01   0.4243732E+02   0.4447537E+02   0.4543914E+02   0.5360680E+02   0.1299919E+04
   0.6250000E+03   0.7498502E+02   0.7310918E+02   0.1264263E+03   0.7405264E+02   0.9956300E+02   0.5070286E+01   0.4243304E+02   0.4447269E+02   0.4543959E+02   0.5360685E+02   0.1299787E+04
   0.6260000E+03   0.7499313E+02   0.7309814E+02   0.1264478E+03   0.7405727E+02   0.9957045E+02   0.5070237E+01   0.4242876E+02   0.4447001E+02   0.4544004E+02   0.5360689E+02   0.1299651E+04
   0.6270000E+03   0.7500126E+02   0.7308913E+02   0.1264693E+03   0.7406189E+02   0.9957789E+02   0.5070188E+01   0.4242449E+02   0.4446732E+02   0.4544049E+02   0.5360693E+02   0.1299526E+04
   0.6280000E+03   0.7500937E+02   0.7308173E+02   0.1264907E+03   0.7406651E+02   0.9958532E+02   0.5070138E+01   0.4242022E+02   0.4446464E+02   0.4544093E+02   0.5360698E+02   0.1299385E+04
   0.6290000E+03   0.7501749E+02   0.7307569E+02   0.1265122E+03   0.7407113E+02   0.9959275E+02   0.5070089E+01   0.4241594E+02   0.4446196E+02   0.4544137E+02   0.5360701E+02   0.1299251E+04
   0.6300000E+03   0.7502558E+02   0.7307077E+02   0.1265337E+03   0.7407574E+02   0.9960019E+02   0.5070040E+01   0.4241167E+02   0.4445929E+02   0.4544181E+02   0.5360705E+02   0.1299127E+04
   0.6310000E+03   0.7503368E+02   0.7306676E+02   0.1265552E+03   0.7408036E+02   0.9960762E+02   0.5069990E+01   0.4240741E+02   0.4445661E+02   0.4544225E+02   0.5360709E+02   0.1298983E+04
   0.6320000E+03   0.7504176E+02   0.7306348E+02   0.1265767E+03   0.7408495E+02   0.9961504E+02   0.5069941E+01   0.4240314E+02   0.4445394E+02   0.4544268E+02   0.5360713E+02   0.1298847E+04
   0.6330000E+03   0.7504983E+02   0.7306084E+02   0.1265982E+03   0.7408955E+02   0.9962247E+02   0.5069891E+01   0.4239886E+02   0.4445127E+02   0.4544312E+02   0.5360715E+02   0.1298715E+04
   0.6340000E+03   0.7505790E+02   0.7305868E+02   0.1266197E+03   0.7409416E+02   0.9962991E+02   0.5069841E+01   0.4239460E+02   0.4444859E+02   0.4544356E+02   0.5360719E+02   0.1298581E+04
   0.6350000E+03   0.7506595E+02   0.7305692E+02   0.1266411E+03   0.7409875E+02   0.9963733E+02   0.5069791E+01   0.4239034E+02   0.4444592E+02   0.4544399E+02   0.5360721E+02   0.1298445E+04
   0.6360000E+03   0.7507398E+02   0.7305550E+02   0.1266626E+03   0.7410336E+02   0.9964475E+02   0.5069741E+01   0.4238607E+02   0.4444325E+02   0.4544441E+02   0.5360725E+02   0.1298313E+04
   0.6370000E+03   0.7508202E+02   0.7305435E+02   0.1266841E+03   0.7410794E+02   0.9965216E+02   0.5069691E+01   0.4238181E+02   0.4444058E+02   0.4544483E+02   0.5360729E+02   0.1298179E+04
   0.6380000E+03   0.7509003E+02   0.7305343E+02   0.1267055E+03   0.7411253E+02   0.9965958E+02   0.5069641E+01   0.4237755E+02   0.4443791E+02   0.4544526E+02   0.5360733E+02   0.1298044E+04
   0.6390000E+03   0.7509805E+02   0.7305270E+02   0.1267270E+03   0.7411712E+02   0.9966698E+02   0.5069591E+01   0.4237329E+02   0.4443525E+02   0.4544567E+02   0.5360736E+02   0.1297909E+04
   0.6400000E+03   0.7510605E+02   0.7305211E+02   0.1267484E+03   0.7412170E+02   0.9967439E+02   0.5069541E+01   0.4236904E+02   0.4443258E+02   0.4544609E+02   0.5360740E+02   0.1297773E+04
   0.6410000E+03   0.7511404E+02   0.7305165E+02   0.1267699E+03   0.7412627E+02   0.9968179E+02   0.5069492E+01   0.4236478E+02   0.4442991E+02   0.4544651E+02   0.5360742E+02   0.1297639E+04
   0.6420000E+03   0.7512202E+02   0.7305128E+02   0.1267913E+03   0.7413084E+02   0.9968919E+02   0.5069442E+01   0.4236052E+02   0.4442726E+02   0.4544692E+02   0.5360745E+02   0.1297514E+04
   0.6430000E+03   0.7512998E+02   0.7305100E+02   0.1268127E+03   0.7413543E+02   0.9969659E+02   0.5069392E+01   0.4235627E+02   0.4442460E+02   0.4544733E+02   0.5360747E+02   0.1297397E+04
   0.6440000E+03   0.7513791E+02   0.7305079E+02   0.1268342E+03   0.7414000E+02   0.9970399E+02   0.5069343E+01   0.4235202E+02   0.4442194E+02   0.4544774E+02   0.5360749E+02   0.1297233E+04
   0.6450000E+03   0.7514584E+02   0.7305064E+02   0.1268557E+03   0.7414457E+02   0.9971138E+02   0.5069293E+01   0.4234777E+02   0.4441928E+02   0.4544815E+02   0.5360751E+02   0.1297077E+04
   0.6460000E+03   0.7515376E+02   0.7305052E+02   0.1268772E+03   0.7414914E+02   0.9971877E+02   0.5069242E+01   0.4234353E+02   0.4441663E+02   0.4544856E+02   0.5360754E+02   0.1296939E+04
   0.6470000E+03   0.7516166E+02   0.7304972E+02   0.1268988E+03   0.7415369E+02   0.9972615E+02   0.5069192E+01   0.4233929E+02   0.4441397E+02   0.4544897E+02   0.5360756E+02   0.1296838E+04
   0.6480000E+03   0.7516956E+02   0.7304562E+02   0.1269205E+03   0.7415824E+02   0.9973354E+02   0.5069142E+01   0.4233505E+02   0.4441132E+02   0.4544937E+02   0.5360758E+02   0.1296686E+04
   0.6490000E+03   0.7517745E+02   0.7303790E+02   0.1269422E+03   0.7416280E+02   0.9974090E+02   0.5069092E+01   0.4233081E+02   0.4440866E+02   0.4544978E+02   0.5360760E+02   0.1296551E+04
   0.6500000E+03   0.7518533E+02   0.7302837E+02   0.1269639E+03   0.7416737E+02   0.9974827E+02   0.5069042E+01   0.4232656E+02   0.4440601E+02   0.4545017E+02   0.5360762E+02   0.1296410E+04
   0.6510000E+03   0.7519322E+02   0.7301886E+02   0.1269857E+03   0.7417194E+02   0.9975563E+02   0.5068992E+01   0.4232232E+02   0.4440336E+02   0.4545057E+02   0.5360764E+02   0.1296271E+04
   0.6520000E+03   0.7520113E+02   0.7301030E+02   0.1270075E+03   0.7417648E+02   0.9976299E+02   0.5068942E+01   0.4231808E+02   0.4440071E+02   0.4545095E+02   0.5360766E+02   0.1296136E+04
   0.6530000E+03   0.7520903E+02   0.7300300E+02   0.1270293E+03   0.7418103E+02   0.9977036E+02   0.5068893E+01   0.4231384E+02   0.4439807E+02   0.4545134E+02   0.5360767E+02   0.1296000E+04
   0.6540000E+03   0.7521691E+02   0.7299693E+02   0.1270511E+03   0.7418558E+02   0.9977772E+02   0.5068843E+01   0.4230961E+02   0.4439543E+02   0.4545174E+02   0.5360770E+02   0.1295867E+04
   0.6550000E+03   0.7522479E+02   0.7299194E+02   0.1270730E+03   0.7419012E+02   0.9978507E+02   0.5068794E+01   0.4230537E+02   0.4439278E+02   0.4545213E+02   0.5360771E+02   0.1295733E+04
   0.6560000E+03   0.7523267E+02   0.7298632E+02   0.1270949E+03   0.7419468E+02   0.9979243E+02   0.5068744E+01   0.4230114E+02   0.4439014E+02   0.4545253E+02   0.5360772E+02   0.1295628E+04
   0.6570000E+03   0.7524055E+02   0.7297716E+02   0.1271167E+03   0.7419920E+02   0.9979977E+02   0.5068694E+01   0.4229691E+02   0.4438750E+02   0.4545291E+02   0.5360773E+02   0.1295496E+04
   0.6580000E+03   0.7524844E+02   0.7296381E+02   0.1271385E+03   0.7420374E+02   0.9980713E+02   0.5068645E+01   0.4229268E+02   0.4438486E+02   0.4545329E+02   0.5360774E+02   0.1295357E+04
   0.6590000E+03   0.7525634E+02   0.7294823E+02   0.1271603E+03   0.7420825E+02   0.9981448E+02   0.5068594E+01   0.4228844E+02   0.4438221E+02   0.4545367E+02   0.5360775E+02   0.1295203E+04
   0.6600000E+03   0.7526424E+02   0.7293291E+02   0.1271821E+03   0.7421278E+02   0.9982182E+02   0.5068545E+01   0.4228421E+02   0.4437957E+02   0.4545406E+02   0.5360777E+02   0.1295071E+04
   0.6610000E+03   0.7527213E+02   0.7291927E+02   0.1272039E+03   0.7421732E+02   0.9982915E+02   0.5068496E+01   0.4227998E+02   0.4437693E+02   0.4545443E+02   0.5360776E+02   0.1294934E+04
   0.6620000E+03   0.7528003E+02   0.7290771E+02   0.1272257E+03   0.7422185E+02   0.9983649E+02   0.5068446E+01   0.4227576E+02   0.4437430E+02   0.4545480E+02   0.5360776E+02   0.1294799E+04
   0.6630000E+03   0.7528794E+02   0.7289823E+02   0.1272475E+03   0.7422637E+02   0.9984383E+02   0.5068396E+01   0.4227154E+02   0.4437166E+02   0.4545517E+02   0.5360776E+02   0.1294665E+04
   0.6640000E+03   0.7529584E+02   0.7289039E+02   0.1272693E+03   0.7423091E+02   0.9985116E+02   0.5068346E+01   0.4226732E+02   0.4436903E+02   0.4545553E+02   0.5360776E+02   0.1294529E+04
   0.6650000E+03   0.7530373E+02   0.7288396E+02   0.1272911E+03   0.7423545E+02   0.9985848E+02   0.5068296E+01   0.4226311E+02   0.4436640E+02   0.4545589E+02   0.5360776E+02   0.1294419E+04
   0.6660000E+03   0.7531160E+02   0.7287872E+02   0.1273128E+03   0.7423997E+02   0.9986580E+02   0.5068246E+01   0.4225888E+02   0.4436376E+02   0.4545626E+02   0.5360776E+02   0.1294278E+04
   0.6670000E+03   0.7531948E+02   0.7287444E+02   0.1273345E+03   0.7424448E+02   0.9987311E+02   0.5068196E+01   0.4225467E+02   0.4436113E+02   0.4545663E+02   0.5360777E+02   0.1294143E+04
   0.6680000E+03   0.7532735E+02   0.7287097E+02   0.1273561E+03   0.7424898E+02   0.9988044E+02   0.5068146E+01   0.4225045E+02   0.4435850E+02   0.4545699E+02   0.5360777E+02   0.1294001E+04
   0.6690000E+03   0.7533520E+02   0.7286814E+02   0.1273778E+03   0.7425350E+02   0.9988776E+02   0.5068097E+01   0.4224623E+02   0.4435588E+02   0.4545735E+02   0.5360777E+02   0.1293865E+04
   0.6700000E+03   0.7534303E+02   0.7286585E+02   0.1273993E+03   0.7425802E+02   0.9989508E+02   0.5068047E+01   0.4224201E+02   0.4435325E+02   0.4545772E+02   0.5360777E+02   0.1293730E+04
   0.6710000E+03   0.7535088E+02   0.7286399E+02   0.1274209E+03   0.7426253E+02   0.9990240E+02   0.5067997E+01   0.4223780E+02   0.4435063E+02   0.4545808E+02   0.5360777E+02   0.1293594E+04
   0.6720000E+03   0.7535870E+02   0.7286249E+02   0.1274427E+03   0.7426704E+02   0.9990971E+02   0.5067947E+01   0.4223358E+02   0.4434801E+02   0.4545844E+02   0.5360777E+02   0.1293459E+04
   0.6730000E+03   0.7536653E+02   0.7286127E+02   0.1274642E+03   0.7427155E+02   0.9991701E+02   0.5067897E+01   0.4222937E+02   0.4434538E+02   0.4545880E+02   0.5360776E+02   0.1293320E+04
   0.6740000E+03   0.7537436E+02   0.7286030E+02   0.1274857E+03   0.7427605E+02   0.9992431E+02   0.5067847E+01   0.4222516E+02   0.4434276E+02   0.4545915E+02   0.5360775E+02   0.1293183E+04
   0.6750000E+03   0.7538216E+02   0.7285951E+02   0.1275073E+03   0.7428055E+02   0.9993160E+02   0.5067797E+01   0.4222095E+02   0.4434015E+02   0.4545950E+02   0.5360775E+02   0.1293048E+04
   0.6760000E+03   0.7538993E+02   0.7285890E+02   0.1275288E+03   0.7428503E+02   0.9993891E+02   0.5067747E+01   0.4221674E+02   0.4433752E+02   0.4545986E+02   0.5360774E+02   0.1292913E+04
   0.6770000E+03   0.7539770E+02   0.7285841E+02   0.1275503E+03   0.7428951E+02   0.9994622E+02   0.5067697E+01   0.4221254E+02   0.4433490E+02   0.4546021E+02   0.5360774E+02   0.1292778E+04
   0.6780000E+03   0.7540550E+02   0.7285804E+02   0.1275719E+03   0.7429400E+02   0.9995353E+02   0.5067646E+01   0.4220832E+02   0.4433229E+02   0.4546055E+02   0.5360773E+02   0.1292643E+04
   0.6790000E+03   0.7541338E+02   0.7285776E+02   0.1275934E+03   0.7429849E+02   0.9996082E+02   0.5067595E+01   0.4220412E+02   0.4432967E+02   0.4546089E+02   0.5360772E+02   0.1292508E+04
   0.6800000E+03   0.7542133E+02   0.7285754E+02   0.1276149E+03   0.7430297E+02   0.9996809E+02   0.5067545E+01   0.4219992E+02   0.4432705E+02   0.4546122E+02   0.5360770E+02   0.1292373E+04
   0.6810000E+03   0.7542934E+02   0.7285738E+02   0.1276365E+03   0.7430746E+02   0.9997536E+02   0.5067494E+01   0.4219572E+02   0.4432443E+02   0.4546157E+02   0.5360770E+02   0.1292238E+04
   0.6820000E+03   0.7543741E+02   0.7285726E+02   0.1276580E+03   0.7431194E+02   0.9998263E+02   0.5067444E+01   0.4219152E+02   0.4432182E+02   0.4546189E+02   0.5360769E+02   0.1292102E+04
   0.6830000E+03   0.7544551E+02   0.7285719E+02   0.1276796E+03   0.7431641E+02   0.9998990E+02   0.5067394E+01   0.4218732E+02   0.4431922E+02   0.4546223E+02   0.5360768E+02   0.1291969E+04
   0.6840000E+03   0.7545366E+02   0.7285714E+02   0.1277011E+03   0.7432089E+02   0.9999718E+02   0.5067343E+01   0.4218313E+02   0.4431660E+02   0.4546256E+02   0.5360766E+02   0.1291832E+04
   0.6850000E+03   0.7546187E+02   0.7285713E+02   0.1277226E+03   0.7432535E+02   0.1000044E+03   0.5067293E+01   0.4217894E+02   0.4431400E+02   0.4546288E+02   0.5360765E+02   0.1291698E+04
   0.6860000E+03   0.7547012E+02   0.7285714E+02   0.1277441E+03   0.7432980E+02   0.1000117E+03   0.5067242E+01   0.4217474E+02   0.4431140E+02   0.4546321E+02   0.5360763E+02   0.1291562E+04
   0.6870000E+03   0.7547838E+02   0.7285715E+02   0.1277656E+03   0.7433427E+02   0.1000190E+03   0.5067192E+01   0.4217056E+02   0.4430879E+02   0.4546353E+02   0.5360761E+02   0.1291433E+04
   0.6880000E+03   0.7548668E+02   0.7285719E+02   0.1277871E+03   0.7433874E+02   0.1000263E+03   0.5067142E+01   0.4216636E+02   0.4430619E+02   0.4546386E+02   0.5360759E+02   0.1291293E+04
   0.6890000E+03   0.7549503E+02   0.7285710E+02   0.1278086E+03   0.7434319E+02   0.1000335E+03   0.5067091E+01   0.4216217E+02   0.4430359E+02   0.4546418E+02   0.5360757E+02   0.1291164E+04
   0.6900000E+03   0.7550340E+02   0.7285693E+02   0.1278300E+03   0.7434764E+02   0.1000408E+03   0.5067040E+01   0.4215799E+02   0.4430098E+02   0.4546451E+02   0.5360755E+02   0.1291023E+04
   0.6910000E+03   0.7551178E+02   0.7285674E+02   0.1278514E+03   0.7435209E+02   0.1000480E+03   0.5066990E+01   0.4215380E+02   0.4429838E+02   0.4546484E+02   0.5360753E+02   0.1290888E+04
   0.6920000E+03   0.7552020E+02   0.7285661E+02   0.1278728E+03   0.7435654E+02   0.1000553E+03   0.5066939E+01   0.4214962E+02   0.4429578E+02   0.4546516E+02   0.5360750E+02   0.1290752E+04
   0.6930000E+03   0.7552865E+02   0.7285650E+02   0.1278942E+03   0.7436101E+02   0.1000626E+03   0.5066888E+01   0.4214544E+02   0.4429318E+02   0.4546547E+02   0.5360747E+02   0.1290617E+04
   0.6940000E+03   0.7553710E+02   0.7285643E+02   0.1279156E+03   0.7436546E+02   0.1000698E+03   0.5066837E+01   0.4214126E+02   0.4429058E+02   0.4546578E+02   0.5360744E+02   0.1290481E+04
   0.6950000E+03   0.7554558E+02   0.7285640E+02   0.1279370E+03   0.7436989E+02   0.1000771E+03   0.5066786E+01   0.4213707E+02   0.4428799E+02   0.4546609E+02   0.5360741E+02   0.1290346E+04
   0.6960000E+03   0.7555408E+02   0.7285638E+02   0.1279583E+03   0.7437433E+02   0.1000843E+03   0.5066735E+01   0.4213289E+02   0.4428540E+02   0.4546640E+02   0.5360738E+02   0.1290211E+04
   0.6970000E+03   0.7556258E+02   0.7285638E+02   0.1279796E+03   0.7437876E+02   0.1000915E+03   0.5066684E+01   0.4212871E+02   0.4428280E+02   0.4546671E+02   0.5360736E+02   0.1290076E+04
   0.6980000E+03   0.7557111E+02   0.7285640E+02   0.1280009E+03   0.7438320E+02   0.1000987E+03   0.5066632E+01   0.4212453E+02   0.4428021E+02   0.4546701E+02   0.5360734E+02   0.1289941E+04
   0.6990000E+03   0.7557962E+02   0.7285644E+02   0.1280221E+03   0.7438763E+02   0.1001060E+03   0.5066581E+01   0.4212036E+02   0.4427763E+02   0.4546732E+02   0.5360732E+02   0.1289805E+04
   0.7000000E+03   0.7558815E+02   0.7285650E+02   0.1280434E+03   0.7439207E+02   0.1001132E+03   0.5066530E+01   0.4211619E+02   0.4427504E+02   0.4546762E+02   0.5360729E+02   0.1289670E+04
   0.7010000E+03   0.7559669E+02   0.7285656E+02   0.1280646E+03   0.7439651E+02   0.1001204E+03   0.5066479E+01   0.4211202E+02   0.4427245E+02   0.4546792E+02   0.5360726E+02   0.1289535E+04
   0.7020000E+03   0.7560523E+02   0.7285663E+02   0.1280859E+03   0.7440092E+02   0.1001276E+03   0.5066428E+01   0.4210785E+02   0.4426986E+02   0.4546822E+02   0.5360723E+02   0.1289399E+04
   0.7030000E+03   0.7561378E+02   0.7285671E+02   0.1281071E+03   0.7440536E+02   0.1001348E+03   0.5066378E+01   0.4210368E+02   0.4426727E+02   0.4546852E+02   0.5360720E+02   0.1289264E+04
   0.7040000E+03   0.7562231E+02   0.7285679E+02   0.1281283E+03   0.7440977E+02   0.1001420E+03   0.5066326E+01   0.4209951E+02   0.4426468E+02   0.4546881E+02   0.5360717E+02   0.1289129E+04
   0.7050000E+03   0.7563086E+02   0.7285686E+02   0.1281494E+03   0.7441419E+02   0.1001492E+03   0.5066275E+01   0.4209533E+02   0.4426209E+02   0.4546910E+02   0.5360714E+02   0.1288994E+04
   0.7060000E+03   0.7563940E+02   0.7285695E+02   0.1281706E+03   0.7441860E+02   0.1001564E+03   0.5066224E+01   0.4209117E+02   0.4425951E+02   0.4546940E+02   0.5360710E+02   0.1288858E+04
   0.7070000E+03   0.7564795E+02   0.7285705E+02   0.1281918E+03   0.7442302E+02   0.1001637E+03   0.5066173E+01   0.4208700E+02   0.4425694E+02   0.4546969E+02   0.5360707E+02   0.1288723E+04
   0.7080000E+03   0.7565649E+02   0.7285713E+02   0.1282129E+03   0.7442744E+02   0.1001709E+03   0.5066121E+01   0.4208284E+02   0.4425436E+02   0.4546998E+02   0.5360703E+02   0.1288588E+04
   0.7090000E+03   0.7566502E+02   0.7285723E+02   0.1282345E+03   0.7443185E+02   0.1001781E+03   0.5066070E+01   0.4207867E+02   0.4425178E+02   0.4547026E+02   0.5360700E+02   0.1288449E+04
   0.7100000E+03   0.7567356E+02   0.7285734E+02   0.1282556E+03   0.7443626E+02   0.1001853E+03   0.5066018E+01   0.4207451E+02   0.4424921E+02   0.4547055E+02   0.5360695E+02   0.1288314E+04
   0.7110000E+03   0.7568210E+02   0.7285744E+02   0.1282767E+03   0.7444067E+02   0.1001925E+03   0.5065966E+01   0.4207035E+02   0.4424665E+02   0.4547083E+02   0.5360691E+02   0.1288178E+04
   0.7120000E+03   0.7569062E+02   0.7285754E+02   0.1282978E+03   0.7444509E+02   0.1001996E+03   0.5065914E+01   0.4206620E+02   0.4424407E+02   0.4547111E+02   0.5360687E+02   0.1288043E+04
   0.7130000E+03   0.7569914E+02   0.7285764E+02   0.1283190E+03   0.7444949E+02   0.1002068E+03   0.5065862E+01   0.4206204E+02   0.4424150E+02   0.4547139E+02   0.5360683E+02   0.1287902E+04
   0.7140000E+03   0.7570766E+02   0.7285774E+02   0.1283401E+03   0.7445389E+02   0.1002140E+03   0.5065811E+01   0.4205789E+02   0.4423894E+02   0.4547166E+02   0.5360679E+02   0.1287764E+04
   0.7150000E+03   0.7571616E+02   0.7285784E+02   0.1283613E+03   0.7445828E+02   0.1002212E+03   0.5065760E+01   0.4205374E+02   0.4423637E+02   0.4547194E+02   0.5360675E+02   0.1287630E+04
   0.7160000E+03   0.7572466E+02   0.7285794E+02   0.1283825E+03   0.7446268E+02   0.1002284E+03   0.5065708E+01   0.4204958E+02   0.4423380E+02   0.4547221E+02   0.5360670E+02   0.1287494E+04
   0.7170000E+03   0.7573316E+02   0.7285804E+02   0.1284036E+03   0.7446707E+02   0.1002355E+03   0.5065656E+01   0.4204544E+02   0.4423123E+02   0.4547249E+02   0.5360665E+02   0.1287360E+04
   0.7180000E+03   0.7574166E+02   0.7285815E+02   0.1284248E+03   0.7447147E+02   0.1002427E+03   0.5065604E+01   0.4204128E+02   0.4422866E+02   0.4547276E+02   0.5360660E+02   0.1287222E+04
   0.7190000E+03   0.7575015E+02   0.7285825E+02   0.1284459E+03   0.7447586E+02   0.1002499E+03   0.5065552E+01   0.4203713E+02   0.4422609E+02   0.4547302E+02   0.5360654E+02   0.1287087E+04
   0.7200000E+03   0.7575863E+02   0.7285835E+02   0.1284671E+03   0.7448024E+02   0.1002570E+03   0.5065501E+01   0.4203299E+02   0.4422353E+02   0.4547328E+02   0.5360649E+02   0.1286956E+04
   0.7210000E+03   0.7576710E+02   0.7285844E+02   0.1284883E+03   0.7448463E+02   0.1002642E+03   0.5065448E+01   0.4202884E+02   0.4422096E+02   0.4547355E+02   0.5360644E+02   0.1286820E+04
   0.7220000E+03   0.7577555E+02   0.7285855E+02   0.1285095E+03   0.7448901E+02   0.1002713E+03   0.5065396E+01   0.4202469E+02   0.4421840E+02   0.4547381E+02   0.5360639E+02   0.1286676E+04
   0.7230000E+03   0.7578400E+02   0.7285867E+02   0.1285306E+03   0.7449340E+02   0.1002785E+03   0.5065344E+01   0.4202055E+02   0.4421584E+02   0.4547407E+02   0.5360634E+02   0.1286541E+04
   0.7240000E+03   0.7579246E+02   0.7285877E+02   0.1285517E+03   0.7449777E+02   0.1002856E+03   0.5065292E+01   0.4201640E+02   0.4421327E+02   0.4547433E+02   0.5360629E+02   0.1286444E+04
   0.7250000E+03   0.7580090E+02   0.7285888E+02   0.1285728E+03   0.7450213E+02   0.1002928E+03   0.5065239E+01   0.4201226E+02   0.4421071E+02   0.4547458E+02   0.5360623E+02   0.1286308E+04
   0.7260000E+03   0.7580936E+02   0.7285898E+02   0.1285939E+03   0.7450648E+02   0.1003000E+03   0.5065187E+01   0.4200813E+02   0.4420815E+02   0.4547484E+02   0.5360618E+02   0.1286173E+04
   0.7270000E+03   0.7581779E+02   0.7285908E+02   0.1286150E+03   0.7451084E+02   0.1003071E+03   0.5065135E+01   0.4200400E+02   0.4420559E+02   0.4547510E+02   0.5360613E+02   0.1286038E+04
   0.7280000E+03   0.7582622E+02   0.7285918E+02   0.1286361E+03   0.7451521E+02   0.1003143E+03   0.5065084E+01   0.4199987E+02   0.4420304E+02   0.4547535E+02   0.5360608E+02   0.1285903E+04
   0.7290000E+03   0.7583464E+02   0.7285928E+02   0.1286573E+03   0.7451955E+02   0.1003214E+03   0.5065031E+01   0.4199573E+02   0.4420048E+02   0.4547561E+02   0.5360602E+02   0.1285767E+04
   0.7300000E+03   0.7584306E+02   0.7285938E+02   0.1286788E+03   0.7452391E+02   0.1003285E+03   0.5064979E+01   0.4199160E+02   0.4419793E+02   0.4547587E+02   0.5360597E+02   0.1285631E+04
   0.7310000E+03   0.7585147E+02   0.7285949E+02   0.1287004E+03   0.7452826E+02   0.1003357E+03   0.5064927E+01   0.4198746E+02   0.4419537E+02   0.4547613E+02   0.5360592E+02   0.1285495E+04
   0.7320000E+03   0.7585989E+02   0.7285960E+02   0.1287216E+03   0.7453262E+02   0.1003428E+03   0.5064875E+01   0.4198333E+02   0.4419282E+02   0.4547637E+02   0.5360587E+02   0.1285360E+04
   0.7330000E+03   0.7586829E+02   0.7285970E+02   0.1287428E+03   0.7453696E+02   0.1003499E+03   0.5064823E+01   0.4197921E+02   0.4419027E+02   0.4547661E+02   0.5360581E+02   0.1285224E+04
   0.7340000E+03   0.7587669E+02   0.7285981E+02   0.1287640E+03   0.7454131E+02   0.1003571E+03   0.5064771E+01   0.4197507E+02   0.4418772E+02   0.4547686E+02   0.5360574E+02   0.1285089E+04
   0.7350000E+03   0.7588508E+02   0.7285991E+02   0.1287852E+03   0.7454566E+02   0.1003642E+03   0.5064718E+01   0.4197095E+02   0.4418518E+02   0.4547711E+02   0.5360568E+02   0.1284955E+04
   0.7360000E+03   0.7589346E+02   0.7286001E+02   0.1288063E+03   0.7455001E+02   0.1003713E+03   0.5064666E+01   0.4196683E+02   0.4418263E+02   0.4547735E+02   0.5360563E+02   0.1284823E+04
   0.7370000E+03   0.7590186E+02   0.7285996E+02   0.1288275E+03   0.7455434E+02   0.1003784E+03   0.5064614E+01   0.4196270E+02   0.4418009E+02   0.4547760E+02   0.5360556E+02   0.1284687E+04
   0.7380000E+03   0.7591022E+02   0.7285959E+02   0.1288487E+03   0.7455867E+02   0.1003858E+03   0.5064562E+01   0.4195858E+02   0.4417755E+02   0.4547784E+02   0.5360550E+02   0.1284550E+04
   0.7390000E+03   0.7591858E+02   0.7285886E+02   0.1288703E+03   0.7456300E+02   0.1003930E+03   0.5064510E+01   0.4195446E+02   0.4417501E+02   0.4547807E+02   0.5360543E+02   0.1284413E+04
   0.7400000E+03   0.7592696E+02   0.7285794E+02   0.1288914E+03   0.7456733E+02   0.1004001E+03   0.5064457E+01   0.4195034E+02   0.4417247E+02   0.4547831E+02   0.5360537E+02   0.1284276E+04
   0.7410000E+03   0.7593533E+02   0.7285696E+02   0.1289130E+03   0.7457166E+02   0.1004072E+03   0.5064406E+01   0.4194622E+02   0.4416993E+02   0.4547855E+02   0.5360530E+02   0.1284140E+04
   0.7420000E+03   0.7594373E+02   0.7285603E+02   0.1289346E+03   0.7457600E+02   0.1004143E+03   0.5064354E+01   0.4194210E+02   0.4416739E+02   0.4547879E+02   0.5360524E+02   0.1284004E+04
   0.7430000E+03   0.7595213E+02   0.7285523E+02   0.1289563E+03   0.7458034E+02   0.1004214E+03   0.5064301E+01   0.4193799E+02   0.4416486E+02   0.4547902E+02   0.5360517E+02   0.1283870E+04
   0.7440000E+03   0.7596052E+02   0.7285456E+02   0.1289776E+03   0.7458468E+02   0.1004285E+03   0.5064250E+01   0.4193387E+02   0.4416232E+02   0.4547926E+02   0.5360509E+02   0.1283734E+04
   0.7450000E+03   0.7596892E+02   0.7285400E+02   0.1289989E+03   0.7458900E+02   0.1004357E+03   0.5064198E+01   0.4192976E+02   0.4415978E+02   0.4547949E+02   0.5360502E+02   0.1283599E+04
   0.7460000E+03   0.7597732E+02   0.7285355E+02   0.1290203E+03   0.7459332E+02   0.1004428E+03   0.5064147E+01   0.4192564E+02   0.4415725E+02   0.4547972E+02   0.5360495E+02   0.1283464E+04
   0.7470000E+03   0.7598570E+02   0.7285316E+02   0.1290417E+03   0.7459764E+02   0.1004499E+03   0.5064095E+01   0.4192153E+02   0.4415472E+02   0.4547995E+02   0.5360488E+02   0.1283328E+04
   0.7480000E+03   0.7599409E+02   0.7285282E+02   0.1290630E+03   0.7460195E+02   0.1004570E+03   0.5064044E+01   0.4191742E+02   0.4415218E+02   0.4548017E+02   0.5360480E+02   0.1283193E+04
   0.7490000E+03   0.7600248E+02   0.7285255E+02   0.1290844E+03   0.7460626E+02   0.1004641E+03   0.5063992E+01   0.4191331E+02   0.4414965E+02   0.4548040E+02   0.5360472E+02   0.1283060E+04
   0.7500000E+03   0.7601086E+02   0.7285232E+02   0.1291059E+03   0.7461058E+02   0.1004712E+03   0.5063940E+01   0.4190921E+02   0.4414713E+02   0.4548062E+02   0.5360465E+02   0.1282922E+04
   0.7510000E+03   0.7601923E+02   0.7285215E+02   0.1291273E+03   0.7461488E+02   0.1004783E+03   0.5063889E+01   0.4190511E+02   0.4414459E+02   0.4548083E+02   0.5360458E+02   0.1282788E+04
   0.7520000E+03   0.7602757E+02   0.7285203E+02   0.1291487E+03   0.7461918E+02   0.1004853E+03   0.5063837E+01   0.4190100E+02   0.4414206E+02   0.4548106E+02   0.5360450E+02   0.1282653E+04
   0.7530000E+03   0.7603592E+02   0.7285196E+02   0.1291701E+03   0.7462348E+02   0.1004924E+03   0.5063784E+01   0.4189690E+02   0.4413953E+02   0.4548127E+02   0.5360443E+02   0.1282512E+04
   0.7540000E+03   0.7604427E+02   0.7285191E+02   0.1291914E+03   0.7462777E+02   0.1004995E+03   0.5063732E+01   0.4189280E+02   0.4413700E+02   0.4548148E+02   0.5360435E+02   0.1282378E+04
   0.7550000E+03   0.7605260E+02   0.7285189E+02   0.1292128E+03   0.7463207E+02   0.1005065E+03   0.5063681E+01   0.4188870E+02   0.4413447E+02   0.4548169E+02   0.5360427E+02   0.1282241E+04
   0.7560000E+03   0.7606094E+02   0.7285189E+02   0.1292341E+03   0.7463637E+02   0.1005136E+03   0.5063629E+01   0.4188460E+02   0.4413195E+02   0.4548190E+02   0.5360419E+02   0.1282105E+04
   0.7570000E+03   0.7606925E+02   0.7285191E+02   0.1292554E+03   0.7464066E+02   0.1005206E+03   0.5063577E+01   0.4188050E+02   0.4412943E+02   0.4548211E+02   0.5360411E+02   0.1281969E+04
   0.7580000E+03   0.7607757E+02   0.7285196E+02   0.1292766E+03   0.7464494E+02   0.1005277E+03   0.5063525E+01   0.4187642E+02   0.4412691E+02   0.4548232E+02   0.5360403E+02   0.1281825E+04
   0.7590000E+03   0.7608585E+02   0.7285200E+02   0.1292981E+03   0.7464922E+02   0.1005347E+03   0.5063473E+01   0.4187232E+02   0.4412439E+02   0.4548251E+02   0.5360395E+02   0.1281697E+04
   0.7600000E+03   0.7609413E+02   0.7285205E+02   0.1293194E+03   0.7465349E+02   0.1005417E+03   0.5063421E+01   0.4186823E+02   0.4412188E+02   0.4548272E+02   0.5360387E+02   0.1281559E+04
   0.7610000E+03   0.7610242E+02   0.7285208E+02   0.1293407E+03   0.7465777E+02   0.1005488E+03   0.5063368E+01   0.4186414E+02   0.4411936E+02   0.4548291E+02   0.5360379E+02   0.1281423E+04
   0.7620000E+03   0.7611069E+02   0.7285203E+02   0.1293620E+03   0.7466203E+02   0.1005558E+03   0.5063316E+01   0.4186005E+02   0.4411685E+02   0.4548312E+02   0.5360371E+02   0.1281293E+04
   0.7630000E+03   0.7611893E+02   0.7285189E+02   0.1293834E+03   0.7466629E+02   0.1005628E+03   0.5063264E+01   0.4185596E+02   0.4411434E+02   0.4548332E+02   0.5360363E+02   0.1281159E+04
   0.7640000E+03   0.7612719E+02   0.7285172E+02   0.1294050E+03   0.7467055E+02   0.1005698E+03   0.5063213E+01   0.4185188E+02   0.4411183E+02   0.4548352E+02   0.5360355E+02   0.1281024E+04
   0.7650000E+03   0.7613544E+02   0.7285152E+02   0.1294266E+03   0.7467481E+02   0.1005769E+03   0.5063160E+01   0.4184779E+02   0.4410931E+02   0.4548371E+02   0.5360347E+02   0.1280889E+04
   0.7660000E+03   0.7614368E+02   0.7285137E+02   0.1294482E+03   0.7467908E+02   0.1005839E+03   0.5063108E+01   0.4184371E+02   0.4410680E+02   0.4548391E+02   0.5360338E+02   0.1280753E+04
   0.7670000E+03   0.7615191E+02   0.7285126E+02   0.1294697E+03   0.7468333E+02   0.1005909E+03   0.5063057E+01   0.4183963E+02   0.4410430E+02   0.4548410E+02   0.5360328E+02   0.1280618E+04
   0.7680000E+03   0.7616013E+02   0.7285119E+02   0.1294913E+03   0.7468759E+02   0.1005979E+03   0.5063005E+01   0.4183555E+02   0.4410180E+02   0.4548430E+02   0.5360320E+02   0.1280482E+04
   0.7690000E+03   0.7616833E+02   0.7285116E+02   0.1295126E+03   0.7469185E+02   0.1006049E+03   0.5062952E+01   0.4183147E+02   0.4409929E+02   0.4548450E+02   0.5360312E+02   0.1280347E+04
   0.7700000E+03   0.7617654E+02   0.7285114E+02   0.1295341E+03   0.7469611E+02   0.1006119E+03   0.5062900E+01   0.4182739E+02   0.4409678E+02   0.4548469E+02   0.5360302E+02   0.1280211E+04
   0.7710000E+03   0.7618472E+02   0.7285116E+02   0.1295554E+03   0.7470035E+02   0.1006189E+03   0.5062847E+01   0.4182331E+02   0.4409428E+02   0.4548487E+02   0.5360292E+02   0.1280076E+04
   0.7720000E+03   0.7619291E+02   0.7285119E+02   0.1295766E+03   0.7470459E+02   0.1006259E+03   0.5062794E+01   0.4181923E+02   0.4409177E+02   0.4548506E+02   0.5360283E+02   0.1279899E+04
   0.7730000E+03   0.7620110E+02   0.7285120E+02   0.1295979E+03   0.7470882E+02   0.1006329E+03   0.5062742E+01   0.4181516E+02   0.4408927E+02   0.4548525E+02   0.5360274E+02   0.1279765E+04
   0.7740000E+03   0.7620926E+02   0.7285108E+02   0.1296198E+03   0.7471307E+02   0.1006398E+03   0.5062691E+01   0.4181109E+02   0.4408677E+02   0.4548543E+02   0.5360265E+02   0.1279627E+04
   0.7750000E+03   0.7621742E+02   0.7285081E+02   0.1296411E+03   0.7471730E+02   0.1006468E+03   0.5062638E+01   0.4180701E+02   0.4408427E+02   0.4548561E+02   0.5360256E+02   0.1279492E+04
   0.7760000E+03   0.7622558E+02   0.7285045E+02   0.1296624E+03   0.7472155E+02   0.1006538E+03   0.5062586E+01   0.4180294E+02   0.4408178E+02   0.4548579E+02   0.5360246E+02   0.1279357E+04
   0.7770000E+03   0.7623371E+02   0.7285007E+02   0.1296838E+03   0.7472578E+02   0.1006608E+03   0.5062534E+01   0.4179887E+02   0.4407928E+02   0.4548597E+02   0.5360236E+02   0.1279222E+04
   0.7780000E+03   0.7624184E+02   0.7284970E+02   0.1297051E+03   0.7473001E+02   0.1006677E+03   0.5062482E+01   0.4179480E+02   0.4407678E+02   0.4548615E+02   0.5360225E+02   0.1279082E+04
   0.7790000E+03   0.7624998E+02   0.7284939E+02   0.1297263E+03   0.7473424E+02   0.1006747E+03   0.5062429E+01   0.4179073E+02   0.4407428E+02   0.4548632E+02   0.5360216E+02   0.1278947E+04
   0.7800000E+03   0.7625810E+02   0.7284915E+02   0.1297478E+03   0.7473847E+02   0.1006817E+03   0.5062377E+01   0.4178667E+02   0.4407178E+02   0.4548649E+02   0.5360206E+02   0.1278820E+04
   0.7810000E+03   0.7626622E+02   0.7284897E+02   0.1297692E+03   0.7474271E+02   0.1006886E+03   0.5062325E+01   0.4178261E+02   0.4406928E+02   0.4548667E+02   0.5360195E+02   0.1278683E+04
   0.7820000E+03   0.7627432E+02   0.7284885E+02   0.1297906E+03   0.7474694E+02   0.1006955E+03   0.5062273E+01   0.4177854E+02   0.4406679E+02   0.4548684E+02   0.5360186E+02   0.1278548E+04
   0.7830000E+03   0.7628241E+02   0.7284876E+02   0.1298119E+03   0.7475117E+02   0.1007025E+03   0.5062220E+01   0.4177448E+02   0.4406429E+02   0.4548701E+02   0.5360176E+02   0.1278409E+04
   0.7840000E+03   0.7629049E+02   0.7284871E+02   0.1298334E+03   0.7475539E+02   0.1007094E+03   0.5062168E+01   0.4177042E+02   0.4406180E+02   0.4548718E+02   0.5360166E+02   0.1278278E+04
   0.7850000E+03   0.7629855E+02   0.7284869E+02   0.1298548E+03   0.7475959E+02   0.1007163E+03   0.5062115E+01   0.4176636E+02   0.4405931E+02   0.4548735E+02   0.5360156E+02   0.1278143E+04
   0.7860000E+03   0.7630661E+02   0.7284867E+02   0.1298762E+03   0.7476379E+02   0.1007232E+03   0.5062062E+01   0.4176230E+02   0.4405682E+02   0.4548750E+02   0.5360146E+02   0.1278007E+04
   0.7870000E+03   0.7631465E+02   0.7284867E+02   0.1298976E+03   0.7476801E+02   0.1007302E+03   0.5062010E+01   0.4175824E+02   0.4405433E+02   0.4548766E+02   0.5360135E+02   0.1277872E+04
   0.7880000E+03   0.7632268E+02   0.7284869E+02   0.1299190E+03   0.7477221E+02   0.1007371E+03   0.5061957E+01   0.4175418E+02   0.4405184E+02   0.4548783E+02   0.5360124E+02   0.1277737E+04
   0.7890000E+03   0.7633070E+02   0.7284872E+02   0.1299404E+03   0.7477641E+02   0.1007440E+03   0.5061904E+01   0.4175013E+02   0.4404935E+02   0.4548799E+02   0.5360114E+02   0.1277601E+04
   0.7900000E+03   0.7633872E+02   0.7284876E+02   0.1299618E+03   0.7478062E+02   0.1007509E+03   0.5061852E+01   0.4174608E+02   0.4404687E+02   0.4548814E+02   0.5360103E+02   0.1277465E+04
   0.7910000E+03   0.7634673E+02   0.7284882E+02   0.1299832E+03   0.7478483E+02   0.1007578E+03   0.5061799E+01   0.4174202E+02   0.4404439E+02   0.4548830E+02   0.5360093E+02   0.1277330E+04
   0.7920000E+03   0.7635473E+02   0.7284889E+02   0.1300044E+03   0.7478902E+02   0.1007647E+03   0.5061747E+01   0.4173798E+02   0.4404190E+02   0.4548845E+02   0.5360081E+02   0.1277204E+04
   0.7930000E+03   0.7636271E+02   0.7284897E+02   0.1300256E+03   0.7479323E+02   0.1007716E+03   0.5061694E+01   0.4173393E+02   0.4403942E+02   0.4548860E+02   0.5360070E+02   0.1277059E+04
   0.7940000E+03   0.7637069E+02   0.7284906E+02   0.1300467E+03   0.7479742E+02   0.1007785E+03   0.5061642E+01   0.4172989E+02   0.4403695E+02   0.4548875E+02   0.5360058E+02   0.1276911E+04
   0.7950000E+03   0.7637866E+02   0.7284916E+02   0.1300678E+03   0.7480161E+02   0.1007854E+03   0.5061589E+01   0.4172584E+02   0.4403448E+02   0.4548890E+02   0.5360047E+02   0.1276784E+04
   0.7960000E+03   0.7638660E+02   0.7284926E+02   0.1300888E+03   0.7480579E+02   0.1007923E+03   0.5061536E+01   0.4172179E+02   0.4403199E+02   0.4548905E+02   0.5360036E+02   0.1276649E+04
   0.7970000E+03   0.7639453E+02   0.7284936E+02   0.1301099E+03   0.7480997E+02   0.1007992E+03   0.5061483E+01   0.4171775E+02   0.4402953E+02   0.4548920E+02   0.5360025E+02   0.1276513E+04
   0.7980000E+03   0.7640244E+02   0.7284946E+02   0.1301309E+03   0.7481414E+02   0.1008061E+03   0.5061431E+01   0.4171371E+02   0.4402706E+02   0.4548935E+02   0.5360014E+02   0.1276378E+04
   0.7990000E+03   0.7641040E+02   0.7284957E+02   0.1301519E+03   0.7481832E+02   0.1008130E+03   0.5061378E+01   0.4170967E+02   0.4402458E+02   0.4548950E+02   0.5360003E+02   0.1276242E+04
   0.8000000E+03   0.7641843E+02   0.7284968E+02   0.1301729E+03   0.7482249E+02   0.1008198E+03   0.5061326E+01   0.4170563E+02   0.4402211E+02   0.4548964E+02   0.5359990E+02   0.1276106E+04
   0.8010000E+03   0.7642651E+02   0.7284978E+02   0.1301938E+03   0.7482666E+02   0.1008267E+03   0.5061273E+01   0.4170160E+02   0.4401963E+02   0.4548979E+02   0.5359978E+02   0.1275971E+04
   0.8020000E+03   0.7643464E+02   0.7284988E+02   0.1302147E+03   0.7483083E+02   0.1008336E+03   0.5061220E+01   0.4169756E+02   0.4401717E+02   0.4548994E+02   0.5359967E+02   0.1275835E+04
   0.8030000E+03   0.7644282E+02   0.7284999E+02   0.1302357E+03   0.7483501E+02   0.1008404E+03   0.5061166E+01   0.4169353E+02   0.4401471E+02   0.4549009E+02   0.5359955E+02   0.1275699E+04
   0.8040000E+03   0.7645103E+02   0.7285010E+02   0.1302565E+03   0.7483918E+02   0.1008473E+03   0.5061114E+01   0.4168949E+02   0.4401225E+02   0.4549023E+02   0.5359942E+02   0.1275563E+04
   0.8050000E+03   0.7645929E+02   0.7285020E+02   0.1302774E+03   0.7484335E+02   0.1008541E+03   0.5061061E+01   0.4168546E+02   0.4400978E+02   0.4549037E+02   0.5359930E+02   0.1275429E+04
   0.8060000E+03   0.7646761E+02   0.7285031E+02   0.1302982E+03   0.7484751E+02   0.1008609E+03   0.5061008E+01   0.4168143E+02   0.4400731E+02   0.4549049E+02   0.5359917E+02   0.1275293E+04
   0.8070000E+03   0.7647595E+02   0.7285043E+02   0.1303191E+03   0.7485168E+02   0.1008678E+03   0.5060956E+01   0.4167741E+02   0.4400485E+02   0.4549062E+02   0.5359905E+02   0.1275174E+04
   0.8080000E+03   0.7648433E+02   0.7285053E+02   0.1303428E+03   0.7485585E+02   0.1008746E+03   0.5060903E+01   0.4167338E+02   0.4400239E+02   0.4549076E+02   0.5359893E+02   0.1275055E+04
   0.8090000E+03   0.7649274E+02   0.7285064E+02   0.1303642E+03   0.7486001E+02   0.1008814E+03   0.5060851E+01   0.4166936E+02   0.4399993E+02   0.4549088E+02   0.5359879E+02   0.1274924E+04
   0.8100000E+03   0.7650118E+02   0.7285076E+02   0.1303857E+03   0.7486417E+02   0.1008883E+03   0.5061280E+01   0.4166536E+02   0.4399747E+02   0.4549100E+02   0.5359867E+02   0.1274802E+04
   0.8110000E+03   0.7650964E+02   0.7285088E+02   0.1304110E+03   0.7486833E+02   0.1008951E+03   0.5062218E+01   0.4166138E+02   0.4399502E+02   0.4549112E+02   0.5359855E+02   0.1274666E+04
   0.8120000E+03   0.7651813E+02   0.7285099E+02   0.1304433E+03   0.7487249E+02   0.1009019E+03   0.5063237E+01   0.4165740E+02   0.4399257E+02   0.4549125E+02   0.5359842E+02   0.1274526E+04
   0.8130000E+03   0.7652664E+02   0.7285110E+02   0.1304820E+03   0.7487664E+02   0.1009087E+03   0.5064124E+01   0.4165342E+02   0.4399012E+02   0.4549137E+02   0.5359830E+02   0.1274367E+04
   0.8140000E+03   0.7653519E+02   0.7285120E+02   0.1305249E+03   0.7488078E+02   0.1009155E+03   0.5064841E+01   0.4164946E+02   0.4398766E+02   0.4549150E+02   0.5359818E+02   0.1274230E+04
   0.8150000E+03   0.7654376E+02   0.7285132E+02   0.1305754E+03   0.7488493E+02   0.1009223E+03   0.5065402E+01   0.4164550E+02   0.4398521E+02   0.4549163E+02   0.5359805E+02   0.1274094E+04
   0.8160000E+03   0.7655235E+02   0.7285143E+02   0.1308331E+03   0.7488907E+02   0.1009291E+03   0.5065840E+01   0.4164155E+02   0.4398276E+02   0.4549174E+02   0.5359792E+02   0.1273958E+04
   0.8170000E+03   0.7656096E+02   0.7285154E+02   0.1308639E+03   0.7489321E+02   0.1009359E+03   0.5066182E+01   0.4163760E+02   0.4398032E+02   0.4549186E+02   0.5359780E+02   0.1273823E+04
   0.8180000E+03   0.7656959E+02   0.7285166E+02   0.1308931E+03   0.7489735E+02   0.1009427E+03   0.5066448E+01   0.4163366E+02   0.4397786E+02   0.4549198E+02   0.5359768E+02   0.1273687E+04
   0.8190000E+03   0.7657824E+02   0.7285178E+02   0.1309209E+03   0.7490150E+02   0.1009495E+03   0.5066652E+01   0.4162972E+02   0.4397541E+02   0.4549209E+02   0.5359755E+02   0.1273551E+04
   0.8200000E+03   0.7658691E+02   0.7285189E+02   0.1309477E+03   0.7490565E+02   0.1009563E+03   0.5066808E+01   0.4162579E+02   0.4397297E+02   0.4549221E+02   0.5359742E+02   0.1273417E+04
   0.8210000E+03   0.7659560E+02   0.7285201E+02   0.1309735E+03   0.7490981E+02   0.1009631E+03   0.5066924E+01   0.4162185E+02   0.4397052E+02   0.4549233E+02   0.5359729E+02   0.1273281E+04
   0.8220000E+03   0.7660431E+02   0.7285212E+02   0.1309986E+03   0.7491394E+02   0.1009698E+03   0.5067009E+01   0.4161792E+02   0.4396808E+02   0.4549244E+02   0.5359717E+02   0.1273146E+04
   0.8230000E+03   0.7661303E+02   0.7285223E+02   0.1310231E+03   0.7491808E+02   0.1009766E+03   0.5067070E+01   0.4161399E+02   0.4396563E+02   0.4549255E+02   0.5359703E+02   0.1273010E+04
   0.8240000E+03   0.7662176E+02   0.7285235E+02   0.1310470E+03   0.7492220E+02   0.1009834E+03   0.5067111E+01   0.4161006E+02   0.4396319E+02   0.4549267E+02   0.5359690E+02   0.1272878E+04
   0.8250000E+03   0.7663050E+02   0.7285247E+02   0.1310706E+03   0.7492633E+02   0.1009902E+03   0.5067134E+01   0.4160614E+02   0.4396075E+02   0.4549278E+02   0.5359676E+02   0.1272742E+04
   0.8260000E+03   0.7663927E+02   0.7285258E+02   0.1310938E+03   0.7493046E+02   0.1009969E+03   0.5067144E+01   0.4160221E+02   0.4395831E+02   0.4549288E+02   0.5359662E+02   0.1272607E+04
   0.8270000E+03   0.7664804E+02   0.7285271E+02   0.1311168E+03   0.7493459E+02   0.1010037E+03   0.5067142E+01   0.4159829E+02   0.4395587E+02   0.4549298E+02   0.5359648E+02   0.1272471E+04
   0.8280000E+03   0.7665683E+02   0.7285282E+02   0.1311395E+03   0.7493872E+02   0.1010104E+03   0.5067133E+01   0.4159437E+02   0.4395343E+02   0.4549308E+02   0.5359634E+02   0.1272347E+04
   0.8290000E+03   0.7666561E+02   0.7285294E+02   0.1311620E+03   0.7494283E+02   0.1010172E+03   0.5067116E+01   0.4159045E+02   0.4395099E+02   0.4549318E+02   0.5359621E+02   0.1272172E+04
   0.8300000E+03   0.7667442E+02   0.7285305E+02   0.1311844E+03   0.7494694E+02   0.1010239E+03   0.5067092E+01   0.4158653E+02   0.4394855E+02   0.4549328E+02   0.5359607E+02   0.1272023E+04
   0.8310000E+03   0.7668324E+02   0.7285317E+02   0.1312068E+03   0.7495105E+02   0.1010307E+03   0.5067064E+01   0.4158261E+02   0.4394612E+02   0.4549338E+02   0.5359593E+02   0.1271896E+04
   0.8320000E+03   0.7669205E+02   0.7285329E+02   0.1312291E+03   0.7495517E+02   0.1010374E+03   0.5067031E+01   0.4157870E+02   0.4394368E+02   0.4549348E+02   0.5359579E+02   0.1271745E+04
   0.8330000E+03   0.7670087E+02   0.7285341E+02   0.1312514E+03   0.7495927E+02   0.1010442E+03   0.5066996E+01   0.4157479E+02   0.4394126E+02   0.4549358E+02   0.5359566E+02   0.1271614E+04
   0.8340000E+03   0.7670969E+02   0.7285352E+02   0.1312736E+03   0.7496338E+02   0.1010509E+03   0.5066958E+01   0.4157087E+02   0.4393883E+02   0.4549368E+02   0.5359552E+02   0.1271486E+04
   0.8350000E+03   0.7671852E+02   0.7285365E+02   0.1312959E+03   0.7496748E+02   0.1010576E+03   0.5066918E+01   0.4156696E+02   0.4393640E+02   0.4549377E+02   0.5359537E+02   0.1271344E+04
   0.8360000E+03   0.7672735E+02   0.7285376E+02   0.1313181E+03   0.7497159E+02   0.1010643E+03   0.5066876E+01   0.4156306E+02   0.4393398E+02   0.4549387E+02   0.5359523E+02   0.1271213E+04
   0.8370000E+03   0.7673619E+02   0.7285388E+02   0.1313403E+03   0.7497568E+02   0.1010710E+03   0.5066833E+01   0.4155915E+02   0.4393154E+02   0.4549396E+02   0.5359510E+02   0.1271077E+04
   0.8380000E+03   0.7674504E+02   0.7285400E+02   0.1313625E+03   0.7497977E+02   0.1010778E+03   0.5066789E+01   0.4155525E+02   0.4392912E+02   0.4549404E+02   0.5359495E+02   0.1270941E+04
   0.8390000E+03   0.7675388E+02   0.7285412E+02   0.1313848E+03   0.7498386E+02   0.1010845E+03   0.5066743E+01   0.4155135E+02   0.4392669E+02   0.4549413E+02   0.5359480E+02   0.1270810E+04
   0.8400000E+03   0.7676274E+02   0.7285423E+02   0.1314070E+03   0.7498796E+02   0.1010912E+03   0.5066697E+01   0.4154744E+02   0.4392427E+02   0.4549421E+02   0.5359465E+02   0.1270681E+04
   0.8410000E+03   0.7677160E+02   0.7285435E+02   0.1314292E+03   0.7499207E+02   0.1010979E+03   0.5066650E+01   0.4154354E+02   0.4392184E+02   0.4549429E+02   0.5359451E+02   0.1270554E+04
   0.8420000E+03   0.7678052E+02   0.7285291E+02   0.1314513E+03   0.7499616E+02   0.1011046E+03   0.5066602E+01   0.4153964E+02   0.4391942E+02   0.4549438E+02   0.5359436E+02   0.1270445E+04
   0.8430000E+03   0.7678963E+02   0.7284615E+02   0.1314735E+03   0.7500026E+02   0.1011113E+03   0.5066555E+01   0.4153574E+02   0.4391700E+02   0.4549446E+02   0.5359422E+02   0.1270317E+04
   0.8440000E+03   0.7679916E+02   0.7283247E+02   0.1314956E+03   0.7500436E+02   0.1011180E+03   0.5066506E+01   0.4153184E+02   0.4391458E+02   0.4549455E+02   0.5359407E+02   0.1270183E+04
   0.8450000E+03   0.7680914E+02   0.7281529E+02   0.1315177E+03   0.7500846E+02   0.1011247E+03   0.5066458E+01   0.4152794E+02   0.4391216E+02   0.4549463E+02   0.5359393E+02   0.1270051E+04
   0.8460000E+03   0.7681963E+02   0.7279737E+02   0.1315399E+03   0.7501269E+02   0.1011314E+03   0.5066409E+01   0.4152404E+02   0.4390974E+02   0.4549471E+02   0.5359378E+02   0.1269878E+04
   0.8470000E+03   0.7683054E+02   0.7278091E+02   0.1315622E+03   0.7501719E+02   0.1011382E+03   0.5066360E+01   0.4152015E+02   0.4390733E+02   0.4549479E+02   0.5359363E+02   0.1269723E+04
   0.8480000E+03   0.7684180E+02   0.7276673E+02   0.1315844E+03   0.7502189E+02   0.1011450E+03   0.5066310E+01   0.4151626E+02   0.4390491E+02   0.4549486E+02   0.5359348E+02   0.1269587E+04
   0.8490000E+03   0.7685332E+02   0.7275490E+02   0.1316067E+03   0.7502672E+02   0.1011518E+03   0.5066260E+01   0.4151237E+02   0.4390250E+02   0.4549493E+02   0.5359332E+02   0.1269450E+04
   0.8500000E+03   0.7686508E+02   0.7274519E+02   0.1316288E+03   0.7503169E+02   0.1011586E+03   0.5066210E+01   0.4150848E+02   0.4390010E+02   0.4549500E+02   0.5359317E+02   0.1269332E+04
   0.8510000E+03   0.7687704E+02   0.7273542E+02   0.1316509E+03   0.7503707E+02   0.1011654E+03   0.5066160E+01   0.4150459E+02   0.4389769E+02   0.4549507E+02   0.5359302E+02   0.1269229E+04
   0.8520000E+03   0.7688936E+02   0.7272110E+02   0.1316729E+03   0.7504315E+02   0.1011723E+03   0.5066110E+01   0.4150070E+02   0.4389529E+02   0.4549514E+02   0.5359287E+02   0.1269096E+04
   0.8530000E+03   0.7690219E+02   0.7270088E+02   0.1316950E+03   0.7505021E+02   0.1011792E+03   0.5066060E+01   0.4149681E+02   0.4389289E+02   0.4549520E+02   0.5359272E+02   0.1268963E+04
   0.8540000E+03   0.7691560E+02   0.7267699E+02   0.1317172E+03   0.7505826E+02   0.1011863E+03   0.5066010E+01   0.4149293E+02   0.4389050E+02   0.4549527E+02   0.5359257E+02   0.1268831E+04
   0.8550000E+03   0.7692972E+02   0.7264948E+02   0.1317391E+03   0.7506711E+02   0.1011933E+03   0.5065960E+01   0.4148904E+02   0.4388812E+02   0.4549534E+02   0.5359241E+02   0.1268698E+04
   0.8560000E+03   0.7694463E+02   0.7261715E+02   0.1317610E+03   0.7507647E+02   0.1012004E+03   0.5065910E+01   0.4148516E+02   0.4388575E+02   0.4549541E+02   0.5359226E+02   0.1268565E+04
   0.8570000E+03   0.7696053E+02   0.7257674E+02   0.1317829E+03   0.7508611E+02   0.1012076E+03   0.5065861E+01   0.4148128E+02   0.4388338E+02   0.4549547E+02   0.5359211E+02   0.1268432E+04
   0.8580000E+03   0.7697767E+02   0.7252685E+02   0.1318047E+03   0.7509581E+02   0.1012147E+03   0.5065812E+01   0.4147739E+02   0.4388103E+02   0.4549554E+02   0.5359195E+02   0.1268299E+04
   0.8590000E+03   0.7699625E+02   0.7246652E+02   0.1318265E+03   0.7510545E+02   0.1012218E+03   0.5065762E+01   0.4147351E+02   0.4387869E+02   0.4549561E+02   0.5359180E+02   0.1268166E+04
   0.8600000E+03   0.7701649E+02   0.7239709E+02   0.1318483E+03   0.7511479E+02   0.1012289E+03   0.5065712E+01   0.4146964E+02   0.4387637E+02   0.4549566E+02   0.5359165E+02   0.1268033E+04
   0.8610000E+03   0.7703683E+02   0.7231841E+02   0.1318700E+03   0.7512366E+02   0.1012359E+03   0.5065662E+01   0.4146575E+02   0.4387404E+02   0.4549572E+02   0.5359148E+02   0.1267900E+04
   0.8620000E+03   0.7705478E+02   0.7223193E+02   0.1318916E+03   0.7513195E+02   0.1012429E+03   0.5065612E+01   0.4146187E+02   0.4387173E+02   0.4549577E+02   0.5359132E+02   0.1267767E+04
   0.8630000E+03   0.7707028E+02   0.7213741E+02   0.1319133E+03   0.7513962E+02   0.1012498E+03   0.5065561E+01   0.4145799E+02   0.4386942E+02   0.4549583E+02   0.5359116E+02   0.1267635E+04
   0.8640000E+03   0.7708271E+02   0.7203638E+02   0.1319349E+03   0.7514672E+02   0.1012568E+03   0.5065510E+01   0.4145411E+02   0.4386712E+02   0.4549588E+02   0.5359100E+02   0.1267502E+04
   0.8650000E+03   0.7709216E+02   0.7193491E+02   0.1319565E+03   0.7515333E+02   0.1012637E+03   0.5065459E+01   0.4145024E+02   0.4386483E+02   0.4549594E+02   0.5359084E+02   0.1267369E+04
   0.8660000E+03   0.7709876E+02   0.7184013E+02   0.1319780E+03   0.7515951E+02   0.1012706E+03   0.5065409E+01   0.4144636E+02   0.4386254E+02   0.4549600E+02   0.5359068E+02   0.1267235E+04
   0.8670000E+03   0.7710294E+02   0.7175726E+02   0.1319995E+03   0.7516533E+02   0.1012775E+03   0.5065358E+01   0.4144249E+02   0.4386025E+02   0.4549606E+02   0.5359051E+02   0.1267103E+04
   0.8680000E+03   0.7710499E+02   0.7168768E+02   0.1320211E+03   0.7517084E+02   0.1012843E+03   0.5065308E+01   0.4143862E+02   0.4385796E+02   0.4549611E+02   0.5359035E+02   0.1266970E+04
   0.8690000E+03   0.7710529E+02   0.7163032E+02   0.1320426E+03   0.7517611E+02   0.1012912E+03   0.5065257E+01   0.4143475E+02   0.4385568E+02   0.4549615E+02   0.5359017E+02   0.1266837E+04
   0.8700000E+03   0.7710415E+02   0.7158342E+02   0.1320641E+03   0.7518118E+02   0.1012980E+03   0.5065207E+01   0.4143088E+02   0.4385340E+02   0.4549620E+02   0.5359000E+02   0.1266704E+04
   0.8710000E+03   0.7710168E+02   0.7154519E+02   0.1320857E+03   0.7518609E+02   0.1013049E+03   0.5065156E+01   0.4142702E+02   0.4385112E+02   0.4549625E+02   0.5358984E+02   0.1266571E+04
   0.8720000E+03   0.7709811E+02   0.7151411E+02   0.1321075E+03   0.7519086E+02   0.1013117E+03   0.5065106E+01   0.4142315E+02   0.4384884E+02   0.4549630E+02   0.5358968E+02   0.1266429E+04
   0.8730000E+03   0.7709369E+02   0.7148888E+02   0.1321297E+03   0.7519550E+02   0.1013185E+03   0.5065055E+01   0.4141929E+02   0.4384656E+02   0.4549634E+02   0.5358952E+02   0.1266304E+04
   0.8740000E+03   0.7708856E+02   0.7146843E+02   0.1321517E+03   0.7520007E+02   0.1013253E+03   0.5065005E+01   0.4141543E+02   0.4384429E+02   0.4549638E+02   0.5358936E+02   0.1266169E+04
   0.8750000E+03   0.7708289E+02   0.7145188E+02   0.1321740E+03   0.7520457E+02   0.1013321E+03   0.5064954E+01   0.4141157E+02   0.4384202E+02   0.4549643E+02   0.5358920E+02   0.1266009E+04
   0.8760000E+03   0.7707677E+02   0.7143854E+02   0.1321968E+03   0.7520901E+02   0.1013389E+03   0.5064904E+01   0.4140771E+02   0.4383975E+02   0.4549646E+02   0.5358903E+02   0.1265872E+04
   0.8770000E+03   0.7707030E+02   0.7142780E+02   0.1322196E+03   0.7521339E+02   0.1013457E+03   0.5064854E+01   0.4140385E+02   0.4383748E+02   0.4549650E+02   0.5358886E+02   0.1265733E+04
   0.8780000E+03   0.7706358E+02   0.7141920E+02   0.1322423E+03   0.7521772E+02   0.1013525E+03   0.5064803E+01   0.4140000E+02   0.4383522E+02   0.4549654E+02   0.5358869E+02   0.1265584E+04
   0.8790000E+03   0.7705664E+02   0.7141234E+02   0.1322643E+03   0.7522202E+02   0.1013593E+03   0.5064753E+01   0.4139615E+02   0.4383295E+02   0.4549658E+02   0.5358852E+02   0.1265466E+04
   0.8800000E+03   0.7704952E+02   0.7140691E+02   0.1322867E+03   0.7522630E+02   0.1013660E+03   0.5064702E+01   0.4139230E+02   0.4383068E+02   0.4549662E+02   0.5358836E+02   0.1265339E+04
   0.8810000E+03   0.7704231E+02   0.7140263E+02   0.1323082E+03   0.7523054E+02   0.1013728E+03   0.5064651E+01   0.4138844E+02   0.4382841E+02   0.4549666E+02   0.5358818E+02   0.1265213E+04
   0.8820000E+03   0.7703502E+02   0.7139930E+02   0.1323305E+03   0.7523476E+02   0.1013796E+03   0.5064600E+01   0.4138459E+02   0.4382615E+02   0.4549671E+02   0.5358801E+02   0.1265046E+04
   0.8830000E+03   0.7702769E+02   0.7139674E+02   0.1323529E+03   0.7523897E+02   0.1013863E+03   0.5064549E+01   0.4138073E+02   0.4382388E+02   0.4549674E+02   0.5358784E+02   0.1264908E+04
   0.8840000E+03   0.7702033E+02   0.7139481E+02   0.1323739E+03   0.7524317E+02   0.1013931E+03   0.5064499E+01   0.4137688E+02   0.4382162E+02   0.4549677E+02   0.5358766E+02   0.1264801E+04
   0.8850000E+03   0.7701298E+02   0.7139340E+02   0.1323948E+03   0.7524735E+02   0.1013999E+03   0.5064449E+01   0.4137303E+02   0.4381937E+02   0.4549680E+02   0.5358749E+02   0.1264665E+04
   0.8860000E+03   0.7700563E+02   0.7139241E+02   0.1324156E+03   0.7525153E+02   0.1014066E+03   0.5064398E+01   0.4136918E+02   0.4381711E+02   0.4549683E+02   0.5358731E+02   0.1264538E+04
   0.8870000E+03   0.7699830E+02   0.7139176E+02   0.1324364E+03   0.7525570E+02   0.1014133E+03   0.5064347E+01   0.4136533E+02   0.4381485E+02   0.4549686E+02   0.5358714E+02   0.1264405E+04
   0.8880000E+03   0.7699101E+02   0.7139137E+02   0.1324576E+03   0.7525985E+02   0.1014201E+03   0.5064297E+01   0.4136148E+02   0.4381259E+02   0.4549688E+02   0.5358695E+02   0.1264238E+04
   0.8890000E+03   0.7698376E+02   0.7139120E+02   0.1324789E+03   0.7526399E+02   0.1014268E+03   0.5064247E+01   0.4135764E+02   0.4381033E+02   0.4549691E+02   0.5358678E+02   0.1264087E+04
   0.8900000E+03   0.7697659E+02   0.7139122E+02   0.1325003E+03   0.7526814E+02   0.1014335E+03   0.5064195E+01   0.4135380E+02   0.4380808E+02   0.4549693E+02   0.5358660E+02   0.1263948E+04
   0.8910000E+03   0.7696944E+02   0.7139139E+02   0.1325214E+03   0.7527226E+02   0.1014403E+03   0.5064143E+01   0.4134996E+02   0.4380582E+02   0.4549696E+02   0.5358643E+02   0.1263813E+04
   0.8920000E+03   0.7696238E+02   0.7139167E+02   0.1325430E+03   0.7527640E+02   0.1014470E+03   0.5064092E+01   0.4134612E+02   0.4380357E+02   0.4549698E+02   0.5358625E+02   0.1263723E+04
   0.8930000E+03   0.7695538E+02   0.7139187E+02   0.1325638E+03   0.7528052E+02   0.1014537E+03   0.5064041E+01   0.4134228E+02   0.4380132E+02   0.4549701E+02   0.5358607E+02   0.1263576E+04
   0.8940000E+03   0.7694843E+02   0.7139166E+02   0.1325853E+03   0.7528465E+02   0.1014604E+03   0.5063990E+01   0.4133844E+02   0.4379907E+02   0.4549702E+02   0.5358589E+02   0.1263448E+04
   0.8950000E+03   0.7694154E+02   0.7139131E+02   0.1326065E+03   0.7528878E+02   0.1014671E+03   0.5063939E+01   0.4133460E+02   0.4379682E+02   0.4549705E+02   0.5358571E+02   0.1263316E+04
   0.8960000E+03   0.7693469E+02   0.7139102E+02   0.1326276E+03   0.7529291E+02   0.1014739E+03   0.5063888E+01   0.4133076E+02   0.4379457E+02   0.4549707E+02   0.5358553E+02   0.1263182E+04
   0.8970000E+03   0.7692793E+02   0.7139088E+02   0.1326483E+03   0.7529704E+02   0.1014806E+03   0.5063837E+01   0.4132693E+02   0.4379232E+02   0.4549709E+02   0.5358535E+02   0.1263047E+04
   0.8980000E+03   0.7692123E+02   0.7139090E+02   0.1326689E+03   0.7530116E+02   0.1014873E+03   0.5063785E+01   0.4132310E+02   0.4379007E+02   0.4549710E+02   0.5358517E+02   0.1262909E+04
   0.8990000E+03   0.7691460E+02   0.7139104E+02   0.1326895E+03   0.7530527E+02   0.1014940E+03   0.5063733E+01   0.4131927E+02   0.4378782E+02   0.4549712E+02   0.5358498E+02   0.1262780E+04
   0.9000000E+03   0.7690804E+02   0.7139129E+02   0.1327102E+03   0.7530937E+02   0.1015007E+03   0.5063682E+01   0.4131544E+02   0.4378558E+02   0.4549713E+02   0.5358479E+02   0.1262647E+04
   0.9010000E+03   0.7690157E+02   0.7139162E+02   0.1327307E+03   0.7531348E+02   0.1015074E+03   0.5063630E+01   0.4131161E+02   0.4378333E+02   0.4549714E+02   0.5358461E+02   0.1262513E+04
   0.9020000E+03   0.7689516E+02   0.7139201E+02   0.1327514E+03   0.7531760E+02   0.1015141E+03   0.5063579E+01   0.4130779E+02   0.4378109E+02   0.4549715E+02   0.5358444E+02   0.1262372E+04
   0.9030000E+03   0.7688885E+02   0.7139247E+02   0.1327724E+03   0.7532172E+02   0.1015208E+03   0.5063527E+01   0.4130396E+02   0.4377885E+02   0.4549717E+02   0.5358426E+02   0.1262243E+04
   0.9040000E+03   0.7688261E+02   0.7139298E+02   0.1327937E+03   0.7532581E+02   0.1015274E+03   0.5063476E+01   0.4130013E+02   0.4377661E+02   0.4549717E+02   0.5358407E+02   0.1262109E+04
   0.9050000E+03   0.7687645E+02   0.7139352E+02   0.1328146E+03   0.7532991E+02   0.1015341E+03   0.5063424E+01   0.4129631E+02   0.4377436E+02   0.4549718E+02   0.5358389E+02   0.1261979E+04
   0.9060000E+03   0.7687038E+02   0.7139407E+02   0.1328355E+03   0.7533401E+02   0.1015408E+03   0.5063372E+01   0.4129249E+02   0.4377211E+02   0.4549719E+02   0.5358370E+02   0.1261844E+04
   0.9070000E+03   0.7686438E+02   0.7139451E+02   0.1328560E+03   0.7533810E+02   0.1015475E+03   0.5063321E+01   0.4128867E+02   0.4376987E+02   0.4549720E+02   0.5358351E+02   0.1261723E+04
   0.9080000E+03   0.7685838E+02   0.7139227E+02   0.1328765E+03   0.7534219E+02   0.1015542E+03   0.5063268E+01   0.4128485E+02   0.4376764E+02   0.4549722E+02   0.5358332E+02   0.1261591E+04
   0.9090000E+03   0.7685226E+02   0.7138613E+02   0.1328970E+03   0.7534628E+02   0.1015608E+03   0.5063216E+01   0.4128103E+02   0.4376540E+02   0.4549722E+02   0.5358313E+02   0.1261451E+04
   0.9100000E+03   0.7684599E+02   0.7137800E+02   0.1329180E+03   0.7535038E+02   0.1015675E+03   0.5063165E+01   0.4127721E+02   0.4376316E+02   0.4549722E+02   0.5358294E+02   0.1261297E+04
   0.9110000E+03   0.7683956E+02   0.7136996E+02   0.1329393E+03   0.7535446E+02   0.1015741E+03   0.5063114E+01   0.4127340E+02   0.4376093E+02   0.4549722E+02   0.5358275E+02   0.1261159E+04
   0.9120000E+03   0.7683303E+02   0.7136297E+02   0.1329605E+03   0.7535855E+02   0.1015807E+03   0.5063062E+01   0.4126958E+02   0.4375869E+02   0.4549722E+02   0.5358256E+02   0.1261016E+04
   0.9130000E+03   0.7682643E+02   0.7135720E+02   0.1329809E+03   0.7536263E+02   0.1015874E+03   0.5063010E+01   0.4126577E+02   0.4375646E+02   0.4549722E+02   0.5358237E+02   0.1260891E+04
   0.9140000E+03   0.7681982E+02   0.7135255E+02   0.1330023E+03   0.7536671E+02   0.1015940E+03   0.5062958E+01   0.4126196E+02   0.4375423E+02   0.4549722E+02   0.5358218E+02   0.1260752E+04
   0.9150000E+03   0.7681322E+02   0.7134885E+02   0.1330233E+03   0.7537078E+02   0.1016007E+03   0.5062906E+01   0.4125815E+02   0.4375199E+02   0.4549722E+02   0.5358199E+02   0.1260619E+04
   0.9160000E+03   0.7680663E+02   0.7134595E+02   0.1330443E+03   0.7537485E+02   0.1016073E+03   0.5062855E+01   0.4125434E+02   0.4374976E+02   0.4549722E+02   0.5358179E+02   0.1260483E+04
   0.9170000E+03   0.7680006E+02   0.7134369E+02   0.1330651E+03   0.7537891E+02   0.1016139E+03   0.5062804E+01   0.4125053E+02   0.4374754E+02   0.4549722E+02   0.5358159E+02   0.1260346E+04
   0.9180000E+03   0.7679357E+02   0.7134196E+02   0.1330860E+03   0.7538298E+02   0.1016205E+03   0.5062754E+01   0.4124673E+02   0.4374531E+02   0.4549722E+02   0.5358139E+02   0.1260213E+04
   0.9190000E+03   0.7678716E+02   0.7134066E+02   0.1331068E+03   0.7538704E+02   0.1016271E+03   0.5062703E+01   0.4124292E+02   0.4374308E+02   0.4549721E+02   0.5358120E+02   0.1260081E+04
   0.9200000E+03   0.7678080E+02   0.7133972E+02   0.1331275E+03   0.7539111E+02   0.1016337E+03   0.5062651E+01   0.4123912E+02   0.4374085E+02   0.4549721E+02   0.5358100E+02   0.1259946E+04
   0.9210000E+03   0.7677453E+02   0.7133906E+02   0.1331483E+03   0.7539516E+02   0.1016404E+03   0.5062598E+01   0.4123532E+02   0.4373862E+02   0.4549720E+02   0.5358080E+02   0.1259809E+04
   0.9220000E+03   0.7676835E+02   0.7133863E+02   0.1331690E+03   0.7539922E+02   0.1016470E+03   0.5062547E+01   0.4123151E+02   0.4373639E+02   0.4549719E+02   0.5358060E+02   0.1259679E+04
   0.9230000E+03   0.7676227E+02   0.7133840E+02   0.1331897E+03   0.7540327E+02   0.1016536E+03   0.5062495E+01   0.4122771E+02   0.4373417E+02   0.4549718E+02   0.5358039E+02   0.1259542E+04
   0.9240000E+03   0.7675626E+02   0.7133832E+02   0.1332104E+03   0.7540733E+02   0.1016601E+03   0.5062444E+01   0.4122392E+02   0.4373194E+02   0.4549717E+02   0.5358019E+02   0.1259417E+04
   0.9250000E+03   0.7675034E+02   0.7133835E+02   0.1332311E+03   0.7541138E+02   0.1016668E+03   0.5062392E+01   0.4122012E+02   0.4372972E+02   0.4549716E+02   0.5357999E+02   0.1259274E+04
   0.9260000E+03   0.7674449E+02   0.7133848E+02   0.1332517E+03   0.7541544E+02   0.1016734E+03   0.5062340E+01   0.4121632E+02   0.4372750E+02   0.4549715E+02   0.5357978E+02   0.1259141E+04
   0.9270000E+03   0.7673874E+02   0.7133871E+02   0.1332724E+03   0.7541949E+02   0.1016799E+03   0.5062288E+01   0.4121252E+02   0.4372527E+02   0.4549713E+02   0.5357958E+02   0.1259003E+04
   0.9280000E+03   0.7673307E+02   0.7133900E+02   0.1332930E+03   0.7542353E+02   0.1016865E+03   0.5062237E+01   0.4120874E+02   0.4372305E+02   0.4549711E+02   0.5357937E+02   0.1258872E+04
   0.9290000E+03   0.7672751E+02   0.7133934E+02   0.1333137E+03   0.7542757E+02   0.1016931E+03   0.5062186E+01   0.4120494E+02   0.4372083E+02   0.4549710E+02   0.5357917E+02   0.1258739E+04
   0.9300000E+03   0.7672203E+02   0.7133972E+02   0.1333343E+03   0.7543162E+02   0.1016997E+03   0.5062134E+01   0.4120115E+02   0.4371861E+02   0.4549707E+02   0.5357896E+02   0.1258600E+04
   0.9310000E+03   0.7671664E+02   0.7134014E+02   0.1333549E+03   0.7543567E+02   0.1017063E+03   0.5062082E+01   0.4119735E+02   0.4371639E+02   0.4549706E+02   0.5357877E+02   0.1258467E+04
   0.9320000E+03   0.7671134E+02   0.7134057E+02   0.1333756E+03   0.7543970E+02   0.1017128E+03   0.5062031E+01   0.4119356E+02   0.4371417E+02   0.4549704E+02   0.5357856E+02   0.1258334E+04
   0.9330000E+03   0.7670613E+02   0.7134101E+02   0.1333958E+03   0.7544374E+02   0.1017194E+03   0.5061979E+01   0.4118977E+02   0.4371196E+02   0.4549702E+02   0.5357836E+02   0.1258210E+04
   0.9340000E+03   0.7670100E+02   0.7134148E+02   0.1334159E+03   0.7544778E+02   0.1017260E+03   0.5061928E+01   0.4118597E+02   0.4370974E+02   0.4549700E+02   0.5357816E+02   0.1258071E+04
   0.9350000E+03   0.7669596E+02   0.7134196E+02   0.1334366E+03   0.7545182E+02   0.1017325E+03   0.5061877E+01   0.4118218E+02   0.4370752E+02   0.4549697E+02   0.5357796E+02   0.1257926E+04
   0.9360000E+03   0.7669100E+02   0.7134246E+02   0.1334571E+03   0.7545586E+02   0.1017391E+03   0.5061825E+01   0.4117839E+02   0.4370530E+02   0.4549694E+02   0.5357775E+02   0.1257791E+04
   0.9370000E+03   0.7668613E+02   0.7134296E+02   0.1334776E+03   0.7545989E+02   0.1017456E+03   0.5061773E+01   0.4117461E+02   0.4370308E+02   0.4549692E+02   0.5357755E+02   0.1257669E+04
   0.9380000E+03   0.7668132E+02   0.7134348E+02   0.1334982E+03   0.7546392E+02   0.1017521E+03   0.5061721E+01   0.4117083E+02   0.4370086E+02   0.4549689E+02   0.5357735E+02   0.1257532E+04
   0.9390000E+03   0.7667661E+02   0.7134398E+02   0.1335188E+03   0.7546794E+02   0.1017587E+03   0.5061669E+01   0.4116704E+02   0.4369865E+02   0.4549686E+02   0.5357715E+02   0.1257391E+04
   0.9400000E+03   0.7667196E+02   0.7134448E+02   0.1335393E+03   0.7547195E+02   0.1017652E+03   0.5061617E+01   0.4116326E+02   0.4369643E+02   0.4549685E+02   0.5357695E+02   0.1257255E+04
   0.9410000E+03   0.7666740E+02   0.7134499E+02   0.1335599E+03   0.7547598E+02   0.1017717E+03   0.5061565E+01   0.4115948E+02   0.4369422E+02   0.4549682E+02   0.5357674E+02   0.1257124E+04
   0.9420000E+03   0.7666292E+02   0.7134549E+02   0.1335804E+03   0.7547998E+02   0.1017782E+03   0.5061513E+01   0.4115570E+02   0.4369201E+02   0.4549679E+02   0.5357653E+02   0.1256986E+04
   0.9430000E+03   0.7665863E+02   0.7134599E+02   0.1336008E+03   0.7548400E+02   0.1017847E+03   0.5061461E+01   0.4115192E+02   0.4368980E+02   0.4549676E+02   0.5357632E+02   0.1256852E+04
   0.9440000E+03   0.7665449E+02   0.7134649E+02   0.1336218E+03   0.7548801E+02   0.1017913E+03   0.5061409E+01   0.4114814E+02   0.4368759E+02   0.4549672E+02   0.5357611E+02   0.1256713E+04
   0.9450000E+03   0.7665061E+02   0.7134700E+02   0.1336427E+03   0.7549201E+02   0.1017978E+03   0.5061357E+01   0.4114437E+02   0.4368538E+02   0.4549669E+02   0.5357589E+02   0.1256576E+04
   0.9460000E+03   0.7664699E+02   0.7134750E+02   0.1336630E+03   0.7549601E+02   0.1018043E+03   0.5061306E+01   0.4114059E+02   0.4368317E+02   0.4549665E+02   0.5357568E+02   0.1256441E+04
   0.9470000E+03   0.7664361E+02   0.7134799E+02   0.1336839E+03   0.7550002E+02   0.1018108E+03   0.5061254E+01   0.4113681E+02   0.4368096E+02   0.4549661E+02   0.5357547E+02   0.1256306E+04
   0.9480000E+03   0.7664046E+02   0.7134847E+02   0.1337048E+03   0.7550401E+02   0.1018173E+03   0.5061203E+01   0.4113304E+02   0.4367875E+02   0.4549657E+02   0.5357527E+02   0.1256173E+04
   0.9490000E+03   0.7663752E+02   0.7134895E+02   0.1337256E+03   0.7550800E+02   0.1018238E+03   0.5061150E+01   0.4112927E+02   0.4367654E+02   0.4549653E+02   0.5357505E+02   0.1256044E+04
   0.9500000E+03   0.7663474E+02   0.7134943E+02   0.1337465E+03   0.7551198E+02   0.1018303E+03   0.5061098E+01   0.4112550E+02   0.4367434E+02   0.4549649E+02   0.5357483E+02   0.1255909E+04
   0.9510000E+03   0.7663212E+02   0.7134991E+02   0.1337673E+03   0.7551598E+02   0.1018368E+03   0.5061046E+01   0.4112173E+02   0.4367215E+02   0.4549646E+02   0.5357461E+02   0.1255772E+04
   0.9520000E+03   0.7662969E+02   0.7135037E+02   0.1337882E+03   0.7551995E+02   0.1018433E+03   0.5060993E+01   0.4111796E+02   0.4366994E+02   0.4549641E+02   0.5357439E+02   0.1255635E+04
   0.9530000E+03   0.7662741E+02   0.7135084E+02   0.1338091E+03   0.7552393E+02   0.1018498E+03   0.5060941E+01   0.4111419E+02   0.4366774E+02   0.4549636E+02   0.5357418E+02   0.1255501E+04
   0.9540000E+03   0.7662527E+02   0.7135130E+02   0.1338299E+03   0.7552791E+02   0.1018563E+03   0.5060889E+01   0.4111042E+02   0.4366554E+02   0.4549631E+02   0.5357396E+02   0.1255366E+04
   0.9550000E+03   0.7662326E+02   0.7135175E+02   0.1338508E+03   0.7553189E+02   0.1018627E+03   0.5060836E+01   0.4110666E+02   0.4366334E+02   0.4549627E+02   0.5357375E+02   0.1255239E+04
   0.9560000E+03   0.7662138E+02   0.7135220E+02   0.1338710E+03   0.7553587E+02   0.1018692E+03   0.5060783E+01   0.4110289E+02   0.4366113E+02   0.4549622E+02   0.5357353E+02   0.1255107E+04
   0.9570000E+03   0.7661961E+02   0.7135265E+02   0.1338911E+03   0.7553986E+02   0.1018757E+03   0.5060731E+01   0.4109912E+02   0.4365894E+02   0.4549617E+02   0.5357331E+02   0.1254977E+04
   0.9580000E+03   0.7661794E+02   0.7135309E+02   0.1339114E+03   0.7554384E+02   0.1018822E+03   0.5060679E+01   0.4109536E+02   0.4365674E+02   0.4549612E+02   0.5357310E+02   0.1254826E+04
   0.9590000E+03   0.7661636E+02   0.7135353E+02   0.1339319E+03   0.7554782E+02   0.1018887E+03   0.5060626E+01   0.4109159E+02   0.4365454E+02   0.4549607E+02   0.5357287E+02   0.1254692E+04
   0.9600000E+03   0.7661486E+02   0.7135397E+02   0.1339529E+03   0.7555180E+02   0.1018951E+03   0.5060574E+01   0.4108784E+02   0.4365235E+02   0.4549602E+02   0.5357265E+02   0.1254564E+04
   0.9610000E+03   0.7661344E+02   0.7135439E+02   0.1339738E+03   0.7555576E+02   0.1019016E+03   0.5060522E+01   0.4108408E+02   0.4365016E+02   0.4549597E+02   0.5357242E+02   0.1254427E+04
   0.9620000E+03   0.7661208E+02   0.7135482E+02   0.1339944E+03   0.7555973E+02   0.1019080E+03   0.5060470E+01   0.4108033E+02   0.4364796E+02   0.4549592E+02   0.5357220E+02   0.1254290E+04
   0.9630000E+03   0.7661079E+02   0.7135526E+02   0.1340149E+03   0.7556369E+02   0.1019145E+03   0.5060417E+01   0.4107657E+02   0.4364577E+02   0.4549586E+02   0.5357198E+02   0.1254155E+04
   0.9640000E+03   0.7660957E+02   0.7135567E+02   0.1340355E+03   0.7556765E+02   0.1019209E+03   0.5060365E+01   0.4107282E+02   0.4364357E+02   0.4549581E+02   0.5357175E+02   0.1254024E+04
   0.9650000E+03   0.7660840E+02   0.7135610E+02   0.1340560E+03   0.7557162E+02   0.1019274E+03   0.5060312E+01   0.4106907E+02   0.4364138E+02   0.4549575E+02   0.5357153E+02   0.1253892E+04
   0.9660000E+03   0.7660729E+02   0.7135652E+02   0.1340766E+03   0.7557558E+02   0.1019338E+03   0.5060259E+01   0.4106532E+02   0.4363919E+02   0.4549570E+02   0.5357130E+02   0.1253759E+04
   0.9670000E+03   0.7660623E+02   0.7135694E+02   0.1340966E+03   0.7557953E+02   0.1019402E+03   0.5060207E+01   0.4106157E+02   0.4363700E+02   0.4549565E+02   0.5357108E+02   0.1253641E+04
   0.9680000E+03   0.7660519E+02   0.7135561E+02   0.1341167E+03   0.7558347E+02   0.1019466E+03   0.5060154E+01   0.4105782E+02   0.4363481E+02   0.4549560E+02   0.5357085E+02   0.1253492E+04
   0.9690000E+03   0.7660412E+02   0.7135105E+02   0.1341373E+03   0.7558740E+02   0.1019531E+03   0.5060102E+01   0.4105407E+02   0.4363262E+02   0.4549554E+02   0.5357063E+02   0.1253351E+04
   0.9700000E+03   0.7660301E+02   0.7134518E+02   0.1341578E+03   0.7559135E+02   0.1019595E+03   0.5060049E+01   0.4105032E+02   0.4363043E+02   0.4549549E+02   0.5357040E+02   0.1253218E+04
   0.9710000E+03   0.7660186E+02   0.7133964E+02   0.1341782E+03   0.7559528E+02   0.1019659E+03   0.5059996E+01   0.4104658E+02   0.4362824E+02   0.4549543E+02   0.5357017E+02   0.1253101E+04
   0.9720000E+03   0.7660069E+02   0.7133495E+02   0.1341987E+03   0.7559922E+02   0.1019723E+03   0.5059944E+01   0.4104284E+02   0.4362606E+02   0.4549536E+02   0.5356994E+02   0.1252965E+04
   0.9730000E+03   0.7659948E+02   0.7133112E+02   0.1342189E+03   0.7560316E+02   0.1019787E+03   0.5059890E+01   0.4103910E+02   0.4362387E+02   0.4549530E+02   0.5356971E+02   0.1252833E+04
   0.9740000E+03   0.7659825E+02   0.7132805E+02   0.1342390E+03   0.7560710E+02   0.1019851E+03   0.5059837E+01   0.4103535E+02   0.4362168E+02   0.4549524E+02   0.5356949E+02   0.1252700E+04
   0.9750000E+03   0.7659702E+02   0.7132561E+02   0.1342591E+03   0.7561104E+02   0.1019915E+03   0.5059785E+01   0.4103162E+02   0.4361950E+02   0.4549517E+02   0.5356926E+02   0.1252579E+04
   0.9760000E+03   0.7659578E+02   0.7132368E+02   0.1342796E+03   0.7561497E+02   0.1019980E+03   0.5059732E+01   0.4102788E+02   0.4361732E+02   0.4549510E+02   0.5356903E+02   0.1252448E+04
   0.9770000E+03   0.7659454E+02   0.7132219E+02   0.1343001E+03   0.7561890E+02   0.1020043E+03   0.5059680E+01   0.4102414E+02   0.4361514E+02   0.4549504E+02   0.5356881E+02   0.1252290E+04
   0.9780000E+03   0.7659328E+02   0.7132103E+02   0.1343202E+03   0.7562284E+02   0.1020107E+03   0.5059628E+01   0.4102041E+02   0.4361296E+02   0.4549497E+02   0.5356857E+02   0.1252160E+04
   0.9790000E+03   0.7659204E+02   0.7132016E+02   0.1343402E+03   0.7562678E+02   0.1020171E+03   0.5059574E+01   0.4101668E+02   0.4361079E+02   0.4549490E+02   0.5356833E+02   0.1252046E+04
   0.9800000E+03   0.7659080E+02   0.7131952E+02   0.1343601E+03   0.7563071E+02   0.1020235E+03   0.5059522E+01   0.4101295E+02   0.4360861E+02   0.4549482E+02   0.5356810E+02   0.1251901E+04
   0.9810000E+03   0.7658955E+02   0.7131906E+02   0.1343802E+03   0.7563462E+02   0.1020299E+03   0.5059469E+01   0.4100922E+02   0.4360643E+02   0.4549474E+02   0.5356787E+02   0.1251753E+04
   0.9820000E+03   0.7658832E+02   0.7131877E+02   0.1344004E+03   0.7563853E+02   0.1020363E+03   0.5059416E+01   0.4100549E+02   0.4360426E+02   0.4549467E+02   0.5356764E+02   0.1251617E+04
   0.9830000E+03   0.7658707E+02   0.7131860E+02   0.1344206E+03   0.7564245E+02   0.1020427E+03   0.5059364E+01   0.4100176E+02   0.4360208E+02   0.4549459E+02   0.5356741E+02   0.1251488E+04
   0.9840000E+03   0.7658584E+02   0.7131852E+02   0.1344407E+03   0.7564636E+02   0.1020490E+03   0.5059310E+01   0.4099804E+02   0.4359990E+02   0.4549451E+02   0.5356717E+02   0.1251357E+04
   0.9850000E+03   0.7658461E+02   0.7131854E+02   0.1344607E+03   0.7565029E+02   0.1020554E+03   0.5059257E+01   0.4099431E+02   0.4359773E+02   0.4549444E+02   0.5356694E+02   0.1251215E+04
   0.9860000E+03   0.7658339E+02   0.7131863E+02   0.1344807E+03   0.7565421E+02   0.1020617E+03   0.5059204E+01   0.4099058E+02   0.4359556E+02   0.4549436E+02   0.5356671E+02   0.1251093E+04
   0.9870000E+03   0.7658217E+02   0.7131877E+02   0.1345008E+03   0.7565813E+02   0.1020681E+03   0.5059151E+01   0.4098685E+02   0.4359340E+02   0.4549429E+02   0.5356647E+02   0.1250960E+04
   0.9880000E+03   0.7658096E+02   0.7131896E+02   0.1345208E+03   0.7566205E+02   0.1020745E+03   0.5059098E+01   0.4098312E+02   0.4359123E+02   0.4549421E+02   0.5356623E+02   0.1250824E+04
   0.9890000E+03   0.7657975E+02   0.7131918E+02   0.1345408E+03   0.7566595E+02   0.1020808E+03   0.5059044E+01   0.4097940E+02   0.4358906E+02   0.4549413E+02   0.5356600E+02   0.1250687E+04
   0.9900000E+03   0.7657854E+02   0.7131942E+02   0.1345607E+03   0.7566987E+02   0.1020872E+03   0.5058992E+01   0.4097567E+02   0.4358689E+02   0.4549405E+02   0.5356576E+02   0.1250557E+04
   0.9910000E+03   0.7657735E+02   0.7131968E+02   0.1345806E+03   0.7567378E+02   0.1020935E+03   0.5058939E+01   0.4097195E+02   0.4358472E+02   0.4549397E+02   0.5356552E+02   0.1250420E+04
   0.9920000E+03   0.7657615E+02   0.7131998E+02   0.1346004E+03   0.7567770E+02   0.1020998E+03   0.5058886E+01   0.4096824E+02   0.4358255E+02   0.4549390E+02   0.5356528E+02   0.1250299E+04
   0.9930000E+03   0.7657496E+02   0.7132028E+02   0.1346206E+03   0.7568159E+02   0.1021062E+03   0.5058833E+01   0.4096452E+02   0.4358038E+02   0.4549382E+02   0.5356505E+02   0.1250153E+04
   0.9940000E+03   0.7657377E+02   0.7132059E+02   0.1346404E+03   0.7568549E+02   0.1021125E+03   0.5058780E+01   0.4096080E+02   0.4357822E+02   0.4549374E+02   0.5356481E+02   0.1250021E+04
   0.9950000E+03   0.7657259E+02   0.7132091E+02   0.1346629E+03   0.7568939E+02   0.1021189E+03   0.5058727E+01   0.4095708E+02   0.4357605E+02   0.4549366E+02   0.5356456E+02   0.1249859E+04
   0.9960000E+03   0.7657140E+02   0.7132123E+02   0.1346827E+03   0.7569328E+02   0.1021252E+03   0.5058674E+01   0.4095337E+02   0.4357389E+02   0.4549357E+02   0.5356432E+02   0.1249733E+04
   0.9970000E+03   0.7657023E+02   0.7132155E+02   0.1347028E+03   0.7569718E+02   0.1021315E+03   0.5058620E+01   0.4094966E+02   0.4357172E+02   0.4549349E+02   0.5356408E+02   0.1249614E+04
   0.9980000E+03   0.7656906E+02   0.7132188E+02   0.1347225E+03   0.7570107E+02   0.1021378E+03   0.5058568E+01   0.4094595E+02   0.4356956E+02   0.4549340E+02   0.5356384E+02   0.1249478E+04
   0.9990000E+03   0.7656789E+02   0.7132221E+02   0.1347425E+03   0.7570495E+02   0.1021441E+03   0.5058515E+01   0.4094223E+02   0.4356739E+02   0.4549332E+02   0.5356359E+02   0.1249342E+04
   0.1000000E+04   0.7656673E+02   0.7132256E+02   0.1347622E+03   0.7570882E+02   0.1021504E+03   0.5058462E+01   0.4093853E+02   0.4356522E+02   0.4549323E+02   0.5356335E+02   0.1249210E+04
   0.1001000E+04   0.7656558E+02   0.7132291E+02   0.1347823E+03   0.7571271E+02   0.1021567E+03   0.5058408E+01   0.4093482E+02   0.4356307E+02   0.4549314E+02   0.5356310E+02   0.1249071E+04
   0.1002000E+04   0.7656445E+02   0.7132325E+02   0.1348020E+03   0.7571658E+02   0.1021630E+03   0.5058355E+01   0.4093112E+02   0.4356091E+02   0.4549305E+02   0.5356286E+02   0.1248936E+04
   0.1003000E+04   0.7656331E+02   0.7132359E+02   0.1348221E+03   0.7572047E+02   0.1021693E+03   0.5058301E+01   0.4092742E+02   0.4355875E+02   0.4549295E+02   0.5356262E+02   0.1248811E+04
   0.1004000E+04   0.7656217E+02   0.7132393E+02   0.1348418E+03   0.7572434E+02   0.1021756E+03   0.5058248E+01   0.4092371E+02   0.4355659E+02   0.4549287E+02   0.5356238E+02   0.1248667E+04
   0.1005000E+04   0.7656104E+02   0.7132426E+02   0.1348619E+03   0.7572822E+02   0.1021819E+03   0.5058194E+01   0.4092002E+02   0.4355443E+02   0.4549277E+02   0.5356213E+02   0.1248532E+04
   0.1006000E+04   0.7655991E+02   0.7132461E+02   0.1348816E+03   0.7573209E+02   0.1021882E+03   0.5058140E+01   0.4091631E+02   0.4355227E+02   0.4549268E+02   0.5356187E+02   0.1248393E+04
   0.1007000E+04   0.7655878E+02   0.7132495E+02   0.1349016E+03   0.7573595E+02   0.1021945E+03   0.5058086E+01   0.4091261E+02   0.4355011E+02   0.4549259E+02   0.5356162E+02   0.1248255E+04
   0.1008000E+04   0.7655769E+02   0.7132528E+02   0.1349214E+03   0.7573982E+02   0.1022008E+03   0.5058033E+01   0.4090891E+02   0.4354795E+02   0.4549249E+02   0.5356137E+02   0.1248119E+04
   0.1009000E+04   0.7655657E+02   0.7132562E+02   0.1349414E+03   0.7574368E+02   0.1022070E+03   0.5057979E+01   0.4090521E+02   0.4354580E+02   0.4549240E+02   0.5356112E+02   0.1247984E+04
   0.1010000E+04   0.7655547E+02   0.7132595E+02   0.1349611E+03   0.7574754E+02   0.1022133E+03   0.5057925E+01   0.4090152E+02   0.4354364E+02   0.4549230E+02   0.5356086E+02   0.1247851E+04
   0.1011000E+04   0.7655437E+02   0.7132628E+02   0.1349811E+03   0.7575140E+02   0.1022195E+03   0.5057871E+01   0.4089783E+02   0.4354148E+02   0.4549220E+02   0.5356061E+02   0.1247719E+04
   0.1012000E+04   0.7655328E+02   0.7132661E+02   0.1350008E+03   0.7575526E+02   0.1022258E+03   0.5057818E+01   0.4089413E+02   0.4353933E+02   0.4549210E+02   0.5356036E+02   0.1247574E+04
   0.1013000E+04   0.7655221E+02   0.7132693E+02   0.1350209E+03   0.7575912E+02   0.1022321E+03   0.5057764E+01   0.4089044E+02   0.4353717E+02   0.4549199E+02   0.5356011E+02   0.1247437E+04
   0.1014000E+04   0.7655113E+02   0.7132724E+02   0.1350406E+03   0.7576297E+02   0.1022383E+03   0.5057710E+01   0.4088675E+02   0.4353502E+02   0.4549188E+02   0.5355986E+02   0.1247301E+04
   0.1015000E+04   0.7655006E+02   0.7132756E+02   0.1350606E+03   0.7576682E+02   0.1022446E+03   0.5057656E+01   0.4088306E+02   0.4353288E+02   0.4549178E+02   0.5355960E+02   0.1247164E+04
   0.1016000E+04   0.7654900E+02   0.7132788E+02   0.1350803E+03   0.7577068E+02   0.1022508E+03   0.5057601E+01   0.4087937E+02   0.4353072E+02   0.4549167E+02   0.5355935E+02   0.1247036E+04
   0.1017000E+04   0.7654794E+02   0.7132819E+02   0.1351004E+03   0.7577453E+02   0.1022570E+03   0.5057548E+01   0.4087567E+02   0.4352857E+02   0.4549157E+02   0.5355909E+02   0.1246893E+04
   0.1018000E+04   0.7654690E+02   0.7132852E+02   0.1351201E+03   0.7577837E+02   0.1022633E+03   0.5057492E+01   0.4087198E+02   0.4352642E+02   0.4549146E+02   0.5355884E+02   0.1246760E+04
   0.1019000E+04   0.7654585E+02   0.7132884E+02   0.1351398E+03   0.7578223E+02   0.1022695E+03   0.5057437E+01   0.4086830E+02   0.4352427E+02   0.4549136E+02   0.5355859E+02   0.1246649E+04
   0.1020000E+04   0.7654478E+02   0.7132574E+02   0.1351595E+03   0.7578607E+02   0.1022758E+03   0.5057383E+01   0.4086462E+02   0.4352213E+02   0.4549126E+02   0.5355834E+02   0.1246528E+04
   0.1021000E+04   0.7654361E+02   0.7131685E+02   0.1351796E+03   0.7578991E+02   0.1022820E+03   0.5057328E+01   0.4086093E+02   0.4351998E+02   0.4549114E+02   0.5355809E+02   0.1246376E+04
   0.1022000E+04   0.7654230E+02   0.7130386E+02   0.1351994E+03   0.7579375E+02   0.1022882E+03   0.5057273E+01   0.4085724E+02   0.4351783E+02   0.4549103E+02   0.5355784E+02   0.1246253E+04
   0.1023000E+04   0.7654083E+02   0.7129018E+02   0.1352193E+03   0.7579758E+02   0.1022944E+03   0.5057219E+01   0.4085355E+02   0.4351569E+02   0.4549092E+02   0.5355759E+02   0.1246125E+04
   0.1024000E+04   0.7653924E+02   0.7127792E+02   0.1352393E+03   0.7580141E+02   0.1023007E+03   0.5057164E+01   0.4084987E+02   0.4351355E+02   0.4549081E+02   0.5355733E+02   0.1245968E+04
   0.1025000E+04   0.7653754E+02   0.7126764E+02   0.1352592E+03   0.7580524E+02   0.1023069E+03   0.5057110E+01   0.4084619E+02   0.4351141E+02   0.4549070E+02   0.5355708E+02   0.1245831E+04
   0.1026000E+04   0.7653574E+02   0.7125934E+02   0.1352791E+03   0.7580907E+02   0.1023131E+03   0.5057055E+01   0.4084250E+02   0.4350927E+02   0.4549058E+02   0.5355683E+02   0.1245703E+04
   0.1027000E+04   0.7653387E+02   0.7125250E+02   0.1352991E+03   0.7581289E+02   0.1023193E+03   0.5057001E+01   0.4083882E+02   0.4350712E+02   0.4549047E+02   0.5355658E+02   0.1245566E+04
   0.1028000E+04   0.7653192E+02   0.7124706E+02   0.1353190E+03   0.7581670E+02   0.1023255E+03   0.5056946E+01   0.4083514E+02   0.4350499E+02   0.4549035E+02   0.5355632E+02   0.1245434E+04
   0.1029000E+04   0.7652994E+02   0.7124264E+02   0.1353389E+03   0.7582053E+02   0.1023317E+03   0.5056892E+01   0.4083146E+02   0.4350285E+02   0.4549024E+02   0.5355606E+02   0.1245298E+04
   0.1030000E+04   0.7652792E+02   0.7123904E+02   0.1353589E+03   0.7582436E+02   0.1023379E+03   0.5056839E+01   0.4082779E+02   0.4350071E+02   0.4549012E+02   0.5355581E+02   0.1245162E+04
   0.1031000E+04   0.7652586E+02   0.7123618E+02   0.1353788E+03   0.7582817E+02   0.1023441E+03   0.5056785E+01   0.4082411E+02   0.4349857E+02   0.4549001E+02   0.5355555E+02   0.1245027E+04
   0.1032000E+04   0.7652380E+02   0.7123388E+02   0.1353987E+03   0.7583200E+02   0.1023502E+03   0.5056731E+01   0.4082044E+02   0.4349643E+02   0.4548989E+02   0.5355529E+02   0.1244892E+04
   0.1033000E+04   0.7652170E+02   0.7123208E+02   0.1354185E+03   0.7583582E+02   0.1023564E+03   0.5056677E+01   0.4081677E+02   0.4349430E+02   0.4548977E+02   0.5355502E+02   0.1244758E+04
   0.1034000E+04   0.7651960E+02   0.7123067E+02   0.1354383E+03   0.7583964E+02   0.1023626E+03   0.5056623E+01   0.4081310E+02   0.4349216E+02   0.4548965E+02   0.5355476E+02   0.1244624E+04
   0.1035000E+04   0.7651747E+02   0.7122958E+02   0.1354582E+03   0.7584344E+02   0.1023688E+03   0.5056569E+01   0.4080943E+02   0.4349002E+02   0.4548954E+02   0.5355450E+02   0.1244485E+04
   0.1036000E+04   0.7651536E+02   0.7122874E+02   0.1354781E+03   0.7584725E+02   0.1023749E+03   0.5056515E+01   0.4080576E+02   0.4348788E+02   0.4548941E+02   0.5355424E+02   0.1244351E+04
   0.1037000E+04   0.7651324E+02   0.7122812E+02   0.1354980E+03   0.7585106E+02   0.1023811E+03   0.5056460E+01   0.4080209E+02   0.4348575E+02   0.4548929E+02   0.5355396E+02   0.1244214E+04
   0.1038000E+04   0.7651114E+02   0.7122768E+02   0.1355177E+03   0.7585487E+02   0.1023873E+03   0.5056406E+01   0.4079842E+02   0.4348362E+02   0.4548917E+02   0.5355370E+02   0.1244098E+04
   0.1039000E+04   0.7650905E+02   0.7122739E+02   0.1355374E+03   0.7585867E+02   0.1023934E+03   0.5056352E+01   0.4079476E+02   0.4348149E+02   0.4548905E+02   0.5355344E+02   0.1243969E+04
   0.1040000E+04   0.7650694E+02   0.7122639E+02   0.1355570E+03   0.7586246E+02   0.1023996E+03   0.5056297E+01   0.4079109E+02   0.4347936E+02   0.4548892E+02   0.5355319E+02   0.1243816E+04
   0.1041000E+04   0.7650484E+02   0.7122446E+02   0.1355766E+03   0.7586626E+02   0.1024057E+03   0.5056243E+01   0.4078743E+02   0.4347723E+02   0.4548880E+02   0.5355292E+02   0.1243678E+04
   0.1042000E+04   0.7650271E+02   0.7122227E+02   0.1355962E+03   0.7587006E+02   0.1024119E+03   0.5056189E+01   0.4078377E+02   0.4347510E+02   0.4548867E+02   0.5355265E+02   0.1243545E+04
   0.1043000E+04   0.7650056E+02   0.7122031E+02   0.1356166E+03   0.7587386E+02   0.1024180E+03   0.5056135E+01   0.4078011E+02   0.4347297E+02   0.4548854E+02   0.5355239E+02   0.1243405E+04
   0.1044000E+04   0.7649842E+02   0.7121874E+02   0.1356365E+03   0.7587766E+02   0.1024242E+03   0.5056081E+01   0.4077645E+02   0.4347085E+02   0.4548841E+02   0.5355213E+02   0.1243269E+04
   0.1045000E+04   0.7649628E+02   0.7121751E+02   0.1356567E+03   0.7588145E+02   0.1024303E+03   0.5056028E+01   0.4077280E+02   0.4346872E+02   0.4548829E+02   0.5355186E+02   0.1243133E+04
   0.1046000E+04   0.7649414E+02   0.7121656E+02   0.1356767E+03   0.7588524E+02   0.1024365E+03   0.5055974E+01   0.4076914E+02   0.4346659E+02   0.4548816E+02   0.5355159E+02   0.1242998E+04
   0.1047000E+04   0.7649200E+02   0.7121584E+02   0.1356969E+03   0.7588902E+02   0.1024426E+03   0.5055921E+01   0.4076548E+02   0.4346447E+02   0.4548803E+02   0.5355132E+02   0.1242862E+04
   0.1048000E+04   0.7648988E+02   0.7121532E+02   0.1357169E+03   0.7589282E+02   0.1024487E+03   0.5055867E+01   0.4076182E+02   0.4346235E+02   0.4548789E+02   0.5355104E+02   0.1242726E+04
   0.1049000E+04   0.7648775E+02   0.7121494E+02   0.1357367E+03   0.7589661E+02   0.1024549E+03   0.5055814E+01   0.4075817E+02   0.4346022E+02   0.4548776E+02   0.5355078E+02   0.1242591E+04
   0.1050000E+04   0.7648566E+02   0.7121471E+02   0.1357564E+03   0.7590039E+02   0.1024610E+03   0.5055760E+01   0.4075451E+02   0.4345809E+02   0.4548763E+02   0.5355051E+02   0.1242442E+04
   0.1051000E+04   0.7648357E+02   0.7121458E+02   0.1357761E+03   0.7590417E+02   0.1024671E+03   0.5055707E+01   0.4075087E+02   0.4345597E+02   0.4548750E+02   0.5355024E+02   0.1242292E+04
   0.1052000E+04   0.7648148E+02   0.7121452E+02   0.1357959E+03   0.7590795E+02   0.1024732E+03   0.5055654E+01   0.4074722E+02   0.4345385E+02   0.4548737E+02   0.5354997E+02   0.1242154E+04
   0.1053000E+04   0.7647942E+02   0.7121453E+02   0.1358156E+03   0.7591173E+02   0.1024793E+03   0.5055599E+01   0.4074357E+02   0.4345173E+02   0.4548723E+02   0.5354971E+02   0.1242020E+04
   0.1054000E+04   0.7647736E+02   0.7121460E+02   0.1358355E+03   0.7591550E+02   0.1024854E+03   0.5055545E+01   0.4073993E+02   0.4344961E+02   0.4548709E+02   0.5354943E+02   0.1241884E+04
   0.1055000E+04   0.7647533E+02   0.7121472E+02   0.1358553E+03   0.7591927E+02   0.1024915E+03   0.5055490E+01   0.4073627E+02   0.4344748E+02   0.4548695E+02   0.5354916E+02   0.1241748E+04
   0.1056000E+04   0.7647331E+02   0.7121489E+02   0.1358750E+03   0.7592303E+02   0.1024976E+03   0.5055436E+01   0.4073263E+02   0.4344536E+02   0.4548682E+02   0.5354888E+02   0.1241607E+04
   0.1057000E+04   0.7647131E+02   0.7121506E+02   0.1358949E+03   0.7592680E+02   0.1025037E+03   0.5055381E+01   0.4072898E+02   0.4344324E+02   0.4548668E+02   0.5354861E+02   0.1241463E+04
   0.1058000E+04   0.7646934E+02   0.7121529E+02   0.1359148E+03   0.7593057E+02   0.1025098E+03   0.5055326E+01   0.4072535E+02   0.4344113E+02   0.4548654E+02   0.5354832E+02   0.1241324E+04
   0.1059000E+04   0.7646738E+02   0.7121552E+02   0.1359346E+03   0.7593433E+02   0.1025159E+03   0.5055273E+01   0.4072170E+02   0.4343901E+02   0.4548640E+02   0.5354805E+02   0.1241188E+04
   0.1060000E+04   0.7646544E+02   0.7121576E+02   0.1359544E+03   0.7593809E+02   0.1025220E+03   0.5055219E+01   0.4071806E+02   0.4343689E+02   0.4548626E+02   0.5354777E+02   0.1241053E+04
   0.1061000E+04   0.7646352E+02   0.7121601E+02   0.1359743E+03   0.7594184E+02   0.1025281E+03   0.5055164E+01   0.4071442E+02   0.4343478E+02   0.4548613E+02   0.5354750E+02   0.1240917E+04
   0.1062000E+04   0.7646162E+02   0.7121626E+02   0.1359941E+03   0.7594559E+02   0.1025342E+03   0.5055110E+01   0.4071078E+02   0.4343266E+02   0.4548598E+02   0.5354723E+02   0.1240781E+04
   0.1063000E+04   0.7645974E+02   0.7121653E+02   0.1360140E+03   0.7594936E+02   0.1025402E+03   0.5055056E+01   0.4070715E+02   0.4343055E+02   0.4548583E+02   0.5354696E+02   0.1240645E+04
   0.1064000E+04   0.7645788E+02   0.7121681E+02   0.1360337E+03   0.7595311E+02   0.1025463E+03   0.5055002E+01   0.4070352E+02   0.4342843E+02   0.4548569E+02   0.5354668E+02   0.1240508E+04
   0.1065000E+04   0.7645604E+02   0.7121710E+02   0.1360536E+03   0.7595686E+02   0.1025523E+03   0.5054948E+01   0.4069989E+02   0.4342633E+02   0.4548554E+02   0.5354640E+02   0.1240373E+04
   0.1066000E+04   0.7645423E+02   0.7121740E+02   0.1360733E+03   0.7596062E+02   0.1025584E+03   0.5054894E+01   0.4069626E+02   0.4342422E+02   0.4548539E+02   0.5354613E+02   0.1240237E+04
   0.1067000E+04   0.7645245E+02   0.7121768E+02   0.1360932E+03   0.7596436E+02   0.1025644E+03   0.5054840E+01   0.4069263E+02   0.4342211E+02   0.4548524E+02   0.5354585E+02   0.1240108E+04
   0.1068000E+04   0.7645069E+02   0.7121797E+02   0.1361130E+03   0.7596810E+02   0.1025705E+03   0.5054785E+01   0.4068900E+02   0.4342000E+02   0.4548509E+02   0.5354557E+02   0.1239972E+04
   0.1069000E+04   0.7644896E+02   0.7121826E+02   0.1361328E+03   0.7597183E+02   0.1025765E+03   0.5054731E+01   0.4068537E+02   0.4341789E+02   0.4548495E+02   0.5354529E+02   0.1239842E+04
   0.1070000E+04   0.7644725E+02   0.7121856E+02   0.1361525E+03   0.7597556E+02   0.1025826E+03   0.5054677E+01   0.4068174E+02   0.4341579E+02   0.4548480E+02   0.5354501E+02   0.1239708E+04
   0.1071000E+04   0.7644556E+02   0.7121886E+02   0.1361721E+03   0.7597929E+02   0.1025886E+03   0.5054623E+01   0.4067811E+02   0.4341369E+02   0.4548465E+02   0.5354473E+02   0.1239573E+04
   0.1072000E+04   0.7644387E+02   0.7121915E+02   0.1361918E+03   0.7598302E+02   0.1025947E+03   0.5054568E+01   0.4067449E+02   0.4341158E+02   0.4548450E+02   0.5354444E+02   0.1239435E+04
   0.1073000E+04   0.7644222E+02   0.7121944E+02   0.1362114E+03   0.7598675E+02   0.1026007E+03   0.5054513E+01   0.4067086E+02   0.4340947E+02   0.4548435E+02   0.5354416E+02   0.1239286E+04
   0.1074000E+04   0.7644061E+02   0.7121974E+02   0.1362310E+03   0.7599048E+02   0.1026068E+03   0.5054459E+01   0.4066724E+02   0.4340737E+02   0.4548420E+02   0.5354388E+02   0.1239161E+04
   0.1075000E+04   0.7643900E+02   0.7122004E+02   0.1362507E+03   0.7599421E+02   0.1026128E+03   0.5054404E+01   0.4066362E+02   0.4340527E+02   0.4548405E+02   0.5354359E+02   0.1239069E+04
   0.1076000E+04   0.7643742E+02   0.7122034E+02   0.1362703E+03   0.7599794E+02   0.1026188E+03   0.5054348E+01   0.4066000E+02   0.4340316E+02   0.4548390E+02   0.5354330E+02   0.1238932E+04
   0.1077000E+04   0.7643587E+02   0.7122064E+02   0.1362900E+03   0.7600166E+02   0.1026248E+03   0.5054294E+01   0.4065638E+02   0.4340105E+02   0.4548375E+02   0.5354301E+02   0.1238799E+04
   0.1078000E+04   0.7643435E+02   0.7122095E+02   0.1363096E+03   0.7600539E+02   0.1026308E+03   0.5054239E+01   0.4065276E+02   0.4339895E+02   0.4548359E+02   0.5354273E+02   0.1238664E+04
   0.1079000E+04   0.7643285E+02   0.7122125E+02   0.1363291E+03   0.7600910E+02   0.1026368E+03   0.5054184E+01   0.4064914E+02   0.4339685E+02   0.4548344E+02   0.5354245E+02   0.1238496E+04
   0.1080000E+04   0.7643136E+02   0.7122155E+02   0.1363489E+03   0.7601283E+02   0.1026429E+03   0.5054129E+01   0.4064553E+02   0.4339475E+02   0.4548327E+02   0.5354216E+02   0.1238370E+04
   0.1081000E+04   0.7642989E+02   0.7122186E+02   0.1363685E+03   0.7601656E+02   0.1026489E+03   0.5054075E+01   0.4064191E+02   0.4339265E+02   0.4548311E+02   0.5354187E+02   0.1238214E+04
   0.1082000E+04   0.7642846E+02   0.7122215E+02   0.1363882E+03   0.7602029E+02   0.1026549E+03   0.5054021E+01   0.4063830E+02   0.4339055E+02   0.4548295E+02   0.5354158E+02   0.1238075E+04
   0.1083000E+04   0.7642705E+02   0.7122246E+02   0.1364080E+03   0.7602402E+02   0.1026609E+03   0.5053967E+01   0.4063469E+02   0.4338845E+02   0.4548279E+02   0.5354130E+02   0.1237936E+04
   0.1084000E+04   0.7642565E+02   0.7122275E+02   0.1364278E+03   0.7602774E+02   0.1026669E+03   0.5053912E+01   0.4063107E+02   0.4338636E+02   0.4548263E+02   0.5354102E+02   0.1237802E+04
   0.1085000E+04   0.7642428E+02   0.7122305E+02   0.1364476E+03   0.7603146E+02   0.1026729E+03   0.5053857E+01   0.4062746E+02   0.4338425E+02   0.4548247E+02   0.5354073E+02   0.1237667E+04
   0.1086000E+04   0.7642294E+02   0.7122335E+02   0.1364674E+03   0.7603516E+02   0.1026789E+03   0.5053803E+01   0.4062385E+02   0.4338214E+02   0.4548231E+02   0.5354044E+02   0.1237531E+04
   0.1087000E+04   0.7642163E+02   0.7122365E+02   0.1364870E+03   0.7603887E+02   0.1026849E+03   0.5053748E+01   0.4062024E+02   0.4338005E+02   0.4548214E+02   0.5354016E+02   0.1237390E+04
   0.1088000E+04   0.7642033E+02   0.7122395E+02   0.1365066E+03   0.7604258E+02   0.1026908E+03   0.5053693E+01   0.4061663E+02   0.4337795E+02   0.4548198E+02   0.5353988E+02   0.1237258E+04
   0.1089000E+04   0.7641906E+02   0.7122421E+02   0.1365263E+03   0.7604629E+02   0.1026968E+03   0.5053638E+01   0.4061303E+02   0.4337586E+02   0.4548182E+02   0.5353959E+02   0.1237122E+04
   0.1090000E+04   0.7641779E+02   0.7122449E+02   0.1365459E+03   0.7604999E+02   0.1027028E+03   0.5053583E+01   0.4060942E+02   0.4337376E+02   0.4548165E+02   0.5353930E+02   0.1236984E+04
   0.1091000E+04   0.7641655E+02   0.7122478E+02   0.1365657E+03   0.7605368E+02   0.1027088E+03   0.5053528E+01   0.4060582E+02   0.4337167E+02   0.4548149E+02   0.5353901E+02   0.1236844E+04
   0.1092000E+04   0.7641534E+02   0.7122508E+02   0.1365855E+03   0.7605738E+02   0.1027148E+03   0.5053472E+01   0.4060221E+02   0.4336957E+02   0.4548132E+02   0.5353872E+02   0.1236719E+04
   0.1093000E+04   0.7641413E+02   0.7122537E+02   0.1366052E+03   0.7606107E+02   0.1027207E+03   0.5053417E+01   0.4059862E+02   0.4336748E+02   0.4548115E+02   0.5353843E+02   0.1236583E+04
   0.1094000E+04   0.7641295E+02   0.7122565E+02   0.1366248E+03   0.7606477E+02   0.1027267E+03   0.5053361E+01   0.4059502E+02   0.4336539E+02   0.4548098E+02   0.5353814E+02   0.1236456E+04
   0.1095000E+04   0.7641179E+02   0.7122591E+02   0.1366444E+03   0.7606847E+02   0.1027326E+03   0.5053307E+01   0.4059142E+02   0.4336330E+02   0.4548082E+02   0.5353785E+02   0.1236318E+04
   0.1096000E+04   0.7641066E+02   0.7122601E+02   0.1366639E+03   0.7607216E+02   0.1027386E+03   0.5053252E+01   0.4058782E+02   0.4336121E+02   0.4548066E+02   0.5353756E+02   0.1236188E+04
