 Head values for selected MODFLOW cells
   2615.32   2257.28   2172.56   2103.94   2240.43   2173.52   2132.82   2133.21   2059.40   2056.30   1858.02
   2615.32   2257.28   2172.56   2103.94   2240.43   2173.52   2132.82   2133.21   2059.40   2056.30   1858.02
   2615.31   2257.29   2172.56   2103.95   2240.43   2173.52   2132.82   2133.21   2059.41   2056.30   1858.03
   2615.31   2257.29   2172.56   2103.96   2240.44   2173.52   2132.82   2133.21   2059.41   2056.31   1858.03
   2615.31   2257.30   2172.56   2103.96   2240.44   2173.52   2132.81   2133.20   2059.42   2056.31   1858.04
   2615.31   2257.30   2172.56   2103.97   2240.44   2173.52   2132.81   2133.20   2059.42   2056.31   1858.04
   2615.31   2257.31   2172.56   2103.98   2240.44   2173.52   2132.81   2133.20   2059.43   2056.31   1858.05
   2615.31   2257.31   2172.56   2103.98   2240.44   2173.52   2132.81   2133.20   2059.43   2056.32   1858.05
   2615.31   2257.32   2172.56   2103.99   2240.44   2173.52   2132.81   2133.19   2059.43   2056.32   1858.06
   2615.30   2257.32   2172.56   2104.00   2240.45   2173.52   2132.80   2133.19   2059.44   2056.32   1858.06
   2615.30   2257.33   2172.56   2104.00   2240.45   2173.52   2132.80   2133.19   2059.44   2056.33   1858.06
   2615.30   2257.33   2172.56   2104.01   2240.45   2173.52   2132.80   2133.19   2059.45   2056.33   1858.07
   2615.30   2257.34   2172.56   2104.02   2240.45   2173.52   2132.80   2133.18   2059.45   2056.33   1858.07
   2615.30   2257.34   2172.56   2104.02   2240.45   2173.52   2132.80   2133.18   2059.46   2056.33   1858.08
   2615.30   2257.35   2172.56   2104.03   2240.45   2173.52   2132.79   2133.18   2059.46   2056.34   1858.08
   2615.30   2257.35   2172.56   2104.04   2240.46   2173.52   2132.79   2133.18   2059.47   2056.34   1858.09
   2615.29   2257.36   2172.56   2104.04   2240.46   2173.52   2132.79   2133.17   2059.47   2056.34   1858.09
   2615.29   2257.36   2172.56   2104.05   2240.46   2173.52   2132.79   2133.17   2059.48   2056.35   1858.10
   2615.29   2257.37   2172.56   2104.06   2240.46   2173.52   2132.78   2133.17   2059.48   2056.35   1858.10
   2615.29   2257.38   2172.56   2104.06   2240.46   2173.52   2132.78   2133.17   2059.49   2056.35   1858.11
   2615.29   2257.38   2172.56   2104.07   2240.46   2173.52   2132.78   2133.16   2059.49   2056.36   1858.12
   2615.29   2257.39   2172.56   2104.08   2240.46   2173.52   2132.78   2133.16   2059.50   2056.36   1858.12
   2615.29   2257.39   2172.56   2104.08   2240.47   2173.52   2132.78   2133.16   2059.50   2056.36   1858.13
   2615.28   2257.40   2172.56   2104.09   2240.47   2173.52   2132.77   2133.16   2059.51   2056.36   1858.13
   2615.28   2257.40   2172.56   2104.09   2240.47   2173.52   2132.77   2133.15   2059.51   2056.37   1858.14
   2615.28   2257.41   2172.56   2104.10   2240.47   2173.52   2132.77   2133.15   2059.51   2056.37   1858.15
   2615.28   2257.41   2172.56   2104.11   2240.47   2173.52   2132.77   2133.15   2059.52   2056.37   1858.15
   2615.28   2257.42   2172.56   2104.11   2240.47   2173.52   2132.77   2133.15   2059.52   2056.38   1858.16
   2615.28   2257.42   2172.56   2104.12   2240.48   2173.52   2132.76   2133.14   2059.53   2056.38   1858.17
   2615.27   2257.43   2172.56   2104.13   2240.48   2173.52   2132.76   2133.14   2059.53   2056.38   1858.17
   2615.27   2257.43   2172.56   2104.13   2240.48   2173.52   2132.76   2133.14   2059.54   2056.38   1858.18
   2615.27   2257.44   2172.56   2104.14   2240.48   2173.52   2132.76   2133.14   2059.54   2056.39   1858.19
   2615.27   2257.44   2172.56   2104.15   2240.48   2173.52   2132.75   2133.14   2059.55   2056.39   1858.19
   2615.27   2257.45   2172.56   2104.15   2240.48   2173.52   2132.75   2133.13   2059.55   2056.39   1858.20
   2615.27   2257.45   2172.56   2104.16   2240.49   2173.52   2132.75   2133.13   2059.56   2056.40   1858.21
   2615.26   2257.46   2172.56   2104.17   2240.49   2173.52   2132.75   2133.13   2059.56   2056.40   1858.21
   2615.26   2257.46   2172.56   2104.17   2240.49   2173.52   2132.75   2133.12   2059.57   2056.40   1858.22
   2615.26   2257.47   2172.56   2104.18   2240.49   2173.52   2132.74   2133.12   2059.57   2056.40   1858.23
   2615.26   2257.47   2172.56   2104.19   2240.49   2173.52   2132.74   2133.12   2059.57   2056.41   1858.24
   2615.26   2257.48   2172.56   2104.19   2240.49   2173.52   2132.74   2133.12   2059.58   2056.41   1858.24
   2615.26   2257.48   2172.56   2104.20   2240.50   2173.52   2132.74   2133.12   2059.58   2056.41   1858.25
   2615.25   2257.49   2172.56   2104.21   2240.50   2173.52   2132.74   2133.11   2059.59   2056.41   1858.26
   2615.25   2257.49   2172.56   2104.21   2240.50   2173.52   2132.73   2133.11   2059.59   2056.42   1858.27
   2615.25   2257.50   2172.56   2104.22   2240.50   2173.52   2132.73   2133.11   2059.60   2056.42   1858.27
   2615.25   2257.51   2172.56   2104.23   2240.50   2173.52   2132.73   2133.11   2059.60   2056.42   1858.28
   2615.25   2257.51   2172.56   2104.23   2240.50   2173.52   2132.73   2133.10   2059.61   2056.43   1858.29
   2615.25   2257.52   2172.56   2104.24   2240.51   2173.52   2132.73   2133.10   2059.61   2056.43   1858.30
   2615.24   2257.52   2172.56   2104.25   2240.51   2173.52   2132.72   2133.10   2059.62   2056.43   1858.31
   2615.24   2257.53   2172.56   2104.25   2240.51   2173.52   2132.72   2133.10   2059.62   2056.43   1858.32
   2615.24   2257.53   2172.56   2104.26   2240.51   2173.52   2132.72   2133.09   2059.62   2056.44   1858.33
   2615.24   2257.54   2172.56   2104.27   2240.51   2173.52   2132.72   2133.09   2059.63   2056.44   1858.33
   2615.24   2257.54   2172.56   2104.27   2240.51   2173.52   2132.71   2133.09   2059.63   2056.44   1858.34
   2615.23   2257.55   2172.56   2104.28   2240.52   2173.52   2132.71   2133.09   2059.64   2056.44   1858.35
   2615.23   2257.55   2172.56   2104.29   2240.52   2173.52   2132.71   2133.08   2059.64   2056.45   1858.36
   2615.23   2257.56   2172.56   2104.29   2240.52   2173.52   2132.71   2133.08   2059.65   2056.45   1858.37
   2615.23   2257.56   2172.56   2104.30   2240.52   2173.52   2132.71   2133.08   2059.65   2056.45   1858.38
   2615.23   2257.57   2172.56   2104.30   2240.52   2173.52   2132.70   2133.08   2059.66   2056.45   1858.39
   2615.22   2257.57   2172.56   2104.31   2240.52   2173.52   2132.70   2133.07   2059.66   2056.46   1858.40
   2615.22   2257.58   2172.56   2104.32   2240.53   2173.52   2132.70   2133.07   2059.66   2056.46   1858.41
   2615.22   2257.58   2172.56   2104.32   2240.53   2173.52   2132.70   2133.07   2059.67   2056.46   1858.42
   2615.22   2257.59   2172.56   2104.33   2240.53   2173.52   2132.70   2133.07   2059.67   2056.46   1858.43
   2615.22   2257.59   2172.56   2104.34   2240.53   2173.52   2132.69   2133.06   2059.68   2056.47   1858.44
   2615.22   2257.60   2172.56   2104.34   2240.53   2173.52   2132.69   2133.06   2059.68   2056.47   1858.45
   2615.21   2257.60   2172.56   2104.35   2240.53   2173.52   2132.69   2133.06   2059.69   2056.47   1858.46
   2615.21   2257.61   2172.56   2104.36   2240.53   2173.52   2132.69   2133.06   2059.69   2056.48   1858.47
   2615.21   2257.61   2172.56   2104.36   2240.54   2173.52   2132.69   2133.05   2059.69   2056.48   1858.49
   2615.21   2257.62   2172.56   2104.37   2240.54   2173.52   2132.68   2133.05   2059.70   2056.48   1858.50
   2615.21   2257.63   2172.56   2104.38   2240.54   2173.52   2132.68   2133.05   2059.70   2056.48   1858.51
   2615.20   2257.63   2172.56   2104.38   2240.54   2173.52   2132.68   2133.05   2059.71   2056.49   1858.54
   2615.20   2257.64   2172.56   2104.39   2240.54   2173.52   2132.68   2133.04   2059.71   2056.49   1858.57
   2615.20   2257.64   2177.21   2104.40   2240.54   2173.52   2132.67   2133.04   2059.72   2056.49   1858.59
   2615.20   2257.65   2177.22   2104.40   2240.55   2173.52   2132.67   2133.04   2059.72   2056.49   1858.65
   2615.20   2257.65   2177.22   2104.41   2240.55   2173.52   2132.67   2133.04   2059.72   2056.50   1858.70
   2615.20   2257.66   2177.22   2104.42   2240.55   2173.52   2132.67   2133.03   2059.73   2056.50   1858.71
   2615.20   2257.67   2177.22   2104.42   2240.55   2173.52   2132.67   2133.03   2059.73   2056.50   1858.75
   2615.21   2257.68   2177.23   2104.43   2240.55   2173.52   2132.66   2133.03   2059.74   2056.50   1858.81
   2615.22   2257.69   2177.23   2104.43   2240.55   2173.52   2132.66   2133.03   2059.74   2056.51   1858.87
   2615.23   2257.70   2177.23   2104.44   2240.56   2173.52   2132.66   2133.02   2059.75   2056.51   1858.93
   2615.25   2257.72   2177.24   2104.45   2240.56   2173.52   2132.66   2133.02   2059.75   2056.51   1858.99
   2615.26   2257.73   2177.24   2104.45   2240.56   2173.52   2132.66   2133.02   2059.75   2056.51   1859.05
   2615.27   2257.74   2177.24   2104.46   2240.56   2173.52   2132.65   2133.02   2059.76   2056.52   1859.06
   2615.28   2257.76   2177.25   2104.47   2240.56   2173.52   2132.65   2133.01   2059.76   2056.52   1859.06
   2615.29   2257.77   2177.25   2104.47   2240.56   2173.52   2132.65   2133.01   2059.77   2056.52   1859.08
   2615.30   2257.78   2177.25   2104.48   2240.57   2173.52   2132.65   2133.01   2059.77   2056.52   1859.09
   2615.30   2257.79   2177.26   2104.49   2240.57   2173.52   2132.65   2133.01   2059.77   2056.53   1859.10
   2615.30   2257.79   2177.26   2104.49   2240.57   2173.52   2132.64   2133.00   2059.78   2056.53   1859.11
   2615.31   2257.80   2177.27   2104.50   2240.57   2173.52   2132.64   2133.00   2059.78   2056.53   1859.12
   2615.31   2257.81   2177.27   2104.51   2240.57   2173.52   2132.64   2133.00   2059.79   2056.53   1859.13
   2615.31   2257.82   2177.27   2104.51   2240.57   2173.52   2132.64   2133.00   2059.79   2056.53   1859.14
   2615.31   2257.82   2177.28   2104.52   2240.58   2173.52   2132.64   2132.99   2059.79   2056.54   1859.15
   2615.31   2257.83   2177.28   2104.52   2240.58   2173.52   2132.63   2132.99   2059.80   2056.54   1859.16
   2615.31   2257.84   2177.28   2104.53   2240.58   2173.52   2132.63   2132.99   2059.80   2056.54   1859.17
   2615.31   2257.84   2177.28   2104.54   2240.58   2173.52   2132.63   2132.99   2059.81   2056.54   1859.20
   2615.31   2257.85   2177.29   2104.54   2240.58   2173.52   2132.63   2132.99   2059.81   2056.55   1859.25
   2615.32   2257.86   2177.29   2104.55   2240.58   2173.52   2132.62   2132.98   2059.82   2056.55   1859.28
   2615.32   2257.87   2177.29   2104.56   2240.59   2173.52   2132.62   2132.98   2059.82   2056.55   1859.29
   2615.34   2257.88   2177.29   2104.56   2240.60   2173.52   2132.62   2132.98   2059.82   2056.55   1859.30
   2615.35   2257.89   2177.30   2104.57   2240.60   2173.52   2132.62   2132.98   2059.83   2056.56   1859.31
   2615.36   2257.91   2177.30   2104.58   2240.61   2173.52   2132.62   2132.97   2059.83   2056.56   1859.33
   2615.38   2257.92   2177.30   2104.58   2240.61   2173.52   2132.61   2132.97   2059.84   2056.56   1859.34
   2615.39   2257.93   2177.31   2104.59   2240.62   2173.52   2132.61   2132.97   2059.84   2056.56   1859.36
   2615.40   2257.94   2177.31   2104.60   2240.62   2173.52   2132.61   2132.97   2059.84   2056.57   1859.37
   2615.40   2257.95   2177.31   2104.60   2240.63   2173.52   2132.61   2132.96   2059.85   2056.57   1859.38
   2615.41   2257.96   2177.31   2104.61   2240.63   2173.52   2132.61   2132.96   2059.85   2056.57   1859.39
   2615.42   2257.97   2177.32   2104.61   2240.64   2173.52   2132.60   2132.96   2059.86   2056.57   1859.42
   2615.42   2257.98   2177.32   2104.62   2240.64   2173.52   2132.60   2132.96   2059.86   2056.57   1859.43
   2615.42   2257.99   2177.32   2104.63   2240.64   2173.52   2132.60   2132.95   2059.86   2056.58   1859.44
   2615.43   2258.00   2177.33   2104.63   2240.64   2173.52   2132.60   2132.95   2059.87   2056.58   1859.46
   2615.43   2258.00   2177.33   2104.64   2240.65   2173.52   2132.60   2132.95   2059.87   2056.58   1859.47
   2615.43   2258.01   2177.33   2104.65   2240.65   2173.52   2132.59   2132.95   2059.88   2056.58   1859.48
   2615.43   2258.02   2177.34   2104.65   2240.65   2173.52   2132.59   2132.94   2059.88   2056.59   1859.49
   2615.43   2258.02   2177.34   2104.66   2240.65   2173.52   2132.59   2132.94   2059.88   2056.59   1859.51
   2615.43   2258.03   2177.34   2104.67   2240.66   2173.52   2132.59   2132.94   2059.89   2056.59   1859.52
   2615.43   2258.03   2177.34   2104.67   2240.66   2173.52   2132.58   2132.94   2059.89   2056.59   1859.53
   2615.43   2258.04   2177.35   2104.68   2240.66   2173.52   2132.58   2132.93   2059.90   2056.60   1859.54
   2615.43   2258.05   2177.35   2104.69   2240.66   2173.52   2132.58   2132.93   2059.90   2056.60   1859.55
   2615.43   2258.05   2177.36   2104.69   2240.66   2173.52   2132.58   2132.93   2059.90   2056.60   1859.62
   2615.43   2258.06   2177.36   2104.70   2240.67   2173.52   2132.58   2132.93   2059.91   2056.60   1859.69
   2615.44   2258.07   2177.37   2104.70   2240.67   2173.52   2132.57   2132.92   2059.91   2056.60   1859.76
   2615.45   2258.08   2177.38   2104.71   2240.67   2173.52   2132.57   2132.92   2059.91   2056.61   1859.84
   2615.46   2258.09   2177.38   2104.72   2240.68   2173.52   2132.57   2132.92   2059.92   2056.61   1859.91
   2615.47   2258.10   2177.39   2104.72   2240.68   2173.52   2132.57   2132.92   2059.92   2056.61   1859.97
   2615.47   2258.11   2177.39   2104.73   2240.68   2173.52   2132.57   2132.91   2059.93   2056.61   1860.00
   2615.48   2258.12   2177.39   2104.74   2240.68   2173.52   2132.56   2132.91   2059.93   2056.62   1860.02
   2615.49   2258.13   2177.39   2104.74   2240.69   2173.52   2132.56   2132.91   2059.93   2056.62   1860.04
   2615.49   2258.14   2177.39   2104.75   2240.69   2173.52   2132.56   2132.91   2059.94   2056.62   1860.05
   2615.49   2258.15   2177.40   2104.76   2240.69   2173.52   2132.56   2132.91   2059.94   2056.62   1860.06
   2615.50   2258.16   2177.40   2104.76   2240.69   2173.52   2132.56   2132.90   2059.95   2056.62   1860.09
   2615.50   2258.16   2177.40   2104.77   2240.69   2173.52   2132.55   2132.90   2059.95   2056.63   1860.14
   2615.50   2258.17   2177.41   2104.77   2240.70   2173.52   2132.55   2132.90   2059.95   2056.63   1860.21
   2615.51   2258.18   2177.42   2104.78   2240.71   2173.52   2132.55   2132.90   2059.96   2056.63   1860.29
   2615.52   2258.19   2177.43   2104.79   2240.71   2173.52   2132.55   2132.89   2059.96   2056.63   1860.36
   2615.53   2258.20   2177.43   2104.79   2240.72   2173.52   2132.55   2132.89   2059.96   2056.63   1860.44
   2615.53   2258.21   2177.44   2104.80   2240.73   2173.52   2132.54   2132.89   2059.97   2056.64   1860.51
   2615.54   2258.22   2177.44   2104.81   2240.74   2173.52   2132.54   2132.89   2059.97   2056.64   1860.58
   2615.55   2258.23   2177.45   2104.81   2240.74   2173.52   2132.54   2132.88   2059.98   2056.64   1860.60
   2615.55   2258.24   2177.45   2104.82   2240.75   2173.52   2132.54   2132.88   2059.98   2056.64   1860.62
   2615.55   2258.25   2177.45   2104.83   2240.75   2173.52   2132.53   2132.88   2059.98   2056.65   1860.66
   2615.56   2258.26   2177.46   2104.83   2240.76   2173.52   2132.53   2132.88   2059.99   2056.65   1860.73
   2615.56   2258.26   2177.46   2104.84   2240.76   2173.52   2132.53   2132.87   2059.99   2056.65   1860.77
   2615.56   2258.27   2177.46   2104.84   2240.76   2173.52   2132.53   2132.87   2059.99   2056.65   1860.80
   2615.56   2258.28   2177.46   2104.85   2240.77   2173.52   2132.53   2132.87   2060.00   2056.65   1860.83
   2615.56   2258.28   2177.46   2104.86   2240.77   2173.52   2132.52   2132.87   2060.00   2056.66   1860.86
   2615.56   2258.29   2177.46   2104.86   2240.77   2173.52   2132.52   2132.86   2060.00   2056.66   1860.88
   2615.57   2258.30   2177.47   2104.87   2240.77   2173.52   2132.52   2132.86   2060.01   2056.66   1860.92
   2615.57   2258.30   2177.48   2104.88   2240.78   2173.52   2132.52   2132.86   2060.01   2056.66   1860.98
   2615.57   2258.31   2177.48   2104.88   2240.78   2173.52   2132.52   2132.86   2060.02   2056.66   1861.03
   2615.58   2258.32   2177.49   2104.89   2240.78   2173.52   2132.51   2132.85   2060.02   2056.67   1861.09
   2615.58   2258.33   2177.49   2104.89   2240.78   2173.52   2132.51   2132.85   2060.02   2056.67   1861.14
   2615.59   2258.34   2177.50   2104.90   2240.78   2173.52   2132.51   2132.85   2060.03   2056.67   1861.18
   2615.59   2258.35   2177.50   2104.91   2240.79   2173.52   2132.51   2132.85   2060.03   2056.67   1861.23
   2615.59   2258.35   2177.50   2104.91   2240.79   2173.52   2132.51   2132.84   2060.03   2056.67   1861.27
   2615.59   2258.36   2177.50   2104.92   2240.79   2173.52   2132.50   2132.84   2060.04   2056.68   1861.30
   2615.60   2258.37   2177.50   2104.93   2240.79   2173.52   2132.50   2132.84   2060.04   2056.68   1861.34
   2615.60   2258.37   2177.50   2104.93   2240.79   2173.52   2132.50   2132.84   2060.04   2056.68   1861.37
   2615.60   2258.38   2177.50   2104.94   2240.79   2173.52   2132.50   2132.84   2060.05   2056.68   1861.41
   2615.60   2258.39   2177.50   2104.95   2240.80   2173.52   2132.50   2132.83   2060.05   2056.68   1861.44
   2615.60   2258.39   2177.50   2104.95   2240.80   2173.52   2132.49   2132.83   2060.06   2056.69   1861.48
   2615.60   2258.40   2177.50   2104.96   2240.80   2173.52   2132.49   2132.83   2060.06   2056.69   1861.49
   2615.60   2258.40   2177.50   2104.96   2240.80   2173.52   2132.49   2132.83   2060.06   2056.69   1861.53
   2615.60   2258.41   2177.50   2104.97   2240.80   2173.52   2132.49   2132.82   2060.07   2056.69   1861.56
   2615.60   2258.42   2177.50   2104.98   2240.81   2173.52   2132.49   2132.82   2060.07   2056.69   1861.59
   2615.60   2258.42   2177.51   2104.98   2240.81   2173.52   2132.48   2132.82   2060.07   2056.70   1861.62
   2615.60   2258.43   2177.51   2104.99   2240.81   2173.52   2132.48   2132.82   2060.08   2056.70   1861.63
   2615.59   2258.43   2177.51   2105.00   2240.81   2173.52   2132.48   2132.81   2060.08   2056.70   1861.64
   2615.59   2258.44   2177.50   2105.00   2240.81   2173.52   2132.48   2132.81   2060.08   2056.70   1861.65
   2615.59   2258.44   2177.50   2105.01   2240.81   2173.52   2132.47   2132.81   2060.09   2056.70   1861.67
   2615.59   2258.45   2177.50   2105.01   2240.82   2173.52   2132.47   2132.81   2060.09   2056.71   1861.70
   2615.59   2258.46   2177.50   2105.02   2240.82   2173.52   2132.47   2132.80   2060.09   2056.71   1861.73
   2615.59   2258.46   2177.50   2105.03   2240.82   2173.52   2132.47   2132.80   2060.10   2056.71   1861.76
   2615.59   2258.47   2177.50   2105.03   2240.82   2173.52   2132.47   2132.80   2060.10   2056.71   1861.78
   2615.59   2258.47   2177.51   2105.04   2240.82   2173.52   2132.46   2132.80   2060.10   2056.71   1861.80
   2615.59   2258.48   2177.51   2105.05   2240.82   2173.52   2132.46   2132.79   2060.11   2056.72   1861.81
   2615.59   2258.48   2177.51   2105.05   2240.83   2173.52   2132.46   2132.79   2060.11   2056.72   1861.84
   2615.59   2258.49   2177.51   2105.06   2240.83   2173.52   2132.46   2132.79   2060.11   2056.72   1861.86
   2615.58   2258.49   2177.51   2105.06   2240.83   2173.52   2132.46   2132.79   2060.12   2056.72   1861.89
   2615.58   2258.50   2177.51   2105.07   2240.83   2173.52   2132.45   2132.78   2060.12   2056.72   1861.91
   2615.58   2258.51   2177.52   2105.08   2240.83   2173.52   2132.45   2132.78   2060.13   2056.73   1861.95
   2615.58   2258.51   2177.52   2105.08   2240.83   2173.52   2132.45   2132.78   2060.13   2056.73   1861.97
   2615.58   2258.52   2177.52   2105.09   2240.84   2173.52   2132.45   2132.78   2060.13   2056.73   1862.00
   2615.58   2258.52   2177.52   2105.10   2240.84   2173.52   2132.45   2132.78   2060.14   2056.73   1862.03
   2615.58   2258.53   2177.52   2105.10   2240.84   2173.52   2132.44   2132.77   2060.14   2056.73   1862.06
   2615.58   2258.53   2177.52   2105.11   2240.84   2173.52   2132.44   2132.77   2060.14   2056.73   1862.10
   2615.58   2258.54   2177.52   2105.11   2240.84   2173.52   2132.44   2132.77   2060.15   2056.74   1862.13
   2615.58   2258.55   2177.53   2105.12   2240.84   2173.52   2132.44   2132.77   2060.15   2056.74   1862.17
   2615.57   2258.55   2177.53   2105.13   2240.85   2173.52   2132.44   2132.76   2060.15   2056.74   1862.21
   2615.57   2258.56   2177.53   2105.13   2240.85   2173.52   2132.43   2132.76   2060.16   2056.74   1862.25
   2615.57   2258.56   2177.53   2105.14   2240.85   2173.52   2132.43   2132.76   2060.16   2056.74   1862.32
   2615.57   2258.57   2177.54   2105.15   2240.85   2173.52   2132.43   2132.76   2060.16   2056.75   1862.34
   2615.57   2258.57   2177.54   2105.15   2240.85   2173.52   2132.43   2132.75   2060.17   2056.75   1862.37
   2615.57   2258.58   2177.54   2105.16   2240.85   2173.52   2132.43   2132.75   2060.17   2056.75   1862.40
   2615.57   2258.59   2177.54   2105.16   2240.86   2173.52   2132.42   2132.75   2060.17   2056.75   1862.44
   2615.57   2258.59   2177.55   2105.17   2240.86   2173.52   2132.42   2132.75   2060.18   2056.75   1862.49
   2615.56   2258.60   2177.55   2105.18   2240.86   2173.52   2132.42   2132.74   2060.18   2056.75   1862.53
   2615.56   2258.60   2177.55   2105.18   2240.86   2173.52   2132.42   2132.74   2060.18   2056.76   1862.56
   2615.56   2258.61   2177.55   2105.19   2240.86   2173.52   2132.42   2132.74   2060.19   2056.76   1862.60
   2615.56   2258.61   2177.55   2105.20   2240.86   2173.52   2132.41   2132.74   2060.19   2056.76   1862.63
   2615.56   2258.62   2177.55   2105.20   2240.87   2173.52   2132.41   2132.73   2060.19   2056.76   1862.67
   2615.56   2258.63   2177.55   2105.21   2240.87   2173.52   2132.41   2132.73   2060.20   2056.76   1862.72
   2615.56   2258.63   2177.56   2105.21   2240.87   2173.52   2132.41   2132.73   2060.20   2056.77   1862.77
   2615.55   2258.64   2177.57   2105.22   2240.87   2173.52   2132.40   2132.73   2060.20   2056.77   1862.85
   2615.55   2258.64   2177.57   2105.23   2240.87   2173.52   2132.40   2132.73   2060.21   2056.77   1862.92
   2615.56   2258.65   2177.58   2105.23   2240.87   2173.52   2132.40   2132.72   2060.21   2056.77   1862.99
   2615.56   2258.66   2177.59   2105.24   2240.88   2173.52   2132.40   2132.72   2060.21   2056.77   1863.05
   2615.57   2258.67   2177.60   2105.25   2240.88   2173.52   2132.40   2132.72   2060.22   2056.77   1863.13
   2615.57   2258.68   2177.60   2105.25   2240.88   2173.52   2132.39   2132.72   2060.22   2056.78   1863.17
   2615.57   2258.69   2177.61   2105.26   2240.88   2173.52   2132.39   2132.71   2060.22   2056.78   1863.24
   2615.58   2258.70   2177.62   2105.26   2240.88   2173.52   2132.39   2132.71   2060.22   2056.78   1863.31
   2615.59   2258.71   2177.62   2105.27   2240.89   2173.52   2132.39   2132.71   2060.23   2056.78   1863.37
   2615.59   2258.72   2177.63   2105.28   2240.89   2173.52   2132.39   2132.71   2060.23   2056.78   1863.43
   2615.60   2258.73   2177.63   2105.28   2240.89   2173.52   2132.38   2132.70   2060.23   2056.79   1863.48
   2615.60   2258.74   2177.64   2105.29   2240.89   2173.52   2132.38   2132.70   2060.24   2056.79   1863.52
   2615.61   2258.74   2177.64   2105.29   2240.89   2173.52   2132.38   2132.70   2060.24   2056.79   1863.57
   2615.61   2258.75   2177.64   2105.30   2240.89   2173.52   2132.38   2132.70   2060.24   2056.79   1863.63
   2615.62   2258.76   2177.65   2105.31   2240.90   2173.52   2132.38   2132.69   2060.25   2056.79   1863.70
   2615.62   2258.77   2177.66   2105.31   2240.90   2173.52   2132.37   2132.69   2060.25   2056.79   1863.75
   2615.62   2258.78   2177.67   2105.32   2240.90   2173.52   2132.37   2132.69   2060.25   2056.80   1863.83
   2615.63   2258.79   2177.67   2105.33   2240.90   2173.52   2132.37   2132.69   2060.26   2056.80   1863.90
   2615.64   2258.80   2177.68   2105.33   2240.90   2173.52   2132.37   2132.69   2060.26   2056.80   1863.98
   2615.64   2258.81   2177.69   2105.34   2240.90   2233.35   2132.37   2132.68   2060.26   2056.80   1864.02
   2615.65   2258.82   2177.69   2105.34   2240.91   2233.35   2132.36   2132.68   2060.27   2056.80   1864.07
   2615.65   2258.82   2177.69   2105.35   2240.91   2233.35   2132.36   2132.68   2060.27   2056.80   1864.12
   2615.65   2258.83   2177.69   2105.36   2240.91   2233.35   2132.36   2132.68   2060.27   2056.81   1864.16
   2615.65   2258.84   2177.69   2105.36   2240.91   2233.35   2132.36   2132.67   2060.28   2056.81   1864.21
   2615.66   2258.85   2177.70   2105.37   2240.91   2233.35   2132.36   2132.67   2060.28   2056.81   1864.26
   2615.66   2258.85   2177.71   2105.38   2240.91   2233.36   2132.35   2132.67   2060.28   2056.81   1864.31
   2615.66   2258.86   2177.71   2105.38   2240.92   2233.36   2132.35   2132.67   2060.28   2056.81   1864.38
   2615.66   2258.87   2177.71   2105.39   2240.92   2233.36   2132.35   2132.66   2060.29   2056.81   1864.44
   2615.66   2258.88   2177.72   2105.39   2240.92   2233.36   2132.35   2132.66   2060.29   2056.82   1864.48
   2615.66   2258.88   2177.72   2105.40   2240.92   2233.36   2132.35   2132.66   2060.29   2056.82   1864.53
   2615.66   2258.89   2177.72   2105.41   2240.92   2233.36   2132.34   2132.66   2060.30   2056.82   1864.57
   2615.66   2258.90   2177.72   2105.41   2240.92   2233.36   2132.34   2132.65   2060.30   2056.82   1864.61
   2615.66   2258.90   2177.72   2105.42   2240.93   2233.36   2132.34   2132.65   2060.30   2056.82   1864.66
   2615.66   2258.91   2177.73   2105.42   2240.93   2233.36   2132.34   2132.65   2060.31   2056.82   1864.70
   2615.66   2258.92   2177.73   2105.43   2240.93   2233.36   2132.34   2132.65   2060.31   2056.83   1864.75
   2615.66   2258.92   2177.73   2105.44   2240.93   2233.36   2132.33   2132.65   2060.31   2056.83   1864.79
   2615.66   2258.93   2177.73   2105.44   2240.93   2233.36   2132.33   2132.64   2060.32   2056.83   1864.84
   2615.66   2258.93   2177.73   2105.45   2240.93   2233.36   2132.33   2132.64   2060.32   2056.83   1864.88
   2615.66   2258.94   2177.73   2105.45   2240.94   2233.36   2132.33   2132.64   2060.32   2056.83   1864.94
   2615.66   2258.95   2177.74   2105.46   2240.94   2233.36   2132.33   2132.64   2060.32   2056.83   1864.99
   2615.66   2258.95   2177.75   2105.47   2240.94   2233.36   2132.32   2132.63   2060.33   2056.83   1865.05
   2615.66   2258.96   2177.75   2105.47   2240.94   2233.36   2132.32   2132.63   2060.33   2056.84   1865.10
   2615.66   2258.96   2177.75   2105.48   2240.94   2233.36   2132.32   2132.63   2060.33   2056.84   1865.15
   2615.66   2258.97   2177.75   2105.49   2240.94   2233.36   2132.32   2132.63   2060.34   2056.84   1865.19
   2615.66   2258.98   2177.76   2105.49   2240.95   2233.36   2132.31   2132.62   2060.34   2056.84   1865.24
   2615.66   2258.98   2177.76   2105.50   2240.95   2233.36   2132.31   2132.62   2060.34   2056.84   1865.29
   2615.66   2258.99   2177.76   2105.50   2240.95   2233.36   2132.31   2132.62   2060.34   2056.84   1865.34
   2615.65   2258.99   2177.77   2105.51   2240.95   2233.36   2132.31   2132.62   2060.35   2056.85   1865.40
   2615.65   2259.00   2177.77   2105.52   2240.95   2233.36   2132.31   2132.61   2060.35   2056.85   1865.44
   2615.65   2259.00   2177.78   2105.52   2240.95   2233.36   2132.30   2132.61   2060.35   2056.85   1865.48
   2615.65   2259.01   2177.79   2105.53   2240.96   2233.36   2132.30   2132.61   2060.36   2056.85   1865.51
   2615.65   2259.02   2177.79   2105.53   2240.96   2233.36   2132.30   2132.61   2060.36   2056.85   1865.55
   2615.65   2259.02   2177.79   2105.54   2240.96   2233.36   2132.30   2132.60   2060.36   2056.85   1865.59
   2615.65   2259.03   2177.79   2105.55   2240.96   2233.36   2132.30   2132.60   2060.37   2056.86   1865.63
   2615.65   2259.03   2177.79   2105.55   2240.96   2233.36   2132.29   2132.60   2060.37   2056.86   1865.67
   2615.64   2259.04   2177.79   2105.56   2240.97   2233.36   2132.29   2132.60   2060.37   2056.86   1865.70
   2615.64   2259.04   2177.79   2105.56   2240.97   2233.36   2132.29   2132.60   2060.37   2056.86   1865.74
   2615.64   2259.05   2177.79   2105.57   2240.97   2233.36   2132.29   2132.59   2060.38   2056.86   1865.78
   2615.64   2259.06   2177.79   2105.58   2240.97   2233.36   2132.29   2132.59   2060.38   2056.86   1865.83
   2615.64   2259.06   2177.79   2105.58   2240.97   2233.36   2132.28   2132.59   2060.38   2056.86   1865.91
   2615.64   2259.07   2177.80   2105.59   2240.97   2233.36   2132.28   2132.59   2060.39   2056.87   1865.96
   2615.64   2259.08   2177.80   2105.60   2240.98   2233.36   2132.28   2132.58   2060.39   2056.87   1866.02
   2615.64   2259.08   2177.80   2105.60   2240.98   2233.36   2132.28   2132.58   2060.39   2056.87   1866.07
   2615.64   2259.09   2177.81   2105.61   2240.98   2233.36   2132.28   2132.58   2060.39   2056.87   1866.14
   2615.64   2259.10   2177.82   2105.61   2240.98   2233.36   2132.27   2132.58   2060.40   2056.87   1866.20
   2615.64   2259.10   2177.82   2105.62   2240.98   2233.36   2132.27   2132.57   2060.40   2056.87   1866.28
   2615.64   2259.11   2177.83   2105.63   2240.98   2233.36   2132.27   2132.57   2060.40   2056.88   1866.32
   2615.64   2259.12   2177.84   2105.63   2240.99   2233.36   2132.27   2132.57   2060.41   2056.88   1866.34
   2615.64   2259.12   2177.85   2105.64   2240.99   2233.36   2132.27   2132.57   2060.41   2056.88   1866.39
   2615.65   2259.13   2177.86   2105.64   2240.99   2233.36   2132.26   2132.56   2060.41   2056.88   1866.46
   2615.66   2259.14   2177.87   2105.65   2240.99   2233.37   2132.26   2132.56   2060.41   2056.88   1866.53
   2615.67   2259.16   2177.87   2105.66   2240.99   2233.37   2132.26   2132.56   2060.42   2056.88   1866.56
   2615.68   2259.17   2177.88   2105.66   2240.99   2233.37   2132.26   2132.56   2060.42   2056.88   1866.59
   2615.69   2259.18   2177.88   2105.67   2241.00   2233.37   2132.26   2132.56   2060.42   2056.89   1866.62
   2615.70   2259.19   2177.89   2105.67   2241.00   2233.37   2132.25   2132.55   2060.43   2056.89   1866.66
   2615.71   2259.21   2177.89   2105.68   2241.00   2233.37   2132.25   2132.55   2060.43   2056.89   1866.71
   2615.72   2259.22   2177.89   2105.69   2241.00   2233.37   2132.25   2132.55   2060.43   2056.89   1866.75
   2615.73   2259.23   2177.90   2105.69   2241.00   2233.37   2132.25   2132.55   2060.43   2056.89   1866.82
   2615.73   2259.24   2177.90   2105.70   2241.00   2233.37   2132.25   2132.54   2060.44   2056.89   1866.86
   2615.74   2259.25   2177.91   2105.70   2241.01   2233.37   2132.24   2132.54   2060.44   2056.89   1866.88
   2615.74   2259.25   2177.91   2105.71   2241.01   2233.37   2132.24   2132.54   2060.44   2056.90   1866.90
   2615.74   2259.26   2177.92   2105.72   2241.01   2233.37   2132.24   2132.54   2060.44   2056.90   1866.95
   2615.75   2259.27   2177.92   2105.72   2241.01   2233.37   2132.24   2132.53   2060.45   2056.90   1867.01
   2615.75   2259.28   2177.93   2105.73   2241.01   2233.37   2132.24   2132.53   2060.45   2056.90   1867.06
   2615.75   2259.28   2177.93   2105.73   2241.01   2233.37   2132.23   2132.53   2060.45   2056.90   1867.11
   2615.75   2259.29   2177.93   2105.74   2241.02   2233.37   2132.23   2132.53   2060.46   2056.90   1867.13
   2615.75   2259.30   2177.93   2105.75   2241.02   2233.37   2132.23   2132.53   2060.46   2056.90   1867.16
   2615.75   2259.30   2177.93   2105.75   2241.02   2233.37   2132.23   2132.52   2060.46   2056.91   1867.18
   2615.75   2259.31   2177.93   2105.76   2241.02   2233.37   2132.23   2132.52   2060.46   2056.91   1867.20
   2615.75   2259.32   2177.93   2105.76   2241.02   2233.37   2132.22   2132.52   2060.47   2056.91   1867.21
   2615.75   2259.32   2177.93   2105.77   2241.02   2233.37   2132.22   2132.52   2060.47   2056.91   1867.23
   2615.75   2259.33   2177.93   2105.78   2241.03   2233.37   2132.22   2132.51   2060.47   2056.91   1867.26
   2615.75   2259.33   2177.93   2105.78   2241.03   2233.37   2132.22   2132.51   2060.47   2056.91   1867.28
   2615.75   2259.34   2177.93   2105.79   2241.03   2233.37   2132.22   2132.51   2060.48   2056.91   1867.29
   2615.75   2259.34   2177.93   2105.79   2241.03   2233.37   2132.21   2132.51   2060.48   2056.91   1867.31
   2615.75   2259.35   2177.93   2105.80   2241.03   2233.37   2132.21   2132.50   2060.48   2056.92   1867.35
   2615.75   2259.36   2177.94   2105.81   2241.04   2233.37   2132.21   2132.50   2060.48   2056.92   1867.38
   2615.75   2259.36   2177.94   2105.81   2241.04   2233.37   2132.21   2132.50   2060.49   2056.92   1867.39
   2615.74   2259.37   2177.95   2105.82   2241.04   2233.37   2132.21   2132.50   2060.49   2056.92   1867.41
   2615.74   2259.37   2177.95   2105.82   2241.04   2233.37   2132.20   2132.50   2060.49   2056.92   1867.42
   2615.74   2259.38   2177.95   2105.83   2241.04   2233.37   2132.20   2132.49   2060.50   2056.92   1867.43
   2615.74   2259.39   2177.96   2105.84   2241.04   2233.37   2132.20   2132.49   2060.50   2056.92   1867.45
   2615.74   2259.39   2177.96   2105.84   2241.05   2233.37   2132.20   2132.49   2060.50   2056.93   1867.46
   2615.74   2259.40   2177.97   2105.85   2241.05   2233.37   2132.20   2132.49   2060.50   2056.93   1867.48
   2615.74   2259.40   2177.97   2105.85   2241.05   2233.37   2132.19   2132.48   2060.51   2056.93   1867.49
   2615.74   2259.41   2177.97   2105.86   2241.05   2233.37   2132.19   2132.48   2060.51   2056.93   1867.50
   2615.74   2259.41   2177.98   2105.87   2241.05   2233.37   2132.19   2132.48   2060.51   2056.93   1867.52
   2615.73   2259.42   2177.98   2105.87   2241.05   2233.37   2132.19   2132.48   2060.51   2056.93   1867.53
   2615.73   2259.43   2177.98   2105.88   2241.06   2233.37   2132.19   2132.47   2060.52   2056.93   1867.54
   2615.73   2259.43   2177.99   2105.88   2241.06   2233.37   2132.18   2132.47   2060.52   2056.94   1867.56
   2615.73   2259.44   2177.99   2105.89   2241.06   2233.37   2132.18   2132.47   2060.52   2056.94   1867.57
   2615.73   2259.44   2178.00   2105.90   2241.06   2233.37   2132.18   2132.47   2060.52   2056.94   1867.58
   2615.73   2259.45   2178.00   2105.90   2241.06   2233.37   2132.18   2132.46   2060.53   2056.94   1867.59
   2615.73   2259.45   2178.00   2105.91   2241.06   2233.37   2132.18   2132.46   2060.53   2056.94   1867.61
   2615.72   2259.46   2178.01   2105.91   2241.07   2233.37   2132.17   2132.46   2060.53   2056.94   1867.62
   2615.72   2259.46   2178.01   2105.92   2241.07   2233.37   2132.17   2132.46   2060.53   2056.94   1867.63
   2615.72   2259.47   2178.02   2105.93   2241.07   2233.37   2132.17   2132.46   2060.54   2056.94   1867.65
   2615.72   2259.48   2178.02   2105.93   2241.07   2233.37   2132.17   2132.45   2060.54   2056.95   1867.66
   2615.72   2259.48   2178.02   2105.94   2241.07   2233.37   2132.17   2132.45   2060.54   2056.95   1867.68
   2615.72   2259.49   2178.03   2105.94   2241.07   2233.37   2132.16   2132.45   2060.54   2056.95   1867.69
   2615.72   2259.49   2178.03   2105.95   2241.08   2233.37   2132.16   2132.45   2060.55   2056.95   1867.70
   2615.71   2259.50   2178.03   2105.96   2241.08   2233.37   2132.16   2132.44   2060.55   2056.95   1867.72
   2615.71   2259.50   2178.04   2105.96   2241.08   2233.37   2132.16   2132.44   2060.55   2056.95   1867.73
   2615.71   2259.51   2178.04   2105.97   2241.08   2233.37   2132.16   2132.44   2060.55   2056.95   1867.75
   2615.71   2259.51   2178.05   2105.97   2241.08   2233.37   2132.15   2132.44   2060.56   2056.95   1867.76
   2615.71   2259.52   2178.05   2105.98   2241.09   2233.37   2132.15   2132.43   2060.56   2056.96   1867.78
   2615.71   2259.53   2178.05   2105.99   2241.09   2233.37   2132.15   2132.43   2060.56   2056.96   1867.79
   2615.70   2259.53   2178.06   2105.99   2241.09   2233.37   2132.15   2132.43   2060.56   2056.96   1867.80
   2615.70   2259.54   2178.06   2106.00   2241.09   2233.37   2132.15   2132.43   2060.57   2056.96   1867.82
   2615.70   2259.54   2178.06   2106.00   2241.09   2233.37   2132.14   2132.43   2060.57   2056.96   1867.83
   2615.70   2259.55   2178.07   2106.01   2241.09   2233.37   2132.14   2132.42   2060.57   2056.96   1867.85
   2615.70   2259.55   2178.07   2106.02   2241.10   2233.37   2132.14   2132.42   2060.57   2056.96   1867.86
   2615.70   2259.56   2178.08   2106.02   2241.10   2233.37   2132.14   2132.42   2060.58   2056.96   1867.87
   2615.69   2259.56   2178.08   2106.03   2241.10   2233.37   2132.14   2132.42   2060.58   2056.97   1867.89
   2615.69   2259.57   2178.08   2106.03   2241.10   2233.37   2132.13   2132.41   2060.58   2056.97   1867.90
   2615.69   2259.58   2178.09   2106.04   2241.10   2233.37   2132.13   2132.41   2060.58   2056.97   1867.92
   2615.69   2259.58   2178.09   2106.05   2241.10   2233.37   2132.13   2132.41   2060.59   2056.97   1867.93
   2615.69   2259.59   2178.09   2106.05   2241.11   2233.37   2132.13   2132.41   2060.59   2056.97   1867.94
   2615.68   2259.59   2178.10   2106.06   2241.11   2233.37   2132.13   2132.40   2060.59   2056.97   1867.95
   2615.68   2259.60   2178.10   2106.06   2241.11   2233.37   2132.12   2132.40   2060.59   2056.97   1867.97
   2615.68   2259.60   2178.10   2106.07   2241.11   2233.37   2132.12   2132.40   2060.60   2056.97   1867.98
   2615.68   2259.61   2178.11   2106.07   2241.11   2233.37   2132.12   2132.40   2060.60   2056.98   1867.99
   2615.68   2259.61   2178.11   2106.08   2241.11   2233.37   2132.12   2132.40   2060.60   2056.98   1868.00
   2615.68   2259.62   2178.12   2106.09   2241.12   2233.37   2132.12   2132.39   2060.60   2056.98   1868.02
   2615.67   2259.62   2178.12   2106.09   2241.12   2233.37   2132.11   2132.39   2060.61   2056.98   1868.03
   2615.67   2259.63   2178.12   2106.10   2241.12   2233.37   2132.11   2132.39   2060.61   2056.98   1868.04
   2615.67   2259.64   2178.13   2106.10   2241.12   2233.37   2132.11   2132.39   2060.61   2056.98   1868.05
   2615.67   2259.64   2178.13   2106.11   2241.12   2233.37   2132.11   2132.38   2060.61   2056.98   1868.07
   2615.67   2259.65   2178.13   2106.12   2241.12   2233.37   2132.11   2132.38   2060.61   2056.98   1868.08
   2615.66   2259.65   2178.14   2106.12   2241.13   2233.37   2132.10   2132.38   2060.62   2056.98   1868.09
   2615.66   2259.66   2178.14   2106.13   2241.13   2233.37   2132.10   2132.38   2060.62   2056.99   1868.11
   2615.66   2259.66   2178.15   2106.13   2241.13   2233.37   2132.10   2132.37   2060.62   2056.99   1868.12
   2615.66   2259.67   2178.15   2106.14   2241.13   2233.37   2132.10   2132.37   2060.62   2056.99   1868.13
   2615.66   2259.67   2178.15   2106.15   2241.13   2233.37   2132.10   2132.37   2060.63   2056.99   1868.14
   2615.65   2259.68   2178.16   2106.15   2241.14   2233.37   2132.09   2132.37   2060.63   2056.99   1868.16
   2615.65   2259.68   2178.16   2106.16   2241.14   2233.37   2132.09   2132.37   2060.63   2056.99   1868.17
   2615.65   2259.69   2178.16   2106.16   2241.14   2233.37   2132.09   2132.36   2060.63   2056.99   1868.18
   2615.65   2259.70   2178.17   2106.17   2241.14   2233.37   2132.09   2132.36   2060.64   2056.99   1868.19
   2615.65   2259.70   2178.17   2106.18   2241.14   2233.37   2132.09   2132.36   2060.64   2056.99   1868.21
   2615.64   2259.71   2178.18   2106.18   2241.14   2233.37   2132.08   2132.36   2060.64   2057.00   1868.22
   2615.64   2259.71   2178.18   2106.19   2241.15   2233.37   2132.08   2132.35   2060.64   2057.00   1868.23
   2615.64   2259.72   2178.18   2106.19   2241.15   2233.37   2132.08   2132.35   2060.64   2057.00   1868.24
   2615.64   2259.72   2178.19   2106.20   2241.15   2233.37   2132.08   2132.35   2060.65   2057.00   1868.26
   2615.64   2259.73   2178.19   2106.20   2241.15   2233.37   2132.08   2132.35   2060.65   2057.00   1868.27
   2615.63   2259.73   2178.19   2106.21   2241.15   2233.37   2132.07   2132.34   2060.65   2057.00   1868.28
   2615.63   2259.74   2178.20   2106.22   2241.15   2233.37   2132.07   2132.34   2060.65   2057.00   1868.30
   2615.63   2259.74   2178.20   2106.22   2241.16   2233.37   2132.07   2132.34   2060.66   2057.00   1868.31
   2615.63   2259.75   2178.20   2106.23   2241.16   2233.37   2132.07   2132.34   2060.66   2057.00   1868.32
   2615.62   2259.76   2178.21   2106.23   2241.16   2233.37   2132.07   2132.34   2060.66   2057.01   1868.33
   2615.62   2259.76   2178.21   2106.24   2241.16   2233.37   2132.06   2132.33   2060.66   2057.01   1868.35
   2615.62   2259.77   2178.22   2106.25   2241.16   2233.37   2132.06   2132.33   2060.67   2057.01   1868.36
   2615.62   2259.77   2178.22   2106.25   2241.16   2233.37   2132.06   2132.33   2060.67   2057.01   1868.37
   2615.62   2259.78   2178.22   2106.26   2241.17   2233.37   2132.06   2132.33   2060.67   2057.01   1868.38
   2615.61   2259.78   2178.23   2106.26   2241.17   2233.37   2132.06   2132.32   2060.67   2057.01   1868.40
   2615.61   2259.79   2178.23   2106.27   2241.17   2233.37   2132.05   2132.32   2060.67   2057.01   1868.41
   2615.61   2259.79   2178.23   2106.27   2241.17   2233.37   2132.05   2132.32   2060.68   2057.01   1868.42
   2615.61   2259.80   2178.24   2106.28   2241.17   2233.37   2132.05   2132.32   2060.68   2057.01   1868.43
   2615.60   2259.80   2178.24   2106.29   2241.18   2233.37   2132.05   2132.31   2060.68   2057.02   1868.44
   2615.60   2259.81   2178.24   2106.29   2241.18   2233.37   2132.05   2132.31   2060.68   2057.02   1868.46
   2615.60   2259.81   2178.25   2106.30   2241.18   2233.37   2132.04   2132.31   2060.69   2057.02   1868.47
   2615.60   2259.82   2178.25   2106.30   2241.18   2233.37   2132.04   2132.31   2060.69   2057.02   1868.48
   2615.60   2259.83   2178.26   2106.31   2241.18   2233.37   2132.04   2132.31   2060.69   2057.02   1868.49
   2615.59   2259.83   2178.26   2106.32   2241.18   2233.37   2132.04   2132.30   2060.69   2057.02   1868.51
   2615.59   2259.84   2178.26   2106.32   2241.19   2233.37   2132.04   2132.30   2060.69   2057.02   1868.52
   2615.59   2259.84   2178.27   2106.33   2241.19   2233.37   2132.03   2132.30   2060.70   2057.02   1868.53
   2615.59   2259.85   2178.27   2106.33   2241.19   2233.37   2132.03   2132.30   2060.70   2057.02   1868.54
   2615.58   2259.85   2178.27   2106.34   2241.19   2233.37   2132.03   2132.29   2060.70   2057.03   1868.56
   2615.58   2259.86   2178.28   2106.34   2241.19   2233.37   2132.03   2132.29   2060.70   2057.03   1868.57
   2615.58   2259.86   2178.28   2106.35   2241.19   2233.37   2132.03   2132.29   2060.70   2057.03   1868.58
   2615.58   2259.87   2178.28   2106.36   2241.20   2233.37   2132.02   2132.29   2060.71   2057.03   1868.60
   2615.57   2259.88   2178.29   2106.36   2241.20   2233.37   2132.02   2132.29   2060.71   2057.03   1868.61
   2615.57   2259.88   2178.29   2106.37   2241.20   2233.37   2132.02   2132.28   2060.71   2057.03   1868.62
   2615.57   2259.89   2178.29   2106.37   2241.20   2233.37   2132.02   2132.28   2060.71   2057.03   1868.63
   2615.57   2259.89   2178.30   2106.38   2241.20   2233.37   2132.02   2132.28   2060.72   2057.03   1868.64
   2615.56   2259.90   2178.30   2106.39   2241.20   2233.37   2132.01   2132.28   2060.72   2057.03   1868.66
   2615.56   2259.90   2178.31   2106.39   2241.21   2233.37   2132.01   2132.27   2060.72   2057.03   1868.67
   2615.56   2259.91   2178.31   2106.40   2241.21   2233.37   2132.01   2132.27   2060.72   2057.04   1868.68
   2615.56   2259.91   2178.31   2106.40   2241.21   2233.37   2132.01   2132.27   2060.72   2057.04   1868.69
   2615.55   2259.92   2178.32   2106.41   2241.21   2233.37   2132.01   2132.27   2060.73   2057.04   1868.70
   2615.55   2259.92   2178.32   2106.41   2241.21   2233.37   2132.00   2132.26   2060.73   2057.04   1868.72
   2615.55   2259.93   2178.32   2106.42   2241.22   2233.37   2132.00   2132.26   2060.73   2057.04   1868.73
   2615.55   2259.93   2178.33   2106.43   2241.22   2233.37   2132.00   2132.26   2060.73   2057.04   1868.74
   2615.54   2259.94   2178.33   2106.43   2241.22   2233.37   2132.00   2132.26   2060.73   2057.04   1868.75
   2615.54   2259.95   2178.33   2106.44   2241.22   2233.37   2132.00   2132.26   2060.74   2057.04   1868.76
   2615.54   2259.95   2178.34   2106.44   2241.22   2233.37   2131.99   2132.25   2060.74   2057.04   1868.78
   2615.54   2259.96   2178.34   2106.45   2241.22   2233.37   2131.99   2132.25   2060.74   2057.04   1868.79
   2615.53   2259.96   2178.34   2106.45   2241.23   2233.37   2131.99   2132.25   2060.74   2057.05   1868.80
   2615.53   2259.97   2178.35   2106.46   2241.23   2233.37   2131.99   2132.25   2060.74   2057.05   1868.81
   2615.53   2259.97   2178.35   2106.47   2241.23   2233.37   2131.99   2132.24   2060.75   2057.05   1868.82
   2615.53   2259.98   2178.36   2106.47   2241.23   2233.37   2131.98   2132.24   2060.75   2057.05   1868.84
   2615.52   2259.98   2178.36   2106.48   2241.23   2233.37   2131.98   2132.24   2060.75   2057.05   1868.85
   2615.52   2259.99   2178.36   2106.48   2241.23   2233.37   2131.98   2132.24   2060.75   2057.05   1868.86
   2615.52   2259.99   2178.37   2106.49   2241.24   2233.37   2131.98   2132.24   2060.75   2057.05   1868.87
   2615.52   2260.00   2178.37   2106.50   2241.24   2233.37   2131.98   2132.23   2060.76   2057.05   1868.88
   2615.51   2260.00   2178.37   2106.50   2241.24   2233.37   2131.97   2132.23   2060.76   2057.05   1868.90
   2615.51   2260.01   2178.38   2106.51   2241.24   2233.37   2131.97   2132.23   2060.76   2057.05   1868.91
   2615.51   2260.01   2178.38   2106.51   2241.24   2233.37   2131.97   2132.23   2060.76   2057.06   1868.92
   2615.51   2260.02   2178.38   2106.52   2241.24   2233.37   2131.97   2132.22   2060.76   2057.06   1868.93
   2615.50   2260.02   2178.39   2106.52   2241.25   2233.37   2131.97   2132.22   2060.77   2057.06   1868.94
   2615.50   2260.03   2178.39   2106.53   2241.25   2233.37   2131.96   2132.22   2060.77   2057.06   1868.96
   2615.50   2260.04   2178.40   2106.54   2241.25   2233.37   2131.96   2132.22   2060.77   2057.06   1868.97
   2615.50   2260.04   2178.40   2106.54   2241.25   2233.37   2131.96   2132.21   2060.77   2057.06   1868.98
   2615.49   2260.05   2178.40   2106.55   2241.25   2233.37   2131.96   2132.21   2060.77   2057.06   1868.99
   2615.49   2260.05   2178.41   2106.55   2241.26   2233.37   2131.96   2132.21   2060.78   2057.06   1869.00
   2615.49   2260.06   2178.41   2106.56   2241.26   2233.37   2131.95   2132.21   2060.78   2057.06   1869.02
   2615.49   2260.06   2178.41   2106.56   2241.26   2233.37   2131.95   2132.21   2060.78   2057.06   1869.03
   2615.48   2260.07   2178.42   2106.57   2241.26   2233.37   2131.95   2132.20   2060.78   2057.06   1869.04
   2615.48   2260.07   2178.42   2106.58   2241.26   2233.37   2131.95   2132.20   2060.78   2057.07   1869.05
   2615.48   2260.08   2178.42   2106.58   2241.26   2233.37   2131.95   2132.20   2060.79   2057.07   1869.06
   2615.47   2260.08   2178.43   2106.59   2241.27   2233.37   2131.94   2132.20   2060.79   2057.07   1869.07
   2615.47   2260.09   2178.43   2106.59   2241.27   2233.37   2131.94   2132.19   2060.79   2057.07   1869.09
   2615.47   2260.09   2178.43   2106.60   2241.27   2233.37   2131.94   2132.19   2060.79   2057.07   1869.10
   2615.47   2260.10   2178.44   2106.60   2241.27   2233.37   2131.94   2132.19   2060.79   2057.07   1869.11
   2615.46   2260.10   2178.44   2106.61   2241.27   2233.37   2131.94   2132.19   2060.80   2057.07   1869.12
   2615.46   2260.11   2178.44   2106.62   2241.27   2233.37   2131.93   2132.19   2060.80   2057.07   1869.13
   2615.46   2260.11   2178.45   2106.62   2241.28   2233.37   2131.93   2132.18   2060.80   2057.07   1869.14
   2615.46   2260.12   2178.45   2106.63   2241.28   2233.37   2131.93   2132.18   2060.80   2057.07   1869.16
   2615.45   2260.12   2178.46   2106.63   2241.28   2233.37   2131.93   2132.18   2060.80   2057.07   1869.17
   2615.45   2260.13   2178.46   2106.64   2241.28   2233.37   2131.93   2132.18   2060.81   2057.08   1869.18
   2615.45   2260.14   2178.46   2106.64   2241.28   2233.37   2131.92   2132.17   2060.81   2057.08   1869.19
   2615.44   2260.14   2178.47   2106.65   2241.28   2233.37   2131.92   2132.17   2060.81   2057.08   1869.20
   2615.44   2260.15   2178.47   2106.66   2241.29   2233.37   2131.92   2132.17   2060.81   2057.08   1869.22
   2615.44   2260.15   2178.47   2106.66   2241.29   2233.37   2131.92   2132.17   2060.81   2057.08   1869.23
   2615.44   2260.16   2178.48   2106.67   2241.29   2233.37   2131.92   2132.16   2060.81   2057.08   1869.25
   2615.43   2260.16   2178.48   2106.67   2241.29   2233.37   2131.92   2132.16   2060.82   2057.08   1869.26
   2615.43   2260.17   2178.48   2106.68   2241.29   2233.37   2131.91   2132.16   2060.82   2057.08   1869.29
   2615.43   2260.17   2178.49   2106.68   2241.30   2233.37   2131.91   2132.16   2060.82   2057.08   1869.33
   2615.42   2260.18   2178.49   2106.69   2241.30   2233.37   2131.91   2132.16   2060.82   2057.08   1869.37
   2615.42   2260.18   2178.50   2106.70   2241.30   2233.37   2131.91   2132.15   2060.82   2057.08   1869.40
   2615.42   2260.19   2178.50   2106.70   2241.30   2233.37   2131.91   2132.15   2060.83   2057.08   1869.44
   2615.42   2260.19   2178.52   2106.71   2241.30   2233.37   2131.90   2132.15   2060.83   2057.09   1869.48
   2615.41   2260.20   2178.54   2106.71   2241.30   2233.37   2131.90   2132.15   2060.83   2057.09   1869.53
   2615.41   2260.20   2178.57   2106.72   2241.31   2233.37   2131.90   2132.14   2060.83   2057.09   1869.60
   2615.41   2260.21   2178.60   2106.72   2241.31   2233.37   2131.90   2132.14   2060.83   2057.09   1869.67
   2615.40   2260.21   2178.63   2106.73   2241.31   2233.38   2131.90   2132.14   2060.83   2057.09   1869.73
   2615.40   2260.22   2178.67   2106.74   2241.31   2233.39   2131.89   2132.14   2060.84   2057.09   1869.78
   2615.40   2260.22   2178.71   2106.74   2241.31   2233.39   2131.89   2132.14   2060.84   2057.09   1869.80
   2615.40   2260.23   2178.75   2106.75   2241.31   2233.40   2131.89   2132.13   2060.84   2057.09   1869.83
   2615.39   2260.23   2178.79   2106.75   2241.32   2233.40   2131.89   2132.13   2060.84   2057.09   1869.85
   2615.39   2260.24   2178.83   2106.76   2241.32   2233.41   2131.89   2132.13   2060.84   2057.09   1869.88
   2615.39   2260.24   2178.86   2106.76   2241.32   2233.41   2131.89   2132.13   2060.85   2057.09   1869.90
   2615.38   2260.25   2178.89   2106.77   2241.32   2233.41   2131.88   2132.12   2060.85   2057.09   1869.92
   2615.38   2260.25   2178.92   2106.77   2241.32   2233.42   2131.88   2132.12   2060.85   2057.10   1870.12
   2615.38   2260.26   2178.94   2106.78   2241.33   2233.42   2131.88   2132.12   2060.85   2057.10   1870.44
   2615.38   2260.27   2178.96   2106.79   2241.33   2233.43   2131.88   2132.12   2060.85   2057.10   1870.40
   2615.37   2260.27   2178.97   2106.79   2241.33   2233.43   2131.88   2132.12   2060.85   2057.10   1870.36
   2615.37   2260.28   2178.99   2106.80   2241.33   2233.43   2131.87   2132.11   2060.86   2057.10   1870.35
   2615.37   2260.28   2179.00   2106.80   2241.33   2233.44   2131.87   2132.11   2060.86   2057.10   1870.34
   2615.36   2260.29   2179.01   2106.81   2241.33   2233.44   2131.87   2132.11   2060.86   2057.10   1870.79
   2615.36   2260.29   2179.02   2106.81   2241.34   2233.44   2131.87   2132.11   2060.86   2057.10   1871.41
   2615.36   2260.30   2179.03   2106.82   2241.34   2233.45   2131.87   2132.10   2060.86   2057.10   1871.79
   2615.35   2260.30   2179.04   2106.83   2241.34   2233.46   2131.86   2132.10   2060.86   2057.10   1871.16
   2615.35   2260.31   2179.05   2106.83   2241.34   2233.47   2131.86   2132.10   2060.87   2057.10   1870.43
   2615.35   2260.31   2179.06   2106.84   2241.34   2233.49   2131.86   2132.10   2060.87   2057.10   1870.39
   2615.35   2260.32   2179.07   2106.84   2241.34   2233.50   2131.86   2132.09   2060.87   2057.11   1870.59
   2615.34   2260.32   2179.08   2106.85   2241.35   2233.51   2131.86   2132.09   2060.87   2057.11   1870.45
   2615.34   2260.33   2179.09   2106.85   2241.35   2233.52   2131.85   2132.09   2060.87   2057.11   1870.40
   2615.34   2260.33   2179.09   2106.86   2241.35   2233.54   2131.85   2132.09   2060.88   2057.11   1870.60
   2615.33   2260.34   2179.10   2106.87   2241.35   2233.56   2131.85   2132.09   2060.88   2057.11   1871.60
   2615.33   2260.34   2179.11   2106.87   2241.35   2233.58   2131.85   2132.08   2060.88   2057.11   1871.58
   2615.33   2260.35   2179.12   2106.88   2241.35   2233.60   2131.85   2132.08   2060.88   2057.11   1870.41
   2615.32   2260.35   2179.13   2106.88   2241.36   2233.62   2131.85   2132.08   2060.88   2057.11   1870.39
   2615.32   2260.36   2179.14   2106.89   2241.36   2233.64   2131.84   2132.08   2060.88   2057.11   1870.35
   2615.32   2260.36   2179.14   2106.89   2241.36   2233.66   2131.84   2132.07   2060.89   2057.11   1870.34
   2615.32   2260.37   2179.15   2106.90   2241.36   2233.68   2131.84   2132.07   2060.89   2057.11   1871.58
   2615.32   2260.38   2179.15   2106.90   2241.36   2233.69   2131.84   2132.07   2060.89   2057.11   1871.63
   2615.32   2260.39   2179.16   2106.91   2241.37   2233.71   2131.84   2132.07   2060.89   2057.11   1870.66
   2615.33   2260.39   2179.16   2106.92   2241.37   2233.72   2131.83   2132.07   2060.89   2057.12   1870.42
   2615.33   2260.40   2179.16   2106.92   2241.37   2233.72   2131.83   2132.06   2060.89   2057.12   1870.39
   2615.34   2260.41   2179.16   2106.93   2241.37   2233.73   2131.83   2132.06   2060.90   2057.12   1871.11
   2615.34   2260.42   2179.17   2106.93   2241.37   2233.74   2131.83   2132.06   2060.90   2057.12   1871.78
   2615.35   2260.43   2179.18   2106.94   2241.37   2233.74   2131.83   2132.06   2060.90   2057.12   1871.79
   2615.36   2260.45   2179.18   2106.95   2241.38   2233.75   2131.82   2132.05   2060.90   2057.12   1871.79
   2615.37   2260.46   2179.18   2106.96   2241.39   2233.75   2131.82   2132.05   2060.90   2057.12   1871.30
   2615.39   2260.48   2179.18   2106.98   2241.40   2233.75   2131.82   2132.05   2060.90   2057.12   1871.47
   2615.40   2260.49   2179.18   2106.99   2241.41   2233.75   2131.82   2132.05   2060.91   2057.12   1871.55
   2615.42   2260.51   2179.19   2107.01   2241.42   2233.75   2131.82   2132.05   2060.91   2057.12   1871.78
   2615.43   2260.52   2179.19   2107.02   2241.44   2233.76   2131.81   2132.04   2060.91   2057.12   1871.79
   2615.45   2260.54   2179.20   2107.04   2241.45   2233.76   2131.81   2132.04   2060.91   2057.12   1871.17
   2615.46   2260.55   2179.20   2107.06   2241.47   2233.76   2131.81   2132.04   2060.91   2057.12   1870.52
   2615.47   2260.56   2179.20   2107.08   2241.49   2233.76   2131.81   2132.04   2060.91   2057.12   1871.25
   2615.49   2260.58   2179.21   2107.10   2241.51   2233.76   2131.81   2132.03   2060.92   2057.13   1871.31
   2615.50   2260.59   2179.21   2107.12   2241.52   2233.76   2131.80   2132.03   2060.92   2057.13   1871.51
   2615.51   2260.60   2179.22   2107.13   2241.54   2233.76   2131.80   2132.03   2060.92   2057.13   1871.78
   2615.53   2260.62   2179.23   2107.15   2241.56   2233.76   2131.80   2132.03   2060.92   2057.13   1871.79
   2615.55   2260.64   2179.23   2107.17   2241.59   2233.76   2131.80   2132.03   2060.92   2057.13   1871.79
   2615.57   2260.66   2179.24   2107.19   2241.62   2233.76   2131.80   2132.02   2060.92   2057.13   1871.79
   2615.60   2260.68   2179.24   2107.21   2241.66   2233.76   2131.80   2132.02   2060.92   2057.13   1871.52
   2615.63   2260.70   2179.25   2107.23   2241.70   2233.76   2131.79   2132.02   2060.93   2057.13   1871.60
   2615.66   2260.73   2179.25   2107.25   2241.74   2233.76   2131.79   2132.02   2060.93   2057.13   1871.53
   2615.69   2260.75   2179.25   2107.27   2241.77   2233.76   2131.79   2132.01   2060.93   2057.13   1871.60
   2615.71   2260.76   2179.25   2107.29   2241.80   2233.77   2131.79   2132.01   2060.93   2057.13   1871.65
   2615.73   2260.78   2179.26   2107.31   2241.83   2233.77   2131.79   2132.01   2060.93   2057.13   1871.78
   2615.74   2260.80   2179.27   2107.32   2241.86   2233.77   2131.78   2132.01   2060.93   2057.13   1871.79
   2615.76   2260.81   2179.28   2107.34   2241.90   2233.77   2131.78   2132.01   2060.94   2057.13   1871.79
   2615.78   2260.83   2179.29   2107.36   2241.94   2233.77   2131.78   2132.00   2060.94   2057.14   1871.79
   2615.81   2260.85   2179.29   2107.38   2241.98   2233.77   2131.78   2132.00   2060.94   2057.14   1871.79
   2615.84   2260.87   2179.30   2107.40   2242.03   2233.77   2131.78   2132.00   2060.94   2057.14   1871.79
   2615.87   2260.90   2179.31   2107.41   2242.07   2233.78   2131.77   2132.00   2060.94   2057.14   1871.79
   2615.91   2260.92   2179.32   2107.43   2242.11   2233.78   2131.77   2132.00   2060.94   2057.14   1871.79
   2615.95   2260.95   2179.33   2107.44   2242.15   2233.78   2131.77   2131.99   2060.94   2057.14   1871.79
   2615.99   2260.98   2179.33   2107.46   2242.18   2233.78   2131.77   2131.99   2060.95   2057.14   1871.18
   2616.03   2261.01   2179.34   2107.47   2242.21   2233.78   2131.77   2131.99   2060.95   2057.14   1871.78
   2616.07   2261.04   2179.35   2107.48   2242.23   2233.78   2131.77   2131.99   2060.95   2057.14   1871.79
   2616.11   2261.06   2179.35   2107.49   2242.25   2233.78   2131.76   2131.98   2060.95   2057.14   1871.68
   2616.14   2261.09   2179.36   2107.50   2242.27   2233.78   2131.76   2131.98   2060.95   2057.14   1871.67
   2616.17   2261.11   2179.36   2107.50   2242.28   2233.78   2131.76   2131.98   2060.95   2057.14   1871.78
   2616.19   2261.13   2179.36   2107.51   2242.29   2233.78   2131.76   2131.98   2060.96   2057.14   1871.41
   2616.21   2261.14   2179.36   2107.52   2242.30   2233.78   2131.76   2131.98   2060.96   2057.14   1870.71
   2616.22   2261.16   2179.37   2107.53   2242.31   2233.78   2131.75   2131.97   2060.96   2057.14   1871.65
   2616.24   2261.17   2179.38   2107.53   2242.32   2233.78   2131.75   2131.97   2060.96   2057.14   1871.78
   2616.25   2261.18   2179.39   2107.54   2242.32   2233.78   2131.75   2131.97   2060.96   2057.15   1871.79
   2616.26   2261.19   2179.39   2107.55   2242.33   2233.78   2131.75   2131.97   2060.96   2057.15   1871.79
   2616.27   2261.20   2179.40   2107.55   2242.33   2233.78   2131.75   2131.96   2060.96   2057.15   1871.79
   2616.27   2261.21   2179.41   2107.56   2242.34   2233.78   2131.74   2131.96   2060.97   2057.15   1871.79
   2616.28   2261.22   2179.42   2107.57   2242.34   2233.78   2131.74   2131.96   2060.97   2057.15   1871.79
   2616.28   2261.23   2179.43   2107.57   2242.35   2233.78   2131.74   2131.96   2060.97   2057.15   1871.79
   2616.29   2261.23   2179.43   2107.58   2242.35   2233.78   2131.74   2131.96   2060.97   2057.15   1871.79
   2616.29   2261.24   2179.44   2107.58   2242.35   2233.78   2131.74   2131.95   2060.97   2057.15   1871.79
   2616.29   2261.25   2179.45   2107.59   2242.36   2233.78   2131.73   2131.95   2060.97   2057.15   1871.78
   2616.30   2261.25   2179.46   2107.60   2242.36   2233.78   2131.73   2131.95   2060.97   2057.15   1871.79
   2616.30   2261.26   2179.47   2107.60   2242.36   2233.78   2131.73   2131.95   2060.98   2057.15   1871.05
   2616.30   2261.27   2179.47   2107.61   2242.36   2233.78   2131.73   2131.94   2060.98   2057.15   1870.72
   2616.30   2261.27   2179.48   2107.61   2242.37   2233.78   2131.73   2131.94   2060.98   2057.15   1870.84
   2616.31   2261.28   2179.48   2107.62   2242.37   2233.78   2131.73   2131.94   2060.98   2057.15   1870.71
   2616.31   2261.29   2179.48   2107.63   2242.37   2233.78   2131.72   2131.94   2060.98   2057.15   1870.77
   2616.31   2261.29   2179.48   2107.63   2242.37   2233.78   2131.72   2131.94   2060.98   2057.15   1870.76
   2616.31   2261.30   2179.49   2107.64   2242.38   2233.78   2131.72   2131.93   2060.98   2057.16   1870.75
   2616.31   2261.30   2179.49   2107.64   2242.38   2233.78   2131.72   2131.93   2060.99   2057.16   1871.61
   2616.32   2261.31   2179.49   2107.65   2242.38   2233.78   2131.72   2131.93   2060.99   2057.16   1870.80
   2616.32   2261.32   2179.49   2107.65   2242.38   2233.78   2131.71   2131.93   2060.99   2057.16   1870.69
   2616.32   2261.32   2179.49   2107.66   2242.38   2233.78   2131.71   2131.93   2060.99   2057.16   1870.66
   2616.32   2261.33   2179.50   2107.67   2242.39   2233.78   2131.71   2131.92   2060.99   2057.16   1870.80
   2616.33   2261.33   2179.50   2107.67   2242.39   2233.78   2131.71   2131.92   2060.99   2057.16   1870.71
   2616.33   2261.34   2179.50   2107.68   2242.39   2233.78   2131.71   2131.92   2060.99   2057.16   1870.63
   2616.33   2261.35   2179.50   2107.68   2242.39   2233.78   2131.70   2131.92   2061.00   2057.16   1870.68
   2616.33   2261.35   2179.50   2107.69   2242.40   2233.78   2131.70   2131.91   2061.00   2057.16   1870.75
   2616.33   2261.36   2179.50   2107.69   2242.40   2233.78   2131.70   2131.91   2061.00   2057.16   1871.42
   2616.34   2261.36   2179.50   2107.70   2242.40   2233.78   2131.70   2131.91   2061.00   2057.16   1870.77
   2616.34   2261.37   2179.51   2107.71   2242.40   2233.78   2131.70   2131.91   2061.00   2057.16   1870.69
   2616.34   2261.38   2179.51   2107.71   2242.40   2233.78   2131.70   2131.91   2061.00   2057.16   1870.76
   2616.34   2261.38   2179.52   2107.72   2242.41   2233.78   2131.69   2131.90   2061.00   2057.16   1871.78
   2616.34   2261.39   2179.52   2107.72   2242.41   2233.78   2131.69   2131.90   2061.01   2057.16   1871.32
   2616.34   2261.39   2179.53   2107.73   2242.41   2233.78   2131.69   2131.90   2061.01   2057.16   1870.77
   2616.34   2261.40   2179.53   2107.73   2242.41   2233.78   2131.69   2131.90   2061.01   2057.17   1870.83
   2616.34   2261.40   2179.53   2107.74   2242.41   2233.78   2131.69   2131.90   2061.01   2057.17   1871.05
   2616.34   2261.41   2179.53   2107.75   2242.42   2233.78   2131.68   2131.89   2061.01   2057.17   1871.78
   2616.35   2261.41   2179.53   2107.75   2242.42   2233.78   2131.68   2131.89   2061.01   2057.17   1871.79
   2616.35   2261.42   2179.54   2107.76   2242.42   2233.78   2131.68   2131.89   2061.01   2057.17   1871.05
   2616.35   2261.43   2179.54   2107.76   2242.42   2233.78   2131.68   2131.89   2061.02   2057.17   1870.96
   2616.35   2261.43   2179.54   2107.77   2242.43   2233.78   2131.68   2131.88   2061.02   2057.17   1871.21
   2616.35   2261.44   2179.55   2107.77   2242.43   2233.78   2131.67   2131.88   2061.02   2057.17   1871.42
   2616.35   2261.44   2179.55   2107.78   2242.43   2233.78   2131.67   2131.88   2061.02   2057.17   1871.32
   2616.35   2261.45   2179.56   2107.79   2242.43   2233.78   2131.67   2131.88   2061.02   2057.17   1871.17
   2616.35   2261.45   2179.56   2107.79   2242.43   2233.78   2131.67   2131.88   2061.02   2057.17   1870.91
   2616.35   2261.46   2179.56   2107.80   2242.44   2233.78   2131.67   2131.87   2061.02   2057.17   1870.88
   2616.35   2261.46   2179.56   2107.80   2242.44   2233.78   2131.66   2131.87   2061.02   2057.17   1870.95
   2616.35   2261.47   2179.55   2107.81   2242.44   2233.78   2131.66   2131.87   2061.03   2057.17   1870.96
   2616.35   2261.48   2179.55   2107.81   2242.44   2233.78   2131.66   2131.87   2061.03   2057.17   1870.89
   2616.35   2261.48   2179.55   2107.82   2242.44   2233.78   2131.66   2131.86   2061.03   2057.17   1870.85
   2616.35   2261.49   2179.55   2107.83   2242.45   2233.78   2131.66   2131.86   2061.03   2057.17   1871.04
   2616.35   2261.49   2179.55   2107.83   2242.45   2233.78   2131.66   2131.86   2061.03   2057.17   1871.53
   2616.35   2261.50   2179.55   2107.84   2242.45   2233.78   2131.65   2131.86   2061.03   2057.17   1871.63
   2616.36   2261.50   2179.56   2107.84   2242.45   2233.78   2131.65   2131.86   2061.03   2057.18   1871.78
   2616.36   2261.51   2179.56   2107.85   2242.46   2233.78   2131.65   2131.85   2061.03   2057.18   1871.79
   2616.36   2261.51   2179.57   2107.85   2242.46   2233.78   2131.65   2131.85   2061.04   2057.18   1871.54
   2616.36   2261.52   2179.57   2107.86   2242.46   2233.78   2131.65   2131.85   2061.04   2057.18   1871.01
   2616.36   2261.52   2179.58   2107.87   2242.46   2233.79   2131.64   2131.85   2061.04   2057.18   1871.02
   2616.36   2261.53   2179.58   2107.87   2242.46   2233.79   2131.64   2131.85   2061.04   2057.18   1871.06
   2616.36   2261.53   2179.59   2107.88   2242.47   2233.80   2131.64   2131.84   2061.04   2057.18   1870.91
   2616.36   2261.54   2179.59   2107.88   2242.47   2233.80   2131.64   2131.84   2061.04   2057.18   1870.94
   2616.36   2261.54   2179.59   2107.89   2242.47   2233.81   2131.64   2131.84   2061.04   2057.18   1870.97
   2616.36   2261.55   2179.60   2107.89   2242.47   2233.81   2131.63   2131.84   2061.04   2057.18   1870.99
   2616.36   2261.56   2179.60   2107.90   2242.47   2233.81   2131.63   2131.83   2061.05   2057.18   1871.01
   2616.36   2261.56   2179.61   2107.91   2242.48   2233.82   2131.63   2131.83   2061.05   2057.18   1871.00
   2616.36   2261.57   2179.61   2107.91   2242.48   2233.82   2131.63   2131.83   2061.05   2057.18   1870.97
   2616.36   2261.57   2179.61   2107.92   2242.48   2233.82   2131.63   2131.83   2061.05   2057.18   1870.96
   2616.36   2261.58   2179.62   2107.92   2242.48   2233.82   2131.63   2131.83   2061.05   2057.18   1870.89
   2616.36   2261.58   2179.62   2107.93   2242.48   2233.82   2131.62   2131.82   2061.05   2057.18   1870.96
   2616.36   2261.59   2179.62   2107.93   2242.49   2233.82   2131.62   2131.82   2061.05   2057.18   1870.99
   2616.36   2261.59   2179.63   2107.94   2242.49   2233.82   2131.62   2131.82   2061.05   2057.18   1870.98
   2616.36   2261.60   2179.63   2107.95   2242.49   2233.82   2131.62   2131.82   2061.06   2057.18   1871.04
   2616.36   2261.60   2179.63   2107.95   2242.49   2233.82   2131.62   2131.82   2061.06   2057.18   1871.18
   2616.36   2261.61   2179.63   2107.96   2242.50   2233.82   2131.61   2131.81   2061.06   2057.19   1871.07
   2616.36   2261.61   2179.64   2107.96   2242.50   2233.82   2131.61   2131.81   2061.06   2057.19   1870.94
   2616.36   2261.62   2179.64   2107.97   2242.50   2233.82   2131.61   2131.81   2061.06   2057.19   1870.98
   2616.36   2261.62   2179.64   2107.97   2242.50   2233.82   2131.61   2131.81   2061.06   2057.19   1871.04
   2616.36   2261.63   2179.65   2107.98   2242.50   2233.82   2131.61   2131.80   2061.06   2057.19   1871.78
   2616.36   2261.64   2179.65   2107.98   2242.51   2233.82   2131.60   2131.80   2061.06   2057.19   1871.79
   2616.38   2261.65   2179.66   2107.99   2242.51   2233.82   2131.60   2131.80   2061.07   2057.19   1871.79
   2616.40   2261.67   2179.67   2108.00   2242.51   2233.82   2131.60   2131.80   2061.07   2057.19   1871.10
   2616.42   2261.68   2179.68   2108.00   2242.51   2233.82   2131.60   2131.80   2061.07   2057.19   1871.07
   2616.44   2261.70   2179.68   2108.01   2242.51   2233.82   2131.60   2131.79   2061.07   2057.19   1870.92
   2616.46   2261.72   2179.68   2108.01   2242.52   2233.82   2131.60   2131.79   2061.07   2057.19   1870.85
   2616.47   2261.73   2179.68   2108.02   2242.52   2233.82   2131.59   2131.79   2061.07   2057.19   1870.83
   2616.49   2261.74   2179.68   2108.02   2242.52   2233.82   2131.59   2131.79   2061.07   2057.19   1870.76
   2616.50   2261.76   2179.68   2108.03   2242.52   2233.82   2131.59   2131.79   2061.07   2057.19   1870.92
   2616.51   2261.77   2179.68   2108.03   2242.53   2233.82   2131.59   2131.78   2061.07   2057.19   1871.59
   2616.52   2261.78   2179.69   2108.04   2242.53   2233.82   2131.59   2131.78   2061.08   2057.19   1871.58
   2616.53   2261.79   2179.69   2108.05   2242.53   2233.82   2131.58   2131.78   2061.08   2057.19   1871.69
   2616.54   2261.80   2179.70   2108.05   2242.53   2233.82   2131.58   2131.78   2061.08   2057.19   1870.91
   2616.54   2261.81   2179.70   2108.06   2242.53   2233.82   2131.58   2131.77   2061.08   2057.19   1871.09
   2616.55   2261.82   2179.71   2108.06   2242.54   2233.82   2131.58   2131.77   2061.08   2057.19   1870.96
   2616.56   2261.82   2179.71   2108.07   2242.54   2233.82   2131.58   2131.77   2061.08   2057.19   1870.95
   2616.56   2261.83   2179.71   2108.07   2242.54   2233.82   2131.57   2131.77   2061.08   2057.19   1871.00
   2616.57   2261.84   2179.71   2108.08   2242.54   2233.82   2131.57   2131.77   2061.08   2057.19   1870.91
   2616.57   2261.85   2179.72   2108.09   2242.54   2233.82   2131.57   2131.76   2061.09   2057.20   1871.31
   2616.58   2261.85   2179.72   2108.09   2242.55   2233.82   2131.57   2131.76   2061.09   2057.20   1870.95
   2616.58   2261.86   2179.72   2108.10   2242.55   2233.82   2131.57   2131.76   2061.09   2057.20   1870.95
   2616.58   2261.87   2179.72   2108.10   2242.55   2233.82   2131.57   2131.76   2061.09   2057.20   1871.37
   2616.59   2261.87   2179.73   2108.11   2242.55   2233.82   2131.56   2131.76   2061.09   2057.20   1870.95
   2616.59   2261.88   2179.73   2108.11   2242.56   2233.82   2131.56   2131.75   2061.09   2057.20   1870.87
   2616.59   2261.89   2179.73   2108.12   2242.56   2233.82   2131.56   2131.75   2061.09   2057.20   1870.92
   2616.59   2261.89   2179.73   2108.12   2242.56   2233.82   2131.56   2131.75   2061.09   2057.20   1870.94
   2616.59   2261.90   2179.73   2108.13   2242.56   2233.82   2131.56   2131.75   2061.09   2057.20   1870.88
   2616.59   2261.90   2179.74   2108.14   2242.56   2233.82   2131.55   2131.74   2061.10   2057.20   1870.94
   2616.59   2261.91   2179.74   2108.14   2242.57   2233.82   2131.55   2131.74   2061.10   2057.20   1870.94
   2616.59   2261.91   2179.74   2108.15   2242.57   2233.82   2131.55   2131.74   2061.10   2057.20   1870.90
   2616.59   2261.92   2179.74   2108.15   2242.57   2233.82   2131.55   2131.74   2061.10   2057.20   1870.89
   2616.60   2261.92   2179.74   2108.16   2242.57   2233.82   2131.55   2131.74   2061.10   2057.20   1870.82
   2616.60   2261.93   2179.75   2108.16   2242.57   2233.82   2131.55   2131.73   2061.10   2057.20   1870.82
   2616.60   2261.94   2179.75   2108.17   2242.58   2233.82   2131.54   2131.73   2061.10   2057.20   1871.20
   2616.60   2261.94   2179.75   2108.17   2242.58   2233.82   2131.54   2131.73   2061.10   2057.20   1871.78
   2616.60   2261.95   2179.75   2108.18   2242.58   2233.82   2131.54   2131.73   2061.10   2057.20   1870.97
   2616.60   2261.95   2179.76   2108.19   2242.58   2233.82   2131.54   2131.73   2061.11   2057.20   1870.50
   2616.60   2261.96   2179.76   2108.19   2242.59   2233.82   2131.54   2131.72   2061.11   2057.20   1870.51
   2616.60   2261.96   2179.76   2108.20   2242.59   2233.82   2131.53   2131.72   2061.11   2057.20   1871.50
   2616.60   2261.97   2179.77   2108.20   2242.59   2233.82   2131.53   2131.72   2061.11   2057.20   1870.72
   2616.60   2261.98   2179.78   2108.21   2242.59   2233.82   2131.53   2131.72   2061.11   2057.20   1870.87
   2616.61   2261.98   2179.78   2108.21   2242.59   2233.82   2131.53   2131.71   2061.11   2057.20   1870.56
   2616.61   2261.99   2179.79   2108.22   2242.60   2233.82   2131.53   2131.71   2061.11   2057.20   1870.45
   2616.62   2262.00   2179.79   2108.22   2242.60   2233.82   2131.52   2131.71   2061.11   2057.21   1870.45
   2616.62   2262.00   2179.80   2108.23   2242.60   2233.82   2131.52   2131.71   2061.11   2057.21   1870.44
   2616.62   2262.01   2179.80   2108.24   2242.60   2233.82   2131.52   2131.71   2061.11   2057.21   1870.54
   2616.62   2262.02   2179.81   2108.24   2242.60   2233.82   2131.52   2131.70   2061.12   2057.21   1870.46
   2616.63   2262.02   2179.81   2108.25   2242.61   2233.82   2131.52   2131.70   2061.12   2057.21   1871.08
   2616.63   2262.03   2179.81   2108.25   2242.61   2233.82   2131.52   2131.70   2061.12   2057.21   1871.09
   2616.64   2262.04   2179.81   2108.26   2242.61   2233.82   2131.51   2131.70   2061.12   2057.21   1871.00
   2616.64   2262.05   2179.81   2108.26   2242.61   2233.82   2131.51   2131.70   2061.12   2057.21   1870.50
   2616.65   2262.06   2179.81   2108.27   2242.62   2233.82   2131.51   2131.69   2061.12   2057.21   1870.48
   2616.66   2262.06   2179.81   2108.27   2242.62   2233.82   2131.51   2131.69   2061.12   2057.21   1870.44
   2616.66   2262.07   2179.81   2108.28   2242.62   2233.82   2131.51   2131.69   2061.12   2057.21   1870.43
   2616.67   2262.08   2179.81   2108.29   2242.62   2233.82   2131.50   2131.69   2061.12   2057.21   1870.42
   2616.67   2262.09   2179.82   2108.29   2242.62   2233.82   2131.50   2131.68   2061.13   2057.21   1870.39
   2616.67   2262.09   2179.82   2108.30   2242.63   2233.82   2131.50   2131.68   2061.13   2057.21   1870.98
   2616.67   2262.10   2179.82   2108.30   2242.63   2233.82   2131.50   2131.68   2061.13   2057.21   1870.74
   2616.68   2262.11   2179.82   2108.31   2242.63   2233.82   2131.50   2131.68   2061.13   2057.21   1870.69
   2616.68   2262.11   2179.83   2108.31   2242.63   2233.82   2131.49   2131.68   2061.13   2057.21   1870.47
   2616.68   2262.12   2179.83   2108.32   2242.64   2233.82   2131.49   2131.67   2061.13   2057.21   1870.45
   2616.68   2262.12   2179.83   2108.32   2242.64   2233.82   2131.49   2131.67   2061.13   2057.21   1870.48
   2616.68   2262.13   2179.83   2108.33   2242.64   2233.82   2131.49   2131.67   2061.13   2057.21   1870.43
   2616.68   2262.14   2179.83   2108.34   2242.64   2233.82   2131.49   2131.67   2061.13   2057.21   1870.43
   2616.68   2262.14   2179.84   2108.34   2242.64   2233.82   2131.49   2131.67   2061.13   2057.21   1870.61
   2616.68   2262.15   2179.84   2108.35   2242.65   2233.82   2131.48   2131.66   2061.14   2057.21   1870.41
   2616.68   2262.15   2179.84   2108.35   2242.65   2233.82   2131.48   2131.66   2061.14   2057.21   1870.41
   2616.68   2262.16   2179.84   2108.36   2242.65   2233.82   2131.48   2131.66   2061.14   2057.21   1870.40
   2616.68   2262.16   2179.84   2108.36   2242.65   2233.82   2131.48   2131.66   2061.14   2057.21   1870.40
   2616.68   2262.17   2179.85   2108.37   2242.65   2233.82   2131.48   2131.66   2061.14   2057.21   1870.39
   2616.68   2262.17   2179.85   2108.37   2242.66   2233.82   2131.47   2131.65   2061.14   2057.21   1870.39
   2616.68   2262.18   2179.85   2108.38   2242.66   2233.82   2131.47   2131.65   2061.14   2057.21   1870.39
   2616.68   2262.18   2179.85   2108.39   2242.66   2233.82   2131.47   2131.65   2061.14   2057.22   1870.39
   2616.68   2262.19   2179.85   2108.39   2242.66   2233.82   2131.47   2131.65   2061.14   2057.22   1870.39
   2616.68   2262.19   2179.85   2108.40   2242.67   2233.82   2131.47   2131.64   2061.14   2057.22   1870.43
   2616.68   2262.20   2179.85   2108.40   2242.67   2233.82   2131.47   2131.64   2061.14   2057.22   1870.39
   2616.68   2262.20   2179.85   2108.41   2242.67   2233.82   2131.46   2131.64   2061.15   2057.22   1870.40
   2616.68   2262.21   2179.85   2108.41   2242.67   2233.82   2131.46   2131.64   2061.15   2057.22   1870.40
   2616.68   2262.21   2179.85   2108.42   2242.67   2233.82   2131.46   2131.64   2061.15   2057.22   1870.58
   2616.68   2262.22   2179.85   2108.42   2242.68   2233.82   2131.46   2131.63   2061.15   2057.22   1870.41
   2616.68   2262.22   2179.85   2108.43   2242.68   2233.82   2131.46   2131.63   2061.15   2057.22   1870.66
   2616.68   2262.23   2179.85   2108.43   2242.68   2233.82   2131.45   2131.63   2061.15   2057.22   1870.39
   2616.68   2262.23   2179.85   2108.44   2242.68   2233.82   2131.45   2131.63   2061.15   2057.22   1870.40
   2616.68   2262.24   2179.86   2108.45   2242.69   2233.82   2131.45   2131.63   2061.15   2057.22   1870.39
   2616.68   2262.24   2179.86   2108.45   2242.69   2233.82   2131.45   2131.62   2061.15   2057.22   1870.39
   2616.68   2262.25   2179.86   2108.46   2242.69   2233.82   2131.45   2131.62   2061.15   2057.22   1870.39
   2616.68   2262.25   2179.86   2108.46   2242.69   2233.82   2131.44   2131.62   2061.16   2057.22   1870.39
   2616.68   2262.26   2179.86   2108.47   2242.69   2233.82   2131.44   2131.62   2061.16   2057.22   1870.39
   2616.68   2262.26   2179.86   2108.47   2242.70   2233.82   2131.44   2131.61   2061.16   2057.22   1870.39
   2616.68   2262.27   2179.86   2108.48   2242.70   2233.82   2131.44   2131.61   2061.16   2057.22   1870.39
   2616.68   2262.27   2179.86   2108.48   2242.70   2233.82   2131.44   2131.61   2061.16   2057.22   1870.39
   2616.68   2262.28   2179.86   2108.49   2242.70   2233.82   2131.44   2131.61   2061.16   2057.22   1870.39
   2616.68   2262.28   2179.86   2108.49   2242.70   2233.82   2131.43   2131.61   2061.16   2057.22   1870.38
   2616.68   2262.29   2179.86   2108.50   2242.71   2233.82   2131.43   2131.60   2061.16   2057.22   1870.38
   2616.68   2262.30   2179.86   2108.51   2242.71   2233.82   2131.43   2131.60   2061.16   2057.22   1870.38
   2616.68   2262.30   2179.86   2108.51   2242.71   2233.82   2131.43   2131.60   2061.16   2057.22   1870.38
   2616.68   2262.31   2179.86   2108.52   2242.71   2233.82   2131.43   2131.60   2061.16   2057.22   1870.38
   2616.68   2262.31   2179.86   2108.52   2242.72   2233.82   2131.42   2131.60   2061.17   2057.22   1870.38
   2616.68   2262.32   2179.86   2108.53   2242.72   2233.82   2131.42   2131.59   2061.17   2057.22   1870.38
   2616.68   2262.32   2179.87   2108.53   2242.72   2233.82   2131.42   2131.59   2061.17   2057.22   1870.38
   2616.68   2262.33   2179.87   2108.54   2242.72   2233.82   2131.42   2131.59   2061.17   2057.22   1870.38
   2616.68   2262.33   2179.87   2108.54   2242.72   2233.82   2131.42   2131.59   2061.17   2057.22   1870.37
   2616.67   2262.34   2179.87   2108.55   2242.73   2233.82   2131.42   2131.59   2061.17   2057.22   1870.36
   2616.67   2262.34   2179.87   2108.55   2242.73   2233.82   2131.41   2131.58   2061.17   2057.22   1870.39
   2616.67   2262.35   2179.87   2108.56   2242.73   2233.82   2131.41   2131.58   2061.17   2057.22   1870.40
   2616.67   2262.35   2179.87   2108.56   2242.73   2233.82   2131.41   2131.58   2061.17   2057.22   1870.39
   2616.67   2262.36   2179.87   2108.57   2242.73   2233.82   2131.41   2131.58   2061.17   2057.22   1870.44
   2616.67   2262.36   2179.87   2108.58   2242.74   2233.82   2131.41   2131.57   2061.17   2057.23   1870.41
   2616.67   2262.37   2179.87   2108.58   2242.74   2233.82   2131.40   2131.57   2061.17   2057.23   1870.46
   2616.67   2262.37   2179.87   2108.59   2242.74   2233.82   2131.40   2131.57   2061.18   2057.23   1870.39
   2616.67   2262.38   2179.86   2108.59   2242.74   2233.82   2131.40   2131.57   2061.18   2057.23   1870.42
   2616.67   2262.38   2179.86   2108.60   2242.75   2233.82   2131.40   2131.57   2061.18   2057.23   1870.40
   2616.67   2262.39   2179.86   2108.60   2242.75   2233.82   2131.40   2131.56   2061.18   2057.23   1870.37
   2616.67   2262.39   2179.86   2108.61   2242.75   2233.82   2131.40   2131.56   2061.18   2057.23   1870.44
   2616.67   2262.40   2179.86   2108.61   2242.75   2233.82   2131.39   2131.56   2061.18   2057.23   1870.41
   2616.67   2262.40   2179.86   2108.62   2242.75   2233.82   2131.39   2131.56   2061.18   2057.23   1870.47
   2616.66   2262.41   2179.86   2108.62   2242.76   2233.82   2131.39   2131.56   2061.18   2057.23   1870.44
   2616.66   2262.41   2179.86   2108.63   2242.76   2233.82   2131.39   2131.55   2061.18   2057.23   1870.44
   2616.66   2262.42   2179.86   2108.63   2242.76   2233.82   2131.39   2131.55   2061.18   2057.23   1870.44
   2616.66   2262.42   2179.86   2108.64   2242.76   2233.82   2131.38   2131.55   2061.18   2057.23   1870.45
   2616.66   2262.43   2179.86   2108.65   2242.77   2233.82   2131.38   2131.55   2061.18   2057.23   1870.41
   2616.66   2262.43   2179.86   2108.65   2242.77   2233.82   2131.38   2131.55   2061.19   2057.23   1870.36
   2616.66   2262.43   2179.85   2108.66   2242.77   2233.82   2131.38   2131.54   2061.19   2057.23   1870.36
   2616.66   2262.44   2179.85   2108.66   2242.77   2233.82   2131.38   2131.54   2061.19   2057.23   1870.37
   2616.66   2262.44   2179.85   2108.67   2242.77   2233.82   2131.38   2131.54   2061.19   2057.23   1870.36
   2616.66   2262.45   2179.85   2108.67   2242.78   2233.82   2131.37   2131.54   2061.19   2057.23   1870.39
   2616.65   2262.45   2179.85   2108.68   2242.78   2233.82   2131.37   2131.54   2061.19   2057.23   1870.41
   2616.65   2262.46   2179.85   2108.68   2242.78   2233.82   2131.37   2131.53   2061.19   2057.23   1870.48
   2616.65   2262.46   2179.85   2108.69   2242.78   2233.82   2131.37   2131.53   2061.19   2057.23   1870.48
   2616.65   2262.47   2179.85   2108.69   2242.78   2233.82   2131.37   2131.53   2061.19   2057.23   1870.42
   2616.65   2262.47   2179.85   2108.70   2242.79   2233.82   2131.36   2131.53   2061.19   2057.23   1870.41
   2616.65   2262.48   2179.85   2108.70   2242.79   2233.82   2131.36   2131.52   2061.19   2057.23   1870.40
   2616.65   2262.49   2179.85   2108.71   2242.79   2233.82   2131.36   2131.52   2061.19   2057.23   1870.41
   2616.65   2262.49   2179.85   2108.72   2242.79   2233.82   2131.36   2131.52   2061.19   2057.23   1870.36
   2616.65   2262.50   2179.84   2108.72   2242.80   2233.82   2131.36   2131.52   2061.20   2057.23   1870.39
   2616.65   2262.50   2179.84   2108.73   2242.80   2233.82   2131.36   2131.52   2061.20   2057.23   1870.38
   2616.65   2262.51   2179.84   2108.73   2242.80   2233.82   2131.35   2131.51   2061.20   2057.23   1870.38
   2616.65   2262.51   2179.84   2108.74   2242.80   2233.82   2131.35   2131.51   2061.20   2057.23   1870.40
   2616.64   2262.52   2179.84   2108.74   2242.80   2233.82   2131.35   2131.51   2061.20   2057.23   1870.39
   2616.64   2262.52   2179.84   2108.75   2242.81   2233.82   2131.35   2131.51   2061.20   2057.23   1870.40
   2616.64   2262.53   2179.84   2108.75   2242.81   2233.82   2131.35   2131.51   2061.20   2057.23   1870.39
   2616.64   2262.53   2179.84   2108.76   2242.81   2233.82   2131.34   2131.50   2061.20   2057.23   1870.40
   2616.64   2262.54   2179.83   2108.76   2242.81   2233.82   2131.34   2131.50   2061.20   2057.23   1870.39
   2616.64   2262.54   2179.83   2108.77   2242.82   2233.82   2131.34   2131.50   2061.20   2057.23   1870.39
   2616.64   2262.55   2179.83   2108.77   2242.82   2233.82   2131.34   2131.50   2061.20   2057.23   1870.37
   2616.64   2262.55   2179.83   2108.78   2242.82   2233.82   2131.34   2131.50   2061.20   2057.23   1870.36
   2616.63   2262.56   2179.83   2108.78   2242.82   2233.82   2131.33   2131.49   2061.20   2057.23   1870.41
   2616.63   2262.56   2179.83   2108.79   2242.82   2233.82   2131.33   2131.49   2061.21   2057.23   1870.40
   2616.63   2262.57   2179.83   2108.80   2242.83   2233.82   2131.33   2131.49   2061.21   2057.23   1870.37
   2616.63   2262.57   2179.83   2108.80   2242.83   2233.82   2131.33   2131.49   2061.21   2057.23   1870.39
   2616.63   2262.58   2179.83   2108.81   2242.83   2233.82   2131.33   2131.49   2061.21   2057.23   1870.41
   2616.63   2262.58   2179.82   2108.81   2242.83   2233.82   2131.33   2131.48   2061.21   2057.23   1870.39
   2616.63   2262.58   2179.82   2108.82   2242.83   2233.82   2131.32   2131.48   2061.21   2057.23   1870.42
   2616.63   2262.59   2179.82   2108.82   2242.84   2233.82   2131.32   2131.48   2061.21   2057.24   1870.40
   2616.62   2262.59   2179.82   2108.83   2242.84   2233.82   2131.32   2131.48   2061.21   2057.24   1870.40
   2616.62   2262.60   2179.82   2108.83   2242.84   2233.82   2131.32   2131.47   2061.21   2057.24   1870.41
   2616.62   2262.60   2179.82   2108.84   2242.84   2233.82   2131.32   2131.47   2061.21   2057.24   1870.40
   2616.62   2262.61   2179.82   2108.84   2242.85   2233.82   2131.31   2131.47   2061.21   2057.24   1870.40
   2616.62   2262.61   2179.82   2108.85   2242.85   2233.82   2131.31   2131.47   2061.21   2057.24   1870.40
   2616.62   2262.62   2179.82   2108.85   2242.85   2233.82   2131.31   2131.47   2061.21   2057.24   1870.40
   2616.62   2262.62   2179.82   2108.86   2242.85   2233.82   2131.31   2131.46   2061.21   2057.24   1870.40
   2616.61   2262.63   2179.81   2108.86   2242.85   2233.82   2131.31   2131.46   2061.22   2057.24   1870.40
   2616.61   2262.63   2179.81   2108.87   2242.86   2233.82   2131.31   2131.46   2061.22   2057.24   1870.41
   2616.61   2262.64   2179.81   2108.88   2242.86   2233.82   2131.30   2131.46   2061.22   2057.24   1870.48
   2616.61   2262.64   2179.81   2108.88   2242.86   2233.82   2131.30   2131.46   2061.22   2057.24   1870.48
   2616.61   2262.65   2179.81   2108.89   2242.86   2233.82   2131.30   2131.45   2061.22   2057.24   1870.41
   2616.61   2262.65   2179.81   2108.89   2242.87   2233.82   2131.30   2131.45   2061.22   2057.24   1870.41
   2616.60   2262.66   2179.81   2108.90   2242.87   2233.82   2131.30   2131.45   2061.22   2057.24   1870.36
   2616.60   2262.66   2179.81   2108.90   2242.87   2233.82   2131.30   2131.45   2061.22   2057.24   1870.40
   2616.60   2262.67   2179.81   2108.91   2242.87   2233.82   2131.29   2131.45   2061.22   2057.24   1870.41
   2616.60   2262.67   2179.81   2108.91   2242.87   2233.82   2131.29   2131.44   2061.22   2057.24   1870.39
   2616.60   2262.68   2179.81   2108.92   2242.88   2233.82   2131.29   2131.44   2061.22   2057.24   1870.40
   2616.60   2262.68   2179.80   2108.92   2242.88   2233.82   2131.29   2131.44   2061.22   2057.24   1870.40
   2616.60   2262.69   2179.80   2108.93   2242.88   2233.82   2131.29   2131.44   2061.22   2057.24   1870.40
   2616.59   2262.69   2179.80   2108.93   2242.88   2233.82   2131.28   2131.44   2061.22   2057.24   1870.36
   2616.59   2262.70   2179.80   2108.94   2242.89   2233.82   2131.28   2131.43   2061.23   2057.24   1870.40
   2616.59   2262.70   2179.80   2108.94   2242.89   2233.82   2131.28   2131.43   2061.23   2057.24   1870.40
   2616.59   2262.71   2179.80   2108.95   2242.89   2233.82   2131.28   2131.43   2061.23   2057.24   1870.40
   2616.59   2262.71   2179.80   2108.95   2242.89   2233.82   2131.28   2131.43   2061.23   2057.24   1870.40
   2616.59   2262.72   2179.80   2108.96   2242.89   2233.82   2131.28   2131.43   2061.23   2057.24   1870.38
   2616.58   2262.72   2179.80   2108.96   2242.90   2233.82   2131.27   2131.42   2061.23   2057.24   1870.38
   2616.58   2262.73   2179.79   2108.97   2242.90   2233.82   2131.27   2131.42   2061.23   2057.24   1870.40
   2616.58   2262.73   2179.79   2108.98   2242.90   2233.82   2131.27   2131.42   2061.23   2057.24   1870.40
   2616.58   2262.74   2179.80   2108.98   2242.90   2233.82   2131.27   2131.42   2061.23   2057.24   1870.73
   2616.58   2262.74   2179.80   2108.99   2242.91   2233.82   2131.27   2131.41   2061.23   2057.24   1870.36
   2616.57   2262.75   2179.80   2108.99   2242.91   2233.82   2131.26   2131.41   2061.23   2057.24   1870.38
   2616.57   2262.75   2179.80   2109.00   2242.91   2233.82   2131.26   2131.41   2061.23   2057.24   1870.37
   2616.57   2262.76   2179.80   2109.00   2242.91   2233.82   2131.26   2131.41   2061.23   2057.24   1870.38
   2616.57   2262.76   2179.80   2109.01   2242.91   2233.82   2131.26   2131.41   2061.23   2057.24   1870.38
   2616.57   2262.76   2179.80   2109.01   2242.92   2233.82   2131.26   2131.40   2061.23   2057.24   1870.38
   2616.56   2262.77   2179.81   2109.02   2242.92   2233.82   2131.26   2131.40   2061.23   2057.24   1870.38
   2616.56   2262.77   2179.81   2109.02   2242.92   2233.82   2131.25   2131.40   2061.24   2057.24   1870.38
   2616.56   2262.78   2179.81   2109.03   2242.92   2233.82   2131.25   2131.40   2061.24   2057.24   1870.38
   2616.56   2262.78   2179.81   2109.03   2242.93   2233.82   2131.25   2131.40   2061.24   2057.24   1870.38
   2616.56   2262.79   2179.81   2109.04   2242.93   2233.82   2131.25   2131.39   2061.24   2057.24   1870.38
   2616.55   2262.79   2179.81   2109.04   2242.93   2233.82   2131.25   2131.39   2061.24   2057.24   1870.38
   2616.55   2262.80   2179.82   2109.05   2242.93   2233.82   2131.24   2131.39   2061.24   2057.24   1870.38
   2616.55   2262.80   2179.82   2109.05   2242.93   2233.82   2131.24   2131.39   2061.24   2057.24   1870.38
   2616.55   2262.81   2179.82   2109.06   2242.94   2233.82   2131.24   2131.39   2061.24   2057.24   1870.93
   2616.55   2262.81   2179.82   2109.06   2242.94   2233.82   2131.24   2131.38   2061.24   2057.24   1871.47
   2616.54   2262.82   2179.82   2109.07   2242.94   2233.82   2131.24   2131.38   2061.24   2057.24   1871.59
   2616.54   2262.82   2179.83   2109.07   2242.94   2233.83   2131.24   2131.38   2061.24   2057.24   1871.78
   2616.54   2262.83   2179.83   2109.08   2242.94   2233.84   2131.23   2131.38   2061.24   2057.24   1871.70
   2616.54   2262.83   2179.84   2109.09   2242.95   2233.87   2131.23   2131.38   2061.24   2057.24   1871.44
   2616.54   2262.84   2179.85   2109.09   2242.95   2233.89   2131.23   2131.37   2061.24   2057.24   1870.51
   2616.53   2262.84   2179.87   2109.10   2242.95   2233.91   2131.23   2131.37   2061.24   2057.24   1870.46
   2616.53   2262.85   2179.89   2109.10   2242.95   2233.93   2131.23   2131.37   2061.24   2057.24   1870.43
   2616.53   2262.85   2179.91   2109.11   2242.96   2233.95   2131.23   2131.37   2061.24   2057.24   1870.42
   2616.53   2262.86   2179.92   2109.11   2242.96   2233.96   2131.22   2131.36   2061.25   2057.24   1870.40
   2616.53   2262.86   2179.94   2109.12   2242.96   2233.97   2131.22   2131.36   2061.25   2057.24   1870.40
   2616.52   2262.86   2179.95   2109.12   2242.96   2233.98   2131.22   2131.36   2061.25   2057.24   1870.39
   2616.52   2262.87   2179.96   2109.13   2242.96   2233.99   2131.22   2131.36   2061.25   2057.24   1870.39
   2616.52   2262.87   2179.97   2109.13   2242.97   2233.99   2131.22   2131.36   2061.25   2057.24   1870.39
   2616.52   2262.88   2179.98   2109.14   2242.97   2234.00   2131.21   2131.35   2061.25   2057.24   1870.40
   2616.51   2262.88   2179.98   2109.14   2242.97   2234.00   2131.21   2131.35   2061.25   2057.24   1870.40
   2616.51   2262.89   2179.99   2109.15   2242.97   2234.01   2131.21   2131.35   2061.25   2057.24   1870.38
   2616.51   2262.89   2179.99   2109.15   2242.98   2234.01   2131.21   2131.35   2061.25   2057.24   1870.39
   2616.51   2262.90   2180.00   2109.16   2242.98   2234.01   2131.21   2131.35   2061.25   2057.24   1870.39
   2616.51   2262.90   2180.00   2109.16   2242.98   2234.01   2131.21   2131.34   2061.25   2057.24   1870.39
   2616.50   2262.91   2180.00   2109.17   2242.98   2234.01   2131.20   2131.34   2061.25   2057.24   1870.78
   2616.50   2262.91   2180.01   2109.17   2242.98   2234.02   2131.20   2131.34   2061.25   2057.24   1870.87
   2616.50   2262.92   2180.01   2109.18   2242.99   2234.02   2131.20   2131.34   2061.25   2057.24   1870.42
   2616.50   2262.92   2180.01   2109.18   2242.99   2234.02   2131.20   2131.34   2061.25   2057.24   1870.81
   2616.49   2262.93   2180.02   2109.19   2242.99   2234.02   2131.20   2131.33   2061.25   2057.24   1870.41
   2616.49   2262.93   2180.02   2109.19   2242.99   2234.02   2131.19   2131.33   2061.25   2057.24   1870.39
   2616.49   2262.94   2180.02   2109.20   2243.00   2234.02   2131.19   2131.33   2061.26   2057.24   1870.68
   2616.49   2262.94   2180.02   2109.20   2243.00   2234.02   2131.19   2131.33   2061.26   2057.24   1870.40
   2616.48   2262.94   2180.03   2109.21   2243.00   2234.02   2131.19   2131.33   2061.26   2057.24   1870.40
   2616.48   2262.95   2180.03   2109.22   2243.00   2234.02   2131.19   2131.32   2061.26   2057.24   1870.39
   2616.48   2262.95   2180.03   2109.22   2243.00   2234.02   2131.19   2131.32   2061.26   2057.24   1870.39
   2616.48   2262.96   2180.03   2109.23   2243.01   2234.02   2131.18   2131.32   2061.26   2057.24   1870.58
   2616.47   2262.96   2180.04   2109.23   2243.01   2234.02   2131.18   2131.32   2061.26   2057.24   1870.50
   2616.47   2262.97   2180.04   2109.24   2243.01   2234.02   2131.18   2131.32   2061.26   2057.24   1870.78
   2616.47   2262.97   2180.04   2109.24   2243.01   2234.02   2131.18   2131.31   2061.26   2057.24   1871.63
   2616.47   2262.98   2180.04   2109.25   2243.02   2234.02   2131.18   2131.31   2061.26   2057.24   1871.78
   2616.47   2262.99   2180.05   2109.25   2243.02   2234.02   2131.18   2131.31   2061.26   2057.24   1871.79
   2616.48   2263.00   2180.05   2109.26   2243.02   2234.02   2131.17   2131.31   2061.26   2057.24   1871.79
   2616.48   2263.00   2180.05   2109.26   2243.02   2234.02   2131.17   2131.31   2061.26   2057.24   1870.91
   2616.49   2263.01   2180.05   2109.27   2243.03   2234.02   2131.17   2131.30   2061.26   2057.24   1870.55
   2616.49   2263.02   2180.05   2109.27   2243.04   2234.02   2131.17   2131.30   2061.26   2057.24   1870.50
   2616.49   2263.03   2180.05   2109.28   2243.05   2234.02   2131.17   2131.30   2061.26   2057.24   1870.46
   2616.50   2263.04   2180.05   2109.29   2243.05   2234.02   2131.16   2131.30   2061.26   2057.24   1870.87
   2616.50   2263.04   2180.05   2109.29   2243.06   2234.02   2131.16   2131.30   2061.26   2057.24   1871.78
   2616.50   2263.05   2180.06   2109.30   2243.07   2234.02   2131.16   2131.29   2061.26   2057.24   1871.79
   2616.51   2263.06   2180.06   2109.31   2243.09   2234.02   2131.16   2131.29   2061.26   2057.24   1871.79
   2616.52   2263.07   2180.06   2109.33   2243.11   2234.02   2131.16   2131.29   2061.27   2057.24   1871.79
   2616.53   2263.08   2180.07   2109.34   2243.13   2234.02   2131.16   2131.29   2061.27   2057.24   1871.79
   2616.54   2263.09   2180.07   2109.36   2243.16   2234.02   2131.15   2131.29   2061.27   2057.24   1871.79
   2616.55   2263.11   2180.08   2109.38   2243.19   2234.02   2131.15   2131.28   2061.27   2057.24   1871.79
   2616.57   2263.12   2180.09   2109.40   2243.22   2234.02   2131.15   2131.28   2061.27   2057.24   1871.79
   2616.59   2263.14   2180.09   2109.42   2243.26   2234.02   2131.15   2131.28   2061.27   2057.24   1871.79
   2616.62   2263.17   2180.10   2109.45   2243.29   2234.02   2131.15   2131.28   2061.27   2057.24   1871.79
   2616.65   2263.19   2180.11   2109.47   2243.32   2234.02   2131.15   2131.27   2061.27   2057.24   1871.79
   2616.69   2263.21   2180.11   2109.49   2243.34   2234.02   2131.14   2131.27   2061.27   2057.24   1871.79
   2616.73   2263.24   2180.12   2109.51   2243.36   2234.02   2131.14   2131.27   2061.27   2057.24   1871.79
   2616.77   2263.27   2180.13   2109.53   2243.38   2234.02   2131.14   2131.27   2061.27   2057.24   1871.79
   2616.81   2263.30   2180.14   2109.55   2243.39   2234.02   2131.14   2131.27   2061.27   2057.24   1871.79
   2616.85   2263.33   2180.14   2109.56   2243.40   2234.02   2131.14   2131.26   2061.27   2057.24   1871.79
   2616.88   2263.35   2180.15   2109.57   2243.41   2234.02   2131.13   2131.26   2061.27   2057.24   1871.79
   2616.91   2263.37   2180.16   2109.59   2243.42   2234.02   2131.13   2131.26   2061.27   2057.24   1871.79
   2616.93   2263.39   2180.16   2109.60   2243.43   2234.02   2131.13   2131.26   2061.27   2057.24   1871.79
   2616.95   2263.41   2180.17   2109.61   2243.44   2234.02   2131.13   2131.26   2061.27   2057.24   1871.79
   2616.97   2263.42   2180.18   2109.62   2243.44   2234.02   2131.13   2131.25   2061.27   2057.24   1871.79
   2616.98   2263.43   2180.18   2109.62   2243.45   2234.02   2131.13   2131.25   2061.27   2057.24   1871.58
   2616.99   2263.44   2180.19   2109.63   2243.45   2234.02   2131.12   2131.25   2061.27   2057.24   1871.78
   2617.00   2263.46   2180.19   2109.64   2243.46   2234.02   2131.12   2131.25   2061.27   2057.24   1871.73
   2617.01   2263.46   2180.19   2109.65   2243.46   2234.02   2131.12   2131.25   2061.28   2057.24   1871.11
   2617.01   2263.47   2180.19   2109.65   2243.47   2234.02   2131.12   2131.24   2061.28   2057.24   1871.10
   2617.02   2263.48   2180.19   2109.66   2243.47   2234.02   2131.12   2131.24   2061.28   2057.24   1871.01
   2617.02   2263.49   2180.19   2109.66   2243.47   2234.02   2131.11   2131.24   2061.28   2057.24   1870.62
   2617.02   2263.49   2180.19   2109.67   2243.48   2234.02   2131.11   2131.24   2061.28   2057.24   1871.05
   2617.03   2263.50   2180.19   2109.68   2243.48   2234.02   2131.11   2131.24   2061.28   2057.24   1871.32
   2617.03   2263.51   2180.19   2109.68   2243.48   2234.02   2131.11   2131.23   2061.28   2057.24   1871.46
   2617.03   2263.51   2180.19   2109.69   2243.48   2234.02   2131.11   2131.23   2061.28   2057.24   1870.72
   2617.03   2263.52   2180.19   2109.69   2243.49   2234.02   2131.11   2131.23   2061.28   2057.24   1870.64
   2617.03   2263.52   2180.19   2109.70   2243.49   2234.02   2131.10   2131.23   2061.28   2057.24   1871.77
   2617.03   2263.53   2180.20   2109.70   2243.49   2234.02   2131.10   2131.23   2061.28   2057.24   1871.65
   2617.03   2263.53   2180.20   2109.71   2243.49   2234.02   2131.10   2131.22   2061.28   2057.24   1871.78
   2617.03   2263.54   2180.21   2109.71   2243.50   2234.02   2131.10   2131.22   2061.28   2057.24   1871.79
   2617.03   2263.54   2180.21   2109.72   2243.50   2234.02   2131.10   2131.22   2061.28   2057.24   1871.02
   2617.03   2263.55   2180.21   2109.73   2243.50   2234.02   2131.10   2131.22   2061.28   2057.24   1870.65
   2617.04   2263.55   2180.22   2109.73   2243.50   2234.02   2131.09   2131.22   2061.28   2057.24   1870.56
   2617.04   2263.56   2180.22   2109.74   2243.51   2234.02   2131.09   2131.21   2061.28   2057.24   1870.60
   2617.04   2263.57   2180.22   2109.74   2243.51   2234.02   2131.09   2131.21   2061.28   2057.24   1871.64
   2617.04   2263.57   2180.22   2109.75   2243.51   2234.02   2131.09   2131.21   2061.28   2057.24   1870.93
   2617.04   2263.58   2180.22   2109.75   2243.51   2234.02   2131.09   2131.21   2061.28   2057.24   1871.20
   2617.04   2263.58   2180.22   2109.76   2243.52   2234.02   2131.08   2131.21   2061.28   2057.24   1871.24
   2617.04   2263.59   2180.22   2109.76   2243.52   2234.02   2131.08   2131.20   2061.28   2057.24   1871.24
   2617.04   2263.59   2180.22   2109.77   2243.52   2234.02   2131.08   2131.20   2061.28   2057.24   1871.04
   2617.04   2263.60   2180.23   2109.77   2243.52   2234.02   2131.08   2131.20   2061.28   2057.24   1871.11
   2617.04   2263.60   2180.23   2109.78   2243.53   2234.02   2131.08   2131.20   2061.29   2057.24   1871.28
   2617.04   2263.61   2180.24   2109.78   2243.53   2234.02   2131.08   2131.20   2061.29   2057.24   1871.32
   2617.04   2263.61   2180.25   2109.79   2243.53   2234.02   2131.07   2131.19   2061.29   2057.24   1871.31
   2617.04   2263.62   2180.25   2109.79   2243.53   2234.02   2131.07   2131.19   2061.29   2057.24   1871.04
   2617.04   2263.62   2180.25   2109.80   2243.54   2234.02   2131.07   2131.19   2061.29   2057.24   1871.22
   2617.04   2263.62   2180.25   2109.80   2243.54   2234.02   2131.07   2131.19   2061.29   2057.24   1871.23
   2617.03   2263.63   2180.26   2109.81   2243.54   2234.02   2131.07   2131.19   2061.29   2057.24   1871.33
   2617.03   2263.63   2180.26   2109.81   2243.54   2234.02   2131.07   2131.18   2061.29   2057.24   1871.29
   2617.03   2263.64   2180.27   2109.82   2243.55   2234.02   2131.06   2131.18   2061.29   2057.24   1871.78
   2617.04   2263.65   2180.27   2109.82   2243.55   2234.02   2131.06   2131.18   2061.29   2057.24   1871.79
   2617.04   2263.65   2180.28   2109.83   2243.55   2234.02   2131.06   2131.18   2061.29   2057.24   1871.53
   2617.04   2263.66   2180.27   2109.84   2243.55   2234.02   2131.06   2131.18   2061.29   2057.24   1871.07
   2617.04   2263.67   2180.27   2109.84   2243.55   2234.02   2131.06   2131.17   2061.29   2057.24   1870.96
   2617.05   2263.67   2180.27   2109.85   2243.56   2234.02   2131.05   2131.17   2061.29   2057.24   1870.68
   2617.05   2263.68   2180.28   2109.85   2243.56   2234.02   2131.05   2131.17   2061.29   2057.24   1871.05
   2617.05   2263.68   2180.28   2109.86   2243.56   2234.02   2131.05   2131.17   2061.29   2057.24   1870.89
   2617.05   2263.69   2180.27   2109.86   2243.56   2234.02   2131.05   2131.17   2061.29   2057.24   1870.88
   2617.05   2263.70   2180.27   2109.87   2243.57   2234.02   2131.05   2131.16   2061.29   2057.24   1870.84
   2617.05   2263.70   2180.27   2109.87   2243.57   2234.02   2131.05   2131.16   2061.29   2057.24   1870.72
   2617.05   2263.71   2180.27   2109.88   2243.57   2234.02   2131.04   2131.16   2061.29   2057.24   1870.85
   2617.05   2263.71   2180.27   2109.88   2243.57   2234.02   2131.04   2131.16   2061.29   2057.24   1870.78
   2617.05   2263.72   2180.27   2109.89   2243.58   2234.02   2131.04   2131.16   2061.29   2057.24   1870.76
   2617.05   2263.72   2180.27   2109.89   2243.58   2234.02   2131.04   2131.15   2061.29   2057.24   1870.68
   2617.05   2263.73   2180.27   2109.90   2243.58   2234.02   2131.04   2131.15   2061.29   2057.24   1870.82
   2617.05   2263.73   2180.26   2109.90   2243.58   2234.02   2131.04   2131.15   2061.29   2057.24   1870.74
   2617.05   2263.74   2180.26   2109.91   2243.59   2234.02   2131.03   2131.15   2061.29   2057.24   1871.14
   2617.05   2263.74   2180.26   2109.91   2243.59   2234.02   2131.03   2131.15   2061.29   2057.24   1870.75
   2617.05   2263.75   2180.26   2109.92   2243.59   2234.02   2131.03   2131.14   2061.30   2057.24   1870.85
   2617.05   2263.75   2180.26   2109.92   2243.59   2234.02   2131.03   2131.14   2061.30   2057.24   1870.73
   2617.05   2263.75   2180.26   2109.93   2243.60   2234.02   2131.03   2131.14   2061.30   2057.24   1870.84
   2617.05   2263.76   2180.26   2109.93   2243.60   2234.02   2131.03   2131.14   2061.30   2057.24   1870.91
   2617.05   2263.76   2180.25   2109.94   2243.60   2234.02   2131.02   2131.14   2061.30   2057.24   1870.77
   2617.05   2263.77   2180.25   2109.94   2243.60   2234.02   2131.02   2131.13   2061.30   2057.24   1870.84
   2617.05   2263.77   2180.25   2109.95   2243.60   2234.01   2131.02   2131.13   2061.30   2057.24   1870.91
   2617.05   2263.78   2180.26   2109.95   2243.61   2234.01   2131.02   2131.13   2061.30   2057.24   1871.33
   2617.05   2263.78   2180.26   2109.96   2243.61   2234.01   2131.02   2131.13   2061.30   2057.24   1871.30
   2617.05   2263.79   2180.25   2109.96   2243.61   2234.01   2131.01   2131.13   2061.30   2057.24   1870.76
   2617.05   2263.79   2180.25   2109.97   2243.61   2234.01   2131.01   2131.12   2061.30   2057.24   1870.75
   2617.05   2263.80   2180.25   2109.97   2243.62   2234.01   2131.01   2131.12   2061.30   2057.24   1871.35
   2617.05   2263.80   2180.25   2109.98   2243.62   2234.01   2131.01   2131.12   2061.30   2057.24   1871.15
   2617.04   2263.81   2180.25   2109.99   2243.62   2234.01   2131.01   2131.12   2061.30   2057.24   1870.87
   2617.04   2263.81   2180.25   2109.99   2243.62   2234.01   2131.01   2131.12   2061.30   2057.24   1870.87
   2617.04   2263.82   2180.25   2110.00   2243.63   2234.01   2131.00   2131.11   2061.30   2057.24   1870.98
   2617.04   2263.82   2180.25   2110.00   2243.63   2234.01   2131.00   2131.11   2061.30   2057.24   1871.05
   2617.04   2263.83   2180.24   2110.01   2243.63   2234.01   2131.00   2131.11   2061.30   2057.24   1871.08
   2617.04   2263.83   2180.24   2110.01   2243.63   2234.01   2131.00   2131.11   2061.30   2057.24   1870.88
   2617.04   2263.83   2180.24   2110.02   2243.64   2234.01   2131.00   2131.11   2061.30   2057.24   1870.83
   2617.04   2263.84   2180.24   2110.02   2243.64   2234.01   2131.00   2131.10   2061.30   2057.24   1870.85
   2617.04   2263.84   2180.24   2110.03   2243.64   2234.01   2130.99   2131.10   2061.30   2057.24   1870.82
   2617.04   2263.85   2180.24   2110.03   2243.64   2234.01   2130.99   2131.10   2061.30   2057.24   1870.89
   2617.04   2263.85   2180.24   2110.04   2243.65   2234.01   2130.99   2131.10   2061.30   2057.24   1871.09
   2617.03   2263.86   2180.24   2110.04   2243.65   2234.01   2130.99   2131.10   2061.30   2057.24   1871.05
   2617.03   2263.86   2180.23   2110.05   2243.65   2234.01   2130.99   2131.09   2061.30   2057.24   1870.96
   2617.03   2263.87   2180.23   2110.05   2243.65   2234.01   2130.98   2131.09   2061.30   2057.24   1870.89
   2617.03   2263.87   2180.23   2110.06   2243.66   2234.01   2130.98   2131.09   2061.30   2057.24   1870.88
   2617.03   2263.88   2180.23   2110.06   2243.66   2234.01   2130.98   2131.09   2061.30   2057.24   1870.90
   2617.03   2263.88   2180.23   2110.07   2243.66   2234.01   2130.98   2131.09   2061.30   2057.24   1871.16
   2617.03   2263.89   2180.23   2110.07   2243.66   2234.01   2130.98   2131.08   2061.30   2057.24   1871.23
   2617.03   2263.89   2180.23   2110.08   2243.66   2234.01   2130.98   2131.08   2061.30   2057.24   1871.41
   2617.03   2263.90   2180.23   2110.08   2243.67   2234.01   2130.97   2131.08   2061.31   2057.24   1870.68
   2617.02   2263.90   2180.23   2110.09   2243.67   2234.01   2130.97   2131.08   2061.31   2057.24   1870.94
   2617.02   2263.90   2180.23   2110.09   2243.67   2234.01   2130.97   2131.08   2061.31   2057.24   1871.01
   2617.02   2263.91   2180.22   2110.10   2243.67   2234.01   2130.97   2131.07   2061.31   2057.24   1870.94
   2617.02   2263.91   2180.22   2110.10   2243.68   2234.01   2130.97   2131.07   2061.31   2057.24   1870.93
   2617.02   2263.92   2180.22   2110.11   2243.68   2234.01   2130.97   2131.07   2061.31   2057.24   1870.92
   2617.02   2263.92   2180.22   2110.11   2243.68   2234.01   2130.96   2131.07   2061.31   2057.24   1871.08
   2617.02   2263.93   2180.22   2110.12   2243.68   2234.01   2130.96   2131.07   2061.31   2057.24   1871.07
   2617.02   2263.93   2180.22   2110.12   2243.69   2234.01   2130.96   2131.06   2061.31   2057.24   1871.14
   2617.01   2263.94   2180.22   2110.13   2243.69   2234.01   2130.96   2131.06   2061.31   2057.24   1871.78
   2617.01   2263.94   2180.22   2110.13   2243.69   2234.01   2130.96   2131.06   2061.31   2057.24   1871.15
   2617.02   2263.95   2180.22   2110.14   2243.69   2234.01   2130.96   2131.06   2061.31   2057.24   1870.99
   2617.02   2263.95   2180.22   2110.14   2243.70   2234.01   2130.95   2131.06   2061.31   2057.24   1871.04
   2617.02   2263.96   2180.22   2110.15   2243.70   2234.01   2130.95   2131.05   2061.31   2057.24   1870.97
   2617.02   2263.97   2180.22   2110.15   2243.70   2234.01   2130.95   2131.05   2061.31   2057.24   1870.98
   2617.02   2263.97   2180.21   2110.16   2243.70   2234.01   2130.95   2131.05   2061.31   2057.24   1871.05
   2617.02   2263.98   2180.21   2110.16   2243.71   2234.01   2130.95   2131.05   2061.31   2057.24   1871.03
   2617.02   2263.98   2180.21   2110.17   2243.71   2234.01   2130.94   2131.05   2061.31   2057.24   1871.47
   2617.02   2263.99   2180.21   2110.17   2243.71   2234.01   2130.94   2131.04   2061.31   2057.24   1871.54
   2617.02   2263.99   2180.21   2110.18   2243.71   2234.01   2130.94   2131.04   2061.31   2057.24   1871.08
   2617.02   2264.00   2180.21   2110.18   2243.71   2234.01   2130.94   2131.04   2061.31   2057.24   1871.13
   2617.02   2264.00   2180.21   2110.19   2243.72   2234.01   2130.94   2131.04   2061.31   2057.24   1871.78
   2617.02   2264.01   2180.22   2110.19   2243.72   2234.01   2130.94   2131.04   2061.31   2057.24   1871.31
   2617.01   2264.01   2180.22   2110.20   2243.72   2234.01   2130.93   2131.04   2061.31   2057.24   1870.80
   2617.01   2264.02   2180.22   2110.20   2243.72   2234.01   2130.93   2131.03   2061.31   2057.24   1871.04
   2617.01   2264.02   2180.22   2110.21   2243.73   2234.01   2130.93   2131.03   2061.31   2057.24   1871.03
   2617.01   2264.03   2180.22   2110.21   2243.73   2234.01   2130.93   2131.03   2061.31   2057.24   1871.10
   2617.01   2264.03   2180.22   2110.22   2243.73   2234.01   2130.93   2131.03   2061.31   2057.24   1870.84
   2617.01   2264.04   2180.22   2110.22   2243.73   2234.01   2130.93   2131.03   2061.31   2057.24   1871.30
   2617.01   2264.04   2180.21   2110.23   2243.74   2234.01   2130.92   2131.02   2061.31   2057.24   1871.33
   2617.01   2264.04   2180.21   2110.23   2243.74   2234.01   2130.92   2131.02   2061.31   2057.24   1871.28
   2617.00   2264.05   2180.21   2110.24   2243.74   2234.01   2130.92   2131.02   2061.31   2057.24   1871.15
   2617.00   2264.05   2180.22   2110.24   2243.74   2234.01   2130.92   2131.02   2061.31   2057.24   1871.29
   2617.00   2264.06   2180.22   2110.25   2243.75   2234.01   2130.92   2131.02   2061.31   2057.24   1871.19
   2617.00   2264.06   2180.22   2110.25   2243.75   2234.01   2130.92   2131.01   2061.31   2057.24   1871.73
   2617.00   2264.07   2180.22   2110.26   2243.75   2234.01   2130.91   2131.01   2061.31   2057.24   1871.19
   2617.00   2264.07   2180.22   2110.26   2243.75   2234.01   2130.91   2131.01   2061.31   2057.24   1871.28
   2617.00   2264.08   2180.22   2110.27   2243.76   2234.01   2130.91   2131.01   2061.31   2057.24   1870.50
   2616.99   2264.08   2180.22   2110.27   2243.76   2234.01   2130.91   2131.01   2061.31   2057.24   1870.91
   2616.99   2264.09   2180.22   2110.28   2243.76   2234.01   2130.91   2131.00   2061.31   2057.24   1870.78
   2616.99   2264.09   2180.21   2110.29   2243.76   2234.01   2130.91   2131.00   2061.31   2057.24   1870.76
   2616.99   2264.09   2180.21   2110.29   2243.77   2234.01   2130.90   2131.00   2061.31   2057.24   1870.67
   2616.99   2264.10   2180.21   2110.30   2243.77   2234.01   2130.90   2131.00   2061.32   2057.24   1870.73
   2616.99   2264.10   2180.21   2110.30   2243.77   2234.01   2130.90   2131.00   2061.32   2057.24   1870.68
   2616.98   2264.11   2180.21   2110.31   2243.77   2234.01   2130.90   2130.99   2061.32   2057.24   1870.69
   2616.98   2264.11   2180.21   2110.31   2243.77   2234.01   2130.90   2130.99   2061.32   2057.24   1871.01
   2616.98   2264.12   2180.21   2110.32   2243.78   2234.01   2130.89   2130.99   2061.32   2057.23   1870.72
   2616.98   2264.12   2180.20   2110.32   2243.78   2234.01   2130.89   2130.99   2061.32   2057.23   1870.75
   2616.98   2264.13   2180.20   2110.33   2243.78   2234.01   2130.89   2130.99   2061.32   2057.23   1870.56
   2616.98   2264.13   2180.20   2110.33   2243.78   2234.01   2130.89   2130.98   2061.32   2057.23   1870.38
   2616.97   2264.14   2180.20   2110.34   2243.79   2234.01   2130.89   2130.98   2061.32   2057.23   1870.44
   2616.97   2264.14   2180.20   2110.34   2243.79   2234.01   2130.89   2130.98   2061.32   2057.23   1870.43
   2616.97   2264.14   2180.20   2110.35   2243.79   2234.01   2130.88   2130.98   2061.32   2057.23   1870.69
   2616.97   2264.15   2180.20   2110.35   2243.79   2234.01   2130.88   2130.98   2061.32   2057.23   1870.75
   2616.97   2264.15   2180.19   2110.36   2243.80   2234.01   2130.88   2130.97   2061.32   2057.23   1870.47
   2616.97   2264.16   2180.19   2110.36   2243.80   2234.01   2130.88   2130.97   2061.32   2057.23   1870.43
   2616.96   2264.16   2180.19   2110.37   2243.80   2234.01   2130.88   2130.97   2061.32   2057.23   1870.40
   2616.96   2264.17   2180.19   2110.37   2243.80   2234.01   2130.88   2130.97   2061.32   2057.23   1870.43
   2616.96   2264.17   2180.19   2110.38   2243.81   2234.01   2130.87   2130.97   2061.32   2057.23   1870.79
   2616.96   2264.18   2180.19   2110.38   2243.81   2234.01   2130.87   2130.96   2061.32   2057.23   1870.44
   2616.96   2264.18   2180.19   2110.39   2243.81   2234.01   2130.87   2130.96   2061.32   2057.23   1870.41
   2616.95   2264.18   2180.19   2110.39   2243.81   2234.01   2130.87   2130.96   2061.32   2057.23   1870.96
   2616.95   2264.19   2180.19   2110.40   2243.82   2234.01   2130.87   2130.96   2061.32   2057.23   1871.05
   2616.96   2264.20   2180.19   2110.40   2243.82   2234.01   2130.87   2130.96   2061.32   2057.23   1870.90
   2616.96   2264.21   2180.19   2110.41   2243.82   2234.01   2130.86   2130.95   2061.32   2057.23   1871.21
   2616.96   2264.21   2180.19   2110.41   2243.82   2234.01   2130.86   2130.95   2061.32   2057.23   1871.42
   2616.97   2264.22   2180.19   2110.42   2243.83   2234.01   2130.86   2130.95   2061.32   2057.23   1870.60
   2616.97   2264.23   2180.19   2110.42   2243.83   2234.01   2130.86   2130.95   2061.32   2057.23   1870.53
   2616.97   2264.23   2180.19   2110.43   2243.83   2234.01   2130.86   2130.95   2061.32   2057.23   1870.49
   2616.97   2264.24   2180.19   2110.43   2243.83   2234.01   2130.86   2130.94   2061.32   2057.23   1870.43
   2616.97   2264.25   2180.18   2110.44   2243.84   2234.01   2130.85   2130.94   2061.32   2057.23   1870.39
   2616.97   2264.25   2180.18   2110.44   2243.84   2234.01   2130.85   2130.94   2061.32   2057.23   1870.38
   2616.97   2264.26   2180.18   2110.45   2243.84   2234.01   2130.85   2130.94   2061.32   2057.23   1870.42
   2616.97   2264.26   2180.18   2110.45   2243.84   2234.01   2130.85   2130.94   2061.32   2057.23   1870.42
   2616.97   2264.27   2180.18   2110.46   2243.85   2234.01   2130.85   2130.93   2061.32   2057.23   1870.42
   2616.97   2264.27   2180.18   2110.46   2243.85   2234.01   2130.84   2130.93   2061.32   2057.23   1870.45
   2616.97   2264.28   2180.18   2110.47   2243.85   2234.01   2130.84   2130.93   2061.32   2057.23   1870.49
   2616.97   2264.28   2180.18   2110.47   2243.85   2234.01   2130.84   2130.93   2061.32   2057.23   1870.43
   2616.97   2264.29   2180.17   2110.48   2243.85   2234.01   2130.84   2130.93   2061.32   2057.23   1870.41
   2616.97   2264.29   2180.17   2110.48   2243.86   2234.01   2130.84   2130.92   2061.32   2057.23   1870.38
   2616.96   2264.30   2180.17   2110.49   2243.86   2234.01   2130.84   2130.92   2061.32   2057.23   1870.89
   2616.96   2264.30   2180.17   2110.49   2243.86   2234.01   2130.83   2130.92   2061.32   2057.23   1871.03
   2616.96   2264.31   2180.17   2110.50   2243.86   2234.01   2130.83   2130.92   2061.32   2057.23   1870.45
   2616.96   2264.31   2180.17   2110.50   2243.87   2234.01   2130.83   2130.92   2061.32   2057.23   1870.40
   2616.96   2264.32   2180.18   2110.51   2243.87   2234.01   2130.83   2130.92   2061.32   2057.23   1870.39
   2616.96   2264.32   2180.18   2110.51   2243.87   2234.01   2130.83   2130.91   2061.32   2057.23   1870.39
   2616.96   2264.33   2180.18   2110.52   2243.87   2234.01   2130.83   2130.91   2061.32   2057.23   1870.39
   2616.96   2264.33   2180.18   2110.52   2243.88   2234.01   2130.82   2130.91   2061.32   2057.23   1870.39
   2616.95   2264.33   2180.18   2110.52   2243.88   2234.01   2130.82   2130.91   2061.32   2057.23   1870.39
   2616.95   2264.34   2180.18   2110.53   2243.88   2234.01   2130.82   2130.91   2061.32   2057.23   1870.38
   2616.95   2264.34   2180.18   2110.53   2243.88   2234.01   2130.82   2130.90   2061.32   2057.23   1870.38
   2616.95   2264.35   2180.18   2110.54   2243.89   2234.01   2130.82   2130.90   2061.32   2057.23   1870.39
   2616.95   2264.35   2180.18   2110.54   2243.89   2234.01   2130.82   2130.90   2061.32   2057.23   1870.41
   2616.95   2264.36   2180.18   2110.55   2243.89   2234.01   2130.81   2130.90   2061.32   2057.23   1870.45
   2616.94   2264.36   2180.18   2110.55   2243.89   2234.01   2130.81   2130.90   2061.32   2057.23   1870.40
   2616.94   2264.37   2180.17   2110.56   2243.90   2234.01   2130.81   2130.89   2061.32   2057.23   1870.39
   2616.94   2264.37   2180.17   2110.56   2243.90   2234.01   2130.81   2130.89   2061.32   2057.23   1870.38
   2616.94   2264.38   2180.17   2110.57   2243.90   2234.01   2130.81   2130.89   2061.32   2057.23   1870.39
   2616.94   2264.38   2180.17   2110.57   2243.90   2234.01   2130.81   2130.89   2061.32   2057.23   1870.40
   2616.93   2264.38   2180.17   2110.58   2243.91   2234.01   2130.80   2130.89   2061.32   2057.23   1870.39
   2616.93   2264.39   2180.17   2110.58   2243.91   2234.01   2130.80   2130.88   2061.32   2057.23   1870.39
   2616.93   2264.39   2180.17   2110.59   2243.91   2234.01   2130.80   2130.88   2061.32   2057.22   1870.38
   2616.93   2264.40   2180.17   2110.59   2243.91   2234.01   2130.80   2130.88   2061.32   2057.22   1870.39
   2616.93   2264.40   2180.16   2110.60   2243.92   2234.01   2130.80   2130.88   2061.32   2057.22   1870.38
   2616.92   2264.41   2180.16   2110.60   2243.92   2234.01   2130.79   2130.88   2061.32   2057.22   1870.39
   2616.92   2264.41   2180.16   2110.61   2243.92   2234.01   2130.79   2130.87   2061.32   2057.22   1870.39
   2616.92   2264.41   2180.16   2110.61   2243.92   2234.01   2130.79   2130.87   2061.32   2057.22   1870.40
   2616.92   2264.42   2180.16   2110.62   2243.93   2234.01   2130.79   2130.87   2061.32   2057.22   1870.38
   2616.92   2264.42   2180.16   2110.62   2243.93   2234.01   2130.79   2130.87   2061.32   2057.22   1870.40
   2616.91   2264.43   2180.16   2110.63   2243.93   2234.01   2130.79   2130.87   2061.32   2057.22   1870.38
   2616.91   2264.43   2180.15   2110.63   2243.93   2234.01   2130.78   2130.86   2061.32   2057.22   1870.38
   2616.91   2264.44   2180.15   2110.64   2243.94   2234.01   2130.78   2130.86   2061.32   2057.22   1870.38
   2616.91   2264.44   2180.15   2110.64   2243.94   2234.01   2130.78   2130.86   2061.32   2057.22   1870.41
   2616.90   2264.45   2180.15   2110.65   2243.94   2234.01   2130.78   2130.86   2061.33   2057.22   1870.43
   2616.90   2264.45   2180.15   2110.65   2243.94   2234.01   2130.78   2130.86   2061.33   2057.22   1870.44
   2616.90   2264.45   2180.15   2110.66   2243.94   2234.01   2130.78   2130.85   2061.33   2057.22   1870.52
   2616.90   2264.46   2180.15   2110.66   2243.95   2234.01   2130.77   2130.85   2061.33   2057.22   1870.50
   2616.90   2264.46   2180.15   2110.67   2243.95   2234.01   2130.77   2130.85   2061.33   2057.22   1870.39
   2616.89   2264.47   2180.15   2110.67   2243.95   2234.01   2130.77   2130.85   2061.33   2057.22   1870.44
   2616.89   2264.47   2180.15   2110.68   2243.95   2234.01   2130.77   2130.85   2061.33   2057.22   1870.48
   2616.89   2264.48   2180.15   2110.68   2243.96   2234.01   2130.77   2130.84   2061.33   2057.22   1870.47
   2616.89   2264.48   2180.15   2110.69   2243.96   2234.01   2130.77   2130.84   2061.33   2057.22   1870.55
   2616.88   2264.48   2180.15   2110.69   2243.96   2234.01   2130.76   2130.84   2061.33   2057.22   1870.44
   2616.88   2264.49   2180.14   2110.70   2243.96   2234.01   2130.76   2130.84   2061.33   2057.22   1870.45
   2616.88   2264.49   2180.14   2110.70   2243.97   2234.01   2130.76   2130.84   2061.33   2057.22   1870.35
   2616.88   2264.50   2180.14   2110.71   2243.97   2234.01   2130.76   2130.83   2061.33   2057.22   1870.35
   2616.87   2264.50   2180.14   2110.71   2243.97   2234.01   2130.76   2130.83   2061.33   2057.22   1870.38
   2616.87   2264.51   2180.14   2110.72   2243.97   2234.01   2130.76   2130.83   2061.33   2057.22   1870.40
   2616.87   2264.51   2180.14   2110.72   2243.98   2234.01   2130.75   2130.83   2061.33   2057.22   1870.40
   2616.87   2264.51   2180.14   2110.73   2243.98   2234.01   2130.75   2130.83   2061.33   2057.22   1870.40
   2616.86   2264.52   2180.14   2110.73   2243.98   2234.01   2130.75   2130.83   2061.33   2057.22   1870.48
   2616.86   2264.52   2180.13   2110.74   2243.98   2234.01   2130.75   2130.82   2061.33   2057.22   1870.47
   2616.86   2264.53   2180.13   2110.74   2243.99   2234.01   2130.75   2130.82   2061.33   2057.22   1870.36
   2616.86   2264.53   2180.13   2110.75   2243.99   2234.01   2130.75   2130.82   2061.33   2057.22   1870.40
   2616.85   2264.54   2180.13   2110.75   2243.99   2234.01   2130.74   2130.82   2061.33   2057.22   1870.38
   2616.85   2264.54   2180.13   2110.76   2243.99   2234.01   2130.74   2130.82   2061.33   2057.22   1870.38
   2616.85   2264.54   2180.13   2110.76   2244.00   2234.01   2130.74   2130.81   2061.33   2057.22   1870.50
   2616.85   2264.55   2180.13   2110.77   2244.00   2234.01   2130.74   2130.81   2061.33   2057.22   1870.51
   2616.84   2264.55   2180.13   2110.77   2244.00   2234.00   2130.74   2130.81   2061.33   2057.22   1870.49
