         1.0000          LAYER       1
   -0.9990E+03   -0.9990E+03   -0.9990E+03   -0.9990E+03   -0.9990E+03   -0.9990E+03   -0.9990E+03   -0.9990E+03   -0.9990E+03   -0.9990E+03   -0.9990E+03   -0.9990E+03   -0.9990E+03   -0.9990E+03   -0.9990E+03   -0.9990E+03   -0.9990E+03   -0.9990E+03   -0.9990E+03   -0.9990E+03   -0.9990E+03   -0.9990E+03   -0.9990E+03   -0.9990E+03   -0.9990E+03   -0.9990E+03   -0.9990E+03   -0.9990E+03   -0.9990E+03   -0.9990E+03   -0.9990E+03   -0.9990E+03   -0.9990E+03   -0.9990E+03   -0.9990E+03   -0.9990E+03   -0.9990E+03   -0.9990E+03   -0.9990E+03   -0.9990E+03   -0.9990E+03   -0.9990E+03   -0.9990E+03   -0.9990E+03   -0.9990E+03   -0.9990E+03   -0.9990E+03   -0.9990E+03   -0.9990E+03   -0.9990E+03   -0.9990E+03   -0.9990E+03   -0.9990E+03   -0.9990E+03   -0.9990E+03   -0.9990E+03   -0.9990E+03   -0.9990E+03   -0.9990E+03   -0.9990E+03   -0.9990E+03   -0.9990E+03   -0.9990E+03   -0.9990E+03   -0.9990E+03   -0.9990E+03   -0.9990E+03   -0.9990E+03   -0.9990E+03   -0.9990E+03   -0.9990E+03   -0.9990E+03   -0.9990E+03   -0.9990E+03   -0.9990E+03   -0.9990E+03
   -0.9990E+03   -0.9990E+03   -0.9990E+03   -0.9990E+03   -0.9990E+03   -0.9990E+03   -0.9990E+03   -0.9990E+03   -0.9990E+03   -0.9990E+03   -0.9990E+03   -0.9990E+03   -0.9990E+03   -0.9990E+03   -0.9990E+03   -0.9990E+03   -0.9990E+03   -0.9990E+03   -0.9990E+03   -0.9990E+03   -0.9990E+03   -0.9990E+03   -0.9990E+03   -0.9990E+03   -0.9990E+03   -0.9990E+03   -0.9990E+03   -0.9990E+03   -0.9990E+03   -0.9990E+03   -0.9990E+03   -0.9990E+03   -0.9990E+03   -0.9990E+03   -0.9990E+03   -0.9990E+03   -0.9990E+03   -0.9990E+03   -0.9990E+03   -0.9990E+03   -0.9990E+03   -0.9990E+03   -0.9990E+03   -0.9990E+03   -0.9990E+03   -0.9990E+03   -0.9990E+03   -0.9990E+03   -0.9990E+03   -0.9990E+03   -0.9990E+03   -0.9990E+03   -0.9990E+03   -0.9990E+03   -0.9990E+03   -0.9990E+03   -0.9990E+03   -0.9990E+03   -0.9990E+03   -0.9990E+03   -0.9990E+03   -0.9990E+03   -0.9990E+03   -0.9990E+03   -0.9990E+03   -0.9990E+03   -0.9990E+03   -0.9990E+03   -0.9990E+03   -0.9990E+03   -0.9990E+03   -0.9990E+03   -0.9990E+03   -0.9990E+03   -0.9990E+03   -0.9990E+03
   -0.9990E+03   -0.9990E+03   -0.9990E+03   -0.9990E+03   -0.9990E+03   -0.9990E+03   -0.9990E+03   -0.9990E+03   -0.9990E+03   -0.9990E+03   -0.9990E+03   -0.9990E+03   -0.9990E+03   -0.9990E+03   -0.9990E+03   -0.9990E+03   -0.9990E+03   -0.9990E+03   -0.9990E+03   -0.9990E+03   -0.9990E+03   -0.9990E+03   -0.9990E+03   -0.9990E+03   -0.9990E+03   -0.9990E+03   -0.9990E+03   -0.9990E+03   -0.9990E+03   -0.9990E+03   -0.9990E+03   -0.9990E+03   -0.9990E+03   -0.9990E+03   -0.9990E+03   -0.9990E+03   -0.9990E+03   -0.9990E+03   -0.9990E+03   -0.9990E+03   -0.9990E+03   -0.9990E+03   -0.9990E+03   -0.9990E+03   -0.9990E+03   -0.9990E+03   -0.9990E+03   -0.9990E+03   -0.9990E+03   -0.9990E+03   -0.9990E+03   -0.9990E+03   -0.9990E+03   -0.9990E+03   -0.9990E+03   -0.9990E+03   -0.9990E+03   -0.9990E+03   -0.9990E+03   -0.9990E+03   -0.9990E+03   -0.9990E+03   -0.9990E+03   -0.9990E+03   -0.9990E+03   -0.9990E+03   -0.9990E+03   -0.9990E+03   -0.9990E+03   -0.9990E+03   -0.9990E+03   -0.9990E+03   -0.9990E+03   -0.9990E+03   -0.9990E+03   -0.9990E+03
   -0.9990E+03   -0.9990E+03   -0.9990E+03   -0.9990E+03   -0.9990E+03   -0.9990E+03   -0.9990E+03   -0.9990E+03   -0.9990E+03   -0.9990E+03   -0.9990E+03   -0.9990E+03   -0.9990E+03   -0.9990E+03   -0.9990E+03   -0.9990E+03   -0.9990E+03   -0.9990E+03   -0.9990E+03   -0.9990E+03   -0.9990E+03   -0.9990E+03   -0.9990E+03   -0.9990E+03   -0.9990E+03   -0.9990E+03   -0.9990E+03   -0.9990E+03   -0.9990E+03   -0.9990E+03   -0.9990E+03   -0.9990E+03   -0.9990E+03   -0.9990E+03   -0.9990E+03   -0.9990E+03   -0.9990E+03   -0.9990E+03   -0.9990E+03   -0.9990E+03   -0.9990E+03   -0.9990E+03   -0.9990E+03   -0.9990E+03   -0.9990E+03   -0.9990E+03   -0.9990E+03   -0.9990E+03   -0.9990E+03   -0.9990E+03   -0.9990E+03   -0.9990E+03   -0.9990E+03   -0.9990E+03   -0.9990E+03   -0.9990E+03   -0.9990E+03   -0.9990E+03   -0.9990E+03   -0.9990E+03   -0.9990E+03   -0.9990E+03   -0.9990E+03   -0.9990E+03   -0.9990E+03   -0.9990E+03   -0.9990E+03   -0.9990E+03   -0.9990E+03   -0.9990E+03   -0.9990E+03   -0.9990E+03   -0.9990E+03   -0.9990E+03   -0.9990E+03   -0.9990E+03
   -0.9990E+03   -0.9990E+03   -0.9990E+03   -0.9990E+03   -0.9990E+03   -0.9990E+03   -0.9990E+03   -0.9990E+03   -0.9990E+03   -0.9990E+03   -0.9990E+03   -0.9990E+03   -0.9990E+03   -0.9990E+03   -0.9990E+03   -0.9990E+03   -0.9990E+03   -0.9990E+03   -0.9990E+03   -0.9990E+03   -0.9990E+03   -0.9990E+03   -0.9990E+03   -0.9990E+03   -0.9990E+03   -0.9990E+03   -0.9990E+03   -0.9990E+03   -0.9990E+03   -0.9990E+03   -0.9990E+03   -0.9990E+03   -0.9990E+03   -0.9990E+03   -0.9990E+03   -0.9990E+03   -0.9990E+03   -0.9990E+03   -0.9990E+03   -0.9990E+03   -0.9990E+03   -0.9990E+03   -0.9990E+03   -0.9990E+03   -0.9990E+03   -0.9990E+03   -0.9990E+03   -0.9990E+03   -0.9990E+03   -0.9990E+03   -0.9990E+03   -0.9990E+03   -0.9990E+03   -0.9990E+03   -0.9990E+03   -0.9990E+03   -0.9990E+03   -0.9990E+03   -0.9990E+03   -0.9990E+03   -0.9990E+03   -0.9990E+03   -0.9990E+03   -0.9990E+03   -0.9990E+03   -0.9990E+03   -0.9990E+03   -0.9990E+03   -0.9990E+03   -0.9990E+03   -0.9990E+03   -0.9990E+03   -0.9990E+03   -0.9990E+03   -0.9990E+03   -0.9990E+03
   -0.9990E+03   -0.9990E+03   -0.9990E+03   -0.9990E+03   -0.9990E+03   -0.9990E+03   -0.9990E+03   -0.9990E+03   -0.9990E+03   -0.9990E+03   -0.9990E+03   -0.9990E+03   -0.9990E+03   -0.9990E+03   -0.9990E+03   -0.9990E+03   -0.9990E+03   -0.9990E+03   -0.9990E+03   -0.9990E+03   -0.9990E+03   -0.9990E+03   -0.9990E+03   -0.9990E+03   -0.9990E+03   -0.9990E+03   -0.9990E+03   -0.9990E+03   -0.9990E+03   -0.9990E+03   -0.9990E+03   -0.9990E+03   -0.9990E+03   -0.9990E+03   -0.9990E+03   -0.9990E+03   -0.9990E+03   -0.9990E+03   -0.9990E+03   -0.9990E+03   -0.9990E+03   -0.9990E+03   -0.9990E+03   -0.9990E+03   -0.9990E+03   -0.9990E+03   -0.9990E+03   -0.9990E+03   -0.9990E+03   -0.9990E+03   -0.9990E+03   -0.9990E+03   -0.9990E+03   -0.9990E+03   -0.9990E+03   -0.9990E+03   -0.9990E+03   -0.9990E+03   -0.9990E+03   -0.9990E+03   -0.9990E+03   -0.9990E+03   -0.9990E+03   -0.9990E+03   -0.9990E+03   -0.9990E+03   -0.9990E+03   -0.9990E+03   -0.9990E+03   -0.9990E+03   -0.9990E+03   -0.9990E+03   -0.9990E+03   -0.9990E+03   -0.9990E+03   -0.9990E+03
   -0.9990E+03   -0.9990E+03   -0.9990E+03   -0.9990E+03   -0.9990E+03   -0.9990E+03   -0.9990E+03   -0.9990E+03   -0.9990E+03   -0.9990E+03   -0.9990E+03   -0.9990E+03   -0.9990E+03   -0.9990E+03   -0.9990E+03   -0.9990E+03   -0.9990E+03   -0.9990E+03   -0.9990E+03   -0.9990E+03   -0.9990E+03   -0.9990E+03   -0.9990E+03   -0.9990E+03   -0.9990E+03   -0.9990E+03   -0.9990E+03   -0.9990E+03   -0.9990E+03   -0.9990E+03   -0.9990E+03   -0.9990E+03   -0.9990E+03   -0.9990E+03   -0.9990E+03   -0.9990E+03   -0.9990E+03   -0.9990E+03   -0.9990E+03   -0.9990E+03   -0.9990E+03   -0.9990E+03   -0.9990E+03   -0.9990E+03   -0.9990E+03   -0.9990E+03   -0.9990E+03   -0.9990E+03   -0.9990E+03   -0.9990E+03   -0.9990E+03   -0.9990E+03   -0.9990E+03   -0.9990E+03   -0.9990E+03   -0.9990E+03   -0.9990E+03   -0.9990E+03   -0.9990E+03   -0.9990E+03   -0.9990E+03   -0.9990E+03   -0.9990E+03   -0.9990E+03   -0.9990E+03   -0.9990E+03   -0.9990E+03   -0.9990E+03   -0.9990E+03   -0.9990E+03   -0.9990E+03   -0.9990E+03   -0.9990E+03   -0.9990E+03   -0.9990E+03   -0.9990E+03
   -0.9990E+03   -0.9990E+03   -0.9990E+03   -0.9990E+03   -0.9990E+03   -0.9990E+03   -0.9990E+03   -0.9990E+03   -0.9990E+03   -0.9990E+03   -0.9990E+03   -0.9990E+03   -0.9990E+03   -0.9990E+03   -0.9990E+03   -0.9990E+03   -0.9990E+03   -0.9990E+03   -0.9990E+03   -0.9990E+03   -0.9990E+03   -0.9990E+03   -0.9990E+03   -0.9990E+03   -0.9990E+03   -0.9990E+03   -0.9990E+03   -0.9990E+03   -0.9990E+03   -0.9990E+03   -0.9990E+03   -0.9990E+03   -0.9990E+03   -0.9990E+03   -0.9990E+03   -0.9990E+03   -0.9990E+03   -0.9990E+03   -0.9990E+03   -0.9990E+03   -0.9990E+03   -0.9990E+03   -0.9990E+03   -0.9990E+03   -0.9990E+03   -0.9990E+03   -0.9990E+03   -0.9990E+03   -0.9990E+03   -0.9990E+03   -0.9990E+03   -0.9990E+03   -0.9990E+03   -0.9990E+03   -0.9990E+03   -0.9990E+03   -0.9990E+03   -0.9990E+03   -0.9990E+03   -0.9990E+03   -0.9990E+03   -0.9990E+03   -0.9990E+03   -0.9990E+03   -0.9990E+03   -0.9990E+03   -0.9990E+03   -0.9990E+03   -0.9990E+03   -0.9990E+03   -0.9990E+03   -0.9990E+03   -0.9990E+03   -0.9990E+03   -0.9990E+03   -0.9990E+03
   -0.9990E+03   -0.9990E+03   -0.9990E+03   -0.9990E+03   -0.9990E+03   -0.9990E+03   -0.9990E+03   -0.9990E+03   -0.9990E+03   -0.9990E+03   -0.9990E+03   -0.9990E+03   -0.9990E+03   -0.9990E+03   -0.9990E+03   -0.9990E+03   -0.9990E+03   -0.9990E+03   -0.9990E+03   -0.9990E+03   -0.9990E+03   -0.9990E+03   -0.9990E+03   -0.9990E+03   -0.9990E+03   -0.9990E+03   -0.9990E+03   -0.9990E+03   -0.9990E+03   -0.9990E+03   -0.9990E+03   -0.9990E+03   -0.9990E+03   -0.9990E+03   -0.9990E+03   -0.9990E+03   -0.9990E+03   -0.9990E+03   -0.9990E+03   -0.9990E+03   -0.9990E+03   -0.9990E+03   -0.9990E+03   -0.9990E+03   -0.9990E+03   -0.9990E+03   -0.9990E+03   -0.9990E+03   -0.9990E+03   -0.9990E+03   -0.9990E+03   -0.9990E+03   -0.9990E+03   -0.9990E+03   -0.9990E+03   -0.9990E+03   -0.9990E+03   -0.9990E+03   -0.9990E+03   -0.9990E+03   -0.9990E+03   -0.9990E+03   -0.9990E+03   -0.9990E+03   -0.9990E+03   -0.9990E+03   -0.9990E+03   -0.9990E+03   -0.9990E+03   -0.9990E+03   -0.9990E+03   -0.9990E+03   -0.9990E+03   -0.9990E+03   -0.9990E+03   -0.9990E+03
   -0.9990E+03   -0.9990E+03   -0.9990E+03   -0.9990E+03   -0.9990E+03   -0.9990E+03   -0.9990E+03   -0.9990E+03   -0.9990E+03   -0.9990E+03   -0.9990E+03   -0.9990E+03   -0.9990E+03   -0.9990E+03   -0.9990E+03   -0.9990E+03   -0.9990E+03   -0.9990E+03   -0.9990E+03   -0.9990E+03   -0.9990E+03   -0.9990E+03   -0.9990E+03   -0.9990E+03   -0.9990E+03   -0.9990E+03   -0.9990E+03   -0.9990E+03   -0.9990E+03   -0.9990E+03   -0.9990E+03   -0.9990E+03   -0.9990E+03   -0.9990E+03   -0.9990E+03   -0.9990E+03   -0.9990E+03   -0.9990E+03   -0.9990E+03   -0.9990E+03   -0.9990E+03   -0.9990E+03   -0.9990E+03   -0.9990E+03   -0.9990E+03   -0.9990E+03   -0.9990E+03   -0.9990E+03   -0.9990E+03   -0.9990E+03   -0.9990E+03   -0.9990E+03   -0.9990E+03   -0.9990E+03   -0.9990E+03   -0.9990E+03   -0.9990E+03   -0.9990E+03   -0.9990E+03   -0.9990E+03   -0.9990E+03   -0.9990E+03   -0.9990E+03   -0.9990E+03   -0.9990E+03   -0.9990E+03   -0.9990E+03   -0.9990E+03   -0.9990E+03   -0.9990E+03   -0.9990E+03   -0.9990E+03   -0.9990E+03   -0.9990E+03   -0.9990E+03   -0.9990E+03
   -0.9990E+03   -0.9990E+03   -0.9990E+03   -0.9990E+03   -0.9990E+03   -0.9990E+03   -0.9990E+03   -0.9990E+03   -0.9990E+03   -0.9990E+03   -0.9990E+03   -0.9990E+03   -0.9990E+03   -0.9990E+03   -0.9990E+03   -0.9990E+03   -0.9990E+03   -0.9990E+03   -0.9990E+03   -0.9990E+03   -0.9990E+03   -0.9990E+03   -0.9990E+03   -0.9990E+03   -0.9990E+03   -0.9990E+03   -0.9990E+03   -0.9990E+03   -0.9990E+03   -0.9990E+03   -0.9990E+03   -0.9990E+03   -0.9990E+03   -0.9990E+03   -0.9990E+03   -0.9990E+03   -0.9990E+03   -0.9990E+03   -0.9990E+03   -0.9990E+03   -0.9990E+03   -0.9990E+03   -0.9990E+03   -0.9990E+03   -0.9990E+03   -0.9990E+03   -0.9990E+03   -0.9990E+03   -0.9990E+03   -0.9990E+03   -0.9990E+03   -0.9990E+03   -0.9990E+03   -0.9990E+03   -0.9990E+03   -0.9990E+03   -0.9990E+03   -0.9990E+03   -0.9990E+03   -0.9990E+03   -0.9990E+03   -0.9990E+03   -0.9990E+03   -0.9990E+03   -0.9990E+03   -0.9990E+03   -0.9990E+03   -0.9990E+03   -0.9990E+03   -0.9990E+03   -0.9990E+03   -0.9990E+03   -0.9990E+03   -0.9990E+03   -0.9990E+03   -0.9990E+03
   -0.9990E+03   -0.9990E+03   -0.9990E+03   -0.9990E+03   -0.9990E+03   -0.9990E+03   -0.9990E+03   -0.9990E+03   -0.9990E+03   -0.9990E+03   -0.9990E+03   -0.9990E+03   -0.9990E+03   -0.9990E+03   -0.9990E+03   -0.9990E+03   -0.9990E+03   -0.9990E+03   -0.9990E+03   -0.9990E+03   -0.9990E+03   -0.9990E+03   -0.9990E+03   -0.9990E+03   -0.9990E+03   -0.9990E+03   -0.9990E+03   -0.9990E+03   -0.9990E+03   -0.9990E+03   -0.9990E+03   -0.9990E+03   -0.9990E+03   -0.9990E+03   -0.9990E+03   -0.9990E+03   -0.9990E+03   -0.9990E+03   -0.9990E+03   -0.9990E+03   -0.9990E+03   -0.9990E+03   -0.9990E+03   -0.9990E+03   -0.9990E+03   -0.9990E+03   -0.9990E+03   -0.9990E+03   -0.9990E+03   -0.9990E+03   -0.9990E+03   -0.9990E+03   -0.9990E+03   -0.9990E+03   -0.9990E+03   -0.9990E+03   -0.9990E+03    0.1343E+00   -0.9990E+03   -0.9990E+03   -0.9990E+03   -0.9990E+03   -0.9990E+03   -0.9990E+03   -0.9990E+03   -0.9990E+03   -0.9990E+03   -0.9990E+03   -0.9990E+03   -0.9990E+03   -0.9990E+03   -0.9990E+03   -0.9990E+03   -0.9990E+03   -0.9990E+03   -0.9990E+03
   -0.9990E+03   -0.9990E+03   -0.9990E+03   -0.9990E+03   -0.9990E+03   -0.9990E+03   -0.9990E+03   -0.9990E+03   -0.9990E+03   -0.9990E+03   -0.9990E+03   -0.9990E+03   -0.9990E+03   -0.9990E+03   -0.9990E+03   -0.9990E+03   -0.9990E+03   -0.9990E+03   -0.9990E+03   -0.9990E+03   -0.9990E+03   -0.9990E+03   -0.9990E+03   -0.9990E+03   -0.9990E+03   -0.9990E+03   -0.9990E+03   -0.9990E+03   -0.9990E+03   -0.9990E+03   -0.9990E+03   -0.9990E+03   -0.9990E+03   -0.9990E+03   -0.9990E+03   -0.9990E+03   -0.9990E+03   -0.9990E+03   -0.9990E+03   -0.9990E+03   -0.9990E+03   -0.9990E+03   -0.9990E+03   -0.9990E+03   -0.9990E+03   -0.9990E+03   -0.9990E+03   -0.9990E+03   -0.9990E+03   -0.9990E+03   -0.9990E+03   -0.9990E+03   -0.9990E+03   -0.9990E+03   -0.9990E+03   -0.9990E+03   -0.9990E+03    0.1325E+00   -0.9990E+03   -0.9990E+03   -0.9990E+03   -0.9990E+03   -0.9990E+03   -0.9990E+03   -0.9990E+03   -0.9990E+03   -0.9990E+03   -0.9990E+03   -0.9990E+03   -0.9990E+03   -0.9990E+03   -0.9990E+03   -0.9990E+03   -0.9990E+03   -0.9990E+03   -0.9990E+03
   -0.9990E+03   -0.9990E+03   -0.9990E+03   -0.9990E+03   -0.9990E+03   -0.9990E+03   -0.9990E+03   -0.9990E+03   -0.9990E+03   -0.9990E+03   -0.9990E+03   -0.9990E+03   -0.9990E+03   -0.9990E+03   -0.9990E+03   -0.9990E+03   -0.9990E+03   -0.9990E+03   -0.9990E+03   -0.9990E+03   -0.9990E+03   -0.9990E+03   -0.9990E+03   -0.9990E+03   -0.9990E+03   -0.9990E+03   -0.9990E+03   -0.9990E+03   -0.9990E+03   -0.9990E+03   -0.9990E+03   -0.9990E+03   -0.9990E+03   -0.9990E+03   -0.9990E+03   -0.9990E+03   -0.9990E+03   -0.9990E+03   -0.9990E+03   -0.9990E+03   -0.9990E+03   -0.9990E+03   -0.9990E+03   -0.9990E+03   -0.9990E+03   -0.9990E+03   -0.9990E+03   -0.9990E+03   -0.9990E+03   -0.9990E+03   -0.9990E+03   -0.9990E+03   -0.9990E+03   -0.9990E+03   -0.9990E+03   -0.9990E+03   -0.9990E+03   -0.9990E+03   -0.9990E+03   -0.9990E+03   -0.9990E+03   -0.9990E+03   -0.9990E+03   -0.9990E+03   -0.9990E+03   -0.9990E+03   -0.9990E+03   -0.9990E+03   -0.9990E+03   -0.9990E+03   -0.9990E+03   -0.9990E+03   -0.9990E+03   -0.9990E+03   -0.9990E+03   -0.9990E+03
   -0.9990E+03   -0.9990E+03   -0.9990E+03   -0.9990E+03   -0.9990E+03   -0.9990E+03   -0.9990E+03   -0.9990E+03   -0.9990E+03   -0.9990E+03   -0.9990E+03   -0.9990E+03   -0.9990E+03   -0.9990E+03   -0.9990E+03   -0.9990E+03   -0.9990E+03   -0.9990E+03   -0.9990E+03   -0.9990E+03   -0.9990E+03   -0.9990E+03   -0.9990E+03   -0.9990E+03   -0.9990E+03   -0.9990E+03   -0.9990E+03   -0.9990E+03   -0.9990E+03   -0.9990E+03   -0.9990E+03   -0.9990E+03   -0.9990E+03   -0.9990E+03   -0.9990E+03   -0.9990E+03   -0.9990E+03   -0.9990E+03   -0.9990E+03   -0.9990E+03   -0.9990E+03   -0.9990E+03   -0.9990E+03   -0.9990E+03   -0.9990E+03   -0.9990E+03   -0.9990E+03   -0.9990E+03   -0.9990E+03   -0.9990E+03   -0.9990E+03   -0.9990E+03   -0.9990E+03   -0.9990E+03   -0.9990E+03   -0.9990E+03   -0.9990E+03   -0.9990E+03   -0.9990E+03   -0.9990E+03   -0.9990E+03   -0.9990E+03   -0.9990E+03   -0.9990E+03   -0.9990E+03   -0.9990E+03   -0.9990E+03   -0.9990E+03   -0.9990E+03   -0.9990E+03   -0.9990E+03   -0.9990E+03   -0.9990E+03   -0.9990E+03   -0.9990E+03   -0.9990E+03
   -0.9990E+03   -0.9990E+03   -0.9990E+03   -0.9990E+03   -0.9990E+03   -0.9990E+03   -0.9990E+03   -0.9990E+03   -0.9990E+03   -0.9990E+03   -0.9990E+03   -0.9990E+03   -0.9990E+03   -0.9990E+03   -0.9990E+03   -0.9990E+03   -0.9990E+03   -0.9990E+03   -0.9990E+03   -0.9990E+03   -0.9990E+03   -0.9990E+03   -0.9990E+03   -0.9990E+03   -0.9990E+03   -0.9990E+03   -0.9990E+03   -0.9990E+03   -0.9990E+03   -0.9990E+03   -0.9990E+03   -0.9990E+03   -0.9990E+03   -0.9990E+03   -0.9990E+03   -0.9990E+03   -0.9990E+03   -0.9990E+03   -0.9990E+03   -0.9990E+03   -0.9990E+03   -0.9990E+03   -0.9990E+03   -0.9990E+03   -0.9990E+03   -0.9990E+03   -0.9990E+03   -0.9990E+03   -0.9990E+03   -0.9990E+03   -0.9990E+03   -0.9990E+03   -0.9990E+03   -0.9990E+03   -0.9990E+03   -0.9990E+03   -0.9990E+03   -0.9990E+03   -0.9990E+03   -0.9990E+03   -0.9990E+03    0.1485E+00   -0.9990E+03   -0.9990E+03   -0.9990E+03   -0.9990E+03   -0.9990E+03   -0.9990E+03   -0.9990E+03   -0.9990E+03   -0.9990E+03   -0.9990E+03   -0.9990E+03   -0.9990E+03   -0.9990E+03   -0.9990E+03
   -0.9990E+03   -0.9990E+03   -0.9990E+03   -0.9990E+03   -0.9990E+03   -0.9990E+03   -0.9990E+03   -0.9990E+03   -0.9990E+03   -0.9990E+03   -0.9990E+03   -0.9990E+03   -0.9990E+03   -0.9990E+03   -0.9990E+03   -0.9990E+03   -0.9990E+03   -0.9990E+03   -0.9990E+03   -0.9990E+03   -0.9990E+03   -0.9990E+03   -0.9990E+03   -0.9990E+03   -0.9990E+03   -0.9990E+03   -0.9990E+03   -0.9990E+03   -0.9990E+03   -0.9990E+03   -0.9990E+03   -0.9990E+03   -0.9990E+03   -0.9990E+03   -0.9990E+03   -0.9990E+03   -0.9990E+03   -0.9990E+03   -0.9990E+03   -0.9990E+03   -0.9990E+03   -0.9990E+03   -0.9990E+03   -0.9990E+03   -0.9990E+03   -0.9990E+03   -0.9990E+03   -0.9990E+03   -0.9990E+03   -0.9990E+03   -0.9990E+03   -0.9990E+03   -0.9990E+03   -0.9990E+03   -0.9990E+03   -0.9990E+03   -0.9990E+03   -0.9990E+03   -0.9990E+03   -0.9990E+03   -0.9990E+03   -0.9990E+03   -0.9990E+03   -0.9990E+03   -0.9990E+03   -0.9990E+03   -0.9990E+03   -0.9990E+03   -0.9990E+03   -0.9990E+03   -0.9990E+03   -0.9990E+03   -0.9990E+03   -0.9990E+03   -0.9990E+03   -0.9990E+03
   -0.9990E+03   -0.9990E+03   -0.9990E+03   -0.9990E+03   -0.9990E+03   -0.9990E+03   -0.9990E+03   -0.9990E+03   -0.9990E+03   -0.9990E+03   -0.9990E+03   -0.9990E+03   -0.9990E+03   -0.9990E+03   -0.9990E+03   -0.9990E+03   -0.9990E+03   -0.9990E+03   -0.9990E+03   -0.9990E+03   -0.9990E+03   -0.9990E+03   -0.9990E+03   -0.9990E+03   -0.9990E+03   -0.9990E+03   -0.9990E+03   -0.9990E+03   -0.9990E+03   -0.9990E+03   -0.9990E+03   -0.9990E+03   -0.9990E+03   -0.9990E+03   -0.9990E+03   -0.9990E+03   -0.9990E+03   -0.9990E+03   -0.9990E+03   -0.9990E+03   -0.9990E+03   -0.9990E+03   -0.9990E+03   -0.9990E+03   -0.9990E+03   -0.9990E+03   -0.9990E+03   -0.9990E+03   -0.9990E+03   -0.9990E+03   -0.9990E+03   -0.9990E+03   -0.9990E+03   -0.9990E+03   -0.9990E+03   -0.9990E+03   -0.9990E+03   -0.9990E+03   -0.9990E+03   -0.9990E+03   -0.9990E+03   -0.9990E+03   -0.9990E+03   -0.9990E+03   -0.9990E+03   -0.9990E+03   -0.9990E+03   -0.9990E+03   -0.9990E+03   -0.9990E+03   -0.9990E+03   -0.9990E+03   -0.9990E+03   -0.9990E+03   -0.9990E+03   -0.9990E+03
   -0.9990E+03   -0.9990E+03   -0.9990E+03   -0.9990E+03   -0.9990E+03   -0.9990E+03   -0.9990E+03   -0.9990E+03   -0.9990E+03   -0.9990E+03   -0.9990E+03   -0.9990E+03   -0.9990E+03   -0.9990E+03   -0.9990E+03   -0.9990E+03   -0.9990E+03   -0.9990E+03   -0.9990E+03   -0.9990E+03   -0.9990E+03   -0.9990E+03   -0.9990E+03   -0.9990E+03   -0.9990E+03   -0.9990E+03   -0.9990E+03   -0.9990E+03   -0.9990E+03   -0.9990E+03   -0.9990E+03   -0.9990E+03   -0.9990E+03   -0.9990E+03   -0.9990E+03   -0.9990E+03   -0.9990E+03   -0.9990E+03   -0.9990E+03   -0.9990E+03   -0.9990E+03   -0.9990E+03   -0.9990E+03   -0.9990E+03    0.3611E+05   -0.9990E+03   -0.9990E+03    0.3611E+05    0.3611E+05   -0.9990E+03   -0.9990E+03   -0.9990E+03   -0.9990E+03   -0.9990E+03   -0.9990E+03   -0.9990E+03   -0.9990E+03   -0.9990E+03   -0.9990E+03   -0.9990E+03   -0.9990E+03   -0.9990E+03   -0.9990E+03   -0.9990E+03   -0.9990E+03   -0.9990E+03   -0.9990E+03   -0.9990E+03   -0.9990E+03   -0.9990E+03   -0.9990E+03   -0.9990E+03   -0.9990E+03   -0.9990E+03   -0.9990E+03   -0.9990E+03
   -0.9990E+03   -0.9990E+03   -0.9990E+03   -0.9990E+03   -0.9990E+03   -0.9990E+03   -0.9990E+03   -0.9990E+03   -0.9990E+03   -0.9990E+03   -0.9990E+03   -0.9990E+03   -0.9990E+03   -0.9990E+03   -0.9990E+03   -0.9990E+03   -0.9990E+03   -0.9990E+03   -0.9990E+03   -0.9990E+03   -0.9990E+03   -0.9990E+03   -0.9990E+03   -0.9990E+03   -0.9990E+03   -0.9990E+03   -0.9990E+03   -0.9990E+03   -0.9990E+03   -0.9990E+03   -0.9990E+03   -0.9990E+03   -0.9990E+03   -0.9990E+03   -0.9990E+03   -0.9990E+03   -0.9990E+03   -0.9990E+03   -0.9990E+03   -0.9990E+03   -0.9990E+03   -0.9990E+03   -0.9990E+03   -0.9990E+03   -0.9990E+03    0.3611E+05    0.3611E+05    0.3611E+05    0.3611E+05   -0.9990E+03   -0.9990E+03   -0.9990E+03   -0.9990E+03   -0.9990E+03   -0.9990E+03   -0.9990E+03   -0.9990E+03   -0.9990E+03   -0.9990E+03   -0.9990E+03   -0.9990E+03   -0.9990E+03   -0.9990E+03   -0.9990E+03   -0.9990E+03   -0.9990E+03   -0.9990E+03   -0.9990E+03   -0.9990E+03   -0.9990E+03   -0.9990E+03   -0.9990E+03   -0.9990E+03   -0.9990E+03   -0.9990E+03   -0.9990E+03
   -0.9990E+03   -0.9990E+03   -0.9990E+03   -0.9990E+03   -0.9990E+03   -0.9990E+03   -0.9990E+03   -0.9990E+03   -0.9990E+03   -0.9990E+03   -0.9990E+03   -0.9990E+03   -0.9990E+03   -0.9990E+03   -0.9990E+03   -0.9990E+03   -0.9990E+03   -0.9990E+03   -0.9990E+03   -0.9990E+03   -0.9990E+03   -0.9990E+03   -0.9990E+03   -0.9990E+03   -0.9990E+03   -0.9990E+03   -0.9990E+03   -0.9990E+03   -0.9990E+03   -0.9990E+03   -0.9990E+03   -0.9990E+03   -0.9990E+03   -0.9990E+03   -0.9990E+03   -0.9990E+03   -0.9990E+03   -0.9990E+03   -0.9990E+03   -0.9990E+03   -0.9990E+03   -0.9990E+03   -0.9990E+03   -0.9990E+03   -0.9990E+03   -0.9990E+03   -0.9990E+03    0.3611E+05    0.3611E+05   -0.9990E+03   -0.9990E+03   -0.9990E+03   -0.9990E+03   -0.9990E+03   -0.9990E+03   -0.9990E+03   -0.9990E+03   -0.9990E+03   -0.9990E+03   -0.9990E+03   -0.9990E+03   -0.9990E+03   -0.9990E+03   -0.9990E+03   -0.9990E+03   -0.9990E+03   -0.9990E+03   -0.9990E+03   -0.9990E+03   -0.9990E+03   -0.9990E+03   -0.9990E+03   -0.9990E+03   -0.9990E+03   -0.9990E+03   -0.9990E+03
   -0.9990E+03   -0.9990E+03   -0.9990E+03   -0.9990E+03   -0.9990E+03   -0.9990E+03   -0.9990E+03   -0.9990E+03   -0.9990E+03   -0.9990E+03   -0.9990E+03   -0.9990E+03   -0.9990E+03   -0.9990E+03   -0.9990E+03   -0.9990E+03   -0.9990E+03   -0.9990E+03   -0.9990E+03   -0.9990E+03   -0.9990E+03   -0.9990E+03   -0.9990E+03   -0.9990E+03   -0.9990E+03   -0.9990E+03   -0.9990E+03   -0.9990E+03   -0.9990E+03   -0.9990E+03   -0.9990E+03   -0.9990E+03   -0.9990E+03   -0.9990E+03   -0.9990E+03   -0.9990E+03   -0.9990E+03   -0.9990E+03   -0.9990E+03   -0.9990E+03   -0.9990E+03   -0.9990E+03   -0.9990E+03   -0.9990E+03   -0.9990E+03   -0.9990E+03   -0.9990E+03   -0.9990E+03   -0.9990E+03   -0.9990E+03   -0.9990E+03   -0.9990E+03   -0.9990E+03   -0.9990E+03   -0.9990E+03   -0.9990E+03   -0.9990E+03   -0.9990E+03   -0.9990E+03   -0.9990E+03   -0.9990E+03   -0.9990E+03   -0.9990E+03   -0.9990E+03   -0.9990E+03   -0.9990E+03   -0.9990E+03   -0.9990E+03   -0.9990E+03   -0.9990E+03   -0.9990E+03   -0.9990E+03   -0.9990E+03   -0.9990E+03   -0.9990E+03   -0.9990E+03
   -0.9990E+03   -0.9990E+03   -0.9990E+03   -0.9990E+03   -0.9990E+03   -0.9990E+03   -0.9990E+03   -0.9990E+03   -0.9990E+03   -0.9990E+03   -0.9990E+03   -0.9990E+03   -0.9990E+03   -0.9990E+03   -0.9990E+03   -0.9990E+03   -0.9990E+03   -0.9990E+03   -0.9990E+03   -0.9990E+03   -0.9990E+03   -0.9990E+03   -0.9990E+03   -0.9990E+03   -0.9990E+03   -0.9990E+03   -0.9990E+03   -0.9990E+03   -0.9990E+03   -0.9990E+03   -0.9990E+03   -0.9990E+03   -0.9990E+03   -0.9990E+03   -0.9990E+03   -0.9990E+03   -0.9990E+03   -0.9990E+03   -0.9990E+03   -0.9990E+03   -0.9990E+03   -0.9990E+03   -0.9990E+03   -0.9990E+03   -0.9990E+03   -0.9990E+03   -0.9990E+03   -0.9990E+03   -0.9990E+03   -0.9990E+03   -0.9990E+03   -0.9990E+03   -0.9990E+03   -0.9990E+03   -0.9990E+03   -0.9990E+03   -0.9990E+03   -0.9990E+03   -0.9990E+03   -0.9990E+03   -0.9990E+03   -0.9990E+03   -0.9990E+03   -0.9990E+03   -0.9990E+03   -0.9990E+03   -0.9990E+03   -0.9990E+03   -0.9990E+03   -0.9990E+03   -0.9990E+03   -0.9990E+03   -0.9990E+03   -0.9990E+03   -0.9990E+03   -0.9990E+03
   -0.9990E+03   -0.9990E+03   -0.9990E+03   -0.9990E+03   -0.9990E+03   -0.9990E+03   -0.9990E+03   -0.9990E+03   -0.9990E+03   -0.9990E+03   -0.9990E+03   -0.9990E+03   -0.9990E+03   -0.9990E+03   -0.9990E+03   -0.9990E+03   -0.9990E+03   -0.9990E+03   -0.9990E+03   -0.9990E+03   -0.9990E+03   -0.9990E+03   -0.9990E+03   -0.9990E+03   -0.9990E+03   -0.9990E+03   -0.9990E+03   -0.9990E+03   -0.9990E+03   -0.9990E+03   -0.9990E+03   -0.9990E+03   -0.9990E+03   -0.9990E+03   -0.9990E+03   -0.9990E+03   -0.9990E+03   -0.9990E+03   -0.9990E+03   -0.9990E+03   -0.9990E+03   -0.9990E+03   -0.9990E+03   -0.9990E+03   -0.9990E+03   -0.9990E+03   -0.9990E+03   -0.9990E+03   -0.9990E+03   -0.9990E+03   -0.9990E+03   -0.9990E+03   -0.9990E+03   -0.9990E+03   -0.9990E+03   -0.9990E+03   -0.9990E+03   -0.9990E+03   -0.9990E+03   -0.9990E+03   -0.9990E+03   -0.9990E+03   -0.9990E+03   -0.9990E+03   -0.9990E+03   -0.9990E+03   -0.9990E+03   -0.9990E+03   -0.9990E+03   -0.9990E+03   -0.9990E+03   -0.9990E+03   -0.9990E+03   -0.9990E+03   -0.9990E+03   -0.9990E+03
   -0.9990E+03   -0.9990E+03   -0.9990E+03   -0.9990E+03   -0.9990E+03   -0.9990E+03   -0.9990E+03   -0.9990E+03   -0.9990E+03   -0.9990E+03   -0.9990E+03   -0.9990E+03   -0.9990E+03   -0.9990E+03   -0.9990E+03   -0.9990E+03   -0.9990E+03   -0.9990E+03   -0.9990E+03   -0.9990E+03   -0.9990E+03   -0.9990E+03   -0.9990E+03   -0.9990E+03   -0.9990E+03   -0.9990E+03   -0.9990E+03   -0.9990E+03   -0.9990E+03   -0.9990E+03   -0.9990E+03   -0.9990E+03   -0.9990E+03   -0.9990E+03   -0.9990E+03   -0.9990E+03   -0.9990E+03   -0.9990E+03   -0.9990E+03   -0.9990E+03   -0.9990E+03   -0.9990E+03   -0.9990E+03   -0.9990E+03   -0.9990E+03   -0.9990E+03   -0.9990E+03   -0.9990E+03   -0.9990E+03   -0.9990E+03   -0.9990E+03   -0.9990E+03   -0.9990E+03   -0.9990E+03   -0.9990E+03   -0.9990E+03   -0.9990E+03   -0.9990E+03   -0.9990E+03   -0.9990E+03   -0.9990E+03   -0.9990E+03   -0.9990E+03   -0.9990E+03   -0.9990E+03   -0.9990E+03   -0.9990E+03   -0.9990E+03   -0.9990E+03   -0.9990E+03   -0.9990E+03   -0.9990E+03   -0.9990E+03   -0.9990E+03   -0.9990E+03   -0.9990E+03
   -0.9990E+03   -0.9990E+03   -0.9990E+03   -0.9990E+03   -0.9990E+03   -0.9990E+03   -0.9990E+03   -0.9990E+03   -0.9990E+03   -0.9990E+03   -0.9990E+03   -0.9990E+03   -0.9990E+03   -0.9990E+03   -0.9990E+03   -0.9990E+03   -0.9990E+03   -0.9990E+03   -0.9990E+03   -0.9990E+03   -0.9990E+03   -0.9990E+03   -0.9990E+03   -0.9990E+03   -0.9990E+03   -0.9990E+03   -0.9990E+03   -0.9990E+03   -0.9990E+03   -0.9990E+03   -0.9990E+03   -0.9990E+03   -0.9990E+03   -0.9990E+03   -0.9990E+03   -0.9990E+03   -0.9990E+03   -0.9990E+03   -0.9990E+03   -0.9990E+03   -0.9990E+03   -0.9990E+03   -0.9990E+03   -0.9990E+03   -0.9990E+03   -0.9990E+03   -0.9990E+03   -0.9990E+03   -0.9990E+03   -0.9990E+03   -0.9990E+03   -0.9990E+03   -0.9990E+03   -0.9990E+03   -0.9990E+03   -0.9990E+03   -0.9990E+03   -0.9990E+03   -0.9990E+03   -0.9990E+03   -0.9990E+03   -0.9990E+03   -0.9990E+03   -0.9990E+03   -0.9990E+03   -0.9990E+03   -0.9990E+03   -0.9990E+03   -0.9990E+03   -0.9990E+03   -0.9990E+03   -0.9990E+03   -0.9990E+03   -0.9990E+03   -0.9990E+03   -0.9990E+03
   -0.9990E+03   -0.9990E+03   -0.9990E+03   -0.9990E+03   -0.9990E+03   -0.9990E+03   -0.9990E+03   -0.9990E+03   -0.9990E+03   -0.9990E+03   -0.9990E+03   -0.9990E+03   -0.9990E+03   -0.9990E+03   -0.9990E+03   -0.9990E+03   -0.9990E+03   -0.9990E+03   -0.9990E+03   -0.9990E+03   -0.9990E+03   -0.9990E+03   -0.9990E+03   -0.9990E+03   -0.9990E+03   -0.9990E+03   -0.9990E+03   -0.9990E+03   -0.9990E+03   -0.9990E+03   -0.9990E+03   -0.9990E+03   -0.9990E+03   -0.9990E+03   -0.9990E+03   -0.9990E+03   -0.9990E+03   -0.9990E+03   -0.9990E+03   -0.9990E+03   -0.9990E+03   -0.9990E+03   -0.9990E+03   -0.9990E+03   -0.9990E+03   -0.9990E+03   -0.9990E+03   -0.9990E+03   -0.9990E+03   -0.9990E+03   -0.9990E+03   -0.9990E+03   -0.9990E+03   -0.9990E+03   -0.9990E+03   -0.9990E+03   -0.9990E+03   -0.9990E+03   -0.9990E+03   -0.9990E+03   -0.9990E+03   -0.9990E+03   -0.9990E+03   -0.9990E+03   -0.9990E+03   -0.9990E+03   -0.9990E+03   -0.9990E+03   -0.9990E+03   -0.9990E+03   -0.9990E+03   -0.9990E+03   -0.9990E+03   -0.9990E+03   -0.9990E+03   -0.9990E+03
   -0.9990E+03   -0.9990E+03   -0.9990E+03   -0.9990E+03   -0.9990E+03   -0.9990E+03   -0.9990E+03   -0.9990E+03   -0.9990E+03   -0.9990E+03   -0.9990E+03   -0.9990E+03   -0.9990E+03   -0.9990E+03   -0.9990E+03   -0.9990E+03   -0.9990E+03   -0.9990E+03   -0.9990E+03   -0.9990E+03   -0.9990E+03   -0.9990E+03   -0.9990E+03   -0.9990E+03   -0.9990E+03   -0.9990E+03   -0.9990E+03   -0.9990E+03   -0.9990E+03   -0.9990E+03   -0.9990E+03   -0.9990E+03   -0.9990E+03   -0.9990E+03   -0.9990E+03   -0.9990E+03   -0.9990E+03   -0.9990E+03   -0.9990E+03   -0.9990E+03   -0.9990E+03   -0.9990E+03   -0.9990E+03   -0.9990E+03    0.1207E+00    0.1405E+00   -0.9990E+03   -0.9990E+03   -0.9990E+03   -0.9990E+03   -0.9990E+03   -0.9990E+03   -0.9990E+03    0.1399E+00   -0.9990E+03   -0.9990E+03   -0.9990E+03   -0.9990E+03   -0.9990E+03   -0.9990E+03   -0.9990E+03    0.1337E+00   -0.9990E+03   -0.9990E+03   -0.9990E+03   -0.9990E+03   -0.9990E+03   -0.9990E+03   -0.9990E+03   -0.9990E+03   -0.9990E+03   -0.9990E+03   -0.9990E+03   -0.9990E+03   -0.9990E+03   -0.9990E+03
   -0.9990E+03   -0.9990E+03   -0.9990E+03   -0.9990E+03   -0.9990E+03   -0.9990E+03   -0.9990E+03   -0.9990E+03   -0.9990E+03   -0.9990E+03   -0.9990E+03   -0.9990E+03   -0.9990E+03   -0.9990E+03   -0.9990E+03   -0.9990E+03   -0.9990E+03   -0.9990E+03   -0.9990E+03   -0.9990E+03   -0.9990E+03   -0.9990E+03   -0.9990E+03   -0.9990E+03   -0.9990E+03   -0.9990E+03   -0.9990E+03   -0.9990E+03   -0.9990E+03   -0.9990E+03   -0.9990E+03   -0.9990E+03   -0.9990E+03   -0.9990E+03   -0.9990E+03   -0.9990E+03   -0.9990E+03   -0.9990E+03   -0.9990E+03   -0.9990E+03   -0.9990E+03   -0.9990E+03   -0.9990E+03   -0.9990E+03    0.1414E+00    0.1404E+00    0.1413E+00    0.1225E+00    0.1427E+00    0.1426E+00    0.1427E+00   -0.9990E+03    0.1325E+00    0.1405E+00   -0.9990E+03   -0.9990E+03   -0.9990E+03   -0.9990E+03   -0.9990E+03   -0.9990E+03   -0.9990E+03    0.1485E+00   -0.9990E+03   -0.9990E+03   -0.9990E+03   -0.9990E+03   -0.9990E+03   -0.9990E+03   -0.9990E+03   -0.9990E+03   -0.9990E+03   -0.9990E+03   -0.9990E+03   -0.9990E+03   -0.9990E+03   -0.9990E+03
   -0.9990E+03   -0.9990E+03   -0.9990E+03   -0.9990E+03   -0.9990E+03   -0.9990E+03   -0.9990E+03   -0.9990E+03   -0.9990E+03   -0.9990E+03   -0.9990E+03   -0.9990E+03   -0.9990E+03   -0.9990E+03   -0.9990E+03   -0.9990E+03   -0.9990E+03   -0.9990E+03   -0.9990E+03   -0.9990E+03   -0.9990E+03   -0.9990E+03   -0.9990E+03   -0.9990E+03   -0.9990E+03   -0.9990E+03   -0.9990E+03   -0.9990E+03   -0.9990E+03   -0.9990E+03   -0.9990E+03   -0.9990E+03   -0.9990E+03   -0.9990E+03   -0.9990E+03   -0.9990E+03   -0.9990E+03    0.1414E+00   -0.9990E+03   -0.9990E+03   -0.9990E+03   -0.9990E+03   -0.9990E+03   -0.9990E+03   -0.9990E+03   -0.9990E+03    0.1419E+00    0.1435E+00    0.1434E+00    0.1434E+00    0.1301E+00   -0.9990E+03    0.1411E+00    0.1413E+00   -0.9990E+03   -0.9990E+03   -0.9990E+03   -0.9990E+03   -0.9990E+03   -0.9990E+03   -0.9990E+03    0.1490E+00   -0.9990E+03   -0.9990E+03   -0.9990E+03   -0.9990E+03   -0.9990E+03   -0.9990E+03   -0.9990E+03   -0.9990E+03   -0.9990E+03   -0.9990E+03   -0.9990E+03   -0.9990E+03   -0.9990E+03   -0.9990E+03
   -0.9990E+03   -0.9990E+03   -0.9990E+03   -0.9990E+03   -0.9990E+03   -0.9990E+03   -0.9990E+03   -0.9990E+03   -0.9990E+03   -0.9990E+03   -0.9990E+03   -0.9990E+03   -0.9990E+03   -0.9990E+03   -0.9990E+03   -0.9990E+03   -0.9990E+03   -0.9990E+03   -0.9990E+03   -0.9990E+03   -0.9990E+03   -0.9990E+03   -0.9990E+03   -0.9990E+03   -0.9990E+03   -0.9990E+03   -0.9990E+03   -0.9990E+03   -0.9990E+03   -0.9990E+03   -0.9990E+03   -0.9990E+03   -0.9990E+03   -0.9990E+03   -0.9990E+03   -0.9990E+03   -0.9990E+03    0.1421E+00   -0.9990E+03   -0.9990E+03   -0.9990E+03   -0.9990E+03   -0.9990E+03   -0.9990E+03   -0.9990E+03    0.1210E+00    0.1427E+00    0.1441E+00    0.1442E+00    0.1440E+00    0.1443E+00    0.1448E+00    0.1416E+00   -0.9990E+03   -0.9990E+03   -0.9990E+03   -0.9990E+03   -0.9990E+03   -0.9990E+03   -0.9990E+03   -0.9990E+03   -0.9990E+03   -0.9990E+03   -0.9990E+03   -0.9990E+03   -0.9990E+03   -0.9990E+03   -0.9990E+03   -0.9990E+03   -0.9990E+03   -0.9990E+03   -0.9990E+03   -0.9990E+03   -0.9990E+03   -0.9990E+03   -0.9990E+03
   -0.9990E+03   -0.9990E+03   -0.9990E+03   -0.9990E+03   -0.9990E+03   -0.9990E+03   -0.9990E+03   -0.9990E+03   -0.9990E+03   -0.9990E+03   -0.9990E+03   -0.9990E+03   -0.9990E+03   -0.9990E+03   -0.9990E+03   -0.9990E+03   -0.9990E+03   -0.9990E+03   -0.9990E+03   -0.9990E+03   -0.9990E+03   -0.9990E+03   -0.9990E+03   -0.9990E+03   -0.9990E+03   -0.9990E+03   -0.9990E+03   -0.9990E+03   -0.9990E+03   -0.9990E+03   -0.9990E+03   -0.9990E+03   -0.9990E+03   -0.9990E+03   -0.9990E+03   -0.9990E+03   -0.9990E+03    0.1430E+00   -0.9990E+03   -0.9990E+03    0.1328E+00    0.1425E+00   -0.9990E+03   -0.9990E+03    0.1231E+00    0.1426E+00    0.1425E+00    0.1451E+00    0.1452E+00    0.1453E+00    0.1452E+00    0.1423E+00    0.1213E+00   -0.9990E+03   -0.9990E+03   -0.9990E+03   -0.9990E+03   -0.9990E+03   -0.9990E+03   -0.9990E+03   -0.9990E+03   -0.9990E+03   -0.9990E+03   -0.9990E+03   -0.9990E+03   -0.9990E+03   -0.9990E+03   -0.9990E+03   -0.9990E+03   -0.9990E+03   -0.9990E+03   -0.9990E+03   -0.9990E+03   -0.9990E+03   -0.9990E+03   -0.9990E+03
   -0.9990E+03   -0.9990E+03   -0.9990E+03   -0.9990E+03   -0.9990E+03   -0.9990E+03   -0.9990E+03   -0.9990E+03   -0.9990E+03   -0.9990E+03   -0.9990E+03   -0.9990E+03   -0.9990E+03   -0.9990E+03   -0.9990E+03   -0.9990E+03   -0.9990E+03   -0.9990E+03   -0.9990E+03   -0.9990E+03   -0.9990E+03   -0.9990E+03   -0.9990E+03   -0.9990E+03   -0.9990E+03   -0.9990E+03   -0.9990E+03   -0.9990E+03   -0.9990E+03   -0.9990E+03   -0.9990E+03   -0.9990E+03   -0.9990E+03   -0.9990E+03   -0.9990E+03   -0.9990E+03   -0.9990E+03   -0.9990E+03   -0.9990E+03    0.1242E+00    0.1433E+00    0.1429E+00    0.1433E+00    0.1431E+00    0.1433E+00    0.1432E+00    0.1434E+00    0.1431E+00    0.1459E+00    0.1460E+00    0.1462E+00    0.1431E+00    0.1434E+00   -0.9990E+03    0.1401E+00   -0.9990E+03   -0.9990E+03   -0.9990E+03   -0.9990E+03   -0.9990E+03   -0.9990E+03   -0.9990E+03   -0.9990E+03   -0.9990E+03   -0.9990E+03   -0.9990E+03   -0.9990E+03   -0.9990E+03   -0.9990E+03   -0.9990E+03   -0.9990E+03   -0.9990E+03   -0.9990E+03   -0.9990E+03   -0.9990E+03   -0.9990E+03
   -0.9990E+03   -0.9990E+03   -0.9990E+03   -0.9990E+03   -0.9990E+03   -0.9990E+03   -0.9990E+03   -0.9990E+03   -0.9990E+03   -0.9990E+03   -0.9990E+03   -0.9990E+03   -0.9990E+03   -0.9990E+03   -0.9990E+03   -0.9990E+03   -0.9990E+03   -0.9990E+03   -0.9990E+03   -0.9990E+03   -0.9990E+03   -0.9990E+03   -0.9990E+03   -0.9990E+03   -0.9990E+03   -0.9990E+03   -0.9990E+03   -0.9990E+03   -0.9990E+03   -0.9990E+03   -0.9990E+03   -0.9990E+03   -0.9990E+03   -0.9990E+03   -0.9990E+03   -0.9990E+03   -0.9990E+03   -0.9990E+03   -0.9990E+03   -0.9990E+03    0.1143E+00    0.1156E+00    0.1155E+00    0.1188E+00    0.1373E+00    0.1378E+00    0.1324E+00    0.1438E+00    0.1437E+00    0.1438E+00    0.1478E+00    0.1436E+00    0.1445E+00    0.1237E+00    0.1446E+00    0.1244E+00   -0.9990E+03    0.1518E+00   -0.9990E+03   -0.9990E+03   -0.9990E+03   -0.9990E+03   -0.9990E+03   -0.9990E+03   -0.9990E+03   -0.9990E+03   -0.9990E+03   -0.9990E+03   -0.9990E+03   -0.9990E+03   -0.9990E+03   -0.9990E+03   -0.9990E+03   -0.9990E+03   -0.9990E+03   -0.9990E+03
   -0.9990E+03   -0.9990E+03   -0.9990E+03   -0.9990E+03   -0.9990E+03   -0.9990E+03   -0.9990E+03   -0.9990E+03   -0.9990E+03   -0.9990E+03   -0.9990E+03   -0.9990E+03   -0.9990E+03   -0.9990E+03   -0.9990E+03   -0.9990E+03   -0.9990E+03   -0.9990E+03   -0.9990E+03   -0.9990E+03   -0.9990E+03   -0.9990E+03   -0.9990E+03   -0.9990E+03   -0.9990E+03   -0.9990E+03   -0.9990E+03   -0.9990E+03   -0.9990E+03   -0.9990E+03   -0.9990E+03   -0.9990E+03   -0.9990E+03   -0.9990E+03   -0.9990E+03   -0.9990E+03   -0.9990E+03   -0.9990E+03   -0.9990E+03   -0.9990E+03   -0.9990E+03   -0.9990E+03   -0.9990E+03    0.1249E+00    0.1446E+00    0.1444E+00    0.1443E+00    0.1444E+00    0.1384E+00    0.1386E+00    0.1364E+00    0.1396E+00    0.1404E+00   -0.9990E+03    0.1234E+00   -0.9990E+03    0.1537E+00    0.1527E+00    0.1305E+00   -0.9990E+03   -0.9990E+03   -0.9990E+03   -0.9990E+03   -0.9990E+03   -0.9990E+03   -0.9990E+03   -0.9990E+03   -0.9990E+03   -0.9990E+03   -0.9990E+03   -0.9990E+03   -0.9990E+03   -0.9990E+03   -0.9990E+03   -0.9990E+03   -0.9990E+03
   -0.9990E+03   -0.9990E+03   -0.9990E+03   -0.9990E+03   -0.9990E+03   -0.9990E+03   -0.9990E+03   -0.9990E+03   -0.9990E+03   -0.9990E+03   -0.9990E+03   -0.9990E+03   -0.9990E+03   -0.9990E+03   -0.9990E+03   -0.9990E+03   -0.9990E+03   -0.9990E+03   -0.9990E+03   -0.9990E+03   -0.9990E+03   -0.9990E+03   -0.9990E+03   -0.9990E+03   -0.9990E+03   -0.9990E+03   -0.9990E+03   -0.9990E+03   -0.9990E+03   -0.9990E+03   -0.9990E+03   -0.9990E+03   -0.9990E+03   -0.9990E+03   -0.9990E+03   -0.9990E+03   -0.9990E+03   -0.9990E+03   -0.9990E+03   -0.9990E+03   -0.9990E+03   -0.9990E+03    0.1357E+00    0.1462E+00    0.1461E+00    0.1464E+00    0.1458E+00    0.1453E+00    0.1447E+00    0.1454E+00    0.1453E+00    0.1454E+00    0.1414E+00    0.1412E+00    0.1415E+00    0.1538E+00    0.1528E+00    0.1535E+00    0.1543E+00   -0.9990E+03   -0.9990E+03   -0.9990E+03   -0.9990E+03   -0.9990E+03   -0.9990E+03   -0.9990E+03   -0.9990E+03   -0.9990E+03   -0.9990E+03   -0.9990E+03   -0.9990E+03   -0.9990E+03   -0.9990E+03   -0.9990E+03   -0.9990E+03   -0.9990E+03
   -0.9990E+03   -0.9990E+03   -0.9990E+03   -0.9990E+03   -0.9990E+03   -0.9990E+03   -0.9990E+03   -0.9990E+03   -0.9990E+03   -0.9990E+03   -0.9990E+03   -0.9990E+03   -0.9990E+03   -0.9990E+03   -0.9990E+03   -0.9990E+03   -0.9990E+03   -0.9990E+03   -0.9990E+03   -0.9990E+03   -0.9990E+03   -0.9990E+03   -0.9990E+03   -0.9990E+03   -0.9990E+03   -0.9990E+03   -0.9990E+03   -0.9990E+03   -0.9990E+03   -0.9990E+03   -0.9990E+03   -0.9990E+03   -0.9990E+03   -0.9990E+03   -0.9990E+03   -0.9990E+03    0.1777E+00   -0.9990E+03   -0.9990E+03   -0.9990E+03   -0.9990E+03   -0.9990E+03   -0.9990E+03    0.1700E+00    0.1703E+00    0.1469E+00    0.1466E+00    0.1468E+00    0.1463E+00    0.1461E+00    0.1465E+00    0.1461E+00    0.1450E+00    0.1472E+00    0.1411E+00    0.1412E+00    0.1414E+00    0.1377E+00    0.1553E+00   -0.9990E+03   -0.9990E+03   -0.9990E+03   -0.9990E+03   -0.9990E+03   -0.9990E+03   -0.9990E+03   -0.9990E+03   -0.9990E+03   -0.9990E+03   -0.9990E+03   -0.9990E+03   -0.9990E+03   -0.9990E+03   -0.9990E+03   -0.9990E+03   -0.9990E+03
   -0.9990E+03   -0.9990E+03   -0.9990E+03   -0.9990E+03   -0.9990E+03   -0.9990E+03   -0.9990E+03   -0.9990E+03   -0.9990E+03   -0.9990E+03   -0.9990E+03   -0.9990E+03   -0.9990E+03   -0.9990E+03   -0.9990E+03   -0.9990E+03   -0.9990E+03   -0.9990E+03   -0.9990E+03   -0.9990E+03   -0.9990E+03   -0.9990E+03   -0.9990E+03   -0.9990E+03   -0.9990E+03   -0.9990E+03   -0.9990E+03   -0.9990E+03   -0.9990E+03   -0.9990E+03   -0.9990E+03   -0.9990E+03   -0.9990E+03   -0.9990E+03   -0.9990E+03   -0.9990E+03   -0.9990E+03   -0.9990E+03   -0.9990E+03   -0.9990E+03   -0.9990E+03   -0.9990E+03   -0.9990E+03    0.1710E+00    0.1708E+00    0.1667E+00    0.1667E+00    0.1670E+00    0.1474E+00    0.1457E+00    0.1455E+00    0.1449E+00    0.1456E+00    0.1464E+00    0.1463E+00    0.1485E+00    0.1495E+00    0.1431E+00    0.1377E+00    0.1553E+00   -0.9990E+03   -0.9990E+03   -0.9990E+03   -0.9990E+03   -0.9990E+03   -0.9990E+03   -0.9990E+03   -0.9990E+03   -0.9990E+03   -0.9990E+03   -0.9990E+03   -0.9990E+03   -0.9990E+03   -0.9990E+03   -0.9990E+03   -0.9990E+03
   -0.9990E+03   -0.9990E+03   -0.9990E+03   -0.9990E+03   -0.9990E+03   -0.9990E+03   -0.9990E+03   -0.9990E+03   -0.9990E+03   -0.9990E+03   -0.9990E+03   -0.9990E+03   -0.9990E+03   -0.9990E+03   -0.9990E+03   -0.9990E+03   -0.9990E+03   -0.9990E+03   -0.9990E+03   -0.9990E+03   -0.9990E+03   -0.9990E+03   -0.9990E+03   -0.9990E+03   -0.9990E+03   -0.9990E+03   -0.9990E+03   -0.9990E+03   -0.9990E+03   -0.9990E+03   -0.9990E+03   -0.9990E+03   -0.9990E+03   -0.9990E+03   -0.9990E+03    0.1494E+00   -0.9990E+03   -0.9990E+03   -0.9990E+03   -0.9990E+03   -0.9990E+03   -0.9990E+03   -0.9990E+03   -0.9990E+03    0.1471E+00    0.1676E+00    0.1675E+00    0.1676E+00    0.1679E+00    0.1670E+00    0.1675E+00    0.1470E+00    0.1472E+00    0.1472E+00    0.1520E+00    0.1514E+00    0.1259E+00    0.1277E+00   -0.9990E+03    0.1389E+00   -0.9990E+03   -0.9990E+03   -0.9990E+03   -0.9990E+03   -0.9990E+03   -0.9990E+03   -0.9990E+03   -0.9990E+03   -0.9990E+03   -0.9990E+03   -0.9990E+03   -0.9990E+03   -0.9990E+03   -0.9990E+03   -0.9990E+03   -0.9990E+03
   -0.9990E+03   -0.9990E+03   -0.9990E+03   -0.9990E+03   -0.9990E+03   -0.9990E+03   -0.9990E+03   -0.9990E+03   -0.9990E+03   -0.9990E+03   -0.9990E+03   -0.9990E+03   -0.9990E+03   -0.9990E+03   -0.9990E+03   -0.9990E+03   -0.9990E+03   -0.9990E+03   -0.9990E+03   -0.9990E+03   -0.9990E+03   -0.9990E+03   -0.9990E+03   -0.9990E+03   -0.9990E+03   -0.9990E+03   -0.9990E+03   -0.9990E+03   -0.9990E+03   -0.9990E+03   -0.9990E+03   -0.9990E+03   -0.9990E+03   -0.9990E+03   -0.9990E+03   -0.9990E+03   -0.9990E+03   -0.9990E+03   -0.9990E+03   -0.9990E+03   -0.9990E+03   -0.9990E+03   -0.9990E+03   -0.9990E+03   -0.9990E+03    0.1725E+00    0.1724E+00    0.1684E+00    0.1677E+00    0.1683E+00    0.1690E+00    0.1731E+00    0.1727E+00    0.1732E+00    0.1734E+00    0.1500E+00    0.1505E+00    0.1498E+00    0.1217E+00   -0.9990E+03   -0.9990E+03   -0.9990E+03   -0.9990E+03   -0.9990E+03   -0.9990E+03   -0.9990E+03   -0.9990E+03   -0.9990E+03   -0.9990E+03   -0.9990E+03   -0.9990E+03   -0.9990E+03   -0.9990E+03   -0.9990E+03   -0.9990E+03   -0.9990E+03
   -0.9990E+03   -0.9990E+03   -0.9990E+03   -0.9990E+03   -0.9990E+03   -0.9990E+03   -0.9990E+03   -0.9990E+03   -0.9990E+03   -0.9990E+03   -0.9990E+03   -0.9990E+03   -0.9990E+03   -0.9990E+03   -0.9990E+03   -0.9990E+03   -0.9990E+03   -0.9990E+03   -0.9990E+03   -0.9990E+03   -0.9990E+03   -0.9990E+03   -0.9990E+03   -0.9990E+03   -0.9990E+03   -0.9990E+03   -0.9990E+03   -0.9990E+03   -0.9990E+03   -0.9990E+03   -0.9990E+03   -0.9990E+03   -0.9990E+03   -0.9990E+03   -0.9990E+03   -0.9990E+03   -0.9990E+03   -0.9990E+03   -0.9990E+03   -0.9990E+03   -0.9990E+03   -0.9990E+03   -0.9990E+03   -0.9990E+03    0.1765E+00    0.1761E+00    0.1759E+00    0.1731E+00    0.1732E+00    0.1683E+00    0.1691E+00    0.1736E+00    0.1737E+00    0.1734E+00    0.1736E+00    0.1743E+00    0.1744E+00    0.1254E+00   -0.9990E+03   -0.9990E+03   -0.9990E+03   -0.9990E+03   -0.9990E+03   -0.9990E+03   -0.9990E+03   -0.9990E+03   -0.9990E+03   -0.9990E+03   -0.9990E+03   -0.9990E+03   -0.9990E+03   -0.9990E+03   -0.9990E+03   -0.9990E+03   -0.9990E+03   -0.9990E+03
   -0.9990E+03   -0.9990E+03   -0.9990E+03   -0.9990E+03   -0.9990E+03   -0.9990E+03   -0.9990E+03   -0.9990E+03   -0.9990E+03   -0.9990E+03   -0.9990E+03   -0.9990E+03   -0.9990E+03   -0.9990E+03   -0.9990E+03   -0.9990E+03   -0.9990E+03   -0.9990E+03   -0.9990E+03   -0.9990E+03   -0.9990E+03   -0.9990E+03   -0.9990E+03   -0.9990E+03   -0.9990E+03   -0.9990E+03   -0.9990E+03   -0.9990E+03   -0.9990E+03   -0.9990E+03   -0.9990E+03   -0.9990E+03   -0.9990E+03   -0.9990E+03    0.2215E+00   -0.9990E+03   -0.9990E+03   -0.9990E+03   -0.9990E+03   -0.9990E+03   -0.9990E+03   -0.9990E+03   -0.9990E+03   -0.9990E+03    0.2232E+00    0.2221E+00    0.1637E+00    0.1639E+00    0.1630E+00    0.1611E+00    0.1777E+00    0.1774E+00    0.1749E+00    0.1747E+00    0.1749E+00    0.1748E+00    0.1749E+00    0.1758E+00    0.1358E+00   -0.9990E+03   -0.9990E+03   -0.9990E+03   -0.9990E+03   -0.9990E+03   -0.9990E+03   -0.9990E+03   -0.9990E+03   -0.9990E+03   -0.9990E+03   -0.9990E+03   -0.9990E+03   -0.9990E+03   -0.9990E+03   -0.9990E+03   -0.9990E+03   -0.9990E+03
   -0.9990E+03   -0.9990E+03   -0.9990E+03   -0.9990E+03   -0.9990E+03   -0.9990E+03   -0.9990E+03   -0.9990E+03   -0.9990E+03   -0.9990E+03   -0.9990E+03   -0.9990E+03   -0.9990E+03   -0.9990E+03   -0.9990E+03   -0.9990E+03   -0.9990E+03   -0.9990E+03   -0.9990E+03   -0.9990E+03   -0.9990E+03   -0.9990E+03   -0.9990E+03   -0.9990E+03   -0.9990E+03   -0.9990E+03   -0.9990E+03   -0.9990E+03   -0.9990E+03   -0.9990E+03   -0.9990E+03   -0.9990E+03   -0.9990E+03   -0.9990E+03   -0.9990E+03   -0.9990E+03   -0.9990E+03   -0.9990E+03   -0.9990E+03   -0.9990E+03   -0.9990E+03   -0.9990E+03   -0.9990E+03    0.1962E+00    0.2278E+00    0.2279E+00    0.2220E+00    0.2224E+00    0.2366E+00    0.2367E+00    0.1621E+00    0.1620E+00    0.1618E+00    0.1629E+00    0.1753E+00    0.1753E+00    0.1759E+00    0.1755E+00    0.1764E+00    0.1758E+00    0.1362E+00   -0.9990E+03   -0.9990E+03   -0.9990E+03   -0.9990E+03   -0.9990E+03   -0.9990E+03   -0.9990E+03   -0.9990E+03   -0.9990E+03   -0.9990E+03   -0.9990E+03   -0.9990E+03   -0.9990E+03   -0.9990E+03   -0.9990E+03
   -0.9990E+03   -0.9990E+03   -0.9990E+03   -0.9990E+03   -0.9990E+03   -0.9990E+03   -0.9990E+03   -0.9990E+03   -0.9990E+03   -0.9990E+03   -0.9990E+03   -0.9990E+03   -0.9990E+03   -0.9990E+03   -0.9990E+03   -0.9990E+03   -0.9990E+03   -0.9990E+03   -0.9990E+03   -0.9990E+03   -0.9990E+03   -0.9990E+03   -0.9990E+03   -0.9990E+03   -0.9990E+03   -0.9990E+03   -0.9990E+03   -0.9990E+03   -0.9990E+03   -0.9990E+03   -0.9990E+03   -0.9990E+03   -0.9990E+03   -0.9990E+03   -0.9990E+03   -0.9990E+03   -0.9990E+03   -0.9990E+03   -0.9990E+03   -0.9990E+03    0.1915E+00    0.2305E+00   -0.9990E+03    0.2301E+00    0.2274E+00    0.2276E+00    0.2275E+00    0.2127E+00    0.2379E+00    0.2377E+00    0.2374E+00    0.2370E+00    0.2322E+00    0.2320E+00    0.2325E+00    0.2157E+00    0.2145E+00    0.1632E+00    0.1764E+00    0.1772E+00    0.1767E+00    0.1773E+00    0.1425E+00   -0.9990E+03   -0.9990E+03   -0.9990E+03   -0.9990E+03   -0.9990E+03   -0.9990E+03   -0.9990E+03   -0.9990E+03   -0.9990E+03   -0.9990E+03   -0.9990E+03   -0.9990E+03   -0.9990E+03
   -0.9990E+03   -0.9990E+03   -0.9990E+03   -0.9990E+03   -0.9990E+03   -0.9990E+03   -0.9990E+03   -0.9990E+03   -0.9990E+03   -0.9990E+03   -0.9990E+03   -0.9990E+03   -0.9990E+03   -0.9990E+03   -0.9990E+03   -0.9990E+03   -0.9990E+03   -0.9990E+03   -0.9990E+03   -0.9990E+03   -0.9990E+03   -0.9990E+03   -0.9990E+03   -0.9990E+03   -0.9990E+03   -0.9990E+03   -0.9990E+03   -0.9990E+03   -0.9990E+03   -0.9990E+03   -0.9990E+03   -0.9990E+03   -0.9990E+03   -0.9990E+03   -0.9990E+03   -0.9990E+03   -0.9990E+03   -0.9990E+03   -0.9990E+03   -0.9990E+03   -0.9990E+03    0.1740E+00    0.2296E+00    0.2297E+00    0.2291E+00    0.2291E+00    0.2272E+00    0.2125E+00    0.2234E+00    0.2244E+00    0.2244E+00    0.2241E+00    0.2330E+00    0.2337E+00    0.2333E+00    0.2330E+00    0.2161E+00    0.2167E+00    0.2163E+00    0.2173E+00    0.2243E+00    0.1779E+00    0.1764E+00   -0.9990E+03   -0.9990E+03   -0.9990E+03   -0.9990E+03   -0.9990E+03   -0.9990E+03   -0.9990E+03   -0.9990E+03   -0.9990E+03   -0.9990E+03   -0.9990E+03   -0.9990E+03   -0.9990E+03
   -0.9990E+03   -0.9990E+03   -0.9990E+03   -0.9990E+03   -0.9990E+03   -0.9990E+03   -0.9990E+03   -0.9990E+03   -0.9990E+03   -0.9990E+03   -0.9990E+03   -0.9990E+03   -0.9990E+03   -0.9990E+03   -0.9990E+03   -0.9990E+03   -0.9990E+03   -0.9990E+03   -0.9990E+03   -0.9990E+03   -0.9990E+03   -0.9990E+03   -0.9990E+03   -0.9990E+03   -0.9990E+03   -0.9990E+03   -0.9990E+03   -0.9990E+03   -0.9990E+03   -0.9990E+03   -0.9990E+03   -0.9990E+03   -0.9990E+03   -0.9990E+03   -0.9990E+03   -0.9990E+03   -0.9990E+03   -0.9990E+03   -0.9990E+03   -0.9990E+03   -0.9990E+03    0.1726E+00    0.2317E+00    0.2315E+00    0.2287E+00    0.2288E+00    0.2286E+00    0.2283E+00    0.2232E+00    0.2248E+00    0.2239E+00    0.2234E+00    0.2236E+00    0.2239E+00    0.2188E+00    0.2188E+00    0.2329E+00    0.2330E+00    0.2327E+00    0.2166E+00    0.2145E+00    0.2163E+00    0.2158E+00   -0.9990E+03   -0.9990E+03   -0.9990E+03   -0.9990E+03   -0.9990E+03   -0.9990E+03   -0.9990E+03   -0.9990E+03   -0.9990E+03   -0.9990E+03   -0.9990E+03   -0.9990E+03   -0.9990E+03
   -0.9990E+03   -0.9990E+03   -0.9990E+03   -0.9990E+03   -0.9990E+03   -0.9990E+03   -0.9990E+03   -0.9990E+03   -0.9990E+03   -0.9990E+03   -0.9990E+03   -0.9990E+03   -0.9990E+03   -0.9990E+03   -0.9990E+03   -0.9990E+03   -0.9990E+03   -0.9990E+03   -0.9990E+03   -0.9990E+03   -0.9990E+03   -0.9990E+03   -0.9990E+03   -0.9990E+03   -0.9990E+03   -0.9990E+03   -0.9990E+03   -0.9990E+03   -0.9990E+03   -0.9990E+03   -0.9990E+03   -0.9990E+03   -0.9990E+03   -0.9990E+03   -0.9990E+03   -0.9990E+03   -0.9990E+03   -0.9990E+03   -0.9990E+03   -0.9990E+03   -0.9990E+03    0.1834E+00    0.2312E+00    0.2290E+00    0.2283E+00    0.2284E+00    0.2134E+00    0.2261E+00    0.2271E+00    0.2276E+00    0.2235E+00    0.2237E+00    0.2233E+00    0.2233E+00    0.2224E+00    0.2191E+00    0.2192E+00    0.2196E+00    0.2321E+00    0.2319E+00    0.2156E+00    0.2158E+00    0.2155E+00    0.1794E+00   -0.9990E+03   -0.9990E+03   -0.9990E+03   -0.9990E+03   -0.9990E+03   -0.9990E+03   -0.9990E+03   -0.9990E+03   -0.9990E+03   -0.9990E+03   -0.9990E+03   -0.9990E+03
   -0.9990E+03   -0.9990E+03   -0.9990E+03   -0.9990E+03   -0.9990E+03   -0.9990E+03   -0.9990E+03   -0.9990E+03   -0.9990E+03   -0.9990E+03   -0.9990E+03   -0.9990E+03   -0.9990E+03   -0.9990E+03   -0.9990E+03   -0.9990E+03   -0.9990E+03   -0.9990E+03   -0.9990E+03   -0.9990E+03   -0.9990E+03   -0.9990E+03   -0.9990E+03   -0.9990E+03   -0.9990E+03   -0.9990E+03   -0.9990E+03   -0.9990E+03   -0.9990E+03   -0.9990E+03   -0.9990E+03   -0.9990E+03   -0.9990E+03   -0.9990E+03   -0.9990E+03   -0.9990E+03   -0.9990E+03   -0.9990E+03   -0.9990E+03   -0.9990E+03   -0.9990E+03   -0.9990E+03    0.2002E+00    0.2286E+00    0.2278E+00    0.2280E+00    0.2260E+00    0.2253E+00    0.2273E+00    0.2270E+00    0.2265E+00    0.2266E+00    0.2266E+00    0.2221E+00    0.2228E+00    0.2188E+00    0.2193E+00    0.2192E+00    0.2186E+00    0.2197E+00    0.2332E+00    0.2330E+00    0.2137E+00   -0.9990E+03   -0.9990E+03   -0.9990E+03   -0.9990E+03   -0.9990E+03   -0.9990E+03   -0.9990E+03   -0.9990E+03   -0.9990E+03   -0.9990E+03   -0.9990E+03   -0.9990E+03   -0.9990E+03
   -0.9990E+03   -0.9990E+03   -0.9990E+03   -0.9990E+03   -0.9990E+03   -0.9990E+03   -0.9990E+03   -0.9990E+03   -0.9990E+03   -0.9990E+03   -0.9990E+03   -0.9990E+03   -0.9990E+03   -0.9990E+03   -0.9990E+03   -0.9990E+03   -0.9990E+03   -0.9990E+03   -0.9990E+03   -0.9990E+03   -0.9990E+03   -0.9990E+03   -0.9990E+03   -0.9990E+03   -0.9990E+03   -0.9990E+03   -0.9990E+03   -0.9990E+03   -0.9990E+03   -0.9990E+03   -0.9990E+03   -0.9990E+03   -0.9990E+03   -0.9990E+03   -0.9990E+03   -0.9990E+03   -0.9990E+03   -0.9990E+03   -0.9990E+03   -0.9990E+03   -0.9990E+03   -0.9990E+03   -0.9990E+03    0.2282E+00    0.2275E+00    0.2273E+00    0.2254E+00    0.2249E+00    0.2264E+00    0.2267E+00    0.2268E+00    0.2260E+00    0.2260E+00    0.2258E+00    0.2258E+00    0.2267E+00    0.2219E+00    0.2214E+00    0.2220E+00    0.2222E+00    0.2220E+00    0.2189E+00   -0.9990E+03   -0.9990E+03   -0.9990E+03   -0.9990E+03   -0.9990E+03   -0.9990E+03   -0.9990E+03   -0.9990E+03   -0.9990E+03   -0.9990E+03   -0.9990E+03   -0.9990E+03   -0.9990E+03   -0.9990E+03
   -0.9990E+03   -0.9990E+03   -0.9990E+03   -0.9990E+03   -0.9990E+03   -0.9990E+03   -0.9990E+03   -0.9990E+03   -0.9990E+03   -0.9990E+03   -0.9990E+03   -0.9990E+03   -0.9990E+03   -0.9990E+03   -0.9990E+03   -0.9990E+03   -0.9990E+03   -0.9990E+03   -0.9990E+03   -0.9990E+03   -0.9990E+03   -0.9990E+03   -0.9990E+03   -0.9990E+03   -0.9990E+03   -0.9990E+03   -0.9990E+03   -0.9990E+03   -0.9990E+03   -0.9990E+03   -0.9990E+03   -0.9990E+03   -0.9990E+03   -0.9990E+03   -0.9990E+03   -0.9990E+03   -0.9990E+03   -0.9990E+03   -0.9990E+03   -0.9990E+03   -0.9990E+03   -0.9990E+03   -0.9990E+03    0.2277E+00    0.2269E+00    0.2251E+00    0.2248E+00    0.2263E+00    0.2261E+00    0.2261E+00    0.2260E+00    0.2263E+00    0.2260E+00    0.2258E+00    0.2259E+00    0.2260E+00    0.2258E+00    0.2213E+00    0.2212E+00    0.2210E+00    0.2223E+00   -0.9990E+03   -0.9990E+03   -0.9990E+03   -0.9990E+03   -0.9990E+03   -0.9990E+03   -0.9990E+03   -0.9990E+03   -0.9990E+03   -0.9990E+03   -0.9990E+03   -0.9990E+03   -0.9990E+03   -0.9990E+03   -0.9990E+03
   -0.9990E+03   -0.9990E+03   -0.9990E+03   -0.9990E+03   -0.9990E+03   -0.9990E+03   -0.9990E+03   -0.9990E+03   -0.9990E+03   -0.9990E+03   -0.9990E+03   -0.9990E+03   -0.9990E+03   -0.9990E+03   -0.9990E+03   -0.9990E+03   -0.9990E+03   -0.9990E+03   -0.9990E+03   -0.9990E+03   -0.9990E+03   -0.9990E+03   -0.9990E+03   -0.9990E+03   -0.9990E+03   -0.9990E+03   -0.9990E+03   -0.9990E+03   -0.9990E+03   -0.9990E+03   -0.9990E+03   -0.9990E+03   -0.9990E+03   -0.9990E+03   -0.9990E+03   -0.9990E+03   -0.9990E+03   -0.9990E+03   -0.9990E+03    0.2361E+00   -0.9990E+03    0.2120E+00    0.2337E+00    0.2334E+00    0.2325E+00    0.2247E+00    0.2244E+00    0.2259E+00    0.2257E+00    0.2256E+00    0.2253E+00    0.2249E+00    0.2249E+00    0.2250E+00    0.2253E+00    0.2249E+00    0.2252E+00    0.2252E+00    0.2206E+00    0.2221E+00    0.2222E+00   -0.9990E+03   -0.9990E+03   -0.9990E+03   -0.9990E+03   -0.9990E+03   -0.9990E+03   -0.9990E+03   -0.9990E+03   -0.9990E+03   -0.9990E+03   -0.9990E+03   -0.9990E+03   -0.9990E+03   -0.9990E+03   -0.9990E+03
   -0.9990E+03   -0.9990E+03   -0.9990E+03   -0.9990E+03   -0.9990E+03   -0.9990E+03   -0.9990E+03   -0.9990E+03   -0.9990E+03   -0.9990E+03   -0.9990E+03   -0.9990E+03   -0.9990E+03   -0.9990E+03   -0.9990E+03   -0.9990E+03   -0.9990E+03   -0.9990E+03   -0.9990E+03   -0.9990E+03   -0.9990E+03   -0.9990E+03   -0.9990E+03   -0.9990E+03   -0.9990E+03   -0.9990E+03   -0.9990E+03   -0.9990E+03   -0.9990E+03   -0.9990E+03   -0.9990E+03   -0.9990E+03   -0.9990E+03   -0.9990E+03   -0.9990E+03   -0.9990E+03   -0.9990E+03   -0.9990E+03   -0.9990E+03   -0.9990E+03   -0.9990E+03   -0.9990E+03   -0.9990E+03    0.2324E+00    0.2320E+00    0.2308E+00    0.2323E+00    0.2320E+00    0.2320E+00    0.2251E+00    0.2249E+00    0.2246E+00    0.2244E+00    0.2246E+00    0.2247E+00    0.2245E+00    0.2244E+00    0.2239E+00    0.2253E+00    0.2214E+00    0.2213E+00   -0.9990E+03   -0.9990E+03   -0.9990E+03   -0.9990E+03   -0.9990E+03   -0.9990E+03   -0.9990E+03   -0.9990E+03   -0.9990E+03   -0.9990E+03   -0.9990E+03   -0.9990E+03   -0.9990E+03   -0.9990E+03   -0.9990E+03
   -0.9990E+03   -0.9990E+03   -0.9990E+03   -0.9990E+03   -0.9990E+03   -0.9990E+03   -0.9990E+03   -0.9990E+03   -0.9990E+03   -0.9990E+03   -0.9990E+03   -0.9990E+03   -0.9990E+03   -0.9990E+03   -0.9990E+03   -0.9990E+03   -0.9990E+03   -0.9990E+03   -0.9990E+03   -0.9990E+03   -0.9990E+03   -0.9990E+03   -0.9990E+03   -0.9990E+03   -0.9990E+03   -0.9990E+03   -0.9990E+03   -0.9990E+03   -0.9990E+03   -0.9990E+03   -0.9990E+03   -0.9990E+03   -0.9990E+03   -0.9990E+03   -0.9990E+03   -0.9990E+03   -0.9990E+03   -0.9990E+03   -0.9990E+03   -0.9990E+03    0.2336E+00   -0.9990E+03   -0.9990E+03    0.2317E+00    0.2310E+00    0.2299E+00    0.2311E+00    0.2311E+00    0.2311E+00    0.2310E+00    0.2310E+00    0.2312E+00    0.2311E+00    0.2237E+00    0.2236E+00    0.2235E+00    0.2230E+00    0.2234E+00    0.2204E+00    0.2207E+00    0.2212E+00   -0.9990E+03   -0.9990E+03   -0.9990E+03   -0.9990E+03   -0.9990E+03   -0.9990E+03   -0.9990E+03   -0.9990E+03   -0.9990E+03   -0.9990E+03   -0.9990E+03   -0.9990E+03   -0.9990E+03   -0.9990E+03   -0.9990E+03
   -0.9990E+03   -0.9990E+03   -0.9990E+03   -0.9990E+03   -0.9990E+03   -0.9990E+03   -0.9990E+03   -0.9990E+03   -0.9990E+03   -0.9990E+03   -0.9990E+03   -0.9990E+03   -0.9990E+03   -0.9990E+03   -0.9990E+03   -0.9990E+03   -0.9990E+03   -0.9990E+03   -0.9990E+03   -0.9990E+03   -0.9990E+03   -0.9990E+03   -0.9990E+03   -0.9990E+03   -0.9990E+03   -0.9990E+03   -0.9990E+03   -0.9990E+03   -0.9990E+03   -0.9990E+03   -0.9990E+03   -0.9990E+03   -0.9990E+03   -0.9990E+03   -0.9990E+03   -0.9990E+03   -0.9990E+03   -0.9990E+03   -0.9990E+03   -0.9990E+03   -0.9990E+03   -0.9990E+03   -0.9990E+03    0.2307E+00    0.2151E+00    0.2305E+00    0.2305E+00    0.2305E+00    0.2303E+00    0.2302E+00    0.2308E+00    0.2303E+00    0.2301E+00    0.2301E+00    0.2298E+00    0.2296E+00    0.2294E+00    0.2190E+00    0.2195E+00    0.2200E+00    0.1835E+00   -0.9990E+03   -0.9990E+03   -0.9990E+03   -0.9990E+03   -0.9990E+03   -0.9990E+03   -0.9990E+03   -0.9990E+03   -0.9990E+03   -0.9990E+03   -0.9990E+03   -0.9990E+03   -0.9990E+03   -0.9990E+03   -0.9990E+03
   -0.9990E+03   -0.9990E+03   -0.9990E+03   -0.9990E+03   -0.9990E+03   -0.9990E+03   -0.9990E+03   -0.9990E+03   -0.9990E+03   -0.9990E+03   -0.9990E+03   -0.9990E+03   -0.9990E+03   -0.9990E+03   -0.9990E+03   -0.9990E+03   -0.9990E+03   -0.9990E+03   -0.9990E+03   -0.9990E+03   -0.9990E+03   -0.9990E+03   -0.9990E+03   -0.9990E+03   -0.9990E+03   -0.9990E+03   -0.9990E+03   -0.9990E+03   -0.9990E+03   -0.9990E+03   -0.9990E+03   -0.9990E+03   -0.9990E+03   -0.9990E+03   -0.9990E+03   -0.9990E+03   -0.9990E+03   -0.9990E+03   -0.9990E+03   -0.9990E+03   -0.9990E+03   -0.9990E+03   -0.9990E+03    0.2298E+00    0.2287E+00    0.2297E+00    0.2297E+00    0.2297E+00    0.2296E+00    0.2299E+00    0.2297E+00    0.2293E+00    0.2296E+00    0.2290E+00    0.2290E+00    0.2283E+00    0.2250E+00    0.2255E+00    0.2259E+00    0.2332E+00    0.2262E+00   -0.9990E+03   -0.9990E+03   -0.9990E+03   -0.9990E+03   -0.9990E+03   -0.9990E+03   -0.9990E+03   -0.9990E+03   -0.9990E+03   -0.9990E+03   -0.9990E+03   -0.9990E+03   -0.9990E+03   -0.9990E+03   -0.9990E+03
   -0.9990E+03   -0.9990E+03   -0.9990E+03   -0.9990E+03   -0.9990E+03   -0.9990E+03   -0.9990E+03   -0.9990E+03   -0.9990E+03   -0.9990E+03   -0.9990E+03   -0.9990E+03   -0.9990E+03   -0.9990E+03   -0.9990E+03   -0.9990E+03   -0.9990E+03   -0.9990E+03   -0.9990E+03   -0.9990E+03   -0.9990E+03   -0.9990E+03   -0.9990E+03   -0.9990E+03   -0.9990E+03   -0.9990E+03   -0.9990E+03   -0.9990E+03   -0.9990E+03   -0.9990E+03   -0.9990E+03   -0.9990E+03   -0.9990E+03   -0.9990E+03   -0.9990E+03   -0.9990E+03   -0.9990E+03   -0.9990E+03   -0.9990E+03   -0.9990E+03   -0.9990E+03   -0.9990E+03   -0.9990E+03    0.2139E+00    0.2286E+00    0.2286E+00    0.2283E+00    0.2287E+00    0.2292E+00    0.2289E+00    0.2286E+00    0.2286E+00    0.2285E+00    0.2282E+00    0.2274E+00    0.2233E+00    0.2234E+00    0.2236E+00    0.2298E+00    0.2318E+00    0.1937E+00   -0.9990E+03   -0.9990E+03   -0.9990E+03   -0.9990E+03   -0.9990E+03   -0.9990E+03   -0.9990E+03   -0.9990E+03   -0.9990E+03   -0.9990E+03   -0.9990E+03   -0.9990E+03   -0.9990E+03   -0.9990E+03   -0.9990E+03
   -0.9990E+03   -0.9990E+03   -0.9990E+03   -0.9990E+03   -0.9990E+03   -0.9990E+03   -0.9990E+03   -0.9990E+03   -0.9990E+03   -0.9990E+03   -0.9990E+03   -0.9990E+03   -0.9990E+03   -0.9990E+03   -0.9990E+03   -0.9990E+03   -0.9990E+03   -0.9990E+03   -0.9990E+03   -0.9990E+03   -0.9990E+03   -0.9990E+03   -0.9990E+03   -0.9990E+03   -0.9990E+03   -0.9990E+03   -0.9990E+03   -0.9990E+03   -0.9990E+03   -0.9990E+03   -0.9990E+03   -0.9990E+03   -0.9990E+03   -0.9990E+03   -0.9990E+03   -0.9990E+03   -0.9990E+03   -0.9990E+03   -0.9990E+03   -0.9990E+03   -0.9990E+03    0.2164E+00    0.2277E+00    0.2159E+00    0.2276E+00    0.2275E+00    0.2275E+00    0.2276E+00    0.2279E+00    0.2279E+00    0.2280E+00    0.2281E+00    0.2278E+00    0.2273E+00    0.2235E+00    0.2220E+00    0.2218E+00    0.2268E+00    0.2279E+00    0.2300E+00    0.1954E+00   -0.9990E+03   -0.9990E+03   -0.9990E+03   -0.9990E+03   -0.9990E+03   -0.9990E+03   -0.9990E+03   -0.9990E+03   -0.9990E+03   -0.9990E+03   -0.9990E+03   -0.9990E+03   -0.9990E+03   -0.9990E+03   -0.9990E+03
   -0.9990E+03   -0.9990E+03   -0.9990E+03   -0.9990E+03   -0.9990E+03   -0.9990E+03   -0.9990E+03   -0.9990E+03   -0.9990E+03   -0.9990E+03   -0.9990E+03   -0.9990E+03   -0.9990E+03   -0.9990E+03   -0.9990E+03   -0.9990E+03   -0.9990E+03   -0.9990E+03   -0.9990E+03   -0.9990E+03   -0.9990E+03   -0.9990E+03   -0.9990E+03   -0.9990E+03   -0.9990E+03   -0.9990E+03   -0.9990E+03   -0.9990E+03   -0.9990E+03   -0.9990E+03   -0.9990E+03   -0.9990E+03   -0.9990E+03   -0.9990E+03   -0.9990E+03   -0.9990E+03   -0.9990E+03   -0.9990E+03   -0.9990E+03   -0.9990E+03   -0.9990E+03    0.2198E+00    0.2259E+00    0.2284E+00    0.2263E+00    0.2263E+00    0.2269E+00    0.2270E+00    0.2276E+00    0.2277E+00    0.2277E+00    0.2276E+00    0.2274E+00    0.2238E+00    0.2228E+00    0.2206E+00    0.2237E+00    0.2232E+00    0.2250E+00    0.2287E+00   -0.9990E+03   -0.9990E+03   -0.9990E+03   -0.9990E+03   -0.9990E+03   -0.9990E+03   -0.9990E+03   -0.9990E+03   -0.9990E+03   -0.9990E+03   -0.9990E+03   -0.9990E+03   -0.9990E+03   -0.9990E+03   -0.9990E+03   -0.9990E+03
   -0.9990E+03   -0.9990E+03   -0.9990E+03   -0.9990E+03   -0.9990E+03   -0.9990E+03   -0.9990E+03   -0.9990E+03   -0.9990E+03   -0.9990E+03   -0.9990E+03   -0.9990E+03   -0.9990E+03   -0.9990E+03   -0.9990E+03   -0.9990E+03   -0.9990E+03   -0.9990E+03   -0.9990E+03   -0.9990E+03   -0.9990E+03   -0.9990E+03   -0.9990E+03   -0.9990E+03   -0.9990E+03   -0.9990E+03   -0.9990E+03   -0.9990E+03   -0.9990E+03   -0.9990E+03   -0.9990E+03   -0.9990E+03   -0.9990E+03   -0.9990E+03   -0.9990E+03   -0.9990E+03   -0.9990E+03   -0.9990E+03   -0.9990E+03   -0.9990E+03    0.2294E+00    0.2179E+00    0.2134E+00    0.2244E+00    0.2243E+00    0.2251E+00    0.2257E+00    0.2260E+00    0.2266E+00    0.2274E+00    0.2273E+00    0.2276E+00    0.2242E+00    0.2234E+00    0.2226E+00    0.2235E+00    0.2190E+00    0.2114E+00    0.2199E+00    0.2265E+00   -0.9990E+03   -0.9990E+03   -0.9990E+03   -0.9990E+03   -0.9990E+03   -0.9990E+03   -0.9990E+03   -0.9990E+03   -0.9990E+03   -0.9990E+03   -0.9990E+03   -0.9990E+03   -0.9990E+03   -0.9990E+03   -0.9990E+03   -0.9990E+03
   -0.9990E+03   -0.9990E+03   -0.9990E+03   -0.9990E+03   -0.9990E+03   -0.9990E+03   -0.9990E+03   -0.9990E+03   -0.9990E+03   -0.9990E+03   -0.9990E+03   -0.9990E+03   -0.9990E+03   -0.9990E+03   -0.9990E+03   -0.9990E+03   -0.9990E+03   -0.9990E+03   -0.9990E+03   -0.9990E+03   -0.9990E+03   -0.9990E+03   -0.9990E+03   -0.9990E+03   -0.9990E+03   -0.9990E+03   -0.9990E+03   -0.9990E+03   -0.9990E+03   -0.9990E+03   -0.9990E+03   -0.9990E+03   -0.9990E+03   -0.9990E+03   -0.9990E+03   -0.9990E+03   -0.9990E+03   -0.9990E+03   -0.9990E+03   -0.9990E+03    0.2287E+00    0.2264E+00    0.2301E+00    0.2223E+00    0.2229E+00    0.2234E+00    0.2243E+00    0.2253E+00    0.2263E+00    0.2269E+00    0.2276E+00    0.2276E+00    0.2246E+00    0.2239E+00    0.2270E+00    0.2241E+00    0.2199E+00    0.2150E+00    0.2204E+00   -0.9990E+03   -0.9990E+03   -0.9990E+03   -0.9990E+03   -0.9990E+03   -0.9990E+03   -0.9990E+03   -0.9990E+03   -0.9990E+03   -0.9990E+03   -0.9990E+03   -0.9990E+03   -0.9990E+03   -0.9990E+03   -0.9990E+03   -0.9990E+03   -0.9990E+03
   -0.9990E+03   -0.9990E+03   -0.9990E+03   -0.9990E+03   -0.9990E+03   -0.9990E+03   -0.9990E+03   -0.9990E+03   -0.9990E+03   -0.9990E+03   -0.9990E+03   -0.9990E+03   -0.9990E+03   -0.9990E+03   -0.9990E+03   -0.9990E+03   -0.9990E+03   -0.9990E+03   -0.9990E+03   -0.9990E+03   -0.9990E+03   -0.9990E+03   -0.9990E+03   -0.9990E+03   -0.9990E+03   -0.9990E+03   -0.9990E+03   -0.9990E+03   -0.9990E+03   -0.9990E+03   -0.9990E+03   -0.9990E+03   -0.9990E+03   -0.9990E+03   -0.9990E+03   -0.9990E+03   -0.9990E+03   -0.9990E+03   -0.9990E+03   -0.9990E+03    0.2339E+00    0.2328E+00    0.2273E+00    0.2203E+00    0.2212E+00    0.2220E+00    0.2230E+00    0.2242E+00    0.2258E+00    0.2269E+00    0.2278E+00    0.2252E+00    0.2253E+00    0.2294E+00    0.2285E+00    0.2254E+00    0.2233E+00    0.2227E+00    0.2249E+00   -0.9990E+03   -0.9990E+03   -0.9990E+03   -0.9990E+03   -0.9990E+03   -0.9990E+03   -0.9990E+03   -0.9990E+03   -0.9990E+03   -0.9990E+03   -0.9990E+03   -0.9990E+03   -0.9990E+03   -0.9990E+03   -0.9990E+03   -0.9990E+03   -0.9990E+03
   -0.9990E+03   -0.9990E+03   -0.9990E+03   -0.9990E+03   -0.9990E+03   -0.9990E+03   -0.9990E+03   -0.9990E+03   -0.9990E+03   -0.9990E+03   -0.9990E+03   -0.9990E+03   -0.9990E+03   -0.9990E+03   -0.9990E+03   -0.9990E+03   -0.9990E+03   -0.9990E+03   -0.9990E+03   -0.9990E+03   -0.9990E+03   -0.9990E+03   -0.9990E+03   -0.9990E+03   -0.9990E+03   -0.9990E+03   -0.9990E+03   -0.9990E+03   -0.9990E+03   -0.9990E+03   -0.9990E+03   -0.9990E+03   -0.9990E+03   -0.9990E+03   -0.9990E+03   -0.9990E+03   -0.9990E+03   -0.9990E+03   -0.9990E+03   -0.9990E+03    0.2335E+00    0.2290E+00    0.2287E+00    0.2178E+00    0.2170E+00    0.2187E+00    0.2204E+00    0.2219E+00    0.2240E+00    0.2251E+00    0.2256E+00    0.2262E+00    0.2308E+00    0.2298E+00    0.1528E-01    0.1510E-01    0.1501E-01    0.1498E-01    0.1500E-01   -0.9990E+03   -0.9990E+03   -0.9990E+03   -0.9990E+03   -0.9990E+03   -0.9990E+03   -0.9990E+03   -0.9990E+03   -0.9990E+03   -0.9990E+03   -0.9990E+03   -0.9990E+03   -0.9990E+03   -0.9990E+03   -0.9990E+03   -0.9990E+03   -0.9990E+03
   -0.9990E+03   -0.9990E+03   -0.9990E+03   -0.9990E+03   -0.9990E+03   -0.9990E+03   -0.9990E+03   -0.9990E+03   -0.9990E+03   -0.9990E+03   -0.9990E+03   -0.9990E+03   -0.9990E+03   -0.9990E+03   -0.9990E+03   -0.9990E+03   -0.9990E+03   -0.9990E+03   -0.9990E+03   -0.9990E+03   -0.9990E+03   -0.9990E+03   -0.9990E+03   -0.9990E+03   -0.9990E+03   -0.9990E+03   -0.9990E+03   -0.9990E+03    0.3611E+05    0.3611E+05    0.3611E+05   -0.9990E+03   -0.9990E+03   -0.9990E+03   -0.9990E+03   -0.9990E+03   -0.9990E+03   -0.9990E+03   -0.9990E+03    0.2293E+00    0.2257E+00    0.2232E+00    0.1689E-01    0.1690E-01    0.1679E-01    0.1667E-01    0.2190E+00    0.2215E+00    0.2242E+00    0.2236E+00    0.2248E+00    0.2292E+00    0.2296E+00    0.1539E-01    0.1524E-01    0.1500E-01    0.1488E-01    0.1493E-01    0.1500E-01   -0.9990E+03   -0.9990E+03   -0.9990E+03   -0.9990E+03   -0.9990E+03   -0.9990E+03   -0.9990E+03   -0.9990E+03   -0.9990E+03   -0.9990E+03   -0.9990E+03   -0.9990E+03   -0.9990E+03   -0.9990E+03   -0.9990E+03   -0.9990E+03   -0.9990E+03
   -0.9990E+03   -0.9990E+03   -0.9990E+03   -0.9990E+03   -0.9990E+03   -0.9990E+03   -0.9990E+03   -0.9990E+03   -0.9990E+03   -0.9990E+03   -0.9990E+03   -0.9990E+03   -0.9990E+03   -0.9990E+03   -0.9990E+03   -0.9990E+03   -0.9990E+03   -0.9990E+03   -0.9990E+03   -0.9990E+03   -0.9990E+03   -0.9990E+03   -0.9990E+03   -0.9990E+03   -0.9990E+03   -0.9990E+03    0.3611E+05    0.3611E+05    0.3611E+05    0.3611E+05    0.3611E+05    0.3611E+05    0.3611E+05   -0.9990E+03   -0.9990E+03   -0.9990E+03   -0.9990E+03   -0.9990E+03   -0.9990E+03    0.2259E+00    0.2216E+00    0.1769E-01    0.1708E-01    0.1710E-01    0.1705E-01    0.1682E-01    0.1667E-01    0.1649E-01    0.2227E+00    0.2250E+00    0.2300E+00    0.1572E-01    0.1553E-01    0.1539E-01    0.7105E-01    0.6991E-01    0.1457E-01    0.1490E-01   -0.9990E+03   -0.9990E+03   -0.9990E+03   -0.9990E+03   -0.9990E+03   -0.9990E+03   -0.9990E+03   -0.9990E+03   -0.9990E+03   -0.9990E+03   -0.9990E+03   -0.9990E+03   -0.9990E+03   -0.9990E+03   -0.9990E+03   -0.9990E+03   -0.9990E+03   -0.9990E+03
   -0.9990E+03   -0.9990E+03   -0.9990E+03   -0.9990E+03   -0.9990E+03   -0.9990E+03   -0.9990E+03   -0.9990E+03   -0.9990E+03   -0.9990E+03   -0.9990E+03   -0.9990E+03   -0.9990E+03   -0.9990E+03   -0.9990E+03   -0.9990E+03   -0.9990E+03   -0.9990E+03   -0.9990E+03   -0.9990E+03   -0.9990E+03   -0.9990E+03   -0.9990E+03    0.3611E+05    0.3611E+05    0.3611E+05    0.3611E+05    0.3611E+05    0.3611E+05    0.3611E+05    0.3611E+05    0.3611E+05    0.3611E+05    0.7997E-01   -0.9990E+03   -0.9990E+03   -0.9990E+03   -0.9990E+03    0.2245E+00    0.2213E+00    0.1745E-01    0.1781E-01    0.1788E-01    0.1736E-01    0.1728E-01    0.1707E-01    0.1680E-01    0.1650E-01    0.1622E-01    0.1602E-01    0.1585E-01    0.1571E-01    0.7223E-01    0.7170E-01    0.7116E-01    0.7038E-01    0.6995E-01   -0.9990E+03   -0.9990E+03   -0.9990E+03   -0.9990E+03   -0.9990E+03   -0.9990E+03   -0.9990E+03   -0.9990E+03   -0.9990E+03   -0.9990E+03   -0.9990E+03   -0.9990E+03   -0.9990E+03   -0.9990E+03   -0.9990E+03   -0.9990E+03   -0.9990E+03   -0.9990E+03   -0.9990E+03
   -0.9990E+03   -0.9990E+03   -0.9990E+03   -0.9990E+03   -0.9990E+03   -0.9990E+03   -0.9990E+03   -0.9990E+03   -0.9990E+03   -0.9990E+03   -0.9990E+03   -0.9990E+03   -0.9990E+03   -0.9990E+03   -0.9990E+03   -0.9990E+03   -0.9990E+03   -0.9990E+03   -0.9990E+03   -0.9990E+03   -0.9990E+03   -0.9990E+03   -0.9990E+03    0.3611E+05    0.3611E+05    0.3611E+05    0.3611E+05    0.3611E+05    0.3611E+05    0.3611E+05    0.3611E+05    0.3611E+05    0.3611E+05    0.3611E+05    0.8031E-01    0.1625E-01   -0.9990E+03    0.1648E-01    0.1690E-01    0.2146E+00    0.1747E-01    0.1807E-01    0.1794E-01    0.1792E-01    0.1769E-01    0.1733E-01    0.1696E-01    0.7656E-01    0.7500E-01    0.7405E-01    0.7332E-01    0.7277E-01    0.7222E-01    0.7180E-01    0.7140E-01    0.7099E-01   -0.9990E+03   -0.9990E+03   -0.9990E+03   -0.9990E+03   -0.9990E+03   -0.9990E+03   -0.9990E+03   -0.9990E+03   -0.9990E+03   -0.9990E+03   -0.9990E+03   -0.9990E+03   -0.9990E+03   -0.9990E+03   -0.9990E+03   -0.9990E+03   -0.9990E+03   -0.9990E+03   -0.9990E+03   -0.9990E+03
   -0.9990E+03   -0.9990E+03   -0.9990E+03   -0.9990E+03   -0.9990E+03   -0.9990E+03   -0.9990E+03   -0.9990E+03   -0.9990E+03   -0.9990E+03   -0.9990E+03   -0.9990E+03   -0.9990E+03   -0.9990E+03   -0.9990E+03   -0.9990E+03   -0.9990E+03   -0.9990E+03   -0.9990E+03   -0.9990E+03   -0.9990E+03   -0.9990E+03   -0.9990E+03   -0.9990E+03    0.3611E+05    0.3611E+05    0.3611E+05    0.3611E+05    0.3611E+05    0.3611E+05    0.3611E+05    0.3611E+05    0.3611E+05    0.3611E+05    0.7648E-01    0.1590E-01    0.1584E-01    0.1636E-01    0.1678E-01    0.2077E+00    0.1737E-01    0.1841E-01    0.1870E+00    0.1848E-01    0.1814E-01    0.1747E-01    0.7839E-01    0.7680E-01    0.7469E-01    0.7357E-01    0.7299E-01    0.7261E-01    0.7215E-01    0.7182E-01    0.7157E-01    0.7145E-01   -0.9990E+03   -0.9990E+03   -0.9990E+03   -0.9990E+03   -0.9990E+03   -0.9990E+03   -0.9990E+03   -0.9990E+03   -0.9990E+03   -0.9990E+03   -0.9990E+03   -0.9990E+03   -0.9990E+03   -0.9990E+03   -0.9990E+03   -0.9990E+03   -0.9990E+03   -0.9990E+03   -0.9990E+03   -0.9990E+03
   -0.9990E+03   -0.9990E+03   -0.9990E+03   -0.9990E+03   -0.9990E+03   -0.9990E+03   -0.9990E+03   -0.9990E+03   -0.9990E+03   -0.9990E+03   -0.9990E+03   -0.9990E+03   -0.9990E+03   -0.9990E+03   -0.9990E+03   -0.9990E+03   -0.9990E+03   -0.9990E+03   -0.9990E+03   -0.9990E+03   -0.9990E+03   -0.9990E+03   -0.9990E+03   -0.9990E+03   -0.9990E+03   -0.9990E+03    0.3611E+05    0.3611E+05    0.3611E+05    0.3611E+05    0.3611E+05    0.3611E+05    0.3611E+05    0.7856E-01    0.7503E-01    0.1559E-01    0.1601E-01    0.1637E-01    0.1677E-01    0.2077E+00    0.1696E-01    0.1890E-01    0.1692E+00    0.8703E-01    0.8440E-01    0.8085E-01    0.7856E-01    0.7671E-01    0.7402E-01    0.7234E-01    0.2511E+00    0.2536E+00    0.2467E+00    0.2468E+00   -0.9990E+03   -0.9990E+03   -0.9990E+03   -0.9990E+03   -0.9990E+03   -0.9990E+03   -0.9990E+03   -0.9990E+03   -0.9990E+03   -0.9990E+03   -0.9990E+03   -0.9990E+03   -0.9990E+03   -0.9990E+03   -0.9990E+03   -0.9990E+03   -0.9990E+03   -0.9990E+03   -0.9990E+03   -0.9990E+03   -0.9990E+03   -0.9990E+03
   -0.9990E+03   -0.9990E+03   -0.9990E+03   -0.9990E+03   -0.9990E+03   -0.9990E+03   -0.9990E+03   -0.9990E+03   -0.9990E+03   -0.9990E+03   -0.9990E+03   -0.9990E+03   -0.9990E+03   -0.9990E+03   -0.9990E+03   -0.9990E+03   -0.9990E+03   -0.9990E+03   -0.9990E+03   -0.9990E+03   -0.9990E+03   -0.9990E+03   -0.9990E+03   -0.9990E+03   -0.9990E+03   -0.9990E+03   -0.9990E+03    0.3611E+05    0.3611E+05    0.3611E+05    0.3611E+05    0.3611E+05    0.3611E+05    0.7693E-01    0.7598E-01    0.7372E-01    0.1604E-01    0.1641E-01    0.1696E-01    0.2178E+00    0.8248E-01    0.9038E-01    0.9522E-01    0.9082E-01    0.8542E-01    0.8070E-01    0.7842E-01    0.2488E+00    0.2545E+00    0.2546E+00    0.2513E+00    0.2526E+00    0.2527E+00   -0.9990E+03   -0.9990E+03   -0.9990E+03   -0.9990E+03   -0.9990E+03   -0.9990E+03   -0.9990E+03   -0.9990E+03   -0.9990E+03   -0.9990E+03   -0.9990E+03   -0.9990E+03   -0.9990E+03   -0.9990E+03   -0.9990E+03   -0.9990E+03   -0.9990E+03   -0.9990E+03   -0.9990E+03   -0.9990E+03   -0.9990E+03   -0.9990E+03   -0.9990E+03
   -0.9990E+03   -0.9990E+03   -0.9990E+03   -0.9990E+03   -0.9990E+03   -0.9990E+03   -0.9990E+03   -0.9990E+03   -0.9990E+03   -0.9990E+03   -0.9990E+03   -0.9990E+03   -0.9990E+03   -0.9990E+03   -0.9990E+03   -0.9990E+03   -0.9990E+03   -0.9990E+03   -0.9990E+03   -0.9990E+03   -0.9990E+03   -0.9990E+03   -0.9990E+03   -0.9990E+03   -0.9990E+03   -0.9990E+03   -0.9990E+03   -0.9990E+03   -0.9990E+03    0.3611E+05    0.3611E+05    0.3611E+05    0.3611E+05    0.7770E-01    0.7703E-01    0.7311E-01    0.2596E+00    0.2590E+00    0.7806E-01    0.8072E-01    0.8412E-01    0.9218E-01    0.9637E-01    0.9073E-01    0.8413E-01    0.2702E+00    0.2621E+00    0.2539E+00    0.2644E+00    0.2693E+00    0.2637E+00   -0.9990E+03   -0.9990E+03   -0.9990E+03   -0.9990E+03   -0.9990E+03   -0.9990E+03   -0.9990E+03   -0.9990E+03   -0.9990E+03   -0.9990E+03   -0.9990E+03   -0.9990E+03   -0.9990E+03   -0.9990E+03   -0.9990E+03   -0.9990E+03   -0.9990E+03   -0.9990E+03   -0.9990E+03   -0.9990E+03   -0.9990E+03   -0.9990E+03   -0.9990E+03   -0.9990E+03   -0.9990E+03
   -0.9990E+03   -0.9990E+03   -0.9990E+03   -0.9990E+03   -0.9990E+03   -0.9990E+03   -0.9990E+03   -0.9990E+03   -0.9990E+03   -0.9990E+03   -0.9990E+03   -0.9990E+03   -0.9990E+03   -0.9990E+03   -0.9990E+03   -0.9990E+03   -0.9990E+03   -0.9990E+03   -0.9990E+03   -0.9990E+03   -0.9990E+03   -0.9990E+03   -0.9990E+03   -0.9990E+03    0.3611E+05    0.3611E+05   -0.9990E+03   -0.9990E+03   -0.9990E+03   -0.9990E+03    0.3611E+05    0.3611E+05    0.3611E+05    0.7805E-01    0.7776E-01    0.7523E-01    0.2865E+00    0.2796E+00    0.7722E-01    0.7953E-01    0.8235E-01    0.2709E+00    0.2020E+00    0.1947E+00    0.2189E+00    0.2475E+00    0.2569E+00    0.2654E+00    0.2757E+00    0.2828E+00    0.2864E+00    0.2748E+00   -0.9990E+03   -0.9990E+03   -0.9990E+03   -0.9990E+03   -0.9990E+03   -0.9990E+03   -0.9990E+03   -0.9990E+03   -0.9990E+03   -0.9990E+03   -0.9990E+03   -0.9990E+03   -0.9990E+03   -0.9990E+03   -0.9990E+03   -0.9990E+03   -0.9990E+03   -0.9990E+03   -0.9990E+03   -0.9990E+03   -0.9990E+03   -0.9990E+03   -0.9990E+03   -0.9990E+03
   -0.9990E+03   -0.9990E+03   -0.9990E+03   -0.9990E+03   -0.9990E+03   -0.9990E+03   -0.9990E+03   -0.9990E+03   -0.9990E+03   -0.9990E+03   -0.9990E+03   -0.9990E+03   -0.9990E+03   -0.9990E+03   -0.9990E+03   -0.9990E+03   -0.9990E+03   -0.9990E+03   -0.9990E+03   -0.9990E+03   -0.9990E+03   -0.9990E+03   -0.9990E+03   -0.9990E+03    0.3611E+05    0.3611E+05    0.3611E+05   -0.9990E+03   -0.9990E+03   -0.9990E+03    0.3611E+05    0.9338E-01    0.7959E-01    0.7813E-01    0.7663E-01    0.7707E-01    0.3012E+00    0.2999E+00    0.3332E+00    0.3455E+00    0.2843E+00    0.2556E+00    0.2211E+00    0.1976E+00    0.2137E+00    0.2420E+00    0.2588E+00    0.2731E+00    0.2914E+00    0.3030E+00    0.2981E+00    0.2929E+00   -0.9990E+03   -0.9990E+03   -0.9990E+03   -0.9990E+03   -0.9990E+03   -0.9990E+03   -0.9990E+03   -0.9990E+03   -0.9990E+03   -0.9990E+03   -0.9990E+03   -0.9990E+03   -0.9990E+03   -0.9990E+03   -0.9990E+03   -0.9990E+03   -0.9990E+03   -0.9990E+03   -0.9990E+03   -0.9990E+03   -0.9990E+03   -0.9990E+03   -0.9990E+03   -0.9990E+03
   -0.9990E+03   -0.9990E+03   -0.9990E+03   -0.9990E+03   -0.9990E+03   -0.9990E+03   -0.9990E+03   -0.9990E+03   -0.9990E+03   -0.9990E+03   -0.9990E+03   -0.9990E+03   -0.9990E+03   -0.9990E+03   -0.9990E+03   -0.9990E+03   -0.9990E+03   -0.9990E+03   -0.9990E+03   -0.9990E+03   -0.9990E+03   -0.9990E+03   -0.9990E+03   -0.9990E+03    0.3611E+05    0.3611E+05    0.3611E+05   -0.9990E+03   -0.9990E+03   -0.9990E+03   -0.9990E+03    0.3611E+05    0.9229E-01    0.7847E-01    0.7723E-01    0.7593E-01    0.3396E+00    0.3226E+00    0.3706E+00    0.3297E+00    0.2969E+00    0.2613E+00    0.2346E+00    0.2140E+00    0.2233E+00    0.2467E+00    0.2659E+00    0.2866E+00    0.3249E+00    0.3707E+00    0.3417E+00    0.3141E+00   -0.9990E+03   -0.9990E+03   -0.9990E+03   -0.9990E+03   -0.9990E+03   -0.9990E+03   -0.9990E+03   -0.9990E+03   -0.9990E+03   -0.9990E+03   -0.9990E+03   -0.9990E+03   -0.9990E+03   -0.9990E+03   -0.9990E+03   -0.9990E+03   -0.9990E+03   -0.9990E+03   -0.9990E+03   -0.9990E+03   -0.9990E+03   -0.9990E+03   -0.9990E+03   -0.9990E+03
   -0.9990E+03   -0.9990E+03   -0.9990E+03   -0.9990E+03   -0.9990E+03   -0.9990E+03   -0.9990E+03   -0.9990E+03   -0.9990E+03   -0.9990E+03   -0.9990E+03   -0.9990E+03   -0.9990E+03   -0.9990E+03   -0.9990E+03   -0.9990E+03   -0.9990E+03   -0.9990E+03   -0.9990E+03   -0.9990E+03   -0.9990E+03   -0.9990E+03   -0.9990E+03   -0.9990E+03    0.3611E+05    0.3611E+05    0.3611E+05    0.3611E+05   -0.9990E+03   -0.9990E+03   -0.9990E+03   -0.9990E+03    0.4685E+00    0.5672E+00    0.7742E-01    0.7624E-01    0.3580E+00    0.3863E+00    0.3940E+00    0.3523E+00    0.3148E+00    0.2779E+00    0.2528E+00    0.2381E+00    0.2370E+00    0.2552E+00    0.2744E+00    0.2980E+00    0.3443E+00    0.4215E+00    0.3654E+00   -0.9990E+03   -0.9990E+03   -0.9990E+03   -0.9990E+03   -0.9990E+03   -0.9990E+03   -0.9990E+03   -0.9990E+03   -0.9990E+03   -0.9990E+03   -0.9990E+03   -0.9990E+03   -0.9990E+03   -0.9990E+03   -0.9990E+03   -0.9990E+03   -0.9990E+03   -0.9990E+03   -0.9990E+03   -0.9990E+03   -0.9990E+03   -0.9990E+03   -0.9990E+03   -0.9990E+03   -0.9990E+03
   -0.9990E+03   -0.9990E+03   -0.9990E+03   -0.9990E+03   -0.9990E+03   -0.9990E+03   -0.9990E+03   -0.9990E+03   -0.9990E+03   -0.9990E+03   -0.9990E+03   -0.9990E+03   -0.9990E+03   -0.9990E+03   -0.9990E+03   -0.9990E+03   -0.9990E+03   -0.9990E+03   -0.9990E+03   -0.9990E+03   -0.9990E+03   -0.9990E+03   -0.9990E+03   -0.9990E+03    0.3611E+05    0.3611E+05    0.3611E+05   -0.9990E+03   -0.9990E+03   -0.9990E+03   -0.9990E+03   -0.9990E+03    0.5401E+00    0.7133E+00    0.7148E+00    0.7448E+00    0.7061E+00    0.4582E+00    0.4814E+00    0.3942E+00    0.3357E+00    0.2846E+00    0.2694E+00    0.2515E+00    0.2384E+00    0.2642E+00    0.2839E+00    0.3071E+00    0.3646E+00    0.3683E+00   -0.9990E+03   -0.9990E+03   -0.9990E+03   -0.9990E+03   -0.9990E+03   -0.9990E+03   -0.9990E+03   -0.9990E+03   -0.9990E+03   -0.9990E+03   -0.9990E+03   -0.9990E+03   -0.9990E+03   -0.9990E+03   -0.9990E+03   -0.9990E+03   -0.9990E+03   -0.9990E+03   -0.9990E+03   -0.9990E+03   -0.9990E+03   -0.9990E+03   -0.9990E+03   -0.9990E+03   -0.9990E+03   -0.9990E+03
   -0.9990E+03   -0.9990E+03   -0.9990E+03   -0.9990E+03   -0.9990E+03   -0.9990E+03   -0.9990E+03   -0.9990E+03   -0.9990E+03   -0.9990E+03   -0.9990E+03   -0.9990E+03   -0.9990E+03   -0.9990E+03   -0.9990E+03   -0.9990E+03   -0.9990E+03   -0.9990E+03   -0.9990E+03   -0.9990E+03   -0.9990E+03   -0.9990E+03   -0.9990E+03   -0.9990E+03    0.3611E+05    0.3611E+05   -0.9990E+03   -0.9990E+03   -0.9990E+03   -0.9990E+03   -0.9990E+03   -0.9990E+03    0.3611E+05    0.5798E+00    0.7441E+00    0.6264E+00    0.7137E+00    0.4912E+00    0.4796E+00    0.3994E+00    0.3477E+00    0.3053E+00    0.2863E+00    0.2683E+00    0.2563E+00    0.2772E+00    0.2985E+00    0.3176E+00    0.3445E+00    0.3496E+00   -0.9990E+03   -0.9990E+03   -0.9990E+03   -0.9990E+03   -0.9990E+03   -0.9990E+03   -0.9990E+03   -0.9990E+03   -0.9990E+03   -0.9990E+03   -0.9990E+03   -0.9990E+03   -0.9990E+03   -0.9990E+03   -0.9990E+03   -0.9990E+03   -0.9990E+03   -0.9990E+03   -0.9990E+03   -0.9990E+03   -0.9990E+03   -0.9990E+03   -0.9990E+03   -0.9990E+03   -0.9990E+03   -0.9990E+03
   -0.9990E+03   -0.9990E+03   -0.9990E+03   -0.9990E+03   -0.9990E+03   -0.9990E+03   -0.9990E+03   -0.9990E+03   -0.9990E+03   -0.9990E+03   -0.9990E+03   -0.9990E+03   -0.9990E+03   -0.9990E+03   -0.9990E+03   -0.9990E+03   -0.9990E+03   -0.9990E+03   -0.9990E+03   -0.9990E+03   -0.9990E+03   -0.9990E+03   -0.9990E+03   -0.9990E+03    0.3611E+05    0.3611E+05   -0.9990E+03   -0.9990E+03   -0.9990E+03   -0.9990E+03    0.3611E+05    0.3611E+05    0.7315E+00    0.8228E+00    0.7128E+00    0.7534E+00    0.7030E+00    0.6123E+00    0.5907E+00    0.5187E+00    0.3361E+00    0.3057E+00    0.2974E+00    0.2873E+00    0.2866E+00    0.2965E+00    0.3175E+00    0.3267E+00    0.3140E+00    0.3138E+00   -0.9990E+03   -0.9990E+03   -0.9990E+03   -0.9990E+03   -0.9990E+03   -0.9990E+03   -0.9990E+03   -0.9990E+03   -0.9990E+03   -0.9990E+03   -0.9990E+03   -0.9990E+03   -0.9990E+03   -0.9990E+03   -0.9990E+03   -0.9990E+03   -0.9990E+03   -0.9990E+03   -0.9990E+03   -0.9990E+03   -0.9990E+03   -0.9990E+03   -0.9990E+03   -0.9990E+03   -0.9990E+03   -0.9990E+03
   -0.9990E+03   -0.9990E+03   -0.9990E+03   -0.9990E+03   -0.9990E+03   -0.9990E+03   -0.9990E+03   -0.9990E+03   -0.9990E+03   -0.9990E+03   -0.9990E+03   -0.9990E+03   -0.9990E+03   -0.9990E+03   -0.9990E+03   -0.9990E+03   -0.9990E+03   -0.9990E+03   -0.9990E+03   -0.9990E+03   -0.9990E+03   -0.9990E+03   -0.9990E+03    0.3611E+05    0.3611E+05    0.3611E+05    0.3611E+05    0.3611E+05    0.3611E+05    0.3611E+05    0.3611E+05    0.3611E+05    0.9264E+00    0.9139E+00    0.3611E+05    0.7406E+00    0.5686E+00    0.5127E+00    0.4667E+00    0.5197E+00    0.4771E+00    0.3663E+00    0.3299E+00    0.3319E+00    0.3522E+00    0.3903E+00    0.3935E+00    0.3804E+00    0.2956E+00    0.2962E+00   -0.9990E+03   -0.9990E+03   -0.9990E+03   -0.9990E+03   -0.9990E+03   -0.9990E+03   -0.9990E+03   -0.9990E+03   -0.9990E+03   -0.9990E+03   -0.9990E+03   -0.9990E+03   -0.9990E+03   -0.9990E+03   -0.9990E+03   -0.9990E+03   -0.9990E+03   -0.9990E+03   -0.9990E+03   -0.9990E+03   -0.9990E+03   -0.9990E+03   -0.9990E+03   -0.9990E+03   -0.9990E+03   -0.9990E+03
   -0.9990E+03   -0.9990E+03   -0.9990E+03   -0.9990E+03   -0.9990E+03   -0.9990E+03   -0.9990E+03   -0.9990E+03   -0.9990E+03   -0.9990E+03   -0.9990E+03   -0.9990E+03   -0.9990E+03   -0.9990E+03   -0.9990E+03   -0.9990E+03   -0.9990E+03   -0.9990E+03   -0.9990E+03   -0.9990E+03   -0.9990E+03   -0.9990E+03   -0.9990E+03    0.3611E+05    0.3611E+05    0.3611E+05    0.3611E+05    0.3611E+05    0.3611E+05    0.3611E+05    0.3611E+05    0.3611E+05    0.7794E+00    0.7184E+00   -0.9990E+03   -0.9990E+03   -0.9990E+03   -0.9990E+03   -0.9990E+03    0.5785E+00    0.5269E+00    0.3408E+00    0.3024E+00    0.3023E+00    0.3274E+00    0.4893E+00    0.3824E+00    0.3821E+00    0.3595E+00    0.3643E+00   -0.9990E+03   -0.9990E+03   -0.9990E+03   -0.9990E+03   -0.9990E+03   -0.9990E+03   -0.9990E+03   -0.9990E+03   -0.9990E+03   -0.9990E+03   -0.9990E+03   -0.9990E+03   -0.9990E+03   -0.9990E+03   -0.9990E+03   -0.9990E+03   -0.9990E+03   -0.9990E+03   -0.9990E+03   -0.9990E+03   -0.9990E+03   -0.9990E+03   -0.9990E+03   -0.9990E+03   -0.9990E+03   -0.9990E+03
   -0.9990E+03   -0.9990E+03   -0.9990E+03   -0.9990E+03   -0.9990E+03   -0.9990E+03   -0.9990E+03   -0.9990E+03   -0.9990E+03   -0.9990E+03   -0.9990E+03   -0.9990E+03   -0.9990E+03   -0.9990E+03   -0.9990E+03   -0.9990E+03   -0.9990E+03   -0.9990E+03   -0.9990E+03   -0.9990E+03   -0.9990E+03   -0.9990E+03   -0.9990E+03   -0.9990E+03    0.3611E+05    0.3611E+05    0.3611E+05    0.3611E+05    0.3611E+05    0.3611E+05   -0.9990E+03   -0.9990E+03   -0.9990E+03   -0.9990E+03   -0.9990E+03    0.6281E+00   -0.9990E+03   -0.9990E+03    0.4104E+00    0.4444E+00    0.3771E+00    0.2780E+00   -0.2993E-01    0.2702E+00    0.2977E+00    0.3294E+00    0.3346E+00    0.3348E+00    0.3529E+00    0.3343E+00    0.3360E+00   -0.9990E+03   -0.9990E+03   -0.9990E+03   -0.9990E+03   -0.9990E+03   -0.9990E+03   -0.9990E+03   -0.9990E+03   -0.9990E+03   -0.9990E+03   -0.9990E+03   -0.9990E+03   -0.9990E+03   -0.9990E+03   -0.9990E+03   -0.9990E+03   -0.9990E+03   -0.9990E+03   -0.9990E+03   -0.9990E+03   -0.9990E+03   -0.9990E+03   -0.9990E+03   -0.9990E+03   -0.9990E+03
   -0.9990E+03   -0.9990E+03   -0.9990E+03   -0.9990E+03   -0.9990E+03   -0.9990E+03   -0.9990E+03   -0.9990E+03   -0.9990E+03   -0.9990E+03   -0.9990E+03   -0.9990E+03   -0.9990E+03   -0.9990E+03   -0.9990E+03   -0.9990E+03   -0.9990E+03   -0.9990E+03   -0.9990E+03   -0.9990E+03   -0.9990E+03   -0.9990E+03   -0.9990E+03   -0.9990E+03   -0.9990E+03    0.3611E+05    0.3611E+05    0.3611E+05   -0.9990E+03   -0.9990E+03   -0.9990E+03   -0.9990E+03   -0.9990E+03   -0.9990E+03   -0.9990E+03   -0.9990E+03   -0.9990E+03   -0.9990E+03   -0.9990E+03    0.2977E+00    0.3329E+00    0.2662E+00    0.2477E+00    0.2578E+00    0.2782E+00    0.3025E+00    0.3144E+00    0.3080E+00    0.3128E+00    0.3300E+00    0.3064E+00   -0.9990E+03   -0.9990E+03   -0.9990E+03   -0.9990E+03   -0.9990E+03   -0.9990E+03   -0.9990E+03   -0.9990E+03   -0.9990E+03   -0.9990E+03   -0.9990E+03   -0.9990E+03   -0.9990E+03   -0.9990E+03   -0.9990E+03   -0.9990E+03   -0.9990E+03   -0.9990E+03   -0.9990E+03   -0.9990E+03   -0.9990E+03   -0.9990E+03   -0.9990E+03   -0.9990E+03   -0.9990E+03
   -0.9990E+03   -0.9990E+03   -0.9990E+03   -0.9990E+03   -0.9990E+03   -0.9990E+03   -0.9990E+03   -0.9990E+03   -0.9990E+03   -0.9990E+03   -0.9990E+03   -0.9990E+03   -0.9990E+03   -0.9990E+03   -0.9990E+03   -0.9990E+03   -0.9990E+03   -0.9990E+03   -0.9990E+03   -0.9990E+03   -0.9990E+03   -0.9990E+03   -0.9990E+03   -0.9990E+03   -0.9990E+03   -0.9990E+03   -0.9990E+03   -0.9990E+03   -0.9990E+03   -0.9990E+03   -0.9990E+03   -0.9990E+03   -0.9990E+03   -0.9990E+03   -0.9990E+03    0.6716E+00   -0.9990E+03   -0.9990E+03   -0.9990E+03    0.2686E+00    0.2981E+00    0.2726E+00    0.2581E+00    0.2559E+00    0.2600E+00    0.2770E+00    0.2888E+00    0.2976E+00    0.3051E+00    0.3084E+00    0.3351E+00    0.3388E+00   -0.9990E+03   -0.9990E+03   -0.9990E+03   -0.9990E+03   -0.9990E+03   -0.9990E+03   -0.9990E+03   -0.9990E+03   -0.9990E+03   -0.9990E+03   -0.9990E+03   -0.9990E+03   -0.9990E+03   -0.9990E+03   -0.9990E+03   -0.9990E+03   -0.9990E+03   -0.9990E+03   -0.9990E+03   -0.9990E+03   -0.9990E+03   -0.9990E+03   -0.9990E+03   -0.9990E+03
   -0.9990E+03   -0.9990E+03   -0.9990E+03   -0.9990E+03   -0.9990E+03   -0.9990E+03   -0.9990E+03   -0.9990E+03   -0.9990E+03   -0.9990E+03   -0.9990E+03   -0.9990E+03   -0.9990E+03   -0.9990E+03   -0.9990E+03   -0.9990E+03   -0.9990E+03   -0.9990E+03   -0.9990E+03   -0.9990E+03   -0.9990E+03   -0.9990E+03   -0.9990E+03   -0.9990E+03   -0.9990E+03   -0.9990E+03   -0.9990E+03   -0.9990E+03   -0.9990E+03   -0.9990E+03   -0.9990E+03   -0.9990E+03   -0.9990E+03   -0.9990E+03   -0.9990E+03   -0.9990E+03    0.3920E+00    0.3633E+00    0.2725E+00    0.3101E+00    0.2874E+00    0.2638E+00    0.2531E+00    0.2495E+00    0.2569E+00    0.2816E+00    0.2808E+00    0.2917E+00    0.3211E+00    0.3286E+00    0.3338E+00    0.3375E+00   -0.9990E+03   -0.9990E+03   -0.9990E+03   -0.9990E+03   -0.9990E+03   -0.9990E+03   -0.9990E+03   -0.9990E+03   -0.9990E+03   -0.9990E+03   -0.9990E+03   -0.9990E+03   -0.9990E+03   -0.9990E+03   -0.9990E+03   -0.9990E+03   -0.9990E+03   -0.9990E+03   -0.9990E+03   -0.9990E+03   -0.9990E+03   -0.9990E+03   -0.9990E+03   -0.9990E+03
   -0.9990E+03   -0.9990E+03   -0.9990E+03   -0.9990E+03   -0.9990E+03   -0.9990E+03   -0.9990E+03   -0.9990E+03   -0.9990E+03   -0.9990E+03   -0.9990E+03   -0.9990E+03   -0.9990E+03   -0.9990E+03   -0.9990E+03   -0.9990E+03   -0.9990E+03   -0.9990E+03   -0.9990E+03   -0.9990E+03   -0.9990E+03   -0.9990E+03   -0.9990E+03   -0.9990E+03   -0.9990E+03   -0.9990E+03   -0.9990E+03   -0.9990E+03   -0.9990E+03   -0.9990E+03   -0.9990E+03   -0.9990E+03   -0.9990E+03   -0.9990E+03   -0.9990E+03    0.4007E+00    0.4067E+00    0.3437E+00    0.2256E+00    0.2721E+00    0.2588E+00    0.2370E+00    0.2303E+00    0.2336E+00    0.2493E+00    0.2801E+00    0.3015E+00    0.3213E+00    0.3412E+00    0.3299E+00    0.3343E+00    0.3376E+00   -0.9990E+03   -0.9990E+03   -0.9990E+03   -0.9990E+03   -0.9990E+03   -0.9990E+03   -0.9990E+03   -0.9990E+03   -0.9990E+03   -0.9990E+03   -0.9990E+03   -0.9990E+03   -0.9990E+03   -0.9990E+03   -0.9990E+03   -0.9990E+03   -0.9990E+03   -0.9990E+03   -0.9990E+03   -0.9990E+03   -0.9990E+03   -0.9990E+03   -0.9990E+03   -0.9990E+03
   -0.9990E+03   -0.9990E+03   -0.9990E+03   -0.9990E+03   -0.9990E+03   -0.9990E+03   -0.9990E+03   -0.9990E+03   -0.9990E+03   -0.9990E+03   -0.9990E+03   -0.9990E+03   -0.9990E+03   -0.9990E+03   -0.9990E+03   -0.9990E+03   -0.9990E+03   -0.9990E+03   -0.9990E+03   -0.9990E+03   -0.9990E+03   -0.9990E+03   -0.9990E+03   -0.9990E+03   -0.9990E+03   -0.9990E+03   -0.9990E+03   -0.9990E+03   -0.9990E+03   -0.9990E+03   -0.9990E+03   -0.9990E+03   -0.9990E+03   -0.9990E+03    0.5170E+00    0.4390E+00    0.3718E+00    0.3241E+00    0.2771E+00    0.2627E+00    0.2427E+00    0.2219E+00    0.2110E+00    0.2192E+00    0.2526E+00    0.2798E+00    0.3021E+00    0.3275E+00    0.3472E+00    0.3533E+00    0.3597E+00   -0.9990E+03   -0.9990E+03   -0.9990E+03   -0.9990E+03   -0.9990E+03   -0.9990E+03   -0.9990E+03   -0.9990E+03   -0.9990E+03   -0.9990E+03   -0.9990E+03   -0.9990E+03   -0.9990E+03   -0.9990E+03   -0.9990E+03   -0.9990E+03   -0.9990E+03   -0.9990E+03   -0.9990E+03   -0.9990E+03   -0.9990E+03   -0.9990E+03   -0.9990E+03   -0.9990E+03   -0.9990E+03
   -0.9990E+03   -0.9990E+03   -0.9990E+03   -0.9990E+03   -0.9990E+03   -0.9990E+03   -0.9990E+03   -0.9990E+03   -0.9990E+03   -0.9990E+03   -0.9990E+03   -0.9990E+03   -0.9990E+03   -0.9990E+03   -0.9990E+03   -0.9990E+03   -0.9990E+03   -0.9990E+03   -0.9990E+03   -0.9990E+03   -0.9990E+03   -0.9990E+03   -0.9990E+03   -0.9990E+03   -0.9990E+03   -0.9990E+03   -0.9990E+03   -0.9990E+03   -0.9990E+03   -0.9990E+03   -0.9990E+03   -0.9990E+03   -0.9990E+03   -0.9990E+03    0.3836E+00    0.3653E+00    0.3414E+00    0.3136E+00    0.2850E+00    0.2645E+00    0.2404E+00    0.2172E+00    0.1877E+00    0.2206E+00    0.2525E+00    0.2862E+00    0.3077E+00    0.3432E+00    0.3561E+00    0.3563E+00    0.3603E+00    0.3657E+00   -0.9990E+03   -0.9990E+03   -0.9990E+03   -0.9990E+03   -0.9990E+03   -0.9990E+03   -0.9990E+03   -0.9990E+03   -0.9990E+03   -0.9990E+03   -0.9990E+03   -0.9990E+03   -0.9990E+03   -0.9990E+03   -0.9990E+03   -0.9990E+03   -0.9990E+03   -0.9990E+03   -0.9990E+03   -0.9990E+03   -0.9990E+03   -0.9990E+03   -0.9990E+03   -0.9990E+03
   -0.9990E+03   -0.9990E+03   -0.9990E+03   -0.9990E+03   -0.9990E+03   -0.9990E+03   -0.9990E+03   -0.9990E+03   -0.9990E+03   -0.9990E+03   -0.9990E+03   -0.9990E+03   -0.9990E+03   -0.9990E+03   -0.9990E+03   -0.9990E+03   -0.9990E+03   -0.9990E+03   -0.9990E+03   -0.9990E+03   -0.9990E+03   -0.9990E+03   -0.9990E+03   -0.9990E+03   -0.9990E+03   -0.9990E+03   -0.9990E+03   -0.9990E+03   -0.9990E+03   -0.9990E+03   -0.9990E+03   -0.9990E+03   -0.9990E+03    0.3587E+00    0.2690E+00    0.3287E+00    0.3247E+00    0.3202E+00    0.2978E+00    0.2753E+00    0.2600E+00    0.2435E+00    0.2464E+00    0.2531E+00    0.2708E+00    0.2969E+00    0.3054E+00    0.3348E+00    0.3518E+00    0.3578E+00    0.3623E+00   -0.9990E+03   -0.9990E+03   -0.9990E+03   -0.9990E+03   -0.9990E+03   -0.9990E+03   -0.9990E+03   -0.9990E+03   -0.9990E+03   -0.9990E+03   -0.9990E+03   -0.9990E+03   -0.9990E+03   -0.9990E+03   -0.9990E+03   -0.9990E+03   -0.9990E+03   -0.9990E+03   -0.9990E+03   -0.9990E+03   -0.9990E+03   -0.9990E+03   -0.9990E+03   -0.9990E+03   -0.9990E+03
   -0.9990E+03   -0.9990E+03   -0.9990E+03   -0.9990E+03   -0.9990E+03   -0.9990E+03   -0.9990E+03   -0.9990E+03   -0.9990E+03   -0.9990E+03   -0.9990E+03   -0.9990E+03   -0.9990E+03   -0.9990E+03   -0.9990E+03   -0.9990E+03   -0.9990E+03   -0.9990E+03   -0.9990E+03   -0.9990E+03   -0.9990E+03   -0.9990E+03   -0.9990E+03   -0.9990E+03   -0.9990E+03   -0.9990E+03   -0.9990E+03   -0.9990E+03   -0.9990E+03   -0.9990E+03   -0.9990E+03    0.4169E+00    0.3351E+00    0.3620E+00    0.3202E+00    0.3242E+00    0.3240E+00    0.3155E+00    0.3070E+00    0.2438E+00    0.2347E+00    0.2761E+00    0.2779E+00    0.2826E+00    0.2932E+00    0.3087E+00    0.3238E+00    0.3187E+00    0.3301E+00    0.3594E+00   -0.9990E+03   -0.9990E+03   -0.9990E+03   -0.9990E+03   -0.9990E+03   -0.9990E+03   -0.9990E+03   -0.9990E+03   -0.9990E+03   -0.9990E+03   -0.9990E+03   -0.9990E+03   -0.9990E+03   -0.9990E+03   -0.9990E+03   -0.9990E+03   -0.9990E+03   -0.9990E+03   -0.9990E+03   -0.9990E+03   -0.9990E+03   -0.9990E+03   -0.9990E+03   -0.9990E+03   -0.9990E+03   -0.9990E+03
   -0.9990E+03   -0.9990E+03   -0.9990E+03   -0.9990E+03   -0.9990E+03   -0.9990E+03   -0.9990E+03   -0.9990E+03   -0.9990E+03   -0.9990E+03   -0.9990E+03   -0.9990E+03   -0.9990E+03   -0.9990E+03   -0.9990E+03   -0.9990E+03   -0.9990E+03   -0.9990E+03   -0.9990E+03   -0.9990E+03   -0.9990E+03   -0.9990E+03   -0.9990E+03   -0.9990E+03   -0.9990E+03   -0.9990E+03   -0.9990E+03   -0.9990E+03   -0.9990E+03   -0.9990E+03   -0.9990E+03    0.3604E+00    0.3563E+00    0.3578E+00    0.3528E+00    0.3392E+00    0.3307E+00    0.3228E+00    0.3172E+00    0.2770E+00   -0.9990E+03    0.3028E+00    0.3069E+00    0.3064E+00    0.3123E+00    0.3255E+00    0.3317E+00    0.3424E+00    0.3377E+00   -0.9990E+03   -0.9990E+03   -0.9990E+03   -0.9990E+03   -0.9990E+03   -0.9990E+03   -0.9990E+03   -0.9990E+03   -0.9990E+03   -0.9990E+03   -0.9990E+03   -0.9990E+03   -0.9990E+03   -0.9990E+03   -0.9990E+03   -0.9990E+03   -0.9990E+03   -0.9990E+03   -0.9990E+03   -0.9990E+03   -0.9990E+03   -0.9990E+03   -0.9990E+03   -0.9990E+03   -0.9990E+03   -0.9990E+03   -0.9990E+03
   -0.9990E+03   -0.9990E+03   -0.9990E+03   -0.9990E+03   -0.9990E+03   -0.9990E+03   -0.9990E+03   -0.9990E+03   -0.9990E+03   -0.9990E+03   -0.9990E+03   -0.9990E+03   -0.9990E+03   -0.9990E+03   -0.9990E+03   -0.9990E+03   -0.9990E+03   -0.9990E+03   -0.9990E+03   -0.9990E+03   -0.9990E+03   -0.9990E+03   -0.9990E+03   -0.9990E+03   -0.9990E+03   -0.9990E+03   -0.9990E+03   -0.9990E+03   -0.9990E+03   -0.9990E+03   -0.9990E+03    0.3608E+00    0.3619E+00    0.3627E+00    0.3735E+00    0.3265E+00    0.3421E+00    0.3436E+00    0.3464E+00    0.3363E+00    0.3323E+00    0.3385E+00    0.3352E+00    0.3321E+00    0.3322E+00    0.3413E+00    0.3502E+00    0.3525E+00   -0.9990E+03   -0.9990E+03   -0.9990E+03   -0.9990E+03   -0.9990E+03   -0.9990E+03   -0.9990E+03   -0.9990E+03   -0.9990E+03   -0.9990E+03   -0.9990E+03   -0.9990E+03   -0.9990E+03   -0.9990E+03   -0.9990E+03   -0.9990E+03   -0.9990E+03   -0.9990E+03   -0.9990E+03   -0.9990E+03   -0.9990E+03   -0.9990E+03   -0.9990E+03   -0.9990E+03   -0.9990E+03   -0.9990E+03   -0.9990E+03   -0.9990E+03
   -0.9990E+03   -0.9990E+03   -0.9990E+03   -0.9990E+03   -0.9990E+03   -0.9990E+03   -0.9990E+03   -0.9990E+03   -0.9990E+03   -0.9990E+03   -0.9990E+03   -0.9990E+03   -0.9990E+03   -0.9990E+03   -0.9990E+03   -0.9990E+03   -0.9990E+03   -0.9990E+03   -0.9990E+03   -0.9990E+03   -0.9990E+03   -0.9990E+03   -0.9990E+03   -0.9990E+03   -0.9990E+03   -0.9990E+03   -0.9990E+03   -0.9990E+03   -0.9990E+03   -0.9990E+03   -0.9990E+03    0.3614E+00    0.3688E+00    0.3650E+00    0.3750E+00    0.3573E+00    0.3459E+00    0.3369E+00    0.3681E+00    0.3534E+00    0.3511E+00    0.3532E+00    0.3542E+00    0.3631E+00    0.3628E+00    0.3723E+00    0.3796E+00    0.3858E+00   -0.9990E+03   -0.9990E+03   -0.9990E+03   -0.9990E+03   -0.9990E+03   -0.9990E+03   -0.9990E+03   -0.9990E+03   -0.9990E+03   -0.9990E+03   -0.9990E+03   -0.9990E+03   -0.9990E+03   -0.9990E+03   -0.9990E+03   -0.9990E+03   -0.9990E+03   -0.9990E+03   -0.9990E+03   -0.9990E+03   -0.9990E+03   -0.9990E+03   -0.9990E+03   -0.9990E+03   -0.9990E+03   -0.9990E+03   -0.9990E+03   -0.9990E+03
   -0.9990E+03   -0.9990E+03   -0.9990E+03   -0.9990E+03   -0.9990E+03   -0.9990E+03   -0.9990E+03   -0.9990E+03   -0.9990E+03   -0.9990E+03   -0.9990E+03   -0.9990E+03   -0.9990E+03   -0.9990E+03   -0.9990E+03   -0.9990E+03   -0.9990E+03   -0.9990E+03   -0.9990E+03   -0.9990E+03   -0.9990E+03   -0.9990E+03   -0.9990E+03   -0.9990E+03   -0.9990E+03   -0.9990E+03   -0.9990E+03   -0.9990E+03   -0.9990E+03   -0.9990E+03   -0.9990E+03    0.2795E+00    0.2859E+00    0.3737E+00    0.3709E+00    0.3609E+00    0.3517E+00    0.3442E+00    0.3437E+00    0.3408E+00    0.3654E+00    0.3645E+00    0.3655E+00    0.3664E+00    0.3690E+00    0.3925E+00    0.4003E+00   -0.9990E+03   -0.9990E+03   -0.9990E+03   -0.9990E+03   -0.9990E+03   -0.9990E+03   -0.9990E+03   -0.9990E+03   -0.9990E+03   -0.9990E+03   -0.9990E+03   -0.9990E+03   -0.9990E+03   -0.9990E+03   -0.9990E+03   -0.9990E+03   -0.9990E+03   -0.9990E+03   -0.9990E+03   -0.9990E+03   -0.9990E+03   -0.9990E+03   -0.9990E+03   -0.9990E+03   -0.9990E+03   -0.9990E+03   -0.9990E+03   -0.9990E+03   -0.9990E+03
   -0.9990E+03   -0.9990E+03   -0.9990E+03   -0.9990E+03   -0.9990E+03   -0.9990E+03   -0.9990E+03   -0.9990E+03   -0.9990E+03   -0.9990E+03   -0.9990E+03   -0.9990E+03   -0.9990E+03   -0.9990E+03   -0.9990E+03   -0.9990E+03   -0.9990E+03   -0.9990E+03   -0.9990E+03   -0.9990E+03   -0.9990E+03   -0.9990E+03   -0.9990E+03   -0.9990E+03   -0.9990E+03   -0.9990E+03   -0.9990E+03   -0.9990E+03   -0.9990E+03   -0.9990E+03    0.2686E+00    0.2767E+00    0.2834E+00    0.2879E+00    0.2894E+00    0.3660E+00    0.3572E+00    0.3572E+00    0.3502E+00    0.3473E+00    0.3462E+00    0.3471E+00    0.3774E+00    0.3803E+00    0.3825E+00    0.3985E+00    0.4097E+00   -0.9990E+03   -0.9990E+03   -0.9990E+03   -0.9990E+03   -0.9990E+03   -0.9990E+03   -0.9990E+03   -0.9990E+03   -0.9990E+03   -0.9990E+03   -0.9990E+03   -0.9990E+03   -0.9990E+03   -0.9990E+03   -0.9990E+03   -0.9990E+03   -0.9990E+03   -0.9990E+03   -0.9990E+03   -0.9990E+03   -0.9990E+03   -0.9990E+03   -0.9990E+03   -0.9990E+03   -0.9990E+03   -0.9990E+03   -0.9990E+03   -0.9990E+03   -0.9990E+03
   -0.9990E+03   -0.9990E+03   -0.9990E+03   -0.9990E+03   -0.9990E+03   -0.9990E+03   -0.9990E+03   -0.9990E+03   -0.9990E+03   -0.9990E+03   -0.9990E+03   -0.9990E+03   -0.9990E+03   -0.9990E+03   -0.9990E+03   -0.9990E+03   -0.9990E+03   -0.9990E+03   -0.9990E+03   -0.9990E+03   -0.9990E+03   -0.9990E+03   -0.9990E+03   -0.9990E+03   -0.9990E+03   -0.9990E+03   -0.9990E+03   -0.9990E+03   -0.9990E+03   -0.9990E+03    0.2636E+00    0.2750E+00    0.2835E+00    0.2891E+00    0.2898E+00    0.2825E+00    0.2767E+00    0.2717E+00    0.3571E+00    0.3540E+00    0.3519E+00    0.3530E+00    0.3400E+00    0.3447E+00    0.3499E+00    0.3709E+00    0.4709E+00    0.4793E+00   -0.9990E+03   -0.9990E+03   -0.9990E+03   -0.9990E+03   -0.9990E+03   -0.9990E+03   -0.9990E+03   -0.9990E+03   -0.9990E+03   -0.9990E+03   -0.9990E+03   -0.9990E+03   -0.9990E+03   -0.9990E+03   -0.9990E+03   -0.9990E+03   -0.9990E+03   -0.9990E+03   -0.9990E+03   -0.9990E+03   -0.9990E+03   -0.9990E+03   -0.9990E+03   -0.9990E+03   -0.9990E+03   -0.9990E+03   -0.9990E+03   -0.9990E+03
   -0.9990E+03   -0.9990E+03   -0.9990E+03   -0.9990E+03   -0.9990E+03   -0.9990E+03   -0.9990E+03   -0.9990E+03   -0.9990E+03   -0.9990E+03   -0.9990E+03   -0.9990E+03   -0.9990E+03   -0.9990E+03   -0.9990E+03   -0.9990E+03   -0.9990E+03   -0.9990E+03   -0.9990E+03   -0.9990E+03   -0.9990E+03   -0.9990E+03   -0.9990E+03   -0.9990E+03   -0.9990E+03   -0.9990E+03   -0.9990E+03   -0.9990E+03   -0.9990E+03   -0.9990E+03   -0.9990E+03    0.2746E+00    0.2873E+00    0.2970E+00    0.2959E+00    0.2822E+00    0.2741E+00    0.2738E+00    0.2693E+00    0.3563E+00    0.3549E+00    0.3523E+00    0.3392E+00    0.3435E+00    0.3520E+00    0.3715E+00    0.4041E+00    0.4113E+00   -0.9990E+03   -0.9990E+03   -0.9990E+03   -0.9990E+03   -0.9990E+03   -0.9990E+03   -0.9990E+03   -0.9990E+03   -0.9990E+03   -0.9990E+03   -0.9990E+03   -0.9990E+03   -0.9990E+03   -0.9990E+03   -0.9990E+03   -0.9990E+03   -0.9990E+03   -0.9990E+03   -0.9990E+03   -0.9990E+03   -0.9990E+03   -0.9990E+03   -0.9990E+03   -0.9990E+03   -0.9990E+03   -0.9990E+03   -0.9990E+03   -0.9990E+03
   -0.9990E+03   -0.9990E+03   -0.9990E+03   -0.9990E+03   -0.9990E+03   -0.9990E+03   -0.9990E+03   -0.9990E+03   -0.9990E+03   -0.9990E+03   -0.9990E+03   -0.9990E+03   -0.9990E+03   -0.9990E+03   -0.9990E+03   -0.9990E+03   -0.9990E+03   -0.9990E+03   -0.9990E+03   -0.9990E+03   -0.9990E+03   -0.9990E+03   -0.9990E+03   -0.9990E+03   -0.9990E+03   -0.9990E+03   -0.9990E+03   -0.9990E+03   -0.9990E+03   -0.9990E+03   -0.9990E+03   -0.9990E+03    0.2918E+00    0.3188E+00    0.3087E+00    0.2811E+00    0.2748E+00    0.2683E+00    0.2636E+00    0.2577E+00    0.2575E+00    0.2565E+00    0.2592E+00    0.2624E+00    0.3506E+00    0.3628E+00    0.3730E+00   -0.9990E+03   -0.9990E+03   -0.9990E+03   -0.9990E+03   -0.9990E+03   -0.9990E+03   -0.9990E+03   -0.9990E+03   -0.9990E+03   -0.9990E+03   -0.9990E+03   -0.9990E+03   -0.9990E+03   -0.9990E+03   -0.9990E+03   -0.9990E+03   -0.9990E+03   -0.9990E+03   -0.9990E+03   -0.9990E+03   -0.9990E+03   -0.9990E+03   -0.9990E+03   -0.9990E+03   -0.9990E+03   -0.9990E+03   -0.9990E+03   -0.9990E+03   -0.9990E+03
   -0.9990E+03   -0.9990E+03   -0.9990E+03   -0.9990E+03   -0.9990E+03   -0.9990E+03   -0.9990E+03   -0.9990E+03   -0.9990E+03   -0.9990E+03   -0.9990E+03   -0.9990E+03   -0.9990E+03   -0.9990E+03   -0.9990E+03   -0.9990E+03   -0.9990E+03   -0.9990E+03   -0.9990E+03   -0.9990E+03   -0.9990E+03   -0.9990E+03   -0.9990E+03   -0.9990E+03   -0.9990E+03   -0.9990E+03   -0.9990E+03   -0.9990E+03   -0.9990E+03   -0.9990E+03   -0.9990E+03   -0.9990E+03    0.3116E+00    0.3232E+00    0.3004E+00    0.2663E+00    0.2553E+00    0.2581E+00    0.2546E+00    0.2497E+00    0.2501E+00    0.2495E+00   -0.9990E+03   -0.9990E+03   -0.9990E+03   -0.9990E+03   -0.9990E+03   -0.9990E+03   -0.9990E+03   -0.9990E+03   -0.9990E+03   -0.9990E+03   -0.9990E+03   -0.9990E+03   -0.9990E+03   -0.9990E+03   -0.9990E+03   -0.9990E+03   -0.9990E+03   -0.9990E+03   -0.9990E+03   -0.9990E+03   -0.9990E+03   -0.9990E+03   -0.9990E+03   -0.9990E+03   -0.9990E+03   -0.9990E+03   -0.9990E+03   -0.9990E+03   -0.9990E+03   -0.9990E+03   -0.9990E+03   -0.9990E+03   -0.9990E+03   -0.9990E+03
   -0.9990E+03   -0.9990E+03   -0.9990E+03   -0.9990E+03   -0.9990E+03   -0.9990E+03   -0.9990E+03   -0.9990E+03   -0.9990E+03   -0.9990E+03   -0.9990E+03   -0.9990E+03   -0.9990E+03   -0.9990E+03   -0.9990E+03   -0.9990E+03   -0.9990E+03   -0.9990E+03   -0.9990E+03   -0.9990E+03   -0.9990E+03   -0.9990E+03   -0.9990E+03   -0.9990E+03   -0.9990E+03   -0.9990E+03   -0.9990E+03   -0.9990E+03   -0.9990E+03   -0.9990E+03   -0.9990E+03    0.1680E+00    0.2630E+00    0.2673E+00    0.2618E+00    0.2505E+00    0.2443E+00    0.2404E+00    0.2391E+00    0.2389E+00    0.2441E+00   -0.9990E+03   -0.9990E+03   -0.9990E+03   -0.9990E+03   -0.9990E+03   -0.9990E+03   -0.9990E+03   -0.9990E+03   -0.9990E+03   -0.9990E+03   -0.9990E+03   -0.9990E+03   -0.9990E+03   -0.9990E+03   -0.9990E+03   -0.9990E+03   -0.9990E+03   -0.9990E+03   -0.9990E+03   -0.9990E+03   -0.9990E+03   -0.9990E+03   -0.9990E+03   -0.9990E+03   -0.9990E+03   -0.9990E+03   -0.9990E+03   -0.9990E+03   -0.9990E+03   -0.9990E+03   -0.9990E+03   -0.9990E+03   -0.9990E+03   -0.9990E+03   -0.9990E+03
   -0.9990E+03   -0.9990E+03   -0.9990E+03   -0.9990E+03   -0.9990E+03   -0.9990E+03   -0.9990E+03   -0.9990E+03   -0.9990E+03   -0.9990E+03   -0.9990E+03   -0.9990E+03   -0.9990E+03   -0.9990E+03   -0.9990E+03   -0.9990E+03   -0.9990E+03   -0.9990E+03   -0.9990E+03   -0.9990E+03   -0.9990E+03   -0.9990E+03   -0.9990E+03   -0.9990E+03   -0.9990E+03   -0.9990E+03   -0.9990E+03   -0.9990E+03   -0.9990E+03   -0.9990E+03   -0.9990E+03    0.2271E+00    0.2337E+00    0.2374E+00    0.2379E+00    0.2348E+00    0.2325E+00    0.2308E+00    0.2318E+00    0.2319E+00    0.2327E+00   -0.9990E+03   -0.9990E+03   -0.9990E+03   -0.9990E+03   -0.9990E+03   -0.9990E+03   -0.9990E+03   -0.9990E+03   -0.9990E+03   -0.9990E+03   -0.9990E+03   -0.9990E+03   -0.9990E+03   -0.9990E+03   -0.9990E+03   -0.9990E+03   -0.9990E+03   -0.9990E+03   -0.9990E+03   -0.9990E+03   -0.9990E+03   -0.9990E+03   -0.9990E+03   -0.9990E+03   -0.9990E+03   -0.9990E+03   -0.9990E+03   -0.9990E+03   -0.9990E+03   -0.9990E+03   -0.9990E+03   -0.9990E+03   -0.9990E+03   -0.9990E+03   -0.9990E+03
   -0.9990E+03   -0.9990E+03   -0.9990E+03   -0.9990E+03   -0.9990E+03   -0.9990E+03   -0.9990E+03   -0.9990E+03   -0.9990E+03   -0.9990E+03   -0.9990E+03   -0.9990E+03   -0.9990E+03   -0.9990E+03   -0.9990E+03   -0.9990E+03   -0.9990E+03   -0.9990E+03   -0.9990E+03   -0.9990E+03   -0.9990E+03   -0.9990E+03   -0.9990E+03   -0.9990E+03   -0.9990E+03   -0.9990E+03   -0.9990E+03   -0.9990E+03   -0.9990E+03   -0.9990E+03    0.2105E+00   -0.9990E+03    0.2158E+00    0.2188E+00    0.2209E+00    0.2215E+00    0.2200E+00    0.2215E+00    0.2222E+00    0.2231E+00    0.2263E+00   -0.9990E+03   -0.9990E+03   -0.9990E+03   -0.9990E+03   -0.9990E+03   -0.9990E+03   -0.9990E+03   -0.9990E+03   -0.9990E+03   -0.9990E+03   -0.9990E+03   -0.9990E+03   -0.9990E+03   -0.9990E+03   -0.9990E+03   -0.9990E+03   -0.9990E+03   -0.9990E+03   -0.9990E+03   -0.9990E+03   -0.9990E+03   -0.9990E+03   -0.9990E+03   -0.9990E+03   -0.9990E+03   -0.9990E+03   -0.9990E+03   -0.9990E+03   -0.9990E+03   -0.9990E+03   -0.9990E+03   -0.9990E+03   -0.9990E+03   -0.9990E+03   -0.9990E+03
   -0.9990E+03   -0.9990E+03   -0.9990E+03   -0.9990E+03   -0.9990E+03   -0.9990E+03   -0.9990E+03   -0.9990E+03   -0.9990E+03   -0.9990E+03   -0.9990E+03   -0.9990E+03   -0.9990E+03   -0.9990E+03   -0.9990E+03   -0.9990E+03   -0.9990E+03   -0.9990E+03   -0.9990E+03   -0.9990E+03   -0.9990E+03   -0.9990E+03   -0.9990E+03   -0.9990E+03   -0.9990E+03   -0.9990E+03   -0.9990E+03   -0.9990E+03   -0.9990E+03   -0.9990E+03   -0.9990E+03   -0.9990E+03    0.1416E+00    0.2018E+00    0.2044E+00    0.2074E+00    0.2079E+00    0.2107E+00    0.2130E+00    0.2150E+00    0.2168E+00   -0.9990E+03   -0.9990E+03   -0.9990E+03   -0.9990E+03   -0.9990E+03   -0.9990E+03   -0.9990E+03   -0.9990E+03   -0.9990E+03   -0.9990E+03   -0.9990E+03   -0.9990E+03   -0.9990E+03   -0.9990E+03   -0.9990E+03   -0.9990E+03   -0.9990E+03   -0.9990E+03   -0.9990E+03   -0.9990E+03   -0.9990E+03   -0.9990E+03   -0.9990E+03   -0.9990E+03   -0.9990E+03   -0.9990E+03   -0.9990E+03   -0.9990E+03   -0.9990E+03   -0.9990E+03   -0.9990E+03   -0.9990E+03   -0.9990E+03   -0.9990E+03   -0.9990E+03
   -0.9990E+03   -0.9990E+03   -0.9990E+03   -0.9990E+03   -0.9990E+03   -0.9990E+03   -0.9990E+03   -0.9990E+03   -0.9990E+03   -0.9990E+03   -0.9990E+03   -0.9990E+03   -0.9990E+03   -0.9990E+03   -0.9990E+03   -0.9990E+03   -0.9990E+03   -0.9990E+03   -0.9990E+03   -0.9990E+03   -0.9990E+03   -0.9990E+03   -0.9990E+03   -0.9990E+03   -0.9990E+03   -0.9990E+03   -0.9990E+03   -0.9990E+03   -0.9990E+03    0.1878E+00   -0.9990E+03   -0.9990E+03    0.1361E+00    0.1905E+00    0.1931E+00    0.1966E+00    0.2003E+00    0.2035E+00    0.2069E+00    0.2093E+00   -0.9990E+03   -0.9990E+03   -0.9990E+03   -0.9990E+03   -0.9990E+03   -0.9990E+03   -0.9990E+03   -0.9990E+03   -0.9990E+03   -0.9990E+03   -0.9990E+03   -0.9990E+03   -0.9990E+03   -0.9990E+03   -0.9990E+03   -0.9990E+03   -0.9990E+03   -0.9990E+03   -0.9990E+03   -0.9990E+03   -0.9990E+03   -0.9990E+03   -0.9990E+03   -0.9990E+03   -0.9990E+03   -0.9990E+03   -0.9990E+03   -0.9990E+03   -0.9990E+03   -0.9990E+03   -0.9990E+03   -0.9990E+03   -0.9990E+03   -0.9990E+03   -0.9990E+03   -0.9990E+03
   -0.9990E+03   -0.9990E+03   -0.9990E+03   -0.9990E+03   -0.9990E+03   -0.9990E+03   -0.9990E+03   -0.9990E+03   -0.9990E+03   -0.9990E+03   -0.9990E+03   -0.9990E+03   -0.9990E+03   -0.9990E+03   -0.9990E+03   -0.9990E+03   -0.9990E+03   -0.9990E+03   -0.9990E+03   -0.9990E+03   -0.9990E+03   -0.9990E+03   -0.9990E+03   -0.9990E+03   -0.9990E+03   -0.9990E+03   -0.9990E+03   -0.9990E+03   -0.9990E+03    0.1860E+00   -0.9990E+03   -0.9990E+03   -0.9990E+03    0.1812E+00    0.1852E+00    0.1894E+00    0.1925E+00    0.1975E+00    0.2013E+00    0.2041E+00   -0.9990E+03   -0.9990E+03   -0.9990E+03   -0.9990E+03   -0.9990E+03   -0.9990E+03   -0.9990E+03   -0.9990E+03   -0.9990E+03   -0.9990E+03   -0.9990E+03   -0.9990E+03   -0.9990E+03   -0.9990E+03   -0.9990E+03   -0.9990E+03   -0.9990E+03   -0.9990E+03   -0.9990E+03   -0.9990E+03   -0.9990E+03   -0.9990E+03   -0.9990E+03   -0.9990E+03   -0.9990E+03   -0.9990E+03   -0.9990E+03   -0.9990E+03   -0.9990E+03   -0.9990E+03   -0.9990E+03   -0.9990E+03   -0.9990E+03   -0.9990E+03   -0.9990E+03   -0.9990E+03
   -0.9990E+03   -0.9990E+03   -0.9990E+03   -0.9990E+03   -0.9990E+03   -0.9990E+03   -0.9990E+03   -0.9990E+03   -0.9990E+03   -0.9990E+03   -0.9990E+03   -0.9990E+03   -0.9990E+03   -0.9990E+03   -0.9990E+03   -0.9990E+03   -0.9990E+03   -0.9990E+03   -0.9990E+03   -0.9990E+03   -0.9990E+03   -0.9990E+03   -0.9990E+03   -0.9990E+03   -0.9990E+03   -0.9990E+03   -0.9990E+03   -0.9990E+03   -0.9990E+03    0.1760E+00   -0.9990E+03   -0.9990E+03   -0.9990E+03    0.1720E+00    0.1763E+00    0.1818E+00    0.1856E+00    0.1888E+00    0.1928E+00    0.1984E+00   -0.9990E+03   -0.9990E+03   -0.9990E+03   -0.9990E+03   -0.9990E+03   -0.9990E+03   -0.9990E+03   -0.9990E+03   -0.9990E+03   -0.9990E+03   -0.9990E+03   -0.9990E+03   -0.9990E+03   -0.9990E+03   -0.9990E+03   -0.9990E+03   -0.9990E+03   -0.9990E+03   -0.9990E+03   -0.9990E+03   -0.9990E+03   -0.9990E+03   -0.9990E+03   -0.9990E+03   -0.9990E+03   -0.9990E+03   -0.9990E+03   -0.9990E+03   -0.9990E+03   -0.9990E+03   -0.9990E+03   -0.9990E+03   -0.9990E+03   -0.9990E+03   -0.9990E+03   -0.9990E+03
   -0.9990E+03   -0.9990E+03   -0.9990E+03   -0.9990E+03   -0.9990E+03   -0.9990E+03   -0.9990E+03   -0.9990E+03   -0.9990E+03   -0.9990E+03   -0.9990E+03   -0.9990E+03   -0.9990E+03   -0.9990E+03   -0.9990E+03   -0.9990E+03   -0.9990E+03   -0.9990E+03   -0.9990E+03   -0.9990E+03   -0.9990E+03   -0.9990E+03   -0.9990E+03   -0.9990E+03   -0.9990E+03   -0.9990E+03   -0.9990E+03   -0.9990E+03   -0.9990E+03   -0.9990E+03   -0.9990E+03   -0.9990E+03    0.1420E+00    0.1689E+00    0.1714E+00    0.1775E+00    0.1815E+00    0.1850E+00    0.1925E+00    0.1957E+00   -0.9990E+03   -0.9990E+03   -0.9990E+03   -0.9990E+03   -0.9990E+03   -0.9990E+03   -0.9990E+03   -0.9990E+03   -0.9990E+03   -0.9990E+03   -0.9990E+03   -0.9990E+03   -0.9990E+03   -0.9990E+03   -0.9990E+03   -0.9990E+03   -0.9990E+03   -0.9990E+03   -0.9990E+03   -0.9990E+03   -0.9990E+03   -0.9990E+03   -0.9990E+03   -0.9990E+03   -0.9990E+03   -0.9990E+03   -0.9990E+03   -0.9990E+03   -0.9990E+03   -0.9990E+03   -0.9990E+03   -0.9990E+03   -0.9990E+03   -0.9990E+03   -0.9990E+03   -0.9990E+03
   -0.9990E+03   -0.9990E+03   -0.9990E+03   -0.9990E+03   -0.9990E+03   -0.9990E+03   -0.9990E+03   -0.9990E+03   -0.9990E+03   -0.9990E+03   -0.9990E+03   -0.9990E+03   -0.9990E+03   -0.9990E+03   -0.9990E+03   -0.9990E+03   -0.9990E+03   -0.9990E+03   -0.9990E+03   -0.9990E+03   -0.9990E+03   -0.9990E+03   -0.9990E+03   -0.9990E+03   -0.9990E+03   -0.9990E+03   -0.9990E+03   -0.9990E+03   -0.9990E+03   -0.9990E+03   -0.9990E+03   -0.9990E+03    0.1379E+00    0.1650E+00    0.1716E+00    0.1743E+00    0.1783E+00    0.1819E+00    0.1893E+00    0.1926E+00   -0.9990E+03   -0.9990E+03   -0.9990E+03   -0.9990E+03   -0.9990E+03   -0.9990E+03   -0.9990E+03   -0.9990E+03   -0.9990E+03   -0.9990E+03   -0.9990E+03   -0.9990E+03   -0.9990E+03   -0.9990E+03   -0.9990E+03   -0.9990E+03   -0.9990E+03   -0.9990E+03   -0.9990E+03   -0.9990E+03   -0.9990E+03   -0.9990E+03   -0.9990E+03   -0.9990E+03   -0.9990E+03   -0.9990E+03   -0.9990E+03   -0.9990E+03   -0.9990E+03   -0.9990E+03   -0.9990E+03   -0.9990E+03   -0.9990E+03   -0.9990E+03   -0.9990E+03   -0.9990E+03
   -0.9990E+03   -0.9990E+03   -0.9990E+03   -0.9990E+03   -0.9990E+03   -0.9990E+03   -0.9990E+03   -0.9990E+03   -0.9990E+03   -0.9990E+03   -0.9990E+03   -0.9990E+03   -0.9990E+03   -0.9990E+03   -0.9990E+03   -0.9990E+03   -0.9990E+03   -0.9990E+03   -0.9990E+03   -0.9990E+03   -0.9990E+03   -0.9990E+03   -0.9990E+03   -0.9990E+03   -0.9990E+03   -0.9990E+03   -0.9990E+03   -0.9990E+03   -0.9990E+03   -0.9990E+03   -0.9990E+03   -0.9990E+03    0.1581E+00    0.1643E+00    0.1702E+00    0.1768E+00    0.1811E+00    0.1794E+00    0.1868E+00    0.1901E+00   -0.9990E+03   -0.9990E+03   -0.9990E+03   -0.9990E+03   -0.9990E+03   -0.9990E+03   -0.9990E+03   -0.9990E+03   -0.9990E+03   -0.9990E+03   -0.9990E+03   -0.9990E+03   -0.9990E+03   -0.9990E+03   -0.9990E+03   -0.9990E+03   -0.9990E+03   -0.9990E+03   -0.9990E+03   -0.9990E+03   -0.9990E+03   -0.9990E+03   -0.9990E+03   -0.9990E+03   -0.9990E+03   -0.9990E+03   -0.9990E+03   -0.9990E+03   -0.9990E+03   -0.9990E+03   -0.9990E+03   -0.9990E+03   -0.9990E+03   -0.9990E+03   -0.9990E+03   -0.9990E+03
   -0.9990E+03   -0.9990E+03   -0.9990E+03   -0.9990E+03   -0.9990E+03   -0.9990E+03   -0.9990E+03   -0.9990E+03   -0.9990E+03   -0.9990E+03   -0.9990E+03   -0.9990E+03   -0.9990E+03   -0.9990E+03   -0.9990E+03   -0.9990E+03   -0.9990E+03   -0.9990E+03   -0.9990E+03   -0.9990E+03   -0.9990E+03   -0.9990E+03   -0.9990E+03   -0.9990E+03   -0.9990E+03   -0.9990E+03   -0.9990E+03   -0.9990E+03   -0.9990E+03   -0.9990E+03   -0.9990E+03    0.1601E+00    0.1620E+00    0.1657E+00    0.1699E+00    0.1754E+00    0.1795E+00    0.1831E+00    0.1876E+00    0.1874E+00   -0.9990E+03   -0.9990E+03   -0.9990E+03   -0.9990E+03   -0.9990E+03   -0.9990E+03   -0.9990E+03   -0.9990E+03   -0.9990E+03   -0.9990E+03   -0.9990E+03   -0.9990E+03   -0.9990E+03   -0.9990E+03   -0.9990E+03   -0.9990E+03   -0.9990E+03   -0.9990E+03   -0.9990E+03   -0.9990E+03   -0.9990E+03   -0.9990E+03   -0.9990E+03   -0.9990E+03   -0.9990E+03   -0.9990E+03   -0.9990E+03   -0.9990E+03   -0.9990E+03   -0.9990E+03   -0.9990E+03   -0.9990E+03   -0.9990E+03   -0.9990E+03   -0.9990E+03   -0.9990E+03
   -0.9990E+03   -0.9990E+03   -0.9990E+03   -0.9990E+03   -0.9990E+03   -0.9990E+03   -0.9990E+03   -0.9990E+03   -0.9990E+03   -0.9990E+03   -0.9990E+03   -0.9990E+03   -0.9990E+03   -0.9990E+03   -0.9990E+03   -0.9990E+03   -0.9990E+03   -0.9990E+03   -0.9990E+03   -0.9990E+03   -0.9990E+03   -0.9990E+03   -0.9990E+03   -0.9990E+03   -0.9990E+03    0.1804E+00    0.1681E+00   -0.9990E+03    0.1529E+00    0.1651E+00    0.1631E+00    0.1632E+00    0.1634E+00    0.1666E+00    0.1702E+00    0.1751E+00    0.1787E+00    0.1823E+00    0.1864E+00    0.1901E+00   -0.9990E+03   -0.9990E+03   -0.9990E+03   -0.9990E+03   -0.9990E+03   -0.9990E+03   -0.9990E+03   -0.9990E+03   -0.9990E+03   -0.9990E+03   -0.9990E+03   -0.9990E+03   -0.9990E+03   -0.9990E+03   -0.9990E+03   -0.9990E+03   -0.9990E+03   -0.9990E+03   -0.9990E+03   -0.9990E+03   -0.9990E+03   -0.9990E+03   -0.9990E+03   -0.9990E+03   -0.9990E+03   -0.9990E+03   -0.9990E+03   -0.9990E+03   -0.9990E+03   -0.9990E+03   -0.9990E+03   -0.9990E+03   -0.9990E+03   -0.9990E+03   -0.9990E+03   -0.9990E+03
   -0.9990E+03   -0.9990E+03   -0.9990E+03   -0.9990E+03   -0.9990E+03   -0.9990E+03   -0.9990E+03   -0.9990E+03   -0.9990E+03   -0.9990E+03   -0.9990E+03   -0.9990E+03   -0.9990E+03   -0.9990E+03   -0.9990E+03   -0.9990E+03   -0.9990E+03   -0.9990E+03   -0.9990E+03   -0.9990E+03   -0.9990E+03   -0.9990E+03   -0.9990E+03    0.1587E+00    0.1795E+00    0.1831E+00    0.1792E+00    0.1495E+00    0.1673E+00    0.1632E+00    0.1606E+00    0.1627E+00    0.1661E+00    0.1670E+00    0.1705E+00    0.1750E+00    0.1785E+00    0.1815E+00    0.1856E+00   -0.9990E+03   -0.9990E+03   -0.9990E+03   -0.9990E+03   -0.9990E+03   -0.9990E+03   -0.9990E+03   -0.9990E+03   -0.9990E+03   -0.9990E+03   -0.9990E+03   -0.9990E+03   -0.9990E+03   -0.9990E+03   -0.9990E+03   -0.9990E+03   -0.9990E+03   -0.9990E+03   -0.9990E+03   -0.9990E+03   -0.9990E+03   -0.9990E+03   -0.9990E+03   -0.9990E+03   -0.9990E+03   -0.9990E+03   -0.9990E+03   -0.9990E+03   -0.9990E+03   -0.9990E+03   -0.9990E+03   -0.9990E+03   -0.9990E+03   -0.9990E+03   -0.9990E+03   -0.9990E+03   -0.9990E+03
   -0.9990E+03   -0.9990E+03   -0.9990E+03   -0.9990E+03   -0.9990E+03   -0.9990E+03   -0.9990E+03   -0.9990E+03   -0.9990E+03   -0.9990E+03   -0.9990E+03   -0.9990E+03   -0.9990E+03   -0.9990E+03   -0.9990E+03   -0.9990E+03   -0.9990E+03   -0.9990E+03   -0.9990E+03   -0.9990E+03   -0.9990E+03   -0.9990E+03   -0.9990E+03   -0.9990E+03    0.1537E+00    0.1765E+00    0.1736E+00    0.1728E+00    0.1669E+00    0.1602E+00    0.2012E-01    0.1611E+00    0.1668E+00    0.1710E+00    0.1747E+00    0.1757E+00    0.1788E+00    0.1815E+00   -0.9990E+03   -0.9990E+03   -0.9990E+03   -0.9990E+03   -0.9990E+03   -0.9990E+03   -0.9990E+03   -0.9990E+03   -0.9990E+03   -0.9990E+03   -0.9990E+03   -0.9990E+03   -0.9990E+03   -0.9990E+03   -0.9990E+03   -0.9990E+03   -0.9990E+03   -0.9990E+03   -0.9990E+03   -0.9990E+03   -0.9990E+03   -0.9990E+03   -0.9990E+03   -0.9990E+03   -0.9990E+03   -0.9990E+03   -0.9990E+03   -0.9990E+03   -0.9990E+03   -0.9990E+03   -0.9990E+03   -0.9990E+03   -0.9990E+03   -0.9990E+03   -0.9990E+03   -0.9990E+03   -0.9990E+03   -0.9990E+03
   -0.9990E+03   -0.9990E+03   -0.9990E+03   -0.9990E+03   -0.9990E+03   -0.9990E+03   -0.9990E+03   -0.9990E+03   -0.9990E+03   -0.9990E+03   -0.9990E+03   -0.9990E+03   -0.9990E+03   -0.9990E+03   -0.9990E+03   -0.9990E+03   -0.9990E+03   -0.9990E+03   -0.9990E+03   -0.9990E+03   -0.9990E+03   -0.9990E+03    0.1577E+00   -0.9990E+03    0.1582E+00    0.1768E+00    0.1742E+00    0.1713E+00    0.1685E+00    0.1635E+00    0.1591E+00    0.1642E+00    0.1689E+00    0.1727E+00    0.1761E+00    0.1803E+00    0.1792E+00    0.1818E+00   -0.9990E+03   -0.9990E+03   -0.9990E+03   -0.9990E+03   -0.9990E+03   -0.9990E+03   -0.9990E+03   -0.9990E+03   -0.9990E+03   -0.9990E+03   -0.9990E+03   -0.9990E+03   -0.9990E+03   -0.9990E+03   -0.9990E+03   -0.9990E+03   -0.9990E+03   -0.9990E+03   -0.9990E+03   -0.9990E+03   -0.9990E+03   -0.9990E+03   -0.9990E+03   -0.9990E+03   -0.9990E+03   -0.9990E+03   -0.9990E+03   -0.9990E+03   -0.9990E+03   -0.9990E+03   -0.9990E+03   -0.9990E+03   -0.9990E+03   -0.9990E+03   -0.9990E+03   -0.9990E+03   -0.9990E+03   -0.9990E+03
   -0.9990E+03   -0.9990E+03   -0.9990E+03   -0.9990E+03   -0.9990E+03   -0.9990E+03   -0.9990E+03   -0.9990E+03   -0.9990E+03   -0.9990E+03   -0.9990E+03   -0.9990E+03   -0.9990E+03   -0.9990E+03   -0.9990E+03   -0.9990E+03   -0.9990E+03   -0.9990E+03   -0.9990E+03   -0.9990E+03   -0.9990E+03    0.1689E+00    0.1862E+00    0.1634E+00    0.1809E+00    0.1787E+00    0.1751E+00    0.1728E+00    0.1692E+00    0.1689E+00    0.1672E+00    0.1692E+00    0.1720E+00    0.1750E+00    0.1779E+00    0.1815E+00    0.1843E+00    0.1867E+00   -0.9990E+03   -0.9990E+03   -0.9990E+03   -0.9990E+03   -0.9990E+03   -0.9990E+03   -0.9990E+03   -0.9990E+03   -0.9990E+03   -0.9990E+03   -0.9990E+03   -0.9990E+03   -0.9990E+03   -0.9990E+03   -0.9990E+03   -0.9990E+03   -0.9990E+03   -0.9990E+03   -0.9990E+03   -0.9990E+03   -0.9990E+03   -0.9990E+03   -0.9990E+03   -0.9990E+03   -0.9990E+03   -0.9990E+03   -0.9990E+03   -0.9990E+03   -0.9990E+03   -0.9990E+03   -0.9990E+03   -0.9990E+03   -0.9990E+03   -0.9990E+03   -0.9990E+03   -0.9990E+03   -0.9990E+03   -0.9990E+03
   -0.9990E+03   -0.9990E+03   -0.9990E+03   -0.9990E+03   -0.9990E+03   -0.9990E+03   -0.9990E+03   -0.9990E+03   -0.9990E+03   -0.9990E+03   -0.9990E+03   -0.9990E+03   -0.9990E+03   -0.9990E+03   -0.9990E+03   -0.9990E+03   -0.9990E+03   -0.9990E+03   -0.9990E+03   -0.9990E+03   -0.9990E+03    0.1604E+00    0.1860E+00    0.1838E+00    0.1815E+00    0.1797E+00    0.1775E+00    0.1773E+00    0.1721E+00    0.1706E+00    0.1727E+00    0.1735E+00    0.1754E+00    0.1777E+00    0.1798E+00    0.1831E+00    0.1853E+00    0.1876E+00   -0.9990E+03   -0.9990E+03   -0.9990E+03   -0.9990E+03   -0.9990E+03   -0.9990E+03   -0.9990E+03   -0.9990E+03   -0.9990E+03   -0.9990E+03   -0.9990E+03   -0.9990E+03   -0.9990E+03   -0.9990E+03   -0.9990E+03   -0.9990E+03   -0.9990E+03   -0.9990E+03   -0.9990E+03   -0.9990E+03   -0.9990E+03   -0.9990E+03   -0.9990E+03   -0.9990E+03   -0.9990E+03   -0.9990E+03   -0.9990E+03   -0.9990E+03   -0.9990E+03   -0.9990E+03   -0.9990E+03   -0.9990E+03   -0.9990E+03   -0.9990E+03   -0.9990E+03   -0.9990E+03   -0.9990E+03   -0.9990E+03
   -0.9990E+03   -0.9990E+03   -0.9990E+03   -0.9990E+03   -0.9990E+03   -0.9990E+03   -0.9990E+03   -0.9990E+03   -0.9990E+03   -0.9990E+03   -0.9990E+03   -0.9990E+03   -0.9990E+03   -0.9990E+03   -0.9990E+03   -0.9990E+03   -0.9990E+03   -0.9990E+03   -0.9990E+03   -0.9990E+03   -0.9990E+03   -0.9990E+03    0.1848E+00    0.1831E+00    0.1820E+00    0.1810E+00    0.1798E+00    0.1786E+00    0.1782E+00    0.1750E+00    0.1742E+00    0.1788E+00    0.1798E+00    0.1812E+00    0.1829E+00    0.1855E+00   -0.9990E+03   -0.9990E+03   -0.9990E+03   -0.9990E+03   -0.9990E+03   -0.9990E+03   -0.9990E+03   -0.9990E+03   -0.9990E+03   -0.9990E+03   -0.9990E+03   -0.9990E+03   -0.9990E+03   -0.9990E+03   -0.9990E+03   -0.9990E+03   -0.9990E+03   -0.9990E+03   -0.9990E+03   -0.9990E+03   -0.9990E+03   -0.9990E+03   -0.9990E+03   -0.9990E+03   -0.9990E+03   -0.9990E+03   -0.9990E+03   -0.9990E+03   -0.9990E+03   -0.9990E+03   -0.9990E+03   -0.9990E+03   -0.9990E+03   -0.9990E+03   -0.9990E+03   -0.9990E+03   -0.9990E+03   -0.9990E+03   -0.9990E+03   -0.9990E+03
   -0.9990E+03   -0.9990E+03   -0.9990E+03   -0.9990E+03   -0.9990E+03   -0.9990E+03   -0.9990E+03   -0.9990E+03   -0.9990E+03   -0.9990E+03   -0.9990E+03   -0.9990E+03   -0.9990E+03   -0.9990E+03   -0.9990E+03   -0.9990E+03   -0.9990E+03   -0.9990E+03   -0.9990E+03   -0.9990E+03   -0.9990E+03   -0.9990E+03    0.1822E+00    0.1815E+00    0.1825E+00    0.1823E+00    0.1816E+00    0.1808E+00    0.1798E+00    0.1792E+00    0.1771E+00    0.1775E+00    0.1785E+00    0.1839E+00    0.1855E+00    0.1873E+00   -0.9990E+03   -0.9990E+03   -0.9990E+03   -0.9990E+03   -0.9990E+03   -0.9990E+03   -0.9990E+03   -0.9990E+03   -0.9990E+03   -0.9990E+03   -0.9990E+03   -0.9990E+03   -0.9990E+03   -0.9990E+03   -0.9990E+03   -0.9990E+03   -0.9990E+03   -0.9990E+03   -0.9990E+03   -0.9990E+03   -0.9990E+03   -0.9990E+03   -0.9990E+03   -0.9990E+03   -0.9990E+03   -0.9990E+03   -0.9990E+03   -0.9990E+03   -0.9990E+03   -0.9990E+03   -0.9990E+03   -0.9990E+03   -0.9990E+03   -0.9990E+03   -0.9990E+03   -0.9990E+03   -0.9990E+03   -0.9990E+03   -0.9990E+03   -0.9990E+03
   -0.9990E+03   -0.9990E+03   -0.9990E+03   -0.9990E+03   -0.9990E+03   -0.9990E+03   -0.9990E+03   -0.9990E+03   -0.9990E+03   -0.9990E+03   -0.9990E+03   -0.9990E+03   -0.9990E+03   -0.9990E+03   -0.9990E+03   -0.9990E+03   -0.9990E+03   -0.9990E+03   -0.9990E+03   -0.9990E+03   -0.9990E+03    0.1885E+00    0.2002E-01    0.1808E+00    0.1839E+00    0.1840E+00    0.1836E+00    0.1830E+00    0.1823E+00    0.1820E+00    0.1819E+00    0.1797E+00    0.1803E+00    0.1814E+00    0.1876E+00   -0.9990E+03   -0.9990E+03   -0.9990E+03   -0.9990E+03   -0.9990E+03   -0.9990E+03   -0.9990E+03   -0.9990E+03   -0.9990E+03   -0.9990E+03   -0.9990E+03   -0.9990E+03   -0.9990E+03   -0.9990E+03   -0.9990E+03   -0.9990E+03   -0.9990E+03   -0.9990E+03   -0.9990E+03   -0.9990E+03   -0.9990E+03   -0.9990E+03   -0.9990E+03   -0.9990E+03   -0.9990E+03   -0.9990E+03   -0.9990E+03   -0.9990E+03   -0.9990E+03   -0.9990E+03   -0.9990E+03   -0.9990E+03   -0.9990E+03   -0.9990E+03   -0.9990E+03   -0.9990E+03   -0.9990E+03   -0.9990E+03   -0.9990E+03   -0.9990E+03   -0.9990E+03
   -0.9990E+03   -0.9990E+03   -0.9990E+03   -0.9990E+03   -0.9990E+03   -0.9990E+03   -0.9990E+03   -0.9990E+03   -0.9990E+03   -0.9990E+03   -0.9990E+03   -0.9990E+03   -0.9990E+03   -0.9990E+03   -0.9990E+03   -0.9990E+03   -0.9990E+03   -0.9990E+03   -0.9990E+03   -0.9990E+03    0.1968E+00    0.1905E+00    0.1893E+00    0.1875E+00    0.1870E+00    0.1872E+00    0.1866E+00    0.1861E+00    0.1855E+00    0.1852E+00    0.1852E+00    0.1856E+00    0.1828E+00    0.1836E+00    0.1843E+00   -0.9990E+03   -0.9990E+03   -0.9990E+03   -0.9990E+03   -0.9990E+03   -0.9990E+03   -0.9990E+03   -0.9990E+03   -0.9990E+03   -0.9990E+03   -0.9990E+03   -0.9990E+03   -0.9990E+03   -0.9990E+03   -0.9990E+03   -0.9990E+03   -0.9990E+03   -0.9990E+03   -0.9990E+03   -0.9990E+03   -0.9990E+03   -0.9990E+03   -0.9990E+03   -0.9990E+03   -0.9990E+03   -0.9990E+03   -0.9990E+03   -0.9990E+03   -0.9990E+03   -0.9990E+03   -0.9990E+03   -0.9990E+03   -0.9990E+03   -0.9990E+03   -0.9990E+03   -0.9990E+03   -0.9990E+03   -0.9990E+03   -0.9990E+03   -0.9990E+03   -0.9990E+03
   -0.9990E+03   -0.9990E+03   -0.9990E+03   -0.9990E+03   -0.9990E+03   -0.9990E+03   -0.9990E+03   -0.9990E+03   -0.9990E+03   -0.9990E+03   -0.9990E+03   -0.9990E+03   -0.9990E+03   -0.9990E+03   -0.9990E+03   -0.9990E+03   -0.9990E+03   -0.9990E+03   -0.9990E+03    0.1988E+00    0.1946E+00    0.1950E+00    0.1916E+00    0.1891E+00    0.1899E+00    0.1891E+00    0.1882E+00    0.1884E+00    0.1877E+00    0.1874E+00    0.1874E+00    0.1876E+00    0.1879E+00    0.1851E+00    0.1858E+00   -0.9990E+03   -0.9990E+03   -0.9990E+03   -0.9990E+03   -0.9990E+03   -0.9990E+03   -0.9990E+03   -0.9990E+03   -0.9990E+03   -0.9990E+03   -0.9990E+03   -0.9990E+03   -0.9990E+03   -0.9990E+03   -0.9990E+03   -0.9990E+03   -0.9990E+03   -0.9990E+03   -0.9990E+03   -0.9990E+03   -0.9990E+03   -0.9990E+03   -0.9990E+03   -0.9990E+03   -0.9990E+03   -0.9990E+03   -0.9990E+03   -0.9990E+03   -0.9990E+03   -0.9990E+03   -0.9990E+03   -0.9990E+03   -0.9990E+03   -0.9990E+03   -0.9990E+03   -0.9990E+03   -0.9990E+03   -0.9990E+03   -0.9990E+03   -0.9990E+03   -0.9990E+03
   -0.9990E+03   -0.9990E+03   -0.9990E+03   -0.9990E+03   -0.9990E+03   -0.9990E+03   -0.9990E+03   -0.9990E+03   -0.9990E+03   -0.9990E+03   -0.9990E+03   -0.9990E+03   -0.9990E+03   -0.9990E+03   -0.9990E+03   -0.9990E+03   -0.9990E+03   -0.9990E+03    0.1350E+00    0.2047E+00    0.1999E+00    0.1937E+00    0.1955E+00    0.1926E+00    0.1898E+00    0.1884E+00    0.1872E+00    0.1865E+00    0.1888E+00    0.1896E+00    0.1894E+00    0.1896E+00    0.1898E+00    0.1858E+00    0.1871E+00   -0.9990E+03   -0.9990E+03   -0.9990E+03   -0.9990E+03   -0.9990E+03   -0.9990E+03   -0.9990E+03   -0.9990E+03   -0.9990E+03   -0.9990E+03   -0.9990E+03   -0.9990E+03   -0.9990E+03   -0.9990E+03   -0.9990E+03   -0.9990E+03   -0.9990E+03   -0.9990E+03   -0.9990E+03   -0.9990E+03   -0.9990E+03   -0.9990E+03   -0.9990E+03   -0.9990E+03   -0.9990E+03   -0.9990E+03   -0.9990E+03   -0.9990E+03   -0.9990E+03   -0.9990E+03   -0.9990E+03   -0.9990E+03   -0.9990E+03   -0.9990E+03   -0.9990E+03   -0.9990E+03   -0.9990E+03   -0.9990E+03   -0.9990E+03   -0.9990E+03   -0.9990E+03
   -0.9990E+03   -0.9990E+03   -0.9990E+03   -0.9990E+03   -0.9990E+03   -0.9990E+03   -0.9990E+03   -0.9990E+03   -0.9990E+03   -0.9990E+03   -0.9990E+03   -0.9990E+03   -0.9990E+03   -0.9990E+03   -0.9990E+03    0.2015E+00    0.2077E+00    0.2107E+00    0.2142E+00    0.2000E+00    0.2073E+00    0.1982E+00    0.1927E+00    0.1958E+00    0.1922E+00    0.1905E+00    0.1892E+00    0.1881E+00    0.1874E+00    0.1869E+00    0.1866E+00    0.1878E+00    0.1880E+00    0.1882E+00   -0.9990E+03   -0.9990E+03   -0.9990E+03   -0.9990E+03   -0.9990E+03   -0.9990E+03   -0.9990E+03   -0.9990E+03   -0.9990E+03   -0.9990E+03   -0.9990E+03   -0.9990E+03   -0.9990E+03   -0.9990E+03   -0.9990E+03   -0.9990E+03   -0.9990E+03   -0.9990E+03   -0.9990E+03   -0.9990E+03   -0.9990E+03   -0.9990E+03   -0.9990E+03   -0.9990E+03   -0.9990E+03   -0.9990E+03   -0.9990E+03   -0.9990E+03   -0.9990E+03   -0.9990E+03   -0.9990E+03   -0.9990E+03   -0.9990E+03   -0.9990E+03   -0.9990E+03   -0.9990E+03   -0.9990E+03   -0.9990E+03   -0.9990E+03   -0.9990E+03   -0.9990E+03   -0.9990E+03
   -0.9990E+03   -0.9990E+03   -0.9990E+03   -0.9990E+03   -0.9990E+03   -0.9990E+03   -0.9990E+03   -0.9990E+03   -0.9990E+03   -0.9990E+03   -0.9990E+03   -0.9990E+03   -0.9990E+03    0.2029E+00    0.2025E+00    0.2030E+00    0.2042E+00    0.2073E+00    0.1700E+00    0.5002E-01    0.2119E+00    0.2009E+00    0.1961E+00    0.1926E+00    0.1969E+00    0.1951E+00    0.1915E+00    0.1904E+00    0.1893E+00    0.1887E+00    0.1883E+00    0.1883E+00    0.1883E+00   -0.9990E+03   -0.9990E+03   -0.9990E+03   -0.9990E+03   -0.9990E+03   -0.9990E+03   -0.9990E+03   -0.9990E+03   -0.9990E+03   -0.9990E+03   -0.9990E+03   -0.9990E+03   -0.9990E+03   -0.9990E+03   -0.9990E+03   -0.9990E+03   -0.9990E+03   -0.9990E+03   -0.9990E+03   -0.9990E+03   -0.9990E+03   -0.9990E+03   -0.9990E+03   -0.9990E+03   -0.9990E+03   -0.9990E+03   -0.9990E+03   -0.9990E+03   -0.9990E+03   -0.9990E+03   -0.9990E+03   -0.9990E+03   -0.9990E+03   -0.9990E+03   -0.9990E+03   -0.9990E+03   -0.9990E+03   -0.9990E+03   -0.9990E+03   -0.9990E+03   -0.9990E+03   -0.9990E+03   -0.9990E+03
   -0.9990E+03   -0.9990E+03   -0.9990E+03   -0.9990E+03   -0.9990E+03   -0.9990E+03   -0.9990E+03   -0.9990E+03   -0.9990E+03   -0.9990E+03    0.2076E+00    0.2090E+00    0.2058E+00    0.2039E+00    0.2030E+00    0.2031E+00    0.2041E+00    0.2054E+00    0.2082E+00    0.2084E+00    0.2082E+00    0.2009E+00    0.1968E+00    0.1936E+00    0.1903E+00    0.1967E+00    0.1953E+00    0.1942E+00    0.1920E+00    0.1914E+00    0.1910E+00    0.1907E+00    0.1892E+00   -0.9990E+03   -0.9990E+03   -0.9990E+03   -0.9990E+03   -0.9990E+03   -0.9990E+03   -0.9990E+03   -0.9990E+03   -0.9990E+03   -0.9990E+03   -0.9990E+03   -0.9990E+03   -0.9990E+03   -0.9990E+03   -0.9990E+03   -0.9990E+03   -0.9990E+03   -0.9990E+03   -0.9990E+03   -0.9990E+03   -0.9990E+03   -0.9990E+03   -0.9990E+03   -0.9990E+03   -0.9990E+03   -0.9990E+03   -0.9990E+03   -0.9990E+03   -0.9990E+03   -0.9990E+03   -0.9990E+03   -0.9990E+03   -0.9990E+03   -0.9990E+03   -0.9990E+03   -0.9990E+03   -0.9990E+03   -0.9990E+03   -0.9990E+03   -0.9990E+03   -0.9990E+03   -0.9990E+03   -0.9990E+03
   -0.9990E+03   -0.9990E+03   -0.9990E+03   -0.9990E+03   -0.9990E+03   -0.9990E+03   -0.9990E+03   -0.9990E+03   -0.9990E+03   -0.9990E+03    0.2098E+00    0.1801E+00    0.2060E+00    0.2038E+00    0.2027E+00    0.2026E+00    0.2017E+00    0.2027E+00    0.2033E+00    0.2025E+00    0.1998E+00    0.1953E+00    0.1968E+00    0.1940E+00    0.1911E+00    0.1893E+00    0.1966E+00    0.1955E+00    0.1944E+00   -0.9990E+03   -0.9990E+03   -0.9990E+03   -0.9990E+03   -0.9990E+03   -0.9990E+03   -0.9990E+03   -0.9990E+03   -0.9990E+03   -0.9990E+03   -0.9990E+03   -0.9990E+03   -0.9990E+03   -0.9990E+03   -0.9990E+03   -0.9990E+03   -0.9990E+03   -0.9990E+03   -0.9990E+03   -0.9990E+03   -0.9990E+03   -0.9990E+03   -0.9990E+03   -0.9990E+03   -0.9990E+03   -0.9990E+03   -0.9990E+03   -0.9990E+03   -0.9990E+03   -0.9990E+03   -0.9990E+03   -0.9990E+03   -0.9990E+03   -0.9990E+03   -0.9990E+03   -0.9990E+03   -0.9990E+03   -0.9990E+03   -0.9990E+03   -0.9990E+03   -0.9990E+03   -0.9990E+03   -0.9990E+03   -0.9990E+03   -0.9990E+03   -0.9990E+03   -0.9990E+03
   -0.9990E+03   -0.9990E+03   -0.9990E+03   -0.9990E+03   -0.9990E+03   -0.9990E+03   -0.9990E+03    0.1933E+00    0.1960E+00    0.1989E+00    0.1317E+00    0.2037E+00    0.1881E+00    0.2010E+00    0.2000E+00    0.1997E+00    0.1996E+00    0.1996E+00    0.1992E+00    0.1982E+00    0.1965E+00    0.1937E+00    0.1915E+00    0.1895E+00    0.1870E+00    0.1855E+00   -0.9990E+03   -0.9990E+03   -0.9990E+03   -0.9990E+03   -0.9990E+03   -0.9990E+03   -0.9990E+03   -0.9990E+03   -0.9990E+03   -0.9990E+03   -0.9990E+03   -0.9990E+03   -0.9990E+03   -0.9990E+03   -0.9990E+03   -0.9990E+03   -0.9990E+03   -0.9990E+03   -0.9990E+03   -0.9990E+03   -0.9990E+03   -0.9990E+03   -0.9990E+03   -0.9990E+03   -0.9990E+03   -0.9990E+03   -0.9990E+03   -0.9990E+03   -0.9990E+03   -0.9990E+03   -0.9990E+03   -0.9990E+03   -0.9990E+03   -0.9990E+03   -0.9990E+03   -0.9990E+03   -0.9990E+03   -0.9990E+03   -0.9990E+03   -0.9990E+03   -0.9990E+03   -0.9990E+03   -0.9990E+03   -0.9990E+03   -0.9990E+03   -0.9990E+03   -0.9990E+03   -0.9990E+03   -0.9990E+03   -0.9990E+03
   -0.9990E+03   -0.9990E+03    0.1811E+00    0.1822E+00    0.1178E+00    0.1863E+00    0.1887E+00    0.1916E+00    0.1943E+00    0.1235E+00   -0.9990E+03   -0.9990E+03    0.1229E+00    0.1600E+00   -0.9990E+03   -0.9990E+03    0.1187E+00    0.1976E+00    0.1970E+00    0.1961E+00    0.1948E+00    0.1927E+00    0.1909E+00    0.1892E+00   -0.9990E+03   -0.9990E+03   -0.9990E+03   -0.9990E+03   -0.9990E+03   -0.9990E+03   -0.9990E+03   -0.9990E+03   -0.9990E+03   -0.9990E+03   -0.9990E+03   -0.9990E+03   -0.9990E+03   -0.9990E+03   -0.9990E+03   -0.9990E+03   -0.9990E+03   -0.9990E+03   -0.9990E+03   -0.9990E+03   -0.9990E+03   -0.9990E+03   -0.9990E+03   -0.9990E+03   -0.9990E+03   -0.9990E+03   -0.9990E+03   -0.9990E+03   -0.9990E+03   -0.9990E+03   -0.9990E+03   -0.9990E+03   -0.9990E+03   -0.9990E+03   -0.9990E+03   -0.9990E+03   -0.9990E+03   -0.9990E+03   -0.9990E+03   -0.9990E+03   -0.9990E+03   -0.9990E+03   -0.9990E+03   -0.9990E+03   -0.9990E+03   -0.9990E+03   -0.9990E+03   -0.9990E+03   -0.9990E+03   -0.9990E+03   -0.9990E+03   -0.9990E+03
   -0.9990E+03   -0.9990E+03    0.1780E+00    0.1790E+00    0.1817E+00    0.1846E+00    0.1119E+00    0.1183E+00    0.1927E+00    0.1949E+00    0.1185E+00    0.1248E+00    0.1987E+00    0.1972E+00    0.1966E+00    0.1146E+00    0.1964E+00    0.1959E+00    0.1954E+00    0.1945E+00    0.1934E+00    0.1917E+00   -0.9990E+03   -0.9990E+03   -0.9990E+03   -0.9990E+03   -0.9990E+03   -0.9990E+03   -0.9990E+03   -0.9990E+03   -0.9990E+03   -0.9990E+03   -0.9990E+03   -0.9990E+03   -0.9990E+03   -0.9990E+03   -0.9990E+03   -0.9990E+03   -0.9990E+03   -0.9990E+03   -0.9990E+03   -0.9990E+03   -0.9990E+03   -0.9990E+03   -0.9990E+03   -0.9990E+03   -0.9990E+03   -0.9990E+03   -0.9990E+03   -0.9990E+03   -0.9990E+03   -0.9990E+03   -0.9990E+03   -0.9990E+03   -0.9990E+03   -0.9990E+03   -0.9990E+03   -0.9990E+03   -0.9990E+03   -0.9990E+03   -0.9990E+03   -0.9990E+03   -0.9990E+03   -0.9990E+03   -0.9990E+03   -0.9990E+03   -0.9990E+03   -0.9990E+03   -0.9990E+03   -0.9990E+03   -0.9990E+03   -0.9990E+03   -0.9990E+03   -0.9990E+03   -0.9990E+03   -0.9990E+03
   -0.9990E+03    0.1769E+00    0.1733E+00    0.1744E+00    0.1795E+00    0.1819E+00    0.1827E+00    0.1892E+00    0.1915E+00    0.1933E+00    0.1953E+00    0.1935E+00    0.1954E+00    0.1957E+00    0.1958E+00    0.1956E+00    0.1950E+00    0.1945E+00   -0.9990E+03   -0.9990E+03   -0.9990E+03   -0.9990E+03   -0.9990E+03   -0.9990E+03   -0.9990E+03   -0.9990E+03   -0.9990E+03   -0.9990E+03   -0.9990E+03   -0.9990E+03   -0.9990E+03   -0.9990E+03   -0.9990E+03   -0.9990E+03   -0.9990E+03   -0.9990E+03   -0.9990E+03   -0.9990E+03   -0.9990E+03   -0.9990E+03   -0.9990E+03   -0.9990E+03   -0.9990E+03   -0.9990E+03   -0.9990E+03   -0.9990E+03   -0.9990E+03   -0.9990E+03   -0.9990E+03   -0.9990E+03   -0.9990E+03   -0.9990E+03   -0.9990E+03   -0.9990E+03   -0.9990E+03   -0.9990E+03   -0.9990E+03   -0.9990E+03   -0.9990E+03   -0.9990E+03   -0.9990E+03   -0.9990E+03   -0.9990E+03   -0.9990E+03   -0.9990E+03   -0.9990E+03   -0.9990E+03   -0.9990E+03   -0.9990E+03   -0.9990E+03   -0.9990E+03   -0.9990E+03   -0.9990E+03   -0.9990E+03   -0.9990E+03   -0.9990E+03
    0.1782E+00    0.1765E+00    0.1733E+00    0.1742E+00    0.1790E+00    0.1826E+00    0.1854E+00    0.1883E+00    0.1901E+00    0.1917E+00    0.1934E+00    0.1927E+00    0.1933E+00   -0.9990E+03   -0.9990E+03   -0.9990E+03   -0.9990E+03   -0.9990E+03   -0.9990E+03   -0.9990E+03   -0.9990E+03   -0.9990E+03   -0.9990E+03   -0.9990E+03   -0.9990E+03   -0.9990E+03   -0.9990E+03   -0.9990E+03   -0.9990E+03   -0.9990E+03   -0.9990E+03   -0.9990E+03   -0.9990E+03   -0.9990E+03   -0.9990E+03   -0.9990E+03   -0.9990E+03   -0.9990E+03   -0.9990E+03   -0.9990E+03   -0.9990E+03   -0.9990E+03   -0.9990E+03   -0.9990E+03   -0.9990E+03   -0.9990E+03   -0.9990E+03   -0.9990E+03   -0.9990E+03   -0.9990E+03   -0.9990E+03   -0.9990E+03   -0.9990E+03   -0.9990E+03   -0.9990E+03   -0.9990E+03   -0.9990E+03   -0.9990E+03   -0.9990E+03   -0.9990E+03   -0.9990E+03   -0.9990E+03   -0.9990E+03   -0.9990E+03   -0.9990E+03   -0.9990E+03   -0.9990E+03   -0.9990E+03   -0.9990E+03   -0.9990E+03   -0.9990E+03   -0.9990E+03   -0.9990E+03   -0.9990E+03   -0.9990E+03   -0.9990E+03
    0.1779E+00    0.1785E+00    0.1774E+00    0.1781E+00   -0.9990E+03   -0.9990E+03   -0.9990E+03   -0.9990E+03   -0.9990E+03   -0.9990E+03   -0.9990E+03   -0.9990E+03   -0.9990E+03   -0.9990E+03   -0.9990E+03   -0.9990E+03   -0.9990E+03   -0.9990E+03   -0.9990E+03   -0.9990E+03   -0.9990E+03   -0.9990E+03   -0.9990E+03   -0.9990E+03   -0.9990E+03   -0.9990E+03   -0.9990E+03   -0.9990E+03   -0.9990E+03   -0.9990E+03   -0.9990E+03   -0.9990E+03   -0.9990E+03   -0.9990E+03   -0.9990E+03   -0.9990E+03   -0.9990E+03   -0.9990E+03   -0.9990E+03   -0.9990E+03   -0.9990E+03   -0.9990E+03   -0.9990E+03   -0.9990E+03   -0.9990E+03   -0.9990E+03   -0.9990E+03   -0.9990E+03   -0.9990E+03   -0.9990E+03   -0.9990E+03   -0.9990E+03   -0.9990E+03   -0.9990E+03   -0.9990E+03   -0.9990E+03   -0.9990E+03   -0.9990E+03   -0.9990E+03   -0.9990E+03   -0.9990E+03   -0.9990E+03   -0.9990E+03   -0.9990E+03   -0.9990E+03   -0.9990E+03   -0.9990E+03   -0.9990E+03   -0.9990E+03   -0.9990E+03   -0.9990E+03   -0.9990E+03   -0.9990E+03   -0.9990E+03   -0.9990E+03   -0.9990E+03
   -0.9990E+03    0.1814E+00    0.1802E+00    0.1807E+00   -0.9990E+03   -0.9990E+03   -0.9990E+03   -0.9990E+03   -0.9990E+03   -0.9990E+03   -0.9990E+03   -0.9990E+03   -0.9990E+03   -0.9990E+03   -0.9990E+03   -0.9990E+03   -0.9990E+03   -0.9990E+03   -0.9990E+03   -0.9990E+03   -0.9990E+03   -0.9990E+03   -0.9990E+03   -0.9990E+03   -0.9990E+03   -0.9990E+03   -0.9990E+03   -0.9990E+03   -0.9990E+03   -0.9990E+03   -0.9990E+03   -0.9990E+03   -0.9990E+03   -0.9990E+03   -0.9990E+03   -0.9990E+03   -0.9990E+03   -0.9990E+03   -0.9990E+03   -0.9990E+03   -0.9990E+03   -0.9990E+03   -0.9990E+03   -0.9990E+03   -0.9990E+03   -0.9990E+03   -0.9990E+03   -0.9990E+03   -0.9990E+03   -0.9990E+03   -0.9990E+03   -0.9990E+03   -0.9990E+03   -0.9990E+03   -0.9990E+03   -0.9990E+03   -0.9990E+03   -0.9990E+03   -0.9990E+03   -0.9990E+03   -0.9990E+03   -0.9990E+03   -0.9990E+03   -0.9990E+03   -0.9990E+03   -0.9990E+03   -0.9990E+03   -0.9990E+03   -0.9990E+03   -0.9990E+03   -0.9990E+03   -0.9990E+03   -0.9990E+03   -0.9990E+03   -0.9990E+03   -0.9990E+03
        41.0000          LAYER       1
   -0.9990E+03   -0.9990E+03   -0.9990E+03   -0.9990E+03   -0.9990E+03   -0.9990E+03   -0.9990E+03   -0.9990E+03   -0.9990E+03   -0.9990E+03   -0.9990E+03   -0.9990E+03   -0.9990E+03   -0.9990E+03   -0.9990E+03   -0.9990E+03   -0.9990E+03   -0.9990E+03   -0.9990E+03   -0.9990E+03   -0.9990E+03   -0.9990E+03   -0.9990E+03   -0.9990E+03   -0.9990E+03   -0.9990E+03   -0.9990E+03   -0.9990E+03   -0.9990E+03   -0.9990E+03   -0.9990E+03   -0.9990E+03   -0.9990E+03   -0.9990E+03   -0.9990E+03   -0.9990E+03   -0.9990E+03   -0.9990E+03   -0.9990E+03   -0.9990E+03   -0.9990E+03   -0.9990E+03   -0.9990E+03   -0.9990E+03   -0.9990E+03   -0.9990E+03   -0.9990E+03   -0.9990E+03   -0.9990E+03   -0.9990E+03   -0.9990E+03   -0.9990E+03   -0.9990E+03   -0.9990E+03   -0.9990E+03   -0.9990E+03   -0.9990E+03   -0.9990E+03   -0.9990E+03   -0.9990E+03   -0.9990E+03   -0.9990E+03   -0.9990E+03   -0.9990E+03   -0.9990E+03   -0.9990E+03   -0.9990E+03   -0.9990E+03   -0.9990E+03   -0.9990E+03   -0.9990E+03   -0.9990E+03   -0.9990E+03   -0.9990E+03   -0.9990E+03   -0.9990E+03
   -0.9990E+03   -0.9990E+03   -0.9990E+03   -0.9990E+03   -0.9990E+03   -0.9990E+03   -0.9990E+03   -0.9990E+03   -0.9990E+03   -0.9990E+03   -0.9990E+03   -0.9990E+03   -0.9990E+03   -0.9990E+03   -0.9990E+03   -0.9990E+03   -0.9990E+03   -0.9990E+03   -0.9990E+03   -0.9990E+03   -0.9990E+03   -0.9990E+03   -0.9990E+03   -0.9990E+03   -0.9990E+03   -0.9990E+03   -0.9990E+03   -0.9990E+03   -0.9990E+03   -0.9990E+03   -0.9990E+03   -0.9990E+03   -0.9990E+03   -0.9990E+03   -0.9990E+03   -0.9990E+03   -0.9990E+03   -0.9990E+03   -0.9990E+03   -0.9990E+03   -0.9990E+03   -0.9990E+03   -0.9990E+03   -0.9990E+03   -0.9990E+03   -0.9990E+03   -0.9990E+03   -0.9990E+03   -0.9990E+03   -0.9990E+03   -0.9990E+03   -0.9990E+03   -0.9990E+03   -0.9990E+03   -0.9990E+03   -0.9990E+03   -0.9990E+03   -0.9990E+03   -0.9990E+03   -0.9990E+03   -0.9990E+03   -0.9990E+03   -0.9990E+03   -0.9990E+03   -0.9990E+03   -0.9990E+03   -0.9990E+03   -0.9990E+03   -0.9990E+03   -0.9990E+03   -0.9990E+03   -0.9990E+03   -0.9990E+03   -0.9990E+03   -0.9990E+03   -0.9990E+03
   -0.9990E+03   -0.9990E+03   -0.9990E+03   -0.9990E+03   -0.9990E+03   -0.9990E+03   -0.9990E+03   -0.9990E+03   -0.9990E+03   -0.9990E+03   -0.9990E+03   -0.9990E+03   -0.9990E+03   -0.9990E+03   -0.9990E+03   -0.9990E+03   -0.9990E+03   -0.9990E+03   -0.9990E+03   -0.9990E+03   -0.9990E+03   -0.9990E+03   -0.9990E+03   -0.9990E+03   -0.9990E+03   -0.9990E+03   -0.9990E+03   -0.9990E+03   -0.9990E+03   -0.9990E+03   -0.9990E+03   -0.9990E+03   -0.9990E+03   -0.9990E+03   -0.9990E+03   -0.9990E+03   -0.9990E+03   -0.9990E+03   -0.9990E+03   -0.9990E+03   -0.9990E+03   -0.9990E+03   -0.9990E+03   -0.9990E+03   -0.9990E+03   -0.9990E+03   -0.9990E+03   -0.9990E+03   -0.9990E+03   -0.9990E+03   -0.9990E+03   -0.9990E+03   -0.9990E+03   -0.9990E+03   -0.9990E+03   -0.9990E+03   -0.9990E+03   -0.9990E+03   -0.9990E+03   -0.9990E+03   -0.9990E+03   -0.9990E+03   -0.9990E+03   -0.9990E+03   -0.9990E+03   -0.9990E+03   -0.9990E+03   -0.9990E+03   -0.9990E+03   -0.9990E+03   -0.9990E+03   -0.9990E+03   -0.9990E+03   -0.9990E+03   -0.9990E+03   -0.9990E+03
   -0.9990E+03   -0.9990E+03   -0.9990E+03   -0.9990E+03   -0.9990E+03   -0.9990E+03   -0.9990E+03   -0.9990E+03   -0.9990E+03   -0.9990E+03   -0.9990E+03   -0.9990E+03   -0.9990E+03   -0.9990E+03   -0.9990E+03   -0.9990E+03   -0.9990E+03   -0.9990E+03   -0.9990E+03   -0.9990E+03   -0.9990E+03   -0.9990E+03   -0.9990E+03   -0.9990E+03   -0.9990E+03   -0.9990E+03   -0.9990E+03   -0.9990E+03   -0.9990E+03   -0.9990E+03   -0.9990E+03   -0.9990E+03   -0.9990E+03   -0.9990E+03   -0.9990E+03   -0.9990E+03   -0.9990E+03   -0.9990E+03   -0.9990E+03   -0.9990E+03   -0.9990E+03   -0.9990E+03   -0.9990E+03   -0.9990E+03   -0.9990E+03   -0.9990E+03   -0.9990E+03   -0.9990E+03   -0.9990E+03   -0.9990E+03   -0.9990E+03   -0.9990E+03   -0.9990E+03   -0.9990E+03   -0.9990E+03   -0.9990E+03   -0.9990E+03   -0.9990E+03   -0.9990E+03   -0.9990E+03   -0.9990E+03   -0.9990E+03   -0.9990E+03   -0.9990E+03   -0.9990E+03   -0.9990E+03   -0.9990E+03   -0.9990E+03   -0.9990E+03   -0.9990E+03   -0.9990E+03   -0.9990E+03   -0.9990E+03   -0.9990E+03   -0.9990E+03   -0.9990E+03
   -0.9990E+03   -0.9990E+03   -0.9990E+03   -0.9990E+03   -0.9990E+03   -0.9990E+03   -0.9990E+03   -0.9990E+03   -0.9990E+03   -0.9990E+03   -0.9990E+03   -0.9990E+03   -0.9990E+03   -0.9990E+03   -0.9990E+03   -0.9990E+03   -0.9990E+03   -0.9990E+03   -0.9990E+03   -0.9990E+03   -0.9990E+03   -0.9990E+03   -0.9990E+03   -0.9990E+03   -0.9990E+03   -0.9990E+03   -0.9990E+03   -0.9990E+03   -0.9990E+03   -0.9990E+03   -0.9990E+03   -0.9990E+03   -0.9990E+03   -0.9990E+03   -0.9990E+03   -0.9990E+03   -0.9990E+03   -0.9990E+03   -0.9990E+03   -0.9990E+03   -0.9990E+03   -0.9990E+03   -0.9990E+03   -0.9990E+03   -0.9990E+03   -0.9990E+03   -0.9990E+03   -0.9990E+03   -0.9990E+03   -0.9990E+03   -0.9990E+03   -0.9990E+03   -0.9990E+03   -0.9990E+03   -0.9990E+03   -0.9990E+03   -0.9990E+03   -0.9990E+03   -0.9990E+03   -0.9990E+03   -0.9990E+03   -0.9990E+03   -0.9990E+03   -0.9990E+03   -0.9990E+03   -0.9990E+03   -0.9990E+03   -0.9990E+03   -0.9990E+03   -0.9990E+03   -0.9990E+03   -0.9990E+03   -0.9990E+03   -0.9990E+03   -0.9990E+03   -0.9990E+03
   -0.9990E+03   -0.9990E+03   -0.9990E+03   -0.9990E+03   -0.9990E+03   -0.9990E+03   -0.9990E+03   -0.9990E+03   -0.9990E+03   -0.9990E+03   -0.9990E+03   -0.9990E+03   -0.9990E+03   -0.9990E+03   -0.9990E+03   -0.9990E+03   -0.9990E+03   -0.9990E+03   -0.9990E+03   -0.9990E+03   -0.9990E+03   -0.9990E+03   -0.9990E+03   -0.9990E+03   -0.9990E+03   -0.9990E+03   -0.9990E+03   -0.9990E+03   -0.9990E+03   -0.9990E+03   -0.9990E+03   -0.9990E+03   -0.9990E+03   -0.9990E+03   -0.9990E+03   -0.9990E+03   -0.9990E+03   -0.9990E+03   -0.9990E+03   -0.9990E+03   -0.9990E+03   -0.9990E+03   -0.9990E+03   -0.9990E+03   -0.9990E+03   -0.9990E+03   -0.9990E+03   -0.9990E+03   -0.9990E+03   -0.9990E+03   -0.9990E+03   -0.9990E+03   -0.9990E+03   -0.9990E+03   -0.9990E+03   -0.9990E+03   -0.9990E+03   -0.9990E+03   -0.9990E+03   -0.9990E+03   -0.9990E+03   -0.9990E+03   -0.9990E+03   -0.9990E+03   -0.9990E+03   -0.9990E+03   -0.9990E+03   -0.9990E+03   -0.9990E+03   -0.9990E+03   -0.9990E+03   -0.9990E+03   -0.9990E+03   -0.9990E+03   -0.9990E+03   -0.9990E+03
   -0.9990E+03   -0.9990E+03   -0.9990E+03   -0.9990E+03   -0.9990E+03   -0.9990E+03   -0.9990E+03   -0.9990E+03   -0.9990E+03   -0.9990E+03   -0.9990E+03   -0.9990E+03   -0.9990E+03   -0.9990E+03   -0.9990E+03   -0.9990E+03   -0.9990E+03   -0.9990E+03   -0.9990E+03   -0.9990E+03   -0.9990E+03   -0.9990E+03   -0.9990E+03   -0.9990E+03   -0.9990E+03   -0.9990E+03   -0.9990E+03   -0.9990E+03   -0.9990E+03   -0.9990E+03   -0.9990E+03   -0.9990E+03   -0.9990E+03   -0.9990E+03   -0.9990E+03   -0.9990E+03   -0.9990E+03   -0.9990E+03   -0.9990E+03   -0.9990E+03   -0.9990E+03   -0.9990E+03   -0.9990E+03   -0.9990E+03   -0.9990E+03   -0.9990E+03   -0.9990E+03   -0.9990E+03   -0.9990E+03   -0.9990E+03   -0.9990E+03   -0.9990E+03   -0.9990E+03   -0.9990E+03   -0.9990E+03   -0.9990E+03   -0.9990E+03   -0.9990E+03   -0.9990E+03   -0.9990E+03   -0.9990E+03   -0.9990E+03   -0.9990E+03   -0.9990E+03   -0.9990E+03   -0.9990E+03   -0.9990E+03   -0.9990E+03   -0.9990E+03   -0.9990E+03   -0.9990E+03   -0.9990E+03   -0.9990E+03   -0.9990E+03   -0.9990E+03   -0.9990E+03
   -0.9990E+03   -0.9990E+03   -0.9990E+03   -0.9990E+03   -0.9990E+03   -0.9990E+03   -0.9990E+03   -0.9990E+03   -0.9990E+03   -0.9990E+03   -0.9990E+03   -0.9990E+03   -0.9990E+03   -0.9990E+03   -0.9990E+03   -0.9990E+03   -0.9990E+03   -0.9990E+03   -0.9990E+03   -0.9990E+03   -0.9990E+03   -0.9990E+03   -0.9990E+03   -0.9990E+03   -0.9990E+03   -0.9990E+03   -0.9990E+03   -0.9990E+03   -0.9990E+03   -0.9990E+03   -0.9990E+03   -0.9990E+03   -0.9990E+03   -0.9990E+03   -0.9990E+03   -0.9990E+03   -0.9990E+03   -0.9990E+03   -0.9990E+03   -0.9990E+03   -0.9990E+03   -0.9990E+03   -0.9990E+03   -0.9990E+03   -0.9990E+03   -0.9990E+03   -0.9990E+03   -0.9990E+03   -0.9990E+03   -0.9990E+03   -0.9990E+03   -0.9990E+03   -0.9990E+03   -0.9990E+03   -0.9990E+03   -0.9990E+03   -0.9990E+03   -0.9990E+03   -0.9990E+03   -0.9990E+03   -0.9990E+03   -0.9990E+03   -0.9990E+03   -0.9990E+03   -0.9990E+03   -0.9990E+03   -0.9990E+03   -0.9990E+03   -0.9990E+03   -0.9990E+03   -0.9990E+03   -0.9990E+03   -0.9990E+03   -0.9990E+03   -0.9990E+03   -0.9990E+03
   -0.9990E+03   -0.9990E+03   -0.9990E+03   -0.9990E+03   -0.9990E+03   -0.9990E+03   -0.9990E+03   -0.9990E+03   -0.9990E+03   -0.9990E+03   -0.9990E+03   -0.9990E+03   -0.9990E+03   -0.9990E+03   -0.9990E+03   -0.9990E+03   -0.9990E+03   -0.9990E+03   -0.9990E+03   -0.9990E+03   -0.9990E+03   -0.9990E+03   -0.9990E+03   -0.9990E+03   -0.9990E+03   -0.9990E+03   -0.9990E+03   -0.9990E+03   -0.9990E+03   -0.9990E+03   -0.9990E+03   -0.9990E+03   -0.9990E+03   -0.9990E+03   -0.9990E+03   -0.9990E+03   -0.9990E+03   -0.9990E+03   -0.9990E+03   -0.9990E+03   -0.9990E+03   -0.9990E+03   -0.9990E+03   -0.9990E+03   -0.9990E+03   -0.9990E+03   -0.9990E+03   -0.9990E+03   -0.9990E+03   -0.9990E+03   -0.9990E+03   -0.9990E+03   -0.9990E+03   -0.9990E+03   -0.9990E+03   -0.9990E+03   -0.9990E+03   -0.9990E+03   -0.9990E+03   -0.9990E+03   -0.9990E+03   -0.9990E+03   -0.9990E+03   -0.9990E+03   -0.9990E+03   -0.9990E+03   -0.9990E+03   -0.9990E+03   -0.9990E+03   -0.9990E+03   -0.9990E+03   -0.9990E+03   -0.9990E+03   -0.9990E+03   -0.9990E+03   -0.9990E+03
   -0.9990E+03   -0.9990E+03   -0.9990E+03   -0.9990E+03   -0.9990E+03   -0.9990E+03   -0.9990E+03   -0.9990E+03   -0.9990E+03   -0.9990E+03   -0.9990E+03   -0.9990E+03   -0.9990E+03   -0.9990E+03   -0.9990E+03   -0.9990E+03   -0.9990E+03   -0.9990E+03   -0.9990E+03   -0.9990E+03   -0.9990E+03   -0.9990E+03   -0.9990E+03   -0.9990E+03   -0.9990E+03   -0.9990E+03   -0.9990E+03   -0.9990E+03   -0.9990E+03   -0.9990E+03   -0.9990E+03   -0.9990E+03   -0.9990E+03   -0.9990E+03   -0.9990E+03   -0.9990E+03   -0.9990E+03   -0.9990E+03   -0.9990E+03   -0.9990E+03   -0.9990E+03   -0.9990E+03   -0.9990E+03   -0.9990E+03   -0.9990E+03   -0.9990E+03   -0.9990E+03   -0.9990E+03   -0.9990E+03   -0.9990E+03   -0.9990E+03   -0.9990E+03   -0.9990E+03   -0.9990E+03   -0.9990E+03   -0.9990E+03   -0.9990E+03   -0.9990E+03   -0.9990E+03   -0.9990E+03   -0.9990E+03   -0.9990E+03   -0.9990E+03   -0.9990E+03   -0.9990E+03   -0.9990E+03   -0.9990E+03   -0.9990E+03   -0.9990E+03   -0.9990E+03   -0.9990E+03   -0.9990E+03   -0.9990E+03   -0.9990E+03   -0.9990E+03   -0.9990E+03
   -0.9990E+03   -0.9990E+03   -0.9990E+03   -0.9990E+03   -0.9990E+03   -0.9990E+03   -0.9990E+03   -0.9990E+03   -0.9990E+03   -0.9990E+03   -0.9990E+03   -0.9990E+03   -0.9990E+03   -0.9990E+03   -0.9990E+03   -0.9990E+03   -0.9990E+03   -0.9990E+03   -0.9990E+03   -0.9990E+03   -0.9990E+03   -0.9990E+03   -0.9990E+03   -0.9990E+03   -0.9990E+03   -0.9990E+03   -0.9990E+03   -0.9990E+03   -0.9990E+03   -0.9990E+03   -0.9990E+03   -0.9990E+03   -0.9990E+03   -0.9990E+03   -0.9990E+03   -0.9990E+03   -0.9990E+03   -0.9990E+03   -0.9990E+03   -0.9990E+03   -0.9990E+03   -0.9990E+03   -0.9990E+03   -0.9990E+03   -0.9990E+03   -0.9990E+03   -0.9990E+03   -0.9990E+03   -0.9990E+03   -0.9990E+03   -0.9990E+03   -0.9990E+03   -0.9990E+03   -0.9990E+03   -0.9990E+03   -0.9990E+03   -0.9990E+03   -0.9990E+03   -0.9990E+03   -0.9990E+03   -0.9990E+03   -0.9990E+03   -0.9990E+03   -0.9990E+03   -0.9990E+03   -0.9990E+03   -0.9990E+03   -0.9990E+03   -0.9990E+03   -0.9990E+03   -0.9990E+03   -0.9990E+03   -0.9990E+03   -0.9990E+03   -0.9990E+03   -0.9990E+03
   -0.9990E+03   -0.9990E+03   -0.9990E+03   -0.9990E+03   -0.9990E+03   -0.9990E+03   -0.9990E+03   -0.9990E+03   -0.9990E+03   -0.9990E+03   -0.9990E+03   -0.9990E+03   -0.9990E+03   -0.9990E+03   -0.9990E+03   -0.9990E+03   -0.9990E+03   -0.9990E+03   -0.9990E+03   -0.9990E+03   -0.9990E+03   -0.9990E+03   -0.9990E+03   -0.9990E+03   -0.9990E+03   -0.9990E+03   -0.9990E+03   -0.9990E+03   -0.9990E+03   -0.9990E+03   -0.9990E+03   -0.9990E+03   -0.9990E+03   -0.9990E+03   -0.9990E+03   -0.9990E+03   -0.9990E+03   -0.9990E+03   -0.9990E+03   -0.9990E+03   -0.9990E+03   -0.9990E+03   -0.9990E+03   -0.9990E+03   -0.9990E+03   -0.9990E+03   -0.9990E+03   -0.9990E+03   -0.9990E+03   -0.9990E+03   -0.9990E+03   -0.9990E+03   -0.9990E+03   -0.9990E+03   -0.9990E+03   -0.9990E+03   -0.9990E+03    0.1341E+00   -0.9990E+03   -0.9990E+03   -0.9990E+03   -0.9990E+03   -0.9990E+03   -0.9990E+03   -0.9990E+03   -0.9990E+03   -0.9990E+03   -0.9990E+03   -0.9990E+03   -0.9990E+03   -0.9990E+03   -0.9990E+03   -0.9990E+03   -0.9990E+03   -0.9990E+03   -0.9990E+03
   -0.9990E+03   -0.9990E+03   -0.9990E+03   -0.9990E+03   -0.9990E+03   -0.9990E+03   -0.9990E+03   -0.9990E+03   -0.9990E+03   -0.9990E+03   -0.9990E+03   -0.9990E+03   -0.9990E+03   -0.9990E+03   -0.9990E+03   -0.9990E+03   -0.9990E+03   -0.9990E+03   -0.9990E+03   -0.9990E+03   -0.9990E+03   -0.9990E+03   -0.9990E+03   -0.9990E+03   -0.9990E+03   -0.9990E+03   -0.9990E+03   -0.9990E+03   -0.9990E+03   -0.9990E+03   -0.9990E+03   -0.9990E+03   -0.9990E+03   -0.9990E+03   -0.9990E+03   -0.9990E+03   -0.9990E+03   -0.9990E+03   -0.9990E+03   -0.9990E+03   -0.9990E+03   -0.9990E+03   -0.9990E+03   -0.9990E+03   -0.9990E+03   -0.9990E+03   -0.9990E+03   -0.9990E+03   -0.9990E+03   -0.9990E+03   -0.9990E+03   -0.9990E+03   -0.9990E+03   -0.9990E+03   -0.9990E+03   -0.9990E+03   -0.9990E+03    0.1323E+00   -0.9990E+03   -0.9990E+03   -0.9990E+03   -0.9990E+03   -0.9990E+03   -0.9990E+03   -0.9990E+03   -0.9990E+03   -0.9990E+03   -0.9990E+03   -0.9990E+03   -0.9990E+03   -0.9990E+03   -0.9990E+03   -0.9990E+03   -0.9990E+03   -0.9990E+03   -0.9990E+03
   -0.9990E+03   -0.9990E+03   -0.9990E+03   -0.9990E+03   -0.9990E+03   -0.9990E+03   -0.9990E+03   -0.9990E+03   -0.9990E+03   -0.9990E+03   -0.9990E+03   -0.9990E+03   -0.9990E+03   -0.9990E+03   -0.9990E+03   -0.9990E+03   -0.9990E+03   -0.9990E+03   -0.9990E+03   -0.9990E+03   -0.9990E+03   -0.9990E+03   -0.9990E+03   -0.9990E+03   -0.9990E+03   -0.9990E+03   -0.9990E+03   -0.9990E+03   -0.9990E+03   -0.9990E+03   -0.9990E+03   -0.9990E+03   -0.9990E+03   -0.9990E+03   -0.9990E+03   -0.9990E+03   -0.9990E+03   -0.9990E+03   -0.9990E+03   -0.9990E+03   -0.9990E+03   -0.9990E+03   -0.9990E+03   -0.9990E+03   -0.9990E+03   -0.9990E+03   -0.9990E+03   -0.9990E+03   -0.9990E+03   -0.9990E+03   -0.9990E+03   -0.9990E+03   -0.9990E+03   -0.9990E+03   -0.9990E+03   -0.9990E+03   -0.9990E+03    0.1312E+00   -0.9990E+03   -0.9990E+03   -0.9990E+03   -0.9990E+03    0.0000E+00   -0.9990E+03   -0.9990E+03   -0.9990E+03   -0.9990E+03   -0.9990E+03   -0.9990E+03   -0.9990E+03   -0.9990E+03   -0.9990E+03   -0.9990E+03   -0.9990E+03   -0.9990E+03   -0.9990E+03
   -0.9990E+03   -0.9990E+03   -0.9990E+03   -0.9990E+03   -0.9990E+03   -0.9990E+03   -0.9990E+03   -0.9990E+03   -0.9990E+03   -0.9990E+03   -0.9990E+03   -0.9990E+03   -0.9990E+03   -0.9990E+03   -0.9990E+03   -0.9990E+03   -0.9990E+03   -0.9990E+03   -0.9990E+03   -0.9990E+03   -0.9990E+03   -0.9990E+03   -0.9990E+03   -0.9990E+03   -0.9990E+03   -0.9990E+03   -0.9990E+03   -0.9990E+03   -0.9990E+03   -0.9990E+03   -0.9990E+03   -0.9990E+03   -0.9990E+03   -0.9990E+03   -0.9990E+03   -0.9990E+03   -0.9990E+03   -0.9990E+03   -0.9990E+03   -0.9990E+03   -0.9990E+03   -0.9990E+03   -0.9990E+03   -0.9990E+03   -0.9990E+03   -0.9990E+03   -0.9990E+03   -0.9990E+03   -0.9990E+03   -0.9990E+03   -0.9990E+03   -0.9990E+03   -0.9990E+03   -0.9990E+03   -0.9990E+03   -0.9990E+03   -0.9990E+03   -0.9990E+03   -0.9990E+03   -0.9990E+03   -0.9990E+03   -0.9990E+03   -0.9990E+03   -0.9990E+03   -0.9990E+03   -0.9990E+03   -0.9990E+03   -0.9990E+03   -0.9990E+03   -0.9990E+03   -0.9990E+03   -0.9990E+03   -0.9990E+03   -0.9990E+03   -0.9990E+03   -0.9990E+03
   -0.9990E+03   -0.9990E+03   -0.9990E+03   -0.9990E+03   -0.9990E+03   -0.9990E+03   -0.9990E+03   -0.9990E+03   -0.9990E+03   -0.9990E+03   -0.9990E+03   -0.9990E+03   -0.9990E+03   -0.9990E+03   -0.9990E+03   -0.9990E+03   -0.9990E+03   -0.9990E+03   -0.9990E+03   -0.9990E+03   -0.9990E+03   -0.9990E+03   -0.9990E+03   -0.9990E+03   -0.9990E+03   -0.9990E+03   -0.9990E+03   -0.9990E+03   -0.9990E+03   -0.9990E+03   -0.9990E+03   -0.9990E+03   -0.9990E+03   -0.9990E+03   -0.9990E+03   -0.9990E+03   -0.9990E+03   -0.9990E+03   -0.9990E+03   -0.9990E+03   -0.9990E+03   -0.9990E+03   -0.9990E+03   -0.9990E+03   -0.9990E+03   -0.9990E+03   -0.9990E+03   -0.9990E+03   -0.9990E+03   -0.9990E+03   -0.9990E+03   -0.9990E+03   -0.9990E+03   -0.9990E+03   -0.9990E+03   -0.9990E+03   -0.9990E+03   -0.9990E+03   -0.9990E+03   -0.9990E+03   -0.9990E+03    0.1484E+00   -0.9990E+03   -0.9990E+03   -0.9990E+03   -0.9990E+03   -0.9990E+03   -0.9990E+03   -0.9990E+03   -0.9990E+03   -0.9990E+03   -0.9990E+03   -0.9990E+03   -0.9990E+03   -0.9990E+03   -0.9990E+03
   -0.9990E+03   -0.9990E+03   -0.9990E+03   -0.9990E+03   -0.9990E+03   -0.9990E+03   -0.9990E+03   -0.9990E+03   -0.9990E+03   -0.9990E+03   -0.9990E+03   -0.9990E+03   -0.9990E+03   -0.9990E+03   -0.9990E+03   -0.9990E+03   -0.9990E+03   -0.9990E+03   -0.9990E+03   -0.9990E+03   -0.9990E+03   -0.9990E+03   -0.9990E+03   -0.9990E+03   -0.9990E+03   -0.9990E+03   -0.9990E+03   -0.9990E+03   -0.9990E+03   -0.9990E+03   -0.9990E+03   -0.9990E+03   -0.9990E+03   -0.9990E+03   -0.9990E+03   -0.9990E+03   -0.9990E+03   -0.9990E+03   -0.9990E+03   -0.9990E+03   -0.9990E+03   -0.9990E+03   -0.9990E+03   -0.9990E+03   -0.9990E+03   -0.9990E+03   -0.9990E+03   -0.9990E+03   -0.9990E+03   -0.9990E+03   -0.9990E+03   -0.9990E+03   -0.9990E+03   -0.9990E+03   -0.9990E+03   -0.9990E+03   -0.9990E+03   -0.9990E+03   -0.9990E+03   -0.9990E+03   -0.9990E+03   -0.9990E+03   -0.9990E+03   -0.9990E+03   -0.9990E+03   -0.9990E+03   -0.9990E+03   -0.9990E+03   -0.9990E+03   -0.9990E+03   -0.9990E+03   -0.9990E+03   -0.9990E+03   -0.9990E+03   -0.9990E+03   -0.9990E+03
   -0.9990E+03   -0.9990E+03   -0.9990E+03   -0.9990E+03   -0.9990E+03   -0.9990E+03   -0.9990E+03   -0.9990E+03   -0.9990E+03   -0.9990E+03   -0.9990E+03   -0.9990E+03   -0.9990E+03   -0.9990E+03   -0.9990E+03   -0.9990E+03   -0.9990E+03   -0.9990E+03   -0.9990E+03   -0.9990E+03   -0.9990E+03   -0.9990E+03   -0.9990E+03   -0.9990E+03   -0.9990E+03   -0.9990E+03   -0.9990E+03   -0.9990E+03   -0.9990E+03   -0.9990E+03   -0.9990E+03   -0.9990E+03   -0.9990E+03   -0.9990E+03   -0.9990E+03   -0.9990E+03   -0.9990E+03   -0.9990E+03   -0.9990E+03   -0.9990E+03   -0.9990E+03   -0.9990E+03   -0.9990E+03   -0.9990E+03   -0.9990E+03   -0.9990E+03   -0.9990E+03   -0.9990E+03   -0.9990E+03   -0.9990E+03   -0.9990E+03   -0.9990E+03   -0.9990E+03   -0.9990E+03   -0.9990E+03   -0.9990E+03   -0.9990E+03   -0.9990E+03   -0.9990E+03   -0.9990E+03   -0.9990E+03   -0.9990E+03   -0.9990E+03   -0.9990E+03   -0.9990E+03   -0.9990E+03   -0.9990E+03   -0.9990E+03   -0.9990E+03   -0.9990E+03   -0.9990E+03   -0.9990E+03   -0.9990E+03   -0.9990E+03   -0.9990E+03   -0.9990E+03
   -0.9990E+03   -0.9990E+03   -0.9990E+03   -0.9990E+03   -0.9990E+03   -0.9990E+03   -0.9990E+03   -0.9990E+03   -0.9990E+03   -0.9990E+03   -0.9990E+03   -0.9990E+03   -0.9990E+03   -0.9990E+03   -0.9990E+03   -0.9990E+03   -0.9990E+03   -0.9990E+03   -0.9990E+03   -0.9990E+03   -0.9990E+03   -0.9990E+03   -0.9990E+03   -0.9990E+03   -0.9990E+03   -0.9990E+03   -0.9990E+03   -0.9990E+03   -0.9990E+03   -0.9990E+03   -0.9990E+03   -0.9990E+03   -0.9990E+03   -0.9990E+03   -0.9990E+03   -0.9990E+03   -0.9990E+03   -0.9990E+03   -0.9990E+03   -0.9990E+03   -0.9990E+03   -0.9990E+03   -0.9990E+03   -0.9990E+03   -0.9990E+03   -0.9990E+03   -0.9990E+03   -0.9990E+03   -0.9990E+03   -0.9990E+03   -0.9990E+03   -0.9990E+03   -0.9990E+03   -0.9990E+03   -0.9990E+03   -0.9990E+03   -0.9990E+03   -0.9990E+03   -0.9990E+03   -0.9990E+03   -0.9990E+03   -0.9990E+03   -0.9990E+03   -0.9990E+03   -0.9990E+03   -0.9990E+03   -0.9990E+03   -0.9990E+03   -0.9990E+03   -0.9990E+03   -0.9990E+03   -0.9990E+03   -0.9990E+03   -0.9990E+03   -0.9990E+03   -0.9990E+03
   -0.9990E+03   -0.9990E+03   -0.9990E+03   -0.9990E+03   -0.9990E+03   -0.9990E+03   -0.9990E+03   -0.9990E+03   -0.9990E+03   -0.9990E+03   -0.9990E+03   -0.9990E+03   -0.9990E+03   -0.9990E+03   -0.9990E+03   -0.9990E+03   -0.9990E+03   -0.9990E+03   -0.9990E+03   -0.9990E+03   -0.9990E+03   -0.9990E+03   -0.9990E+03   -0.9990E+03   -0.9990E+03   -0.9990E+03   -0.9990E+03   -0.9990E+03   -0.9990E+03   -0.9990E+03   -0.9990E+03   -0.9990E+03   -0.9990E+03   -0.9990E+03   -0.9990E+03   -0.9990E+03   -0.9990E+03   -0.9990E+03   -0.9990E+03   -0.9990E+03   -0.9990E+03   -0.9990E+03   -0.9990E+03   -0.9990E+03   -0.9990E+03   -0.9990E+03   -0.9990E+03   -0.9990E+03   -0.9990E+03   -0.9990E+03   -0.9990E+03   -0.9990E+03   -0.9990E+03   -0.9990E+03   -0.9990E+03   -0.9990E+03   -0.9990E+03   -0.9990E+03   -0.9990E+03   -0.9990E+03   -0.9990E+03   -0.9990E+03   -0.9990E+03   -0.9990E+03   -0.9990E+03   -0.9990E+03   -0.9990E+03   -0.9990E+03   -0.9990E+03   -0.9990E+03   -0.9990E+03   -0.9990E+03   -0.9990E+03   -0.9990E+03   -0.9990E+03   -0.9990E+03
   -0.9990E+03   -0.9990E+03   -0.9990E+03   -0.9990E+03   -0.9990E+03   -0.9990E+03   -0.9990E+03   -0.9990E+03   -0.9990E+03   -0.9990E+03   -0.9990E+03   -0.9990E+03   -0.9990E+03   -0.9990E+03   -0.9990E+03   -0.9990E+03   -0.9990E+03   -0.9990E+03   -0.9990E+03   -0.9990E+03   -0.9990E+03   -0.9990E+03   -0.9990E+03   -0.9990E+03   -0.9990E+03   -0.9990E+03   -0.9990E+03   -0.9990E+03   -0.9990E+03   -0.9990E+03   -0.9990E+03   -0.9990E+03   -0.9990E+03   -0.9990E+03   -0.9990E+03   -0.9990E+03   -0.9990E+03   -0.9990E+03   -0.9990E+03   -0.9990E+03   -0.9990E+03   -0.9990E+03   -0.9990E+03   -0.9990E+03   -0.9990E+03   -0.9990E+03   -0.9990E+03   -0.9990E+03   -0.9990E+03   -0.9990E+03   -0.9990E+03   -0.9990E+03   -0.9990E+03   -0.9990E+03   -0.9990E+03   -0.9990E+03   -0.9990E+03   -0.9990E+03   -0.9990E+03   -0.9990E+03   -0.9990E+03   -0.9990E+03   -0.9990E+03   -0.9990E+03   -0.9990E+03   -0.9990E+03   -0.9990E+03   -0.9990E+03   -0.9990E+03   -0.9990E+03   -0.9990E+03   -0.9990E+03   -0.9990E+03   -0.9990E+03   -0.9990E+03   -0.9990E+03
   -0.9990E+03   -0.9990E+03   -0.9990E+03   -0.9990E+03   -0.9990E+03   -0.9990E+03   -0.9990E+03   -0.9990E+03   -0.9990E+03   -0.9990E+03   -0.9990E+03   -0.9990E+03   -0.9990E+03   -0.9990E+03   -0.9990E+03   -0.9990E+03   -0.9990E+03   -0.9990E+03   -0.9990E+03   -0.9990E+03   -0.9990E+03   -0.9990E+03   -0.9990E+03   -0.9990E+03   -0.9990E+03   -0.9990E+03   -0.9990E+03   -0.9990E+03   -0.9990E+03   -0.9990E+03   -0.9990E+03   -0.9990E+03   -0.9990E+03   -0.9990E+03   -0.9990E+03   -0.9990E+03   -0.9990E+03   -0.9990E+03   -0.9990E+03   -0.9990E+03   -0.9990E+03   -0.9990E+03   -0.9990E+03   -0.9990E+03   -0.9990E+03   -0.9990E+03   -0.9990E+03   -0.9990E+03   -0.9990E+03   -0.9990E+03   -0.9990E+03   -0.9990E+03   -0.9990E+03   -0.9990E+03   -0.9990E+03   -0.9990E+03   -0.9990E+03   -0.9990E+03   -0.9990E+03   -0.9990E+03   -0.9990E+03   -0.9990E+03   -0.9990E+03   -0.9990E+03   -0.9990E+03   -0.9990E+03   -0.9990E+03   -0.9990E+03   -0.9990E+03   -0.9990E+03   -0.9990E+03   -0.9990E+03   -0.9990E+03   -0.9990E+03   -0.9990E+03   -0.9990E+03
   -0.9990E+03   -0.9990E+03   -0.9990E+03   -0.9990E+03   -0.9990E+03   -0.9990E+03   -0.9990E+03   -0.9990E+03   -0.9990E+03   -0.9990E+03   -0.9990E+03   -0.9990E+03   -0.9990E+03   -0.9990E+03   -0.9990E+03   -0.9990E+03   -0.9990E+03   -0.9990E+03   -0.9990E+03   -0.9990E+03   -0.9990E+03   -0.9990E+03   -0.9990E+03   -0.9990E+03   -0.9990E+03   -0.9990E+03   -0.9990E+03   -0.9990E+03   -0.9990E+03   -0.9990E+03   -0.9990E+03   -0.9990E+03   -0.9990E+03   -0.9990E+03   -0.9990E+03   -0.9990E+03   -0.9990E+03   -0.9990E+03   -0.9990E+03   -0.9990E+03   -0.9990E+03   -0.9990E+03   -0.9990E+03   -0.9990E+03   -0.9990E+03   -0.9990E+03   -0.9990E+03   -0.9990E+03   -0.9990E+03   -0.9990E+03   -0.9990E+03   -0.9990E+03   -0.9990E+03   -0.9990E+03   -0.9990E+03   -0.9990E+03   -0.9990E+03   -0.9990E+03   -0.9990E+03   -0.9990E+03   -0.9990E+03   -0.9990E+03   -0.9990E+03   -0.9990E+03   -0.9990E+03   -0.9990E+03   -0.9990E+03   -0.9990E+03   -0.9990E+03   -0.9990E+03   -0.9990E+03   -0.9990E+03   -0.9990E+03   -0.9990E+03   -0.9990E+03   -0.9990E+03
   -0.9990E+03   -0.9990E+03   -0.9990E+03   -0.9990E+03   -0.9990E+03   -0.9990E+03   -0.9990E+03   -0.9990E+03   -0.9990E+03   -0.9990E+03   -0.9990E+03   -0.9990E+03   -0.9990E+03   -0.9990E+03   -0.9990E+03   -0.9990E+03   -0.9990E+03   -0.9990E+03   -0.9990E+03   -0.9990E+03   -0.9990E+03   -0.9990E+03   -0.9990E+03   -0.9990E+03   -0.9990E+03   -0.9990E+03   -0.9990E+03   -0.9990E+03   -0.9990E+03   -0.9990E+03   -0.9990E+03   -0.9990E+03   -0.9990E+03   -0.9990E+03   -0.9990E+03   -0.9990E+03   -0.9990E+03   -0.9990E+03   -0.9990E+03   -0.9990E+03   -0.9990E+03   -0.9990E+03   -0.9990E+03   -0.9990E+03   -0.9990E+03   -0.9990E+03   -0.9990E+03   -0.9990E+03   -0.9990E+03   -0.9990E+03   -0.9990E+03   -0.9990E+03   -0.9990E+03   -0.9990E+03   -0.9990E+03   -0.9990E+03   -0.9990E+03   -0.9990E+03   -0.9990E+03   -0.9990E+03   -0.9990E+03   -0.9990E+03   -0.9990E+03   -0.9990E+03   -0.9990E+03   -0.9990E+03   -0.9990E+03   -0.9990E+03   -0.9990E+03   -0.9990E+03   -0.9990E+03   -0.9990E+03   -0.9990E+03   -0.9990E+03   -0.9990E+03   -0.9990E+03
   -0.9990E+03   -0.9990E+03   -0.9990E+03   -0.9990E+03   -0.9990E+03   -0.9990E+03   -0.9990E+03   -0.9990E+03   -0.9990E+03   -0.9990E+03   -0.9990E+03   -0.9990E+03   -0.9990E+03   -0.9990E+03   -0.9990E+03   -0.9990E+03   -0.9990E+03   -0.9990E+03   -0.9990E+03   -0.9990E+03   -0.9990E+03   -0.9990E+03   -0.9990E+03   -0.9990E+03   -0.9990E+03   -0.9990E+03   -0.9990E+03   -0.9990E+03   -0.9990E+03   -0.9990E+03   -0.9990E+03   -0.9990E+03   -0.9990E+03   -0.9990E+03   -0.9990E+03   -0.9990E+03   -0.9990E+03   -0.9990E+03   -0.9990E+03   -0.9990E+03   -0.9990E+03   -0.9990E+03   -0.9990E+03   -0.9990E+03   -0.9990E+03   -0.9990E+03   -0.9990E+03   -0.9990E+03   -0.9990E+03   -0.9990E+03   -0.9990E+03   -0.9990E+03   -0.9990E+03   -0.9990E+03   -0.9990E+03   -0.9990E+03   -0.9990E+03   -0.9990E+03   -0.9990E+03   -0.9990E+03   -0.9990E+03   -0.9990E+03   -0.9990E+03   -0.9990E+03   -0.9990E+03   -0.9990E+03   -0.9990E+03   -0.9990E+03   -0.9990E+03   -0.9990E+03   -0.9990E+03   -0.9990E+03   -0.9990E+03   -0.9990E+03   -0.9990E+03   -0.9990E+03
   -0.9990E+03   -0.9990E+03   -0.9990E+03   -0.9990E+03   -0.9990E+03   -0.9990E+03   -0.9990E+03   -0.9990E+03   -0.9990E+03   -0.9990E+03   -0.9990E+03   -0.9990E+03   -0.9990E+03   -0.9990E+03   -0.9990E+03   -0.9990E+03   -0.9990E+03   -0.9990E+03   -0.9990E+03   -0.9990E+03   -0.9990E+03   -0.9990E+03   -0.9990E+03   -0.9990E+03   -0.9990E+03   -0.9990E+03   -0.9990E+03   -0.9990E+03   -0.9990E+03   -0.9990E+03   -0.9990E+03   -0.9990E+03   -0.9990E+03   -0.9990E+03   -0.9990E+03   -0.9990E+03   -0.9990E+03   -0.9990E+03   -0.9990E+03   -0.9990E+03   -0.9990E+03   -0.9990E+03   -0.9990E+03   -0.9990E+03   -0.9990E+03   -0.9990E+03   -0.9990E+03   -0.9990E+03   -0.9990E+03   -0.9990E+03   -0.9990E+03   -0.9990E+03   -0.9990E+03   -0.9990E+03   -0.9990E+03   -0.9990E+03   -0.9990E+03   -0.9990E+03   -0.9990E+03   -0.9990E+03   -0.9990E+03   -0.9990E+03   -0.9990E+03   -0.9990E+03   -0.9990E+03   -0.9990E+03   -0.9990E+03   -0.9990E+03   -0.9990E+03   -0.9990E+03   -0.9990E+03   -0.9990E+03   -0.9990E+03   -0.9990E+03   -0.9990E+03   -0.9990E+03
   -0.9990E+03   -0.9990E+03   -0.9990E+03   -0.9990E+03   -0.9990E+03   -0.9990E+03   -0.9990E+03   -0.9990E+03   -0.9990E+03   -0.9990E+03   -0.9990E+03   -0.9990E+03   -0.9990E+03   -0.9990E+03   -0.9990E+03   -0.9990E+03   -0.9990E+03   -0.9990E+03   -0.9990E+03   -0.9990E+03   -0.9990E+03   -0.9990E+03   -0.9990E+03   -0.9990E+03   -0.9990E+03   -0.9990E+03   -0.9990E+03   -0.9990E+03   -0.9990E+03   -0.9990E+03   -0.9990E+03   -0.9990E+03   -0.9990E+03   -0.9990E+03   -0.9990E+03   -0.9990E+03   -0.9990E+03   -0.9990E+03   -0.9990E+03   -0.9990E+03   -0.9990E+03   -0.9990E+03   -0.9990E+03   -0.9990E+03   -0.9990E+03   -0.9990E+03   -0.9990E+03   -0.9990E+03   -0.9990E+03   -0.9990E+03   -0.9990E+03   -0.9990E+03   -0.9990E+03    0.9789E-01   -0.9990E+03   -0.9990E+03   -0.9990E+03   -0.9990E+03   -0.9990E+03   -0.9990E+03   -0.9990E+03    0.7345E-01   -0.9990E+03   -0.9990E+03   -0.9990E+03   -0.9990E+03   -0.9990E+03   -0.9990E+03   -0.9990E+03   -0.9990E+03   -0.9990E+03   -0.9990E+03   -0.9990E+03   -0.9990E+03   -0.9990E+03   -0.9990E+03
   -0.9990E+03   -0.9990E+03   -0.9990E+03   -0.9990E+03   -0.9990E+03   -0.9990E+03   -0.9990E+03   -0.9990E+03   -0.9990E+03   -0.9990E+03   -0.9990E+03   -0.9990E+03   -0.9990E+03   -0.9990E+03   -0.9990E+03   -0.9990E+03   -0.9990E+03   -0.9990E+03   -0.9990E+03   -0.9990E+03   -0.9990E+03   -0.9990E+03   -0.9990E+03   -0.9990E+03   -0.9990E+03   -0.9990E+03   -0.9990E+03   -0.9990E+03   -0.9990E+03   -0.9990E+03   -0.9990E+03   -0.9990E+03   -0.9990E+03   -0.9990E+03   -0.9990E+03   -0.9990E+03   -0.9990E+03   -0.9990E+03   -0.9990E+03   -0.9990E+03   -0.9990E+03   -0.9990E+03   -0.9990E+03   -0.9990E+03    0.9191E-01    0.1378E+00   -0.9990E+03   -0.9990E+03   -0.9990E+03   -0.9990E+03   -0.9990E+03   -0.9990E+03    0.1132E+00    0.1412E+00   -0.9990E+03   -0.9990E+03   -0.9990E+03   -0.9990E+03   -0.9990E+03   -0.9990E+03   -0.9990E+03    0.8442E-01   -0.9990E+03   -0.9990E+03   -0.9990E+03   -0.9990E+03   -0.9990E+03   -0.9990E+03   -0.9990E+03   -0.9990E+03   -0.9990E+03   -0.9990E+03   -0.9990E+03   -0.9990E+03   -0.9990E+03   -0.9990E+03
   -0.9990E+03   -0.9990E+03   -0.9990E+03   -0.9990E+03   -0.9990E+03   -0.9990E+03   -0.9990E+03   -0.9990E+03   -0.9990E+03   -0.9990E+03   -0.9990E+03   -0.9990E+03   -0.9990E+03   -0.9990E+03   -0.9990E+03   -0.9990E+03   -0.9990E+03   -0.9990E+03   -0.9990E+03   -0.9990E+03   -0.9990E+03   -0.9990E+03   -0.9990E+03   -0.9990E+03   -0.9990E+03   -0.9990E+03   -0.9990E+03   -0.9990E+03   -0.9990E+03   -0.9990E+03   -0.9990E+03   -0.9990E+03   -0.9990E+03   -0.9990E+03   -0.9990E+03   -0.9990E+03   -0.9990E+03    0.1391E+00   -0.9990E+03   -0.9990E+03   -0.9990E+03   -0.9990E+03   -0.9990E+03   -0.9990E+03    0.1440E+00    0.1234E+00    0.1432E+00    0.9268E-01    0.1502E+00    0.1428E+00    0.1442E+00   -0.9990E+03    0.9709E-01    0.1382E+00   -0.9990E+03   -0.9990E+03   -0.9990E+03   -0.9990E+03   -0.9990E+03   -0.9990E+03   -0.9990E+03    0.1524E+00   -0.9990E+03   -0.9990E+03   -0.9990E+03   -0.9990E+03   -0.9990E+03   -0.9990E+03   -0.9990E+03   -0.9990E+03   -0.9990E+03   -0.9990E+03   -0.9990E+03   -0.9990E+03   -0.9990E+03   -0.9990E+03
   -0.9990E+03   -0.9990E+03   -0.9990E+03   -0.9990E+03   -0.9990E+03   -0.9990E+03   -0.9990E+03   -0.9990E+03   -0.9990E+03   -0.9990E+03   -0.9990E+03   -0.9990E+03   -0.9990E+03   -0.9990E+03   -0.9990E+03   -0.9990E+03   -0.9990E+03   -0.9990E+03   -0.9990E+03   -0.9990E+03   -0.9990E+03   -0.9990E+03   -0.9990E+03   -0.9990E+03   -0.9990E+03   -0.9990E+03   -0.9990E+03   -0.9990E+03   -0.9990E+03   -0.9990E+03   -0.9990E+03   -0.9990E+03   -0.9990E+03   -0.9990E+03   -0.9990E+03   -0.9990E+03    0.1344E+00    0.1417E+00   -0.9990E+03   -0.9990E+03   -0.9990E+03   -0.9990E+03   -0.9990E+03   -0.9990E+03   -0.9990E+03    0.8498E-01    0.1370E+00    0.1504E+00    0.1451E+00    0.1425E+00    0.9631E-01   -0.9990E+03    0.1430E+00    0.1443E+00   -0.9990E+03   -0.9990E+03   -0.9990E+03   -0.9990E+03   -0.9990E+03   -0.9990E+03    0.1002E+00    0.1466E+00   -0.9990E+03   -0.9990E+03   -0.9990E+03   -0.9990E+03   -0.9990E+03   -0.9990E+03   -0.9990E+03   -0.9990E+03   -0.9990E+03   -0.9990E+03   -0.9990E+03   -0.9990E+03   -0.9990E+03   -0.9990E+03
   -0.9990E+03   -0.9990E+03   -0.9990E+03   -0.9990E+03   -0.9990E+03   -0.9990E+03   -0.9990E+03   -0.9990E+03   -0.9990E+03   -0.9990E+03   -0.9990E+03   -0.9990E+03   -0.9990E+03   -0.9990E+03   -0.9990E+03   -0.9990E+03   -0.9990E+03   -0.9990E+03   -0.9990E+03   -0.9990E+03   -0.9990E+03   -0.9990E+03   -0.9990E+03   -0.9990E+03   -0.9990E+03   -0.9990E+03   -0.9990E+03   -0.9990E+03   -0.9990E+03   -0.9990E+03   -0.9990E+03   -0.9990E+03   -0.9990E+03   -0.9990E+03   -0.9990E+03   -0.9990E+03    0.1186E+00    0.1419E+00   -0.9990E+03   -0.9990E+03   -0.9990E+03   -0.9990E+03   -0.9990E+03   -0.9990E+03   -0.9990E+03    0.9219E-01    0.1402E+00    0.1427E+00    0.1456E+00    0.1388E+00    0.1466E+00    0.1649E+00    0.1377E+00   -0.9990E+03   -0.9990E+03   -0.9990E+03   -0.9990E+03   -0.9990E+03   -0.9990E+03   -0.9990E+03    0.9353E-01   -0.9990E+03   -0.9990E+03   -0.9990E+03   -0.9990E+03   -0.9990E+03   -0.9990E+03   -0.9990E+03   -0.9990E+03   -0.9990E+03   -0.9990E+03   -0.9990E+03   -0.9990E+03   -0.9990E+03   -0.9990E+03   -0.9990E+03
   -0.9990E+03   -0.9990E+03   -0.9990E+03   -0.9990E+03   -0.9990E+03   -0.9990E+03   -0.9990E+03   -0.9990E+03   -0.9990E+03   -0.9990E+03   -0.9990E+03   -0.9990E+03   -0.9990E+03   -0.9990E+03   -0.9990E+03   -0.9990E+03   -0.9990E+03   -0.9990E+03   -0.9990E+03   -0.9990E+03   -0.9990E+03   -0.9990E+03   -0.9990E+03   -0.9990E+03   -0.9990E+03   -0.9990E+03   -0.9990E+03   -0.9990E+03   -0.9990E+03   -0.9990E+03   -0.9990E+03   -0.9990E+03   -0.9990E+03   -0.9990E+03   -0.9990E+03   -0.9990E+03   -0.9990E+03    0.1427E+00   -0.9990E+03    0.9446E-01    0.9745E-01    0.1435E+00   -0.9990E+03   -0.9990E+03    0.9245E-01    0.1496E+00    0.1484E+00    0.1407E+00    0.1432E+00    0.1483E+00    0.1409E+00    0.1393E+00    0.9091E-01   -0.9990E+03   -0.9990E+03   -0.9990E+03   -0.9990E+03   -0.9990E+03   -0.9990E+03   -0.9990E+03   -0.9990E+03   -0.9990E+03   -0.9990E+03   -0.9990E+03   -0.9990E+03   -0.9990E+03   -0.9990E+03   -0.9990E+03   -0.9990E+03   -0.9990E+03   -0.9990E+03   -0.9990E+03   -0.9990E+03   -0.9990E+03   -0.9990E+03   -0.9990E+03
   -0.9990E+03   -0.9990E+03   -0.9990E+03   -0.9990E+03   -0.9990E+03   -0.9990E+03   -0.9990E+03   -0.9990E+03   -0.9990E+03   -0.9990E+03   -0.9990E+03   -0.9990E+03   -0.9990E+03   -0.9990E+03   -0.9990E+03   -0.9990E+03   -0.9990E+03   -0.9990E+03   -0.9990E+03   -0.9990E+03   -0.9990E+03   -0.9990E+03   -0.9990E+03   -0.9990E+03   -0.9990E+03   -0.9990E+03   -0.9990E+03   -0.9990E+03   -0.9990E+03   -0.9990E+03   -0.9990E+03   -0.9990E+03   -0.9990E+03   -0.9990E+03   -0.9990E+03   -0.9990E+03   -0.9990E+03    0.1079E+00    0.8915E-01    0.9150E-01    0.1437E+00    0.1358E+00    0.1490E+00    0.1450E+00    0.1440E+00    0.1440E+00    0.1561E+00    0.1427E+00    0.1416E+00    0.1446E+00    0.1495E+00    0.1423E+00    0.1492E+00    0.1170E+00    0.1180E+00   -0.9990E+03   -0.9990E+03   -0.9990E+03    0.1310E+00   -0.9990E+03   -0.9990E+03   -0.9990E+03   -0.9990E+03   -0.9990E+03   -0.9990E+03   -0.9990E+03   -0.9990E+03   -0.9990E+03   -0.9990E+03   -0.9990E+03   -0.9990E+03   -0.9990E+03   -0.9990E+03   -0.9990E+03   -0.9990E+03   -0.9990E+03
   -0.9990E+03   -0.9990E+03   -0.9990E+03   -0.9990E+03   -0.9990E+03   -0.9990E+03   -0.9990E+03   -0.9990E+03   -0.9990E+03   -0.9990E+03   -0.9990E+03   -0.9990E+03   -0.9990E+03   -0.9990E+03   -0.9990E+03   -0.9990E+03   -0.9990E+03   -0.9990E+03   -0.9990E+03   -0.9990E+03   -0.9990E+03   -0.9990E+03   -0.9990E+03   -0.9990E+03   -0.9990E+03   -0.9990E+03   -0.9990E+03   -0.9990E+03   -0.9990E+03   -0.9990E+03   -0.9990E+03   -0.9990E+03   -0.9990E+03   -0.9990E+03   -0.9990E+03   -0.9990E+03   -0.9990E+03   -0.9990E+03   -0.9990E+03   -0.9990E+03    0.8813E-01    0.8872E-01    0.8829E-01    0.8848E-01    0.1234E+00    0.1362E+00    0.1397E+00    0.1401E+00    0.1391E+00    0.1427E+00    0.1603E+00    0.1392E+00    0.1660E+00    0.9893E-01    0.1611E+00    0.1073E+00    0.9630E-01    0.1534E+00    0.1232E+00   -0.9990E+03   -0.9990E+03   -0.9990E+03   -0.9990E+03   -0.9990E+03   -0.9990E+03   -0.9990E+03   -0.9990E+03   -0.9990E+03   -0.9990E+03   -0.9990E+03   -0.9990E+03   -0.9990E+03   -0.9990E+03   -0.9990E+03   -0.9990E+03   -0.9990E+03
   -0.9990E+03   -0.9990E+03   -0.9990E+03   -0.9990E+03   -0.9990E+03   -0.9990E+03   -0.9990E+03   -0.9990E+03   -0.9990E+03   -0.9990E+03   -0.9990E+03   -0.9990E+03   -0.9990E+03   -0.9990E+03   -0.9990E+03   -0.9990E+03   -0.9990E+03   -0.9990E+03   -0.9990E+03   -0.9990E+03   -0.9990E+03   -0.9990E+03   -0.9990E+03   -0.9990E+03   -0.9990E+03   -0.9990E+03   -0.9990E+03   -0.9990E+03   -0.9990E+03   -0.9990E+03   -0.9990E+03   -0.9990E+03   -0.9990E+03   -0.9990E+03   -0.9990E+03   -0.9990E+03   -0.9990E+03   -0.9990E+03   -0.9990E+03   -0.9990E+03   -0.9990E+03   -0.9990E+03    0.8832E-01    0.9524E-01    0.1475E+00    0.1438E+00    0.1405E+00    0.1447E+00    0.1287E+00    0.1340E+00    0.1300E+00    0.1304E+00    0.1500E+00    0.9686E-01    0.1116E+00    0.1227E+00    0.1870E+00    0.1457E+00    0.1070E+00   -0.9990E+03   -0.9990E+03   -0.9990E+03   -0.9990E+03   -0.9990E+03   -0.9990E+03   -0.9990E+03   -0.9990E+03   -0.9990E+03   -0.9990E+03   -0.9990E+03   -0.9990E+03   -0.9990E+03   -0.9990E+03   -0.9990E+03   -0.9990E+03   -0.9990E+03
   -0.9990E+03   -0.9990E+03   -0.9990E+03   -0.9990E+03   -0.9990E+03   -0.9990E+03   -0.9990E+03   -0.9990E+03   -0.9990E+03   -0.9990E+03   -0.9990E+03   -0.9990E+03   -0.9990E+03   -0.9990E+03   -0.9990E+03   -0.9990E+03   -0.9990E+03   -0.9990E+03   -0.9990E+03   -0.9990E+03   -0.9990E+03   -0.9990E+03   -0.9990E+03   -0.9990E+03   -0.9990E+03   -0.9990E+03   -0.9990E+03   -0.9990E+03   -0.9990E+03   -0.9990E+03   -0.9990E+03   -0.9990E+03   -0.9990E+03   -0.9990E+03   -0.9990E+03   -0.9990E+03    0.1702E+00   -0.9990E+03   -0.9990E+03   -0.9990E+03   -0.9990E+03   -0.9990E+03    0.9724E-01    0.1495E+00    0.1507E+00    0.1650E+00    0.1430E+00    0.1507E+00    0.1375E+00    0.1607E+00    0.1553E+00    0.1624E+00    0.1700E+00    0.1591E+00    0.1662E+00    0.1880E+00    0.1504E+00    0.1482E+00    0.1723E+00   -0.9990E+03   -0.9990E+03   -0.9990E+03   -0.9990E+03   -0.9990E+03   -0.9990E+03   -0.9990E+03   -0.9990E+03   -0.9990E+03   -0.9990E+03   -0.9990E+03   -0.9990E+03   -0.9990E+03   -0.9990E+03   -0.9990E+03   -0.9990E+03   -0.9990E+03
   -0.9990E+03   -0.9990E+03   -0.9990E+03   -0.9990E+03   -0.9990E+03   -0.9990E+03   -0.9990E+03   -0.9990E+03   -0.9990E+03   -0.9990E+03   -0.9990E+03   -0.9990E+03   -0.9990E+03   -0.9990E+03   -0.9990E+03   -0.9990E+03   -0.9990E+03   -0.9990E+03   -0.9990E+03   -0.9990E+03   -0.9990E+03   -0.9990E+03   -0.9990E+03   -0.9990E+03   -0.9990E+03   -0.9990E+03   -0.9990E+03   -0.9990E+03   -0.9990E+03   -0.9990E+03   -0.9990E+03   -0.9990E+03   -0.9990E+03   -0.9990E+03   -0.9990E+03    0.1626E+00    0.1785E+00   -0.9990E+03   -0.9990E+03   -0.9990E+03   -0.9990E+03   -0.9990E+03    0.1138E+00    0.1655E+00    0.1806E+00    0.1550E+00    0.1423E+00    0.1528E+00    0.1389E+00    0.1625E+00    0.1780E+00    0.1618E+00    0.1343E+00    0.1334E+00    0.1330E+00    0.1334E+00    0.1341E+00    0.1382E+00    0.1785E+00   -0.9990E+03   -0.9990E+03   -0.9990E+03   -0.9990E+03   -0.9990E+03   -0.9990E+03   -0.9990E+03   -0.9990E+03   -0.9990E+03   -0.9990E+03   -0.9990E+03   -0.9990E+03   -0.9990E+03   -0.9990E+03   -0.9990E+03   -0.9990E+03   -0.9990E+03
   -0.9990E+03   -0.9990E+03   -0.9990E+03   -0.9990E+03   -0.9990E+03   -0.9990E+03   -0.9990E+03   -0.9990E+03   -0.9990E+03   -0.9990E+03   -0.9990E+03   -0.9990E+03   -0.9990E+03   -0.9990E+03   -0.9990E+03   -0.9990E+03   -0.9990E+03   -0.9990E+03   -0.9990E+03   -0.9990E+03   -0.9990E+03   -0.9990E+03   -0.9990E+03   -0.9990E+03   -0.9990E+03   -0.9990E+03   -0.9990E+03   -0.9990E+03   -0.9990E+03   -0.9990E+03   -0.9990E+03   -0.9990E+03   -0.9990E+03   -0.9990E+03   -0.9990E+03    0.1202E+00   -0.9990E+03   -0.9990E+03   -0.9990E+03   -0.9990E+03   -0.9990E+03   -0.9990E+03   -0.9990E+03    0.1731E+00    0.1698E+00    0.1634E+00    0.1651E+00    0.1786E+00    0.1519E+00    0.1422E+00    0.1418E+00    0.1369E+00    0.1454E+00    0.1505E+00    0.1488E+00    0.1509E+00    0.1693E+00    0.1596E+00    0.1268E+00    0.1724E+00   -0.9990E+03   -0.9990E+03   -0.9990E+03   -0.9990E+03   -0.9990E+03   -0.9990E+03   -0.9990E+03   -0.9990E+03   -0.9990E+03   -0.9990E+03   -0.9990E+03   -0.9990E+03   -0.9990E+03   -0.9990E+03   -0.9990E+03   -0.9990E+03
   -0.9990E+03   -0.9990E+03   -0.9990E+03   -0.9990E+03   -0.9990E+03   -0.9990E+03   -0.9990E+03   -0.9990E+03   -0.9990E+03   -0.9990E+03   -0.9990E+03   -0.9990E+03   -0.9990E+03   -0.9990E+03   -0.9990E+03   -0.9990E+03   -0.9990E+03   -0.9990E+03   -0.9990E+03   -0.9990E+03   -0.9990E+03   -0.9990E+03   -0.9990E+03   -0.9990E+03   -0.9990E+03   -0.9990E+03   -0.9990E+03   -0.9990E+03   -0.9990E+03   -0.9990E+03   -0.9990E+03   -0.9990E+03   -0.9990E+03   -0.9990E+03    0.1229E+00    0.1504E+00   -0.9990E+03   -0.9990E+03   -0.9990E+03   -0.9990E+03   -0.9990E+03   -0.9990E+03   -0.9990E+03   -0.9990E+03    0.1083E+00    0.1683E+00    0.1648E+00    0.1669E+00    0.1779E+00    0.1544E+00    0.1622E+00    0.1575E+00    0.1657E+00    0.1711E+00    0.1891E+00    0.1672E+00    0.1077E+00    0.1011E+00    0.7518E-01    0.1363E+00   -0.9990E+03   -0.9990E+03   -0.9990E+03   -0.9990E+03   -0.9990E+03   -0.9990E+03   -0.9990E+03   -0.9990E+03   -0.9990E+03   -0.9990E+03   -0.9990E+03   -0.9990E+03   -0.9990E+03   -0.9990E+03   -0.9990E+03   -0.9990E+03
   -0.9990E+03   -0.9990E+03   -0.9990E+03   -0.9990E+03   -0.9990E+03   -0.9990E+03   -0.9990E+03   -0.9990E+03   -0.9990E+03   -0.9990E+03   -0.9990E+03   -0.9990E+03   -0.9990E+03   -0.9990E+03   -0.9990E+03   -0.9990E+03   -0.9990E+03   -0.9990E+03   -0.9990E+03   -0.9990E+03   -0.9990E+03   -0.9990E+03   -0.9990E+03   -0.9990E+03   -0.9990E+03   -0.9990E+03   -0.9990E+03   -0.9990E+03   -0.9990E+03   -0.9990E+03   -0.9990E+03   -0.9990E+03   -0.9990E+03   -0.9990E+03   -0.9990E+03    0.1347E+00   -0.9990E+03   -0.9990E+03   -0.9990E+03   -0.9990E+03   -0.9990E+03   -0.9990E+03   -0.9990E+03   -0.9990E+03    0.1186E+00    0.1742E+00    0.1695E+00    0.1698E+00    0.1528E+00    0.1753E+00    0.1985E+00    0.1811E+00    0.1688E+00    0.1809E+00    0.1861E+00    0.1621E+00    0.1827E+00    0.1577E+00    0.9372E-01    0.8776E-01    0.1066E+00   -0.9990E+03   -0.9990E+03   -0.9990E+03   -0.9990E+03   -0.9990E+03   -0.9990E+03   -0.9990E+03   -0.9990E+03   -0.9990E+03   -0.9990E+03   -0.9990E+03   -0.9990E+03   -0.9990E+03   -0.9990E+03   -0.9990E+03
   -0.9990E+03   -0.9990E+03   -0.9990E+03   -0.9990E+03   -0.9990E+03   -0.9990E+03   -0.9990E+03   -0.9990E+03   -0.9990E+03   -0.9990E+03   -0.9990E+03   -0.9990E+03   -0.9990E+03   -0.9990E+03   -0.9990E+03   -0.9990E+03   -0.9990E+03   -0.9990E+03   -0.9990E+03   -0.9990E+03   -0.9990E+03   -0.9990E+03   -0.9990E+03   -0.9990E+03   -0.9990E+03   -0.9990E+03   -0.9990E+03   -0.9990E+03   -0.9990E+03   -0.9990E+03   -0.9990E+03   -0.9990E+03   -0.9990E+03   -0.9990E+03   -0.9990E+03   -0.9990E+03   -0.9990E+03   -0.9990E+03   -0.9990E+03   -0.9990E+03   -0.9990E+03   -0.9990E+03   -0.9990E+03   -0.9990E+03    0.1877E+00    0.1757E+00    0.1709E+00    0.1746E+00    0.1761E+00    0.1603E+00    0.1746E+00    0.1838E+00    0.1850E+00    0.1657E+00    0.1688E+00    0.1778E+00    0.1808E+00    0.9771E-01    0.7178E-01    0.1022E+00   -0.9990E+03   -0.9990E+03   -0.9990E+03   -0.9990E+03   -0.9990E+03   -0.9990E+03   -0.9990E+03   -0.9990E+03   -0.9990E+03   -0.9990E+03   -0.9990E+03   -0.9990E+03   -0.9990E+03   -0.9990E+03   -0.9990E+03   -0.9990E+03
   -0.9990E+03   -0.9990E+03   -0.9990E+03   -0.9990E+03   -0.9990E+03   -0.9990E+03   -0.9990E+03   -0.9990E+03   -0.9990E+03   -0.9990E+03   -0.9990E+03   -0.9990E+03   -0.9990E+03   -0.9990E+03   -0.9990E+03   -0.9990E+03   -0.9990E+03   -0.9990E+03   -0.9990E+03   -0.9990E+03   -0.9990E+03   -0.9990E+03   -0.9990E+03   -0.9990E+03   -0.9990E+03   -0.9990E+03   -0.9990E+03   -0.9990E+03   -0.9990E+03   -0.9990E+03   -0.9990E+03   -0.9990E+03   -0.9990E+03    0.2126E+00    0.2215E+00   -0.9990E+03   -0.9990E+03   -0.9990E+03   -0.9990E+03   -0.9990E+03   -0.9990E+03   -0.9990E+03   -0.9990E+03   -0.9990E+03    0.2298E+00    0.2189E+00    0.1620E+00    0.1740E+00    0.1459E+00    0.1620E+00    0.2052E+00    0.1934E+00    0.1898E+00    0.1812E+00    0.1882E+00    0.1734E+00    0.1759E+00    0.1946E+00    0.9603E-01    0.9921E-01   -0.9990E+03   -0.9990E+03   -0.9990E+03   -0.9990E+03   -0.9990E+03   -0.9990E+03   -0.9990E+03   -0.9990E+03   -0.9990E+03   -0.9990E+03   -0.9990E+03   -0.9990E+03   -0.9990E+03   -0.9990E+03   -0.9990E+03   -0.9990E+03
   -0.9990E+03   -0.9990E+03   -0.9990E+03   -0.9990E+03   -0.9990E+03   -0.9990E+03   -0.9990E+03   -0.9990E+03   -0.9990E+03   -0.9990E+03   -0.9990E+03   -0.9990E+03   -0.9990E+03   -0.9990E+03   -0.9990E+03   -0.9990E+03   -0.9990E+03   -0.9990E+03   -0.9990E+03   -0.9990E+03   -0.9990E+03   -0.9990E+03   -0.9990E+03   -0.9990E+03   -0.9990E+03   -0.9990E+03   -0.9990E+03   -0.9990E+03   -0.9990E+03   -0.9990E+03   -0.9990E+03   -0.9990E+03   -0.9990E+03   -0.9990E+03    0.1656E+00   -0.9990E+03   -0.9990E+03   -0.9990E+03   -0.9990E+03   -0.9990E+03   -0.9990E+03   -0.9990E+03   -0.9990E+03    0.1304E+00    0.2280E+00    0.2254E+00    0.2179E+00    0.2406E+00    0.2148E+00    0.2173E+00    0.1588E+00    0.1561E+00    0.1570E+00    0.1620E+00    0.1730E+00    0.1720E+00    0.1834E+00    0.1742E+00    0.1936E+00    0.1687E+00    0.9196E-01   -0.9990E+03   -0.9990E+03   -0.9990E+03   -0.9990E+03   -0.9990E+03   -0.9990E+03   -0.9990E+03   -0.9990E+03   -0.9990E+03   -0.9990E+03   -0.9990E+03   -0.9990E+03   -0.9990E+03   -0.9990E+03   -0.9990E+03
   -0.9990E+03   -0.9990E+03   -0.9990E+03   -0.9990E+03   -0.9990E+03   -0.9990E+03   -0.9990E+03   -0.9990E+03   -0.9990E+03   -0.9990E+03   -0.9990E+03   -0.9990E+03   -0.9990E+03   -0.9990E+03   -0.9990E+03   -0.9990E+03   -0.9990E+03   -0.9990E+03   -0.9990E+03   -0.9990E+03   -0.9990E+03   -0.9990E+03   -0.9990E+03   -0.9990E+03   -0.9990E+03   -0.9990E+03   -0.9990E+03   -0.9990E+03   -0.9990E+03   -0.9990E+03   -0.9990E+03   -0.9990E+03   -0.9990E+03   -0.9990E+03   -0.9990E+03   -0.9990E+03   -0.9990E+03   -0.9990E+03   -0.9990E+03   -0.9990E+03    0.1398E+00    0.2325E+00   -0.9990E+03    0.2500E+00    0.2185E+00    0.2225E+00    0.2282E+00    0.2310E+00    0.2117E+00    0.2177E+00    0.2721E+00    0.2566E+00    0.2308E+00    0.2303E+00    0.2363E+00    0.2237E+00    0.2097E+00    0.1633E+00    0.1794E+00    0.1923E+00    0.1708E+00    0.1913E+00    0.1000E+00   -0.9990E+03   -0.9990E+03   -0.9990E+03   -0.9990E+03   -0.9990E+03   -0.9990E+03   -0.9990E+03   -0.9990E+03   -0.9990E+03   -0.9990E+03   -0.9990E+03   -0.9990E+03   -0.9990E+03
   -0.9990E+03   -0.9990E+03   -0.9990E+03   -0.9990E+03   -0.9990E+03   -0.9990E+03   -0.9990E+03   -0.9990E+03   -0.9990E+03   -0.9990E+03   -0.9990E+03   -0.9990E+03   -0.9990E+03   -0.9990E+03   -0.9990E+03   -0.9990E+03   -0.9990E+03   -0.9990E+03   -0.9990E+03   -0.9990E+03   -0.9990E+03   -0.9990E+03   -0.9990E+03   -0.9990E+03   -0.9990E+03   -0.9990E+03   -0.9990E+03   -0.9990E+03   -0.9990E+03   -0.9990E+03   -0.9990E+03   -0.9990E+03   -0.9990E+03   -0.9990E+03   -0.9990E+03   -0.9990E+03   -0.9990E+03   -0.9990E+03   -0.9990E+03   -0.9990E+03    0.1353E+00    0.1187E+00    0.2267E+00    0.2436E+00    0.2314E+00    0.2222E+00    0.2280E+00    0.2248E+00    0.1925E+00    0.2320E+00    0.2347E+00    0.2282E+00    0.2391E+00    0.2610E+00    0.2306E+00    0.2294E+00    0.2138E+00    0.2266E+00    0.2081E+00    0.2373E+00    0.2071E+00    0.1898E+00    0.1518E+00   -0.9990E+03   -0.9990E+03   -0.9990E+03   -0.9990E+03   -0.9990E+03   -0.9990E+03   -0.9990E+03   -0.9990E+03   -0.9990E+03   -0.9990E+03   -0.9990E+03   -0.9990E+03   -0.9990E+03
   -0.9990E+03   -0.9990E+03   -0.9990E+03   -0.9990E+03   -0.9990E+03   -0.9990E+03   -0.9990E+03   -0.9990E+03   -0.9990E+03   -0.9990E+03   -0.9990E+03   -0.9990E+03   -0.9990E+03   -0.9990E+03   -0.9990E+03   -0.9990E+03   -0.9990E+03   -0.9990E+03   -0.9990E+03   -0.9990E+03   -0.9990E+03   -0.9990E+03   -0.9990E+03   -0.9990E+03   -0.9990E+03   -0.9990E+03   -0.9990E+03   -0.9990E+03   -0.9990E+03   -0.9990E+03   -0.9990E+03   -0.9990E+03   -0.9990E+03   -0.9990E+03   -0.9990E+03   -0.9990E+03   -0.9990E+03   -0.9990E+03   -0.9990E+03   -0.9990E+03    0.1081E+00    0.1165E+00    0.2398E+00    0.2478E+00    0.2314E+00    0.2276E+00    0.2298E+00    0.2275E+00    0.1987E+00    0.2635E+00    0.2283E+00    0.2215E+00    0.2269E+00    0.2245E+00    0.2166E+00    0.2171E+00    0.2317E+00    0.2438E+00    0.2302E+00    0.2180E+00    0.1946E+00    0.2400E+00    0.2139E+00   -0.9990E+03   -0.9990E+03   -0.9990E+03   -0.9990E+03   -0.9990E+03   -0.9990E+03   -0.9990E+03   -0.9990E+03   -0.9990E+03   -0.9990E+03   -0.9990E+03   -0.9990E+03   -0.9990E+03
   -0.9990E+03   -0.9990E+03   -0.9990E+03   -0.9990E+03   -0.9990E+03   -0.9990E+03   -0.9990E+03   -0.9990E+03   -0.9990E+03   -0.9990E+03   -0.9990E+03   -0.9990E+03   -0.9990E+03   -0.9990E+03   -0.9990E+03   -0.9990E+03   -0.9990E+03   -0.9990E+03   -0.9990E+03   -0.9990E+03   -0.9990E+03   -0.9990E+03   -0.9990E+03   -0.9990E+03   -0.9990E+03   -0.9990E+03   -0.9990E+03   -0.9990E+03   -0.9990E+03   -0.9990E+03   -0.9990E+03   -0.9990E+03   -0.9990E+03   -0.9990E+03   -0.9990E+03   -0.9990E+03   -0.9990E+03   -0.9990E+03   -0.9990E+03   -0.9990E+03    0.1132E+00    0.1204E+00    0.2320E+00    0.2442E+00    0.2279E+00    0.2275E+00    0.2116E+00    0.2235E+00    0.2035E+00    0.2293E+00    0.2228E+00    0.2359E+00    0.2206E+00    0.2204E+00    0.2196E+00    0.2162E+00    0.2187E+00    0.2332E+00    0.2295E+00    0.2196E+00    0.2279E+00    0.2376E+00    0.2053E+00    0.1227E+00   -0.9990E+03   -0.9990E+03   -0.9990E+03   -0.9990E+03   -0.9990E+03   -0.9990E+03   -0.9990E+03   -0.9990E+03   -0.9990E+03   -0.9990E+03   -0.9990E+03   -0.9990E+03
   -0.9990E+03   -0.9990E+03   -0.9990E+03   -0.9990E+03   -0.9990E+03   -0.9990E+03   -0.9990E+03   -0.9990E+03   -0.9990E+03   -0.9990E+03   -0.9990E+03   -0.9990E+03   -0.9990E+03   -0.9990E+03   -0.9990E+03   -0.9990E+03   -0.9990E+03   -0.9990E+03   -0.9990E+03   -0.9990E+03   -0.9990E+03   -0.9990E+03   -0.9990E+03   -0.9990E+03   -0.9990E+03   -0.9990E+03   -0.9990E+03   -0.9990E+03   -0.9990E+03   -0.9990E+03   -0.9990E+03   -0.9990E+03   -0.9990E+03   -0.9990E+03   -0.9990E+03   -0.9990E+03   -0.9990E+03   -0.9990E+03   -0.9990E+03   -0.9990E+03   -0.9990E+03   -0.9990E+03    0.1217E+00    0.2394E+00    0.2230E+00    0.2266E+00    0.2282E+00    0.2085E+00    0.2310E+00    0.2240E+00    0.2250E+00    0.2247E+00    0.2235E+00    0.2193E+00    0.2193E+00    0.2163E+00    0.2299E+00    0.2173E+00    0.2171E+00    0.2281E+00    0.2726E+00    0.2364E+00    0.1767E+00   -0.9990E+03   -0.9990E+03   -0.9990E+03   -0.9990E+03   -0.9990E+03   -0.9990E+03   -0.9990E+03   -0.9990E+03   -0.9990E+03   -0.9990E+03   -0.9990E+03   -0.9990E+03   -0.9990E+03
   -0.9990E+03   -0.9990E+03   -0.9990E+03   -0.9990E+03   -0.9990E+03   -0.9990E+03   -0.9990E+03   -0.9990E+03   -0.9990E+03   -0.9990E+03   -0.9990E+03   -0.9990E+03   -0.9990E+03   -0.9990E+03   -0.9990E+03   -0.9990E+03   -0.9990E+03   -0.9990E+03   -0.9990E+03   -0.9990E+03   -0.9990E+03   -0.9990E+03   -0.9990E+03   -0.9990E+03   -0.9990E+03   -0.9990E+03   -0.9990E+03   -0.9990E+03   -0.9990E+03   -0.9990E+03   -0.9990E+03   -0.9990E+03   -0.9990E+03   -0.9990E+03   -0.9990E+03   -0.9990E+03   -0.9990E+03   -0.9990E+03   -0.9990E+03   -0.9990E+03   -0.9990E+03   -0.9990E+03   -0.9990E+03    0.2456E+00    0.2311E+00    0.2230E+00    0.2234E+00    0.2117E+00    0.2180E+00    0.2362E+00    0.2428E+00    0.2238E+00    0.2232E+00    0.2227E+00    0.2232E+00    0.2355E+00    0.2316E+00    0.2195E+00    0.2203E+00    0.2275E+00    0.2120E+00    0.2025E+00   -0.9990E+03   -0.9990E+03   -0.9990E+03   -0.9990E+03   -0.9990E+03   -0.9990E+03   -0.9990E+03   -0.9990E+03   -0.9990E+03   -0.9990E+03   -0.9990E+03   -0.9990E+03   -0.9990E+03   -0.9990E+03
   -0.9990E+03   -0.9990E+03   -0.9990E+03   -0.9990E+03   -0.9990E+03   -0.9990E+03   -0.9990E+03   -0.9990E+03   -0.9990E+03   -0.9990E+03   -0.9990E+03   -0.9990E+03   -0.9990E+03   -0.9990E+03   -0.9990E+03   -0.9990E+03   -0.9990E+03   -0.9990E+03   -0.9990E+03   -0.9990E+03   -0.9990E+03   -0.9990E+03   -0.9990E+03   -0.9990E+03   -0.9990E+03   -0.9990E+03   -0.9990E+03   -0.9990E+03   -0.9990E+03   -0.9990E+03   -0.9990E+03   -0.9990E+03   -0.9990E+03   -0.9990E+03   -0.9990E+03   -0.9990E+03   -0.9990E+03   -0.9990E+03   -0.9990E+03   -0.9990E+03   -0.9990E+03   -0.9990E+03   -0.9990E+03    0.2435E+00    0.2265E+00    0.2210E+00    0.2153E+00    0.2191E+00    0.2223E+00    0.2273E+00    0.2289E+00    0.2402E+00    0.2331E+00    0.2288E+00    0.2343E+00    0.2454E+00    0.2307E+00    0.2196E+00    0.2196E+00    0.2093E+00    0.2313E+00   -0.9990E+03   -0.9990E+03   -0.9990E+03   -0.9990E+03   -0.9990E+03   -0.9990E+03   -0.9990E+03   -0.9990E+03   -0.9990E+03   -0.9990E+03   -0.9990E+03   -0.9990E+03   -0.9990E+03   -0.9990E+03   -0.9990E+03
   -0.9990E+03   -0.9990E+03   -0.9990E+03   -0.9990E+03   -0.9990E+03   -0.9990E+03   -0.9990E+03   -0.9990E+03   -0.9990E+03   -0.9990E+03   -0.9990E+03   -0.9990E+03   -0.9990E+03   -0.9990E+03   -0.9990E+03   -0.9990E+03   -0.9990E+03   -0.9990E+03   -0.9990E+03   -0.9990E+03   -0.9990E+03   -0.9990E+03   -0.9990E+03   -0.9990E+03   -0.9990E+03   -0.9990E+03   -0.9990E+03   -0.9990E+03   -0.9990E+03   -0.9990E+03   -0.9990E+03   -0.9990E+03   -0.9990E+03   -0.9990E+03   -0.9990E+03   -0.9990E+03   -0.9990E+03   -0.9990E+03    0.1637E+00    0.2369E+00   -0.9990E+03    0.1476E+00    0.2380E+00    0.2461E+00    0.2251E+00    0.2208E+00    0.2137E+00    0.2218E+00    0.2260E+00    0.2245E+00    0.2228E+00    0.2226E+00    0.2223E+00    0.2237E+00    0.2398E+00    0.2257E+00    0.2298E+00    0.2233E+00    0.2200E+00    0.2555E+00    0.2434E+00   -0.9990E+03   -0.9990E+03   -0.9990E+03   -0.9990E+03   -0.9990E+03   -0.9990E+03   -0.9990E+03   -0.9990E+03   -0.9990E+03   -0.9990E+03   -0.9990E+03   -0.9990E+03   -0.9990E+03   -0.9990E+03   -0.9990E+03
   -0.9990E+03   -0.9990E+03   -0.9990E+03   -0.9990E+03   -0.9990E+03   -0.9990E+03   -0.9990E+03   -0.9990E+03   -0.9990E+03   -0.9990E+03   -0.9990E+03   -0.9990E+03   -0.9990E+03   -0.9990E+03   -0.9990E+03   -0.9990E+03   -0.9990E+03   -0.9990E+03   -0.9990E+03   -0.9990E+03   -0.9990E+03   -0.9990E+03   -0.9990E+03   -0.9990E+03   -0.9990E+03   -0.9990E+03   -0.9990E+03   -0.9990E+03   -0.9990E+03   -0.9990E+03   -0.9990E+03   -0.9990E+03   -0.9990E+03   -0.9990E+03   -0.9990E+03   -0.9990E+03   -0.9990E+03   -0.9990E+03   -0.9990E+03    0.1603E+00   -0.9990E+03   -0.9990E+03    0.1534E+00    0.2330E+00    0.2296E+00    0.2234E+00    0.2226E+00    0.2218E+00    0.2284E+00    0.2297E+00    0.2223E+00    0.2222E+00    0.2221E+00    0.2319E+00    0.2416E+00    0.2309E+00    0.2228E+00    0.2236E+00    0.2464E+00    0.2239E+00    0.2220E+00   -0.9990E+03   -0.9990E+03   -0.9990E+03   -0.9990E+03   -0.9990E+03   -0.9990E+03   -0.9990E+03   -0.9990E+03   -0.9990E+03   -0.9990E+03   -0.9990E+03   -0.9990E+03   -0.9990E+03   -0.9990E+03   -0.9990E+03
   -0.9990E+03   -0.9990E+03   -0.9990E+03   -0.9990E+03   -0.9990E+03   -0.9990E+03   -0.9990E+03   -0.9990E+03   -0.9990E+03   -0.9990E+03   -0.9990E+03   -0.9990E+03   -0.9990E+03   -0.9990E+03   -0.9990E+03   -0.9990E+03   -0.9990E+03   -0.9990E+03   -0.9990E+03   -0.9990E+03   -0.9990E+03   -0.9990E+03   -0.9990E+03   -0.9990E+03   -0.9990E+03   -0.9990E+03   -0.9990E+03   -0.9990E+03   -0.9990E+03   -0.9990E+03   -0.9990E+03   -0.9990E+03   -0.9990E+03   -0.9990E+03   -0.9990E+03   -0.9990E+03   -0.9990E+03   -0.9990E+03   -0.9990E+03    0.1874E+00    0.2336E+00   -0.9990E+03   -0.9990E+03    0.2431E+00    0.2328E+00    0.2215E+00    0.2137E+00    0.2232E+00    0.2256E+00    0.2275E+00    0.2292E+00    0.2396E+00    0.2369E+00    0.2309E+00    0.2320E+00    0.2259E+00    0.2214E+00    0.2225E+00    0.2356E+00    0.2279E+00    0.2239E+00   -0.9990E+03   -0.9990E+03   -0.9990E+03   -0.9990E+03   -0.9990E+03   -0.9990E+03   -0.9990E+03   -0.9990E+03   -0.9990E+03   -0.9990E+03   -0.9990E+03   -0.9990E+03   -0.9990E+03   -0.9990E+03   -0.9990E+03
   -0.9990E+03   -0.9990E+03   -0.9990E+03   -0.9990E+03   -0.9990E+03   -0.9990E+03   -0.9990E+03   -0.9990E+03   -0.9990E+03   -0.9990E+03   -0.9990E+03   -0.9990E+03   -0.9990E+03   -0.9990E+03   -0.9990E+03   -0.9990E+03   -0.9990E+03   -0.9990E+03   -0.9990E+03   -0.9990E+03   -0.9990E+03   -0.9990E+03   -0.9990E+03   -0.9990E+03   -0.9990E+03   -0.9990E+03   -0.9990E+03   -0.9990E+03   -0.9990E+03   -0.9990E+03   -0.9990E+03   -0.9990E+03   -0.9990E+03   -0.9990E+03   -0.9990E+03   -0.9990E+03   -0.9990E+03   -0.9990E+03   -0.9990E+03   -0.9990E+03    0.1663E+00   -0.9990E+03   -0.9990E+03    0.2381E+00    0.2158E+00    0.2164E+00    0.2235E+00    0.2289E+00    0.2232E+00    0.2276E+00    0.2502E+00    0.2308E+00    0.2293E+00    0.2368E+00    0.2273E+00    0.2259E+00    0.2258E+00    0.2203E+00    0.2303E+00    0.2238E+00    0.1353E+00   -0.9990E+03   -0.9990E+03   -0.9990E+03   -0.9990E+03   -0.9990E+03   -0.9990E+03   -0.9990E+03   -0.9990E+03   -0.9990E+03   -0.9990E+03   -0.9990E+03   -0.9990E+03   -0.9990E+03   -0.9990E+03   -0.9990E+03
   -0.9990E+03   -0.9990E+03   -0.9990E+03   -0.9990E+03   -0.9990E+03   -0.9990E+03   -0.9990E+03   -0.9990E+03   -0.9990E+03   -0.9990E+03   -0.9990E+03   -0.9990E+03   -0.9990E+03   -0.9990E+03   -0.9990E+03   -0.9990E+03   -0.9990E+03   -0.9990E+03   -0.9990E+03   -0.9990E+03   -0.9990E+03   -0.9990E+03   -0.9990E+03   -0.9990E+03   -0.9990E+03   -0.9990E+03   -0.9990E+03   -0.9990E+03   -0.9990E+03   -0.9990E+03   -0.9990E+03   -0.9990E+03   -0.9990E+03   -0.9990E+03   -0.9990E+03   -0.9990E+03   -0.9990E+03   -0.9990E+03   -0.9990E+03   -0.9990E+03   -0.9990E+03   -0.9990E+03   -0.9990E+03    0.2407E+00    0.2278E+00    0.2181E+00    0.2237E+00    0.2261E+00    0.2245E+00    0.2371E+00    0.2279E+00    0.2257E+00    0.2370E+00    0.2253E+00    0.2330E+00    0.2255E+00    0.2221E+00    0.2259E+00    0.2246E+00    0.2321E+00    0.2337E+00   -0.9990E+03   -0.9990E+03   -0.9990E+03   -0.9990E+03   -0.9990E+03   -0.9990E+03   -0.9990E+03   -0.9990E+03   -0.9990E+03   -0.9990E+03   -0.9990E+03   -0.9990E+03   -0.9990E+03   -0.9990E+03   -0.9990E+03
   -0.9990E+03   -0.9990E+03   -0.9990E+03   -0.9990E+03   -0.9990E+03   -0.9990E+03   -0.9990E+03   -0.9990E+03   -0.9990E+03   -0.9990E+03   -0.9990E+03   -0.9990E+03   -0.9990E+03   -0.9990E+03   -0.9990E+03   -0.9990E+03   -0.9990E+03   -0.9990E+03   -0.9990E+03   -0.9990E+03   -0.9990E+03   -0.9990E+03   -0.9990E+03   -0.9990E+03   -0.9990E+03   -0.9990E+03   -0.9990E+03   -0.9990E+03   -0.9990E+03   -0.9990E+03   -0.9990E+03   -0.9990E+03   -0.9990E+03   -0.9990E+03   -0.9990E+03   -0.9990E+03   -0.9990E+03   -0.9990E+03   -0.9990E+03   -0.9990E+03   -0.9990E+03   -0.9990E+03   -0.9990E+03    0.2184E+00    0.2181E+00    0.2249E+00    0.2166E+00    0.2269E+00    0.2436E+00    0.2251E+00    0.2250E+00    0.2251E+00    0.2325E+00    0.2366E+00    0.2244E+00    0.2206E+00    0.2201E+00    0.2235E+00    0.2292E+00    0.2441E+00    0.1364E+00   -0.9990E+03   -0.9990E+03   -0.9990E+03   -0.9990E+03   -0.9990E+03   -0.9990E+03   -0.9990E+03   -0.9990E+03   -0.9990E+03   -0.9990E+03   -0.9990E+03   -0.9990E+03   -0.9990E+03   -0.9990E+03   -0.9990E+03
   -0.9990E+03   -0.9990E+03   -0.9990E+03   -0.9990E+03   -0.9990E+03   -0.9990E+03   -0.9990E+03   -0.9990E+03   -0.9990E+03   -0.9990E+03   -0.9990E+03   -0.9990E+03   -0.9990E+03   -0.9990E+03   -0.9990E+03   -0.9990E+03   -0.9990E+03   -0.9990E+03   -0.9990E+03   -0.9990E+03   -0.9990E+03   -0.9990E+03   -0.9990E+03   -0.9990E+03   -0.9990E+03   -0.9990E+03   -0.9990E+03   -0.9990E+03   -0.9990E+03   -0.9990E+03   -0.9990E+03   -0.9990E+03   -0.9990E+03   -0.9990E+03   -0.9990E+03   -0.9990E+03   -0.9990E+03   -0.9990E+03   -0.9990E+03   -0.9990E+03   -0.9990E+03    0.2061E+00    0.2390E+00    0.2153E+00    0.2200E+00    0.2205E+00    0.2184E+00    0.2176E+00    0.2195E+00    0.2214E+00    0.2244E+00    0.2247E+00    0.2316E+00    0.2305E+00    0.2236E+00    0.2185E+00    0.2195E+00    0.2323E+00    0.2334E+00    0.2258E+00    0.1320E+00   -0.9990E+03   -0.9990E+03   -0.9990E+03   -0.9990E+03   -0.9990E+03   -0.9990E+03   -0.9990E+03   -0.9990E+03   -0.9990E+03   -0.9990E+03   -0.9990E+03   -0.9990E+03   -0.9990E+03   -0.9990E+03   -0.9990E+03
   -0.9990E+03   -0.9990E+03   -0.9990E+03   -0.9990E+03   -0.9990E+03   -0.9990E+03   -0.9990E+03   -0.9990E+03   -0.9990E+03   -0.9990E+03   -0.9990E+03   -0.9990E+03   -0.9990E+03   -0.9990E+03   -0.9990E+03   -0.9990E+03   -0.9990E+03   -0.9990E+03   -0.9990E+03   -0.9990E+03   -0.9990E+03   -0.9990E+03   -0.9990E+03   -0.9990E+03   -0.9990E+03   -0.9990E+03   -0.9990E+03   -0.9990E+03   -0.9990E+03   -0.9990E+03   -0.9990E+03   -0.9990E+03   -0.9990E+03   -0.9990E+03   -0.9990E+03   -0.9990E+03   -0.9990E+03   -0.9990E+03   -0.9990E+03   -0.9990E+03   -0.9990E+03    0.2187E+00    0.2243E+00    0.2239E+00    0.2199E+00    0.2179E+00    0.2305E+00    0.2240E+00    0.2334E+00    0.2232E+00    0.2238E+00    0.2245E+00    0.2315E+00    0.2297E+00    0.2227E+00    0.2153E+00    0.2210E+00    0.2248E+00    0.2297E+00    0.2280E+00    0.1213E+00   -0.9990E+03   -0.9990E+03   -0.9990E+03   -0.9990E+03   -0.9990E+03   -0.9990E+03   -0.9990E+03   -0.9990E+03   -0.9990E+03   -0.9990E+03   -0.9990E+03   -0.9990E+03   -0.9990E+03   -0.9990E+03   -0.9990E+03
   -0.9990E+03   -0.9990E+03   -0.9990E+03   -0.9990E+03   -0.9990E+03   -0.9990E+03   -0.9990E+03   -0.9990E+03   -0.9990E+03   -0.9990E+03   -0.9990E+03   -0.9990E+03   -0.9990E+03   -0.9990E+03   -0.9990E+03   -0.9990E+03   -0.9990E+03   -0.9990E+03   -0.9990E+03   -0.9990E+03   -0.9990E+03   -0.9990E+03   -0.9990E+03   -0.9990E+03   -0.9990E+03   -0.9990E+03   -0.9990E+03   -0.9990E+03   -0.9990E+03   -0.9990E+03   -0.9990E+03   -0.9990E+03   -0.9990E+03   -0.9990E+03   -0.9990E+03   -0.9990E+03   -0.9990E+03   -0.9990E+03   -0.9990E+03   -0.9990E+03    0.2308E+00    0.2159E+00    0.2103E+00    0.2196E+00    0.2163E+00    0.2319E+00    0.2338E+00    0.2261E+00    0.2212E+00    0.2348E+00    0.2222E+00    0.2318E+00    0.2239E+00    0.2201E+00    0.2246E+00    0.2162E+00    0.2104E+00    0.2176E+00    0.2157E+00    0.2219E+00   -0.9990E+03   -0.9990E+03   -0.9990E+03   -0.9990E+03   -0.9990E+03   -0.9990E+03   -0.9990E+03   -0.9990E+03   -0.9990E+03   -0.9990E+03   -0.9990E+03   -0.9990E+03   -0.9990E+03   -0.9990E+03   -0.9990E+03   -0.9990E+03
   -0.9990E+03   -0.9990E+03   -0.9990E+03   -0.9990E+03   -0.9990E+03   -0.9990E+03   -0.9990E+03   -0.9990E+03   -0.9990E+03   -0.9990E+03   -0.9990E+03   -0.9990E+03   -0.9990E+03   -0.9990E+03   -0.9990E+03   -0.9990E+03   -0.9990E+03   -0.9990E+03   -0.9990E+03   -0.9990E+03   -0.9990E+03   -0.9990E+03   -0.9990E+03   -0.9990E+03   -0.9990E+03   -0.9990E+03   -0.9990E+03   -0.9990E+03   -0.9990E+03   -0.9990E+03   -0.9990E+03   -0.9990E+03   -0.9990E+03   -0.9990E+03   -0.9990E+03   -0.9990E+03   -0.9990E+03   -0.9990E+03   -0.9990E+03   -0.9990E+03    0.2284E+00    0.2241E+00    0.2164E+00    0.2114E+00    0.2227E+00    0.2174E+00    0.2233E+00    0.2272E+00    0.2250E+00    0.2269E+00    0.2338E+00    0.2298E+00    0.2234E+00    0.2192E+00    0.2205E+00    0.2180E+00    0.2089E+00    0.2125E+00    0.2154E+00   -0.9990E+03   -0.9990E+03   -0.9990E+03   -0.9990E+03   -0.9990E+03   -0.9990E+03   -0.9990E+03   -0.9990E+03   -0.9990E+03   -0.9990E+03   -0.9990E+03   -0.9990E+03   -0.9990E+03   -0.9990E+03   -0.9990E+03   -0.9990E+03   -0.9990E+03
   -0.9990E+03   -0.9990E+03   -0.9990E+03   -0.9990E+03   -0.9990E+03   -0.9990E+03   -0.9990E+03   -0.9990E+03   -0.9990E+03   -0.9990E+03   -0.9990E+03   -0.9990E+03   -0.9990E+03   -0.9990E+03   -0.9990E+03   -0.9990E+03   -0.9990E+03   -0.9990E+03   -0.9990E+03   -0.9990E+03   -0.9990E+03   -0.9990E+03   -0.9990E+03   -0.9990E+03   -0.9990E+03   -0.9990E+03   -0.9990E+03   -0.9990E+03   -0.9990E+03   -0.9990E+03   -0.9990E+03   -0.9990E+03   -0.9990E+03   -0.9990E+03   -0.9990E+03   -0.9990E+03   -0.9990E+03   -0.9990E+03   -0.9990E+03   -0.9990E+03    0.2324E+00    0.2201E+00    0.2224E+00    0.2143E+00    0.2304E+00    0.2189E+00    0.2154E+00    0.2170E+00    0.2193E+00    0.2242E+00    0.2324E+00    0.2180E+00    0.2220E+00    0.2343E+00    0.2366E+00    0.2282E+00    0.2148E+00    0.2186E+00    0.2272E+00   -0.9990E+03   -0.9990E+03   -0.9990E+03   -0.9990E+03   -0.9990E+03   -0.9990E+03   -0.9990E+03   -0.9990E+03   -0.9990E+03   -0.9990E+03   -0.9990E+03   -0.9990E+03   -0.9990E+03   -0.9990E+03   -0.9990E+03   -0.9990E+03   -0.9990E+03
   -0.9990E+03   -0.9990E+03   -0.9990E+03   -0.9990E+03   -0.9990E+03   -0.9990E+03   -0.9990E+03   -0.9990E+03   -0.9990E+03   -0.9990E+03   -0.9990E+03   -0.9990E+03   -0.9990E+03   -0.9990E+03   -0.9990E+03   -0.9990E+03   -0.9990E+03   -0.9990E+03   -0.9990E+03   -0.9990E+03   -0.9990E+03   -0.9990E+03   -0.9990E+03   -0.9990E+03   -0.9990E+03   -0.9990E+03   -0.9990E+03   -0.9990E+03   -0.9990E+03   -0.9990E+03   -0.9990E+03   -0.9990E+03   -0.9990E+03   -0.9990E+03   -0.9990E+03   -0.9990E+03   -0.9990E+03   -0.9990E+03   -0.9990E+03   -0.9990E+03    0.2295E+00    0.2172E+00    0.2091E+00    0.1706E+00    0.1749E+00    0.1397E+00    0.2243E+00    0.2199E+00    0.2264E+00    0.2239E+00    0.2254E+00    0.2228E+00    0.2246E+00    0.2289E+00    0.3410E-01    0.3407E-01    0.3400E-01    0.3403E-01    0.3404E-01   -0.9990E+03   -0.9990E+03   -0.9990E+03   -0.9990E+03   -0.9990E+03   -0.9990E+03   -0.9990E+03   -0.9990E+03   -0.9990E+03   -0.9990E+03   -0.9990E+03   -0.9990E+03   -0.9990E+03   -0.9990E+03   -0.9990E+03   -0.9990E+03   -0.9990E+03
   -0.9990E+03   -0.9990E+03   -0.9990E+03   -0.9990E+03   -0.9990E+03   -0.9990E+03   -0.9990E+03   -0.9990E+03   -0.9990E+03   -0.9990E+03   -0.9990E+03   -0.9990E+03   -0.9990E+03   -0.9990E+03   -0.9990E+03   -0.9990E+03   -0.9990E+03   -0.9990E+03   -0.9990E+03   -0.9990E+03   -0.9990E+03   -0.9990E+03   -0.9990E+03   -0.9990E+03   -0.9990E+03   -0.9990E+03   -0.9990E+03   -0.9990E+03   -0.9990E+03   -0.9990E+03   -0.9990E+03   -0.9990E+03   -0.9990E+03   -0.9990E+03   -0.9990E+03   -0.9990E+03   -0.9990E+03   -0.9990E+03   -0.9990E+03    0.2295E+00    0.2147E+00    0.1075E+00    0.3432E-01    0.3433E-01    0.3426E-01    0.3430E-01    0.2217E+00    0.2270E+00    0.2201E+00    0.2224E+00    0.2220E+00    0.2280E+00    0.1739E+00    0.3415E-01    0.3405E-01    0.3406E-01    0.3400E-01    0.3403E-01    0.3407E-01   -0.9990E+03   -0.9990E+03   -0.9990E+03   -0.9990E+03   -0.9990E+03   -0.9990E+03   -0.9990E+03   -0.9990E+03   -0.9990E+03   -0.9990E+03   -0.9990E+03   -0.9990E+03   -0.9990E+03   -0.9990E+03   -0.9990E+03   -0.9990E+03   -0.9990E+03
   -0.9990E+03   -0.9990E+03   -0.9990E+03   -0.9990E+03   -0.9990E+03   -0.9990E+03   -0.9990E+03   -0.9990E+03   -0.9990E+03   -0.9990E+03   -0.9990E+03   -0.9990E+03   -0.9990E+03   -0.9990E+03   -0.9990E+03   -0.9990E+03   -0.9990E+03   -0.9990E+03   -0.9990E+03   -0.9990E+03   -0.9990E+03   -0.9990E+03   -0.9990E+03   -0.9990E+03   -0.9990E+03   -0.9990E+03   -0.9990E+03   -0.9990E+03   -0.9990E+03   -0.9990E+03   -0.9990E+03   -0.9990E+03   -0.9990E+03   -0.9990E+03   -0.9990E+03   -0.9990E+03   -0.9990E+03   -0.9990E+03   -0.9990E+03    0.2254E+00    0.1646E+00    0.3448E-01    0.3434E-01    0.3436E-01    0.3434E-01    0.3430E-01    0.3427E-01    0.3427E-01    0.1848E+00    0.2237E+00    0.2301E+00    0.3416E-01    0.3413E-01    0.3411E-01    0.1411E+00    0.1317E+00    0.3546E-01    0.3408E-01   -0.9990E+03   -0.9990E+03   -0.9990E+03   -0.9990E+03   -0.9990E+03   -0.9990E+03   -0.9990E+03   -0.9990E+03   -0.9990E+03   -0.9990E+03   -0.9990E+03   -0.9990E+03   -0.9990E+03   -0.9990E+03   -0.9990E+03   -0.9990E+03   -0.9990E+03   -0.9990E+03
   -0.9990E+03   -0.9990E+03   -0.9990E+03   -0.9990E+03   -0.9990E+03   -0.9990E+03   -0.9990E+03   -0.9990E+03   -0.9990E+03   -0.9990E+03   -0.9990E+03   -0.9990E+03   -0.9990E+03   -0.9990E+03   -0.9990E+03   -0.9990E+03   -0.9990E+03   -0.9990E+03   -0.9990E+03   -0.9990E+03   -0.9990E+03   -0.9990E+03   -0.9990E+03   -0.9990E+03   -0.9990E+03   -0.9990E+03   -0.9990E+03   -0.9990E+03   -0.9990E+03   -0.9990E+03   -0.9990E+03   -0.9990E+03   -0.9990E+03    0.1412E+00   -0.9990E+03   -0.9990E+03   -0.9990E+03   -0.9990E+03    0.2253E+00    0.1852E+00    0.3445E-01    0.3448E-01    0.3446E-01    0.3436E-01    0.3441E-01    0.3438E-01    0.3429E-01    0.3474E-01    0.3422E-01    0.3420E-01    0.3421E-01    0.3416E-01    0.1407E+00    0.1412E+00    0.1414E+00    0.1246E+00    0.1277E+00   -0.9990E+03   -0.9990E+03   -0.9990E+03   -0.9990E+03   -0.9990E+03   -0.9990E+03   -0.9990E+03   -0.9990E+03   -0.9990E+03   -0.9990E+03   -0.9990E+03   -0.9990E+03   -0.9990E+03   -0.9990E+03   -0.9990E+03   -0.9990E+03   -0.9990E+03   -0.9990E+03   -0.9990E+03
   -0.9990E+03   -0.9990E+03   -0.9990E+03   -0.9990E+03   -0.9990E+03   -0.9990E+03   -0.9990E+03   -0.9990E+03   -0.9990E+03   -0.9990E+03   -0.9990E+03   -0.9990E+03   -0.9990E+03   -0.9990E+03   -0.9990E+03   -0.9990E+03   -0.9990E+03   -0.9990E+03   -0.9990E+03   -0.9990E+03   -0.9990E+03   -0.9990E+03   -0.9990E+03   -0.9990E+03   -0.9990E+03   -0.9990E+03   -0.9990E+03   -0.9990E+03   -0.9990E+03   -0.9990E+03   -0.9990E+03   -0.9990E+03   -0.9990E+03    0.1421E+00    0.1347E+00    0.3440E-01   -0.9990E+03    0.3435E-01    0.3436E-01    0.1750E+00    0.3442E-01    0.3447E-01    0.3447E-01    0.3449E-01    0.3443E-01    0.3440E-01    0.3438E-01    0.1411E+00    0.1411E+00    0.1409E+00    0.1411E+00    0.1414E+00    0.1414E+00    0.1414E+00    0.1414E+00    0.1411E+00   -0.9990E+03   -0.9990E+03   -0.9990E+03   -0.9990E+03   -0.9990E+03   -0.9990E+03   -0.9990E+03   -0.9990E+03   -0.9990E+03   -0.9990E+03   -0.9990E+03   -0.9990E+03   -0.9990E+03   -0.9990E+03   -0.9990E+03   -0.9990E+03   -0.9990E+03   -0.9990E+03   -0.9990E+03   -0.9990E+03
   -0.9990E+03   -0.9990E+03   -0.9990E+03   -0.9990E+03   -0.9990E+03   -0.9990E+03   -0.9990E+03   -0.9990E+03   -0.9990E+03   -0.9990E+03   -0.9990E+03   -0.9990E+03   -0.9990E+03   -0.9990E+03   -0.9990E+03   -0.9990E+03   -0.9990E+03   -0.9990E+03   -0.9990E+03   -0.9990E+03   -0.9990E+03   -0.9990E+03   -0.9990E+03   -0.9990E+03   -0.9990E+03   -0.9990E+03   -0.9990E+03   -0.9990E+03   -0.9990E+03   -0.9990E+03   -0.9990E+03   -0.9990E+03   -0.9990E+03   -0.9990E+03    0.1412E+00    0.3435E-01    0.3424E-01    0.3429E-01    0.3431E-01    0.1726E+00    0.3437E-01    0.3455E-01    0.1882E+00    0.3456E-01    0.3452E-01    0.3444E-01    0.1409E+00    0.1412E+00    0.1413E+00    0.1413E+00    0.1413E+00    0.1413E+00    0.1413E+00    0.1413E+00    0.1414E+00    0.1414E+00   -0.9990E+03   -0.9990E+03   -0.9990E+03   -0.9990E+03   -0.9990E+03   -0.9990E+03   -0.9990E+03   -0.9990E+03   -0.9990E+03   -0.9990E+03   -0.9990E+03   -0.9990E+03   -0.9990E+03   -0.9990E+03   -0.9990E+03   -0.9990E+03   -0.9990E+03   -0.9990E+03   -0.9990E+03   -0.9990E+03
   -0.9990E+03   -0.9990E+03   -0.9990E+03   -0.9990E+03   -0.9990E+03   -0.9990E+03   -0.9990E+03   -0.9990E+03   -0.9990E+03   -0.9990E+03   -0.9990E+03   -0.9990E+03   -0.9990E+03   -0.9990E+03   -0.9990E+03   -0.9990E+03   -0.9990E+03   -0.9990E+03   -0.9990E+03   -0.9990E+03   -0.9990E+03   -0.9990E+03   -0.9990E+03   -0.9990E+03   -0.9990E+03   -0.9990E+03   -0.9990E+03   -0.9990E+03   -0.9990E+03   -0.9990E+03   -0.9990E+03   -0.9990E+03   -0.9990E+03    0.1412E+00    0.1414E+00    0.3576E-01    0.3429E-01    0.3435E-01    0.3435E-01    0.1513E+00    0.3427E-01    0.3459E-01    0.1690E+00    0.1402E+00    0.1405E+00    0.1407E+00    0.1411E+00    0.1412E+00    0.1413E+00    0.1414E+00    0.2993E+00    0.2725E+00    0.2476E+00    0.2480E+00   -0.9990E+03   -0.9990E+03   -0.9990E+03   -0.9990E+03   -0.9990E+03   -0.9990E+03   -0.9990E+03   -0.9990E+03   -0.9990E+03   -0.9990E+03   -0.9990E+03   -0.9990E+03   -0.9990E+03   -0.9990E+03   -0.9990E+03   -0.9990E+03   -0.9990E+03   -0.9990E+03   -0.9990E+03   -0.9990E+03   -0.9990E+03   -0.9990E+03
   -0.9990E+03   -0.9990E+03   -0.9990E+03   -0.9990E+03   -0.9990E+03   -0.9990E+03   -0.9990E+03   -0.9990E+03   -0.9990E+03   -0.9990E+03   -0.9990E+03   -0.9990E+03   -0.9990E+03   -0.9990E+03   -0.9990E+03   -0.9990E+03   -0.9990E+03   -0.9990E+03   -0.9990E+03   -0.9990E+03   -0.9990E+03   -0.9990E+03   -0.9990E+03   -0.9990E+03   -0.9990E+03   -0.9990E+03   -0.9990E+03   -0.9990E+03   -0.9990E+03   -0.9990E+03   -0.9990E+03   -0.9990E+03   -0.9990E+03    0.1413E+00    0.1413E+00    0.1411E+00    0.3431E-01    0.3435E-01    0.3441E-01    0.1949E+00    0.1408E+00    0.1404E+00    0.1400E+00    0.1404E+00    0.1408E+00    0.1411E+00    0.1412E+00    0.3017E+00    0.2703E+00    0.2684E+00    0.2461E+00    0.2529E+00    0.2524E+00   -0.9990E+03   -0.9990E+03   -0.9990E+03   -0.9990E+03   -0.9990E+03   -0.9990E+03   -0.9990E+03   -0.9990E+03   -0.9990E+03   -0.9990E+03   -0.9990E+03   -0.9990E+03   -0.9990E+03   -0.9990E+03   -0.9990E+03   -0.9990E+03   -0.9990E+03   -0.9990E+03   -0.9990E+03   -0.9990E+03   -0.9990E+03   -0.9990E+03   -0.9990E+03
   -0.9990E+03   -0.9990E+03   -0.9990E+03   -0.9990E+03   -0.9990E+03   -0.9990E+03   -0.9990E+03   -0.9990E+03   -0.9990E+03   -0.9990E+03   -0.9990E+03   -0.9990E+03   -0.9990E+03   -0.9990E+03   -0.9990E+03   -0.9990E+03   -0.9990E+03   -0.9990E+03   -0.9990E+03   -0.9990E+03   -0.9990E+03   -0.9990E+03   -0.9990E+03   -0.9990E+03   -0.9990E+03   -0.9990E+03   -0.9990E+03   -0.9990E+03   -0.9990E+03   -0.9990E+03   -0.9990E+03   -0.9990E+03   -0.9990E+03    0.1413E+00    0.1413E+00    0.1414E+00    0.2102E+00    0.1822E+00    0.1408E+00    0.1410E+00    0.1408E+00    0.1403E+00    0.1399E+00    0.1404E+00    0.1410E+00    0.3002E+00    0.2670E+00    0.2516E+00    0.2654E+00    0.2673E+00    0.2658E+00   -0.9990E+03   -0.9990E+03   -0.9990E+03   -0.9990E+03   -0.9990E+03   -0.9990E+03   -0.9990E+03   -0.9990E+03   -0.9990E+03   -0.9990E+03   -0.9990E+03   -0.9990E+03   -0.9990E+03   -0.9990E+03   -0.9990E+03   -0.9990E+03   -0.9990E+03   -0.9990E+03   -0.9990E+03   -0.9990E+03   -0.9990E+03   -0.9990E+03   -0.9990E+03   -0.9990E+03   -0.9990E+03
   -0.9990E+03   -0.9990E+03   -0.9990E+03   -0.9990E+03   -0.9990E+03   -0.9990E+03   -0.9990E+03   -0.9990E+03   -0.9990E+03   -0.9990E+03   -0.9990E+03   -0.9990E+03   -0.9990E+03   -0.9990E+03   -0.9990E+03   -0.9990E+03   -0.9990E+03   -0.9990E+03   -0.9990E+03   -0.9990E+03   -0.9990E+03   -0.9990E+03   -0.9990E+03   -0.9990E+03   -0.9990E+03   -0.9990E+03   -0.9990E+03   -0.9990E+03   -0.9990E+03   -0.9990E+03   -0.9990E+03   -0.9990E+03   -0.9990E+03    0.1413E+00    0.1413E+00    0.1413E+00    0.3055E+00    0.2611E+00    0.1413E+00    0.1412E+00    0.1410E+00    0.2693E+00    0.2014E+00    0.1947E+00    0.2248E+00    0.2425E+00    0.2570E+00    0.2659E+00    0.2751E+00    0.2824E+00    0.2826E+00    0.2739E+00   -0.9990E+03   -0.9990E+03   -0.9990E+03   -0.9990E+03   -0.9990E+03   -0.9990E+03   -0.9990E+03   -0.9990E+03   -0.9990E+03   -0.9990E+03   -0.9990E+03   -0.9990E+03   -0.9990E+03   -0.9990E+03   -0.9990E+03   -0.9990E+03   -0.9990E+03   -0.9990E+03   -0.9990E+03   -0.9990E+03   -0.9990E+03   -0.9990E+03   -0.9990E+03   -0.9990E+03
   -0.9990E+03   -0.9990E+03   -0.9990E+03   -0.9990E+03   -0.9990E+03   -0.9990E+03   -0.9990E+03   -0.9990E+03   -0.9990E+03   -0.9990E+03   -0.9990E+03   -0.9990E+03   -0.9990E+03   -0.9990E+03   -0.9990E+03   -0.9990E+03   -0.9990E+03   -0.9990E+03   -0.9990E+03   -0.9990E+03   -0.9990E+03   -0.9990E+03   -0.9990E+03   -0.9990E+03   -0.9990E+03   -0.9990E+03   -0.9990E+03   -0.9990E+03   -0.9990E+03   -0.9990E+03   -0.9990E+03    0.1391E+00    0.1413E+00    0.1413E+00    0.1413E+00    0.1413E+00    0.3191E+00    0.2977E+00    0.3316E+00    0.3398E+00    0.2862E+00    0.2557E+00    0.2190E+00    0.1959E+00    0.2118E+00    0.2404E+00    0.2566E+00    0.2701E+00    0.2869E+00    0.2980E+00    0.2941E+00    0.2893E+00   -0.9990E+03   -0.9990E+03   -0.9990E+03   -0.9990E+03   -0.9990E+03   -0.9990E+03   -0.9990E+03   -0.9990E+03   -0.9990E+03   -0.9990E+03   -0.9990E+03   -0.9990E+03   -0.9990E+03   -0.9990E+03   -0.9990E+03   -0.9990E+03   -0.9990E+03   -0.9990E+03   -0.9990E+03   -0.9990E+03   -0.9990E+03   -0.9990E+03   -0.9990E+03   -0.9990E+03
   -0.9990E+03   -0.9990E+03   -0.9990E+03   -0.9990E+03   -0.9990E+03   -0.9990E+03   -0.9990E+03   -0.9990E+03   -0.9990E+03   -0.9990E+03   -0.9990E+03   -0.9990E+03   -0.9990E+03   -0.9990E+03   -0.9990E+03   -0.9990E+03   -0.9990E+03   -0.9990E+03   -0.9990E+03   -0.9990E+03   -0.9990E+03   -0.9990E+03   -0.9990E+03   -0.9990E+03   -0.9990E+03   -0.9990E+03   -0.9990E+03   -0.9990E+03   -0.9990E+03   -0.9990E+03   -0.9990E+03   -0.9990E+03    0.1394E+00    0.1412E+00    0.1413E+00    0.1414E+00    0.3280E+00    0.3206E+00    0.3675E+00    0.3287E+00    0.2947E+00    0.2623E+00    0.2335E+00    0.2111E+00    0.2228E+00    0.2474E+00    0.2662E+00    0.2846E+00    0.3202E+00    0.3679E+00    0.3364E+00    0.3093E+00   -0.9990E+03   -0.9990E+03   -0.9990E+03   -0.9990E+03   -0.9990E+03   -0.9990E+03   -0.9990E+03   -0.9990E+03   -0.9990E+03   -0.9990E+03   -0.9990E+03   -0.9990E+03   -0.9990E+03   -0.9990E+03   -0.9990E+03   -0.9990E+03   -0.9990E+03   -0.9990E+03   -0.9990E+03   -0.9990E+03   -0.9990E+03   -0.9990E+03   -0.9990E+03   -0.9990E+03
   -0.9990E+03   -0.9990E+03   -0.9990E+03   -0.9990E+03   -0.9990E+03   -0.9990E+03   -0.9990E+03   -0.9990E+03   -0.9990E+03   -0.9990E+03   -0.9990E+03   -0.9990E+03   -0.9990E+03   -0.9990E+03   -0.9990E+03   -0.9990E+03   -0.9990E+03   -0.9990E+03   -0.9990E+03   -0.9990E+03   -0.9990E+03   -0.9990E+03   -0.9990E+03   -0.9990E+03   -0.9990E+03   -0.9990E+03   -0.9990E+03   -0.9990E+03   -0.9990E+03   -0.9990E+03   -0.9990E+03   -0.9990E+03    0.4135E+00    0.5758E+00    0.1413E+00    0.1414E+00    0.3541E+00    0.3863E+00    0.3899E+00    0.3515E+00    0.3162E+00    0.2764E+00    0.2513E+00    0.2357E+00    0.2374E+00    0.2538E+00    0.2727E+00    0.2950E+00    0.3415E+00    0.4163E+00    0.3609E+00   -0.9990E+03   -0.9990E+03   -0.9990E+03   -0.9990E+03   -0.9990E+03   -0.9990E+03   -0.9990E+03   -0.9990E+03   -0.9990E+03   -0.9990E+03   -0.9990E+03   -0.9990E+03   -0.9990E+03   -0.9990E+03   -0.9990E+03   -0.9990E+03   -0.9990E+03   -0.9990E+03   -0.9990E+03   -0.9990E+03   -0.9990E+03   -0.9990E+03   -0.9990E+03   -0.9990E+03   -0.9990E+03
   -0.9990E+03   -0.9990E+03   -0.9990E+03   -0.9990E+03   -0.9990E+03   -0.9990E+03   -0.9990E+03   -0.9990E+03   -0.9990E+03   -0.9990E+03   -0.9990E+03   -0.9990E+03   -0.9990E+03   -0.9990E+03   -0.9990E+03   -0.9990E+03   -0.9990E+03   -0.9990E+03   -0.9990E+03   -0.9990E+03   -0.9990E+03   -0.9990E+03   -0.9990E+03   -0.9990E+03   -0.9990E+03   -0.9990E+03   -0.9990E+03   -0.9990E+03   -0.9990E+03   -0.9990E+03   -0.9990E+03   -0.9990E+03    0.3889E+00    0.7233E+00    0.7255E+00    0.7013E+00    0.6942E+00    0.4530E+00    0.4768E+00    0.3970E+00    0.3314E+00    0.2831E+00    0.2682E+00    0.2505E+00    0.2377E+00    0.2634E+00    0.2829E+00    0.3046E+00    0.3623E+00    0.3650E+00   -0.9990E+03   -0.9990E+03   -0.9990E+03   -0.9990E+03   -0.9990E+03   -0.9990E+03   -0.9990E+03   -0.9990E+03   -0.9990E+03   -0.9990E+03   -0.9990E+03   -0.9990E+03   -0.9990E+03   -0.9990E+03   -0.9990E+03   -0.9990E+03   -0.9990E+03   -0.9990E+03   -0.9990E+03   -0.9990E+03   -0.9990E+03   -0.9990E+03   -0.9990E+03   -0.9990E+03   -0.9990E+03   -0.9990E+03
   -0.9990E+03   -0.9990E+03   -0.9990E+03   -0.9990E+03   -0.9990E+03   -0.9990E+03   -0.9990E+03   -0.9990E+03   -0.9990E+03   -0.9990E+03   -0.9990E+03   -0.9990E+03   -0.9990E+03   -0.9990E+03   -0.9990E+03   -0.9990E+03   -0.9990E+03   -0.9990E+03   -0.9990E+03   -0.9990E+03   -0.9990E+03   -0.9990E+03   -0.9990E+03   -0.9990E+03   -0.9990E+03   -0.9990E+03   -0.9990E+03   -0.9990E+03   -0.9990E+03   -0.9990E+03   -0.9990E+03   -0.9990E+03   -0.9990E+03    0.3834E+00    0.7316E+00    0.6179E+00    0.6636E+00    0.4886E+00    0.4821E+00    0.3974E+00    0.3442E+00    0.3024E+00    0.2859E+00    0.2682E+00    0.2556E+00    0.2765E+00    0.2970E+00    0.3159E+00    0.3427E+00    0.3477E+00   -0.9990E+03   -0.9990E+03   -0.9990E+03   -0.9990E+03   -0.9990E+03   -0.9990E+03   -0.9990E+03   -0.9990E+03   -0.9990E+03   -0.9990E+03   -0.9990E+03   -0.9990E+03   -0.9990E+03   -0.9990E+03   -0.9990E+03   -0.9990E+03   -0.9990E+03   -0.9990E+03   -0.9990E+03   -0.9990E+03   -0.9990E+03   -0.9990E+03   -0.9990E+03   -0.9990E+03   -0.9990E+03   -0.9990E+03
   -0.9990E+03   -0.9990E+03   -0.9990E+03   -0.9990E+03   -0.9990E+03   -0.9990E+03   -0.9990E+03   -0.9990E+03   -0.9990E+03   -0.9990E+03   -0.9990E+03   -0.9990E+03   -0.9990E+03   -0.9990E+03   -0.9990E+03   -0.9990E+03   -0.9990E+03   -0.9990E+03   -0.9990E+03   -0.9990E+03   -0.9990E+03   -0.9990E+03   -0.9990E+03   -0.9990E+03   -0.9990E+03   -0.9990E+03   -0.9990E+03   -0.9990E+03   -0.9990E+03   -0.9990E+03   -0.9990E+03   -0.9990E+03    0.7272E+00    0.8117E+00    0.5026E+00    0.7430E+00    0.6441E+00    0.6061E+00    0.5829E+00    0.5100E+00    0.3330E+00    0.3020E+00    0.2971E+00    0.2867E+00    0.2857E+00    0.2955E+00    0.3167E+00    0.3253E+00    0.3120E+00    0.3127E+00   -0.9990E+03   -0.9990E+03   -0.9990E+03   -0.9990E+03   -0.9990E+03   -0.9990E+03   -0.9990E+03   -0.9990E+03   -0.9990E+03   -0.9990E+03   -0.9990E+03   -0.9990E+03   -0.9990E+03   -0.9990E+03   -0.9990E+03   -0.9990E+03   -0.9990E+03   -0.9990E+03   -0.9990E+03   -0.9990E+03   -0.9990E+03   -0.9990E+03   -0.9990E+03   -0.9990E+03   -0.9990E+03   -0.9990E+03
   -0.9990E+03   -0.9990E+03   -0.9990E+03   -0.9990E+03   -0.9990E+03   -0.9990E+03   -0.9990E+03   -0.9990E+03   -0.9990E+03   -0.9990E+03   -0.9990E+03   -0.9990E+03   -0.9990E+03   -0.9990E+03   -0.9990E+03   -0.9990E+03   -0.9990E+03   -0.9990E+03   -0.9990E+03   -0.9990E+03   -0.9990E+03   -0.9990E+03   -0.9990E+03   -0.9990E+03   -0.9990E+03   -0.9990E+03   -0.9990E+03   -0.9990E+03   -0.9990E+03   -0.9990E+03   -0.9990E+03   -0.9990E+03    0.9130E+00    0.9146E+00   -0.9990E+03    0.7429E+00    0.4708E+00    0.3488E+00    0.3175E+00    0.5142E+00    0.4677E+00    0.3613E+00    0.3293E+00    0.3315E+00    0.3518E+00    0.3860E+00    0.3919E+00    0.3788E+00    0.2938E+00    0.2950E+00   -0.9990E+03   -0.9990E+03   -0.9990E+03   -0.9990E+03   -0.9990E+03   -0.9990E+03   -0.9990E+03   -0.9990E+03   -0.9990E+03   -0.9990E+03   -0.9990E+03   -0.9990E+03   -0.9990E+03   -0.9990E+03   -0.9990E+03   -0.9990E+03   -0.9990E+03   -0.9990E+03   -0.9990E+03   -0.9990E+03   -0.9990E+03   -0.9990E+03   -0.9990E+03   -0.9990E+03   -0.9990E+03   -0.9990E+03
   -0.9990E+03   -0.9990E+03   -0.9990E+03   -0.9990E+03   -0.9990E+03   -0.9990E+03   -0.9990E+03   -0.9990E+03   -0.9990E+03   -0.9990E+03   -0.9990E+03   -0.9990E+03   -0.9990E+03   -0.9990E+03   -0.9990E+03   -0.9990E+03   -0.9990E+03   -0.9990E+03   -0.9990E+03   -0.9990E+03   -0.9990E+03   -0.9990E+03   -0.9990E+03   -0.9990E+03   -0.9990E+03   -0.9990E+03   -0.9990E+03   -0.9990E+03   -0.9990E+03   -0.9990E+03   -0.9990E+03   -0.9990E+03    0.5686E+00    0.5395E+00   -0.9990E+03   -0.9990E+03    0.4902E+00    0.3798E+00    0.3587E+00    0.5664E+00    0.5144E+00    0.3379E+00    0.3021E+00    0.3017E+00    0.3270E+00    0.4834E+00    0.3805E+00    0.3805E+00    0.3583E+00    0.3636E+00   -0.9990E+03   -0.9990E+03   -0.9990E+03   -0.9990E+03   -0.9990E+03   -0.9990E+03   -0.9990E+03   -0.9990E+03   -0.9990E+03   -0.9990E+03   -0.9990E+03   -0.9990E+03   -0.9990E+03   -0.9990E+03   -0.9990E+03   -0.9990E+03   -0.9990E+03   -0.9990E+03   -0.9990E+03   -0.9990E+03   -0.9990E+03   -0.9990E+03   -0.9990E+03   -0.9990E+03   -0.9990E+03   -0.9990E+03
   -0.9990E+03   -0.9990E+03   -0.9990E+03   -0.9990E+03   -0.9990E+03   -0.9990E+03   -0.9990E+03   -0.9990E+03   -0.9990E+03   -0.9990E+03   -0.9990E+03   -0.9990E+03   -0.9990E+03   -0.9990E+03   -0.9990E+03   -0.9990E+03   -0.9990E+03   -0.9990E+03   -0.9990E+03   -0.9990E+03   -0.9990E+03   -0.9990E+03   -0.9990E+03   -0.9990E+03   -0.9990E+03   -0.9990E+03   -0.9990E+03   -0.9990E+03   -0.9990E+03   -0.9990E+03   -0.9990E+03   -0.9990E+03   -0.9990E+03   -0.9990E+03   -0.9990E+03    0.6213E+00    0.6010E+00    0.3538E+00    0.2876E+00    0.4327E+00    0.3725E+00    0.2767E+00   -0.2927E-01    0.2701E+00    0.2974E+00    0.3292E+00    0.3280E+00    0.3332E+00    0.3520E+00    0.3329E+00    0.3350E+00   -0.9990E+03   -0.9990E+03   -0.9990E+03   -0.9990E+03   -0.9990E+03   -0.9990E+03   -0.9990E+03   -0.9990E+03   -0.9990E+03   -0.9990E+03   -0.9990E+03   -0.9990E+03   -0.9990E+03   -0.9990E+03   -0.9990E+03   -0.9990E+03   -0.9990E+03   -0.9990E+03   -0.9990E+03   -0.9990E+03   -0.9990E+03   -0.9990E+03   -0.9990E+03   -0.9990E+03   -0.9990E+03
   -0.9990E+03   -0.9990E+03   -0.9990E+03   -0.9990E+03   -0.9990E+03   -0.9990E+03   -0.9990E+03   -0.9990E+03   -0.9990E+03   -0.9990E+03   -0.9990E+03   -0.9990E+03   -0.9990E+03   -0.9990E+03   -0.9990E+03   -0.9990E+03   -0.9990E+03   -0.9990E+03   -0.9990E+03   -0.9990E+03   -0.9990E+03   -0.9990E+03   -0.9990E+03   -0.9990E+03   -0.9990E+03   -0.9990E+03   -0.9990E+03   -0.9990E+03   -0.9990E+03   -0.9990E+03   -0.9990E+03   -0.9990E+03   -0.9990E+03   -0.9990E+03   -0.9990E+03    0.4661E+00   -0.9990E+03    0.2415E-02    0.2055E+00    0.1982E+00    0.3291E+00    0.2647E+00    0.2471E+00    0.2578E+00    0.2780E+00    0.3028E+00    0.3108E+00    0.3073E+00    0.3122E+00    0.3276E+00    0.3059E+00   -0.9990E+03   -0.9990E+03   -0.9990E+03   -0.9990E+03   -0.9990E+03   -0.9990E+03   -0.9990E+03   -0.9990E+03   -0.9990E+03   -0.9990E+03   -0.9990E+03   -0.9990E+03   -0.9990E+03   -0.9990E+03   -0.9990E+03   -0.9990E+03   -0.9990E+03   -0.9990E+03   -0.9990E+03   -0.9990E+03   -0.9990E+03   -0.9990E+03   -0.9990E+03   -0.9990E+03   -0.9990E+03
   -0.9990E+03   -0.9990E+03   -0.9990E+03   -0.9990E+03   -0.9990E+03   -0.9990E+03   -0.9990E+03   -0.9990E+03   -0.9990E+03   -0.9990E+03   -0.9990E+03   -0.9990E+03   -0.9990E+03   -0.9990E+03   -0.9990E+03   -0.9990E+03   -0.9990E+03   -0.9990E+03   -0.9990E+03   -0.9990E+03   -0.9990E+03   -0.9990E+03   -0.9990E+03   -0.9990E+03   -0.9990E+03   -0.9990E+03   -0.9990E+03   -0.9990E+03   -0.9990E+03   -0.9990E+03   -0.9990E+03   -0.9990E+03   -0.9990E+03   -0.9990E+03   -0.9990E+03    0.6588E+00    0.4172E+00    0.2903E+00    0.1578E+00    0.1762E+00    0.2924E+00    0.2692E+00    0.2564E+00    0.2558E+00    0.2598E+00    0.2772E+00    0.2848E+00    0.2964E+00    0.3043E+00    0.3066E+00    0.3337E+00    0.3382E+00   -0.9990E+03   -0.9990E+03   -0.9990E+03   -0.9990E+03   -0.9990E+03   -0.9990E+03   -0.9990E+03   -0.9990E+03   -0.9990E+03   -0.9990E+03   -0.9990E+03   -0.9990E+03   -0.9990E+03   -0.9990E+03   -0.9990E+03   -0.9990E+03   -0.9990E+03   -0.9990E+03   -0.9990E+03   -0.9990E+03   -0.9990E+03   -0.9990E+03   -0.9990E+03   -0.9990E+03
   -0.9990E+03   -0.9990E+03   -0.9990E+03   -0.9990E+03   -0.9990E+03   -0.9990E+03   -0.9990E+03   -0.9990E+03   -0.9990E+03   -0.9990E+03   -0.9990E+03   -0.9990E+03   -0.9990E+03   -0.9990E+03   -0.9990E+03   -0.9990E+03   -0.9990E+03   -0.9990E+03   -0.9990E+03   -0.9990E+03   -0.9990E+03   -0.9990E+03   -0.9990E+03   -0.9990E+03   -0.9990E+03   -0.9990E+03   -0.9990E+03   -0.9990E+03   -0.9990E+03   -0.9990E+03   -0.9990E+03   -0.9990E+03   -0.9990E+03   -0.9990E+03    0.3207E-02    0.3751E+00    0.2681E+00    0.2064E+00    0.1785E+00    0.3007E+00    0.2779E+00    0.2591E+00    0.2509E+00    0.2491E+00    0.2571E+00    0.2817E+00    0.2737E+00    0.2914E+00    0.3199E+00    0.3283E+00    0.3312E+00    0.3354E+00   -0.9990E+03   -0.9990E+03   -0.9990E+03   -0.9990E+03   -0.9990E+03   -0.9990E+03   -0.9990E+03   -0.9990E+03   -0.9990E+03   -0.9990E+03   -0.9990E+03   -0.9990E+03   -0.9990E+03   -0.9990E+03   -0.9990E+03   -0.9990E+03   -0.9990E+03   -0.9990E+03   -0.9990E+03   -0.9990E+03   -0.9990E+03   -0.9990E+03   -0.9990E+03   -0.9990E+03
   -0.9990E+03   -0.9990E+03   -0.9990E+03   -0.9990E+03   -0.9990E+03   -0.9990E+03   -0.9990E+03   -0.9990E+03   -0.9990E+03   -0.9990E+03   -0.9990E+03   -0.9990E+03   -0.9990E+03   -0.9990E+03   -0.9990E+03   -0.9990E+03   -0.9990E+03   -0.9990E+03   -0.9990E+03   -0.9990E+03   -0.9990E+03   -0.9990E+03   -0.9990E+03   -0.9990E+03   -0.9990E+03   -0.9990E+03   -0.9990E+03   -0.9990E+03   -0.9990E+03   -0.9990E+03   -0.9990E+03   -0.9990E+03   -0.9990E+03   -0.9990E+03    0.3478E+00    0.2582E+00    0.4001E+00    0.3330E+00    0.1495E+00    0.2607E+00    0.2485E+00    0.2323E+00    0.2279E+00    0.2328E+00    0.2488E+00    0.2800E+00    0.2966E+00    0.3214E+00    0.3408E+00    0.3292E+00    0.3318E+00    0.3362E+00   -0.9990E+03   -0.9990E+03   -0.9990E+03   -0.9990E+03   -0.9990E+03   -0.9990E+03   -0.9990E+03   -0.9990E+03   -0.9990E+03   -0.9990E+03   -0.9990E+03   -0.9990E+03   -0.9990E+03   -0.9990E+03   -0.9990E+03   -0.9990E+03   -0.9990E+03   -0.9990E+03   -0.9990E+03   -0.9990E+03   -0.9990E+03   -0.9990E+03   -0.9990E+03   -0.9990E+03
   -0.9990E+03   -0.9990E+03   -0.9990E+03   -0.9990E+03   -0.9990E+03   -0.9990E+03   -0.9990E+03   -0.9990E+03   -0.9990E+03   -0.9990E+03   -0.9990E+03   -0.9990E+03   -0.9990E+03   -0.9990E+03   -0.9990E+03   -0.9990E+03   -0.9990E+03   -0.9990E+03   -0.9990E+03   -0.9990E+03   -0.9990E+03   -0.9990E+03   -0.9990E+03   -0.9990E+03   -0.9990E+03   -0.9990E+03   -0.9990E+03   -0.9990E+03   -0.9990E+03   -0.9990E+03   -0.9990E+03   -0.9990E+03   -0.9990E+03   -0.9990E+03    0.4259E+00    0.4254E+00    0.3623E+00    0.3078E+00    0.2684E+00    0.2530E+00    0.2351E+00    0.2181E+00    0.2097E+00    0.2189E+00    0.2525E+00    0.2765E+00    0.3003E+00    0.3280E+00    0.3456E+00    0.3519E+00    0.3594E+00   -0.9990E+03   -0.9990E+03   -0.9990E+03   -0.9990E+03   -0.9990E+03   -0.9990E+03   -0.9990E+03   -0.9990E+03   -0.9990E+03   -0.9990E+03   -0.9990E+03   -0.9990E+03   -0.9990E+03   -0.9990E+03   -0.9990E+03   -0.9990E+03   -0.9990E+03   -0.9990E+03   -0.9990E+03   -0.9990E+03   -0.9990E+03   -0.9990E+03   -0.9990E+03   -0.9990E+03   -0.9990E+03
   -0.9990E+03   -0.9990E+03   -0.9990E+03   -0.9990E+03   -0.9990E+03   -0.9990E+03   -0.9990E+03   -0.9990E+03   -0.9990E+03   -0.9990E+03   -0.9990E+03   -0.9990E+03   -0.9990E+03   -0.9990E+03   -0.9990E+03   -0.9990E+03   -0.9990E+03   -0.9990E+03   -0.9990E+03   -0.9990E+03   -0.9990E+03   -0.9990E+03   -0.9990E+03   -0.9990E+03   -0.9990E+03   -0.9990E+03   -0.9990E+03   -0.9990E+03   -0.9990E+03   -0.9990E+03   -0.9990E+03   -0.9990E+03   -0.9990E+03   -0.9990E+03    0.3427E+00    0.3596E+00    0.3300E+00    0.2979E+00    0.2770E+00    0.2560E+00    0.2338E+00    0.2142E+00    0.1868E+00    0.2206E+00    0.2521E+00    0.2744E+00    0.3087E+00    0.3416E+00    0.3541E+00    0.3546E+00    0.3589E+00    0.3637E+00   -0.9990E+03   -0.9990E+03   -0.9990E+03   -0.9990E+03   -0.9990E+03   -0.9990E+03   -0.9990E+03   -0.9990E+03   -0.9990E+03   -0.9990E+03   -0.9990E+03   -0.9990E+03   -0.9990E+03   -0.9990E+03   -0.9990E+03   -0.9990E+03   -0.9990E+03   -0.9990E+03   -0.9990E+03   -0.9990E+03   -0.9990E+03   -0.9990E+03   -0.9990E+03   -0.9990E+03
   -0.9990E+03   -0.9990E+03   -0.9990E+03   -0.9990E+03   -0.9990E+03   -0.9990E+03   -0.9990E+03   -0.9990E+03   -0.9990E+03   -0.9990E+03   -0.9990E+03   -0.9990E+03   -0.9990E+03   -0.9990E+03   -0.9990E+03   -0.9990E+03   -0.9990E+03   -0.9990E+03   -0.9990E+03   -0.9990E+03   -0.9990E+03   -0.9990E+03   -0.9990E+03   -0.9990E+03   -0.9990E+03   -0.9990E+03   -0.9990E+03   -0.9990E+03   -0.9990E+03   -0.9990E+03   -0.9990E+03   -0.9990E+03   -0.9990E+03    0.3300E+00    0.2523E+00    0.3233E+00    0.3121E+00    0.3120E+00    0.2890E+00    0.2661E+00    0.2528E+00    0.2361E+00    0.2429E+00    0.2504E+00    0.2652E+00    0.2888E+00    0.3055E+00    0.3328E+00    0.3482E+00    0.3553E+00    0.3604E+00   -0.9990E+03   -0.9990E+03   -0.9990E+03   -0.9990E+03   -0.9990E+03   -0.9990E+03   -0.9990E+03   -0.9990E+03   -0.9990E+03   -0.9990E+03   -0.9990E+03   -0.9990E+03   -0.9990E+03   -0.9990E+03   -0.9990E+03   -0.9990E+03   -0.9990E+03   -0.9990E+03   -0.9990E+03   -0.9990E+03   -0.9990E+03   -0.9990E+03   -0.9990E+03   -0.9990E+03   -0.9990E+03
   -0.9990E+03   -0.9990E+03   -0.9990E+03   -0.9990E+03   -0.9990E+03   -0.9990E+03   -0.9990E+03   -0.9990E+03   -0.9990E+03   -0.9990E+03   -0.9990E+03   -0.9990E+03   -0.9990E+03   -0.9990E+03   -0.9990E+03   -0.9990E+03   -0.9990E+03   -0.9990E+03   -0.9990E+03   -0.9990E+03   -0.9990E+03   -0.9990E+03   -0.9990E+03   -0.9990E+03   -0.9990E+03   -0.9990E+03   -0.9990E+03   -0.9990E+03   -0.9990E+03   -0.9990E+03   -0.9990E+03    0.4119E+00    0.2729E+00    0.3272E+00    0.3101E+00    0.3170E+00    0.3151E+00    0.3088E+00    0.2962E+00    0.1619E+00    0.1549E+00    0.2631E+00    0.2727E+00    0.2768E+00    0.2788E+00    0.3066E+00    0.3207E+00    0.3127E+00    0.3262E+00    0.3579E+00   -0.9990E+03   -0.9990E+03   -0.9990E+03   -0.9990E+03   -0.9990E+03   -0.9990E+03   -0.9990E+03   -0.9990E+03   -0.9990E+03   -0.9990E+03   -0.9990E+03   -0.9990E+03   -0.9990E+03   -0.9990E+03   -0.9990E+03   -0.9990E+03   -0.9990E+03   -0.9990E+03   -0.9990E+03   -0.9990E+03   -0.9990E+03   -0.9990E+03   -0.9990E+03   -0.9990E+03   -0.9990E+03   -0.9990E+03
   -0.9990E+03   -0.9990E+03   -0.9990E+03   -0.9990E+03   -0.9990E+03   -0.9990E+03   -0.9990E+03   -0.9990E+03   -0.9990E+03   -0.9990E+03   -0.9990E+03   -0.9990E+03   -0.9990E+03   -0.9990E+03   -0.9990E+03   -0.9990E+03   -0.9990E+03   -0.9990E+03   -0.9990E+03   -0.9990E+03   -0.9990E+03   -0.9990E+03   -0.9990E+03   -0.9990E+03   -0.9990E+03   -0.9990E+03   -0.9990E+03   -0.9990E+03   -0.9990E+03   -0.9990E+03   -0.9990E+03    0.3533E+00    0.3419E+00    0.3487E+00    0.3424E+00    0.3322E+00    0.3229E+00    0.3173E+00    0.2922E+00    0.1694E+00    0.2066E+00    0.2810E+00    0.2956E+00    0.2931E+00    0.3039E+00    0.3220E+00    0.3212E+00    0.3396E+00    0.3367E+00   -0.9990E+03   -0.9990E+03   -0.9990E+03   -0.9990E+03   -0.9990E+03   -0.9990E+03   -0.9990E+03   -0.9990E+03   -0.9990E+03   -0.9990E+03   -0.9990E+03   -0.9990E+03   -0.9990E+03   -0.9990E+03   -0.9990E+03   -0.9990E+03   -0.9990E+03   -0.9990E+03   -0.9990E+03   -0.9990E+03   -0.9990E+03   -0.9990E+03   -0.9990E+03   -0.9990E+03   -0.9990E+03   -0.9990E+03   -0.9990E+03
   -0.9990E+03   -0.9990E+03   -0.9990E+03   -0.9990E+03   -0.9990E+03   -0.9990E+03   -0.9990E+03   -0.9990E+03   -0.9990E+03   -0.9990E+03   -0.9990E+03   -0.9990E+03   -0.9990E+03   -0.9990E+03   -0.9990E+03   -0.9990E+03   -0.9990E+03   -0.9990E+03   -0.9990E+03   -0.9990E+03   -0.9990E+03   -0.9990E+03   -0.9990E+03   -0.9990E+03   -0.9990E+03   -0.9990E+03   -0.9990E+03   -0.9990E+03   -0.9990E+03   -0.9990E+03   -0.9990E+03    0.3533E+00    0.3416E+00    0.3540E+00    0.3626E+00    0.3200E+00    0.3358E+00    0.3296E+00    0.3262E+00    0.3105E+00    0.3133E+00    0.3223E+00    0.3113E+00    0.3187E+00    0.3223E+00    0.3313E+00    0.3425E+00    0.3494E+00   -0.9990E+03   -0.9990E+03   -0.9990E+03   -0.9990E+03   -0.9990E+03   -0.9990E+03   -0.9990E+03   -0.9990E+03   -0.9990E+03   -0.9990E+03   -0.9990E+03   -0.9990E+03   -0.9990E+03   -0.9990E+03   -0.9990E+03   -0.9990E+03   -0.9990E+03   -0.9990E+03   -0.9990E+03   -0.9990E+03   -0.9990E+03   -0.9990E+03   -0.9990E+03   -0.9990E+03   -0.9990E+03   -0.9990E+03   -0.9990E+03   -0.9990E+03
   -0.9990E+03   -0.9990E+03   -0.9990E+03   -0.9990E+03   -0.9990E+03   -0.9990E+03   -0.9990E+03   -0.9990E+03   -0.9990E+03   -0.9990E+03   -0.9990E+03   -0.9990E+03   -0.9990E+03   -0.9990E+03   -0.9990E+03   -0.9990E+03   -0.9990E+03   -0.9990E+03   -0.9990E+03   -0.9990E+03   -0.9990E+03   -0.9990E+03   -0.9990E+03   -0.9990E+03   -0.9990E+03   -0.9990E+03   -0.9990E+03   -0.9990E+03   -0.9990E+03   -0.9990E+03   -0.9990E+03    0.3571E+00    0.3574E+00    0.3551E+00    0.3655E+00    0.3517E+00    0.3354E+00    0.3104E+00    0.3608E+00    0.3437E+00    0.3390E+00    0.3273E+00    0.3434E+00    0.3419E+00    0.3516E+00    0.3675E+00    0.3755E+00    0.3809E+00   -0.9990E+03   -0.9990E+03   -0.9990E+03   -0.9990E+03   -0.9990E+03   -0.9990E+03   -0.9990E+03   -0.9990E+03   -0.9990E+03   -0.9990E+03   -0.9990E+03   -0.9990E+03   -0.9990E+03   -0.9990E+03   -0.9990E+03   -0.9990E+03   -0.9990E+03   -0.9990E+03   -0.9990E+03   -0.9990E+03   -0.9990E+03   -0.9990E+03   -0.9990E+03   -0.9990E+03   -0.9990E+03   -0.9990E+03   -0.9990E+03   -0.9990E+03
   -0.9990E+03   -0.9990E+03   -0.9990E+03   -0.9990E+03   -0.9990E+03   -0.9990E+03   -0.9990E+03   -0.9990E+03   -0.9990E+03   -0.9990E+03   -0.9990E+03   -0.9990E+03   -0.9990E+03   -0.9990E+03   -0.9990E+03   -0.9990E+03   -0.9990E+03   -0.9990E+03   -0.9990E+03   -0.9990E+03   -0.9990E+03   -0.9990E+03   -0.9990E+03   -0.9990E+03   -0.9990E+03   -0.9990E+03   -0.9990E+03   -0.9990E+03   -0.9990E+03   -0.9990E+03    0.1512E+00    0.2756E+00    0.2741E+00    0.3617E+00    0.3664E+00    0.3556E+00    0.3294E+00    0.3397E+00    0.3322E+00    0.3325E+00    0.3578E+00    0.3411E+00    0.3576E+00    0.3579E+00    0.3596E+00    0.3869E+00    0.3981E+00   -0.9990E+03   -0.9990E+03   -0.9990E+03   -0.9990E+03   -0.9990E+03   -0.9990E+03   -0.9990E+03   -0.9990E+03   -0.9990E+03   -0.9990E+03   -0.9990E+03   -0.9990E+03   -0.9990E+03   -0.9990E+03   -0.9990E+03   -0.9990E+03   -0.9990E+03   -0.9990E+03   -0.9990E+03   -0.9990E+03   -0.9990E+03   -0.9990E+03   -0.9990E+03   -0.9990E+03   -0.9990E+03   -0.9990E+03   -0.9990E+03   -0.9990E+03   -0.9990E+03
   -0.9990E+03   -0.9990E+03   -0.9990E+03   -0.9990E+03   -0.9990E+03   -0.9990E+03   -0.9990E+03   -0.9990E+03   -0.9990E+03   -0.9990E+03   -0.9990E+03   -0.9990E+03   -0.9990E+03   -0.9990E+03   -0.9990E+03   -0.9990E+03   -0.9990E+03   -0.9990E+03   -0.9990E+03   -0.9990E+03   -0.9990E+03   -0.9990E+03   -0.9990E+03   -0.9990E+03   -0.9990E+03   -0.9990E+03   -0.9990E+03   -0.9990E+03   -0.9990E+03   -0.9990E+03    0.2635E+00    0.2693E+00    0.2774E+00    0.2773E+00    0.2860E+00    0.3486E+00    0.3471E+00    0.3619E+00    0.3448E+00    0.3419E+00    0.3392E+00    0.3347E+00    0.3630E+00    0.3724E+00    0.3746E+00    0.3909E+00    0.4055E+00   -0.9990E+03   -0.9990E+03   -0.9990E+03   -0.9990E+03   -0.9990E+03   -0.9990E+03   -0.9990E+03   -0.9990E+03   -0.9990E+03   -0.9990E+03   -0.9990E+03   -0.9990E+03   -0.9990E+03   -0.9990E+03   -0.9990E+03   -0.9990E+03   -0.9990E+03   -0.9990E+03   -0.9990E+03   -0.9990E+03   -0.9990E+03   -0.9990E+03   -0.9990E+03   -0.9990E+03   -0.9990E+03   -0.9990E+03   -0.9990E+03   -0.9990E+03   -0.9990E+03
   -0.9990E+03   -0.9990E+03   -0.9990E+03   -0.9990E+03   -0.9990E+03   -0.9990E+03   -0.9990E+03   -0.9990E+03   -0.9990E+03   -0.9990E+03   -0.9990E+03   -0.9990E+03   -0.9990E+03   -0.9990E+03   -0.9990E+03   -0.9990E+03   -0.9990E+03   -0.9990E+03   -0.9990E+03   -0.9990E+03   -0.9990E+03   -0.9990E+03   -0.9990E+03   -0.9990E+03   -0.9990E+03   -0.9990E+03   -0.9990E+03   -0.9990E+03   -0.9990E+03   -0.9990E+03    0.2605E+00    0.2709E+00    0.2807E+00    0.2773E+00    0.2865E+00    0.2727E+00    0.2664E+00    0.2641E+00    0.3469E+00    0.3455E+00    0.3451E+00    0.3489E+00    0.3315E+00    0.3371E+00    0.3449E+00    0.3670E+00    0.4658E+00    0.4797E+00   -0.9990E+03   -0.9990E+03   -0.9990E+03   -0.9990E+03   -0.9990E+03   -0.9990E+03   -0.9990E+03   -0.9990E+03   -0.9990E+03   -0.9990E+03   -0.9990E+03   -0.9990E+03   -0.9990E+03   -0.9990E+03   -0.9990E+03   -0.9990E+03   -0.9990E+03   -0.9990E+03   -0.9990E+03   -0.9990E+03   -0.9990E+03   -0.9990E+03   -0.9990E+03   -0.9990E+03   -0.9990E+03   -0.9990E+03   -0.9990E+03   -0.9990E+03
   -0.9990E+03   -0.9990E+03   -0.9990E+03   -0.9990E+03   -0.9990E+03   -0.9990E+03   -0.9990E+03   -0.9990E+03   -0.9990E+03   -0.9990E+03   -0.9990E+03   -0.9990E+03   -0.9990E+03   -0.9990E+03   -0.9990E+03   -0.9990E+03   -0.9990E+03   -0.9990E+03   -0.9990E+03   -0.9990E+03   -0.9990E+03   -0.9990E+03   -0.9990E+03   -0.9990E+03   -0.9990E+03   -0.9990E+03   -0.9990E+03   -0.9990E+03   -0.9990E+03   -0.9990E+03   -0.9990E+03    0.2704E+00    0.2820E+00    0.2869E+00    0.2948E+00    0.2663E+00    0.2682E+00    0.2694E+00    0.2655E+00    0.3465E+00    0.3400E+00    0.3362E+00    0.3239E+00    0.3085E+00    0.3316E+00    0.3543E+00    0.3933E+00    0.4117E+00   -0.9990E+03   -0.9990E+03   -0.9990E+03   -0.9990E+03   -0.9990E+03   -0.9990E+03   -0.9990E+03   -0.9990E+03   -0.9990E+03   -0.9990E+03   -0.9990E+03   -0.9990E+03   -0.9990E+03   -0.9990E+03   -0.9990E+03   -0.9990E+03   -0.9990E+03   -0.9990E+03   -0.9990E+03   -0.9990E+03   -0.9990E+03   -0.9990E+03   -0.9990E+03   -0.9990E+03   -0.9990E+03   -0.9990E+03   -0.9990E+03   -0.9990E+03
   -0.9990E+03   -0.9990E+03   -0.9990E+03   -0.9990E+03   -0.9990E+03   -0.9990E+03   -0.9990E+03   -0.9990E+03   -0.9990E+03   -0.9990E+03   -0.9990E+03   -0.9990E+03   -0.9990E+03   -0.9990E+03   -0.9990E+03   -0.9990E+03   -0.9990E+03   -0.9990E+03   -0.9990E+03   -0.9990E+03   -0.9990E+03   -0.9990E+03   -0.9990E+03   -0.9990E+03   -0.9990E+03   -0.9990E+03   -0.9990E+03   -0.9990E+03   -0.9990E+03   -0.9990E+03   -0.9990E+03    0.1664E+00    0.2857E+00    0.3088E+00    0.2886E+00    0.2773E+00    0.2689E+00    0.2647E+00    0.2553E+00    0.2506E+00    0.2504E+00    0.2449E+00    0.2633E+00    0.2630E+00    0.3634E+00    0.3616E+00    0.3751E+00   -0.9990E+03   -0.9990E+03   -0.9990E+03   -0.9990E+03   -0.9990E+03   -0.9990E+03   -0.9990E+03   -0.9990E+03   -0.9990E+03   -0.9990E+03   -0.9990E+03   -0.9990E+03   -0.9990E+03   -0.9990E+03   -0.9990E+03   -0.9990E+03   -0.9990E+03   -0.9990E+03   -0.9990E+03   -0.9990E+03   -0.9990E+03   -0.9990E+03   -0.9990E+03   -0.9990E+03   -0.9990E+03   -0.9990E+03   -0.9990E+03   -0.9990E+03   -0.9990E+03
   -0.9990E+03   -0.9990E+03   -0.9990E+03   -0.9990E+03   -0.9990E+03   -0.9990E+03   -0.9990E+03   -0.9990E+03   -0.9990E+03   -0.9990E+03   -0.9990E+03   -0.9990E+03   -0.9990E+03   -0.9990E+03   -0.9990E+03   -0.9990E+03   -0.9990E+03   -0.9990E+03   -0.9990E+03   -0.9990E+03   -0.9990E+03   -0.9990E+03   -0.9990E+03   -0.9990E+03   -0.9990E+03   -0.9990E+03   -0.9990E+03   -0.9990E+03   -0.9990E+03   -0.9990E+03   -0.9990E+03   -0.9990E+03    0.3048E+00    0.3038E+00    0.2750E+00    0.2648E+00    0.2510E+00    0.2549E+00    0.2465E+00    0.2421E+00    0.2513E+00    0.2533E+00   -0.9990E+03   -0.9990E+03   -0.9990E+03   -0.9990E+03   -0.9990E+03   -0.9990E+03   -0.9990E+03   -0.9990E+03   -0.9990E+03   -0.9990E+03   -0.9990E+03   -0.9990E+03   -0.9990E+03   -0.9990E+03   -0.9990E+03   -0.9990E+03   -0.9990E+03   -0.9990E+03   -0.9990E+03   -0.9990E+03   -0.9990E+03   -0.9990E+03   -0.9990E+03   -0.9990E+03   -0.9990E+03   -0.9990E+03   -0.9990E+03   -0.9990E+03   -0.9990E+03   -0.9990E+03   -0.9990E+03   -0.9990E+03   -0.9990E+03   -0.9990E+03
   -0.9990E+03   -0.9990E+03   -0.9990E+03   -0.9990E+03   -0.9990E+03   -0.9990E+03   -0.9990E+03   -0.9990E+03   -0.9990E+03   -0.9990E+03   -0.9990E+03   -0.9990E+03   -0.9990E+03   -0.9990E+03   -0.9990E+03   -0.9990E+03   -0.9990E+03   -0.9990E+03   -0.9990E+03   -0.9990E+03   -0.9990E+03   -0.9990E+03   -0.9990E+03   -0.9990E+03   -0.9990E+03   -0.9990E+03   -0.9990E+03   -0.9990E+03   -0.9990E+03   -0.9990E+03   -0.9990E+03    0.1025E+00    0.2578E+00    0.2518E+00    0.2580E+00    0.2449E+00    0.2409E+00    0.2372E+00    0.2313E+00    0.2411E+00    0.2484E+00   -0.9990E+03   -0.9990E+03   -0.9990E+03   -0.9990E+03   -0.9990E+03   -0.9990E+03   -0.9990E+03   -0.9990E+03   -0.9990E+03   -0.9990E+03   -0.9990E+03   -0.9990E+03   -0.9990E+03   -0.9990E+03   -0.9990E+03   -0.9990E+03   -0.9990E+03   -0.9990E+03   -0.9990E+03   -0.9990E+03   -0.9990E+03   -0.9990E+03   -0.9990E+03   -0.9990E+03   -0.9990E+03   -0.9990E+03   -0.9990E+03   -0.9990E+03   -0.9990E+03   -0.9990E+03   -0.9990E+03   -0.9990E+03   -0.9990E+03   -0.9990E+03   -0.9990E+03
   -0.9990E+03   -0.9990E+03   -0.9990E+03   -0.9990E+03   -0.9990E+03   -0.9990E+03   -0.9990E+03   -0.9990E+03   -0.9990E+03   -0.9990E+03   -0.9990E+03   -0.9990E+03   -0.9990E+03   -0.9990E+03   -0.9990E+03   -0.9990E+03   -0.9990E+03   -0.9990E+03   -0.9990E+03   -0.9990E+03   -0.9990E+03   -0.9990E+03   -0.9990E+03   -0.9990E+03   -0.9990E+03   -0.9990E+03   -0.9990E+03   -0.9990E+03   -0.9990E+03   -0.9990E+03    0.1724E+00    0.2236E+00    0.2274E+00    0.2294E+00    0.2338E+00    0.2312E+00    0.2254E+00    0.2246E+00    0.2349E+00    0.2282E+00    0.2327E+00   -0.9990E+03   -0.9990E+03   -0.9990E+03   -0.9990E+03   -0.9990E+03   -0.9990E+03   -0.9990E+03   -0.9990E+03   -0.9990E+03   -0.9990E+03   -0.9990E+03   -0.9990E+03   -0.9990E+03   -0.9990E+03   -0.9990E+03   -0.9990E+03   -0.9990E+03   -0.9990E+03   -0.9990E+03   -0.9990E+03   -0.9990E+03   -0.9990E+03   -0.9990E+03   -0.9990E+03   -0.9990E+03   -0.9990E+03   -0.9990E+03   -0.9990E+03   -0.9990E+03   -0.9990E+03   -0.9990E+03   -0.9990E+03   -0.9990E+03   -0.9990E+03   -0.9990E+03
   -0.9990E+03   -0.9990E+03   -0.9990E+03   -0.9990E+03   -0.9990E+03   -0.9990E+03   -0.9990E+03   -0.9990E+03   -0.9990E+03   -0.9990E+03   -0.9990E+03   -0.9990E+03   -0.9990E+03   -0.9990E+03   -0.9990E+03   -0.9990E+03   -0.9990E+03   -0.9990E+03   -0.9990E+03   -0.9990E+03   -0.9990E+03   -0.9990E+03   -0.9990E+03   -0.9990E+03   -0.9990E+03   -0.9990E+03   -0.9990E+03   -0.9990E+03   -0.9990E+03    0.1994E+00    0.2076E+00    0.1991E+00    0.2094E+00    0.2073E+00    0.2204E+00    0.2167E+00    0.2149E+00    0.2260E+00    0.2173E+00    0.2118E+00    0.2256E+00   -0.9990E+03   -0.9990E+03   -0.9990E+03   -0.9990E+03   -0.9990E+03   -0.9990E+03   -0.9990E+03   -0.9990E+03   -0.9990E+03   -0.9990E+03   -0.9990E+03   -0.9990E+03   -0.9990E+03   -0.9990E+03   -0.9990E+03   -0.9990E+03   -0.9990E+03   -0.9990E+03   -0.9990E+03   -0.9990E+03   -0.9990E+03   -0.9990E+03   -0.9990E+03   -0.9990E+03   -0.9990E+03   -0.9990E+03   -0.9990E+03   -0.9990E+03   -0.9990E+03   -0.9990E+03   -0.9990E+03   -0.9990E+03   -0.9990E+03   -0.9990E+03   -0.9990E+03
   -0.9990E+03   -0.9990E+03   -0.9990E+03   -0.9990E+03   -0.9990E+03   -0.9990E+03   -0.9990E+03   -0.9990E+03   -0.9990E+03   -0.9990E+03   -0.9990E+03   -0.9990E+03   -0.9990E+03   -0.9990E+03   -0.9990E+03   -0.9990E+03   -0.9990E+03   -0.9990E+03   -0.9990E+03   -0.9990E+03   -0.9990E+03   -0.9990E+03   -0.9990E+03   -0.9990E+03   -0.9990E+03   -0.9990E+03   -0.9990E+03   -0.9990E+03   -0.9990E+03   -0.9990E+03   -0.9990E+03   -0.9990E+03    0.1118E+00    0.1994E+00    0.2044E+00    0.2043E+00    0.2030E+00    0.2098E+00    0.2053E+00    0.2157E+00    0.2168E+00   -0.9990E+03   -0.9990E+03   -0.9990E+03   -0.9990E+03   -0.9990E+03   -0.9990E+03   -0.9990E+03   -0.9990E+03   -0.9990E+03   -0.9990E+03   -0.9990E+03   -0.9990E+03   -0.9990E+03   -0.9990E+03   -0.9990E+03   -0.9990E+03   -0.9990E+03   -0.9990E+03   -0.9990E+03   -0.9990E+03   -0.9990E+03   -0.9990E+03   -0.9990E+03   -0.9990E+03   -0.9990E+03   -0.9990E+03   -0.9990E+03   -0.9990E+03   -0.9990E+03   -0.9990E+03   -0.9990E+03   -0.9990E+03   -0.9990E+03   -0.9990E+03   -0.9990E+03
   -0.9990E+03   -0.9990E+03   -0.9990E+03   -0.9990E+03   -0.9990E+03   -0.9990E+03   -0.9990E+03   -0.9990E+03   -0.9990E+03   -0.9990E+03   -0.9990E+03   -0.9990E+03   -0.9990E+03   -0.9990E+03   -0.9990E+03   -0.9990E+03   -0.9990E+03   -0.9990E+03   -0.9990E+03   -0.9990E+03   -0.9990E+03   -0.9990E+03   -0.9990E+03   -0.9990E+03   -0.9990E+03   -0.9990E+03   -0.9990E+03   -0.9990E+03   -0.9990E+03    0.1861E+00   -0.9990E+03   -0.9990E+03    0.1058E+00    0.1895E+00    0.1925E+00    0.1938E+00    0.1991E+00    0.1972E+00    0.2072E+00    0.2061E+00   -0.9990E+03   -0.9990E+03   -0.9990E+03   -0.9990E+03   -0.9990E+03   -0.9990E+03   -0.9990E+03   -0.9990E+03   -0.9990E+03   -0.9990E+03   -0.9990E+03   -0.9990E+03   -0.9990E+03   -0.9990E+03   -0.9990E+03   -0.9990E+03   -0.9990E+03   -0.9990E+03   -0.9990E+03   -0.9990E+03   -0.9990E+03   -0.9990E+03   -0.9990E+03   -0.9990E+03   -0.9990E+03   -0.9990E+03   -0.9990E+03   -0.9990E+03   -0.9990E+03   -0.9990E+03   -0.9990E+03   -0.9990E+03   -0.9990E+03   -0.9990E+03   -0.9990E+03   -0.9990E+03
   -0.9990E+03   -0.9990E+03   -0.9990E+03   -0.9990E+03   -0.9990E+03   -0.9990E+03   -0.9990E+03   -0.9990E+03   -0.9990E+03   -0.9990E+03   -0.9990E+03   -0.9990E+03   -0.9990E+03   -0.9990E+03   -0.9990E+03   -0.9990E+03   -0.9990E+03   -0.9990E+03   -0.9990E+03   -0.9990E+03   -0.9990E+03   -0.9990E+03   -0.9990E+03   -0.9990E+03   -0.9990E+03   -0.9990E+03   -0.9990E+03   -0.9990E+03   -0.9990E+03    0.1828E+00   -0.9990E+03   -0.9990E+03    0.1492E+00    0.1775E+00    0.1855E+00    0.1844E+00    0.1880E+00    0.1916E+00    0.1946E+00    0.2043E+00   -0.9990E+03   -0.9990E+03   -0.9990E+03   -0.9990E+03   -0.9990E+03   -0.9990E+03   -0.9990E+03   -0.9990E+03   -0.9990E+03   -0.9990E+03   -0.9990E+03   -0.9990E+03   -0.9990E+03   -0.9990E+03   -0.9990E+03   -0.9990E+03   -0.9990E+03   -0.9990E+03   -0.9990E+03   -0.9990E+03   -0.9990E+03   -0.9990E+03   -0.9990E+03   -0.9990E+03   -0.9990E+03   -0.9990E+03   -0.9990E+03   -0.9990E+03   -0.9990E+03   -0.9990E+03   -0.9990E+03   -0.9990E+03   -0.9990E+03   -0.9990E+03   -0.9990E+03   -0.9990E+03
   -0.9990E+03   -0.9990E+03   -0.9990E+03   -0.9990E+03   -0.9990E+03   -0.9990E+03   -0.9990E+03   -0.9990E+03   -0.9990E+03   -0.9990E+03   -0.9990E+03   -0.9990E+03   -0.9990E+03   -0.9990E+03   -0.9990E+03   -0.9990E+03   -0.9990E+03   -0.9990E+03   -0.9990E+03   -0.9990E+03   -0.9990E+03   -0.9990E+03   -0.9990E+03   -0.9990E+03   -0.9990E+03   -0.9990E+03   -0.9990E+03   -0.9990E+03   -0.9990E+03    0.1750E+00   -0.9990E+03   -0.9990E+03   -0.9990E+03    0.1665E+00    0.1723E+00    0.1781E+00    0.1870E+00    0.1891E+00    0.1939E+00    0.1985E+00   -0.9990E+03   -0.9990E+03   -0.9990E+03   -0.9990E+03   -0.9990E+03   -0.9990E+03   -0.9990E+03   -0.9990E+03   -0.9990E+03   -0.9990E+03   -0.9990E+03   -0.9990E+03   -0.9990E+03   -0.9990E+03   -0.9990E+03   -0.9990E+03   -0.9990E+03   -0.9990E+03   -0.9990E+03   -0.9990E+03   -0.9990E+03   -0.9990E+03   -0.9990E+03   -0.9990E+03   -0.9990E+03   -0.9990E+03   -0.9990E+03   -0.9990E+03   -0.9990E+03   -0.9990E+03   -0.9990E+03   -0.9990E+03   -0.9990E+03   -0.9990E+03   -0.9990E+03   -0.9990E+03
   -0.9990E+03   -0.9990E+03   -0.9990E+03   -0.9990E+03   -0.9990E+03   -0.9990E+03   -0.9990E+03   -0.9990E+03   -0.9990E+03   -0.9990E+03   -0.9990E+03   -0.9990E+03   -0.9990E+03   -0.9990E+03   -0.9990E+03   -0.9990E+03   -0.9990E+03   -0.9990E+03   -0.9990E+03   -0.9990E+03   -0.9990E+03   -0.9990E+03   -0.9990E+03   -0.9990E+03   -0.9990E+03   -0.9990E+03   -0.9990E+03   -0.9990E+03   -0.9990E+03    0.1687E+00   -0.9990E+03   -0.9990E+03    0.1069E+00    0.1648E+00    0.1737E+00    0.1768E+00    0.1818E+00    0.1863E+00    0.1891E+00    0.1940E+00   -0.9990E+03   -0.9990E+03   -0.9990E+03   -0.9990E+03   -0.9990E+03   -0.9990E+03   -0.9990E+03   -0.9990E+03   -0.9990E+03   -0.9990E+03   -0.9990E+03   -0.9990E+03   -0.9990E+03   -0.9990E+03   -0.9990E+03   -0.9990E+03   -0.9990E+03   -0.9990E+03   -0.9990E+03   -0.9990E+03   -0.9990E+03   -0.9990E+03   -0.9990E+03   -0.9990E+03   -0.9990E+03   -0.9990E+03   -0.9990E+03   -0.9990E+03   -0.9990E+03   -0.9990E+03   -0.9990E+03   -0.9990E+03   -0.9990E+03   -0.9990E+03   -0.9990E+03   -0.9990E+03
   -0.9990E+03   -0.9990E+03   -0.9990E+03   -0.9990E+03   -0.9990E+03   -0.9990E+03   -0.9990E+03   -0.9990E+03   -0.9990E+03   -0.9990E+03   -0.9990E+03   -0.9990E+03   -0.9990E+03   -0.9990E+03   -0.9990E+03   -0.9990E+03   -0.9990E+03   -0.9990E+03   -0.9990E+03   -0.9990E+03   -0.9990E+03   -0.9990E+03   -0.9990E+03   -0.9990E+03   -0.9990E+03   -0.9990E+03   -0.9990E+03   -0.9990E+03   -0.9990E+03   -0.9990E+03   -0.9990E+03   -0.9990E+03    0.1270E+00    0.1640E+00    0.1707E+00    0.1730E+00    0.1784E+00    0.1819E+00    0.1856E+00    0.1927E+00   -0.9990E+03   -0.9990E+03   -0.9990E+03   -0.9990E+03   -0.9990E+03   -0.9990E+03   -0.9990E+03   -0.9990E+03   -0.9990E+03   -0.9990E+03   -0.9990E+03   -0.9990E+03   -0.9990E+03   -0.9990E+03   -0.9990E+03   -0.9990E+03   -0.9990E+03   -0.9990E+03   -0.9990E+03   -0.9990E+03   -0.9990E+03   -0.9990E+03   -0.9990E+03   -0.9990E+03   -0.9990E+03   -0.9990E+03   -0.9990E+03   -0.9990E+03   -0.9990E+03   -0.9990E+03   -0.9990E+03   -0.9990E+03   -0.9990E+03   -0.9990E+03   -0.9990E+03   -0.9990E+03
   -0.9990E+03   -0.9990E+03   -0.9990E+03   -0.9990E+03   -0.9990E+03   -0.9990E+03   -0.9990E+03   -0.9990E+03   -0.9990E+03   -0.9990E+03   -0.9990E+03   -0.9990E+03   -0.9990E+03   -0.9990E+03   -0.9990E+03   -0.9990E+03   -0.9990E+03   -0.9990E+03   -0.9990E+03   -0.9990E+03   -0.9990E+03   -0.9990E+03   -0.9990E+03   -0.9990E+03   -0.9990E+03   -0.9990E+03   -0.9990E+03   -0.9990E+03   -0.9990E+03   -0.9990E+03   -0.9990E+03   -0.9990E+03    0.1543E+00    0.1629E+00    0.1713E+00    0.1779E+00    0.1808E+00    0.1759E+00    0.1840E+00    0.1914E+00   -0.9990E+03   -0.9990E+03   -0.9990E+03   -0.9990E+03   -0.9990E+03   -0.9990E+03   -0.9990E+03   -0.9990E+03   -0.9990E+03   -0.9990E+03   -0.9990E+03   -0.9990E+03   -0.9990E+03   -0.9990E+03   -0.9990E+03   -0.9990E+03   -0.9990E+03   -0.9990E+03   -0.9990E+03   -0.9990E+03   -0.9990E+03   -0.9990E+03   -0.9990E+03   -0.9990E+03   -0.9990E+03   -0.9990E+03   -0.9990E+03   -0.9990E+03   -0.9990E+03   -0.9990E+03   -0.9990E+03   -0.9990E+03   -0.9990E+03   -0.9990E+03   -0.9990E+03   -0.9990E+03
   -0.9990E+03   -0.9990E+03   -0.9990E+03   -0.9990E+03   -0.9990E+03   -0.9990E+03   -0.9990E+03   -0.9990E+03   -0.9990E+03   -0.9990E+03   -0.9990E+03   -0.9990E+03   -0.9990E+03   -0.9990E+03   -0.9990E+03   -0.9990E+03   -0.9990E+03   -0.9990E+03   -0.9990E+03   -0.9990E+03   -0.9990E+03   -0.9990E+03   -0.9990E+03   -0.9990E+03   -0.9990E+03   -0.9990E+03   -0.9990E+03   -0.9990E+03   -0.9990E+03   -0.9990E+03   -0.9990E+03    0.1560E+00    0.1590E+00    0.1687E+00    0.1708E+00    0.1762E+00    0.1780E+00    0.1805E+00    0.1875E+00    0.1866E+00   -0.9990E+03   -0.9990E+03   -0.9990E+03   -0.9990E+03   -0.9990E+03   -0.9990E+03   -0.9990E+03   -0.9990E+03   -0.9990E+03   -0.9990E+03   -0.9990E+03   -0.9990E+03   -0.9990E+03   -0.9990E+03   -0.9990E+03   -0.9990E+03   -0.9990E+03   -0.9990E+03   -0.9990E+03   -0.9990E+03   -0.9990E+03   -0.9990E+03   -0.9990E+03   -0.9990E+03   -0.9990E+03   -0.9990E+03   -0.9990E+03   -0.9990E+03   -0.9990E+03   -0.9990E+03   -0.9990E+03   -0.9990E+03   -0.9990E+03   -0.9990E+03   -0.9990E+03   -0.9990E+03
   -0.9990E+03   -0.9990E+03   -0.9990E+03   -0.9990E+03   -0.9990E+03   -0.9990E+03   -0.9990E+03   -0.9990E+03   -0.9990E+03   -0.9990E+03   -0.9990E+03   -0.9990E+03   -0.9990E+03   -0.9990E+03   -0.9990E+03   -0.9990E+03   -0.9990E+03   -0.9990E+03   -0.9990E+03   -0.9990E+03   -0.9990E+03   -0.9990E+03   -0.9990E+03   -0.9990E+03   -0.9990E+03    0.1471E+00    0.1252E+00   -0.9990E+03    0.1151E+00    0.1647E+00    0.1636E+00    0.1591E+00    0.1632E+00    0.1712E+00    0.1711E+00    0.1736E+00    0.1749E+00    0.1792E+00    0.1831E+00    0.1901E+00   -0.9990E+03   -0.9990E+03   -0.9990E+03   -0.9990E+03   -0.9990E+03   -0.9990E+03   -0.9990E+03   -0.9990E+03   -0.9990E+03   -0.9990E+03   -0.9990E+03   -0.9990E+03   -0.9990E+03   -0.9990E+03   -0.9990E+03   -0.9990E+03   -0.9990E+03   -0.9990E+03   -0.9990E+03   -0.9990E+03   -0.9990E+03   -0.9990E+03   -0.9990E+03   -0.9990E+03   -0.9990E+03   -0.9990E+03   -0.9990E+03   -0.9990E+03   -0.9990E+03   -0.9990E+03   -0.9990E+03   -0.9990E+03   -0.9990E+03   -0.9990E+03   -0.9990E+03   -0.9990E+03
   -0.9990E+03   -0.9990E+03   -0.9990E+03   -0.9990E+03   -0.9990E+03   -0.9990E+03   -0.9990E+03   -0.9990E+03   -0.9990E+03   -0.9990E+03   -0.9990E+03   -0.9990E+03   -0.9990E+03   -0.9990E+03   -0.9990E+03   -0.9990E+03   -0.9990E+03   -0.9990E+03   -0.9990E+03   -0.9990E+03   -0.9990E+03   -0.9990E+03   -0.9990E+03    0.1183E+00    0.1793E+00    0.1832E+00    0.1791E+00    0.1167E+00    0.1675E+00    0.1629E+00    0.1610E+00    0.1606E+00    0.1668E+00    0.1639E+00    0.1664E+00    0.1699E+00    0.1784E+00    0.1786E+00    0.1865E+00   -0.9990E+03   -0.9990E+03   -0.9990E+03   -0.9990E+03   -0.9990E+03   -0.9990E+03   -0.9990E+03   -0.9990E+03   -0.9990E+03   -0.9990E+03   -0.9990E+03   -0.9990E+03   -0.9990E+03   -0.9990E+03   -0.9990E+03   -0.9990E+03   -0.9990E+03   -0.9990E+03   -0.9990E+03   -0.9990E+03   -0.9990E+03   -0.9990E+03   -0.9990E+03   -0.9990E+03   -0.9990E+03   -0.9990E+03   -0.9990E+03   -0.9990E+03   -0.9990E+03   -0.9990E+03   -0.9990E+03   -0.9990E+03   -0.9990E+03   -0.9990E+03   -0.9990E+03   -0.9990E+03   -0.9990E+03
   -0.9990E+03   -0.9990E+03   -0.9990E+03   -0.9990E+03   -0.9990E+03   -0.9990E+03   -0.9990E+03   -0.9990E+03   -0.9990E+03   -0.9990E+03   -0.9990E+03   -0.9990E+03   -0.9990E+03   -0.9990E+03   -0.9990E+03   -0.9990E+03   -0.9990E+03   -0.9990E+03   -0.9990E+03   -0.9990E+03   -0.9990E+03   -0.9990E+03   -0.9990E+03    0.1171E+00    0.1147E+00    0.1769E+00    0.1725E+00    0.1719E+00    0.1660E+00    0.1594E+00    0.2054E-01    0.1597E+00    0.1662E+00    0.1690E+00    0.1772E+00    0.1766E+00    0.1812E+00    0.1821E+00   -0.9990E+03   -0.9990E+03   -0.9990E+03   -0.9990E+03   -0.9990E+03   -0.9990E+03   -0.9990E+03   -0.9990E+03   -0.9990E+03   -0.9990E+03   -0.9990E+03   -0.9990E+03   -0.9990E+03   -0.9990E+03   -0.9990E+03   -0.9990E+03   -0.9990E+03   -0.9990E+03   -0.9990E+03   -0.9990E+03   -0.9990E+03   -0.9990E+03   -0.9990E+03   -0.9990E+03   -0.9990E+03   -0.9990E+03   -0.9990E+03   -0.9990E+03   -0.9990E+03   -0.9990E+03   -0.9990E+03   -0.9990E+03   -0.9990E+03   -0.9990E+03   -0.9990E+03   -0.9990E+03   -0.9990E+03   -0.9990E+03
   -0.9990E+03   -0.9990E+03   -0.9990E+03   -0.9990E+03   -0.9990E+03   -0.9990E+03   -0.9990E+03   -0.9990E+03   -0.9990E+03   -0.9990E+03   -0.9990E+03   -0.9990E+03   -0.9990E+03   -0.9990E+03   -0.9990E+03   -0.9990E+03   -0.9990E+03   -0.9990E+03   -0.9990E+03   -0.9990E+03   -0.9990E+03   -0.9990E+03    0.1205E+00   -0.9990E+03    0.1154E+00    0.1765E+00    0.1738E+00    0.1712E+00    0.1666E+00    0.1631E+00    0.1578E+00    0.1634E+00    0.1684E+00    0.1706E+00    0.1773E+00    0.1831E+00    0.1768E+00    0.1821E+00   -0.9990E+03   -0.9990E+03   -0.9990E+03   -0.9990E+03   -0.9990E+03   -0.9990E+03   -0.9990E+03   -0.9990E+03   -0.9990E+03   -0.9990E+03   -0.9990E+03   -0.9990E+03   -0.9990E+03   -0.9990E+03   -0.9990E+03   -0.9990E+03   -0.9990E+03   -0.9990E+03   -0.9990E+03   -0.9990E+03   -0.9990E+03   -0.9990E+03   -0.9990E+03   -0.9990E+03   -0.9990E+03   -0.9990E+03   -0.9990E+03   -0.9990E+03   -0.9990E+03   -0.9990E+03   -0.9990E+03   -0.9990E+03   -0.9990E+03   -0.9990E+03   -0.9990E+03   -0.9990E+03   -0.9990E+03   -0.9990E+03
   -0.9990E+03   -0.9990E+03   -0.9990E+03   -0.9990E+03   -0.9990E+03   -0.9990E+03   -0.9990E+03   -0.9990E+03   -0.9990E+03   -0.9990E+03   -0.9990E+03   -0.9990E+03   -0.9990E+03   -0.9990E+03   -0.9990E+03   -0.9990E+03   -0.9990E+03   -0.9990E+03   -0.9990E+03   -0.9990E+03   -0.9990E+03    0.1234E+00    0.1870E+00    0.1210E+00    0.1796E+00    0.1789E+00    0.1752E+00    0.1718E+00    0.1674E+00    0.1682E+00    0.1678E+00    0.1705E+00    0.1712E+00    0.1749E+00    0.1773E+00    0.1765E+00    0.1828E+00    0.1862E+00   -0.9990E+03   -0.9990E+03   -0.9990E+03   -0.9990E+03   -0.9990E+03   -0.9990E+03   -0.9990E+03   -0.9990E+03   -0.9990E+03   -0.9990E+03   -0.9990E+03   -0.9990E+03   -0.9990E+03   -0.9990E+03   -0.9990E+03   -0.9990E+03   -0.9990E+03   -0.9990E+03   -0.9990E+03   -0.9990E+03   -0.9990E+03   -0.9990E+03   -0.9990E+03   -0.9990E+03   -0.9990E+03   -0.9990E+03   -0.9990E+03   -0.9990E+03   -0.9990E+03   -0.9990E+03   -0.9990E+03   -0.9990E+03   -0.9990E+03   -0.9990E+03   -0.9990E+03   -0.9990E+03   -0.9990E+03   -0.9990E+03
   -0.9990E+03   -0.9990E+03   -0.9990E+03   -0.9990E+03   -0.9990E+03   -0.9990E+03   -0.9990E+03   -0.9990E+03   -0.9990E+03   -0.9990E+03   -0.9990E+03   -0.9990E+03   -0.9990E+03   -0.9990E+03   -0.9990E+03   -0.9990E+03   -0.9990E+03   -0.9990E+03   -0.9990E+03   -0.9990E+03   -0.9990E+03    0.1175E+00    0.1868E+00    0.1836E+00    0.1811E+00    0.1795E+00    0.1762E+00    0.1737E+00    0.1717E+00    0.1707E+00    0.1722E+00    0.1728E+00    0.1745E+00    0.1761E+00    0.1772E+00    0.1829E+00    0.1841E+00    0.1876E+00   -0.9990E+03   -0.9990E+03   -0.9990E+03   -0.9990E+03   -0.9990E+03   -0.9990E+03   -0.9990E+03   -0.9990E+03   -0.9990E+03   -0.9990E+03   -0.9990E+03   -0.9990E+03   -0.9990E+03   -0.9990E+03   -0.9990E+03   -0.9990E+03   -0.9990E+03   -0.9990E+03   -0.9990E+03   -0.9990E+03   -0.9990E+03   -0.9990E+03   -0.9990E+03   -0.9990E+03   -0.9990E+03   -0.9990E+03   -0.9990E+03   -0.9990E+03   -0.9990E+03   -0.9990E+03   -0.9990E+03   -0.9990E+03   -0.9990E+03   -0.9990E+03   -0.9990E+03   -0.9990E+03   -0.9990E+03   -0.9990E+03
   -0.9990E+03   -0.9990E+03   -0.9990E+03   -0.9990E+03   -0.9990E+03   -0.9990E+03   -0.9990E+03   -0.9990E+03   -0.9990E+03   -0.9990E+03   -0.9990E+03   -0.9990E+03   -0.9990E+03   -0.9990E+03   -0.9990E+03   -0.9990E+03   -0.9990E+03   -0.9990E+03   -0.9990E+03   -0.9990E+03   -0.9990E+03    0.1397E+00    0.1837E+00    0.1833E+00    0.1818E+00    0.1790E+00    0.1779E+00    0.1770E+00    0.1778E+00    0.1749E+00    0.1740E+00    0.1782E+00    0.1796E+00    0.1806E+00    0.1810E+00    0.1865E+00   -0.9990E+03   -0.9990E+03   -0.9990E+03   -0.9990E+03   -0.9990E+03   -0.9990E+03   -0.9990E+03   -0.9990E+03   -0.9990E+03   -0.9990E+03   -0.9990E+03   -0.9990E+03   -0.9990E+03   -0.9990E+03   -0.9990E+03   -0.9990E+03   -0.9990E+03   -0.9990E+03   -0.9990E+03   -0.9990E+03   -0.9990E+03   -0.9990E+03   -0.9990E+03   -0.9990E+03   -0.9990E+03   -0.9990E+03   -0.9990E+03   -0.9990E+03   -0.9990E+03   -0.9990E+03   -0.9990E+03   -0.9990E+03   -0.9990E+03   -0.9990E+03   -0.9990E+03   -0.9990E+03   -0.9990E+03   -0.9990E+03   -0.9990E+03   -0.9990E+03
   -0.9990E+03   -0.9990E+03   -0.9990E+03   -0.9990E+03   -0.9990E+03   -0.9990E+03   -0.9990E+03   -0.9990E+03   -0.9990E+03   -0.9990E+03   -0.9990E+03   -0.9990E+03   -0.9990E+03   -0.9990E+03   -0.9990E+03   -0.9990E+03   -0.9990E+03   -0.9990E+03   -0.9990E+03   -0.9990E+03   -0.9990E+03   -0.9990E+03    0.1820E+00    0.1811E+00    0.1805E+00    0.1816E+00    0.1812E+00    0.1807E+00    0.1794E+00    0.1786E+00    0.1765E+00    0.1771E+00    0.1775E+00    0.1830E+00    0.1855E+00    0.1877E+00   -0.9990E+03   -0.9990E+03   -0.9990E+03   -0.9990E+03   -0.9990E+03   -0.9990E+03   -0.9990E+03   -0.9990E+03   -0.9990E+03   -0.9990E+03   -0.9990E+03   -0.9990E+03   -0.9990E+03   -0.9990E+03   -0.9990E+03   -0.9990E+03   -0.9990E+03   -0.9990E+03   -0.9990E+03   -0.9990E+03   -0.9990E+03   -0.9990E+03   -0.9990E+03   -0.9990E+03   -0.9990E+03   -0.9990E+03   -0.9990E+03   -0.9990E+03   -0.9990E+03   -0.9990E+03   -0.9990E+03   -0.9990E+03   -0.9990E+03   -0.9990E+03   -0.9990E+03   -0.9990E+03   -0.9990E+03   -0.9990E+03   -0.9990E+03   -0.9990E+03
   -0.9990E+03   -0.9990E+03   -0.9990E+03   -0.9990E+03   -0.9990E+03   -0.9990E+03   -0.9990E+03   -0.9990E+03   -0.9990E+03   -0.9990E+03   -0.9990E+03   -0.9990E+03   -0.9990E+03   -0.9990E+03   -0.9990E+03   -0.9990E+03   -0.9990E+03   -0.9990E+03   -0.9990E+03   -0.9990E+03   -0.9990E+03    0.1885E+00    0.2089E-01    0.1800E+00    0.1836E+00    0.1838E+00    0.1835E+00    0.1828E+00    0.1821E+00    0.1818E+00    0.1816E+00    0.1801E+00    0.1799E+00    0.1803E+00    0.1880E+00   -0.9990E+03   -0.9990E+03   -0.9990E+03   -0.9990E+03   -0.9990E+03   -0.9990E+03   -0.9990E+03   -0.9990E+03   -0.9990E+03   -0.9990E+03   -0.9990E+03   -0.9990E+03   -0.9990E+03   -0.9990E+03   -0.9990E+03   -0.9990E+03   -0.9990E+03   -0.9990E+03   -0.9990E+03   -0.9990E+03   -0.9990E+03   -0.9990E+03   -0.9990E+03   -0.9990E+03   -0.9990E+03   -0.9990E+03   -0.9990E+03   -0.9990E+03   -0.9990E+03   -0.9990E+03   -0.9990E+03   -0.9990E+03   -0.9990E+03   -0.9990E+03   -0.9990E+03   -0.9990E+03   -0.9990E+03   -0.9990E+03   -0.9990E+03   -0.9990E+03   -0.9990E+03
   -0.9990E+03   -0.9990E+03   -0.9990E+03   -0.9990E+03   -0.9990E+03   -0.9990E+03   -0.9990E+03   -0.9990E+03   -0.9990E+03   -0.9990E+03   -0.9990E+03   -0.9990E+03   -0.9990E+03   -0.9990E+03   -0.9990E+03   -0.9990E+03   -0.9990E+03   -0.9990E+03   -0.9990E+03   -0.9990E+03    0.1972E+00    0.1905E+00    0.1866E+00    0.1875E+00    0.1871E+00    0.1869E+00    0.1862E+00    0.1854E+00    0.1847E+00    0.1844E+00    0.1842E+00    0.1846E+00    0.1829E+00    0.1827E+00    0.1847E+00   -0.9990E+03   -0.9990E+03   -0.9990E+03   -0.9990E+03   -0.9990E+03   -0.9990E+03   -0.9990E+03   -0.9990E+03   -0.9990E+03   -0.9990E+03   -0.9990E+03   -0.9990E+03   -0.9990E+03   -0.9990E+03   -0.9990E+03   -0.9990E+03   -0.9990E+03   -0.9990E+03   -0.9990E+03   -0.9990E+03   -0.9990E+03   -0.9990E+03   -0.9990E+03   -0.9990E+03   -0.9990E+03   -0.9990E+03   -0.9990E+03   -0.9990E+03   -0.9990E+03   -0.9990E+03   -0.9990E+03   -0.9990E+03   -0.9990E+03   -0.9990E+03   -0.9990E+03   -0.9990E+03   -0.9990E+03   -0.9990E+03   -0.9990E+03   -0.9990E+03   -0.9990E+03
   -0.9990E+03   -0.9990E+03   -0.9990E+03   -0.9990E+03   -0.9990E+03   -0.9990E+03   -0.9990E+03   -0.9990E+03   -0.9990E+03   -0.9990E+03   -0.9990E+03   -0.9990E+03   -0.9990E+03   -0.9990E+03   -0.9990E+03   -0.9990E+03   -0.9990E+03   -0.9990E+03    0.1017E+00    0.1990E+00    0.1941E+00    0.1914E+00    0.1909E+00    0.1892E+00    0.1900E+00    0.1891E+00    0.1879E+00    0.1880E+00    0.1874E+00    0.1865E+00    0.1874E+00    0.1863E+00    0.1862E+00    0.1838E+00    0.1850E+00   -0.9990E+03   -0.9990E+03   -0.9990E+03   -0.9990E+03   -0.9990E+03   -0.9990E+03   -0.9990E+03   -0.9990E+03   -0.9990E+03   -0.9990E+03   -0.9990E+03   -0.9990E+03   -0.9990E+03   -0.9990E+03   -0.9990E+03   -0.9990E+03   -0.9990E+03   -0.9990E+03   -0.9990E+03   -0.9990E+03   -0.9990E+03   -0.9990E+03   -0.9990E+03   -0.9990E+03   -0.9990E+03   -0.9990E+03   -0.9990E+03   -0.9990E+03   -0.9990E+03   -0.9990E+03   -0.9990E+03   -0.9990E+03   -0.9990E+03   -0.9990E+03   -0.9990E+03   -0.9990E+03   -0.9990E+03   -0.9990E+03   -0.9990E+03   -0.9990E+03   -0.9990E+03
   -0.9990E+03   -0.9990E+03   -0.9990E+03   -0.9990E+03   -0.9990E+03   -0.9990E+03   -0.9990E+03   -0.9990E+03   -0.9990E+03   -0.9990E+03   -0.9990E+03   -0.9990E+03   -0.9990E+03   -0.9990E+03   -0.9990E+03   -0.9990E+03   -0.9990E+03   -0.9990E+03    0.8474E-01    0.2059E+00    0.1971E+00    0.1933E+00    0.1955E+00    0.1928E+00    0.1896E+00    0.1882E+00    0.1870E+00    0.1864E+00    0.1887E+00    0.1889E+00    0.1884E+00    0.1894E+00    0.1892E+00    0.1841E+00    0.1881E+00   -0.9990E+03   -0.9990E+03   -0.9990E+03   -0.9990E+03   -0.9990E+03   -0.9990E+03   -0.9990E+03   -0.9990E+03   -0.9990E+03   -0.9990E+03   -0.9990E+03   -0.9990E+03   -0.9990E+03   -0.9990E+03   -0.9990E+03   -0.9990E+03   -0.9990E+03   -0.9990E+03   -0.9990E+03   -0.9990E+03   -0.9990E+03   -0.9990E+03   -0.9990E+03   -0.9990E+03   -0.9990E+03   -0.9990E+03   -0.9990E+03   -0.9990E+03   -0.9990E+03   -0.9990E+03   -0.9990E+03   -0.9990E+03   -0.9990E+03   -0.9990E+03   -0.9990E+03   -0.9990E+03   -0.9990E+03   -0.9990E+03   -0.9990E+03   -0.9990E+03   -0.9990E+03
   -0.9990E+03   -0.9990E+03   -0.9990E+03   -0.9990E+03   -0.9990E+03   -0.9990E+03   -0.9990E+03   -0.9990E+03   -0.9990E+03   -0.9990E+03   -0.9990E+03   -0.9990E+03   -0.9990E+03   -0.9990E+03   -0.9990E+03    0.2019E+00    0.2086E+00    0.2113E+00    0.2147E+00    0.2039E+00    0.2062E+00    0.1984E+00    0.1929E+00    0.1958E+00    0.1921E+00    0.1903E+00    0.1889E+00    0.1878E+00    0.1874E+00    0.1868E+00    0.1858E+00    0.1869E+00    0.1869E+00    0.1886E+00   -0.9990E+03   -0.9990E+03   -0.9990E+03   -0.9990E+03   -0.9990E+03   -0.9990E+03   -0.9990E+03   -0.9990E+03   -0.9990E+03   -0.9990E+03   -0.9990E+03   -0.9990E+03   -0.9990E+03   -0.9990E+03   -0.9990E+03   -0.9990E+03   -0.9990E+03   -0.9990E+03   -0.9990E+03   -0.9990E+03   -0.9990E+03   -0.9990E+03   -0.9990E+03   -0.9990E+03   -0.9990E+03   -0.9990E+03   -0.9990E+03   -0.9990E+03   -0.9990E+03   -0.9990E+03   -0.9990E+03   -0.9990E+03   -0.9990E+03   -0.9990E+03   -0.9990E+03   -0.9990E+03   -0.9990E+03   -0.9990E+03   -0.9990E+03   -0.9990E+03   -0.9990E+03   -0.9990E+03
   -0.9990E+03   -0.9990E+03   -0.9990E+03   -0.9990E+03   -0.9990E+03   -0.9990E+03   -0.9990E+03   -0.9990E+03   -0.9990E+03   -0.9990E+03   -0.9990E+03   -0.9990E+03   -0.9990E+03    0.2051E+00    0.2030E+00    0.2034E+00    0.2039E+00    0.2072E+00    0.1724E+00    0.5342E-01    0.2121E+00    0.2003E+00    0.1963E+00    0.1923E+00    0.1966E+00    0.1949E+00    0.1915E+00    0.1899E+00    0.1890E+00    0.1888E+00    0.1878E+00    0.1873E+00    0.1882E+00   -0.9990E+03   -0.9990E+03   -0.9990E+03   -0.9990E+03   -0.9990E+03   -0.9990E+03   -0.9990E+03   -0.9990E+03   -0.9990E+03   -0.9990E+03   -0.9990E+03   -0.9990E+03   -0.9990E+03   -0.9990E+03   -0.9990E+03   -0.9990E+03   -0.9990E+03   -0.9990E+03   -0.9990E+03   -0.9990E+03   -0.9990E+03   -0.9990E+03   -0.9990E+03   -0.9990E+03   -0.9990E+03   -0.9990E+03   -0.9990E+03   -0.9990E+03   -0.9990E+03   -0.9990E+03   -0.9990E+03   -0.9990E+03   -0.9990E+03   -0.9990E+03   -0.9990E+03   -0.9990E+03   -0.9990E+03   -0.9990E+03   -0.9990E+03   -0.9990E+03   -0.9990E+03   -0.9990E+03   -0.9990E+03
   -0.9990E+03   -0.9990E+03   -0.9990E+03   -0.9990E+03   -0.9990E+03   -0.9990E+03   -0.9990E+03   -0.9990E+03   -0.9990E+03   -0.9990E+03    0.2079E+00    0.2097E+00    0.2074E+00    0.2038E+00    0.2023E+00    0.2018E+00    0.2019E+00    0.2032E+00    0.2080E+00    0.2088E+00    0.2081E+00    0.2010E+00    0.1961E+00    0.1933E+00    0.1901E+00    0.1965E+00    0.1950E+00    0.1941E+00    0.1913E+00    0.1914E+00    0.1909E+00    0.1910E+00    0.1890E+00   -0.9990E+03   -0.9990E+03   -0.9990E+03   -0.9990E+03   -0.9990E+03   -0.9990E+03   -0.9990E+03   -0.9990E+03   -0.9990E+03   -0.9990E+03   -0.9990E+03   -0.9990E+03   -0.9990E+03   -0.9990E+03   -0.9990E+03   -0.9990E+03   -0.9990E+03   -0.9990E+03   -0.9990E+03   -0.9990E+03   -0.9990E+03   -0.9990E+03   -0.9990E+03   -0.9990E+03   -0.9990E+03   -0.9990E+03   -0.9990E+03   -0.9990E+03   -0.9990E+03   -0.9990E+03   -0.9990E+03   -0.9990E+03   -0.9990E+03   -0.9990E+03   -0.9990E+03   -0.9990E+03   -0.9990E+03   -0.9990E+03   -0.9990E+03   -0.9990E+03   -0.9990E+03   -0.9990E+03   -0.9990E+03
   -0.9990E+03   -0.9990E+03   -0.9990E+03   -0.9990E+03   -0.9990E+03   -0.9990E+03   -0.9990E+03   -0.9990E+03   -0.9990E+03   -0.9990E+03    0.2128E+00    0.1814E+00    0.2053E+00    0.2009E+00    0.1984E+00    0.1992E+00    0.2019E+00    0.2031E+00    0.2036E+00    0.2019E+00    0.1998E+00    0.1954E+00    0.1967E+00    0.1936E+00    0.1909E+00    0.1890E+00    0.1964E+00    0.1952E+00    0.1945E+00   -0.9990E+03   -0.9990E+03   -0.9990E+03   -0.9990E+03   -0.9990E+03   -0.9990E+03   -0.9990E+03   -0.9990E+03   -0.9990E+03   -0.9990E+03   -0.9990E+03   -0.9990E+03   -0.9990E+03   -0.9990E+03   -0.9990E+03   -0.9990E+03   -0.9990E+03   -0.9990E+03   -0.9990E+03   -0.9990E+03   -0.9990E+03   -0.9990E+03   -0.9990E+03   -0.9990E+03   -0.9990E+03   -0.9990E+03   -0.9990E+03   -0.9990E+03   -0.9990E+03   -0.9990E+03   -0.9990E+03   -0.9990E+03   -0.9990E+03   -0.9990E+03   -0.9990E+03   -0.9990E+03   -0.9990E+03   -0.9990E+03   -0.9990E+03   -0.9990E+03   -0.9990E+03   -0.9990E+03   -0.9990E+03   -0.9990E+03   -0.9990E+03   -0.9990E+03   -0.9990E+03
   -0.9990E+03   -0.9990E+03   -0.9990E+03   -0.9990E+03   -0.9990E+03   -0.9990E+03   -0.9990E+03    0.1947E+00    0.1983E+00    0.1998E+00    0.9787E-01    0.1921E+00    0.1689E+00    0.1983E+00    0.2018E+00    0.1993E+00    0.1998E+00    0.1999E+00    0.1982E+00    0.1966E+00    0.1959E+00    0.1936E+00    0.1915E+00    0.1894E+00    0.1868E+00    0.1854E+00   -0.9990E+03   -0.9990E+03   -0.9990E+03   -0.9990E+03   -0.9990E+03   -0.9990E+03   -0.9990E+03   -0.9990E+03   -0.9990E+03   -0.9990E+03   -0.9990E+03   -0.9990E+03   -0.9990E+03   -0.9990E+03   -0.9990E+03   -0.9990E+03   -0.9990E+03   -0.9990E+03   -0.9990E+03   -0.9990E+03   -0.9990E+03   -0.9990E+03   -0.9990E+03   -0.9990E+03   -0.9990E+03   -0.9990E+03   -0.9990E+03   -0.9990E+03   -0.9990E+03   -0.9990E+03   -0.9990E+03   -0.9990E+03   -0.9990E+03   -0.9990E+03   -0.9990E+03   -0.9990E+03   -0.9990E+03   -0.9990E+03   -0.9990E+03   -0.9990E+03   -0.9990E+03   -0.9990E+03   -0.9990E+03   -0.9990E+03   -0.9990E+03   -0.9990E+03   -0.9990E+03   -0.9990E+03   -0.9990E+03   -0.9990E+03
   -0.9990E+03   -0.9990E+03    0.1817E+00    0.1841E+00    0.7575E-01    0.1881E+00    0.1891E+00    0.1822E+00    0.1892E+00    0.9533E-01    0.1183E+00   -0.9990E+03    0.8082E-01    0.9158E-01    0.1016E+00   -0.9990E+03    0.7257E-01    0.1971E+00    0.1967E+00    0.1961E+00    0.1946E+00    0.1924E+00    0.1908E+00    0.1891E+00   -0.9990E+03   -0.9990E+03   -0.9990E+03   -0.9990E+03   -0.9990E+03   -0.9990E+03   -0.9990E+03   -0.9990E+03   -0.9990E+03   -0.9990E+03   -0.9990E+03   -0.9990E+03   -0.9990E+03   -0.9990E+03   -0.9990E+03   -0.9990E+03   -0.9990E+03   -0.9990E+03   -0.9990E+03   -0.9990E+03   -0.9990E+03   -0.9990E+03   -0.9990E+03   -0.9990E+03   -0.9990E+03   -0.9990E+03   -0.9990E+03   -0.9990E+03   -0.9990E+03   -0.9990E+03   -0.9990E+03   -0.9990E+03   -0.9990E+03   -0.9990E+03   -0.9990E+03   -0.9990E+03   -0.9990E+03   -0.9990E+03   -0.9990E+03   -0.9990E+03   -0.9990E+03   -0.9990E+03   -0.9990E+03   -0.9990E+03   -0.9990E+03   -0.9990E+03   -0.9990E+03   -0.9990E+03   -0.9990E+03   -0.9990E+03   -0.9990E+03   -0.9990E+03
   -0.9990E+03   -0.9990E+03    0.1811E+00    0.1801E+00    0.1832E+00    0.1830E+00    0.8442E-01    0.9330E-01    0.1870E+00    0.1939E+00    0.7829E-01    0.8018E-01    0.1991E+00    0.1892E+00    0.1878E+00    0.7202E-01    0.1959E+00    0.1954E+00    0.1956E+00    0.1947E+00    0.1934E+00    0.1915E+00   -0.9990E+03   -0.9990E+03   -0.9990E+03   -0.9990E+03   -0.9990E+03   -0.9990E+03   -0.9990E+03   -0.9990E+03   -0.9990E+03   -0.9990E+03   -0.9990E+03   -0.9990E+03   -0.9990E+03   -0.9990E+03   -0.9990E+03   -0.9990E+03   -0.9990E+03   -0.9990E+03   -0.9990E+03   -0.9990E+03   -0.9990E+03   -0.9990E+03   -0.9990E+03   -0.9990E+03   -0.9990E+03   -0.9990E+03   -0.9990E+03   -0.9990E+03   -0.9990E+03   -0.9990E+03   -0.9990E+03   -0.9990E+03   -0.9990E+03   -0.9990E+03   -0.9990E+03   -0.9990E+03   -0.9990E+03   -0.9990E+03   -0.9990E+03   -0.9990E+03   -0.9990E+03   -0.9990E+03   -0.9990E+03   -0.9990E+03   -0.9990E+03   -0.9990E+03   -0.9990E+03   -0.9990E+03   -0.9990E+03   -0.9990E+03   -0.9990E+03   -0.9990E+03   -0.9990E+03   -0.9990E+03
   -0.9990E+03    0.1784E+00    0.1738E+00    0.1759E+00    0.1788E+00    0.1486E+00    0.1321E+00    0.1841E+00    0.1931E+00    0.1931E+00    0.1962E+00    0.1422E+00    0.1970E+00    0.1963E+00    0.1952E+00    0.1946E+00    0.1955E+00    0.1947E+00   -0.9990E+03   -0.9990E+03   -0.9990E+03   -0.9990E+03   -0.9990E+03   -0.9990E+03   -0.9990E+03   -0.9990E+03   -0.9990E+03   -0.9990E+03   -0.9990E+03   -0.9990E+03   -0.9990E+03   -0.9990E+03   -0.9990E+03   -0.9990E+03   -0.9990E+03   -0.9990E+03   -0.9990E+03   -0.9990E+03   -0.9990E+03   -0.9990E+03   -0.9990E+03   -0.9990E+03   -0.9990E+03   -0.9990E+03   -0.9990E+03   -0.9990E+03   -0.9990E+03   -0.9990E+03   -0.9990E+03   -0.9990E+03   -0.9990E+03   -0.9990E+03   -0.9990E+03   -0.9990E+03   -0.9990E+03   -0.9990E+03   -0.9990E+03   -0.9990E+03   -0.9990E+03   -0.9990E+03   -0.9990E+03   -0.9990E+03   -0.9990E+03   -0.9990E+03   -0.9990E+03   -0.9990E+03   -0.9990E+03   -0.9990E+03   -0.9990E+03   -0.9990E+03   -0.9990E+03   -0.9990E+03   -0.9990E+03   -0.9990E+03   -0.9990E+03   -0.9990E+03
    0.1797E+00    0.1771E+00    0.1732E+00    0.1724E+00    0.1746E+00    0.1810E+00    0.1896E+00    0.1903E+00    0.1906E+00    0.1926E+00    0.1939E+00    0.1920E+00    0.1938E+00   -0.9990E+03   -0.9990E+03   -0.9990E+03   -0.9990E+03   -0.9990E+03   -0.9990E+03   -0.9990E+03   -0.9990E+03   -0.9990E+03   -0.9990E+03   -0.9990E+03   -0.9990E+03   -0.9990E+03   -0.9990E+03   -0.9990E+03   -0.9990E+03   -0.9990E+03   -0.9990E+03   -0.9990E+03   -0.9990E+03   -0.9990E+03   -0.9990E+03   -0.9990E+03   -0.9990E+03   -0.9990E+03   -0.9990E+03   -0.9990E+03   -0.9990E+03   -0.9990E+03   -0.9990E+03   -0.9990E+03   -0.9990E+03   -0.9990E+03   -0.9990E+03   -0.9990E+03   -0.9990E+03   -0.9990E+03   -0.9990E+03   -0.9990E+03   -0.9990E+03   -0.9990E+03   -0.9990E+03   -0.9990E+03   -0.9990E+03   -0.9990E+03   -0.9990E+03   -0.9990E+03   -0.9990E+03   -0.9990E+03   -0.9990E+03   -0.9990E+03   -0.9990E+03   -0.9990E+03   -0.9990E+03   -0.9990E+03   -0.9990E+03   -0.9990E+03   -0.9990E+03   -0.9990E+03   -0.9990E+03   -0.9990E+03   -0.9990E+03   -0.9990E+03
    0.1774E+00    0.1771E+00    0.1759E+00    0.1780E+00   -0.9990E+03   -0.9990E+03   -0.9990E+03   -0.9990E+03   -0.9990E+03   -0.9990E+03   -0.9990E+03   -0.9990E+03   -0.9990E+03   -0.9990E+03   -0.9990E+03   -0.9990E+03   -0.9990E+03   -0.9990E+03   -0.9990E+03   -0.9990E+03   -0.9990E+03   -0.9990E+03   -0.9990E+03   -0.9990E+03   -0.9990E+03   -0.9990E+03   -0.9990E+03   -0.9990E+03   -0.9990E+03   -0.9990E+03   -0.9990E+03   -0.9990E+03   -0.9990E+03   -0.9990E+03   -0.9990E+03   -0.9990E+03   -0.9990E+03   -0.9990E+03   -0.9990E+03   -0.9990E+03   -0.9990E+03   -0.9990E+03   -0.9990E+03   -0.9990E+03   -0.9990E+03   -0.9990E+03   -0.9990E+03   -0.9990E+03   -0.9990E+03   -0.9990E+03   -0.9990E+03   -0.9990E+03   -0.9990E+03   -0.9990E+03   -0.9990E+03   -0.9990E+03   -0.9990E+03   -0.9990E+03   -0.9990E+03   -0.9990E+03   -0.9990E+03   -0.9990E+03   -0.9990E+03   -0.9990E+03   -0.9990E+03   -0.9990E+03   -0.9990E+03   -0.9990E+03   -0.9990E+03   -0.9990E+03   -0.9990E+03   -0.9990E+03   -0.9990E+03   -0.9990E+03   -0.9990E+03   -0.9990E+03
   -0.9990E+03    0.1807E+00    0.1799E+00    0.1821E+00   -0.9990E+03   -0.9990E+03   -0.9990E+03   -0.9990E+03   -0.9990E+03   -0.9990E+03   -0.9990E+03   -0.9990E+03   -0.9990E+03   -0.9990E+03   -0.9990E+03   -0.9990E+03   -0.9990E+03   -0.9990E+03   -0.9990E+03   -0.9990E+03   -0.9990E+03   -0.9990E+03   -0.9990E+03   -0.9990E+03   -0.9990E+03   -0.9990E+03   -0.9990E+03   -0.9990E+03   -0.9990E+03   -0.9990E+03   -0.9990E+03   -0.9990E+03   -0.9990E+03   -0.9990E+03   -0.9990E+03   -0.9990E+03   -0.9990E+03   -0.9990E+03   -0.9990E+03   -0.9990E+03   -0.9990E+03   -0.9990E+03   -0.9990E+03   -0.9990E+03   -0.9990E+03   -0.9990E+03   -0.9990E+03   -0.9990E+03   -0.9990E+03   -0.9990E+03   -0.9990E+03   -0.9990E+03   -0.9990E+03   -0.9990E+03   -0.9990E+03   -0.9990E+03   -0.9990E+03   -0.9990E+03   -0.9990E+03   -0.9990E+03   -0.9990E+03   -0.9990E+03   -0.9990E+03   -0.9990E+03   -0.9990E+03   -0.9990E+03   -0.9990E+03   -0.9990E+03   -0.9990E+03   -0.9990E+03   -0.9990E+03   -0.9990E+03   -0.9990E+03   -0.9990E+03   -0.9990E+03   -0.9990E+03
        42.0000          LAYER       1
   -0.9990E+03   -0.9990E+03   -0.9990E+03   -0.9990E+03   -0.9990E+03   -0.9990E+03   -0.9990E+03   -0.9990E+03   -0.9990E+03   -0.9990E+03   -0.9990E+03   -0.9990E+03   -0.9990E+03   -0.9990E+03   -0.9990E+03   -0.9990E+03   -0.9990E+03   -0.9990E+03   -0.9990E+03   -0.9990E+03   -0.9990E+03   -0.9990E+03   -0.9990E+03   -0.9990E+03   -0.9990E+03   -0.9990E+03   -0.9990E+03   -0.9990E+03   -0.9990E+03   -0.9990E+03   -0.9990E+03   -0.9990E+03   -0.9990E+03   -0.9990E+03   -0.9990E+03   -0.9990E+03   -0.9990E+03   -0.9990E+03   -0.9990E+03   -0.9990E+03   -0.9990E+03   -0.9990E+03   -0.9990E+03   -0.9990E+03   -0.9990E+03   -0.9990E+03   -0.9990E+03   -0.9990E+03   -0.9990E+03   -0.9990E+03   -0.9990E+03   -0.9990E+03   -0.9990E+03   -0.9990E+03   -0.9990E+03   -0.9990E+03   -0.9990E+03   -0.9990E+03   -0.9990E+03   -0.9990E+03   -0.9990E+03   -0.9990E+03   -0.9990E+03   -0.9990E+03   -0.9990E+03   -0.9990E+03   -0.9990E+03   -0.9990E+03   -0.9990E+03   -0.9990E+03   -0.9990E+03   -0.9990E+03   -0.9990E+03   -0.9990E+03   -0.9990E+03   -0.9990E+03
   -0.9990E+03   -0.9990E+03   -0.9990E+03   -0.9990E+03   -0.9990E+03   -0.9990E+03   -0.9990E+03   -0.9990E+03   -0.9990E+03   -0.9990E+03   -0.9990E+03   -0.9990E+03   -0.9990E+03   -0.9990E+03   -0.9990E+03   -0.9990E+03   -0.9990E+03   -0.9990E+03   -0.9990E+03   -0.9990E+03   -0.9990E+03   -0.9990E+03   -0.9990E+03   -0.9990E+03   -0.9990E+03   -0.9990E+03   -0.9990E+03   -0.9990E+03   -0.9990E+03   -0.9990E+03   -0.9990E+03   -0.9990E+03   -0.9990E+03   -0.9990E+03   -0.9990E+03   -0.9990E+03   -0.9990E+03   -0.9990E+03   -0.9990E+03   -0.9990E+03   -0.9990E+03   -0.9990E+03   -0.9990E+03   -0.9990E+03   -0.9990E+03   -0.9990E+03   -0.9990E+03   -0.9990E+03   -0.9990E+03   -0.9990E+03   -0.9990E+03   -0.9990E+03   -0.9990E+03   -0.9990E+03   -0.9990E+03   -0.9990E+03   -0.9990E+03   -0.9990E+03   -0.9990E+03   -0.9990E+03   -0.9990E+03   -0.9990E+03   -0.9990E+03   -0.9990E+03   -0.9990E+03   -0.9990E+03   -0.9990E+03   -0.9990E+03   -0.9990E+03   -0.9990E+03   -0.9990E+03   -0.9990E+03   -0.9990E+03   -0.9990E+03   -0.9990E+03   -0.9990E+03
   -0.9990E+03   -0.9990E+03   -0.9990E+03   -0.9990E+03   -0.9990E+03   -0.9990E+03   -0.9990E+03   -0.9990E+03   -0.9990E+03   -0.9990E+03   -0.9990E+03   -0.9990E+03   -0.9990E+03   -0.9990E+03   -0.9990E+03   -0.9990E+03   -0.9990E+03   -0.9990E+03   -0.9990E+03   -0.9990E+03   -0.9990E+03   -0.9990E+03   -0.9990E+03   -0.9990E+03   -0.9990E+03   -0.9990E+03   -0.9990E+03   -0.9990E+03   -0.9990E+03   -0.9990E+03   -0.9990E+03   -0.9990E+03   -0.9990E+03   -0.9990E+03   -0.9990E+03   -0.9990E+03   -0.9990E+03   -0.9990E+03   -0.9990E+03   -0.9990E+03   -0.9990E+03   -0.9990E+03   -0.9990E+03   -0.9990E+03   -0.9990E+03   -0.9990E+03   -0.9990E+03   -0.9990E+03   -0.9990E+03   -0.9990E+03   -0.9990E+03   -0.9990E+03   -0.9990E+03   -0.9990E+03   -0.9990E+03   -0.9990E+03   -0.9990E+03   -0.9990E+03   -0.9990E+03   -0.9990E+03   -0.9990E+03   -0.9990E+03   -0.9990E+03   -0.9990E+03   -0.9990E+03   -0.9990E+03   -0.9990E+03   -0.9990E+03   -0.9990E+03   -0.9990E+03   -0.9990E+03   -0.9990E+03   -0.9990E+03   -0.9990E+03   -0.9990E+03   -0.9990E+03
   -0.9990E+03   -0.9990E+03   -0.9990E+03   -0.9990E+03   -0.9990E+03   -0.9990E+03   -0.9990E+03   -0.9990E+03   -0.9990E+03   -0.9990E+03   -0.9990E+03   -0.9990E+03   -0.9990E+03   -0.9990E+03   -0.9990E+03   -0.9990E+03   -0.9990E+03   -0.9990E+03   -0.9990E+03   -0.9990E+03   -0.9990E+03   -0.9990E+03   -0.9990E+03   -0.9990E+03   -0.9990E+03   -0.9990E+03   -0.9990E+03   -0.9990E+03   -0.9990E+03   -0.9990E+03   -0.9990E+03   -0.9990E+03   -0.9990E+03   -0.9990E+03   -0.9990E+03   -0.9990E+03   -0.9990E+03   -0.9990E+03   -0.9990E+03   -0.9990E+03   -0.9990E+03   -0.9990E+03   -0.9990E+03   -0.9990E+03   -0.9990E+03   -0.9990E+03   -0.9990E+03   -0.9990E+03   -0.9990E+03   -0.9990E+03   -0.9990E+03   -0.9990E+03   -0.9990E+03   -0.9990E+03   -0.9990E+03   -0.9990E+03   -0.9990E+03   -0.9990E+03   -0.9990E+03   -0.9990E+03   -0.9990E+03   -0.9990E+03   -0.9990E+03   -0.9990E+03   -0.9990E+03   -0.9990E+03   -0.9990E+03   -0.9990E+03   -0.9990E+03   -0.9990E+03   -0.9990E+03   -0.9990E+03   -0.9990E+03   -0.9990E+03   -0.9990E+03   -0.9990E+03
   -0.9990E+03   -0.9990E+03   -0.9990E+03   -0.9990E+03   -0.9990E+03   -0.9990E+03   -0.9990E+03   -0.9990E+03   -0.9990E+03   -0.9990E+03   -0.9990E+03   -0.9990E+03   -0.9990E+03   -0.9990E+03   -0.9990E+03   -0.9990E+03   -0.9990E+03   -0.9990E+03   -0.9990E+03   -0.9990E+03   -0.9990E+03   -0.9990E+03   -0.9990E+03   -0.9990E+03   -0.9990E+03   -0.9990E+03   -0.9990E+03   -0.9990E+03   -0.9990E+03   -0.9990E+03   -0.9990E+03   -0.9990E+03   -0.9990E+03   -0.9990E+03   -0.9990E+03   -0.9990E+03   -0.9990E+03   -0.9990E+03   -0.9990E+03   -0.9990E+03   -0.9990E+03   -0.9990E+03   -0.9990E+03   -0.9990E+03   -0.9990E+03   -0.9990E+03   -0.9990E+03   -0.9990E+03   -0.9990E+03   -0.9990E+03   -0.9990E+03   -0.9990E+03   -0.9990E+03   -0.9990E+03   -0.9990E+03   -0.9990E+03   -0.9990E+03   -0.9990E+03   -0.9990E+03   -0.9990E+03   -0.9990E+03   -0.9990E+03   -0.9990E+03   -0.9990E+03   -0.9990E+03   -0.9990E+03   -0.9990E+03   -0.9990E+03   -0.9990E+03   -0.9990E+03   -0.9990E+03   -0.9990E+03   -0.9990E+03   -0.9990E+03   -0.9990E+03   -0.9990E+03
   -0.9990E+03   -0.9990E+03   -0.9990E+03   -0.9990E+03   -0.9990E+03   -0.9990E+03   -0.9990E+03   -0.9990E+03   -0.9990E+03   -0.9990E+03   -0.9990E+03   -0.9990E+03   -0.9990E+03   -0.9990E+03   -0.9990E+03   -0.9990E+03   -0.9990E+03   -0.9990E+03   -0.9990E+03   -0.9990E+03   -0.9990E+03   -0.9990E+03   -0.9990E+03   -0.9990E+03   -0.9990E+03   -0.9990E+03   -0.9990E+03   -0.9990E+03   -0.9990E+03   -0.9990E+03   -0.9990E+03   -0.9990E+03   -0.9990E+03   -0.9990E+03   -0.9990E+03   -0.9990E+03   -0.9990E+03   -0.9990E+03   -0.9990E+03   -0.9990E+03   -0.9990E+03   -0.9990E+03   -0.9990E+03   -0.9990E+03   -0.9990E+03   -0.9990E+03   -0.9990E+03   -0.9990E+03   -0.9990E+03   -0.9990E+03   -0.9990E+03   -0.9990E+03   -0.9990E+03   -0.9990E+03   -0.9990E+03   -0.9990E+03   -0.9990E+03   -0.9990E+03   -0.9990E+03   -0.9990E+03   -0.9990E+03   -0.9990E+03   -0.9990E+03   -0.9990E+03   -0.9990E+03   -0.9990E+03   -0.9990E+03   -0.9990E+03   -0.9990E+03   -0.9990E+03   -0.9990E+03   -0.9990E+03   -0.9990E+03   -0.9990E+03   -0.9990E+03   -0.9990E+03
   -0.9990E+03   -0.9990E+03   -0.9990E+03   -0.9990E+03   -0.9990E+03   -0.9990E+03   -0.9990E+03   -0.9990E+03   -0.9990E+03   -0.9990E+03   -0.9990E+03   -0.9990E+03   -0.9990E+03   -0.9990E+03   -0.9990E+03   -0.9990E+03   -0.9990E+03   -0.9990E+03   -0.9990E+03   -0.9990E+03   -0.9990E+03   -0.9990E+03   -0.9990E+03   -0.9990E+03   -0.9990E+03   -0.9990E+03   -0.9990E+03   -0.9990E+03   -0.9990E+03   -0.9990E+03   -0.9990E+03   -0.9990E+03   -0.9990E+03   -0.9990E+03   -0.9990E+03   -0.9990E+03   -0.9990E+03   -0.9990E+03   -0.9990E+03   -0.9990E+03   -0.9990E+03   -0.9990E+03   -0.9990E+03   -0.9990E+03   -0.9990E+03   -0.9990E+03   -0.9990E+03   -0.9990E+03   -0.9990E+03   -0.9990E+03   -0.9990E+03   -0.9990E+03   -0.9990E+03   -0.9990E+03   -0.9990E+03   -0.9990E+03   -0.9990E+03   -0.9990E+03   -0.9990E+03   -0.9990E+03   -0.9990E+03   -0.9990E+03   -0.9990E+03   -0.9990E+03   -0.9990E+03   -0.9990E+03   -0.9990E+03   -0.9990E+03   -0.9990E+03   -0.9990E+03   -0.9990E+03   -0.9990E+03   -0.9990E+03   -0.9990E+03   -0.9990E+03   -0.9990E+03
   -0.9990E+03   -0.9990E+03   -0.9990E+03   -0.9990E+03   -0.9990E+03   -0.9990E+03   -0.9990E+03   -0.9990E+03   -0.9990E+03   -0.9990E+03   -0.9990E+03   -0.9990E+03   -0.9990E+03   -0.9990E+03   -0.9990E+03   -0.9990E+03   -0.9990E+03   -0.9990E+03   -0.9990E+03   -0.9990E+03   -0.9990E+03   -0.9990E+03   -0.9990E+03   -0.9990E+03   -0.9990E+03   -0.9990E+03   -0.9990E+03   -0.9990E+03   -0.9990E+03   -0.9990E+03   -0.9990E+03   -0.9990E+03   -0.9990E+03   -0.9990E+03   -0.9990E+03   -0.9990E+03   -0.9990E+03   -0.9990E+03   -0.9990E+03   -0.9990E+03   -0.9990E+03   -0.9990E+03   -0.9990E+03   -0.9990E+03   -0.9990E+03   -0.9990E+03   -0.9990E+03   -0.9990E+03   -0.9990E+03   -0.9990E+03   -0.9990E+03   -0.9990E+03   -0.9990E+03   -0.9990E+03   -0.9990E+03   -0.9990E+03   -0.9990E+03   -0.9990E+03   -0.9990E+03   -0.9990E+03   -0.9990E+03   -0.9990E+03   -0.9990E+03   -0.9990E+03   -0.9990E+03   -0.9990E+03   -0.9990E+03   -0.9990E+03   -0.9990E+03   -0.9990E+03   -0.9990E+03   -0.9990E+03   -0.9990E+03   -0.9990E+03   -0.9990E+03   -0.9990E+03
   -0.9990E+03   -0.9990E+03   -0.9990E+03   -0.9990E+03   -0.9990E+03   -0.9990E+03   -0.9990E+03   -0.9990E+03   -0.9990E+03   -0.9990E+03   -0.9990E+03   -0.9990E+03   -0.9990E+03   -0.9990E+03   -0.9990E+03   -0.9990E+03   -0.9990E+03   -0.9990E+03   -0.9990E+03   -0.9990E+03   -0.9990E+03   -0.9990E+03   -0.9990E+03   -0.9990E+03   -0.9990E+03   -0.9990E+03   -0.9990E+03   -0.9990E+03   -0.9990E+03   -0.9990E+03   -0.9990E+03   -0.9990E+03   -0.9990E+03   -0.9990E+03   -0.9990E+03   -0.9990E+03   -0.9990E+03   -0.9990E+03   -0.9990E+03   -0.9990E+03   -0.9990E+03   -0.9990E+03   -0.9990E+03   -0.9990E+03   -0.9990E+03   -0.9990E+03   -0.9990E+03   -0.9990E+03   -0.9990E+03   -0.9990E+03   -0.9990E+03   -0.9990E+03   -0.9990E+03   -0.9990E+03   -0.9990E+03   -0.9990E+03   -0.9990E+03   -0.9990E+03   -0.9990E+03   -0.9990E+03   -0.9990E+03   -0.9990E+03   -0.9990E+03   -0.9990E+03   -0.9990E+03   -0.9990E+03   -0.9990E+03   -0.9990E+03   -0.9990E+03   -0.9990E+03   -0.9990E+03   -0.9990E+03   -0.9990E+03   -0.9990E+03   -0.9990E+03   -0.9990E+03
   -0.9990E+03   -0.9990E+03   -0.9990E+03   -0.9990E+03   -0.9990E+03   -0.9990E+03   -0.9990E+03   -0.9990E+03   -0.9990E+03   -0.9990E+03   -0.9990E+03   -0.9990E+03   -0.9990E+03   -0.9990E+03   -0.9990E+03   -0.9990E+03   -0.9990E+03   -0.9990E+03   -0.9990E+03   -0.9990E+03   -0.9990E+03   -0.9990E+03   -0.9990E+03   -0.9990E+03   -0.9990E+03   -0.9990E+03   -0.9990E+03   -0.9990E+03   -0.9990E+03   -0.9990E+03   -0.9990E+03   -0.9990E+03   -0.9990E+03   -0.9990E+03   -0.9990E+03   -0.9990E+03   -0.9990E+03   -0.9990E+03   -0.9990E+03   -0.9990E+03   -0.9990E+03   -0.9990E+03   -0.9990E+03   -0.9990E+03   -0.9990E+03   -0.9990E+03   -0.9990E+03   -0.9990E+03   -0.9990E+03   -0.9990E+03   -0.9990E+03   -0.9990E+03   -0.9990E+03   -0.9990E+03   -0.9990E+03   -0.9990E+03   -0.9990E+03   -0.9990E+03   -0.9990E+03   -0.9990E+03   -0.9990E+03   -0.9990E+03   -0.9990E+03   -0.9990E+03   -0.9990E+03   -0.9990E+03   -0.9990E+03   -0.9990E+03   -0.9990E+03   -0.9990E+03   -0.9990E+03   -0.9990E+03   -0.9990E+03   -0.9990E+03   -0.9990E+03   -0.9990E+03
   -0.9990E+03   -0.9990E+03   -0.9990E+03   -0.9990E+03   -0.9990E+03   -0.9990E+03   -0.9990E+03   -0.9990E+03   -0.9990E+03   -0.9990E+03   -0.9990E+03   -0.9990E+03   -0.9990E+03   -0.9990E+03   -0.9990E+03   -0.9990E+03   -0.9990E+03   -0.9990E+03   -0.9990E+03   -0.9990E+03   -0.9990E+03   -0.9990E+03   -0.9990E+03   -0.9990E+03   -0.9990E+03   -0.9990E+03   -0.9990E+03   -0.9990E+03   -0.9990E+03   -0.9990E+03   -0.9990E+03   -0.9990E+03   -0.9990E+03   -0.9990E+03   -0.9990E+03   -0.9990E+03   -0.9990E+03   -0.9990E+03   -0.9990E+03   -0.9990E+03   -0.9990E+03   -0.9990E+03   -0.9990E+03   -0.9990E+03   -0.9990E+03   -0.9990E+03   -0.9990E+03   -0.9990E+03   -0.9990E+03   -0.9990E+03   -0.9990E+03   -0.9990E+03   -0.9990E+03   -0.9990E+03   -0.9990E+03   -0.9990E+03   -0.9990E+03   -0.9990E+03   -0.9990E+03   -0.9990E+03   -0.9990E+03   -0.9990E+03   -0.9990E+03   -0.9990E+03   -0.9990E+03   -0.9990E+03   -0.9990E+03   -0.9990E+03   -0.9990E+03   -0.9990E+03   -0.9990E+03   -0.9990E+03   -0.9990E+03   -0.9990E+03   -0.9990E+03   -0.9990E+03
   -0.9990E+03   -0.9990E+03   -0.9990E+03   -0.9990E+03   -0.9990E+03   -0.9990E+03   -0.9990E+03   -0.9990E+03   -0.9990E+03   -0.9990E+03   -0.9990E+03   -0.9990E+03   -0.9990E+03   -0.9990E+03   -0.9990E+03   -0.9990E+03   -0.9990E+03   -0.9990E+03   -0.9990E+03   -0.9990E+03   -0.9990E+03   -0.9990E+03   -0.9990E+03   -0.9990E+03   -0.9990E+03   -0.9990E+03   -0.9990E+03   -0.9990E+03   -0.9990E+03   -0.9990E+03   -0.9990E+03   -0.9990E+03   -0.9990E+03   -0.9990E+03   -0.9990E+03   -0.9990E+03   -0.9990E+03   -0.9990E+03   -0.9990E+03   -0.9990E+03   -0.9990E+03   -0.9990E+03   -0.9990E+03   -0.9990E+03   -0.9990E+03   -0.9990E+03   -0.9990E+03   -0.9990E+03   -0.9990E+03   -0.9990E+03   -0.9990E+03   -0.9990E+03   -0.9990E+03   -0.9990E+03   -0.9990E+03   -0.9990E+03   -0.9990E+03    0.1341E+00   -0.9990E+03   -0.9990E+03   -0.9990E+03   -0.9990E+03   -0.9990E+03   -0.9990E+03   -0.9990E+03   -0.9990E+03   -0.9990E+03   -0.9990E+03   -0.9990E+03   -0.9990E+03   -0.9990E+03   -0.9990E+03   -0.9990E+03   -0.9990E+03   -0.9990E+03   -0.9990E+03
   -0.9990E+03   -0.9990E+03   -0.9990E+03   -0.9990E+03   -0.9990E+03   -0.9990E+03   -0.9990E+03   -0.9990E+03   -0.9990E+03   -0.9990E+03   -0.9990E+03   -0.9990E+03   -0.9990E+03   -0.9990E+03   -0.9990E+03   -0.9990E+03   -0.9990E+03   -0.9990E+03   -0.9990E+03   -0.9990E+03   -0.9990E+03   -0.9990E+03   -0.9990E+03   -0.9990E+03   -0.9990E+03   -0.9990E+03   -0.9990E+03   -0.9990E+03   -0.9990E+03   -0.9990E+03   -0.9990E+03   -0.9990E+03   -0.9990E+03   -0.9990E+03   -0.9990E+03   -0.9990E+03   -0.9990E+03   -0.9990E+03   -0.9990E+03   -0.9990E+03   -0.9990E+03   -0.9990E+03   -0.9990E+03   -0.9990E+03   -0.9990E+03   -0.9990E+03   -0.9990E+03   -0.9990E+03   -0.9990E+03   -0.9990E+03   -0.9990E+03   -0.9990E+03   -0.9990E+03   -0.9990E+03   -0.9990E+03   -0.9990E+03   -0.9990E+03    0.1323E+00   -0.9990E+03   -0.9990E+03   -0.9990E+03   -0.9990E+03   -0.9990E+03   -0.9990E+03   -0.9990E+03   -0.9990E+03   -0.9990E+03   -0.9990E+03   -0.9990E+03   -0.9990E+03   -0.9990E+03   -0.9990E+03   -0.9990E+03   -0.9990E+03   -0.9990E+03   -0.9990E+03
   -0.9990E+03   -0.9990E+03   -0.9990E+03   -0.9990E+03   -0.9990E+03   -0.9990E+03   -0.9990E+03   -0.9990E+03   -0.9990E+03   -0.9990E+03   -0.9990E+03   -0.9990E+03   -0.9990E+03   -0.9990E+03   -0.9990E+03   -0.9990E+03   -0.9990E+03   -0.9990E+03   -0.9990E+03   -0.9990E+03   -0.9990E+03   -0.9990E+03   -0.9990E+03   -0.9990E+03   -0.9990E+03   -0.9990E+03   -0.9990E+03   -0.9990E+03   -0.9990E+03   -0.9990E+03   -0.9990E+03   -0.9990E+03   -0.9990E+03   -0.9990E+03   -0.9990E+03   -0.9990E+03   -0.9990E+03   -0.9990E+03   -0.9990E+03   -0.9990E+03   -0.9990E+03   -0.9990E+03   -0.9990E+03   -0.9990E+03   -0.9990E+03   -0.9990E+03   -0.9990E+03   -0.9990E+03   -0.9990E+03   -0.9990E+03   -0.9990E+03   -0.9990E+03   -0.9990E+03   -0.9990E+03   -0.9990E+03   -0.9990E+03   -0.9990E+03    0.1307E+00   -0.9990E+03   -0.9990E+03   -0.9990E+03   -0.9990E+03    0.0000E+00   -0.9990E+03   -0.9990E+03   -0.9990E+03   -0.9990E+03   -0.9990E+03   -0.9990E+03   -0.9990E+03   -0.9990E+03   -0.9990E+03   -0.9990E+03   -0.9990E+03   -0.9990E+03   -0.9990E+03
   -0.9990E+03   -0.9990E+03   -0.9990E+03   -0.9990E+03   -0.9990E+03   -0.9990E+03   -0.9990E+03   -0.9990E+03   -0.9990E+03   -0.9990E+03   -0.9990E+03   -0.9990E+03   -0.9990E+03   -0.9990E+03   -0.9990E+03   -0.9990E+03   -0.9990E+03   -0.9990E+03   -0.9990E+03   -0.9990E+03   -0.9990E+03   -0.9990E+03   -0.9990E+03   -0.9990E+03   -0.9990E+03   -0.9990E+03   -0.9990E+03   -0.9990E+03   -0.9990E+03   -0.9990E+03   -0.9990E+03   -0.9990E+03   -0.9990E+03   -0.9990E+03   -0.9990E+03   -0.9990E+03   -0.9990E+03   -0.9990E+03   -0.9990E+03   -0.9990E+03   -0.9990E+03   -0.9990E+03   -0.9990E+03   -0.9990E+03   -0.9990E+03   -0.9990E+03   -0.9990E+03   -0.9990E+03   -0.9990E+03   -0.9990E+03   -0.9990E+03   -0.9990E+03   -0.9990E+03   -0.9990E+03   -0.9990E+03   -0.9990E+03   -0.9990E+03   -0.9990E+03   -0.9990E+03   -0.9990E+03   -0.9990E+03   -0.9990E+03   -0.9990E+03   -0.9990E+03   -0.9990E+03   -0.9990E+03   -0.9990E+03   -0.9990E+03   -0.9990E+03   -0.9990E+03   -0.9990E+03   -0.9990E+03   -0.9990E+03   -0.9990E+03   -0.9990E+03   -0.9990E+03
   -0.9990E+03   -0.9990E+03   -0.9990E+03   -0.9990E+03   -0.9990E+03   -0.9990E+03   -0.9990E+03   -0.9990E+03   -0.9990E+03   -0.9990E+03   -0.9990E+03   -0.9990E+03   -0.9990E+03   -0.9990E+03   -0.9990E+03   -0.9990E+03   -0.9990E+03   -0.9990E+03   -0.9990E+03   -0.9990E+03   -0.9990E+03   -0.9990E+03   -0.9990E+03   -0.9990E+03   -0.9990E+03   -0.9990E+03   -0.9990E+03   -0.9990E+03   -0.9990E+03   -0.9990E+03   -0.9990E+03   -0.9990E+03   -0.9990E+03   -0.9990E+03   -0.9990E+03   -0.9990E+03   -0.9990E+03   -0.9990E+03   -0.9990E+03   -0.9990E+03   -0.9990E+03   -0.9990E+03   -0.9990E+03   -0.9990E+03   -0.9990E+03   -0.9990E+03   -0.9990E+03   -0.9990E+03   -0.9990E+03   -0.9990E+03   -0.9990E+03   -0.9990E+03   -0.9990E+03   -0.9990E+03   -0.9990E+03   -0.9990E+03   -0.9990E+03   -0.9990E+03   -0.9990E+03   -0.9990E+03   -0.9990E+03    0.1484E+00   -0.9990E+03   -0.9990E+03   -0.9990E+03   -0.9990E+03   -0.9990E+03   -0.9990E+03   -0.9990E+03   -0.9990E+03   -0.9990E+03   -0.9990E+03   -0.9990E+03   -0.9990E+03   -0.9990E+03   -0.9990E+03
   -0.9990E+03   -0.9990E+03   -0.9990E+03   -0.9990E+03   -0.9990E+03   -0.9990E+03   -0.9990E+03   -0.9990E+03   -0.9990E+03   -0.9990E+03   -0.9990E+03   -0.9990E+03   -0.9990E+03   -0.9990E+03   -0.9990E+03   -0.9990E+03   -0.9990E+03   -0.9990E+03   -0.9990E+03   -0.9990E+03   -0.9990E+03   -0.9990E+03   -0.9990E+03   -0.9990E+03   -0.9990E+03   -0.9990E+03   -0.9990E+03   -0.9990E+03   -0.9990E+03   -0.9990E+03   -0.9990E+03   -0.9990E+03   -0.9990E+03   -0.9990E+03   -0.9990E+03   -0.9990E+03   -0.9990E+03   -0.9990E+03   -0.9990E+03   -0.9990E+03   -0.9990E+03   -0.9990E+03   -0.9990E+03   -0.9990E+03   -0.9990E+03   -0.9990E+03   -0.9990E+03   -0.9990E+03   -0.9990E+03   -0.9990E+03   -0.9990E+03   -0.9990E+03   -0.9990E+03   -0.9990E+03   -0.9990E+03   -0.9990E+03   -0.9990E+03   -0.9990E+03   -0.9990E+03   -0.9990E+03   -0.9990E+03   -0.9990E+03   -0.9990E+03   -0.9990E+03   -0.9990E+03   -0.9990E+03   -0.9990E+03   -0.9990E+03   -0.9990E+03   -0.9990E+03   -0.9990E+03   -0.9990E+03   -0.9990E+03   -0.9990E+03   -0.9990E+03   -0.9990E+03
   -0.9990E+03   -0.9990E+03   -0.9990E+03   -0.9990E+03   -0.9990E+03   -0.9990E+03   -0.9990E+03   -0.9990E+03   -0.9990E+03   -0.9990E+03   -0.9990E+03   -0.9990E+03   -0.9990E+03   -0.9990E+03   -0.9990E+03   -0.9990E+03   -0.9990E+03   -0.9990E+03   -0.9990E+03   -0.9990E+03   -0.9990E+03   -0.9990E+03   -0.9990E+03   -0.9990E+03   -0.9990E+03   -0.9990E+03   -0.9990E+03   -0.9990E+03   -0.9990E+03   -0.9990E+03   -0.9990E+03   -0.9990E+03   -0.9990E+03   -0.9990E+03   -0.9990E+03   -0.9990E+03   -0.9990E+03   -0.9990E+03   -0.9990E+03   -0.9990E+03   -0.9990E+03   -0.9990E+03   -0.9990E+03   -0.9990E+03   -0.9990E+03   -0.9990E+03   -0.9990E+03   -0.9990E+03   -0.9990E+03   -0.9990E+03   -0.9990E+03   -0.9990E+03   -0.9990E+03   -0.9990E+03   -0.9990E+03   -0.9990E+03   -0.9990E+03   -0.9990E+03   -0.9990E+03   -0.9990E+03   -0.9990E+03   -0.9990E+03   -0.9990E+03   -0.9990E+03   -0.9990E+03   -0.9990E+03   -0.9990E+03   -0.9990E+03   -0.9990E+03   -0.9990E+03   -0.9990E+03   -0.9990E+03   -0.9990E+03   -0.9990E+03   -0.9990E+03   -0.9990E+03
   -0.9990E+03   -0.9990E+03   -0.9990E+03   -0.9990E+03   -0.9990E+03   -0.9990E+03   -0.9990E+03   -0.9990E+03   -0.9990E+03   -0.9990E+03   -0.9990E+03   -0.9990E+03   -0.9990E+03   -0.9990E+03   -0.9990E+03   -0.9990E+03   -0.9990E+03   -0.9990E+03   -0.9990E+03   -0.9990E+03   -0.9990E+03   -0.9990E+03   -0.9990E+03   -0.9990E+03   -0.9990E+03   -0.9990E+03   -0.9990E+03   -0.9990E+03   -0.9990E+03   -0.9990E+03   -0.9990E+03   -0.9990E+03   -0.9990E+03   -0.9990E+03   -0.9990E+03   -0.9990E+03   -0.9990E+03   -0.9990E+03   -0.9990E+03   -0.9990E+03   -0.9990E+03   -0.9990E+03   -0.9990E+03   -0.9990E+03   -0.9990E+03   -0.9990E+03   -0.9990E+03   -0.9990E+03   -0.9990E+03   -0.9990E+03   -0.9990E+03   -0.9990E+03   -0.9990E+03   -0.9990E+03   -0.9990E+03   -0.9990E+03   -0.9990E+03   -0.9990E+03   -0.9990E+03   -0.9990E+03   -0.9990E+03   -0.9990E+03   -0.9990E+03   -0.9990E+03   -0.9990E+03   -0.9990E+03   -0.9990E+03   -0.9990E+03   -0.9990E+03   -0.9990E+03   -0.9990E+03   -0.9990E+03   -0.9990E+03   -0.9990E+03   -0.9990E+03   -0.9990E+03
   -0.9990E+03   -0.9990E+03   -0.9990E+03   -0.9990E+03   -0.9990E+03   -0.9990E+03   -0.9990E+03   -0.9990E+03   -0.9990E+03   -0.9990E+03   -0.9990E+03   -0.9990E+03   -0.9990E+03   -0.9990E+03   -0.9990E+03   -0.9990E+03   -0.9990E+03   -0.9990E+03   -0.9990E+03   -0.9990E+03   -0.9990E+03   -0.9990E+03   -0.9990E+03   -0.9990E+03   -0.9990E+03   -0.9990E+03   -0.9990E+03   -0.9990E+03   -0.9990E+03   -0.9990E+03   -0.9990E+03   -0.9990E+03   -0.9990E+03   -0.9990E+03   -0.9990E+03   -0.9990E+03   -0.9990E+03   -0.9990E+03   -0.9990E+03   -0.9990E+03   -0.9990E+03   -0.9990E+03   -0.9990E+03   -0.9990E+03   -0.9990E+03   -0.9990E+03   -0.9990E+03   -0.9990E+03   -0.9990E+03   -0.9990E+03   -0.9990E+03   -0.9990E+03   -0.9990E+03   -0.9990E+03   -0.9990E+03   -0.9990E+03   -0.9990E+03   -0.9990E+03   -0.9990E+03   -0.9990E+03   -0.9990E+03   -0.9990E+03   -0.9990E+03   -0.9990E+03   -0.9990E+03   -0.9990E+03   -0.9990E+03   -0.9990E+03   -0.9990E+03   -0.9990E+03   -0.9990E+03   -0.9990E+03   -0.9990E+03   -0.9990E+03   -0.9990E+03   -0.9990E+03
   -0.9990E+03   -0.9990E+03   -0.9990E+03   -0.9990E+03   -0.9990E+03   -0.9990E+03   -0.9990E+03   -0.9990E+03   -0.9990E+03   -0.9990E+03   -0.9990E+03   -0.9990E+03   -0.9990E+03   -0.9990E+03   -0.9990E+03   -0.9990E+03   -0.9990E+03   -0.9990E+03   -0.9990E+03   -0.9990E+03   -0.9990E+03   -0.9990E+03   -0.9990E+03   -0.9990E+03   -0.9990E+03   -0.9990E+03   -0.9990E+03   -0.9990E+03   -0.9990E+03   -0.9990E+03   -0.9990E+03   -0.9990E+03   -0.9990E+03   -0.9990E+03   -0.9990E+03   -0.9990E+03   -0.9990E+03   -0.9990E+03   -0.9990E+03   -0.9990E+03   -0.9990E+03   -0.9990E+03   -0.9990E+03   -0.9990E+03   -0.9990E+03   -0.9990E+03   -0.9990E+03   -0.9990E+03   -0.9990E+03   -0.9990E+03   -0.9990E+03   -0.9990E+03   -0.9990E+03   -0.9990E+03   -0.9990E+03   -0.9990E+03   -0.9990E+03   -0.9990E+03   -0.9990E+03   -0.9990E+03   -0.9990E+03   -0.9990E+03   -0.9990E+03   -0.9990E+03   -0.9990E+03   -0.9990E+03   -0.9990E+03   -0.9990E+03   -0.9990E+03   -0.9990E+03   -0.9990E+03   -0.9990E+03   -0.9990E+03   -0.9990E+03   -0.9990E+03   -0.9990E+03
   -0.9990E+03   -0.9990E+03   -0.9990E+03   -0.9990E+03   -0.9990E+03   -0.9990E+03   -0.9990E+03   -0.9990E+03   -0.9990E+03   -0.9990E+03   -0.9990E+03   -0.9990E+03   -0.9990E+03   -0.9990E+03   -0.9990E+03   -0.9990E+03   -0.9990E+03   -0.9990E+03   -0.9990E+03   -0.9990E+03   -0.9990E+03   -0.9990E+03   -0.9990E+03   -0.9990E+03   -0.9990E+03   -0.9990E+03   -0.9990E+03   -0.9990E+03   -0.9990E+03   -0.9990E+03   -0.9990E+03   -0.9990E+03   -0.9990E+03   -0.9990E+03   -0.9990E+03   -0.9990E+03   -0.9990E+03   -0.9990E+03   -0.9990E+03   -0.9990E+03   -0.9990E+03   -0.9990E+03   -0.9990E+03   -0.9990E+03   -0.9990E+03   -0.9990E+03   -0.9990E+03   -0.9990E+03   -0.9990E+03   -0.9990E+03   -0.9990E+03   -0.9990E+03   -0.9990E+03   -0.9990E+03   -0.9990E+03   -0.9990E+03   -0.9990E+03   -0.9990E+03   -0.9990E+03   -0.9990E+03   -0.9990E+03   -0.9990E+03   -0.9990E+03   -0.9990E+03   -0.9990E+03   -0.9990E+03   -0.9990E+03   -0.9990E+03   -0.9990E+03   -0.9990E+03   -0.9990E+03   -0.9990E+03   -0.9990E+03   -0.9990E+03   -0.9990E+03   -0.9990E+03
   -0.9990E+03   -0.9990E+03   -0.9990E+03   -0.9990E+03   -0.9990E+03   -0.9990E+03   -0.9990E+03   -0.9990E+03   -0.9990E+03   -0.9990E+03   -0.9990E+03   -0.9990E+03   -0.9990E+03   -0.9990E+03   -0.9990E+03   -0.9990E+03   -0.9990E+03   -0.9990E+03   -0.9990E+03   -0.9990E+03   -0.9990E+03   -0.9990E+03   -0.9990E+03   -0.9990E+03   -0.9990E+03   -0.9990E+03   -0.9990E+03   -0.9990E+03   -0.9990E+03   -0.9990E+03   -0.9990E+03   -0.9990E+03   -0.9990E+03   -0.9990E+03   -0.9990E+03   -0.9990E+03   -0.9990E+03   -0.9990E+03   -0.9990E+03   -0.9990E+03   -0.9990E+03   -0.9990E+03   -0.9990E+03   -0.9990E+03   -0.9990E+03   -0.9990E+03   -0.9990E+03   -0.9990E+03   -0.9990E+03   -0.9990E+03   -0.9990E+03   -0.9990E+03   -0.9990E+03   -0.9990E+03   -0.9990E+03   -0.9990E+03   -0.9990E+03   -0.9990E+03   -0.9990E+03   -0.9990E+03   -0.9990E+03   -0.9990E+03   -0.9990E+03   -0.9990E+03   -0.9990E+03   -0.9990E+03   -0.9990E+03   -0.9990E+03   -0.9990E+03   -0.9990E+03   -0.9990E+03   -0.9990E+03   -0.9990E+03   -0.9990E+03   -0.9990E+03   -0.9990E+03
   -0.9990E+03   -0.9990E+03   -0.9990E+03   -0.9990E+03   -0.9990E+03   -0.9990E+03   -0.9990E+03   -0.9990E+03   -0.9990E+03   -0.9990E+03   -0.9990E+03   -0.9990E+03   -0.9990E+03   -0.9990E+03   -0.9990E+03   -0.9990E+03   -0.9990E+03   -0.9990E+03   -0.9990E+03   -0.9990E+03   -0.9990E+03   -0.9990E+03   -0.9990E+03   -0.9990E+03   -0.9990E+03   -0.9990E+03   -0.9990E+03   -0.9990E+03   -0.9990E+03   -0.9990E+03   -0.9990E+03   -0.9990E+03   -0.9990E+03   -0.9990E+03   -0.9990E+03   -0.9990E+03   -0.9990E+03   -0.9990E+03   -0.9990E+03   -0.9990E+03   -0.9990E+03   -0.9990E+03   -0.9990E+03   -0.9990E+03   -0.9990E+03   -0.9990E+03   -0.9990E+03   -0.9990E+03   -0.9990E+03   -0.9990E+03   -0.9990E+03   -0.9990E+03   -0.9990E+03   -0.9990E+03   -0.9990E+03   -0.9990E+03   -0.9990E+03   -0.9990E+03   -0.9990E+03   -0.9990E+03   -0.9990E+03   -0.9990E+03   -0.9990E+03   -0.9990E+03   -0.9990E+03   -0.9990E+03   -0.9990E+03   -0.9990E+03   -0.9990E+03   -0.9990E+03   -0.9990E+03   -0.9990E+03   -0.9990E+03   -0.9990E+03   -0.9990E+03   -0.9990E+03
   -0.9990E+03   -0.9990E+03   -0.9990E+03   -0.9990E+03   -0.9990E+03   -0.9990E+03   -0.9990E+03   -0.9990E+03   -0.9990E+03   -0.9990E+03   -0.9990E+03   -0.9990E+03   -0.9990E+03   -0.9990E+03   -0.9990E+03   -0.9990E+03   -0.9990E+03   -0.9990E+03   -0.9990E+03   -0.9990E+03   -0.9990E+03   -0.9990E+03   -0.9990E+03   -0.9990E+03   -0.9990E+03   -0.9990E+03   -0.9990E+03   -0.9990E+03   -0.9990E+03   -0.9990E+03   -0.9990E+03   -0.9990E+03   -0.9990E+03   -0.9990E+03   -0.9990E+03   -0.9990E+03   -0.9990E+03   -0.9990E+03   -0.9990E+03   -0.9990E+03   -0.9990E+03   -0.9990E+03   -0.9990E+03   -0.9990E+03   -0.9990E+03   -0.9990E+03   -0.9990E+03   -0.9990E+03   -0.9990E+03   -0.9990E+03   -0.9990E+03   -0.9990E+03   -0.9990E+03   -0.9990E+03   -0.9990E+03   -0.9990E+03   -0.9990E+03   -0.9990E+03   -0.9990E+03   -0.9990E+03   -0.9990E+03   -0.9990E+03   -0.9990E+03   -0.9990E+03   -0.9990E+03   -0.9990E+03   -0.9990E+03   -0.9990E+03   -0.9990E+03   -0.9990E+03   -0.9990E+03   -0.9990E+03   -0.9990E+03   -0.9990E+03   -0.9990E+03   -0.9990E+03
   -0.9990E+03   -0.9990E+03   -0.9990E+03   -0.9990E+03   -0.9990E+03   -0.9990E+03   -0.9990E+03   -0.9990E+03   -0.9990E+03   -0.9990E+03   -0.9990E+03   -0.9990E+03   -0.9990E+03   -0.9990E+03   -0.9990E+03   -0.9990E+03   -0.9990E+03   -0.9990E+03   -0.9990E+03   -0.9990E+03   -0.9990E+03   -0.9990E+03   -0.9990E+03   -0.9990E+03   -0.9990E+03   -0.9990E+03   -0.9990E+03   -0.9990E+03   -0.9990E+03   -0.9990E+03   -0.9990E+03   -0.9990E+03   -0.9990E+03   -0.9990E+03   -0.9990E+03   -0.9990E+03   -0.9990E+03   -0.9990E+03   -0.9990E+03   -0.9990E+03   -0.9990E+03   -0.9990E+03   -0.9990E+03   -0.9990E+03   -0.9990E+03   -0.9990E+03   -0.9990E+03   -0.9990E+03   -0.9990E+03   -0.9990E+03   -0.9990E+03   -0.9990E+03   -0.9990E+03   -0.9990E+03   -0.9990E+03   -0.9990E+03   -0.9990E+03   -0.9990E+03   -0.9990E+03   -0.9990E+03   -0.9990E+03   -0.9990E+03   -0.9990E+03   -0.9990E+03   -0.9990E+03   -0.9990E+03   -0.9990E+03   -0.9990E+03   -0.9990E+03   -0.9990E+03   -0.9990E+03   -0.9990E+03   -0.9990E+03   -0.9990E+03   -0.9990E+03   -0.9990E+03
   -0.9990E+03   -0.9990E+03   -0.9990E+03   -0.9990E+03   -0.9990E+03   -0.9990E+03   -0.9990E+03   -0.9990E+03   -0.9990E+03   -0.9990E+03   -0.9990E+03   -0.9990E+03   -0.9990E+03   -0.9990E+03   -0.9990E+03   -0.9990E+03   -0.9990E+03   -0.9990E+03   -0.9990E+03   -0.9990E+03   -0.9990E+03   -0.9990E+03   -0.9990E+03   -0.9990E+03   -0.9990E+03   -0.9990E+03   -0.9990E+03   -0.9990E+03   -0.9990E+03   -0.9990E+03   -0.9990E+03   -0.9990E+03   -0.9990E+03   -0.9990E+03   -0.9990E+03   -0.9990E+03   -0.9990E+03   -0.9990E+03   -0.9990E+03   -0.9990E+03   -0.9990E+03   -0.9990E+03   -0.9990E+03   -0.9990E+03   -0.9990E+03   -0.9990E+03   -0.9990E+03   -0.9990E+03   -0.9990E+03   -0.9990E+03   -0.9990E+03   -0.9990E+03   -0.9990E+03    0.9755E-01   -0.9990E+03   -0.9990E+03   -0.9990E+03   -0.9990E+03   -0.9990E+03   -0.9990E+03   -0.9990E+03    0.7303E-01   -0.9990E+03   -0.9990E+03   -0.9990E+03   -0.9990E+03   -0.9990E+03   -0.9990E+03   -0.9990E+03   -0.9990E+03   -0.9990E+03   -0.9990E+03   -0.9990E+03   -0.9990E+03   -0.9990E+03   -0.9990E+03
   -0.9990E+03   -0.9990E+03   -0.9990E+03   -0.9990E+03   -0.9990E+03   -0.9990E+03   -0.9990E+03   -0.9990E+03   -0.9990E+03   -0.9990E+03   -0.9990E+03   -0.9990E+03   -0.9990E+03   -0.9990E+03   -0.9990E+03   -0.9990E+03   -0.9990E+03   -0.9990E+03   -0.9990E+03   -0.9990E+03   -0.9990E+03   -0.9990E+03   -0.9990E+03   -0.9990E+03   -0.9990E+03   -0.9990E+03   -0.9990E+03   -0.9990E+03   -0.9990E+03   -0.9990E+03   -0.9990E+03   -0.9990E+03   -0.9990E+03   -0.9990E+03   -0.9990E+03   -0.9990E+03   -0.9990E+03   -0.9990E+03   -0.9990E+03   -0.9990E+03   -0.9990E+03   -0.9990E+03   -0.9990E+03   -0.9990E+03    0.9183E-01    0.1377E+00   -0.9990E+03   -0.9990E+03   -0.9990E+03   -0.9990E+03   -0.9990E+03   -0.9990E+03    0.1129E+00    0.1412E+00   -0.9990E+03   -0.9990E+03   -0.9990E+03   -0.9990E+03   -0.9990E+03   -0.9990E+03   -0.9990E+03    0.8424E-01   -0.9990E+03   -0.9990E+03   -0.9990E+03   -0.9990E+03   -0.9990E+03   -0.9990E+03   -0.9990E+03   -0.9990E+03   -0.9990E+03   -0.9990E+03   -0.9990E+03   -0.9990E+03   -0.9990E+03   -0.9990E+03
   -0.9990E+03   -0.9990E+03   -0.9990E+03   -0.9990E+03   -0.9990E+03   -0.9990E+03   -0.9990E+03   -0.9990E+03   -0.9990E+03   -0.9990E+03   -0.9990E+03   -0.9990E+03   -0.9990E+03   -0.9990E+03   -0.9990E+03   -0.9990E+03   -0.9990E+03   -0.9990E+03   -0.9990E+03   -0.9990E+03   -0.9990E+03   -0.9990E+03   -0.9990E+03   -0.9990E+03   -0.9990E+03   -0.9990E+03   -0.9990E+03   -0.9990E+03   -0.9990E+03   -0.9990E+03   -0.9990E+03   -0.9990E+03   -0.9990E+03   -0.9990E+03   -0.9990E+03   -0.9990E+03   -0.9990E+03    0.1390E+00   -0.9990E+03   -0.9990E+03   -0.9990E+03   -0.9990E+03   -0.9990E+03   -0.9990E+03    0.1441E+00    0.1232E+00    0.1433E+00    0.9261E-01    0.1504E+00    0.1429E+00    0.1442E+00   -0.9990E+03    0.9694E-01    0.1382E+00   -0.9990E+03   -0.9990E+03   -0.9990E+03   -0.9990E+03   -0.9990E+03   -0.9990E+03   -0.9990E+03    0.1525E+00   -0.9990E+03   -0.9990E+03   -0.9990E+03   -0.9990E+03   -0.9990E+03   -0.9990E+03   -0.9990E+03   -0.9990E+03   -0.9990E+03   -0.9990E+03   -0.9990E+03   -0.9990E+03   -0.9990E+03   -0.9990E+03
   -0.9990E+03   -0.9990E+03   -0.9990E+03   -0.9990E+03   -0.9990E+03   -0.9990E+03   -0.9990E+03   -0.9990E+03   -0.9990E+03   -0.9990E+03   -0.9990E+03   -0.9990E+03   -0.9990E+03   -0.9990E+03   -0.9990E+03   -0.9990E+03   -0.9990E+03   -0.9990E+03   -0.9990E+03   -0.9990E+03   -0.9990E+03   -0.9990E+03   -0.9990E+03   -0.9990E+03   -0.9990E+03   -0.9990E+03   -0.9990E+03   -0.9990E+03   -0.9990E+03   -0.9990E+03   -0.9990E+03   -0.9990E+03   -0.9990E+03   -0.9990E+03   -0.9990E+03   -0.9990E+03    0.1343E+00    0.1417E+00   -0.9990E+03   -0.9990E+03   -0.9990E+03   -0.9990E+03   -0.9990E+03   -0.9990E+03   -0.9990E+03    0.8469E-01    0.1369E+00    0.1506E+00    0.1452E+00    0.1425E+00    0.9624E-01   -0.9990E+03    0.1431E+00    0.1444E+00   -0.9990E+03   -0.9990E+03   -0.9990E+03   -0.9990E+03   -0.9990E+03   -0.9990E+03    0.9977E-01    0.1466E+00   -0.9990E+03   -0.9990E+03   -0.9990E+03   -0.9990E+03   -0.9990E+03   -0.9990E+03   -0.9990E+03   -0.9990E+03   -0.9990E+03   -0.9990E+03   -0.9990E+03   -0.9990E+03   -0.9990E+03   -0.9990E+03
   -0.9990E+03   -0.9990E+03   -0.9990E+03   -0.9990E+03   -0.9990E+03   -0.9990E+03   -0.9990E+03   -0.9990E+03   -0.9990E+03   -0.9990E+03   -0.9990E+03   -0.9990E+03   -0.9990E+03   -0.9990E+03   -0.9990E+03   -0.9990E+03   -0.9990E+03   -0.9990E+03   -0.9990E+03   -0.9990E+03   -0.9990E+03   -0.9990E+03   -0.9990E+03   -0.9990E+03   -0.9990E+03   -0.9990E+03   -0.9990E+03   -0.9990E+03   -0.9990E+03   -0.9990E+03   -0.9990E+03   -0.9990E+03   -0.9990E+03   -0.9990E+03   -0.9990E+03   -0.9990E+03    0.1182E+00    0.1419E+00   -0.9990E+03   -0.9990E+03   -0.9990E+03   -0.9990E+03   -0.9990E+03   -0.9990E+03   -0.9990E+03    0.9213E-01    0.1402E+00    0.1427E+00    0.1456E+00    0.1387E+00    0.1467E+00    0.1654E+00    0.1376E+00   -0.9990E+03   -0.9990E+03   -0.9990E+03   -0.9990E+03   -0.9990E+03   -0.9990E+03   -0.9990E+03    0.9290E-01   -0.9990E+03   -0.9990E+03   -0.9990E+03   -0.9990E+03   -0.9990E+03   -0.9990E+03   -0.9990E+03   -0.9990E+03   -0.9990E+03   -0.9990E+03   -0.9990E+03   -0.9990E+03   -0.9990E+03   -0.9990E+03   -0.9990E+03
   -0.9990E+03   -0.9990E+03   -0.9990E+03   -0.9990E+03   -0.9990E+03   -0.9990E+03   -0.9990E+03   -0.9990E+03   -0.9990E+03   -0.9990E+03   -0.9990E+03   -0.9990E+03   -0.9990E+03   -0.9990E+03   -0.9990E+03   -0.9990E+03   -0.9990E+03   -0.9990E+03   -0.9990E+03   -0.9990E+03   -0.9990E+03   -0.9990E+03   -0.9990E+03   -0.9990E+03   -0.9990E+03   -0.9990E+03   -0.9990E+03   -0.9990E+03   -0.9990E+03   -0.9990E+03   -0.9990E+03   -0.9990E+03   -0.9990E+03   -0.9990E+03   -0.9990E+03   -0.9990E+03   -0.9990E+03    0.1427E+00   -0.9990E+03    0.9447E-01    0.9731E-01    0.1436E+00   -0.9990E+03   -0.9990E+03    0.9236E-01    0.1498E+00    0.1486E+00    0.1406E+00    0.1432E+00    0.1484E+00    0.1408E+00    0.1393E+00    0.9081E-01   -0.9990E+03   -0.9990E+03   -0.9990E+03   -0.9990E+03   -0.9990E+03   -0.9990E+03   -0.9990E+03   -0.9990E+03   -0.9990E+03   -0.9990E+03   -0.9990E+03   -0.9990E+03   -0.9990E+03   -0.9990E+03   -0.9990E+03   -0.9990E+03   -0.9990E+03   -0.9990E+03   -0.9990E+03   -0.9990E+03   -0.9990E+03   -0.9990E+03   -0.9990E+03
   -0.9990E+03   -0.9990E+03   -0.9990E+03   -0.9990E+03   -0.9990E+03   -0.9990E+03   -0.9990E+03   -0.9990E+03   -0.9990E+03   -0.9990E+03   -0.9990E+03   -0.9990E+03   -0.9990E+03   -0.9990E+03   -0.9990E+03   -0.9990E+03   -0.9990E+03   -0.9990E+03   -0.9990E+03   -0.9990E+03   -0.9990E+03   -0.9990E+03   -0.9990E+03   -0.9990E+03   -0.9990E+03   -0.9990E+03   -0.9990E+03   -0.9990E+03   -0.9990E+03   -0.9990E+03   -0.9990E+03   -0.9990E+03   -0.9990E+03   -0.9990E+03   -0.9990E+03   -0.9990E+03   -0.9990E+03    0.1075E+00    0.8874E-01    0.9136E-01    0.1437E+00    0.1357E+00    0.1492E+00    0.1450E+00    0.1441E+00    0.1440E+00    0.1564E+00    0.1427E+00    0.1415E+00    0.1446E+00    0.1496E+00    0.1423E+00    0.1494E+00    0.1171E+00    0.1180E+00   -0.9990E+03   -0.9990E+03   -0.9990E+03    0.1307E+00   -0.9990E+03   -0.9990E+03   -0.9990E+03   -0.9990E+03   -0.9990E+03   -0.9990E+03   -0.9990E+03   -0.9990E+03   -0.9990E+03   -0.9990E+03   -0.9990E+03   -0.9990E+03   -0.9990E+03   -0.9990E+03   -0.9990E+03   -0.9990E+03   -0.9990E+03
   -0.9990E+03   -0.9990E+03   -0.9990E+03   -0.9990E+03   -0.9990E+03   -0.9990E+03   -0.9990E+03   -0.9990E+03   -0.9990E+03   -0.9990E+03   -0.9990E+03   -0.9990E+03   -0.9990E+03   -0.9990E+03   -0.9990E+03   -0.9990E+03   -0.9990E+03   -0.9990E+03   -0.9990E+03   -0.9990E+03   -0.9990E+03   -0.9990E+03   -0.9990E+03   -0.9990E+03   -0.9990E+03   -0.9990E+03   -0.9990E+03   -0.9990E+03   -0.9990E+03   -0.9990E+03   -0.9990E+03   -0.9990E+03   -0.9990E+03   -0.9990E+03   -0.9990E+03   -0.9990E+03   -0.9990E+03   -0.9990E+03   -0.9990E+03   -0.9990E+03    0.8801E-01    0.8858E-01    0.8818E-01    0.8835E-01    0.1232E+00    0.1361E+00    0.1399E+00    0.1400E+00    0.1390E+00    0.1427E+00    0.1607E+00    0.1392E+00    0.1665E+00    0.9896E-01    0.1615E+00    0.1075E+00    0.9629E-01    0.1534E+00    0.1229E+00   -0.9990E+03   -0.9990E+03   -0.9990E+03   -0.9990E+03   -0.9990E+03   -0.9990E+03   -0.9990E+03   -0.9990E+03   -0.9990E+03   -0.9990E+03   -0.9990E+03   -0.9990E+03   -0.9990E+03   -0.9990E+03   -0.9990E+03   -0.9990E+03   -0.9990E+03
   -0.9990E+03   -0.9990E+03   -0.9990E+03   -0.9990E+03   -0.9990E+03   -0.9990E+03   -0.9990E+03   -0.9990E+03   -0.9990E+03   -0.9990E+03   -0.9990E+03   -0.9990E+03   -0.9990E+03   -0.9990E+03   -0.9990E+03   -0.9990E+03   -0.9990E+03   -0.9990E+03   -0.9990E+03   -0.9990E+03   -0.9990E+03   -0.9990E+03   -0.9990E+03   -0.9990E+03   -0.9990E+03   -0.9990E+03   -0.9990E+03   -0.9990E+03   -0.9990E+03   -0.9990E+03   -0.9990E+03   -0.9990E+03   -0.9990E+03   -0.9990E+03   -0.9990E+03   -0.9990E+03   -0.9990E+03   -0.9990E+03   -0.9990E+03   -0.9990E+03   -0.9990E+03   -0.9990E+03    0.8808E-01    0.9516E-01    0.1476E+00    0.1438E+00    0.1404E+00    0.1447E+00    0.1285E+00    0.1340E+00    0.1300E+00    0.1303E+00    0.1503E+00    0.9701E-01    0.1120E+00    0.1224E+00    0.1876E+00    0.1455E+00    0.1072E+00   -0.9990E+03   -0.9990E+03   -0.9990E+03   -0.9990E+03   -0.9990E+03   -0.9990E+03   -0.9990E+03   -0.9990E+03   -0.9990E+03   -0.9990E+03   -0.9990E+03   -0.9990E+03   -0.9990E+03   -0.9990E+03   -0.9990E+03   -0.9990E+03   -0.9990E+03
   -0.9990E+03   -0.9990E+03   -0.9990E+03   -0.9990E+03   -0.9990E+03   -0.9990E+03   -0.9990E+03   -0.9990E+03   -0.9990E+03   -0.9990E+03   -0.9990E+03   -0.9990E+03   -0.9990E+03   -0.9990E+03   -0.9990E+03   -0.9990E+03   -0.9990E+03   -0.9990E+03   -0.9990E+03   -0.9990E+03   -0.9990E+03   -0.9990E+03   -0.9990E+03   -0.9990E+03   -0.9990E+03   -0.9990E+03   -0.9990E+03   -0.9990E+03   -0.9990E+03   -0.9990E+03   -0.9990E+03   -0.9990E+03   -0.9990E+03   -0.9990E+03   -0.9990E+03   -0.9990E+03    0.1699E+00   -0.9990E+03   -0.9990E+03   -0.9990E+03   -0.9990E+03   -0.9990E+03    0.9712E-01    0.1496E+00    0.1508E+00    0.1655E+00    0.1430E+00    0.1509E+00    0.1374E+00    0.1611E+00    0.1555E+00    0.1629E+00    0.1708E+00    0.1596E+00    0.1669E+00    0.1890E+00    0.1504E+00    0.1481E+00    0.1728E+00   -0.9990E+03   -0.9990E+03   -0.9990E+03   -0.9990E+03   -0.9990E+03   -0.9990E+03   -0.9990E+03   -0.9990E+03   -0.9990E+03   -0.9990E+03   -0.9990E+03   -0.9990E+03   -0.9990E+03   -0.9990E+03   -0.9990E+03   -0.9990E+03   -0.9990E+03
   -0.9990E+03   -0.9990E+03   -0.9990E+03   -0.9990E+03   -0.9990E+03   -0.9990E+03   -0.9990E+03   -0.9990E+03   -0.9990E+03   -0.9990E+03   -0.9990E+03   -0.9990E+03   -0.9990E+03   -0.9990E+03   -0.9990E+03   -0.9990E+03   -0.9990E+03   -0.9990E+03   -0.9990E+03   -0.9990E+03   -0.9990E+03   -0.9990E+03   -0.9990E+03   -0.9990E+03   -0.9990E+03   -0.9990E+03   -0.9990E+03   -0.9990E+03   -0.9990E+03   -0.9990E+03   -0.9990E+03   -0.9990E+03   -0.9990E+03   -0.9990E+03   -0.9990E+03    0.1621E+00    0.1785E+00   -0.9990E+03   -0.9990E+03   -0.9990E+03   -0.9990E+03   -0.9990E+03    0.1134E+00    0.1654E+00    0.1809E+00    0.1552E+00    0.1422E+00    0.1530E+00    0.1388E+00    0.1630E+00    0.1789E+00    0.1623E+00    0.1344E+00    0.1332E+00    0.1329E+00    0.1333E+00    0.1340E+00    0.1383E+00    0.1792E+00   -0.9990E+03   -0.9990E+03   -0.9990E+03   -0.9990E+03   -0.9990E+03   -0.9990E+03   -0.9990E+03   -0.9990E+03   -0.9990E+03   -0.9990E+03   -0.9990E+03   -0.9990E+03   -0.9990E+03   -0.9990E+03   -0.9990E+03   -0.9990E+03   -0.9990E+03
   -0.9990E+03   -0.9990E+03   -0.9990E+03   -0.9990E+03   -0.9990E+03   -0.9990E+03   -0.9990E+03   -0.9990E+03   -0.9990E+03   -0.9990E+03   -0.9990E+03   -0.9990E+03   -0.9990E+03   -0.9990E+03   -0.9990E+03   -0.9990E+03   -0.9990E+03   -0.9990E+03   -0.9990E+03   -0.9990E+03   -0.9990E+03   -0.9990E+03   -0.9990E+03   -0.9990E+03   -0.9990E+03   -0.9990E+03   -0.9990E+03   -0.9990E+03   -0.9990E+03   -0.9990E+03   -0.9990E+03   -0.9990E+03   -0.9990E+03   -0.9990E+03   -0.9990E+03    0.1197E+00   -0.9990E+03   -0.9990E+03   -0.9990E+03   -0.9990E+03   -0.9990E+03   -0.9990E+03   -0.9990E+03    0.1732E+00    0.1698E+00    0.1634E+00    0.1651E+00    0.1789E+00    0.1520E+00    0.1422E+00    0.1418E+00    0.1369E+00    0.1455E+00    0.1506E+00    0.1489E+00    0.1510E+00    0.1695E+00    0.1595E+00    0.1267E+00    0.1728E+00   -0.9990E+03   -0.9990E+03   -0.9990E+03   -0.9990E+03   -0.9990E+03   -0.9990E+03   -0.9990E+03   -0.9990E+03   -0.9990E+03   -0.9990E+03   -0.9990E+03   -0.9990E+03   -0.9990E+03   -0.9990E+03   -0.9990E+03   -0.9990E+03
   -0.9990E+03   -0.9990E+03   -0.9990E+03   -0.9990E+03   -0.9990E+03   -0.9990E+03   -0.9990E+03   -0.9990E+03   -0.9990E+03   -0.9990E+03   -0.9990E+03   -0.9990E+03   -0.9990E+03   -0.9990E+03   -0.9990E+03   -0.9990E+03   -0.9990E+03   -0.9990E+03   -0.9990E+03   -0.9990E+03   -0.9990E+03   -0.9990E+03   -0.9990E+03   -0.9990E+03   -0.9990E+03   -0.9990E+03   -0.9990E+03   -0.9990E+03   -0.9990E+03   -0.9990E+03   -0.9990E+03   -0.9990E+03   -0.9990E+03   -0.9990E+03    0.1224E+00    0.1505E+00   -0.9990E+03   -0.9990E+03   -0.9990E+03   -0.9990E+03   -0.9990E+03   -0.9990E+03   -0.9990E+03   -0.9990E+03    0.1082E+00    0.1683E+00    0.1647E+00    0.1669E+00    0.1781E+00    0.1545E+00    0.1622E+00    0.1578E+00    0.1662E+00    0.1718E+00    0.1901E+00    0.1676E+00    0.1079E+00    0.1012E+00    0.7513E-01    0.1362E+00   -0.9990E+03   -0.9990E+03   -0.9990E+03   -0.9990E+03   -0.9990E+03   -0.9990E+03   -0.9990E+03   -0.9990E+03   -0.9990E+03   -0.9990E+03   -0.9990E+03   -0.9990E+03   -0.9990E+03   -0.9990E+03   -0.9990E+03   -0.9990E+03
   -0.9990E+03   -0.9990E+03   -0.9990E+03   -0.9990E+03   -0.9990E+03   -0.9990E+03   -0.9990E+03   -0.9990E+03   -0.9990E+03   -0.9990E+03   -0.9990E+03   -0.9990E+03   -0.9990E+03   -0.9990E+03   -0.9990E+03   -0.9990E+03   -0.9990E+03   -0.9990E+03   -0.9990E+03   -0.9990E+03   -0.9990E+03   -0.9990E+03   -0.9990E+03   -0.9990E+03   -0.9990E+03   -0.9990E+03   -0.9990E+03   -0.9990E+03   -0.9990E+03   -0.9990E+03   -0.9990E+03   -0.9990E+03   -0.9990E+03   -0.9990E+03   -0.9990E+03    0.1342E+00   -0.9990E+03   -0.9990E+03   -0.9990E+03   -0.9990E+03   -0.9990E+03   -0.9990E+03   -0.9990E+03   -0.9990E+03    0.1179E+00    0.1743E+00    0.1694E+00    0.1698E+00    0.1525E+00    0.1756E+00    0.1992E+00    0.1813E+00    0.1687E+00    0.1812E+00    0.1864E+00    0.1625E+00    0.1836E+00    0.1580E+00    0.9375E-01    0.8744E-01    0.1059E+00   -0.9990E+03   -0.9990E+03   -0.9990E+03   -0.9990E+03   -0.9990E+03   -0.9990E+03   -0.9990E+03   -0.9990E+03   -0.9990E+03   -0.9990E+03   -0.9990E+03   -0.9990E+03   -0.9990E+03   -0.9990E+03   -0.9990E+03
   -0.9990E+03   -0.9990E+03   -0.9990E+03   -0.9990E+03   -0.9990E+03   -0.9990E+03   -0.9990E+03   -0.9990E+03   -0.9990E+03   -0.9990E+03   -0.9990E+03   -0.9990E+03   -0.9990E+03   -0.9990E+03   -0.9990E+03   -0.9990E+03   -0.9990E+03   -0.9990E+03   -0.9990E+03   -0.9990E+03   -0.9990E+03   -0.9990E+03   -0.9990E+03   -0.9990E+03   -0.9990E+03   -0.9990E+03   -0.9990E+03   -0.9990E+03   -0.9990E+03   -0.9990E+03   -0.9990E+03   -0.9990E+03   -0.9990E+03   -0.9990E+03   -0.9990E+03   -0.9990E+03   -0.9990E+03   -0.9990E+03   -0.9990E+03   -0.9990E+03   -0.9990E+03   -0.9990E+03   -0.9990E+03   -0.9990E+03    0.1880E+00    0.1757E+00    0.1708E+00    0.1746E+00    0.1761E+00    0.1603E+00    0.1747E+00    0.1841E+00    0.1853E+00    0.1655E+00    0.1688E+00    0.1779E+00    0.1810E+00    0.9776E-01    0.7158E-01    0.1020E+00   -0.9990E+03   -0.9990E+03   -0.9990E+03   -0.9990E+03   -0.9990E+03   -0.9990E+03   -0.9990E+03   -0.9990E+03   -0.9990E+03   -0.9990E+03   -0.9990E+03   -0.9990E+03   -0.9990E+03   -0.9990E+03   -0.9990E+03   -0.9990E+03
   -0.9990E+03   -0.9990E+03   -0.9990E+03   -0.9990E+03   -0.9990E+03   -0.9990E+03   -0.9990E+03   -0.9990E+03   -0.9990E+03   -0.9990E+03   -0.9990E+03   -0.9990E+03   -0.9990E+03   -0.9990E+03   -0.9990E+03   -0.9990E+03   -0.9990E+03   -0.9990E+03   -0.9990E+03   -0.9990E+03   -0.9990E+03   -0.9990E+03   -0.9990E+03   -0.9990E+03   -0.9990E+03   -0.9990E+03   -0.9990E+03   -0.9990E+03   -0.9990E+03   -0.9990E+03   -0.9990E+03   -0.9990E+03   -0.9990E+03    0.2121E+00    0.2216E+00   -0.9990E+03   -0.9990E+03   -0.9990E+03   -0.9990E+03   -0.9990E+03   -0.9990E+03   -0.9990E+03   -0.9990E+03   -0.9990E+03    0.2300E+00    0.2189E+00    0.1620E+00    0.1742E+00    0.1456E+00    0.1621E+00    0.2059E+00    0.1938E+00    0.1901E+00    0.1814E+00    0.1886E+00    0.1733E+00    0.1760E+00    0.1951E+00    0.9599E-01    0.9859E-01   -0.9990E+03   -0.9990E+03   -0.9990E+03   -0.9990E+03   -0.9990E+03   -0.9990E+03   -0.9990E+03   -0.9990E+03   -0.9990E+03   -0.9990E+03   -0.9990E+03   -0.9990E+03   -0.9990E+03   -0.9990E+03   -0.9990E+03   -0.9990E+03
   -0.9990E+03   -0.9990E+03   -0.9990E+03   -0.9990E+03   -0.9990E+03   -0.9990E+03   -0.9990E+03   -0.9990E+03   -0.9990E+03   -0.9990E+03   -0.9990E+03   -0.9990E+03   -0.9990E+03   -0.9990E+03   -0.9990E+03   -0.9990E+03   -0.9990E+03   -0.9990E+03   -0.9990E+03   -0.9990E+03   -0.9990E+03   -0.9990E+03   -0.9990E+03   -0.9990E+03   -0.9990E+03   -0.9990E+03   -0.9990E+03   -0.9990E+03   -0.9990E+03   -0.9990E+03   -0.9990E+03   -0.9990E+03   -0.9990E+03   -0.9990E+03    0.1649E+00   -0.9990E+03   -0.9990E+03   -0.9990E+03   -0.9990E+03   -0.9990E+03   -0.9990E+03   -0.9990E+03   -0.9990E+03    0.1304E+00    0.2281E+00    0.2254E+00    0.2178E+00    0.2411E+00    0.2144E+00    0.2169E+00    0.1587E+00    0.1561E+00    0.1571E+00    0.1619E+00    0.1730E+00    0.1720E+00    0.1836E+00    0.1743E+00    0.1941E+00    0.1686E+00    0.9181E-01   -0.9990E+03   -0.9990E+03   -0.9990E+03   -0.9990E+03   -0.9990E+03   -0.9990E+03   -0.9990E+03   -0.9990E+03   -0.9990E+03   -0.9990E+03   -0.9990E+03   -0.9990E+03   -0.9990E+03   -0.9990E+03   -0.9990E+03
   -0.9990E+03   -0.9990E+03   -0.9990E+03   -0.9990E+03   -0.9990E+03   -0.9990E+03   -0.9990E+03   -0.9990E+03   -0.9990E+03   -0.9990E+03   -0.9990E+03   -0.9990E+03   -0.9990E+03   -0.9990E+03   -0.9990E+03   -0.9990E+03   -0.9990E+03   -0.9990E+03   -0.9990E+03   -0.9990E+03   -0.9990E+03   -0.9990E+03   -0.9990E+03   -0.9990E+03   -0.9990E+03   -0.9990E+03   -0.9990E+03   -0.9990E+03   -0.9990E+03   -0.9990E+03   -0.9990E+03   -0.9990E+03   -0.9990E+03   -0.9990E+03   -0.9990E+03   -0.9990E+03   -0.9990E+03   -0.9990E+03   -0.9990E+03   -0.9990E+03    0.1397E+00    0.2325E+00   -0.9990E+03    0.2505E+00    0.2183E+00    0.2224E+00    0.2282E+00    0.2315E+00    0.2112E+00    0.2175E+00    0.2731E+00    0.2570E+00    0.2307E+00    0.2304E+00    0.2364E+00    0.2239E+00    0.2096E+00    0.1633E+00    0.1795E+00    0.1927E+00    0.1708E+00    0.1916E+00    0.9989E-01   -0.9990E+03   -0.9990E+03   -0.9990E+03   -0.9990E+03   -0.9990E+03   -0.9990E+03   -0.9990E+03   -0.9990E+03   -0.9990E+03   -0.9990E+03   -0.9990E+03   -0.9990E+03   -0.9990E+03
   -0.9990E+03   -0.9990E+03   -0.9990E+03   -0.9990E+03   -0.9990E+03   -0.9990E+03   -0.9990E+03   -0.9990E+03   -0.9990E+03   -0.9990E+03   -0.9990E+03   -0.9990E+03   -0.9990E+03   -0.9990E+03   -0.9990E+03   -0.9990E+03   -0.9990E+03   -0.9990E+03   -0.9990E+03   -0.9990E+03   -0.9990E+03   -0.9990E+03   -0.9990E+03   -0.9990E+03   -0.9990E+03   -0.9990E+03   -0.9990E+03   -0.9990E+03   -0.9990E+03   -0.9990E+03   -0.9990E+03   -0.9990E+03   -0.9990E+03   -0.9990E+03   -0.9990E+03   -0.9990E+03   -0.9990E+03   -0.9990E+03   -0.9990E+03   -0.9990E+03    0.1351E+00    0.1185E+00    0.2267E+00    0.2440E+00    0.2315E+00    0.2220E+00    0.2280E+00    0.2251E+00    0.1924E+00    0.2323E+00    0.2350E+00    0.2284E+00    0.2393E+00    0.2617E+00    0.2306E+00    0.2294E+00    0.2138E+00    0.2268E+00    0.2079E+00    0.2378E+00    0.2068E+00    0.1902E+00    0.1515E+00   -0.9990E+03   -0.9990E+03   -0.9990E+03   -0.9990E+03   -0.9990E+03   -0.9990E+03   -0.9990E+03   -0.9990E+03   -0.9990E+03   -0.9990E+03   -0.9990E+03   -0.9990E+03   -0.9990E+03
   -0.9990E+03   -0.9990E+03   -0.9990E+03   -0.9990E+03   -0.9990E+03   -0.9990E+03   -0.9990E+03   -0.9990E+03   -0.9990E+03   -0.9990E+03   -0.9990E+03   -0.9990E+03   -0.9990E+03   -0.9990E+03   -0.9990E+03   -0.9990E+03   -0.9990E+03   -0.9990E+03   -0.9990E+03   -0.9990E+03   -0.9990E+03   -0.9990E+03   -0.9990E+03   -0.9990E+03   -0.9990E+03   -0.9990E+03   -0.9990E+03   -0.9990E+03   -0.9990E+03   -0.9990E+03   -0.9990E+03   -0.9990E+03   -0.9990E+03   -0.9990E+03   -0.9990E+03   -0.9990E+03   -0.9990E+03   -0.9990E+03   -0.9990E+03   -0.9990E+03    0.1078E+00    0.1164E+00    0.2400E+00    0.2482E+00    0.2315E+00    0.2276E+00    0.2298E+00    0.2275E+00    0.1983E+00    0.2645E+00    0.2284E+00    0.2215E+00    0.2270E+00    0.2245E+00    0.2166E+00    0.2171E+00    0.2316E+00    0.2441E+00    0.2302E+00    0.2180E+00    0.1943E+00    0.2406E+00    0.2139E+00   -0.9990E+03   -0.9990E+03   -0.9990E+03   -0.9990E+03   -0.9990E+03   -0.9990E+03   -0.9990E+03   -0.9990E+03   -0.9990E+03   -0.9990E+03   -0.9990E+03   -0.9990E+03   -0.9990E+03
   -0.9990E+03   -0.9990E+03   -0.9990E+03   -0.9990E+03   -0.9990E+03   -0.9990E+03   -0.9990E+03   -0.9990E+03   -0.9990E+03   -0.9990E+03   -0.9990E+03   -0.9990E+03   -0.9990E+03   -0.9990E+03   -0.9990E+03   -0.9990E+03   -0.9990E+03   -0.9990E+03   -0.9990E+03   -0.9990E+03   -0.9990E+03   -0.9990E+03   -0.9990E+03   -0.9990E+03   -0.9990E+03   -0.9990E+03   -0.9990E+03   -0.9990E+03   -0.9990E+03   -0.9990E+03   -0.9990E+03   -0.9990E+03   -0.9990E+03   -0.9990E+03   -0.9990E+03   -0.9990E+03   -0.9990E+03   -0.9990E+03   -0.9990E+03   -0.9990E+03    0.1128E+00    0.1202E+00    0.2320E+00    0.2446E+00    0.2280E+00    0.2275E+00    0.2116E+00    0.2235E+00    0.2034E+00    0.2294E+00    0.2229E+00    0.2361E+00    0.2206E+00    0.2204E+00    0.2196E+00    0.2162E+00    0.2187E+00    0.2336E+00    0.2295E+00    0.2196E+00    0.2282E+00    0.2382E+00    0.2052E+00    0.1225E+00   -0.9990E+03   -0.9990E+03   -0.9990E+03   -0.9990E+03   -0.9990E+03   -0.9990E+03   -0.9990E+03   -0.9990E+03   -0.9990E+03   -0.9990E+03   -0.9990E+03   -0.9990E+03
   -0.9990E+03   -0.9990E+03   -0.9990E+03   -0.9990E+03   -0.9990E+03   -0.9990E+03   -0.9990E+03   -0.9990E+03   -0.9990E+03   -0.9990E+03   -0.9990E+03   -0.9990E+03   -0.9990E+03   -0.9990E+03   -0.9990E+03   -0.9990E+03   -0.9990E+03   -0.9990E+03   -0.9990E+03   -0.9990E+03   -0.9990E+03   -0.9990E+03   -0.9990E+03   -0.9990E+03   -0.9990E+03   -0.9990E+03   -0.9990E+03   -0.9990E+03   -0.9990E+03   -0.9990E+03   -0.9990E+03   -0.9990E+03   -0.9990E+03   -0.9990E+03   -0.9990E+03   -0.9990E+03   -0.9990E+03   -0.9990E+03   -0.9990E+03   -0.9990E+03   -0.9990E+03   -0.9990E+03    0.1215E+00    0.2397E+00    0.2230E+00    0.2266E+00    0.2282E+00    0.2081E+00    0.2311E+00    0.2241E+00    0.2250E+00    0.2247E+00    0.2235E+00    0.2193E+00    0.2193E+00    0.2163E+00    0.2302E+00    0.2173E+00    0.2171E+00    0.2283E+00    0.2737E+00    0.2366E+00    0.1763E+00   -0.9990E+03   -0.9990E+03   -0.9990E+03   -0.9990E+03   -0.9990E+03   -0.9990E+03   -0.9990E+03   -0.9990E+03   -0.9990E+03   -0.9990E+03   -0.9990E+03   -0.9990E+03   -0.9990E+03
   -0.9990E+03   -0.9990E+03   -0.9990E+03   -0.9990E+03   -0.9990E+03   -0.9990E+03   -0.9990E+03   -0.9990E+03   -0.9990E+03   -0.9990E+03   -0.9990E+03   -0.9990E+03   -0.9990E+03   -0.9990E+03   -0.9990E+03   -0.9990E+03   -0.9990E+03   -0.9990E+03   -0.9990E+03   -0.9990E+03   -0.9990E+03   -0.9990E+03   -0.9990E+03   -0.9990E+03   -0.9990E+03   -0.9990E+03   -0.9990E+03   -0.9990E+03   -0.9990E+03   -0.9990E+03   -0.9990E+03   -0.9990E+03   -0.9990E+03   -0.9990E+03   -0.9990E+03   -0.9990E+03   -0.9990E+03   -0.9990E+03   -0.9990E+03   -0.9990E+03   -0.9990E+03   -0.9990E+03   -0.9990E+03    0.2461E+00    0.2312E+00    0.2229E+00    0.2233E+00    0.2114E+00    0.2179E+00    0.2365E+00    0.2432E+00    0.2238E+00    0.2232E+00    0.2227E+00    0.2232E+00    0.2357E+00    0.2319E+00    0.2195E+00    0.2203E+00    0.2277E+00    0.2118E+00    0.2023E+00   -0.9990E+03   -0.9990E+03   -0.9990E+03   -0.9990E+03   -0.9990E+03   -0.9990E+03   -0.9990E+03   -0.9990E+03   -0.9990E+03   -0.9990E+03   -0.9990E+03   -0.9990E+03   -0.9990E+03   -0.9990E+03
   -0.9990E+03   -0.9990E+03   -0.9990E+03   -0.9990E+03   -0.9990E+03   -0.9990E+03   -0.9990E+03   -0.9990E+03   -0.9990E+03   -0.9990E+03   -0.9990E+03   -0.9990E+03   -0.9990E+03   -0.9990E+03   -0.9990E+03   -0.9990E+03   -0.9990E+03   -0.9990E+03   -0.9990E+03   -0.9990E+03   -0.9990E+03   -0.9990E+03   -0.9990E+03   -0.9990E+03   -0.9990E+03   -0.9990E+03   -0.9990E+03   -0.9990E+03   -0.9990E+03   -0.9990E+03   -0.9990E+03   -0.9990E+03   -0.9990E+03   -0.9990E+03   -0.9990E+03   -0.9990E+03   -0.9990E+03   -0.9990E+03   -0.9990E+03   -0.9990E+03   -0.9990E+03   -0.9990E+03   -0.9990E+03    0.2439E+00    0.2265E+00    0.2210E+00    0.2151E+00    0.2190E+00    0.2222E+00    0.2274E+00    0.2290E+00    0.2406E+00    0.2332E+00    0.2289E+00    0.2345E+00    0.2460E+00    0.2309E+00    0.2196E+00    0.2196E+00    0.2093E+00    0.2316E+00   -0.9990E+03   -0.9990E+03   -0.9990E+03   -0.9990E+03   -0.9990E+03   -0.9990E+03   -0.9990E+03   -0.9990E+03   -0.9990E+03   -0.9990E+03   -0.9990E+03   -0.9990E+03   -0.9990E+03   -0.9990E+03   -0.9990E+03
   -0.9990E+03   -0.9990E+03   -0.9990E+03   -0.9990E+03   -0.9990E+03   -0.9990E+03   -0.9990E+03   -0.9990E+03   -0.9990E+03   -0.9990E+03   -0.9990E+03   -0.9990E+03   -0.9990E+03   -0.9990E+03   -0.9990E+03   -0.9990E+03   -0.9990E+03   -0.9990E+03   -0.9990E+03   -0.9990E+03   -0.9990E+03   -0.9990E+03   -0.9990E+03   -0.9990E+03   -0.9990E+03   -0.9990E+03   -0.9990E+03   -0.9990E+03   -0.9990E+03   -0.9990E+03   -0.9990E+03   -0.9990E+03   -0.9990E+03   -0.9990E+03   -0.9990E+03   -0.9990E+03   -0.9990E+03   -0.9990E+03    0.1629E+00    0.2369E+00   -0.9990E+03    0.1475E+00    0.2381E+00    0.2465E+00    0.2250E+00    0.2208E+00    0.2134E+00    0.2217E+00    0.2261E+00    0.2244E+00    0.2228E+00    0.2226E+00    0.2223E+00    0.2237E+00    0.2402E+00    0.2258E+00    0.2300E+00    0.2233E+00    0.2200E+00    0.2564E+00    0.2440E+00   -0.9990E+03   -0.9990E+03   -0.9990E+03   -0.9990E+03   -0.9990E+03   -0.9990E+03   -0.9990E+03   -0.9990E+03   -0.9990E+03   -0.9990E+03   -0.9990E+03   -0.9990E+03   -0.9990E+03   -0.9990E+03   -0.9990E+03
   -0.9990E+03   -0.9990E+03   -0.9990E+03   -0.9990E+03   -0.9990E+03   -0.9990E+03   -0.9990E+03   -0.9990E+03   -0.9990E+03   -0.9990E+03   -0.9990E+03   -0.9990E+03   -0.9990E+03   -0.9990E+03   -0.9990E+03   -0.9990E+03   -0.9990E+03   -0.9990E+03   -0.9990E+03   -0.9990E+03   -0.9990E+03   -0.9990E+03   -0.9990E+03   -0.9990E+03   -0.9990E+03   -0.9990E+03   -0.9990E+03   -0.9990E+03   -0.9990E+03   -0.9990E+03   -0.9990E+03   -0.9990E+03   -0.9990E+03   -0.9990E+03   -0.9990E+03   -0.9990E+03   -0.9990E+03   -0.9990E+03   -0.9990E+03    0.1594E+00   -0.9990E+03   -0.9990E+03    0.1532E+00    0.2331E+00    0.2296E+00    0.2232E+00    0.2223E+00    0.2217E+00    0.2284E+00    0.2298E+00    0.2223E+00    0.2222E+00    0.2221E+00    0.2321E+00    0.2421E+00    0.2311E+00    0.2228E+00    0.2236E+00    0.2469E+00    0.2240E+00    0.2220E+00   -0.9990E+03   -0.9990E+03   -0.9990E+03   -0.9990E+03   -0.9990E+03   -0.9990E+03   -0.9990E+03   -0.9990E+03   -0.9990E+03   -0.9990E+03   -0.9990E+03   -0.9990E+03   -0.9990E+03   -0.9990E+03   -0.9990E+03
   -0.9990E+03   -0.9990E+03   -0.9990E+03   -0.9990E+03   -0.9990E+03   -0.9990E+03   -0.9990E+03   -0.9990E+03   -0.9990E+03   -0.9990E+03   -0.9990E+03   -0.9990E+03   -0.9990E+03   -0.9990E+03   -0.9990E+03   -0.9990E+03   -0.9990E+03   -0.9990E+03   -0.9990E+03   -0.9990E+03   -0.9990E+03   -0.9990E+03   -0.9990E+03   -0.9990E+03   -0.9990E+03   -0.9990E+03   -0.9990E+03   -0.9990E+03   -0.9990E+03   -0.9990E+03   -0.9990E+03   -0.9990E+03   -0.9990E+03   -0.9990E+03   -0.9990E+03   -0.9990E+03   -0.9990E+03   -0.9990E+03   -0.9990E+03    0.1865E+00    0.2336E+00   -0.9990E+03   -0.9990E+03    0.2435E+00    0.2329E+00    0.2213E+00    0.2133E+00    0.2231E+00    0.2255E+00    0.2275E+00    0.2292E+00    0.2399E+00    0.2371E+00    0.2311E+00    0.2322E+00    0.2260E+00    0.2214E+00    0.2225E+00    0.2360E+00    0.2281E+00    0.2240E+00   -0.9990E+03   -0.9990E+03   -0.9990E+03   -0.9990E+03   -0.9990E+03   -0.9990E+03   -0.9990E+03   -0.9990E+03   -0.9990E+03   -0.9990E+03   -0.9990E+03   -0.9990E+03   -0.9990E+03   -0.9990E+03   -0.9990E+03
   -0.9990E+03   -0.9990E+03   -0.9990E+03   -0.9990E+03   -0.9990E+03   -0.9990E+03   -0.9990E+03   -0.9990E+03   -0.9990E+03   -0.9990E+03   -0.9990E+03   -0.9990E+03   -0.9990E+03   -0.9990E+03   -0.9990E+03   -0.9990E+03   -0.9990E+03   -0.9990E+03   -0.9990E+03   -0.9990E+03   -0.9990E+03   -0.9990E+03   -0.9990E+03   -0.9990E+03   -0.9990E+03   -0.9990E+03   -0.9990E+03   -0.9990E+03   -0.9990E+03   -0.9990E+03   -0.9990E+03   -0.9990E+03   -0.9990E+03   -0.9990E+03   -0.9990E+03   -0.9990E+03   -0.9990E+03   -0.9990E+03   -0.9990E+03   -0.9990E+03    0.1655E+00   -0.9990E+03   -0.9990E+03    0.2384E+00    0.2159E+00    0.2161E+00    0.2234E+00    0.2289E+00    0.2231E+00    0.2276E+00    0.2507E+00    0.2309E+00    0.2293E+00    0.2371E+00    0.2273E+00    0.2259E+00    0.2257E+00    0.2204E+00    0.2306E+00    0.2239E+00    0.1351E+00   -0.9990E+03   -0.9990E+03   -0.9990E+03   -0.9990E+03   -0.9990E+03   -0.9990E+03   -0.9990E+03   -0.9990E+03   -0.9990E+03   -0.9990E+03   -0.9990E+03   -0.9990E+03   -0.9990E+03   -0.9990E+03   -0.9990E+03
   -0.9990E+03   -0.9990E+03   -0.9990E+03   -0.9990E+03   -0.9990E+03   -0.9990E+03   -0.9990E+03   -0.9990E+03   -0.9990E+03   -0.9990E+03   -0.9990E+03   -0.9990E+03   -0.9990E+03   -0.9990E+03   -0.9990E+03   -0.9990E+03   -0.9990E+03   -0.9990E+03   -0.9990E+03   -0.9990E+03   -0.9990E+03   -0.9990E+03   -0.9990E+03   -0.9990E+03   -0.9990E+03   -0.9990E+03   -0.9990E+03   -0.9990E+03   -0.9990E+03   -0.9990E+03   -0.9990E+03   -0.9990E+03   -0.9990E+03   -0.9990E+03   -0.9990E+03   -0.9990E+03   -0.9990E+03   -0.9990E+03   -0.9990E+03   -0.9990E+03   -0.9990E+03   -0.9990E+03   -0.9990E+03    0.2410E+00    0.2278E+00    0.2179E+00    0.2236E+00    0.2261E+00    0.2245E+00    0.2373E+00    0.2279E+00    0.2257E+00    0.2373E+00    0.2254E+00    0.2331E+00    0.2255E+00    0.2221E+00    0.2260E+00    0.2247E+00    0.2322E+00    0.2339E+00   -0.9990E+03   -0.9990E+03   -0.9990E+03   -0.9990E+03   -0.9990E+03   -0.9990E+03   -0.9990E+03   -0.9990E+03   -0.9990E+03   -0.9990E+03   -0.9990E+03   -0.9990E+03   -0.9990E+03   -0.9990E+03   -0.9990E+03
   -0.9990E+03   -0.9990E+03   -0.9990E+03   -0.9990E+03   -0.9990E+03   -0.9990E+03   -0.9990E+03   -0.9990E+03   -0.9990E+03   -0.9990E+03   -0.9990E+03   -0.9990E+03   -0.9990E+03   -0.9990E+03   -0.9990E+03   -0.9990E+03   -0.9990E+03   -0.9990E+03   -0.9990E+03   -0.9990E+03   -0.9990E+03   -0.9990E+03   -0.9990E+03   -0.9990E+03   -0.9990E+03   -0.9990E+03   -0.9990E+03   -0.9990E+03   -0.9990E+03   -0.9990E+03   -0.9990E+03   -0.9990E+03   -0.9990E+03   -0.9990E+03   -0.9990E+03   -0.9990E+03   -0.9990E+03   -0.9990E+03   -0.9990E+03   -0.9990E+03   -0.9990E+03   -0.9990E+03   -0.9990E+03    0.2185E+00    0.2179E+00    0.2248E+00    0.2163E+00    0.2270E+00    0.2441E+00    0.2250E+00    0.2250E+00    0.2251E+00    0.2327E+00    0.2369E+00    0.2244E+00    0.2206E+00    0.2201E+00    0.2236E+00    0.2292E+00    0.2445E+00    0.1363E+00   -0.9990E+03   -0.9990E+03   -0.9990E+03   -0.9990E+03   -0.9990E+03   -0.9990E+03   -0.9990E+03   -0.9990E+03   -0.9990E+03   -0.9990E+03   -0.9990E+03   -0.9990E+03   -0.9990E+03   -0.9990E+03   -0.9990E+03
   -0.9990E+03   -0.9990E+03   -0.9990E+03   -0.9990E+03   -0.9990E+03   -0.9990E+03   -0.9990E+03   -0.9990E+03   -0.9990E+03   -0.9990E+03   -0.9990E+03   -0.9990E+03   -0.9990E+03   -0.9990E+03   -0.9990E+03   -0.9990E+03   -0.9990E+03   -0.9990E+03   -0.9990E+03   -0.9990E+03   -0.9990E+03   -0.9990E+03   -0.9990E+03   -0.9990E+03   -0.9990E+03   -0.9990E+03   -0.9990E+03   -0.9990E+03   -0.9990E+03   -0.9990E+03   -0.9990E+03   -0.9990E+03   -0.9990E+03   -0.9990E+03   -0.9990E+03   -0.9990E+03   -0.9990E+03   -0.9990E+03   -0.9990E+03   -0.9990E+03   -0.9990E+03    0.2061E+00    0.2393E+00    0.2153E+00    0.2198E+00    0.2204E+00    0.2183E+00    0.2174E+00    0.2194E+00    0.2214E+00    0.2244E+00    0.2247E+00    0.2317E+00    0.2306E+00    0.2237E+00    0.2185E+00    0.2195E+00    0.2325E+00    0.2336E+00    0.2259E+00    0.1317E+00   -0.9990E+03   -0.9990E+03   -0.9990E+03   -0.9990E+03   -0.9990E+03   -0.9990E+03   -0.9990E+03   -0.9990E+03   -0.9990E+03   -0.9990E+03   -0.9990E+03   -0.9990E+03   -0.9990E+03   -0.9990E+03   -0.9990E+03
   -0.9990E+03   -0.9990E+03   -0.9990E+03   -0.9990E+03   -0.9990E+03   -0.9990E+03   -0.9990E+03   -0.9990E+03   -0.9990E+03   -0.9990E+03   -0.9990E+03   -0.9990E+03   -0.9990E+03   -0.9990E+03   -0.9990E+03   -0.9990E+03   -0.9990E+03   -0.9990E+03   -0.9990E+03   -0.9990E+03   -0.9990E+03   -0.9990E+03   -0.9990E+03   -0.9990E+03   -0.9990E+03   -0.9990E+03   -0.9990E+03   -0.9990E+03   -0.9990E+03   -0.9990E+03   -0.9990E+03   -0.9990E+03   -0.9990E+03   -0.9990E+03   -0.9990E+03   -0.9990E+03   -0.9990E+03   -0.9990E+03   -0.9990E+03   -0.9990E+03   -0.9990E+03    0.2187E+00    0.2243E+00    0.2238E+00    0.2198E+00    0.2178E+00    0.2307E+00    0.2240E+00    0.2336E+00    0.2231E+00    0.2238E+00    0.2245E+00    0.2317E+00    0.2299E+00    0.2228E+00    0.2153E+00    0.2210E+00    0.2249E+00    0.2299E+00    0.2280E+00    0.1207E+00   -0.9990E+03   -0.9990E+03   -0.9990E+03   -0.9990E+03   -0.9990E+03   -0.9990E+03   -0.9990E+03   -0.9990E+03   -0.9990E+03   -0.9990E+03   -0.9990E+03   -0.9990E+03   -0.9990E+03   -0.9990E+03   -0.9990E+03
   -0.9990E+03   -0.9990E+03   -0.9990E+03   -0.9990E+03   -0.9990E+03   -0.9990E+03   -0.9990E+03   -0.9990E+03   -0.9990E+03   -0.9990E+03   -0.9990E+03   -0.9990E+03   -0.9990E+03   -0.9990E+03   -0.9990E+03   -0.9990E+03   -0.9990E+03   -0.9990E+03   -0.9990E+03   -0.9990E+03   -0.9990E+03   -0.9990E+03   -0.9990E+03   -0.9990E+03   -0.9990E+03   -0.9990E+03   -0.9990E+03   -0.9990E+03   -0.9990E+03   -0.9990E+03   -0.9990E+03   -0.9990E+03   -0.9990E+03   -0.9990E+03   -0.9990E+03   -0.9990E+03   -0.9990E+03   -0.9990E+03   -0.9990E+03   -0.9990E+03    0.2309E+00    0.2159E+00    0.2102E+00    0.2196E+00    0.2162E+00    0.2321E+00    0.2340E+00    0.2262E+00    0.2211E+00    0.2350E+00    0.2222E+00    0.2319E+00    0.2240E+00    0.2201E+00    0.2247E+00    0.2162E+00    0.2103E+00    0.2178E+00    0.2157E+00    0.2219E+00   -0.9990E+03   -0.9990E+03   -0.9990E+03   -0.9990E+03   -0.9990E+03   -0.9990E+03   -0.9990E+03   -0.9990E+03   -0.9990E+03   -0.9990E+03   -0.9990E+03   -0.9990E+03   -0.9990E+03   -0.9990E+03   -0.9990E+03   -0.9990E+03
   -0.9990E+03   -0.9990E+03   -0.9990E+03   -0.9990E+03   -0.9990E+03   -0.9990E+03   -0.9990E+03   -0.9990E+03   -0.9990E+03   -0.9990E+03   -0.9990E+03   -0.9990E+03   -0.9990E+03   -0.9990E+03   -0.9990E+03   -0.9990E+03   -0.9990E+03   -0.9990E+03   -0.9990E+03   -0.9990E+03   -0.9990E+03   -0.9990E+03   -0.9990E+03   -0.9990E+03   -0.9990E+03   -0.9990E+03   -0.9990E+03   -0.9990E+03   -0.9990E+03   -0.9990E+03   -0.9990E+03   -0.9990E+03   -0.9990E+03   -0.9990E+03   -0.9990E+03   -0.9990E+03   -0.9990E+03   -0.9990E+03   -0.9990E+03   -0.9990E+03    0.2285E+00    0.2241E+00    0.2166E+00    0.2112E+00    0.2227E+00    0.2173E+00    0.2234E+00    0.2273E+00    0.2251E+00    0.2269E+00    0.2340E+00    0.2299E+00    0.2234E+00    0.2192E+00    0.2204E+00    0.2180E+00    0.2087E+00    0.2125E+00    0.2153E+00   -0.9990E+03   -0.9990E+03   -0.9990E+03   -0.9990E+03   -0.9990E+03   -0.9990E+03   -0.9990E+03   -0.9990E+03   -0.9990E+03   -0.9990E+03   -0.9990E+03   -0.9990E+03   -0.9990E+03   -0.9990E+03   -0.9990E+03   -0.9990E+03   -0.9990E+03
   -0.9990E+03   -0.9990E+03   -0.9990E+03   -0.9990E+03   -0.9990E+03   -0.9990E+03   -0.9990E+03   -0.9990E+03   -0.9990E+03   -0.9990E+03   -0.9990E+03   -0.9990E+03   -0.9990E+03   -0.9990E+03   -0.9990E+03   -0.9990E+03   -0.9990E+03   -0.9990E+03   -0.9990E+03   -0.9990E+03   -0.9990E+03   -0.9990E+03   -0.9990E+03   -0.9990E+03   -0.9990E+03   -0.9990E+03   -0.9990E+03   -0.9990E+03   -0.9990E+03   -0.9990E+03   -0.9990E+03   -0.9990E+03   -0.9990E+03   -0.9990E+03   -0.9990E+03   -0.9990E+03   -0.9990E+03   -0.9990E+03   -0.9990E+03   -0.9990E+03    0.2324E+00    0.2202E+00    0.2223E+00    0.2142E+00    0.2307E+00    0.2188E+00    0.2153E+00    0.2169E+00    0.2192E+00    0.2242E+00    0.2326E+00    0.2179E+00    0.2220E+00    0.2345E+00    0.2369E+00    0.2283E+00    0.2146E+00    0.2186E+00    0.2273E+00   -0.9990E+03   -0.9990E+03   -0.9990E+03   -0.9990E+03   -0.9990E+03   -0.9990E+03   -0.9990E+03   -0.9990E+03   -0.9990E+03   -0.9990E+03   -0.9990E+03   -0.9990E+03   -0.9990E+03   -0.9990E+03   -0.9990E+03   -0.9990E+03   -0.9990E+03
   -0.9990E+03   -0.9990E+03   -0.9990E+03   -0.9990E+03   -0.9990E+03   -0.9990E+03   -0.9990E+03   -0.9990E+03   -0.9990E+03   -0.9990E+03   -0.9990E+03   -0.9990E+03   -0.9990E+03   -0.9990E+03   -0.9990E+03   -0.9990E+03   -0.9990E+03   -0.9990E+03   -0.9990E+03   -0.9990E+03   -0.9990E+03   -0.9990E+03   -0.9990E+03   -0.9990E+03   -0.9990E+03   -0.9990E+03   -0.9990E+03   -0.9990E+03   -0.9990E+03   -0.9990E+03   -0.9990E+03   -0.9990E+03   -0.9990E+03   -0.9990E+03   -0.9990E+03   -0.9990E+03   -0.9990E+03   -0.9990E+03   -0.9990E+03   -0.9990E+03    0.2295E+00    0.2172E+00    0.2086E+00    0.1697E+00    0.1741E+00    0.1387E+00    0.2245E+00    0.2199E+00    0.2265E+00    0.2239E+00    0.2254E+00    0.2228E+00    0.2246E+00    0.2290E+00    0.3410E-01    0.3407E-01    0.3400E-01    0.3403E-01    0.3404E-01   -0.9990E+03   -0.9990E+03   -0.9990E+03   -0.9990E+03   -0.9990E+03   -0.9990E+03   -0.9990E+03   -0.9990E+03   -0.9990E+03   -0.9990E+03   -0.9990E+03   -0.9990E+03   -0.9990E+03   -0.9990E+03   -0.9990E+03   -0.9990E+03   -0.9990E+03
   -0.9990E+03   -0.9990E+03   -0.9990E+03   -0.9990E+03   -0.9990E+03   -0.9990E+03   -0.9990E+03   -0.9990E+03   -0.9990E+03   -0.9990E+03   -0.9990E+03   -0.9990E+03   -0.9990E+03   -0.9990E+03   -0.9990E+03   -0.9990E+03   -0.9990E+03   -0.9990E+03   -0.9990E+03   -0.9990E+03   -0.9990E+03   -0.9990E+03   -0.9990E+03   -0.9990E+03   -0.9990E+03   -0.9990E+03   -0.9990E+03   -0.9990E+03   -0.9990E+03   -0.9990E+03   -0.9990E+03   -0.9990E+03   -0.9990E+03   -0.9990E+03   -0.9990E+03   -0.9990E+03   -0.9990E+03   -0.9990E+03   -0.9990E+03    0.2296E+00    0.2148E+00    0.1065E+00    0.3432E-01    0.3433E-01    0.3426E-01    0.3430E-01    0.2218E+00    0.2272E+00    0.2200E+00    0.2225E+00    0.2219E+00    0.2280E+00    0.1730E+00    0.3415E-01    0.3405E-01    0.3406E-01    0.3400E-01    0.3403E-01    0.3407E-01   -0.9990E+03   -0.9990E+03   -0.9990E+03   -0.9990E+03   -0.9990E+03   -0.9990E+03   -0.9990E+03   -0.9990E+03   -0.9990E+03   -0.9990E+03   -0.9990E+03   -0.9990E+03   -0.9990E+03   -0.9990E+03   -0.9990E+03   -0.9990E+03   -0.9990E+03
   -0.9990E+03   -0.9990E+03   -0.9990E+03   -0.9990E+03   -0.9990E+03   -0.9990E+03   -0.9990E+03   -0.9990E+03   -0.9990E+03   -0.9990E+03   -0.9990E+03   -0.9990E+03   -0.9990E+03   -0.9990E+03   -0.9990E+03   -0.9990E+03   -0.9990E+03   -0.9990E+03   -0.9990E+03   -0.9990E+03   -0.9990E+03   -0.9990E+03   -0.9990E+03   -0.9990E+03   -0.9990E+03   -0.9990E+03   -0.9990E+03   -0.9990E+03   -0.9990E+03   -0.9990E+03   -0.9990E+03   -0.9990E+03   -0.9990E+03   -0.9990E+03   -0.9990E+03   -0.9990E+03   -0.9990E+03   -0.9990E+03   -0.9990E+03    0.2254E+00    0.1635E+00    0.3448E-01    0.3434E-01    0.3436E-01    0.3434E-01    0.3430E-01    0.3427E-01    0.3427E-01    0.1841E+00    0.2237E+00    0.2302E+00    0.3416E-01    0.3413E-01    0.3411E-01    0.1411E+00    0.1317E+00    0.3550E-01    0.3408E-01   -0.9990E+03   -0.9990E+03   -0.9990E+03   -0.9990E+03   -0.9990E+03   -0.9990E+03   -0.9990E+03   -0.9990E+03   -0.9990E+03   -0.9990E+03   -0.9990E+03   -0.9990E+03   -0.9990E+03   -0.9990E+03   -0.9990E+03   -0.9990E+03   -0.9990E+03   -0.9990E+03
   -0.9990E+03   -0.9990E+03   -0.9990E+03   -0.9990E+03   -0.9990E+03   -0.9990E+03   -0.9990E+03   -0.9990E+03   -0.9990E+03   -0.9990E+03   -0.9990E+03   -0.9990E+03   -0.9990E+03   -0.9990E+03   -0.9990E+03   -0.9990E+03   -0.9990E+03   -0.9990E+03   -0.9990E+03   -0.9990E+03   -0.9990E+03   -0.9990E+03   -0.9990E+03   -0.9990E+03   -0.9990E+03   -0.9990E+03   -0.9990E+03   -0.9990E+03   -0.9990E+03   -0.9990E+03   -0.9990E+03   -0.9990E+03   -0.9990E+03    0.1412E+00   -0.9990E+03   -0.9990E+03   -0.9990E+03   -0.9990E+03    0.2253E+00    0.1839E+00    0.3445E-01    0.3448E-01    0.3447E-01    0.3436E-01    0.3441E-01    0.3438E-01    0.3429E-01    0.3475E-01    0.3422E-01    0.3420E-01    0.3421E-01    0.3416E-01    0.1407E+00    0.1412E+00    0.1414E+00    0.1246E+00    0.1277E+00   -0.9990E+03   -0.9990E+03   -0.9990E+03   -0.9990E+03   -0.9990E+03   -0.9990E+03   -0.9990E+03   -0.9990E+03   -0.9990E+03   -0.9990E+03   -0.9990E+03   -0.9990E+03   -0.9990E+03   -0.9990E+03   -0.9990E+03   -0.9990E+03   -0.9990E+03   -0.9990E+03   -0.9990E+03
   -0.9990E+03   -0.9990E+03   -0.9990E+03   -0.9990E+03   -0.9990E+03   -0.9990E+03   -0.9990E+03   -0.9990E+03   -0.9990E+03   -0.9990E+03   -0.9990E+03   -0.9990E+03   -0.9990E+03   -0.9990E+03   -0.9990E+03   -0.9990E+03   -0.9990E+03   -0.9990E+03   -0.9990E+03   -0.9990E+03   -0.9990E+03   -0.9990E+03   -0.9990E+03   -0.9990E+03   -0.9990E+03   -0.9990E+03   -0.9990E+03   -0.9990E+03   -0.9990E+03   -0.9990E+03   -0.9990E+03   -0.9990E+03   -0.9990E+03    0.1421E+00    0.1348E+00    0.3440E-01   -0.9990E+03    0.3435E-01    0.3436E-01    0.1743E+00    0.3442E-01    0.3447E-01    0.3447E-01    0.3449E-01    0.3443E-01    0.3440E-01    0.3438E-01    0.1411E+00    0.1411E+00    0.1409E+00    0.1411E+00    0.1414E+00    0.1414E+00    0.1414E+00    0.1414E+00    0.1411E+00   -0.9990E+03   -0.9990E+03   -0.9990E+03   -0.9990E+03   -0.9990E+03   -0.9990E+03   -0.9990E+03   -0.9990E+03   -0.9990E+03   -0.9990E+03   -0.9990E+03   -0.9990E+03   -0.9990E+03   -0.9990E+03   -0.9990E+03   -0.9990E+03   -0.9990E+03   -0.9990E+03   -0.9990E+03   -0.9990E+03
   -0.9990E+03   -0.9990E+03   -0.9990E+03   -0.9990E+03   -0.9990E+03   -0.9990E+03   -0.9990E+03   -0.9990E+03   -0.9990E+03   -0.9990E+03   -0.9990E+03   -0.9990E+03   -0.9990E+03   -0.9990E+03   -0.9990E+03   -0.9990E+03   -0.9990E+03   -0.9990E+03   -0.9990E+03   -0.9990E+03   -0.9990E+03   -0.9990E+03   -0.9990E+03   -0.9990E+03   -0.9990E+03   -0.9990E+03   -0.9990E+03   -0.9990E+03   -0.9990E+03   -0.9990E+03   -0.9990E+03   -0.9990E+03   -0.9990E+03   -0.9990E+03    0.1412E+00    0.3435E-01    0.3424E-01    0.3429E-01    0.3431E-01    0.1722E+00    0.3437E-01    0.3455E-01    0.1883E+00    0.3456E-01    0.3452E-01    0.3444E-01    0.1409E+00    0.1412E+00    0.1413E+00    0.1413E+00    0.1413E+00    0.1413E+00    0.1413E+00    0.1413E+00    0.1414E+00    0.1414E+00   -0.9990E+03   -0.9990E+03   -0.9990E+03   -0.9990E+03   -0.9990E+03   -0.9990E+03   -0.9990E+03   -0.9990E+03   -0.9990E+03   -0.9990E+03   -0.9990E+03   -0.9990E+03   -0.9990E+03   -0.9990E+03   -0.9990E+03   -0.9990E+03   -0.9990E+03   -0.9990E+03   -0.9990E+03   -0.9990E+03
   -0.9990E+03   -0.9990E+03   -0.9990E+03   -0.9990E+03   -0.9990E+03   -0.9990E+03   -0.9990E+03   -0.9990E+03   -0.9990E+03   -0.9990E+03   -0.9990E+03   -0.9990E+03   -0.9990E+03   -0.9990E+03   -0.9990E+03   -0.9990E+03   -0.9990E+03   -0.9990E+03   -0.9990E+03   -0.9990E+03   -0.9990E+03   -0.9990E+03   -0.9990E+03   -0.9990E+03   -0.9990E+03   -0.9990E+03   -0.9990E+03   -0.9990E+03   -0.9990E+03   -0.9990E+03   -0.9990E+03   -0.9990E+03   -0.9990E+03    0.1412E+00    0.1414E+00    0.3580E-01    0.3429E-01    0.3435E-01    0.3435E-01    0.1506E+00    0.3427E-01    0.3459E-01    0.1690E+00    0.1402E+00    0.1405E+00    0.1407E+00    0.1412E+00    0.1412E+00    0.1413E+00    0.1414E+00    0.3003E+00    0.2730E+00    0.2477E+00    0.2481E+00   -0.9990E+03   -0.9990E+03   -0.9990E+03   -0.9990E+03   -0.9990E+03   -0.9990E+03   -0.9990E+03   -0.9990E+03   -0.9990E+03   -0.9990E+03   -0.9990E+03   -0.9990E+03   -0.9990E+03   -0.9990E+03   -0.9990E+03   -0.9990E+03   -0.9990E+03   -0.9990E+03   -0.9990E+03   -0.9990E+03   -0.9990E+03   -0.9990E+03
   -0.9990E+03   -0.9990E+03   -0.9990E+03   -0.9990E+03   -0.9990E+03   -0.9990E+03   -0.9990E+03   -0.9990E+03   -0.9990E+03   -0.9990E+03   -0.9990E+03   -0.9990E+03   -0.9990E+03   -0.9990E+03   -0.9990E+03   -0.9990E+03   -0.9990E+03   -0.9990E+03   -0.9990E+03   -0.9990E+03   -0.9990E+03   -0.9990E+03   -0.9990E+03   -0.9990E+03   -0.9990E+03   -0.9990E+03   -0.9990E+03   -0.9990E+03   -0.9990E+03   -0.9990E+03   -0.9990E+03   -0.9990E+03   -0.9990E+03    0.1413E+00    0.1413E+00    0.1411E+00    0.3431E-01    0.3435E-01    0.3441E-01    0.1946E+00    0.1408E+00    0.1404E+00    0.1400E+00    0.1404E+00    0.1408E+00    0.1411E+00    0.1412E+00    0.3028E+00    0.2707E+00    0.2688E+00    0.2460E+00    0.2530E+00    0.2524E+00   -0.9990E+03   -0.9990E+03   -0.9990E+03   -0.9990E+03   -0.9990E+03   -0.9990E+03   -0.9990E+03   -0.9990E+03   -0.9990E+03   -0.9990E+03   -0.9990E+03   -0.9990E+03   -0.9990E+03   -0.9990E+03   -0.9990E+03   -0.9990E+03   -0.9990E+03   -0.9990E+03   -0.9990E+03   -0.9990E+03   -0.9990E+03   -0.9990E+03   -0.9990E+03
   -0.9990E+03   -0.9990E+03   -0.9990E+03   -0.9990E+03   -0.9990E+03   -0.9990E+03   -0.9990E+03   -0.9990E+03   -0.9990E+03   -0.9990E+03   -0.9990E+03   -0.9990E+03   -0.9990E+03   -0.9990E+03   -0.9990E+03   -0.9990E+03   -0.9990E+03   -0.9990E+03   -0.9990E+03   -0.9990E+03   -0.9990E+03   -0.9990E+03   -0.9990E+03   -0.9990E+03   -0.9990E+03   -0.9990E+03   -0.9990E+03   -0.9990E+03   -0.9990E+03   -0.9990E+03   -0.9990E+03   -0.9990E+03   -0.9990E+03    0.1413E+00    0.1413E+00    0.1414E+00    0.2093E+00    0.1810E+00    0.1409E+00    0.1410E+00    0.1408E+00    0.1403E+00    0.1399E+00    0.1404E+00    0.1410E+00    0.3010E+00    0.2671E+00    0.2516E+00    0.2655E+00    0.2673E+00    0.2659E+00   -0.9990E+03   -0.9990E+03   -0.9990E+03   -0.9990E+03   -0.9990E+03   -0.9990E+03   -0.9990E+03   -0.9990E+03   -0.9990E+03   -0.9990E+03   -0.9990E+03   -0.9990E+03   -0.9990E+03   -0.9990E+03   -0.9990E+03   -0.9990E+03   -0.9990E+03   -0.9990E+03   -0.9990E+03   -0.9990E+03   -0.9990E+03   -0.9990E+03   -0.9990E+03   -0.9990E+03   -0.9990E+03
   -0.9990E+03   -0.9990E+03   -0.9990E+03   -0.9990E+03   -0.9990E+03   -0.9990E+03   -0.9990E+03   -0.9990E+03   -0.9990E+03   -0.9990E+03   -0.9990E+03   -0.9990E+03   -0.9990E+03   -0.9990E+03   -0.9990E+03   -0.9990E+03   -0.9990E+03   -0.9990E+03   -0.9990E+03   -0.9990E+03   -0.9990E+03   -0.9990E+03   -0.9990E+03   -0.9990E+03   -0.9990E+03   -0.9990E+03   -0.9990E+03   -0.9990E+03   -0.9990E+03   -0.9990E+03   -0.9990E+03   -0.9990E+03   -0.9990E+03    0.1413E+00    0.1413E+00    0.1413E+00    0.3060E+00    0.2614E+00    0.1413E+00    0.1412E+00    0.1410E+00    0.2693E+00    0.2014E+00    0.1947E+00    0.2250E+00    0.2424E+00    0.2571E+00    0.2659E+00    0.2751E+00    0.2824E+00    0.2826E+00    0.2739E+00   -0.9990E+03   -0.9990E+03   -0.9990E+03   -0.9990E+03   -0.9990E+03   -0.9990E+03   -0.9990E+03   -0.9990E+03   -0.9990E+03   -0.9990E+03   -0.9990E+03   -0.9990E+03   -0.9990E+03   -0.9990E+03   -0.9990E+03   -0.9990E+03   -0.9990E+03   -0.9990E+03   -0.9990E+03   -0.9990E+03   -0.9990E+03   -0.9990E+03   -0.9990E+03   -0.9990E+03
   -0.9990E+03   -0.9990E+03   -0.9990E+03   -0.9990E+03   -0.9990E+03   -0.9990E+03   -0.9990E+03   -0.9990E+03   -0.9990E+03   -0.9990E+03   -0.9990E+03   -0.9990E+03   -0.9990E+03   -0.9990E+03   -0.9990E+03   -0.9990E+03   -0.9990E+03   -0.9990E+03   -0.9990E+03   -0.9990E+03   -0.9990E+03   -0.9990E+03   -0.9990E+03   -0.9990E+03   -0.9990E+03   -0.9990E+03   -0.9990E+03   -0.9990E+03   -0.9990E+03   -0.9990E+03   -0.9990E+03    0.1390E+00    0.1413E+00    0.1413E+00    0.1413E+00    0.1413E+00    0.3197E+00    0.2977E+00    0.3317E+00    0.3397E+00    0.2863E+00    0.2558E+00    0.2190E+00    0.1959E+00    0.2118E+00    0.2404E+00    0.2566E+00    0.2701E+00    0.2869E+00    0.2980E+00    0.2940E+00    0.2893E+00   -0.9990E+03   -0.9990E+03   -0.9990E+03   -0.9990E+03   -0.9990E+03   -0.9990E+03   -0.9990E+03   -0.9990E+03   -0.9990E+03   -0.9990E+03   -0.9990E+03   -0.9990E+03   -0.9990E+03   -0.9990E+03   -0.9990E+03   -0.9990E+03   -0.9990E+03   -0.9990E+03   -0.9990E+03   -0.9990E+03   -0.9990E+03   -0.9990E+03   -0.9990E+03   -0.9990E+03
   -0.9990E+03   -0.9990E+03   -0.9990E+03   -0.9990E+03   -0.9990E+03   -0.9990E+03   -0.9990E+03   -0.9990E+03   -0.9990E+03   -0.9990E+03   -0.9990E+03   -0.9990E+03   -0.9990E+03   -0.9990E+03   -0.9990E+03   -0.9990E+03   -0.9990E+03   -0.9990E+03   -0.9990E+03   -0.9990E+03   -0.9990E+03   -0.9990E+03   -0.9990E+03   -0.9990E+03   -0.9990E+03   -0.9990E+03   -0.9990E+03   -0.9990E+03   -0.9990E+03   -0.9990E+03   -0.9990E+03   -0.9990E+03    0.1393E+00    0.1412E+00    0.1413E+00    0.1414E+00    0.3281E+00    0.3206E+00    0.3675E+00    0.3287E+00    0.2947E+00    0.2623E+00    0.2335E+00    0.2111E+00    0.2228E+00    0.2475E+00    0.2662E+00    0.2846E+00    0.3202E+00    0.3679E+00    0.3364E+00    0.3093E+00   -0.9990E+03   -0.9990E+03   -0.9990E+03   -0.9990E+03   -0.9990E+03   -0.9990E+03   -0.9990E+03   -0.9990E+03   -0.9990E+03   -0.9990E+03   -0.9990E+03   -0.9990E+03   -0.9990E+03   -0.9990E+03   -0.9990E+03   -0.9990E+03   -0.9990E+03   -0.9990E+03   -0.9990E+03   -0.9990E+03   -0.9990E+03   -0.9990E+03   -0.9990E+03   -0.9990E+03
   -0.9990E+03   -0.9990E+03   -0.9990E+03   -0.9990E+03   -0.9990E+03   -0.9990E+03   -0.9990E+03   -0.9990E+03   -0.9990E+03   -0.9990E+03   -0.9990E+03   -0.9990E+03   -0.9990E+03   -0.9990E+03   -0.9990E+03   -0.9990E+03   -0.9990E+03   -0.9990E+03   -0.9990E+03   -0.9990E+03   -0.9990E+03   -0.9990E+03   -0.9990E+03   -0.9990E+03   -0.9990E+03   -0.9990E+03   -0.9990E+03   -0.9990E+03   -0.9990E+03   -0.9990E+03   -0.9990E+03   -0.9990E+03    0.4121E+00    0.5761E+00    0.1413E+00    0.1414E+00    0.3541E+00    0.3864E+00    0.3899E+00    0.3516E+00    0.3163E+00    0.2764E+00    0.2513E+00    0.2357E+00    0.2375E+00    0.2538E+00    0.2727E+00    0.2950E+00    0.3414E+00    0.4163E+00    0.3609E+00   -0.9990E+03   -0.9990E+03   -0.9990E+03   -0.9990E+03   -0.9990E+03   -0.9990E+03   -0.9990E+03   -0.9990E+03   -0.9990E+03   -0.9990E+03   -0.9990E+03   -0.9990E+03   -0.9990E+03   -0.9990E+03   -0.9990E+03   -0.9990E+03   -0.9990E+03   -0.9990E+03   -0.9990E+03   -0.9990E+03   -0.9990E+03   -0.9990E+03   -0.9990E+03   -0.9990E+03   -0.9990E+03
   -0.9990E+03   -0.9990E+03   -0.9990E+03   -0.9990E+03   -0.9990E+03   -0.9990E+03   -0.9990E+03   -0.9990E+03   -0.9990E+03   -0.9990E+03   -0.9990E+03   -0.9990E+03   -0.9990E+03   -0.9990E+03   -0.9990E+03   -0.9990E+03   -0.9990E+03   -0.9990E+03   -0.9990E+03   -0.9990E+03   -0.9990E+03   -0.9990E+03   -0.9990E+03   -0.9990E+03   -0.9990E+03   -0.9990E+03   -0.9990E+03   -0.9990E+03   -0.9990E+03   -0.9990E+03   -0.9990E+03   -0.9990E+03    0.3886E+00    0.7237E+00    0.7259E+00    0.7018E+00    0.6941E+00    0.4530E+00    0.4767E+00    0.3971E+00    0.3314E+00    0.2831E+00    0.2682E+00    0.2505E+00    0.2377E+00    0.2634E+00    0.2829E+00    0.3046E+00    0.3623E+00    0.3650E+00   -0.9990E+03   -0.9990E+03   -0.9990E+03   -0.9990E+03   -0.9990E+03   -0.9990E+03   -0.9990E+03   -0.9990E+03   -0.9990E+03   -0.9990E+03   -0.9990E+03   -0.9990E+03   -0.9990E+03   -0.9990E+03   -0.9990E+03   -0.9990E+03   -0.9990E+03   -0.9990E+03   -0.9990E+03   -0.9990E+03   -0.9990E+03   -0.9990E+03   -0.9990E+03   -0.9990E+03   -0.9990E+03   -0.9990E+03
   -0.9990E+03   -0.9990E+03   -0.9990E+03   -0.9990E+03   -0.9990E+03   -0.9990E+03   -0.9990E+03   -0.9990E+03   -0.9990E+03   -0.9990E+03   -0.9990E+03   -0.9990E+03   -0.9990E+03   -0.9990E+03   -0.9990E+03   -0.9990E+03   -0.9990E+03   -0.9990E+03   -0.9990E+03   -0.9990E+03   -0.9990E+03   -0.9990E+03   -0.9990E+03   -0.9990E+03   -0.9990E+03   -0.9990E+03   -0.9990E+03   -0.9990E+03   -0.9990E+03   -0.9990E+03   -0.9990E+03   -0.9990E+03   -0.9990E+03    0.3828E+00    0.7314E+00    0.6178E+00    0.6639E+00    0.4886E+00    0.4822E+00    0.3974E+00    0.3442E+00    0.3024E+00    0.2859E+00    0.2682E+00    0.2556E+00    0.2765E+00    0.2970E+00    0.3159E+00    0.3428E+00    0.3477E+00   -0.9990E+03   -0.9990E+03   -0.9990E+03   -0.9990E+03   -0.9990E+03   -0.9990E+03   -0.9990E+03   -0.9990E+03   -0.9990E+03   -0.9990E+03   -0.9990E+03   -0.9990E+03   -0.9990E+03   -0.9990E+03   -0.9990E+03   -0.9990E+03   -0.9990E+03   -0.9990E+03   -0.9990E+03   -0.9990E+03   -0.9990E+03   -0.9990E+03   -0.9990E+03   -0.9990E+03   -0.9990E+03   -0.9990E+03
   -0.9990E+03   -0.9990E+03   -0.9990E+03   -0.9990E+03   -0.9990E+03   -0.9990E+03   -0.9990E+03   -0.9990E+03   -0.9990E+03   -0.9990E+03   -0.9990E+03   -0.9990E+03   -0.9990E+03   -0.9990E+03   -0.9990E+03   -0.9990E+03   -0.9990E+03   -0.9990E+03   -0.9990E+03   -0.9990E+03   -0.9990E+03   -0.9990E+03   -0.9990E+03   -0.9990E+03   -0.9990E+03   -0.9990E+03   -0.9990E+03   -0.9990E+03   -0.9990E+03   -0.9990E+03   -0.9990E+03   -0.9990E+03    0.7272E+00    0.8116E+00    0.5017E+00    0.7430E+00    0.6444E+00    0.6061E+00    0.5829E+00    0.5099E+00    0.3329E+00    0.3020E+00    0.2971E+00    0.2867E+00    0.2857E+00    0.2955E+00    0.3167E+00    0.3253E+00    0.3120E+00    0.3127E+00   -0.9990E+03   -0.9990E+03   -0.9990E+03   -0.9990E+03   -0.9990E+03   -0.9990E+03   -0.9990E+03   -0.9990E+03   -0.9990E+03   -0.9990E+03   -0.9990E+03   -0.9990E+03   -0.9990E+03   -0.9990E+03   -0.9990E+03   -0.9990E+03   -0.9990E+03   -0.9990E+03   -0.9990E+03   -0.9990E+03   -0.9990E+03   -0.9990E+03   -0.9990E+03   -0.9990E+03   -0.9990E+03   -0.9990E+03
   -0.9990E+03   -0.9990E+03   -0.9990E+03   -0.9990E+03   -0.9990E+03   -0.9990E+03   -0.9990E+03   -0.9990E+03   -0.9990E+03   -0.9990E+03   -0.9990E+03   -0.9990E+03   -0.9990E+03   -0.9990E+03   -0.9990E+03   -0.9990E+03   -0.9990E+03   -0.9990E+03   -0.9990E+03   -0.9990E+03   -0.9990E+03   -0.9990E+03   -0.9990E+03   -0.9990E+03   -0.9990E+03   -0.9990E+03   -0.9990E+03   -0.9990E+03   -0.9990E+03   -0.9990E+03   -0.9990E+03   -0.9990E+03    0.9129E+00    0.9149E+00   -0.9990E+03    0.7431E+00    0.4709E+00    0.3482E+00    0.3169E+00    0.5142E+00    0.4675E+00    0.3612E+00    0.3293E+00    0.3315E+00    0.3518E+00    0.3859E+00    0.3919E+00    0.3788E+00    0.2938E+00    0.2950E+00   -0.9990E+03   -0.9990E+03   -0.9990E+03   -0.9990E+03   -0.9990E+03   -0.9990E+03   -0.9990E+03   -0.9990E+03   -0.9990E+03   -0.9990E+03   -0.9990E+03   -0.9990E+03   -0.9990E+03   -0.9990E+03   -0.9990E+03   -0.9990E+03   -0.9990E+03   -0.9990E+03   -0.9990E+03   -0.9990E+03   -0.9990E+03   -0.9990E+03   -0.9990E+03   -0.9990E+03   -0.9990E+03   -0.9990E+03
   -0.9990E+03   -0.9990E+03   -0.9990E+03   -0.9990E+03   -0.9990E+03   -0.9990E+03   -0.9990E+03   -0.9990E+03   -0.9990E+03   -0.9990E+03   -0.9990E+03   -0.9990E+03   -0.9990E+03   -0.9990E+03   -0.9990E+03   -0.9990E+03   -0.9990E+03   -0.9990E+03   -0.9990E+03   -0.9990E+03   -0.9990E+03   -0.9990E+03   -0.9990E+03   -0.9990E+03   -0.9990E+03   -0.9990E+03   -0.9990E+03   -0.9990E+03   -0.9990E+03   -0.9990E+03   -0.9990E+03   -0.9990E+03    0.5677E+00    0.5388E+00   -0.9990E+03   -0.9990E+03    0.4904E+00    0.3792E+00    0.3582E+00    0.5663E+00    0.5142E+00    0.3379E+00    0.3021E+00    0.3017E+00    0.3270E+00    0.4833E+00    0.3805E+00    0.3805E+00    0.3584E+00    0.3637E+00   -0.9990E+03   -0.9990E+03   -0.9990E+03   -0.9990E+03   -0.9990E+03   -0.9990E+03   -0.9990E+03   -0.9990E+03   -0.9990E+03   -0.9990E+03   -0.9990E+03   -0.9990E+03   -0.9990E+03   -0.9990E+03   -0.9990E+03   -0.9990E+03   -0.9990E+03   -0.9990E+03   -0.9990E+03   -0.9990E+03   -0.9990E+03   -0.9990E+03   -0.9990E+03   -0.9990E+03   -0.9990E+03   -0.9990E+03
   -0.9990E+03   -0.9990E+03   -0.9990E+03   -0.9990E+03   -0.9990E+03   -0.9990E+03   -0.9990E+03   -0.9990E+03   -0.9990E+03   -0.9990E+03   -0.9990E+03   -0.9990E+03   -0.9990E+03   -0.9990E+03   -0.9990E+03   -0.9990E+03   -0.9990E+03   -0.9990E+03   -0.9990E+03   -0.9990E+03   -0.9990E+03   -0.9990E+03   -0.9990E+03   -0.9990E+03   -0.9990E+03   -0.9990E+03   -0.9990E+03   -0.9990E+03   -0.9990E+03   -0.9990E+03   -0.9990E+03   -0.9990E+03   -0.9990E+03   -0.9990E+03   -0.9990E+03    0.6214E+00    0.6010E+00    0.3542E+00    0.2871E+00    0.4326E+00    0.3725E+00    0.2767E+00   -0.2926E-01    0.2701E+00    0.2975E+00    0.3292E+00    0.3279E+00    0.3332E+00    0.3520E+00    0.3329E+00    0.3350E+00   -0.9990E+03   -0.9990E+03   -0.9990E+03   -0.9990E+03   -0.9990E+03   -0.9990E+03   -0.9990E+03   -0.9990E+03   -0.9990E+03   -0.9990E+03   -0.9990E+03   -0.9990E+03   -0.9990E+03   -0.9990E+03   -0.9990E+03   -0.9990E+03   -0.9990E+03   -0.9990E+03   -0.9990E+03   -0.9990E+03   -0.9990E+03   -0.9990E+03   -0.9990E+03   -0.9990E+03   -0.9990E+03
   -0.9990E+03   -0.9990E+03   -0.9990E+03   -0.9990E+03   -0.9990E+03   -0.9990E+03   -0.9990E+03   -0.9990E+03   -0.9990E+03   -0.9990E+03   -0.9990E+03   -0.9990E+03   -0.9990E+03   -0.9990E+03   -0.9990E+03   -0.9990E+03   -0.9990E+03   -0.9990E+03   -0.9990E+03   -0.9990E+03   -0.9990E+03   -0.9990E+03   -0.9990E+03   -0.9990E+03   -0.9990E+03   -0.9990E+03   -0.9990E+03   -0.9990E+03   -0.9990E+03   -0.9990E+03   -0.9990E+03   -0.9990E+03   -0.9990E+03   -0.9990E+03   -0.9990E+03    0.4639E+00   -0.9990E+03    0.2433E-02    0.2061E+00    0.1979E+00    0.3292E+00    0.2647E+00    0.2471E+00    0.2578E+00    0.2780E+00    0.3028E+00    0.3107E+00    0.3073E+00    0.3123E+00    0.3276E+00    0.3059E+00   -0.9990E+03   -0.9990E+03   -0.9990E+03   -0.9990E+03   -0.9990E+03   -0.9990E+03   -0.9990E+03   -0.9990E+03   -0.9990E+03   -0.9990E+03   -0.9990E+03   -0.9990E+03   -0.9990E+03   -0.9990E+03   -0.9990E+03   -0.9990E+03   -0.9990E+03   -0.9990E+03   -0.9990E+03   -0.9990E+03   -0.9990E+03   -0.9990E+03   -0.9990E+03   -0.9990E+03   -0.9990E+03
   -0.9990E+03   -0.9990E+03   -0.9990E+03   -0.9990E+03   -0.9990E+03   -0.9990E+03   -0.9990E+03   -0.9990E+03   -0.9990E+03   -0.9990E+03   -0.9990E+03   -0.9990E+03   -0.9990E+03   -0.9990E+03   -0.9990E+03   -0.9990E+03   -0.9990E+03   -0.9990E+03   -0.9990E+03   -0.9990E+03   -0.9990E+03   -0.9990E+03   -0.9990E+03   -0.9990E+03   -0.9990E+03   -0.9990E+03   -0.9990E+03   -0.9990E+03   -0.9990E+03   -0.9990E+03   -0.9990E+03   -0.9990E+03   -0.9990E+03   -0.9990E+03   -0.9990E+03    0.6589E+00    0.4179E+00    0.2912E+00    0.1570E+00    0.1759E+00    0.2924E+00    0.2692E+00    0.2564E+00    0.2558E+00    0.2598E+00    0.2772E+00    0.2847E+00    0.2964E+00    0.3043E+00    0.3066E+00    0.3337E+00    0.3383E+00   -0.9990E+03   -0.9990E+03   -0.9990E+03   -0.9990E+03   -0.9990E+03   -0.9990E+03   -0.9990E+03   -0.9990E+03   -0.9990E+03   -0.9990E+03   -0.9990E+03   -0.9990E+03   -0.9990E+03   -0.9990E+03   -0.9990E+03   -0.9990E+03   -0.9990E+03   -0.9990E+03   -0.9990E+03   -0.9990E+03   -0.9990E+03   -0.9990E+03   -0.9990E+03   -0.9990E+03
   -0.9990E+03   -0.9990E+03   -0.9990E+03   -0.9990E+03   -0.9990E+03   -0.9990E+03   -0.9990E+03   -0.9990E+03   -0.9990E+03   -0.9990E+03   -0.9990E+03   -0.9990E+03   -0.9990E+03   -0.9990E+03   -0.9990E+03   -0.9990E+03   -0.9990E+03   -0.9990E+03   -0.9990E+03   -0.9990E+03   -0.9990E+03   -0.9990E+03   -0.9990E+03   -0.9990E+03   -0.9990E+03   -0.9990E+03   -0.9990E+03   -0.9990E+03   -0.9990E+03   -0.9990E+03   -0.9990E+03   -0.9990E+03   -0.9990E+03   -0.9990E+03    0.3222E-02    0.3761E+00    0.2679E+00    0.2056E+00    0.1782E+00    0.3008E+00    0.2779E+00    0.2591E+00    0.2509E+00    0.2491E+00    0.2571E+00    0.2818E+00    0.2735E+00    0.2914E+00    0.3199E+00    0.3283E+00    0.3311E+00    0.3354E+00   -0.9990E+03   -0.9990E+03   -0.9990E+03   -0.9990E+03   -0.9990E+03   -0.9990E+03   -0.9990E+03   -0.9990E+03   -0.9990E+03   -0.9990E+03   -0.9990E+03   -0.9990E+03   -0.9990E+03   -0.9990E+03   -0.9990E+03   -0.9990E+03   -0.9990E+03   -0.9990E+03   -0.9990E+03   -0.9990E+03   -0.9990E+03   -0.9990E+03   -0.9990E+03   -0.9990E+03
   -0.9990E+03   -0.9990E+03   -0.9990E+03   -0.9990E+03   -0.9990E+03   -0.9990E+03   -0.9990E+03   -0.9990E+03   -0.9990E+03   -0.9990E+03   -0.9990E+03   -0.9990E+03   -0.9990E+03   -0.9990E+03   -0.9990E+03   -0.9990E+03   -0.9990E+03   -0.9990E+03   -0.9990E+03   -0.9990E+03   -0.9990E+03   -0.9990E+03   -0.9990E+03   -0.9990E+03   -0.9990E+03   -0.9990E+03   -0.9990E+03   -0.9990E+03   -0.9990E+03   -0.9990E+03   -0.9990E+03   -0.9990E+03   -0.9990E+03   -0.9990E+03    0.3478E+00    0.2577E+00    0.4002E+00    0.3330E+00    0.1493E+00    0.2608E+00    0.2485E+00    0.2323E+00    0.2279E+00    0.2328E+00    0.2488E+00    0.2800E+00    0.2965E+00    0.3215E+00    0.3408E+00    0.3292E+00    0.3317E+00    0.3362E+00   -0.9990E+03   -0.9990E+03   -0.9990E+03   -0.9990E+03   -0.9990E+03   -0.9990E+03   -0.9990E+03   -0.9990E+03   -0.9990E+03   -0.9990E+03   -0.9990E+03   -0.9990E+03   -0.9990E+03   -0.9990E+03   -0.9990E+03   -0.9990E+03   -0.9990E+03   -0.9990E+03   -0.9990E+03   -0.9990E+03   -0.9990E+03   -0.9990E+03   -0.9990E+03   -0.9990E+03
   -0.9990E+03   -0.9990E+03   -0.9990E+03   -0.9990E+03   -0.9990E+03   -0.9990E+03   -0.9990E+03   -0.9990E+03   -0.9990E+03   -0.9990E+03   -0.9990E+03   -0.9990E+03   -0.9990E+03   -0.9990E+03   -0.9990E+03   -0.9990E+03   -0.9990E+03   -0.9990E+03   -0.9990E+03   -0.9990E+03   -0.9990E+03   -0.9990E+03   -0.9990E+03   -0.9990E+03   -0.9990E+03   -0.9990E+03   -0.9990E+03   -0.9990E+03   -0.9990E+03   -0.9990E+03   -0.9990E+03   -0.9990E+03   -0.9990E+03   -0.9990E+03    0.4256E+00    0.4253E+00    0.3623E+00    0.3076E+00    0.2685E+00    0.2530E+00    0.2351E+00    0.2181E+00    0.2097E+00    0.2189E+00    0.2525E+00    0.2764E+00    0.3003E+00    0.3280E+00    0.3455E+00    0.3519E+00    0.3595E+00   -0.9990E+03   -0.9990E+03   -0.9990E+03   -0.9990E+03   -0.9990E+03   -0.9990E+03   -0.9990E+03   -0.9990E+03   -0.9990E+03   -0.9990E+03   -0.9990E+03   -0.9990E+03   -0.9990E+03   -0.9990E+03   -0.9990E+03   -0.9990E+03   -0.9990E+03   -0.9990E+03   -0.9990E+03   -0.9990E+03   -0.9990E+03   -0.9990E+03   -0.9990E+03   -0.9990E+03   -0.9990E+03
   -0.9990E+03   -0.9990E+03   -0.9990E+03   -0.9990E+03   -0.9990E+03   -0.9990E+03   -0.9990E+03   -0.9990E+03   -0.9990E+03   -0.9990E+03   -0.9990E+03   -0.9990E+03   -0.9990E+03   -0.9990E+03   -0.9990E+03   -0.9990E+03   -0.9990E+03   -0.9990E+03   -0.9990E+03   -0.9990E+03   -0.9990E+03   -0.9990E+03   -0.9990E+03   -0.9990E+03   -0.9990E+03   -0.9990E+03   -0.9990E+03   -0.9990E+03   -0.9990E+03   -0.9990E+03   -0.9990E+03   -0.9990E+03   -0.9990E+03   -0.9990E+03    0.3426E+00    0.3597E+00    0.3299E+00    0.2977E+00    0.2771E+00    0.2560E+00    0.2338E+00    0.2142E+00    0.1868E+00    0.2206E+00    0.2521E+00    0.2742E+00    0.3087E+00    0.3415E+00    0.3540E+00    0.3546E+00    0.3589E+00    0.3637E+00   -0.9990E+03   -0.9990E+03   -0.9990E+03   -0.9990E+03   -0.9990E+03   -0.9990E+03   -0.9990E+03   -0.9990E+03   -0.9990E+03   -0.9990E+03   -0.9990E+03   -0.9990E+03   -0.9990E+03   -0.9990E+03   -0.9990E+03   -0.9990E+03   -0.9990E+03   -0.9990E+03   -0.9990E+03   -0.9990E+03   -0.9990E+03   -0.9990E+03   -0.9990E+03   -0.9990E+03
   -0.9990E+03   -0.9990E+03   -0.9990E+03   -0.9990E+03   -0.9990E+03   -0.9990E+03   -0.9990E+03   -0.9990E+03   -0.9990E+03   -0.9990E+03   -0.9990E+03   -0.9990E+03   -0.9990E+03   -0.9990E+03   -0.9990E+03   -0.9990E+03   -0.9990E+03   -0.9990E+03   -0.9990E+03   -0.9990E+03   -0.9990E+03   -0.9990E+03   -0.9990E+03   -0.9990E+03   -0.9990E+03   -0.9990E+03   -0.9990E+03   -0.9990E+03   -0.9990E+03   -0.9990E+03   -0.9990E+03   -0.9990E+03   -0.9990E+03    0.3301E+00    0.2523E+00    0.3234E+00    0.3121E+00    0.3121E+00    0.2890E+00    0.2661E+00    0.2528E+00    0.2361E+00    0.2429E+00    0.2504E+00    0.2652E+00    0.2887E+00    0.3056E+00    0.3328E+00    0.3482E+00    0.3553E+00    0.3604E+00   -0.9990E+03   -0.9990E+03   -0.9990E+03   -0.9990E+03   -0.9990E+03   -0.9990E+03   -0.9990E+03   -0.9990E+03   -0.9990E+03   -0.9990E+03   -0.9990E+03   -0.9990E+03   -0.9990E+03   -0.9990E+03   -0.9990E+03   -0.9990E+03   -0.9990E+03   -0.9990E+03   -0.9990E+03   -0.9990E+03   -0.9990E+03   -0.9990E+03   -0.9990E+03   -0.9990E+03   -0.9990E+03
   -0.9990E+03   -0.9990E+03   -0.9990E+03   -0.9990E+03   -0.9990E+03   -0.9990E+03   -0.9990E+03   -0.9990E+03   -0.9990E+03   -0.9990E+03   -0.9990E+03   -0.9990E+03   -0.9990E+03   -0.9990E+03   -0.9990E+03   -0.9990E+03   -0.9990E+03   -0.9990E+03   -0.9990E+03   -0.9990E+03   -0.9990E+03   -0.9990E+03   -0.9990E+03   -0.9990E+03   -0.9990E+03   -0.9990E+03   -0.9990E+03   -0.9990E+03   -0.9990E+03   -0.9990E+03   -0.9990E+03    0.4120E+00    0.2729E+00    0.3272E+00    0.3101E+00    0.3170E+00    0.3151E+00    0.3089E+00    0.2961E+00    0.1616E+00    0.1546E+00    0.2630E+00    0.2727E+00    0.2768E+00    0.2786E+00    0.3067E+00    0.3207E+00    0.3126E+00    0.3262E+00    0.3579E+00   -0.9990E+03   -0.9990E+03   -0.9990E+03   -0.9990E+03   -0.9990E+03   -0.9990E+03   -0.9990E+03   -0.9990E+03   -0.9990E+03   -0.9990E+03   -0.9990E+03   -0.9990E+03   -0.9990E+03   -0.9990E+03   -0.9990E+03   -0.9990E+03   -0.9990E+03   -0.9990E+03   -0.9990E+03   -0.9990E+03   -0.9990E+03   -0.9990E+03   -0.9990E+03   -0.9990E+03   -0.9990E+03   -0.9990E+03
   -0.9990E+03   -0.9990E+03   -0.9990E+03   -0.9990E+03   -0.9990E+03   -0.9990E+03   -0.9990E+03   -0.9990E+03   -0.9990E+03   -0.9990E+03   -0.9990E+03   -0.9990E+03   -0.9990E+03   -0.9990E+03   -0.9990E+03   -0.9990E+03   -0.9990E+03   -0.9990E+03   -0.9990E+03   -0.9990E+03   -0.9990E+03   -0.9990E+03   -0.9990E+03   -0.9990E+03   -0.9990E+03   -0.9990E+03   -0.9990E+03   -0.9990E+03   -0.9990E+03   -0.9990E+03   -0.9990E+03    0.3533E+00    0.3419E+00    0.3487E+00    0.3423E+00    0.3323E+00    0.3230E+00    0.3174E+00    0.2919E+00    0.1688E+00    0.2054E+00    0.2808E+00    0.2956E+00    0.2930E+00    0.3038E+00    0.3220E+00    0.3211E+00    0.3396E+00    0.3367E+00   -0.9990E+03   -0.9990E+03   -0.9990E+03   -0.9990E+03   -0.9990E+03   -0.9990E+03   -0.9990E+03   -0.9990E+03   -0.9990E+03   -0.9990E+03   -0.9990E+03   -0.9990E+03   -0.9990E+03   -0.9990E+03   -0.9990E+03   -0.9990E+03   -0.9990E+03   -0.9990E+03   -0.9990E+03   -0.9990E+03   -0.9990E+03   -0.9990E+03   -0.9990E+03   -0.9990E+03   -0.9990E+03   -0.9990E+03   -0.9990E+03
   -0.9990E+03   -0.9990E+03   -0.9990E+03   -0.9990E+03   -0.9990E+03   -0.9990E+03   -0.9990E+03   -0.9990E+03   -0.9990E+03   -0.9990E+03   -0.9990E+03   -0.9990E+03   -0.9990E+03   -0.9990E+03   -0.9990E+03   -0.9990E+03   -0.9990E+03   -0.9990E+03   -0.9990E+03   -0.9990E+03   -0.9990E+03   -0.9990E+03   -0.9990E+03   -0.9990E+03   -0.9990E+03   -0.9990E+03   -0.9990E+03   -0.9990E+03   -0.9990E+03   -0.9990E+03   -0.9990E+03    0.3533E+00    0.3416E+00    0.3540E+00    0.3625E+00    0.3200E+00    0.3359E+00    0.3295E+00    0.3259E+00    0.3102E+00    0.3131E+00    0.3223E+00    0.3111E+00    0.3186E+00    0.3223E+00    0.3313E+00    0.3425E+00    0.3495E+00   -0.9990E+03   -0.9990E+03   -0.9990E+03   -0.9990E+03   -0.9990E+03   -0.9990E+03   -0.9990E+03   -0.9990E+03   -0.9990E+03   -0.9990E+03   -0.9990E+03   -0.9990E+03   -0.9990E+03   -0.9990E+03   -0.9990E+03   -0.9990E+03   -0.9990E+03   -0.9990E+03   -0.9990E+03   -0.9990E+03   -0.9990E+03   -0.9990E+03   -0.9990E+03   -0.9990E+03   -0.9990E+03   -0.9990E+03   -0.9990E+03   -0.9990E+03
   -0.9990E+03   -0.9990E+03   -0.9990E+03   -0.9990E+03   -0.9990E+03   -0.9990E+03   -0.9990E+03   -0.9990E+03   -0.9990E+03   -0.9990E+03   -0.9990E+03   -0.9990E+03   -0.9990E+03   -0.9990E+03   -0.9990E+03   -0.9990E+03   -0.9990E+03   -0.9990E+03   -0.9990E+03   -0.9990E+03   -0.9990E+03   -0.9990E+03   -0.9990E+03   -0.9990E+03   -0.9990E+03   -0.9990E+03   -0.9990E+03   -0.9990E+03   -0.9990E+03   -0.9990E+03   -0.9990E+03    0.3572E+00    0.3574E+00    0.3550E+00    0.3655E+00    0.3518E+00    0.3353E+00    0.3100E+00    0.3609E+00    0.3438E+00    0.3390E+00    0.3270E+00    0.3435E+00    0.3417E+00    0.3516E+00    0.3675E+00    0.3756E+00    0.3808E+00   -0.9990E+03   -0.9990E+03   -0.9990E+03   -0.9990E+03   -0.9990E+03   -0.9990E+03   -0.9990E+03   -0.9990E+03   -0.9990E+03   -0.9990E+03   -0.9990E+03   -0.9990E+03   -0.9990E+03   -0.9990E+03   -0.9990E+03   -0.9990E+03   -0.9990E+03   -0.9990E+03   -0.9990E+03   -0.9990E+03   -0.9990E+03   -0.9990E+03   -0.9990E+03   -0.9990E+03   -0.9990E+03   -0.9990E+03   -0.9990E+03   -0.9990E+03
   -0.9990E+03   -0.9990E+03   -0.9990E+03   -0.9990E+03   -0.9990E+03   -0.9990E+03   -0.9990E+03   -0.9990E+03   -0.9990E+03   -0.9990E+03   -0.9990E+03   -0.9990E+03   -0.9990E+03   -0.9990E+03   -0.9990E+03   -0.9990E+03   -0.9990E+03   -0.9990E+03   -0.9990E+03   -0.9990E+03   -0.9990E+03   -0.9990E+03   -0.9990E+03   -0.9990E+03   -0.9990E+03   -0.9990E+03   -0.9990E+03   -0.9990E+03   -0.9990E+03   -0.9990E+03    0.1506E+00    0.2756E+00    0.2740E+00    0.3616E+00    0.3665E+00    0.3557E+00    0.3291E+00    0.3398E+00    0.3321E+00    0.3325E+00    0.3579E+00    0.3409E+00    0.3577E+00    0.3579E+00    0.3596E+00    0.3869E+00    0.3981E+00   -0.9990E+03   -0.9990E+03   -0.9990E+03   -0.9990E+03   -0.9990E+03   -0.9990E+03   -0.9990E+03   -0.9990E+03   -0.9990E+03   -0.9990E+03   -0.9990E+03   -0.9990E+03   -0.9990E+03   -0.9990E+03   -0.9990E+03   -0.9990E+03   -0.9990E+03   -0.9990E+03   -0.9990E+03   -0.9990E+03   -0.9990E+03   -0.9990E+03   -0.9990E+03   -0.9990E+03   -0.9990E+03   -0.9990E+03   -0.9990E+03   -0.9990E+03   -0.9990E+03
   -0.9990E+03   -0.9990E+03   -0.9990E+03   -0.9990E+03   -0.9990E+03   -0.9990E+03   -0.9990E+03   -0.9990E+03   -0.9990E+03   -0.9990E+03   -0.9990E+03   -0.9990E+03   -0.9990E+03   -0.9990E+03   -0.9990E+03   -0.9990E+03   -0.9990E+03   -0.9990E+03   -0.9990E+03   -0.9990E+03   -0.9990E+03   -0.9990E+03   -0.9990E+03   -0.9990E+03   -0.9990E+03   -0.9990E+03   -0.9990E+03   -0.9990E+03   -0.9990E+03   -0.9990E+03    0.2635E+00    0.2693E+00    0.2774E+00    0.2772E+00    0.2861E+00    0.3484E+00    0.3471E+00    0.3623E+00    0.3449E+00    0.3420E+00    0.3393E+00    0.3347E+00    0.3629E+00    0.3724E+00    0.3746E+00    0.3909E+00    0.4055E+00   -0.9990E+03   -0.9990E+03   -0.9990E+03   -0.9990E+03   -0.9990E+03   -0.9990E+03   -0.9990E+03   -0.9990E+03   -0.9990E+03   -0.9990E+03   -0.9990E+03   -0.9990E+03   -0.9990E+03   -0.9990E+03   -0.9990E+03   -0.9990E+03   -0.9990E+03   -0.9990E+03   -0.9990E+03   -0.9990E+03   -0.9990E+03   -0.9990E+03   -0.9990E+03   -0.9990E+03   -0.9990E+03   -0.9990E+03   -0.9990E+03   -0.9990E+03   -0.9990E+03
   -0.9990E+03   -0.9990E+03   -0.9990E+03   -0.9990E+03   -0.9990E+03   -0.9990E+03   -0.9990E+03   -0.9990E+03   -0.9990E+03   -0.9990E+03   -0.9990E+03   -0.9990E+03   -0.9990E+03   -0.9990E+03   -0.9990E+03   -0.9990E+03   -0.9990E+03   -0.9990E+03   -0.9990E+03   -0.9990E+03   -0.9990E+03   -0.9990E+03   -0.9990E+03   -0.9990E+03   -0.9990E+03   -0.9990E+03   -0.9990E+03   -0.9990E+03   -0.9990E+03   -0.9990E+03    0.2605E+00    0.2709E+00    0.2808E+00    0.2772E+00    0.2865E+00    0.2726E+00    0.2663E+00    0.2641E+00    0.3469E+00    0.3455E+00    0.3451E+00    0.3490E+00    0.3315E+00    0.3370E+00    0.3449E+00    0.3670E+00    0.4657E+00    0.4797E+00   -0.9990E+03   -0.9990E+03   -0.9990E+03   -0.9990E+03   -0.9990E+03   -0.9990E+03   -0.9990E+03   -0.9990E+03   -0.9990E+03   -0.9990E+03   -0.9990E+03   -0.9990E+03   -0.9990E+03   -0.9990E+03   -0.9990E+03   -0.9990E+03   -0.9990E+03   -0.9990E+03   -0.9990E+03   -0.9990E+03   -0.9990E+03   -0.9990E+03   -0.9990E+03   -0.9990E+03   -0.9990E+03   -0.9990E+03   -0.9990E+03   -0.9990E+03
   -0.9990E+03   -0.9990E+03   -0.9990E+03   -0.9990E+03   -0.9990E+03   -0.9990E+03   -0.9990E+03   -0.9990E+03   -0.9990E+03   -0.9990E+03   -0.9990E+03   -0.9990E+03   -0.9990E+03   -0.9990E+03   -0.9990E+03   -0.9990E+03   -0.9990E+03   -0.9990E+03   -0.9990E+03   -0.9990E+03   -0.9990E+03   -0.9990E+03   -0.9990E+03   -0.9990E+03   -0.9990E+03   -0.9990E+03   -0.9990E+03   -0.9990E+03   -0.9990E+03   -0.9990E+03   -0.9990E+03    0.2704E+00    0.2820E+00    0.2868E+00    0.2950E+00    0.2661E+00    0.2682E+00    0.2694E+00    0.2656E+00    0.3465E+00    0.3398E+00    0.3360E+00    0.3237E+00    0.3080E+00    0.3313E+00    0.3540E+00    0.3931E+00    0.4117E+00   -0.9990E+03   -0.9990E+03   -0.9990E+03   -0.9990E+03   -0.9990E+03   -0.9990E+03   -0.9990E+03   -0.9990E+03   -0.9990E+03   -0.9990E+03   -0.9990E+03   -0.9990E+03   -0.9990E+03   -0.9990E+03   -0.9990E+03   -0.9990E+03   -0.9990E+03   -0.9990E+03   -0.9990E+03   -0.9990E+03   -0.9990E+03   -0.9990E+03   -0.9990E+03   -0.9990E+03   -0.9990E+03   -0.9990E+03   -0.9990E+03   -0.9990E+03
   -0.9990E+03   -0.9990E+03   -0.9990E+03   -0.9990E+03   -0.9990E+03   -0.9990E+03   -0.9990E+03   -0.9990E+03   -0.9990E+03   -0.9990E+03   -0.9990E+03   -0.9990E+03   -0.9990E+03   -0.9990E+03   -0.9990E+03   -0.9990E+03   -0.9990E+03   -0.9990E+03   -0.9990E+03   -0.9990E+03   -0.9990E+03   -0.9990E+03   -0.9990E+03   -0.9990E+03   -0.9990E+03   -0.9990E+03   -0.9990E+03   -0.9990E+03   -0.9990E+03   -0.9990E+03   -0.9990E+03    0.1657E+00    0.2857E+00    0.3088E+00    0.2882E+00    0.2774E+00    0.2689E+00    0.2647E+00    0.2552E+00    0.2505E+00    0.2504E+00    0.2448E+00    0.2635E+00    0.2631E+00    0.3638E+00    0.3617E+00    0.3752E+00   -0.9990E+03   -0.9990E+03   -0.9990E+03   -0.9990E+03   -0.9990E+03   -0.9990E+03   -0.9990E+03   -0.9990E+03   -0.9990E+03   -0.9990E+03   -0.9990E+03   -0.9990E+03   -0.9990E+03   -0.9990E+03   -0.9990E+03   -0.9990E+03   -0.9990E+03   -0.9990E+03   -0.9990E+03   -0.9990E+03   -0.9990E+03   -0.9990E+03   -0.9990E+03   -0.9990E+03   -0.9990E+03   -0.9990E+03   -0.9990E+03   -0.9990E+03   -0.9990E+03
   -0.9990E+03   -0.9990E+03   -0.9990E+03   -0.9990E+03   -0.9990E+03   -0.9990E+03   -0.9990E+03   -0.9990E+03   -0.9990E+03   -0.9990E+03   -0.9990E+03   -0.9990E+03   -0.9990E+03   -0.9990E+03   -0.9990E+03   -0.9990E+03   -0.9990E+03   -0.9990E+03   -0.9990E+03   -0.9990E+03   -0.9990E+03   -0.9990E+03   -0.9990E+03   -0.9990E+03   -0.9990E+03   -0.9990E+03   -0.9990E+03   -0.9990E+03   -0.9990E+03   -0.9990E+03   -0.9990E+03   -0.9990E+03    0.3048E+00    0.3037E+00    0.2746E+00    0.2649E+00    0.2510E+00    0.2550E+00    0.2464E+00    0.2420E+00    0.2514E+00    0.2535E+00   -0.9990E+03   -0.9990E+03   -0.9990E+03   -0.9990E+03   -0.9990E+03   -0.9990E+03   -0.9990E+03   -0.9990E+03   -0.9990E+03   -0.9990E+03   -0.9990E+03   -0.9990E+03   -0.9990E+03   -0.9990E+03   -0.9990E+03   -0.9990E+03   -0.9990E+03   -0.9990E+03   -0.9990E+03   -0.9990E+03   -0.9990E+03   -0.9990E+03   -0.9990E+03   -0.9990E+03   -0.9990E+03   -0.9990E+03   -0.9990E+03   -0.9990E+03   -0.9990E+03   -0.9990E+03   -0.9990E+03   -0.9990E+03   -0.9990E+03   -0.9990E+03
   -0.9990E+03   -0.9990E+03   -0.9990E+03   -0.9990E+03   -0.9990E+03   -0.9990E+03   -0.9990E+03   -0.9990E+03   -0.9990E+03   -0.9990E+03   -0.9990E+03   -0.9990E+03   -0.9990E+03   -0.9990E+03   -0.9990E+03   -0.9990E+03   -0.9990E+03   -0.9990E+03   -0.9990E+03   -0.9990E+03   -0.9990E+03   -0.9990E+03   -0.9990E+03   -0.9990E+03   -0.9990E+03   -0.9990E+03   -0.9990E+03   -0.9990E+03   -0.9990E+03   -0.9990E+03   -0.9990E+03    0.1022E+00    0.2578E+00    0.2516E+00    0.2580E+00    0.2448E+00    0.2409E+00    0.2372E+00    0.2312E+00    0.2412E+00    0.2486E+00   -0.9990E+03   -0.9990E+03   -0.9990E+03   -0.9990E+03   -0.9990E+03   -0.9990E+03   -0.9990E+03   -0.9990E+03   -0.9990E+03   -0.9990E+03   -0.9990E+03   -0.9990E+03   -0.9990E+03   -0.9990E+03   -0.9990E+03   -0.9990E+03   -0.9990E+03   -0.9990E+03   -0.9990E+03   -0.9990E+03   -0.9990E+03   -0.9990E+03   -0.9990E+03   -0.9990E+03   -0.9990E+03   -0.9990E+03   -0.9990E+03   -0.9990E+03   -0.9990E+03   -0.9990E+03   -0.9990E+03   -0.9990E+03   -0.9990E+03   -0.9990E+03   -0.9990E+03
   -0.9990E+03   -0.9990E+03   -0.9990E+03   -0.9990E+03   -0.9990E+03   -0.9990E+03   -0.9990E+03   -0.9990E+03   -0.9990E+03   -0.9990E+03   -0.9990E+03   -0.9990E+03   -0.9990E+03   -0.9990E+03   -0.9990E+03   -0.9990E+03   -0.9990E+03   -0.9990E+03   -0.9990E+03   -0.9990E+03   -0.9990E+03   -0.9990E+03   -0.9990E+03   -0.9990E+03   -0.9990E+03   -0.9990E+03   -0.9990E+03   -0.9990E+03   -0.9990E+03   -0.9990E+03    0.1722E+00    0.2237E+00    0.2273E+00    0.2294E+00    0.2338E+00    0.2312E+00    0.2253E+00    0.2245E+00    0.2350E+00    0.2282E+00    0.2328E+00   -0.9990E+03   -0.9990E+03   -0.9990E+03   -0.9990E+03   -0.9990E+03   -0.9990E+03   -0.9990E+03   -0.9990E+03   -0.9990E+03   -0.9990E+03   -0.9990E+03   -0.9990E+03   -0.9990E+03   -0.9990E+03   -0.9990E+03   -0.9990E+03   -0.9990E+03   -0.9990E+03   -0.9990E+03   -0.9990E+03   -0.9990E+03   -0.9990E+03   -0.9990E+03   -0.9990E+03   -0.9990E+03   -0.9990E+03   -0.9990E+03   -0.9990E+03   -0.9990E+03   -0.9990E+03   -0.9990E+03   -0.9990E+03   -0.9990E+03   -0.9990E+03   -0.9990E+03
   -0.9990E+03   -0.9990E+03   -0.9990E+03   -0.9990E+03   -0.9990E+03   -0.9990E+03   -0.9990E+03   -0.9990E+03   -0.9990E+03   -0.9990E+03   -0.9990E+03   -0.9990E+03   -0.9990E+03   -0.9990E+03   -0.9990E+03   -0.9990E+03   -0.9990E+03   -0.9990E+03   -0.9990E+03   -0.9990E+03   -0.9990E+03   -0.9990E+03   -0.9990E+03   -0.9990E+03   -0.9990E+03   -0.9990E+03   -0.9990E+03   -0.9990E+03   -0.9990E+03    0.1990E+00    0.2076E+00    0.1987E+00    0.2094E+00    0.2073E+00    0.2205E+00    0.2167E+00    0.2148E+00    0.2262E+00    0.2173E+00    0.2117E+00    0.2257E+00   -0.9990E+03   -0.9990E+03   -0.9990E+03   -0.9990E+03   -0.9990E+03   -0.9990E+03   -0.9990E+03   -0.9990E+03   -0.9990E+03   -0.9990E+03   -0.9990E+03   -0.9990E+03   -0.9990E+03   -0.9990E+03   -0.9990E+03   -0.9990E+03   -0.9990E+03   -0.9990E+03   -0.9990E+03   -0.9990E+03   -0.9990E+03   -0.9990E+03   -0.9990E+03   -0.9990E+03   -0.9990E+03   -0.9990E+03   -0.9990E+03   -0.9990E+03   -0.9990E+03   -0.9990E+03   -0.9990E+03   -0.9990E+03   -0.9990E+03   -0.9990E+03   -0.9990E+03
   -0.9990E+03   -0.9990E+03   -0.9990E+03   -0.9990E+03   -0.9990E+03   -0.9990E+03   -0.9990E+03   -0.9990E+03   -0.9990E+03   -0.9990E+03   -0.9990E+03   -0.9990E+03   -0.9990E+03   -0.9990E+03   -0.9990E+03   -0.9990E+03   -0.9990E+03   -0.9990E+03   -0.9990E+03   -0.9990E+03   -0.9990E+03   -0.9990E+03   -0.9990E+03   -0.9990E+03   -0.9990E+03   -0.9990E+03   -0.9990E+03   -0.9990E+03   -0.9990E+03   -0.9990E+03   -0.9990E+03   -0.9990E+03    0.1116E+00    0.1994E+00    0.2044E+00    0.2043E+00    0.2029E+00    0.2098E+00    0.2052E+00    0.2158E+00    0.2169E+00   -0.9990E+03   -0.9990E+03   -0.9990E+03   -0.9990E+03   -0.9990E+03   -0.9990E+03   -0.9990E+03   -0.9990E+03   -0.9990E+03   -0.9990E+03   -0.9990E+03   -0.9990E+03   -0.9990E+03   -0.9990E+03   -0.9990E+03   -0.9990E+03   -0.9990E+03   -0.9990E+03   -0.9990E+03   -0.9990E+03   -0.9990E+03   -0.9990E+03   -0.9990E+03   -0.9990E+03   -0.9990E+03   -0.9990E+03   -0.9990E+03   -0.9990E+03   -0.9990E+03   -0.9990E+03   -0.9990E+03   -0.9990E+03   -0.9990E+03   -0.9990E+03   -0.9990E+03
   -0.9990E+03   -0.9990E+03   -0.9990E+03   -0.9990E+03   -0.9990E+03   -0.9990E+03   -0.9990E+03   -0.9990E+03   -0.9990E+03   -0.9990E+03   -0.9990E+03   -0.9990E+03   -0.9990E+03   -0.9990E+03   -0.9990E+03   -0.9990E+03   -0.9990E+03   -0.9990E+03   -0.9990E+03   -0.9990E+03   -0.9990E+03   -0.9990E+03   -0.9990E+03   -0.9990E+03   -0.9990E+03   -0.9990E+03   -0.9990E+03   -0.9990E+03   -0.9990E+03    0.1861E+00   -0.9990E+03   -0.9990E+03    0.1057E+00    0.1896E+00    0.1925E+00    0.1938E+00    0.1991E+00    0.1971E+00    0.2072E+00    0.2061E+00   -0.9990E+03   -0.9990E+03   -0.9990E+03   -0.9990E+03   -0.9990E+03   -0.9990E+03   -0.9990E+03   -0.9990E+03   -0.9990E+03   -0.9990E+03   -0.9990E+03   -0.9990E+03   -0.9990E+03   -0.9990E+03   -0.9990E+03   -0.9990E+03   -0.9990E+03   -0.9990E+03   -0.9990E+03   -0.9990E+03   -0.9990E+03   -0.9990E+03   -0.9990E+03   -0.9990E+03   -0.9990E+03   -0.9990E+03   -0.9990E+03   -0.9990E+03   -0.9990E+03   -0.9990E+03   -0.9990E+03   -0.9990E+03   -0.9990E+03   -0.9990E+03   -0.9990E+03   -0.9990E+03
   -0.9990E+03   -0.9990E+03   -0.9990E+03   -0.9990E+03   -0.9990E+03   -0.9990E+03   -0.9990E+03   -0.9990E+03   -0.9990E+03   -0.9990E+03   -0.9990E+03   -0.9990E+03   -0.9990E+03   -0.9990E+03   -0.9990E+03   -0.9990E+03   -0.9990E+03   -0.9990E+03   -0.9990E+03   -0.9990E+03   -0.9990E+03   -0.9990E+03   -0.9990E+03   -0.9990E+03   -0.9990E+03   -0.9990E+03   -0.9990E+03   -0.9990E+03   -0.9990E+03    0.1828E+00   -0.9990E+03   -0.9990E+03    0.1489E+00    0.1775E+00    0.1855E+00    0.1844E+00    0.1880E+00    0.1915E+00    0.1945E+00    0.2044E+00   -0.9990E+03   -0.9990E+03   -0.9990E+03   -0.9990E+03   -0.9990E+03   -0.9990E+03   -0.9990E+03   -0.9990E+03   -0.9990E+03   -0.9990E+03   -0.9990E+03   -0.9990E+03   -0.9990E+03   -0.9990E+03   -0.9990E+03   -0.9990E+03   -0.9990E+03   -0.9990E+03   -0.9990E+03   -0.9990E+03   -0.9990E+03   -0.9990E+03   -0.9990E+03   -0.9990E+03   -0.9990E+03   -0.9990E+03   -0.9990E+03   -0.9990E+03   -0.9990E+03   -0.9990E+03   -0.9990E+03   -0.9990E+03   -0.9990E+03   -0.9990E+03   -0.9990E+03   -0.9990E+03
   -0.9990E+03   -0.9990E+03   -0.9990E+03   -0.9990E+03   -0.9990E+03   -0.9990E+03   -0.9990E+03   -0.9990E+03   -0.9990E+03   -0.9990E+03   -0.9990E+03   -0.9990E+03   -0.9990E+03   -0.9990E+03   -0.9990E+03   -0.9990E+03   -0.9990E+03   -0.9990E+03   -0.9990E+03   -0.9990E+03   -0.9990E+03   -0.9990E+03   -0.9990E+03   -0.9990E+03   -0.9990E+03   -0.9990E+03   -0.9990E+03   -0.9990E+03   -0.9990E+03    0.1750E+00   -0.9990E+03   -0.9990E+03   -0.9990E+03    0.1664E+00    0.1722E+00    0.1781E+00    0.1871E+00    0.1892E+00    0.1939E+00    0.1986E+00   -0.9990E+03   -0.9990E+03   -0.9990E+03   -0.9990E+03   -0.9990E+03   -0.9990E+03   -0.9990E+03   -0.9990E+03   -0.9990E+03   -0.9990E+03   -0.9990E+03   -0.9990E+03   -0.9990E+03   -0.9990E+03   -0.9990E+03   -0.9990E+03   -0.9990E+03   -0.9990E+03   -0.9990E+03   -0.9990E+03   -0.9990E+03   -0.9990E+03   -0.9990E+03   -0.9990E+03   -0.9990E+03   -0.9990E+03   -0.9990E+03   -0.9990E+03   -0.9990E+03   -0.9990E+03   -0.9990E+03   -0.9990E+03   -0.9990E+03   -0.9990E+03   -0.9990E+03   -0.9990E+03
   -0.9990E+03   -0.9990E+03   -0.9990E+03   -0.9990E+03   -0.9990E+03   -0.9990E+03   -0.9990E+03   -0.9990E+03   -0.9990E+03   -0.9990E+03   -0.9990E+03   -0.9990E+03   -0.9990E+03   -0.9990E+03   -0.9990E+03   -0.9990E+03   -0.9990E+03   -0.9990E+03   -0.9990E+03   -0.9990E+03   -0.9990E+03   -0.9990E+03   -0.9990E+03   -0.9990E+03   -0.9990E+03   -0.9990E+03   -0.9990E+03   -0.9990E+03   -0.9990E+03    0.1683E+00   -0.9990E+03   -0.9990E+03    0.1067E+00    0.1647E+00    0.1737E+00    0.1769E+00    0.1818E+00    0.1864E+00    0.1890E+00    0.1940E+00   -0.9990E+03   -0.9990E+03   -0.9990E+03   -0.9990E+03   -0.9990E+03   -0.9990E+03   -0.9990E+03   -0.9990E+03   -0.9990E+03   -0.9990E+03   -0.9990E+03   -0.9990E+03   -0.9990E+03   -0.9990E+03   -0.9990E+03   -0.9990E+03   -0.9990E+03   -0.9990E+03   -0.9990E+03   -0.9990E+03   -0.9990E+03   -0.9990E+03   -0.9990E+03   -0.9990E+03   -0.9990E+03   -0.9990E+03   -0.9990E+03   -0.9990E+03   -0.9990E+03   -0.9990E+03   -0.9990E+03   -0.9990E+03   -0.9990E+03   -0.9990E+03   -0.9990E+03   -0.9990E+03
   -0.9990E+03   -0.9990E+03   -0.9990E+03   -0.9990E+03   -0.9990E+03   -0.9990E+03   -0.9990E+03   -0.9990E+03   -0.9990E+03   -0.9990E+03   -0.9990E+03   -0.9990E+03   -0.9990E+03   -0.9990E+03   -0.9990E+03   -0.9990E+03   -0.9990E+03   -0.9990E+03   -0.9990E+03   -0.9990E+03   -0.9990E+03   -0.9990E+03   -0.9990E+03   -0.9990E+03   -0.9990E+03   -0.9990E+03   -0.9990E+03   -0.9990E+03   -0.9990E+03   -0.9990E+03   -0.9990E+03   -0.9990E+03    0.1269E+00    0.1640E+00    0.1707E+00    0.1730E+00    0.1784E+00    0.1820E+00    0.1856E+00    0.1927E+00   -0.9990E+03   -0.9990E+03   -0.9990E+03   -0.9990E+03   -0.9990E+03   -0.9990E+03   -0.9990E+03   -0.9990E+03   -0.9990E+03   -0.9990E+03   -0.9990E+03   -0.9990E+03   -0.9990E+03   -0.9990E+03   -0.9990E+03   -0.9990E+03   -0.9990E+03   -0.9990E+03   -0.9990E+03   -0.9990E+03   -0.9990E+03   -0.9990E+03   -0.9990E+03   -0.9990E+03   -0.9990E+03   -0.9990E+03   -0.9990E+03   -0.9990E+03   -0.9990E+03   -0.9990E+03   -0.9990E+03   -0.9990E+03   -0.9990E+03   -0.9990E+03   -0.9990E+03   -0.9990E+03
   -0.9990E+03   -0.9990E+03   -0.9990E+03   -0.9990E+03   -0.9990E+03   -0.9990E+03   -0.9990E+03   -0.9990E+03   -0.9990E+03   -0.9990E+03   -0.9990E+03   -0.9990E+03   -0.9990E+03   -0.9990E+03   -0.9990E+03   -0.9990E+03   -0.9990E+03   -0.9990E+03   -0.9990E+03   -0.9990E+03   -0.9990E+03   -0.9990E+03   -0.9990E+03   -0.9990E+03   -0.9990E+03   -0.9990E+03   -0.9990E+03   -0.9990E+03   -0.9990E+03   -0.9990E+03   -0.9990E+03   -0.9990E+03    0.1543E+00    0.1628E+00    0.1713E+00    0.1779E+00    0.1808E+00    0.1758E+00    0.1839E+00    0.1915E+00   -0.9990E+03   -0.9990E+03   -0.9990E+03   -0.9990E+03   -0.9990E+03   -0.9990E+03   -0.9990E+03   -0.9990E+03   -0.9990E+03   -0.9990E+03   -0.9990E+03   -0.9990E+03   -0.9990E+03   -0.9990E+03   -0.9990E+03   -0.9990E+03   -0.9990E+03   -0.9990E+03   -0.9990E+03   -0.9990E+03   -0.9990E+03   -0.9990E+03   -0.9990E+03   -0.9990E+03   -0.9990E+03   -0.9990E+03   -0.9990E+03   -0.9990E+03   -0.9990E+03   -0.9990E+03   -0.9990E+03   -0.9990E+03   -0.9990E+03   -0.9990E+03   -0.9990E+03   -0.9990E+03
   -0.9990E+03   -0.9990E+03   -0.9990E+03   -0.9990E+03   -0.9990E+03   -0.9990E+03   -0.9990E+03   -0.9990E+03   -0.9990E+03   -0.9990E+03   -0.9990E+03   -0.9990E+03   -0.9990E+03   -0.9990E+03   -0.9990E+03   -0.9990E+03   -0.9990E+03   -0.9990E+03   -0.9990E+03   -0.9990E+03   -0.9990E+03   -0.9990E+03   -0.9990E+03   -0.9990E+03   -0.9990E+03   -0.9990E+03   -0.9990E+03   -0.9990E+03   -0.9990E+03   -0.9990E+03   -0.9990E+03    0.1560E+00    0.1590E+00    0.1688E+00    0.1709E+00    0.1762E+00    0.1780E+00    0.1804E+00    0.1875E+00    0.1866E+00   -0.9990E+03   -0.9990E+03   -0.9990E+03   -0.9990E+03   -0.9990E+03   -0.9990E+03   -0.9990E+03   -0.9990E+03   -0.9990E+03   -0.9990E+03   -0.9990E+03   -0.9990E+03   -0.9990E+03   -0.9990E+03   -0.9990E+03   -0.9990E+03   -0.9990E+03   -0.9990E+03   -0.9990E+03   -0.9990E+03   -0.9990E+03   -0.9990E+03   -0.9990E+03   -0.9990E+03   -0.9990E+03   -0.9990E+03   -0.9990E+03   -0.9990E+03   -0.9990E+03   -0.9990E+03   -0.9990E+03   -0.9990E+03   -0.9990E+03   -0.9990E+03   -0.9990E+03   -0.9990E+03
   -0.9990E+03   -0.9990E+03   -0.9990E+03   -0.9990E+03   -0.9990E+03   -0.9990E+03   -0.9990E+03   -0.9990E+03   -0.9990E+03   -0.9990E+03   -0.9990E+03   -0.9990E+03   -0.9990E+03   -0.9990E+03   -0.9990E+03   -0.9990E+03   -0.9990E+03   -0.9990E+03   -0.9990E+03   -0.9990E+03   -0.9990E+03   -0.9990E+03   -0.9990E+03   -0.9990E+03   -0.9990E+03    0.1468E+00    0.1250E+00   -0.9990E+03    0.1149E+00    0.1647E+00    0.1636E+00    0.1590E+00    0.1632E+00    0.1713E+00    0.1711E+00    0.1736E+00    0.1749E+00    0.1792E+00    0.1831E+00    0.1901E+00   -0.9990E+03   -0.9990E+03   -0.9990E+03   -0.9990E+03   -0.9990E+03   -0.9990E+03   -0.9990E+03   -0.9990E+03   -0.9990E+03   -0.9990E+03   -0.9990E+03   -0.9990E+03   -0.9990E+03   -0.9990E+03   -0.9990E+03   -0.9990E+03   -0.9990E+03   -0.9990E+03   -0.9990E+03   -0.9990E+03   -0.9990E+03   -0.9990E+03   -0.9990E+03   -0.9990E+03   -0.9990E+03   -0.9990E+03   -0.9990E+03   -0.9990E+03   -0.9990E+03   -0.9990E+03   -0.9990E+03   -0.9990E+03   -0.9990E+03   -0.9990E+03   -0.9990E+03   -0.9990E+03
   -0.9990E+03   -0.9990E+03   -0.9990E+03   -0.9990E+03   -0.9990E+03   -0.9990E+03   -0.9990E+03   -0.9990E+03   -0.9990E+03   -0.9990E+03   -0.9990E+03   -0.9990E+03   -0.9990E+03   -0.9990E+03   -0.9990E+03   -0.9990E+03   -0.9990E+03   -0.9990E+03   -0.9990E+03   -0.9990E+03   -0.9990E+03   -0.9990E+03   -0.9990E+03    0.1181E+00    0.1793E+00    0.1832E+00    0.1791E+00    0.1165E+00    0.1675E+00    0.1629E+00    0.1610E+00    0.1606E+00    0.1669E+00    0.1638E+00    0.1663E+00    0.1698E+00    0.1784E+00    0.1786E+00    0.1865E+00   -0.9990E+03   -0.9990E+03   -0.9990E+03   -0.9990E+03   -0.9990E+03   -0.9990E+03   -0.9990E+03   -0.9990E+03   -0.9990E+03   -0.9990E+03   -0.9990E+03   -0.9990E+03   -0.9990E+03   -0.9990E+03   -0.9990E+03   -0.9990E+03   -0.9990E+03   -0.9990E+03   -0.9990E+03   -0.9990E+03   -0.9990E+03   -0.9990E+03   -0.9990E+03   -0.9990E+03   -0.9990E+03   -0.9990E+03   -0.9990E+03   -0.9990E+03   -0.9990E+03   -0.9990E+03   -0.9990E+03   -0.9990E+03   -0.9990E+03   -0.9990E+03   -0.9990E+03   -0.9990E+03   -0.9990E+03
   -0.9990E+03   -0.9990E+03   -0.9990E+03   -0.9990E+03   -0.9990E+03   -0.9990E+03   -0.9990E+03   -0.9990E+03   -0.9990E+03   -0.9990E+03   -0.9990E+03   -0.9990E+03   -0.9990E+03   -0.9990E+03   -0.9990E+03   -0.9990E+03   -0.9990E+03   -0.9990E+03   -0.9990E+03   -0.9990E+03   -0.9990E+03   -0.9990E+03   -0.9990E+03    0.1170E+00    0.1145E+00    0.1769E+00    0.1725E+00    0.1719E+00    0.1660E+00    0.1594E+00    0.2055E-01    0.1597E+00    0.1662E+00    0.1690E+00    0.1773E+00    0.1766E+00    0.1813E+00    0.1821E+00   -0.9990E+03   -0.9990E+03   -0.9990E+03   -0.9990E+03   -0.9990E+03   -0.9990E+03   -0.9990E+03   -0.9990E+03   -0.9990E+03   -0.9990E+03   -0.9990E+03   -0.9990E+03   -0.9990E+03   -0.9990E+03   -0.9990E+03   -0.9990E+03   -0.9990E+03   -0.9990E+03   -0.9990E+03   -0.9990E+03   -0.9990E+03   -0.9990E+03   -0.9990E+03   -0.9990E+03   -0.9990E+03   -0.9990E+03   -0.9990E+03   -0.9990E+03   -0.9990E+03   -0.9990E+03   -0.9990E+03   -0.9990E+03   -0.9990E+03   -0.9990E+03   -0.9990E+03   -0.9990E+03   -0.9990E+03   -0.9990E+03
   -0.9990E+03   -0.9990E+03   -0.9990E+03   -0.9990E+03   -0.9990E+03   -0.9990E+03   -0.9990E+03   -0.9990E+03   -0.9990E+03   -0.9990E+03   -0.9990E+03   -0.9990E+03   -0.9990E+03   -0.9990E+03   -0.9990E+03   -0.9990E+03   -0.9990E+03   -0.9990E+03   -0.9990E+03   -0.9990E+03   -0.9990E+03   -0.9990E+03    0.1203E+00   -0.9990E+03    0.1152E+00    0.1765E+00    0.1738E+00    0.1712E+00    0.1666E+00    0.1631E+00    0.1578E+00    0.1634E+00    0.1683E+00    0.1706E+00    0.1774E+00    0.1832E+00    0.1768E+00    0.1821E+00   -0.9990E+03   -0.9990E+03   -0.9990E+03   -0.9990E+03   -0.9990E+03   -0.9990E+03   -0.9990E+03   -0.9990E+03   -0.9990E+03   -0.9990E+03   -0.9990E+03   -0.9990E+03   -0.9990E+03   -0.9990E+03   -0.9990E+03   -0.9990E+03   -0.9990E+03   -0.9990E+03   -0.9990E+03   -0.9990E+03   -0.9990E+03   -0.9990E+03   -0.9990E+03   -0.9990E+03   -0.9990E+03   -0.9990E+03   -0.9990E+03   -0.9990E+03   -0.9990E+03   -0.9990E+03   -0.9990E+03   -0.9990E+03   -0.9990E+03   -0.9990E+03   -0.9990E+03   -0.9990E+03   -0.9990E+03   -0.9990E+03
   -0.9990E+03   -0.9990E+03   -0.9990E+03   -0.9990E+03   -0.9990E+03   -0.9990E+03   -0.9990E+03   -0.9990E+03   -0.9990E+03   -0.9990E+03   -0.9990E+03   -0.9990E+03   -0.9990E+03   -0.9990E+03   -0.9990E+03   -0.9990E+03   -0.9990E+03   -0.9990E+03   -0.9990E+03   -0.9990E+03   -0.9990E+03    0.1232E+00    0.1871E+00    0.1209E+00    0.1795E+00    0.1789E+00    0.1752E+00    0.1718E+00    0.1675E+00    0.1682E+00    0.1678E+00    0.1705E+00    0.1712E+00    0.1749E+00    0.1773E+00    0.1764E+00    0.1827E+00    0.1862E+00   -0.9990E+03   -0.9990E+03   -0.9990E+03   -0.9990E+03   -0.9990E+03   -0.9990E+03   -0.9990E+03   -0.9990E+03   -0.9990E+03   -0.9990E+03   -0.9990E+03   -0.9990E+03   -0.9990E+03   -0.9990E+03   -0.9990E+03   -0.9990E+03   -0.9990E+03   -0.9990E+03   -0.9990E+03   -0.9990E+03   -0.9990E+03   -0.9990E+03   -0.9990E+03   -0.9990E+03   -0.9990E+03   -0.9990E+03   -0.9990E+03   -0.9990E+03   -0.9990E+03   -0.9990E+03   -0.9990E+03   -0.9990E+03   -0.9990E+03   -0.9990E+03   -0.9990E+03   -0.9990E+03   -0.9990E+03   -0.9990E+03
   -0.9990E+03   -0.9990E+03   -0.9990E+03   -0.9990E+03   -0.9990E+03   -0.9990E+03   -0.9990E+03   -0.9990E+03   -0.9990E+03   -0.9990E+03   -0.9990E+03   -0.9990E+03   -0.9990E+03   -0.9990E+03   -0.9990E+03   -0.9990E+03   -0.9990E+03   -0.9990E+03   -0.9990E+03   -0.9990E+03   -0.9990E+03    0.1173E+00    0.1868E+00    0.1836E+00    0.1811E+00    0.1795E+00    0.1762E+00    0.1737E+00    0.1717E+00    0.1707E+00    0.1722E+00    0.1728E+00    0.1745E+00    0.1761E+00    0.1772E+00    0.1829E+00    0.1841E+00    0.1876E+00   -0.9990E+03   -0.9990E+03   -0.9990E+03   -0.9990E+03   -0.9990E+03   -0.9990E+03   -0.9990E+03   -0.9990E+03   -0.9990E+03   -0.9990E+03   -0.9990E+03   -0.9990E+03   -0.9990E+03   -0.9990E+03   -0.9990E+03   -0.9990E+03   -0.9990E+03   -0.9990E+03   -0.9990E+03   -0.9990E+03   -0.9990E+03   -0.9990E+03   -0.9990E+03   -0.9990E+03   -0.9990E+03   -0.9990E+03   -0.9990E+03   -0.9990E+03   -0.9990E+03   -0.9990E+03   -0.9990E+03   -0.9990E+03   -0.9990E+03   -0.9990E+03   -0.9990E+03   -0.9990E+03   -0.9990E+03   -0.9990E+03
   -0.9990E+03   -0.9990E+03   -0.9990E+03   -0.9990E+03   -0.9990E+03   -0.9990E+03   -0.9990E+03   -0.9990E+03   -0.9990E+03   -0.9990E+03   -0.9990E+03   -0.9990E+03   -0.9990E+03   -0.9990E+03   -0.9990E+03   -0.9990E+03   -0.9990E+03   -0.9990E+03   -0.9990E+03   -0.9990E+03   -0.9990E+03    0.1396E+00    0.1836E+00    0.1833E+00    0.1818E+00    0.1790E+00    0.1779E+00    0.1771E+00    0.1778E+00    0.1749E+00    0.1740E+00    0.1782E+00    0.1796E+00    0.1806E+00    0.1810E+00    0.1865E+00   -0.9990E+03   -0.9990E+03   -0.9990E+03   -0.9990E+03   -0.9990E+03   -0.9990E+03   -0.9990E+03   -0.9990E+03   -0.9990E+03   -0.9990E+03   -0.9990E+03   -0.9990E+03   -0.9990E+03   -0.9990E+03   -0.9990E+03   -0.9990E+03   -0.9990E+03   -0.9990E+03   -0.9990E+03   -0.9990E+03   -0.9990E+03   -0.9990E+03   -0.9990E+03   -0.9990E+03   -0.9990E+03   -0.9990E+03   -0.9990E+03   -0.9990E+03   -0.9990E+03   -0.9990E+03   -0.9990E+03   -0.9990E+03   -0.9990E+03   -0.9990E+03   -0.9990E+03   -0.9990E+03   -0.9990E+03   -0.9990E+03   -0.9990E+03   -0.9990E+03
   -0.9990E+03   -0.9990E+03   -0.9990E+03   -0.9990E+03   -0.9990E+03   -0.9990E+03   -0.9990E+03   -0.9990E+03   -0.9990E+03   -0.9990E+03   -0.9990E+03   -0.9990E+03   -0.9990E+03   -0.9990E+03   -0.9990E+03   -0.9990E+03   -0.9990E+03   -0.9990E+03   -0.9990E+03   -0.9990E+03   -0.9990E+03   -0.9990E+03    0.1820E+00    0.1812E+00    0.1805E+00    0.1816E+00    0.1812E+00    0.1807E+00    0.1794E+00    0.1786E+00    0.1765E+00    0.1771E+00    0.1775E+00    0.1829E+00    0.1855E+00    0.1878E+00   -0.9990E+03   -0.9990E+03   -0.9990E+03   -0.9990E+03   -0.9990E+03   -0.9990E+03   -0.9990E+03   -0.9990E+03   -0.9990E+03   -0.9990E+03   -0.9990E+03   -0.9990E+03   -0.9990E+03   -0.9990E+03   -0.9990E+03   -0.9990E+03   -0.9990E+03   -0.9990E+03   -0.9990E+03   -0.9990E+03   -0.9990E+03   -0.9990E+03   -0.9990E+03   -0.9990E+03   -0.9990E+03   -0.9990E+03   -0.9990E+03   -0.9990E+03   -0.9990E+03   -0.9990E+03   -0.9990E+03   -0.9990E+03   -0.9990E+03   -0.9990E+03   -0.9990E+03   -0.9990E+03   -0.9990E+03   -0.9990E+03   -0.9990E+03   -0.9990E+03
   -0.9990E+03   -0.9990E+03   -0.9990E+03   -0.9990E+03   -0.9990E+03   -0.9990E+03   -0.9990E+03   -0.9990E+03   -0.9990E+03   -0.9990E+03   -0.9990E+03   -0.9990E+03   -0.9990E+03   -0.9990E+03   -0.9990E+03   -0.9990E+03   -0.9990E+03   -0.9990E+03   -0.9990E+03   -0.9990E+03   -0.9990E+03    0.1885E+00    0.2089E-01    0.1800E+00    0.1836E+00    0.1838E+00    0.1835E+00    0.1828E+00    0.1821E+00    0.1818E+00    0.1816E+00    0.1801E+00    0.1799E+00    0.1803E+00    0.1880E+00   -0.9990E+03   -0.9990E+03   -0.9990E+03   -0.9990E+03   -0.9990E+03   -0.9990E+03   -0.9990E+03   -0.9990E+03   -0.9990E+03   -0.9990E+03   -0.9990E+03   -0.9990E+03   -0.9990E+03   -0.9990E+03   -0.9990E+03   -0.9990E+03   -0.9990E+03   -0.9990E+03   -0.9990E+03   -0.9990E+03   -0.9990E+03   -0.9990E+03   -0.9990E+03   -0.9990E+03   -0.9990E+03   -0.9990E+03   -0.9990E+03   -0.9990E+03   -0.9990E+03   -0.9990E+03   -0.9990E+03   -0.9990E+03   -0.9990E+03   -0.9990E+03   -0.9990E+03   -0.9990E+03   -0.9990E+03   -0.9990E+03   -0.9990E+03   -0.9990E+03   -0.9990E+03
   -0.9990E+03   -0.9990E+03   -0.9990E+03   -0.9990E+03   -0.9990E+03   -0.9990E+03   -0.9990E+03   -0.9990E+03   -0.9990E+03   -0.9990E+03   -0.9990E+03   -0.9990E+03   -0.9990E+03   -0.9990E+03   -0.9990E+03   -0.9990E+03   -0.9990E+03   -0.9990E+03   -0.9990E+03   -0.9990E+03    0.1972E+00    0.1905E+00    0.1866E+00    0.1875E+00    0.1871E+00    0.1869E+00    0.1862E+00    0.1854E+00    0.1847E+00    0.1844E+00    0.1842E+00    0.1846E+00    0.1829E+00    0.1827E+00    0.1847E+00   -0.9990E+03   -0.9990E+03   -0.9990E+03   -0.9990E+03   -0.9990E+03   -0.9990E+03   -0.9990E+03   -0.9990E+03   -0.9990E+03   -0.9990E+03   -0.9990E+03   -0.9990E+03   -0.9990E+03   -0.9990E+03   -0.9990E+03   -0.9990E+03   -0.9990E+03   -0.9990E+03   -0.9990E+03   -0.9990E+03   -0.9990E+03   -0.9990E+03   -0.9990E+03   -0.9990E+03   -0.9990E+03   -0.9990E+03   -0.9990E+03   -0.9990E+03   -0.9990E+03   -0.9990E+03   -0.9990E+03   -0.9990E+03   -0.9990E+03   -0.9990E+03   -0.9990E+03   -0.9990E+03   -0.9990E+03   -0.9990E+03   -0.9990E+03   -0.9990E+03   -0.9990E+03
   -0.9990E+03   -0.9990E+03   -0.9990E+03   -0.9990E+03   -0.9990E+03   -0.9990E+03   -0.9990E+03   -0.9990E+03   -0.9990E+03   -0.9990E+03   -0.9990E+03   -0.9990E+03   -0.9990E+03   -0.9990E+03   -0.9990E+03   -0.9990E+03   -0.9990E+03   -0.9990E+03    0.1015E+00    0.1990E+00    0.1941E+00    0.1914E+00    0.1909E+00    0.1892E+00    0.1900E+00    0.1891E+00    0.1879E+00    0.1880E+00    0.1874E+00    0.1865E+00    0.1874E+00    0.1863E+00    0.1862E+00    0.1838E+00    0.1850E+00   -0.9990E+03   -0.9990E+03   -0.9990E+03   -0.9990E+03   -0.9990E+03   -0.9990E+03   -0.9990E+03   -0.9990E+03   -0.9990E+03   -0.9990E+03   -0.9990E+03   -0.9990E+03   -0.9990E+03   -0.9990E+03   -0.9990E+03   -0.9990E+03   -0.9990E+03   -0.9990E+03   -0.9990E+03   -0.9990E+03   -0.9990E+03   -0.9990E+03   -0.9990E+03   -0.9990E+03   -0.9990E+03   -0.9990E+03   -0.9990E+03   -0.9990E+03   -0.9990E+03   -0.9990E+03   -0.9990E+03   -0.9990E+03   -0.9990E+03   -0.9990E+03   -0.9990E+03   -0.9990E+03   -0.9990E+03   -0.9990E+03   -0.9990E+03   -0.9990E+03   -0.9990E+03
   -0.9990E+03   -0.9990E+03   -0.9990E+03   -0.9990E+03   -0.9990E+03   -0.9990E+03   -0.9990E+03   -0.9990E+03   -0.9990E+03   -0.9990E+03   -0.9990E+03   -0.9990E+03   -0.9990E+03   -0.9990E+03   -0.9990E+03   -0.9990E+03   -0.9990E+03   -0.9990E+03    0.8459E-01    0.2059E+00    0.1971E+00    0.1933E+00    0.1955E+00    0.1928E+00    0.1896E+00    0.1882E+00    0.1870E+00    0.1864E+00    0.1888E+00    0.1888E+00    0.1884E+00    0.1895E+00    0.1892E+00    0.1841E+00    0.1881E+00   -0.9990E+03   -0.9990E+03   -0.9990E+03   -0.9990E+03   -0.9990E+03   -0.9990E+03   -0.9990E+03   -0.9990E+03   -0.9990E+03   -0.9990E+03   -0.9990E+03   -0.9990E+03   -0.9990E+03   -0.9990E+03   -0.9990E+03   -0.9990E+03   -0.9990E+03   -0.9990E+03   -0.9990E+03   -0.9990E+03   -0.9990E+03   -0.9990E+03   -0.9990E+03   -0.9990E+03   -0.9990E+03   -0.9990E+03   -0.9990E+03   -0.9990E+03   -0.9990E+03   -0.9990E+03   -0.9990E+03   -0.9990E+03   -0.9990E+03   -0.9990E+03   -0.9990E+03   -0.9990E+03   -0.9990E+03   -0.9990E+03   -0.9990E+03   -0.9990E+03   -0.9990E+03
   -0.9990E+03   -0.9990E+03   -0.9990E+03   -0.9990E+03   -0.9990E+03   -0.9990E+03   -0.9990E+03   -0.9990E+03   -0.9990E+03   -0.9990E+03   -0.9990E+03   -0.9990E+03   -0.9990E+03   -0.9990E+03   -0.9990E+03    0.2019E+00    0.2086E+00    0.2113E+00    0.2147E+00    0.2039E+00    0.2062E+00    0.1984E+00    0.1929E+00    0.1958E+00    0.1921E+00    0.1903E+00    0.1889E+00    0.1878E+00    0.1874E+00    0.1868E+00    0.1858E+00    0.1868E+00    0.1869E+00    0.1886E+00   -0.9990E+03   -0.9990E+03   -0.9990E+03   -0.9990E+03   -0.9990E+03   -0.9990E+03   -0.9990E+03   -0.9990E+03   -0.9990E+03   -0.9990E+03   -0.9990E+03   -0.9990E+03   -0.9990E+03   -0.9990E+03   -0.9990E+03   -0.9990E+03   -0.9990E+03   -0.9990E+03   -0.9990E+03   -0.9990E+03   -0.9990E+03   -0.9990E+03   -0.9990E+03   -0.9990E+03   -0.9990E+03   -0.9990E+03   -0.9990E+03   -0.9990E+03   -0.9990E+03   -0.9990E+03   -0.9990E+03   -0.9990E+03   -0.9990E+03   -0.9990E+03   -0.9990E+03   -0.9990E+03   -0.9990E+03   -0.9990E+03   -0.9990E+03   -0.9990E+03   -0.9990E+03   -0.9990E+03
   -0.9990E+03   -0.9990E+03   -0.9990E+03   -0.9990E+03   -0.9990E+03   -0.9990E+03   -0.9990E+03   -0.9990E+03   -0.9990E+03   -0.9990E+03   -0.9990E+03   -0.9990E+03   -0.9990E+03    0.2051E+00    0.2030E+00    0.2034E+00    0.2039E+00    0.2072E+00    0.1724E+00    0.5344E-01    0.2121E+00    0.2003E+00    0.1963E+00    0.1923E+00    0.1966E+00    0.1949E+00    0.1915E+00    0.1899E+00    0.1890E+00    0.1888E+00    0.1877E+00    0.1872E+00    0.1882E+00   -0.9990E+03   -0.9990E+03   -0.9990E+03   -0.9990E+03   -0.9990E+03   -0.9990E+03   -0.9990E+03   -0.9990E+03   -0.9990E+03   -0.9990E+03   -0.9990E+03   -0.9990E+03   -0.9990E+03   -0.9990E+03   -0.9990E+03   -0.9990E+03   -0.9990E+03   -0.9990E+03   -0.9990E+03   -0.9990E+03   -0.9990E+03   -0.9990E+03   -0.9990E+03   -0.9990E+03   -0.9990E+03   -0.9990E+03   -0.9990E+03   -0.9990E+03   -0.9990E+03   -0.9990E+03   -0.9990E+03   -0.9990E+03   -0.9990E+03   -0.9990E+03   -0.9990E+03   -0.9990E+03   -0.9990E+03   -0.9990E+03   -0.9990E+03   -0.9990E+03   -0.9990E+03   -0.9990E+03   -0.9990E+03
   -0.9990E+03   -0.9990E+03   -0.9990E+03   -0.9990E+03   -0.9990E+03   -0.9990E+03   -0.9990E+03   -0.9990E+03   -0.9990E+03   -0.9990E+03    0.2079E+00    0.2098E+00    0.2074E+00    0.2038E+00    0.2023E+00    0.2018E+00    0.2019E+00    0.2032E+00    0.2080E+00    0.2088E+00    0.2081E+00    0.2010E+00    0.1961E+00    0.1933E+00    0.1901E+00    0.1965E+00    0.1950E+00    0.1941E+00    0.1913E+00    0.1914E+00    0.1909E+00    0.1910E+00    0.1890E+00   -0.9990E+03   -0.9990E+03   -0.9990E+03   -0.9990E+03   -0.9990E+03   -0.9990E+03   -0.9990E+03   -0.9990E+03   -0.9990E+03   -0.9990E+03   -0.9990E+03   -0.9990E+03   -0.9990E+03   -0.9990E+03   -0.9990E+03   -0.9990E+03   -0.9990E+03   -0.9990E+03   -0.9990E+03   -0.9990E+03   -0.9990E+03   -0.9990E+03   -0.9990E+03   -0.9990E+03   -0.9990E+03   -0.9990E+03   -0.9990E+03   -0.9990E+03   -0.9990E+03   -0.9990E+03   -0.9990E+03   -0.9990E+03   -0.9990E+03   -0.9990E+03   -0.9990E+03   -0.9990E+03   -0.9990E+03   -0.9990E+03   -0.9990E+03   -0.9990E+03   -0.9990E+03   -0.9990E+03   -0.9990E+03
   -0.9990E+03   -0.9990E+03   -0.9990E+03   -0.9990E+03   -0.9990E+03   -0.9990E+03   -0.9990E+03   -0.9990E+03   -0.9990E+03   -0.9990E+03    0.2128E+00    0.1814E+00    0.2053E+00    0.2009E+00    0.1984E+00    0.1993E+00    0.2019E+00    0.2031E+00    0.2036E+00    0.2019E+00    0.1998E+00    0.1954E+00    0.1967E+00    0.1936E+00    0.1909E+00    0.1890E+00    0.1964E+00    0.1952E+00    0.1945E+00   -0.9990E+03   -0.9990E+03   -0.9990E+03   -0.9990E+03   -0.9990E+03   -0.9990E+03   -0.9990E+03   -0.9990E+03   -0.9990E+03   -0.9990E+03   -0.9990E+03   -0.9990E+03   -0.9990E+03   -0.9990E+03   -0.9990E+03   -0.9990E+03   -0.9990E+03   -0.9990E+03   -0.9990E+03   -0.9990E+03   -0.9990E+03   -0.9990E+03   -0.9990E+03   -0.9990E+03   -0.9990E+03   -0.9990E+03   -0.9990E+03   -0.9990E+03   -0.9990E+03   -0.9990E+03   -0.9990E+03   -0.9990E+03   -0.9990E+03   -0.9990E+03   -0.9990E+03   -0.9990E+03   -0.9990E+03   -0.9990E+03   -0.9990E+03   -0.9990E+03   -0.9990E+03   -0.9990E+03   -0.9990E+03   -0.9990E+03   -0.9990E+03   -0.9990E+03   -0.9990E+03
   -0.9990E+03   -0.9990E+03   -0.9990E+03   -0.9990E+03   -0.9990E+03   -0.9990E+03   -0.9990E+03    0.1947E+00    0.1984E+00    0.1999E+00    0.9773E-01    0.1919E+00    0.1688E+00    0.1983E+00    0.2018E+00    0.1993E+00    0.1998E+00    0.1999E+00    0.1982E+00    0.1966E+00    0.1959E+00    0.1936E+00    0.1915E+00    0.1894E+00    0.1868E+00    0.1854E+00   -0.9990E+03   -0.9990E+03   -0.9990E+03   -0.9990E+03   -0.9990E+03   -0.9990E+03   -0.9990E+03   -0.9990E+03   -0.9990E+03   -0.9990E+03   -0.9990E+03   -0.9990E+03   -0.9990E+03   -0.9990E+03   -0.9990E+03   -0.9990E+03   -0.9990E+03   -0.9990E+03   -0.9990E+03   -0.9990E+03   -0.9990E+03   -0.9990E+03   -0.9990E+03   -0.9990E+03   -0.9990E+03   -0.9990E+03   -0.9990E+03   -0.9990E+03   -0.9990E+03   -0.9990E+03   -0.9990E+03   -0.9990E+03   -0.9990E+03   -0.9990E+03   -0.9990E+03   -0.9990E+03   -0.9990E+03   -0.9990E+03   -0.9990E+03   -0.9990E+03   -0.9990E+03   -0.9990E+03   -0.9990E+03   -0.9990E+03   -0.9990E+03   -0.9990E+03   -0.9990E+03   -0.9990E+03   -0.9990E+03   -0.9990E+03
   -0.9990E+03   -0.9990E+03    0.1818E+00    0.1841E+00    0.7560E-01    0.1881E+00    0.1892E+00    0.1820E+00    0.1891E+00    0.9525E-01    0.1182E+00   -0.9990E+03    0.8065E-01    0.9131E-01    0.1012E+00   -0.9990E+03    0.7239E-01    0.1971E+00    0.1967E+00    0.1961E+00    0.1946E+00    0.1924E+00    0.1908E+00    0.1891E+00   -0.9990E+03   -0.9990E+03   -0.9990E+03   -0.9990E+03   -0.9990E+03   -0.9990E+03   -0.9990E+03   -0.9990E+03   -0.9990E+03   -0.9990E+03   -0.9990E+03   -0.9990E+03   -0.9990E+03   -0.9990E+03   -0.9990E+03   -0.9990E+03   -0.9990E+03   -0.9990E+03   -0.9990E+03   -0.9990E+03   -0.9990E+03   -0.9990E+03   -0.9990E+03   -0.9990E+03   -0.9990E+03   -0.9990E+03   -0.9990E+03   -0.9990E+03   -0.9990E+03   -0.9990E+03   -0.9990E+03   -0.9990E+03   -0.9990E+03   -0.9990E+03   -0.9990E+03   -0.9990E+03   -0.9990E+03   -0.9990E+03   -0.9990E+03   -0.9990E+03   -0.9990E+03   -0.9990E+03   -0.9990E+03   -0.9990E+03   -0.9990E+03   -0.9990E+03   -0.9990E+03   -0.9990E+03   -0.9990E+03   -0.9990E+03   -0.9990E+03   -0.9990E+03
   -0.9990E+03   -0.9990E+03    0.1812E+00    0.1802E+00    0.1832E+00    0.1830E+00    0.8430E-01    0.9322E-01    0.1869E+00    0.1939E+00    0.7814E-01    0.7999E-01    0.1991E+00    0.1890E+00    0.1876E+00    0.7183E-01    0.1959E+00    0.1954E+00    0.1956E+00    0.1947E+00    0.1934E+00    0.1915E+00   -0.9990E+03   -0.9990E+03   -0.9990E+03   -0.9990E+03   -0.9990E+03   -0.9990E+03   -0.9990E+03   -0.9990E+03   -0.9990E+03   -0.9990E+03   -0.9990E+03   -0.9990E+03   -0.9990E+03   -0.9990E+03   -0.9990E+03   -0.9990E+03   -0.9990E+03   -0.9990E+03   -0.9990E+03   -0.9990E+03   -0.9990E+03   -0.9990E+03   -0.9990E+03   -0.9990E+03   -0.9990E+03   -0.9990E+03   -0.9990E+03   -0.9990E+03   -0.9990E+03   -0.9990E+03   -0.9990E+03   -0.9990E+03   -0.9990E+03   -0.9990E+03   -0.9990E+03   -0.9990E+03   -0.9990E+03   -0.9990E+03   -0.9990E+03   -0.9990E+03   -0.9990E+03   -0.9990E+03   -0.9990E+03   -0.9990E+03   -0.9990E+03   -0.9990E+03   -0.9990E+03   -0.9990E+03   -0.9990E+03   -0.9990E+03   -0.9990E+03   -0.9990E+03   -0.9990E+03   -0.9990E+03
   -0.9990E+03    0.1784E+00    0.1738E+00    0.1759E+00    0.1788E+00    0.1481E+00    0.1316E+00    0.1840E+00    0.1932E+00    0.1931E+00    0.1962E+00    0.1416E+00    0.1971E+00    0.1963E+00    0.1951E+00    0.1946E+00    0.1956E+00    0.1947E+00   -0.9990E+03   -0.9990E+03   -0.9990E+03   -0.9990E+03   -0.9990E+03   -0.9990E+03   -0.9990E+03   -0.9990E+03   -0.9990E+03   -0.9990E+03   -0.9990E+03   -0.9990E+03   -0.9990E+03   -0.9990E+03   -0.9990E+03   -0.9990E+03   -0.9990E+03   -0.9990E+03   -0.9990E+03   -0.9990E+03   -0.9990E+03   -0.9990E+03   -0.9990E+03   -0.9990E+03   -0.9990E+03   -0.9990E+03   -0.9990E+03   -0.9990E+03   -0.9990E+03   -0.9990E+03   -0.9990E+03   -0.9990E+03   -0.9990E+03   -0.9990E+03   -0.9990E+03   -0.9990E+03   -0.9990E+03   -0.9990E+03   -0.9990E+03   -0.9990E+03   -0.9990E+03   -0.9990E+03   -0.9990E+03   -0.9990E+03   -0.9990E+03   -0.9990E+03   -0.9990E+03   -0.9990E+03   -0.9990E+03   -0.9990E+03   -0.9990E+03   -0.9990E+03   -0.9990E+03   -0.9990E+03   -0.9990E+03   -0.9990E+03   -0.9990E+03   -0.9990E+03
    0.1797E+00    0.1771E+00    0.1732E+00    0.1724E+00    0.1746E+00    0.1811E+00    0.1897E+00    0.1903E+00    0.1907E+00    0.1927E+00    0.1939E+00    0.1920E+00    0.1938E+00   -0.9990E+03   -0.9990E+03   -0.9990E+03   -0.9990E+03   -0.9990E+03   -0.9990E+03   -0.9990E+03   -0.9990E+03   -0.9990E+03   -0.9990E+03   -0.9990E+03   -0.9990E+03   -0.9990E+03   -0.9990E+03   -0.9990E+03   -0.9990E+03   -0.9990E+03   -0.9990E+03   -0.9990E+03   -0.9990E+03   -0.9990E+03   -0.9990E+03   -0.9990E+03   -0.9990E+03   -0.9990E+03   -0.9990E+03   -0.9990E+03   -0.9990E+03   -0.9990E+03   -0.9990E+03   -0.9990E+03   -0.9990E+03   -0.9990E+03   -0.9990E+03   -0.9990E+03   -0.9990E+03   -0.9990E+03   -0.9990E+03   -0.9990E+03   -0.9990E+03   -0.9990E+03   -0.9990E+03   -0.9990E+03   -0.9990E+03   -0.9990E+03   -0.9990E+03   -0.9990E+03   -0.9990E+03   -0.9990E+03   -0.9990E+03   -0.9990E+03   -0.9990E+03   -0.9990E+03   -0.9990E+03   -0.9990E+03   -0.9990E+03   -0.9990E+03   -0.9990E+03   -0.9990E+03   -0.9990E+03   -0.9990E+03   -0.9990E+03   -0.9990E+03
    0.1774E+00    0.1771E+00    0.1759E+00    0.1780E+00   -0.9990E+03   -0.9990E+03   -0.9990E+03   -0.9990E+03   -0.9990E+03   -0.9990E+03   -0.9990E+03   -0.9990E+03   -0.9990E+03   -0.9990E+03   -0.9990E+03   -0.9990E+03   -0.9990E+03   -0.9990E+03   -0.9990E+03   -0.9990E+03   -0.9990E+03   -0.9990E+03   -0.9990E+03   -0.9990E+03   -0.9990E+03   -0.9990E+03   -0.9990E+03   -0.9990E+03   -0.9990E+03   -0.9990E+03   -0.9990E+03   -0.9990E+03   -0.9990E+03   -0.9990E+03   -0.9990E+03   -0.9990E+03   -0.9990E+03   -0.9990E+03   -0.9990E+03   -0.9990E+03   -0.9990E+03   -0.9990E+03   -0.9990E+03   -0.9990E+03   -0.9990E+03   -0.9990E+03   -0.9990E+03   -0.9990E+03   -0.9990E+03   -0.9990E+03   -0.9990E+03   -0.9990E+03   -0.9990E+03   -0.9990E+03   -0.9990E+03   -0.9990E+03   -0.9990E+03   -0.9990E+03   -0.9990E+03   -0.9990E+03   -0.9990E+03   -0.9990E+03   -0.9990E+03   -0.9990E+03   -0.9990E+03   -0.9990E+03   -0.9990E+03   -0.9990E+03   -0.9990E+03   -0.9990E+03   -0.9990E+03   -0.9990E+03   -0.9990E+03   -0.9990E+03   -0.9990E+03   -0.9990E+03
   -0.9990E+03    0.1807E+00    0.1799E+00    0.1821E+00   -0.9990E+03   -0.9990E+03   -0.9990E+03   -0.9990E+03   -0.9990E+03   -0.9990E+03   -0.9990E+03   -0.9990E+03   -0.9990E+03   -0.9990E+03   -0.9990E+03   -0.9990E+03   -0.9990E+03   -0.9990E+03   -0.9990E+03   -0.9990E+03   -0.9990E+03   -0.9990E+03   -0.9990E+03   -0.9990E+03   -0.9990E+03   -0.9990E+03   -0.9990E+03   -0.9990E+03   -0.9990E+03   -0.9990E+03   -0.9990E+03   -0.9990E+03   -0.9990E+03   -0.9990E+03   -0.9990E+03   -0.9990E+03   -0.9990E+03   -0.9990E+03   -0.9990E+03   -0.9990E+03   -0.9990E+03   -0.9990E+03   -0.9990E+03   -0.9990E+03   -0.9990E+03   -0.9990E+03   -0.9990E+03   -0.9990E+03   -0.9990E+03   -0.9990E+03   -0.9990E+03   -0.9990E+03   -0.9990E+03   -0.9990E+03   -0.9990E+03   -0.9990E+03   -0.9990E+03   -0.9990E+03   -0.9990E+03   -0.9990E+03   -0.9990E+03   -0.9990E+03   -0.9990E+03   -0.9990E+03   -0.9990E+03   -0.9990E+03   -0.9990E+03   -0.9990E+03   -0.9990E+03   -0.9990E+03   -0.9990E+03   -0.9990E+03   -0.9990E+03   -0.9990E+03   -0.9990E+03   -0.9990E+03
       365.0000          LAYER       1
   -0.9990E+03   -0.9990E+03   -0.9990E+03   -0.9990E+03   -0.9990E+03   -0.9990E+03   -0.9990E+03   -0.9990E+03   -0.9990E+03   -0.9990E+03   -0.9990E+03   -0.9990E+03   -0.9990E+03   -0.9990E+03   -0.9990E+03   -0.9990E+03   -0.9990E+03   -0.9990E+03   -0.9990E+03   -0.9990E+03   -0.9990E+03   -0.9990E+03   -0.9990E+03   -0.9990E+03   -0.9990E+03   -0.9990E+03   -0.9990E+03   -0.9990E+03   -0.9990E+03   -0.9990E+03   -0.9990E+03   -0.9990E+03   -0.9990E+03   -0.9990E+03   -0.9990E+03   -0.9990E+03   -0.9990E+03   -0.9990E+03   -0.9990E+03   -0.9990E+03   -0.9990E+03   -0.9990E+03   -0.9990E+03   -0.9990E+03   -0.9990E+03   -0.9990E+03   -0.9990E+03   -0.9990E+03   -0.9990E+03   -0.9990E+03   -0.9990E+03   -0.9990E+03   -0.9990E+03   -0.9990E+03   -0.9990E+03   -0.9990E+03   -0.9990E+03   -0.9990E+03   -0.9990E+03   -0.9990E+03   -0.9990E+03   -0.9990E+03   -0.9990E+03   -0.9990E+03   -0.9990E+03   -0.9990E+03   -0.9990E+03   -0.9990E+03   -0.9990E+03   -0.9990E+03   -0.9990E+03    0.8633E-01    0.9351E-01   -0.9990E+03   -0.9990E+03   -0.9990E+03
   -0.9990E+03   -0.9990E+03   -0.9990E+03   -0.9990E+03   -0.9990E+03   -0.9990E+03   -0.9990E+03   -0.9990E+03   -0.9990E+03   -0.9990E+03   -0.9990E+03   -0.9990E+03   -0.9990E+03   -0.9990E+03   -0.9990E+03   -0.9990E+03   -0.9990E+03   -0.9990E+03   -0.9990E+03   -0.9990E+03   -0.9990E+03   -0.9990E+03   -0.9990E+03   -0.9990E+03   -0.9990E+03   -0.9990E+03   -0.9990E+03   -0.9990E+03   -0.9990E+03   -0.9990E+03   -0.9990E+03   -0.9990E+03   -0.9990E+03   -0.9990E+03   -0.9990E+03   -0.9990E+03   -0.9990E+03   -0.9990E+03   -0.9990E+03   -0.9990E+03   -0.9990E+03   -0.9990E+03   -0.9990E+03   -0.9990E+03   -0.9990E+03   -0.9990E+03   -0.9990E+03   -0.9990E+03   -0.9990E+03   -0.9990E+03   -0.9990E+03   -0.9990E+03   -0.9990E+03   -0.9990E+03   -0.9990E+03   -0.9990E+03   -0.9990E+03   -0.9990E+03   -0.9990E+03   -0.9990E+03   -0.9990E+03   -0.9990E+03   -0.9990E+03   -0.9990E+03   -0.9990E+03   -0.9990E+03   -0.9990E+03   -0.9990E+03   -0.9990E+03   -0.9990E+03    0.8913E-01    0.8321E-01    0.8763E-01    0.9549E-01   -0.9990E+03   -0.9990E+03
   -0.9990E+03   -0.9990E+03   -0.9990E+03   -0.9990E+03   -0.9990E+03   -0.9990E+03   -0.9990E+03   -0.9990E+03   -0.9990E+03   -0.9990E+03   -0.9990E+03   -0.9990E+03   -0.9990E+03   -0.9990E+03   -0.9990E+03   -0.9990E+03   -0.9990E+03   -0.9990E+03   -0.9990E+03   -0.9990E+03   -0.9990E+03   -0.9990E+03   -0.9990E+03   -0.9990E+03   -0.9990E+03   -0.9990E+03   -0.9990E+03   -0.9990E+03   -0.9990E+03   -0.9990E+03   -0.9990E+03   -0.9990E+03   -0.9990E+03   -0.9990E+03   -0.9990E+03   -0.9990E+03   -0.9990E+03   -0.9990E+03   -0.9990E+03   -0.9990E+03   -0.9990E+03   -0.9990E+03   -0.9990E+03   -0.9990E+03   -0.9990E+03   -0.9990E+03   -0.9990E+03   -0.9990E+03   -0.9990E+03   -0.9990E+03   -0.9990E+03   -0.9990E+03   -0.9990E+03   -0.9990E+03   -0.9990E+03   -0.9990E+03   -0.9990E+03   -0.9990E+03   -0.9990E+03   -0.9990E+03   -0.9990E+03   -0.9990E+03   -0.9990E+03   -0.9990E+03   -0.9990E+03   -0.9990E+03   -0.9990E+03   -0.9990E+03    0.9432E-01    0.8697E-01    0.9315E-01    0.8331E-01    0.9568E-01    0.9121E-01    0.8925E-01   -0.9990E+03
   -0.9990E+03   -0.9990E+03   -0.9990E+03   -0.9990E+03   -0.9990E+03   -0.9990E+03   -0.9990E+03   -0.9990E+03   -0.9990E+03   -0.9990E+03   -0.9990E+03   -0.9990E+03   -0.9990E+03   -0.9990E+03   -0.9990E+03   -0.9990E+03   -0.9990E+03   -0.9990E+03   -0.9990E+03   -0.9990E+03   -0.9990E+03   -0.9990E+03   -0.9990E+03   -0.9990E+03   -0.9990E+03   -0.9990E+03   -0.9990E+03   -0.9990E+03   -0.9990E+03   -0.9990E+03   -0.9990E+03   -0.9990E+03   -0.9990E+03   -0.9990E+03   -0.9990E+03   -0.9990E+03   -0.9990E+03   -0.9990E+03   -0.9990E+03   -0.9990E+03   -0.9990E+03   -0.9990E+03   -0.9990E+03   -0.9990E+03   -0.9990E+03   -0.9990E+03   -0.9990E+03   -0.9990E+03   -0.9990E+03   -0.9990E+03   -0.9990E+03   -0.9990E+03   -0.9990E+03   -0.9990E+03   -0.9990E+03   -0.9990E+03   -0.9990E+03   -0.9990E+03   -0.9990E+03   -0.9990E+03   -0.9990E+03   -0.9990E+03   -0.9990E+03   -0.9990E+03   -0.9990E+03   -0.9990E+03   -0.9990E+03   -0.9990E+03    0.8415E-01    0.8741E-01    0.8138E-01    0.8240E-01    0.8043E-01    0.8898E-01    0.9302E-01   -0.9990E+03
   -0.9990E+03   -0.9990E+03   -0.9990E+03   -0.9990E+03   -0.9990E+03   -0.9990E+03   -0.9990E+03   -0.9990E+03   -0.9990E+03   -0.9990E+03   -0.9990E+03   -0.9990E+03   -0.9990E+03   -0.9990E+03   -0.9990E+03   -0.9990E+03   -0.9990E+03   -0.9990E+03   -0.9990E+03   -0.9990E+03   -0.9990E+03   -0.9990E+03   -0.9990E+03   -0.9990E+03   -0.9990E+03   -0.9990E+03   -0.9990E+03   -0.9990E+03   -0.9990E+03   -0.9990E+03   -0.9990E+03   -0.9990E+03   -0.9990E+03   -0.9990E+03   -0.9990E+03   -0.9990E+03   -0.9990E+03   -0.9990E+03   -0.9990E+03   -0.9990E+03   -0.9990E+03   -0.9990E+03   -0.9990E+03   -0.9990E+03   -0.9990E+03   -0.9990E+03   -0.9990E+03   -0.9990E+03   -0.9990E+03   -0.9990E+03   -0.9990E+03   -0.9990E+03   -0.9990E+03   -0.9990E+03   -0.9990E+03   -0.9990E+03   -0.9990E+03   -0.9990E+03   -0.9990E+03   -0.9990E+03   -0.9990E+03   -0.9990E+03   -0.9990E+03   -0.9990E+03   -0.9990E+03    0.3884E-01    0.4088E-01    0.8233E-01    0.8997E-01    0.8330E-01    0.9004E-01    0.9439E-01    0.7813E-01    0.9016E-01    0.9940E-01   -0.9990E+03
   -0.9990E+03   -0.9990E+03   -0.9990E+03   -0.9990E+03   -0.9990E+03   -0.9990E+03   -0.9990E+03   -0.9990E+03   -0.9990E+03   -0.9990E+03   -0.9990E+03   -0.9990E+03   -0.9990E+03   -0.9990E+03   -0.9990E+03   -0.9990E+03   -0.9990E+03   -0.9990E+03   -0.9990E+03   -0.9990E+03   -0.9990E+03   -0.9990E+03   -0.9990E+03   -0.9990E+03   -0.9990E+03   -0.9990E+03   -0.9990E+03   -0.9990E+03   -0.9990E+03   -0.9990E+03   -0.9990E+03   -0.9990E+03   -0.9990E+03   -0.9990E+03   -0.9990E+03   -0.9990E+03   -0.9990E+03   -0.9990E+03   -0.9990E+03   -0.9990E+03   -0.9990E+03   -0.9990E+03   -0.9990E+03   -0.9990E+03   -0.9990E+03   -0.9990E+03   -0.9990E+03   -0.9990E+03   -0.9990E+03   -0.9990E+03   -0.9990E+03   -0.9990E+03   -0.9990E+03   -0.9990E+03   -0.9990E+03   -0.9990E+03    0.1153E+00    0.1009E+00    0.4158E-01    0.3747E-01   -0.9990E+03    0.4005E-01    0.4824E-01    0.3911E-01    0.3894E-01    0.3903E-01    0.3831E-01    0.7915E-01    0.9010E-01    0.8426E-01    0.8764E-01    0.8359E-01    0.8104E-01    0.8407E-01    0.9202E-01   -0.9990E+03
   -0.9990E+03   -0.9990E+03   -0.9990E+03   -0.9990E+03   -0.9990E+03   -0.9990E+03   -0.9990E+03   -0.9990E+03   -0.9990E+03   -0.9990E+03   -0.9990E+03   -0.9990E+03   -0.9990E+03   -0.9990E+03   -0.9990E+03   -0.9990E+03   -0.9990E+03   -0.9990E+03   -0.9990E+03   -0.9990E+03   -0.9990E+03   -0.9990E+03   -0.9990E+03   -0.9990E+03   -0.9990E+03   -0.9990E+03   -0.9990E+03   -0.9990E+03   -0.9990E+03   -0.9990E+03   -0.9990E+03   -0.9990E+03   -0.9990E+03   -0.9990E+03   -0.9990E+03   -0.9990E+03   -0.9990E+03   -0.9990E+03   -0.9990E+03   -0.9990E+03   -0.9990E+03   -0.9990E+03   -0.9990E+03   -0.9990E+03   -0.9990E+03   -0.9990E+03   -0.9990E+03   -0.9990E+03   -0.9990E+03   -0.9990E+03   -0.9990E+03   -0.9990E+03   -0.9990E+03   -0.9990E+03   -0.9990E+03    0.1150E+00    0.1140E+00    0.1009E+00    0.3749E-01    0.3837E-01    0.4147E-01    0.3732E-01    0.4995E-01    0.3936E-01    0.3917E-01    0.3885E-01    0.4615E-01    0.7807E-01    0.8617E-01    0.8888E-01    0.8649E-01    0.9003E-01    0.7880E-01    0.8190E-01    0.9567E-01   -0.9990E+03
   -0.9990E+03   -0.9990E+03   -0.9990E+03   -0.9990E+03   -0.9990E+03   -0.9990E+03   -0.9990E+03   -0.9990E+03   -0.9990E+03   -0.9990E+03   -0.9990E+03   -0.9990E+03   -0.9990E+03   -0.9990E+03   -0.9990E+03   -0.9990E+03   -0.9990E+03   -0.9990E+03   -0.9990E+03   -0.9990E+03   -0.9990E+03   -0.9990E+03   -0.9990E+03   -0.9990E+03   -0.9990E+03   -0.9990E+03   -0.9990E+03   -0.9990E+03   -0.9990E+03   -0.9990E+03   -0.9990E+03   -0.9990E+03   -0.9990E+03   -0.9990E+03   -0.9990E+03   -0.9990E+03   -0.9990E+03   -0.9990E+03   -0.9990E+03   -0.9990E+03   -0.9990E+03   -0.9990E+03   -0.9990E+03   -0.9990E+03   -0.9990E+03   -0.9990E+03   -0.9990E+03   -0.9990E+03   -0.9990E+03   -0.9990E+03   -0.9990E+03   -0.9990E+03   -0.9990E+03   -0.9990E+03    0.1153E+00    0.1071E+00    0.1003E+00    0.9361E-01    0.3743E-01    0.3933E-01    0.4490E-01    0.3706E-01    0.4161E-01    0.3946E-01    0.3920E-01    0.3892E-01    0.4095E-01    0.8745E-01    0.8219E-01    0.8188E-01    0.9037E-01    0.8922E-01    0.7830E-01    0.9231E-01    0.8724E-01    0.1243E+00
   -0.9990E+03   -0.9990E+03   -0.9990E+03   -0.9990E+03   -0.9990E+03   -0.9990E+03   -0.9990E+03   -0.9990E+03   -0.9990E+03   -0.9990E+03   -0.9990E+03   -0.9990E+03   -0.9990E+03   -0.9990E+03   -0.9990E+03   -0.9990E+03   -0.9990E+03   -0.9990E+03   -0.9990E+03   -0.9990E+03   -0.9990E+03   -0.9990E+03   -0.9990E+03   -0.9990E+03   -0.9990E+03   -0.9990E+03   -0.9990E+03   -0.9990E+03   -0.9990E+03   -0.9990E+03   -0.9990E+03   -0.9990E+03   -0.9990E+03   -0.9990E+03   -0.9990E+03   -0.9990E+03   -0.9990E+03   -0.9990E+03   -0.9990E+03   -0.9990E+03   -0.9990E+03   -0.9990E+03   -0.9990E+03   -0.9990E+03   -0.9990E+03   -0.9990E+03   -0.9990E+03   -0.9990E+03   -0.9990E+03   -0.9990E+03   -0.9990E+03   -0.9990E+03   -0.9990E+03    0.1122E+00    0.1050E+00    0.1049E+00    0.1035E+00    0.8660E-01    0.3957E-01    0.4373E-01    0.3707E-01    0.3723E-01    0.4193E-01    0.3911E-01    0.3919E-01    0.3895E-01    0.5338E-01    0.8437E-01    0.8330E-01    0.7874E-01    0.8120E-01    0.7955E-01    0.8115E-01    0.9016E-01    0.9391E-01   -0.9990E+03
   -0.9990E+03   -0.9990E+03   -0.9990E+03   -0.9990E+03   -0.9990E+03   -0.9990E+03   -0.9990E+03   -0.9990E+03   -0.9990E+03   -0.9990E+03   -0.9990E+03   -0.9990E+03   -0.9990E+03   -0.9990E+03   -0.9990E+03   -0.9990E+03   -0.9990E+03   -0.9990E+03   -0.9990E+03   -0.9990E+03   -0.9990E+03   -0.9990E+03   -0.9990E+03   -0.9990E+03   -0.9990E+03   -0.9990E+03   -0.9990E+03   -0.9990E+03   -0.9990E+03   -0.9990E+03   -0.9990E+03   -0.9990E+03   -0.9990E+03   -0.9990E+03   -0.9990E+03   -0.9990E+03   -0.9990E+03   -0.9990E+03   -0.9990E+03   -0.9990E+03   -0.9990E+03   -0.9990E+03   -0.9990E+03   -0.9990E+03   -0.9990E+03   -0.9990E+03   -0.9990E+03   -0.9990E+03   -0.9990E+03   -0.9990E+03   -0.9990E+03   -0.9990E+03   -0.9990E+03    0.1064E+00    0.1085E+00    0.1115E+00    0.1099E+00    0.1022E+00    0.6281E-01    0.4248E-01    0.3724E-01    0.3746E-01    0.9092E-01    0.3920E-01    0.3933E-01    0.3814E-01    0.3768E-01    0.7001E-01    0.8043E-01    0.8941E-01    0.8981E-01    0.7912E-01    0.8806E-01    0.9345E-01   -0.9990E+03   -0.9990E+03
   -0.9990E+03   -0.9990E+03   -0.9990E+03   -0.9990E+03   -0.9990E+03   -0.9990E+03   -0.9990E+03   -0.9990E+03   -0.9990E+03   -0.9990E+03   -0.9990E+03   -0.9990E+03   -0.9990E+03   -0.9990E+03   -0.9990E+03   -0.9990E+03   -0.9990E+03   -0.9990E+03   -0.9990E+03   -0.9990E+03   -0.9990E+03   -0.9990E+03   -0.9990E+03   -0.9990E+03   -0.9990E+03   -0.9990E+03   -0.9990E+03   -0.9990E+03   -0.9990E+03   -0.9990E+03   -0.9990E+03   -0.9990E+03   -0.9990E+03   -0.9990E+03   -0.9990E+03   -0.9990E+03   -0.9990E+03   -0.9990E+03   -0.9990E+03   -0.9990E+03   -0.9990E+03   -0.9990E+03   -0.9990E+03   -0.9990E+03   -0.9990E+03   -0.9990E+03   -0.9990E+03   -0.9990E+03   -0.9990E+03   -0.9990E+03   -0.9990E+03   -0.9990E+03   -0.9990E+03    0.3850E-01    0.3638E-01    0.3646E-01    0.3666E-01    0.3617E-01    0.3760E-01    0.3940E-01    0.3741E-01    0.3781E-01    0.3932E-01    0.3893E-01    0.3827E-01    0.3709E-01    0.3749E-01    0.3748E-01    0.8723E-01    0.8880E-01    0.8282E-01    0.8519E-01    0.9214E-01    0.9156E-01    0.9773E-01   -0.9990E+03
   -0.9990E+03   -0.9990E+03   -0.9990E+03   -0.9990E+03   -0.9990E+03   -0.9990E+03   -0.9990E+03   -0.9990E+03   -0.9990E+03   -0.9990E+03   -0.9990E+03   -0.9990E+03   -0.9990E+03   -0.9990E+03   -0.9990E+03   -0.9990E+03   -0.9990E+03   -0.9990E+03   -0.9990E+03   -0.9990E+03   -0.9990E+03   -0.9990E+03   -0.9990E+03   -0.9990E+03   -0.9990E+03   -0.9990E+03   -0.9990E+03   -0.9990E+03   -0.9990E+03   -0.9990E+03   -0.9990E+03   -0.9990E+03   -0.9990E+03   -0.9990E+03   -0.9990E+03   -0.9990E+03   -0.9990E+03   -0.9990E+03   -0.9990E+03   -0.9990E+03   -0.9990E+03   -0.9990E+03   -0.9990E+03   -0.9990E+03   -0.9990E+03   -0.9990E+03   -0.9990E+03   -0.9990E+03   -0.9990E+03   -0.9990E+03   -0.9990E+03   -0.9990E+03    0.1177E+00    0.8433E-01    0.8590E-01    0.9209E-01    0.1043E+00    0.1323E+00    0.3775E-01    0.3716E-01    0.3742E-01    0.3757E-01    0.3775E-01    0.3921E-01    0.3743E-01    0.3790E-01    0.3713E-01    0.3707E-01    0.3735E-01    0.7822E-01    0.8514E-01    0.9195E-01    0.8924E-01    0.8799E-01    0.9979E-01   -0.9990E+03
   -0.9990E+03   -0.9990E+03   -0.9990E+03   -0.9990E+03   -0.9990E+03   -0.9990E+03   -0.9990E+03   -0.9990E+03   -0.9990E+03   -0.9990E+03   -0.9990E+03   -0.9990E+03   -0.9990E+03   -0.9990E+03   -0.9990E+03   -0.9990E+03   -0.9990E+03   -0.9990E+03   -0.9990E+03   -0.9990E+03   -0.9990E+03   -0.9990E+03   -0.9990E+03   -0.9990E+03   -0.9990E+03   -0.9990E+03   -0.9990E+03   -0.9990E+03   -0.9990E+03   -0.9990E+03   -0.9990E+03   -0.9990E+03   -0.9990E+03   -0.9990E+03   -0.9990E+03   -0.9990E+03   -0.9990E+03   -0.9990E+03   -0.9990E+03   -0.9990E+03   -0.9990E+03   -0.9990E+03   -0.9990E+03   -0.9990E+03   -0.9990E+03   -0.9990E+03   -0.9990E+03   -0.9990E+03   -0.9990E+03   -0.9990E+03   -0.9990E+03    0.7904E-01    0.1135E+00    0.8782E-01    0.8116E-01    0.8736E-01    0.8903E-01    0.1326E+00    0.4451E-01    0.3713E-01    0.3739E-01    0.3748E-01    0.3855E-01    0.3810E-01    0.3744E-01    0.3748E-01    0.3736E-01    0.3722E-01    0.4674E-01    0.7833E-01    0.8753E-01    0.8986E-01    0.1073E+00    0.9633E-01    0.1037E+00   -0.9990E+03
   -0.9990E+03   -0.9990E+03   -0.9990E+03   -0.9990E+03   -0.9990E+03   -0.9990E+03   -0.9990E+03   -0.9990E+03   -0.9990E+03   -0.9990E+03   -0.9990E+03   -0.9990E+03   -0.9990E+03   -0.9990E+03   -0.9990E+03   -0.9990E+03   -0.9990E+03   -0.9990E+03   -0.9990E+03   -0.9990E+03   -0.9990E+03   -0.9990E+03   -0.9990E+03   -0.9990E+03   -0.9990E+03   -0.9990E+03   -0.9990E+03   -0.9990E+03   -0.9990E+03   -0.9990E+03   -0.9990E+03   -0.9990E+03   -0.9990E+03   -0.9990E+03   -0.9990E+03   -0.9990E+03   -0.9990E+03   -0.9990E+03   -0.9990E+03   -0.9990E+03   -0.9990E+03   -0.9990E+03   -0.9990E+03   -0.9990E+03   -0.9990E+03   -0.9990E+03   -0.9990E+03   -0.9990E+03   -0.9990E+03    0.7753E-01    0.7665E-01    0.7611E-01    0.1056E+00    0.1016E+00    0.7844E-01    0.7800E-01    0.7985E-01    0.9007E-01    0.4716E-01    0.3741E-01    0.3707E-01    0.3713E-01    0.8500E-01    0.3696E-01    0.3718E-01    0.3769E-01    0.3739E-01    0.7852E-01    0.8849E-01    0.6812E-01    0.6858E-01    0.7697E-01    0.9651E-01    0.1163E+00    0.1105E+00   -0.9990E+03
   -0.9990E+03   -0.9990E+03   -0.9990E+03   -0.9990E+03   -0.9990E+03   -0.9990E+03   -0.9990E+03   -0.9990E+03   -0.9990E+03   -0.9990E+03   -0.9990E+03   -0.9990E+03   -0.9990E+03   -0.9990E+03   -0.9990E+03   -0.9990E+03   -0.9990E+03   -0.9990E+03   -0.9990E+03   -0.9990E+03   -0.9990E+03   -0.9990E+03   -0.9990E+03   -0.9990E+03   -0.9990E+03   -0.9990E+03   -0.9990E+03   -0.9990E+03   -0.9990E+03   -0.9990E+03   -0.9990E+03   -0.9990E+03   -0.9990E+03   -0.9990E+03   -0.9990E+03   -0.9990E+03   -0.9990E+03   -0.9990E+03   -0.9990E+03   -0.9990E+03   -0.9990E+03   -0.9990E+03   -0.9990E+03   -0.9990E+03   -0.9990E+03   -0.9990E+03   -0.9990E+03   -0.9990E+03    0.1134E+00    0.7826E-01    0.7686E-01    0.7424E-01    0.9795E-01    0.1108E+00    0.8753E-01    0.7649E-01    0.7835E-01    0.1032E+00    0.2606E-01    0.2030E-01    0.7885E-01    0.6559E-01    0.9465E-01    0.6530E-01    0.1567E+00    0.1516E+00    0.1454E+00    0.1302E+00    0.6412E-01    0.7667E-01    0.8259E-01    0.8370E-01    0.8071E-01    0.1188E+00    0.1220E+00   -0.9990E+03
   -0.9990E+03   -0.9990E+03   -0.9990E+03   -0.9990E+03   -0.9990E+03   -0.9990E+03   -0.9990E+03   -0.9990E+03   -0.9990E+03   -0.9990E+03   -0.9990E+03   -0.9990E+03   -0.9990E+03   -0.9990E+03   -0.9990E+03   -0.9990E+03   -0.9990E+03   -0.9990E+03   -0.9990E+03   -0.9990E+03   -0.9990E+03   -0.9990E+03   -0.9990E+03   -0.9990E+03   -0.9990E+03   -0.9990E+03   -0.9990E+03   -0.9990E+03   -0.9990E+03   -0.9990E+03   -0.9990E+03   -0.9990E+03   -0.9990E+03   -0.9990E+03   -0.9990E+03   -0.9990E+03   -0.9990E+03   -0.9990E+03   -0.9990E+03   -0.9990E+03   -0.9990E+03   -0.9990E+03   -0.9990E+03   -0.9990E+03   -0.9990E+03   -0.9990E+03   -0.9990E+03   -0.9990E+03    0.1168E+00    0.8081E-01    0.8199E-01    0.7244E-01    0.1079E+00    0.1073E+00    0.1081E+00    0.1173E+00    0.1138E+00    0.7772E-01    0.7275E-01    0.1858E-01    0.1436E+00    0.1369E+00    0.1052E+00    0.1490E+00    0.3723E-01    0.3725E-01    0.3704E-01    0.4455E-01    0.4954E-01    0.8334E-01    0.1022E+00    0.2168E+00    0.1079E+00    0.1120E+00    0.1280E+00   -0.9990E+03
   -0.9990E+03   -0.9990E+03   -0.9990E+03   -0.9990E+03   -0.9990E+03   -0.9990E+03   -0.9990E+03   -0.9990E+03   -0.9990E+03   -0.9990E+03   -0.9990E+03   -0.9990E+03   -0.9990E+03   -0.9990E+03   -0.9990E+03   -0.9990E+03   -0.9990E+03   -0.9990E+03   -0.9990E+03   -0.9990E+03   -0.9990E+03   -0.9990E+03   -0.9990E+03   -0.9990E+03   -0.9990E+03   -0.9990E+03   -0.9990E+03   -0.9990E+03   -0.9990E+03   -0.9990E+03   -0.9990E+03   -0.9990E+03   -0.9990E+03   -0.9990E+03   -0.9990E+03   -0.9990E+03   -0.9990E+03   -0.9990E+03   -0.9990E+03   -0.9990E+03   -0.9990E+03   -0.9990E+03   -0.9990E+03   -0.9990E+03   -0.9990E+03   -0.9990E+03   -0.9990E+03    0.4063E-01    0.1094E+00    0.7626E-01    0.7447E-01    0.7443E-01    0.1169E+00    0.1119E+00    0.1109E+00    0.1146E+00    0.1187E+00    0.5957E-01    0.4583E-01    0.7116E-01    0.8141E-01    0.1422E+00    0.1585E+00    0.3693E-01    0.3691E-01    0.3804E-01    0.3732E-01    0.4383E-01    0.4647E-01    0.7334E-01    0.9407E-01    0.1237E+00    0.8812E-01    0.1112E+00    0.1250E+00   -0.9990E+03
   -0.9990E+03   -0.9990E+03   -0.9990E+03   -0.9990E+03   -0.9990E+03   -0.9990E+03   -0.9990E+03   -0.9990E+03   -0.9990E+03   -0.9990E+03   -0.9990E+03   -0.9990E+03   -0.9990E+03   -0.9990E+03   -0.9990E+03   -0.9990E+03   -0.9990E+03   -0.9990E+03   -0.9990E+03   -0.9990E+03   -0.9990E+03   -0.9990E+03   -0.9990E+03   -0.9990E+03   -0.9990E+03   -0.9990E+03   -0.9990E+03   -0.9990E+03   -0.9990E+03   -0.9990E+03   -0.9990E+03   -0.9990E+03   -0.9990E+03   -0.9990E+03   -0.9990E+03   -0.9990E+03   -0.9990E+03   -0.9990E+03   -0.9990E+03   -0.9990E+03   -0.9990E+03   -0.9990E+03   -0.9990E+03   -0.9990E+03   -0.9990E+03   -0.9990E+03   -0.9990E+03    0.3749E-01    0.7799E-01    0.7415E-01    0.8166E-01    0.7791E-01    0.7916E-01    0.7636E-01    0.7704E-01    0.1168E+00    0.7066E-01    0.3331E-01    0.7094E-01    0.1075E+00    0.6182E-01    0.6300E+00    0.6173E-01    0.4760E-01    0.3870E-01    0.3721E-01    0.3885E-01    0.4478E-01    0.4572E-01    0.7092E-01    0.1009E+00    0.1304E+00    0.8766E-01    0.1206E+00   -0.9990E+03   -0.9990E+03
   -0.9990E+03   -0.9990E+03   -0.9990E+03   -0.9990E+03   -0.9990E+03   -0.9990E+03   -0.9990E+03   -0.9990E+03   -0.9990E+03   -0.9990E+03   -0.9990E+03   -0.9990E+03   -0.9990E+03   -0.9990E+03   -0.9990E+03   -0.9990E+03   -0.9990E+03   -0.9990E+03   -0.9990E+03   -0.9990E+03   -0.9990E+03   -0.9990E+03   -0.9990E+03   -0.9990E+03   -0.9990E+03   -0.9990E+03   -0.9990E+03   -0.9990E+03   -0.9990E+03   -0.9990E+03   -0.9990E+03   -0.9990E+03   -0.9990E+03   -0.9990E+03   -0.9990E+03   -0.9990E+03   -0.9990E+03   -0.9990E+03   -0.9990E+03   -0.9990E+03   -0.9990E+03   -0.9990E+03   -0.9990E+03   -0.9990E+03    0.4366E-01    0.4082E-01    0.4783E-01    0.3983E-01    0.4782E-01    0.7995E-01    0.9673E-01    0.1004E+00    0.9610E-01    0.9608E-01    0.9638E-01   -0.9990E+03   -0.9990E+03    0.2515E-01    0.5673E-01    0.4486E-01    0.3883E-01    0.8200E+00    0.4061E-01    0.3426E-01    0.3691E-01    0.4021E-01    0.3723E-01    0.3754E-01    0.3760E-01    0.6827E-01    0.1119E+00    0.1204E+00   -0.9990E+03   -0.9990E+03   -0.9990E+03   -0.9990E+03
   -0.9990E+03   -0.9990E+03   -0.9990E+03   -0.9990E+03   -0.9990E+03   -0.9990E+03   -0.9990E+03   -0.9990E+03   -0.9990E+03   -0.9990E+03   -0.9990E+03   -0.9990E+03   -0.9990E+03   -0.9990E+03   -0.9990E+03   -0.9990E+03   -0.9990E+03   -0.9990E+03   -0.9990E+03   -0.9990E+03   -0.9990E+03   -0.9990E+03   -0.9990E+03   -0.9990E+03   -0.9990E+03   -0.9990E+03   -0.9990E+03   -0.9990E+03   -0.9990E+03   -0.9990E+03   -0.9990E+03   -0.9990E+03   -0.9990E+03   -0.9990E+03   -0.9990E+03   -0.9990E+03   -0.9990E+03   -0.9990E+03   -0.9990E+03   -0.9990E+03   -0.9990E+03   -0.9990E+03   -0.9990E+03   -0.9990E+03    0.5129E-01    0.3819E-01    0.5049E-01    0.5069E-01    0.4769E-01    0.7816E-01    0.1053E+00    0.9618E-01    0.9686E-01    0.9673E-01    0.9684E-01    0.9677E-01    0.3495E-01    0.3974E-01    0.5491E-01    0.5259E-01    0.6044E-01    0.6738E+00    0.5684E-01    0.4925E-01    0.3365E-01    0.3623E-01    0.6386E-01    0.4561E-01    0.6866E-01    0.8547E-01    0.1093E+00   -0.9990E+03   -0.9990E+03   -0.9990E+03   -0.9990E+03   -0.9990E+03
   -0.9990E+03   -0.9990E+03   -0.9990E+03   -0.9990E+03   -0.9990E+03   -0.9990E+03   -0.9990E+03   -0.9990E+03   -0.9990E+03   -0.9990E+03   -0.9990E+03   -0.9990E+03   -0.9990E+03   -0.9990E+03   -0.9990E+03   -0.9990E+03   -0.9990E+03   -0.9990E+03   -0.9990E+03   -0.9990E+03   -0.9990E+03   -0.9990E+03   -0.9990E+03   -0.9990E+03   -0.9990E+03   -0.9990E+03   -0.9990E+03   -0.9990E+03   -0.9990E+03   -0.9990E+03   -0.9990E+03   -0.9990E+03   -0.9990E+03   -0.9990E+03   -0.9990E+03   -0.9990E+03   -0.9990E+03   -0.9990E+03   -0.9990E+03   -0.9990E+03   -0.9990E+03   -0.9990E+03   -0.9990E+03   -0.9990E+03    0.4470E-01    0.4034E-01    0.4695E-01    0.4580E-01    0.4436E-01    0.8836E-01    0.9392E-01    0.9291E-01    0.9304E-01    0.9559E-01    0.9696E-01    0.9566E-01    0.9090E-01    0.2711E-01    0.2583E-01    0.4904E-01    0.6000E-01    0.4195E+00    0.5076E-01    0.4758E-01    0.4144E-01    0.3464E-01    0.6300E-01    0.7807E-01    0.9878E-01    0.8847E-01    0.1182E+00   -0.9990E+03   -0.9990E+03   -0.9990E+03   -0.9990E+03   -0.9990E+03
   -0.9990E+03   -0.9990E+03   -0.9990E+03   -0.9990E+03   -0.9990E+03   -0.9990E+03   -0.9990E+03   -0.9990E+03   -0.9990E+03   -0.9990E+03   -0.9990E+03   -0.9990E+03   -0.9990E+03   -0.9990E+03   -0.9990E+03   -0.9990E+03   -0.9990E+03   -0.9990E+03   -0.9990E+03   -0.9990E+03   -0.9990E+03   -0.9990E+03   -0.9990E+03   -0.9990E+03   -0.9990E+03   -0.9990E+03   -0.9990E+03   -0.9990E+03   -0.9990E+03   -0.9990E+03   -0.9990E+03   -0.9990E+03   -0.9990E+03   -0.9990E+03   -0.9990E+03   -0.9990E+03   -0.9990E+03   -0.9990E+03   -0.9990E+03   -0.9990E+03   -0.9990E+03   -0.9990E+03   -0.9990E+03    0.4728E-01    0.4225E-01    0.3911E-01    0.4398E-01    0.4501E-01    0.4785E-01    0.8697E-01    0.9786E-01    0.9711E-01    0.9460E-01    0.9394E-01    0.9745E-01    0.9405E-01    0.9818E-01    0.9030E-01    0.5208E-01    0.5963E-01    0.6081E-01    0.2929E+00    0.5576E-01    0.5259E-01    0.5452E-01    0.4921E-01    0.1291E+00    0.9962E-01    0.8688E-01    0.9539E-01    0.2379E+00   -0.9990E+03   -0.9990E+03   -0.9990E+03   -0.9990E+03   -0.9990E+03
   -0.9990E+03   -0.9990E+03   -0.9990E+03   -0.9990E+03   -0.9990E+03   -0.9990E+03   -0.9990E+03   -0.9990E+03   -0.9990E+03   -0.9990E+03   -0.9990E+03   -0.9990E+03   -0.9990E+03   -0.9990E+03   -0.9990E+03   -0.9990E+03   -0.9990E+03   -0.9990E+03   -0.9990E+03   -0.9990E+03   -0.9990E+03   -0.9990E+03   -0.9990E+03   -0.9990E+03   -0.9990E+03   -0.9990E+03   -0.9990E+03   -0.9990E+03   -0.9990E+03   -0.9990E+03   -0.9990E+03   -0.9990E+03   -0.9990E+03   -0.9990E+03   -0.9990E+03   -0.9990E+03   -0.9990E+03   -0.9990E+03   -0.9990E+03   -0.9990E+03   -0.9990E+03   -0.9990E+03   -0.9990E+03    0.3996E-01    0.4344E-01    0.3753E-01    0.5084E-01    0.5158E-01    0.4475E-01    0.9031E-01    0.9693E-01    0.1030E+00    0.9839E-01    0.9251E-01    0.9474E-01    0.1007E+00    0.9766E-01    0.9356E-01    0.5022E-01    0.5997E-01    0.6912E-01    0.2484E+00    0.5756E-01    0.5765E-01    0.4970E-01    0.5335E-01    0.7347E-01    0.1208E+00    0.8635E-01    0.8915E-01   -0.9990E+03   -0.9990E+03   -0.9990E+03   -0.9990E+03   -0.9990E+03   -0.9990E+03
   -0.9990E+03   -0.9990E+03   -0.9990E+03   -0.9990E+03   -0.9990E+03   -0.9990E+03   -0.9990E+03   -0.9990E+03   -0.9990E+03   -0.9990E+03   -0.9990E+03   -0.9990E+03   -0.9990E+03   -0.9990E+03   -0.9990E+03   -0.9990E+03   -0.9990E+03   -0.9990E+03   -0.9990E+03   -0.9990E+03   -0.9990E+03   -0.9990E+03   -0.9990E+03   -0.9990E+03   -0.9990E+03   -0.9990E+03   -0.9990E+03   -0.9990E+03   -0.9990E+03   -0.9990E+03   -0.9990E+03   -0.9990E+03   -0.9990E+03   -0.9990E+03   -0.9990E+03   -0.9990E+03   -0.9990E+03   -0.9990E+03   -0.9990E+03   -0.9990E+03    0.4328E-01   -0.9990E+03   -0.9990E+03    0.4864E-01    0.3818E-01    0.4118E-01    0.4822E-01    0.4470E-01    0.4435E-01    0.1002E+00    0.7787E-01    0.1033E+00    0.9896E-01    0.9226E-01    0.1013E+00    0.9687E-01    0.9276E-01    0.9647E-01    0.3342E-01    0.4835E-01    0.5813E-01    0.2177E+00    0.5150E-01    0.4899E-01    0.5316E-01    0.5204E-01    0.6010E-01    0.5783E-01    0.5489E-01    0.7240E-01    0.5792E-01   -0.9990E+03   -0.9990E+03   -0.9990E+03   -0.9990E+03   -0.9990E+03
   -0.9990E+03   -0.9990E+03   -0.9990E+03   -0.9990E+03   -0.9990E+03   -0.9990E+03   -0.9990E+03   -0.9990E+03   -0.9990E+03   -0.9990E+03   -0.9990E+03   -0.9990E+03   -0.9990E+03   -0.9990E+03   -0.9990E+03   -0.9990E+03   -0.9990E+03   -0.9990E+03   -0.9990E+03   -0.9990E+03   -0.9990E+03   -0.9990E+03   -0.9990E+03   -0.9990E+03   -0.9990E+03   -0.9990E+03   -0.9990E+03   -0.9990E+03   -0.9990E+03   -0.9990E+03   -0.9990E+03   -0.9990E+03   -0.9990E+03   -0.9990E+03   -0.9990E+03    0.5009E-01    0.4636E-01    0.5286E-01    0.4767E-01    0.4258E-01    0.3653E-01    0.6059E-01    0.4640E-01    0.4200E-01    0.3903E-01    0.4033E-01    0.4143E-01    0.4148E-01    0.4548E-01    0.9787E-01    0.8012E-01    0.9362E-01    0.9751E-01    0.9150E-01    0.9376E-01    0.9331E-01    0.9290E-01    0.9168E-01    0.2498E-01    0.2780E-01    0.6566E-01    0.2397E+00    0.8757E-01    0.8366E-01    0.1009E+00    0.5678E-01    0.5629E-01    0.5155E-01    0.4649E-01    0.6287E-01    0.5268E-01   -0.9990E+03   -0.9990E+03   -0.9990E+03   -0.9990E+03   -0.9990E+03
   -0.9990E+03   -0.9990E+03   -0.9990E+03   -0.9990E+03   -0.9990E+03   -0.9990E+03   -0.9990E+03   -0.9990E+03   -0.9990E+03   -0.9990E+03   -0.9990E+03   -0.9990E+03   -0.9990E+03   -0.9990E+03   -0.9990E+03   -0.9990E+03   -0.9990E+03   -0.9990E+03   -0.9990E+03   -0.9990E+03   -0.9990E+03   -0.9990E+03   -0.9990E+03   -0.9990E+03   -0.9990E+03   -0.9990E+03   -0.9990E+03   -0.9990E+03   -0.9990E+03   -0.9990E+03   -0.9990E+03   -0.9990E+03   -0.9990E+03   -0.9990E+03   -0.9990E+03    0.5807E-01    0.6409E-01    0.5683E-01    0.3919E-01    0.3476E-01    0.4513E-01    0.6245E-01    0.4872E-01    0.3986E-01    0.3930E-01    0.3772E-01    0.4729E-01    0.4960E-01    0.4594E-01    0.5093E-01    0.4539E-01    0.8625E-01    0.7758E-01    0.6874E-01    0.9392E-01    0.9535E-01    0.9356E-01    0.8785E-01    0.3007E-01    0.7187E-01    0.7118E-01    0.6247E-01    0.4950E-01    0.3769E-01    0.5664E-01    0.3949E-01    0.4928E-01    0.4842E-01    0.4073E-01    0.5913E-01    0.6082E-01    0.5816E-01   -0.9990E+03   -0.9990E+03   -0.9990E+03   -0.9990E+03
   -0.9990E+03   -0.9990E+03   -0.9990E+03   -0.9990E+03   -0.9990E+03   -0.9990E+03   -0.9990E+03   -0.9990E+03   -0.9990E+03   -0.9990E+03   -0.9990E+03   -0.9990E+03   -0.9990E+03   -0.9990E+03   -0.9990E+03   -0.9990E+03   -0.9990E+03   -0.9990E+03   -0.9990E+03   -0.9990E+03   -0.9990E+03   -0.9990E+03   -0.9990E+03   -0.9990E+03   -0.9990E+03   -0.9990E+03   -0.9990E+03   -0.9990E+03   -0.9990E+03   -0.9990E+03   -0.9990E+03   -0.9990E+03   -0.9990E+03   -0.9990E+03    0.7638E-01    0.6438E-01    0.6935E-01    0.7061E-01    0.6119E-01    0.5833E-01    0.4295E-01    0.6483E-01    0.4728E-01    0.4833E-01    0.4298E-01    0.3850E-01    0.4862E-01    0.5424E-01    0.5303E-01    0.5305E-01    0.5187E-01    0.4952E-01    0.6379E-01    0.7358E-01    0.7702E-01    0.9610E-01    0.9885E-01    0.9330E-01    0.5481E-01    0.3453E-01    0.3387E-01    0.5931E-01    0.4407E-01    0.4953E-01    0.3256E-01    0.3501E-01    0.4120E-01    0.4911E-01    0.5080E-01    0.5273E-01    0.6657E-01    0.7010E-01   -0.9990E+03   -0.9990E+03   -0.9990E+03   -0.9990E+03
   -0.9990E+03   -0.9990E+03   -0.9990E+03   -0.9990E+03   -0.9990E+03   -0.9990E+03   -0.9990E+03   -0.9990E+03   -0.9990E+03   -0.9990E+03   -0.9990E+03   -0.9990E+03   -0.9990E+03   -0.9990E+03   -0.9990E+03   -0.9990E+03   -0.9990E+03   -0.9990E+03   -0.9990E+03   -0.9990E+03   -0.9990E+03   -0.9990E+03   -0.9990E+03   -0.9990E+03   -0.9990E+03   -0.9990E+03   -0.9990E+03   -0.9990E+03   -0.9990E+03   -0.9990E+03   -0.9990E+03   -0.9990E+03   -0.9990E+03   -0.9990E+03    0.8003E-01    0.6847E-01    0.6758E-01    0.7012E-01    0.1007E+00    0.1043E+00    0.1101E+00    0.7836E-01    0.4916E-01    0.4014E-01    0.5225E-01    0.5415E-01    0.4687E-01    0.4623E-01    0.5042E-01    0.4788E-01    0.4119E-01    0.4628E-01    0.6991E-01    0.1411E+00    0.9104E-01    0.1005E+00    0.1021E+00    0.1137E+00    0.6723E-01    0.3805E-01    0.2844E-01    0.8006E-01    0.6265E-01    0.6538E-01    0.7543E-01    0.5107E-01    0.6262E-01    0.6689E-01    0.7863E-01    0.4201E-01    0.5719E-01    0.6460E-01   -0.9990E+03   -0.9990E+03   -0.9990E+03   -0.9990E+03
   -0.9990E+03   -0.9990E+03   -0.9990E+03   -0.9990E+03   -0.9990E+03   -0.9990E+03   -0.9990E+03   -0.9990E+03   -0.9990E+03   -0.9990E+03   -0.9990E+03   -0.9990E+03   -0.9990E+03   -0.9990E+03   -0.9990E+03   -0.9990E+03   -0.9990E+03   -0.9990E+03   -0.9990E+03   -0.9990E+03   -0.9990E+03   -0.9990E+03   -0.9990E+03   -0.9990E+03   -0.9990E+03   -0.9990E+03   -0.9990E+03   -0.9990E+03   -0.9990E+03   -0.9990E+03   -0.9990E+03   -0.9990E+03   -0.9990E+03   -0.9990E+03    0.7623E-01    0.7726E-01    0.7330E-01    0.9562E-01    0.1392E+00    0.2790E+00    0.3612E+00    0.2081E+00    0.6204E-01    0.5433E-01    0.8756E-01    0.7959E-01    0.1048E+00    0.6504E-01    0.9796E-01    0.1131E+00    0.1007E+00    0.5916E-01    0.6307E-01    0.1063E+00    0.8372E-01    0.9953E-01    0.1020E+00    0.1021E+00    0.5054E-01    0.3697E-01    0.1076E+00    0.1869E+00    0.6727E-01    0.4840E-01    0.8516E-01    0.6024E-01    0.5883E-01    0.6794E-01    0.6306E-01    0.5901E-01    0.7456E-01    0.6604E-01   -0.9990E+03   -0.9990E+03   -0.9990E+03   -0.9990E+03
   -0.9990E+03   -0.9990E+03   -0.9990E+03   -0.9990E+03   -0.9990E+03   -0.9990E+03   -0.9990E+03   -0.9990E+03   -0.9990E+03   -0.9990E+03   -0.9990E+03   -0.9990E+03   -0.9990E+03   -0.9990E+03   -0.9990E+03   -0.9990E+03   -0.9990E+03   -0.9990E+03   -0.9990E+03   -0.9990E+03   -0.9990E+03   -0.9990E+03   -0.9990E+03   -0.9990E+03   -0.9990E+03   -0.9990E+03   -0.9990E+03   -0.9990E+03   -0.9990E+03   -0.9990E+03   -0.9990E+03   -0.9990E+03   -0.9990E+03   -0.9990E+03    0.7361E-01    0.7418E-01    0.8772E-01    0.1475E+00    0.1939E+00    0.3939E+00    0.3766E+00    0.2994E+00    0.9954E-01    0.5017E-01    0.4596E-01    0.5167E-01    0.1100E+00    0.1559E+00    0.1565E+00    0.1280E+00    0.5994E-01    0.7443E-01    0.1017E+00    0.9591E-01    0.1096E+00    0.8787E-01    0.1061E+00    0.1134E+00    0.7524E-01    0.5820E-01    0.9399E-01    0.1442E+00    0.5890E-01    0.6898E-01    0.8737E-01    0.9108E-01    0.5103E-01    0.5762E-01   -0.9990E+03    0.7773E-01   -0.9990E+03   -0.9990E+03   -0.9990E+03   -0.9990E+03   -0.9990E+03   -0.9990E+03
   -0.9990E+03   -0.9990E+03   -0.9990E+03   -0.9990E+03   -0.9990E+03   -0.9990E+03   -0.9990E+03   -0.9990E+03   -0.9990E+03   -0.9990E+03   -0.9990E+03   -0.9990E+03   -0.9990E+03   -0.9990E+03   -0.9990E+03   -0.9990E+03   -0.9990E+03   -0.9990E+03   -0.9990E+03   -0.9990E+03   -0.9990E+03   -0.9990E+03   -0.9990E+03   -0.9990E+03   -0.9990E+03   -0.9990E+03   -0.9990E+03   -0.9990E+03   -0.9990E+03   -0.9990E+03   -0.9990E+03   -0.9990E+03   -0.9990E+03   -0.9990E+03    0.7181E-01    0.6807E-01    0.7861E-01    0.1439E+00    0.2244E+00    0.1539E+00    0.1575E+00    0.2449E+00    0.2288E+00    0.1905E+00    0.7125E-01    0.8197E-01    0.1240E+00    0.1407E+00    0.1552E+00    0.1216E+00    0.1467E+00    0.1629E+00    0.1236E+00    0.1184E+00    0.1784E+00    0.1031E+00    0.1187E+00    0.1068E+00    0.8718E-01    0.7313E-01    0.6650E-01    0.5366E-01    0.5186E-01    0.5203E-01    0.4798E-01    0.6436E-01    0.9131E-01    0.9833E-01   -0.9990E+03   -0.9990E+03   -0.9990E+03   -0.9990E+03   -0.9990E+03   -0.9990E+03   -0.9990E+03   -0.9990E+03
   -0.9990E+03   -0.9990E+03   -0.9990E+03   -0.9990E+03   -0.9990E+03   -0.9990E+03   -0.9990E+03   -0.9990E+03   -0.9990E+03   -0.9990E+03   -0.9990E+03   -0.9990E+03   -0.9990E+03   -0.9990E+03   -0.9990E+03   -0.9990E+03   -0.9990E+03   -0.9990E+03   -0.9990E+03   -0.9990E+03   -0.9990E+03   -0.9990E+03   -0.9990E+03   -0.9990E+03   -0.9990E+03   -0.9990E+03   -0.9990E+03   -0.9990E+03   -0.9990E+03   -0.9990E+03   -0.9990E+03   -0.9990E+03   -0.9990E+03   -0.9990E+03    0.9526E-01    0.9242E-01    0.7198E-01    0.1444E+00    0.1606E+00    0.1349E+00    0.1343E+00    0.1664E+00    0.2374E+00    0.2054E+00    0.9450E-01    0.2042E+00    0.1919E+00    0.1261E+00    0.1377E+00    0.1437E+00    0.1304E+00    0.1471E+00    0.7948E-01    0.1110E+00    0.1477E+00    0.8331E-01    0.6927E-01    0.9759E-01    0.1664E+00    0.3331E+00    0.7200E-01    0.6322E-01    0.4243E-01    0.3369E-01    0.3806E-01    0.3536E-01    0.4679E-01    0.4398E-01    0.4102E-01   -0.9990E+03   -0.9990E+03   -0.9990E+03   -0.9990E+03   -0.9990E+03   -0.9990E+03   -0.9990E+03
   -0.9990E+03   -0.9990E+03   -0.9990E+03   -0.9990E+03   -0.9990E+03   -0.9990E+03   -0.9990E+03   -0.9990E+03   -0.9990E+03   -0.9990E+03   -0.9990E+03   -0.9990E+03   -0.9990E+03   -0.9990E+03   -0.9990E+03   -0.9990E+03   -0.9990E+03   -0.9990E+03   -0.9990E+03   -0.9990E+03   -0.9990E+03   -0.9990E+03   -0.9990E+03   -0.9990E+03   -0.9990E+03   -0.9990E+03   -0.9990E+03   -0.9990E+03   -0.9990E+03   -0.9990E+03   -0.9990E+03   -0.9990E+03   -0.9990E+03   -0.9990E+03    0.8711E-01    0.8829E-01    0.8024E-01    0.9183E-01    0.1012E+00    0.8941E-01    0.1476E+00    0.1384E+00    0.2156E+00    0.1696E+00    0.1532E+00    0.1600E+00    0.2634E+00    0.1519E+00    0.1268E+00    0.1441E+00    0.1621E+00    0.1400E+00    0.1448E+00    0.1051E+00    0.8894E-01    0.1229E+00    0.7253E-01    0.7338E-01    0.1089E+00    0.6583E-01    0.6039E-01    0.4165E-01    0.5257E-01    0.7101E-01    0.6130E-01    0.4475E-01    0.6462E-01    0.4671E-01   -0.9990E+03   -0.9990E+03   -0.9990E+03   -0.9990E+03   -0.9990E+03   -0.9990E+03   -0.9990E+03   -0.9990E+03
   -0.9990E+03   -0.9990E+03   -0.9990E+03   -0.9990E+03   -0.9990E+03   -0.9990E+03   -0.9990E+03   -0.9990E+03   -0.9990E+03   -0.9990E+03   -0.9990E+03   -0.9990E+03   -0.9990E+03   -0.9990E+03   -0.9990E+03   -0.9990E+03   -0.9990E+03   -0.9990E+03   -0.9990E+03   -0.9990E+03   -0.9990E+03   -0.9990E+03   -0.9990E+03   -0.9990E+03   -0.9990E+03   -0.9990E+03   -0.9990E+03   -0.9990E+03   -0.9990E+03   -0.9990E+03   -0.9990E+03   -0.9990E+03   -0.9990E+03   -0.9990E+03    0.8070E-01    0.8160E-01    0.9258E+00    0.1983E+00    0.1305E+00    0.9837E-01    0.7494E-01    0.6514E-01    0.7445E-01    0.7950E-01    0.1075E+00    0.1298E+00    0.1855E+00    0.1384E+00    0.1282E+00    0.1556E+00    0.2693E+00    0.1349E+00    0.1434E+00    0.1161E+00    0.2737E+00    0.1438E+00    0.8992E-01    0.1521E+00    0.1569E+00    0.6180E-01    0.7911E-01    0.7432E-01    0.3985E-01    0.3249E-01    0.5716E-01    0.6330E-01    0.7955E-01   -0.9990E+03   -0.9990E+03   -0.9990E+03   -0.9990E+03   -0.9990E+03   -0.9990E+03   -0.9990E+03   -0.9990E+03   -0.9990E+03
   -0.9990E+03   -0.9990E+03   -0.9990E+03   -0.9990E+03   -0.9990E+03   -0.9990E+03   -0.9990E+03   -0.9990E+03   -0.9990E+03   -0.9990E+03   -0.9990E+03   -0.9990E+03   -0.9990E+03   -0.9990E+03   -0.9990E+03   -0.9990E+03   -0.9990E+03   -0.9990E+03   -0.9990E+03   -0.9990E+03   -0.9990E+03   -0.9990E+03   -0.9990E+03   -0.9990E+03   -0.9990E+03   -0.9990E+03   -0.9990E+03   -0.9990E+03   -0.9990E+03   -0.9990E+03   -0.9990E+03   -0.9990E+03   -0.9990E+03   -0.9990E+03   -0.9990E+03   -0.9990E+03    0.1638E+00    0.1474E+00    0.1699E+00    0.6517E-01    0.5114E-01    0.3554E-01    0.5128E-01    0.1002E+00    0.1676E+00    0.1499E+00    0.1350E+00    0.1438E+00    0.1292E+00    0.1312E+00    0.1277E+00    0.1308E+00    0.2252E+00    0.2816E+00    0.2765E+00    0.1665E+00    0.1183E+00    0.1300E+00    0.5960E-01    0.4099E-01    0.2714E-01    0.2385E-01    0.7405E-01    0.4690E-01    0.2244E-01    0.2832E-01    0.4409E-01   -0.9990E+03   -0.9990E+03   -0.9990E+03   -0.9990E+03   -0.9990E+03   -0.9990E+03   -0.9990E+03   -0.9990E+03   -0.9990E+03
   -0.9990E+03   -0.9990E+03   -0.9990E+03   -0.9990E+03   -0.9990E+03   -0.9990E+03   -0.9990E+03   -0.9990E+03   -0.9990E+03   -0.9990E+03   -0.9990E+03   -0.9990E+03   -0.9990E+03   -0.9990E+03   -0.9990E+03   -0.9990E+03   -0.9990E+03   -0.9990E+03   -0.9990E+03   -0.9990E+03   -0.9990E+03   -0.9990E+03   -0.9990E+03   -0.9990E+03   -0.9990E+03   -0.9990E+03   -0.9990E+03   -0.9990E+03   -0.9990E+03   -0.9990E+03   -0.9990E+03   -0.9990E+03   -0.9990E+03   -0.9990E+03   -0.9990E+03   -0.9990E+03    0.1579E+00    0.5089E-01    0.3618E-01    0.3467E-01    0.4702E-01    0.4085E-01    0.5655E-01    0.1313E+00    0.1720E+00    0.2381E+00    0.1427E+00    0.1801E+00    0.1367E+00    0.3266E+00    0.3079E+00    0.4992E+00    0.7023E+00    0.3196E+00    0.2770E+00    0.1941E+00    0.1606E+00    0.1491E+00    0.8166E-01    0.6795E-01    0.6331E-01    0.5690E-01    0.3472E-01    0.4283E-01    0.3092E-01    0.2946E-01   -0.9990E+03   -0.9990E+03   -0.9990E+03   -0.9990E+03   -0.9990E+03   -0.9990E+03   -0.9990E+03   -0.9990E+03   -0.9990E+03   -0.9990E+03
   -0.9990E+03   -0.9990E+03   -0.9990E+03   -0.9990E+03   -0.9990E+03   -0.9990E+03   -0.9990E+03   -0.9990E+03   -0.9990E+03   -0.9990E+03   -0.9990E+03   -0.9990E+03   -0.9990E+03   -0.9990E+03   -0.9990E+03   -0.9990E+03   -0.9990E+03   -0.9990E+03   -0.9990E+03   -0.9990E+03   -0.9990E+03   -0.9990E+03   -0.9990E+03   -0.9990E+03   -0.9990E+03   -0.9990E+03   -0.9990E+03   -0.9990E+03   -0.9990E+03   -0.9990E+03   -0.9990E+03   -0.9990E+03   -0.9990E+03   -0.9990E+03   -0.9990E+03    0.1428E+00    0.1933E+00    0.3529E-01    0.3508E-01    0.3453E-01    0.4118E-01    0.3472E-01    0.3475E-01    0.1119E+00    0.1956E+00    0.2266E+00    0.1345E+00    0.2050E+00    0.1389E+00    0.3885E+00    0.6332E+00    0.4696E+00    0.1416E+00    0.1394E+00    0.1323E+00    0.1301E+00    0.1258E+00    0.1850E+00    0.2148E+00    0.7047E-01    0.6800E-01    0.6396E-01    0.5691E-01    0.6228E-01    0.5601E-01    0.5693E-01   -0.9990E+03   -0.9990E+03   -0.9990E+03   -0.9990E+03   -0.9990E+03   -0.9990E+03   -0.9990E+03   -0.9990E+03   -0.9990E+03   -0.9990E+03
   -0.9990E+03   -0.9990E+03   -0.9990E+03   -0.9990E+03   -0.9990E+03   -0.9990E+03   -0.9990E+03   -0.9990E+03   -0.9990E+03   -0.9990E+03   -0.9990E+03   -0.9990E+03   -0.9990E+03   -0.9990E+03   -0.9990E+03   -0.9990E+03   -0.9990E+03   -0.9990E+03   -0.9990E+03   -0.9990E+03   -0.9990E+03   -0.9990E+03   -0.9990E+03   -0.9990E+03   -0.9990E+03   -0.9990E+03   -0.9990E+03   -0.9990E+03   -0.9990E+03   -0.9990E+03   -0.9990E+03   -0.9990E+03   -0.9990E+03   -0.9990E+03   -0.9990E+03    0.1091E+00   -0.9990E+03   -0.9990E+03    0.3484E-01    0.3456E-01    0.3445E-01    0.3989E-01    0.3554E-01    0.7222E-01    0.1179E+00    0.1562E+00    0.1623E+00    0.3095E+00    0.1978E+00    0.1507E+00    0.1645E+00    0.1552E+00    0.2157E+00    0.2380E+00    0.2328E+00    0.2529E+00    0.3271E+00    0.1998E+00    0.1154E+00    0.1020E+00    0.5941E-01    0.5250E-01    0.6912E-01    0.6468E-01    0.5141E-01    0.6603E-01   -0.9990E+03   -0.9990E+03   -0.9990E+03   -0.9990E+03   -0.9990E+03   -0.9990E+03   -0.9990E+03   -0.9990E+03   -0.9990E+03   -0.9990E+03
   -0.9990E+03   -0.9990E+03   -0.9990E+03   -0.9990E+03   -0.9990E+03   -0.9990E+03   -0.9990E+03   -0.9990E+03   -0.9990E+03   -0.9990E+03   -0.9990E+03   -0.9990E+03   -0.9990E+03   -0.9990E+03   -0.9990E+03   -0.9990E+03   -0.9990E+03   -0.9990E+03   -0.9990E+03   -0.9990E+03   -0.9990E+03   -0.9990E+03   -0.9990E+03   -0.9990E+03   -0.9990E+03   -0.9990E+03   -0.9990E+03   -0.9990E+03   -0.9990E+03   -0.9990E+03   -0.9990E+03   -0.9990E+03   -0.9990E+03   -0.9990E+03    0.1102E+00    0.1670E+00   -0.9990E+03   -0.9990E+03   -0.9990E+03   -0.9990E+03   -0.9990E+03    0.3450E-01    0.4003E-01    0.4735E-01    0.5569E-01    0.1340E+00    0.1536E+00    0.1871E+00    0.2365E+00    0.1737E+00    0.2141E+00    0.2162E+00    0.2013E+00    0.2278E+00    0.3447E+00    0.3701E+00    0.4206E+00    0.2018E+00    0.1074E+00    0.1161E+00    0.5846E-01    0.6637E-01    0.6253E-01    0.3781E-01    0.3857E-01    0.5971E-01   -0.9990E+03   -0.9990E+03   -0.9990E+03   -0.9990E+03   -0.9990E+03   -0.9990E+03   -0.9990E+03   -0.9990E+03   -0.9990E+03   -0.9990E+03
   -0.9990E+03   -0.9990E+03   -0.9990E+03   -0.9990E+03   -0.9990E+03   -0.9990E+03   -0.9990E+03   -0.9990E+03   -0.9990E+03   -0.9990E+03   -0.9990E+03   -0.9990E+03   -0.9990E+03   -0.9990E+03   -0.9990E+03   -0.9990E+03   -0.9990E+03   -0.9990E+03   -0.9990E+03   -0.9990E+03   -0.9990E+03   -0.9990E+03   -0.9990E+03   -0.9990E+03   -0.9990E+03   -0.9990E+03   -0.9990E+03   -0.9990E+03   -0.9990E+03   -0.9990E+03   -0.9990E+03   -0.9990E+03   -0.9990E+03    0.1125E-01    0.1165E+00    0.1006E+00   -0.9990E+03   -0.9990E+03   -0.9990E+03   -0.9990E+03   -0.9990E+03    0.3455E-01    0.3446E-01    0.5061E-01    0.3954E-01    0.1164E+00    0.1490E+00    0.1776E+00    0.1734E+00    0.3829E+00    0.2711E+00    0.2251E+00    0.2010E+00    0.2153E+00    0.3672E+00    0.5048E+00    0.7323E+00    0.1904E+00    0.8883E-01    0.7309E-01    0.4481E-01    0.4138E-01    0.3539E-01    0.5113E-01    0.5861E-01   -0.9990E+03   -0.9990E+03   -0.9990E+03   -0.9990E+03   -0.9990E+03   -0.9990E+03   -0.9990E+03   -0.9990E+03   -0.9990E+03   -0.9990E+03   -0.9990E+03
   -0.9990E+03   -0.9990E+03   -0.9990E+03   -0.9990E+03   -0.9990E+03   -0.9990E+03   -0.9990E+03   -0.9990E+03   -0.9990E+03   -0.9990E+03   -0.9990E+03   -0.9990E+03   -0.9990E+03   -0.9990E+03   -0.9990E+03   -0.9990E+03   -0.9990E+03   -0.9990E+03   -0.9990E+03   -0.9990E+03   -0.9990E+03   -0.9990E+03   -0.9990E+03   -0.9990E+03   -0.9990E+03   -0.9990E+03   -0.9990E+03   -0.9990E+03   -0.9990E+03   -0.9990E+03   -0.9990E+03   -0.9990E+03   -0.9990E+03    0.1968E+00    0.2273E+00   -0.9990E+03   -0.9990E+03   -0.9990E+03   -0.9990E+03   -0.9990E+03   -0.9990E+03   -0.9990E+03    0.3451E-01    0.5318E-01    0.1175E+00    0.1670E+00    0.1471E+00    0.1911E+00    0.2010E+00    0.1920E+00    0.2765E+00    0.2643E+00    0.2120E+00    0.1673E+00    0.1743E+00    0.2329E+00    0.2634E+00    0.1442E+00    0.7026E-01    0.6100E-01    0.5138E-01    0.5856E-01    0.5275E-01    0.7506E-01   -0.9990E+03   -0.9990E+03   -0.9990E+03   -0.9990E+03   -0.9990E+03   -0.9990E+03   -0.9990E+03   -0.9990E+03   -0.9990E+03   -0.9990E+03   -0.9990E+03   -0.9990E+03
   -0.9990E+03   -0.9990E+03   -0.9990E+03   -0.9990E+03   -0.9990E+03   -0.9990E+03   -0.9990E+03   -0.9990E+03   -0.9990E+03   -0.9990E+03   -0.9990E+03   -0.9990E+03   -0.9990E+03   -0.9990E+03   -0.9990E+03   -0.9990E+03   -0.9990E+03   -0.9990E+03   -0.9990E+03   -0.9990E+03   -0.9990E+03   -0.9990E+03   -0.9990E+03   -0.9990E+03   -0.9990E+03   -0.9990E+03   -0.9990E+03    0.4468E-01    0.4668E-01   -0.9990E+03   -0.9990E+03   -0.9990E+03   -0.9990E+03    0.1972E+00    0.2319E+00   -0.9990E+03   -0.9990E+03   -0.9990E+03   -0.9990E+03    0.3493E-01   -0.9990E+03    0.3436E-01    0.3456E-01    0.3999E-01    0.1283E+00    0.1896E+00    0.1521E+00    0.2855E+00    0.1766E+00    0.2213E+00    0.3883E+00    0.3246E+00    0.2846E+00    0.2327E+00    0.2530E+00    0.1764E+00    0.2108E+00    0.1486E+00    0.1127E+00    0.6684E-01    0.3476E-01    0.3470E-01    0.3467E-01    0.3491E-01   -0.9990E+03   -0.9990E+03   -0.9990E+03   -0.9990E+03   -0.9990E+03   -0.9990E+03   -0.9990E+03   -0.9990E+03   -0.9990E+03   -0.9990E+03   -0.9990E+03   -0.9990E+03
   -0.9990E+03   -0.9990E+03   -0.9990E+03   -0.9990E+03   -0.9990E+03   -0.9990E+03   -0.9990E+03   -0.9990E+03   -0.9990E+03   -0.9990E+03   -0.9990E+03   -0.9990E+03   -0.9990E+03   -0.9990E+03   -0.9990E+03   -0.9990E+03   -0.9990E+03   -0.9990E+03   -0.9990E+03   -0.9990E+03   -0.9990E+03   -0.9990E+03   -0.9990E+03   -0.9990E+03   -0.9990E+03   -0.9990E+03   -0.9990E+03    0.5749E-01    0.5878E-01    0.4666E-01   -0.9990E+03   -0.9990E+03   -0.9990E+03    0.1280E+00    0.1482E+00   -0.9990E+03   -0.9990E+03    0.3508E-01    0.3505E-01    0.3498E-01    0.3475E-01    0.3446E-01    0.3454E-01    0.4504E-01    0.1159E+00    0.1912E+00    0.2010E+00    0.4563E+00    0.2033E+00    0.1770E+00    0.1756E+00    0.1761E+00    0.1718E+00    0.1727E+00    0.1819E+00    0.1814E+00    0.2034E+00    0.1716E+00    0.3568E+00    0.1654E+00    0.6977E-01    0.3472E-01    0.3500E-01    0.3468E-01    0.4001E-01    0.3474E-01   -0.9990E+03   -0.9990E+03   -0.9990E+03   -0.9990E+03   -0.9990E+03   -0.9990E+03   -0.9990E+03   -0.9990E+03   -0.9990E+03   -0.9990E+03
   -0.9990E+03   -0.9990E+03   -0.9990E+03   -0.9990E+03   -0.9990E+03   -0.9990E+03   -0.9990E+03   -0.9990E+03   -0.9990E+03   -0.9990E+03   -0.9990E+03   -0.9990E+03   -0.9990E+03   -0.9990E+03   -0.9990E+03   -0.9990E+03   -0.9990E+03   -0.9990E+03   -0.9990E+03   -0.9990E+03   -0.9990E+03   -0.9990E+03   -0.9990E+03   -0.9990E+03   -0.9990E+03   -0.9990E+03    0.5768E-01    0.5884E-01    0.5787E-01    0.5898E-01    0.4429E-01   -0.9990E+03    0.4879E-01    0.5950E-01    0.1506E+00   -0.9990E+03    0.3502E-01    0.3495E-01    0.3487E-01    0.3493E-01    0.6741E-01    0.1523E+00    0.3505E-01    0.3326E+00    0.1723E+00    0.1874E+00    0.2459E+00    0.4766E+00    0.2366E+00    0.2628E+00    0.4192E+00    0.3100E+00    0.2394E+00    0.2402E+00    0.2356E+00    0.2227E+00    0.1817E+00    0.1646E+00    0.2154E+00    0.3687E+00    0.1418E+00    0.1479E+00    0.5979E-01    0.3731E-01    0.3476E-01    0.4051E-01   -0.9990E+03   -0.9990E+03   -0.9990E+03   -0.9990E+03   -0.9990E+03   -0.9990E+03   -0.9990E+03   -0.9990E+03   -0.9990E+03   -0.9990E+03
   -0.9990E+03   -0.9990E+03   -0.9990E+03   -0.9990E+03   -0.9990E+03   -0.9990E+03   -0.9990E+03   -0.9990E+03   -0.9990E+03   -0.9990E+03   -0.9990E+03   -0.9990E+03   -0.9990E+03   -0.9990E+03   -0.9990E+03   -0.9990E+03   -0.9990E+03   -0.9990E+03   -0.9990E+03   -0.9990E+03   -0.9990E+03   -0.9990E+03   -0.9990E+03   -0.9990E+03   -0.9990E+03   -0.9990E+03    0.5760E-01    0.5628E-01    0.5669E-01    0.5814E-01    0.5951E-01    0.5838E-01    0.6010E-01    0.5055E-01    0.3062E-01    0.3488E-01    0.3487E-01    0.3478E-01    0.3496E-01    0.7817E-01    0.7784E-01    0.9960E-01    0.1894E+00    0.2415E+00    0.2183E+00    0.1827E+00    0.2398E+00    0.3820E+00    0.2481E+00    0.3201E+00    0.2846E+00    0.2555E+00    0.2788E+00    0.3441E+00    0.2086E+00    0.2043E+00    0.1922E+00    0.2584E+00    0.2052E+00    0.3508E+00    0.1928E+00    0.2413E+00    0.9598E-01    0.3861E-01    0.3480E-01    0.3470E-01   -0.9990E+03   -0.9990E+03   -0.9990E+03   -0.9990E+03   -0.9990E+03   -0.9990E+03   -0.9990E+03   -0.9990E+03   -0.9990E+03   -0.9990E+03
   -0.9990E+03   -0.9990E+03   -0.9990E+03   -0.9990E+03   -0.9990E+03   -0.9990E+03   -0.9990E+03   -0.9990E+03   -0.9990E+03   -0.9990E+03   -0.9990E+03   -0.9990E+03   -0.9990E+03   -0.9990E+03   -0.9990E+03   -0.9990E+03   -0.9990E+03   -0.9990E+03   -0.9990E+03   -0.9990E+03   -0.9990E+03   -0.9990E+03   -0.9990E+03   -0.9990E+03   -0.9990E+03   -0.9990E+03    0.5571E-01    0.5553E-01    0.5356E-01    0.5353E-01    0.5867E-01    0.5789E-01    0.5750E-01    0.6051E-01    0.2737E-01    0.3862E-01    0.3641E-01    0.3481E-01    0.3640E-01    0.5173E-01    0.7565E-01    0.1052E+00    0.2180E+00    0.2573E+00    0.2303E+00    0.2118E+00    0.2360E+00    0.2506E+00    0.2422E+00    0.3262E+00    0.2385E+00    0.2102E+00    0.2216E+00    0.2147E+00    0.2017E+00    0.1996E+00    0.2071E+00    0.3127E+00    0.2249E+00    0.2064E+00    0.1866E+00    0.3721E+00    0.1925E+00    0.3992E-01    0.3469E-01    0.3477E-01    0.3466E-01    0.4186E-01   -0.9990E+03   -0.9990E+03   -0.9990E+03   -0.9990E+03   -0.9990E+03   -0.9990E+03   -0.9990E+03   -0.9990E+03
   -0.9990E+03   -0.9990E+03   -0.9990E+03   -0.9990E+03   -0.9990E+03   -0.9990E+03   -0.9990E+03   -0.9990E+03   -0.9990E+03   -0.9990E+03   -0.9990E+03   -0.9990E+03   -0.9990E+03   -0.9990E+03   -0.9990E+03   -0.9990E+03   -0.9990E+03   -0.9990E+03   -0.9990E+03   -0.9990E+03   -0.9990E+03   -0.9990E+03   -0.9990E+03   -0.9990E+03   -0.9990E+03   -0.9990E+03    0.5666E-01    0.5112E-01    0.5200E-01    0.5358E-01    0.5336E-01    0.5474E-01    0.5652E-01    0.5712E-01    0.1570E+00    0.5176E+00    0.3482E-01    0.3481E-01    0.3840E-01    0.3986E-01    0.6393E-01    0.8159E-01    0.1266E+00    0.2194E+00    0.2108E+00    0.2111E+00    0.1986E+00    0.2055E+00    0.2280E+00    0.2562E+00    0.2323E+00    0.2406E+00    0.2035E+00    0.2028E+00    0.2024E+00    0.1987E+00    0.2062E+00    0.3471E+00    0.2283E+00    0.2156E+00    0.2426E+00    0.4671E+00    0.2037E+00    0.6654E-01    0.3455E-01    0.3465E-01    0.3466E-01    0.5537E-01   -0.9990E+03   -0.9990E+03   -0.9990E+03   -0.9990E+03   -0.9990E+03   -0.9990E+03   -0.9990E+03   -0.9990E+03
   -0.9990E+03   -0.9990E+03   -0.9990E+03   -0.9990E+03   -0.9990E+03   -0.9990E+03   -0.9990E+03   -0.9990E+03   -0.9990E+03   -0.9990E+03   -0.9990E+03   -0.9990E+03   -0.9990E+03   -0.9990E+03   -0.9990E+03   -0.9990E+03   -0.9990E+03   -0.9990E+03   -0.9990E+03   -0.9990E+03   -0.9990E+03   -0.9990E+03   -0.9990E+03   -0.9990E+03   -0.9990E+03    0.4327E-01    0.4174E-01    0.4288E-01    0.4252E-01    0.4623E-01    0.4783E-01    0.5168E-01    0.5684E-01    0.5773E-01    0.5807E-01    0.1293E+00    0.4246E+00    0.3480E-01    0.3506E-01    0.3445E-01    0.3419E-01    0.3437E-01    0.3930E-01    0.1282E+00    0.1789E+00    0.2055E+00    0.2330E+00    0.2022E+00    0.2323E+00    0.2225E+00    0.2222E+00    0.2110E+00    0.2041E+00    0.2010E+00    0.1996E+00    0.2000E+00    0.2885E+00    0.2364E+00    0.2198E+00    0.2679E+00    0.8804E+00    0.3452E+00    0.1370E+00    0.3565E-01    0.5083E-01   -0.9990E+03   -0.9990E+03   -0.9990E+03   -0.9990E+03   -0.9990E+03   -0.9990E+03   -0.9990E+03   -0.9990E+03   -0.9990E+03   -0.9990E+03   -0.9990E+03
   -0.9990E+03   -0.9990E+03   -0.9990E+03   -0.9990E+03   -0.9990E+03   -0.9990E+03   -0.9990E+03   -0.9990E+03   -0.9990E+03   -0.9990E+03   -0.9990E+03   -0.9990E+03   -0.9990E+03   -0.9990E+03   -0.9990E+03   -0.9990E+03   -0.9990E+03   -0.9990E+03   -0.9990E+03   -0.9990E+03   -0.9990E+03   -0.9990E+03   -0.9990E+03   -0.9990E+03   -0.9990E+03    0.4489E-01    0.4400E-01    0.4664E-01    0.4509E-01    0.4650E-01    0.4188E-01    0.5537E-01    0.5752E-01    0.6446E-01    0.6905E-01    0.5038E-01    0.5013E+00    0.4301E+00    0.3475E-01    0.3470E-01    0.3739E-01    0.3496E-01    0.3465E-01    0.1334E+00    0.2267E+00    0.1936E+00    0.2109E+00    0.2011E+00    0.2350E+00    0.3440E+00    0.3246E+00    0.2147E+00    0.2070E+00    0.2040E+00    0.2091E+00    0.2583E+00    0.3262E+00    0.2255E+00    0.2219E+00    0.2709E+00    0.1957E+00    0.1457E+00    0.4198E-01    0.4316E-01   -0.9990E+03   -0.9990E+03   -0.9990E+03   -0.9990E+03   -0.9990E+03   -0.9990E+03   -0.9990E+03   -0.9990E+03   -0.9990E+03   -0.9990E+03   -0.9990E+03   -0.9990E+03
   -0.9990E+03   -0.9990E+03   -0.9990E+03   -0.9990E+03   -0.9990E+03   -0.9990E+03   -0.9990E+03   -0.9990E+03   -0.9990E+03   -0.9990E+03   -0.9990E+03   -0.9990E+03   -0.9990E+03   -0.9990E+03   -0.9990E+03   -0.9990E+03   -0.9990E+03   -0.9990E+03   -0.9990E+03   -0.9990E+03   -0.9990E+03   -0.9990E+03   -0.9990E+03   -0.9990E+03   -0.9990E+03    0.4353E-01    0.3680E-01    0.3683E-01    0.3794E-01    0.3889E-01    0.4589E-01    0.5798E-01    0.1315E+00    0.2676E+00    0.2539E+00    0.2477E+00    0.2588E+00    0.8034E+00    0.1432E+00    0.1197E+00    0.5941E-01    0.5447E-01    0.4062E-01    0.1795E+00    0.2137E+00    0.1887E+00    0.1876E+00    0.2004E+00    0.2235E+00    0.2562E+00    0.2869E+00    0.3348E+00    0.2662E+00    0.2447E+00    0.2781E+00    0.4611E+00    0.3233E+00    0.2301E+00    0.2186E+00    0.2262E+00    0.2329E+00    0.3703E-01    0.3587E-01    0.3746E-01   -0.9990E+03   -0.9990E+03   -0.9990E+03   -0.9990E+03   -0.9990E+03   -0.9990E+03   -0.9990E+03   -0.9990E+03   -0.9990E+03   -0.9990E+03   -0.9990E+03   -0.9990E+03
   -0.9990E+03   -0.9990E+03   -0.9990E+03   -0.9990E+03   -0.9990E+03   -0.9990E+03   -0.9990E+03   -0.9990E+03   -0.9990E+03   -0.9990E+03   -0.9990E+03   -0.9990E+03   -0.9990E+03   -0.9990E+03   -0.9990E+03   -0.9990E+03   -0.9990E+03   -0.9990E+03   -0.9990E+03   -0.9990E+03   -0.9990E+03   -0.9990E+03   -0.9990E+03   -0.9990E+03   -0.9990E+03    0.5670E-01    0.5661E-01    0.5297E-01    0.5798E-01    0.5565E-01    0.7191E-01    0.1824E+00    0.3744E+00    0.4240E+00    0.4259E+00    0.4242E+00    0.4206E+00    0.2212E+00    0.1459E+00    0.2524E+00    0.9076E-01    0.7405E-01    0.8264E-01    0.2619E+00    0.1910E+00    0.1832E+00    0.1868E+00    0.2034E+00    0.2283E+00    0.2244E+00    0.2250E+00    0.2271E+00    0.2261E+00    0.2469E+00    0.4140E+00    0.3003E+00    0.2830E+00    0.2316E+00    0.2327E+00    0.6031E+00    0.1690E+00    0.3457E-01    0.3626E-01   -0.9990E+03   -0.9990E+03   -0.9990E+03   -0.9990E+03   -0.9990E+03   -0.9990E+03   -0.9990E+03   -0.9990E+03   -0.9990E+03   -0.9990E+03   -0.9990E+03   -0.9990E+03   -0.9990E+03
   -0.9990E+03   -0.9990E+03   -0.9990E+03   -0.9990E+03   -0.9990E+03   -0.9990E+03   -0.9990E+03   -0.9990E+03   -0.9990E+03   -0.9990E+03   -0.9990E+03   -0.9990E+03   -0.9990E+03   -0.9990E+03   -0.9990E+03   -0.9990E+03   -0.9990E+03   -0.9990E+03   -0.9990E+03   -0.9990E+03   -0.9990E+03   -0.9990E+03   -0.9990E+03   -0.9990E+03   -0.9990E+03   -0.9990E+03   -0.9990E+03    0.6619E-01    0.7236E-01    0.7913E-01    0.2224E+00    0.3496E+00    0.4352E+00    0.4859E+00    0.4675E+00    0.4427E+00    0.5193E+00    0.4535E+00    0.1575E+00    0.1313E+00    0.4648E-01    0.3484E-01    0.3455E-01    0.1360E+00    0.1975E+00    0.1789E+00    0.1921E+00    0.2035E+00    0.2264E+00    0.2546E+00    0.2245E+00    0.2282E+00    0.2341E+00    0.3205E+00    0.4464E+00    0.3164E+00    0.2516E+00    0.2358E+00    0.3775E+00    0.2544E+00    0.1567E+00    0.3456E-01    0.3477E-01   -0.9990E+03   -0.9990E+03   -0.9990E+03   -0.9990E+03   -0.9990E+03   -0.9990E+03   -0.9990E+03   -0.9990E+03   -0.9990E+03   -0.9990E+03   -0.9990E+03   -0.9990E+03   -0.9990E+03
   -0.9990E+03   -0.9990E+03   -0.9990E+03   -0.9990E+03   -0.9990E+03   -0.9990E+03   -0.9990E+03   -0.9990E+03   -0.9990E+03   -0.9990E+03   -0.9990E+03   -0.9990E+03   -0.9990E+03   -0.9990E+03   -0.9990E+03   -0.9990E+03   -0.9990E+03   -0.9990E+03   -0.9990E+03   -0.9990E+03   -0.9990E+03   -0.9990E+03   -0.9990E+03   -0.9990E+03   -0.9990E+03   -0.9990E+03   -0.9990E+03   -0.9990E+03    0.7707E-01    0.5511E-01    0.3635E+00    0.4683E+00    0.5147E+00    0.4524E+00    0.4436E+00    0.4791E+00    0.5136E+00    0.4887E+00    0.1744E+00    0.1617E+00    0.1288E+00    0.3548E-01    0.3488E-01    0.2032E+00    0.2613E+00    0.1790E+00    0.1914E+00    0.2075E+00    0.2229E+00    0.2345E+00    0.2779E+00    0.3403E+00    0.3163E+00    0.3082E+00    0.3390E+00    0.2843E+00    0.2294E+00    0.2331E+00    0.3760E+00    0.2753E+00    0.5588E-01    0.3504E-01   -0.9990E+03   -0.9990E+03   -0.9990E+03   -0.9990E+03   -0.9990E+03   -0.9990E+03   -0.9990E+03   -0.9990E+03   -0.9990E+03   -0.9990E+03   -0.9990E+03   -0.9990E+03   -0.9990E+03   -0.9990E+03
   -0.9990E+03   -0.9990E+03   -0.9990E+03   -0.9990E+03   -0.9990E+03   -0.9990E+03   -0.9990E+03   -0.9990E+03   -0.9990E+03   -0.9990E+03   -0.9990E+03   -0.9990E+03   -0.9990E+03   -0.9990E+03   -0.9990E+03   -0.9990E+03   -0.9990E+03   -0.9990E+03   -0.9990E+03   -0.9990E+03   -0.9990E+03   -0.9990E+03   -0.9990E+03   -0.9990E+03   -0.9990E+03   -0.9990E+03   -0.9990E+03   -0.9990E+03    0.6329E-01    0.5872E-01    0.3145E+00    0.5178E+00    0.5277E+00    0.5226E+00    0.4194E+00    0.3674E+00    0.3666E+00    0.3623E+00    0.1789E+00    0.1536E+00    0.1298E+00    0.3672E-01    0.3576E-01    0.2174E+00    0.2413E+00    0.1856E+00    0.1986E+00    0.2181E+00    0.2249E+00    0.2551E+00    0.4544E+00    0.2587E+00    0.2477E+00    0.3200E+00    0.2682E+00    0.2343E+00    0.2273E+00    0.2747E+00    0.3242E+00    0.2440E+00    0.6779E-01   -0.9990E+03   -0.9990E+03   -0.9990E+03   -0.9990E+03   -0.9990E+03   -0.9990E+03   -0.9990E+03   -0.9990E+03   -0.9990E+03   -0.9990E+03   -0.9990E+03   -0.9990E+03   -0.9990E+03   -0.9990E+03   -0.9990E+03
   -0.9990E+03   -0.9990E+03   -0.9990E+03   -0.9990E+03   -0.9990E+03   -0.9990E+03   -0.9990E+03   -0.9990E+03   -0.9990E+03   -0.9990E+03   -0.9990E+03   -0.9990E+03   -0.9990E+03   -0.9990E+03   -0.9990E+03   -0.9990E+03   -0.9990E+03   -0.9990E+03   -0.9990E+03   -0.9990E+03   -0.9990E+03   -0.9990E+03   -0.9990E+03   -0.9990E+03   -0.9990E+03   -0.9990E+03   -0.9990E+03   -0.9990E+03    0.6097E-01   -0.9990E+03    0.2717E+00    0.3148E+00    0.4551E+00    0.2548E+00    0.3875E-01    0.3765E-01    0.3889E-01    0.3964E-01    0.3746E-01    0.9652E-01    0.1290E+00    0.4286E-01    0.6946E-01    0.2587E+00    0.2501E+00    0.1895E+00    0.1950E+00    0.2187E+00    0.2348E+00    0.2883E+00    0.2438E+00    0.2344E+00    0.3244E+00    0.2395E+00    0.2658E+00    0.2312E+00    0.2232E+00    0.2488E+00    0.2476E+00    0.2549E+00    0.2392E+00   -0.9990E+03   -0.9990E+03   -0.9990E+03   -0.9990E+03   -0.9990E+03   -0.9990E+03   -0.9990E+03   -0.9990E+03   -0.9990E+03   -0.9990E+03   -0.9990E+03   -0.9990E+03   -0.9990E+03   -0.9990E+03   -0.9990E+03
   -0.9990E+03   -0.9990E+03   -0.9990E+03   -0.9990E+03   -0.9990E+03   -0.9990E+03   -0.9990E+03   -0.9990E+03   -0.9990E+03   -0.9990E+03   -0.9990E+03   -0.9990E+03   -0.9990E+03   -0.9990E+03   -0.9990E+03   -0.9990E+03   -0.9990E+03   -0.9990E+03   -0.9990E+03   -0.9990E+03   -0.9990E+03   -0.9990E+03   -0.9990E+03   -0.9990E+03   -0.9990E+03   -0.9990E+03   -0.9990E+03   -0.9990E+03   -0.9990E+03   -0.9990E+03   -0.9990E+03    0.7643E-01    0.7782E-01    0.4610E-01    0.3736E-01    0.3768E-01    0.3745E-01    0.3726E-01    0.3737E-01    0.3853E-01    0.3077E+00    0.9544E-01    0.9544E-01    0.2705E+00    0.1918E+00    0.2141E+00    0.1989E+00    0.2242E+00    0.2937E+00    0.2247E+00    0.2259E+00    0.2295E+00    0.2893E+00    0.3391E+00    0.2428E+00    0.2232E+00    0.2260E+00    0.2538E+00    0.2683E+00    0.3578E+00    0.7932E-01    0.3506E-01   -0.9990E+03   -0.9990E+03   -0.9990E+03   -0.9990E+03   -0.9990E+03   -0.9990E+03   -0.9990E+03   -0.9990E+03   -0.9990E+03   -0.9990E+03   -0.9990E+03   -0.9990E+03   -0.9990E+03   -0.9990E+03
   -0.9990E+03   -0.9990E+03   -0.9990E+03   -0.9990E+03   -0.9990E+03   -0.9990E+03   -0.9990E+03   -0.9990E+03   -0.9990E+03   -0.9990E+03   -0.9990E+03   -0.9990E+03   -0.9990E+03   -0.9990E+03   -0.9990E+03   -0.9990E+03   -0.9990E+03   -0.9990E+03   -0.9990E+03   -0.9990E+03   -0.9990E+03   -0.9990E+03   -0.9990E+03   -0.9990E+03   -0.9990E+03   -0.9990E+03    0.7487E-01    0.6194E-01    0.5708E-01    0.5606E-01   -0.9990E+03   -0.9990E+03    0.5419E-01    0.3775E-01    0.3631E-01    0.3720E-01    0.3769E-01    0.3782E-01    0.3772E-01    0.3742E-01    0.1682E+00    0.2064E+00    0.2711E+00    0.2257E+00    0.1945E+00    0.1946E+00    0.1993E+00    0.2073E+00    0.2191E+00    0.2218E+00    0.2246E+00    0.2278E+00    0.2807E+00    0.2818E+00    0.2578E+00    0.2233E+00    0.2456E+00    0.3032E+00    0.2949E+00    0.2410E+00    0.7084E-01    0.3427E-01   -0.9990E+03   -0.9990E+03   -0.9990E+03   -0.9990E+03   -0.9990E+03   -0.9990E+03   -0.9990E+03   -0.9990E+03   -0.9990E+03   -0.9990E+03   -0.9990E+03   -0.9990E+03   -0.9990E+03   -0.9990E+03
   -0.9990E+03   -0.9990E+03   -0.9990E+03   -0.9990E+03   -0.9990E+03   -0.9990E+03   -0.9990E+03   -0.9990E+03   -0.9990E+03   -0.9990E+03   -0.9990E+03   -0.9990E+03   -0.9990E+03   -0.9990E+03   -0.9990E+03   -0.9990E+03   -0.9990E+03   -0.9990E+03   -0.9990E+03   -0.9990E+03   -0.9990E+03   -0.9990E+03   -0.9990E+03   -0.9990E+03    0.7380E-01    0.6737E-01    0.6706E-01    0.7860E-01    0.6642E-01    0.6387E-01    0.6290E-01   -0.9990E+03    0.3766E-01    0.3763E-01    0.3648E-01    0.3759E-01    0.3691E-01    0.3790E-01    0.3754E-01    0.3774E-01    0.8172E-01    0.2137E+00    0.2229E+00    0.2089E+00    0.2001E+00    0.2180E+00    0.2572E+00    0.2225E+00    0.2441E+00    0.2231E+00    0.2241E+00    0.2287E+00    0.2871E+00    0.3004E+00    0.2577E+00    0.2199E+00    0.2350E+00    0.2713E+00    0.2907E+00    0.2204E+00    0.4999E-01   -0.9990E+03   -0.9990E+03   -0.9990E+03   -0.9990E+03   -0.9990E+03   -0.9990E+03   -0.9990E+03   -0.9990E+03   -0.9990E+03   -0.9990E+03   -0.9990E+03   -0.9990E+03   -0.9990E+03   -0.9990E+03   -0.9990E+03
   -0.9990E+03   -0.9990E+03   -0.9990E+03   -0.9990E+03   -0.9990E+03   -0.9990E+03   -0.9990E+03   -0.9990E+03   -0.9990E+03   -0.9990E+03   -0.9990E+03   -0.9990E+03   -0.9990E+03   -0.9990E+03   -0.9990E+03   -0.9990E+03   -0.9990E+03   -0.9990E+03   -0.9990E+03   -0.9990E+03   -0.9990E+03   -0.9990E+03   -0.9990E+03   -0.9990E+03   -0.9990E+03    0.7959E-01    0.6405E-01    0.7769E-01    0.7252E-01    0.6269E-01    0.6457E-01   -0.9990E+03    0.3676E-01    0.3757E-01    0.3712E-01    0.3785E-01    0.3764E-01    0.3794E-01    0.3792E-01    0.3770E-01    0.8722E-01    0.1962E+00    0.1970E+00    0.1991E+00    0.2100E+00    0.3122E+00    0.3047E+00    0.2387E+00    0.2217E+00    0.2906E+00    0.2270E+00    0.2832E+00    0.2467E+00    0.2219E+00    0.2410E+00    0.2175E+00    0.2124E+00    0.2792E+00    0.2202E+00    0.2081E+00   -0.9990E+03   -0.9990E+03   -0.9990E+03   -0.9990E+03   -0.9990E+03   -0.9990E+03   -0.9990E+03   -0.9990E+03   -0.9990E+03   -0.9990E+03   -0.9990E+03   -0.9990E+03   -0.9990E+03   -0.9990E+03   -0.9990E+03   -0.9990E+03
   -0.9990E+03   -0.9990E+03   -0.9990E+03   -0.9990E+03   -0.9990E+03   -0.9990E+03   -0.9990E+03   -0.9990E+03   -0.9990E+03   -0.9990E+03   -0.9990E+03   -0.9990E+03   -0.9990E+03   -0.9990E+03   -0.9990E+03   -0.9990E+03   -0.9990E+03   -0.9990E+03   -0.9990E+03   -0.9990E+03   -0.9990E+03   -0.9990E+03   -0.9990E+03   -0.9990E+03    0.6648E-01    0.6370E-01    0.5630E-01    0.6243E-01    0.5752E-01    0.9348E-01    0.8075E-01   -0.9990E+03    0.3443E-01    0.3578E-01    0.3789E-01    0.3785E-01    0.3772E-01    0.3743E-01    0.3751E-01    0.3723E-01    0.1636E+00    0.1993E+00    0.1795E+00    0.1738E+00    0.2157E+00    0.1931E+00    0.2128E+00    0.2288E+00    0.2236E+00    0.2537E+00    0.3076E+00    0.2600E+00    0.2314E+00    0.2184E+00    0.2195E+00    0.2143E+00    0.2080E+00    0.2254E+00    0.2036E+00   -0.9990E+03   -0.9990E+03   -0.9990E+03   -0.9990E+03   -0.9990E+03   -0.9990E+03   -0.9990E+03   -0.9990E+03   -0.9990E+03   -0.9990E+03   -0.9990E+03   -0.9990E+03   -0.9990E+03   -0.9990E+03   -0.9990E+03   -0.9990E+03   -0.9990E+03
   -0.9990E+03   -0.9990E+03   -0.9990E+03   -0.9990E+03   -0.9990E+03   -0.9990E+03   -0.9990E+03   -0.9990E+03   -0.9990E+03   -0.9990E+03   -0.9990E+03   -0.9990E+03   -0.9990E+03   -0.9990E+03   -0.9990E+03   -0.9990E+03   -0.9990E+03   -0.9990E+03   -0.9990E+03   -0.9990E+03   -0.9990E+03   -0.9990E+03   -0.9990E+03   -0.9990E+03    0.5576E-01    0.5121E-01    0.4843E-01    0.4814E-01    0.4944E-01    0.5126E-01    0.4468E-01   -0.9990E+03    0.3343E-01    0.3449E-01    0.3769E-01    0.3664E-01    0.3655E-01    0.3767E-01    0.3720E-01    0.3699E-01    0.1986E+00    0.1791E+00    0.1800E+00    0.1618E+00    0.2685E+00    0.1659E+00    0.2015E+00    0.1992E+00    0.2042E+00    0.2197E+00    0.2819E+00    0.2186E+00    0.2164E+00    0.2886E+00    0.3177E+00    0.2809E+00    0.2115E+00    0.2175E+00    0.2658E+00   -0.9990E+03   -0.9990E+03   -0.9990E+03   -0.9990E+03   -0.9990E+03   -0.9990E+03   -0.9990E+03   -0.9990E+03   -0.9990E+03   -0.9990E+03   -0.9990E+03   -0.9990E+03   -0.9990E+03   -0.9990E+03   -0.9990E+03   -0.9990E+03   -0.9990E+03
   -0.9990E+03   -0.9990E+03   -0.9990E+03   -0.9990E+03   -0.9990E+03   -0.9990E+03   -0.9990E+03   -0.9990E+03   -0.9990E+03   -0.9990E+03   -0.9990E+03   -0.9990E+03   -0.9990E+03   -0.9990E+03   -0.9990E+03   -0.9990E+03   -0.9990E+03   -0.9990E+03   -0.9990E+03   -0.9990E+03   -0.9990E+03   -0.9990E+03   -0.9990E+03   -0.9990E+03    0.4697E-01    0.4058E-01    0.4589E-01    0.4213E-01    0.4118E-01    0.4356E-01    0.4013E-01    0.4089E-01   -0.9990E+03    0.3346E-01    0.3531E-01    0.3746E-01    0.3688E-01    0.3747E-01    0.3666E-01    0.3648E-01    0.1815E+00    0.1695E+00    0.9574E-01    0.8356E-01    0.8212E-01    0.7853E-01    0.2447E+00    0.2117E+00    0.2409E+00    0.2280E+00    0.2440E+00    0.2154E+00    0.2167E+00    0.2398E+00    0.3412E-01    0.3411E-01    0.3402E-01    0.3403E-01    0.3405E-01   -0.9990E+03   -0.9990E+03   -0.9990E+03   -0.9990E+03   -0.9990E+03   -0.9990E+03   -0.9990E+03   -0.9990E+03   -0.9990E+03   -0.9990E+03   -0.9990E+03   -0.9990E+03   -0.9990E+03   -0.9990E+03   -0.9990E+03   -0.9990E+03   -0.9990E+03
   -0.9990E+03   -0.9990E+03   -0.9990E+03   -0.9990E+03   -0.9990E+03   -0.9990E+03   -0.9990E+03   -0.9990E+03   -0.9990E+03   -0.9990E+03   -0.9990E+03   -0.9990E+03   -0.9990E+03   -0.9990E+03   -0.9990E+03   -0.9990E+03   -0.9990E+03   -0.9990E+03   -0.9990E+03   -0.9990E+03   -0.9990E+03   -0.9990E+03   -0.9990E+03    0.4517E-01    0.4136E-01    0.4064E-01    0.3955E-01    0.3917E-01    0.3945E-01    0.4212E-01    0.4203E-01    0.4275E-01    0.4134E-01   -0.9990E+03    0.3341E-01    0.3346E-01    0.3754E-01    0.3736E-01    0.3625E-01    0.1121E+00    0.1589E+00    0.5149E-01    0.3434E-01    0.3433E-01    0.3429E-01    0.3430E-01    0.2531E+00    0.2806E+00    0.2148E+00    0.2257E+00    0.2188E+00    0.2178E+00    0.1188E+00    0.3418E-01    0.3408E-01    0.3408E-01    0.3400E-01    0.3404E-01    0.3411E-01   -0.9990E+03   -0.9990E+03   -0.9990E+03   -0.9990E+03   -0.9990E+03   -0.9990E+03   -0.9990E+03   -0.9990E+03   -0.9990E+03   -0.9990E+03   -0.9990E+03   -0.9990E+03   -0.9990E+03   -0.9990E+03   -0.9990E+03   -0.9990E+03   -0.9990E+03
   -0.9990E+03   -0.9990E+03   -0.9990E+03   -0.9990E+03   -0.9990E+03   -0.9990E+03   -0.9990E+03   -0.9990E+03   -0.9990E+03   -0.9990E+03   -0.9990E+03   -0.9990E+03   -0.9990E+03   -0.9990E+03   -0.9990E+03   -0.9990E+03   -0.9990E+03   -0.9990E+03   -0.9990E+03   -0.9990E+03   -0.9990E+03   -0.9990E+03   -0.9990E+03    0.4242E-01    0.3953E-01    0.3922E-01    0.4222E-01    0.4012E-01    0.4000E-01    0.3986E-01    0.4098E-01    0.4838E-01    0.4732E-01   -0.9990E+03   -0.9990E+03    0.3359E-01    0.3792E-01    0.3764E-01    0.3600E-01    0.1912E+00    0.7713E-01    0.3444E-01    0.3437E-01    0.3436E-01    0.3436E-01    0.3430E-01    0.3427E-01    0.3427E-01    0.1138E+00    0.2256E+00    0.2376E+00    0.3416E-01    0.3414E-01    0.3414E-01    0.1408E+00    0.9941E-01    0.4025E-01    0.3413E-01   -0.9990E+03   -0.9990E+03   -0.9990E+03   -0.9990E+03   -0.9990E+03   -0.9990E+03   -0.9990E+03   -0.9990E+03   -0.9990E+03   -0.9990E+03   -0.9990E+03   -0.9990E+03   -0.9990E+03   -0.9990E+03   -0.9990E+03   -0.9990E+03   -0.9990E+03   -0.9990E+03
   -0.9990E+03   -0.9990E+03   -0.9990E+03   -0.9990E+03   -0.9990E+03   -0.9990E+03   -0.9990E+03   -0.9990E+03   -0.9990E+03   -0.9990E+03   -0.9990E+03   -0.9990E+03   -0.9990E+03   -0.9990E+03   -0.9990E+03   -0.9990E+03   -0.9990E+03   -0.9990E+03   -0.9990E+03   -0.9990E+03   -0.9990E+03   -0.9990E+03   -0.9990E+03    0.3998E-01    0.4028E-01    0.4025E-01    0.4003E-01    0.4004E-01    0.4073E-01    0.4008E-01    0.4183E-01    0.1237E+00    0.1405E+00    0.1412E+00   -0.9990E+03    0.3420E-01    0.3787E-01    0.3474E-01    0.1102E+00    0.6415E-01    0.3442E-01    0.3451E-01    0.3451E-01    0.3441E-01    0.3437E-01    0.3436E-01    0.3430E-01    0.3684E-01    0.3429E-01    0.3422E-01    0.3428E-01    0.3417E-01    0.1409E+00    0.1411E+00    0.1413E+00    0.1260E+00    0.1284E+00   -0.9990E+03   -0.9990E+03   -0.9990E+03   -0.9990E+03   -0.9990E+03   -0.9990E+03   -0.9990E+03   -0.9990E+03   -0.9990E+03   -0.9990E+03   -0.9990E+03   -0.9990E+03   -0.9990E+03   -0.9990E+03   -0.9990E+03   -0.9990E+03   -0.9990E+03   -0.9990E+03   -0.9990E+03
   -0.9990E+03   -0.9990E+03   -0.9990E+03   -0.9990E+03   -0.9990E+03   -0.9990E+03   -0.9990E+03   -0.9990E+03   -0.9990E+03   -0.9990E+03   -0.9990E+03   -0.9990E+03   -0.9990E+03   -0.9990E+03   -0.9990E+03   -0.9990E+03   -0.9990E+03   -0.9990E+03   -0.9990E+03   -0.9990E+03   -0.9990E+03   -0.9990E+03   -0.9990E+03    0.4078E-01    0.4087E-01    0.4094E-01    0.4114E-01    0.4086E-01    0.1224E+00    0.4056E-01    0.3977E-01    0.4958E-01    0.1402E+00    0.1389E+00    0.1397E+00    0.3472E-01    0.3780E-01    0.3435E-01    0.3436E-01    0.8823E-01    0.3443E-01    0.3452E-01    0.3445E-01    0.3444E-01    0.3444E-01    0.3440E-01    0.3445E-01    0.1413E+00    0.1411E+00    0.1409E+00    0.1413E+00    0.1415E+00    0.1413E+00    0.1414E+00    0.1413E+00    0.1393E+00   -0.9990E+03   -0.9990E+03   -0.9990E+03   -0.9990E+03   -0.9990E+03   -0.9990E+03   -0.9990E+03   -0.9990E+03   -0.9990E+03   -0.9990E+03   -0.9990E+03   -0.9990E+03   -0.9990E+03   -0.9990E+03   -0.9990E+03   -0.9990E+03   -0.9990E+03   -0.9990E+03   -0.9990E+03   -0.9990E+03
   -0.9990E+03   -0.9990E+03   -0.9990E+03   -0.9990E+03   -0.9990E+03   -0.9990E+03   -0.9990E+03   -0.9990E+03   -0.9990E+03   -0.9990E+03   -0.9990E+03   -0.9990E+03   -0.9990E+03   -0.9990E+03   -0.9990E+03   -0.9990E+03   -0.9990E+03   -0.9990E+03   -0.9990E+03   -0.9990E+03   -0.9990E+03   -0.9990E+03   -0.9990E+03    0.3998E-01    0.3990E-01    0.4075E-01    0.4094E-01    0.3981E-01    0.8884E-01    0.4070E-01    0.4128E-01    0.4092E-01    0.4965E-01    0.1014E+00    0.1411E+00    0.3490E-01    0.3425E-01    0.3431E-01    0.3434E-01    0.1042E+00    0.3439E-01    0.3451E-01    0.1797E+00    0.3459E-01    0.3456E-01    0.3448E-01    0.1411E+00    0.1413E+00    0.1414E+00    0.1412E+00    0.1414E+00    0.1413E+00    0.1413E+00    0.1413E+00    0.1413E+00    0.1415E+00   -0.9990E+03   -0.9990E+03   -0.9990E+03   -0.9990E+03   -0.9990E+03   -0.9990E+03   -0.9990E+03   -0.9990E+03   -0.9990E+03   -0.9990E+03   -0.9990E+03   -0.9990E+03   -0.9990E+03   -0.9990E+03   -0.9990E+03   -0.9990E+03   -0.9990E+03   -0.9990E+03   -0.9990E+03   -0.9990E+03
   -0.9990E+03   -0.9990E+03   -0.9990E+03   -0.9990E+03   -0.9990E+03   -0.9990E+03   -0.9990E+03   -0.9990E+03   -0.9990E+03   -0.9990E+03   -0.9990E+03   -0.9990E+03   -0.9990E+03   -0.9990E+03   -0.9990E+03   -0.9990E+03   -0.9990E+03   -0.9990E+03   -0.9990E+03   -0.9990E+03   -0.9990E+03   -0.9990E+03   -0.9990E+03    0.3948E-01    0.3963E-01    0.3981E-01    0.4068E-01    0.4102E-01    0.4096E-01    0.3988E-01    0.4157E-01    0.4780E-01    0.1168E+00    0.1413E+00    0.1415E+00    0.4673E-01    0.3429E-01    0.3433E-01    0.3433E-01    0.8126E-01    0.3429E-01    0.3460E-01    0.1558E+00    0.1403E+00    0.1404E+00    0.1407E+00    0.1411E+00    0.1412E+00    0.1413E+00    0.1413E+00    0.4450E+00    0.3796E+00    0.2668E+00    0.2686E+00   -0.9990E+03   -0.9990E+03   -0.9990E+03   -0.9990E+03   -0.9990E+03   -0.9990E+03   -0.9990E+03   -0.9990E+03   -0.9990E+03   -0.9990E+03   -0.9990E+03   -0.9990E+03   -0.9990E+03   -0.9990E+03   -0.9990E+03   -0.9990E+03   -0.9990E+03   -0.9990E+03   -0.9990E+03   -0.9990E+03   -0.9990E+03   -0.9990E+03
   -0.9990E+03   -0.9990E+03   -0.9990E+03   -0.9990E+03   -0.9990E+03   -0.9990E+03   -0.9990E+03   -0.9990E+03   -0.9990E+03   -0.9990E+03   -0.9990E+03   -0.9990E+03   -0.9990E+03   -0.9990E+03   -0.9990E+03   -0.9990E+03   -0.9990E+03   -0.9990E+03   -0.9990E+03   -0.9990E+03   -0.9990E+03   -0.9990E+03   -0.9990E+03   -0.9990E+03    0.3990E-01    0.3942E-01    0.3955E-01    0.4033E-01    0.4148E-01    0.4024E-01    0.4061E-01    0.4616E-01    0.9121E-01    0.1414E+00    0.1413E+00    0.1411E+00    0.3434E-01    0.3434E-01    0.3442E-01    0.1464E+00    0.1409E+00    0.1407E+00    0.1401E+00    0.1404E+00    0.1408E+00    0.1411E+00    0.1411E+00    0.4542E+00    0.3526E+00    0.3422E+00    0.2282E+00    0.2657E+00    0.2600E+00   -0.9990E+03   -0.9990E+03   -0.9990E+03   -0.9990E+03   -0.9990E+03   -0.9990E+03   -0.9990E+03   -0.9990E+03   -0.9990E+03   -0.9990E+03   -0.9990E+03   -0.9990E+03   -0.9990E+03   -0.9990E+03   -0.9990E+03   -0.9990E+03   -0.9990E+03   -0.9990E+03   -0.9990E+03   -0.9990E+03   -0.9990E+03   -0.9990E+03   -0.9990E+03
   -0.9990E+03   -0.9990E+03   -0.9990E+03   -0.9990E+03   -0.9990E+03   -0.9990E+03   -0.9990E+03   -0.9990E+03   -0.9990E+03   -0.9990E+03   -0.9990E+03   -0.9990E+03   -0.9990E+03   -0.9990E+03   -0.9990E+03   -0.9990E+03   -0.9990E+03   -0.9990E+03   -0.9990E+03   -0.9990E+03   -0.9990E+03   -0.9990E+03   -0.9990E+03   -0.9990E+03   -0.9990E+03   -0.9990E+03    0.4147E-01    0.4074E-01    0.3951E-01    0.4087E-01    0.4081E-01    0.4172E-01    0.1038E+00    0.1413E+00    0.1413E+00    0.1414E+00    0.1075E+00    0.8606E-01    0.1409E+00    0.1410E+00    0.1407E+00    0.1404E+00    0.1397E+00    0.1404E+00    0.1409E+00    0.4244E+00    0.2970E+00    0.2490E+00    0.2890E+00    0.2659E+00    0.2990E+00   -0.9990E+03   -0.9990E+03   -0.9990E+03   -0.9990E+03   -0.9990E+03   -0.9990E+03   -0.9990E+03   -0.9990E+03   -0.9990E+03   -0.9990E+03   -0.9990E+03   -0.9990E+03   -0.9990E+03   -0.9990E+03   -0.9990E+03   -0.9990E+03   -0.9990E+03   -0.9990E+03   -0.9990E+03   -0.9990E+03   -0.9990E+03   -0.9990E+03   -0.9990E+03   -0.9990E+03   -0.9990E+03
   -0.9990E+03   -0.9990E+03   -0.9990E+03   -0.9990E+03   -0.9990E+03   -0.9990E+03   -0.9990E+03   -0.9990E+03   -0.9990E+03   -0.9990E+03   -0.9990E+03   -0.9990E+03   -0.9990E+03   -0.9990E+03   -0.9990E+03   -0.9990E+03   -0.9990E+03   -0.9990E+03   -0.9990E+03   -0.9990E+03   -0.9990E+03   -0.9990E+03   -0.9990E+03   -0.9990E+03   -0.9990E+03   -0.9990E+03   -0.9990E+03   -0.9990E+03   -0.9990E+03    0.4473E-01    0.4192E-01    0.1363E+00    0.1297E+00    0.1414E+00    0.1414E+00    0.1413E+00    0.3497E+00    0.2009E+00    0.1412E+00    0.1411E+00    0.1409E+00    0.2541E+00    0.1971E+00    0.1974E+00    0.2636E+00    0.2192E+00    0.2676E+00    0.2854E+00    0.2890E+00    0.2987E+00    0.2760E+00    0.2854E+00   -0.9990E+03   -0.9990E+03   -0.9990E+03   -0.9990E+03   -0.9990E+03   -0.9990E+03   -0.9990E+03   -0.9990E+03   -0.9990E+03   -0.9990E+03   -0.9990E+03   -0.9990E+03   -0.9990E+03   -0.9990E+03   -0.9990E+03   -0.9990E+03   -0.9990E+03   -0.9990E+03   -0.9990E+03   -0.9990E+03   -0.9990E+03   -0.9990E+03   -0.9990E+03   -0.9990E+03
   -0.9990E+03   -0.9990E+03   -0.9990E+03   -0.9990E+03   -0.9990E+03   -0.9990E+03   -0.9990E+03   -0.9990E+03   -0.9990E+03   -0.9990E+03   -0.9990E+03   -0.9990E+03   -0.9990E+03   -0.9990E+03   -0.9990E+03   -0.9990E+03   -0.9990E+03   -0.9990E+03   -0.9990E+03   -0.9990E+03   -0.9990E+03   -0.9990E+03   -0.9990E+03   -0.9990E+03   -0.9990E+03   -0.9990E+03   -0.9990E+03   -0.9990E+03   -0.9990E+03   -0.9990E+03    0.1331E+00    0.1352E+00    0.1414E+00    0.1414E+00    0.1413E+00    0.1413E+00    0.3838E+00    0.2900E+00    0.3264E+00    0.3160E+00    0.3031E+00    0.2636E+00    0.2096E+00    0.1906E+00    0.2041E+00    0.2351E+00    0.2487E+00    0.2652E+00    0.2738E+00    0.2823E+00    0.2820E+00    0.2821E+00   -0.9990E+03   -0.9990E+03   -0.9990E+03   -0.9990E+03   -0.9990E+03   -0.9990E+03   -0.9990E+03   -0.9990E+03   -0.9990E+03   -0.9990E+03   -0.9990E+03   -0.9990E+03   -0.9990E+03   -0.9990E+03   -0.9990E+03   -0.9990E+03   -0.9990E+03   -0.9990E+03   -0.9990E+03   -0.9990E+03   -0.9990E+03   -0.9990E+03   -0.9990E+03   -0.9990E+03
   -0.9990E+03   -0.9990E+03   -0.9990E+03   -0.9990E+03   -0.9990E+03   -0.9990E+03   -0.9990E+03   -0.9990E+03   -0.9990E+03   -0.9990E+03   -0.9990E+03   -0.9990E+03   -0.9990E+03   -0.9990E+03   -0.9990E+03   -0.9990E+03   -0.9990E+03   -0.9990E+03   -0.9990E+03   -0.9990E+03   -0.9990E+03   -0.9990E+03   -0.9990E+03   -0.9990E+03   -0.9990E+03   -0.9990E+03   -0.9990E+03   -0.9990E+03   -0.9990E+03    0.8223E-01    0.1306E+00    0.1363E+00    0.1362E+00    0.1412E+00    0.1413E+00    0.1413E+00    0.2835E+00    0.3224E+00    0.3648E+00    0.3380E+00    0.2930E+00    0.2765E+00    0.2308E+00    0.1966E+00    0.2236E+00    0.2574E+00    0.2830E+00    0.2863E+00    0.3052E+00    0.3714E+00    0.3162E+00    0.2925E+00   -0.9990E+03   -0.9990E+03   -0.9990E+03   -0.9990E+03   -0.9990E+03   -0.9990E+03   -0.9990E+03   -0.9990E+03   -0.9990E+03   -0.9990E+03   -0.9990E+03   -0.9990E+03   -0.9990E+03   -0.9990E+03   -0.9990E+03   -0.9990E+03   -0.9990E+03   -0.9990E+03   -0.9990E+03   -0.9990E+03   -0.9990E+03   -0.9990E+03   -0.9990E+03   -0.9990E+03
   -0.9990E+03   -0.9990E+03   -0.9990E+03   -0.9990E+03   -0.9990E+03   -0.9990E+03   -0.9990E+03   -0.9990E+03   -0.9990E+03   -0.9990E+03   -0.9990E+03   -0.9990E+03   -0.9990E+03   -0.9990E+03   -0.9990E+03   -0.9990E+03   -0.9990E+03   -0.9990E+03   -0.9990E+03   -0.9990E+03   -0.9990E+03   -0.9990E+03   -0.9990E+03   -0.9990E+03    0.3764E-01   -0.9990E+03   -0.9990E+03   -0.9990E+03   -0.9990E+03    0.3851E-01    0.9033E-01    0.1326E+00    0.2613E+00    0.5467E+00    0.1413E+00    0.1413E+00    0.3442E+00    0.4072E+00    0.3815E+00    0.3667E+00    0.3447E+00    0.2713E+00    0.2428E+00    0.2219E+00    0.2422E+00    0.2475E+00    0.2728E+00    0.2878E+00    0.3401E+00    0.4047E+00    0.3509E+00   -0.9990E+03   -0.9990E+03   -0.9990E+03   -0.9990E+03   -0.9990E+03   -0.9990E+03   -0.9990E+03   -0.9990E+03   -0.9990E+03   -0.9990E+03   -0.9990E+03   -0.9990E+03   -0.9990E+03   -0.9990E+03   -0.9990E+03   -0.9990E+03   -0.9990E+03   -0.9990E+03   -0.9990E+03   -0.9990E+03   -0.9990E+03   -0.9990E+03   -0.9990E+03   -0.9990E+03   -0.9990E+03
   -0.9990E+03   -0.9990E+03   -0.9990E+03   -0.9990E+03   -0.9990E+03   -0.9990E+03   -0.9990E+03   -0.9990E+03   -0.9990E+03   -0.9990E+03   -0.9990E+03   -0.9990E+03   -0.9990E+03   -0.9990E+03   -0.9990E+03   -0.9990E+03   -0.9990E+03   -0.9990E+03   -0.9990E+03   -0.9990E+03   -0.9990E+03   -0.9990E+03   -0.9990E+03   -0.9990E+03    0.3742E-01    0.3626E-01    0.3615E-01    0.3713E-01    0.3734E-01    0.3789E-01    0.7984E-01    0.8512E-01    0.1064E+00    0.6313E+00    0.7951E+00    0.4304E+00    0.6653E+00    0.4395E+00    0.4712E+00    0.4448E+00    0.3223E+00    0.2808E+00    0.2618E+00    0.2428E+00    0.2291E+00    0.2623E+00    0.2856E+00    0.2996E+00    0.3658E+00    0.3616E+00   -0.9990E+03   -0.9990E+03   -0.9990E+03   -0.9990E+03   -0.9990E+03   -0.9990E+03   -0.9990E+03   -0.9990E+03   -0.9990E+03   -0.9990E+03   -0.9990E+03   -0.9990E+03   -0.9990E+03   -0.9990E+03   -0.9990E+03   -0.9990E+03   -0.9990E+03   -0.9990E+03   -0.9990E+03   -0.9990E+03   -0.9990E+03   -0.9990E+03   -0.9990E+03   -0.9990E+03   -0.9990E+03   -0.9990E+03
   -0.9990E+03   -0.9990E+03   -0.9990E+03   -0.9990E+03   -0.9990E+03   -0.9990E+03   -0.9990E+03   -0.9990E+03   -0.9990E+03   -0.9990E+03   -0.9990E+03   -0.9990E+03   -0.9990E+03   -0.9990E+03   -0.9990E+03   -0.9990E+03   -0.9990E+03   -0.9990E+03   -0.9990E+03   -0.9990E+03   -0.9990E+03   -0.9990E+03   -0.9990E+03   -0.9990E+03    0.3690E-01    0.3696E-01    0.3695E-01    0.3693E-01    0.3686E-01    0.3698E-01    0.5459E-01    0.5216E-01    0.1440E+00    0.2486E+00    0.6717E+00    0.5516E+00    0.4456E+00    0.4976E+00    0.5296E+00    0.4070E+00    0.3352E+00    0.2934E+00    0.2894E+00    0.2653E+00    0.2463E+00    0.2758E+00    0.2955E+00    0.3157E+00    0.3468E+00    0.3524E+00   -0.9990E+03   -0.9990E+03   -0.9990E+03   -0.9990E+03   -0.9990E+03   -0.9990E+03   -0.9990E+03   -0.9990E+03   -0.9990E+03   -0.9990E+03   -0.9990E+03   -0.9990E+03   -0.9990E+03   -0.9990E+03   -0.9990E+03   -0.9990E+03   -0.9990E+03   -0.9990E+03   -0.9990E+03   -0.9990E+03   -0.9990E+03   -0.9990E+03   -0.9990E+03   -0.9990E+03   -0.9990E+03   -0.9990E+03
   -0.9990E+03   -0.9990E+03   -0.9990E+03   -0.9990E+03   -0.9990E+03   -0.9990E+03   -0.9990E+03   -0.9990E+03   -0.9990E+03   -0.9990E+03   -0.9990E+03   -0.9990E+03   -0.9990E+03   -0.9990E+03   -0.9990E+03   -0.9990E+03   -0.9990E+03   -0.9990E+03   -0.9990E+03   -0.9990E+03   -0.9990E+03   -0.9990E+03   -0.9990E+03   -0.9990E+03    0.3620E-01    0.3633E-01    0.3636E-01    0.3627E-01    0.3621E-01    0.3630E-01    0.3689E-01    0.4929E-01    0.7132E+00    0.7169E+00    0.1276E+00    0.5620E+00    0.4222E+00    0.5900E+00    0.5650E+00    0.4823E+00    0.3261E+00    0.2885E+00    0.3042E+00    0.2837E+00    0.2798E+00    0.2936E+00    0.3190E+00    0.3269E+00    0.3110E+00    0.3207E+00   -0.9990E+03   -0.9990E+03   -0.9990E+03   -0.9990E+03   -0.9990E+03   -0.9990E+03   -0.9990E+03   -0.9990E+03   -0.9990E+03   -0.9990E+03   -0.9990E+03   -0.9990E+03   -0.9990E+03   -0.9990E+03   -0.9990E+03   -0.9990E+03   -0.9990E+03   -0.9990E+03   -0.9990E+03   -0.9990E+03   -0.9990E+03   -0.9990E+03   -0.9990E+03   -0.9990E+03   -0.9990E+03   -0.9990E+03
   -0.9990E+03   -0.9990E+03   -0.9990E+03   -0.9990E+03   -0.9990E+03   -0.9990E+03   -0.9990E+03   -0.9990E+03   -0.9990E+03   -0.9990E+03   -0.9990E+03   -0.9990E+03   -0.9990E+03   -0.9990E+03   -0.9990E+03   -0.9990E+03   -0.9990E+03   -0.9990E+03   -0.9990E+03   -0.9990E+03   -0.9990E+03   -0.9990E+03   -0.9990E+03   -0.9990E+03    0.3611E-01    0.3642E-01   -0.9990E+03   -0.9990E+03    0.3645E-01    0.3676E-01    0.3692E-01    0.8029E-01    0.8926E+00    0.9688E+00    0.1775E+00    0.5545E+00    0.3490E+00    0.2349E+00    0.2427E+00    0.5069E+00    0.4291E+00    0.3426E+00    0.3357E+00    0.3361E+00    0.3548E+00    0.3437E+00    0.3894E+00    0.3791E+00    0.2901E+00    0.2994E+00   -0.9990E+03   -0.9990E+03   -0.9990E+03   -0.9990E+03   -0.9990E+03   -0.9990E+03   -0.9990E+03   -0.9990E+03   -0.9990E+03   -0.9990E+03   -0.9990E+03   -0.9990E+03   -0.9990E+03   -0.9990E+03   -0.9990E+03   -0.9990E+03   -0.9990E+03   -0.9990E+03   -0.9990E+03   -0.9990E+03   -0.9990E+03   -0.9990E+03   -0.9990E+03   -0.9990E+03   -0.9990E+03   -0.9990E+03
   -0.9990E+03   -0.9990E+03   -0.9990E+03   -0.9990E+03   -0.9990E+03   -0.9990E+03   -0.9990E+03   -0.9990E+03   -0.9990E+03   -0.9990E+03   -0.9990E+03   -0.9990E+03   -0.9990E+03   -0.9990E+03   -0.9990E+03   -0.9990E+03   -0.9990E+03   -0.9990E+03   -0.9990E+03   -0.9990E+03   -0.9990E+03   -0.9990E+03   -0.9990E+03   -0.9990E+03   -0.9990E+03   -0.9990E+03   -0.9990E+03   -0.9990E+03   -0.9990E+03   -0.9990E+03   -0.9990E+03   -0.9990E+03    0.4881E+00    0.4900E+00    0.1299E+00    0.1779E+00    0.3707E+00    0.1153E+00    0.2024E+00    0.5260E+00    0.4657E+00    0.3311E+00    0.3075E+00    0.3030E+00    0.3299E+00    0.4116E+00    0.3780E+00    0.3793E+00    0.3634E+00    0.3743E+00   -0.9990E+03   -0.9990E+03   -0.9990E+03   -0.9990E+03   -0.9990E+03   -0.9990E+03   -0.9990E+03   -0.9990E+03   -0.9990E+03   -0.9990E+03   -0.9990E+03   -0.9990E+03   -0.9990E+03   -0.9990E+03   -0.9990E+03   -0.9990E+03   -0.9990E+03   -0.9990E+03   -0.9990E+03   -0.9990E+03   -0.9990E+03   -0.9990E+03   -0.9990E+03   -0.9990E+03   -0.9990E+03   -0.9990E+03
   -0.9990E+03   -0.9990E+03   -0.9990E+03   -0.9990E+03   -0.9990E+03   -0.9990E+03   -0.9990E+03   -0.9990E+03   -0.9990E+03   -0.9990E+03   -0.9990E+03   -0.9990E+03   -0.9990E+03   -0.9990E+03   -0.9990E+03   -0.9990E+03   -0.9990E+03   -0.9990E+03   -0.9990E+03   -0.9990E+03   -0.9990E+03   -0.9990E+03   -0.9990E+03   -0.9990E+03   -0.9990E+03   -0.9990E+03   -0.9990E+03   -0.9990E+03   -0.9990E+03   -0.9990E+03   -0.9990E+03   -0.9990E+03   -0.9990E+03   -0.9990E+03    0.1160E+00    0.6148E+00    0.4966E+00    0.3043E+00    0.2512E+00    0.4025E+00    0.3709E+00    0.2757E+00   -0.2412E-01    0.2715E+00    0.2996E+00    0.3336E+00    0.2543E+00    0.3305E+00    0.3567E+00    0.3359E+00    0.3425E+00   -0.9990E+03   -0.9990E+03   -0.9990E+03   -0.9990E+03   -0.9990E+03   -0.9990E+03   -0.9990E+03   -0.9990E+03   -0.9990E+03   -0.9990E+03   -0.9990E+03   -0.9990E+03   -0.9990E+03   -0.9990E+03   -0.9990E+03   -0.9990E+03   -0.9990E+03   -0.9990E+03   -0.9990E+03   -0.9990E+03   -0.9990E+03   -0.9990E+03   -0.9990E+03   -0.9990E+03   -0.9990E+03
   -0.9990E+03   -0.9990E+03   -0.9990E+03   -0.9990E+03   -0.9990E+03   -0.9990E+03   -0.9990E+03   -0.9990E+03   -0.9990E+03   -0.9990E+03   -0.9990E+03   -0.9990E+03   -0.9990E+03   -0.9990E+03   -0.9990E+03   -0.9990E+03   -0.9990E+03   -0.9990E+03   -0.9990E+03   -0.9990E+03   -0.9990E+03   -0.9990E+03   -0.9990E+03   -0.9990E+03   -0.9990E+03   -0.9990E+03   -0.9990E+03   -0.9990E+03   -0.9990E+03   -0.9990E+03   -0.9990E+03   -0.9990E+03   -0.9990E+03   -0.9990E+03   -0.9990E+03    0.3455E+00    0.3368E+00    0.5752E+00    0.1530E+00    0.1760E+00    0.3389E+00    0.2683E+00    0.2460E+00    0.2600E+00    0.2795E+00    0.3090E+00    0.2746E+00    0.3093E+00    0.3185E+00    0.3213E+00    0.3157E+00   -0.9990E+03   -0.9990E+03   -0.9990E+03   -0.9990E+03   -0.9990E+03   -0.9990E+03   -0.9990E+03   -0.9990E+03   -0.9990E+03   -0.9990E+03   -0.9990E+03   -0.9990E+03   -0.9990E+03   -0.9990E+03   -0.9990E+03   -0.9990E+03   -0.9990E+03   -0.9990E+03   -0.9990E+03   -0.9990E+03   -0.9990E+03   -0.9990E+03   -0.9990E+03   -0.9990E+03   -0.9990E+03
   -0.9990E+03   -0.9990E+03   -0.9990E+03   -0.9990E+03   -0.9990E+03   -0.9990E+03   -0.9990E+03   -0.9990E+03   -0.9990E+03   -0.9990E+03   -0.9990E+03   -0.9990E+03   -0.9990E+03   -0.9990E+03   -0.9990E+03   -0.9990E+03   -0.9990E+03   -0.9990E+03   -0.9990E+03   -0.9990E+03   -0.9990E+03   -0.9990E+03   -0.9990E+03   -0.9990E+03   -0.9990E+03   -0.9990E+03   -0.9990E+03   -0.9990E+03   -0.9990E+03   -0.9990E+03   -0.9990E+03   -0.9990E+03   -0.9990E+03   -0.9990E+03    0.6204E+00    0.7071E+00    0.3299E+00    0.2348E+00    0.1107E+00    0.1562E+00    0.2968E+00    0.2699E+00    0.2560E+00    0.2573E+00    0.2579E+00    0.2821E+00    0.2441E+00    0.2942E+00    0.3069E+00    0.3034E+00    0.3365E+00    0.3495E+00   -0.9990E+03   -0.9990E+03   -0.9990E+03   -0.9990E+03   -0.9990E+03   -0.9990E+03   -0.9990E+03   -0.9990E+03   -0.9990E+03   -0.9990E+03   -0.9990E+03   -0.9990E+03   -0.9990E+03   -0.9990E+03   -0.9990E+03   -0.9990E+03   -0.9990E+03   -0.9990E+03   -0.9990E+03   -0.9990E+03   -0.9990E+03   -0.9990E+03   -0.9990E+03   -0.9990E+03
   -0.9990E+03   -0.9990E+03   -0.9990E+03   -0.9990E+03   -0.9990E+03   -0.9990E+03   -0.9990E+03   -0.9990E+03   -0.9990E+03   -0.9990E+03   -0.9990E+03   -0.9990E+03   -0.9990E+03   -0.9990E+03   -0.9990E+03   -0.9990E+03   -0.9990E+03   -0.9990E+03   -0.9990E+03   -0.9990E+03   -0.9990E+03   -0.9990E+03   -0.9990E+03   -0.9990E+03   -0.9990E+03   -0.9990E+03   -0.9990E+03   -0.9990E+03   -0.9990E+03   -0.9990E+03   -0.9990E+03   -0.9990E+03   -0.9990E+03   -0.9990E+03    0.2286E+00    0.2906E+00    0.2464E+00    0.1432E+00    0.1538E+00    0.3111E+00    0.2751E+00    0.2588E+00    0.2515E+00    0.2503E+00    0.2590E+00    0.2854E+00    0.2202E+00    0.2942E+00    0.3196E+00    0.3373E+00    0.3243E+00    0.3345E+00   -0.9990E+03   -0.9990E+03   -0.9990E+03   -0.9990E+03   -0.9990E+03   -0.9990E+03   -0.9990E+03   -0.9990E+03   -0.9990E+03   -0.9990E+03   -0.9990E+03   -0.9990E+03   -0.9990E+03   -0.9990E+03   -0.9990E+03   -0.9990E+03   -0.9990E+03   -0.9990E+03   -0.9990E+03   -0.9990E+03   -0.9990E+03   -0.9990E+03   -0.9990E+03   -0.9990E+03
   -0.9990E+03   -0.9990E+03   -0.9990E+03   -0.9990E+03   -0.9990E+03   -0.9990E+03   -0.9990E+03   -0.9990E+03   -0.9990E+03   -0.9990E+03   -0.9990E+03   -0.9990E+03   -0.9990E+03   -0.9990E+03   -0.9990E+03   -0.9990E+03   -0.9990E+03   -0.9990E+03   -0.9990E+03   -0.9990E+03   -0.9990E+03   -0.9990E+03   -0.9990E+03   -0.9990E+03   -0.9990E+03   -0.9990E+03   -0.9990E+03   -0.9990E+03   -0.9990E+03   -0.9990E+03   -0.9990E+03   -0.9990E+03   -0.9990E+03   -0.9990E+03    0.2724E+00    0.2271E+00    0.4328E+00    0.3134E+00    0.1343E+00    0.2698E+00    0.2506E+00    0.2317E+00    0.2274E+00    0.2351E+00    0.2517E+00    0.2826E+00    0.2518E+00    0.3270E+00    0.3448E+00    0.3338E+00    0.3252E+00    0.3397E+00   -0.9990E+03   -0.9990E+03   -0.9990E+03   -0.9990E+03   -0.9990E+03   -0.9990E+03   -0.9990E+03   -0.9990E+03   -0.9990E+03   -0.9990E+03   -0.9990E+03   -0.9990E+03   -0.9990E+03   -0.9990E+03   -0.9990E+03   -0.9990E+03   -0.9990E+03   -0.9990E+03   -0.9990E+03   -0.9990E+03   -0.9990E+03   -0.9990E+03   -0.9990E+03   -0.9990E+03
   -0.9990E+03   -0.9990E+03   -0.9990E+03   -0.9990E+03   -0.9990E+03   -0.9990E+03   -0.9990E+03   -0.9990E+03   -0.9990E+03   -0.9990E+03   -0.9990E+03   -0.9990E+03   -0.9990E+03   -0.9990E+03   -0.9990E+03   -0.9990E+03   -0.9990E+03   -0.9990E+03   -0.9990E+03   -0.9990E+03   -0.9990E+03   -0.9990E+03   -0.9990E+03   -0.9990E+03   -0.9990E+03   -0.9990E+03   -0.9990E+03   -0.9990E+03   -0.9990E+03   -0.9990E+03   -0.9990E+03   -0.9990E+03   -0.9990E+03   -0.9990E+03    0.3137E+00    0.4107E+00    0.3648E+00    0.2802E+00    0.2786E+00    0.2551E+00    0.2366E+00    0.2172E+00    0.2082E+00    0.2216E+00    0.2572E+00    0.2585E+00    0.2856E+00    0.3331E+00    0.3390E+00    0.3506E+00    0.3701E+00   -0.9990E+03   -0.9990E+03   -0.9990E+03   -0.9990E+03   -0.9990E+03   -0.9990E+03   -0.9990E+03   -0.9990E+03   -0.9990E+03   -0.9990E+03   -0.9990E+03   -0.9990E+03   -0.9990E+03   -0.9990E+03   -0.9990E+03   -0.9990E+03   -0.9990E+03   -0.9990E+03   -0.9990E+03   -0.9990E+03   -0.9990E+03   -0.9990E+03   -0.9990E+03   -0.9990E+03   -0.9990E+03
   -0.9990E+03   -0.9990E+03   -0.9990E+03   -0.9990E+03   -0.9990E+03   -0.9990E+03   -0.9990E+03   -0.9990E+03   -0.9990E+03   -0.9990E+03   -0.9990E+03   -0.9990E+03   -0.9990E+03   -0.9990E+03   -0.9990E+03   -0.9990E+03   -0.9990E+03   -0.9990E+03   -0.9990E+03   -0.9990E+03   -0.9990E+03   -0.9990E+03   -0.9990E+03   -0.9990E+03   -0.9990E+03   -0.9990E+03   -0.9990E+03   -0.9990E+03   -0.9990E+03   -0.9990E+03   -0.9990E+03   -0.9990E+03   -0.9990E+03    0.2394E+00    0.2808E+00    0.4001E+00    0.3095E+00    0.2772E+00    0.2856E+00    0.2566E+00    0.2347E+00    0.2149E+00    0.1837E+00    0.2247E+00    0.2579E+00    0.2410E+00    0.3210E+00    0.3351E+00    0.3430E+00    0.3513E+00    0.3611E+00    0.3654E+00   -0.9990E+03   -0.9990E+03   -0.9990E+03   -0.9990E+03   -0.9990E+03   -0.9990E+03   -0.9990E+03   -0.9990E+03   -0.9990E+03   -0.9990E+03   -0.9990E+03   -0.9990E+03   -0.9990E+03   -0.9990E+03   -0.9990E+03   -0.9990E+03   -0.9990E+03   -0.9990E+03   -0.9990E+03   -0.9990E+03   -0.9990E+03   -0.9990E+03   -0.9990E+03   -0.9990E+03
   -0.9990E+03   -0.9990E+03   -0.9990E+03   -0.9990E+03   -0.9990E+03   -0.9990E+03   -0.9990E+03   -0.9990E+03   -0.9990E+03   -0.9990E+03   -0.9990E+03   -0.9990E+03   -0.9990E+03   -0.9990E+03   -0.9990E+03   -0.9990E+03   -0.9990E+03   -0.9990E+03   -0.9990E+03   -0.9990E+03   -0.9990E+03   -0.9990E+03   -0.9990E+03   -0.9990E+03   -0.9990E+03   -0.9990E+03   -0.9990E+03   -0.9990E+03   -0.9990E+03   -0.9990E+03   -0.9990E+03   -0.9990E+03   -0.9990E+03    0.2788E+00    0.2277E+00    0.3369E+00    0.2953E+00    0.3210E+00    0.2928E+00    0.2617E+00    0.2531E+00    0.2270E+00    0.2475E+00    0.2565E+00    0.2511E+00    0.2508E+00    0.3218E+00    0.3338E+00    0.3366E+00    0.3518E+00    0.3614E+00   -0.9990E+03   -0.9990E+03   -0.9990E+03   -0.9990E+03   -0.9990E+03   -0.9990E+03   -0.9990E+03   -0.9990E+03   -0.9990E+03   -0.9990E+03   -0.9990E+03   -0.9990E+03   -0.9990E+03   -0.9990E+03   -0.9990E+03   -0.9990E+03   -0.9990E+03   -0.9990E+03   -0.9990E+03   -0.9990E+03   -0.9990E+03   -0.9990E+03   -0.9990E+03   -0.9990E+03   -0.9990E+03
   -0.9990E+03   -0.9990E+03   -0.9990E+03   -0.9990E+03   -0.9990E+03   -0.9990E+03   -0.9990E+03   -0.9990E+03   -0.9990E+03   -0.9990E+03   -0.9990E+03   -0.9990E+03   -0.9990E+03   -0.9990E+03   -0.9990E+03   -0.9990E+03   -0.9990E+03   -0.9990E+03   -0.9990E+03   -0.9990E+03   -0.9990E+03   -0.9990E+03   -0.9990E+03   -0.9990E+03   -0.9990E+03   -0.9990E+03   -0.9990E+03   -0.9990E+03   -0.9990E+03   -0.9990E+03   -0.9990E+03    0.4482E+00    0.2572E+00    0.2774E+00    0.2920E+00    0.3262E+00    0.3169E+00    0.3281E+00    0.2905E+00    0.1426E+00    0.1401E+00    0.2404E+00    0.2879E+00    0.2797E+00    0.2368E+00    0.3169E+00    0.3272E+00    0.2965E+00    0.3194E+00    0.3630E+00   -0.9990E+03   -0.9990E+03   -0.9990E+03   -0.9990E+03   -0.9990E+03   -0.9990E+03   -0.9990E+03   -0.9990E+03   -0.9990E+03   -0.9990E+03   -0.9990E+03   -0.9990E+03   -0.9990E+03   -0.9990E+03   -0.9990E+03   -0.9990E+03   -0.9990E+03   -0.9990E+03   -0.9990E+03   -0.9990E+03   -0.9990E+03   -0.9990E+03   -0.9990E+03   -0.9990E+03   -0.9990E+03   -0.9990E+03
   -0.9990E+03   -0.9990E+03   -0.9990E+03   -0.9990E+03   -0.9990E+03   -0.9990E+03   -0.9990E+03   -0.9990E+03   -0.9990E+03   -0.9990E+03   -0.9990E+03   -0.9990E+03   -0.9990E+03   -0.9990E+03   -0.9990E+03   -0.9990E+03   -0.9990E+03   -0.9990E+03   -0.9990E+03   -0.9990E+03   -0.9990E+03   -0.9990E+03   -0.9990E+03   -0.9990E+03   -0.9990E+03   -0.9990E+03   -0.9990E+03   -0.9990E+03   -0.9990E+03   -0.9990E+03   -0.9990E+03    0.3555E+00    0.3123E+00    0.3482E+00    0.3322E+00    0.3491E+00    0.3365E+00    0.3482E+00    0.2607E+00    0.1225E+00    0.1179E+00    0.2384E+00    0.2969E+00    0.2537E+00    0.2759E+00    0.3365E+00    0.2959E+00    0.3468E+00    0.3506E+00   -0.9990E+03   -0.9990E+03   -0.9990E+03   -0.9990E+03   -0.9990E+03   -0.9990E+03   -0.9990E+03   -0.9990E+03   -0.9990E+03   -0.9990E+03   -0.9990E+03   -0.9990E+03   -0.9990E+03   -0.9990E+03   -0.9990E+03   -0.9990E+03   -0.9990E+03   -0.9990E+03   -0.9990E+03   -0.9990E+03   -0.9990E+03   -0.9990E+03   -0.9990E+03   -0.9990E+03   -0.9990E+03   -0.9990E+03   -0.9990E+03
   -0.9990E+03   -0.9990E+03   -0.9990E+03   -0.9990E+03   -0.9990E+03   -0.9990E+03   -0.9990E+03   -0.9990E+03   -0.9990E+03   -0.9990E+03   -0.9990E+03   -0.9990E+03   -0.9990E+03   -0.9990E+03   -0.9990E+03   -0.9990E+03   -0.9990E+03   -0.9990E+03   -0.9990E+03   -0.9990E+03   -0.9990E+03   -0.9990E+03   -0.9990E+03   -0.9990E+03   -0.9990E+03   -0.9990E+03   -0.9990E+03   -0.9990E+03   -0.9990E+03   -0.9990E+03   -0.9990E+03    0.3522E+00    0.3030E+00    0.3480E+00    0.3518E+00    0.3351E+00    0.3619E+00    0.3063E+00    0.2455E+00    0.2139E+00    0.2657E+00    0.2996E+00    0.2443E+00    0.2980E+00    0.3103E+00    0.3148E+00    0.3305E+00    0.3580E+00   -0.9990E+03   -0.9990E+03   -0.9990E+03   -0.9990E+03   -0.9990E+03   -0.9990E+03   -0.9990E+03   -0.9990E+03   -0.9990E+03   -0.9990E+03   -0.9990E+03   -0.9990E+03   -0.9990E+03   -0.9990E+03   -0.9990E+03   -0.9990E+03   -0.9990E+03   -0.9990E+03   -0.9990E+03   -0.9990E+03   -0.9990E+03   -0.9990E+03   -0.9990E+03   -0.9990E+03   -0.9990E+03   -0.9990E+03   -0.9990E+03   -0.9990E+03
   -0.9990E+03   -0.9990E+03   -0.9990E+03   -0.9990E+03   -0.9990E+03   -0.9990E+03   -0.9990E+03   -0.9990E+03   -0.9990E+03   -0.9990E+03   -0.9990E+03   -0.9990E+03   -0.9990E+03   -0.9990E+03   -0.9990E+03   -0.9990E+03   -0.9990E+03   -0.9990E+03   -0.9990E+03   -0.9990E+03   -0.9990E+03   -0.9990E+03   -0.9990E+03   -0.9990E+03   -0.9990E+03   -0.9990E+03   -0.9990E+03   -0.9990E+03   -0.9990E+03   -0.9990E+03   -0.9990E+03    0.3828E+00    0.2893E+00    0.3422E+00    0.3661E+00    0.3790E+00    0.3055E+00    0.2159E+00    0.3827E+00    0.3565E+00    0.3446E+00    0.2570E+00    0.3640E+00    0.3083E+00    0.3427E+00    0.3825E+00    0.3873E+00    0.3790E+00   -0.9990E+03   -0.9990E+03   -0.9990E+03   -0.9990E+03   -0.9990E+03   -0.9990E+03   -0.9990E+03   -0.9990E+03   -0.9990E+03   -0.9990E+03   -0.9990E+03   -0.9990E+03   -0.9990E+03   -0.9990E+03   -0.9990E+03   -0.9990E+03   -0.9990E+03   -0.9990E+03   -0.9990E+03   -0.9990E+03   -0.9990E+03   -0.9990E+03   -0.9990E+03   -0.9990E+03   -0.9990E+03   -0.9990E+03   -0.9990E+03   -0.9990E+03
   -0.9990E+03   -0.9990E+03   -0.9990E+03   -0.9990E+03   -0.9990E+03   -0.9990E+03   -0.9990E+03   -0.9990E+03   -0.9990E+03   -0.9990E+03   -0.9990E+03   -0.9990E+03   -0.9990E+03   -0.9990E+03   -0.9990E+03   -0.9990E+03   -0.9990E+03   -0.9990E+03   -0.9990E+03   -0.9990E+03   -0.9990E+03   -0.9990E+03   -0.9990E+03   -0.9990E+03   -0.9990E+03   -0.9990E+03   -0.9990E+03   -0.9990E+03   -0.9990E+03   -0.9990E+03    0.1172E+00    0.2843E+00    0.2073E+00    0.3400E+00    0.4017E+00    0.3841E+00    0.2359E+00    0.3752E+00    0.3264E+00    0.3494E+00    0.3892E+00    0.3126E+00    0.3881E+00    0.3721E+00    0.3573E+00    0.3956E+00    0.4212E+00   -0.9990E+03   -0.9990E+03   -0.9990E+03   -0.9990E+03   -0.9990E+03   -0.9990E+03   -0.9990E+03   -0.9990E+03   -0.9990E+03   -0.9990E+03   -0.9990E+03   -0.9990E+03   -0.9990E+03   -0.9990E+03   -0.9990E+03   -0.9990E+03   -0.9990E+03   -0.9990E+03   -0.9990E+03   -0.9990E+03   -0.9990E+03   -0.9990E+03   -0.9990E+03   -0.9990E+03   -0.9990E+03   -0.9990E+03   -0.9990E+03   -0.9990E+03   -0.9990E+03
   -0.9990E+03   -0.9990E+03   -0.9990E+03   -0.9990E+03   -0.9990E+03   -0.9990E+03   -0.9990E+03   -0.9990E+03   -0.9990E+03   -0.9990E+03   -0.9990E+03   -0.9990E+03   -0.9990E+03   -0.9990E+03   -0.9990E+03   -0.9990E+03   -0.9990E+03   -0.9990E+03   -0.9990E+03   -0.9990E+03   -0.9990E+03   -0.9990E+03   -0.9990E+03   -0.9990E+03   -0.9990E+03   -0.9990E+03   -0.9990E+03   -0.9990E+03   -0.9990E+03   -0.9990E+03    0.2605E+00    0.2536E+00    0.2374E+00    0.2328E+00    0.3075E+00    0.2612E+00    0.3368E+00    0.4967E+00    0.3773E+00    0.3750E+00    0.3617E+00    0.3255E+00    0.3400E+00    0.3813E+00    0.3739E+00    0.3801E+00    0.4052E+00   -0.9990E+03   -0.9990E+03   -0.9990E+03   -0.9990E+03   -0.9990E+03   -0.9990E+03   -0.9990E+03   -0.9990E+03   -0.9990E+03   -0.9990E+03   -0.9990E+03   -0.9990E+03   -0.9990E+03   -0.9990E+03   -0.9990E+03   -0.9990E+03   -0.9990E+03   -0.9990E+03   -0.9990E+03   -0.9990E+03   -0.9990E+03   -0.9990E+03   -0.9990E+03   -0.9990E+03   -0.9990E+03   -0.9990E+03   -0.9990E+03   -0.9990E+03   -0.9990E+03
   -0.9990E+03   -0.9990E+03   -0.9990E+03   -0.9990E+03   -0.9990E+03   -0.9990E+03   -0.9990E+03   -0.9990E+03   -0.9990E+03   -0.9990E+03   -0.9990E+03   -0.9990E+03   -0.9990E+03   -0.9990E+03   -0.9990E+03   -0.9990E+03   -0.9990E+03   -0.9990E+03   -0.9990E+03   -0.9990E+03   -0.9990E+03   -0.9990E+03   -0.9990E+03   -0.9990E+03   -0.9990E+03   -0.9990E+03   -0.9990E+03   -0.9990E+03   -0.9990E+03   -0.9990E+03    0.2728E+00    0.2802E+00    0.3021E+00    0.2220E+00    0.3076E+00    0.2187E+00    0.2385E+00    0.2575E+00    0.3407E+00    0.3504E+00    0.3592E+00    0.3799E+00    0.3240E+00    0.3156E+00    0.3421E+00    0.3560E+00    0.4388E+00    0.4847E+00   -0.9990E+03   -0.9990E+03   -0.9990E+03   -0.9990E+03   -0.9990E+03   -0.9990E+03   -0.9990E+03   -0.9990E+03   -0.9990E+03   -0.9990E+03   -0.9990E+03   -0.9990E+03   -0.9990E+03   -0.9990E+03   -0.9990E+03   -0.9990E+03   -0.9990E+03   -0.9990E+03   -0.9990E+03   -0.9990E+03   -0.9990E+03   -0.9990E+03   -0.9990E+03   -0.9990E+03   -0.9990E+03   -0.9990E+03   -0.9990E+03   -0.9990E+03
   -0.9990E+03   -0.9990E+03   -0.9990E+03   -0.9990E+03   -0.9990E+03   -0.9990E+03   -0.9990E+03   -0.9990E+03   -0.9990E+03   -0.9990E+03   -0.9990E+03   -0.9990E+03   -0.9990E+03   -0.9990E+03   -0.9990E+03   -0.9990E+03   -0.9990E+03   -0.9990E+03   -0.9990E+03   -0.9990E+03   -0.9990E+03   -0.9990E+03   -0.9990E+03   -0.9990E+03   -0.9990E+03   -0.9990E+03   -0.9990E+03   -0.9990E+03   -0.9990E+03   -0.9990E+03   -0.9990E+03    0.2792E+00    0.2852E+00    0.2294E+00    0.3375E+00    0.1888E+00    0.2666E+00    0.2781E+00    0.2773E+00    0.3317E+00    0.2987E+00    0.2836E+00    0.3067E+00    0.2627E+00    0.3286E+00    0.3231E+00    0.3553E+00    0.4173E+00   -0.9990E+03   -0.9990E+03   -0.9990E+03   -0.9990E+03   -0.9990E+03   -0.9990E+03   -0.9990E+03   -0.9990E+03   -0.9990E+03   -0.9990E+03   -0.9990E+03   -0.9990E+03   -0.9990E+03   -0.9990E+03   -0.9990E+03   -0.9990E+03   -0.9990E+03   -0.9990E+03   -0.9990E+03   -0.9990E+03   -0.9990E+03   -0.9990E+03   -0.9990E+03   -0.9990E+03   -0.9990E+03   -0.9990E+03   -0.9990E+03   -0.9990E+03
   -0.9990E+03   -0.9990E+03   -0.9990E+03   -0.9990E+03   -0.9990E+03   -0.9990E+03   -0.9990E+03   -0.9990E+03   -0.9990E+03   -0.9990E+03   -0.9990E+03   -0.9990E+03   -0.9990E+03   -0.9990E+03   -0.9990E+03   -0.9990E+03   -0.9990E+03   -0.9990E+03   -0.9990E+03   -0.9990E+03   -0.9990E+03   -0.9990E+03   -0.9990E+03   -0.9990E+03   -0.9990E+03   -0.9990E+03   -0.9990E+03   -0.9990E+03   -0.9990E+03   -0.9990E+03   -0.9990E+03    0.1259E+00    0.2859E+00    0.2272E+00    0.1988E+00    0.2814E+00    0.2667E+00    0.2759E+00    0.2313E+00    0.2326E+00    0.2442E+00    0.2312E+00    0.3360E+00    0.3038E+00    0.5363E+00    0.4011E+00    0.4136E+00   -0.9990E+03   -0.9990E+03   -0.9990E+03   -0.9990E+03   -0.9990E+03   -0.9990E+03   -0.9990E+03   -0.9990E+03   -0.9990E+03   -0.9990E+03   -0.9990E+03   -0.9990E+03   -0.9990E+03   -0.9990E+03   -0.9990E+03   -0.9990E+03   -0.9990E+03   -0.9990E+03   -0.9990E+03   -0.9990E+03   -0.9990E+03   -0.9990E+03   -0.9990E+03   -0.9990E+03   -0.9990E+03   -0.9990E+03   -0.9990E+03   -0.9990E+03   -0.9990E+03
   -0.9990E+03   -0.9990E+03   -0.9990E+03   -0.9990E+03   -0.9990E+03   -0.9990E+03   -0.9990E+03   -0.9990E+03   -0.9990E+03   -0.9990E+03   -0.9990E+03   -0.9990E+03   -0.9990E+03   -0.9990E+03   -0.9990E+03   -0.9990E+03   -0.9990E+03   -0.9990E+03   -0.9990E+03   -0.9990E+03   -0.9990E+03   -0.9990E+03   -0.9990E+03   -0.9990E+03   -0.9990E+03   -0.9990E+03   -0.9990E+03   -0.9990E+03   -0.9990E+03   -0.9990E+03   -0.9990E+03   -0.9990E+03    0.3101E+00    0.1546E+00    0.1556E+00    0.2940E+00    0.2555E+00    0.2654E+00    0.2212E+00    0.2393E+00    0.3033E+00    0.3212E+00   -0.9990E+03   -0.9990E+03   -0.9990E+03   -0.9990E+03   -0.9990E+03   -0.9990E+03   -0.9990E+03   -0.9990E+03   -0.9990E+03   -0.9990E+03   -0.9990E+03   -0.9990E+03   -0.9990E+03   -0.9990E+03   -0.9990E+03   -0.9990E+03   -0.9990E+03   -0.9990E+03   -0.9990E+03   -0.9990E+03   -0.9990E+03   -0.9990E+03   -0.9990E+03   -0.9990E+03   -0.9990E+03   -0.9990E+03   -0.9990E+03   -0.9990E+03   -0.9990E+03   -0.9990E+03   -0.9990E+03   -0.9990E+03   -0.9990E+03   -0.9990E+03
   -0.9990E+03   -0.9990E+03   -0.9990E+03   -0.9990E+03   -0.9990E+03   -0.9990E+03   -0.9990E+03   -0.9990E+03   -0.9990E+03   -0.9990E+03   -0.9990E+03   -0.9990E+03   -0.9990E+03   -0.9990E+03   -0.9990E+03   -0.9990E+03   -0.9990E+03   -0.9990E+03   -0.9990E+03   -0.9990E+03   -0.9990E+03   -0.9990E+03   -0.9990E+03   -0.9990E+03   -0.9990E+03   -0.9990E+03   -0.9990E+03   -0.9990E+03   -0.9990E+03   -0.9990E+03   -0.9990E+03    0.8726E-01    0.2514E+00    0.1463E+00    0.2742E+00    0.2391E+00    0.2482E+00    0.2412E+00    0.2211E+00    0.2988E+00    0.3226E+00   -0.9990E+03   -0.9990E+03   -0.9990E+03   -0.9990E+03   -0.9990E+03   -0.9990E+03   -0.9990E+03   -0.9990E+03   -0.9990E+03   -0.9990E+03   -0.9990E+03   -0.9990E+03   -0.9990E+03   -0.9990E+03   -0.9990E+03   -0.9990E+03   -0.9990E+03   -0.9990E+03   -0.9990E+03   -0.9990E+03   -0.9990E+03   -0.9990E+03   -0.9990E+03   -0.9990E+03   -0.9990E+03   -0.9990E+03   -0.9990E+03   -0.9990E+03   -0.9990E+03   -0.9990E+03   -0.9990E+03   -0.9990E+03   -0.9990E+03   -0.9990E+03   -0.9990E+03
   -0.9990E+03   -0.9990E+03   -0.9990E+03   -0.9990E+03   -0.9990E+03   -0.9990E+03   -0.9990E+03   -0.9990E+03   -0.9990E+03   -0.9990E+03   -0.9990E+03   -0.9990E+03   -0.9990E+03   -0.9990E+03   -0.9990E+03   -0.9990E+03   -0.9990E+03   -0.9990E+03   -0.9990E+03   -0.9990E+03   -0.9990E+03   -0.9990E+03   -0.9990E+03   -0.9990E+03   -0.9990E+03   -0.9990E+03   -0.9990E+03   -0.9990E+03   -0.9990E+03   -0.9990E+03    0.1714E+00    0.2337E+00    0.2152E+00    0.1753E+00    0.2399E+00    0.2341E+00    0.2043E+00    0.2182E+00    0.2881E+00    0.2237E+00    0.2638E+00   -0.9990E+03   -0.9990E+03   -0.9990E+03   -0.9990E+03   -0.9990E+03   -0.9990E+03   -0.9990E+03   -0.9990E+03   -0.9990E+03   -0.9990E+03   -0.9990E+03   -0.9990E+03   -0.9990E+03   -0.9990E+03   -0.9990E+03   -0.9990E+03   -0.9990E+03   -0.9990E+03   -0.9990E+03   -0.9990E+03   -0.9990E+03   -0.9990E+03   -0.9990E+03   -0.9990E+03   -0.9990E+03   -0.9990E+03   -0.9990E+03   -0.9990E+03   -0.9990E+03   -0.9990E+03   -0.9990E+03   -0.9990E+03   -0.9990E+03   -0.9990E+03   -0.9990E+03
   -0.9990E+03   -0.9990E+03   -0.9990E+03   -0.9990E+03   -0.9990E+03   -0.9990E+03   -0.9990E+03   -0.9990E+03   -0.9990E+03   -0.9990E+03   -0.9990E+03   -0.9990E+03   -0.9990E+03   -0.9990E+03   -0.9990E+03   -0.9990E+03   -0.9990E+03   -0.9990E+03   -0.9990E+03   -0.9990E+03   -0.9990E+03   -0.9990E+03   -0.9990E+03   -0.9990E+03   -0.9990E+03   -0.9990E+03   -0.9990E+03   -0.9990E+03   -0.9990E+03    0.1703E+00    0.2111E+00    0.1790E+00    0.1593E+00    0.1651E+00    0.2511E+00    0.2084E+00    0.2112E+00    0.3007E+00    0.2005E+00    0.1975E+00    0.2339E+00   -0.9990E+03   -0.9990E+03   -0.9990E+03   -0.9990E+03   -0.9990E+03   -0.9990E+03   -0.9990E+03   -0.9990E+03   -0.9990E+03   -0.9990E+03   -0.9990E+03   -0.9990E+03   -0.9990E+03   -0.9990E+03   -0.9990E+03   -0.9990E+03   -0.9990E+03   -0.9990E+03   -0.9990E+03   -0.9990E+03   -0.9990E+03   -0.9990E+03   -0.9990E+03   -0.9990E+03   -0.9990E+03   -0.9990E+03   -0.9990E+03   -0.9990E+03   -0.9990E+03   -0.9990E+03   -0.9990E+03   -0.9990E+03   -0.9990E+03   -0.9990E+03   -0.9990E+03
   -0.9990E+03   -0.9990E+03   -0.9990E+03   -0.9990E+03   -0.9990E+03   -0.9990E+03   -0.9990E+03   -0.9990E+03   -0.9990E+03   -0.9990E+03   -0.9990E+03   -0.9990E+03   -0.9990E+03   -0.9990E+03   -0.9990E+03   -0.9990E+03   -0.9990E+03   -0.9990E+03   -0.9990E+03   -0.9990E+03   -0.9990E+03   -0.9990E+03   -0.9990E+03   -0.9990E+03   -0.9990E+03   -0.9990E+03   -0.9990E+03   -0.9990E+03   -0.9990E+03   -0.9990E+03   -0.9990E+03   -0.9990E+03    0.1027E+00    0.2219E+00    0.2316E+00    0.2047E+00    0.1906E+00    0.2293E+00    0.1820E+00    0.2317E+00    0.2378E+00   -0.9990E+03   -0.9990E+03   -0.9990E+03   -0.9990E+03   -0.9990E+03   -0.9990E+03   -0.9990E+03   -0.9990E+03   -0.9990E+03   -0.9990E+03   -0.9990E+03   -0.9990E+03   -0.9990E+03   -0.9990E+03   -0.9990E+03   -0.9990E+03   -0.9990E+03   -0.9990E+03   -0.9990E+03   -0.9990E+03   -0.9990E+03   -0.9990E+03   -0.9990E+03   -0.9990E+03   -0.9990E+03   -0.9990E+03   -0.9990E+03   -0.9990E+03   -0.9990E+03   -0.9990E+03   -0.9990E+03   -0.9990E+03   -0.9990E+03   -0.9990E+03   -0.9990E+03
   -0.9990E+03   -0.9990E+03   -0.9990E+03   -0.9990E+03   -0.9990E+03   -0.9990E+03   -0.9990E+03   -0.9990E+03   -0.9990E+03   -0.9990E+03   -0.9990E+03   -0.9990E+03   -0.9990E+03   -0.9990E+03   -0.9990E+03   -0.9990E+03   -0.9990E+03   -0.9990E+03   -0.9990E+03   -0.9990E+03   -0.9990E+03   -0.9990E+03   -0.9990E+03   -0.9990E+03   -0.9990E+03   -0.9990E+03   -0.9990E+03   -0.9990E+03    0.1122E+00    0.1906E+00   -0.9990E+03   -0.9990E+03    0.1019E+00    0.2119E+00    0.2085E+00    0.1924E+00    0.2083E+00    0.1788E+00    0.2231E+00    0.2029E+00   -0.9990E+03   -0.9990E+03   -0.9990E+03   -0.9990E+03   -0.9990E+03   -0.9990E+03   -0.9990E+03   -0.9990E+03   -0.9990E+03   -0.9990E+03   -0.9990E+03   -0.9990E+03   -0.9990E+03   -0.9990E+03   -0.9990E+03   -0.9990E+03   -0.9990E+03   -0.9990E+03   -0.9990E+03   -0.9990E+03   -0.9990E+03   -0.9990E+03   -0.9990E+03   -0.9990E+03   -0.9990E+03   -0.9990E+03   -0.9990E+03   -0.9990E+03   -0.9990E+03   -0.9990E+03   -0.9990E+03   -0.9990E+03   -0.9990E+03   -0.9990E+03   -0.9990E+03   -0.9990E+03
   -0.9990E+03   -0.9990E+03   -0.9990E+03   -0.9990E+03   -0.9990E+03   -0.9990E+03   -0.9990E+03   -0.9990E+03   -0.9990E+03   -0.9990E+03   -0.9990E+03   -0.9990E+03   -0.9990E+03   -0.9990E+03   -0.9990E+03   -0.9990E+03   -0.9990E+03   -0.9990E+03   -0.9990E+03   -0.9990E+03   -0.9990E+03   -0.9990E+03   -0.9990E+03   -0.9990E+03   -0.9990E+03   -0.9990E+03   -0.9990E+03   -0.9990E+03    0.1131E+00    0.1730E+00   -0.9990E+03   -0.9990E+03    0.1401E+00    0.1801E+00    0.2036E+00    0.1663E+00    0.1774E+00    0.1724E+00    0.1777E+00    0.2209E+00   -0.9990E+03   -0.9990E+03   -0.9990E+03   -0.9990E+03   -0.9990E+03   -0.9990E+03   -0.9990E+03   -0.9990E+03   -0.9990E+03   -0.9990E+03   -0.9990E+03   -0.9990E+03   -0.9990E+03   -0.9990E+03   -0.9990E+03   -0.9990E+03   -0.9990E+03   -0.9990E+03   -0.9990E+03   -0.9990E+03   -0.9990E+03   -0.9990E+03   -0.9990E+03   -0.9990E+03   -0.9990E+03   -0.9990E+03   -0.9990E+03   -0.9990E+03   -0.9990E+03   -0.9990E+03   -0.9990E+03   -0.9990E+03   -0.9990E+03   -0.9990E+03   -0.9990E+03   -0.9990E+03
   -0.9990E+03   -0.9990E+03   -0.9990E+03   -0.9990E+03   -0.9990E+03   -0.9990E+03   -0.9990E+03   -0.9990E+03   -0.9990E+03   -0.9990E+03   -0.9990E+03   -0.9990E+03   -0.9990E+03   -0.9990E+03   -0.9990E+03   -0.9990E+03   -0.9990E+03   -0.9990E+03   -0.9990E+03   -0.9990E+03   -0.9990E+03   -0.9990E+03   -0.9990E+03   -0.9990E+03   -0.9990E+03   -0.9990E+03   -0.9990E+03   -0.9990E+03   -0.9990E+03    0.1760E+00   -0.9990E+03   -0.9990E+03    0.1006E+00    0.1469E+00    0.1599E+00    0.1720E+00    0.2116E+00    0.2060E+00    0.2156E+00    0.2144E+00   -0.9990E+03   -0.9990E+03   -0.9990E+03   -0.9990E+03   -0.9990E+03   -0.9990E+03   -0.9990E+03   -0.9990E+03   -0.9990E+03   -0.9990E+03   -0.9990E+03   -0.9990E+03   -0.9990E+03   -0.9990E+03   -0.9990E+03   -0.9990E+03   -0.9990E+03   -0.9990E+03   -0.9990E+03   -0.9990E+03   -0.9990E+03   -0.9990E+03   -0.9990E+03   -0.9990E+03   -0.9990E+03   -0.9990E+03   -0.9990E+03   -0.9990E+03   -0.9990E+03   -0.9990E+03   -0.9990E+03   -0.9990E+03   -0.9990E+03   -0.9990E+03   -0.9990E+03   -0.9990E+03
   -0.9990E+03   -0.9990E+03   -0.9990E+03   -0.9990E+03   -0.9990E+03   -0.9990E+03   -0.9990E+03   -0.9990E+03   -0.9990E+03   -0.9990E+03   -0.9990E+03   -0.9990E+03   -0.9990E+03   -0.9990E+03   -0.9990E+03   -0.9990E+03   -0.9990E+03   -0.9990E+03   -0.9990E+03   -0.9990E+03   -0.9990E+03   -0.9990E+03   -0.9990E+03   -0.9990E+03   -0.9990E+03   -0.9990E+03   -0.9990E+03   -0.9990E+03   -0.9990E+03    0.1161E+00   -0.9990E+03   -0.9990E+03    0.8203E-01    0.1531E+00    0.1973E+00    0.1828E+00    0.1960E+00    0.2095E+00    0.1808E+00    0.1942E+00   -0.9990E+03   -0.9990E+03   -0.9990E+03   -0.9990E+03   -0.9990E+03   -0.9990E+03   -0.9990E+03   -0.9990E+03   -0.9990E+03   -0.9990E+03   -0.9990E+03   -0.9990E+03   -0.9990E+03   -0.9990E+03   -0.9990E+03   -0.9990E+03   -0.9990E+03   -0.9990E+03   -0.9990E+03   -0.9990E+03   -0.9990E+03   -0.9990E+03   -0.9990E+03   -0.9990E+03   -0.9990E+03   -0.9990E+03   -0.9990E+03   -0.9990E+03   -0.9990E+03   -0.9990E+03   -0.9990E+03   -0.9990E+03   -0.9990E+03   -0.9990E+03   -0.9990E+03   -0.9990E+03
   -0.9990E+03   -0.9990E+03   -0.9990E+03   -0.9990E+03   -0.9990E+03   -0.9990E+03   -0.9990E+03   -0.9990E+03   -0.9990E+03   -0.9990E+03   -0.9990E+03   -0.9990E+03   -0.9990E+03   -0.9990E+03   -0.9990E+03   -0.9990E+03   -0.9990E+03   -0.9990E+03   -0.9990E+03   -0.9990E+03   -0.9990E+03    0.1409E+00    0.3076E+00    0.3656E+00   -0.9990E+03   -0.9990E+03   -0.9990E+03   -0.9990E+03   -0.9990E+03    0.1078E+00   -0.9990E+03   -0.9990E+03    0.1217E+00    0.1705E+00    0.1717E+00    0.1732E+00    0.1884E+00    0.1923E+00    0.1749E+00    0.2048E+00   -0.9990E+03   -0.9990E+03   -0.9990E+03   -0.9990E+03   -0.9990E+03   -0.9990E+03   -0.9990E+03   -0.9990E+03   -0.9990E+03   -0.9990E+03   -0.9990E+03   -0.9990E+03   -0.9990E+03   -0.9990E+03   -0.9990E+03   -0.9990E+03   -0.9990E+03   -0.9990E+03   -0.9990E+03   -0.9990E+03   -0.9990E+03   -0.9990E+03   -0.9990E+03   -0.9990E+03   -0.9990E+03   -0.9990E+03   -0.9990E+03   -0.9990E+03   -0.9990E+03   -0.9990E+03   -0.9990E+03   -0.9990E+03   -0.9990E+03   -0.9990E+03   -0.9990E+03   -0.9990E+03
   -0.9990E+03   -0.9990E+03   -0.9990E+03   -0.9990E+03   -0.9990E+03   -0.9990E+03   -0.9990E+03   -0.9990E+03   -0.9990E+03   -0.9990E+03   -0.9990E+03   -0.9990E+03   -0.9990E+03   -0.9990E+03   -0.9990E+03   -0.9990E+03   -0.9990E+03   -0.9990E+03   -0.9990E+03   -0.9990E+03    0.1755E+00    0.1380E+00    0.1395E+00    0.2088E+00    0.1309E+00   -0.9990E+03   -0.9990E+03   -0.9990E+03   -0.9990E+03   -0.9990E+03   -0.9990E+03   -0.9990E+03    0.1458E+00    0.1654E+00    0.1860E+00    0.1946E+00    0.1871E+00    0.1654E+00    0.1776E+00    0.2129E+00   -0.9990E+03   -0.9990E+03   -0.9990E+03   -0.9990E+03   -0.9990E+03   -0.9990E+03   -0.9990E+03   -0.9990E+03   -0.9990E+03   -0.9990E+03   -0.9990E+03   -0.9990E+03   -0.9990E+03   -0.9990E+03   -0.9990E+03   -0.9990E+03   -0.9990E+03   -0.9990E+03   -0.9990E+03   -0.9990E+03   -0.9990E+03   -0.9990E+03   -0.9990E+03   -0.9990E+03   -0.9990E+03   -0.9990E+03   -0.9990E+03   -0.9990E+03   -0.9990E+03   -0.9990E+03   -0.9990E+03   -0.9990E+03   -0.9990E+03   -0.9990E+03   -0.9990E+03   -0.9990E+03
   -0.9990E+03   -0.9990E+03   -0.9990E+03   -0.9990E+03   -0.9990E+03   -0.9990E+03   -0.9990E+03   -0.9990E+03   -0.9990E+03   -0.9990E+03   -0.9990E+03   -0.9990E+03   -0.9990E+03   -0.9990E+03   -0.9990E+03   -0.9990E+03   -0.9990E+03   -0.9990E+03   -0.9990E+03   -0.9990E+03    0.2499E+00    0.2272E+00    0.1530E+00    0.5940E-01    0.5641E-01    0.6178E-01   -0.9990E+03   -0.9990E+03    0.1262E+00    0.1607E+00   -0.9990E+03    0.1444E+00    0.1530E+00    0.1975E+00    0.1844E+00    0.1890E+00    0.1773E+00    0.1708E+00    0.1937E+00    0.1907E+00   -0.9990E+03   -0.9990E+03   -0.9990E+03   -0.9990E+03   -0.9990E+03   -0.9990E+03   -0.9990E+03   -0.9990E+03   -0.9990E+03   -0.9990E+03   -0.9990E+03   -0.9990E+03   -0.9990E+03   -0.9990E+03   -0.9990E+03   -0.9990E+03   -0.9990E+03   -0.9990E+03   -0.9990E+03   -0.9990E+03   -0.9990E+03   -0.9990E+03   -0.9990E+03   -0.9990E+03   -0.9990E+03   -0.9990E+03   -0.9990E+03   -0.9990E+03   -0.9990E+03   -0.9990E+03   -0.9990E+03   -0.9990E+03   -0.9990E+03   -0.9990E+03   -0.9990E+03   -0.9990E+03
   -0.9990E+03   -0.9990E+03   -0.9990E+03   -0.9990E+03   -0.9990E+03   -0.9990E+03   -0.9990E+03   -0.9990E+03   -0.9990E+03   -0.9990E+03   -0.9990E+03   -0.9990E+03   -0.9990E+03   -0.9990E+03   -0.9990E+03   -0.9990E+03   -0.9990E+03   -0.9990E+03   -0.9990E+03   -0.9990E+03    0.1315E+00    0.1339E+00    0.1552E+00    0.1458E+00    0.5397E-01    0.1086E+00    0.1114E+00    0.1157E+00    0.1039E+00    0.1630E+00    0.1692E+00    0.1518E+00    0.1697E+00    0.2195E+00    0.1857E+00    0.1733E+00    0.1606E+00    0.1651E+00    0.1750E+00    0.1981E+00   -0.9990E+03   -0.9990E+03   -0.9990E+03   -0.9990E+03   -0.9990E+03   -0.9990E+03   -0.9990E+03   -0.9990E+03   -0.9990E+03   -0.9990E+03   -0.9990E+03   -0.9990E+03   -0.9990E+03   -0.9990E+03   -0.9990E+03   -0.9990E+03   -0.9990E+03   -0.9990E+03   -0.9990E+03   -0.9990E+03   -0.9990E+03   -0.9990E+03   -0.9990E+03   -0.9990E+03   -0.9990E+03   -0.9990E+03   -0.9990E+03   -0.9990E+03   -0.9990E+03   -0.9990E+03   -0.9990E+03   -0.9990E+03   -0.9990E+03   -0.9990E+03   -0.9990E+03   -0.9990E+03
   -0.9990E+03   -0.9990E+03   -0.9990E+03   -0.9990E+03   -0.9990E+03   -0.9990E+03   -0.9990E+03   -0.9990E+03   -0.9990E+03   -0.9990E+03   -0.9990E+03   -0.9990E+03   -0.9990E+03   -0.9990E+03   -0.9990E+03   -0.9990E+03   -0.9990E+03   -0.9990E+03   -0.9990E+03    0.2655E+00    0.2171E+00    0.1857E+00    0.2378E+00    0.5161E-01    0.9001E-01    0.1832E+00    0.1829E+00    0.1074E+00    0.1711E+00    0.1618E+00    0.1652E+00    0.1557E+00    0.1738E+00    0.1651E+00    0.1538E+00    0.1545E+00    0.1843E+00    0.1733E+00    0.2010E+00   -0.9990E+03   -0.9990E+03   -0.9990E+03   -0.9990E+03   -0.9990E+03   -0.9990E+03   -0.9990E+03   -0.9990E+03   -0.9990E+03   -0.9990E+03   -0.9990E+03   -0.9990E+03   -0.9990E+03   -0.9990E+03   -0.9990E+03   -0.9990E+03   -0.9990E+03   -0.9990E+03   -0.9990E+03   -0.9990E+03   -0.9990E+03   -0.9990E+03   -0.9990E+03   -0.9990E+03   -0.9990E+03   -0.9990E+03   -0.9990E+03   -0.9990E+03   -0.9990E+03   -0.9990E+03   -0.9990E+03   -0.9990E+03   -0.9990E+03   -0.9990E+03   -0.9990E+03   -0.9990E+03   -0.9990E+03
   -0.9990E+03   -0.9990E+03   -0.9990E+03   -0.9990E+03   -0.9990E+03   -0.9990E+03   -0.9990E+03   -0.9990E+03   -0.9990E+03   -0.9990E+03   -0.9990E+03   -0.9990E+03   -0.9990E+03   -0.9990E+03   -0.9990E+03   -0.9990E+03   -0.9990E+03   -0.9990E+03   -0.9990E+03    0.3460E+00    0.2188E+00    0.2419E+00    0.1919E+00    0.1372E+00    0.3854E-01    0.1643E+00    0.1684E+00    0.1633E+00    0.1619E+00    0.1542E+00    0.2323E-01    0.1555E+00    0.1639E+00    0.1634E+00    0.2021E+00    0.1909E+00    0.2092E+00    0.1937E+00   -0.9990E+03   -0.9990E+03   -0.9990E+03   -0.9990E+03   -0.9990E+03   -0.9990E+03   -0.9990E+03   -0.9990E+03   -0.9990E+03   -0.9990E+03   -0.9990E+03   -0.9990E+03   -0.9990E+03   -0.9990E+03   -0.9990E+03   -0.9990E+03   -0.9990E+03   -0.9990E+03   -0.9990E+03   -0.9990E+03   -0.9990E+03   -0.9990E+03   -0.9990E+03   -0.9990E+03   -0.9990E+03   -0.9990E+03   -0.9990E+03   -0.9990E+03   -0.9990E+03   -0.9990E+03   -0.9990E+03   -0.9990E+03   -0.9990E+03   -0.9990E+03   -0.9990E+03   -0.9990E+03   -0.9990E+03   -0.9990E+03
   -0.9990E+03   -0.9990E+03   -0.9990E+03   -0.9990E+03   -0.9990E+03   -0.9990E+03   -0.9990E+03   -0.9990E+03   -0.9990E+03   -0.9990E+03   -0.9990E+03   -0.9990E+03   -0.9990E+03   -0.9990E+03   -0.9990E+03   -0.9990E+03   -0.9990E+03   -0.9990E+03   -0.9990E+03    0.4464E+00    0.2439E+00    0.1263E+00    0.6224E-01    0.3436E+00    0.4460E-01    0.1413E+00    0.1732E+00    0.1728E+00    0.1633E+00    0.1592E+00    0.1531E+00    0.1617E+00    0.1661E+00    0.1661E+00    0.1942E+00    0.2140E+00    0.1715E+00    0.1911E+00   -0.9990E+03   -0.9990E+03   -0.9990E+03   -0.9990E+03   -0.9990E+03   -0.9990E+03   -0.9990E+03   -0.9990E+03   -0.9990E+03   -0.9990E+03   -0.9990E+03   -0.9990E+03   -0.9990E+03   -0.9990E+03   -0.9990E+03   -0.9990E+03   -0.9990E+03   -0.9990E+03   -0.9990E+03   -0.9990E+03   -0.9990E+03   -0.9990E+03   -0.9990E+03   -0.9990E+03   -0.9990E+03   -0.9990E+03   -0.9990E+03   -0.9990E+03   -0.9990E+03   -0.9990E+03   -0.9990E+03   -0.9990E+03   -0.9990E+03   -0.9990E+03   -0.9990E+03   -0.9990E+03   -0.9990E+03   -0.9990E+03
   -0.9990E+03   -0.9990E+03   -0.9990E+03   -0.9990E+03   -0.9990E+03   -0.9990E+03   -0.9990E+03   -0.9990E+03   -0.9990E+03   -0.9990E+03   -0.9990E+03   -0.9990E+03   -0.9990E+03   -0.9990E+03   -0.9990E+03   -0.9990E+03   -0.9990E+03   -0.9990E+03   -0.9990E+03   -0.9990E+03    0.3427E+00    0.1211E+00    0.1093E+00    0.4770E-01    0.1037E+00    0.1687E+00    0.1778E+00    0.1682E+00    0.1650E+00    0.1659E+00    0.1738E+00    0.1836E+00    0.1694E+00    0.1771E+00    0.1789E+00    0.1619E+00    0.1777E+00    0.1886E+00   -0.9990E+03   -0.9990E+03   -0.9990E+03   -0.9990E+03   -0.9990E+03   -0.9990E+03   -0.9990E+03   -0.9990E+03   -0.9990E+03   -0.9990E+03   -0.9990E+03   -0.9990E+03   -0.9990E+03   -0.9990E+03   -0.9990E+03   -0.9990E+03   -0.9990E+03   -0.9990E+03   -0.9990E+03   -0.9990E+03   -0.9990E+03   -0.9990E+03   -0.9990E+03   -0.9990E+03   -0.9990E+03   -0.9990E+03   -0.9990E+03   -0.9990E+03   -0.9990E+03   -0.9990E+03   -0.9990E+03   -0.9990E+03   -0.9990E+03   -0.9990E+03   -0.9990E+03   -0.9990E+03   -0.9990E+03   -0.9990E+03
   -0.9990E+03   -0.9990E+03   -0.9990E+03   -0.9990E+03   -0.9990E+03   -0.9990E+03   -0.9990E+03   -0.9990E+03   -0.9990E+03   -0.9990E+03   -0.9990E+03   -0.9990E+03   -0.9990E+03   -0.9990E+03   -0.9990E+03   -0.9990E+03   -0.9990E+03   -0.9990E+03   -0.9990E+03   -0.9990E+03   -0.9990E+03    0.1063E+00    0.1964E+00    0.1822E+00    0.1672E+00    0.1730E+00    0.1707E+00    0.1684E+00    0.1707E+00    0.1732E+00    0.1706E+00    0.1706E+00    0.1713E+00    0.1685E+00    0.1664E+00    0.1864E+00    0.1813E+00    0.1927E+00   -0.9990E+03   -0.9990E+03   -0.9990E+03   -0.9990E+03   -0.9990E+03   -0.9990E+03   -0.9990E+03   -0.9990E+03   -0.9990E+03   -0.9990E+03   -0.9990E+03   -0.9990E+03   -0.9990E+03   -0.9990E+03   -0.9990E+03   -0.9990E+03   -0.9990E+03   -0.9990E+03   -0.9990E+03   -0.9990E+03   -0.9990E+03   -0.9990E+03   -0.9990E+03   -0.9990E+03   -0.9990E+03   -0.9990E+03   -0.9990E+03   -0.9990E+03   -0.9990E+03   -0.9990E+03   -0.9990E+03   -0.9990E+03   -0.9990E+03   -0.9990E+03   -0.9990E+03   -0.9990E+03   -0.9990E+03   -0.9990E+03
   -0.9990E+03   -0.9990E+03   -0.9990E+03   -0.9990E+03   -0.9990E+03   -0.9990E+03   -0.9990E+03   -0.9990E+03   -0.9990E+03   -0.9990E+03   -0.9990E+03   -0.9990E+03   -0.9990E+03   -0.9990E+03   -0.9990E+03   -0.9990E+03   -0.9990E+03   -0.9990E+03   -0.9990E+03   -0.9990E+03   -0.9990E+03    0.1168E+00    0.1791E+00    0.1870E+00    0.1779E+00    0.1698E+00    0.1706E+00    0.1688E+00    0.1775E+00    0.1771E+00    0.1754E+00    0.1778E+00    0.1815E+00    0.1790E+00    0.1759E+00    0.1990E+00   -0.9990E+03   -0.9990E+03   -0.9990E+03   -0.9990E+03   -0.9990E+03   -0.9990E+03   -0.9990E+03   -0.9990E+03   -0.9990E+03   -0.9990E+03   -0.9990E+03   -0.9990E+03   -0.9990E+03   -0.9990E+03   -0.9990E+03   -0.9990E+03   -0.9990E+03   -0.9990E+03   -0.9990E+03   -0.9990E+03   -0.9990E+03   -0.9990E+03   -0.9990E+03   -0.9990E+03   -0.9990E+03   -0.9990E+03   -0.9990E+03   -0.9990E+03   -0.9990E+03   -0.9990E+03   -0.9990E+03   -0.9990E+03   -0.9990E+03   -0.9990E+03   -0.9990E+03   -0.9990E+03   -0.9990E+03   -0.9990E+03   -0.9990E+03   -0.9990E+03
   -0.9990E+03   -0.9990E+03   -0.9990E+03   -0.9990E+03   -0.9990E+03   -0.9990E+03   -0.9990E+03   -0.9990E+03   -0.9990E+03   -0.9990E+03   -0.9990E+03   -0.9990E+03   -0.9990E+03   -0.9990E+03   -0.9990E+03   -0.9990E+03   -0.9990E+03   -0.9990E+03   -0.9990E+03   -0.9990E+03   -0.9990E+03    0.1043E+00    0.1809E+00    0.1748E+00    0.1703E+00    0.1762E+00    0.1808E+00    0.1826E+00    0.1799E+00    0.1775E+00    0.1757E+00    0.1778E+00    0.1738E+00    0.1811E+00    0.1904E+00    0.1973E+00   -0.9990E+03   -0.9990E+03   -0.9990E+03   -0.9990E+03   -0.9990E+03   -0.9990E+03   -0.9990E+03   -0.9990E+03   -0.9990E+03   -0.9990E+03   -0.9990E+03   -0.9990E+03   -0.9990E+03   -0.9990E+03   -0.9990E+03   -0.9990E+03   -0.9990E+03   -0.9990E+03   -0.9990E+03   -0.9990E+03   -0.9990E+03   -0.9990E+03   -0.9990E+03   -0.9990E+03   -0.9990E+03   -0.9990E+03   -0.9990E+03   -0.9990E+03   -0.9990E+03   -0.9990E+03   -0.9990E+03   -0.9990E+03   -0.9990E+03   -0.9990E+03   -0.9990E+03   -0.9990E+03   -0.9990E+03   -0.9990E+03   -0.9990E+03   -0.9990E+03
   -0.9990E+03   -0.9990E+03   -0.9990E+03   -0.9990E+03   -0.9990E+03   -0.9990E+03   -0.9990E+03   -0.9990E+03   -0.9990E+03   -0.9990E+03   -0.9990E+03   -0.9990E+03   -0.9990E+03   -0.9990E+03   -0.9990E+03   -0.9990E+03   -0.9990E+03   -0.9990E+03   -0.9990E+03   -0.9990E+03   -0.9990E+03    0.1901E+00    0.1450E+00    0.1741E+00    0.1825E+00    0.1842E+00    0.1850E+00    0.1838E+00    0.1837E+00    0.1836E+00    0.1835E+00    0.1864E+00    0.1801E+00    0.1772E+00    0.1965E+00   -0.9990E+03   -0.9990E+03   -0.9990E+03   -0.9990E+03   -0.9990E+03   -0.9990E+03   -0.9990E+03   -0.9990E+03   -0.9990E+03   -0.9990E+03   -0.9990E+03   -0.9990E+03   -0.9990E+03   -0.9990E+03   -0.9990E+03   -0.9990E+03   -0.9990E+03   -0.9990E+03   -0.9990E+03   -0.9990E+03   -0.9990E+03   -0.9990E+03   -0.9990E+03   -0.9990E+03   -0.9990E+03   -0.9990E+03   -0.9990E+03   -0.9990E+03   -0.9990E+03   -0.9990E+03   -0.9990E+03   -0.9990E+03   -0.9990E+03   -0.9990E+03   -0.9990E+03   -0.9990E+03   -0.9990E+03   -0.9990E+03   -0.9990E+03   -0.9990E+03   -0.9990E+03
   -0.9990E+03   -0.9990E+03   -0.9990E+03   -0.9990E+03   -0.9990E+03   -0.9990E+03   -0.9990E+03   -0.9990E+03   -0.9990E+03   -0.9990E+03   -0.9990E+03   -0.9990E+03   -0.9990E+03   -0.9990E+03   -0.9990E+03   -0.9990E+03   -0.9990E+03   -0.9990E+03   -0.9990E+03   -0.9990E+03    0.2026E+00    0.1854E+00    0.1691E+00    0.1874E+00    0.1887E+00    0.1872E+00    0.1855E+00    0.1834E+00    0.1820E+00    0.1821E+00    0.1811E+00    0.1819E+00    0.1871E+00    0.1808E+00    0.1927E+00   -0.9990E+03   -0.9990E+03   -0.9990E+03   -0.9990E+03   -0.9990E+03   -0.9990E+03   -0.9990E+03   -0.9990E+03   -0.9990E+03   -0.9990E+03   -0.9990E+03   -0.9990E+03   -0.9990E+03   -0.9990E+03   -0.9990E+03   -0.9990E+03   -0.9990E+03   -0.9990E+03   -0.9990E+03   -0.9990E+03   -0.9990E+03   -0.9990E+03   -0.9990E+03   -0.9990E+03   -0.9990E+03   -0.9990E+03   -0.9990E+03   -0.9990E+03   -0.9990E+03   -0.9990E+03   -0.9990E+03   -0.9990E+03   -0.9990E+03   -0.9990E+03   -0.9990E+03   -0.9990E+03   -0.9990E+03   -0.9990E+03   -0.9990E+03   -0.9990E+03   -0.9990E+03
   -0.9990E+03   -0.9990E+03   -0.9990E+03   -0.9990E+03   -0.9990E+03   -0.9990E+03   -0.9990E+03   -0.9990E+03   -0.9990E+03   -0.9990E+03   -0.9990E+03   -0.9990E+03   -0.9990E+03   -0.9990E+03   -0.9990E+03   -0.9990E+03   -0.9990E+03   -0.9990E+03    0.9138E-01    0.2032E+00    0.1801E+00    0.1658E+00    0.1854E+00    0.1904E+00    0.1922E+00    0.1907E+00    0.1874E+00    0.1880E+00    0.1884E+00    0.1836E+00    0.1919E+00    0.1808E+00    0.1783E+00    0.1782E+00    0.1844E+00   -0.9990E+03   -0.9990E+03   -0.9990E+03   -0.9990E+03   -0.9990E+03   -0.9990E+03   -0.9990E+03   -0.9990E+03   -0.9990E+03   -0.9990E+03   -0.9990E+03   -0.9990E+03   -0.9990E+03   -0.9990E+03   -0.9990E+03   -0.9990E+03   -0.9990E+03   -0.9990E+03   -0.9990E+03   -0.9990E+03   -0.9990E+03   -0.9990E+03   -0.9990E+03   -0.9990E+03   -0.9990E+03   -0.9990E+03   -0.9990E+03   -0.9990E+03   -0.9990E+03   -0.9990E+03   -0.9990E+03   -0.9990E+03   -0.9990E+03   -0.9990E+03   -0.9990E+03   -0.9990E+03   -0.9990E+03   -0.9990E+03   -0.9990E+03   -0.9990E+03   -0.9990E+03
   -0.9990E+03   -0.9990E+03   -0.9990E+03   -0.9990E+03   -0.9990E+03   -0.9990E+03   -0.9990E+03   -0.9990E+03   -0.9990E+03   -0.9990E+03   -0.9990E+03   -0.9990E+03   -0.9990E+03   -0.9990E+03   -0.9990E+03   -0.9990E+03   -0.9990E+03   -0.9990E+03    0.7740E-01    0.2149E+00    0.1719E+00    0.1894E+00    0.1962E+00    0.1952E+00    0.1890E+00    0.1881E+00    0.1872E+00    0.1868E+00    0.1904E+00    0.1874E+00    0.1849E+00    0.1930E+00    0.1895E+00    0.1788E+00    0.2010E+00   -0.9990E+03   -0.9990E+03   -0.9990E+03   -0.9990E+03   -0.9990E+03   -0.9990E+03   -0.9990E+03   -0.9990E+03   -0.9990E+03   -0.9990E+03   -0.9990E+03   -0.9990E+03   -0.9990E+03   -0.9990E+03   -0.9990E+03   -0.9990E+03   -0.9990E+03   -0.9990E+03   -0.9990E+03   -0.9990E+03   -0.9990E+03   -0.9990E+03   -0.9990E+03   -0.9990E+03   -0.9990E+03   -0.9990E+03   -0.9990E+03   -0.9990E+03   -0.9990E+03   -0.9990E+03   -0.9990E+03   -0.9990E+03   -0.9990E+03   -0.9990E+03   -0.9990E+03   -0.9990E+03   -0.9990E+03   -0.9990E+03   -0.9990E+03   -0.9990E+03   -0.9990E+03
   -0.9990E+03   -0.9990E+03   -0.9990E+03   -0.9990E+03   -0.9990E+03   -0.9990E+03   -0.9990E+03   -0.9990E+03   -0.9990E+03   -0.9990E+03   -0.9990E+03   -0.9990E+03   -0.9990E+03   -0.9990E+03   -0.9990E+03    0.2082E+00    0.2186E+00    0.2180E+00    0.2181E+00    0.1828E+00    0.1893E+00    0.2001E+00    0.1951E+00    0.1964E+00    0.1920E+00    0.1899E+00    0.1882E+00    0.1867E+00    0.1892E+00    0.1883E+00    0.1820E+00    0.1840E+00    0.1842E+00    0.1977E+00   -0.9990E+03   -0.9990E+03   -0.9990E+03   -0.9990E+03   -0.9990E+03   -0.9990E+03   -0.9990E+03   -0.9990E+03   -0.9990E+03   -0.9990E+03   -0.9990E+03   -0.9990E+03   -0.9990E+03   -0.9990E+03   -0.9990E+03   -0.9990E+03   -0.9990E+03   -0.9990E+03   -0.9990E+03   -0.9990E+03   -0.9990E+03   -0.9990E+03   -0.9990E+03   -0.9990E+03   -0.9990E+03   -0.9990E+03   -0.9990E+03   -0.9990E+03   -0.9990E+03   -0.9990E+03   -0.9990E+03   -0.9990E+03   -0.9990E+03   -0.9990E+03   -0.9990E+03   -0.9990E+03   -0.9990E+03   -0.9990E+03   -0.9990E+03   -0.9990E+03   -0.9990E+03   -0.9990E+03
   -0.9990E+03   -0.9990E+03   -0.9990E+03   -0.9990E+03   -0.9990E+03   -0.9990E+03   -0.9990E+03   -0.9990E+03   -0.9990E+03   -0.9990E+03   -0.9990E+03   -0.9990E+03   -0.9990E+03    0.2257E+00    0.2091E+00    0.2091E+00    0.2025E+00    0.2031E+00    0.1926E+00    0.1960E+00    0.2130E+00    0.1965E+00    0.1991E+00    0.1914E+00    0.1954E+00    0.1949E+00    0.1928E+00    0.1884E+00    0.1893E+00    0.1920E+00    0.1862E+00    0.1822E+00    0.1899E+00   -0.9990E+03   -0.9990E+03   -0.9990E+03   -0.9990E+03   -0.9990E+03   -0.9990E+03   -0.9990E+03   -0.9990E+03   -0.9990E+03   -0.9990E+03   -0.9990E+03   -0.9990E+03   -0.9990E+03   -0.9990E+03   -0.9990E+03   -0.9990E+03   -0.9990E+03   -0.9990E+03   -0.9990E+03   -0.9990E+03   -0.9990E+03   -0.9990E+03   -0.9990E+03   -0.9990E+03   -0.9990E+03   -0.9990E+03   -0.9990E+03   -0.9990E+03   -0.9990E+03   -0.9990E+03   -0.9990E+03   -0.9990E+03   -0.9990E+03   -0.9990E+03   -0.9990E+03   -0.9990E+03   -0.9990E+03   -0.9990E+03   -0.9990E+03   -0.9990E+03   -0.9990E+03   -0.9990E+03   -0.9990E+03
   -0.9990E+03   -0.9990E+03   -0.9990E+03   -0.9990E+03   -0.9990E+03   -0.9990E+03   -0.9990E+03   -0.9990E+03   -0.9990E+03   -0.9990E+03    0.2113E+00    0.2158E+00    0.2223E+00    0.2039E+00    0.1997E+00    0.1886E+00    0.1759E+00    0.1775E+00    0.2049E+00    0.2119E+00    0.2076E+00    0.2022E+00    0.1915E+00    0.1922E+00    0.1901E+00    0.1969E+00    0.1944E+00    0.1952E+00    0.1879E+00    0.1936E+00    0.1924E+00    0.1959E+00    0.1902E+00   -0.9990E+03   -0.9990E+03   -0.9990E+03   -0.9990E+03   -0.9990E+03   -0.9990E+03   -0.9990E+03   -0.9990E+03   -0.9990E+03   -0.9990E+03   -0.9990E+03   -0.9990E+03   -0.9990E+03   -0.9990E+03   -0.9990E+03   -0.9990E+03   -0.9990E+03   -0.9990E+03   -0.9990E+03   -0.9990E+03   -0.9990E+03   -0.9990E+03   -0.9990E+03   -0.9990E+03   -0.9990E+03   -0.9990E+03   -0.9990E+03   -0.9990E+03   -0.9990E+03   -0.9990E+03   -0.9990E+03   -0.9990E+03   -0.9990E+03   -0.9990E+03   -0.9990E+03   -0.9990E+03   -0.9990E+03   -0.9990E+03   -0.9990E+03   -0.9990E+03   -0.9990E+03   -0.9990E+03   -0.9990E+03
   -0.9990E+03   -0.9990E+03   -0.9990E+03   -0.9990E+03   -0.9990E+03   -0.9990E+03   -0.9990E+03   -0.9990E+03   -0.9990E+03   -0.9990E+03    0.1924E+00    0.1927E+00    0.1987E+00    0.1694E+00    0.1545E+00    0.1657E+00    0.2027E+00    0.2059E+00    0.2067E+00    0.1986E+00    0.1999E+00    0.1971E+00    0.1975E+00    0.1914E+00    0.1909E+00    0.1879E+00    0.1974E+00    0.1952E+00    0.1970E+00   -0.9990E+03   -0.9990E+03   -0.9990E+03   -0.9990E+03   -0.9990E+03   -0.9990E+03   -0.9990E+03   -0.9990E+03   -0.9990E+03   -0.9990E+03   -0.9990E+03   -0.9990E+03   -0.9990E+03   -0.9990E+03   -0.9990E+03   -0.9990E+03   -0.9990E+03   -0.9990E+03   -0.9990E+03   -0.9990E+03   -0.9990E+03   -0.9990E+03   -0.9990E+03   -0.9990E+03   -0.9990E+03   -0.9990E+03   -0.9990E+03   -0.9990E+03   -0.9990E+03   -0.9990E+03   -0.9990E+03   -0.9990E+03   -0.9990E+03   -0.9990E+03   -0.9990E+03   -0.9990E+03   -0.9990E+03   -0.9990E+03   -0.9990E+03   -0.9990E+03   -0.9990E+03   -0.9990E+03   -0.9990E+03   -0.9990E+03   -0.9990E+03   -0.9990E+03   -0.9990E+03
   -0.9990E+03   -0.9990E+03   -0.9990E+03   -0.9990E+03   -0.9990E+03   -0.9990E+03   -0.9990E+03    0.2084E+00    0.2185E+00    0.2067E+00    0.8961E-01    0.1497E+00    0.1486E+00    0.2035E+00    0.2148E+00    0.1964E+00    0.2010E+00    0.2031E+00    0.1916E+00    0.1862E+00    0.1917E+00    0.1940E+00    0.1924E+00    0.1902E+00    0.1868E+00    0.1860E+00   -0.9990E+03   -0.9990E+03   -0.9990E+03   -0.9990E+03   -0.9990E+03   -0.9990E+03   -0.9990E+03   -0.9990E+03   -0.9990E+03   -0.9990E+03   -0.9990E+03   -0.9990E+03   -0.9990E+03   -0.9990E+03   -0.9990E+03   -0.9990E+03   -0.9990E+03   -0.9990E+03   -0.9990E+03   -0.9990E+03   -0.9990E+03   -0.9990E+03   -0.9990E+03   -0.9990E+03   -0.9990E+03   -0.9990E+03   -0.9990E+03   -0.9990E+03   -0.9990E+03   -0.9990E+03   -0.9990E+03   -0.9990E+03   -0.9990E+03   -0.9990E+03   -0.9990E+03   -0.9990E+03   -0.9990E+03   -0.9990E+03   -0.9990E+03   -0.9990E+03   -0.9990E+03   -0.9990E+03   -0.9990E+03   -0.9990E+03   -0.9990E+03   -0.9990E+03   -0.9990E+03   -0.9990E+03   -0.9990E+03   -0.9990E+03
   -0.9990E+03   -0.9990E+03    0.1898E+00    0.2009E+00    0.6887E-01    0.2044E+00    0.1955E+00    0.1492E+00    0.1513E+00    0.9210E-01    0.1139E+00    0.4937E-01    0.7225E-01    0.7133E-01    0.7836E-01    0.4537E-01    0.5884E-01    0.1939E+00    0.1952E+00    0.1966E+00    0.1939E+00    0.1916E+00    0.1913E+00    0.1892E+00   -0.9990E+03   -0.9990E+03   -0.9990E+03   -0.9990E+03   -0.9990E+03   -0.9990E+03   -0.9990E+03   -0.9990E+03   -0.9990E+03   -0.9990E+03   -0.9990E+03   -0.9990E+03   -0.9990E+03   -0.9990E+03   -0.9990E+03   -0.9990E+03   -0.9990E+03   -0.9990E+03   -0.9990E+03   -0.9990E+03   -0.9990E+03   -0.9990E+03   -0.9990E+03   -0.9990E+03   -0.9990E+03   -0.9990E+03   -0.9990E+03   -0.9990E+03   -0.9990E+03   -0.9990E+03   -0.9990E+03   -0.9990E+03   -0.9990E+03   -0.9990E+03   -0.9990E+03   -0.9990E+03   -0.9990E+03   -0.9990E+03   -0.9990E+03   -0.9990E+03   -0.9990E+03   -0.9990E+03   -0.9990E+03   -0.9990E+03   -0.9990E+03   -0.9990E+03   -0.9990E+03   -0.9990E+03   -0.9990E+03   -0.9990E+03   -0.9990E+03   -0.9990E+03
   -0.9990E+03   -0.9990E+03    0.2098E+00    0.1918E+00    0.1963E+00    0.1761E+00    0.7854E-01    0.8853E-01    0.1592E+00    0.1852E+00    0.7106E-01    0.6891E-01    0.2043E+00    0.1558E+00    0.1458E+00    0.5915E-01    0.1927E+00    0.1929E+00    0.1988E+00    0.1976E+00    0.1939E+00    0.1916E+00   -0.9990E+03   -0.9990E+03   -0.9990E+03   -0.9990E+03   -0.9990E+03   -0.9990E+03   -0.9990E+03   -0.9990E+03   -0.9990E+03   -0.9990E+03   -0.9990E+03   -0.9990E+03   -0.9990E+03   -0.9990E+03   -0.9990E+03   -0.9990E+03   -0.9990E+03   -0.9990E+03   -0.9990E+03   -0.9990E+03   -0.9990E+03   -0.9990E+03   -0.9990E+03   -0.9990E+03   -0.9990E+03   -0.9990E+03   -0.9990E+03   -0.9990E+03   -0.9990E+03   -0.9990E+03   -0.9990E+03   -0.9990E+03   -0.9990E+03   -0.9990E+03   -0.9990E+03   -0.9990E+03   -0.9990E+03   -0.9990E+03   -0.9990E+03   -0.9990E+03   -0.9990E+03   -0.9990E+03   -0.9990E+03   -0.9990E+03   -0.9990E+03   -0.9990E+03   -0.9990E+03   -0.9990E+03   -0.9990E+03   -0.9990E+03   -0.9990E+03   -0.9990E+03   -0.9990E+03   -0.9990E+03
   -0.9990E+03    0.1925E+00    0.1793E+00    0.1874E+00    0.1745E+00    0.1069E+00    0.1025E+00    0.1645E+00    0.2061E+00    0.1947E+00    0.2045E+00    0.9964E-01    0.2108E+00    0.2019E+00    0.1917E+00    0.1884E+00    0.2011E+00    0.1978E+00   -0.9990E+03   -0.9990E+03   -0.9990E+03   -0.9990E+03   -0.9990E+03   -0.9990E+03   -0.9990E+03   -0.9990E+03   -0.9990E+03   -0.9990E+03   -0.9990E+03   -0.9990E+03   -0.9990E+03   -0.9990E+03   -0.9990E+03   -0.9990E+03   -0.9990E+03   -0.9990E+03   -0.9990E+03   -0.9990E+03   -0.9990E+03   -0.9990E+03   -0.9990E+03   -0.9990E+03   -0.9990E+03   -0.9990E+03   -0.9990E+03   -0.9990E+03   -0.9990E+03   -0.9990E+03   -0.9990E+03   -0.9990E+03   -0.9990E+03   -0.9990E+03   -0.9990E+03   -0.9990E+03   -0.9990E+03   -0.9990E+03   -0.9990E+03   -0.9990E+03   -0.9990E+03   -0.9990E+03   -0.9990E+03   -0.9990E+03   -0.9990E+03   -0.9990E+03   -0.9990E+03   -0.9990E+03   -0.9990E+03   -0.9990E+03   -0.9990E+03   -0.9990E+03   -0.9990E+03   -0.9990E+03   -0.9990E+03   -0.9990E+03   -0.9990E+03   -0.9990E+03
    0.1898E+00    0.1823E+00    0.1715E+00    0.1590E+00    0.1437E+00    0.1616E+00    0.2265E+00    0.2099E+00    0.1980E+00    0.2033E+00    0.2011E+00    0.1910E+00    0.1985E+00   -0.9990E+03   -0.9990E+03   -0.9990E+03   -0.9990E+03   -0.9990E+03   -0.9990E+03   -0.9990E+03   -0.9990E+03   -0.9990E+03   -0.9990E+03   -0.9990E+03   -0.9990E+03   -0.9990E+03   -0.9990E+03   -0.9990E+03   -0.9990E+03   -0.9990E+03   -0.9990E+03   -0.9990E+03   -0.9990E+03   -0.9990E+03   -0.9990E+03   -0.9990E+03   -0.9990E+03   -0.9990E+03   -0.9990E+03   -0.9990E+03   -0.9990E+03   -0.9990E+03   -0.9990E+03   -0.9990E+03   -0.9990E+03   -0.9990E+03   -0.9990E+03   -0.9990E+03   -0.9990E+03   -0.9990E+03   -0.9990E+03   -0.9990E+03   -0.9990E+03   -0.9990E+03   -0.9990E+03   -0.9990E+03   -0.9990E+03   -0.9990E+03   -0.9990E+03   -0.9990E+03   -0.9990E+03   -0.9990E+03   -0.9990E+03   -0.9990E+03   -0.9990E+03   -0.9990E+03   -0.9990E+03   -0.9990E+03   -0.9990E+03   -0.9990E+03   -0.9990E+03   -0.9990E+03   -0.9990E+03   -0.9990E+03   -0.9990E+03   -0.9990E+03
    0.1744E+00    0.1718E+00    0.1696E+00    0.1719E+00   -0.9990E+03   -0.9990E+03   -0.9990E+03   -0.9990E+03   -0.9990E+03   -0.9990E+03   -0.9990E+03   -0.9990E+03   -0.9990E+03   -0.9990E+03   -0.9990E+03   -0.9990E+03   -0.9990E+03   -0.9990E+03   -0.9990E+03   -0.9990E+03   -0.9990E+03   -0.9990E+03   -0.9990E+03   -0.9990E+03   -0.9990E+03   -0.9990E+03   -0.9990E+03   -0.9990E+03   -0.9990E+03   -0.9990E+03   -0.9990E+03   -0.9990E+03   -0.9990E+03   -0.9990E+03   -0.9990E+03   -0.9990E+03   -0.9990E+03   -0.9990E+03   -0.9990E+03   -0.9990E+03   -0.9990E+03   -0.9990E+03   -0.9990E+03   -0.9990E+03   -0.9990E+03   -0.9990E+03   -0.9990E+03   -0.9990E+03   -0.9990E+03   -0.9990E+03   -0.9990E+03   -0.9990E+03   -0.9990E+03   -0.9990E+03   -0.9990E+03   -0.9990E+03   -0.9990E+03   -0.9990E+03   -0.9990E+03   -0.9990E+03   -0.9990E+03   -0.9990E+03   -0.9990E+03   -0.9990E+03   -0.9990E+03   -0.9990E+03   -0.9990E+03   -0.9990E+03   -0.9990E+03   -0.9990E+03   -0.9990E+03   -0.9990E+03   -0.9990E+03   -0.9990E+03   -0.9990E+03   -0.9990E+03
   -0.9990E+03    0.1744E+00    0.1772E+00    0.1942E+00   -0.9990E+03   -0.9990E+03   -0.9990E+03   -0.9990E+03   -0.9990E+03   -0.9990E+03   -0.9990E+03   -0.9990E+03   -0.9990E+03   -0.9990E+03   -0.9990E+03   -0.9990E+03   -0.9990E+03   -0.9990E+03   -0.9990E+03   -0.9990E+03   -0.9990E+03   -0.9990E+03   -0.9990E+03   -0.9990E+03   -0.9990E+03   -0.9990E+03   -0.9990E+03   -0.9990E+03   -0.9990E+03   -0.9990E+03   -0.9990E+03   -0.9990E+03   -0.9990E+03   -0.9990E+03   -0.9990E+03   -0.9990E+03   -0.9990E+03   -0.9990E+03   -0.9990E+03   -0.9990E+03   -0.9990E+03   -0.9990E+03   -0.9990E+03   -0.9990E+03   -0.9990E+03   -0.9990E+03   -0.9990E+03   -0.9990E+03   -0.9990E+03   -0.9990E+03   -0.9990E+03   -0.9990E+03   -0.9990E+03   -0.9990E+03   -0.9990E+03   -0.9990E+03   -0.9990E+03   -0.9990E+03   -0.9990E+03   -0.9990E+03   -0.9990E+03   -0.9990E+03   -0.9990E+03   -0.9990E+03   -0.9990E+03   -0.9990E+03   -0.9990E+03   -0.9990E+03   -0.9990E+03   -0.9990E+03   -0.9990E+03   -0.9990E+03   -0.9990E+03   -0.9990E+03   -0.9990E+03   -0.9990E+03
       730.0000          LAYER       1
   -0.9990E+03   -0.9990E+03   -0.9990E+03   -0.9990E+03   -0.9990E+03   -0.9990E+03   -0.9990E+03   -0.9990E+03   -0.9990E+03   -0.9990E+03   -0.9990E+03   -0.9990E+03   -0.9990E+03   -0.9990E+03   -0.9990E+03   -0.9990E+03   -0.9990E+03   -0.9990E+03   -0.9990E+03   -0.9990E+03   -0.9990E+03   -0.9990E+03   -0.9990E+03   -0.9990E+03   -0.9990E+03   -0.9990E+03   -0.9990E+03   -0.9990E+03   -0.9990E+03   -0.9990E+03   -0.9990E+03   -0.9990E+03   -0.9990E+03   -0.9990E+03   -0.9990E+03   -0.9990E+03   -0.9990E+03   -0.9990E+03   -0.9990E+03   -0.9990E+03   -0.9990E+03   -0.9990E+03   -0.9990E+03   -0.9990E+03   -0.9990E+03   -0.9990E+03   -0.9990E+03   -0.9990E+03   -0.9990E+03   -0.9990E+03   -0.9990E+03   -0.9990E+03   -0.9990E+03   -0.9990E+03   -0.9990E+03   -0.9990E+03   -0.9990E+03   -0.9990E+03   -0.9990E+03   -0.9990E+03   -0.9990E+03   -0.9990E+03   -0.9990E+03   -0.9990E+03   -0.9990E+03   -0.9990E+03   -0.9990E+03   -0.9990E+03   -0.9990E+03   -0.9990E+03   -0.9990E+03    0.8545E-01    0.1056E+00   -0.9990E+03   -0.9990E+03   -0.9990E+03
   -0.9990E+03   -0.9990E+03   -0.9990E+03   -0.9990E+03   -0.9990E+03   -0.9990E+03   -0.9990E+03   -0.9990E+03   -0.9990E+03   -0.9990E+03   -0.9990E+03   -0.9990E+03   -0.9990E+03   -0.9990E+03   -0.9990E+03   -0.9990E+03   -0.9990E+03   -0.9990E+03   -0.9990E+03   -0.9990E+03   -0.9990E+03   -0.9990E+03   -0.9990E+03   -0.9990E+03   -0.9990E+03   -0.9990E+03   -0.9990E+03   -0.9990E+03   -0.9990E+03   -0.9990E+03   -0.9990E+03   -0.9990E+03   -0.9990E+03   -0.9990E+03   -0.9990E+03   -0.9990E+03   -0.9990E+03   -0.9990E+03   -0.9990E+03   -0.9990E+03   -0.9990E+03   -0.9990E+03   -0.9990E+03   -0.9990E+03   -0.9990E+03   -0.9990E+03   -0.9990E+03   -0.9990E+03   -0.9990E+03   -0.9990E+03   -0.9990E+03   -0.9990E+03   -0.9990E+03   -0.9990E+03   -0.9990E+03   -0.9990E+03   -0.9990E+03   -0.9990E+03   -0.9990E+03   -0.9990E+03   -0.9990E+03   -0.9990E+03   -0.9990E+03   -0.9990E+03   -0.9990E+03   -0.9990E+03   -0.9990E+03   -0.9990E+03   -0.9990E+03   -0.9990E+03    0.9166E-01    0.7797E-01    0.8954E-01    0.1110E+00   -0.9990E+03   -0.9990E+03
   -0.9990E+03   -0.9990E+03   -0.9990E+03   -0.9990E+03   -0.9990E+03   -0.9990E+03   -0.9990E+03   -0.9990E+03   -0.9990E+03   -0.9990E+03   -0.9990E+03   -0.9990E+03   -0.9990E+03   -0.9990E+03   -0.9990E+03   -0.9990E+03   -0.9990E+03   -0.9990E+03   -0.9990E+03   -0.9990E+03   -0.9990E+03   -0.9990E+03   -0.9990E+03   -0.9990E+03   -0.9990E+03   -0.9990E+03   -0.9990E+03   -0.9990E+03   -0.9990E+03   -0.9990E+03   -0.9990E+03   -0.9990E+03   -0.9990E+03   -0.9990E+03   -0.9990E+03   -0.9990E+03   -0.9990E+03   -0.9990E+03   -0.9990E+03   -0.9990E+03   -0.9990E+03   -0.9990E+03   -0.9990E+03   -0.9990E+03   -0.9990E+03   -0.9990E+03   -0.9990E+03   -0.9990E+03   -0.9990E+03   -0.9990E+03   -0.9990E+03   -0.9990E+03   -0.9990E+03   -0.9990E+03   -0.9990E+03   -0.9990E+03   -0.9990E+03   -0.9990E+03   -0.9990E+03   -0.9990E+03   -0.9990E+03   -0.9990E+03   -0.9990E+03   -0.9990E+03   -0.9990E+03   -0.9990E+03   -0.9990E+03   -0.9990E+03    0.1072E+00    0.8640E-01    0.1046E+00    0.7985E-01    0.1129E+00    0.9884E-01    0.8605E-01   -0.9990E+03
   -0.9990E+03   -0.9990E+03   -0.9990E+03   -0.9990E+03   -0.9990E+03   -0.9990E+03   -0.9990E+03   -0.9990E+03   -0.9990E+03   -0.9990E+03   -0.9990E+03   -0.9990E+03   -0.9990E+03   -0.9990E+03   -0.9990E+03   -0.9990E+03   -0.9990E+03   -0.9990E+03   -0.9990E+03   -0.9990E+03   -0.9990E+03   -0.9990E+03   -0.9990E+03   -0.9990E+03   -0.9990E+03   -0.9990E+03   -0.9990E+03   -0.9990E+03   -0.9990E+03   -0.9990E+03   -0.9990E+03   -0.9990E+03   -0.9990E+03   -0.9990E+03   -0.9990E+03   -0.9990E+03   -0.9990E+03   -0.9990E+03   -0.9990E+03   -0.9990E+03   -0.9990E+03   -0.9990E+03   -0.9990E+03   -0.9990E+03   -0.9990E+03   -0.9990E+03   -0.9990E+03   -0.9990E+03   -0.9990E+03   -0.9990E+03   -0.9990E+03   -0.9990E+03   -0.9990E+03   -0.9990E+03   -0.9990E+03   -0.9990E+03   -0.9990E+03   -0.9990E+03   -0.9990E+03   -0.9990E+03   -0.9990E+03   -0.9990E+03   -0.9990E+03   -0.9990E+03   -0.9990E+03   -0.9990E+03   -0.9990E+03   -0.9990E+03    0.8063E-01    0.8747E-01    0.7621E-01    0.7684E-01    0.7560E-01    0.9299E-01    0.9771E-01   -0.9990E+03
   -0.9990E+03   -0.9990E+03   -0.9990E+03   -0.9990E+03   -0.9990E+03   -0.9990E+03   -0.9990E+03   -0.9990E+03   -0.9990E+03   -0.9990E+03   -0.9990E+03   -0.9990E+03   -0.9990E+03   -0.9990E+03   -0.9990E+03   -0.9990E+03   -0.9990E+03   -0.9990E+03   -0.9990E+03   -0.9990E+03   -0.9990E+03   -0.9990E+03   -0.9990E+03   -0.9990E+03   -0.9990E+03   -0.9990E+03   -0.9990E+03   -0.9990E+03   -0.9990E+03   -0.9990E+03   -0.9990E+03   -0.9990E+03   -0.9990E+03   -0.9990E+03   -0.9990E+03   -0.9990E+03   -0.9990E+03   -0.9990E+03   -0.9990E+03   -0.9990E+03   -0.9990E+03   -0.9990E+03   -0.9990E+03   -0.9990E+03   -0.9990E+03   -0.9990E+03   -0.9990E+03   -0.9990E+03   -0.9990E+03   -0.9990E+03   -0.9990E+03   -0.9990E+03   -0.9990E+03   -0.9990E+03   -0.9990E+03   -0.9990E+03   -0.9990E+03   -0.9990E+03   -0.9990E+03   -0.9990E+03   -0.9990E+03   -0.9990E+03   -0.9990E+03   -0.9990E+03   -0.9990E+03    0.3879E-01    0.4409E-01    0.8556E-01    0.9616E-01    0.7931E-01    0.9758E-01    0.1117E+00    0.7074E-01    0.9771E-01    0.1195E+00   -0.9990E+03
   -0.9990E+03   -0.9990E+03   -0.9990E+03   -0.9990E+03   -0.9990E+03   -0.9990E+03   -0.9990E+03   -0.9990E+03   -0.9990E+03   -0.9990E+03   -0.9990E+03   -0.9990E+03   -0.9990E+03   -0.9990E+03   -0.9990E+03   -0.9990E+03   -0.9990E+03   -0.9990E+03   -0.9990E+03   -0.9990E+03   -0.9990E+03   -0.9990E+03   -0.9990E+03   -0.9990E+03   -0.9990E+03   -0.9990E+03   -0.9990E+03   -0.9990E+03   -0.9990E+03   -0.9990E+03   -0.9990E+03   -0.9990E+03   -0.9990E+03   -0.9990E+03   -0.9990E+03   -0.9990E+03   -0.9990E+03   -0.9990E+03   -0.9990E+03   -0.9990E+03   -0.9990E+03   -0.9990E+03   -0.9990E+03   -0.9990E+03   -0.9990E+03   -0.9990E+03   -0.9990E+03   -0.9990E+03   -0.9990E+03   -0.9990E+03   -0.9990E+03   -0.9990E+03   -0.9990E+03   -0.9990E+03   -0.9990E+03   -0.9990E+03    0.1335E+00    0.1060E+00    0.4829E-01    0.3741E-01   -0.9990E+03    0.4836E-01    0.4621E-01    0.4836E-01    0.3890E-01    0.3927E-01    0.3926E-01    0.8138E-01    0.9831E-01    0.8255E-01    0.9157E-01    0.8238E-01    0.7499E-01    0.8215E-01    0.9737E-01   -0.9990E+03
   -0.9990E+03   -0.9990E+03   -0.9990E+03   -0.9990E+03   -0.9990E+03   -0.9990E+03   -0.9990E+03   -0.9990E+03   -0.9990E+03   -0.9990E+03   -0.9990E+03   -0.9990E+03   -0.9990E+03   -0.9990E+03   -0.9990E+03   -0.9990E+03   -0.9990E+03   -0.9990E+03   -0.9990E+03   -0.9990E+03   -0.9990E+03   -0.9990E+03   -0.9990E+03   -0.9990E+03   -0.9990E+03   -0.9990E+03   -0.9990E+03   -0.9990E+03   -0.9990E+03   -0.9990E+03   -0.9990E+03   -0.9990E+03   -0.9990E+03   -0.9990E+03   -0.9990E+03   -0.9990E+03   -0.9990E+03   -0.9990E+03   -0.9990E+03   -0.9990E+03   -0.9990E+03   -0.9990E+03   -0.9990E+03   -0.9990E+03   -0.9990E+03   -0.9990E+03   -0.9990E+03   -0.9990E+03   -0.9990E+03   -0.9990E+03   -0.9990E+03   -0.9990E+03   -0.9990E+03   -0.9990E+03   -0.9990E+03    0.1324E+00    0.1300E+00    0.1034E+00    0.3753E-01    0.4065E-01    0.4798E-01    0.3756E-01    0.5009E-01    0.3938E-01    0.3944E-01    0.3874E-01    0.5489E-01    0.6965E-01    0.8826E-01    0.9623E-01    0.8952E-01    0.9960E-01    0.7171E-01    0.7892E-01    0.1090E+00   -0.9990E+03
   -0.9990E+03   -0.9990E+03   -0.9990E+03   -0.9990E+03   -0.9990E+03   -0.9990E+03   -0.9990E+03   -0.9990E+03   -0.9990E+03   -0.9990E+03   -0.9990E+03   -0.9990E+03   -0.9990E+03   -0.9990E+03   -0.9990E+03   -0.9990E+03   -0.9990E+03   -0.9990E+03   -0.9990E+03   -0.9990E+03   -0.9990E+03   -0.9990E+03   -0.9990E+03   -0.9990E+03   -0.9990E+03   -0.9990E+03   -0.9990E+03   -0.9990E+03   -0.9990E+03   -0.9990E+03   -0.9990E+03   -0.9990E+03   -0.9990E+03   -0.9990E+03   -0.9990E+03   -0.9990E+03   -0.9990E+03   -0.9990E+03   -0.9990E+03   -0.9990E+03   -0.9990E+03   -0.9990E+03   -0.9990E+03   -0.9990E+03   -0.9990E+03   -0.9990E+03   -0.9990E+03   -0.9990E+03   -0.9990E+03   -0.9990E+03   -0.9990E+03   -0.9990E+03   -0.9990E+03   -0.9990E+03    0.1330E+00    0.1125E+00    0.1017E+00    0.7869E-01    0.3743E-01    0.4398E-01    0.5638E-01    0.3869E-01    0.3735E-01    0.3958E-01    0.3948E-01    0.3891E-01    0.4273E-01    0.9173E-01    0.7910E-01    0.7926E-01    0.1018E+00    0.9855E-01    0.7221E-01    0.1059E+00    0.8447E-01    0.1290E+00
   -0.9990E+03   -0.9990E+03   -0.9990E+03   -0.9990E+03   -0.9990E+03   -0.9990E+03   -0.9990E+03   -0.9990E+03   -0.9990E+03   -0.9990E+03   -0.9990E+03   -0.9990E+03   -0.9990E+03   -0.9990E+03   -0.9990E+03   -0.9990E+03   -0.9990E+03   -0.9990E+03   -0.9990E+03   -0.9990E+03   -0.9990E+03   -0.9990E+03   -0.9990E+03   -0.9990E+03   -0.9990E+03   -0.9990E+03   -0.9990E+03   -0.9990E+03   -0.9990E+03   -0.9990E+03   -0.9990E+03   -0.9990E+03   -0.9990E+03   -0.9990E+03   -0.9990E+03   -0.9990E+03   -0.9990E+03   -0.9990E+03   -0.9990E+03   -0.9990E+03   -0.9990E+03   -0.9990E+03   -0.9990E+03   -0.9990E+03   -0.9990E+03   -0.9990E+03   -0.9990E+03   -0.9990E+03   -0.9990E+03   -0.9990E+03   -0.9990E+03   -0.9990E+03   -0.9990E+03    0.1235E+00    0.1058E+00    0.1043E+00    0.1059E+00    0.6953E-01    0.4325E-01    0.5691E-01    0.4024E-01    0.3722E-01    0.3783E-01    0.3863E-01    0.3932E-01    0.3887E-01    0.5942E-01    0.8431E-01    0.8164E-01    0.7205E-01    0.7818E-01    0.7372E-01    0.7792E-01    0.9954E-01    0.1021E+00   -0.9990E+03
   -0.9990E+03   -0.9990E+03   -0.9990E+03   -0.9990E+03   -0.9990E+03   -0.9990E+03   -0.9990E+03   -0.9990E+03   -0.9990E+03   -0.9990E+03   -0.9990E+03   -0.9990E+03   -0.9990E+03   -0.9990E+03   -0.9990E+03   -0.9990E+03   -0.9990E+03   -0.9990E+03   -0.9990E+03   -0.9990E+03   -0.9990E+03   -0.9990E+03   -0.9990E+03   -0.9990E+03   -0.9990E+03   -0.9990E+03   -0.9990E+03   -0.9990E+03   -0.9990E+03   -0.9990E+03   -0.9990E+03   -0.9990E+03   -0.9990E+03   -0.9990E+03   -0.9990E+03   -0.9990E+03   -0.9990E+03   -0.9990E+03   -0.9990E+03   -0.9990E+03   -0.9990E+03   -0.9990E+03   -0.9990E+03   -0.9990E+03   -0.9990E+03   -0.9990E+03   -0.9990E+03   -0.9990E+03   -0.9990E+03   -0.9990E+03   -0.9990E+03   -0.9990E+03   -0.9990E+03    0.1109E+00    0.1162E+00    0.1252E+00    0.1186E+00    0.9274E-01    0.6425E-01    0.4727E-01    0.3723E-01    0.3780E-01    0.8080E-01    0.3878E-01    0.3950E-01    0.3802E-01    0.3776E-01    0.6284E-01    0.7531E-01    0.9929E-01    0.9968E-01    0.7257E-01    0.9361E-01    0.1067E+00   -0.9990E+03   -0.9990E+03
   -0.9990E+03   -0.9990E+03   -0.9990E+03   -0.9990E+03   -0.9990E+03   -0.9990E+03   -0.9990E+03   -0.9990E+03   -0.9990E+03   -0.9990E+03   -0.9990E+03   -0.9990E+03   -0.9990E+03   -0.9990E+03   -0.9990E+03   -0.9990E+03   -0.9990E+03   -0.9990E+03   -0.9990E+03   -0.9990E+03   -0.9990E+03   -0.9990E+03   -0.9990E+03   -0.9990E+03   -0.9990E+03   -0.9990E+03   -0.9990E+03   -0.9990E+03   -0.9990E+03   -0.9990E+03   -0.9990E+03   -0.9990E+03   -0.9990E+03   -0.9990E+03   -0.9990E+03   -0.9990E+03   -0.9990E+03   -0.9990E+03   -0.9990E+03   -0.9990E+03   -0.9990E+03   -0.9990E+03   -0.9990E+03   -0.9990E+03   -0.9990E+03   -0.9990E+03   -0.9990E+03   -0.9990E+03   -0.9990E+03   -0.9990E+03   -0.9990E+03   -0.9990E+03   -0.9990E+03    0.4232E-01    0.3626E-01    0.3645E-01    0.4139E-01    0.3582E-01    0.3910E-01    0.4433E-01    0.3749E-01    0.3828E-01    0.3933E-01    0.3881E-01    0.3807E-01    0.3704E-01    0.3734E-01    0.3735E-01    0.9226E-01    0.9317E-01    0.7972E-01    0.7914E-01    0.9492E-01    0.9331E-01    0.1031E+00   -0.9990E+03
   -0.9990E+03   -0.9990E+03   -0.9990E+03   -0.9990E+03   -0.9990E+03   -0.9990E+03   -0.9990E+03   -0.9990E+03   -0.9990E+03   -0.9990E+03   -0.9990E+03   -0.9990E+03   -0.9990E+03   -0.9990E+03   -0.9990E+03   -0.9990E+03   -0.9990E+03   -0.9990E+03   -0.9990E+03   -0.9990E+03   -0.9990E+03   -0.9990E+03   -0.9990E+03   -0.9990E+03   -0.9990E+03   -0.9990E+03   -0.9990E+03   -0.9990E+03   -0.9990E+03   -0.9990E+03   -0.9990E+03   -0.9990E+03   -0.9990E+03   -0.9990E+03   -0.9990E+03   -0.9990E+03   -0.9990E+03   -0.9990E+03   -0.9990E+03   -0.9990E+03   -0.9990E+03   -0.9990E+03   -0.9990E+03   -0.9990E+03   -0.9990E+03   -0.9990E+03   -0.9990E+03   -0.9990E+03   -0.9990E+03   -0.9990E+03   -0.9990E+03   -0.9990E+03    0.1177E+00    0.8551E-01    0.8049E-01    0.8684E-01    0.9129E-01    0.1229E+00    0.3769E-01    0.3712E-01    0.3757E-01    0.3782E-01    0.3794E-01    0.3918E-01    0.3740E-01    0.3795E-01    0.3843E-01    0.3695E-01    0.3874E-01    0.7018E-01    0.7708E-01    0.9126E-01    0.8503E-01    0.8188E-01    0.1087E+00   -0.9990E+03
   -0.9990E+03   -0.9990E+03   -0.9990E+03   -0.9990E+03   -0.9990E+03   -0.9990E+03   -0.9990E+03   -0.9990E+03   -0.9990E+03   -0.9990E+03   -0.9990E+03   -0.9990E+03   -0.9990E+03   -0.9990E+03   -0.9990E+03   -0.9990E+03   -0.9990E+03   -0.9990E+03   -0.9990E+03   -0.9990E+03   -0.9990E+03   -0.9990E+03   -0.9990E+03   -0.9990E+03   -0.9990E+03   -0.9990E+03   -0.9990E+03   -0.9990E+03   -0.9990E+03   -0.9990E+03   -0.9990E+03   -0.9990E+03   -0.9990E+03   -0.9990E+03   -0.9990E+03   -0.9990E+03   -0.9990E+03   -0.9990E+03   -0.9990E+03   -0.9990E+03   -0.9990E+03   -0.9990E+03   -0.9990E+03   -0.9990E+03   -0.9990E+03   -0.9990E+03   -0.9990E+03   -0.9990E+03   -0.9990E+03   -0.9990E+03   -0.9990E+03    0.7908E-01    0.1123E+00    0.9396E-01    0.8187E-01    0.9870E-01    0.8641E-01    0.1266E+00    0.4685E-01    0.3698E-01    0.3751E-01    0.3763E-01    0.3862E-01    0.3810E-01    0.3744E-01    0.3752E-01    0.3726E-01    0.3716E-01    0.4573E-01    0.6878E-01    0.8303E-01    0.8250E-01    0.1258E+00    0.9276E-01    0.1085E+00   -0.9990E+03
   -0.9990E+03   -0.9990E+03   -0.9990E+03   -0.9990E+03   -0.9990E+03   -0.9990E+03   -0.9990E+03   -0.9990E+03   -0.9990E+03   -0.9990E+03   -0.9990E+03   -0.9990E+03   -0.9990E+03   -0.9990E+03   -0.9990E+03   -0.9990E+03   -0.9990E+03   -0.9990E+03   -0.9990E+03   -0.9990E+03   -0.9990E+03   -0.9990E+03   -0.9990E+03   -0.9990E+03   -0.9990E+03   -0.9990E+03   -0.9990E+03   -0.9990E+03   -0.9990E+03   -0.9990E+03   -0.9990E+03   -0.9990E+03   -0.9990E+03   -0.9990E+03   -0.9990E+03   -0.9990E+03   -0.9990E+03   -0.9990E+03   -0.9990E+03   -0.9990E+03   -0.9990E+03   -0.9990E+03   -0.9990E+03   -0.9990E+03   -0.9990E+03   -0.9990E+03   -0.9990E+03   -0.9990E+03   -0.9990E+03    0.8199E-01    0.7956E-01    0.8113E-01    0.1027E+00    0.1237E+00    0.8353E-01    0.7925E-01    0.8065E-01    0.8369E-01    0.3482E-01    0.3535E-01    0.3712E-01    0.3719E-01    0.7925E-01    0.3691E-01    0.3719E-01    0.3769E-01    0.3738E-01    0.7524E-01    0.7786E-01    0.6840E-01    0.7201E-01    0.7775E-01    0.8713E-01    0.1334E+00    0.1064E+00   -0.9990E+03
   -0.9990E+03   -0.9990E+03   -0.9990E+03   -0.9990E+03   -0.9990E+03   -0.9990E+03   -0.9990E+03   -0.9990E+03   -0.9990E+03   -0.9990E+03   -0.9990E+03   -0.9990E+03   -0.9990E+03   -0.9990E+03   -0.9990E+03   -0.9990E+03   -0.9990E+03   -0.9990E+03   -0.9990E+03   -0.9990E+03   -0.9990E+03   -0.9990E+03   -0.9990E+03   -0.9990E+03   -0.9990E+03   -0.9990E+03   -0.9990E+03   -0.9990E+03   -0.9990E+03   -0.9990E+03   -0.9990E+03   -0.9990E+03   -0.9990E+03   -0.9990E+03   -0.9990E+03   -0.9990E+03   -0.9990E+03   -0.9990E+03   -0.9990E+03   -0.9990E+03   -0.9990E+03   -0.9990E+03   -0.9990E+03   -0.9990E+03   -0.9990E+03   -0.9990E+03   -0.9990E+03   -0.9990E+03    0.1224E+00    0.7515E-01    0.7546E-01    0.7269E-01    0.8743E-01    0.1139E+00    0.8568E-01    0.7378E-01    0.7777E-01    0.1016E+00    0.7678E+00    0.5070E+00    0.7719E-01    0.6583E-01    0.9304E-01    0.6443E-01    0.1519E+00    0.1488E+00    0.1362E+00    0.1203E+00    0.6401E-01    0.8072E-01    0.9389E-01    0.9232E-01    0.8098E-01    0.1170E+00    0.1237E+00   -0.9990E+03
   -0.9990E+03   -0.9990E+03   -0.9990E+03   -0.9990E+03   -0.9990E+03   -0.9990E+03   -0.9990E+03   -0.9990E+03   -0.9990E+03   -0.9990E+03   -0.9990E+03   -0.9990E+03   -0.9990E+03   -0.9990E+03   -0.9990E+03   -0.9990E+03   -0.9990E+03   -0.9990E+03   -0.9990E+03   -0.9990E+03   -0.9990E+03   -0.9990E+03   -0.9990E+03   -0.9990E+03   -0.9990E+03   -0.9990E+03   -0.9990E+03   -0.9990E+03   -0.9990E+03   -0.9990E+03   -0.9990E+03   -0.9990E+03   -0.9990E+03   -0.9990E+03   -0.9990E+03   -0.9990E+03   -0.9990E+03   -0.9990E+03   -0.9990E+03   -0.9990E+03   -0.9990E+03   -0.9990E+03   -0.9990E+03   -0.9990E+03   -0.9990E+03   -0.9990E+03   -0.9990E+03   -0.9990E+03    0.1323E+00    0.9273E-01    0.9586E-01    0.6931E-01    0.1040E+00    0.1017E+00    0.1039E+00    0.1263E+00    0.1131E+00    0.7651E-01    0.5953E-01    0.4859E+00    0.1368E+00    0.1263E+00    0.1039E+00    0.1439E+00    0.3724E-01    0.3732E-01    0.3708E-01    0.4773E-01    0.4917E-01    0.7420E-01    0.1042E+00    0.2351E+00    0.1121E+00    0.1028E+00    0.1466E+00   -0.9990E+03
   -0.9990E+03   -0.9990E+03   -0.9990E+03   -0.9990E+03   -0.9990E+03   -0.9990E+03   -0.9990E+03   -0.9990E+03   -0.9990E+03   -0.9990E+03   -0.9990E+03   -0.9990E+03   -0.9990E+03   -0.9990E+03   -0.9990E+03   -0.9990E+03   -0.9990E+03   -0.9990E+03   -0.9990E+03   -0.9990E+03   -0.9990E+03   -0.9990E+03   -0.9990E+03   -0.9990E+03   -0.9990E+03   -0.9990E+03   -0.9990E+03   -0.9990E+03   -0.9990E+03   -0.9990E+03   -0.9990E+03   -0.9990E+03   -0.9990E+03   -0.9990E+03   -0.9990E+03   -0.9990E+03   -0.9990E+03   -0.9990E+03   -0.9990E+03   -0.9990E+03   -0.9990E+03   -0.9990E+03   -0.9990E+03   -0.9990E+03   -0.9990E+03   -0.9990E+03   -0.9990E+03    0.4499E-01    0.1120E+00    0.8062E-01    0.7148E-01    0.7208E-01    0.1279E+00    0.1131E+00    0.1103E+00    0.1141E+00    0.1016E+00    0.4711E-01    0.3828E-01    0.6400E-01    0.7850E-01    0.1389E+00    0.1491E+00    0.3693E-01    0.3693E-01    0.3935E-01    0.3704E-01    0.4635E-01    0.5470E-01    0.6540E-01    0.9315E-01    0.1346E+00    0.9201E-01    0.1021E+00    0.1333E+00   -0.9990E+03
   -0.9990E+03   -0.9990E+03   -0.9990E+03   -0.9990E+03   -0.9990E+03   -0.9990E+03   -0.9990E+03   -0.9990E+03   -0.9990E+03   -0.9990E+03   -0.9990E+03   -0.9990E+03   -0.9990E+03   -0.9990E+03   -0.9990E+03   -0.9990E+03   -0.9990E+03   -0.9990E+03   -0.9990E+03   -0.9990E+03   -0.9990E+03   -0.9990E+03   -0.9990E+03   -0.9990E+03   -0.9990E+03   -0.9990E+03   -0.9990E+03   -0.9990E+03   -0.9990E+03   -0.9990E+03   -0.9990E+03   -0.9990E+03   -0.9990E+03   -0.9990E+03   -0.9990E+03   -0.9990E+03   -0.9990E+03   -0.9990E+03   -0.9990E+03   -0.9990E+03   -0.9990E+03   -0.9990E+03   -0.9990E+03   -0.9990E+03   -0.9990E+03   -0.9990E+03   -0.9990E+03    0.3755E-01    0.6505E-01    0.6856E-01    0.8161E-01    0.8082E-01    0.7971E-01    0.7624E-01    0.7774E-01    0.1020E+00    0.5744E-01    0.2849E-01    0.6948E-01    0.1070E+00    0.6347E-01    0.4474E+00    0.6162E-01    0.4820E-01    0.3988E-01    0.3712E-01    0.3756E-01    0.4841E-01    0.5336E-01    0.6339E-01    0.1115E+00    0.1430E+00    0.8780E-01    0.1261E+00   -0.9990E+03   -0.9990E+03
   -0.9990E+03   -0.9990E+03   -0.9990E+03   -0.9990E+03   -0.9990E+03   -0.9990E+03   -0.9990E+03   -0.9990E+03   -0.9990E+03   -0.9990E+03   -0.9990E+03   -0.9990E+03   -0.9990E+03   -0.9990E+03   -0.9990E+03   -0.9990E+03   -0.9990E+03   -0.9990E+03   -0.9990E+03   -0.9990E+03   -0.9990E+03   -0.9990E+03   -0.9990E+03   -0.9990E+03   -0.9990E+03   -0.9990E+03   -0.9990E+03   -0.9990E+03   -0.9990E+03   -0.9990E+03   -0.9990E+03   -0.9990E+03   -0.9990E+03   -0.9990E+03   -0.9990E+03   -0.9990E+03   -0.9990E+03   -0.9990E+03   -0.9990E+03   -0.9990E+03   -0.9990E+03   -0.9990E+03   -0.9990E+03   -0.9990E+03    0.4782E-01    0.3948E-01    0.5207E-01    0.4206E-01    0.4734E-01    0.7360E-01    0.1035E+00    0.1085E+00    0.9739E-01    0.9631E-01    0.8830E-01    0.6932E-01    0.2526E-01    0.2343E-01    0.5740E-01    0.4513E-01    0.3895E-01    0.4414E+00    0.4083E-01    0.3441E-01    0.3801E-01    0.4456E-01    0.3767E-01    0.4442E-01    0.4345E-01    0.6228E-01    0.1330E+00    0.1206E+00   -0.9990E+03   -0.9990E+03   -0.9990E+03   -0.9990E+03
   -0.9990E+03   -0.9990E+03   -0.9990E+03   -0.9990E+03   -0.9990E+03   -0.9990E+03   -0.9990E+03   -0.9990E+03   -0.9990E+03   -0.9990E+03   -0.9990E+03   -0.9990E+03   -0.9990E+03   -0.9990E+03   -0.9990E+03   -0.9990E+03   -0.9990E+03   -0.9990E+03   -0.9990E+03   -0.9990E+03   -0.9990E+03   -0.9990E+03   -0.9990E+03   -0.9990E+03   -0.9990E+03   -0.9990E+03   -0.9990E+03   -0.9990E+03   -0.9990E+03   -0.9990E+03   -0.9990E+03   -0.9990E+03   -0.9990E+03   -0.9990E+03   -0.9990E+03   -0.9990E+03   -0.9990E+03   -0.9990E+03   -0.9990E+03   -0.9990E+03   -0.9990E+03   -0.9990E+03   -0.9990E+03   -0.9990E+03    0.6270E-01    0.3639E-01    0.5525E-01    0.5678E-01    0.4684E-01    0.7534E-01    0.1218E+00    0.9728E-01    0.9791E-01    0.9733E-01    0.9693E-01    0.9339E-01    0.2823E-01    0.3925E-01    0.5627E-01    0.5584E-01    0.6067E-01    0.3326E+00    0.5310E-01    0.4889E-01    0.3417E-01    0.3854E-01    0.6677E-01    0.4926E-01    0.6243E-01    0.7632E-01    0.1369E+00   -0.9990E+03   -0.9990E+03   -0.9990E+03   -0.9990E+03   -0.9990E+03
   -0.9990E+03   -0.9990E+03   -0.9990E+03   -0.9990E+03   -0.9990E+03   -0.9990E+03   -0.9990E+03   -0.9990E+03   -0.9990E+03   -0.9990E+03   -0.9990E+03   -0.9990E+03   -0.9990E+03   -0.9990E+03   -0.9990E+03   -0.9990E+03   -0.9990E+03   -0.9990E+03   -0.9990E+03   -0.9990E+03   -0.9990E+03   -0.9990E+03   -0.9990E+03   -0.9990E+03   -0.9990E+03   -0.9990E+03   -0.9990E+03   -0.9990E+03   -0.9990E+03   -0.9990E+03   -0.9990E+03   -0.9990E+03   -0.9990E+03   -0.9990E+03   -0.9990E+03   -0.9990E+03   -0.9990E+03   -0.9990E+03   -0.9990E+03   -0.9990E+03   -0.9990E+03   -0.9990E+03   -0.9990E+03   -0.9990E+03    0.5121E-01    0.3825E-01    0.5020E-01    0.4751E-01    0.4457E-01    0.8830E-01    0.9241E-01    0.8933E-01    0.8917E-01    0.9468E-01    0.9802E-01    0.9446E-01    0.8827E-01    0.2832E-01    0.2682E-01    0.4823E-01    0.5926E-01    0.2156E+00    0.5107E-01    0.4412E-01    0.3658E-01    0.3969E-01    0.6838E-01    0.7104E-01    0.9064E-01    0.8292E-01    0.1287E+00   -0.9990E+03   -0.9990E+03   -0.9990E+03   -0.9990E+03   -0.9990E+03
   -0.9990E+03   -0.9990E+03   -0.9990E+03   -0.9990E+03   -0.9990E+03   -0.9990E+03   -0.9990E+03   -0.9990E+03   -0.9990E+03   -0.9990E+03   -0.9990E+03   -0.9990E+03   -0.9990E+03   -0.9990E+03   -0.9990E+03   -0.9990E+03   -0.9990E+03   -0.9990E+03   -0.9990E+03   -0.9990E+03   -0.9990E+03   -0.9990E+03   -0.9990E+03   -0.9990E+03   -0.9990E+03   -0.9990E+03   -0.9990E+03   -0.9990E+03   -0.9990E+03   -0.9990E+03   -0.9990E+03   -0.9990E+03   -0.9990E+03   -0.9990E+03   -0.9990E+03   -0.9990E+03   -0.9990E+03   -0.9990E+03   -0.9990E+03   -0.9990E+03   -0.9990E+03   -0.9990E+03   -0.9990E+03    0.5657E-01    0.4551E-01    0.3603E-01    0.4343E-01    0.4544E-01    0.5165E-01    0.8611E-01    0.1004E+00    0.9911E-01    0.9304E-01    0.9104E-01    0.9934E-01    0.9150E-01    0.1009E+00    0.8919E-01    0.5467E-01    0.5917E-01    0.6156E-01    0.1614E+00    0.6281E-01    0.5678E-01    0.5940E-01    0.5256E-01    0.1614E+00    0.1070E+00    0.8486E-01    0.9579E-01    0.2399E+00   -0.9990E+03   -0.9990E+03   -0.9990E+03   -0.9990E+03   -0.9990E+03
   -0.9990E+03   -0.9990E+03   -0.9990E+03   -0.9990E+03   -0.9990E+03   -0.9990E+03   -0.9990E+03   -0.9990E+03   -0.9990E+03   -0.9990E+03   -0.9990E+03   -0.9990E+03   -0.9990E+03   -0.9990E+03   -0.9990E+03   -0.9990E+03   -0.9990E+03   -0.9990E+03   -0.9990E+03   -0.9990E+03   -0.9990E+03   -0.9990E+03   -0.9990E+03   -0.9990E+03   -0.9990E+03   -0.9990E+03   -0.9990E+03   -0.9990E+03   -0.9990E+03   -0.9990E+03   -0.9990E+03   -0.9990E+03   -0.9990E+03   -0.9990E+03   -0.9990E+03   -0.9990E+03   -0.9990E+03   -0.9990E+03   -0.9990E+03   -0.9990E+03   -0.9990E+03   -0.9990E+03   -0.9990E+03    0.4014E-01    0.4585E-01    0.3416E-01    0.5643E-01    0.5808E-01    0.4501E-01    0.9150E-01    0.9839E-01    0.1146E+00    0.1029E+00    0.8871E-01    0.9346E-01    0.1080E+00    0.9997E-01    0.9268E-01    0.4963E-01    0.5889E-01    0.8175E-01    0.1580E+00    0.6790E-01    0.6534E-01    0.5003E-01    0.5750E-01    0.8089E-01    0.1500E+00    0.8596E-01    0.9248E-01   -0.9990E+03   -0.9990E+03   -0.9990E+03   -0.9990E+03   -0.9990E+03   -0.9990E+03
   -0.9990E+03   -0.9990E+03   -0.9990E+03   -0.9990E+03   -0.9990E+03   -0.9990E+03   -0.9990E+03   -0.9990E+03   -0.9990E+03   -0.9990E+03   -0.9990E+03   -0.9990E+03   -0.9990E+03   -0.9990E+03   -0.9990E+03   -0.9990E+03   -0.9990E+03   -0.9990E+03   -0.9990E+03   -0.9990E+03   -0.9990E+03   -0.9990E+03   -0.9990E+03   -0.9990E+03   -0.9990E+03   -0.9990E+03   -0.9990E+03   -0.9990E+03   -0.9990E+03   -0.9990E+03   -0.9990E+03   -0.9990E+03   -0.9990E+03   -0.9990E+03   -0.9990E+03   -0.9990E+03   -0.9990E+03   -0.9990E+03   -0.9990E+03   -0.9990E+03    0.4740E-01   -0.9990E+03   -0.9990E+03    0.5668E-01    0.3705E-01    0.3960E-01    0.5311E-01    0.4548E-01    0.4342E-01    0.1154E+00    0.7653E-01    0.1153E+00    0.1043E+00    0.8916E-01    0.1095E+00    0.9821E-01    0.8896E-01    0.9738E-01    0.3826E-01    0.4067E-01    0.5883E-01    0.1242E+00    0.5336E-01    0.5079E-01    0.5655E-01    0.5283E-01    0.6339E-01    0.7147E-01    0.5957E-01    0.7887E-01    0.6238E-01   -0.9990E+03   -0.9990E+03   -0.9990E+03   -0.9990E+03   -0.9990E+03
   -0.9990E+03   -0.9990E+03   -0.9990E+03   -0.9990E+03   -0.9990E+03   -0.9990E+03   -0.9990E+03   -0.9990E+03   -0.9990E+03   -0.9990E+03   -0.9990E+03   -0.9990E+03   -0.9990E+03   -0.9990E+03   -0.9990E+03   -0.9990E+03   -0.9990E+03   -0.9990E+03   -0.9990E+03   -0.9990E+03   -0.9990E+03   -0.9990E+03   -0.9990E+03   -0.9990E+03   -0.9990E+03   -0.9990E+03   -0.9990E+03   -0.9990E+03   -0.9990E+03   -0.9990E+03   -0.9990E+03   -0.9990E+03   -0.9990E+03   -0.9990E+03   -0.9990E+03    0.6131E-01    0.5448E-01    0.6649E-01    0.5905E-01    0.4640E-01    0.3364E-01    0.6558E-01    0.4865E-01    0.4446E-01    0.3726E-01    0.3698E-01    0.3842E-01    0.3911E-01    0.4613E-01    0.1105E+00    0.8114E-01    0.9202E-01    0.9930E-01    0.8687E-01    0.9117E-01    0.8962E-01    0.8858E-01    0.8793E-01    0.2369E-01    0.2945E-01    0.8849E-01    0.1688E+00    0.8078E-01    0.1340E+00    0.2143E+00    0.7090E-01    0.8891E-01    0.7079E-01    0.5287E-01    0.6197E-01    0.6174E-01   -0.9990E+03   -0.9990E+03   -0.9990E+03   -0.9990E+03   -0.9990E+03
   -0.9990E+03   -0.9990E+03   -0.9990E+03   -0.9990E+03   -0.9990E+03   -0.9990E+03   -0.9990E+03   -0.9990E+03   -0.9990E+03   -0.9990E+03   -0.9990E+03   -0.9990E+03   -0.9990E+03   -0.9990E+03   -0.9990E+03   -0.9990E+03   -0.9990E+03   -0.9990E+03   -0.9990E+03   -0.9990E+03   -0.9990E+03   -0.9990E+03   -0.9990E+03   -0.9990E+03   -0.9990E+03   -0.9990E+03   -0.9990E+03   -0.9990E+03   -0.9990E+03   -0.9990E+03   -0.9990E+03   -0.9990E+03   -0.9990E+03   -0.9990E+03   -0.9990E+03    0.5456E-01    0.6772E-01    0.6467E-01    0.3870E-01    0.3306E-01    0.5283E-01    0.6803E-01    0.5392E-01    0.4049E-01    0.3755E-01    0.3416E-01    0.5147E-01    0.5374E-01    0.4813E-01    0.5192E-01    0.4619E-01    0.7679E-01    0.7689E-01    0.6542E-01    0.9266E-01    0.9398E-01    0.9176E-01    0.8700E-01    0.4056E-01    0.9688E-01    0.1090E+00    0.6567E-01    0.4074E-01    0.4615E-01    0.8107E-01    0.4669E-01    0.7710E-01    0.5410E-01    0.3791E-01    0.6922E-01    0.7046E-01    0.6189E-01   -0.9990E+03   -0.9990E+03   -0.9990E+03   -0.9990E+03
   -0.9990E+03   -0.9990E+03   -0.9990E+03   -0.9990E+03   -0.9990E+03   -0.9990E+03   -0.9990E+03   -0.9990E+03   -0.9990E+03   -0.9990E+03   -0.9990E+03   -0.9990E+03   -0.9990E+03   -0.9990E+03   -0.9990E+03   -0.9990E+03   -0.9990E+03   -0.9990E+03   -0.9990E+03   -0.9990E+03   -0.9990E+03   -0.9990E+03   -0.9990E+03   -0.9990E+03   -0.9990E+03   -0.9990E+03   -0.9990E+03   -0.9990E+03   -0.9990E+03   -0.9990E+03   -0.9990E+03   -0.9990E+03   -0.9990E+03   -0.9990E+03    0.8331E-01    0.6025E-01    0.6836E-01    0.7101E-01    0.4853E-01    0.5442E-01    0.4245E-01    0.6934E-01    0.5059E-01    0.5399E-01    0.4721E-01    0.3609E-01    0.5342E-01    0.7296E-01    0.6892E-01    0.6127E-01    0.5762E-01    0.5199E-01    0.5625E-01    0.6926E-01    0.7984E-01    0.9903E-01    0.1056E+00    0.1041E+00    0.8362E-01    0.6316E-01    0.5698E-01    0.6119E-01    0.5131E-01    0.6831E-01    0.3220E-01    0.3523E-01    0.4131E-01    0.5153E-01    0.5091E-01    0.5871E-01    0.8652E-01    0.7938E-01   -0.9990E+03   -0.9990E+03   -0.9990E+03   -0.9990E+03
   -0.9990E+03   -0.9990E+03   -0.9990E+03   -0.9990E+03   -0.9990E+03   -0.9990E+03   -0.9990E+03   -0.9990E+03   -0.9990E+03   -0.9990E+03   -0.9990E+03   -0.9990E+03   -0.9990E+03   -0.9990E+03   -0.9990E+03   -0.9990E+03   -0.9990E+03   -0.9990E+03   -0.9990E+03   -0.9990E+03   -0.9990E+03   -0.9990E+03   -0.9990E+03   -0.9990E+03   -0.9990E+03   -0.9990E+03   -0.9990E+03   -0.9990E+03   -0.9990E+03   -0.9990E+03   -0.9990E+03   -0.9990E+03   -0.9990E+03   -0.9990E+03    0.9222E-01    0.6535E-01    0.6574E-01    0.6716E-01    0.8368E-01    0.9164E-01    0.1051E+00    0.8920E-01    0.5572E-01    0.4218E-01    0.4751E-01    0.4644E-01    0.5311E-01    0.5523E-01    0.5846E-01    0.5628E-01    0.4108E-01    0.5217E-01    0.6307E-01    0.1437E+00    0.1042E+00    0.1098E+00    0.1165E+00    0.1513E+00    0.9107E-01    0.6407E-01    0.3157E-01    0.8279E-01    0.7543E-01    0.7489E-01    0.1550E+00    0.6241E-01    0.7252E-01    0.1018E+00    0.1225E+00    0.3877E-01    0.6637E-01    0.7260E-01   -0.9990E+03   -0.9990E+03   -0.9990E+03   -0.9990E+03
   -0.9990E+03   -0.9990E+03   -0.9990E+03   -0.9990E+03   -0.9990E+03   -0.9990E+03   -0.9990E+03   -0.9990E+03   -0.9990E+03   -0.9990E+03   -0.9990E+03   -0.9990E+03   -0.9990E+03   -0.9990E+03   -0.9990E+03   -0.9990E+03   -0.9990E+03   -0.9990E+03   -0.9990E+03   -0.9990E+03   -0.9990E+03   -0.9990E+03   -0.9990E+03   -0.9990E+03   -0.9990E+03   -0.9990E+03   -0.9990E+03   -0.9990E+03   -0.9990E+03   -0.9990E+03   -0.9990E+03   -0.9990E+03   -0.9990E+03   -0.9990E+03    0.8126E-01    0.8315E-01    0.7331E-01    0.8632E-01    0.1579E+00    0.2665E+00    0.3212E+00    0.2068E+00    0.8858E-01    0.6783E-01    0.7329E-01    0.7022E-01    0.8497E-01    0.6352E-01    0.8212E-01    0.8848E-01    0.8039E-01    0.9921E-01    0.6101E-01    0.9494E-01    0.9168E-01    0.1067E+00    0.1124E+00    0.1172E+00    0.9711E-01    0.8084E-01    0.1041E+00    0.2291E+00    0.7798E-01    0.6869E-01    0.1749E+00    0.7164E-01    0.6247E-01    0.1057E+00    0.9823E-01    0.7917E-01    0.1839E+00    0.8081E-01   -0.9990E+03   -0.9990E+03   -0.9990E+03   -0.9990E+03
   -0.9990E+03   -0.9990E+03   -0.9990E+03   -0.9990E+03   -0.9990E+03   -0.9990E+03   -0.9990E+03   -0.9990E+03   -0.9990E+03   -0.9990E+03   -0.9990E+03   -0.9990E+03   -0.9990E+03   -0.9990E+03   -0.9990E+03   -0.9990E+03   -0.9990E+03   -0.9990E+03   -0.9990E+03   -0.9990E+03   -0.9990E+03   -0.9990E+03   -0.9990E+03   -0.9990E+03   -0.9990E+03   -0.9990E+03   -0.9990E+03   -0.9990E+03   -0.9990E+03   -0.9990E+03   -0.9990E+03   -0.9990E+03   -0.9990E+03   -0.9990E+03    0.7359E-01    0.7431E-01    0.8015E-01    0.1580E+00    0.2072E+00    0.3942E+00    0.3429E+00    0.2490E+00    0.1059E+00    0.5522E-01    0.5174E-01    0.5787E-01    0.9418E-01    0.1105E+00    0.1477E+00    0.1144E+00    0.7948E-01    0.1780E+00    0.1002E+00    0.1035E+00    0.1327E+00    0.8506E-01    0.1247E+00    0.1420E+00    0.9403E-01    0.8186E-01    0.1081E+00    0.1462E+00    0.1075E+00    0.1131E+00    0.1451E+00    0.2249E+00    0.5365E-01    0.6400E-01   -0.9990E+03    0.1058E+00   -0.9990E+03   -0.9990E+03   -0.9990E+03   -0.9990E+03   -0.9990E+03   -0.9990E+03
   -0.9990E+03   -0.9990E+03   -0.9990E+03   -0.9990E+03   -0.9990E+03   -0.9990E+03   -0.9990E+03   -0.9990E+03   -0.9990E+03   -0.9990E+03   -0.9990E+03   -0.9990E+03   -0.9990E+03   -0.9990E+03   -0.9990E+03   -0.9990E+03   -0.9990E+03   -0.9990E+03   -0.9990E+03   -0.9990E+03   -0.9990E+03   -0.9990E+03   -0.9990E+03   -0.9990E+03   -0.9990E+03   -0.9990E+03   -0.9990E+03   -0.9990E+03   -0.9990E+03   -0.9990E+03   -0.9990E+03   -0.9990E+03   -0.9990E+03   -0.9990E+03    0.7490E-01    0.6652E-01    0.7160E-01    0.1512E+00    0.2378E+00    0.1591E+00    0.1619E+00    0.2568E+00    0.1826E+00    0.1466E+00    0.8727E-01    0.9327E-01    0.1157E+00    0.1402E+00    0.1560E+00    0.1183E+00    0.1299E+00    0.2152E+00    0.1128E+00    0.2323E+00    0.4276E+00    0.1220E+00    0.1738E+00    0.1998E+00    0.1040E+00    0.7749E-01    0.6966E-01    0.6068E-01    0.6693E-01    0.6352E-01    0.5494E-01    0.1129E+00    0.1450E+00    0.1739E+00   -0.9990E+03   -0.9990E+03   -0.9990E+03   -0.9990E+03   -0.9990E+03   -0.9990E+03   -0.9990E+03   -0.9990E+03
   -0.9990E+03   -0.9990E+03   -0.9990E+03   -0.9990E+03   -0.9990E+03   -0.9990E+03   -0.9990E+03   -0.9990E+03   -0.9990E+03   -0.9990E+03   -0.9990E+03   -0.9990E+03   -0.9990E+03   -0.9990E+03   -0.9990E+03   -0.9990E+03   -0.9990E+03   -0.9990E+03   -0.9990E+03   -0.9990E+03   -0.9990E+03   -0.9990E+03   -0.9990E+03   -0.9990E+03   -0.9990E+03   -0.9990E+03   -0.9990E+03   -0.9990E+03   -0.9990E+03   -0.9990E+03   -0.9990E+03   -0.9990E+03   -0.9990E+03    0.9115E-01    0.1018E+00    0.9723E-01    0.7012E-01    0.1469E+00    0.1773E+00    0.1368E+00    0.1619E+00    0.1935E+00    0.2313E+00    0.2096E+00    0.1006E+00    0.3000E+00    0.2396E+00    0.1304E+00    0.1382E+00    0.1331E+00    0.1395E+00    0.1488E+00    0.8120E-01    0.1929E+00    0.3925E+00    0.1213E+00    0.7867E-01    0.1799E+00    0.2799E+00    0.2413E+00    0.6107E-01    0.4996E-01    0.3867E-01    0.3692E-01    0.5008E-01    0.3499E-01    0.4729E-01    0.5367E-01    0.7163E-01   -0.9990E+03   -0.9990E+03   -0.9990E+03   -0.9990E+03   -0.9990E+03   -0.9990E+03   -0.9990E+03
   -0.9990E+03   -0.9990E+03   -0.9990E+03   -0.9990E+03   -0.9990E+03   -0.9990E+03   -0.9990E+03   -0.9990E+03   -0.9990E+03   -0.9990E+03   -0.9990E+03   -0.9990E+03   -0.9990E+03   -0.9990E+03   -0.9990E+03   -0.9990E+03   -0.9990E+03   -0.9990E+03   -0.9990E+03   -0.9990E+03   -0.9990E+03   -0.9990E+03   -0.9990E+03   -0.9990E+03   -0.9990E+03   -0.9990E+03   -0.9990E+03   -0.9990E+03   -0.9990E+03   -0.9990E+03   -0.9990E+03   -0.9990E+03    0.9060E-01    0.8186E-01    0.8581E-01    0.8762E-01    0.8075E-01    0.8761E-01    0.9840E-01    0.9070E-01    0.1496E+00    0.1561E+00    0.2932E+00    0.2023E+00    0.1509E+00    0.1848E+00    0.5018E+00    0.1698E+00    0.1305E+00    0.1476E+00    0.1674E+00    0.1393E+00    0.1549E+00    0.1247E+00    0.1045E+00    0.2066E+00    0.7859E-01    0.8116E-01    0.1121E+00    0.6567E-01    0.5856E-01    0.4661E-01    0.5895E-01    0.7784E-01    0.8730E-01    0.8229E-01    0.9176E-01    0.8478E-01   -0.9990E+03   -0.9990E+03   -0.9990E+03   -0.9990E+03   -0.9990E+03   -0.9990E+03   -0.9990E+03   -0.9990E+03
   -0.9990E+03   -0.9990E+03   -0.9990E+03   -0.9990E+03   -0.9990E+03   -0.9990E+03   -0.9990E+03   -0.9990E+03   -0.9990E+03   -0.9990E+03   -0.9990E+03   -0.9990E+03   -0.9990E+03   -0.9990E+03   -0.9990E+03   -0.9990E+03   -0.9990E+03   -0.9990E+03   -0.9990E+03   -0.9990E+03   -0.9990E+03   -0.9990E+03   -0.9990E+03   -0.9990E+03   -0.9990E+03   -0.9990E+03   -0.9990E+03   -0.9990E+03   -0.9990E+03   -0.9990E+03   -0.9990E+03    0.8190E-01    0.7678E-01    0.8224E-01    0.7573E-01    0.8614E-01    0.3658E+00    0.1825E+00    0.1379E+00    0.9671E-01    0.6798E-01    0.5329E-01    0.6572E-01    0.7755E-01    0.1058E+00    0.1391E+00    0.2193E+00    0.1501E+00    0.1341E+00    0.1720E+00    0.2967E+00    0.1332E+00    0.1697E+00    0.1553E+00    0.5780E+00    0.2261E+00    0.9452E-01    0.1600E+00    0.2012E+00    0.6276E-01    0.7422E-01    0.7473E-01    0.5051E-01    0.3033E-01    0.1046E+00    0.9581E-01    0.1163E+00   -0.9990E+03   -0.9990E+03   -0.9990E+03   -0.9990E+03   -0.9990E+03   -0.9990E+03   -0.9990E+03   -0.9990E+03   -0.9990E+03
   -0.9990E+03   -0.9990E+03   -0.9990E+03   -0.9990E+03   -0.9990E+03   -0.9990E+03   -0.9990E+03   -0.9990E+03   -0.9990E+03   -0.9990E+03   -0.9990E+03   -0.9990E+03   -0.9990E+03   -0.9990E+03   -0.9990E+03   -0.9990E+03   -0.9990E+03   -0.9990E+03   -0.9990E+03   -0.9990E+03   -0.9990E+03   -0.9990E+03   -0.9990E+03   -0.9990E+03   -0.9990E+03   -0.9990E+03   -0.9990E+03   -0.9990E+03   -0.9990E+03   -0.9990E+03    0.2546E+00    0.2131E+00    0.1915E+00    0.2159E+00    0.8078E-01    0.7975E-01    0.1617E+00    0.1237E+00    0.1375E+00    0.7403E-01    0.5310E-01    0.3539E-01    0.5608E-01    0.1264E+00    0.2063E+00    0.1914E+00    0.1475E+00    0.1508E+00    0.1377E+00    0.1362E+00    0.1344E+00    0.1357E+00    0.2670E+00    0.6277E+00    0.5525E+00    0.2724E+00    0.1379E+00    0.1341E+00    0.6025E-01    0.5134E-01    0.4160E-01    0.2568E-01   -0.9990E+03    0.8654E-01    0.1988E-01    0.4303E-01    0.7476E-01   -0.9990E+03   -0.9990E+03   -0.9990E+03   -0.9990E+03   -0.9990E+03   -0.9990E+03   -0.9990E+03   -0.9990E+03   -0.9990E+03
   -0.9990E+03   -0.9990E+03   -0.9990E+03   -0.9990E+03   -0.9990E+03   -0.9990E+03   -0.9990E+03   -0.9990E+03   -0.9990E+03   -0.9990E+03   -0.9990E+03   -0.9990E+03   -0.9990E+03   -0.9990E+03   -0.9990E+03   -0.9990E+03   -0.9990E+03   -0.9990E+03   -0.9990E+03   -0.9990E+03   -0.9990E+03   -0.9990E+03   -0.9990E+03   -0.9990E+03   -0.9990E+03   -0.9990E+03   -0.9990E+03   -0.9990E+03   -0.9990E+03   -0.9990E+03    0.2241E+00    0.2233E+00    0.2374E+00    0.2135E+00    0.2310E+00    0.1008E+00    0.1497E+00    0.3676E-01    0.3620E-01    0.3479E-01    0.4999E-01    0.5116E-01    0.5699E-01    0.1611E+00    0.2337E+00    0.3661E+00    0.1531E+00    0.2084E+00    0.1479E+00    0.5564E+00    0.5627E+00    0.8704E+00    0.9583E+00    0.4914E+00    0.4549E+00    0.3615E+00    0.1703E+00    0.1599E+00    0.1293E+00    0.9830E-01    0.9900E-01    0.1096E+00    0.3454E-01    0.9937E-01    0.5517E-01    0.3832E-01   -0.9990E+03   -0.9990E+03   -0.9990E+03   -0.9990E+03   -0.9990E+03   -0.9990E+03   -0.9990E+03   -0.9990E+03   -0.9990E+03   -0.9990E+03
   -0.9990E+03   -0.9990E+03   -0.9990E+03   -0.9990E+03   -0.9990E+03   -0.9990E+03   -0.9990E+03   -0.9990E+03   -0.9990E+03   -0.9990E+03   -0.9990E+03   -0.9990E+03   -0.9990E+03   -0.9990E+03   -0.9990E+03   -0.9990E+03   -0.9990E+03   -0.9990E+03   -0.9990E+03   -0.9990E+03   -0.9990E+03   -0.9990E+03   -0.9990E+03   -0.9990E+03   -0.9990E+03   -0.9990E+03   -0.9990E+03   -0.9990E+03   -0.9990E+03   -0.9990E+03    0.2264E+00    0.2272E+00    0.2366E+00    0.2330E+00    0.1213E+00    0.1386E+00    0.1720E+00    0.3533E-01    0.3508E-01    0.3453E-01    0.4741E-01    0.3471E-01    0.3480E-01    0.1076E+00    0.3005E+00    0.3295E+00    0.1413E+00    0.2558E+00    0.1486E+00    0.6227E+00    0.9296E+00    0.6627E+00    0.1466E+00    0.1442E+00    0.1391E+00    0.1340E+00    0.1309E+00    0.2308E+00    0.3008E+00    0.1225E+00    0.1137E+00    0.1007E+00    0.8583E-01    0.1191E+00    0.8900E-01    0.7290E-01   -0.9990E+03   -0.9990E+03   -0.9990E+03   -0.9990E+03   -0.9990E+03   -0.9990E+03   -0.9990E+03   -0.9990E+03   -0.9990E+03   -0.9990E+03
   -0.9990E+03   -0.9990E+03   -0.9990E+03   -0.9990E+03   -0.9990E+03   -0.9990E+03   -0.9990E+03   -0.9990E+03   -0.9990E+03   -0.9990E+03   -0.9990E+03   -0.9990E+03   -0.9990E+03   -0.9990E+03   -0.9990E+03   -0.9990E+03   -0.9990E+03   -0.9990E+03   -0.9990E+03   -0.9990E+03   -0.9990E+03   -0.9990E+03   -0.9990E+03   -0.9990E+03   -0.9990E+03   -0.9990E+03   -0.9990E+03   -0.9990E+03   -0.9990E+03    0.4462E-01    0.1740E+00    0.2424E+00    0.2240E+00    0.2408E+00    0.1012E+00    0.1088E+00    0.9852E-01    0.3734E-01    0.3505E-01    0.3469E-01    0.3450E-01    0.5095E-01    0.4127E-01    0.6461E-01    0.9990E-01    0.1504E+00    0.1544E+00    0.5913E+00    0.2863E+00    0.1715E+00    0.2024E+00    0.1753E+00    0.2926E+00    0.3097E+00    0.3750E+00    0.4091E+00    0.5508E+00    0.2577E+00    0.1099E+00    0.8225E-01    0.7275E-01    0.6542E-01    0.1307E+00    0.1054E+00    0.6551E-01    0.1005E+00   -0.9990E+03   -0.9990E+03   -0.9990E+03   -0.9990E+03   -0.9990E+03   -0.9990E+03   -0.9990E+03   -0.9990E+03   -0.9990E+03   -0.9990E+03
   -0.9990E+03   -0.9990E+03   -0.9990E+03   -0.9990E+03   -0.9990E+03   -0.9990E+03   -0.9990E+03   -0.9990E+03   -0.9990E+03   -0.9990E+03   -0.9990E+03   -0.9990E+03   -0.9990E+03   -0.9990E+03   -0.9990E+03   -0.9990E+03   -0.9990E+03   -0.9990E+03   -0.9990E+03   -0.9990E+03   -0.9990E+03   -0.9990E+03   -0.9990E+03   -0.9990E+03   -0.9990E+03   -0.9990E+03   -0.9990E+03   -0.9990E+03   -0.9990E+03    0.4259E-01    0.2007E+00    0.1910E+00    0.1608E+00    0.1268E+00    0.1099E+00    0.1859E+00    0.1317E+00    0.8731E-01    0.3496E-01    0.3487E-01    0.4057E-01    0.3470E-01    0.4245E-01    0.6789E-01    0.6618E-01    0.1142E+00    0.1508E+00    0.2011E+00    0.2874E+00    0.2064E+00    0.2711E+00    0.2450E+00    0.2265E+00    0.2344E+00    0.5949E+00    0.6869E+00    0.7121E+00    0.2408E+00    0.1043E+00    0.1001E+00    0.7757E-01    0.1036E+00    0.9301E-01    0.3827E-01    0.4592E-01    0.9287E-01   -0.9990E+03   -0.9990E+03   -0.9990E+03   -0.9990E+03   -0.9990E+03   -0.9990E+03   -0.9990E+03   -0.9990E+03   -0.9990E+03   -0.9990E+03
   -0.9990E+03   -0.9990E+03   -0.9990E+03   -0.9990E+03   -0.9990E+03   -0.9990E+03   -0.9990E+03   -0.9990E+03   -0.9990E+03   -0.9990E+03   -0.9990E+03   -0.9990E+03   -0.9990E+03   -0.9990E+03   -0.9990E+03   -0.9990E+03   -0.9990E+03   -0.9990E+03   -0.9990E+03   -0.9990E+03   -0.9990E+03   -0.9990E+03   -0.9990E+03   -0.9990E+03   -0.9990E+03   -0.9990E+03   -0.9990E+03   -0.9990E+03    0.4700E-01    0.4330E-01    0.1566E+00    0.2354E+00    0.2311E+00    0.1023E+01    0.1146E+00    0.9570E-01    0.9406E-01    0.1281E+00    0.3998E-01    0.3547E-01    0.3917E-01    0.3508E-01    0.3469E-01    0.6782E-01    0.5149E-01    0.9099E-01    0.1419E+00    0.1753E+00    0.2061E+00    0.8810E+00    0.3227E+00    0.2587E+00    0.2262E+00    0.2239E+00    0.6626E+00    0.1043E+01    0.1044E+01    0.2342E+00    0.9248E-01    0.6879E-01    0.3602E-01    0.3566E-01    0.3541E-01    0.5952E-01    0.1024E+00   -0.9990E+03   -0.9990E+03   -0.9990E+03   -0.9990E+03   -0.9990E+03   -0.9990E+03   -0.9990E+03   -0.9990E+03   -0.9990E+03   -0.9990E+03   -0.9990E+03
   -0.9990E+03   -0.9990E+03   -0.9990E+03   -0.9990E+03   -0.9990E+03   -0.9990E+03   -0.9990E+03   -0.9990E+03   -0.9990E+03   -0.9990E+03   -0.9990E+03   -0.9990E+03   -0.9990E+03   -0.9990E+03   -0.9990E+03   -0.9990E+03   -0.9990E+03   -0.9990E+03   -0.9990E+03   -0.9990E+03   -0.9990E+03   -0.9990E+03   -0.9990E+03   -0.9990E+03   -0.9990E+03   -0.9990E+03   -0.9990E+03   -0.9990E+03    0.4653E-01    0.4087E-01    0.2373E+00    0.2439E+00    0.1492E+00    0.1917E+00    0.2274E+00    0.1198E+00    0.2446E+00    0.1975E+00    0.3531E-01    0.3498E-01    0.3611E-01    0.3536E-01    0.3490E-01    0.7548E-01    0.8829E-01    0.1462E+00    0.1502E+00    0.1888E+00    0.2276E+00    0.2399E+00    0.3537E+00    0.2814E+00    0.2184E+00    0.1848E+00    0.2022E+00    0.3344E+00    0.4097E+00    0.2700E+00    0.8575E-01    0.6197E-01    0.4448E-01    0.5720E-01    0.5706E-01    0.1293E+00   -0.9990E+03   -0.9990E+03   -0.9990E+03   -0.9990E+03   -0.9990E+03   -0.9990E+03   -0.9990E+03   -0.9990E+03   -0.9990E+03   -0.9990E+03   -0.9990E+03   -0.9990E+03
   -0.9990E+03   -0.9990E+03   -0.9990E+03   -0.9990E+03   -0.9990E+03   -0.9990E+03   -0.9990E+03   -0.9990E+03   -0.9990E+03   -0.9990E+03   -0.9990E+03   -0.9990E+03   -0.9990E+03   -0.9990E+03   -0.9990E+03   -0.9990E+03   -0.9990E+03   -0.9990E+03   -0.9990E+03   -0.9990E+03   -0.9990E+03   -0.9990E+03   -0.9990E+03   -0.9990E+03   -0.9990E+03   -0.9990E+03   -0.9990E+03    0.4428E-01    0.4491E-01    0.4373E-01    0.4133E-01    0.1332E+00    0.1372E+00    0.1970E+00    0.2411E+00    0.1518E+00    0.2228E+00    0.3657E-01    0.3508E-01    0.3506E-01    0.3782E-01    0.3499E-01    0.3480E-01    0.6764E-01    0.9960E-01    0.1741E+00    0.1420E+00    0.5131E+00    0.2110E+00    0.2918E+00    0.6827E+00    0.5124E+00    0.3829E+00    0.2882E+00    0.2616E+00    0.1964E+00    0.2413E+00    0.1399E+00    0.1288E+00    0.6874E-01    0.3815E-01    0.4574E-01    0.5141E-01    0.3499E-01   -0.9990E+03   -0.9990E+03   -0.9990E+03   -0.9990E+03   -0.9990E+03   -0.9990E+03   -0.9990E+03   -0.9990E+03   -0.9990E+03   -0.9990E+03   -0.9990E+03   -0.9990E+03
   -0.9990E+03   -0.9990E+03   -0.9990E+03   -0.9990E+03   -0.9990E+03   -0.9990E+03   -0.9990E+03   -0.9990E+03   -0.9990E+03   -0.9990E+03   -0.9990E+03   -0.9990E+03   -0.9990E+03   -0.9990E+03   -0.9990E+03   -0.9990E+03   -0.9990E+03   -0.9990E+03   -0.9990E+03   -0.9990E+03   -0.9990E+03   -0.9990E+03   -0.9990E+03   -0.9990E+03   -0.9990E+03   -0.9990E+03   -0.9990E+03    0.5880E-01    0.6293E-01    0.4692E-01    0.4192E-01    0.4450E-01    0.6384E-01    0.1094E+00    0.1475E+00    0.1124E+00    0.3954E-01    0.3531E-01    0.3521E-01    0.3735E-01    0.3532E-01    0.3466E-01    0.3780E-01    0.5820E-01    0.9320E-01    0.1684E+00    0.1993E+00    0.9279E+00    0.2031E+00    0.1897E+00    0.2006E+00    0.1994E+00    0.1936E+00    0.1931E+00    0.1986E+00    0.1983E+00    0.2176E+00    0.1728E+00    0.2600E+00    0.1601E+00    0.5640E-01    0.4151E-01    0.3501E-01    0.5022E-01    0.5926E-01    0.3476E-01   -0.9990E+03   -0.9990E+03   -0.9990E+03   -0.9990E+03   -0.9990E+03   -0.9990E+03   -0.9990E+03   -0.9990E+03   -0.9990E+03   -0.9990E+03
   -0.9990E+03   -0.9990E+03   -0.9990E+03   -0.9990E+03   -0.9990E+03   -0.9990E+03   -0.9990E+03   -0.9990E+03   -0.9990E+03   -0.9990E+03   -0.9990E+03   -0.9990E+03   -0.9990E+03   -0.9990E+03   -0.9990E+03   -0.9990E+03   -0.9990E+03   -0.9990E+03   -0.9990E+03   -0.9990E+03   -0.9990E+03   -0.9990E+03   -0.9990E+03   -0.9990E+03   -0.9990E+03   -0.9990E+03    0.6003E-01    0.6250E-01    0.5917E-01    0.5997E-01    0.4249E-01    0.4755E-01    0.4770E-01    0.4941E-01    0.1409E+00    0.4823E-01    0.3529E-01    0.3502E-01    0.3492E-01    0.3500E-01    0.5404E-01    0.9671E-01    0.4165E-01    0.2528E+00    0.1645E+00    0.1716E+00    0.2827E+00    0.1118E+01    0.2727E+00    0.2995E+00    0.4043E+00    0.3154E+00    0.2545E+00    0.2517E+00    0.2428E+00    0.2158E+00    0.1788E+00    0.1753E+00    0.2535E+00    0.2847E+00    0.1341E+00    0.7502E-01    0.4813E-01    0.5206E-01    0.3472E-01    0.4970E-01   -0.9990E+03   -0.9990E+03   -0.9990E+03   -0.9990E+03   -0.9990E+03   -0.9990E+03   -0.9990E+03   -0.9990E+03   -0.9990E+03   -0.9990E+03
   -0.9990E+03   -0.9990E+03   -0.9990E+03   -0.9990E+03   -0.9990E+03   -0.9990E+03   -0.9990E+03   -0.9990E+03   -0.9990E+03   -0.9990E+03   -0.9990E+03   -0.9990E+03   -0.9990E+03   -0.9990E+03   -0.9990E+03   -0.9990E+03   -0.9990E+03   -0.9990E+03   -0.9990E+03   -0.9990E+03   -0.9990E+03   -0.9990E+03   -0.9990E+03   -0.9990E+03   -0.9990E+03   -0.9990E+03    0.6041E-01    0.5406E-01    0.5346E-01    0.5943E-01    0.6238E-01    0.5840E-01    0.6303E-01    0.5528E-01    0.4037E+00    0.3506E-01    0.3493E-01    0.3872E-01    0.3508E-01    0.9118E-01    0.6923E-01    0.9392E-01    0.1227E+00    0.3774E+00    0.2507E+00    0.1729E+00    0.2627E+00    0.7477E+00    0.3087E+00    0.3811E+00    0.3327E+00    0.3086E+00    0.3154E+00    0.2887E+00    0.2050E+00    0.1989E+00    0.1911E+00    0.2581E+00    0.2125E+00    0.2942E+00    0.1896E+00    0.1646E+00    0.7000E-01    0.5114E-01    0.3487E-01    0.3536E-01   -0.9990E+03   -0.9990E+03   -0.9990E+03   -0.9990E+03   -0.9990E+03   -0.9990E+03   -0.9990E+03   -0.9990E+03   -0.9990E+03   -0.9990E+03
   -0.9990E+03   -0.9990E+03   -0.9990E+03   -0.9990E+03   -0.9990E+03   -0.9990E+03   -0.9990E+03   -0.9990E+03   -0.9990E+03   -0.9990E+03   -0.9990E+03   -0.9990E+03   -0.9990E+03   -0.9990E+03   -0.9990E+03   -0.9990E+03   -0.9990E+03   -0.9990E+03   -0.9990E+03   -0.9990E+03   -0.9990E+03   -0.9990E+03   -0.9990E+03   -0.9990E+03   -0.9990E+03   -0.9990E+03    0.5757E-01    0.5662E-01    0.5130E-01    0.5060E-01    0.5816E-01    0.6148E-01    0.5953E-01    0.6912E-01    0.4476E+00    0.3881E-01    0.3990E-01    0.3489E-01    0.4188E-01    0.6289E-01    0.6868E-01    0.1196E+00    0.2892E+00    0.3951E+00    0.2770E+00    0.2067E+00    0.2549E+00    0.2982E+00    0.2642E+00    0.2764E+00    0.2430E+00    0.2175E+00    0.2289E+00    0.2143E+00    0.1987E+00    0.1976E+00    0.2139E+00    0.3265E+00    0.2248E+00    0.2089E+00    0.1884E+00    0.2421E+00    0.1147E+00    0.4995E-01    0.3477E-01    0.3487E-01    0.3846E-01    0.4803E-01   -0.9990E+03   -0.9990E+03   -0.9990E+03   -0.9990E+03   -0.9990E+03   -0.9990E+03   -0.9990E+03   -0.9990E+03
   -0.9990E+03   -0.9990E+03   -0.9990E+03   -0.9990E+03   -0.9990E+03   -0.9990E+03   -0.9990E+03   -0.9990E+03   -0.9990E+03   -0.9990E+03   -0.9990E+03   -0.9990E+03   -0.9990E+03   -0.9990E+03   -0.9990E+03   -0.9990E+03   -0.9990E+03   -0.9990E+03   -0.9990E+03   -0.9990E+03   -0.9990E+03   -0.9990E+03   -0.9990E+03   -0.9990E+03   -0.9990E+03   -0.9990E+03    0.5922E-01    0.4929E-01    0.4932E-01    0.5232E-01    0.5121E-01    0.5262E-01    0.5376E-01    0.5791E-01    0.1272E+00    0.2623E+00    0.3489E-01    0.3541E-01    0.4794E-01    0.3684E-01    0.5279E-01    0.8857E-01    0.1464E+00    0.2845E+00    0.2293E+00    0.2111E+00    0.1996E+00    0.2156E+00    0.2493E+00    0.2749E+00    0.2445E+00    0.2252E+00    0.2021E+00    0.2001E+00    0.1982E+00    0.1966E+00    0.2121E+00    0.3772E+00    0.2296E+00    0.2142E+00    0.2075E+00    0.2652E+00    0.1878E+00    0.5480E-01    0.3470E-01    0.3794E-01    0.3798E-01    0.5655E-01   -0.9990E+03   -0.9990E+03   -0.9990E+03   -0.9990E+03   -0.9990E+03   -0.9990E+03   -0.9990E+03   -0.9990E+03
   -0.9990E+03   -0.9990E+03   -0.9990E+03   -0.9990E+03   -0.9990E+03   -0.9990E+03   -0.9990E+03   -0.9990E+03   -0.9990E+03   -0.9990E+03   -0.9990E+03   -0.9990E+03   -0.9990E+03   -0.9990E+03   -0.9990E+03   -0.9990E+03   -0.9990E+03   -0.9990E+03   -0.9990E+03   -0.9990E+03   -0.9990E+03   -0.9990E+03   -0.9990E+03   -0.9990E+03   -0.9990E+03    0.4629E-01    0.4194E-01    0.4327E-01    0.4075E-01    0.4621E-01    0.4589E-01    0.5003E-01    0.5775E-01    0.5524E-01    0.6062E-01    0.1178E+00    0.1963E+00    0.3874E-01    0.3612E-01    0.3421E-01    0.3468E-01    0.3455E-01    0.5184E-01    0.1012E+00    0.1611E+00    0.1967E+00    0.2370E+00    0.2176E+00    0.2391E+00    0.2352E+00    0.2282E+00    0.2072E+00    0.1995E+00    0.1972E+00    0.1966E+00    0.2028E+00    0.2955E+00    0.2787E+00    0.2254E+00    0.2551E+00    0.2766E+00    0.2961E+00    0.1101E+00    0.4775E-01    0.7429E-01   -0.9990E+03   -0.9990E+03   -0.9990E+03   -0.9990E+03   -0.9990E+03   -0.9990E+03   -0.9990E+03   -0.9990E+03   -0.9990E+03   -0.9990E+03   -0.9990E+03
   -0.9990E+03   -0.9990E+03   -0.9990E+03   -0.9990E+03   -0.9990E+03   -0.9990E+03   -0.9990E+03   -0.9990E+03   -0.9990E+03   -0.9990E+03   -0.9990E+03   -0.9990E+03   -0.9990E+03   -0.9990E+03   -0.9990E+03   -0.9990E+03   -0.9990E+03   -0.9990E+03   -0.9990E+03   -0.9990E+03   -0.9990E+03   -0.9990E+03   -0.9990E+03   -0.9990E+03   -0.9990E+03    0.5118E-01    0.4857E-01    0.5378E-01    0.4952E-01    0.5038E-01    0.3787E-01    0.5926E-01    0.5711E-01    0.6774E-01    0.8144E-01    0.5514E-01    0.3130E+00    0.2146E+00    0.3466E-01    0.3472E-01    0.4387E-01    0.3497E-01    0.3456E-01    0.8696E-01    0.2079E+00    0.1846E+00    0.2069E+00    0.2237E+00    0.2755E+00    0.4557E+00    0.3253E+00    0.2187E+00    0.2093E+00    0.2066E+00    0.2157E+00    0.2758E+00    0.3882E+00    0.2431E+00    0.2308E+00    0.2778E+00    0.1867E+00    0.9925E-01    0.5045E-01    0.5463E-01   -0.9990E+03   -0.9990E+03   -0.9990E+03   -0.9990E+03   -0.9990E+03   -0.9990E+03   -0.9990E+03   -0.9990E+03   -0.9990E+03   -0.9990E+03   -0.9990E+03   -0.9990E+03
   -0.9990E+03   -0.9990E+03   -0.9990E+03   -0.9990E+03   -0.9990E+03   -0.9990E+03   -0.9990E+03   -0.9990E+03   -0.9990E+03   -0.9990E+03   -0.9990E+03   -0.9990E+03   -0.9990E+03   -0.9990E+03   -0.9990E+03   -0.9990E+03   -0.9990E+03   -0.9990E+03   -0.9990E+03   -0.9990E+03   -0.9990E+03   -0.9990E+03   -0.9990E+03   -0.9990E+03   -0.9990E+03    0.4814E-01    0.3558E-01    0.3564E-01    0.3558E-01    0.3555E-01    0.4829E-01    0.6100E-01    0.1219E+00    0.2726E+00    0.2211E+00    0.2330E+00    0.2770E+00    0.6712E+00    0.1321E+00    0.9914E-01    0.6076E-01    0.7052E-01    0.4689E-01    0.1169E+00    0.2145E+00    0.1759E+00    0.1978E+00    0.2176E+00    0.2497E+00    0.3137E+00    0.3812E+00    0.3965E+00    0.2966E+00    0.2746E+00    0.3303E+00    0.6323E+00    0.4581E+00    0.2585E+00    0.2253E+00    0.2126E+00    0.9493E-01    0.4403E-01    0.4299E-01    0.4520E-01   -0.9990E+03   -0.9990E+03   -0.9990E+03   -0.9990E+03   -0.9990E+03   -0.9990E+03   -0.9990E+03   -0.9990E+03   -0.9990E+03   -0.9990E+03   -0.9990E+03   -0.9990E+03
   -0.9990E+03   -0.9990E+03   -0.9990E+03   -0.9990E+03   -0.9990E+03   -0.9990E+03   -0.9990E+03   -0.9990E+03   -0.9990E+03   -0.9990E+03   -0.9990E+03   -0.9990E+03   -0.9990E+03   -0.9990E+03   -0.9990E+03   -0.9990E+03   -0.9990E+03   -0.9990E+03   -0.9990E+03   -0.9990E+03   -0.9990E+03   -0.9990E+03   -0.9990E+03   -0.9990E+03   -0.9990E+03    0.6246E-01    0.6173E-01    0.5307E-01    0.6350E-01    0.5579E-01    0.7646E-01    0.1975E+00    0.3245E+00    0.3830E+00    0.3725E+00    0.3685E+00    0.3799E+00    0.2617E+00    0.1469E+00    0.2545E+00    0.8003E-01    0.7142E-01    0.8178E-01    0.2179E+00    0.1900E+00    0.1663E+00    0.1975E+00    0.2108E+00    0.2200E+00    0.2329E+00    0.2361E+00    0.2399E+00    0.2466E+00    0.3039E+00    0.6476E+00    0.4469E+00    0.3842E+00    0.2608E+00    0.2327E+00    0.1322E+00    0.6772E-01    0.3952E-01    0.4194E-01   -0.9990E+03   -0.9990E+03   -0.9990E+03   -0.9990E+03   -0.9990E+03   -0.9990E+03   -0.9990E+03   -0.9990E+03   -0.9990E+03   -0.9990E+03   -0.9990E+03   -0.9990E+03   -0.9990E+03
   -0.9990E+03   -0.9990E+03   -0.9990E+03   -0.9990E+03   -0.9990E+03   -0.9990E+03   -0.9990E+03   -0.9990E+03   -0.9990E+03   -0.9990E+03   -0.9990E+03   -0.9990E+03   -0.9990E+03   -0.9990E+03   -0.9990E+03   -0.9990E+03   -0.9990E+03   -0.9990E+03   -0.9990E+03   -0.9990E+03   -0.9990E+03   -0.9990E+03   -0.9990E+03   -0.9990E+03   -0.9990E+03   -0.9990E+03   -0.9990E+03    0.7054E-01    0.8624E-01    0.9298E-01    0.1836E+00    0.2978E+00    0.4000E+00    0.5013E+00    0.4610E+00    0.4220E+00    0.6068E+00    0.4787E+00    0.1837E+00    0.1297E+00    0.4439E-01    0.3485E-01    0.4322E-01    0.9576E-01    0.1719E+00    0.1629E+00    0.2039E+00    0.2207E+00    0.2390E+00    0.2518E+00    0.2376E+00    0.2470E+00    0.2650E+00    0.4740E+00    0.6449E+00    0.4514E+00    0.3294E+00    0.2538E+00    0.3070E+00    0.2031E+00    0.7313E-01    0.3460E-01    0.3965E-01   -0.9990E+03   -0.9990E+03   -0.9990E+03   -0.9990E+03   -0.9990E+03   -0.9990E+03   -0.9990E+03   -0.9990E+03   -0.9990E+03   -0.9990E+03   -0.9990E+03   -0.9990E+03   -0.9990E+03
   -0.9990E+03   -0.9990E+03   -0.9990E+03   -0.9990E+03   -0.9990E+03   -0.9990E+03   -0.9990E+03   -0.9990E+03   -0.9990E+03   -0.9990E+03   -0.9990E+03   -0.9990E+03   -0.9990E+03   -0.9990E+03   -0.9990E+03   -0.9990E+03   -0.9990E+03   -0.9990E+03   -0.9990E+03   -0.9990E+03   -0.9990E+03   -0.9990E+03   -0.9990E+03   -0.9990E+03   -0.9990E+03   -0.9990E+03   -0.9990E+03   -0.9990E+03    0.9522E-01    0.5667E-01    0.2035E+00    0.4850E+00    0.5840E+00    0.4505E+00    0.4212E+00    0.4954E+00    0.5917E+00    0.5643E+00    0.2023E+00    0.1592E+00    0.8956E-01    0.3728E-01    0.3569E-01    0.1048E+00    0.2493E+00    0.1751E+00    0.2049E+00    0.2194E+00    0.2354E+00    0.2604E+00    0.3718E+00    0.4745E+00    0.4337E+00    0.4078E+00    0.4723E+00    0.4065E+00    0.2593E+00    0.2436E+00    0.2947E+00    0.1424E+00    0.5281E-01    0.4191E-01   -0.9990E+03   -0.9990E+03   -0.9990E+03   -0.9990E+03   -0.9990E+03   -0.9990E+03   -0.9990E+03   -0.9990E+03   -0.9990E+03   -0.9990E+03   -0.9990E+03   -0.9990E+03   -0.9990E+03   -0.9990E+03
   -0.9990E+03   -0.9990E+03   -0.9990E+03   -0.9990E+03   -0.9990E+03   -0.9990E+03   -0.9990E+03   -0.9990E+03   -0.9990E+03   -0.9990E+03   -0.9990E+03   -0.9990E+03   -0.9990E+03   -0.9990E+03   -0.9990E+03   -0.9990E+03   -0.9990E+03   -0.9990E+03   -0.9990E+03   -0.9990E+03   -0.9990E+03   -0.9990E+03   -0.9990E+03   -0.9990E+03   -0.9990E+03   -0.9990E+03   -0.9990E+03    0.7714E-01    0.6496E-01    0.5970E-01    0.1838E+00    0.4474E+00    0.5814E+00    0.5632E+00    0.4506E+00    0.3806E+00    0.3593E+00    0.3640E+00    0.2335E+00    0.1579E+00    0.1187E+00    0.4225E-01    0.3851E-01    0.1232E+00    0.2398E+00    0.1952E+00    0.1997E+00    0.2104E+00    0.2393E+00    0.2877E+00    0.4004E+00    0.2666E+00    0.2670E+00    0.4136E+00    0.3654E+00    0.2721E+00    0.2437E+00    0.3380E+00    0.3026E+00    0.1807E+00    0.7366E-01   -0.9990E+03   -0.9990E+03   -0.9990E+03   -0.9990E+03   -0.9990E+03   -0.9990E+03   -0.9990E+03   -0.9990E+03   -0.9990E+03   -0.9990E+03   -0.9990E+03   -0.9990E+03   -0.9990E+03   -0.9990E+03   -0.9990E+03
   -0.9990E+03   -0.9990E+03   -0.9990E+03   -0.9990E+03   -0.9990E+03   -0.9990E+03   -0.9990E+03   -0.9990E+03   -0.9990E+03   -0.9990E+03   -0.9990E+03   -0.9990E+03   -0.9990E+03   -0.9990E+03   -0.9990E+03   -0.9990E+03   -0.9990E+03   -0.9990E+03   -0.9990E+03   -0.9990E+03   -0.9990E+03   -0.9990E+03   -0.9990E+03   -0.9990E+03   -0.9990E+03   -0.9990E+03   -0.9990E+03    0.6336E-01    0.5345E-01    0.6189E-01    0.1938E+00    0.2822E+00    0.4233E+00    0.2094E+00    0.4179E-01    0.3763E-01    0.4103E-01    0.4324E-01    0.3745E-01    0.1105E+00    0.1171E+00    0.4578E-01    0.8852E-01    0.2120E+00    0.2711E+00    0.1948E+00    0.1953E+00    0.2076E+00    0.2354E+00    0.2764E+00    0.2532E+00    0.2353E+00    0.3833E+00    0.2782E+00    0.2962E+00    0.2462E+00    0.2300E+00    0.2758E+00    0.2708E+00    0.2502E+00    0.1891E+00   -0.9990E+03   -0.9990E+03   -0.9990E+03   -0.9990E+03   -0.9990E+03   -0.9990E+03   -0.9990E+03   -0.9990E+03   -0.9990E+03   -0.9990E+03   -0.9990E+03   -0.9990E+03   -0.9990E+03   -0.9990E+03   -0.9990E+03
   -0.9990E+03   -0.9990E+03   -0.9990E+03   -0.9990E+03   -0.9990E+03   -0.9990E+03   -0.9990E+03   -0.9990E+03   -0.9990E+03   -0.9990E+03   -0.9990E+03   -0.9990E+03   -0.9990E+03   -0.9990E+03   -0.9990E+03   -0.9990E+03   -0.9990E+03   -0.9990E+03   -0.9990E+03   -0.9990E+03   -0.9990E+03   -0.9990E+03   -0.9990E+03   -0.9990E+03   -0.9990E+03   -0.9990E+03    0.9617E-01    0.6586E-01    0.6352E-01    0.5188E-01    0.7227E-01    0.8242E-01    0.8749E-01    0.5949E-01    0.3946E-01    0.3768E-01    0.3742E-01    0.3703E-01    0.3719E-01    0.3823E-01    0.1939E+00    0.7704E-01    0.9766E-01    0.2515E+00    0.2033E+00    0.2082E+00    0.1979E+00    0.2074E+00    0.2384E+00    0.2179E+00    0.2204E+00    0.2293E+00    0.3256E+00    0.4154E+00    0.2854E+00    0.2370E+00    0.2470E+00    0.2896E+00    0.2805E+00    0.2091E+00    0.7635E-01    0.4066E-01   -0.9990E+03   -0.9990E+03   -0.9990E+03   -0.9990E+03   -0.9990E+03   -0.9990E+03   -0.9990E+03   -0.9990E+03   -0.9990E+03   -0.9990E+03   -0.9990E+03   -0.9990E+03   -0.9990E+03   -0.9990E+03
   -0.9990E+03   -0.9990E+03   -0.9990E+03   -0.9990E+03   -0.9990E+03   -0.9990E+03   -0.9990E+03   -0.9990E+03   -0.9990E+03   -0.9990E+03   -0.9990E+03   -0.9990E+03   -0.9990E+03   -0.9990E+03   -0.9990E+03   -0.9990E+03   -0.9990E+03   -0.9990E+03   -0.9990E+03   -0.9990E+03   -0.9990E+03   -0.9990E+03   -0.9990E+03   -0.9990E+03   -0.9990E+03   -0.9990E+03    0.9403E-01    0.6739E-01    0.5767E-01    0.4604E-01    0.6280E-01    0.5884E-01    0.6316E-01    0.3775E-01    0.5409E-01    0.3652E-01    0.3764E-01    0.3782E-01    0.3730E-01    0.3688E-01    0.1448E+00    0.1553E+00    0.1422E+00    0.2339E+00    0.1984E+00    0.1950E+00    0.2006E+00    0.2071E+00    0.2156E+00    0.2168E+00    0.2185E+00    0.2245E+00    0.3040E+00    0.3310E+00    0.3034E+00    0.2368E+00    0.2837E+00    0.3142E+00    0.2748E+00    0.2127E+00    0.6438E-01    0.3433E-01   -0.9990E+03   -0.9990E+03   -0.9990E+03   -0.9990E+03   -0.9990E+03   -0.9990E+03   -0.9990E+03   -0.9990E+03   -0.9990E+03   -0.9990E+03   -0.9990E+03   -0.9990E+03   -0.9990E+03   -0.9990E+03
   -0.9990E+03   -0.9990E+03   -0.9990E+03   -0.9990E+03   -0.9990E+03   -0.9990E+03   -0.9990E+03   -0.9990E+03   -0.9990E+03   -0.9990E+03   -0.9990E+03   -0.9990E+03   -0.9990E+03   -0.9990E+03   -0.9990E+03   -0.9990E+03   -0.9990E+03   -0.9990E+03   -0.9990E+03   -0.9990E+03   -0.9990E+03   -0.9990E+03   -0.9990E+03   -0.9990E+03    0.8527E-01    0.6643E-01    0.6514E-01    0.1078E+00    0.7980E-01    0.7112E-01    0.5720E-01    0.4669E-01    0.3761E-01    0.3777E-01    0.3607E-01    0.3725E-01    0.3668E-01    0.3789E-01    0.3745E-01    0.3774E-01    0.8344E-01    0.1972E+00    0.2126E+00    0.2100E+00    0.2005E+00    0.2151E+00    0.2264E+00    0.2128E+00    0.2268E+00    0.2189E+00    0.2183E+00    0.2300E+00    0.3248E+00    0.3511E+00    0.3033E+00    0.2301E+00    0.2607E+00    0.3016E+00    0.2906E+00    0.1688E+00    0.4832E-01   -0.9990E+03   -0.9990E+03   -0.9990E+03   -0.9990E+03   -0.9990E+03   -0.9990E+03   -0.9990E+03   -0.9990E+03   -0.9990E+03   -0.9990E+03   -0.9990E+03   -0.9990E+03   -0.9990E+03   -0.9990E+03   -0.9990E+03
   -0.9990E+03   -0.9990E+03   -0.9990E+03   -0.9990E+03   -0.9990E+03   -0.9990E+03   -0.9990E+03   -0.9990E+03   -0.9990E+03   -0.9990E+03   -0.9990E+03   -0.9990E+03   -0.9990E+03   -0.9990E+03   -0.9990E+03   -0.9990E+03   -0.9990E+03   -0.9990E+03   -0.9990E+03   -0.9990E+03   -0.9990E+03   -0.9990E+03   -0.9990E+03   -0.9990E+03   -0.9990E+03    0.1110E+00    0.6281E-01    0.1024E+00    0.9069E-01    0.7205E-01    0.6929E-01    0.4003E-01    0.3586E-01    0.3758E-01    0.3657E-01    0.3787E-01    0.3713E-01    0.3777E-01    0.3779E-01    0.3781E-01    0.7423E-01    0.1800E+00    0.1969E+00    0.1978E+00    0.2030E+00    0.2234E+00    0.2439E+00    0.2294E+00    0.2227E+00    0.2617E+00    0.2292E+00    0.2992E+00    0.2760E+00    0.2325E+00    0.2448E+00    0.2209E+00    0.2171E+00    0.2937E+00    0.2278E+00    0.1966E+00   -0.9990E+03   -0.9990E+03   -0.9990E+03   -0.9990E+03   -0.9990E+03   -0.9990E+03   -0.9990E+03   -0.9990E+03   -0.9990E+03   -0.9990E+03   -0.9990E+03   -0.9990E+03   -0.9990E+03   -0.9990E+03   -0.9990E+03   -0.9990E+03
   -0.9990E+03   -0.9990E+03   -0.9990E+03   -0.9990E+03   -0.9990E+03   -0.9990E+03   -0.9990E+03   -0.9990E+03   -0.9990E+03   -0.9990E+03   -0.9990E+03   -0.9990E+03   -0.9990E+03   -0.9990E+03   -0.9990E+03   -0.9990E+03   -0.9990E+03   -0.9990E+03   -0.9990E+03   -0.9990E+03   -0.9990E+03   -0.9990E+03   -0.9990E+03   -0.9990E+03    0.8241E-01    0.7661E-01    0.4962E-01    0.6730E-01    0.5751E-01    0.9781E-01    0.1010E+00    0.4322E-01    0.3429E-01    0.3702E-01    0.3714E-01    0.3785E-01    0.3697E-01    0.3775E-01    0.3762E-01    0.3749E-01    0.1284E+00    0.1881E+00    0.1793E+00    0.1685E+00    0.2004E+00    0.1897E+00    0.2076E+00    0.2272E+00    0.2334E+00    0.2781E+00    0.3079E+00    0.2827E+00    0.2428E+00    0.2241E+00    0.2212E+00    0.2171E+00    0.2118E+00    0.2331E+00    0.2005E+00   -0.9990E+03   -0.9990E+03   -0.9990E+03   -0.9990E+03   -0.9990E+03   -0.9990E+03   -0.9990E+03   -0.9990E+03   -0.9990E+03   -0.9990E+03   -0.9990E+03   -0.9990E+03   -0.9990E+03   -0.9990E+03   -0.9990E+03   -0.9990E+03   -0.9990E+03
   -0.9990E+03   -0.9990E+03   -0.9990E+03   -0.9990E+03   -0.9990E+03   -0.9990E+03   -0.9990E+03   -0.9990E+03   -0.9990E+03   -0.9990E+03   -0.9990E+03   -0.9990E+03   -0.9990E+03   -0.9990E+03   -0.9990E+03   -0.9990E+03   -0.9990E+03   -0.9990E+03   -0.9990E+03   -0.9990E+03   -0.9990E+03   -0.9990E+03   -0.9990E+03   -0.9990E+03    0.6215E-01    0.5354E-01    0.4158E-01    0.4444E-01    0.4871E-01    0.6046E-01    0.5399E-01    0.4001E-01    0.3210E-01    0.3578E-01    0.3794E-01    0.3662E-01    0.3630E-01    0.3777E-01    0.3704E-01    0.3708E-01    0.1748E+00    0.1780E+00    0.1517E+00    0.1098E+00    0.1765E+00    0.1479E+00    0.2038E+00    0.2017E+00    0.2079E+00    0.2310E+00    0.3170E+00    0.2224E+00    0.2180E+00    0.3001E+00    0.3218E+00    0.3155E+00    0.2148E+00    0.2229E+00    0.2849E+00   -0.9990E+03   -0.9990E+03   -0.9990E+03   -0.9990E+03   -0.9990E+03   -0.9990E+03   -0.9990E+03   -0.9990E+03   -0.9990E+03   -0.9990E+03   -0.9990E+03   -0.9990E+03   -0.9990E+03   -0.9990E+03   -0.9990E+03   -0.9990E+03   -0.9990E+03
   -0.9990E+03   -0.9990E+03   -0.9990E+03   -0.9990E+03   -0.9990E+03   -0.9990E+03   -0.9990E+03   -0.9990E+03   -0.9990E+03   -0.9990E+03   -0.9990E+03   -0.9990E+03   -0.9990E+03   -0.9990E+03   -0.9990E+03   -0.9990E+03   -0.9990E+03   -0.9990E+03   -0.9990E+03   -0.9990E+03   -0.9990E+03   -0.9990E+03   -0.9990E+03   -0.9990E+03    0.5019E-01    0.4054E-01    0.4683E-01    0.3959E-01    0.3962E-01    0.4369E-01    0.4107E-01    0.4252E-01    0.3234E-01    0.3405E-01    0.3612E-01    0.3795E-01    0.3727E-01    0.3767E-01    0.3655E-01    0.3629E-01    0.1651E+00    0.1467E+00    0.6710E-01    0.6613E-01    0.6660E-01    0.7312E-01    0.2686E+00    0.2148E+00    0.2511E+00    0.2325E+00    0.2550E+00    0.2164E+00    0.2168E+00    0.2404E+00    0.3415E-01    0.3414E-01    0.3403E-01    0.3403E-01    0.3407E-01   -0.9990E+03   -0.9990E+03   -0.9990E+03   -0.9990E+03   -0.9990E+03   -0.9990E+03   -0.9990E+03   -0.9990E+03   -0.9990E+03   -0.9990E+03   -0.9990E+03   -0.9990E+03   -0.9990E+03   -0.9990E+03   -0.9990E+03   -0.9990E+03   -0.9990E+03
   -0.9990E+03   -0.9990E+03   -0.9990E+03   -0.9990E+03   -0.9990E+03   -0.9990E+03   -0.9990E+03   -0.9990E+03   -0.9990E+03   -0.9990E+03   -0.9990E+03   -0.9990E+03   -0.9990E+03   -0.9990E+03   -0.9990E+03   -0.9990E+03   -0.9990E+03   -0.9990E+03   -0.9990E+03   -0.9990E+03   -0.9990E+03   -0.9990E+03   -0.9990E+03    0.5202E-01    0.4160E-01    0.3915E-01    0.4117E-01    0.3988E-01    0.3935E-01    0.5018E-01    0.4904E-01    0.5957E-01    0.4429E-01    0.3599E-01    0.3310E-01    0.3461E-01    0.3678E-01    0.3766E-01    0.3621E-01    0.1136E+00    0.1326E+00    0.4349E-01    0.3434E-01    0.3433E-01    0.3430E-01    0.3429E-01    0.2680E+00    0.3008E+00    0.2094E+00    0.2273E+00    0.2132E+00    0.2127E+00    0.1171E+00    0.3420E-01    0.3411E-01    0.3410E-01    0.3402E-01    0.3406E-01    0.3415E-01   -0.9990E+03   -0.9990E+03   -0.9990E+03   -0.9990E+03   -0.9990E+03   -0.9990E+03   -0.9990E+03   -0.9990E+03   -0.9990E+03   -0.9990E+03   -0.9990E+03   -0.9990E+03   -0.9990E+03   -0.9990E+03   -0.9990E+03   -0.9990E+03   -0.9990E+03
   -0.9990E+03   -0.9990E+03   -0.9990E+03   -0.9990E+03   -0.9990E+03   -0.9990E+03   -0.9990E+03   -0.9990E+03   -0.9990E+03   -0.9990E+03   -0.9990E+03   -0.9990E+03   -0.9990E+03   -0.9990E+03   -0.9990E+03   -0.9990E+03   -0.9990E+03   -0.9990E+03   -0.9990E+03   -0.9990E+03   -0.9990E+03   -0.9990E+03   -0.9990E+03    0.5316E-01    0.3931E-01    0.4398E-01    0.5426E-01    0.4070E-01    0.4060E-01    0.3963E-01    0.4140E-01    0.5045E-01    0.4860E-01    0.6047E-01    0.3339E-01    0.3293E-01    0.3782E-01    0.3788E-01    0.3640E-01    0.1678E+00    0.6655E-01    0.3442E-01    0.3439E-01    0.3435E-01    0.3435E-01    0.3430E-01    0.3428E-01    0.3426E-01    0.1076E+00    0.2141E+00    0.1751E+00    0.3417E-01    0.3417E-01    0.3417E-01    0.1409E+00    0.7302E-01    0.4181E-01    0.3419E-01   -0.9990E+03   -0.9990E+03   -0.9990E+03   -0.9990E+03   -0.9990E+03   -0.9990E+03   -0.9990E+03   -0.9990E+03   -0.9990E+03   -0.9990E+03   -0.9990E+03   -0.9990E+03   -0.9990E+03   -0.9990E+03   -0.9990E+03   -0.9990E+03   -0.9990E+03   -0.9990E+03
   -0.9990E+03   -0.9990E+03   -0.9990E+03   -0.9990E+03   -0.9990E+03   -0.9990E+03   -0.9990E+03   -0.9990E+03   -0.9990E+03   -0.9990E+03   -0.9990E+03   -0.9990E+03   -0.9990E+03   -0.9990E+03   -0.9990E+03   -0.9990E+03   -0.9990E+03   -0.9990E+03   -0.9990E+03   -0.9990E+03   -0.9990E+03   -0.9990E+03   -0.9990E+03    0.3953E-01    0.4074E-01    0.4059E-01    0.3960E-01    0.4034E-01    0.4257E-01    0.4014E-01    0.4331E-01    0.1051E+00    0.1389E+00    0.1389E+00    0.6881E-01    0.3329E-01    0.3784E-01    0.3536E-01    0.1161E+00    0.5390E-01    0.3441E-01    0.3451E-01    0.3450E-01    0.3440E-01    0.3434E-01    0.3434E-01    0.3431E-01    0.3729E-01    0.3440E-01    0.3435E-01    0.3436E-01    0.3472E-01    0.1409E+00    0.1410E+00    0.1413E+00    0.1275E+00    0.1291E+00   -0.9990E+03   -0.9990E+03   -0.9990E+03   -0.9990E+03   -0.9990E+03   -0.9990E+03   -0.9990E+03   -0.9990E+03   -0.9990E+03   -0.9990E+03   -0.9990E+03   -0.9990E+03   -0.9990E+03   -0.9990E+03   -0.9990E+03   -0.9990E+03   -0.9990E+03   -0.9990E+03   -0.9990E+03
   -0.9990E+03   -0.9990E+03   -0.9990E+03   -0.9990E+03   -0.9990E+03   -0.9990E+03   -0.9990E+03   -0.9990E+03   -0.9990E+03   -0.9990E+03   -0.9990E+03   -0.9990E+03   -0.9990E+03   -0.9990E+03   -0.9990E+03   -0.9990E+03   -0.9990E+03   -0.9990E+03   -0.9990E+03   -0.9990E+03   -0.9990E+03   -0.9990E+03   -0.9990E+03    0.4211E-01    0.4246E-01    0.4241E-01    0.4292E-01    0.4184E-01    0.9973E-01    0.4183E-01    0.3980E-01    0.5959E-01    0.1348E+00    0.1358E+00    0.1385E+00    0.3561E-01    0.3772E-01    0.3449E-01    0.3437E-01    0.6659E-01    0.3440E-01    0.3450E-01    0.3442E-01    0.3441E-01    0.3443E-01    0.3439E-01    0.3456E-01    0.1413E+00    0.1409E+00    0.1410E+00    0.1414E+00    0.1410E+00    0.1413E+00    0.1414E+00    0.1413E+00    0.1383E+00   -0.9990E+03   -0.9990E+03   -0.9990E+03   -0.9990E+03   -0.9990E+03   -0.9990E+03   -0.9990E+03   -0.9990E+03   -0.9990E+03   -0.9990E+03   -0.9990E+03   -0.9990E+03   -0.9990E+03   -0.9990E+03   -0.9990E+03   -0.9990E+03   -0.9990E+03   -0.9990E+03   -0.9990E+03   -0.9990E+03
   -0.9990E+03   -0.9990E+03   -0.9990E+03   -0.9990E+03   -0.9990E+03   -0.9990E+03   -0.9990E+03   -0.9990E+03   -0.9990E+03   -0.9990E+03   -0.9990E+03   -0.9990E+03   -0.9990E+03   -0.9990E+03   -0.9990E+03   -0.9990E+03   -0.9990E+03   -0.9990E+03   -0.9990E+03   -0.9990E+03   -0.9990E+03   -0.9990E+03   -0.9990E+03    0.3973E-01    0.3933E-01    0.4158E-01    0.4230E-01    0.4112E-01    0.7616E-01    0.4064E-01    0.4211E-01    0.4312E-01    0.5566E-01    0.8279E-01    0.1408E+00    0.3558E-01    0.3435E-01    0.3432E-01    0.3435E-01    0.8562E-01    0.3440E-01    0.3445E-01    0.1930E+00    0.3462E-01    0.3459E-01    0.3452E-01    0.1412E+00    0.1413E+00    0.1414E+00    0.1412E+00    0.1414E+00    0.1413E+00    0.1413E+00    0.1413E+00    0.1413E+00    0.1415E+00   -0.9990E+03   -0.9990E+03   -0.9990E+03   -0.9990E+03   -0.9990E+03   -0.9990E+03   -0.9990E+03   -0.9990E+03   -0.9990E+03   -0.9990E+03   -0.9990E+03   -0.9990E+03   -0.9990E+03   -0.9990E+03   -0.9990E+03   -0.9990E+03   -0.9990E+03   -0.9990E+03   -0.9990E+03   -0.9990E+03
   -0.9990E+03   -0.9990E+03   -0.9990E+03   -0.9990E+03   -0.9990E+03   -0.9990E+03   -0.9990E+03   -0.9990E+03   -0.9990E+03   -0.9990E+03   -0.9990E+03   -0.9990E+03   -0.9990E+03   -0.9990E+03   -0.9990E+03   -0.9990E+03   -0.9990E+03   -0.9990E+03   -0.9990E+03   -0.9990E+03   -0.9990E+03   -0.9990E+03   -0.9990E+03    0.3929E-01    0.3934E-01    0.3942E-01    0.4171E-01    0.4313E-01    0.4148E-01    0.5047E-01    0.4268E-01    0.5678E-01    0.9018E-01    0.1413E+00    0.1416E+00    0.5610E-01    0.3431E-01    0.3431E-01    0.3432E-01    0.6801E-01    0.3430E-01    0.3461E-01    0.1627E+00    0.1404E+00    0.1404E+00    0.1408E+00    0.1412E+00    0.1412E+00    0.1412E+00    0.1413E+00    0.4961E+00    0.4327E+00    0.2929E+00    0.2807E+00   -0.9990E+03   -0.9990E+03   -0.9990E+03   -0.9990E+03   -0.9990E+03   -0.9990E+03   -0.9990E+03   -0.9990E+03   -0.9990E+03   -0.9990E+03   -0.9990E+03   -0.9990E+03   -0.9990E+03   -0.9990E+03   -0.9990E+03   -0.9990E+03   -0.9990E+03   -0.9990E+03   -0.9990E+03   -0.9990E+03   -0.9990E+03   -0.9990E+03
   -0.9990E+03   -0.9990E+03   -0.9990E+03   -0.9990E+03   -0.9990E+03   -0.9990E+03   -0.9990E+03   -0.9990E+03   -0.9990E+03   -0.9990E+03   -0.9990E+03   -0.9990E+03   -0.9990E+03   -0.9990E+03   -0.9990E+03   -0.9990E+03   -0.9990E+03   -0.9990E+03   -0.9990E+03   -0.9990E+03   -0.9990E+03   -0.9990E+03   -0.9990E+03   -0.9990E+03    0.4080E-01    0.3926E-01    0.4295E-01    0.4047E-01    0.4359E-01    0.3944E-01    0.4028E-01    0.5209E-01    0.5692E-01    0.1413E+00    0.1413E+00    0.1411E+00    0.3437E-01    0.3432E-01    0.3442E-01    0.1406E+00    0.1409E+00    0.1409E+00    0.1402E+00    0.1404E+00    0.1408E+00    0.1411E+00    0.1410E+00    0.4448E+00    0.3973E+00    0.3820E+00    0.2190E+00    0.2719E+00    0.2628E+00   -0.9990E+03   -0.9990E+03   -0.9990E+03   -0.9990E+03   -0.9990E+03   -0.9990E+03   -0.9990E+03   -0.9990E+03   -0.9990E+03   -0.9990E+03   -0.9990E+03   -0.9990E+03   -0.9990E+03   -0.9990E+03   -0.9990E+03   -0.9990E+03   -0.9990E+03   -0.9990E+03   -0.9990E+03   -0.9990E+03   -0.9990E+03   -0.9990E+03   -0.9990E+03
   -0.9990E+03   -0.9990E+03   -0.9990E+03   -0.9990E+03   -0.9990E+03   -0.9990E+03   -0.9990E+03   -0.9990E+03   -0.9990E+03   -0.9990E+03   -0.9990E+03   -0.9990E+03   -0.9990E+03   -0.9990E+03   -0.9990E+03   -0.9990E+03   -0.9990E+03   -0.9990E+03   -0.9990E+03   -0.9990E+03   -0.9990E+03   -0.9990E+03   -0.9990E+03   -0.9990E+03    0.4729E-01    0.4870E-01    0.4425E-01    0.4076E-01    0.4001E-01    0.4264E-01    0.4112E-01    0.4809E-01    0.7076E-01    0.1413E+00    0.1412E+00    0.1414E+00    0.8430E-01    0.7235E-01    0.1410E+00    0.1409E+00    0.1406E+00    0.1404E+00    0.1396E+00    0.1403E+00    0.1409E+00    0.4790E+00    0.3164E+00    0.2479E+00    0.3078E+00    0.2620E+00    0.3196E+00   -0.9990E+03   -0.9990E+03   -0.9990E+03   -0.9990E+03   -0.9990E+03   -0.9990E+03   -0.9990E+03   -0.9990E+03   -0.9990E+03   -0.9990E+03   -0.9990E+03   -0.9990E+03   -0.9990E+03   -0.9990E+03   -0.9990E+03   -0.9990E+03   -0.9990E+03   -0.9990E+03   -0.9990E+03   -0.9990E+03   -0.9990E+03   -0.9990E+03   -0.9990E+03   -0.9990E+03   -0.9990E+03
   -0.9990E+03   -0.9990E+03   -0.9990E+03   -0.9990E+03   -0.9990E+03   -0.9990E+03   -0.9990E+03   -0.9990E+03   -0.9990E+03   -0.9990E+03   -0.9990E+03   -0.9990E+03   -0.9990E+03   -0.9990E+03   -0.9990E+03   -0.9990E+03   -0.9990E+03   -0.9990E+03   -0.9990E+03   -0.9990E+03   -0.9990E+03   -0.9990E+03   -0.9990E+03    0.4104E-01    0.4271E-01    0.4193E-01    0.4877E-01    0.4752E-01    0.4786E-01    0.4043E-01    0.4396E-01    0.1367E+00    0.9724E-01    0.1415E+00    0.1414E+00    0.1413E+00    0.3406E+00    0.1794E+00    0.1412E+00    0.1411E+00    0.1409E+00    0.2527E+00    0.1990E+00    0.2012E+00    0.2883E+00    0.2053E+00    0.2732E+00    0.2920E+00    0.2779E+00    0.2815E+00    0.2563E+00    0.2805E+00   -0.9990E+03   -0.9990E+03   -0.9990E+03   -0.9990E+03   -0.9990E+03   -0.9990E+03   -0.9990E+03   -0.9990E+03   -0.9990E+03   -0.9990E+03   -0.9990E+03   -0.9990E+03   -0.9990E+03   -0.9990E+03   -0.9990E+03   -0.9990E+03   -0.9990E+03   -0.9990E+03   -0.9990E+03   -0.9990E+03   -0.9990E+03   -0.9990E+03   -0.9990E+03   -0.9990E+03
   -0.9990E+03   -0.9990E+03   -0.9990E+03   -0.9990E+03   -0.9990E+03   -0.9990E+03   -0.9990E+03   -0.9990E+03   -0.9990E+03   -0.9990E+03   -0.9990E+03   -0.9990E+03   -0.9990E+03   -0.9990E+03   -0.9990E+03   -0.9990E+03   -0.9990E+03   -0.9990E+03   -0.9990E+03   -0.9990E+03   -0.9990E+03   -0.9990E+03   -0.9990E+03    0.4061E-01    0.4080E-01    0.4172E-01    0.4122E-01    0.4203E-01    0.6810E-01    0.7355E-01    0.1359E+00    0.1352E+00    0.1416E+00    0.1415E+00    0.1413E+00    0.1413E+00    0.4451E+00    0.2928E+00    0.3304E+00    0.3115E+00    0.3331E+00    0.2715E+00    0.2012E+00    0.1847E+00    0.1958E+00    0.2278E+00    0.2386E+00    0.2485E+00    0.2415E+00    0.2414E+00    0.2334E+00    0.2254E+00   -0.9990E+03   -0.9990E+03   -0.9990E+03   -0.9990E+03   -0.9990E+03   -0.9990E+03   -0.9990E+03   -0.9990E+03   -0.9990E+03   -0.9990E+03   -0.9990E+03   -0.9990E+03   -0.9990E+03   -0.9990E+03   -0.9990E+03   -0.9990E+03   -0.9990E+03   -0.9990E+03   -0.9990E+03   -0.9990E+03   -0.9990E+03   -0.9990E+03   -0.9990E+03   -0.9990E+03
   -0.9990E+03   -0.9990E+03   -0.9990E+03   -0.9990E+03   -0.9990E+03   -0.9990E+03   -0.9990E+03   -0.9990E+03   -0.9990E+03   -0.9990E+03   -0.9990E+03   -0.9990E+03   -0.9990E+03   -0.9990E+03   -0.9990E+03   -0.9990E+03   -0.9990E+03   -0.9990E+03   -0.9990E+03   -0.9990E+03   -0.9990E+03   -0.9990E+03   -0.9990E+03   -0.9990E+03    0.4313E-01    0.4043E-01    0.4047E-01    0.4116E-01    0.7164E-01    0.7686E-01    0.1115E+00    0.1359E+00    0.1366E+00    0.1412E+00    0.1413E+00    0.1413E+00    0.2809E+00    0.3241E+00    0.3655E+00    0.3490E+00    0.2939E+00    0.2876E+00    0.2272E+00    0.1841E+00    0.2226E+00    0.2624E+00    0.2734E+00    0.2637E+00    0.2511E+00    0.3023E+00    0.1816E+00    0.1893E+00   -0.9990E+03   -0.9990E+03   -0.9990E+03   -0.9990E+03   -0.9990E+03   -0.9990E+03   -0.9990E+03   -0.9990E+03   -0.9990E+03   -0.9990E+03   -0.9990E+03   -0.9990E+03   -0.9990E+03   -0.9990E+03   -0.9990E+03   -0.9990E+03   -0.9990E+03   -0.9990E+03   -0.9990E+03   -0.9990E+03   -0.9990E+03   -0.9990E+03   -0.9990E+03   -0.9990E+03
   -0.9990E+03   -0.9990E+03   -0.9990E+03   -0.9990E+03   -0.9990E+03   -0.9990E+03   -0.9990E+03   -0.9990E+03   -0.9990E+03   -0.9990E+03   -0.9990E+03   -0.9990E+03   -0.9990E+03   -0.9990E+03   -0.9990E+03   -0.9990E+03   -0.9990E+03   -0.9990E+03   -0.9990E+03   -0.9990E+03   -0.9990E+03   -0.9990E+03   -0.9990E+03   -0.9990E+03    0.3799E-01    0.4212E-01    0.4195E-01    0.4539E-01    0.4685E-01    0.3858E-01    0.8530E-01    0.1324E+00    0.1965E+00    0.5277E+00    0.1414E+00    0.1413E+00    0.3374E+00    0.4296E+00    0.3784E+00    0.3784E+00    0.3429E+00    0.2645E+00    0.2327E+00    0.2088E+00    0.2438E+00    0.2366E+00    0.2512E+00    0.2549E+00    0.2759E+00    0.2566E+00    0.1800E+00   -0.9990E+03   -0.9990E+03   -0.9990E+03   -0.9990E+03   -0.9990E+03   -0.9990E+03   -0.9990E+03   -0.9990E+03   -0.9990E+03   -0.9990E+03   -0.9990E+03   -0.9990E+03   -0.9990E+03   -0.9990E+03   -0.9990E+03   -0.9990E+03   -0.9990E+03   -0.9990E+03   -0.9990E+03   -0.9990E+03   -0.9990E+03   -0.9990E+03   -0.9990E+03   -0.9990E+03   -0.9990E+03
   -0.9990E+03   -0.9990E+03   -0.9990E+03   -0.9990E+03   -0.9990E+03   -0.9990E+03   -0.9990E+03   -0.9990E+03   -0.9990E+03   -0.9990E+03   -0.9990E+03   -0.9990E+03   -0.9990E+03   -0.9990E+03   -0.9990E+03   -0.9990E+03   -0.9990E+03   -0.9990E+03   -0.9990E+03   -0.9990E+03   -0.9990E+03   -0.9990E+03   -0.9990E+03   -0.9990E+03    0.3729E-01    0.3657E-01    0.3636E-01    0.3760E-01    0.3758E-01    0.3791E-01    0.7535E-01    0.9133E-01    0.1019E+00    0.6025E+00    0.8773E+00    0.3985E+00    0.6422E+00    0.4320E+00    0.4716E+00    0.4088E+00    0.2788E+00    0.2678E+00    0.2531E+00    0.2337E+00    0.2207E+00    0.2506E+00    0.2692E+00    0.2741E+00    0.3282E+00    0.2586E+00   -0.9990E+03   -0.9990E+03   -0.9990E+03   -0.9990E+03   -0.9990E+03   -0.9990E+03   -0.9990E+03   -0.9990E+03   -0.9990E+03   -0.9990E+03   -0.9990E+03   -0.9990E+03   -0.9990E+03   -0.9990E+03   -0.9990E+03   -0.9990E+03   -0.9990E+03   -0.9990E+03   -0.9990E+03   -0.9990E+03   -0.9990E+03   -0.9990E+03   -0.9990E+03   -0.9990E+03   -0.9990E+03   -0.9990E+03
   -0.9990E+03   -0.9990E+03   -0.9990E+03   -0.9990E+03   -0.9990E+03   -0.9990E+03   -0.9990E+03   -0.9990E+03   -0.9990E+03   -0.9990E+03   -0.9990E+03   -0.9990E+03   -0.9990E+03   -0.9990E+03   -0.9990E+03   -0.9990E+03   -0.9990E+03   -0.9990E+03   -0.9990E+03   -0.9990E+03   -0.9990E+03   -0.9990E+03   -0.9990E+03   -0.9990E+03    0.3688E-01    0.3710E-01    0.3711E-01    0.3701E-01    0.3684E-01    0.3710E-01    0.5665E-01    0.5035E-01    0.1402E+00    0.2489E+00    0.6420E+00    0.5014E+00    0.4546E+00    0.5181E+00    0.5959E+00    0.3698E+00    0.2817E+00    0.2637E+00    0.2923E+00    0.2604E+00    0.2359E+00    0.2676E+00    0.2816E+00    0.2966E+00    0.3364E+00    0.3578E+00   -0.9990E+03   -0.9990E+03   -0.9990E+03   -0.9990E+03   -0.9990E+03   -0.9990E+03   -0.9990E+03   -0.9990E+03   -0.9990E+03   -0.9990E+03   -0.9990E+03   -0.9990E+03   -0.9990E+03   -0.9990E+03   -0.9990E+03   -0.9990E+03   -0.9990E+03   -0.9990E+03   -0.9990E+03   -0.9990E+03   -0.9990E+03   -0.9990E+03   -0.9990E+03   -0.9990E+03   -0.9990E+03   -0.9990E+03
   -0.9990E+03   -0.9990E+03   -0.9990E+03   -0.9990E+03   -0.9990E+03   -0.9990E+03   -0.9990E+03   -0.9990E+03   -0.9990E+03   -0.9990E+03   -0.9990E+03   -0.9990E+03   -0.9990E+03   -0.9990E+03   -0.9990E+03   -0.9990E+03   -0.9990E+03   -0.9990E+03   -0.9990E+03   -0.9990E+03   -0.9990E+03   -0.9990E+03   -0.9990E+03   -0.9990E+03    0.3625E-01    0.3644E-01    0.3647E-01    0.3648E-01    0.3638E-01    0.3641E-01    0.3746E-01    0.4949E-01    0.4525E+00    0.6409E+00    0.1252E+00    0.4321E+00    0.4317E+00    0.5949E+00    0.5761E+00    0.3529E+00    0.2685E+00    0.2492E+00    0.3109E+00    0.2793E+00    0.2725E+00    0.2855E+00    0.3128E+00    0.3274E+00    0.3102E+00    0.3299E+00   -0.9990E+03   -0.9990E+03   -0.9990E+03   -0.9990E+03   -0.9990E+03   -0.9990E+03   -0.9990E+03   -0.9990E+03   -0.9990E+03   -0.9990E+03   -0.9990E+03   -0.9990E+03   -0.9990E+03   -0.9990E+03   -0.9990E+03   -0.9990E+03   -0.9990E+03   -0.9990E+03   -0.9990E+03   -0.9990E+03   -0.9990E+03   -0.9990E+03   -0.9990E+03   -0.9990E+03   -0.9990E+03   -0.9990E+03
   -0.9990E+03   -0.9990E+03   -0.9990E+03   -0.9990E+03   -0.9990E+03   -0.9990E+03   -0.9990E+03   -0.9990E+03   -0.9990E+03   -0.9990E+03   -0.9990E+03   -0.9990E+03   -0.9990E+03   -0.9990E+03   -0.9990E+03   -0.9990E+03   -0.9990E+03   -0.9990E+03   -0.9990E+03   -0.9990E+03   -0.9990E+03   -0.9990E+03   -0.9990E+03    0.3658E-01    0.3628E-01    0.3711E-01    0.3706E-01    0.3772E-01    0.3744E-01    0.3764E-01    0.3786E-01    0.6909E-01    0.8333E+00    0.8512E+00    0.2156E+00    0.4885E+00    0.3528E+00    0.2403E+00    0.2359E+00    0.3272E+00    0.2954E+00    0.2801E+00    0.3428E+00    0.3410E+00    0.3571E+00    0.3110E+00    0.3850E+00    0.3792E+00    0.2865E+00    0.3045E+00   -0.9990E+03   -0.9990E+03   -0.9990E+03   -0.9990E+03   -0.9990E+03   -0.9990E+03   -0.9990E+03   -0.9990E+03   -0.9990E+03   -0.9990E+03   -0.9990E+03   -0.9990E+03   -0.9990E+03   -0.9990E+03   -0.9990E+03   -0.9990E+03   -0.9990E+03   -0.9990E+03   -0.9990E+03   -0.9990E+03   -0.9990E+03   -0.9990E+03   -0.9990E+03   -0.9990E+03   -0.9990E+03   -0.9990E+03
   -0.9990E+03   -0.9990E+03   -0.9990E+03   -0.9990E+03   -0.9990E+03   -0.9990E+03   -0.9990E+03   -0.9990E+03   -0.9990E+03   -0.9990E+03   -0.9990E+03   -0.9990E+03   -0.9990E+03   -0.9990E+03   -0.9990E+03   -0.9990E+03   -0.9990E+03   -0.9990E+03   -0.9990E+03   -0.9990E+03   -0.9990E+03   -0.9990E+03   -0.9990E+03    0.1433E+00    0.3672E-01    0.3728E-01    0.3711E-01    0.3754E-01    0.3728E-01    0.3757E-01    0.3771E-01    0.9280E-01    0.3502E+00    0.3697E+00    0.1268E+00    0.1580E+00    0.3666E+00    0.1154E+00    0.1144E+00    0.2897E+00    0.3537E+00    0.2942E+00    0.3131E+00    0.3048E+00    0.3327E+00    0.3590E+00    0.3785E+00    0.3770E+00    0.3692E+00    0.3865E+00   -0.9990E+03   -0.9990E+03   -0.9990E+03   -0.9990E+03   -0.9990E+03   -0.9990E+03   -0.9990E+03   -0.9990E+03   -0.9990E+03   -0.9990E+03   -0.9990E+03   -0.9990E+03   -0.9990E+03   -0.9990E+03   -0.9990E+03   -0.9990E+03   -0.9990E+03   -0.9990E+03   -0.9990E+03   -0.9990E+03   -0.9990E+03   -0.9990E+03   -0.9990E+03   -0.9990E+03   -0.9990E+03   -0.9990E+03
   -0.9990E+03   -0.9990E+03   -0.9990E+03   -0.9990E+03   -0.9990E+03   -0.9990E+03   -0.9990E+03   -0.9990E+03   -0.9990E+03   -0.9990E+03   -0.9990E+03   -0.9990E+03   -0.9990E+03   -0.9990E+03   -0.9990E+03   -0.9990E+03   -0.9990E+03   -0.9990E+03   -0.9990E+03   -0.9990E+03   -0.9990E+03   -0.9990E+03   -0.9990E+03   -0.9990E+03    0.1632E+00    0.1514E+00    0.1336E+00    0.9287E-01    0.9774E-01    0.9760E-01    0.8442E-01    0.9043E-01    0.1425E+00    0.1341E+00    0.9735E-01    0.4347E+00    0.3893E+00    0.2874E+00    0.9707E-01    0.1701E+00    0.3309E+00    0.2676E+00   -0.1862E-01    0.2732E+00    0.3021E+00    0.3366E+00    0.2217E+00    0.3269E+00    0.3620E+00    0.3397E+00    0.3511E+00   -0.9990E+03   -0.9990E+03   -0.9990E+03   -0.9990E+03   -0.9990E+03   -0.9990E+03   -0.9990E+03   -0.9990E+03   -0.9990E+03   -0.9990E+03   -0.9990E+03   -0.9990E+03   -0.9990E+03   -0.9990E+03   -0.9990E+03   -0.9990E+03   -0.9990E+03   -0.9990E+03   -0.9990E+03   -0.9990E+03   -0.9990E+03   -0.9990E+03   -0.9990E+03   -0.9990E+03   -0.9990E+03
   -0.9990E+03   -0.9990E+03   -0.9990E+03   -0.9990E+03   -0.9990E+03   -0.9990E+03   -0.9990E+03   -0.9990E+03   -0.9990E+03   -0.9990E+03   -0.9990E+03   -0.9990E+03   -0.9990E+03   -0.9990E+03   -0.9990E+03   -0.9990E+03   -0.9990E+03   -0.9990E+03   -0.9990E+03   -0.9990E+03   -0.9990E+03   -0.9990E+03   -0.9990E+03   -0.9990E+03   -0.9990E+03    0.8470E-01    0.4077E-01    0.3566E-01    0.3567E-01    0.3565E-01    0.3563E-01    0.3571E-01    0.5145E-01    0.9991E-01    0.9707E-01    0.1657E+00    0.1556E+00    0.4565E+00    0.9472E-01    0.1472E+00    0.3456E+00    0.2718E+00    0.2456E+00    0.2622E+00    0.2815E+00    0.3146E+00    0.2479E+00    0.3106E+00    0.3253E+00    0.3159E+00    0.3269E+00   -0.9990E+03   -0.9990E+03   -0.9990E+03   -0.9990E+03   -0.9990E+03   -0.9990E+03   -0.9990E+03   -0.9990E+03   -0.9990E+03   -0.9990E+03   -0.9990E+03   -0.9990E+03   -0.9990E+03   -0.9990E+03   -0.9990E+03   -0.9990E+03   -0.9990E+03   -0.9990E+03   -0.9990E+03   -0.9990E+03   -0.9990E+03   -0.9990E+03   -0.9990E+03   -0.9990E+03   -0.9990E+03
   -0.9990E+03   -0.9990E+03   -0.9990E+03   -0.9990E+03   -0.9990E+03   -0.9990E+03   -0.9990E+03   -0.9990E+03   -0.9990E+03   -0.9990E+03   -0.9990E+03   -0.9990E+03   -0.9990E+03   -0.9990E+03   -0.9990E+03   -0.9990E+03   -0.9990E+03   -0.9990E+03   -0.9990E+03   -0.9990E+03   -0.9990E+03   -0.9990E+03   -0.9990E+03   -0.9990E+03   -0.9990E+03    0.3540E-01    0.3562E-01    0.3552E-01    0.3551E-01    0.3556E-01    0.3553E-01    0.3555E-01    0.3581E-01    0.7773E-01    0.1068E+00    0.1494E+00    0.3051E+00    0.2285E+00    0.9009E-01    0.1511E+00    0.3006E+00    0.2708E+00    0.2559E+00    0.2589E+00    0.2557E+00    0.2861E+00    0.2187E+00    0.2912E+00    0.3096E+00    0.3005E+00    0.3404E+00    0.3624E+00   -0.9990E+03   -0.9990E+03   -0.9990E+03   -0.9990E+03   -0.9990E+03   -0.9990E+03   -0.9990E+03   -0.9990E+03   -0.9990E+03   -0.9990E+03   -0.9990E+03   -0.9990E+03   -0.9990E+03   -0.9990E+03   -0.9990E+03   -0.9990E+03   -0.9990E+03   -0.9990E+03   -0.9990E+03   -0.9990E+03   -0.9990E+03   -0.9990E+03   -0.9990E+03   -0.9990E+03
   -0.9990E+03   -0.9990E+03   -0.9990E+03   -0.9990E+03   -0.9990E+03   -0.9990E+03   -0.9990E+03   -0.9990E+03   -0.9990E+03   -0.9990E+03   -0.9990E+03   -0.9990E+03   -0.9990E+03   -0.9990E+03   -0.9990E+03   -0.9990E+03   -0.9990E+03   -0.9990E+03   -0.9990E+03   -0.9990E+03   -0.9990E+03   -0.9990E+03   -0.9990E+03   -0.9990E+03    0.3541E-01    0.3531E-01    0.3543E-01    0.3550E-01    0.3557E-01    0.3551E-01    0.3556E-01    0.3553E-01    0.3585E-01    0.3525E-01    0.6789E+00    0.2771E+00    0.2275E+00    0.9876E-01    0.1483E+00    0.3187E+00    0.2739E+00    0.2586E+00    0.2520E+00    0.2518E+00    0.2614E+00    0.2880E+00    0.2225E+00    0.2961E+00    0.3202E+00    0.3467E+00    0.3183E+00    0.3347E+00   -0.9990E+03   -0.9990E+03   -0.9990E+03   -0.9990E+03   -0.9990E+03   -0.9990E+03   -0.9990E+03   -0.9990E+03   -0.9990E+03   -0.9990E+03   -0.9990E+03   -0.9990E+03   -0.9990E+03   -0.9990E+03   -0.9990E+03   -0.9990E+03   -0.9990E+03   -0.9990E+03   -0.9990E+03   -0.9990E+03   -0.9990E+03   -0.9990E+03   -0.9990E+03   -0.9990E+03
   -0.9990E+03   -0.9990E+03   -0.9990E+03   -0.9990E+03   -0.9990E+03   -0.9990E+03   -0.9990E+03   -0.9990E+03   -0.9990E+03   -0.9990E+03   -0.9990E+03   -0.9990E+03   -0.9990E+03   -0.9990E+03   -0.9990E+03   -0.9990E+03   -0.9990E+03   -0.9990E+03   -0.9990E+03   -0.9990E+03   -0.9990E+03   -0.9990E+03   -0.9990E+03   -0.9990E+03    0.3553E-01    0.3562E-01    0.3544E-01    0.3548E-01    0.3550E-01    0.3556E-01    0.3556E-01    0.3552E-01    0.3546E-01    0.3574E-01    0.2455E+00    0.1440E+00    0.4396E+00    0.2787E+00    0.1347E+00    0.2772E+00    0.2526E+00    0.2313E+00    0.2274E+00    0.2372E+00    0.2546E+00    0.2828E+00    0.2461E+00    0.3312E+00    0.3485E+00    0.3388E+00    0.3200E+00    0.3433E+00   -0.9990E+03   -0.9990E+03   -0.9990E+03   -0.9990E+03   -0.9990E+03   -0.9990E+03   -0.9990E+03   -0.9990E+03   -0.9990E+03   -0.9990E+03   -0.9990E+03   -0.9990E+03   -0.9990E+03   -0.9990E+03   -0.9990E+03   -0.9990E+03   -0.9990E+03   -0.9990E+03   -0.9990E+03   -0.9990E+03   -0.9990E+03   -0.9990E+03   -0.9990E+03   -0.9990E+03
   -0.9990E+03   -0.9990E+03   -0.9990E+03   -0.9990E+03   -0.9990E+03   -0.9990E+03   -0.9990E+03   -0.9990E+03   -0.9990E+03   -0.9990E+03   -0.9990E+03   -0.9990E+03   -0.9990E+03   -0.9990E+03   -0.9990E+03   -0.9990E+03   -0.9990E+03   -0.9990E+03   -0.9990E+03   -0.9990E+03   -0.9990E+03   -0.9990E+03   -0.9990E+03   -0.9990E+03    0.4258E-01    0.3574E-01    0.3567E-01    0.3575E-01    0.3555E-01    0.3558E-01    0.3554E-01    0.3560E-01    0.3557E-01    0.3569E-01    0.2835E+00    0.3055E+00    0.3552E+00    0.2683E+00    0.2863E+00    0.2581E+00    0.2380E+00    0.2166E+00    0.2075E+00    0.2240E+00    0.2597E+00    0.2485E+00    0.2735E+00    0.3359E+00    0.3342E+00    0.3503E+00    0.3803E+00   -0.9990E+03   -0.9990E+03   -0.9990E+03   -0.9990E+03   -0.9990E+03   -0.9990E+03   -0.9990E+03   -0.9990E+03   -0.9990E+03   -0.9990E+03   -0.9990E+03   -0.9990E+03   -0.9990E+03   -0.9990E+03   -0.9990E+03   -0.9990E+03   -0.9990E+03   -0.9990E+03   -0.9990E+03   -0.9990E+03   -0.9990E+03   -0.9990E+03   -0.9990E+03   -0.9990E+03   -0.9990E+03
   -0.9990E+03   -0.9990E+03   -0.9990E+03   -0.9990E+03   -0.9990E+03   -0.9990E+03   -0.9990E+03   -0.9990E+03   -0.9990E+03   -0.9990E+03   -0.9990E+03   -0.9990E+03   -0.9990E+03   -0.9990E+03   -0.9990E+03   -0.9990E+03   -0.9990E+03   -0.9990E+03   -0.9990E+03   -0.9990E+03   -0.9990E+03   -0.9990E+03   -0.9990E+03   -0.9990E+03    0.3508E-01    0.3509E-01    0.3514E-01    0.3512E-01    0.3573E-01    0.3575E-01    0.3550E-01    0.3546E-01    0.3554E-01    0.3507E-01    0.2682E+00    0.4121E+00    0.2807E+00    0.2730E+00    0.2920E+00    0.2578E+00    0.2356E+00    0.2145E+00    0.1825E+00    0.2283E+00    0.2618E+00    0.2438E+00    0.3271E+00    0.3323E+00    0.3343E+00    0.3485E+00    0.3636E+00    0.3674E+00   -0.9990E+03   -0.9990E+03   -0.9990E+03   -0.9990E+03   -0.9990E+03   -0.9990E+03   -0.9990E+03   -0.9990E+03   -0.9990E+03   -0.9990E+03   -0.9990E+03   -0.9990E+03   -0.9990E+03   -0.9990E+03   -0.9990E+03   -0.9990E+03   -0.9990E+03   -0.9990E+03   -0.9990E+03   -0.9990E+03   -0.9990E+03   -0.9990E+03   -0.9990E+03   -0.9990E+03
   -0.9990E+03   -0.9990E+03   -0.9990E+03   -0.9990E+03   -0.9990E+03   -0.9990E+03   -0.9990E+03   -0.9990E+03   -0.9990E+03   -0.9990E+03   -0.9990E+03   -0.9990E+03   -0.9990E+03   -0.9990E+03   -0.9990E+03   -0.9990E+03   -0.9990E+03   -0.9990E+03   -0.9990E+03   -0.9990E+03   -0.9990E+03   -0.9990E+03   -0.9990E+03   -0.9990E+03   -0.9990E+03    0.3526E-01    0.3530E-01    0.3527E-01    0.3525E-01    0.3550E-01    0.3582E-01    0.3577E-01    0.3564E-01    0.2489E+00    0.2166E+00    0.2836E+00    0.2878E+00    0.3281E+00    0.2978E+00    0.2594E+00    0.2528E+00    0.2227E+00    0.2493E+00    0.2610E+00    0.2454E+00    0.2518E+00    0.3337E+00    0.3339E+00    0.3282E+00    0.3490E+00    0.3621E+00   -0.9990E+03   -0.9990E+03   -0.9990E+03   -0.9990E+03   -0.9990E+03   -0.9990E+03   -0.9990E+03   -0.9990E+03   -0.9990E+03   -0.9990E+03   -0.9990E+03   -0.9990E+03   -0.9990E+03   -0.9990E+03   -0.9990E+03   -0.9990E+03   -0.9990E+03   -0.9990E+03   -0.9990E+03   -0.9990E+03   -0.9990E+03   -0.9990E+03   -0.9990E+03   -0.9990E+03   -0.9990E+03
   -0.9990E+03   -0.9990E+03   -0.9990E+03   -0.9990E+03   -0.9990E+03   -0.9990E+03   -0.9990E+03   -0.9990E+03   -0.9990E+03   -0.9990E+03   -0.9990E+03   -0.9990E+03   -0.9990E+03   -0.9990E+03   -0.9990E+03   -0.9990E+03   -0.9990E+03   -0.9990E+03   -0.9990E+03   -0.9990E+03   -0.9990E+03   -0.9990E+03   -0.9990E+03   -0.9990E+03   -0.9990E+03    0.3533E-01    0.3537E-01    0.3537E-01    0.3536E-01    0.3539E-01    0.3549E-01    0.6024E-01    0.2016E+00    0.2576E+00    0.2506E+00    0.3105E+00    0.3203E+00    0.3497E+00    0.2901E+00    0.1409E+00    0.1420E+00    0.2285E+00    0.2996E+00    0.2823E+00    0.2394E+00    0.3215E+00    0.3338E+00    0.2903E+00    0.3160E+00    0.3657E+00   -0.9990E+03   -0.9990E+03   -0.9990E+03   -0.9990E+03   -0.9990E+03   -0.9990E+03   -0.9990E+03   -0.9990E+03   -0.9990E+03   -0.9990E+03   -0.9990E+03   -0.9990E+03   -0.9990E+03   -0.9990E+03   -0.9990E+03   -0.9990E+03   -0.9990E+03   -0.9990E+03   -0.9990E+03   -0.9990E+03   -0.9990E+03   -0.9990E+03   -0.9990E+03   -0.9990E+03   -0.9990E+03   -0.9990E+03
   -0.9990E+03   -0.9990E+03   -0.9990E+03   -0.9990E+03   -0.9990E+03   -0.9990E+03   -0.9990E+03   -0.9990E+03   -0.9990E+03   -0.9990E+03   -0.9990E+03   -0.9990E+03   -0.9990E+03   -0.9990E+03   -0.9990E+03   -0.9990E+03   -0.9990E+03   -0.9990E+03   -0.9990E+03   -0.9990E+03   -0.9990E+03   -0.9990E+03   -0.9990E+03   -0.9990E+03   -0.9990E+03    0.3539E-01    0.3533E-01    0.3538E-01    0.3538E-01    0.3537E-01    0.3542E-01    0.1510E+00    0.2267E+00    0.3213E+00    0.3079E+00    0.3595E+00    0.3543E+00    0.3828E+00    0.2582E+00    0.1136E+00    0.1086E+00    0.2177E+00    0.3007E+00    0.2306E+00    0.2554E+00    0.3463E+00    0.2846E+00    0.3530E+00    0.3627E+00   -0.9990E+03   -0.9990E+03   -0.9990E+03   -0.9990E+03   -0.9990E+03   -0.9990E+03   -0.9990E+03   -0.9990E+03   -0.9990E+03   -0.9990E+03   -0.9990E+03   -0.9990E+03   -0.9990E+03   -0.9990E+03   -0.9990E+03   -0.9990E+03   -0.9990E+03   -0.9990E+03   -0.9990E+03   -0.9990E+03   -0.9990E+03   -0.9990E+03   -0.9990E+03   -0.9990E+03   -0.9990E+03   -0.9990E+03   -0.9990E+03
   -0.9990E+03   -0.9990E+03   -0.9990E+03   -0.9990E+03   -0.9990E+03   -0.9990E+03   -0.9990E+03   -0.9990E+03   -0.9990E+03   -0.9990E+03   -0.9990E+03   -0.9990E+03   -0.9990E+03   -0.9990E+03   -0.9990E+03   -0.9990E+03   -0.9990E+03   -0.9990E+03   -0.9990E+03   -0.9990E+03   -0.9990E+03   -0.9990E+03   -0.9990E+03   -0.9990E+03   -0.9990E+03   -0.9990E+03    0.3539E-01    0.3527E-01    0.3534E-01    0.3533E-01    0.3541E-01    0.1502E+00    0.2831E+00    0.3275E+00    0.3451E+00    0.3530E+00    0.3900E+00    0.2996E+00    0.2296E+00    0.2120E+00    0.2443E+00    0.2704E+00    0.2427E+00    0.2754E+00    0.2938E+00    0.3063E+00    0.3243E+00    0.3659E+00   -0.9990E+03   -0.9990E+03   -0.9990E+03   -0.9990E+03   -0.9990E+03   -0.9990E+03   -0.9990E+03   -0.9990E+03   -0.9990E+03   -0.9990E+03   -0.9990E+03   -0.9990E+03   -0.9990E+03   -0.9990E+03   -0.9990E+03   -0.9990E+03   -0.9990E+03   -0.9990E+03   -0.9990E+03   -0.9990E+03   -0.9990E+03   -0.9990E+03   -0.9990E+03   -0.9990E+03   -0.9990E+03   -0.9990E+03   -0.9990E+03   -0.9990E+03
   -0.9990E+03   -0.9990E+03   -0.9990E+03   -0.9990E+03   -0.9990E+03   -0.9990E+03   -0.9990E+03   -0.9990E+03   -0.9990E+03   -0.9990E+03   -0.9990E+03   -0.9990E+03   -0.9990E+03   -0.9990E+03   -0.9990E+03   -0.9990E+03   -0.9990E+03   -0.9990E+03   -0.9990E+03   -0.9990E+03   -0.9990E+03   -0.9990E+03   -0.9990E+03   -0.9990E+03   -0.9990E+03    0.3462E-01    0.3423E-01   -0.9990E+03    0.3086E-01    0.3043E-01    0.3391E-01    0.4117E+00    0.2898E+00    0.3287E+00    0.3714E+00    0.4094E+00    0.2889E+00    0.2251E+00    0.3912E+00    0.3687E+00    0.3527E+00    0.2539E+00    0.3777E+00    0.3010E+00    0.3373E+00    0.3951E+00    0.3989E+00    0.3788E+00   -0.9990E+03   -0.9990E+03   -0.9990E+03   -0.9990E+03   -0.9990E+03   -0.9990E+03   -0.9990E+03   -0.9990E+03   -0.9990E+03   -0.9990E+03   -0.9990E+03   -0.9990E+03   -0.9990E+03   -0.9990E+03   -0.9990E+03   -0.9990E+03   -0.9990E+03   -0.9990E+03   -0.9990E+03   -0.9990E+03   -0.9990E+03   -0.9990E+03   -0.9990E+03   -0.9990E+03   -0.9990E+03   -0.9990E+03   -0.9990E+03   -0.9990E+03
   -0.9990E+03   -0.9990E+03   -0.9990E+03   -0.9990E+03   -0.9990E+03   -0.9990E+03   -0.9990E+03   -0.9990E+03   -0.9990E+03   -0.9990E+03   -0.9990E+03   -0.9990E+03   -0.9990E+03   -0.9990E+03   -0.9990E+03   -0.9990E+03   -0.9990E+03   -0.9990E+03   -0.9990E+03   -0.9990E+03   -0.9990E+03   -0.9990E+03   -0.9990E+03   -0.9990E+03   -0.9990E+03    0.3465E-01    0.3388E-01    0.3287E-01   -0.9990E+03   -0.9990E+03    0.9224E-01    0.2935E+00    0.2104E+00    0.3259E+00    0.4419E+00    0.4143E+00    0.2336E+00    0.4113E+00    0.3314E+00    0.3731E+00    0.4188E+00    0.3081E+00    0.4156E+00    0.3840E+00    0.3577E+00    0.4038E+00    0.4459E+00   -0.9990E+03   -0.9990E+03   -0.9990E+03   -0.9990E+03   -0.9990E+03   -0.9990E+03   -0.9990E+03   -0.9990E+03   -0.9990E+03   -0.9990E+03   -0.9990E+03   -0.9990E+03   -0.9990E+03   -0.9990E+03   -0.9990E+03   -0.9990E+03   -0.9990E+03   -0.9990E+03   -0.9990E+03   -0.9990E+03   -0.9990E+03   -0.9990E+03   -0.9990E+03   -0.9990E+03   -0.9990E+03   -0.9990E+03   -0.9990E+03   -0.9990E+03   -0.9990E+03
   -0.9990E+03   -0.9990E+03   -0.9990E+03   -0.9990E+03   -0.9990E+03   -0.9990E+03   -0.9990E+03   -0.9990E+03   -0.9990E+03   -0.9990E+03   -0.9990E+03   -0.9990E+03   -0.9990E+03   -0.9990E+03   -0.9990E+03   -0.9990E+03   -0.9990E+03   -0.9990E+03   -0.9990E+03   -0.9990E+03   -0.9990E+03   -0.9990E+03   -0.9990E+03   -0.9990E+03   -0.9990E+03    0.3456E-01    0.3437E-01    0.3438E-01    0.3248E-01    0.4597E-01    0.2586E+00    0.2361E+00    0.2242E+00    0.2368E+00    0.3305E+00    0.2228E+00    0.3395E+00    0.7007E+00    0.4174E+00    0.4148E+00    0.3898E+00    0.3271E+00    0.3257E+00    0.3815E+00    0.3717E+00    0.3719E+00    0.4049E+00   -0.9990E+03   -0.9990E+03   -0.9990E+03   -0.9990E+03   -0.9990E+03   -0.9990E+03   -0.9990E+03   -0.9990E+03   -0.9990E+03   -0.9990E+03   -0.9990E+03   -0.9990E+03   -0.9990E+03   -0.9990E+03   -0.9990E+03   -0.9990E+03   -0.9990E+03   -0.9990E+03   -0.9990E+03   -0.9990E+03   -0.9990E+03   -0.9990E+03   -0.9990E+03   -0.9990E+03   -0.9990E+03   -0.9990E+03   -0.9990E+03   -0.9990E+03   -0.9990E+03
   -0.9990E+03   -0.9990E+03   -0.9990E+03   -0.9990E+03   -0.9990E+03   -0.9990E+03   -0.9990E+03   -0.9990E+03   -0.9990E+03   -0.9990E+03   -0.9990E+03   -0.9990E+03   -0.9990E+03   -0.9990E+03   -0.9990E+03   -0.9990E+03   -0.9990E+03   -0.9990E+03   -0.9990E+03   -0.9990E+03   -0.9990E+03   -0.9990E+03   -0.9990E+03   -0.9990E+03   -0.9990E+03   -0.9990E+03    0.3441E-01    0.3427E-01    0.3449E-01    0.3208E-01    0.2872E+00    0.2911E+00    0.3244E+00    0.2264E+00    0.3302E+00    0.1894E+00    0.2194E+00    0.2574E+00    0.3414E+00    0.3606E+00    0.3743E+00    0.4120E+00    0.3196E+00    0.2957E+00    0.3422E+00    0.3429E+00    0.4140E+00    0.4885E+00   -0.9990E+03   -0.9990E+03   -0.9990E+03   -0.9990E+03   -0.9990E+03   -0.9990E+03   -0.9990E+03   -0.9990E+03   -0.9990E+03   -0.9990E+03   -0.9990E+03   -0.9990E+03   -0.9990E+03   -0.9990E+03   -0.9990E+03   -0.9990E+03   -0.9990E+03   -0.9990E+03   -0.9990E+03   -0.9990E+03   -0.9990E+03   -0.9990E+03   -0.9990E+03   -0.9990E+03   -0.9990E+03   -0.9990E+03   -0.9990E+03   -0.9990E+03
   -0.9990E+03   -0.9990E+03   -0.9990E+03   -0.9990E+03   -0.9990E+03   -0.9990E+03   -0.9990E+03   -0.9990E+03   -0.9990E+03   -0.9990E+03   -0.9990E+03   -0.9990E+03   -0.9990E+03   -0.9990E+03   -0.9990E+03   -0.9990E+03   -0.9990E+03   -0.9990E+03   -0.9990E+03   -0.9990E+03   -0.9990E+03   -0.9990E+03   -0.9990E+03   -0.9990E+03   -0.9990E+03   -0.9990E+03    0.3470E-01    0.3444E-01    0.3414E-01    0.3498E-01    0.3491E-01    0.2870E+00    0.2891E+00    0.2312E+00    0.3881E+00    0.1614E+00    0.2655E+00    0.2879E+00    0.2878E+00    0.3138E+00    0.2736E+00    0.2570E+00    0.3133E+00    0.2661E+00    0.3556E+00    0.3299E+00    0.3426E+00    0.4204E+00   -0.9990E+03   -0.9990E+03   -0.9990E+03   -0.9990E+03   -0.9990E+03   -0.9990E+03   -0.9990E+03   -0.9990E+03   -0.9990E+03   -0.9990E+03   -0.9990E+03   -0.9990E+03   -0.9990E+03   -0.9990E+03   -0.9990E+03   -0.9990E+03   -0.9990E+03   -0.9990E+03   -0.9990E+03   -0.9990E+03   -0.9990E+03   -0.9990E+03   -0.9990E+03   -0.9990E+03   -0.9990E+03   -0.9990E+03   -0.9990E+03   -0.9990E+03
   -0.9990E+03   -0.9990E+03   -0.9990E+03   -0.9990E+03   -0.9990E+03   -0.9990E+03   -0.9990E+03   -0.9990E+03   -0.9990E+03   -0.9990E+03   -0.9990E+03   -0.9990E+03   -0.9990E+03   -0.9990E+03   -0.9990E+03   -0.9990E+03   -0.9990E+03   -0.9990E+03   -0.9990E+03   -0.9990E+03   -0.9990E+03   -0.9990E+03   -0.9990E+03   -0.9990E+03   -0.9990E+03   -0.9990E+03    0.3446E-01    0.3407E-01    0.3444E-01    0.3495E-01    0.3514E-01    0.3505E-01    0.2841E+00    0.2225E+00    0.1669E+00    0.2877E+00    0.2667E+00    0.2878E+00    0.2102E+00    0.2225E+00    0.2522E+00    0.2402E+00    0.4436E+00    0.3614E+00    0.8423E+00    0.4614E+00    0.4666E+00   -0.9990E+03   -0.9990E+03   -0.9990E+03   -0.9990E+03   -0.9990E+03   -0.9990E+03   -0.9990E+03   -0.9990E+03   -0.9990E+03   -0.9990E+03   -0.9990E+03   -0.9990E+03   -0.9990E+03   -0.9990E+03   -0.9990E+03   -0.9990E+03   -0.9990E+03   -0.9990E+03   -0.9990E+03   -0.9990E+03   -0.9990E+03   -0.9990E+03   -0.9990E+03   -0.9990E+03   -0.9990E+03   -0.9990E+03   -0.9990E+03   -0.9990E+03   -0.9990E+03
   -0.9990E+03   -0.9990E+03   -0.9990E+03   -0.9990E+03   -0.9990E+03   -0.9990E+03   -0.9990E+03   -0.9990E+03   -0.9990E+03   -0.9990E+03   -0.9990E+03   -0.9990E+03   -0.9990E+03   -0.9990E+03   -0.9990E+03   -0.9990E+03   -0.9990E+03   -0.9990E+03   -0.9990E+03   -0.9990E+03   -0.9990E+03   -0.9990E+03   -0.9990E+03   -0.9990E+03   -0.9990E+03   -0.9990E+03    0.3453E-01    0.3422E-01    0.3428E-01    0.3496E-01    0.3496E-01    0.3536E-01    0.3078E+00    0.1554E+00    0.1310E+00    0.3080E+00    0.2558E+00    0.2712E+00    0.2072E+00    0.2547E+00    0.3833E+00    0.4233E+00   -0.9990E+03   -0.9990E+03   -0.9990E+03   -0.9990E+03   -0.9990E+03   -0.9990E+03   -0.9990E+03   -0.9990E+03   -0.9990E+03   -0.9990E+03   -0.9990E+03   -0.9990E+03   -0.9990E+03   -0.9990E+03   -0.9990E+03   -0.9990E+03   -0.9990E+03   -0.9990E+03   -0.9990E+03   -0.9990E+03   -0.9990E+03   -0.9990E+03   -0.9990E+03   -0.9990E+03   -0.9990E+03   -0.9990E+03   -0.9990E+03   -0.9990E+03   -0.9990E+03   -0.9990E+03   -0.9990E+03   -0.9990E+03   -0.9990E+03   -0.9990E+03
   -0.9990E+03   -0.9990E+03   -0.9990E+03   -0.9990E+03   -0.9990E+03   -0.9990E+03   -0.9990E+03   -0.9990E+03   -0.9990E+03   -0.9990E+03   -0.9990E+03   -0.9990E+03   -0.9990E+03   -0.9990E+03   -0.9990E+03   -0.9990E+03   -0.9990E+03   -0.9990E+03   -0.9990E+03   -0.9990E+03   -0.9990E+03   -0.9990E+03   -0.9990E+03   -0.9990E+03   -0.9990E+03    0.3462E-01    0.3458E-01    0.3460E-01    0.3417E-01    0.3496E-01    0.3540E-01    0.5735E-01    0.2440E+00    0.1352E+00    0.2787E+00    0.2251E+00    0.2419E+00    0.2351E+00    0.2215E+00    0.3649E+00    0.4205E+00   -0.9990E+03   -0.9990E+03   -0.9990E+03   -0.9990E+03   -0.9990E+03   -0.9990E+03   -0.9990E+03   -0.9990E+03   -0.9990E+03   -0.9990E+03   -0.9990E+03   -0.9990E+03   -0.9990E+03   -0.9990E+03   -0.9990E+03   -0.9990E+03   -0.9990E+03   -0.9990E+03   -0.9990E+03   -0.9990E+03   -0.9990E+03   -0.9990E+03   -0.9990E+03   -0.9990E+03   -0.9990E+03   -0.9990E+03   -0.9990E+03   -0.9990E+03   -0.9990E+03   -0.9990E+03   -0.9990E+03   -0.9990E+03   -0.9990E+03   -0.9990E+03   -0.9990E+03
   -0.9990E+03   -0.9990E+03   -0.9990E+03   -0.9990E+03   -0.9990E+03   -0.9990E+03   -0.9990E+03   -0.9990E+03   -0.9990E+03   -0.9990E+03   -0.9990E+03   -0.9990E+03   -0.9990E+03   -0.9990E+03   -0.9990E+03   -0.9990E+03   -0.9990E+03   -0.9990E+03   -0.9990E+03   -0.9990E+03   -0.9990E+03   -0.9990E+03   -0.9990E+03   -0.9990E+03    0.3462E-01    0.3466E-01    0.3474E-01    0.3433E-01    0.3439E-01    0.3436E-01    0.3507E-01    0.2145E+00    0.1867E+00    0.1553E+00    0.2321E+00    0.2211E+00    0.1844E+00    0.2176E+00    0.3090E+00    0.2191E+00    0.2982E+00   -0.9990E+03   -0.9990E+03   -0.9990E+03   -0.9990E+03   -0.9990E+03   -0.9990E+03   -0.9990E+03   -0.9990E+03   -0.9990E+03   -0.9990E+03   -0.9990E+03   -0.9990E+03   -0.9990E+03   -0.9990E+03   -0.9990E+03   -0.9990E+03   -0.9990E+03   -0.9990E+03   -0.9990E+03   -0.9990E+03   -0.9990E+03   -0.9990E+03   -0.9990E+03   -0.9990E+03   -0.9990E+03   -0.9990E+03   -0.9990E+03   -0.9990E+03   -0.9990E+03   -0.9990E+03   -0.9990E+03   -0.9990E+03   -0.9990E+03   -0.9990E+03   -0.9990E+03
   -0.9990E+03   -0.9990E+03   -0.9990E+03   -0.9990E+03   -0.9990E+03   -0.9990E+03   -0.9990E+03   -0.9990E+03   -0.9990E+03   -0.9990E+03   -0.9990E+03   -0.9990E+03   -0.9990E+03   -0.9990E+03   -0.9990E+03   -0.9990E+03   -0.9990E+03   -0.9990E+03   -0.9990E+03   -0.9990E+03   -0.9990E+03   -0.9990E+03   -0.9990E+03   -0.9990E+03    0.3471E-01    0.3462E-01    0.3463E-01    0.3465E-01    0.3454E-01    0.3488E-01    0.6066E-01    0.7845E-01    0.1312E+00    0.1721E+00    0.2688E+00    0.1916E+00    0.2094E+00    0.3536E+00    0.1874E+00    0.1986E+00    0.2345E+00   -0.9990E+03   -0.9990E+03   -0.9990E+03   -0.9990E+03   -0.9990E+03   -0.9990E+03   -0.9990E+03   -0.9990E+03   -0.9990E+03   -0.9990E+03   -0.9990E+03   -0.9990E+03   -0.9990E+03   -0.9990E+03   -0.9990E+03   -0.9990E+03   -0.9990E+03   -0.9990E+03   -0.9990E+03   -0.9990E+03   -0.9990E+03   -0.9990E+03   -0.9990E+03   -0.9990E+03   -0.9990E+03   -0.9990E+03   -0.9990E+03   -0.9990E+03   -0.9990E+03   -0.9990E+03   -0.9990E+03   -0.9990E+03   -0.9990E+03   -0.9990E+03   -0.9990E+03
   -0.9990E+03   -0.9990E+03   -0.9990E+03   -0.9990E+03   -0.9990E+03   -0.9990E+03   -0.9990E+03   -0.9990E+03   -0.9990E+03   -0.9990E+03   -0.9990E+03   -0.9990E+03   -0.9990E+03   -0.9990E+03   -0.9990E+03   -0.9990E+03   -0.9990E+03   -0.9990E+03   -0.9990E+03   -0.9990E+03   -0.9990E+03   -0.9990E+03   -0.9990E+03   -0.9990E+03    0.3481E-01    0.3478E-01    0.3469E-01    0.3475E-01    0.3373E-01    0.3465E-01    0.8426E-01    0.1035E+00    0.1058E+00    0.2506E+00    0.2582E+00    0.1964E+00    0.1770E+00    0.2211E+00    0.1792E+00    0.2284E+00    0.2575E+00   -0.9990E+03   -0.9990E+03   -0.9990E+03   -0.9990E+03   -0.9990E+03   -0.9990E+03   -0.9990E+03   -0.9990E+03   -0.9990E+03   -0.9990E+03   -0.9990E+03   -0.9990E+03   -0.9990E+03   -0.9990E+03   -0.9990E+03   -0.9990E+03   -0.9990E+03   -0.9990E+03   -0.9990E+03   -0.9990E+03   -0.9990E+03   -0.9990E+03   -0.9990E+03   -0.9990E+03   -0.9990E+03   -0.9990E+03   -0.9990E+03   -0.9990E+03   -0.9990E+03   -0.9990E+03   -0.9990E+03   -0.9990E+03   -0.9990E+03   -0.9990E+03   -0.9990E+03
   -0.9990E+03   -0.9990E+03   -0.9990E+03   -0.9990E+03   -0.9990E+03   -0.9990E+03   -0.9990E+03   -0.9990E+03   -0.9990E+03   -0.9990E+03   -0.9990E+03   -0.9990E+03   -0.9990E+03   -0.9990E+03   -0.9990E+03   -0.9990E+03   -0.9990E+03   -0.9990E+03   -0.9990E+03   -0.9990E+03   -0.9990E+03   -0.9990E+03   -0.9990E+03   -0.9990E+03    0.3466E-01    0.3483E-01    0.3483E-01    0.3396E-01    0.3797E-01    0.1310E+00    0.7125E-01    0.8121E-01    0.1068E+00    0.2407E+00    0.2142E+00    0.1843E+00    0.2090E+00    0.1634E+00    0.2031E+00    0.1987E+00   -0.9990E+03   -0.9990E+03   -0.9990E+03   -0.9990E+03   -0.9990E+03   -0.9990E+03   -0.9990E+03   -0.9990E+03   -0.9990E+03   -0.9990E+03   -0.9990E+03   -0.9990E+03   -0.9990E+03   -0.9990E+03   -0.9990E+03   -0.9990E+03   -0.9990E+03   -0.9990E+03   -0.9990E+03   -0.9990E+03   -0.9990E+03   -0.9990E+03   -0.9990E+03   -0.9990E+03   -0.9990E+03   -0.9990E+03   -0.9990E+03   -0.9990E+03   -0.9990E+03   -0.9990E+03   -0.9990E+03   -0.9990E+03   -0.9990E+03   -0.9990E+03   -0.9990E+03   -0.9990E+03
   -0.9990E+03   -0.9990E+03   -0.9990E+03   -0.9990E+03   -0.9990E+03   -0.9990E+03   -0.9990E+03   -0.9990E+03   -0.9990E+03   -0.9990E+03   -0.9990E+03   -0.9990E+03   -0.9990E+03   -0.9990E+03   -0.9990E+03   -0.9990E+03   -0.9990E+03   -0.9990E+03   -0.9990E+03   -0.9990E+03   -0.9990E+03   -0.9990E+03   -0.9990E+03   -0.9990E+03    0.3437E-01    0.3412E-01    0.3485E-01    0.3420E-01    0.3423E-01    0.7902E-01    0.3466E-01    0.6859E-01    0.1369E+00    0.1853E+00    0.2085E+00    0.1507E+00    0.1665E+00    0.1606E+00    0.1792E+00    0.2234E+00   -0.9990E+03   -0.9990E+03   -0.9990E+03   -0.9990E+03   -0.9990E+03   -0.9990E+03   -0.9990E+03   -0.9990E+03   -0.9990E+03   -0.9990E+03   -0.9990E+03   -0.9990E+03   -0.9990E+03   -0.9990E+03   -0.9990E+03   -0.9990E+03   -0.9990E+03   -0.9990E+03   -0.9990E+03   -0.9990E+03   -0.9990E+03   -0.9990E+03   -0.9990E+03   -0.9990E+03   -0.9990E+03   -0.9990E+03   -0.9990E+03   -0.9990E+03   -0.9990E+03   -0.9990E+03   -0.9990E+03   -0.9990E+03   -0.9990E+03   -0.9990E+03   -0.9990E+03   -0.9990E+03
   -0.9990E+03   -0.9990E+03   -0.9990E+03   -0.9990E+03   -0.9990E+03   -0.9990E+03   -0.9990E+03   -0.9990E+03   -0.9990E+03   -0.9990E+03   -0.9990E+03   -0.9990E+03   -0.9990E+03   -0.9990E+03   -0.9990E+03   -0.9990E+03   -0.9990E+03   -0.9990E+03   -0.9990E+03   -0.9990E+03   -0.9990E+03   -0.9990E+03   -0.9990E+03   -0.9990E+03   -0.9990E+03   -0.9990E+03    0.3454E-01    0.3483E-01    0.3448E-01    0.1428E+00    0.3447E-01    0.6041E-01    0.7993E-01    0.1484E+00    0.1511E+00    0.1706E+00    0.2284E+00    0.2188E+00    0.2257E+00    0.2309E+00   -0.9990E+03   -0.9990E+03   -0.9990E+03   -0.9990E+03   -0.9990E+03   -0.9990E+03   -0.9990E+03   -0.9990E+03   -0.9990E+03   -0.9990E+03   -0.9990E+03   -0.9990E+03   -0.9990E+03   -0.9990E+03   -0.9990E+03   -0.9990E+03   -0.9990E+03   -0.9990E+03   -0.9990E+03   -0.9990E+03   -0.9990E+03   -0.9990E+03   -0.9990E+03   -0.9990E+03   -0.9990E+03   -0.9990E+03   -0.9990E+03   -0.9990E+03   -0.9990E+03   -0.9990E+03   -0.9990E+03   -0.9990E+03   -0.9990E+03   -0.9990E+03   -0.9990E+03   -0.9990E+03
   -0.9990E+03   -0.9990E+03   -0.9990E+03   -0.9990E+03   -0.9990E+03   -0.9990E+03   -0.9990E+03   -0.9990E+03   -0.9990E+03   -0.9990E+03   -0.9990E+03   -0.9990E+03   -0.9990E+03   -0.9990E+03   -0.9990E+03   -0.9990E+03   -0.9990E+03   -0.9990E+03   -0.9990E+03   -0.9990E+03   -0.9990E+03   -0.9990E+03   -0.9990E+03   -0.9990E+03   -0.9990E+03   -0.9990E+03    0.4268E-01    0.3850E-01    0.3415E-01    0.5817E-01    0.3468E-01    0.3622E-01    0.7880E-01    0.1544E+00    0.2066E+00    0.1856E+00    0.2084E+00    0.2386E+00    0.1777E+00    0.1960E+00   -0.9990E+03   -0.9990E+03   -0.9990E+03   -0.9990E+03   -0.9990E+03   -0.9990E+03   -0.9990E+03   -0.9990E+03   -0.9990E+03   -0.9990E+03   -0.9990E+03   -0.9990E+03   -0.9990E+03   -0.9990E+03   -0.9990E+03   -0.9990E+03   -0.9990E+03   -0.9990E+03   -0.9990E+03   -0.9990E+03   -0.9990E+03   -0.9990E+03   -0.9990E+03   -0.9990E+03   -0.9990E+03   -0.9990E+03   -0.9990E+03   -0.9990E+03   -0.9990E+03   -0.9990E+03   -0.9990E+03   -0.9990E+03   -0.9990E+03   -0.9990E+03   -0.9990E+03   -0.9990E+03
   -0.9990E+03   -0.9990E+03   -0.9990E+03   -0.9990E+03   -0.9990E+03   -0.9990E+03   -0.9990E+03   -0.9990E+03   -0.9990E+03   -0.9990E+03   -0.9990E+03   -0.9990E+03   -0.9990E+03   -0.9990E+03   -0.9990E+03   -0.9990E+03   -0.9990E+03   -0.9990E+03   -0.9990E+03   -0.9990E+03   -0.9990E+03    0.1223E+00    0.3373E+00    0.4939E+00    0.3482E+00    0.2209E+00    0.6478E-01    0.3572E-01    0.4023E-01    0.3973E-01    0.5097E-01    0.3510E-01    0.1255E+00    0.1785E+00    0.1760E+00    0.1761E+00    0.2002E+00    0.2038E+00    0.1700E+00    0.2184E+00   -0.9990E+03   -0.9990E+03   -0.9990E+03   -0.9990E+03   -0.9990E+03   -0.9990E+03   -0.9990E+03   -0.9990E+03   -0.9990E+03   -0.9990E+03   -0.9990E+03   -0.9990E+03   -0.9990E+03   -0.9990E+03   -0.9990E+03   -0.9990E+03   -0.9990E+03   -0.9990E+03   -0.9990E+03   -0.9990E+03   -0.9990E+03   -0.9990E+03   -0.9990E+03   -0.9990E+03   -0.9990E+03   -0.9990E+03   -0.9990E+03   -0.9990E+03   -0.9990E+03   -0.9990E+03   -0.9990E+03   -0.9990E+03   -0.9990E+03   -0.9990E+03   -0.9990E+03   -0.9990E+03
   -0.9990E+03   -0.9990E+03   -0.9990E+03   -0.9990E+03   -0.9990E+03   -0.9990E+03   -0.9990E+03   -0.9990E+03   -0.9990E+03   -0.9990E+03   -0.9990E+03   -0.9990E+03   -0.9990E+03   -0.9990E+03   -0.9990E+03   -0.9990E+03   -0.9990E+03   -0.9990E+03   -0.9990E+03   -0.9990E+03    0.1611E+00    0.1336E+00    0.1393E+00    0.2457E+00    0.1370E+00    0.9577E-01    0.4004E-01    0.3613E-01    0.3516E-01    0.3879E-01    0.4745E-01    0.4884E-01    0.1470E+00    0.1774E+00    0.2045E+00    0.2156E+00    0.1947E+00    0.1624E+00    0.1744E+00    0.2391E+00   -0.9990E+03   -0.9990E+03   -0.9990E+03   -0.9990E+03   -0.9990E+03   -0.9990E+03   -0.9990E+03   -0.9990E+03   -0.9990E+03   -0.9990E+03   -0.9990E+03   -0.9990E+03   -0.9990E+03   -0.9990E+03   -0.9990E+03   -0.9990E+03   -0.9990E+03   -0.9990E+03   -0.9990E+03   -0.9990E+03   -0.9990E+03   -0.9990E+03   -0.9990E+03   -0.9990E+03   -0.9990E+03   -0.9990E+03   -0.9990E+03   -0.9990E+03   -0.9990E+03   -0.9990E+03   -0.9990E+03   -0.9990E+03   -0.9990E+03   -0.9990E+03   -0.9990E+03   -0.9990E+03
   -0.9990E+03   -0.9990E+03   -0.9990E+03   -0.9990E+03   -0.9990E+03   -0.9990E+03   -0.9990E+03   -0.9990E+03   -0.9990E+03   -0.9990E+03   -0.9990E+03   -0.9990E+03   -0.9990E+03   -0.9990E+03   -0.9990E+03   -0.9990E+03   -0.9990E+03   -0.9990E+03   -0.9990E+03   -0.9990E+03    0.2468E+00    0.2287E+00    0.1478E+00    0.5742E-01    0.5600E-01    0.6327E-01    0.4873E-01    0.3611E-01    0.3519E-01    0.8088E-01    0.5128E-01    0.1449E+00    0.1557E+00    0.2310E+00    0.2015E+00    0.2053E+00    0.1795E+00    0.1633E+00    0.1989E+00    0.1977E+00   -0.9990E+03   -0.9990E+03   -0.9990E+03   -0.9990E+03   -0.9990E+03   -0.9990E+03   -0.9990E+03   -0.9990E+03   -0.9990E+03   -0.9990E+03   -0.9990E+03   -0.9990E+03   -0.9990E+03   -0.9990E+03   -0.9990E+03   -0.9990E+03   -0.9990E+03   -0.9990E+03   -0.9990E+03   -0.9990E+03   -0.9990E+03   -0.9990E+03   -0.9990E+03   -0.9990E+03   -0.9990E+03   -0.9990E+03   -0.9990E+03   -0.9990E+03   -0.9990E+03   -0.9990E+03   -0.9990E+03   -0.9990E+03   -0.9990E+03   -0.9990E+03   -0.9990E+03   -0.9990E+03
   -0.9990E+03   -0.9990E+03   -0.9990E+03   -0.9990E+03   -0.9990E+03   -0.9990E+03   -0.9990E+03   -0.9990E+03   -0.9990E+03   -0.9990E+03   -0.9990E+03   -0.9990E+03   -0.9990E+03   -0.9990E+03   -0.9990E+03   -0.9990E+03   -0.9990E+03   -0.9990E+03   -0.9990E+03   -0.9990E+03    0.1364E+00    0.1459E+00    0.1598E+00    0.1404E+00    0.5337E-01    0.3782E-01    0.3576E-01    0.3569E-01    0.3520E-01    0.1246E+00    0.1663E+00    0.1526E+00    0.1814E+00    0.2976E+00    0.2053E+00    0.1773E+00    0.1538E+00    0.1552E+00    0.1734E+00    0.2065E+00   -0.9990E+03   -0.9990E+03   -0.9990E+03   -0.9990E+03   -0.9990E+03   -0.9990E+03   -0.9990E+03   -0.9990E+03   -0.9990E+03   -0.9990E+03   -0.9990E+03   -0.9990E+03   -0.9990E+03   -0.9990E+03   -0.9990E+03   -0.9990E+03   -0.9990E+03   -0.9990E+03   -0.9990E+03   -0.9990E+03   -0.9990E+03   -0.9990E+03   -0.9990E+03   -0.9990E+03   -0.9990E+03   -0.9990E+03   -0.9990E+03   -0.9990E+03   -0.9990E+03   -0.9990E+03   -0.9990E+03   -0.9990E+03   -0.9990E+03   -0.9990E+03   -0.9990E+03   -0.9990E+03
   -0.9990E+03   -0.9990E+03   -0.9990E+03   -0.9990E+03   -0.9990E+03   -0.9990E+03   -0.9990E+03   -0.9990E+03   -0.9990E+03   -0.9990E+03   -0.9990E+03   -0.9990E+03   -0.9990E+03   -0.9990E+03   -0.9990E+03   -0.9990E+03   -0.9990E+03   -0.9990E+03   -0.9990E+03    0.2421E+00    0.2038E+00    0.1816E+00    0.2415E+00    0.5680E-01    0.8300E-01    0.9365E-01    0.9430E-01    0.4838E-01    0.1103E+00    0.1437E+00    0.1583E+00    0.1561E+00    0.1816E+00    0.1776E+00    0.1489E+00    0.1541E+00    0.1895E+00    0.1758E+00    0.2178E+00   -0.9990E+03   -0.9990E+03   -0.9990E+03   -0.9990E+03   -0.9990E+03   -0.9990E+03   -0.9990E+03   -0.9990E+03   -0.9990E+03   -0.9990E+03   -0.9990E+03   -0.9990E+03   -0.9990E+03   -0.9990E+03   -0.9990E+03   -0.9990E+03   -0.9990E+03   -0.9990E+03   -0.9990E+03   -0.9990E+03   -0.9990E+03   -0.9990E+03   -0.9990E+03   -0.9990E+03   -0.9990E+03   -0.9990E+03   -0.9990E+03   -0.9990E+03   -0.9990E+03   -0.9990E+03   -0.9990E+03   -0.9990E+03   -0.9990E+03   -0.9990E+03   -0.9990E+03   -0.9990E+03   -0.9990E+03
   -0.9990E+03   -0.9990E+03   -0.9990E+03   -0.9990E+03   -0.9990E+03   -0.9990E+03   -0.9990E+03   -0.9990E+03   -0.9990E+03   -0.9990E+03   -0.9990E+03   -0.9990E+03   -0.9990E+03   -0.9990E+03   -0.9990E+03   -0.9990E+03   -0.9990E+03    0.3261E+00    0.3220E+00    0.3795E+00    0.2115E+00    0.2467E+00    0.1831E+00    0.1407E+00    0.3835E-01    0.1422E+00    0.1233E+00    0.1276E+00    0.1583E+00    0.1495E+00    0.1109E+00    0.1557E+00    0.1622E+00    0.1630E+00    0.2304E+00    0.2066E+00    0.2142E+00    0.2062E+00   -0.9990E+03   -0.9990E+03   -0.9990E+03   -0.9990E+03   -0.9990E+03   -0.9990E+03   -0.9990E+03   -0.9990E+03   -0.9990E+03   -0.9990E+03   -0.9990E+03   -0.9990E+03   -0.9990E+03   -0.9990E+03   -0.9990E+03   -0.9990E+03   -0.9990E+03   -0.9990E+03   -0.9990E+03   -0.9990E+03   -0.9990E+03   -0.9990E+03   -0.9990E+03   -0.9990E+03   -0.9990E+03   -0.9990E+03   -0.9990E+03   -0.9990E+03   -0.9990E+03   -0.9990E+03   -0.9990E+03   -0.9990E+03   -0.9990E+03   -0.9990E+03   -0.9990E+03   -0.9990E+03   -0.9990E+03   -0.9990E+03
   -0.9990E+03   -0.9990E+03   -0.9990E+03   -0.9990E+03   -0.9990E+03   -0.9990E+03   -0.9990E+03   -0.9990E+03   -0.9990E+03   -0.9990E+03   -0.9990E+03   -0.9990E+03   -0.9990E+03   -0.9990E+03   -0.9990E+03    0.4628E+00    0.4799E+00    0.5169E+00    0.4464E+00    0.5255E+00    0.2447E+00    0.1204E+00    0.6595E-01    0.3461E+00    0.4452E-01    0.1115E+00    0.1346E+00    0.1614E+00    0.1587E+00    0.1484E+00    0.1491E+00    0.1620E+00    0.1633E+00    0.1665E+00    0.1858E+00    0.1437E+00    0.1452E+00    0.1849E+00   -0.9990E+03   -0.9990E+03   -0.9990E+03   -0.9990E+03   -0.9990E+03   -0.9990E+03   -0.9990E+03   -0.9990E+03   -0.9990E+03   -0.9990E+03   -0.9990E+03   -0.9990E+03   -0.9990E+03   -0.9990E+03   -0.9990E+03   -0.9990E+03   -0.9990E+03   -0.9990E+03   -0.9990E+03   -0.9990E+03   -0.9990E+03   -0.9990E+03   -0.9990E+03   -0.9990E+03   -0.9990E+03   -0.9990E+03   -0.9990E+03   -0.9990E+03   -0.9990E+03   -0.9990E+03   -0.9990E+03   -0.9990E+03   -0.9990E+03   -0.9990E+03   -0.9990E+03   -0.9990E+03   -0.9990E+03   -0.9990E+03
   -0.9990E+03   -0.9990E+03   -0.9990E+03   -0.9990E+03   -0.9990E+03   -0.9990E+03   -0.9990E+03   -0.9990E+03   -0.9990E+03   -0.9990E+03   -0.9990E+03   -0.9990E+03   -0.9990E+03   -0.9990E+03    0.3813E+00    0.4229E+00    0.3932E+00    0.4239E+00    0.4093E+00    0.4520E+00    0.3590E+00    0.5666E-01    0.8901E-01    0.4700E-01    0.9804E-01    0.1530E+00    0.1655E+00    0.1632E+00    0.1599E+00    0.1481E+00    0.1578E+00    0.1702E+00    0.1521E+00    0.1470E+00    0.1297E+00    0.1367E+00    0.1407E+00    0.1812E+00   -0.9990E+03   -0.9990E+03   -0.9990E+03   -0.9990E+03   -0.9990E+03   -0.9990E+03   -0.9990E+03   -0.9990E+03   -0.9990E+03   -0.9990E+03   -0.9990E+03   -0.9990E+03   -0.9990E+03   -0.9990E+03   -0.9990E+03   -0.9990E+03   -0.9990E+03   -0.9990E+03   -0.9990E+03   -0.9990E+03   -0.9990E+03   -0.9990E+03   -0.9990E+03   -0.9990E+03   -0.9990E+03   -0.9990E+03   -0.9990E+03   -0.9990E+03   -0.9990E+03   -0.9990E+03   -0.9990E+03   -0.9990E+03   -0.9990E+03   -0.9990E+03   -0.9990E+03   -0.9990E+03   -0.9990E+03   -0.9990E+03
   -0.9990E+03   -0.9990E+03   -0.9990E+03   -0.9990E+03   -0.9990E+03   -0.9990E+03   -0.9990E+03   -0.9990E+03   -0.9990E+03   -0.9990E+03   -0.9990E+03   -0.9990E+03   -0.9990E+03    0.3631E-01    0.4444E-01    0.4914E-01    0.4992E-01    0.4803E-01    0.4113E-01    0.4042E+00    0.1739E+00    0.6338E-01    0.1474E+00    0.1580E+00    0.1651E+00    0.1684E+00    0.1651E+00    0.1624E+00    0.1519E+00    0.1556E+00    0.1588E+00    0.1589E+00    0.1496E+00    0.1467E+00    0.1509E+00    0.1666E+00    0.1637E+00    0.1883E+00   -0.9990E+03   -0.9990E+03   -0.9990E+03   -0.9990E+03   -0.9990E+03   -0.9990E+03   -0.9990E+03   -0.9990E+03   -0.9990E+03   -0.9990E+03   -0.9990E+03   -0.9990E+03   -0.9990E+03   -0.9990E+03   -0.9990E+03   -0.9990E+03   -0.9990E+03   -0.9990E+03   -0.9990E+03   -0.9990E+03   -0.9990E+03   -0.9990E+03   -0.9990E+03   -0.9990E+03   -0.9990E+03   -0.9990E+03   -0.9990E+03   -0.9990E+03   -0.9990E+03   -0.9990E+03   -0.9990E+03   -0.9990E+03   -0.9990E+03   -0.9990E+03   -0.9990E+03   -0.9990E+03   -0.9990E+03   -0.9990E+03
   -0.9990E+03   -0.9990E+03   -0.9990E+03   -0.9990E+03   -0.9990E+03   -0.9990E+03   -0.9990E+03   -0.9990E+03   -0.9990E+03   -0.9990E+03   -0.9990E+03   -0.9990E+03    0.3567E-01    0.3481E-01    0.3485E-01    0.3463E-01    0.3507E-01    0.3494E-01    0.3530E-01    0.3954E-01    0.4170E-01    0.3692E-01    0.1175E+00    0.1674E+00    0.1714E+00    0.1652E+00    0.1645E+00    0.1583E+00    0.1607E+00    0.1657E+00    0.1626E+00    0.1643E+00    0.1669E+00    0.1606E+00    0.1698E+00    0.1859E+00   -0.9990E+03   -0.9990E+03   -0.9990E+03   -0.9990E+03   -0.9990E+03   -0.9990E+03   -0.9990E+03   -0.9990E+03   -0.9990E+03   -0.9990E+03   -0.9990E+03   -0.9990E+03   -0.9990E+03   -0.9990E+03   -0.9990E+03   -0.9990E+03   -0.9990E+03   -0.9990E+03   -0.9990E+03   -0.9990E+03   -0.9990E+03   -0.9990E+03   -0.9990E+03   -0.9990E+03   -0.9990E+03   -0.9990E+03   -0.9990E+03   -0.9990E+03   -0.9990E+03   -0.9990E+03   -0.9990E+03   -0.9990E+03   -0.9990E+03   -0.9990E+03   -0.9990E+03   -0.9990E+03   -0.9990E+03   -0.9990E+03   -0.9990E+03   -0.9990E+03
   -0.9990E+03   -0.9990E+03   -0.9990E+03   -0.9990E+03   -0.9990E+03   -0.9990E+03   -0.9990E+03   -0.9990E+03   -0.9990E+03   -0.9990E+03   -0.9990E+03    0.4025E-01    0.3892E-01    0.3615E-01    0.4225E-01    0.4206E-01    0.4012E-01    0.4132E-01    0.3504E-01    0.3720E-01    0.3920E-01    0.3924E-01    0.1557E+00    0.1696E+00    0.1661E+00    0.1710E+00    0.1637E+00    0.1673E+00    0.1662E+00    0.1622E+00    0.1598E+00    0.1650E+00    0.1604E+00    0.1678E+00    0.1795E+00    0.1964E+00   -0.9990E+03   -0.9990E+03   -0.9990E+03   -0.9990E+03   -0.9990E+03   -0.9990E+03   -0.9990E+03   -0.9990E+03   -0.9990E+03   -0.9990E+03   -0.9990E+03   -0.9990E+03   -0.9990E+03   -0.9990E+03   -0.9990E+03   -0.9990E+03   -0.9990E+03   -0.9990E+03   -0.9990E+03   -0.9990E+03   -0.9990E+03   -0.9990E+03   -0.9990E+03   -0.9990E+03   -0.9990E+03   -0.9990E+03   -0.9990E+03   -0.9990E+03   -0.9990E+03   -0.9990E+03   -0.9990E+03   -0.9990E+03   -0.9990E+03   -0.9990E+03   -0.9990E+03   -0.9990E+03   -0.9990E+03   -0.9990E+03   -0.9990E+03   -0.9990E+03
   -0.9990E+03   -0.9990E+03   -0.9990E+03   -0.9990E+03   -0.9990E+03   -0.9990E+03   -0.9990E+03   -0.9990E+03   -0.9990E+03   -0.9990E+03    0.4233E-01    0.4094E-01    0.3720E-01    0.3610E-01    0.3477E-01    0.3463E-01    0.3459E-01    0.3460E-01    0.3496E-01    0.3912E-01    0.4043E-01    0.1177E+00    0.1598E+00    0.1674E+00    0.1747E+00    0.1702E+00    0.1633E+00    0.1678E+00    0.1710E+00    0.1713E+00    0.1702E+00    0.1743E+00    0.1688E+00    0.1639E+00    0.1868E+00   -0.9990E+03   -0.9990E+03   -0.9990E+03   -0.9990E+03   -0.9990E+03   -0.9990E+03   -0.9990E+03   -0.9990E+03   -0.9990E+03   -0.9990E+03   -0.9990E+03   -0.9990E+03   -0.9990E+03   -0.9990E+03   -0.9990E+03   -0.9990E+03   -0.9990E+03   -0.9990E+03   -0.9990E+03   -0.9990E+03   -0.9990E+03   -0.9990E+03   -0.9990E+03   -0.9990E+03   -0.9990E+03   -0.9990E+03   -0.9990E+03   -0.9990E+03   -0.9990E+03   -0.9990E+03   -0.9990E+03   -0.9990E+03   -0.9990E+03   -0.9990E+03   -0.9990E+03   -0.9990E+03   -0.9990E+03   -0.9990E+03   -0.9990E+03   -0.9990E+03   -0.9990E+03
   -0.9990E+03   -0.9990E+03   -0.9990E+03   -0.9990E+03   -0.9990E+03   -0.9990E+03   -0.9990E+03   -0.9990E+03    0.3795E-01    0.3812E-01    0.3875E-01    0.4125E-01    0.3695E-01    0.3481E-01    0.3485E-01    0.3581E-01    0.3596E-01    0.3614E-01    0.3627E-01    0.4121E-01    0.9142E-01    0.1587E+00    0.1571E+00    0.1711E+00    0.1748E+00    0.1844E+00    0.1836E+00    0.1810E+00    0.1792E+00    0.1794E+00    0.1779E+00    0.1790E+00    0.1809E+00    0.1715E+00    0.1865E+00   -0.9990E+03   -0.9990E+03   -0.9990E+03   -0.9990E+03   -0.9990E+03   -0.9990E+03   -0.9990E+03   -0.9990E+03   -0.9990E+03   -0.9990E+03   -0.9990E+03   -0.9990E+03   -0.9990E+03   -0.9990E+03   -0.9990E+03   -0.9990E+03   -0.9990E+03   -0.9990E+03   -0.9990E+03   -0.9990E+03   -0.9990E+03   -0.9990E+03   -0.9990E+03   -0.9990E+03   -0.9990E+03   -0.9990E+03   -0.9990E+03   -0.9990E+03   -0.9990E+03   -0.9990E+03   -0.9990E+03   -0.9990E+03   -0.9990E+03   -0.9990E+03   -0.9990E+03   -0.9990E+03   -0.9990E+03   -0.9990E+03   -0.9990E+03   -0.9990E+03   -0.9990E+03
   -0.9990E+03   -0.9990E+03   -0.9990E+03   -0.9990E+03   -0.9990E+03   -0.9990E+03   -0.9990E+03   -0.9990E+03    0.3778E-01    0.3855E-01    0.3739E-01    0.3834E-01    0.3476E-01    0.3488E-01    0.3496E-01    0.3556E-01    0.3558E-01    0.3542E-01    0.3564E-01    0.4496E-01    0.1507E+00    0.1518E+00    0.1389E+00    0.1651E+00    0.1481E+00    0.1353E+00    0.1685E+00    0.1871E+00    0.1895E+00    0.1807E+00    0.1968E+00    0.1755E+00    0.1710E+00    0.1729E+00    0.1852E+00   -0.9990E+03   -0.9990E+03   -0.9990E+03   -0.9990E+03   -0.9990E+03   -0.9990E+03   -0.9990E+03   -0.9990E+03   -0.9990E+03   -0.9990E+03   -0.9990E+03   -0.9990E+03   -0.9990E+03   -0.9990E+03   -0.9990E+03   -0.9990E+03   -0.9990E+03   -0.9990E+03   -0.9990E+03   -0.9990E+03   -0.9990E+03   -0.9990E+03   -0.9990E+03   -0.9990E+03   -0.9990E+03   -0.9990E+03   -0.9990E+03   -0.9990E+03   -0.9990E+03   -0.9990E+03   -0.9990E+03   -0.9990E+03   -0.9990E+03   -0.9990E+03   -0.9990E+03   -0.9990E+03   -0.9990E+03   -0.9990E+03   -0.9990E+03   -0.9990E+03   -0.9990E+03
   -0.9990E+03   -0.9990E+03   -0.9990E+03   -0.9990E+03   -0.9990E+03   -0.9990E+03   -0.9990E+03   -0.9990E+03    0.3836E-01    0.3897E-01    0.3482E-01    0.3476E-01    0.3488E-01    0.3509E-01    0.3514E-01    0.3569E-01    0.3547E-01    0.3547E-01    0.3638E-01    0.1284E+00    0.1571E+00    0.1382E+00    0.1450E+00    0.1421E+00    0.1164E+00    0.1307E+00    0.1441E+00    0.1589E+00    0.1913E+00    0.1859E+00    0.1815E+00    0.1969E+00    0.1893E+00    0.1764E+00    0.2167E+00   -0.9990E+03   -0.9990E+03   -0.9990E+03   -0.9990E+03   -0.9990E+03   -0.9990E+03   -0.9990E+03   -0.9990E+03   -0.9990E+03   -0.9990E+03   -0.9990E+03   -0.9990E+03   -0.9990E+03   -0.9990E+03   -0.9990E+03   -0.9990E+03   -0.9990E+03   -0.9990E+03   -0.9990E+03   -0.9990E+03   -0.9990E+03   -0.9990E+03   -0.9990E+03   -0.9990E+03   -0.9990E+03   -0.9990E+03   -0.9990E+03   -0.9990E+03   -0.9990E+03   -0.9990E+03   -0.9990E+03   -0.9990E+03   -0.9990E+03   -0.9990E+03   -0.9990E+03   -0.9990E+03   -0.9990E+03   -0.9990E+03   -0.9990E+03   -0.9990E+03   -0.9990E+03
   -0.9990E+03   -0.9990E+03   -0.9990E+03   -0.9990E+03   -0.9990E+03   -0.9990E+03   -0.9990E+03    0.3785E-01    0.3853E-01    0.3878E-01    0.3848E-01    0.3500E-01    0.3510E-01    0.3547E-01    0.3582E-01    0.3561E-01    0.1432E+00    0.8633E-01    0.1837E+00    0.1591E+00    0.1547E+00    0.1333E+00    0.1348E+00    0.1542E+00    0.1197E+00    0.1333E+00    0.1416E+00    0.1454E+00    0.1651E+00    0.1900E+00    0.1781E+00    0.1808E+00    0.1828E+00    0.2085E+00   -0.9990E+03   -0.9990E+03   -0.9990E+03   -0.9990E+03   -0.9990E+03   -0.9990E+03   -0.9990E+03   -0.9990E+03   -0.9990E+03   -0.9990E+03   -0.9990E+03   -0.9990E+03   -0.9990E+03   -0.9990E+03   -0.9990E+03   -0.9990E+03   -0.9990E+03   -0.9990E+03   -0.9990E+03   -0.9990E+03   -0.9990E+03   -0.9990E+03   -0.9990E+03   -0.9990E+03   -0.9990E+03   -0.9990E+03   -0.9990E+03   -0.9990E+03   -0.9990E+03   -0.9990E+03   -0.9990E+03   -0.9990E+03   -0.9990E+03   -0.9990E+03   -0.9990E+03   -0.9990E+03   -0.9990E+03   -0.9990E+03   -0.9990E+03   -0.9990E+03   -0.9990E+03   -0.9990E+03
   -0.9990E+03   -0.9990E+03   -0.9990E+03   -0.9990E+03   -0.9990E+03   -0.9990E+03   -0.9990E+03    0.3765E-01    0.3861E-01    0.3916E-01    0.3779E-01    0.3629E-01    0.3567E-01    0.1120E+00    0.1813E+00    0.1942E+00    0.1799E+00    0.1829E+00    0.1773E+00    0.1715E+00    0.1493E+00    0.1098E+00    0.1305E+00    0.1103E+00    0.1323E+00    0.1403E+00    0.1469E+00    0.1472E+00    0.1483E+00    0.1900E+00    0.1846E+00    0.1779E+00    0.1918E+00   -0.9990E+03   -0.9990E+03   -0.9990E+03   -0.9990E+03   -0.9990E+03   -0.9990E+03   -0.9990E+03   -0.9990E+03   -0.9990E+03   -0.9990E+03   -0.9990E+03   -0.9990E+03   -0.9990E+03   -0.9990E+03   -0.9990E+03   -0.9990E+03   -0.9990E+03   -0.9990E+03   -0.9990E+03   -0.9990E+03   -0.9990E+03   -0.9990E+03   -0.9990E+03   -0.9990E+03   -0.9990E+03   -0.9990E+03   -0.9990E+03   -0.9990E+03   -0.9990E+03   -0.9990E+03   -0.9990E+03   -0.9990E+03   -0.9990E+03   -0.9990E+03   -0.9990E+03   -0.9990E+03   -0.9990E+03   -0.9990E+03   -0.9990E+03   -0.9990E+03   -0.9990E+03   -0.9990E+03   -0.9990E+03
   -0.9990E+03   -0.9990E+03   -0.9990E+03   -0.9990E+03   -0.9990E+03    0.3839E-01    0.3828E-01    0.3854E-01    0.3842E-01    0.3920E-01    0.1516E+00    0.1988E+00    0.1643E+00    0.1738E+00    0.1860E+00    0.1658E+00    0.1657E+00    0.1651E+00    0.1883E+00    0.1961E+00    0.1460E+00    0.1379E+00    0.1052E+00    0.1173E+00    0.1320E+00    0.1412E+00    0.1530E+00    0.1558E+00    0.1441E+00    0.1670E+00    0.1942E+00    0.2015E+00    0.1915E+00   -0.9990E+03   -0.9990E+03   -0.9990E+03   -0.9990E+03   -0.9990E+03   -0.9990E+03   -0.9990E+03   -0.9990E+03   -0.9990E+03   -0.9990E+03   -0.9990E+03   -0.9990E+03   -0.9990E+03   -0.9990E+03   -0.9990E+03   -0.9990E+03   -0.9990E+03   -0.9990E+03   -0.9990E+03   -0.9990E+03   -0.9990E+03   -0.9990E+03   -0.9990E+03   -0.9990E+03   -0.9990E+03   -0.9990E+03   -0.9990E+03   -0.9990E+03   -0.9990E+03   -0.9990E+03   -0.9990E+03   -0.9990E+03   -0.9990E+03   -0.9990E+03   -0.9990E+03   -0.9990E+03   -0.9990E+03   -0.9990E+03   -0.9990E+03   -0.9990E+03   -0.9990E+03   -0.9990E+03   -0.9990E+03
   -0.9990E+03   -0.9990E+03   -0.9990E+03   -0.9990E+03    0.4059E-01    0.3896E-01    0.3867E-01    0.3955E-01    0.3897E-01    0.3910E-01    0.2181E+00    0.1875E+00    0.1713E+00    0.1517E+00    0.1481E+00    0.1475E+00    0.1831E+00    0.1917E+00    0.1895E+00    0.1154E+00    0.1645E+00    0.1658E+00    0.1573E+00    0.1090E+00    0.1334E+00    0.1357E+00    0.1551E+00    0.1541E+00    0.1690E+00   -0.9990E+03   -0.9990E+03   -0.9990E+03   -0.9990E+03   -0.9990E+03   -0.9990E+03   -0.9990E+03   -0.9990E+03   -0.9990E+03   -0.9990E+03   -0.9990E+03   -0.9990E+03   -0.9990E+03   -0.9990E+03   -0.9990E+03   -0.9990E+03   -0.9990E+03   -0.9990E+03   -0.9990E+03   -0.9990E+03   -0.9990E+03   -0.9990E+03   -0.9990E+03   -0.9990E+03   -0.9990E+03   -0.9990E+03   -0.9990E+03   -0.9990E+03   -0.9990E+03   -0.9990E+03   -0.9990E+03   -0.9990E+03   -0.9990E+03   -0.9990E+03   -0.9990E+03   -0.9990E+03   -0.9990E+03   -0.9990E+03   -0.9990E+03   -0.9990E+03   -0.9990E+03   -0.9990E+03   -0.9990E+03   -0.9990E+03   -0.9990E+03   -0.9990E+03   -0.9990E+03
   -0.9990E+03   -0.9990E+03   -0.9990E+03    0.3868E-01    0.4147E-01    0.3924E-01    0.3997E-01    0.1647E+00    0.1807E+00    0.1708E+00    0.8508E-01    0.1358E+00    0.1306E+00    0.1786E+00    0.1099E+00    0.8438E-01    0.1448E+00    0.1613E+00    0.1164E+00    0.1331E+00    0.1491E+00    0.1726E+00    0.1731E+00    0.1613E+00    0.1482E+00    0.1679E+00   -0.9990E+03   -0.9990E+03   -0.9990E+03   -0.9990E+03   -0.9990E+03   -0.9990E+03   -0.9990E+03   -0.9990E+03   -0.9990E+03   -0.9990E+03   -0.9990E+03   -0.9990E+03   -0.9990E+03   -0.9990E+03   -0.9990E+03   -0.9990E+03   -0.9990E+03   -0.9990E+03   -0.9990E+03   -0.9990E+03   -0.9990E+03   -0.9990E+03   -0.9990E+03   -0.9990E+03   -0.9990E+03   -0.9990E+03   -0.9990E+03   -0.9990E+03   -0.9990E+03   -0.9990E+03   -0.9990E+03   -0.9990E+03   -0.9990E+03   -0.9990E+03   -0.9990E+03   -0.9990E+03   -0.9990E+03   -0.9990E+03   -0.9990E+03   -0.9990E+03   -0.9990E+03   -0.9990E+03   -0.9990E+03   -0.9990E+03   -0.9990E+03   -0.9990E+03   -0.9990E+03   -0.9990E+03   -0.9990E+03   -0.9990E+03
   -0.9990E+03   -0.9990E+03    0.1536E+00    0.1554E+00    0.4525E-01    0.1688E+00    0.1452E+00    0.9521E-01    0.1345E+00    0.8950E-01    0.1033E+00    0.5298E-01    0.5714E-01    0.4032E-01    0.3983E-01    0.4800E-01    0.4189E-01    0.1534E+00    0.1713E+00    0.1806E+00    0.1787E+00    0.1722E+00    0.1755E+00    0.1811E+00   -0.9990E+03   -0.9990E+03   -0.9990E+03   -0.9990E+03   -0.9990E+03   -0.9990E+03   -0.9990E+03   -0.9990E+03   -0.9990E+03   -0.9990E+03   -0.9990E+03   -0.9990E+03   -0.9990E+03   -0.9990E+03   -0.9990E+03   -0.9990E+03   -0.9990E+03   -0.9990E+03   -0.9990E+03   -0.9990E+03   -0.9990E+03   -0.9990E+03   -0.9990E+03   -0.9990E+03   -0.9990E+03   -0.9990E+03   -0.9990E+03   -0.9990E+03   -0.9990E+03   -0.9990E+03   -0.9990E+03   -0.9990E+03   -0.9990E+03   -0.9990E+03   -0.9990E+03   -0.9990E+03   -0.9990E+03   -0.9990E+03   -0.9990E+03   -0.9990E+03   -0.9990E+03   -0.9990E+03   -0.9990E+03   -0.9990E+03   -0.9990E+03   -0.9990E+03   -0.9990E+03   -0.9990E+03   -0.9990E+03   -0.9990E+03   -0.9990E+03   -0.9990E+03
   -0.9990E+03   -0.9990E+03    0.1883E+00    0.1790E+00    0.1912E+00    0.1477E+00    0.7464E-01    0.8783E-01    0.1366E+00    0.1336E+00    0.5647E-01    0.4225E-01    0.1681E+00    0.1138E+00    0.8446E-01    0.4025E-01    0.1694E+00    0.1737E+00    0.1884E+00    0.1935E+00    0.1869E+00    0.1827E+00   -0.9990E+03   -0.9990E+03   -0.9990E+03   -0.9990E+03   -0.9990E+03   -0.9990E+03   -0.9990E+03   -0.9990E+03   -0.9990E+03   -0.9990E+03   -0.9990E+03   -0.9990E+03   -0.9990E+03   -0.9990E+03   -0.9990E+03   -0.9990E+03   -0.9990E+03   -0.9990E+03   -0.9990E+03   -0.9990E+03   -0.9990E+03   -0.9990E+03   -0.9990E+03   -0.9990E+03   -0.9990E+03   -0.9990E+03   -0.9990E+03   -0.9990E+03   -0.9990E+03   -0.9990E+03   -0.9990E+03   -0.9990E+03   -0.9990E+03   -0.9990E+03   -0.9990E+03   -0.9990E+03   -0.9990E+03   -0.9990E+03   -0.9990E+03   -0.9990E+03   -0.9990E+03   -0.9990E+03   -0.9990E+03   -0.9990E+03   -0.9990E+03   -0.9990E+03   -0.9990E+03   -0.9990E+03   -0.9990E+03   -0.9990E+03   -0.9990E+03   -0.9990E+03   -0.9990E+03   -0.9990E+03
   -0.9990E+03    0.1982E+00    0.1782E+00    0.1876E+00    0.1627E+00    0.1016E+00    0.1050E+00    0.1275E+00    0.1807E+00    0.1712E+00    0.1744E+00    0.7472E-01    0.2057E+00    0.1947E+00    0.1679E+00    0.1443E+00    0.1978E+00    0.1923E+00   -0.9990E+03   -0.9990E+03   -0.9990E+03   -0.9990E+03   -0.9990E+03   -0.9990E+03   -0.9990E+03   -0.9990E+03   -0.9990E+03   -0.9990E+03   -0.9990E+03   -0.9990E+03   -0.9990E+03   -0.9990E+03   -0.9990E+03   -0.9990E+03   -0.9990E+03   -0.9990E+03   -0.9990E+03   -0.9990E+03   -0.9990E+03   -0.9990E+03   -0.9990E+03   -0.9990E+03   -0.9990E+03   -0.9990E+03   -0.9990E+03   -0.9990E+03   -0.9990E+03   -0.9990E+03   -0.9990E+03   -0.9990E+03   -0.9990E+03   -0.9990E+03   -0.9990E+03   -0.9990E+03   -0.9990E+03   -0.9990E+03   -0.9990E+03   -0.9990E+03   -0.9990E+03   -0.9990E+03   -0.9990E+03   -0.9990E+03   -0.9990E+03   -0.9990E+03   -0.9990E+03   -0.9990E+03   -0.9990E+03   -0.9990E+03   -0.9990E+03   -0.9990E+03   -0.9990E+03   -0.9990E+03   -0.9990E+03   -0.9990E+03   -0.9990E+03   -0.9990E+03
    0.1966E+00    0.1863E+00    0.1676E+00    0.1536E+00    0.1401E+00    0.1523E+00    0.2167E+00    0.1955E+00    0.1805E+00    0.1924E+00    0.1801E+00    0.1451E+00    0.1620E+00   -0.9990E+03   -0.9990E+03   -0.9990E+03   -0.9990E+03   -0.9990E+03   -0.9990E+03   -0.9990E+03   -0.9990E+03   -0.9990E+03   -0.9990E+03   -0.9990E+03   -0.9990E+03   -0.9990E+03   -0.9990E+03   -0.9990E+03   -0.9990E+03   -0.9990E+03   -0.9990E+03   -0.9990E+03   -0.9990E+03   -0.9990E+03   -0.9990E+03   -0.9990E+03   -0.9990E+03   -0.9990E+03   -0.9990E+03   -0.9990E+03   -0.9990E+03   -0.9990E+03   -0.9990E+03   -0.9990E+03   -0.9990E+03   -0.9990E+03   -0.9990E+03   -0.9990E+03   -0.9990E+03   -0.9990E+03   -0.9990E+03   -0.9990E+03   -0.9990E+03   -0.9990E+03   -0.9990E+03   -0.9990E+03   -0.9990E+03   -0.9990E+03   -0.9990E+03   -0.9990E+03   -0.9990E+03   -0.9990E+03   -0.9990E+03   -0.9990E+03   -0.9990E+03   -0.9990E+03   -0.9990E+03   -0.9990E+03   -0.9990E+03   -0.9990E+03   -0.9990E+03   -0.9990E+03   -0.9990E+03   -0.9990E+03   -0.9990E+03   -0.9990E+03
    0.1730E+00    0.1714E+00    0.1682E+00    0.1726E+00   -0.9990E+03   -0.9990E+03   -0.9990E+03   -0.9990E+03   -0.9990E+03   -0.9990E+03   -0.9990E+03   -0.9990E+03   -0.9990E+03   -0.9990E+03   -0.9990E+03   -0.9990E+03   -0.9990E+03   -0.9990E+03   -0.9990E+03   -0.9990E+03   -0.9990E+03   -0.9990E+03   -0.9990E+03   -0.9990E+03   -0.9990E+03   -0.9990E+03   -0.9990E+03   -0.9990E+03   -0.9990E+03   -0.9990E+03   -0.9990E+03   -0.9990E+03   -0.9990E+03   -0.9990E+03   -0.9990E+03   -0.9990E+03   -0.9990E+03   -0.9990E+03   -0.9990E+03   -0.9990E+03   -0.9990E+03   -0.9990E+03   -0.9990E+03   -0.9990E+03   -0.9990E+03   -0.9990E+03   -0.9990E+03   -0.9990E+03   -0.9990E+03   -0.9990E+03   -0.9990E+03   -0.9990E+03   -0.9990E+03   -0.9990E+03   -0.9990E+03   -0.9990E+03   -0.9990E+03   -0.9990E+03   -0.9990E+03   -0.9990E+03   -0.9990E+03   -0.9990E+03   -0.9990E+03   -0.9990E+03   -0.9990E+03   -0.9990E+03   -0.9990E+03   -0.9990E+03   -0.9990E+03   -0.9990E+03   -0.9990E+03   -0.9990E+03   -0.9990E+03   -0.9990E+03   -0.9990E+03   -0.9990E+03
   -0.9990E+03    0.1729E+00    0.1721E+00    0.2044E+00   -0.9990E+03   -0.9990E+03   -0.9990E+03   -0.9990E+03   -0.9990E+03   -0.9990E+03   -0.9990E+03   -0.9990E+03   -0.9990E+03   -0.9990E+03   -0.9990E+03   -0.9990E+03   -0.9990E+03   -0.9990E+03   -0.9990E+03   -0.9990E+03   -0.9990E+03   -0.9990E+03   -0.9990E+03   -0.9990E+03   -0.9990E+03   -0.9990E+03   -0.9990E+03   -0.9990E+03   -0.9990E+03   -0.9990E+03   -0.9990E+03   -0.9990E+03   -0.9990E+03   -0.9990E+03   -0.9990E+03   -0.9990E+03   -0.9990E+03   -0.9990E+03   -0.9990E+03   -0.9990E+03   -0.9990E+03   -0.9990E+03   -0.9990E+03   -0.9990E+03   -0.9990E+03   -0.9990E+03   -0.9990E+03   -0.9990E+03   -0.9990E+03   -0.9990E+03   -0.9990E+03   -0.9990E+03   -0.9990E+03   -0.9990E+03   -0.9990E+03   -0.9990E+03   -0.9990E+03   -0.9990E+03   -0.9990E+03   -0.9990E+03   -0.9990E+03   -0.9990E+03   -0.9990E+03   -0.9990E+03   -0.9990E+03   -0.9990E+03   -0.9990E+03   -0.9990E+03   -0.9990E+03   -0.9990E+03   -0.9990E+03   -0.9990E+03   -0.9990E+03   -0.9990E+03   -0.9990E+03   -0.9990E+03
      1095.0000          LAYER       1
   -0.9990E+03   -0.9990E+03   -0.9990E+03   -0.9990E+03   -0.9990E+03   -0.9990E+03   -0.9990E+03   -0.9990E+03   -0.9990E+03   -0.9990E+03   -0.9990E+03   -0.9990E+03   -0.9990E+03   -0.9990E+03   -0.9990E+03   -0.9990E+03   -0.9990E+03   -0.9990E+03   -0.9990E+03   -0.9990E+03   -0.9990E+03   -0.9990E+03   -0.9990E+03   -0.9990E+03   -0.9990E+03   -0.9990E+03   -0.9990E+03   -0.9990E+03   -0.9990E+03   -0.9990E+03   -0.9990E+03   -0.9990E+03   -0.9990E+03   -0.9990E+03   -0.9990E+03   -0.9990E+03   -0.9990E+03   -0.9990E+03   -0.9990E+03   -0.9990E+03   -0.9990E+03   -0.9990E+03   -0.9990E+03   -0.9990E+03   -0.9990E+03   -0.9990E+03   -0.9990E+03   -0.9990E+03   -0.9990E+03   -0.9990E+03   -0.9990E+03   -0.9990E+03   -0.9990E+03   -0.9990E+03   -0.9990E+03   -0.9990E+03   -0.9990E+03   -0.9990E+03   -0.9990E+03   -0.9990E+03   -0.9990E+03   -0.9990E+03   -0.9990E+03   -0.9990E+03   -0.9990E+03   -0.9990E+03   -0.9990E+03   -0.9990E+03   -0.9990E+03   -0.9990E+03   -0.9990E+03    0.8641E-01    0.1218E+00   -0.9990E+03   -0.9990E+03   -0.9990E+03
   -0.9990E+03   -0.9990E+03   -0.9990E+03   -0.9990E+03   -0.9990E+03   -0.9990E+03   -0.9990E+03   -0.9990E+03   -0.9990E+03   -0.9990E+03   -0.9990E+03   -0.9990E+03   -0.9990E+03   -0.9990E+03   -0.9990E+03   -0.9990E+03   -0.9990E+03   -0.9990E+03   -0.9990E+03   -0.9990E+03   -0.9990E+03   -0.9990E+03   -0.9990E+03   -0.9990E+03   -0.9990E+03   -0.9990E+03   -0.9990E+03   -0.9990E+03   -0.9990E+03   -0.9990E+03   -0.9990E+03   -0.9990E+03   -0.9990E+03   -0.9990E+03   -0.9990E+03   -0.9990E+03   -0.9990E+03   -0.9990E+03   -0.9990E+03   -0.9990E+03   -0.9990E+03   -0.9990E+03   -0.9990E+03   -0.9990E+03   -0.9990E+03   -0.9990E+03   -0.9990E+03   -0.9990E+03   -0.9990E+03   -0.9990E+03   -0.9990E+03   -0.9990E+03   -0.9990E+03   -0.9990E+03   -0.9990E+03   -0.9990E+03   -0.9990E+03   -0.9990E+03   -0.9990E+03   -0.9990E+03   -0.9990E+03   -0.9990E+03   -0.9990E+03   -0.9990E+03   -0.9990E+03   -0.9990E+03   -0.9990E+03   -0.9990E+03   -0.9990E+03   -0.9990E+03    0.9514E-01    0.7549E-01    0.9406E-01    0.1326E+00   -0.9990E+03   -0.9990E+03
   -0.9990E+03   -0.9990E+03   -0.9990E+03   -0.9990E+03   -0.9990E+03   -0.9990E+03   -0.9990E+03   -0.9990E+03   -0.9990E+03   -0.9990E+03   -0.9990E+03   -0.9990E+03   -0.9990E+03   -0.9990E+03   -0.9990E+03   -0.9990E+03   -0.9990E+03   -0.9990E+03   -0.9990E+03   -0.9990E+03   -0.9990E+03   -0.9990E+03   -0.9990E+03   -0.9990E+03   -0.9990E+03   -0.9990E+03   -0.9990E+03   -0.9990E+03   -0.9990E+03   -0.9990E+03   -0.9990E+03   -0.9990E+03   -0.9990E+03   -0.9990E+03   -0.9990E+03   -0.9990E+03   -0.9990E+03   -0.9990E+03   -0.9990E+03   -0.9990E+03   -0.9990E+03   -0.9990E+03   -0.9990E+03   -0.9990E+03   -0.9990E+03   -0.9990E+03   -0.9990E+03   -0.9990E+03   -0.9990E+03   -0.9990E+03   -0.9990E+03   -0.9990E+03   -0.9990E+03   -0.9990E+03   -0.9990E+03   -0.9990E+03   -0.9990E+03   -0.9990E+03   -0.9990E+03   -0.9990E+03   -0.9990E+03   -0.9990E+03   -0.9990E+03   -0.9990E+03   -0.9990E+03   -0.9990E+03   -0.9990E+03   -0.9990E+03    0.1247E+00    0.8723E-01    0.1192E+00    0.7880E-01    0.1349E+00    0.1099E+00    0.8452E-01   -0.9990E+03
   -0.9990E+03   -0.9990E+03   -0.9990E+03   -0.9990E+03   -0.9990E+03   -0.9990E+03   -0.9990E+03   -0.9990E+03   -0.9990E+03   -0.9990E+03   -0.9990E+03   -0.9990E+03   -0.9990E+03   -0.9990E+03   -0.9990E+03   -0.9990E+03   -0.9990E+03   -0.9990E+03   -0.9990E+03   -0.9990E+03   -0.9990E+03   -0.9990E+03   -0.9990E+03   -0.9990E+03   -0.9990E+03   -0.9990E+03   -0.9990E+03   -0.9990E+03   -0.9990E+03   -0.9990E+03   -0.9990E+03   -0.9990E+03   -0.9990E+03   -0.9990E+03   -0.9990E+03   -0.9990E+03   -0.9990E+03   -0.9990E+03   -0.9990E+03   -0.9990E+03   -0.9990E+03   -0.9990E+03   -0.9990E+03   -0.9990E+03   -0.9990E+03   -0.9990E+03   -0.9990E+03   -0.9990E+03   -0.9990E+03   -0.9990E+03   -0.9990E+03   -0.9990E+03   -0.9990E+03   -0.9990E+03   -0.9990E+03   -0.9990E+03   -0.9990E+03   -0.9990E+03   -0.9990E+03   -0.9990E+03   -0.9990E+03   -0.9990E+03   -0.9990E+03   -0.9990E+03   -0.9990E+03   -0.9990E+03   -0.9990E+03   -0.9990E+03    0.7936E-01    0.8775E-01    0.7426E-01    0.7335E-01    0.7440E-01    0.9950E-01    0.1051E+00   -0.9990E+03
   -0.9990E+03   -0.9990E+03   -0.9990E+03   -0.9990E+03   -0.9990E+03   -0.9990E+03   -0.9990E+03   -0.9990E+03   -0.9990E+03   -0.9990E+03   -0.9990E+03   -0.9990E+03   -0.9990E+03   -0.9990E+03   -0.9990E+03   -0.9990E+03   -0.9990E+03   -0.9990E+03   -0.9990E+03   -0.9990E+03   -0.9990E+03   -0.9990E+03   -0.9990E+03   -0.9990E+03   -0.9990E+03   -0.9990E+03   -0.9990E+03   -0.9990E+03   -0.9990E+03   -0.9990E+03   -0.9990E+03   -0.9990E+03   -0.9990E+03   -0.9990E+03   -0.9990E+03   -0.9990E+03   -0.9990E+03   -0.9990E+03   -0.9990E+03   -0.9990E+03   -0.9990E+03   -0.9990E+03   -0.9990E+03   -0.9990E+03   -0.9990E+03   -0.9990E+03   -0.9990E+03   -0.9990E+03   -0.9990E+03   -0.9990E+03   -0.9990E+03   -0.9990E+03   -0.9990E+03   -0.9990E+03   -0.9990E+03   -0.9990E+03   -0.9990E+03   -0.9990E+03   -0.9990E+03   -0.9990E+03   -0.9990E+03   -0.9990E+03   -0.9990E+03   -0.9990E+03   -0.9990E+03    0.3870E-01    0.4878E-01    0.9233E-01    0.1044E+00    0.7728E-01    0.1076E+00    0.1360E+00    0.6716E-01    0.1091E+00    0.1508E+00   -0.9990E+03
   -0.9990E+03   -0.9990E+03   -0.9990E+03   -0.9990E+03   -0.9990E+03   -0.9990E+03   -0.9990E+03   -0.9990E+03   -0.9990E+03   -0.9990E+03   -0.9990E+03   -0.9990E+03   -0.9990E+03   -0.9990E+03   -0.9990E+03   -0.9990E+03   -0.9990E+03   -0.9990E+03   -0.9990E+03   -0.9990E+03   -0.9990E+03   -0.9990E+03   -0.9990E+03   -0.9990E+03   -0.9990E+03   -0.9990E+03   -0.9990E+03   -0.9990E+03   -0.9990E+03   -0.9990E+03   -0.9990E+03   -0.9990E+03   -0.9990E+03   -0.9990E+03   -0.9990E+03   -0.9990E+03   -0.9990E+03   -0.9990E+03   -0.9990E+03   -0.9990E+03   -0.9990E+03   -0.9990E+03   -0.9990E+03   -0.9990E+03   -0.9990E+03   -0.9990E+03   -0.9990E+03   -0.9990E+03   -0.9990E+03   -0.9990E+03   -0.9990E+03   -0.9990E+03   -0.9990E+03   -0.9990E+03   -0.9990E+03   -0.9990E+03    0.1630E+00    0.1223E+00    0.5552E-01    0.3731E-01   -0.9990E+03    0.5778E-01    0.4734E-01    0.6116E-01    0.3875E-01    0.3944E-01    0.4215E-01    0.8734E-01    0.1095E+00    0.8256E-01    0.9694E-01    0.8372E-01    0.7143E-01    0.8301E-01    0.1062E+00   -0.9990E+03
   -0.9990E+03   -0.9990E+03   -0.9990E+03   -0.9990E+03   -0.9990E+03   -0.9990E+03   -0.9990E+03   -0.9990E+03   -0.9990E+03   -0.9990E+03   -0.9990E+03   -0.9990E+03   -0.9990E+03   -0.9990E+03   -0.9990E+03   -0.9990E+03   -0.9990E+03   -0.9990E+03   -0.9990E+03   -0.9990E+03   -0.9990E+03   -0.9990E+03   -0.9990E+03   -0.9990E+03   -0.9990E+03   -0.9990E+03   -0.9990E+03   -0.9990E+03   -0.9990E+03   -0.9990E+03   -0.9990E+03   -0.9990E+03   -0.9990E+03   -0.9990E+03   -0.9990E+03   -0.9990E+03   -0.9990E+03   -0.9990E+03   -0.9990E+03   -0.9990E+03   -0.9990E+03   -0.9990E+03   -0.9990E+03   -0.9990E+03   -0.9990E+03   -0.9990E+03   -0.9990E+03   -0.9990E+03   -0.9990E+03   -0.9990E+03   -0.9990E+03   -0.9990E+03   -0.9990E+03   -0.9990E+03   -0.9990E+03    0.1595E+00    0.1569E+00    0.1143E+00    0.3752E-01    0.4437E-01    0.5589E-01    0.3764E-01    0.5215E-01    0.3934E-01    0.3959E-01    0.3854E-01    0.6579E-01    0.6570E-01    0.9209E-01    0.1064E+00    0.9400E-01    0.1118E+00    0.6778E-01    0.7932E-01    0.1288E+00   -0.9990E+03
   -0.9990E+03   -0.9990E+03   -0.9990E+03   -0.9990E+03   -0.9990E+03   -0.9990E+03   -0.9990E+03   -0.9990E+03   -0.9990E+03   -0.9990E+03   -0.9990E+03   -0.9990E+03   -0.9990E+03   -0.9990E+03   -0.9990E+03   -0.9990E+03   -0.9990E+03   -0.9990E+03   -0.9990E+03   -0.9990E+03   -0.9990E+03   -0.9990E+03   -0.9990E+03   -0.9990E+03   -0.9990E+03   -0.9990E+03   -0.9990E+03   -0.9990E+03   -0.9990E+03   -0.9990E+03   -0.9990E+03   -0.9990E+03   -0.9990E+03   -0.9990E+03   -0.9990E+03   -0.9990E+03   -0.9990E+03   -0.9990E+03   -0.9990E+03   -0.9990E+03   -0.9990E+03   -0.9990E+03   -0.9990E+03   -0.9990E+03   -0.9990E+03   -0.9990E+03   -0.9990E+03   -0.9990E+03   -0.9990E+03   -0.9990E+03   -0.9990E+03   -0.9990E+03   -0.9990E+03   -0.9990E+03    0.1609E+00    0.1245E+00    0.1046E+00    0.7268E-01    0.3806E-01    0.5050E-01    0.7024E-01    0.4489E-01    0.3766E-01    0.3965E-01    0.3965E-01    0.3882E-01    0.4619E-01    0.9737E-01    0.7802E-01    0.7905E-01    0.1173E+00    0.1122E+00    0.6944E-01    0.1235E+00    0.8356E-01    0.1394E+00
   -0.9990E+03   -0.9990E+03   -0.9990E+03   -0.9990E+03   -0.9990E+03   -0.9990E+03   -0.9990E+03   -0.9990E+03   -0.9990E+03   -0.9990E+03   -0.9990E+03   -0.9990E+03   -0.9990E+03   -0.9990E+03   -0.9990E+03   -0.9990E+03   -0.9990E+03   -0.9990E+03   -0.9990E+03   -0.9990E+03   -0.9990E+03   -0.9990E+03   -0.9990E+03   -0.9990E+03   -0.9990E+03   -0.9990E+03   -0.9990E+03   -0.9990E+03   -0.9990E+03   -0.9990E+03   -0.9990E+03   -0.9990E+03   -0.9990E+03   -0.9990E+03   -0.9990E+03   -0.9990E+03   -0.9990E+03   -0.9990E+03   -0.9990E+03   -0.9990E+03   -0.9990E+03   -0.9990E+03   -0.9990E+03   -0.9990E+03   -0.9990E+03   -0.9990E+03   -0.9990E+03   -0.9990E+03   -0.9990E+03   -0.9990E+03   -0.9990E+03   -0.9990E+03   -0.9990E+03    0.1405E+00    0.1103E+00    0.1064E+00    0.1060E+00    0.6144E-01    0.4810E-01    0.7076E-01    0.4600E-01    0.3706E-01    0.3822E-01    0.3807E-01    0.3937E-01    0.3868E-01    0.6696E-01    0.8590E-01    0.8110E-01    0.6822E-01    0.7773E-01    0.7073E-01    0.7776E-01    0.1128E+00    0.1136E+00   -0.9990E+03
   -0.9990E+03   -0.9990E+03   -0.9990E+03   -0.9990E+03   -0.9990E+03   -0.9990E+03   -0.9990E+03   -0.9990E+03   -0.9990E+03   -0.9990E+03   -0.9990E+03   -0.9990E+03   -0.9990E+03   -0.9990E+03   -0.9990E+03   -0.9990E+03   -0.9990E+03   -0.9990E+03   -0.9990E+03   -0.9990E+03   -0.9990E+03   -0.9990E+03   -0.9990E+03   -0.9990E+03   -0.9990E+03   -0.9990E+03   -0.9990E+03   -0.9990E+03   -0.9990E+03   -0.9990E+03   -0.9990E+03   -0.9990E+03   -0.9990E+03   -0.9990E+03   -0.9990E+03   -0.9990E+03   -0.9990E+03   -0.9990E+03   -0.9990E+03   -0.9990E+03   -0.9990E+03   -0.9990E+03   -0.9990E+03   -0.9990E+03   -0.9990E+03   -0.9990E+03   -0.9990E+03   -0.9990E+03   -0.9990E+03   -0.9990E+03   -0.9990E+03   -0.9990E+03   -0.9990E+03    0.1212E+00    0.1296E+00    0.1506E+00    0.1368E+00    0.8507E-01    0.6655E-01    0.5289E-01    0.3706E-01    0.3802E-01    0.7935E-01    0.3828E-01    0.3952E-01    0.3777E-01    0.3782E-01    0.5648E-01    0.7219E-01    0.1131E+00    0.1138E+00    0.6921E-01    0.1029E+00    0.1257E+00   -0.9990E+03   -0.9990E+03
   -0.9990E+03   -0.9990E+03   -0.9990E+03   -0.9990E+03   -0.9990E+03   -0.9990E+03   -0.9990E+03   -0.9990E+03   -0.9990E+03   -0.9990E+03   -0.9990E+03   -0.9990E+03   -0.9990E+03   -0.9990E+03   -0.9990E+03   -0.9990E+03   -0.9990E+03   -0.9990E+03   -0.9990E+03   -0.9990E+03   -0.9990E+03   -0.9990E+03   -0.9990E+03   -0.9990E+03   -0.9990E+03   -0.9990E+03   -0.9990E+03   -0.9990E+03   -0.9990E+03   -0.9990E+03   -0.9990E+03   -0.9990E+03   -0.9990E+03   -0.9990E+03   -0.9990E+03   -0.9990E+03   -0.9990E+03   -0.9990E+03   -0.9990E+03   -0.9990E+03   -0.9990E+03   -0.9990E+03   -0.9990E+03   -0.9990E+03   -0.9990E+03   -0.9990E+03   -0.9990E+03   -0.9990E+03   -0.9990E+03   -0.9990E+03   -0.9990E+03   -0.9990E+03   -0.9990E+03    0.4684E-01    0.3622E-01    0.3644E-01    0.4625E-01    0.3553E-01    0.4147E-01    0.5032E-01    0.3744E-01    0.3858E-01    0.3930E-01    0.3860E-01    0.3783E-01    0.3699E-01    0.3719E-01    0.3721E-01    0.9911E-01    0.9931E-01    0.7896E-01    0.7559E-01    0.9941E-01    0.9780E-01    0.1108E+00   -0.9990E+03
   -0.9990E+03   -0.9990E+03   -0.9990E+03   -0.9990E+03   -0.9990E+03   -0.9990E+03   -0.9990E+03   -0.9990E+03   -0.9990E+03   -0.9990E+03   -0.9990E+03   -0.9990E+03   -0.9990E+03   -0.9990E+03   -0.9990E+03   -0.9990E+03   -0.9990E+03   -0.9990E+03   -0.9990E+03   -0.9990E+03   -0.9990E+03   -0.9990E+03   -0.9990E+03   -0.9990E+03   -0.9990E+03   -0.9990E+03   -0.9990E+03   -0.9990E+03   -0.9990E+03   -0.9990E+03   -0.9990E+03   -0.9990E+03   -0.9990E+03   -0.9990E+03   -0.9990E+03   -0.9990E+03   -0.9990E+03   -0.9990E+03   -0.9990E+03   -0.9990E+03   -0.9990E+03   -0.9990E+03   -0.9990E+03   -0.9990E+03   -0.9990E+03   -0.9990E+03   -0.9990E+03   -0.9990E+03   -0.9990E+03   -0.9990E+03   -0.9990E+03   -0.9990E+03    0.1242E+00    0.8500E-01    0.7752E-01    0.8388E-01    0.8376E-01    0.1129E+00    0.3790E-01    0.3699E-01    0.3762E-01    0.3799E-01    0.3798E-01    0.3910E-01    0.3738E-01    0.3800E-01    0.3972E-01    0.3828E-01    0.4227E-01    0.6713E-01    0.7201E-01    0.9093E-01    0.8281E-01    0.7911E-01    0.1213E+00   -0.9990E+03
   -0.9990E+03   -0.9990E+03   -0.9990E+03   -0.9990E+03   -0.9990E+03   -0.9990E+03   -0.9990E+03   -0.9990E+03   -0.9990E+03   -0.9990E+03   -0.9990E+03   -0.9990E+03   -0.9990E+03   -0.9990E+03   -0.9990E+03   -0.9990E+03   -0.9990E+03   -0.9990E+03   -0.9990E+03   -0.9990E+03   -0.9990E+03   -0.9990E+03   -0.9990E+03   -0.9990E+03   -0.9990E+03   -0.9990E+03   -0.9990E+03   -0.9990E+03   -0.9990E+03   -0.9990E+03   -0.9990E+03   -0.9990E+03   -0.9990E+03   -0.9990E+03   -0.9990E+03   -0.9990E+03   -0.9990E+03   -0.9990E+03   -0.9990E+03   -0.9990E+03   -0.9990E+03   -0.9990E+03   -0.9990E+03   -0.9990E+03   -0.9990E+03   -0.9990E+03   -0.9990E+03   -0.9990E+03   -0.9990E+03   -0.9990E+03   -0.9990E+03    0.8314E-01    0.1160E+00    0.1034E+00    0.8348E-01    0.1133E+00    0.8636E-01    0.1203E+00    0.5157E-01    0.3691E-01    0.3756E-01    0.3770E-01    0.3861E-01    0.3807E-01    0.3744E-01    0.3755E-01    0.3717E-01    0.3711E-01    0.4600E-01    0.6709E-01    0.8155E-01    0.7909E-01    0.1545E+00    0.9239E-01    0.1157E+00   -0.9990E+03
   -0.9990E+03   -0.9990E+03   -0.9990E+03   -0.9990E+03   -0.9990E+03   -0.9990E+03   -0.9990E+03   -0.9990E+03   -0.9990E+03   -0.9990E+03   -0.9990E+03   -0.9990E+03   -0.9990E+03   -0.9990E+03   -0.9990E+03   -0.9990E+03   -0.9990E+03   -0.9990E+03   -0.9990E+03   -0.9990E+03   -0.9990E+03   -0.9990E+03   -0.9990E+03   -0.9990E+03   -0.9990E+03   -0.9990E+03   -0.9990E+03   -0.9990E+03   -0.9990E+03   -0.9990E+03   -0.9990E+03   -0.9990E+03   -0.9990E+03   -0.9990E+03   -0.9990E+03   -0.9990E+03   -0.9990E+03   -0.9990E+03   -0.9990E+03   -0.9990E+03   -0.9990E+03   -0.9990E+03   -0.9990E+03   -0.9990E+03   -0.9990E+03   -0.9990E+03   -0.9990E+03   -0.9990E+03   -0.9990E+03    0.8687E-01    0.8285E-01    0.8614E-01    0.1031E+00    0.1534E+00    0.8942E-01    0.8109E-01    0.8213E-01    0.8491E-01    0.3486E-01    0.3535E-01    0.3710E-01    0.3720E-01    0.7855E-01    0.3702E-01    0.3721E-01    0.3769E-01    0.3736E-01    0.7286E-01    0.7167E-01    0.6947E-01    0.7635E-01    0.7998E-01    0.8265E-01    0.1588E+00    0.1044E+00   -0.9990E+03
   -0.9990E+03   -0.9990E+03   -0.9990E+03   -0.9990E+03   -0.9990E+03   -0.9990E+03   -0.9990E+03   -0.9990E+03   -0.9990E+03   -0.9990E+03   -0.9990E+03   -0.9990E+03   -0.9990E+03   -0.9990E+03   -0.9990E+03   -0.9990E+03   -0.9990E+03   -0.9990E+03   -0.9990E+03   -0.9990E+03   -0.9990E+03   -0.9990E+03   -0.9990E+03   -0.9990E+03   -0.9990E+03   -0.9990E+03   -0.9990E+03   -0.9990E+03   -0.9990E+03   -0.9990E+03   -0.9990E+03   -0.9990E+03   -0.9990E+03   -0.9990E+03   -0.9990E+03   -0.9990E+03   -0.9990E+03   -0.9990E+03   -0.9990E+03   -0.9990E+03   -0.9990E+03   -0.9990E+03   -0.9990E+03   -0.9990E+03   -0.9990E+03   -0.9990E+03   -0.9990E+03   -0.9990E+03    0.1327E+00    0.7678E-01    0.7537E-01    0.7229E-01    0.8165E-01    0.1196E+00    0.8508E-01    0.7185E-01    0.7704E-01    0.1009E+00    0.5273E+00    0.3727E+00    0.7916E-01    0.6683E-01    0.9186E-01    0.6339E-01    0.1483E+00    0.1465E+00    0.1297E+00    0.1150E+00    0.6175E-01    0.8650E-01    0.1090E+00    0.1035E+00    0.8238E-01    0.1176E+00    0.1283E+00   -0.9990E+03
   -0.9990E+03   -0.9990E+03   -0.9990E+03   -0.9990E+03   -0.9990E+03   -0.9990E+03   -0.9990E+03   -0.9990E+03   -0.9990E+03   -0.9990E+03   -0.9990E+03   -0.9990E+03   -0.9990E+03   -0.9990E+03   -0.9990E+03   -0.9990E+03   -0.9990E+03   -0.9990E+03   -0.9990E+03   -0.9990E+03   -0.9990E+03   -0.9990E+03   -0.9990E+03   -0.9990E+03   -0.9990E+03   -0.9990E+03   -0.9990E+03   -0.9990E+03   -0.9990E+03   -0.9990E+03   -0.9990E+03   -0.9990E+03   -0.9990E+03   -0.9990E+03   -0.9990E+03   -0.9990E+03   -0.9990E+03   -0.9990E+03   -0.9990E+03   -0.9990E+03   -0.9990E+03   -0.9990E+03   -0.9990E+03   -0.9990E+03   -0.9990E+03   -0.9990E+03   -0.9990E+03   -0.9990E+03    0.1509E+00    0.1074E+00    0.1129E+00    0.6727E-01    0.1010E+00    0.9784E-01    0.1009E+00    0.1361E+00    0.1131E+00    0.7763E-01    0.5823E-01    0.3209E+00    0.1335E+00    0.1222E+00    0.1028E+00    0.1400E+00    0.3724E-01    0.3738E-01    0.3713E-01    0.5084E-01    0.5039E-01    0.6958E-01    0.1094E+00    0.2744E+00    0.1183E+00    0.9826E-01    0.1740E+00   -0.9990E+03
   -0.9990E+03   -0.9990E+03   -0.9990E+03   -0.9990E+03   -0.9990E+03   -0.9990E+03   -0.9990E+03   -0.9990E+03   -0.9990E+03   -0.9990E+03   -0.9990E+03   -0.9990E+03   -0.9990E+03   -0.9990E+03   -0.9990E+03   -0.9990E+03   -0.9990E+03   -0.9990E+03   -0.9990E+03   -0.9990E+03   -0.9990E+03   -0.9990E+03   -0.9990E+03   -0.9990E+03   -0.9990E+03   -0.9990E+03   -0.9990E+03   -0.9990E+03   -0.9990E+03   -0.9990E+03   -0.9990E+03   -0.9990E+03   -0.9990E+03   -0.9990E+03   -0.9990E+03   -0.9990E+03   -0.9990E+03   -0.9990E+03   -0.9990E+03   -0.9990E+03   -0.9990E+03   -0.9990E+03   -0.9990E+03   -0.9990E+03   -0.9990E+03   -0.9990E+03   -0.9990E+03    0.4934E-01    0.1171E+00    0.8637E-01    0.7014E-01    0.7043E-01    0.1381E+00    0.1143E+00    0.1098E+00    0.1143E+00    0.1028E+00    0.4545E-01    0.3932E-01    0.6505E-01    0.7677E-01    0.1368E+00    0.1449E+00    0.3693E-01    0.3694E-01    0.4046E-01    0.3719E-01    0.4902E-01    0.6289E-01    0.6574E-01    0.9514E-01    0.1503E+00    0.9658E-01    0.9836E-01    0.1460E+00   -0.9990E+03
   -0.9990E+03   -0.9990E+03   -0.9990E+03   -0.9990E+03   -0.9990E+03   -0.9990E+03   -0.9990E+03   -0.9990E+03   -0.9990E+03   -0.9990E+03   -0.9990E+03   -0.9990E+03   -0.9990E+03   -0.9990E+03   -0.9990E+03   -0.9990E+03   -0.9990E+03   -0.9990E+03   -0.9990E+03   -0.9990E+03   -0.9990E+03   -0.9990E+03   -0.9990E+03   -0.9990E+03   -0.9990E+03   -0.9990E+03   -0.9990E+03   -0.9990E+03   -0.9990E+03   -0.9990E+03   -0.9990E+03   -0.9990E+03   -0.9990E+03   -0.9990E+03   -0.9990E+03   -0.9990E+03   -0.9990E+03   -0.9990E+03   -0.9990E+03   -0.9990E+03   -0.9990E+03   -0.9990E+03   -0.9990E+03   -0.9990E+03   -0.9990E+03   -0.9990E+03   -0.9990E+03    0.3814E-01    0.5937E-01    0.6464E-01    0.8220E-01    0.7960E-01    0.7630E-01    0.7612E-01    0.7846E-01    0.1020E+00    0.5699E-01    0.2863E-01    0.6735E-01    0.9721E-01    0.6504E-01    0.3834E+00    0.6161E-01    0.4893E-01    0.4103E-01    0.3737E-01    0.3695E-01    0.5201E-01    0.6108E-01    0.6420E-01    0.1265E+00    0.1611E+00    0.8861E-01    0.1338E+00   -0.9990E+03   -0.9990E+03
   -0.9990E+03   -0.9990E+03   -0.9990E+03   -0.9990E+03   -0.9990E+03   -0.9990E+03   -0.9990E+03   -0.9990E+03   -0.9990E+03   -0.9990E+03   -0.9990E+03   -0.9990E+03   -0.9990E+03   -0.9990E+03   -0.9990E+03   -0.9990E+03   -0.9990E+03   -0.9990E+03   -0.9990E+03   -0.9990E+03   -0.9990E+03   -0.9990E+03   -0.9990E+03   -0.9990E+03   -0.9990E+03   -0.9990E+03   -0.9990E+03   -0.9990E+03   -0.9990E+03   -0.9990E+03   -0.9990E+03   -0.9990E+03   -0.9990E+03   -0.9990E+03   -0.9990E+03   -0.9990E+03   -0.9990E+03   -0.9990E+03   -0.9990E+03   -0.9990E+03   -0.9990E+03   -0.9990E+03   -0.9990E+03   -0.9990E+03    0.4741E-01    0.4251E-01    0.5080E-01    0.4433E-01    0.4716E-01    0.7317E-01    0.1116E+00    0.1181E+00    0.9908E-01    0.9666E-01    0.8873E-01    0.6922E-01    0.2511E-01    0.2314E-01    0.6157E-01    0.5013E-01    0.3860E-01    0.2799E+00    0.4109E-01    0.3454E-01    0.3923E-01    0.4880E-01    0.3842E-01    0.5116E-01    0.4981E-01    0.5886E-01    0.1588E+00    0.1228E+00   -0.9990E+03   -0.9990E+03   -0.9990E+03   -0.9990E+03
   -0.9990E+03   -0.9990E+03   -0.9990E+03   -0.9990E+03   -0.9990E+03   -0.9990E+03   -0.9990E+03   -0.9990E+03   -0.9990E+03   -0.9990E+03   -0.9990E+03   -0.9990E+03   -0.9990E+03   -0.9990E+03   -0.9990E+03   -0.9990E+03   -0.9990E+03   -0.9990E+03   -0.9990E+03   -0.9990E+03   -0.9990E+03   -0.9990E+03   -0.9990E+03   -0.9990E+03   -0.9990E+03   -0.9990E+03   -0.9990E+03   -0.9990E+03   -0.9990E+03   -0.9990E+03   -0.9990E+03   -0.9990E+03   -0.9990E+03   -0.9990E+03   -0.9990E+03   -0.9990E+03   -0.9990E+03   -0.9990E+03   -0.9990E+03   -0.9990E+03   -0.9990E+03   -0.9990E+03   -0.9990E+03   -0.9990E+03    0.6995E-01    0.3980E-01    0.5790E-01    0.6744E-01    0.4685E-01    0.7391E-01    0.1440E+00    0.9962E-01    0.9953E-01    0.9836E-01    0.9801E-01    0.9453E-01    0.2812E-01    0.3948E-01    0.5668E-01    0.5733E-01    0.6111E-01    0.2041E+00    0.5048E-01    0.4826E-01    0.3440E-01    0.4189E-01    0.6643E-01    0.5362E-01    0.5975E-01    0.7129E-01    0.1791E+00   -0.9990E+03   -0.9990E+03   -0.9990E+03   -0.9990E+03   -0.9990E+03
   -0.9990E+03   -0.9990E+03   -0.9990E+03   -0.9990E+03   -0.9990E+03   -0.9990E+03   -0.9990E+03   -0.9990E+03   -0.9990E+03   -0.9990E+03   -0.9990E+03   -0.9990E+03   -0.9990E+03   -0.9990E+03   -0.9990E+03   -0.9990E+03   -0.9990E+03   -0.9990E+03   -0.9990E+03   -0.9990E+03   -0.9990E+03   -0.9990E+03   -0.9990E+03   -0.9990E+03   -0.9990E+03   -0.9990E+03   -0.9990E+03   -0.9990E+03   -0.9990E+03   -0.9990E+03   -0.9990E+03   -0.9990E+03   -0.9990E+03   -0.9990E+03   -0.9990E+03   -0.9990E+03   -0.9990E+03   -0.9990E+03   -0.9990E+03   -0.9990E+03   -0.9990E+03   -0.9990E+03   -0.9990E+03   -0.9990E+03    0.5554E-01    0.3628E-01    0.5385E-01    0.4990E-01    0.4486E-01    0.8889E-01    0.9223E-01    0.8712E-01    0.8629E-01    0.9429E-01    0.9945E-01    0.9350E-01    0.8422E-01    0.2935E-01    0.2772E-01    0.4785E-01    0.5865E-01    0.1435E+00    0.4991E-01    0.4125E-01    0.3864E-01    0.4177E-01    0.7763E-01    0.7017E-01    0.8482E-01    0.8103E-01    0.1453E+00   -0.9990E+03   -0.9990E+03   -0.9990E+03   -0.9990E+03   -0.9990E+03
   -0.9990E+03   -0.9990E+03   -0.9990E+03   -0.9990E+03   -0.9990E+03   -0.9990E+03   -0.9990E+03   -0.9990E+03   -0.9990E+03   -0.9990E+03   -0.9990E+03   -0.9990E+03   -0.9990E+03   -0.9990E+03   -0.9990E+03   -0.9990E+03   -0.9990E+03   -0.9990E+03   -0.9990E+03   -0.9990E+03   -0.9990E+03   -0.9990E+03   -0.9990E+03   -0.9990E+03   -0.9990E+03   -0.9990E+03   -0.9990E+03   -0.9990E+03   -0.9990E+03   -0.9990E+03   -0.9990E+03   -0.9990E+03   -0.9990E+03   -0.9990E+03   -0.9990E+03   -0.9990E+03   -0.9990E+03   -0.9990E+03   -0.9990E+03   -0.9990E+03   -0.9990E+03   -0.9990E+03   -0.9990E+03    0.6396E-01    0.5017E-01    0.3425E-01    0.4389E-01    0.4661E-01    0.5585E-01    0.8634E-01    0.1034E+00    0.1020E+00    0.9246E-01    0.8899E-01    0.1016E+00    0.8984E-01    0.1038E+00    0.8499E-01    0.5680E-01    0.5913E-01    0.6249E-01    0.1207E+00    0.6839E-01    0.5996E-01    0.5974E-01    0.6026E-01    0.1391E+00    0.1161E+00    0.8524E-01    0.9777E-01    0.2544E+00   -0.9990E+03   -0.9990E+03   -0.9990E+03   -0.9990E+03   -0.9990E+03
   -0.9990E+03   -0.9990E+03   -0.9990E+03   -0.9990E+03   -0.9990E+03   -0.9990E+03   -0.9990E+03   -0.9990E+03   -0.9990E+03   -0.9990E+03   -0.9990E+03   -0.9990E+03   -0.9990E+03   -0.9990E+03   -0.9990E+03   -0.9990E+03   -0.9990E+03   -0.9990E+03   -0.9990E+03   -0.9990E+03   -0.9990E+03   -0.9990E+03   -0.9990E+03   -0.9990E+03   -0.9990E+03   -0.9990E+03   -0.9990E+03   -0.9990E+03   -0.9990E+03   -0.9990E+03   -0.9990E+03   -0.9990E+03   -0.9990E+03   -0.9990E+03   -0.9990E+03   -0.9990E+03   -0.9990E+03   -0.9990E+03   -0.9990E+03   -0.9990E+03   -0.9990E+03   -0.9990E+03   -0.9990E+03    0.4147E-01    0.4800E-01    0.3414E-01    0.6699E-01    0.7035E-01    0.4614E-01    0.9346E-01    0.1005E+00    0.1295E+00    0.1091E+00    0.8636E-01    0.9320E-01    0.1168E+00    0.1028E+00    0.9192E-01    0.4961E-01    0.5787E-01    0.8840E-01    0.1305E+00    0.7613E-01    0.6871E-01    0.5103E-01    0.6125E-01    0.8387E-01    0.1929E+00    0.8768E-01    0.9811E-01   -0.9990E+03   -0.9990E+03   -0.9990E+03   -0.9990E+03   -0.9990E+03   -0.9990E+03
   -0.9990E+03   -0.9990E+03   -0.9990E+03   -0.9990E+03   -0.9990E+03   -0.9990E+03   -0.9990E+03   -0.9990E+03   -0.9990E+03   -0.9990E+03   -0.9990E+03   -0.9990E+03   -0.9990E+03   -0.9990E+03   -0.9990E+03   -0.9990E+03   -0.9990E+03   -0.9990E+03   -0.9990E+03   -0.9990E+03   -0.9990E+03   -0.9990E+03   -0.9990E+03   -0.9990E+03   -0.9990E+03   -0.9990E+03   -0.9990E+03   -0.9990E+03   -0.9990E+03   -0.9990E+03   -0.9990E+03   -0.9990E+03   -0.9990E+03   -0.9990E+03   -0.9990E+03   -0.9990E+03   -0.9990E+03   -0.9990E+03   -0.9990E+03   -0.9990E+03    0.5214E-01   -0.9990E+03   -0.9990E+03    0.6988E-01    0.3742E-01    0.3866E-01    0.5549E-01    0.4701E-01    0.4311E-01    0.1383E+00    0.7611E-01    0.1307E+00    0.1115E+00    0.8784E-01    0.1189E+00    0.1004E+00    0.8654E-01    0.9840E-01    0.4217E-01    0.3697E-01    0.5909E-01    0.9439E-01    0.5591E-01    0.5377E-01    0.5864E-01    0.5434E-01    0.6708E-01    0.8202E-01    0.6548E-01    0.8527E-01    0.6353E-01   -0.9990E+03   -0.9990E+03   -0.9990E+03   -0.9990E+03   -0.9990E+03
   -0.9990E+03   -0.9990E+03   -0.9990E+03   -0.9990E+03   -0.9990E+03   -0.9990E+03   -0.9990E+03   -0.9990E+03   -0.9990E+03   -0.9990E+03   -0.9990E+03   -0.9990E+03   -0.9990E+03   -0.9990E+03   -0.9990E+03   -0.9990E+03   -0.9990E+03   -0.9990E+03   -0.9990E+03   -0.9990E+03   -0.9990E+03   -0.9990E+03   -0.9990E+03   -0.9990E+03   -0.9990E+03   -0.9990E+03   -0.9990E+03   -0.9990E+03   -0.9990E+03   -0.9990E+03   -0.9990E+03   -0.9990E+03   -0.9990E+03   -0.9990E+03   -0.9990E+03    0.6966E-01    0.6301E-01    0.8816E-01    0.6986E-01    0.5176E-01    0.3353E-01    0.6903E-01    0.5152E-01    0.4774E-01    0.3671E-01    0.3442E-01    0.3680E-01    0.3842E-01    0.4727E-01    0.1293E+00    0.8255E-01    0.9208E-01    0.1012E+00    0.8398E-01    0.8948E-01    0.8700E-01    0.8615E-01    0.8639E-01    0.2318E-01    0.3103E-01    0.9756E-01    0.1341E+00    0.7549E-01    0.2252E+00    0.4525E+00    0.8152E-01    0.1530E+00    0.8547E-01    0.5964E-01    0.6624E-01    0.6693E-01   -0.9990E+03   -0.9990E+03   -0.9990E+03   -0.9990E+03   -0.9990E+03
   -0.9990E+03   -0.9990E+03   -0.9990E+03   -0.9990E+03   -0.9990E+03   -0.9990E+03   -0.9990E+03   -0.9990E+03   -0.9990E+03   -0.9990E+03   -0.9990E+03   -0.9990E+03   -0.9990E+03   -0.9990E+03   -0.9990E+03   -0.9990E+03   -0.9990E+03   -0.9990E+03   -0.9990E+03   -0.9990E+03   -0.9990E+03   -0.9990E+03   -0.9990E+03   -0.9990E+03   -0.9990E+03   -0.9990E+03   -0.9990E+03   -0.9990E+03   -0.9990E+03   -0.9990E+03   -0.9990E+03   -0.9990E+03   -0.9990E+03   -0.9990E+03   -0.9990E+03    0.5569E-01    0.6999E-01    0.7215E-01    0.4066E-01    0.3286E-01    0.6181E-01    0.7150E-01    0.5658E-01    0.4258E-01    0.3695E-01    0.3413E-01    0.5400E-01    0.6077E-01    0.5111E-01    0.5349E-01    0.4721E-01    0.7076E-01    0.7882E-01    0.6314E-01    0.9275E-01    0.9375E-01    0.9297E-01    0.8574E-01    0.5256E-01    0.1393E+00    0.1680E+00    0.6660E-01    0.3722E-01    0.5677E-01    0.1049E+00    0.5550E-01    0.1200E+00    0.6289E-01    0.3816E-01    0.7965E-01    0.8448E-01    0.6246E-01   -0.9990E+03   -0.9990E+03   -0.9990E+03   -0.9990E+03
   -0.9990E+03   -0.9990E+03   -0.9990E+03   -0.9990E+03   -0.9990E+03   -0.9990E+03   -0.9990E+03   -0.9990E+03   -0.9990E+03   -0.9990E+03   -0.9990E+03   -0.9990E+03   -0.9990E+03   -0.9990E+03   -0.9990E+03   -0.9990E+03   -0.9990E+03   -0.9990E+03   -0.9990E+03   -0.9990E+03   -0.9990E+03   -0.9990E+03   -0.9990E+03   -0.9990E+03   -0.9990E+03   -0.9990E+03   -0.9990E+03   -0.9990E+03   -0.9990E+03   -0.9990E+03   -0.9990E+03   -0.9990E+03   -0.9990E+03   -0.9990E+03    0.9754E-01    0.5692E-01    0.7081E-01    0.7592E-01    0.4299E-01    0.5324E-01    0.4431E-01    0.8012E-01    0.5455E-01    0.6038E-01    0.5251E-01    0.3549E-01    0.6290E-01    0.1071E+00    0.9648E-01    0.7688E-01    0.6679E-01    0.5537E-01    0.5228E-01    0.7052E-01    0.8690E-01    0.1053E+00    0.1178E+00    0.1234E+00    0.1110E+00    0.8416E-01    0.8298E-01    0.6358E-01    0.6200E-01    0.8413E-01    0.3198E-01    0.3538E-01    0.4405E-01    0.5543E-01    0.5330E-01    0.6306E-01    0.1063E+00    0.9016E-01   -0.9990E+03   -0.9990E+03   -0.9990E+03   -0.9990E+03
   -0.9990E+03   -0.9990E+03   -0.9990E+03   -0.9990E+03   -0.9990E+03   -0.9990E+03   -0.9990E+03   -0.9990E+03   -0.9990E+03   -0.9990E+03   -0.9990E+03   -0.9990E+03   -0.9990E+03   -0.9990E+03   -0.9990E+03   -0.9990E+03   -0.9990E+03   -0.9990E+03   -0.9990E+03   -0.9990E+03   -0.9990E+03   -0.9990E+03   -0.9990E+03   -0.9990E+03   -0.9990E+03   -0.9990E+03   -0.9990E+03   -0.9990E+03   -0.9990E+03   -0.9990E+03   -0.9990E+03   -0.9990E+03   -0.9990E+03   -0.9990E+03    0.1158E+00    0.6465E-01    0.6285E-01    0.6644E-01    0.7233E-01    0.8839E-01    0.1114E+00    0.1079E+00    0.6027E-01    0.4595E-01    0.4632E-01    0.4234E-01    0.5796E-01    0.6327E-01    0.7381E-01    0.6352E-01    0.4259E-01    0.5726E-01    0.6358E-01    0.1479E+00    0.1190E+00    0.1239E+00    0.1386E+00    0.2158E+00    0.1238E+00    0.8111E-01    0.3362E-01    0.8534E-01    0.9588E-01    0.1058E+00    0.2342E+00    0.7088E-01    0.7830E-01    0.1657E+00    0.1942E+00    0.3790E-01    0.8021E-01    0.8359E-01   -0.9990E+03   -0.9990E+03   -0.9990E+03   -0.9990E+03
   -0.9990E+03   -0.9990E+03   -0.9990E+03   -0.9990E+03   -0.9990E+03   -0.9990E+03   -0.9990E+03   -0.9990E+03   -0.9990E+03   -0.9990E+03   -0.9990E+03   -0.9990E+03   -0.9990E+03   -0.9990E+03   -0.9990E+03   -0.9990E+03   -0.9990E+03   -0.9990E+03   -0.9990E+03   -0.9990E+03   -0.9990E+03   -0.9990E+03   -0.9990E+03   -0.9990E+03   -0.9990E+03   -0.9990E+03   -0.9990E+03   -0.9990E+03   -0.9990E+03   -0.9990E+03   -0.9990E+03   -0.9990E+03   -0.9990E+03   -0.9990E+03    0.9069E-01    0.9295E-01    0.7493E-01    0.8213E-01    0.1749E+00    0.2787E+00    0.3133E+00    0.2486E+00    0.1362E+00    0.9539E-01    0.7244E-01    0.6602E-01    0.7987E-01    0.6798E-01    0.8916E-01    0.8141E-01    0.7008E-01    0.2001E+00    0.6002E-01    0.9738E-01    0.1002E+00    0.1121E+00    0.1270E+00    0.1396E+00    0.1303E+00    0.9988E-01    0.1063E+00    0.2816E+00    0.1047E+00    0.9960E-01    0.2760E+00    0.8357E-01    0.6594E-01    0.1813E+00    0.1723E+00    0.1194E+00    0.4448E+00    0.1024E+00   -0.9990E+03   -0.9990E+03   -0.9990E+03   -0.9990E+03
   -0.9990E+03   -0.9990E+03   -0.9990E+03   -0.9990E+03   -0.9990E+03   -0.9990E+03   -0.9990E+03   -0.9990E+03   -0.9990E+03   -0.9990E+03   -0.9990E+03   -0.9990E+03   -0.9990E+03   -0.9990E+03   -0.9990E+03   -0.9990E+03   -0.9990E+03   -0.9990E+03   -0.9990E+03   -0.9990E+03   -0.9990E+03   -0.9990E+03   -0.9990E+03   -0.9990E+03   -0.9990E+03   -0.9990E+03   -0.9990E+03   -0.9990E+03   -0.9990E+03   -0.9990E+03   -0.9990E+03   -0.9990E+03   -0.9990E+03   -0.9990E+03    0.7594E-01    0.7662E-01    0.7744E-01    0.1702E+00    0.2160E+00    0.3855E+00    0.3399E+00    0.2561E+00    0.1244E+00    0.5846E-01    0.5801E-01    0.6047E-01    0.9093E-01    0.9650E-01    0.1406E+00    0.1056E+00    0.1114E+00    0.5749E+00    0.1041E+00    0.1135E+00    0.1150E+00    0.8642E-01    0.1498E+00    0.1748E+00    0.1269E+00    0.1126E+00    0.1247E+00    0.1507E+00    0.1140E+00    0.1159E+00    0.1925E+00    0.4427E+00    0.5726E-01    0.6726E-01   -0.9990E+03    0.1528E+00   -0.9990E+03   -0.9990E+03   -0.9990E+03   -0.9990E+03   -0.9990E+03   -0.9990E+03
   -0.9990E+03   -0.9990E+03   -0.9990E+03   -0.9990E+03   -0.9990E+03   -0.9990E+03   -0.9990E+03   -0.9990E+03   -0.9990E+03   -0.9990E+03   -0.9990E+03   -0.9990E+03   -0.9990E+03   -0.9990E+03   -0.9990E+03   -0.9990E+03   -0.9990E+03   -0.9990E+03   -0.9990E+03   -0.9990E+03   -0.9990E+03   -0.9990E+03   -0.9990E+03   -0.9990E+03   -0.9990E+03   -0.9990E+03   -0.9990E+03   -0.9990E+03   -0.9990E+03   -0.9990E+03   -0.9990E+03   -0.9990E+03   -0.9990E+03   -0.9990E+03    0.7989E-01    0.6694E-01    0.6778E-01    0.1596E+00    0.2703E+00    0.1632E+00    0.1670E+00    0.2526E+00    0.1772E+00    0.1390E+00    0.1097E+00    0.1128E+00    0.1145E+00    0.1374E+00    0.1497E+00    0.1192E+00    0.1489E+00    0.5684E+00    0.1137E+00    0.5168E+00    0.1128E+01    0.1490E+00    0.2806E+00    0.1796E+00    0.1304E+00    0.8322E-01    0.7416E-01    0.5933E-01    0.6593E-01    0.6725E-01    0.6349E-01    0.1826E+00    0.1808E+00    0.2502E+00   -0.9990E+03   -0.9990E+03   -0.9990E+03   -0.9990E+03   -0.9990E+03   -0.9990E+03   -0.9990E+03   -0.9990E+03
   -0.9990E+03   -0.9990E+03   -0.9990E+03   -0.9990E+03   -0.9990E+03   -0.9990E+03   -0.9990E+03   -0.9990E+03   -0.9990E+03   -0.9990E+03   -0.9990E+03   -0.9990E+03   -0.9990E+03   -0.9990E+03   -0.9990E+03   -0.9990E+03   -0.9990E+03   -0.9990E+03   -0.9990E+03   -0.9990E+03   -0.9990E+03   -0.9990E+03   -0.9990E+03   -0.9990E+03   -0.9990E+03   -0.9990E+03   -0.9990E+03   -0.9990E+03   -0.9990E+03   -0.9990E+03   -0.9990E+03   -0.9990E+03   -0.9990E+03    0.9363E-01    0.1168E+00    0.1103E+00    0.6983E-01    0.1495E+00    0.2026E+00    0.1397E+00    0.1838E+00    0.2036E+00    0.2252E+00    0.2205E+00    0.1095E+00    0.4908E+00    0.3825E+00    0.1342E+00    0.1387E+00    0.1313E+00    0.1539E+00    0.1464E+00    0.8529E-01    0.2760E+00    0.1054E+01    0.1945E+00    0.8769E-01    0.1652E+00    0.4535E+00    0.2025E+00    0.5010E-01    0.4492E-01    0.3983E-01    0.4306E-01    0.5860E-01    0.3480E-01    0.5395E-01    0.6835E-01    0.1034E+00   -0.9990E+03   -0.9990E+03   -0.9990E+03   -0.9990E+03   -0.9990E+03   -0.9990E+03   -0.9990E+03
   -0.9990E+03   -0.9990E+03   -0.9990E+03   -0.9990E+03   -0.9990E+03   -0.9990E+03   -0.9990E+03   -0.9990E+03   -0.9990E+03   -0.9990E+03   -0.9990E+03   -0.9990E+03   -0.9990E+03   -0.9990E+03   -0.9990E+03   -0.9990E+03   -0.9990E+03   -0.9990E+03   -0.9990E+03   -0.9990E+03   -0.9990E+03   -0.9990E+03   -0.9990E+03   -0.9990E+03   -0.9990E+03   -0.9990E+03   -0.9990E+03   -0.9990E+03   -0.9990E+03   -0.9990E+03   -0.9990E+03   -0.9990E+03    0.1046E+00    0.8146E-01    0.8875E-01    0.9141E-01    0.8226E-01    0.8533E-01    0.9646E-01    0.9130E-01    0.1520E+00    0.1730E+00    0.2879E+00    0.2135E+00    0.1398E+00    0.2122E+00    0.6613E+00    0.1923E+00    0.1358E+00    0.1494E+00    0.1748E+00    0.1424E+00    0.1870E+00    0.1445E+00    0.1262E+00    0.1869E+00    0.8351E-01    0.8199E-01    0.1169E+00    0.6306E-01    0.5782E-01    0.5311E-01    0.6524E-01    0.7430E-01    0.8146E-01    0.1479E+00    0.1307E+00    0.1557E+00   -0.9990E+03   -0.9990E+03   -0.9990E+03   -0.9990E+03   -0.9990E+03   -0.9990E+03   -0.9990E+03   -0.9990E+03
   -0.9990E+03   -0.9990E+03   -0.9990E+03   -0.9990E+03   -0.9990E+03   -0.9990E+03   -0.9990E+03   -0.9990E+03   -0.9990E+03   -0.9990E+03   -0.9990E+03   -0.9990E+03   -0.9990E+03   -0.9990E+03   -0.9990E+03   -0.9990E+03   -0.9990E+03   -0.9990E+03   -0.9990E+03   -0.9990E+03   -0.9990E+03   -0.9990E+03   -0.9990E+03   -0.9990E+03   -0.9990E+03   -0.9990E+03   -0.9990E+03   -0.9990E+03   -0.9990E+03   -0.9990E+03   -0.9990E+03    0.8908E-01    0.7694E-01    0.8964E-01    0.7370E-01    0.9455E-01    0.2605E+00    0.1754E+00    0.1436E+00    0.9277E-01    0.6261E-01    0.4819E-01    0.6551E-01    0.7885E-01    0.1093E+00    0.1389E+00    0.2115E+00    0.1637E+00    0.1405E+00    0.1876E+00    0.3985E+00    0.1370E+00    0.2317E+00    0.2148E+00    0.1281E+01    0.2442E+00    0.9554E-01    0.1702E+00    0.2941E+00    0.5993E-01   -0.9990E+03   -0.9990E+03    0.6134E-01    0.3024E-01    0.1285E+00    0.1125E+00    0.1596E+00   -0.9990E+03   -0.9990E+03   -0.9990E+03   -0.9990E+03   -0.9990E+03   -0.9990E+03   -0.9990E+03   -0.9990E+03   -0.9990E+03
   -0.9990E+03   -0.9990E+03   -0.9990E+03   -0.9990E+03   -0.9990E+03   -0.9990E+03   -0.9990E+03   -0.9990E+03   -0.9990E+03   -0.9990E+03   -0.9990E+03   -0.9990E+03   -0.9990E+03   -0.9990E+03   -0.9990E+03   -0.9990E+03   -0.9990E+03   -0.9990E+03   -0.9990E+03   -0.9990E+03   -0.9990E+03   -0.9990E+03   -0.9990E+03   -0.9990E+03   -0.9990E+03   -0.9990E+03   -0.9990E+03   -0.9990E+03   -0.9990E+03   -0.9990E+03    0.2712E+00    0.1933E+00    0.1550E+00    0.1964E+00    0.8270E-01    0.7964E-01    0.1591E+00    0.1446E+00    0.1447E+00    0.8259E-01    0.5682E-01    0.3517E-01    0.6096E-01    0.1543E+00    0.2417E+00    0.2428E+00    0.1648E+00    0.1600E+00    0.1449E+00    0.1427E+00    0.1406E+00    0.1431E+00    0.3681E+00    0.1204E+01    0.1146E+01    0.2976E+00    0.1296E+00    0.1418E+00    0.6336E-01    0.5533E-01    0.4525E-01    0.2728E-01   -0.9990E+03    0.1063E+00    0.1950E-01    0.6489E-01    0.9919E-01   -0.9990E+03   -0.9990E+03   -0.9990E+03   -0.9990E+03   -0.9990E+03   -0.9990E+03   -0.9990E+03   -0.9990E+03   -0.9990E+03
   -0.9990E+03   -0.9990E+03   -0.9990E+03   -0.9990E+03   -0.9990E+03   -0.9990E+03   -0.9990E+03   -0.9990E+03   -0.9990E+03   -0.9990E+03   -0.9990E+03   -0.9990E+03   -0.9990E+03   -0.9990E+03   -0.9990E+03   -0.9990E+03   -0.9990E+03   -0.9990E+03   -0.9990E+03   -0.9990E+03   -0.9990E+03   -0.9990E+03   -0.9990E+03   -0.9990E+03   -0.9990E+03   -0.9990E+03   -0.9990E+03   -0.9990E+03   -0.9990E+03   -0.9990E+03    0.2226E+00    0.2181E+00    0.2546E+00    0.2026E+00    0.2178E+00    0.9717E-01    0.1376E+00    0.3676E-01    0.3614E-01    0.3481E-01    0.5213E-01    0.5874E-01    0.6103E-01    0.2004E+00    0.3153E+00    0.4509E+00    0.1659E+00    0.2212E+00    0.1578E+00    0.8057E+00    0.1307E+01    0.2329E+01    0.1985E+01    0.1484E+01    0.9682E+00    0.5301E+00    0.1800E+00    0.1730E+00    0.1387E+00    0.8155E-01    0.8201E-01    0.8679E-01    0.3452E-01    0.1088E+00    0.7752E-01    0.5872E-01   -0.9990E+03   -0.9990E+03   -0.9990E+03   -0.9990E+03   -0.9990E+03   -0.9990E+03   -0.9990E+03   -0.9990E+03   -0.9990E+03   -0.9990E+03
   -0.9990E+03   -0.9990E+03   -0.9990E+03   -0.9990E+03   -0.9990E+03   -0.9990E+03   -0.9990E+03   -0.9990E+03   -0.9990E+03   -0.9990E+03   -0.9990E+03   -0.9990E+03   -0.9990E+03   -0.9990E+03   -0.9990E+03   -0.9990E+03   -0.9990E+03   -0.9990E+03   -0.9990E+03   -0.9990E+03   -0.9990E+03   -0.9990E+03   -0.9990E+03   -0.9990E+03   -0.9990E+03   -0.9990E+03   -0.9990E+03   -0.9990E+03   -0.9990E+03   -0.9990E+03    0.2087E+00    0.2127E+00    0.2350E+00    0.2223E+00    0.1226E+00    0.1351E+00    0.1474E+00    0.3585E-01    0.3492E-01    0.3449E-01    0.5111E-01    0.3471E-01    0.3483E-01    0.1022E+00    0.4097E+00    0.4861E+00    0.1474E+00    0.2947E+00    0.1568E+00    0.7003E+00    0.1233E+01    0.1698E+01    0.1515E+00    0.1487E+00    0.1458E+00    0.1375E+00    0.1364E+00    0.3059E+00    0.6352E+00    0.1551E+00    0.1570E+00    0.1549E+00    0.1491E+00    0.1254E+00    0.1276E+00    0.9452E-01   -0.9990E+03   -0.9990E+03   -0.9990E+03   -0.9990E+03   -0.9990E+03   -0.9990E+03   -0.9990E+03   -0.9990E+03   -0.9990E+03   -0.9990E+03
   -0.9990E+03   -0.9990E+03   -0.9990E+03   -0.9990E+03   -0.9990E+03   -0.9990E+03   -0.9990E+03   -0.9990E+03   -0.9990E+03   -0.9990E+03   -0.9990E+03   -0.9990E+03   -0.9990E+03   -0.9990E+03   -0.9990E+03   -0.9990E+03   -0.9990E+03   -0.9990E+03   -0.9990E+03   -0.9990E+03   -0.9990E+03   -0.9990E+03   -0.9990E+03   -0.9990E+03   -0.9990E+03   -0.9990E+03   -0.9990E+03   -0.9990E+03   -0.9990E+03    0.4749E-01    0.1359E+00    0.2422E+00    0.2086E+00    0.2434E+00    0.1028E+00    0.1084E+00    0.8673E-01    0.4156E-01    0.3510E-01    0.3473E-01    0.3450E-01    0.5963E-01    0.4707E-01    0.6449E-01    0.8779E-01    0.1404E+00    0.1559E+00    0.7811E+00    0.4031E+00    0.1935E+00    0.2460E+00    0.1992E+00    0.3629E+00    0.3736E+00    0.6436E+00    0.8109E+00    0.1144E+01    0.3806E+00    0.1069E+00    0.1006E+00    0.9694E-01    0.9067E-01    0.1692E+00    0.9957E-01    0.9303E-01    0.1291E+00   -0.9990E+03   -0.9990E+03   -0.9990E+03   -0.9990E+03   -0.9990E+03   -0.9990E+03   -0.9990E+03   -0.9990E+03   -0.9990E+03   -0.9990E+03
   -0.9990E+03   -0.9990E+03   -0.9990E+03   -0.9990E+03   -0.9990E+03   -0.9990E+03   -0.9990E+03   -0.9990E+03   -0.9990E+03   -0.9990E+03   -0.9990E+03   -0.9990E+03   -0.9990E+03   -0.9990E+03   -0.9990E+03   -0.9990E+03   -0.9990E+03   -0.9990E+03   -0.9990E+03   -0.9990E+03   -0.9990E+03   -0.9990E+03   -0.9990E+03   -0.9990E+03   -0.9990E+03   -0.9990E+03   -0.9990E+03   -0.9990E+03   -0.9990E+03    0.4231E-01    0.1661E+00    0.1965E+00    0.1650E+00    0.1256E+00    0.1097E+00    0.2054E+00    0.1192E+00    0.6742E-01    0.3694E-01    0.3477E-01    0.4954E-01    0.3469E-01    0.4466E-01    0.1092E+00    0.8354E-01    0.1094E+00    0.1505E+00    0.1966E+00    0.2934E+00    0.2414E+00    0.3251E+00    0.2732E+00    0.2520E+00    0.2584E+00    0.1151E+01    0.1743E+01    0.1536E+01    0.3881E+00    0.1235E+00    0.9258E-01    0.1122E+00    0.1141E+00    0.9436E-01    0.3846E-01    0.5795E-01    0.1454E+00   -0.9990E+03   -0.9990E+03   -0.9990E+03   -0.9990E+03   -0.9990E+03   -0.9990E+03   -0.9990E+03   -0.9990E+03   -0.9990E+03   -0.9990E+03
   -0.9990E+03   -0.9990E+03   -0.9990E+03   -0.9990E+03   -0.9990E+03   -0.9990E+03   -0.9990E+03   -0.9990E+03   -0.9990E+03   -0.9990E+03   -0.9990E+03   -0.9990E+03   -0.9990E+03   -0.9990E+03   -0.9990E+03   -0.9990E+03   -0.9990E+03   -0.9990E+03   -0.9990E+03   -0.9990E+03   -0.9990E+03   -0.9990E+03   -0.9990E+03   -0.9990E+03   -0.9990E+03   -0.9990E+03   -0.9990E+03   -0.9990E+03    0.4969E-01    0.4414E-01    0.1189E+00    0.2291E+00    0.2299E+00    0.1424E+01    0.1143E+00    0.9417E-01    0.9502E-01    0.1034E+00    0.4859E-01    0.3545E-01    0.4593E-01    0.3500E-01    0.3473E-01    0.1016E+00    0.6835E-01    0.8613E-01    0.1384E+00    0.1689E+00    0.2282E+00    0.1530E+01    0.3320E+00    0.2807E+00    0.2498E+00    0.2448E+00    0.1441E+01    0.2577E+01    0.2228E+01    0.4336E+00    0.1155E+00    0.7826E-01    0.3623E-01    0.3563E-01    0.4024E-01    0.9000E-01    0.1834E+00   -0.9990E+03   -0.9990E+03   -0.9990E+03   -0.9990E+03   -0.9990E+03   -0.9990E+03   -0.9990E+03   -0.9990E+03   -0.9990E+03   -0.9990E+03   -0.9990E+03
   -0.9990E+03   -0.9990E+03   -0.9990E+03   -0.9990E+03   -0.9990E+03   -0.9990E+03   -0.9990E+03   -0.9990E+03   -0.9990E+03   -0.9990E+03   -0.9990E+03   -0.9990E+03   -0.9990E+03   -0.9990E+03   -0.9990E+03   -0.9990E+03   -0.9990E+03   -0.9990E+03   -0.9990E+03   -0.9990E+03   -0.9990E+03   -0.9990E+03   -0.9990E+03   -0.9990E+03   -0.9990E+03   -0.9990E+03   -0.9990E+03   -0.9990E+03    0.4848E-01    0.3861E-01    0.2468E+00    0.2380E+00    0.1546E+00    0.1875E+00    0.2274E+00    0.1358E+00    0.2562E+00    0.2056E+00    0.3813E-01    0.3504E-01    0.4018E-01    0.4080E-01    0.3492E-01    0.1215E+00    0.1004E+00    0.1277E+00    0.1503E+00    0.1823E+00    0.2448E+00    0.2859E+00    0.3778E+00    0.2913E+00    0.2331E+00    0.2021E+00    0.2423E+00    0.5129E+00    0.6800E+00    0.6039E+00    0.1130E+00    0.7281E-01    0.5407E-01    0.7004E-01    0.7537E-01    0.2482E+00   -0.9990E+03   -0.9990E+03   -0.9990E+03   -0.9990E+03   -0.9990E+03   -0.9990E+03   -0.9990E+03   -0.9990E+03   -0.9990E+03   -0.9990E+03   -0.9990E+03   -0.9990E+03
   -0.9990E+03   -0.9990E+03   -0.9990E+03   -0.9990E+03   -0.9990E+03   -0.9990E+03   -0.9990E+03   -0.9990E+03   -0.9990E+03   -0.9990E+03   -0.9990E+03   -0.9990E+03   -0.9990E+03   -0.9990E+03   -0.9990E+03   -0.9990E+03   -0.9990E+03   -0.9990E+03   -0.9990E+03   -0.9990E+03   -0.9990E+03   -0.9990E+03   -0.9990E+03   -0.9990E+03   -0.9990E+03   -0.9990E+03   -0.9990E+03    0.4533E-01    0.4426E-01    0.4474E-01    0.4053E-01    0.9654E-01    0.1277E+00    0.1969E+00    0.2500E+00    0.1456E+00    0.2190E+00    0.3949E-01    0.3508E-01    0.3506E-01    0.4201E-01    0.3503E-01    0.3483E-01    0.1251E+00    0.1141E+00    0.1573E+00    0.1439E+00    0.4337E+00    0.2346E+00    0.3491E+00    0.9705E+00    0.7254E+00    0.5145E+00    0.3715E+00    0.2887E+00    0.2304E+00    0.3309E+00    0.3022E+00    0.1881E+00    0.8043E-01    0.5181E-01    0.6033E-01    0.6171E-01    0.3497E-01   -0.9990E+03   -0.9990E+03   -0.9990E+03   -0.9990E+03   -0.9990E+03   -0.9990E+03   -0.9990E+03   -0.9990E+03   -0.9990E+03   -0.9990E+03   -0.9990E+03   -0.9990E+03
   -0.9990E+03   -0.9990E+03   -0.9990E+03   -0.9990E+03   -0.9990E+03   -0.9990E+03   -0.9990E+03   -0.9990E+03   -0.9990E+03   -0.9990E+03   -0.9990E+03   -0.9990E+03   -0.9990E+03   -0.9990E+03   -0.9990E+03   -0.9990E+03   -0.9990E+03   -0.9990E+03   -0.9990E+03   -0.9990E+03   -0.9990E+03   -0.9990E+03   -0.9990E+03   -0.9990E+03   -0.9990E+03   -0.9990E+03   -0.9990E+03    0.6046E-01    0.6948E-01    0.4859E-01    0.4319E-01    0.4569E-01    0.6358E-01    0.1003E+00    0.1473E+00    0.1085E+00    0.4754E-01    0.3538E-01    0.3524E-01    0.4546E-01    0.3530E-01    0.3466E-01    0.4814E-01    0.7481E-01    0.9068E-01    0.1458E+00    0.1863E+00    0.1428E+01    0.2077E+00    0.2095E+00    0.2262E+00    0.2176E+00    0.2122E+00    0.2105E+00    0.2133E+00    0.2183E+00    0.2780E+00    0.2146E+00    0.5235E+00    0.1732E+00    0.5563E-01    0.5479E-01    0.3485E-01    0.6942E-01    0.1032E+00    0.3512E-01   -0.9990E+03   -0.9990E+03   -0.9990E+03   -0.9990E+03   -0.9990E+03   -0.9990E+03   -0.9990E+03   -0.9990E+03   -0.9990E+03   -0.9990E+03
   -0.9990E+03   -0.9990E+03   -0.9990E+03   -0.9990E+03   -0.9990E+03   -0.9990E+03   -0.9990E+03   -0.9990E+03   -0.9990E+03   -0.9990E+03   -0.9990E+03   -0.9990E+03   -0.9990E+03   -0.9990E+03   -0.9990E+03   -0.9990E+03   -0.9990E+03   -0.9990E+03   -0.9990E+03   -0.9990E+03   -0.9990E+03   -0.9990E+03   -0.9990E+03   -0.9990E+03   -0.9990E+03   -0.9990E+03    0.6279E-01    0.6666E-01    0.6093E-01    0.5948E-01    0.4217E-01    0.4900E-01    0.4705E-01    0.4924E-01    0.1314E+00    0.5556E-01    0.3537E-01    0.3499E-01    0.3642E-01    0.4040E-01    0.4711E-01    0.8257E-01    0.4946E-01    0.1828E+00    0.1506E+00    0.1702E+00    0.2992E+00    0.2136E+01    0.3003E+00    0.3448E+00    0.3933E+00    0.3220E+00    0.2687E+00    0.2714E+00    0.2975E+00    0.2584E+00    0.1874E+00    0.2049E+00    0.3461E+00    0.4564E+00    0.1164E+00    0.7882E-01    0.4431E-01    0.6548E-01    0.4020E-01    0.5198E-01   -0.9990E+03   -0.9990E+03   -0.9990E+03   -0.9990E+03   -0.9990E+03   -0.9990E+03   -0.9990E+03   -0.9990E+03   -0.9990E+03   -0.9990E+03
   -0.9990E+03   -0.9990E+03   -0.9990E+03   -0.9990E+03   -0.9990E+03   -0.9990E+03   -0.9990E+03   -0.9990E+03   -0.9990E+03   -0.9990E+03   -0.9990E+03   -0.9990E+03   -0.9990E+03   -0.9990E+03   -0.9990E+03   -0.9990E+03   -0.9990E+03   -0.9990E+03   -0.9990E+03   -0.9990E+03   -0.9990E+03   -0.9990E+03   -0.9990E+03   -0.9990E+03   -0.9990E+03   -0.9990E+03    0.6373E-01    0.5327E-01    0.5119E-01    0.6070E-01    0.6560E-01    0.5887E-01    0.6700E-01    0.6035E-01    0.2283E+00    0.3506E-01    0.3487E-01    0.4276E-01    0.3509E-01    0.1167E+00    0.6473E-01    0.8798E-01    0.1002E+00    0.4937E+00    0.2835E+00    0.1766E+00    0.2690E+00    0.1435E+01    0.3475E+00    0.4457E+00    0.4379E+00    0.4175E+00    0.4561E+00    0.4689E+00    0.2113E+00    0.2046E+00    0.1988E+00    0.3099E+00    0.2352E+00    0.4127E+00    0.1828E+00    0.1633E+00    0.6110E-01    0.6388E-01    0.3483E-01    0.4105E-01   -0.9990E+03   -0.9990E+03   -0.9990E+03   -0.9990E+03   -0.9990E+03   -0.9990E+03   -0.9990E+03   -0.9990E+03   -0.9990E+03   -0.9990E+03
   -0.9990E+03   -0.9990E+03   -0.9990E+03   -0.9990E+03   -0.9990E+03   -0.9990E+03   -0.9990E+03   -0.9990E+03   -0.9990E+03   -0.9990E+03   -0.9990E+03   -0.9990E+03   -0.9990E+03   -0.9990E+03   -0.9990E+03   -0.9990E+03   -0.9990E+03   -0.9990E+03   -0.9990E+03   -0.9990E+03   -0.9990E+03   -0.9990E+03   -0.9990E+03   -0.9990E+03   -0.9990E+03   -0.9990E+03    0.5698E-01    0.5811E-01    0.4964E-01    0.4841E-01    0.6069E-01    0.6517E-01    0.6182E-01    0.7982E-01    0.4083E+00    0.3946E-01    0.4272E-01    0.3487E-01    0.4707E-01    0.7566E-01    0.6643E-01    0.1379E+00    0.3829E+00    0.5311E+00    0.3389E+00    0.1925E+00    0.2700E+00    0.3542E+00    0.2780E+00    0.2863E+00    0.2630E+00    0.2472E+00    0.2644E+00    0.2338E+00    0.2030E+00    0.2058E+00    0.2542E+00    0.4451E+00    0.2292E+00    0.2120E+00    0.1902E+00    0.3397E+00    0.8818E-01    0.5225E-01    0.3480E-01    0.3490E-01    0.4420E-01    0.5302E-01   -0.9990E+03   -0.9990E+03   -0.9990E+03   -0.9990E+03   -0.9990E+03   -0.9990E+03   -0.9990E+03   -0.9990E+03
   -0.9990E+03   -0.9990E+03   -0.9990E+03   -0.9990E+03   -0.9990E+03   -0.9990E+03   -0.9990E+03   -0.9990E+03   -0.9990E+03   -0.9990E+03   -0.9990E+03   -0.9990E+03   -0.9990E+03   -0.9990E+03   -0.9990E+03   -0.9990E+03   -0.9990E+03   -0.9990E+03   -0.9990E+03   -0.9990E+03   -0.9990E+03   -0.9990E+03   -0.9990E+03   -0.9990E+03   -0.9990E+03   -0.9990E+03    0.6523E-01    0.4880E-01    0.4711E-01    0.5116E-01    0.4978E-01    0.5129E-01    0.5190E-01    0.5870E-01    0.1121E+00    0.1568E+00    0.3487E-01    0.3870E-01    0.5864E-01    0.3702E-01    0.4830E-01    0.9955E-01    0.1758E+00    0.3266E+00    0.2570E+00    0.2106E+00    0.2042E+00    0.2281E+00    0.2655E+00    0.2976E+00    0.2646E+00    0.2356E+00    0.2099E+00    0.2052E+00    0.2011E+00    0.2035E+00    0.2366E+00    0.5542E+00    0.2325E+00    0.2150E+00    0.2184E+00    0.4533E+00    0.1108E+00    0.5028E-01    0.3474E-01    0.4252E-01    0.4314E-01    0.6222E-01   -0.9990E+03   -0.9990E+03   -0.9990E+03   -0.9990E+03   -0.9990E+03   -0.9990E+03   -0.9990E+03   -0.9990E+03
   -0.9990E+03   -0.9990E+03   -0.9990E+03   -0.9990E+03   -0.9990E+03   -0.9990E+03   -0.9990E+03   -0.9990E+03   -0.9990E+03   -0.9990E+03   -0.9990E+03   -0.9990E+03   -0.9990E+03   -0.9990E+03   -0.9990E+03   -0.9990E+03   -0.9990E+03   -0.9990E+03   -0.9990E+03   -0.9990E+03   -0.9990E+03   -0.9990E+03   -0.9990E+03   -0.9990E+03   -0.9990E+03    0.4963E-01    0.4289E-01    0.4415E-01    0.3990E-01    0.4631E-01    0.4430E-01    0.4914E-01    0.5848E-01    0.5373E-01    0.6385E-01    0.1116E+00    0.1236E+00    0.4305E-01    0.4356E-01    0.3400E-01    0.3484E-01    0.3462E-01    0.6176E-01    0.1013E+00    0.1508E+00    0.1882E+00    0.2347E+00    0.2291E+00    0.2540E+00    0.2523E+00    0.2364E+00    0.2125E+00    0.2032E+00    0.2011E+00    0.2020E+00    0.2157E+00    0.3636E+00    0.3692E+00    0.2322E+00    0.2608E+00    0.7637E+00    0.4180E+00    0.1056E+00    0.5876E-01    0.1455E+00   -0.9990E+03   -0.9990E+03   -0.9990E+03   -0.9990E+03   -0.9990E+03   -0.9990E+03   -0.9990E+03   -0.9990E+03   -0.9990E+03   -0.9990E+03   -0.9990E+03
   -0.9990E+03   -0.9990E+03   -0.9990E+03   -0.9990E+03   -0.9990E+03   -0.9990E+03   -0.9990E+03   -0.9990E+03   -0.9990E+03   -0.9990E+03   -0.9990E+03   -0.9990E+03   -0.9990E+03   -0.9990E+03   -0.9990E+03   -0.9990E+03   -0.9990E+03   -0.9990E+03   -0.9990E+03   -0.9990E+03   -0.9990E+03   -0.9990E+03   -0.9990E+03   -0.9990E+03   -0.9990E+03    0.5785E-01    0.5363E-01    0.5792E-01    0.5456E-01    0.5452E-01    0.3555E-01    0.6574E-01    0.5732E-01    0.7161E-01    0.9866E-01    0.5774E-01    0.2352E+00    0.1578E+00    0.3467E-01    0.3472E-01    0.4916E-01    0.3494E-01    0.3448E-01    0.6816E-01    0.1662E+00    0.1776E+00    0.2058E+00    0.2478E+00    0.3244E+00    0.5035E+00    0.3282E+00    0.2299E+00    0.2233E+00    0.2226E+00    0.2366E+00    0.3838E+00    0.5053E+00    0.2733E+00    0.2475E+00    0.2811E+00    0.1717E+00    0.9061E-01    0.5964E-01    0.7111E-01   -0.9990E+03   -0.9990E+03   -0.9990E+03   -0.9990E+03   -0.9990E+03   -0.9990E+03   -0.9990E+03   -0.9990E+03   -0.9990E+03   -0.9990E+03   -0.9990E+03   -0.9990E+03
   -0.9990E+03   -0.9990E+03   -0.9990E+03   -0.9990E+03   -0.9990E+03   -0.9990E+03   -0.9990E+03   -0.9990E+03   -0.9990E+03   -0.9990E+03   -0.9990E+03   -0.9990E+03   -0.9990E+03   -0.9990E+03   -0.9990E+03   -0.9990E+03   -0.9990E+03   -0.9990E+03   -0.9990E+03   -0.9990E+03   -0.9990E+03   -0.9990E+03   -0.9990E+03   -0.9990E+03   -0.9990E+03    0.5321E-01    0.3560E-01    0.3577E-01    0.3570E-01    0.3570E-01    0.5096E-01    0.6103E-01    0.1166E+00    0.2774E+00    0.2222E+00    0.2452E+00    0.3489E+00    0.5728E+00    0.1247E+00    0.9095E-01    0.6475E-01    0.8111E-01    0.5221E-01    0.9135E-01    0.1955E+00    0.1677E+00    0.2059E+00    0.2357E+00    0.2867E+00    0.4256E+00    0.5342E+00    0.5103E+00    0.3830E+00    0.3535E+00    0.4927E+00    0.1163E+01    0.6977E+00    0.2983E+00    0.2376E+00    0.1836E+00    0.8656E-01    0.5106E-01    0.5111E-01    0.5163E-01   -0.9990E+03   -0.9990E+03   -0.9990E+03   -0.9990E+03   -0.9990E+03   -0.9990E+03   -0.9990E+03   -0.9990E+03   -0.9990E+03   -0.9990E+03   -0.9990E+03   -0.9990E+03
   -0.9990E+03   -0.9990E+03   -0.9990E+03   -0.9990E+03   -0.9990E+03   -0.9990E+03   -0.9990E+03   -0.9990E+03   -0.9990E+03   -0.9990E+03   -0.9990E+03   -0.9990E+03   -0.9990E+03   -0.9990E+03   -0.9990E+03   -0.9990E+03   -0.9990E+03   -0.9990E+03   -0.9990E+03   -0.9990E+03   -0.9990E+03   -0.9990E+03   -0.9990E+03   -0.9990E+03   -0.9990E+03    0.6528E-01    0.6410E-01    0.5478E-01    0.6619E-01    0.5748E-01    0.8195E-01    0.2141E+00    0.3026E+00    0.3611E+00    0.3423E+00    0.3372E+00    0.3598E+00    0.3081E+00    0.1516E+00    0.2444E+00    0.7707E-01    0.7644E-01    0.8397E-01    0.1635E+00    0.1890E+00    0.1594E+00    0.2057E+00    0.2187E+00    0.2309E+00    0.2433E+00    0.2477E+00    0.2547E+00    0.2768E+00    0.4171E+00    0.1172E+01    0.7780E+00    0.5996E+00    0.3135E+00    0.2351E+00    0.9115E-01    0.5965E-01    0.4582E-01    0.4866E-01   -0.9990E+03   -0.9990E+03   -0.9990E+03   -0.9990E+03   -0.9990E+03   -0.9990E+03   -0.9990E+03   -0.9990E+03   -0.9990E+03   -0.9990E+03   -0.9990E+03   -0.9990E+03   -0.9990E+03
   -0.9990E+03   -0.9990E+03   -0.9990E+03   -0.9990E+03   -0.9990E+03   -0.9990E+03   -0.9990E+03   -0.9990E+03   -0.9990E+03   -0.9990E+03   -0.9990E+03   -0.9990E+03   -0.9990E+03   -0.9990E+03   -0.9990E+03   -0.9990E+03   -0.9990E+03   -0.9990E+03   -0.9990E+03   -0.9990E+03   -0.9990E+03   -0.9990E+03   -0.9990E+03   -0.9990E+03   -0.9990E+03   -0.9990E+03   -0.9990E+03    0.7631E-01    0.1061E+00    0.1121E+00    0.1775E+00    0.2730E+00    0.3777E+00    0.5157E+00    0.4583E+00    0.4164E+00    0.7294E+00    0.5311E+00    0.2149E+00    0.1274E+00    0.4335E-01    0.3482E-01    0.5763E-01    0.9386E-01    0.1505E+00    0.1663E+00    0.2144E+00    0.2331E+00    0.2486E+00    0.2689E+00    0.2556E+00    0.2690E+00    0.3123E+00    0.7981E+00    0.1179E+01    0.7572E+00    0.4907E+00    0.2797E+00    0.1854E+00    0.1206E+00    0.5664E-01    0.3643E-01    0.4534E-01   -0.9990E+03   -0.9990E+03   -0.9990E+03   -0.9990E+03   -0.9990E+03   -0.9990E+03   -0.9990E+03   -0.9990E+03   -0.9990E+03   -0.9990E+03   -0.9990E+03   -0.9990E+03   -0.9990E+03
   -0.9990E+03   -0.9990E+03   -0.9990E+03   -0.9990E+03   -0.9990E+03   -0.9990E+03   -0.9990E+03   -0.9990E+03   -0.9990E+03   -0.9990E+03   -0.9990E+03   -0.9990E+03   -0.9990E+03   -0.9990E+03   -0.9990E+03   -0.9990E+03   -0.9990E+03   -0.9990E+03   -0.9990E+03   -0.9990E+03   -0.9990E+03   -0.9990E+03   -0.9990E+03   -0.9990E+03   -0.9990E+03   -0.9990E+03   -0.9990E+03   -0.9990E+03    0.1235E+00    0.5993E-01    0.1513E+00    0.4983E+00    0.6788E+00    0.4658E+00    0.4155E+00    0.5237E+00    0.7032E+00    0.6815E+00    0.2391E+00    0.1583E+00    0.7529E-01    0.4208E-01    0.5118E-01    0.9275E-01    0.2074E+00    0.1791E+00    0.2149E+00    0.2306E+00    0.2521E+00    0.3041E+00    0.5391E+00    0.7475E+00    0.6713E+00    0.5953E+00    0.7446E+00    0.6593E+00    0.3040E+00    0.2495E+00    0.1716E+00    0.9742E-01    0.5484E-01    0.4957E-01   -0.9990E+03   -0.9990E+03   -0.9990E+03   -0.9990E+03   -0.9990E+03   -0.9990E+03   -0.9990E+03   -0.9990E+03   -0.9990E+03   -0.9990E+03   -0.9990E+03   -0.9990E+03   -0.9990E+03   -0.9990E+03
   -0.9990E+03   -0.9990E+03   -0.9990E+03   -0.9990E+03   -0.9990E+03   -0.9990E+03   -0.9990E+03   -0.9990E+03   -0.9990E+03   -0.9990E+03   -0.9990E+03   -0.9990E+03   -0.9990E+03   -0.9990E+03   -0.9990E+03   -0.9990E+03   -0.9990E+03   -0.9990E+03   -0.9990E+03   -0.9990E+03   -0.9990E+03   -0.9990E+03   -0.9990E+03   -0.9990E+03   -0.9990E+03   -0.9990E+03   -0.9990E+03    0.8798E-01    0.7038E-01    0.6369E-01    0.1527E+00    0.5281E+00    0.7031E+00    0.6061E+00    0.5071E+00    0.4215E+00    0.3758E+00    0.3872E+00    0.3046E+00    0.1627E+00    0.1103E+00    0.4847E-01    0.4774E-01    0.9642E-01    0.2060E+00    0.1988E+00    0.2057E+00    0.2224E+00    0.2614E+00    0.3495E+00    0.4231E+00    0.3157E+00    0.3060E+00    0.5923E+00    0.5480E+00    0.3612E+00    0.2715E+00    0.3984E+00    0.2658E+00    0.1621E+00    0.8723E-01   -0.9990E+03   -0.9990E+03   -0.9990E+03   -0.9990E+03   -0.9990E+03   -0.9990E+03   -0.9990E+03   -0.9990E+03   -0.9990E+03   -0.9990E+03   -0.9990E+03   -0.9990E+03   -0.9990E+03   -0.9990E+03   -0.9990E+03
   -0.9990E+03   -0.9990E+03   -0.9990E+03   -0.9990E+03   -0.9990E+03   -0.9990E+03   -0.9990E+03   -0.9990E+03   -0.9990E+03   -0.9990E+03   -0.9990E+03   -0.9990E+03   -0.9990E+03   -0.9990E+03   -0.9990E+03   -0.9990E+03   -0.9990E+03   -0.9990E+03   -0.9990E+03   -0.9990E+03   -0.9990E+03   -0.9990E+03   -0.9990E+03   -0.9990E+03   -0.9990E+03   -0.9990E+03   -0.9990E+03    0.8215E-01    0.5109E-01    0.6046E-01    0.1699E+00    0.3209E+00    0.5229E+00    0.2052E+00    0.4564E-01    0.3762E-01    0.4256E-01    0.4634E-01    0.3827E-01    0.1096E+00    0.1111E+00    0.5094E-01    0.1157E+00    0.1962E+00    0.2853E+00    0.1992E+00    0.2000E+00    0.2176E+00    0.2559E+00    0.3119E+00    0.2878E+00    0.2585E+00    0.4944E+00    0.3520E+00    0.3665E+00    0.2734E+00    0.2401E+00    0.3221E+00    0.3064E+00    0.2713E+00    0.2555E+00   -0.9990E+03   -0.9990E+03   -0.9990E+03   -0.9990E+03   -0.9990E+03   -0.9990E+03   -0.9990E+03   -0.9990E+03   -0.9990E+03   -0.9990E+03   -0.9990E+03   -0.9990E+03   -0.9990E+03   -0.9990E+03   -0.9990E+03
   -0.9990E+03   -0.9990E+03   -0.9990E+03   -0.9990E+03   -0.9990E+03   -0.9990E+03   -0.9990E+03   -0.9990E+03   -0.9990E+03   -0.9990E+03   -0.9990E+03   -0.9990E+03   -0.9990E+03   -0.9990E+03   -0.9990E+03   -0.9990E+03   -0.9990E+03   -0.9990E+03   -0.9990E+03   -0.9990E+03   -0.9990E+03   -0.9990E+03   -0.9990E+03   -0.9990E+03   -0.9990E+03   -0.9990E+03    0.1229E+00    0.7150E-01    0.6778E-01    0.4813E-01    0.8118E-01    0.9592E-01    0.9935E-01    0.7236E-01    0.5156E-01    0.3764E-01    0.3741E-01    0.3682E-01    0.3699E-01    0.3831E-01    0.1506E+00    0.7842E-01    0.1371E+00    0.2725E+00    0.2104E+00    0.2067E+00    0.2009E+00    0.2119E+00    0.2437E+00    0.2204E+00    0.2269E+00    0.2515E+00    0.4430E+00    0.5728E+00    0.3537E+00    0.2588E+00    0.2837E+00    0.3511E+00    0.3233E+00    0.2018E+00    0.8059E-01    0.4708E-01   -0.9990E+03   -0.9990E+03   -0.9990E+03   -0.9990E+03   -0.9990E+03   -0.9990E+03   -0.9990E+03   -0.9990E+03   -0.9990E+03   -0.9990E+03   -0.9990E+03   -0.9990E+03   -0.9990E+03   -0.9990E+03
   -0.9990E+03   -0.9990E+03   -0.9990E+03   -0.9990E+03   -0.9990E+03   -0.9990E+03   -0.9990E+03   -0.9990E+03   -0.9990E+03   -0.9990E+03   -0.9990E+03   -0.9990E+03   -0.9990E+03   -0.9990E+03   -0.9990E+03   -0.9990E+03   -0.9990E+03   -0.9990E+03   -0.9990E+03   -0.9990E+03   -0.9990E+03   -0.9990E+03   -0.9990E+03   -0.9990E+03   -0.9990E+03   -0.9990E+03    0.1255E+00    0.7814E-01    0.6270E-01    0.4191E-01    0.6720E-01    0.6671E-01    0.7764E-01    0.3770E-01    0.7499E-01    0.3586E-01    0.3751E-01    0.3783E-01    0.3693E-01    0.3635E-01    0.1284E+00    0.1483E+00    0.1560E+00    0.2445E+00    0.2010E+00    0.1985E+00    0.2050E+00    0.2112E+00    0.2171E+00    0.2175E+00    0.2201E+00    0.2317E+00    0.4007E+00    0.4302E+00    0.3823E+00    0.2533E+00    0.3446E+00    0.3837E+00    0.3374E+00    0.2796E+00    0.6240E-01    0.3433E-01   -0.9990E+03   -0.9990E+03   -0.9990E+03   -0.9990E+03   -0.9990E+03   -0.9990E+03   -0.9990E+03   -0.9990E+03   -0.9990E+03   -0.9990E+03   -0.9990E+03   -0.9990E+03   -0.9990E+03   -0.9990E+03
   -0.9990E+03   -0.9990E+03   -0.9990E+03   -0.9990E+03   -0.9990E+03   -0.9990E+03   -0.9990E+03   -0.9990E+03   -0.9990E+03   -0.9990E+03   -0.9990E+03   -0.9990E+03   -0.9990E+03   -0.9990E+03   -0.9990E+03   -0.9990E+03   -0.9990E+03   -0.9990E+03   -0.9990E+03   -0.9990E+03   -0.9990E+03   -0.9990E+03   -0.9990E+03   -0.9990E+03    0.1057E+00    0.6915E-01    0.6779E-01    0.1825E+00    0.1032E+00    0.7816E-01    0.5246E-01    0.5368E-01    0.3774E-01    0.3776E-01    0.3566E-01    0.3687E-01    0.3642E-01    0.3784E-01    0.3749E-01    0.3778E-01    0.8376E-01    0.1823E+00    0.2047E+00    0.2106E+00    0.2026E+00    0.2215E+00    0.2274E+00    0.2201E+00    0.2379E+00    0.2206E+00    0.2228E+00    0.2564E+00    0.4264E+00    0.4641E+00    0.3773E+00    0.2410E+00    0.3051E+00    0.3717E+00    0.3402E+00    0.1257E+00    0.4781E-01   -0.9990E+03   -0.9990E+03   -0.9990E+03   -0.9990E+03   -0.9990E+03   -0.9990E+03   -0.9990E+03   -0.9990E+03   -0.9990E+03   -0.9990E+03   -0.9990E+03   -0.9990E+03   -0.9990E+03   -0.9990E+03   -0.9990E+03
   -0.9990E+03   -0.9990E+03   -0.9990E+03   -0.9990E+03   -0.9990E+03   -0.9990E+03   -0.9990E+03   -0.9990E+03   -0.9990E+03   -0.9990E+03   -0.9990E+03   -0.9990E+03   -0.9990E+03   -0.9990E+03   -0.9990E+03   -0.9990E+03   -0.9990E+03   -0.9990E+03   -0.9990E+03   -0.9990E+03   -0.9990E+03   -0.9990E+03   -0.9990E+03   -0.9990E+03   -0.9990E+03    0.1878E+00    0.6260E-01    0.1605E+00    0.1304E+00    0.8642E-01    0.7316E-01    0.3782E-01    0.3577E-01    0.3770E-01    0.3605E-01    0.3787E-01    0.3659E-01    0.3735E-01    0.3744E-01    0.3779E-01    0.6697E-01    0.1670E+00    0.1970E+00    0.1953E+00    0.2027E+00    0.2259E+00    0.2599E+00    0.2397E+00    0.2393E+00    0.3003E+00    0.2525E+00    0.3879E+00    0.3294E+00    0.2556E+00    0.2617E+00    0.2258E+00    0.2257E+00    0.3310E+00    0.2409E+00    0.1900E+00   -0.9990E+03   -0.9990E+03   -0.9990E+03   -0.9990E+03   -0.9990E+03   -0.9990E+03   -0.9990E+03   -0.9990E+03   -0.9990E+03   -0.9990E+03   -0.9990E+03   -0.9990E+03   -0.9990E+03   -0.9990E+03   -0.9990E+03   -0.9990E+03
   -0.9990E+03   -0.9990E+03   -0.9990E+03   -0.9990E+03   -0.9990E+03   -0.9990E+03   -0.9990E+03   -0.9990E+03   -0.9990E+03   -0.9990E+03   -0.9990E+03   -0.9990E+03   -0.9990E+03   -0.9990E+03   -0.9990E+03   -0.9990E+03   -0.9990E+03   -0.9990E+03   -0.9990E+03   -0.9990E+03   -0.9990E+03   -0.9990E+03   -0.9990E+03   -0.9990E+03    0.1128E+00    0.1033E+00    0.4779E-01    0.8292E-01    0.6123E-01    0.1126E+00    0.1135E+00    0.3619E-01    0.3487E-01    0.3786E-01    0.3624E-01    0.3780E-01    0.3626E-01    0.3792E-01    0.3781E-01    0.3769E-01    0.1118E+00    0.1797E+00    0.1761E+00    0.1643E+00    0.1927E+00    0.1844E+00    0.2107E+00    0.2411E+00    0.2636E+00    0.3400E+00    0.4062E+00    0.3427E+00    0.2740E+00    0.2395E+00    0.2288E+00    0.2210E+00    0.2165E+00    0.2418E+00    0.2058E+00   -0.9990E+03   -0.9990E+03   -0.9990E+03   -0.9990E+03   -0.9990E+03   -0.9990E+03   -0.9990E+03   -0.9990E+03   -0.9990E+03   -0.9990E+03   -0.9990E+03   -0.9990E+03   -0.9990E+03   -0.9990E+03   -0.9990E+03   -0.9990E+03   -0.9990E+03
   -0.9990E+03   -0.9990E+03   -0.9990E+03   -0.9990E+03   -0.9990E+03   -0.9990E+03   -0.9990E+03   -0.9990E+03   -0.9990E+03   -0.9990E+03   -0.9990E+03   -0.9990E+03   -0.9990E+03   -0.9990E+03   -0.9990E+03   -0.9990E+03   -0.9990E+03   -0.9990E+03   -0.9990E+03   -0.9990E+03   -0.9990E+03   -0.9990E+03   -0.9990E+03   -0.9990E+03    0.7702E-01    0.6201E-01    0.3930E-01    0.4414E-01    0.5065E-01    0.7033E-01    0.6646E-01    0.4014E-01    0.3174E-01    0.3731E-01    0.3759E-01    0.3685E-01    0.3622E-01    0.3779E-01    0.3710E-01    0.3714E-01    0.1555E+00    0.1723E+00    0.1236E+00    0.8343E-01    0.1322E+00    0.1432E+00    0.2050E+00    0.2033E+00    0.2111E+00    0.2501E+00    0.4061E+00    0.2286E+00    0.2243E+00    0.3733E+00    0.4075E+00    0.4055E+00    0.2183E+00    0.2348E+00    0.3369E+00   -0.9990E+03   -0.9990E+03   -0.9990E+03   -0.9990E+03   -0.9990E+03   -0.9990E+03   -0.9990E+03   -0.9990E+03   -0.9990E+03   -0.9990E+03   -0.9990E+03   -0.9990E+03   -0.9990E+03   -0.9990E+03   -0.9990E+03   -0.9990E+03   -0.9990E+03
   -0.9990E+03   -0.9990E+03   -0.9990E+03   -0.9990E+03   -0.9990E+03   -0.9990E+03   -0.9990E+03   -0.9990E+03   -0.9990E+03   -0.9990E+03   -0.9990E+03   -0.9990E+03   -0.9990E+03   -0.9990E+03   -0.9990E+03   -0.9990E+03   -0.9990E+03   -0.9990E+03   -0.9990E+03   -0.9990E+03   -0.9990E+03   -0.9990E+03   -0.9990E+03   -0.9990E+03    0.5745E-01    0.4142E-01    0.4757E-01    0.4040E-01    0.4021E-01    0.4668E-01    0.4055E-01    0.4261E-01    0.3138E-01    0.3512E-01    0.3739E-01    0.3758E-01    0.3765E-01    0.3781E-01    0.3662E-01    0.3613E-01    0.1623E+00    0.1240E+00    0.5681E-01    0.5941E-01    0.6110E-01    0.7357E-01    0.2899E+00    0.2221E+00    0.2682E+00    0.2432E+00    0.2861E+00    0.2186E+00    0.2187E+00    0.2570E+00    0.3417E-01    0.3416E-01    0.3404E-01    0.3404E-01    0.3409E-01   -0.9990E+03   -0.9990E+03   -0.9990E+03   -0.9990E+03   -0.9990E+03   -0.9990E+03   -0.9990E+03   -0.9990E+03   -0.9990E+03   -0.9990E+03   -0.9990E+03   -0.9990E+03   -0.9990E+03   -0.9990E+03   -0.9990E+03   -0.9990E+03   -0.9990E+03
   -0.9990E+03   -0.9990E+03   -0.9990E+03   -0.9990E+03   -0.9990E+03   -0.9990E+03   -0.9990E+03   -0.9990E+03   -0.9990E+03   -0.9990E+03   -0.9990E+03   -0.9990E+03   -0.9990E+03   -0.9990E+03   -0.9990E+03   -0.9990E+03   -0.9990E+03   -0.9990E+03   -0.9990E+03   -0.9990E+03   -0.9990E+03   -0.9990E+03   -0.9990E+03    0.6111E-01    0.4485E-01    0.3990E-01    0.4218E-01    0.4051E-01    0.4146E-01    0.6026E-01    0.5813E-01    0.8162E-01    0.4434E-01    0.3635E-01    0.3451E-01    0.3623E-01    0.3603E-01    0.3787E-01    0.3635E-01    0.9874E-01    0.1103E+00    0.4018E-01    0.3434E-01    0.3432E-01    0.3430E-01    0.3429E-01    0.3009E+00    0.3647E+00    0.2102E+00    0.2330E+00    0.2169E+00    0.2131E+00    0.1172E+00    0.3422E-01    0.3413E-01    0.3413E-01    0.3403E-01    0.3408E-01    0.3417E-01   -0.9990E+03   -0.9990E+03   -0.9990E+03   -0.9990E+03   -0.9990E+03   -0.9990E+03   -0.9990E+03   -0.9990E+03   -0.9990E+03   -0.9990E+03   -0.9990E+03   -0.9990E+03   -0.9990E+03   -0.9990E+03   -0.9990E+03   -0.9990E+03   -0.9990E+03
   -0.9990E+03   -0.9990E+03   -0.9990E+03   -0.9990E+03   -0.9990E+03   -0.9990E+03   -0.9990E+03   -0.9990E+03   -0.9990E+03   -0.9990E+03   -0.9990E+03   -0.9990E+03   -0.9990E+03   -0.9990E+03   -0.9990E+03   -0.9990E+03   -0.9990E+03   -0.9990E+03   -0.9990E+03   -0.9990E+03   -0.9990E+03   -0.9990E+03   -0.9990E+03    0.6265E-01    0.4182E-01    0.4982E-01    0.6424E-01    0.4068E-01    0.4077E-01    0.3889E-01    0.4069E-01    0.4767E-01    0.5040E-01    0.5707E-01    0.3424E-01    0.3327E-01    0.3751E-01    0.3751E-01    0.3693E-01    0.1487E+00    0.5998E-01    0.3442E-01    0.3439E-01    0.3435E-01    0.3434E-01    0.3429E-01    0.3428E-01    0.3427E-01    0.1052E+00    0.1988E+00    0.1599E+00    0.3417E-01    0.3419E-01    0.3419E-01    0.1410E+00    0.5788E-01    0.4275E-01    0.3422E-01   -0.9990E+03   -0.9990E+03   -0.9990E+03   -0.9990E+03   -0.9990E+03   -0.9990E+03   -0.9990E+03   -0.9990E+03   -0.9990E+03   -0.9990E+03   -0.9990E+03   -0.9990E+03   -0.9990E+03   -0.9990E+03   -0.9990E+03   -0.9990E+03   -0.9990E+03   -0.9990E+03
   -0.9990E+03   -0.9990E+03   -0.9990E+03   -0.9990E+03   -0.9990E+03   -0.9990E+03   -0.9990E+03   -0.9990E+03   -0.9990E+03   -0.9990E+03   -0.9990E+03   -0.9990E+03   -0.9990E+03   -0.9990E+03   -0.9990E+03   -0.9990E+03   -0.9990E+03   -0.9990E+03   -0.9990E+03   -0.9990E+03   -0.9990E+03   -0.9990E+03   -0.9990E+03    0.4132E-01    0.4060E-01    0.4035E-01    0.4184E-01    0.4028E-01    0.4397E-01    0.3980E-01    0.4381E-01    0.9500E-01    0.1377E+00    0.1357E+00    0.6007E-01    0.3368E-01    0.3763E-01    0.3607E-01    0.9774E-01    0.4780E-01    0.3440E-01    0.3450E-01    0.3449E-01    0.3439E-01    0.3432E-01    0.3432E-01    0.3432E-01    0.3715E-01    0.3447E-01    0.3435E-01    0.3443E-01    0.3469E-01    0.1409E+00    0.1411E+00    0.1413E+00    0.1257E+00    0.1267E+00   -0.9990E+03   -0.9990E+03   -0.9990E+03   -0.9990E+03   -0.9990E+03   -0.9990E+03   -0.9990E+03   -0.9990E+03   -0.9990E+03   -0.9990E+03   -0.9990E+03   -0.9990E+03   -0.9990E+03   -0.9990E+03   -0.9990E+03   -0.9990E+03   -0.9990E+03   -0.9990E+03   -0.9990E+03
   -0.9990E+03   -0.9990E+03   -0.9990E+03   -0.9990E+03   -0.9990E+03   -0.9990E+03   -0.9990E+03   -0.9990E+03   -0.9990E+03   -0.9990E+03   -0.9990E+03   -0.9990E+03   -0.9990E+03   -0.9990E+03   -0.9990E+03   -0.9990E+03   -0.9990E+03   -0.9990E+03   -0.9990E+03   -0.9990E+03   -0.9990E+03   -0.9990E+03   -0.9990E+03    0.4279E-01    0.4359E-01    0.4355E-01    0.4416E-01    0.4254E-01    0.9356E-01    0.4279E-01    0.3977E-01    0.6610E-01    0.1322E+00    0.1338E+00    0.1364E+00    0.3667E-01    0.3775E-01    0.3474E-01    0.3440E-01    0.5701E-01    0.3438E-01    0.3447E-01    0.3439E-01    0.3437E-01    0.3442E-01    0.3438E-01    0.3468E-01    0.1413E+00    0.1410E+00    0.1410E+00    0.1414E+00    0.1410E+00    0.1413E+00    0.1413E+00    0.1413E+00    0.1378E+00   -0.9990E+03   -0.9990E+03   -0.9990E+03   -0.9990E+03   -0.9990E+03   -0.9990E+03   -0.9990E+03   -0.9990E+03   -0.9990E+03   -0.9990E+03   -0.9990E+03   -0.9990E+03   -0.9990E+03   -0.9990E+03   -0.9990E+03   -0.9990E+03   -0.9990E+03   -0.9990E+03   -0.9990E+03   -0.9990E+03
   -0.9990E+03   -0.9990E+03   -0.9990E+03   -0.9990E+03   -0.9990E+03   -0.9990E+03   -0.9990E+03   -0.9990E+03   -0.9990E+03   -0.9990E+03   -0.9990E+03   -0.9990E+03   -0.9990E+03   -0.9990E+03   -0.9990E+03   -0.9990E+03   -0.9990E+03   -0.9990E+03   -0.9990E+03   -0.9990E+03   -0.9990E+03   -0.9990E+03   -0.9990E+03    0.3918E-01    0.4347E-01    0.4177E-01    0.4344E-01    0.4222E-01    0.7261E-01    0.4005E-01    0.4258E-01    0.4527E-01    0.5631E-01    0.7356E-01    0.1405E+00    0.3631E-01    0.3450E-01    0.3432E-01    0.3435E-01    0.7385E-01    0.3440E-01    0.3441E-01    0.2068E+00    0.3464E-01    0.3460E-01    0.3455E-01    0.1413E+00    0.1414E+00    0.1413E+00    0.1412E+00    0.1415E+00    0.1413E+00    0.1413E+00    0.1413E+00    0.1413E+00    0.1415E+00   -0.9990E+03   -0.9990E+03   -0.9990E+03   -0.9990E+03   -0.9990E+03   -0.9990E+03   -0.9990E+03   -0.9990E+03   -0.9990E+03   -0.9990E+03   -0.9990E+03   -0.9990E+03   -0.9990E+03   -0.9990E+03   -0.9990E+03   -0.9990E+03   -0.9990E+03   -0.9990E+03   -0.9990E+03   -0.9990E+03
   -0.9990E+03   -0.9990E+03   -0.9990E+03   -0.9990E+03   -0.9990E+03   -0.9990E+03   -0.9990E+03   -0.9990E+03   -0.9990E+03   -0.9990E+03   -0.9990E+03   -0.9990E+03   -0.9990E+03   -0.9990E+03   -0.9990E+03   -0.9990E+03   -0.9990E+03   -0.9990E+03   -0.9990E+03   -0.9990E+03   -0.9990E+03   -0.9990E+03   -0.9990E+03    0.3874E-01    0.4063E-01    0.4254E-01    0.4199E-01    0.4498E-01    0.4138E-01    0.6422E-01    0.4307E-01    0.6355E-01    0.7669E-01    0.1413E+00    0.1417E+00    0.6335E-01    0.3431E-01    0.3430E-01    0.3430E-01    0.6161E-01    0.3431E-01    0.3466E-01    0.1723E+00    0.1405E+00    0.1404E+00    0.1408E+00    0.1412E+00    0.1412E+00    0.1412E+00    0.1412E+00    0.5084E+00    0.4879E+00    0.3221E+00    0.3105E+00   -0.9990E+03   -0.9990E+03   -0.9990E+03   -0.9990E+03   -0.9990E+03   -0.9990E+03   -0.9990E+03   -0.9990E+03   -0.9990E+03   -0.9990E+03   -0.9990E+03   -0.9990E+03   -0.9990E+03   -0.9990E+03   -0.9990E+03   -0.9990E+03   -0.9990E+03   -0.9990E+03   -0.9990E+03   -0.9990E+03   -0.9990E+03   -0.9990E+03
   -0.9990E+03   -0.9990E+03   -0.9990E+03   -0.9990E+03   -0.9990E+03   -0.9990E+03   -0.9990E+03   -0.9990E+03   -0.9990E+03   -0.9990E+03   -0.9990E+03   -0.9990E+03   -0.9990E+03   -0.9990E+03   -0.9990E+03   -0.9990E+03   -0.9990E+03   -0.9990E+03   -0.9990E+03   -0.9990E+03   -0.9990E+03   -0.9990E+03   -0.9990E+03   -0.9990E+03    0.4012E-01    0.3848E-01    0.4952E-01    0.4002E-01    0.4509E-01    0.5004E-01    0.4033E-01    0.5410E-01    0.6563E-01    0.1414E+00    0.1413E+00    0.1411E+00    0.3439E-01    0.3431E-01    0.3443E-01    0.1312E+00    0.1410E+00    0.1412E+00    0.1403E+00    0.1404E+00    0.1407E+00    0.1410E+00    0.1410E+00    0.4230E+00    0.4535E+00    0.4149E+00    0.2192E+00    0.2929E+00    0.2788E+00   -0.9990E+03   -0.9990E+03   -0.9990E+03   -0.9990E+03   -0.9990E+03   -0.9990E+03   -0.9990E+03   -0.9990E+03   -0.9990E+03   -0.9990E+03   -0.9990E+03   -0.9990E+03   -0.9990E+03   -0.9990E+03   -0.9990E+03   -0.9990E+03   -0.9990E+03   -0.9990E+03   -0.9990E+03   -0.9990E+03   -0.9990E+03   -0.9990E+03   -0.9990E+03
   -0.9990E+03   -0.9990E+03   -0.9990E+03   -0.9990E+03   -0.9990E+03   -0.9990E+03   -0.9990E+03   -0.9990E+03   -0.9990E+03   -0.9990E+03   -0.9990E+03   -0.9990E+03   -0.9990E+03   -0.9990E+03   -0.9990E+03   -0.9990E+03   -0.9990E+03   -0.9990E+03   -0.9990E+03   -0.9990E+03   -0.9990E+03   -0.9990E+03   -0.9990E+03   -0.9990E+03    0.4639E-01    0.4855E-01    0.4370E-01    0.3961E-01    0.3976E-01    0.4379E-01    0.4086E-01    0.5259E-01    0.5697E-01    0.1412E+00    0.1412E+00    0.1413E+00    0.7488E-01    0.6813E-01    0.1410E+00    0.1408E+00    0.1405E+00    0.1405E+00    0.1395E+00    0.1403E+00    0.1409E+00    0.4783E+00    0.3366E+00    0.2550E+00    0.3408E+00    0.2725E+00    0.3688E+00   -0.9990E+03   -0.9990E+03   -0.9990E+03   -0.9990E+03   -0.9990E+03   -0.9990E+03   -0.9990E+03   -0.9990E+03   -0.9990E+03   -0.9990E+03   -0.9990E+03   -0.9990E+03   -0.9990E+03   -0.9990E+03   -0.9990E+03   -0.9990E+03   -0.9990E+03   -0.9990E+03   -0.9990E+03   -0.9990E+03   -0.9990E+03   -0.9990E+03   -0.9990E+03   -0.9990E+03   -0.9990E+03
   -0.9990E+03   -0.9990E+03   -0.9990E+03   -0.9990E+03   -0.9990E+03   -0.9990E+03   -0.9990E+03   -0.9990E+03   -0.9990E+03   -0.9990E+03   -0.9990E+03   -0.9990E+03   -0.9990E+03   -0.9990E+03   -0.9990E+03   -0.9990E+03   -0.9990E+03   -0.9990E+03   -0.9990E+03   -0.9990E+03   -0.9990E+03   -0.9990E+03   -0.9990E+03    0.4061E-01    0.4422E-01    0.4253E-01    0.4878E-01    0.4733E-01    0.4751E-01    0.3975E-01    0.4475E-01    0.1367E+00    0.7631E-01    0.1416E+00    0.1415E+00    0.1413E+00    0.3269E+00    0.1612E+00    0.1411E+00    0.1410E+00    0.1409E+00    0.2532E+00    0.2017E+00    0.2109E+00    0.3107E+00    0.2035E+00    0.2943E+00    0.3184E+00    0.2936E+00    0.2987E+00    0.2570E+00    0.2930E+00   -0.9990E+03   -0.9990E+03   -0.9990E+03   -0.9990E+03   -0.9990E+03   -0.9990E+03   -0.9990E+03   -0.9990E+03   -0.9990E+03   -0.9990E+03   -0.9990E+03   -0.9990E+03   -0.9990E+03   -0.9990E+03   -0.9990E+03   -0.9990E+03   -0.9990E+03   -0.9990E+03   -0.9990E+03   -0.9990E+03   -0.9990E+03   -0.9990E+03   -0.9990E+03   -0.9990E+03
   -0.9990E+03   -0.9990E+03   -0.9990E+03   -0.9990E+03   -0.9990E+03   -0.9990E+03   -0.9990E+03   -0.9990E+03   -0.9990E+03   -0.9990E+03   -0.9990E+03   -0.9990E+03   -0.9990E+03   -0.9990E+03   -0.9990E+03   -0.9990E+03   -0.9990E+03   -0.9990E+03   -0.9990E+03   -0.9990E+03   -0.9990E+03   -0.9990E+03   -0.9990E+03    0.4052E-01    0.4042E-01    0.4254E-01    0.4124E-01    0.4283E-01    0.6591E-01    0.7821E-01    0.1357E+00    0.1351E+00    0.1416E+00    0.1416E+00    0.1413E+00    0.1414E+00    0.5082E+00    0.2949E+00    0.3337E+00    0.3131E+00    0.3670E+00    0.2863E+00    0.1988E+00    0.1824E+00    0.1935E+00    0.2308E+00    0.2385E+00    0.2481E+00    0.2360E+00    0.2338E+00    0.2271E+00    0.2264E+00   -0.9990E+03   -0.9990E+03   -0.9990E+03   -0.9990E+03   -0.9990E+03   -0.9990E+03   -0.9990E+03   -0.9990E+03   -0.9990E+03   -0.9990E+03   -0.9990E+03   -0.9990E+03   -0.9990E+03   -0.9990E+03   -0.9990E+03   -0.9990E+03   -0.9990E+03   -0.9990E+03   -0.9990E+03   -0.9990E+03   -0.9990E+03   -0.9990E+03   -0.9990E+03   -0.9990E+03
   -0.9990E+03   -0.9990E+03   -0.9990E+03   -0.9990E+03   -0.9990E+03   -0.9990E+03   -0.9990E+03   -0.9990E+03   -0.9990E+03   -0.9990E+03   -0.9990E+03   -0.9990E+03   -0.9990E+03   -0.9990E+03   -0.9990E+03   -0.9990E+03   -0.9990E+03   -0.9990E+03   -0.9990E+03   -0.9990E+03   -0.9990E+03   -0.9990E+03   -0.9990E+03   -0.9990E+03    0.4250E-01    0.4072E-01    0.4092E-01    0.4145E-01    0.7606E-01    0.7049E-01    0.9651E-01    0.1355E+00    0.1370E+00    0.1412E+00    0.1413E+00    0.1413E+00    0.2805E+00    0.3277E+00    0.3676E+00    0.3592E+00    0.2967E+00    0.3126E+00    0.2321E+00    0.1777E+00    0.2305E+00    0.2833E+00    0.2927E+00    0.2659E+00    0.2415E+00    0.3014E+00    0.1789E+00    0.1836E+00   -0.9990E+03   -0.9990E+03   -0.9990E+03   -0.9990E+03   -0.9990E+03   -0.9990E+03   -0.9990E+03   -0.9990E+03   -0.9990E+03   -0.9990E+03   -0.9990E+03   -0.9990E+03   -0.9990E+03   -0.9990E+03   -0.9990E+03   -0.9990E+03   -0.9990E+03   -0.9990E+03   -0.9990E+03   -0.9990E+03   -0.9990E+03   -0.9990E+03   -0.9990E+03   -0.9990E+03
   -0.9990E+03   -0.9990E+03   -0.9990E+03   -0.9990E+03   -0.9990E+03   -0.9990E+03   -0.9990E+03   -0.9990E+03   -0.9990E+03   -0.9990E+03   -0.9990E+03   -0.9990E+03   -0.9990E+03   -0.9990E+03   -0.9990E+03   -0.9990E+03   -0.9990E+03   -0.9990E+03   -0.9990E+03   -0.9990E+03   -0.9990E+03   -0.9990E+03   -0.9990E+03   -0.9990E+03    0.3782E-01    0.4208E-01    0.4214E-01    0.4557E-01    0.4724E-01    0.3831E-01    0.8046E-01    0.1629E+00    0.1743E+00    0.5487E+00    0.1414E+00    0.1413E+00    0.3336E+00    0.4478E+00    0.3786E+00    0.3955E+00    0.3627E+00    0.2709E+00    0.2321E+00    0.2025E+00    0.2542E+00    0.2387E+00    0.2535E+00    0.2496E+00    0.2724E+00    0.2530E+00    0.1746E+00   -0.9990E+03   -0.9990E+03   -0.9990E+03   -0.9990E+03   -0.9990E+03   -0.9990E+03   -0.9990E+03   -0.9990E+03   -0.9990E+03   -0.9990E+03   -0.9990E+03   -0.9990E+03   -0.9990E+03   -0.9990E+03   -0.9990E+03   -0.9990E+03   -0.9990E+03   -0.9990E+03   -0.9990E+03   -0.9990E+03   -0.9990E+03   -0.9990E+03   -0.9990E+03   -0.9990E+03   -0.9990E+03
   -0.9990E+03   -0.9990E+03   -0.9990E+03   -0.9990E+03   -0.9990E+03   -0.9990E+03   -0.9990E+03   -0.9990E+03   -0.9990E+03   -0.9990E+03   -0.9990E+03   -0.9990E+03   -0.9990E+03   -0.9990E+03   -0.9990E+03   -0.9990E+03   -0.9990E+03   -0.9990E+03   -0.9990E+03   -0.9990E+03   -0.9990E+03   -0.9990E+03   -0.9990E+03   -0.9990E+03    0.3706E-01    0.3667E-01    0.3637E-01    0.3767E-01    0.3753E-01    0.3769E-01    0.7152E-01    0.9538E-01    0.1144E+00    0.6932E+00    0.1026E+01    0.3767E+00    0.6147E+00    0.4281E+00    0.4759E+00    0.4242E+00    0.2721E+00    0.2641E+00    0.2524E+00    0.2300E+00    0.2187E+00    0.2509E+00    0.2710E+00    0.2688E+00    0.3299E+00    0.2536E+00   -0.9990E+03   -0.9990E+03   -0.9990E+03   -0.9990E+03   -0.9990E+03   -0.9990E+03   -0.9990E+03   -0.9990E+03   -0.9990E+03   -0.9990E+03   -0.9990E+03   -0.9990E+03   -0.9990E+03   -0.9990E+03   -0.9990E+03   -0.9990E+03   -0.9990E+03   -0.9990E+03   -0.9990E+03   -0.9990E+03   -0.9990E+03   -0.9990E+03   -0.9990E+03   -0.9990E+03   -0.9990E+03   -0.9990E+03
   -0.9990E+03   -0.9990E+03   -0.9990E+03   -0.9990E+03   -0.9990E+03   -0.9990E+03   -0.9990E+03   -0.9990E+03   -0.9990E+03   -0.9990E+03   -0.9990E+03   -0.9990E+03   -0.9990E+03   -0.9990E+03   -0.9990E+03   -0.9990E+03   -0.9990E+03   -0.9990E+03   -0.9990E+03   -0.9990E+03   -0.9990E+03   -0.9990E+03   -0.9990E+03   -0.9990E+03    0.3675E-01    0.3712E-01    0.3716E-01    0.3700E-01    0.3671E-01    0.3708E-01    0.5807E-01    0.4858E-01    0.1437E+00    0.2502E+00    0.6162E+00    0.4699E+00    0.4611E+00    0.5430E+00    0.6697E+00    0.3699E+00    0.2665E+00    0.2528E+00    0.2973E+00    0.2626E+00    0.2307E+00    0.2679E+00    0.2800E+00    0.2959E+00    0.3402E+00    0.3631E+00   -0.9990E+03   -0.9990E+03   -0.9990E+03   -0.9990E+03   -0.9990E+03   -0.9990E+03   -0.9990E+03   -0.9990E+03   -0.9990E+03   -0.9990E+03   -0.9990E+03   -0.9990E+03   -0.9990E+03   -0.9990E+03   -0.9990E+03   -0.9990E+03   -0.9990E+03   -0.9990E+03   -0.9990E+03   -0.9990E+03   -0.9990E+03   -0.9990E+03   -0.9990E+03   -0.9990E+03   -0.9990E+03   -0.9990E+03
   -0.9990E+03   -0.9990E+03   -0.9990E+03   -0.9990E+03   -0.9990E+03   -0.9990E+03   -0.9990E+03   -0.9990E+03   -0.9990E+03   -0.9990E+03   -0.9990E+03   -0.9990E+03   -0.9990E+03   -0.9990E+03   -0.9990E+03   -0.9990E+03   -0.9990E+03   -0.9990E+03   -0.9990E+03   -0.9990E+03   -0.9990E+03   -0.9990E+03   -0.9990E+03   -0.9990E+03    0.3620E-01    0.3644E-01    0.3647E-01    0.3651E-01    0.3639E-01    0.3638E-01    0.3767E-01    0.4857E-01    0.3322E+00    0.6018E+00    0.1298E+00    0.3632E+00    0.4378E+00    0.6043E+00    0.5959E+00    0.3299E+00    0.2516E+00    0.2366E+00    0.3178E+00    0.2808E+00    0.2702E+00    0.2834E+00    0.3146E+00    0.3287E+00    0.3098E+00    0.3394E+00   -0.9990E+03   -0.9990E+03   -0.9990E+03   -0.9990E+03   -0.9990E+03   -0.9990E+03   -0.9990E+03   -0.9990E+03   -0.9990E+03   -0.9990E+03   -0.9990E+03   -0.9990E+03   -0.9990E+03   -0.9990E+03   -0.9990E+03   -0.9990E+03   -0.9990E+03   -0.9990E+03   -0.9990E+03   -0.9990E+03   -0.9990E+03   -0.9990E+03   -0.9990E+03   -0.9990E+03   -0.9990E+03   -0.9990E+03
   -0.9990E+03   -0.9990E+03   -0.9990E+03   -0.9990E+03   -0.9990E+03   -0.9990E+03   -0.9990E+03   -0.9990E+03   -0.9990E+03   -0.9990E+03   -0.9990E+03   -0.9990E+03   -0.9990E+03   -0.9990E+03   -0.9990E+03   -0.9990E+03   -0.9990E+03   -0.9990E+03   -0.9990E+03   -0.9990E+03   -0.9990E+03   -0.9990E+03   -0.9990E+03    0.3759E-01    0.3625E-01    0.3713E-01    0.3715E-01    0.3781E-01    0.3763E-01    0.3781E-01    0.3808E-01    0.6346E-01    0.8005E+00    0.8576E+00    0.2760E+00    0.4871E+00    0.3538E+00    0.2466E+00    0.2409E+00    0.2977E+00    0.2647E+00    0.2636E+00    0.3499E+00    0.3456E+00    0.3606E+00    0.2958E+00    0.3801E+00    0.3790E+00    0.2833E+00    0.3099E+00   -0.9990E+03   -0.9990E+03   -0.9990E+03   -0.9990E+03   -0.9990E+03   -0.9990E+03   -0.9990E+03   -0.9990E+03   -0.9990E+03   -0.9990E+03   -0.9990E+03   -0.9990E+03   -0.9990E+03   -0.9990E+03   -0.9990E+03   -0.9990E+03   -0.9990E+03   -0.9990E+03   -0.9990E+03   -0.9990E+03   -0.9990E+03   -0.9990E+03   -0.9990E+03   -0.9990E+03   -0.9990E+03   -0.9990E+03
   -0.9990E+03   -0.9990E+03   -0.9990E+03   -0.9990E+03   -0.9990E+03   -0.9990E+03   -0.9990E+03   -0.9990E+03   -0.9990E+03   -0.9990E+03   -0.9990E+03   -0.9990E+03   -0.9990E+03   -0.9990E+03   -0.9990E+03   -0.9990E+03   -0.9990E+03   -0.9990E+03   -0.9990E+03   -0.9990E+03   -0.9990E+03   -0.9990E+03   -0.9990E+03    0.1271E+00    0.3676E-01    0.3736E-01    0.3714E-01    0.3797E-01    0.3741E-01    0.3753E-01    0.3767E-01    0.8732E-01    0.3033E+00    0.3325E+00    0.1289E+00    0.1753E+00    0.3591E+00    0.1175E+00    0.1130E+00    0.2560E+00    0.3226E+00    0.2839E+00    0.3183E+00    0.3068E+00    0.3350E+00    0.3351E+00    0.3797E+00    0.3746E+00    0.3750E+00    0.3991E+00   -0.9990E+03   -0.9990E+03   -0.9990E+03   -0.9990E+03   -0.9990E+03   -0.9990E+03   -0.9990E+03   -0.9990E+03   -0.9990E+03   -0.9990E+03   -0.9990E+03   -0.9990E+03   -0.9990E+03   -0.9990E+03   -0.9990E+03   -0.9990E+03   -0.9990E+03   -0.9990E+03   -0.9990E+03   -0.9990E+03   -0.9990E+03   -0.9990E+03   -0.9990E+03   -0.9990E+03   -0.9990E+03   -0.9990E+03
   -0.9990E+03   -0.9990E+03   -0.9990E+03   -0.9990E+03   -0.9990E+03   -0.9990E+03   -0.9990E+03   -0.9990E+03   -0.9990E+03   -0.9990E+03   -0.9990E+03   -0.9990E+03   -0.9990E+03   -0.9990E+03   -0.9990E+03   -0.9990E+03   -0.9990E+03   -0.9990E+03   -0.9990E+03   -0.9990E+03   -0.9990E+03   -0.9990E+03   -0.9990E+03   -0.9990E+03    0.1622E+00    0.1413E+00    0.1196E+00    0.9806E-01    0.1060E+00    0.1019E+00    0.9025E-01    0.9754E-01    0.1462E+00    0.1426E+00    0.9726E-01    0.4192E+00    0.3692E+00    0.2767E+00    0.9632E-01    0.1634E+00    0.3203E+00    0.2650E+00   -0.1339E-01    0.2749E+00    0.3046E+00    0.3388E+00    0.2247E+00    0.3235E+00    0.3672E+00    0.3439E+00    0.3600E+00   -0.9990E+03   -0.9990E+03   -0.9990E+03   -0.9990E+03   -0.9990E+03   -0.9990E+03   -0.9990E+03   -0.9990E+03   -0.9990E+03   -0.9990E+03   -0.9990E+03   -0.9990E+03   -0.9990E+03   -0.9990E+03   -0.9990E+03   -0.9990E+03   -0.9990E+03   -0.9990E+03   -0.9990E+03   -0.9990E+03   -0.9990E+03   -0.9990E+03   -0.9990E+03   -0.9990E+03   -0.9990E+03
   -0.9990E+03   -0.9990E+03   -0.9990E+03   -0.9990E+03   -0.9990E+03   -0.9990E+03   -0.9990E+03   -0.9990E+03   -0.9990E+03   -0.9990E+03   -0.9990E+03   -0.9990E+03   -0.9990E+03   -0.9990E+03   -0.9990E+03   -0.9990E+03   -0.9990E+03   -0.9990E+03   -0.9990E+03   -0.9990E+03   -0.9990E+03   -0.9990E+03   -0.9990E+03   -0.9990E+03   -0.9990E+03    0.8335E-01    0.4342E-01    0.3563E-01    0.3551E-01    0.3557E-01    0.3545E-01    0.3565E-01    0.5380E-01    0.1023E+00    0.9454E-01    0.1612E+00    0.1541E+00    0.3918E+00    0.9494E-01    0.1457E+00    0.3519E+00    0.2748E+00    0.2457E+00    0.2641E+00    0.2835E+00    0.3187E+00    0.2399E+00    0.3110E+00    0.3317E+00    0.3120E+00    0.3382E+00   -0.9990E+03   -0.9990E+03   -0.9990E+03   -0.9990E+03   -0.9990E+03   -0.9990E+03   -0.9990E+03   -0.9990E+03   -0.9990E+03   -0.9990E+03   -0.9990E+03   -0.9990E+03   -0.9990E+03   -0.9990E+03   -0.9990E+03   -0.9990E+03   -0.9990E+03   -0.9990E+03   -0.9990E+03   -0.9990E+03   -0.9990E+03   -0.9990E+03   -0.9990E+03   -0.9990E+03   -0.9990E+03
   -0.9990E+03   -0.9990E+03   -0.9990E+03   -0.9990E+03   -0.9990E+03   -0.9990E+03   -0.9990E+03   -0.9990E+03   -0.9990E+03   -0.9990E+03   -0.9990E+03   -0.9990E+03   -0.9990E+03   -0.9990E+03   -0.9990E+03   -0.9990E+03   -0.9990E+03   -0.9990E+03   -0.9990E+03   -0.9990E+03   -0.9990E+03   -0.9990E+03   -0.9990E+03   -0.9990E+03   -0.9990E+03    0.3525E-01    0.3559E-01    0.3557E-01    0.3549E-01    0.3558E-01    0.3553E-01    0.3556E-01    0.3571E-01    0.7753E-01    0.1007E+00    0.1483E+00    0.2933E+00    0.2232E+00    0.8935E-01    0.1524E+00    0.3037E+00    0.2718E+00    0.2561E+00    0.2604E+00    0.2535E+00    0.2892E+00    0.2202E+00    0.2884E+00    0.3120E+00    0.2982E+00    0.3450E+00    0.3756E+00   -0.9990E+03   -0.9990E+03   -0.9990E+03   -0.9990E+03   -0.9990E+03   -0.9990E+03   -0.9990E+03   -0.9990E+03   -0.9990E+03   -0.9990E+03   -0.9990E+03   -0.9990E+03   -0.9990E+03   -0.9990E+03   -0.9990E+03   -0.9990E+03   -0.9990E+03   -0.9990E+03   -0.9990E+03   -0.9990E+03   -0.9990E+03   -0.9990E+03   -0.9990E+03   -0.9990E+03
   -0.9990E+03   -0.9990E+03   -0.9990E+03   -0.9990E+03   -0.9990E+03   -0.9990E+03   -0.9990E+03   -0.9990E+03   -0.9990E+03   -0.9990E+03   -0.9990E+03   -0.9990E+03   -0.9990E+03   -0.9990E+03   -0.9990E+03   -0.9990E+03   -0.9990E+03   -0.9990E+03   -0.9990E+03   -0.9990E+03   -0.9990E+03   -0.9990E+03   -0.9990E+03   -0.9990E+03    0.3537E-01    0.3532E-01    0.3549E-01    0.3555E-01    0.3564E-01    0.3553E-01    0.3561E-01    0.3558E-01    0.3592E-01    0.3616E-01    0.4932E+00    0.2682E+00    0.2258E+00    0.9951E-01    0.1462E+00    0.3223E+00    0.2737E+00    0.2585E+00    0.2524E+00    0.2533E+00    0.2603E+00    0.2902E+00    0.2246E+00    0.2978E+00    0.3214E+00    0.3553E+00    0.3137E+00    0.3358E+00   -0.9990E+03   -0.9990E+03   -0.9990E+03   -0.9990E+03   -0.9990E+03   -0.9990E+03   -0.9990E+03   -0.9990E+03   -0.9990E+03   -0.9990E+03   -0.9990E+03   -0.9990E+03   -0.9990E+03   -0.9990E+03   -0.9990E+03   -0.9990E+03   -0.9990E+03   -0.9990E+03   -0.9990E+03   -0.9990E+03   -0.9990E+03   -0.9990E+03   -0.9990E+03   -0.9990E+03
   -0.9990E+03   -0.9990E+03   -0.9990E+03   -0.9990E+03   -0.9990E+03   -0.9990E+03   -0.9990E+03   -0.9990E+03   -0.9990E+03   -0.9990E+03   -0.9990E+03   -0.9990E+03   -0.9990E+03   -0.9990E+03   -0.9990E+03   -0.9990E+03   -0.9990E+03   -0.9990E+03   -0.9990E+03   -0.9990E+03   -0.9990E+03   -0.9990E+03   -0.9990E+03   -0.9990E+03    0.3547E-01    0.3563E-01    0.3546E-01    0.3550E-01    0.3552E-01    0.3557E-01    0.3560E-01    0.3554E-01    0.3540E-01    0.3572E-01    0.2391E+00    0.1433E+00    0.4413E+00    0.2519E+00    0.1372E+00    0.2827E+00    0.2542E+00    0.2313E+00    0.2278E+00    0.2389E+00    0.2569E+00    0.2830E+00    0.2471E+00    0.3348E+00    0.3514E+00    0.3434E+00    0.3164E+00    0.3465E+00   -0.9990E+03   -0.9990E+03   -0.9990E+03   -0.9990E+03   -0.9990E+03   -0.9990E+03   -0.9990E+03   -0.9990E+03   -0.9990E+03   -0.9990E+03   -0.9990E+03   -0.9990E+03   -0.9990E+03   -0.9990E+03   -0.9990E+03   -0.9990E+03   -0.9990E+03   -0.9990E+03   -0.9990E+03   -0.9990E+03   -0.9990E+03   -0.9990E+03   -0.9990E+03   -0.9990E+03
   -0.9990E+03   -0.9990E+03   -0.9990E+03   -0.9990E+03   -0.9990E+03   -0.9990E+03   -0.9990E+03   -0.9990E+03   -0.9990E+03   -0.9990E+03   -0.9990E+03   -0.9990E+03   -0.9990E+03   -0.9990E+03   -0.9990E+03   -0.9990E+03   -0.9990E+03   -0.9990E+03   -0.9990E+03   -0.9990E+03   -0.9990E+03   -0.9990E+03   -0.9990E+03   -0.9990E+03    0.4568E-01    0.3739E-01    0.3566E-01    0.3574E-01    0.3561E-01    0.3562E-01    0.3558E-01    0.3567E-01    0.3558E-01    0.3575E-01    0.2801E+00    0.3166E+00    0.3452E+00    0.2629E+00    0.2916E+00    0.2609E+00    0.2392E+00    0.2164E+00    0.2074E+00    0.2260E+00    0.2613E+00    0.2485E+00    0.2708E+00    0.3368E+00    0.3304E+00    0.3506E+00    0.3885E+00   -0.9990E+03   -0.9990E+03   -0.9990E+03   -0.9990E+03   -0.9990E+03   -0.9990E+03   -0.9990E+03   -0.9990E+03   -0.9990E+03   -0.9990E+03   -0.9990E+03   -0.9990E+03   -0.9990E+03   -0.9990E+03   -0.9990E+03   -0.9990E+03   -0.9990E+03   -0.9990E+03   -0.9990E+03   -0.9990E+03   -0.9990E+03   -0.9990E+03   -0.9990E+03   -0.9990E+03   -0.9990E+03
   -0.9990E+03   -0.9990E+03   -0.9990E+03   -0.9990E+03   -0.9990E+03   -0.9990E+03   -0.9990E+03   -0.9990E+03   -0.9990E+03   -0.9990E+03   -0.9990E+03   -0.9990E+03   -0.9990E+03   -0.9990E+03   -0.9990E+03   -0.9990E+03   -0.9990E+03   -0.9990E+03   -0.9990E+03   -0.9990E+03   -0.9990E+03   -0.9990E+03   -0.9990E+03   -0.9990E+03    0.3600E-01    0.3559E-01    0.3516E-01    0.3503E-01    0.3569E-01    0.3575E-01    0.3546E-01    0.3536E-01    0.3548E-01    0.3515E-01    0.2766E+00    0.4790E+00    0.2689E+00    0.2735E+00    0.2964E+00    0.2593E+00    0.2363E+00    0.2138E+00    0.1823E+00    0.2310E+00    0.2646E+00    0.2459E+00    0.3285E+00    0.3303E+00    0.3303E+00    0.3459E+00    0.3659E+00    0.3696E+00   -0.9990E+03   -0.9990E+03   -0.9990E+03   -0.9990E+03   -0.9990E+03   -0.9990E+03   -0.9990E+03   -0.9990E+03   -0.9990E+03   -0.9990E+03   -0.9990E+03   -0.9990E+03   -0.9990E+03   -0.9990E+03   -0.9990E+03   -0.9990E+03   -0.9990E+03   -0.9990E+03   -0.9990E+03   -0.9990E+03   -0.9990E+03   -0.9990E+03   -0.9990E+03   -0.9990E+03
   -0.9990E+03   -0.9990E+03   -0.9990E+03   -0.9990E+03   -0.9990E+03   -0.9990E+03   -0.9990E+03   -0.9990E+03   -0.9990E+03   -0.9990E+03   -0.9990E+03   -0.9990E+03   -0.9990E+03   -0.9990E+03   -0.9990E+03   -0.9990E+03   -0.9990E+03   -0.9990E+03   -0.9990E+03   -0.9990E+03   -0.9990E+03   -0.9990E+03   -0.9990E+03   -0.9990E+03   -0.9990E+03    0.3525E-01    0.3534E-01    0.3528E-01    0.3521E-01    0.3547E-01    0.3582E-01    0.3583E-01    0.3554E-01    0.2434E+00    0.2182E+00    0.2869E+00    0.2845E+00    0.3337E+00    0.3025E+00    0.2587E+00    0.2524E+00    0.2206E+00    0.2490E+00    0.2642E+00    0.2479E+00    0.2524E+00    0.3424E+00    0.3338E+00    0.3284E+00    0.3470E+00    0.3625E+00   -0.9990E+03   -0.9990E+03   -0.9990E+03   -0.9990E+03   -0.9990E+03   -0.9990E+03   -0.9990E+03   -0.9990E+03   -0.9990E+03   -0.9990E+03   -0.9990E+03   -0.9990E+03   -0.9990E+03   -0.9990E+03   -0.9990E+03   -0.9990E+03   -0.9990E+03   -0.9990E+03   -0.9990E+03   -0.9990E+03   -0.9990E+03   -0.9990E+03   -0.9990E+03   -0.9990E+03   -0.9990E+03
   -0.9990E+03   -0.9990E+03   -0.9990E+03   -0.9990E+03   -0.9990E+03   -0.9990E+03   -0.9990E+03   -0.9990E+03   -0.9990E+03   -0.9990E+03   -0.9990E+03   -0.9990E+03   -0.9990E+03   -0.9990E+03   -0.9990E+03   -0.9990E+03   -0.9990E+03   -0.9990E+03   -0.9990E+03   -0.9990E+03   -0.9990E+03   -0.9990E+03   -0.9990E+03   -0.9990E+03   -0.9990E+03    0.3526E-01    0.3537E-01    0.3537E-01    0.3538E-01    0.3541E-01    0.3544E-01    0.6042E-01    0.1984E+00    0.2543E+00    0.2452E+00    0.3145E+00    0.3244E+00    0.3711E+00    0.2930E+00    0.1420E+00    0.1461E+00    0.2218E+00    0.3061E+00    0.2849E+00    0.2417E+00    0.3242E+00    0.3397E+00    0.2919E+00    0.3147E+00    0.3664E+00   -0.9990E+03   -0.9990E+03   -0.9990E+03   -0.9990E+03   -0.9990E+03   -0.9990E+03   -0.9990E+03   -0.9990E+03   -0.9990E+03   -0.9990E+03   -0.9990E+03   -0.9990E+03   -0.9990E+03   -0.9990E+03   -0.9990E+03   -0.9990E+03   -0.9990E+03   -0.9990E+03   -0.9990E+03   -0.9990E+03   -0.9990E+03   -0.9990E+03   -0.9990E+03   -0.9990E+03   -0.9990E+03   -0.9990E+03
   -0.9990E+03   -0.9990E+03   -0.9990E+03   -0.9990E+03   -0.9990E+03   -0.9990E+03   -0.9990E+03   -0.9990E+03   -0.9990E+03   -0.9990E+03   -0.9990E+03   -0.9990E+03   -0.9990E+03   -0.9990E+03   -0.9990E+03   -0.9990E+03   -0.9990E+03   -0.9990E+03   -0.9990E+03   -0.9990E+03   -0.9990E+03   -0.9990E+03   -0.9990E+03   -0.9990E+03   -0.9990E+03    0.3537E-01    0.3529E-01    0.3537E-01    0.3538E-01    0.3536E-01    0.3540E-01    0.1274E+00    0.2221E+00    0.3173E+00    0.3054E+00    0.3765E+00    0.3742E+00    0.4175E+00    0.2626E+00    0.1107E+00    0.1065E+00    0.2059E+00    0.3057E+00    0.2301E+00    0.2515E+00    0.3516E+00    0.2830E+00    0.3585E+00    0.3724E+00   -0.9990E+03   -0.9990E+03   -0.9990E+03   -0.9990E+03   -0.9990E+03   -0.9990E+03   -0.9990E+03   -0.9990E+03   -0.9990E+03   -0.9990E+03   -0.9990E+03   -0.9990E+03   -0.9990E+03   -0.9990E+03   -0.9990E+03   -0.9990E+03   -0.9990E+03   -0.9990E+03   -0.9990E+03   -0.9990E+03   -0.9990E+03   -0.9990E+03   -0.9990E+03   -0.9990E+03   -0.9990E+03   -0.9990E+03   -0.9990E+03
   -0.9990E+03   -0.9990E+03   -0.9990E+03   -0.9990E+03   -0.9990E+03   -0.9990E+03   -0.9990E+03   -0.9990E+03   -0.9990E+03   -0.9990E+03   -0.9990E+03   -0.9990E+03   -0.9990E+03   -0.9990E+03   -0.9990E+03   -0.9990E+03   -0.9990E+03   -0.9990E+03   -0.9990E+03   -0.9990E+03   -0.9990E+03   -0.9990E+03   -0.9990E+03   -0.9990E+03   -0.9990E+03   -0.9990E+03    0.3539E-01    0.3525E-01    0.3534E-01    0.3534E-01    0.3544E-01    0.1276E+00    0.2796E+00    0.3298E+00    0.3415E+00    0.3716E+00    0.4179E+00    0.3058E+00    0.2324E+00    0.2147E+00    0.2462E+00    0.2574E+00    0.2450E+00    0.2657E+00    0.2805E+00    0.3014E+00    0.3213E+00    0.3722E+00   -0.9990E+03   -0.9990E+03   -0.9990E+03   -0.9990E+03   -0.9990E+03   -0.9990E+03   -0.9990E+03   -0.9990E+03   -0.9990E+03   -0.9990E+03   -0.9990E+03   -0.9990E+03   -0.9990E+03   -0.9990E+03   -0.9990E+03   -0.9990E+03   -0.9990E+03   -0.9990E+03   -0.9990E+03   -0.9990E+03   -0.9990E+03   -0.9990E+03   -0.9990E+03   -0.9990E+03   -0.9990E+03   -0.9990E+03   -0.9990E+03   -0.9990E+03
   -0.9990E+03   -0.9990E+03   -0.9990E+03   -0.9990E+03   -0.9990E+03   -0.9990E+03   -0.9990E+03   -0.9990E+03   -0.9990E+03   -0.9990E+03   -0.9990E+03   -0.9990E+03   -0.9990E+03   -0.9990E+03   -0.9990E+03   -0.9990E+03   -0.9990E+03   -0.9990E+03   -0.9990E+03   -0.9990E+03   -0.9990E+03   -0.9990E+03   -0.9990E+03   -0.9990E+03   -0.9990E+03    0.3466E-01    0.3419E-01    0.3277E-01    0.3024E-01    0.2959E-01    0.3315E-01    0.4416E+00    0.2902E+00    0.3178E+00    0.3792E+00    0.4400E+00    0.2892E+00    0.2350E+00    0.3964E+00    0.3832E+00    0.3642E+00    0.2581E+00    0.3906E+00    0.3047E+00    0.3351E+00    0.4048E+00    0.4092E+00    0.3798E+00   -0.9990E+03   -0.9990E+03   -0.9990E+03   -0.9990E+03   -0.9990E+03   -0.9990E+03   -0.9990E+03   -0.9990E+03   -0.9990E+03   -0.9990E+03   -0.9990E+03   -0.9990E+03   -0.9990E+03   -0.9990E+03   -0.9990E+03   -0.9990E+03   -0.9990E+03   -0.9990E+03   -0.9990E+03   -0.9990E+03   -0.9990E+03   -0.9990E+03   -0.9990E+03   -0.9990E+03   -0.9990E+03   -0.9990E+03   -0.9990E+03   -0.9990E+03
   -0.9990E+03   -0.9990E+03   -0.9990E+03   -0.9990E+03   -0.9990E+03   -0.9990E+03   -0.9990E+03   -0.9990E+03   -0.9990E+03   -0.9990E+03   -0.9990E+03   -0.9990E+03   -0.9990E+03   -0.9990E+03   -0.9990E+03   -0.9990E+03   -0.9990E+03   -0.9990E+03   -0.9990E+03   -0.9990E+03   -0.9990E+03   -0.9990E+03   -0.9990E+03   -0.9990E+03   -0.9990E+03    0.3470E-01    0.3346E-01    0.3172E-01    0.3088E-01    0.3105E-01    0.7496E-01    0.3031E+00    0.2138E+00    0.3184E+00    0.4827E+00    0.4454E+00    0.2426E+00    0.4450E+00    0.3428E+00    0.4004E+00    0.4460E+00    0.3105E+00    0.4335E+00    0.3925E+00    0.3592E+00    0.4096E+00    0.4696E+00   -0.9990E+03   -0.9990E+03   -0.9990E+03   -0.9990E+03   -0.9990E+03   -0.9990E+03   -0.9990E+03   -0.9990E+03   -0.9990E+03   -0.9990E+03   -0.9990E+03   -0.9990E+03   -0.9990E+03   -0.9990E+03   -0.9990E+03   -0.9990E+03   -0.9990E+03   -0.9990E+03   -0.9990E+03   -0.9990E+03   -0.9990E+03   -0.9990E+03   -0.9990E+03   -0.9990E+03   -0.9990E+03   -0.9990E+03   -0.9990E+03   -0.9990E+03   -0.9990E+03
   -0.9990E+03   -0.9990E+03   -0.9990E+03   -0.9990E+03   -0.9990E+03   -0.9990E+03   -0.9990E+03   -0.9990E+03   -0.9990E+03   -0.9990E+03   -0.9990E+03   -0.9990E+03   -0.9990E+03   -0.9990E+03   -0.9990E+03   -0.9990E+03   -0.9990E+03   -0.9990E+03   -0.9990E+03   -0.9990E+03   -0.9990E+03   -0.9990E+03   -0.9990E+03   -0.9990E+03   -0.9990E+03    0.3465E-01    0.3432E-01    0.3406E-01    0.3227E-01    0.3383E-01    0.2569E+00    0.2219E+00    0.2275E+00    0.2409E+00    0.3539E+00    0.2130E+00    0.3520E+00    0.9542E+00    0.4614E+00    0.4582E+00    0.4205E+00    0.3332E+00    0.3175E+00    0.3733E+00    0.3698E+00    0.3662E+00    0.4035E+00   -0.9990E+03   -0.9990E+03   -0.9990E+03   -0.9990E+03   -0.9990E+03   -0.9990E+03   -0.9990E+03   -0.9990E+03   -0.9990E+03   -0.9990E+03   -0.9990E+03   -0.9990E+03   -0.9990E+03   -0.9990E+03   -0.9990E+03   -0.9990E+03   -0.9990E+03   -0.9990E+03   -0.9990E+03   -0.9990E+03   -0.9990E+03   -0.9990E+03   -0.9990E+03   -0.9990E+03   -0.9990E+03   -0.9990E+03   -0.9990E+03   -0.9990E+03   -0.9990E+03
   -0.9990E+03   -0.9990E+03   -0.9990E+03   -0.9990E+03   -0.9990E+03   -0.9990E+03   -0.9990E+03   -0.9990E+03   -0.9990E+03   -0.9990E+03   -0.9990E+03   -0.9990E+03   -0.9990E+03   -0.9990E+03   -0.9990E+03   -0.9990E+03   -0.9990E+03   -0.9990E+03   -0.9990E+03   -0.9990E+03   -0.9990E+03   -0.9990E+03   -0.9990E+03   -0.9990E+03   -0.9990E+03   -0.9990E+03    0.3444E-01    0.3411E-01    0.3462E-01    0.3348E-01    0.3021E+00    0.3028E+00    0.3470E+00    0.2308E+00    0.3529E+00    0.1815E+00    0.2075E+00    0.2597E+00    0.3462E+00    0.3729E+00    0.3821E+00    0.4282E+00    0.3179E+00    0.2874E+00    0.3469E+00    0.3369E+00    0.3968E+00    0.4904E+00   -0.9990E+03   -0.9990E+03   -0.9990E+03   -0.9990E+03   -0.9990E+03   -0.9990E+03   -0.9990E+03   -0.9990E+03   -0.9990E+03   -0.9990E+03   -0.9990E+03   -0.9990E+03   -0.9990E+03   -0.9990E+03   -0.9990E+03   -0.9990E+03   -0.9990E+03   -0.9990E+03   -0.9990E+03   -0.9990E+03   -0.9990E+03   -0.9990E+03   -0.9990E+03   -0.9990E+03   -0.9990E+03   -0.9990E+03   -0.9990E+03   -0.9990E+03
   -0.9990E+03   -0.9990E+03   -0.9990E+03   -0.9990E+03   -0.9990E+03   -0.9990E+03   -0.9990E+03   -0.9990E+03   -0.9990E+03   -0.9990E+03   -0.9990E+03   -0.9990E+03   -0.9990E+03   -0.9990E+03   -0.9990E+03   -0.9990E+03   -0.9990E+03   -0.9990E+03   -0.9990E+03   -0.9990E+03   -0.9990E+03   -0.9990E+03   -0.9990E+03   -0.9990E+03   -0.9990E+03   -0.9990E+03    0.3484E-01    0.3462E-01    0.3399E-01    0.3497E-01    0.3498E-01    0.2929E+00    0.2942E+00    0.2329E+00    0.4441E+00    0.1683E+00    0.2655E+00    0.2947E+00    0.2740E+00    0.2871E+00    0.2695E+00    0.2457E+00    0.3239E+00    0.2781E+00    0.3862E+00    0.3457E+00    0.3408E+00    0.4194E+00   -0.9990E+03   -0.9990E+03   -0.9990E+03   -0.9990E+03   -0.9990E+03   -0.9990E+03   -0.9990E+03   -0.9990E+03   -0.9990E+03   -0.9990E+03   -0.9990E+03   -0.9990E+03   -0.9990E+03   -0.9990E+03   -0.9990E+03   -0.9990E+03   -0.9990E+03   -0.9990E+03   -0.9990E+03   -0.9990E+03   -0.9990E+03   -0.9990E+03   -0.9990E+03   -0.9990E+03   -0.9990E+03   -0.9990E+03   -0.9990E+03   -0.9990E+03
   -0.9990E+03   -0.9990E+03   -0.9990E+03   -0.9990E+03   -0.9990E+03   -0.9990E+03   -0.9990E+03   -0.9990E+03   -0.9990E+03   -0.9990E+03   -0.9990E+03   -0.9990E+03   -0.9990E+03   -0.9990E+03   -0.9990E+03   -0.9990E+03   -0.9990E+03   -0.9990E+03   -0.9990E+03   -0.9990E+03   -0.9990E+03   -0.9990E+03   -0.9990E+03   -0.9990E+03   -0.9990E+03   -0.9990E+03    0.3454E-01    0.3393E-01    0.3426E-01    0.3495E-01    0.3852E-01    0.3511E-01    0.2821E+00    0.2219E+00    0.1615E+00    0.2997E+00    0.2671E+00    0.2682E+00    0.2102E+00    0.2205E+00    0.2602E+00    0.2536E+00    0.5882E+00    0.4322E+00    0.1300E+01    0.5323E+00    0.5309E+00   -0.9990E+03   -0.9990E+03   -0.9990E+03   -0.9990E+03   -0.9990E+03   -0.9990E+03   -0.9990E+03   -0.9990E+03   -0.9990E+03   -0.9990E+03   -0.9990E+03   -0.9990E+03   -0.9990E+03   -0.9990E+03   -0.9990E+03   -0.9990E+03   -0.9990E+03   -0.9990E+03   -0.9990E+03   -0.9990E+03   -0.9990E+03   -0.9990E+03   -0.9990E+03   -0.9990E+03   -0.9990E+03   -0.9990E+03   -0.9990E+03   -0.9990E+03   -0.9990E+03
   -0.9990E+03   -0.9990E+03   -0.9990E+03   -0.9990E+03   -0.9990E+03   -0.9990E+03   -0.9990E+03   -0.9990E+03   -0.9990E+03   -0.9990E+03   -0.9990E+03   -0.9990E+03   -0.9990E+03   -0.9990E+03   -0.9990E+03   -0.9990E+03   -0.9990E+03   -0.9990E+03   -0.9990E+03   -0.9990E+03   -0.9990E+03   -0.9990E+03   -0.9990E+03   -0.9990E+03   -0.9990E+03   -0.9990E+03    0.3463E-01    0.3422E-01    0.3417E-01    0.3497E-01    0.3499E-01    0.3770E-01    0.3019E+00    0.1560E+00    0.1374E+00    0.3327E+00    0.2612E+00    0.2554E+00    0.2104E+00    0.2752E+00    0.5054E+00    0.5643E+00   -0.9990E+03   -0.9990E+03   -0.9990E+03   -0.9990E+03   -0.9990E+03   -0.9990E+03   -0.9990E+03   -0.9990E+03   -0.9990E+03   -0.9990E+03   -0.9990E+03   -0.9990E+03   -0.9990E+03   -0.9990E+03   -0.9990E+03   -0.9990E+03   -0.9990E+03   -0.9990E+03   -0.9990E+03   -0.9990E+03   -0.9990E+03   -0.9990E+03   -0.9990E+03   -0.9990E+03   -0.9990E+03   -0.9990E+03   -0.9990E+03   -0.9990E+03   -0.9990E+03   -0.9990E+03   -0.9990E+03   -0.9990E+03   -0.9990E+03   -0.9990E+03
   -0.9990E+03   -0.9990E+03   -0.9990E+03   -0.9990E+03   -0.9990E+03   -0.9990E+03   -0.9990E+03   -0.9990E+03   -0.9990E+03   -0.9990E+03   -0.9990E+03   -0.9990E+03   -0.9990E+03   -0.9990E+03   -0.9990E+03   -0.9990E+03   -0.9990E+03   -0.9990E+03   -0.9990E+03   -0.9990E+03   -0.9990E+03   -0.9990E+03   -0.9990E+03   -0.9990E+03   -0.9990E+03    0.3472E-01    0.3468E-01    0.3472E-01    0.3400E-01    0.3497E-01    0.3536E-01    0.5545E-01    0.2381E+00    0.1401E+00    0.3046E+00    0.2224E+00    0.2480E+00    0.2365E+00    0.2262E+00    0.4925E+00    0.5821E+00   -0.9990E+03   -0.9990E+03   -0.9990E+03   -0.9990E+03   -0.9990E+03   -0.9990E+03   -0.9990E+03   -0.9990E+03   -0.9990E+03   -0.9990E+03   -0.9990E+03   -0.9990E+03   -0.9990E+03   -0.9990E+03   -0.9990E+03   -0.9990E+03   -0.9990E+03   -0.9990E+03   -0.9990E+03   -0.9990E+03   -0.9990E+03   -0.9990E+03   -0.9990E+03   -0.9990E+03   -0.9990E+03   -0.9990E+03   -0.9990E+03   -0.9990E+03   -0.9990E+03   -0.9990E+03   -0.9990E+03   -0.9990E+03   -0.9990E+03   -0.9990E+03   -0.9990E+03
   -0.9990E+03   -0.9990E+03   -0.9990E+03   -0.9990E+03   -0.9990E+03   -0.9990E+03   -0.9990E+03   -0.9990E+03   -0.9990E+03   -0.9990E+03   -0.9990E+03   -0.9990E+03   -0.9990E+03   -0.9990E+03   -0.9990E+03   -0.9990E+03   -0.9990E+03   -0.9990E+03   -0.9990E+03   -0.9990E+03   -0.9990E+03   -0.9990E+03   -0.9990E+03   -0.9990E+03    0.3459E-01    0.3471E-01    0.3483E-01    0.3423E-01    0.3431E-01    0.3439E-01    0.3533E-01    0.2129E+00    0.1691E+00    0.1577E+00    0.2399E+00    0.2173E+00    0.1765E+00    0.2248E+00    0.3179E+00    0.2232E+00    0.3534E+00   -0.9990E+03   -0.9990E+03   -0.9990E+03   -0.9990E+03   -0.9990E+03   -0.9990E+03   -0.9990E+03   -0.9990E+03   -0.9990E+03   -0.9990E+03   -0.9990E+03   -0.9990E+03   -0.9990E+03   -0.9990E+03   -0.9990E+03   -0.9990E+03   -0.9990E+03   -0.9990E+03   -0.9990E+03   -0.9990E+03   -0.9990E+03   -0.9990E+03   -0.9990E+03   -0.9990E+03   -0.9990E+03   -0.9990E+03   -0.9990E+03   -0.9990E+03   -0.9990E+03   -0.9990E+03   -0.9990E+03   -0.9990E+03   -0.9990E+03   -0.9990E+03   -0.9990E+03
   -0.9990E+03   -0.9990E+03   -0.9990E+03   -0.9990E+03   -0.9990E+03   -0.9990E+03   -0.9990E+03   -0.9990E+03   -0.9990E+03   -0.9990E+03   -0.9990E+03   -0.9990E+03   -0.9990E+03   -0.9990E+03   -0.9990E+03   -0.9990E+03   -0.9990E+03   -0.9990E+03   -0.9990E+03   -0.9990E+03   -0.9990E+03   -0.9990E+03   -0.9990E+03   -0.9990E+03    0.3470E-01    0.3454E-01    0.3461E-01    0.3469E-01    0.3462E-01    0.3479E-01    0.6251E-01    0.8317E-01    0.1212E+00    0.1808E+00    0.3133E+00    0.1873E+00    0.2160E+00    0.3924E+00    0.1889E+00    0.2013E+00    0.2431E+00   -0.9990E+03   -0.9990E+03   -0.9990E+03   -0.9990E+03   -0.9990E+03   -0.9990E+03   -0.9990E+03   -0.9990E+03   -0.9990E+03   -0.9990E+03   -0.9990E+03   -0.9990E+03   -0.9990E+03   -0.9990E+03   -0.9990E+03   -0.9990E+03   -0.9990E+03   -0.9990E+03   -0.9990E+03   -0.9990E+03   -0.9990E+03   -0.9990E+03   -0.9990E+03   -0.9990E+03   -0.9990E+03   -0.9990E+03   -0.9990E+03   -0.9990E+03   -0.9990E+03   -0.9990E+03   -0.9990E+03   -0.9990E+03   -0.9990E+03   -0.9990E+03   -0.9990E+03
   -0.9990E+03   -0.9990E+03   -0.9990E+03   -0.9990E+03   -0.9990E+03   -0.9990E+03   -0.9990E+03   -0.9990E+03   -0.9990E+03   -0.9990E+03   -0.9990E+03   -0.9990E+03   -0.9990E+03   -0.9990E+03   -0.9990E+03   -0.9990E+03   -0.9990E+03   -0.9990E+03   -0.9990E+03   -0.9990E+03   -0.9990E+03   -0.9990E+03   -0.9990E+03   -0.9990E+03    0.3483E-01    0.3478E-01    0.3462E-01    0.3478E-01    0.3372E-01    0.3470E-01    0.8166E-01    0.1058E+00    0.1069E+00    0.2854E+00    0.3001E+00    0.1992E+00    0.1707E+00    0.2092E+00    0.1822E+00    0.2328E+00    0.2838E+00   -0.9990E+03   -0.9990E+03   -0.9990E+03   -0.9990E+03   -0.9990E+03   -0.9990E+03   -0.9990E+03   -0.9990E+03   -0.9990E+03   -0.9990E+03   -0.9990E+03   -0.9990E+03   -0.9990E+03   -0.9990E+03   -0.9990E+03   -0.9990E+03   -0.9990E+03   -0.9990E+03   -0.9990E+03   -0.9990E+03   -0.9990E+03   -0.9990E+03   -0.9990E+03   -0.9990E+03   -0.9990E+03   -0.9990E+03   -0.9990E+03   -0.9990E+03   -0.9990E+03   -0.9990E+03   -0.9990E+03   -0.9990E+03   -0.9990E+03   -0.9990E+03   -0.9990E+03
   -0.9990E+03   -0.9990E+03   -0.9990E+03   -0.9990E+03   -0.9990E+03   -0.9990E+03   -0.9990E+03   -0.9990E+03   -0.9990E+03   -0.9990E+03   -0.9990E+03   -0.9990E+03   -0.9990E+03   -0.9990E+03   -0.9990E+03   -0.9990E+03   -0.9990E+03   -0.9990E+03   -0.9990E+03   -0.9990E+03   -0.9990E+03   -0.9990E+03   -0.9990E+03   -0.9990E+03    0.3456E-01    0.3484E-01    0.3484E-01    0.3388E-01    0.3776E-01    0.1329E+00    0.7382E-01    0.7955E-01    0.1170E+00    0.2762E+00    0.2363E+00    0.1850E+00    0.1929E+00    0.1639E+00    0.1834E+00    0.1984E+00   -0.9990E+03   -0.9990E+03   -0.9990E+03   -0.9990E+03   -0.9990E+03   -0.9990E+03   -0.9990E+03   -0.9990E+03   -0.9990E+03   -0.9990E+03   -0.9990E+03   -0.9990E+03   -0.9990E+03   -0.9990E+03   -0.9990E+03   -0.9990E+03   -0.9990E+03   -0.9990E+03   -0.9990E+03   -0.9990E+03   -0.9990E+03   -0.9990E+03   -0.9990E+03   -0.9990E+03   -0.9990E+03   -0.9990E+03   -0.9990E+03   -0.9990E+03   -0.9990E+03   -0.9990E+03   -0.9990E+03   -0.9990E+03   -0.9990E+03   -0.9990E+03   -0.9990E+03   -0.9990E+03
   -0.9990E+03   -0.9990E+03   -0.9990E+03   -0.9990E+03   -0.9990E+03   -0.9990E+03   -0.9990E+03   -0.9990E+03   -0.9990E+03   -0.9990E+03   -0.9990E+03   -0.9990E+03   -0.9990E+03   -0.9990E+03   -0.9990E+03   -0.9990E+03   -0.9990E+03   -0.9990E+03   -0.9990E+03   -0.9990E+03   -0.9990E+03   -0.9990E+03   -0.9990E+03   -0.9990E+03    0.3404E-01    0.3412E-01    0.3485E-01    0.3429E-01    0.3407E-01    0.7612E-01    0.3466E-01    0.7883E-01    0.1369E+00    0.1920E+00    0.2300E+00    0.1423E+00    0.1577E+00    0.1634E+00    0.1814E+00    0.2308E+00   -0.9990E+03   -0.9990E+03   -0.9990E+03   -0.9990E+03   -0.9990E+03   -0.9990E+03   -0.9990E+03   -0.9990E+03   -0.9990E+03   -0.9990E+03   -0.9990E+03   -0.9990E+03   -0.9990E+03   -0.9990E+03   -0.9990E+03   -0.9990E+03   -0.9990E+03   -0.9990E+03   -0.9990E+03   -0.9990E+03   -0.9990E+03   -0.9990E+03   -0.9990E+03   -0.9990E+03   -0.9990E+03   -0.9990E+03   -0.9990E+03   -0.9990E+03   -0.9990E+03   -0.9990E+03   -0.9990E+03   -0.9990E+03   -0.9990E+03   -0.9990E+03   -0.9990E+03   -0.9990E+03
   -0.9990E+03   -0.9990E+03   -0.9990E+03   -0.9990E+03   -0.9990E+03   -0.9990E+03   -0.9990E+03   -0.9990E+03   -0.9990E+03   -0.9990E+03   -0.9990E+03   -0.9990E+03   -0.9990E+03   -0.9990E+03   -0.9990E+03   -0.9990E+03   -0.9990E+03   -0.9990E+03   -0.9990E+03   -0.9990E+03   -0.9990E+03   -0.9990E+03   -0.9990E+03   -0.9990E+03   -0.9990E+03   -0.9990E+03    0.3464E-01    0.3959E-01    0.3452E-01    0.1384E+00    0.3458E-01    0.7108E-01    0.7698E-01    0.1499E+00    0.1490E+00    0.1771E+00    0.2568E+00    0.2318E+00    0.2391E+00    0.2516E+00   -0.9990E+03   -0.9990E+03   -0.9990E+03   -0.9990E+03   -0.9990E+03   -0.9990E+03   -0.9990E+03   -0.9990E+03   -0.9990E+03   -0.9990E+03   -0.9990E+03   -0.9990E+03   -0.9990E+03   -0.9990E+03   -0.9990E+03   -0.9990E+03   -0.9990E+03   -0.9990E+03   -0.9990E+03   -0.9990E+03   -0.9990E+03   -0.9990E+03   -0.9990E+03   -0.9990E+03   -0.9990E+03   -0.9990E+03   -0.9990E+03   -0.9990E+03   -0.9990E+03   -0.9990E+03   -0.9990E+03   -0.9990E+03   -0.9990E+03   -0.9990E+03   -0.9990E+03   -0.9990E+03
   -0.9990E+03   -0.9990E+03   -0.9990E+03   -0.9990E+03   -0.9990E+03   -0.9990E+03   -0.9990E+03   -0.9990E+03   -0.9990E+03   -0.9990E+03   -0.9990E+03   -0.9990E+03   -0.9990E+03   -0.9990E+03   -0.9990E+03   -0.9990E+03   -0.9990E+03   -0.9990E+03   -0.9990E+03   -0.9990E+03   -0.9990E+03   -0.9990E+03   -0.9990E+03   -0.9990E+03   -0.9990E+03   -0.9990E+03    0.4225E-01    0.3927E-01    0.3420E-01    0.5643E-01    0.4177E-01    0.4130E-01    0.7798E-01    0.1562E+00    0.2210E+00    0.1973E+00    0.2286E+00    0.2727E+00    0.1761E+00    0.1988E+00   -0.9990E+03   -0.9990E+03   -0.9990E+03   -0.9990E+03   -0.9990E+03   -0.9990E+03   -0.9990E+03   -0.9990E+03   -0.9990E+03   -0.9990E+03   -0.9990E+03   -0.9990E+03   -0.9990E+03   -0.9990E+03   -0.9990E+03   -0.9990E+03   -0.9990E+03   -0.9990E+03   -0.9990E+03   -0.9990E+03   -0.9990E+03   -0.9990E+03   -0.9990E+03   -0.9990E+03   -0.9990E+03   -0.9990E+03   -0.9990E+03   -0.9990E+03   -0.9990E+03   -0.9990E+03   -0.9990E+03   -0.9990E+03   -0.9990E+03   -0.9990E+03   -0.9990E+03   -0.9990E+03
   -0.9990E+03   -0.9990E+03   -0.9990E+03   -0.9990E+03   -0.9990E+03   -0.9990E+03   -0.9990E+03   -0.9990E+03   -0.9990E+03   -0.9990E+03   -0.9990E+03   -0.9990E+03   -0.9990E+03   -0.9990E+03   -0.9990E+03   -0.9990E+03   -0.9990E+03   -0.9990E+03   -0.9990E+03   -0.9990E+03   -0.9990E+03    0.1072E+00    0.3456E+00    0.5627E+00    0.3820E+00    0.2326E+00    0.6735E-01    0.3535E-01    0.4221E-01    0.3911E-01    0.4713E-01    0.3481E-01    0.1292E+00    0.1884E+00    0.1818E+00    0.1806E+00    0.2130E+00    0.2134E+00    0.1688E+00    0.2313E+00   -0.9990E+03   -0.9990E+03   -0.9990E+03   -0.9990E+03   -0.9990E+03   -0.9990E+03   -0.9990E+03   -0.9990E+03   -0.9990E+03   -0.9990E+03   -0.9990E+03   -0.9990E+03   -0.9990E+03   -0.9990E+03   -0.9990E+03   -0.9990E+03   -0.9990E+03   -0.9990E+03   -0.9990E+03   -0.9990E+03   -0.9990E+03   -0.9990E+03   -0.9990E+03   -0.9990E+03   -0.9990E+03   -0.9990E+03   -0.9990E+03   -0.9990E+03   -0.9990E+03   -0.9990E+03   -0.9990E+03   -0.9990E+03   -0.9990E+03   -0.9990E+03   -0.9990E+03   -0.9990E+03
   -0.9990E+03   -0.9990E+03   -0.9990E+03   -0.9990E+03   -0.9990E+03   -0.9990E+03   -0.9990E+03   -0.9990E+03   -0.9990E+03   -0.9990E+03   -0.9990E+03   -0.9990E+03   -0.9990E+03   -0.9990E+03   -0.9990E+03   -0.9990E+03   -0.9990E+03   -0.9990E+03   -0.9990E+03   -0.9990E+03    0.1482E+00    0.1280E+00    0.1388E+00    0.2622E+00    0.1358E+00    0.9243E-01    0.4306E-01    0.3687E-01    0.3509E-01    0.3918E-01    0.4955E-01    0.4205E-01    0.1483E+00    0.1935E+00    0.2255E+00    0.2396E+00    0.2017E+00    0.1636E+00    0.1704E+00    0.2685E+00   -0.9990E+03   -0.9990E+03   -0.9990E+03   -0.9990E+03   -0.9990E+03   -0.9990E+03   -0.9990E+03   -0.9990E+03   -0.9990E+03   -0.9990E+03   -0.9990E+03   -0.9990E+03   -0.9990E+03   -0.9990E+03   -0.9990E+03   -0.9990E+03   -0.9990E+03   -0.9990E+03   -0.9990E+03   -0.9990E+03   -0.9990E+03   -0.9990E+03   -0.9990E+03   -0.9990E+03   -0.9990E+03   -0.9990E+03   -0.9990E+03   -0.9990E+03   -0.9990E+03   -0.9990E+03   -0.9990E+03   -0.9990E+03   -0.9990E+03   -0.9990E+03   -0.9990E+03   -0.9990E+03
   -0.9990E+03   -0.9990E+03   -0.9990E+03   -0.9990E+03   -0.9990E+03   -0.9990E+03   -0.9990E+03   -0.9990E+03   -0.9990E+03   -0.9990E+03   -0.9990E+03   -0.9990E+03   -0.9990E+03   -0.9990E+03   -0.9990E+03   -0.9990E+03   -0.9990E+03   -0.9990E+03   -0.9990E+03   -0.9990E+03    0.2428E+00    0.2293E+00    0.1429E+00    0.5556E-01    0.5460E-01    0.6313E-01    0.4890E-01    0.3640E-01    0.3522E-01    0.8124E-01    0.4850E-01    0.1455E+00    0.1594E+00    0.2617E+00    0.2206E+00    0.2239E+00    0.1787E+00    0.1577E+00    0.2029E+00    0.2059E+00   -0.9990E+03   -0.9990E+03   -0.9990E+03   -0.9990E+03   -0.9990E+03   -0.9990E+03   -0.9990E+03   -0.9990E+03   -0.9990E+03   -0.9990E+03   -0.9990E+03   -0.9990E+03   -0.9990E+03   -0.9990E+03   -0.9990E+03   -0.9990E+03   -0.9990E+03   -0.9990E+03   -0.9990E+03   -0.9990E+03   -0.9990E+03   -0.9990E+03   -0.9990E+03   -0.9990E+03   -0.9990E+03   -0.9990E+03   -0.9990E+03   -0.9990E+03   -0.9990E+03   -0.9990E+03   -0.9990E+03   -0.9990E+03   -0.9990E+03   -0.9990E+03   -0.9990E+03   -0.9990E+03
   -0.9990E+03   -0.9990E+03   -0.9990E+03   -0.9990E+03   -0.9990E+03   -0.9990E+03   -0.9990E+03   -0.9990E+03   -0.9990E+03   -0.9990E+03   -0.9990E+03   -0.9990E+03   -0.9990E+03   -0.9990E+03   -0.9990E+03   -0.9990E+03   -0.9990E+03   -0.9990E+03   -0.9990E+03   -0.9990E+03    0.1406E+00    0.1567E+00    0.1635E+00    0.1351E+00    0.5249E-01    0.3829E-01    0.3594E-01    0.3571E-01    0.3521E-01    0.1236E+00    0.1725E+00    0.1534E+00    0.1947E+00    0.4120E+00    0.2271E+00    0.1782E+00    0.1542E+00    0.1503E+00    0.1723E+00    0.2149E+00   -0.9990E+03   -0.9990E+03   -0.9990E+03   -0.9990E+03   -0.9990E+03   -0.9990E+03   -0.9990E+03   -0.9990E+03   -0.9990E+03   -0.9990E+03   -0.9990E+03   -0.9990E+03   -0.9990E+03   -0.9990E+03   -0.9990E+03   -0.9990E+03   -0.9990E+03   -0.9990E+03   -0.9990E+03   -0.9990E+03   -0.9990E+03   -0.9990E+03   -0.9990E+03   -0.9990E+03   -0.9990E+03   -0.9990E+03   -0.9990E+03   -0.9990E+03   -0.9990E+03   -0.9990E+03   -0.9990E+03   -0.9990E+03   -0.9990E+03   -0.9990E+03   -0.9990E+03   -0.9990E+03
   -0.9990E+03   -0.9990E+03   -0.9990E+03   -0.9990E+03   -0.9990E+03   -0.9990E+03   -0.9990E+03   -0.9990E+03   -0.9990E+03   -0.9990E+03   -0.9990E+03   -0.9990E+03   -0.9990E+03   -0.9990E+03   -0.9990E+03   -0.9990E+03   -0.9990E+03   -0.9990E+03   -0.9990E+03    0.2214E+00    0.1910E+00    0.1769E+00    0.2445E+00    0.6144E-01    0.8437E-01    0.9662E-01    0.9626E-01    0.4985E-01    0.1107E+00    0.1433E+00    0.1625E+00    0.1565E+00    0.1906E+00    0.1934E+00    0.1491E+00    0.1567E+00    0.1878E+00    0.1794E+00    0.2357E+00   -0.9990E+03   -0.9990E+03   -0.9990E+03   -0.9990E+03   -0.9990E+03   -0.9990E+03   -0.9990E+03   -0.9990E+03   -0.9990E+03   -0.9990E+03   -0.9990E+03   -0.9990E+03   -0.9990E+03   -0.9990E+03   -0.9990E+03   -0.9990E+03   -0.9990E+03   -0.9990E+03   -0.9990E+03   -0.9990E+03   -0.9990E+03   -0.9990E+03   -0.9990E+03   -0.9990E+03   -0.9990E+03   -0.9990E+03   -0.9990E+03   -0.9990E+03   -0.9990E+03   -0.9990E+03   -0.9990E+03   -0.9990E+03   -0.9990E+03   -0.9990E+03   -0.9990E+03   -0.9990E+03   -0.9990E+03
   -0.9990E+03   -0.9990E+03   -0.9990E+03   -0.9990E+03   -0.9990E+03   -0.9990E+03   -0.9990E+03   -0.9990E+03   -0.9990E+03   -0.9990E+03   -0.9990E+03   -0.9990E+03   -0.9990E+03   -0.9990E+03   -0.9990E+03   -0.9990E+03   -0.9990E+03    0.2886E+00    0.2770E+00    0.3884E+00    0.2038E+00    0.2504E+00    0.1757E+00    0.1432E+00    0.3816E-01    0.1461E+00    0.1224E+00    0.1224E+00    0.1626E+00    0.1497E+00    0.1136E+00    0.1559E+00    0.1615E+00    0.1648E+00    0.2593E+00    0.2273E+00    0.2536E+00    0.2211E+00   -0.9990E+03   -0.9990E+03   -0.9990E+03   -0.9990E+03   -0.9990E+03   -0.9990E+03   -0.9990E+03   -0.9990E+03   -0.9990E+03   -0.9990E+03   -0.9990E+03   -0.9990E+03   -0.9990E+03   -0.9990E+03   -0.9990E+03   -0.9990E+03   -0.9990E+03   -0.9990E+03   -0.9990E+03   -0.9990E+03   -0.9990E+03   -0.9990E+03   -0.9990E+03   -0.9990E+03   -0.9990E+03   -0.9990E+03   -0.9990E+03   -0.9990E+03   -0.9990E+03   -0.9990E+03   -0.9990E+03   -0.9990E+03   -0.9990E+03   -0.9990E+03   -0.9990E+03   -0.9990E+03   -0.9990E+03   -0.9990E+03
   -0.9990E+03   -0.9990E+03   -0.9990E+03   -0.9990E+03   -0.9990E+03   -0.9990E+03   -0.9990E+03   -0.9990E+03   -0.9990E+03   -0.9990E+03   -0.9990E+03   -0.9990E+03   -0.9990E+03   -0.9990E+03   -0.9990E+03    0.4188E+00    0.4550E+00    0.5230E+00    0.3847E+00    0.5387E+00    0.2422E+00    0.1150E+00    0.6868E-01    0.3489E+00    0.4443E-01    0.1149E+00    0.1338E+00    0.1621E+00    0.1587E+00    0.1461E+00    0.1495E+00    0.1622E+00    0.1610E+00    0.1691E+00    0.2056E+00    0.1706E+00    0.1471E+00    0.1953E+00   -0.9990E+03   -0.9990E+03   -0.9990E+03   -0.9990E+03   -0.9990E+03   -0.9990E+03   -0.9990E+03   -0.9990E+03   -0.9990E+03   -0.9990E+03   -0.9990E+03   -0.9990E+03   -0.9990E+03   -0.9990E+03   -0.9990E+03   -0.9990E+03   -0.9990E+03   -0.9990E+03   -0.9990E+03   -0.9990E+03   -0.9990E+03   -0.9990E+03   -0.9990E+03   -0.9990E+03   -0.9990E+03   -0.9990E+03   -0.9990E+03   -0.9990E+03   -0.9990E+03   -0.9990E+03   -0.9990E+03   -0.9990E+03   -0.9990E+03   -0.9990E+03   -0.9990E+03   -0.9990E+03   -0.9990E+03   -0.9990E+03
   -0.9990E+03   -0.9990E+03   -0.9990E+03   -0.9990E+03   -0.9990E+03   -0.9990E+03   -0.9990E+03   -0.9990E+03   -0.9990E+03   -0.9990E+03   -0.9990E+03   -0.9990E+03   -0.9990E+03   -0.9990E+03    0.3375E+00    0.4200E+00    0.3651E+00    0.4283E+00    0.3874E+00    0.4826E+00    0.3527E+00    0.6360E-01    0.9363E-01    0.4632E-01    0.9368E-01    0.1559E+00    0.1678E+00    0.1632E+00    0.1597E+00    0.1481E+00    0.1642E+00    0.1840E+00    0.1501E+00    0.1415E+00    0.1317E+00    0.1334E+00    0.1422E+00    0.1852E+00   -0.9990E+03   -0.9990E+03   -0.9990E+03   -0.9990E+03   -0.9990E+03   -0.9990E+03   -0.9990E+03   -0.9990E+03   -0.9990E+03   -0.9990E+03   -0.9990E+03   -0.9990E+03   -0.9990E+03   -0.9990E+03   -0.9990E+03   -0.9990E+03   -0.9990E+03   -0.9990E+03   -0.9990E+03   -0.9990E+03   -0.9990E+03   -0.9990E+03   -0.9990E+03   -0.9990E+03   -0.9990E+03   -0.9990E+03   -0.9990E+03   -0.9990E+03   -0.9990E+03   -0.9990E+03   -0.9990E+03   -0.9990E+03   -0.9990E+03   -0.9990E+03   -0.9990E+03   -0.9990E+03   -0.9990E+03   -0.9990E+03
   -0.9990E+03   -0.9990E+03   -0.9990E+03   -0.9990E+03   -0.9990E+03   -0.9990E+03   -0.9990E+03   -0.9990E+03   -0.9990E+03   -0.9990E+03   -0.9990E+03   -0.9990E+03   -0.9990E+03    0.3739E-01    0.5255E-01    0.6324E-01    0.6455E-01    0.6264E-01    0.4656E-01    0.4069E+00    0.1597E+00    0.6687E-01    0.1538E+00    0.1583E+00    0.1650E+00    0.1702E+00    0.1657E+00    0.1623E+00    0.1518E+00    0.1576E+00    0.1577E+00    0.1573E+00    0.1459E+00    0.1471E+00    0.1514E+00    0.1665E+00    0.1632E+00    0.1933E+00   -0.9990E+03   -0.9990E+03   -0.9990E+03   -0.9990E+03   -0.9990E+03   -0.9990E+03   -0.9990E+03   -0.9990E+03   -0.9990E+03   -0.9990E+03   -0.9990E+03   -0.9990E+03   -0.9990E+03   -0.9990E+03   -0.9990E+03   -0.9990E+03   -0.9990E+03   -0.9990E+03   -0.9990E+03   -0.9990E+03   -0.9990E+03   -0.9990E+03   -0.9990E+03   -0.9990E+03   -0.9990E+03   -0.9990E+03   -0.9990E+03   -0.9990E+03   -0.9990E+03   -0.9990E+03   -0.9990E+03   -0.9990E+03   -0.9990E+03   -0.9990E+03   -0.9990E+03   -0.9990E+03   -0.9990E+03   -0.9990E+03
   -0.9990E+03   -0.9990E+03   -0.9990E+03   -0.9990E+03   -0.9990E+03   -0.9990E+03   -0.9990E+03   -0.9990E+03   -0.9990E+03   -0.9990E+03   -0.9990E+03   -0.9990E+03    0.3779E-01    0.3485E-01    0.3535E-01    0.3462E-01    0.3614E-01    0.3589E-01    0.3761E-01    0.4323E-01    0.4531E-01    0.3731E-01    0.1167E+00    0.1704E+00    0.1716E+00    0.1653E+00    0.1644E+00    0.1592E+00    0.1609E+00    0.1677E+00    0.1637E+00    0.1640E+00    0.1644E+00    0.1606E+00    0.1703E+00    0.1952E+00   -0.9990E+03   -0.9990E+03   -0.9990E+03   -0.9990E+03   -0.9990E+03   -0.9990E+03   -0.9990E+03   -0.9990E+03   -0.9990E+03   -0.9990E+03   -0.9990E+03   -0.9990E+03   -0.9990E+03   -0.9990E+03   -0.9990E+03   -0.9990E+03   -0.9990E+03   -0.9990E+03   -0.9990E+03   -0.9990E+03   -0.9990E+03   -0.9990E+03   -0.9990E+03   -0.9990E+03   -0.9990E+03   -0.9990E+03   -0.9990E+03   -0.9990E+03   -0.9990E+03   -0.9990E+03   -0.9990E+03   -0.9990E+03   -0.9990E+03   -0.9990E+03   -0.9990E+03   -0.9990E+03   -0.9990E+03   -0.9990E+03   -0.9990E+03   -0.9990E+03
   -0.9990E+03   -0.9990E+03   -0.9990E+03   -0.9990E+03   -0.9990E+03   -0.9990E+03   -0.9990E+03   -0.9990E+03   -0.9990E+03   -0.9990E+03   -0.9990E+03    0.4251E-01    0.4145E-01    0.3484E-01    0.4187E-01    0.4189E-01    0.3800E-01    0.4018E-01    0.3506E-01    0.3683E-01    0.3980E-01    0.3932E-01    0.1530E+00    0.1724E+00    0.1662E+00    0.1710E+00    0.1635E+00    0.1690E+00    0.1666E+00    0.1613E+00    0.1594E+00    0.1648E+00    0.1606E+00    0.1656E+00    0.1834E+00    0.2078E+00   -0.9990E+03   -0.9990E+03   -0.9990E+03   -0.9990E+03   -0.9990E+03   -0.9990E+03   -0.9990E+03   -0.9990E+03   -0.9990E+03   -0.9990E+03   -0.9990E+03   -0.9990E+03   -0.9990E+03   -0.9990E+03   -0.9990E+03   -0.9990E+03   -0.9990E+03   -0.9990E+03   -0.9990E+03   -0.9990E+03   -0.9990E+03   -0.9990E+03   -0.9990E+03   -0.9990E+03   -0.9990E+03   -0.9990E+03   -0.9990E+03   -0.9990E+03   -0.9990E+03   -0.9990E+03   -0.9990E+03   -0.9990E+03   -0.9990E+03   -0.9990E+03   -0.9990E+03   -0.9990E+03   -0.9990E+03   -0.9990E+03   -0.9990E+03   -0.9990E+03
   -0.9990E+03   -0.9990E+03   -0.9990E+03   -0.9990E+03   -0.9990E+03   -0.9990E+03   -0.9990E+03   -0.9990E+03   -0.9990E+03   -0.9990E+03    0.4580E-01    0.4391E-01    0.3857E-01    0.3720E-01    0.3478E-01    0.3461E-01    0.3460E-01    0.3462E-01    0.3504E-01    0.3880E-01    0.4047E-01    0.1145E+00    0.1605E+00    0.1674E+00    0.1735E+00    0.1705E+00    0.1649E+00    0.1689E+00    0.1727E+00    0.1731E+00    0.1724E+00    0.1804E+00    0.1680E+00    0.1636E+00    0.1956E+00   -0.9990E+03   -0.9990E+03   -0.9990E+03   -0.9990E+03   -0.9990E+03   -0.9990E+03   -0.9990E+03   -0.9990E+03   -0.9990E+03   -0.9990E+03   -0.9990E+03   -0.9990E+03   -0.9990E+03   -0.9990E+03   -0.9990E+03   -0.9990E+03   -0.9990E+03   -0.9990E+03   -0.9990E+03   -0.9990E+03   -0.9990E+03   -0.9990E+03   -0.9990E+03   -0.9990E+03   -0.9990E+03   -0.9990E+03   -0.9990E+03   -0.9990E+03   -0.9990E+03   -0.9990E+03   -0.9990E+03   -0.9990E+03   -0.9990E+03   -0.9990E+03   -0.9990E+03   -0.9990E+03   -0.9990E+03   -0.9990E+03   -0.9990E+03   -0.9990E+03   -0.9990E+03
   -0.9990E+03   -0.9990E+03   -0.9990E+03   -0.9990E+03   -0.9990E+03   -0.9990E+03   -0.9990E+03   -0.9990E+03    0.3755E-01    0.3779E-01    0.3942E-01    0.4457E-01    0.3776E-01    0.3483E-01    0.3485E-01    0.3579E-01    0.3574E-01    0.3625E-01    0.3628E-01    0.4105E-01    0.9182E-01    0.1610E+00    0.1571E+00    0.1707E+00    0.1759E+00    0.1839E+00    0.1826E+00    0.1789E+00    0.1767E+00    0.1769E+00    0.1751E+00    0.1772E+00    0.1844E+00    0.1713E+00    0.1954E+00   -0.9990E+03   -0.9990E+03   -0.9990E+03   -0.9990E+03   -0.9990E+03   -0.9990E+03   -0.9990E+03   -0.9990E+03   -0.9990E+03   -0.9990E+03   -0.9990E+03   -0.9990E+03   -0.9990E+03   -0.9990E+03   -0.9990E+03   -0.9990E+03   -0.9990E+03   -0.9990E+03   -0.9990E+03   -0.9990E+03   -0.9990E+03   -0.9990E+03   -0.9990E+03   -0.9990E+03   -0.9990E+03   -0.9990E+03   -0.9990E+03   -0.9990E+03   -0.9990E+03   -0.9990E+03   -0.9990E+03   -0.9990E+03   -0.9990E+03   -0.9990E+03   -0.9990E+03   -0.9990E+03   -0.9990E+03   -0.9990E+03   -0.9990E+03   -0.9990E+03   -0.9990E+03
   -0.9990E+03   -0.9990E+03   -0.9990E+03   -0.9990E+03   -0.9990E+03   -0.9990E+03   -0.9990E+03   -0.9990E+03    0.3725E-01    0.3849E-01    0.3623E-01    0.4064E-01    0.3477E-01    0.3492E-01    0.3497E-01    0.3565E-01    0.3555E-01    0.3539E-01    0.3576E-01    0.4525E-01    0.1543E+00    0.1519E+00    0.1356E+00    0.1655E+00    0.1491E+00    0.1361E+00    0.1677E+00    0.1867E+00    0.1906E+00    0.1781E+00    0.2017E+00    0.1708E+00    0.1651E+00    0.1688E+00    0.1872E+00   -0.9990E+03   -0.9990E+03   -0.9990E+03   -0.9990E+03   -0.9990E+03   -0.9990E+03   -0.9990E+03   -0.9990E+03   -0.9990E+03   -0.9990E+03   -0.9990E+03   -0.9990E+03   -0.9990E+03   -0.9990E+03   -0.9990E+03   -0.9990E+03   -0.9990E+03   -0.9990E+03   -0.9990E+03   -0.9990E+03   -0.9990E+03   -0.9990E+03   -0.9990E+03   -0.9990E+03   -0.9990E+03   -0.9990E+03   -0.9990E+03   -0.9990E+03   -0.9990E+03   -0.9990E+03   -0.9990E+03   -0.9990E+03   -0.9990E+03   -0.9990E+03   -0.9990E+03   -0.9990E+03   -0.9990E+03   -0.9990E+03   -0.9990E+03   -0.9990E+03   -0.9990E+03
   -0.9990E+03   -0.9990E+03   -0.9990E+03   -0.9990E+03   -0.9990E+03   -0.9990E+03   -0.9990E+03   -0.9990E+03    0.3814E-01    0.3942E-01    0.3494E-01    0.3473E-01    0.3491E-01    0.3522E-01    0.3522E-01    0.3579E-01    0.3544E-01    0.3544E-01    0.3641E-01    0.1308E+00    0.1567E+00    0.1349E+00    0.1448E+00    0.1432E+00    0.1158E+00    0.1304E+00    0.1439E+00    0.1592E+00    0.1927E+00    0.1846E+00    0.1785E+00    0.2005E+00    0.1887E+00    0.1762E+00    0.2337E+00   -0.9990E+03   -0.9990E+03   -0.9990E+03   -0.9990E+03   -0.9990E+03   -0.9990E+03   -0.9990E+03   -0.9990E+03   -0.9990E+03   -0.9990E+03   -0.9990E+03   -0.9990E+03   -0.9990E+03   -0.9990E+03   -0.9990E+03   -0.9990E+03   -0.9990E+03   -0.9990E+03   -0.9990E+03   -0.9990E+03   -0.9990E+03   -0.9990E+03   -0.9990E+03   -0.9990E+03   -0.9990E+03   -0.9990E+03   -0.9990E+03   -0.9990E+03   -0.9990E+03   -0.9990E+03   -0.9990E+03   -0.9990E+03   -0.9990E+03   -0.9990E+03   -0.9990E+03   -0.9990E+03   -0.9990E+03   -0.9990E+03   -0.9990E+03   -0.9990E+03   -0.9990E+03
   -0.9990E+03   -0.9990E+03   -0.9990E+03   -0.9990E+03   -0.9990E+03   -0.9990E+03   -0.9990E+03    0.3743E-01    0.3855E-01    0.3910E-01    0.3834E-01    0.3505E-01    0.3507E-01    0.3518E-01    0.3585E-01    0.3540E-01    0.1387E+00    0.8444E-01    0.1812E+00    0.1593E+00    0.1526E+00    0.1336E+00    0.1360E+00    0.1539E+00    0.1193E+00    0.1327E+00    0.1407E+00    0.1445E+00    0.1665E+00    0.1917E+00    0.1746E+00    0.1777E+00    0.1825E+00    0.2199E+00   -0.9990E+03   -0.9990E+03   -0.9990E+03   -0.9990E+03   -0.9990E+03   -0.9990E+03   -0.9990E+03   -0.9990E+03   -0.9990E+03   -0.9990E+03   -0.9990E+03   -0.9990E+03   -0.9990E+03   -0.9990E+03   -0.9990E+03   -0.9990E+03   -0.9990E+03   -0.9990E+03   -0.9990E+03   -0.9990E+03   -0.9990E+03   -0.9990E+03   -0.9990E+03   -0.9990E+03   -0.9990E+03   -0.9990E+03   -0.9990E+03   -0.9990E+03   -0.9990E+03   -0.9990E+03   -0.9990E+03   -0.9990E+03   -0.9990E+03   -0.9990E+03   -0.9990E+03   -0.9990E+03   -0.9990E+03   -0.9990E+03   -0.9990E+03   -0.9990E+03   -0.9990E+03   -0.9990E+03
   -0.9990E+03   -0.9990E+03   -0.9990E+03   -0.9990E+03   -0.9990E+03   -0.9990E+03   -0.9990E+03    0.3691E-01    0.3840E-01    0.3956E-01    0.3807E-01    0.3643E-01    0.3541E-01    0.1045E+00    0.1765E+00    0.1928E+00    0.1756E+00    0.1789E+00    0.1780E+00    0.1712E+00    0.1480E+00    0.1084E+00    0.1317E+00    0.1095E+00    0.1311E+00    0.1399E+00    0.1476E+00    0.1456E+00    0.1485E+00    0.1932E+00    0.1831E+00    0.1745E+00    0.1936E+00   -0.9990E+03   -0.9990E+03   -0.9990E+03   -0.9990E+03   -0.9990E+03   -0.9990E+03   -0.9990E+03   -0.9990E+03   -0.9990E+03   -0.9990E+03   -0.9990E+03   -0.9990E+03   -0.9990E+03   -0.9990E+03   -0.9990E+03   -0.9990E+03   -0.9990E+03   -0.9990E+03   -0.9990E+03   -0.9990E+03   -0.9990E+03   -0.9990E+03   -0.9990E+03   -0.9990E+03   -0.9990E+03   -0.9990E+03   -0.9990E+03   -0.9990E+03   -0.9990E+03   -0.9990E+03   -0.9990E+03   -0.9990E+03   -0.9990E+03   -0.9990E+03   -0.9990E+03   -0.9990E+03   -0.9990E+03   -0.9990E+03   -0.9990E+03   -0.9990E+03   -0.9990E+03   -0.9990E+03   -0.9990E+03
   -0.9990E+03   -0.9990E+03   -0.9990E+03   -0.9990E+03   -0.9990E+03    0.3790E-01    0.3769E-01    0.3816E-01    0.3799E-01    0.3925E-01    0.1412E+00    0.1970E+00    0.1571E+00    0.1658E+00    0.1866E+00    0.1584E+00    0.1658E+00    0.1652E+00    0.1832E+00    0.1973E+00    0.1451E+00    0.1384E+00    0.1036E+00    0.1163E+00    0.1315E+00    0.1411E+00    0.1522E+00    0.1563E+00    0.1418E+00    0.1689E+00    0.1961E+00    0.2073E+00    0.1929E+00   -0.9990E+03   -0.9990E+03   -0.9990E+03   -0.9990E+03   -0.9990E+03   -0.9990E+03   -0.9990E+03   -0.9990E+03   -0.9990E+03   -0.9990E+03   -0.9990E+03   -0.9990E+03   -0.9990E+03   -0.9990E+03   -0.9990E+03   -0.9990E+03   -0.9990E+03   -0.9990E+03   -0.9990E+03   -0.9990E+03   -0.9990E+03   -0.9990E+03   -0.9990E+03   -0.9990E+03   -0.9990E+03   -0.9990E+03   -0.9990E+03   -0.9990E+03   -0.9990E+03   -0.9990E+03   -0.9990E+03   -0.9990E+03   -0.9990E+03   -0.9990E+03   -0.9990E+03   -0.9990E+03   -0.9990E+03   -0.9990E+03   -0.9990E+03   -0.9990E+03   -0.9990E+03   -0.9990E+03   -0.9990E+03
   -0.9990E+03   -0.9990E+03   -0.9990E+03   -0.9990E+03    0.3964E-01    0.3861E-01    0.3813E-01    0.3971E-01    0.3882E-01    0.3889E-01    0.2362E+00    0.1829E+00    0.1572E+00    0.1530E+00    0.1481E+00    0.1494E+00    0.1806E+00    0.1928E+00    0.1910E+00    0.1145E+00    0.1639E+00    0.1667E+00    0.1575E+00    0.1081E+00    0.1330E+00    0.1348E+00    0.1555E+00    0.1538E+00    0.1710E+00   -0.9990E+03   -0.9990E+03   -0.9990E+03   -0.9990E+03   -0.9990E+03   -0.9990E+03   -0.9990E+03   -0.9990E+03   -0.9990E+03   -0.9990E+03   -0.9990E+03   -0.9990E+03   -0.9990E+03   -0.9990E+03   -0.9990E+03   -0.9990E+03   -0.9990E+03   -0.9990E+03   -0.9990E+03   -0.9990E+03   -0.9990E+03   -0.9990E+03   -0.9990E+03   -0.9990E+03   -0.9990E+03   -0.9990E+03   -0.9990E+03   -0.9990E+03   -0.9990E+03   -0.9990E+03   -0.9990E+03   -0.9990E+03   -0.9990E+03   -0.9990E+03   -0.9990E+03   -0.9990E+03   -0.9990E+03   -0.9990E+03   -0.9990E+03   -0.9990E+03   -0.9990E+03   -0.9990E+03   -0.9990E+03   -0.9990E+03   -0.9990E+03   -0.9990E+03   -0.9990E+03
   -0.9990E+03   -0.9990E+03   -0.9990E+03    0.3783E-01    0.4085E-01    0.3894E-01    0.4004E-01    0.1672E+00    0.1891E+00    0.1680E+00    0.8638E-01    0.1357E+00    0.1310E+00    0.1812E+00    0.1132E+00    0.8439E-01    0.1424E+00    0.1625E+00    0.1151E+00    0.1285E+00    0.1461E+00    0.1724E+00    0.1735E+00    0.1615E+00    0.1478E+00    0.1682E+00   -0.9990E+03   -0.9990E+03   -0.9990E+03   -0.9990E+03   -0.9990E+03   -0.9990E+03   -0.9990E+03   -0.9990E+03   -0.9990E+03   -0.9990E+03   -0.9990E+03   -0.9990E+03   -0.9990E+03   -0.9990E+03   -0.9990E+03   -0.9990E+03   -0.9990E+03   -0.9990E+03   -0.9990E+03   -0.9990E+03   -0.9990E+03   -0.9990E+03   -0.9990E+03   -0.9990E+03   -0.9990E+03   -0.9990E+03   -0.9990E+03   -0.9990E+03   -0.9990E+03   -0.9990E+03   -0.9990E+03   -0.9990E+03   -0.9990E+03   -0.9990E+03   -0.9990E+03   -0.9990E+03   -0.9990E+03   -0.9990E+03   -0.9990E+03   -0.9990E+03   -0.9990E+03   -0.9990E+03   -0.9990E+03   -0.9990E+03   -0.9990E+03   -0.9990E+03   -0.9990E+03   -0.9990E+03   -0.9990E+03   -0.9990E+03
   -0.9990E+03   -0.9990E+03    0.1628E+00    0.1609E+00    0.4845E-01    0.1704E+00    0.1460E+00    0.9244E-01    0.1346E+00    0.9067E-01    0.1030E+00    0.5366E-01    0.6062E-01    0.4032E-01    0.4027E-01    0.4797E-01    0.4121E-01    0.1512E+00    0.1701E+00    0.1811E+00    0.1776E+00    0.1709E+00    0.1755E+00    0.1809E+00   -0.9990E+03   -0.9990E+03   -0.9990E+03   -0.9990E+03   -0.9990E+03   -0.9990E+03   -0.9990E+03   -0.9990E+03   -0.9990E+03   -0.9990E+03   -0.9990E+03   -0.9990E+03   -0.9990E+03   -0.9990E+03   -0.9990E+03   -0.9990E+03   -0.9990E+03   -0.9990E+03   -0.9990E+03   -0.9990E+03   -0.9990E+03   -0.9990E+03   -0.9990E+03   -0.9990E+03   -0.9990E+03   -0.9990E+03   -0.9990E+03   -0.9990E+03   -0.9990E+03   -0.9990E+03   -0.9990E+03   -0.9990E+03   -0.9990E+03   -0.9990E+03   -0.9990E+03   -0.9990E+03   -0.9990E+03   -0.9990E+03   -0.9990E+03   -0.9990E+03   -0.9990E+03   -0.9990E+03   -0.9990E+03   -0.9990E+03   -0.9990E+03   -0.9990E+03   -0.9990E+03   -0.9990E+03   -0.9990E+03   -0.9990E+03   -0.9990E+03   -0.9990E+03
   -0.9990E+03   -0.9990E+03    0.2165E+00    0.1901E+00    0.1978E+00    0.1469E+00    0.7526E-01    0.9043E-01    0.1351E+00    0.1284E+00    0.6003E-01    0.4727E-01    0.1772E+00    0.1107E+00    0.7921E-01    0.4063E-01    0.1675E+00    0.1718E+00    0.1914E+00    0.1965E+00    0.1872E+00    0.1824E+00   -0.9990E+03   -0.9990E+03   -0.9990E+03   -0.9990E+03   -0.9990E+03   -0.9990E+03   -0.9990E+03   -0.9990E+03   -0.9990E+03   -0.9990E+03   -0.9990E+03   -0.9990E+03   -0.9990E+03   -0.9990E+03   -0.9990E+03   -0.9990E+03   -0.9990E+03   -0.9990E+03   -0.9990E+03   -0.9990E+03   -0.9990E+03   -0.9990E+03   -0.9990E+03   -0.9990E+03   -0.9990E+03   -0.9990E+03   -0.9990E+03   -0.9990E+03   -0.9990E+03   -0.9990E+03   -0.9990E+03   -0.9990E+03   -0.9990E+03   -0.9990E+03   -0.9990E+03   -0.9990E+03   -0.9990E+03   -0.9990E+03   -0.9990E+03   -0.9990E+03   -0.9990E+03   -0.9990E+03   -0.9990E+03   -0.9990E+03   -0.9990E+03   -0.9990E+03   -0.9990E+03   -0.9990E+03   -0.9990E+03   -0.9990E+03   -0.9990E+03   -0.9990E+03   -0.9990E+03   -0.9990E+03
   -0.9990E+03    0.2169E+00    0.1849E+00    0.1958E+00    0.1614E+00    0.1068E+00    0.1100E+00    0.1311E+00    0.1861E+00    0.1736E+00    0.1763E+00    0.7441E-01    0.2203E+00    0.2008E+00    0.1655E+00    0.1435E+00    0.2036E+00    0.1955E+00   -0.9990E+03   -0.9990E+03   -0.9990E+03   -0.9990E+03   -0.9990E+03   -0.9990E+03   -0.9990E+03   -0.9990E+03   -0.9990E+03   -0.9990E+03   -0.9990E+03   -0.9990E+03   -0.9990E+03   -0.9990E+03   -0.9990E+03   -0.9990E+03   -0.9990E+03   -0.9990E+03   -0.9990E+03   -0.9990E+03   -0.9990E+03   -0.9990E+03   -0.9990E+03   -0.9990E+03   -0.9990E+03   -0.9990E+03   -0.9990E+03   -0.9990E+03   -0.9990E+03   -0.9990E+03   -0.9990E+03   -0.9990E+03   -0.9990E+03   -0.9990E+03   -0.9990E+03   -0.9990E+03   -0.9990E+03   -0.9990E+03   -0.9990E+03   -0.9990E+03   -0.9990E+03   -0.9990E+03   -0.9990E+03   -0.9990E+03   -0.9990E+03   -0.9990E+03   -0.9990E+03   -0.9990E+03   -0.9990E+03   -0.9990E+03   -0.9990E+03   -0.9990E+03   -0.9990E+03   -0.9990E+03   -0.9990E+03   -0.9990E+03   -0.9990E+03   -0.9990E+03
    0.2029E+00    0.1929E+00    0.1673E+00    0.1549E+00    0.1426E+00    0.1655E+00    0.2580E+00    0.2175E+00    0.1900E+00    0.2040E+00    0.1874E+00    0.1474E+00    0.1666E+00   -0.9990E+03   -0.9990E+03   -0.9990E+03   -0.9990E+03   -0.9990E+03   -0.9990E+03   -0.9990E+03   -0.9990E+03   -0.9990E+03   -0.9990E+03   -0.9990E+03   -0.9990E+03   -0.9990E+03   -0.9990E+03   -0.9990E+03   -0.9990E+03   -0.9990E+03   -0.9990E+03   -0.9990E+03   -0.9990E+03   -0.9990E+03   -0.9990E+03   -0.9990E+03   -0.9990E+03   -0.9990E+03   -0.9990E+03   -0.9990E+03   -0.9990E+03   -0.9990E+03   -0.9990E+03   -0.9990E+03   -0.9990E+03   -0.9990E+03   -0.9990E+03   -0.9990E+03   -0.9990E+03   -0.9990E+03   -0.9990E+03   -0.9990E+03   -0.9990E+03   -0.9990E+03   -0.9990E+03   -0.9990E+03   -0.9990E+03   -0.9990E+03   -0.9990E+03   -0.9990E+03   -0.9990E+03   -0.9990E+03   -0.9990E+03   -0.9990E+03   -0.9990E+03   -0.9990E+03   -0.9990E+03   -0.9990E+03   -0.9990E+03   -0.9990E+03   -0.9990E+03   -0.9990E+03   -0.9990E+03   -0.9990E+03   -0.9990E+03   -0.9990E+03
    0.1740E+00    0.1720E+00    0.1684E+00    0.1773E+00   -0.9990E+03   -0.9990E+03   -0.9990E+03   -0.9990E+03   -0.9990E+03   -0.9990E+03   -0.9990E+03   -0.9990E+03   -0.9990E+03   -0.9990E+03   -0.9990E+03   -0.9990E+03   -0.9990E+03   -0.9990E+03   -0.9990E+03   -0.9990E+03   -0.9990E+03   -0.9990E+03   -0.9990E+03   -0.9990E+03   -0.9990E+03   -0.9990E+03   -0.9990E+03   -0.9990E+03   -0.9990E+03   -0.9990E+03   -0.9990E+03   -0.9990E+03   -0.9990E+03   -0.9990E+03   -0.9990E+03   -0.9990E+03   -0.9990E+03   -0.9990E+03   -0.9990E+03   -0.9990E+03   -0.9990E+03   -0.9990E+03   -0.9990E+03   -0.9990E+03   -0.9990E+03   -0.9990E+03   -0.9990E+03   -0.9990E+03   -0.9990E+03   -0.9990E+03   -0.9990E+03   -0.9990E+03   -0.9990E+03   -0.9990E+03   -0.9990E+03   -0.9990E+03   -0.9990E+03   -0.9990E+03   -0.9990E+03   -0.9990E+03   -0.9990E+03   -0.9990E+03   -0.9990E+03   -0.9990E+03   -0.9990E+03   -0.9990E+03   -0.9990E+03   -0.9990E+03   -0.9990E+03   -0.9990E+03   -0.9990E+03   -0.9990E+03   -0.9990E+03   -0.9990E+03   -0.9990E+03   -0.9990E+03
   -0.9990E+03    0.1729E+00    0.1712E+00    0.2169E+00   -0.9990E+03   -0.9990E+03   -0.9990E+03   -0.9990E+03   -0.9990E+03   -0.9990E+03   -0.9990E+03   -0.9990E+03   -0.9990E+03   -0.9990E+03   -0.9990E+03   -0.9990E+03   -0.9990E+03   -0.9990E+03   -0.9990E+03   -0.9990E+03   -0.9990E+03   -0.9990E+03   -0.9990E+03   -0.9990E+03   -0.9990E+03   -0.9990E+03   -0.9990E+03   -0.9990E+03   -0.9990E+03   -0.9990E+03   -0.9990E+03   -0.9990E+03   -0.9990E+03   -0.9990E+03   -0.9990E+03   -0.9990E+03   -0.9990E+03   -0.9990E+03   -0.9990E+03   -0.9990E+03   -0.9990E+03   -0.9990E+03   -0.9990E+03   -0.9990E+03   -0.9990E+03   -0.9990E+03   -0.9990E+03   -0.9990E+03   -0.9990E+03   -0.9990E+03   -0.9990E+03   -0.9990E+03   -0.9990E+03   -0.9990E+03   -0.9990E+03   -0.9990E+03   -0.9990E+03   -0.9990E+03   -0.9990E+03   -0.9990E+03   -0.9990E+03   -0.9990E+03   -0.9990E+03   -0.9990E+03   -0.9990E+03   -0.9990E+03   -0.9990E+03   -0.9990E+03   -0.9990E+03   -0.9990E+03   -0.9990E+03   -0.9990E+03   -0.9990E+03   -0.9990E+03   -0.9990E+03   -0.9990E+03
