         1.0000          LAYER       1
   -0.9990E+03   -0.9990E+03   -0.9990E+03   -0.9990E+03   -0.9990E+03   -0.9990E+03   -0.9990E+03   -0.9990E+03   -0.9990E+03   -0.9990E+03   -0.9990E+03   -0.9990E+03   -0.9990E+03   -0.9990E+03   -0.9990E+03   -0.9990E+03   -0.9990E+03   -0.9990E+03   -0.9990E+03   -0.9990E+03   -0.9990E+03   -0.9990E+03   -0.9990E+03   -0.9990E+03   -0.9990E+03   -0.9990E+03   -0.9990E+03   -0.9990E+03   -0.9990E+03   -0.9990E+03   -0.9990E+03   -0.9990E+03   -0.9990E+03   -0.9990E+03   -0.9990E+03   -0.9990E+03   -0.9990E+03   -0.9990E+03   -0.9990E+03   -0.9990E+03   -0.9990E+03   -0.9990E+03   -0.9990E+03   -0.9990E+03   -0.9990E+03   -0.9990E+03   -0.9990E+03   -0.9990E+03   -0.9990E+03   -0.9990E+03   -0.9990E+03   -0.9990E+03   -0.9990E+03   -0.9990E+03   -0.9990E+03   -0.9990E+03   -0.9990E+03   -0.9990E+03   -0.9990E+03   -0.9990E+03   -0.9990E+03   -0.9990E+03   -0.9990E+03   -0.9990E+03   -0.9990E+03   -0.9990E+03   -0.9990E+03   -0.9990E+03   -0.9990E+03   -0.9990E+03   -0.9990E+03   -0.9990E+03   -0.9990E+03   -0.9990E+03   -0.9990E+03   -0.9990E+03
   -0.9990E+03   -0.9990E+03   -0.9990E+03   -0.9990E+03   -0.9990E+03   -0.9990E+03   -0.9990E+03   -0.9990E+03   -0.9990E+03   -0.9990E+03   -0.9990E+03   -0.9990E+03   -0.9990E+03   -0.9990E+03   -0.9990E+03   -0.9990E+03   -0.9990E+03   -0.9990E+03   -0.9990E+03   -0.9990E+03   -0.9990E+03   -0.9990E+03   -0.9990E+03   -0.9990E+03   -0.9990E+03   -0.9990E+03   -0.9990E+03   -0.9990E+03   -0.9990E+03   -0.9990E+03   -0.9990E+03   -0.9990E+03   -0.9990E+03   -0.9990E+03   -0.9990E+03   -0.9990E+03   -0.9990E+03   -0.9990E+03   -0.9990E+03   -0.9990E+03   -0.9990E+03   -0.9990E+03   -0.9990E+03   -0.9990E+03   -0.9990E+03   -0.9990E+03   -0.9990E+03   -0.9990E+03   -0.9990E+03   -0.9990E+03   -0.9990E+03   -0.9990E+03   -0.9990E+03   -0.9990E+03   -0.9990E+03   -0.9990E+03   -0.9990E+03   -0.9990E+03   -0.9990E+03   -0.9990E+03   -0.9990E+03   -0.9990E+03   -0.9990E+03   -0.9990E+03   -0.9990E+03   -0.9990E+03   -0.9990E+03   -0.9990E+03   -0.9990E+03   -0.9990E+03   -0.9990E+03   -0.9990E+03   -0.9990E+03   -0.9990E+03   -0.9990E+03   -0.9990E+03
   -0.9990E+03   -0.9990E+03   -0.9990E+03   -0.9990E+03   -0.9990E+03   -0.9990E+03   -0.9990E+03   -0.9990E+03   -0.9990E+03   -0.9990E+03   -0.9990E+03   -0.9990E+03   -0.9990E+03   -0.9990E+03   -0.9990E+03   -0.9990E+03   -0.9990E+03   -0.9990E+03   -0.9990E+03   -0.9990E+03   -0.9990E+03   -0.9990E+03   -0.9990E+03   -0.9990E+03   -0.9990E+03   -0.9990E+03   -0.9990E+03   -0.9990E+03   -0.9990E+03   -0.9990E+03   -0.9990E+03   -0.9990E+03   -0.9990E+03   -0.9990E+03   -0.9990E+03   -0.9990E+03   -0.9990E+03   -0.9990E+03   -0.9990E+03   -0.9990E+03   -0.9990E+03   -0.9990E+03   -0.9990E+03   -0.9990E+03   -0.9990E+03   -0.9990E+03   -0.9990E+03   -0.9990E+03   -0.9990E+03   -0.9990E+03   -0.9990E+03   -0.9990E+03   -0.9990E+03   -0.9990E+03   -0.9990E+03   -0.9990E+03   -0.9990E+03   -0.9990E+03   -0.9990E+03   -0.9990E+03   -0.9990E+03   -0.9990E+03   -0.9990E+03   -0.9990E+03   -0.9990E+03   -0.9990E+03   -0.9990E+03   -0.9990E+03   -0.9990E+03   -0.9990E+03   -0.9990E+03   -0.9990E+03   -0.9990E+03   -0.9990E+03   -0.9990E+03   -0.9990E+03
   -0.9990E+03   -0.9990E+03   -0.9990E+03   -0.9990E+03   -0.9990E+03   -0.9990E+03   -0.9990E+03   -0.9990E+03   -0.9990E+03   -0.9990E+03   -0.9990E+03   -0.9990E+03   -0.9990E+03   -0.9990E+03   -0.9990E+03   -0.9990E+03   -0.9990E+03   -0.9990E+03   -0.9990E+03   -0.9990E+03   -0.9990E+03   -0.9990E+03   -0.9990E+03   -0.9990E+03   -0.9990E+03   -0.9990E+03   -0.9990E+03   -0.9990E+03   -0.9990E+03   -0.9990E+03   -0.9990E+03   -0.9990E+03   -0.9990E+03   -0.9990E+03   -0.9990E+03   -0.9990E+03   -0.9990E+03   -0.9990E+03   -0.9990E+03   -0.9990E+03   -0.9990E+03   -0.9990E+03   -0.9990E+03   -0.9990E+03   -0.9990E+03   -0.9990E+03   -0.9990E+03   -0.9990E+03   -0.9990E+03   -0.9990E+03   -0.9990E+03   -0.9990E+03   -0.9990E+03   -0.9990E+03   -0.9990E+03   -0.9990E+03   -0.9990E+03   -0.9990E+03   -0.9990E+03   -0.9990E+03   -0.9990E+03   -0.9990E+03   -0.9990E+03   -0.9990E+03   -0.9990E+03   -0.9990E+03   -0.9990E+03   -0.9990E+03   -0.9990E+03   -0.9990E+03   -0.9990E+03   -0.9990E+03   -0.9990E+03   -0.9990E+03   -0.9990E+03   -0.9990E+03
   -0.9990E+03   -0.9990E+03   -0.9990E+03   -0.9990E+03   -0.9990E+03   -0.9990E+03   -0.9990E+03   -0.9990E+03   -0.9990E+03   -0.9990E+03   -0.9990E+03   -0.9990E+03   -0.9990E+03   -0.9990E+03   -0.9990E+03   -0.9990E+03   -0.9990E+03   -0.9990E+03   -0.9990E+03   -0.9990E+03   -0.9990E+03   -0.9990E+03   -0.9990E+03   -0.9990E+03   -0.9990E+03   -0.9990E+03   -0.9990E+03   -0.9990E+03   -0.9990E+03   -0.9990E+03   -0.9990E+03   -0.9990E+03   -0.9990E+03   -0.9990E+03   -0.9990E+03   -0.9990E+03   -0.9990E+03   -0.9990E+03   -0.9990E+03   -0.9990E+03   -0.9990E+03   -0.9990E+03   -0.9990E+03   -0.9990E+03   -0.9990E+03   -0.9990E+03   -0.9990E+03   -0.9990E+03   -0.9990E+03   -0.9990E+03   -0.9990E+03   -0.9990E+03   -0.9990E+03   -0.9990E+03   -0.9990E+03   -0.9990E+03   -0.9990E+03   -0.9990E+03   -0.9990E+03   -0.9990E+03   -0.9990E+03   -0.9990E+03   -0.9990E+03   -0.9990E+03   -0.9990E+03   -0.9990E+03   -0.9990E+03   -0.9990E+03   -0.9990E+03   -0.9990E+03   -0.9990E+03   -0.9990E+03   -0.9990E+03   -0.9990E+03   -0.9990E+03   -0.9990E+03
   -0.9990E+03   -0.9990E+03   -0.9990E+03   -0.9990E+03   -0.9990E+03   -0.9990E+03   -0.9990E+03   -0.9990E+03   -0.9990E+03   -0.9990E+03   -0.9990E+03   -0.9990E+03   -0.9990E+03   -0.9990E+03   -0.9990E+03   -0.9990E+03   -0.9990E+03   -0.9990E+03   -0.9990E+03   -0.9990E+03   -0.9990E+03   -0.9990E+03   -0.9990E+03   -0.9990E+03   -0.9990E+03   -0.9990E+03   -0.9990E+03   -0.9990E+03   -0.9990E+03   -0.9990E+03   -0.9990E+03   -0.9990E+03   -0.9990E+03   -0.9990E+03   -0.9990E+03   -0.9990E+03   -0.9990E+03   -0.9990E+03   -0.9990E+03   -0.9990E+03   -0.9990E+03   -0.9990E+03   -0.9990E+03   -0.9990E+03   -0.9990E+03   -0.9990E+03   -0.9990E+03   -0.9990E+03   -0.9990E+03   -0.9990E+03   -0.9990E+03   -0.9990E+03   -0.9990E+03   -0.9990E+03   -0.9990E+03   -0.9990E+03   -0.9990E+03   -0.9990E+03   -0.9990E+03   -0.9990E+03   -0.9990E+03   -0.9990E+03   -0.9990E+03   -0.9990E+03   -0.9990E+03   -0.9990E+03   -0.9990E+03   -0.9990E+03   -0.9990E+03   -0.9990E+03   -0.9990E+03   -0.9990E+03   -0.9990E+03   -0.9990E+03   -0.9990E+03   -0.9990E+03
   -0.9990E+03   -0.9990E+03   -0.9990E+03   -0.9990E+03   -0.9990E+03   -0.9990E+03   -0.9990E+03   -0.9990E+03   -0.9990E+03   -0.9990E+03   -0.9990E+03   -0.9990E+03   -0.9990E+03   -0.9990E+03   -0.9990E+03   -0.9990E+03   -0.9990E+03   -0.9990E+03   -0.9990E+03   -0.9990E+03   -0.9990E+03   -0.9990E+03   -0.9990E+03   -0.9990E+03   -0.9990E+03   -0.9990E+03   -0.9990E+03   -0.9990E+03   -0.9990E+03   -0.9990E+03   -0.9990E+03   -0.9990E+03   -0.9990E+03   -0.9990E+03   -0.9990E+03   -0.9990E+03   -0.9990E+03   -0.9990E+03   -0.9990E+03   -0.9990E+03   -0.9990E+03   -0.9990E+03   -0.9990E+03   -0.9990E+03   -0.9990E+03   -0.9990E+03   -0.9990E+03   -0.9990E+03   -0.9990E+03   -0.9990E+03   -0.9990E+03   -0.9990E+03   -0.9990E+03   -0.9990E+03   -0.9990E+03   -0.9990E+03   -0.9990E+03   -0.9990E+03   -0.9990E+03   -0.9990E+03   -0.9990E+03   -0.9990E+03   -0.9990E+03   -0.9990E+03   -0.9990E+03   -0.9990E+03   -0.9990E+03   -0.9990E+03   -0.9990E+03   -0.9990E+03   -0.9990E+03   -0.9990E+03   -0.9990E+03   -0.9990E+03   -0.9990E+03   -0.9990E+03
   -0.9990E+03   -0.9990E+03   -0.9990E+03   -0.9990E+03   -0.9990E+03   -0.9990E+03   -0.9990E+03   -0.9990E+03   -0.9990E+03   -0.9990E+03   -0.9990E+03   -0.9990E+03   -0.9990E+03   -0.9990E+03   -0.9990E+03   -0.9990E+03   -0.9990E+03   -0.9990E+03   -0.9990E+03   -0.9990E+03   -0.9990E+03   -0.9990E+03   -0.9990E+03   -0.9990E+03   -0.9990E+03   -0.9990E+03   -0.9990E+03   -0.9990E+03   -0.9990E+03   -0.9990E+03   -0.9990E+03   -0.9990E+03   -0.9990E+03   -0.9990E+03   -0.9990E+03   -0.9990E+03   -0.9990E+03   -0.9990E+03   -0.9990E+03   -0.9990E+03   -0.9990E+03   -0.9990E+03   -0.9990E+03   -0.9990E+03   -0.9990E+03   -0.9990E+03   -0.9990E+03   -0.9990E+03   -0.9990E+03   -0.9990E+03   -0.9990E+03   -0.9990E+03   -0.9990E+03   -0.9990E+03   -0.9990E+03   -0.9990E+03   -0.9990E+03   -0.9990E+03   -0.9990E+03   -0.9990E+03   -0.9990E+03   -0.9990E+03   -0.9990E+03   -0.9990E+03   -0.9990E+03   -0.9990E+03   -0.9990E+03   -0.9990E+03   -0.9990E+03   -0.9990E+03   -0.9990E+03   -0.9990E+03   -0.9990E+03   -0.9990E+03   -0.9990E+03   -0.9990E+03
   -0.9990E+03   -0.9990E+03   -0.9990E+03   -0.9990E+03   -0.9990E+03   -0.9990E+03   -0.9990E+03   -0.9990E+03   -0.9990E+03   -0.9990E+03   -0.9990E+03   -0.9990E+03   -0.9990E+03   -0.9990E+03   -0.9990E+03   -0.9990E+03   -0.9990E+03   -0.9990E+03   -0.9990E+03   -0.9990E+03   -0.9990E+03   -0.9990E+03   -0.9990E+03   -0.9990E+03   -0.9990E+03   -0.9990E+03   -0.9990E+03   -0.9990E+03   -0.9990E+03   -0.9990E+03   -0.9990E+03   -0.9990E+03   -0.9990E+03   -0.9990E+03   -0.9990E+03   -0.9990E+03   -0.9990E+03   -0.9990E+03   -0.9990E+03   -0.9990E+03   -0.9990E+03   -0.9990E+03   -0.9990E+03   -0.9990E+03   -0.9990E+03   -0.9990E+03   -0.9990E+03   -0.9990E+03   -0.9990E+03   -0.9990E+03   -0.9990E+03   -0.9990E+03   -0.9990E+03   -0.9990E+03   -0.9990E+03   -0.9990E+03   -0.9990E+03   -0.9990E+03   -0.9990E+03   -0.9990E+03   -0.9990E+03   -0.9990E+03   -0.9990E+03   -0.9990E+03   -0.9990E+03   -0.9990E+03   -0.9990E+03   -0.9990E+03   -0.9990E+03   -0.9990E+03   -0.9990E+03   -0.9990E+03   -0.9990E+03   -0.9990E+03   -0.9990E+03   -0.9990E+03
   -0.9990E+03   -0.9990E+03   -0.9990E+03   -0.9990E+03   -0.9990E+03   -0.9990E+03   -0.9990E+03   -0.9990E+03   -0.9990E+03   -0.9990E+03   -0.9990E+03   -0.9990E+03   -0.9990E+03   -0.9990E+03   -0.9990E+03   -0.9990E+03   -0.9990E+03   -0.9990E+03   -0.9990E+03   -0.9990E+03   -0.9990E+03   -0.9990E+03   -0.9990E+03   -0.9990E+03   -0.9990E+03   -0.9990E+03   -0.9990E+03   -0.9990E+03   -0.9990E+03   -0.9990E+03   -0.9990E+03   -0.9990E+03   -0.9990E+03   -0.9990E+03   -0.9990E+03   -0.9990E+03   -0.9990E+03   -0.9990E+03   -0.9990E+03   -0.9990E+03   -0.9990E+03   -0.9990E+03   -0.9990E+03   -0.9990E+03   -0.9990E+03   -0.9990E+03   -0.9990E+03   -0.9990E+03   -0.9990E+03   -0.9990E+03   -0.9990E+03   -0.9990E+03   -0.9990E+03   -0.9990E+03   -0.9990E+03   -0.9990E+03   -0.9990E+03    0.5860E+03   -0.9990E+03   -0.9990E+03   -0.9990E+03   -0.9990E+03    0.6505E+03   -0.9990E+03   -0.9990E+03   -0.9990E+03   -0.9990E+03   -0.9990E+03   -0.9990E+03   -0.9990E+03   -0.9990E+03   -0.9990E+03   -0.9990E+03   -0.9990E+03   -0.9990E+03   -0.9990E+03
   -0.9990E+03   -0.9990E+03   -0.9990E+03   -0.9990E+03   -0.9990E+03   -0.9990E+03   -0.9990E+03   -0.9990E+03   -0.9990E+03   -0.9990E+03   -0.9990E+03   -0.9990E+03   -0.9990E+03   -0.9990E+03   -0.9990E+03   -0.9990E+03   -0.9990E+03   -0.9990E+03   -0.9990E+03   -0.9990E+03   -0.9990E+03   -0.9990E+03   -0.9990E+03   -0.9990E+03   -0.9990E+03   -0.9990E+03   -0.9990E+03   -0.9990E+03   -0.9990E+03   -0.9990E+03   -0.9990E+03   -0.9990E+03   -0.9990E+03   -0.9990E+03   -0.9990E+03   -0.9990E+03   -0.9990E+03   -0.9990E+03   -0.9990E+03   -0.9990E+03   -0.9990E+03   -0.9990E+03   -0.9990E+03   -0.9990E+03   -0.9990E+03   -0.9990E+03   -0.9990E+03   -0.9990E+03   -0.9990E+03   -0.9990E+03   -0.9990E+03   -0.9990E+03   -0.9990E+03   -0.9990E+03   -0.9990E+03   -0.9990E+03   -0.9990E+03   -0.9990E+03   -0.9990E+03   -0.9990E+03   -0.9990E+03   -0.9990E+03   -0.9990E+03   -0.9990E+03   -0.9990E+03   -0.9990E+03   -0.9990E+03   -0.9990E+03   -0.9990E+03   -0.9990E+03   -0.9990E+03   -0.9990E+03   -0.9990E+03   -0.9990E+03   -0.9990E+03   -0.9990E+03
   -0.9990E+03   -0.9990E+03   -0.9990E+03   -0.9990E+03   -0.9990E+03   -0.9990E+03   -0.9990E+03   -0.9990E+03   -0.9990E+03   -0.9990E+03   -0.9990E+03   -0.9990E+03   -0.9990E+03   -0.9990E+03   -0.9990E+03   -0.9990E+03   -0.9990E+03   -0.9990E+03   -0.9990E+03   -0.9990E+03   -0.9990E+03   -0.9990E+03   -0.9990E+03   -0.9990E+03   -0.9990E+03   -0.9990E+03   -0.9990E+03   -0.9990E+03   -0.9990E+03   -0.9990E+03   -0.9990E+03   -0.9990E+03   -0.9990E+03   -0.9990E+03   -0.9990E+03   -0.9990E+03   -0.9990E+03   -0.9990E+03   -0.9990E+03   -0.9990E+03   -0.9990E+03   -0.9990E+03   -0.9990E+03   -0.9990E+03   -0.9990E+03   -0.9990E+03   -0.9990E+03   -0.9990E+03   -0.9990E+03   -0.9990E+03   -0.9990E+03   -0.9990E+03   -0.9990E+03   -0.9990E+03   -0.9990E+03   -0.9990E+03   -0.9990E+03    0.5629E+03   -0.9990E+03   -0.9990E+03   -0.9990E+03   -0.9990E+03   -0.9990E+03   -0.9990E+03   -0.9990E+03   -0.9990E+03   -0.9990E+03   -0.9990E+03   -0.9990E+03   -0.9990E+03   -0.9990E+03   -0.9990E+03   -0.9990E+03   -0.9990E+03   -0.9990E+03   -0.9990E+03
   -0.9990E+03   -0.9990E+03   -0.9990E+03   -0.9990E+03   -0.9990E+03   -0.9990E+03   -0.9990E+03   -0.9990E+03   -0.9990E+03   -0.9990E+03   -0.9990E+03   -0.9990E+03   -0.9990E+03   -0.9990E+03   -0.9990E+03   -0.9990E+03   -0.9990E+03   -0.9990E+03   -0.9990E+03   -0.9990E+03   -0.9990E+03   -0.9990E+03   -0.9990E+03   -0.9990E+03   -0.9990E+03   -0.9990E+03   -0.9990E+03   -0.9990E+03   -0.9990E+03   -0.9990E+03   -0.9990E+03   -0.9990E+03   -0.9990E+03   -0.9990E+03   -0.9990E+03   -0.9990E+03   -0.9990E+03   -0.9990E+03   -0.9990E+03   -0.9990E+03   -0.9990E+03   -0.9990E+03   -0.9990E+03   -0.9990E+03   -0.9990E+03   -0.9990E+03   -0.9990E+03   -0.9990E+03   -0.9990E+03   -0.9990E+03   -0.9990E+03   -0.9990E+03   -0.9990E+03   -0.9990E+03   -0.9990E+03   -0.9990E+03   -0.9990E+03    0.5517E+03   -0.9990E+03   -0.9990E+03   -0.9990E+03   -0.9990E+03   -0.9990E+03   -0.9990E+03   -0.9990E+03   -0.9990E+03   -0.9990E+03   -0.9990E+03   -0.9990E+03   -0.9990E+03   -0.9990E+03   -0.9990E+03   -0.9990E+03   -0.9990E+03   -0.9990E+03   -0.9990E+03
   -0.9990E+03   -0.9990E+03   -0.9990E+03   -0.9990E+03   -0.9990E+03   -0.9990E+03   -0.9990E+03   -0.9990E+03   -0.9990E+03   -0.9990E+03   -0.9990E+03   -0.9990E+03   -0.9990E+03   -0.9990E+03   -0.9990E+03   -0.9990E+03   -0.9990E+03   -0.9990E+03   -0.9990E+03   -0.9990E+03   -0.9990E+03   -0.9990E+03   -0.9990E+03   -0.9990E+03   -0.9990E+03   -0.9990E+03   -0.9990E+03   -0.9990E+03   -0.9990E+03   -0.9990E+03   -0.9990E+03   -0.9990E+03   -0.9990E+03   -0.9990E+03   -0.9990E+03   -0.9990E+03   -0.9990E+03   -0.9990E+03   -0.9990E+03   -0.9990E+03   -0.9990E+03   -0.9990E+03   -0.9990E+03   -0.9990E+03   -0.9990E+03   -0.9990E+03   -0.9990E+03   -0.9990E+03   -0.9990E+03   -0.9990E+03   -0.9986E+03   -0.9986E+03   -0.9990E+03   -0.9990E+03   -0.9990E+03   -0.9990E+03   -0.9990E+03   -0.9990E+03   -0.9990E+03   -0.9990E+03   -0.9990E+03   -0.9990E+03    0.5275E+03   -0.9990E+03   -0.9990E+03   -0.9990E+03   -0.9990E+03   -0.9990E+03   -0.9990E+03   -0.9990E+03   -0.9990E+03   -0.9990E+03   -0.9990E+03   -0.9990E+03   -0.9990E+03   -0.9990E+03
   -0.9990E+03   -0.9990E+03   -0.9990E+03   -0.9990E+03   -0.9990E+03   -0.9990E+03   -0.9990E+03   -0.9990E+03   -0.9990E+03   -0.9990E+03   -0.9990E+03   -0.9990E+03   -0.9990E+03   -0.9990E+03   -0.9990E+03   -0.9990E+03   -0.9990E+03   -0.9990E+03   -0.9990E+03   -0.9990E+03   -0.9990E+03   -0.9990E+03   -0.9990E+03   -0.9990E+03   -0.9990E+03   -0.9990E+03   -0.9990E+03   -0.9990E+03   -0.9990E+03   -0.9990E+03   -0.9990E+03   -0.9990E+03   -0.9990E+03   -0.9990E+03   -0.9990E+03   -0.9990E+03   -0.9990E+03   -0.9990E+03   -0.9990E+03   -0.9990E+03   -0.9990E+03   -0.9990E+03   -0.9990E+03   -0.9990E+03   -0.9990E+03   -0.9990E+03   -0.9990E+03   -0.9990E+03   -0.9990E+03   -0.9990E+03   -0.9986E+03   -0.9986E+03   -0.9990E+03   -0.9990E+03   -0.9990E+03   -0.9990E+03   -0.9990E+03   -0.9990E+03   -0.9990E+03   -0.9990E+03   -0.9990E+03   -0.9990E+03   -0.9990E+03   -0.9990E+03   -0.9990E+03   -0.9990E+03   -0.9990E+03   -0.9990E+03   -0.9990E+03   -0.9990E+03   -0.9990E+03   -0.9990E+03   -0.9990E+03   -0.9990E+03   -0.9990E+03   -0.9990E+03
   -0.9990E+03   -0.9990E+03   -0.9990E+03   -0.9990E+03   -0.9990E+03   -0.9990E+03   -0.9990E+03   -0.9990E+03   -0.9990E+03   -0.9990E+03   -0.9990E+03   -0.9990E+03   -0.9990E+03   -0.9990E+03   -0.9990E+03   -0.9990E+03   -0.9990E+03   -0.9990E+03   -0.9990E+03   -0.9990E+03   -0.9990E+03   -0.9990E+03   -0.9990E+03   -0.9990E+03   -0.9990E+03   -0.9990E+03   -0.9990E+03   -0.9990E+03   -0.9990E+03   -0.9990E+03   -0.9990E+03   -0.9990E+03   -0.9990E+03   -0.9990E+03   -0.9990E+03   -0.9990E+03   -0.9990E+03   -0.9990E+03   -0.9990E+03   -0.9990E+03   -0.9990E+03   -0.9990E+03   -0.9990E+03   -0.9990E+03   -0.9990E+03   -0.9990E+03   -0.9990E+03   -0.9990E+03   -0.9990E+03   -0.9986E+03   -0.9986E+03   -0.9986E+03   -0.9986E+03   -0.9990E+03   -0.9990E+03   -0.9990E+03   -0.9990E+03   -0.9990E+03   -0.9990E+03   -0.9990E+03   -0.9990E+03    0.4865E+03   -0.9990E+03   -0.9990E+03   -0.9990E+03   -0.9990E+03   -0.9990E+03   -0.9990E+03   -0.9990E+03   -0.9990E+03   -0.9990E+03   -0.9990E+03   -0.9990E+03   -0.9990E+03   -0.9990E+03   -0.9990E+03
   -0.9990E+03   -0.9990E+03   -0.9990E+03   -0.9990E+03   -0.9990E+03   -0.9990E+03   -0.9990E+03   -0.9990E+03   -0.9990E+03   -0.9990E+03   -0.9990E+03   -0.9990E+03   -0.9990E+03   -0.9990E+03   -0.9990E+03   -0.9990E+03   -0.9990E+03   -0.9990E+03   -0.9990E+03   -0.9990E+03   -0.9990E+03   -0.9990E+03   -0.9990E+03   -0.9990E+03   -0.9990E+03   -0.9990E+03   -0.9990E+03   -0.9990E+03   -0.9990E+03   -0.9990E+03   -0.9990E+03   -0.9990E+03   -0.9990E+03   -0.9990E+03   -0.9990E+03   -0.9990E+03   -0.9990E+03   -0.9990E+03   -0.9990E+03   -0.9990E+03   -0.9990E+03   -0.9990E+03   -0.9990E+03   -0.9990E+03   -0.9990E+03   -0.9990E+03   -0.9990E+03   -0.9990E+03   -0.9990E+03   -0.9986E+03   -0.9986E+03   -0.9986E+03   -0.9986E+03   -0.9990E+03   -0.9990E+03   -0.9990E+03   -0.9990E+03   -0.9990E+03   -0.9990E+03   -0.9990E+03   -0.9990E+03   -0.9990E+03   -0.9990E+03   -0.9990E+03   -0.9990E+03   -0.9990E+03   -0.9990E+03   -0.9990E+03   -0.9990E+03   -0.9990E+03   -0.9990E+03   -0.9990E+03   -0.9990E+03   -0.9990E+03   -0.9990E+03   -0.9990E+03
   -0.9990E+03   -0.9990E+03   -0.9990E+03   -0.9990E+03   -0.9990E+03   -0.9990E+03   -0.9990E+03   -0.9990E+03   -0.9990E+03   -0.9990E+03   -0.9990E+03   -0.9990E+03   -0.9990E+03   -0.9990E+03   -0.9990E+03   -0.9990E+03   -0.9990E+03   -0.9990E+03   -0.9990E+03   -0.9990E+03   -0.9990E+03   -0.9990E+03   -0.9990E+03   -0.9990E+03   -0.9990E+03   -0.9990E+03   -0.9990E+03   -0.9990E+03   -0.9990E+03   -0.9990E+03   -0.9990E+03   -0.9990E+03   -0.9990E+03   -0.9990E+03   -0.9990E+03   -0.9990E+03   -0.9990E+03   -0.9990E+03   -0.9990E+03   -0.9990E+03   -0.9990E+03   -0.9990E+03   -0.9990E+03   -0.9990E+03   -0.9990E+03   -0.9990E+03   -0.9990E+03   -0.9990E+03   -0.9986E+03   -0.9986E+03   -0.9986E+03   -0.9986E+03   -0.9990E+03   -0.9990E+03   -0.9990E+03   -0.9990E+03   -0.9990E+03   -0.9990E+03   -0.9990E+03   -0.9990E+03   -0.9990E+03   -0.9990E+03   -0.9990E+03   -0.9990E+03   -0.9990E+03   -0.9990E+03   -0.9990E+03   -0.9990E+03   -0.9990E+03   -0.9990E+03   -0.9990E+03   -0.9990E+03   -0.9990E+03   -0.9990E+03   -0.9990E+03   -0.9990E+03
   -0.9990E+03   -0.9990E+03   -0.9990E+03   -0.9990E+03   -0.9990E+03   -0.9990E+03   -0.9990E+03   -0.9990E+03   -0.9990E+03   -0.9990E+03   -0.9990E+03   -0.9990E+03   -0.9990E+03   -0.9990E+03   -0.9990E+03   -0.9990E+03   -0.9990E+03   -0.9990E+03   -0.9990E+03   -0.9990E+03   -0.9990E+03   -0.9990E+03   -0.9990E+03   -0.9990E+03   -0.9990E+03   -0.9990E+03   -0.9990E+03   -0.9990E+03   -0.9990E+03   -0.9990E+03   -0.9990E+03   -0.9990E+03   -0.9990E+03   -0.9990E+03   -0.9990E+03   -0.9990E+03   -0.9990E+03   -0.9990E+03   -0.9990E+03   -0.9990E+03   -0.9990E+03   -0.9990E+03   -0.9990E+03   -0.9990E+03   -0.9981E+03   -0.9990E+03   -0.9990E+03   -0.9981E+03   -0.9981E+03   -0.9986E+03   -0.9986E+03   -0.9986E+03   -0.9986E+03   -0.9990E+03   -0.9990E+03   -0.9990E+03   -0.9990E+03   -0.9990E+03   -0.9990E+03   -0.9990E+03   -0.9990E+03   -0.9990E+03   -0.9990E+03   -0.9990E+03   -0.9990E+03   -0.9990E+03   -0.9990E+03   -0.9990E+03   -0.9990E+03   -0.9990E+03   -0.9990E+03   -0.9990E+03   -0.9990E+03   -0.9990E+03   -0.9990E+03   -0.9990E+03
   -0.9990E+03   -0.9990E+03   -0.9990E+03   -0.9990E+03   -0.9990E+03   -0.9990E+03   -0.9990E+03   -0.9990E+03   -0.9990E+03   -0.9990E+03   -0.9990E+03   -0.9990E+03   -0.9990E+03   -0.9990E+03   -0.9990E+03   -0.9990E+03   -0.9990E+03   -0.9990E+03   -0.9990E+03   -0.9990E+03   -0.9990E+03   -0.9990E+03   -0.9990E+03   -0.9990E+03   -0.9990E+03   -0.9990E+03   -0.9990E+03   -0.9990E+03   -0.9990E+03   -0.9990E+03   -0.9990E+03   -0.9990E+03   -0.9990E+03   -0.9990E+03   -0.9990E+03   -0.9990E+03   -0.9990E+03   -0.9990E+03   -0.9990E+03   -0.9990E+03   -0.9990E+03   -0.9990E+03   -0.9990E+03   -0.9990E+03   -0.9990E+03   -0.9981E+03   -0.9981E+03   -0.9981E+03   -0.9981E+03   -0.9986E+03   -0.9986E+03   -0.9986E+03   -0.9990E+03   -0.9990E+03   -0.9990E+03   -0.9990E+03   -0.9990E+03   -0.9990E+03   -0.9990E+03   -0.9990E+03   -0.9990E+03   -0.9990E+03   -0.9990E+03   -0.9990E+03   -0.9990E+03   -0.9990E+03   -0.9990E+03   -0.9990E+03   -0.9990E+03   -0.9990E+03   -0.9990E+03   -0.9990E+03   -0.9990E+03   -0.9990E+03   -0.9990E+03   -0.9990E+03
   -0.9990E+03   -0.9990E+03   -0.9990E+03   -0.9990E+03   -0.9990E+03   -0.9990E+03   -0.9990E+03   -0.9990E+03   -0.9990E+03   -0.9990E+03   -0.9990E+03   -0.9990E+03   -0.9990E+03   -0.9990E+03   -0.9990E+03   -0.9990E+03   -0.9990E+03   -0.9990E+03   -0.9990E+03   -0.9990E+03   -0.9990E+03   -0.9990E+03   -0.9990E+03   -0.9990E+03   -0.9990E+03   -0.9990E+03   -0.9990E+03   -0.9990E+03   -0.9990E+03   -0.9990E+03   -0.9990E+03   -0.9990E+03   -0.9990E+03   -0.9990E+03   -0.9990E+03   -0.9990E+03   -0.9990E+03   -0.9990E+03   -0.9990E+03   -0.9990E+03   -0.9990E+03   -0.9990E+03   -0.9990E+03   -0.9990E+03   -0.9986E+03   -0.9986E+03   -0.9986E+03   -0.9981E+03   -0.9981E+03   -0.9986E+03   -0.9990E+03   -0.9990E+03   -0.9990E+03   -0.9990E+03   -0.9990E+03   -0.9990E+03   -0.9990E+03   -0.9990E+03   -0.9990E+03   -0.9990E+03   -0.9990E+03   -0.9990E+03   -0.9990E+03   -0.9990E+03   -0.9990E+03   -0.9990E+03   -0.9990E+03   -0.9990E+03   -0.9990E+03   -0.9990E+03   -0.9990E+03   -0.9990E+03   -0.9990E+03   -0.9990E+03   -0.9990E+03   -0.9990E+03
   -0.9990E+03   -0.9990E+03   -0.9990E+03   -0.9990E+03   -0.9990E+03   -0.9990E+03   -0.9990E+03   -0.9990E+03   -0.9990E+03   -0.9990E+03   -0.9990E+03   -0.9990E+03   -0.9990E+03   -0.9990E+03   -0.9990E+03   -0.9990E+03   -0.9990E+03   -0.9990E+03   -0.9990E+03   -0.9990E+03   -0.9990E+03   -0.9990E+03   -0.9990E+03   -0.9990E+03   -0.9990E+03   -0.9990E+03   -0.9990E+03   -0.9990E+03   -0.9990E+03   -0.9990E+03   -0.9990E+03   -0.9990E+03   -0.9990E+03   -0.9990E+03   -0.9990E+03   -0.9990E+03   -0.9990E+03   -0.9990E+03   -0.9990E+03   -0.9990E+03   -0.9990E+03   -0.9990E+03   -0.9990E+03   -0.9986E+03   -0.9986E+03   -0.9986E+03   -0.9986E+03   -0.9986E+03   -0.9986E+03   -0.9986E+03   -0.9990E+03   -0.9990E+03   -0.9990E+03   -0.9990E+03   -0.9990E+03   -0.9990E+03   -0.9990E+03   -0.9990E+03   -0.9990E+03   -0.9990E+03   -0.9990E+03   -0.9990E+03   -0.9990E+03   -0.9990E+03   -0.9990E+03   -0.9990E+03   -0.9990E+03   -0.9990E+03   -0.9990E+03   -0.9990E+03   -0.9990E+03   -0.9990E+03   -0.9990E+03   -0.9990E+03   -0.9990E+03   -0.9990E+03
   -0.9990E+03   -0.9990E+03   -0.9990E+03   -0.9990E+03   -0.9990E+03   -0.9990E+03   -0.9990E+03   -0.9990E+03   -0.9990E+03   -0.9990E+03   -0.9990E+03   -0.9990E+03   -0.9990E+03   -0.9990E+03   -0.9990E+03   -0.9990E+03   -0.9990E+03   -0.9990E+03   -0.9990E+03   -0.9990E+03   -0.9990E+03   -0.9990E+03   -0.9990E+03   -0.9990E+03   -0.9990E+03   -0.9990E+03   -0.9990E+03   -0.9990E+03   -0.9990E+03   -0.9990E+03   -0.9990E+03   -0.9990E+03   -0.9990E+03   -0.9990E+03   -0.9990E+03   -0.9990E+03   -0.9990E+03   -0.9990E+03   -0.9990E+03   -0.9990E+03   -0.9990E+03   -0.9990E+03   -0.9990E+03   -0.9986E+03   -0.9986E+03   -0.9990E+03   -0.9986E+03   -0.9986E+03   -0.9990E+03   -0.9990E+03   -0.9990E+03   -0.9990E+03   -0.9990E+03   -0.9990E+03   -0.9990E+03   -0.9990E+03   -0.9990E+03   -0.9990E+03   -0.9990E+03   -0.9990E+03   -0.9990E+03   -0.9990E+03   -0.9990E+03   -0.9990E+03   -0.9990E+03   -0.9990E+03   -0.9990E+03   -0.9990E+03   -0.9990E+03   -0.9990E+03   -0.9990E+03   -0.9990E+03   -0.9990E+03   -0.9990E+03   -0.9990E+03   -0.9990E+03
   -0.9990E+03   -0.9990E+03   -0.9990E+03   -0.9990E+03   -0.9990E+03   -0.9990E+03   -0.9990E+03   -0.9990E+03   -0.9990E+03   -0.9990E+03   -0.9990E+03   -0.9990E+03   -0.9990E+03   -0.9990E+03   -0.9990E+03   -0.9990E+03   -0.9990E+03   -0.9990E+03   -0.9990E+03   -0.9990E+03   -0.9990E+03   -0.9990E+03   -0.9990E+03   -0.9990E+03   -0.9990E+03   -0.9990E+03   -0.9990E+03   -0.9990E+03   -0.9990E+03   -0.9990E+03   -0.9990E+03   -0.9990E+03   -0.9990E+03   -0.9990E+03   -0.9990E+03   -0.9990E+03   -0.9990E+03   -0.9990E+03   -0.9990E+03   -0.9990E+03   -0.9986E+03   -0.9990E+03   -0.9990E+03   -0.9986E+03   -0.9990E+03   -0.9990E+03   -0.9990E+03   -0.9990E+03   -0.9990E+03   -0.9990E+03   -0.9990E+03   -0.9990E+03   -0.9990E+03   -0.9990E+03   -0.9990E+03   -0.9990E+03   -0.9990E+03   -0.9990E+03   -0.9990E+03   -0.9990E+03   -0.9990E+03   -0.9990E+03   -0.9990E+03   -0.9990E+03   -0.9990E+03   -0.9990E+03   -0.9990E+03   -0.9990E+03   -0.9990E+03   -0.9990E+03   -0.9990E+03   -0.9990E+03   -0.9990E+03   -0.9990E+03   -0.9990E+03   -0.9990E+03
   -0.9990E+03   -0.9990E+03   -0.9990E+03   -0.9990E+03   -0.9990E+03   -0.9990E+03   -0.9990E+03   -0.9990E+03   -0.9990E+03   -0.9990E+03   -0.9990E+03   -0.9990E+03   -0.9990E+03   -0.9990E+03   -0.9990E+03   -0.9990E+03   -0.9990E+03   -0.9990E+03   -0.9990E+03   -0.9990E+03   -0.9990E+03   -0.9990E+03   -0.9990E+03   -0.9990E+03   -0.9990E+03   -0.9990E+03   -0.9990E+03   -0.9990E+03   -0.9990E+03   -0.9990E+03   -0.9990E+03   -0.9990E+03   -0.9990E+03   -0.9990E+03   -0.9990E+03   -0.9986E+03   -0.9986E+03   -0.9986E+03   -0.9986E+03   -0.9990E+03   -0.9986E+03   -0.9986E+03   -0.9986E+03   -0.9990E+03   -0.9990E+03   -0.9990E+03   -0.9990E+03   -0.9990E+03   -0.9990E+03   -0.9990E+03   -0.9990E+03   -0.9990E+03   -0.9990E+03   -0.9990E+03   -0.9990E+03   -0.9990E+03   -0.9990E+03   -0.9990E+03   -0.9990E+03   -0.9990E+03   -0.9990E+03   -0.9990E+03   -0.9990E+03   -0.9990E+03   -0.9990E+03   -0.9990E+03   -0.9990E+03   -0.9990E+03   -0.9990E+03   -0.9990E+03   -0.9990E+03   -0.9990E+03   -0.9990E+03   -0.9990E+03   -0.9990E+03   -0.9990E+03
   -0.9990E+03   -0.9990E+03   -0.9990E+03   -0.9990E+03   -0.9990E+03   -0.9990E+03   -0.9990E+03   -0.9990E+03   -0.9990E+03   -0.9990E+03   -0.9990E+03   -0.9990E+03   -0.9990E+03   -0.9990E+03   -0.9990E+03   -0.9990E+03   -0.9990E+03   -0.9990E+03   -0.9990E+03   -0.9990E+03   -0.9990E+03   -0.9990E+03   -0.9990E+03   -0.9990E+03   -0.9990E+03   -0.9990E+03   -0.9990E+03   -0.9990E+03   -0.9990E+03   -0.9990E+03   -0.9990E+03   -0.9990E+03   -0.9990E+03   -0.9990E+03   -0.9990E+03   -0.9990E+03   -0.9990E+03   -0.9990E+03   -0.9990E+03   -0.9990E+03   -0.9990E+03   -0.9990E+03   -0.9990E+03   -0.9990E+03   -0.9990E+03   -0.9990E+03   -0.9990E+03   -0.9990E+03   -0.9990E+03   -0.9990E+03   -0.9990E+03   -0.9990E+03   -0.9990E+03   -0.9990E+03   -0.9990E+03   -0.9990E+03   -0.9990E+03   -0.9990E+03   -0.9990E+03   -0.9990E+03   -0.9990E+03   -0.9990E+03   -0.9990E+03   -0.9990E+03   -0.9990E+03   -0.9990E+03   -0.9990E+03   -0.9990E+03   -0.9990E+03   -0.9990E+03   -0.9990E+03   -0.9990E+03   -0.9990E+03   -0.9990E+03   -0.9990E+03   -0.9990E+03
   -0.9990E+03   -0.9990E+03   -0.9990E+03   -0.9990E+03   -0.9990E+03   -0.9990E+03   -0.9990E+03   -0.9990E+03   -0.9990E+03   -0.9990E+03   -0.9990E+03   -0.9990E+03   -0.9990E+03   -0.9990E+03   -0.9990E+03   -0.9990E+03   -0.9990E+03   -0.9990E+03   -0.9990E+03   -0.9990E+03   -0.9990E+03   -0.9990E+03   -0.9990E+03   -0.9990E+03   -0.9990E+03   -0.9990E+03   -0.9990E+03   -0.9990E+03   -0.9990E+03   -0.9990E+03   -0.9990E+03   -0.9990E+03   -0.9990E+03   -0.9990E+03   -0.9990E+03   -0.9990E+03   -0.9990E+03   -0.9990E+03   -0.9990E+03   -0.9990E+03   -0.9990E+03   -0.9990E+03   -0.9990E+03   -0.9990E+03   -0.9990E+03   -0.9990E+03   -0.9990E+03   -0.9990E+03   -0.9990E+03   -0.9990E+03   -0.9990E+03   -0.9990E+03   -0.9990E+03   -0.9990E+03   -0.9990E+03   -0.9990E+03   -0.9990E+03   -0.9990E+03   -0.9990E+03   -0.9990E+03   -0.9990E+03   -0.9990E+03   -0.9990E+03   -0.9990E+03   -0.9990E+03   -0.9990E+03   -0.9990E+03   -0.9990E+03   -0.9990E+03   -0.9990E+03   -0.9990E+03   -0.9990E+03   -0.9990E+03   -0.9990E+03   -0.9990E+03   -0.9990E+03
   -0.9990E+03   -0.9990E+03   -0.9990E+03   -0.9990E+03   -0.9990E+03   -0.9990E+03   -0.9990E+03   -0.9990E+03   -0.9990E+03   -0.9990E+03   -0.9990E+03   -0.9990E+03   -0.9990E+03   -0.9990E+03   -0.9990E+03   -0.9990E+03   -0.9990E+03   -0.9990E+03   -0.9990E+03   -0.9990E+03   -0.9990E+03   -0.9990E+03   -0.9990E+03   -0.9990E+03   -0.9990E+03   -0.9990E+03   -0.9990E+03   -0.9990E+03   -0.9990E+03   -0.9990E+03   -0.9990E+03   -0.9990E+03   -0.9990E+03   -0.9990E+03   -0.9990E+03   -0.9990E+03   -0.9990E+03   -0.9990E+03   -0.9990E+03   -0.9990E+03   -0.9990E+03   -0.9990E+03   -0.9990E+03   -0.9990E+03   -0.9990E+03    0.4029E+03   -0.9990E+03   -0.9990E+03   -0.9990E+03   -0.9990E+03   -0.9990E+03   -0.9990E+03   -0.9990E+03    0.3974E+03   -0.9990E+03   -0.9990E+03   -0.9990E+03   -0.9990E+03   -0.9990E+03   -0.9990E+03   -0.9990E+03   -0.9990E+03   -0.9990E+03   -0.9990E+03   -0.9990E+03   -0.9990E+03   -0.9990E+03   -0.9990E+03   -0.9990E+03   -0.9990E+03   -0.9990E+03   -0.9990E+03   -0.9990E+03   -0.9990E+03   -0.9990E+03   -0.9990E+03
   -0.9990E+03   -0.9990E+03   -0.9990E+03   -0.9990E+03   -0.9990E+03   -0.9990E+03   -0.9990E+03   -0.9990E+03   -0.9990E+03   -0.9990E+03   -0.9990E+03   -0.9990E+03   -0.9990E+03   -0.9990E+03   -0.9990E+03   -0.9990E+03   -0.9990E+03   -0.9990E+03   -0.9990E+03   -0.9990E+03   -0.9990E+03   -0.9990E+03   -0.9990E+03   -0.9990E+03   -0.9990E+03   -0.9990E+03   -0.9990E+03   -0.9990E+03   -0.9990E+03   -0.9990E+03   -0.9990E+03   -0.9990E+03   -0.9990E+03   -0.9990E+03   -0.9990E+03   -0.9990E+03   -0.9990E+03   -0.9990E+03   -0.9990E+03   -0.9990E+03   -0.9990E+03   -0.9990E+03   -0.9990E+03   -0.9990E+03    0.4006E+03    0.4012E+03    0.4007E+03    0.4756E+03    0.3987E+03    0.3977E+03    0.3963E+03   -0.9990E+03   -0.9990E+03    0.3924E+03   -0.9990E+03   -0.9990E+03   -0.9990E+03   -0.9990E+03   -0.9990E+03   -0.9990E+03   -0.9990E+03    0.3811E+03   -0.9990E+03   -0.9990E+03   -0.9990E+03   -0.9990E+03   -0.9990E+03   -0.9990E+03   -0.9990E+03   -0.9990E+03   -0.9990E+03   -0.9990E+03   -0.9990E+03   -0.9990E+03   -0.9990E+03   -0.9990E+03
   -0.9990E+03   -0.9990E+03   -0.9990E+03   -0.9990E+03   -0.9990E+03   -0.9990E+03   -0.9990E+03   -0.9990E+03   -0.9990E+03   -0.9990E+03   -0.9990E+03   -0.9990E+03   -0.9990E+03   -0.9990E+03   -0.9990E+03   -0.9990E+03   -0.9990E+03   -0.9990E+03   -0.9990E+03   -0.9990E+03   -0.9990E+03   -0.9990E+03   -0.9990E+03   -0.9990E+03   -0.9990E+03   -0.9990E+03   -0.9990E+03   -0.9990E+03   -0.9990E+03   -0.9990E+03   -0.9990E+03   -0.9990E+03   -0.9990E+03   -0.9990E+03   -0.9990E+03   -0.9990E+03   -0.9990E+03    0.3872E+03   -0.9990E+03   -0.9990E+03   -0.9990E+03   -0.9990E+03   -0.9990E+03   -0.9990E+03   -0.9990E+03   -0.9990E+03    0.3991E+03    0.3979E+03    0.3965E+03    0.3947E+03   -0.9990E+03   -0.9990E+03    0.3892E+03    0.3875E+03   -0.9990E+03   -0.9990E+03   -0.9990E+03   -0.9990E+03   -0.9990E+03   -0.9990E+03   -0.9990E+03    0.3765E+03   -0.9990E+03   -0.9990E+03   -0.9990E+03   -0.9990E+03   -0.9990E+03   -0.9990E+03   -0.9990E+03   -0.9990E+03   -0.9990E+03   -0.9990E+03   -0.9990E+03   -0.9990E+03   -0.9990E+03   -0.9990E+03
   -0.9990E+03   -0.9990E+03   -0.9990E+03   -0.9990E+03   -0.9990E+03   -0.9990E+03   -0.9990E+03   -0.9990E+03   -0.9990E+03   -0.9990E+03   -0.9990E+03   -0.9990E+03   -0.9990E+03   -0.9990E+03   -0.9990E+03   -0.9990E+03   -0.9990E+03   -0.9990E+03   -0.9990E+03   -0.9990E+03   -0.9990E+03   -0.9990E+03   -0.9990E+03   -0.9990E+03   -0.9990E+03   -0.9990E+03   -0.9990E+03   -0.9990E+03   -0.9990E+03   -0.9990E+03   -0.9990E+03   -0.9990E+03   -0.9990E+03   -0.9990E+03   -0.9990E+03   -0.9990E+03   -0.9990E+03    0.3840E+03   -0.9990E+03   -0.9990E+03   -0.9990E+03   -0.9990E+03   -0.9990E+03   -0.9990E+03   -0.9990E+03    0.4685E+03    0.3976E+03    0.3963E+03    0.3945E+03    0.3923E+03    0.3897E+03    0.3872E+03    0.3849E+03   -0.9990E+03   -0.9990E+03   -0.9990E+03   -0.9990E+03   -0.9990E+03   -0.9990E+03   -0.9990E+03   -0.9990E+03   -0.9990E+03   -0.9990E+03   -0.9990E+03   -0.9990E+03   -0.9990E+03   -0.9990E+03   -0.9990E+03   -0.9990E+03   -0.9990E+03   -0.9990E+03   -0.9990E+03   -0.9990E+03   -0.9990E+03   -0.9990E+03   -0.9990E+03
   -0.9990E+03   -0.9990E+03   -0.9990E+03   -0.9990E+03   -0.9990E+03   -0.9990E+03   -0.9990E+03   -0.9990E+03   -0.9990E+03   -0.9990E+03   -0.9990E+03   -0.9990E+03   -0.9990E+03   -0.9990E+03   -0.9990E+03   -0.9990E+03   -0.9990E+03   -0.9990E+03   -0.9990E+03   -0.9990E+03   -0.9990E+03   -0.9990E+03   -0.9990E+03   -0.9990E+03   -0.9990E+03   -0.9990E+03   -0.9990E+03   -0.9990E+03   -0.9990E+03   -0.9990E+03   -0.9990E+03   -0.9990E+03   -0.9990E+03   -0.9990E+03   -0.9990E+03   -0.9990E+03   -0.9990E+03    0.3808E+03   -0.9990E+03   -0.9990E+03   -0.9990E+03    0.3919E+03   -0.9990E+03   -0.9990E+03   -0.9990E+03    0.3973E+03    0.3965E+03    0.3950E+03    0.3927E+03    0.3898E+03    0.3867E+03    0.3836E+03    0.4493E+03   -0.9990E+03   -0.9990E+03   -0.9990E+03   -0.9990E+03   -0.9990E+03   -0.9990E+03   -0.9990E+03   -0.9990E+03   -0.9990E+03   -0.9990E+03   -0.9990E+03   -0.9990E+03   -0.9990E+03   -0.9990E+03   -0.9990E+03   -0.9990E+03   -0.9990E+03   -0.9990E+03   -0.9990E+03   -0.9990E+03   -0.9990E+03   -0.9990E+03   -0.9990E+03
   -0.9990E+03   -0.9990E+03   -0.9990E+03   -0.9990E+03   -0.9990E+03   -0.9990E+03   -0.9990E+03   -0.9990E+03   -0.9990E+03   -0.9990E+03   -0.9990E+03   -0.9990E+03   -0.9990E+03   -0.9990E+03   -0.9990E+03   -0.9990E+03   -0.9990E+03   -0.9990E+03   -0.9990E+03   -0.9990E+03   -0.9990E+03   -0.9990E+03   -0.9990E+03   -0.9990E+03   -0.9990E+03   -0.9990E+03   -0.9990E+03   -0.9990E+03   -0.9990E+03   -0.9990E+03   -0.9990E+03   -0.9990E+03   -0.9990E+03   -0.9990E+03   -0.9990E+03   -0.9990E+03   -0.9990E+03   -0.9990E+03   -0.9990E+03    0.4176E+03    0.3855E+03    0.3892E+03    0.3933E+03    0.3955E+03    0.3968E+03    0.3971E+03    0.3960E+03    0.3937E+03    0.3899E+03    0.3849E+03    0.3806E+03    0.3774E+03    0.3750E+03   -0.9990E+03   -0.9990E+03   -0.9990E+03   -0.9990E+03   -0.9990E+03   -0.9990E+03   -0.9990E+03   -0.9990E+03   -0.9990E+03   -0.9990E+03   -0.9990E+03   -0.9990E+03   -0.9990E+03   -0.9990E+03   -0.9990E+03   -0.9990E+03   -0.9990E+03   -0.9990E+03   -0.9990E+03   -0.9990E+03   -0.9990E+03   -0.9990E+03   -0.9990E+03
   -0.9990E+03   -0.9990E+03   -0.9990E+03   -0.9990E+03   -0.9990E+03   -0.9990E+03   -0.9990E+03   -0.9990E+03   -0.9990E+03   -0.9990E+03   -0.9990E+03   -0.9990E+03   -0.9990E+03   -0.9990E+03   -0.9990E+03   -0.9990E+03   -0.9990E+03   -0.9990E+03   -0.9990E+03   -0.9990E+03   -0.9990E+03   -0.9990E+03   -0.9990E+03   -0.9990E+03   -0.9990E+03   -0.9990E+03   -0.9990E+03   -0.9990E+03   -0.9990E+03   -0.9990E+03   -0.9990E+03   -0.9990E+03   -0.9990E+03   -0.9990E+03   -0.9990E+03   -0.9990E+03   -0.9990E+03   -0.9990E+03   -0.9990E+03   -0.9990E+03    0.3827E+03    0.3843E+03    0.4540E+03    0.4621E+03    0.3972E+03    0.3975E+03    0.3958E+03    0.3908E+03    0.3834E+03    0.3770E+03    0.3718E+03    0.3682E+03    0.3658E+03    0.4064E+03    0.3624E+03   -0.9990E+03   -0.9990E+03    0.3574E+03   -0.9990E+03   -0.9990E+03   -0.9990E+03   -0.9990E+03   -0.9990E+03   -0.9990E+03   -0.9990E+03   -0.9990E+03   -0.9990E+03   -0.9990E+03   -0.9990E+03   -0.9990E+03   -0.9990E+03   -0.9990E+03   -0.9990E+03   -0.9990E+03   -0.9990E+03   -0.9990E+03
   -0.9990E+03   -0.9990E+03   -0.9990E+03   -0.9990E+03   -0.9990E+03   -0.9990E+03   -0.9990E+03   -0.9990E+03   -0.9990E+03   -0.9990E+03   -0.9990E+03   -0.9990E+03   -0.9990E+03   -0.9990E+03   -0.9990E+03   -0.9990E+03   -0.9990E+03   -0.9990E+03   -0.9990E+03   -0.9990E+03   -0.9990E+03   -0.9990E+03   -0.9990E+03   -0.9990E+03   -0.9990E+03   -0.9990E+03   -0.9990E+03   -0.9990E+03   -0.9990E+03   -0.9990E+03   -0.9990E+03   -0.9990E+03   -0.9990E+03   -0.9990E+03   -0.9990E+03   -0.9990E+03   -0.9990E+03   -0.9990E+03   -0.9990E+03   -0.9990E+03   -0.9990E+03   -0.9990E+03   -0.9990E+03    0.4240E+03    0.3960E+03    0.3987E+03    0.3941E+03    0.3835E+03    0.3741E+03    0.3665E+03    0.3607E+03    0.3567E+03    0.3543E+03   -0.9990E+03    0.3739E+03   -0.9990E+03    0.3507E+03    0.3469E+03    0.3912E+03   -0.9990E+03   -0.9990E+03   -0.9990E+03   -0.9990E+03   -0.9990E+03   -0.9990E+03   -0.9990E+03   -0.9990E+03   -0.9990E+03   -0.9990E+03   -0.9990E+03   -0.9990E+03   -0.9990E+03   -0.9990E+03   -0.9990E+03   -0.9990E+03   -0.9990E+03
   -0.9990E+03   -0.9990E+03   -0.9990E+03   -0.9990E+03   -0.9990E+03   -0.9990E+03   -0.9990E+03   -0.9990E+03   -0.9990E+03   -0.9990E+03   -0.9990E+03   -0.9990E+03   -0.9990E+03   -0.9990E+03   -0.9990E+03   -0.9990E+03   -0.9990E+03   -0.9990E+03   -0.9990E+03   -0.9990E+03   -0.9990E+03   -0.9990E+03   -0.9990E+03   -0.9990E+03   -0.9990E+03   -0.9990E+03   -0.9990E+03   -0.9990E+03   -0.9990E+03   -0.9990E+03   -0.9990E+03   -0.9990E+03   -0.9990E+03   -0.9990E+03   -0.9990E+03   -0.9990E+03   -0.9990E+03   -0.9990E+03   -0.9990E+03   -0.9990E+03   -0.9990E+03   -0.9990E+03    0.3882E+03    0.3763E+03    0.3872E+03    0.4008E+03    0.3848E+03    0.3716E+03    0.3612E+03    0.3528E+03    0.3466E+03    0.3424E+03    0.3399E+03    0.3395E+03    0.3410E+03    0.3446E+03    0.3383E+03    0.3339E+03    0.3311E+03   -0.9990E+03   -0.9990E+03   -0.9990E+03   -0.9990E+03   -0.9990E+03   -0.9990E+03   -0.9990E+03   -0.9990E+03   -0.9990E+03   -0.9990E+03   -0.9990E+03   -0.9990E+03   -0.9990E+03   -0.9990E+03   -0.9990E+03   -0.9990E+03   -0.9990E+03
   -0.9990E+03   -0.9990E+03   -0.9990E+03   -0.9990E+03   -0.9990E+03   -0.9990E+03   -0.9990E+03   -0.9990E+03   -0.9990E+03   -0.9990E+03   -0.9990E+03   -0.9990E+03   -0.9990E+03   -0.9990E+03   -0.9990E+03   -0.9990E+03   -0.9990E+03   -0.9990E+03   -0.9990E+03   -0.9990E+03   -0.9990E+03   -0.9990E+03   -0.9990E+03   -0.9990E+03   -0.9990E+03   -0.9990E+03   -0.9990E+03   -0.9990E+03   -0.9990E+03   -0.9990E+03   -0.9990E+03   -0.9990E+03   -0.9990E+03   -0.9990E+03   -0.9990E+03   -0.9990E+03    0.3389E+03   -0.9990E+03   -0.9990E+03   -0.9990E+03   -0.9990E+03   -0.9990E+03   -0.9990E+03    0.3594E+03    0.3667E+03    0.3703E+03    0.3637E+03    0.3537E+03    0.3440E+03    0.3358E+03    0.3296E+03    0.3253E+03    0.3227E+03    0.3218E+03    0.3217E+03    0.3221E+03    0.3190E+03    0.3168E+03    0.3151E+03   -0.9990E+03   -0.9990E+03   -0.9990E+03   -0.9990E+03   -0.9990E+03   -0.9990E+03   -0.9990E+03   -0.9990E+03   -0.9990E+03   -0.9990E+03   -0.9990E+03   -0.9990E+03   -0.9990E+03   -0.9990E+03   -0.9990E+03   -0.9990E+03   -0.9990E+03
   -0.9990E+03   -0.9990E+03   -0.9990E+03   -0.9990E+03   -0.9990E+03   -0.9990E+03   -0.9990E+03   -0.9990E+03   -0.9990E+03   -0.9990E+03   -0.9990E+03   -0.9990E+03   -0.9990E+03   -0.9990E+03   -0.9990E+03   -0.9990E+03   -0.9990E+03   -0.9990E+03   -0.9990E+03   -0.9990E+03   -0.9990E+03   -0.9990E+03   -0.9990E+03   -0.9990E+03   -0.9990E+03   -0.9990E+03   -0.9990E+03   -0.9990E+03   -0.9990E+03   -0.9990E+03   -0.9990E+03   -0.9990E+03   -0.9990E+03   -0.9990E+03   -0.9990E+03   -0.9990E+03   -0.9990E+03   -0.9990E+03   -0.9990E+03   -0.9990E+03   -0.9990E+03   -0.9990E+03   -0.9990E+03    0.3364E+03    0.3406E+03    0.3416E+03    0.3372E+03    0.3299E+03    0.3228E+03    0.3158E+03    0.3099E+03    0.3055E+03    0.3023E+03    0.3000E+03    0.2995E+03    0.2993E+03    0.2975E+03    0.2957E+03    0.2963E+03    0.2970E+03   -0.9990E+03   -0.9990E+03   -0.9990E+03   -0.9990E+03   -0.9990E+03   -0.9990E+03   -0.9990E+03   -0.9990E+03   -0.9990E+03   -0.9990E+03   -0.9990E+03   -0.9990E+03   -0.9990E+03   -0.9990E+03   -0.9990E+03   -0.9990E+03
   -0.9990E+03   -0.9990E+03   -0.9990E+03   -0.9990E+03   -0.9990E+03   -0.9990E+03   -0.9990E+03   -0.9990E+03   -0.9990E+03   -0.9990E+03   -0.9990E+03   -0.9990E+03   -0.9990E+03   -0.9990E+03   -0.9990E+03   -0.9990E+03   -0.9990E+03   -0.9990E+03   -0.9990E+03   -0.9990E+03   -0.9990E+03   -0.9990E+03   -0.9990E+03   -0.9990E+03   -0.9990E+03   -0.9990E+03   -0.9990E+03   -0.9990E+03   -0.9990E+03   -0.9990E+03   -0.9990E+03   -0.9990E+03   -0.9990E+03   -0.9990E+03   -0.9990E+03    0.2991E+03   -0.9990E+03   -0.9990E+03   -0.9990E+03   -0.9990E+03   -0.9990E+03   -0.9990E+03   -0.9990E+03   -0.9990E+03    0.3334E+03    0.3140E+03    0.3106E+03    0.3051E+03    0.2989E+03    0.2933E+03    0.2879E+03    0.2833E+03    0.2796E+03    0.2774E+03    0.2766E+03    0.2760E+03    0.3159E+03    0.3028E+03   -0.9990E+03    0.2777E+03   -0.9990E+03   -0.9990E+03   -0.9990E+03   -0.9990E+03   -0.9990E+03   -0.9990E+03   -0.9990E+03   -0.9990E+03   -0.9990E+03   -0.9990E+03   -0.9990E+03   -0.9990E+03   -0.9990E+03   -0.9990E+03   -0.9990E+03   -0.9990E+03
   -0.9990E+03   -0.9990E+03   -0.9990E+03   -0.9990E+03   -0.9990E+03   -0.9990E+03   -0.9990E+03   -0.9990E+03   -0.9990E+03   -0.9990E+03   -0.9990E+03   -0.9990E+03   -0.9990E+03   -0.9990E+03   -0.9990E+03   -0.9990E+03   -0.9990E+03   -0.9990E+03   -0.9990E+03   -0.9990E+03   -0.9990E+03   -0.9990E+03   -0.9990E+03   -0.9990E+03   -0.9990E+03   -0.9990E+03   -0.9990E+03   -0.9990E+03   -0.9990E+03   -0.9990E+03   -0.9990E+03   -0.9990E+03   -0.9990E+03   -0.9990E+03   -0.9990E+03   -0.9990E+03   -0.9990E+03   -0.9990E+03   -0.9990E+03   -0.9990E+03   -0.9990E+03   -0.9990E+03   -0.9990E+03   -0.9990E+03   -0.9990E+03    0.2874E+03    0.2845E+03    0.2802E+03    0.2751E+03    0.2699E+03    0.2647E+03    0.2603E+03    0.2568E+03    0.2544E+03    0.2529E+03    0.2522E+03    0.2523E+03    0.2533E+03    0.2924E+03   -0.9990E+03   -0.9990E+03   -0.9990E+03   -0.9990E+03   -0.9990E+03   -0.9990E+03   -0.9990E+03   -0.9990E+03   -0.9990E+03   -0.9990E+03   -0.9990E+03   -0.9990E+03   -0.9990E+03   -0.9990E+03   -0.9990E+03   -0.9990E+03   -0.9990E+03
   -0.9990E+03   -0.9990E+03   -0.9990E+03   -0.9990E+03   -0.9990E+03   -0.9990E+03   -0.9990E+03   -0.9990E+03   -0.9990E+03   -0.9990E+03   -0.9990E+03   -0.9990E+03   -0.9990E+03   -0.9990E+03   -0.9990E+03   -0.9990E+03   -0.9990E+03   -0.9990E+03   -0.9990E+03   -0.9990E+03   -0.9990E+03   -0.9990E+03   -0.9990E+03   -0.9990E+03   -0.9990E+03   -0.9990E+03   -0.9990E+03   -0.9990E+03   -0.9990E+03   -0.9990E+03   -0.9990E+03   -0.9990E+03   -0.9990E+03   -0.9990E+03   -0.9990E+03   -0.9990E+03   -0.9990E+03   -0.9990E+03   -0.9990E+03   -0.9990E+03   -0.9990E+03   -0.9990E+03   -0.9990E+03   -0.9990E+03    0.2632E+03    0.2615E+03    0.2588E+03    0.2554E+03    0.2513E+03    0.2469E+03    0.2422E+03    0.2375E+03    0.2335E+03    0.2304E+03    0.2283E+03    0.2276E+03    0.2285E+03   -0.9990E+03   -0.9990E+03   -0.9990E+03   -0.9990E+03   -0.9990E+03   -0.9990E+03   -0.9990E+03   -0.9990E+03   -0.9990E+03   -0.9990E+03   -0.9990E+03   -0.9990E+03   -0.9990E+03   -0.9990E+03   -0.9990E+03   -0.9990E+03   -0.9990E+03   -0.9990E+03   -0.9990E+03
   -0.9990E+03   -0.9990E+03   -0.9990E+03   -0.9990E+03   -0.9990E+03   -0.9990E+03   -0.9990E+03   -0.9990E+03   -0.9990E+03   -0.9990E+03   -0.9990E+03   -0.9990E+03   -0.9990E+03   -0.9990E+03   -0.9990E+03   -0.9990E+03   -0.9990E+03   -0.9990E+03   -0.9990E+03   -0.9990E+03   -0.9990E+03   -0.9990E+03   -0.9990E+03   -0.9990E+03   -0.9990E+03   -0.9990E+03   -0.9990E+03   -0.9986E+03   -0.9990E+03   -0.9990E+03   -0.9990E+03   -0.9990E+03   -0.9990E+03   -0.9990E+03    0.2397E+03   -0.9990E+03   -0.9990E+03   -0.9990E+03   -0.9990E+03   -0.9990E+03   -0.9990E+03   -0.9990E+03   -0.9990E+03   -0.9990E+03    0.2384E+03    0.2361E+03    0.2337E+03    0.2310E+03    0.2279E+03    0.2239E+03    0.2195E+03    0.2145E+03    0.2097E+03    0.2056E+03    0.2028E+03    0.2020E+03    0.2038E+03    0.2077E+03    0.2533E+03   -0.9990E+03   -0.9990E+03   -0.9990E+03   -0.9990E+03   -0.9990E+03   -0.9990E+03   -0.9990E+03   -0.9990E+03   -0.9990E+03   -0.9990E+03   -0.9990E+03   -0.9990E+03   -0.9990E+03   -0.9990E+03   -0.9990E+03   -0.9990E+03   -0.9990E+03
   -0.9990E+03   -0.9990E+03   -0.9990E+03   -0.9990E+03   -0.9990E+03   -0.9990E+03   -0.9990E+03   -0.9990E+03   -0.9990E+03   -0.9990E+03   -0.9990E+03   -0.9990E+03   -0.9990E+03   -0.9990E+03   -0.9990E+03   -0.9990E+03   -0.9990E+03   -0.9990E+03   -0.9990E+03   -0.9990E+03   -0.9990E+03   -0.9990E+03   -0.9990E+03   -0.9990E+03   -0.9990E+03   -0.9990E+03   -0.9990E+03   -0.9986E+03   -0.9990E+03   -0.9990E+03   -0.9990E+03   -0.9990E+03   -0.9990E+03   -0.9990E+03   -0.9990E+03   -0.9990E+03   -0.9990E+03   -0.9990E+03   -0.9990E+03   -0.9990E+03   -0.9990E+03   -0.9990E+03   -0.9990E+03    0.2207E+03    0.2140E+03    0.2111E+03    0.2090E+03    0.2072E+03    0.2047E+03    0.2010E+03    0.1968E+03    0.1916E+03    0.1859E+03    0.1805E+03    0.1765E+03    0.1754E+03    0.1782E+03    0.1842E+03    0.1919E+03    0.1996E+03    0.2358E+03   -0.9990E+03   -0.9990E+03   -0.9990E+03   -0.9990E+03   -0.9990E+03   -0.9990E+03   -0.9990E+03   -0.9990E+03   -0.9990E+03   -0.9990E+03   -0.9990E+03   -0.9990E+03   -0.9990E+03   -0.9990E+03   -0.9990E+03
   -0.9990E+03   -0.9990E+03   -0.9990E+03   -0.9990E+03   -0.9990E+03   -0.9990E+03   -0.9990E+03   -0.9990E+03   -0.9990E+03   -0.9990E+03   -0.9990E+03   -0.9990E+03   -0.9990E+03   -0.9990E+03   -0.9990E+03   -0.9990E+03   -0.9990E+03   -0.9990E+03   -0.9990E+03   -0.9990E+03   -0.9990E+03   -0.9990E+03   -0.9990E+03   -0.9990E+03   -0.9990E+03   -0.9990E+03   -0.9986E+03   -0.9990E+03   -0.9990E+03   -0.9990E+03   -0.9990E+03   -0.9990E+03   -0.9990E+03   -0.9990E+03   -0.9990E+03   -0.9990E+03   -0.9990E+03   -0.9990E+03   -0.9990E+03   -0.9990E+03    0.2090E+03    0.2009E+03   -0.9990E+03    0.1952E+03    0.1902E+03    0.1863E+03    0.1849E+03    0.1838E+03    0.1816E+03    0.1789E+03    0.1747E+03    0.1692E+03    0.1624E+03    0.1555E+03    0.1493E+03    0.1473E+03    0.1518E+03    0.1607E+03    0.1701E+03    0.1803E+03    0.1898E+03    0.1983E+03    0.2366E+03   -0.9990E+03   -0.9990E+03   -0.9990E+03   -0.9990E+03   -0.9990E+03   -0.9990E+03   -0.9990E+03   -0.9990E+03   -0.9990E+03   -0.9990E+03   -0.9990E+03   -0.9990E+03   -0.9990E+03
   -0.9990E+03   -0.9990E+03   -0.9990E+03   -0.9990E+03   -0.9990E+03   -0.9990E+03   -0.9990E+03   -0.9990E+03   -0.9990E+03   -0.9990E+03   -0.9990E+03   -0.9990E+03   -0.9990E+03   -0.9990E+03   -0.9990E+03   -0.9990E+03   -0.9990E+03   -0.9990E+03   -0.9990E+03   -0.9990E+03   -0.9990E+03   -0.9990E+03   -0.9990E+03   -0.9990E+03   -0.9990E+03   -0.9990E+03   -0.9990E+03   -0.9990E+03   -0.9990E+03   -0.9990E+03   -0.9990E+03   -0.9990E+03   -0.9990E+03   -0.9990E+03   -0.9990E+03   -0.9990E+03   -0.9990E+03   -0.9990E+03   -0.9990E+03   -0.9990E+03   -0.9990E+03    0.2159E+03    0.1788E+03    0.1733E+03    0.1673E+03    0.1615E+03    0.1612E+03    0.1615E+03    0.1612E+03    0.1591E+03    0.1551E+03    0.1492E+03    0.1415E+03    0.1319E+03    0.1223E+03    0.1175E+03    0.1254E+03    0.1379E+03    0.1510E+03    0.1630E+03    0.1737E+03    0.1830E+03    0.1912E+03   -0.9990E+03   -0.9990E+03   -0.9990E+03   -0.9990E+03   -0.9990E+03   -0.9990E+03   -0.9990E+03   -0.9990E+03   -0.9990E+03   -0.9990E+03   -0.9990E+03   -0.9990E+03   -0.9990E+03
   -0.9990E+03   -0.9990E+03   -0.9990E+03   -0.9990E+03   -0.9990E+03   -0.9990E+03   -0.9990E+03   -0.9990E+03   -0.9990E+03   -0.9990E+03   -0.9990E+03   -0.9990E+03   -0.9990E+03   -0.9990E+03   -0.9990E+03   -0.9990E+03   -0.9990E+03   -0.9990E+03   -0.9990E+03   -0.9990E+03   -0.9990E+03   -0.9990E+03   -0.9990E+03   -0.9990E+03   -0.9990E+03   -0.9990E+03   -0.9990E+03   -0.9990E+03   -0.9990E+03   -0.9990E+03   -0.9990E+03   -0.9990E+03   -0.9990E+03   -0.9990E+03   -0.9990E+03   -0.9990E+03   -0.9990E+03   -0.9990E+03   -0.9990E+03   -0.9990E+03   -0.9990E+03    0.1872E+03    0.1630E+03    0.1564E+03    0.1476E+03    0.1364E+03    0.1413E+03    0.1438E+03    0.1441E+03    0.1422E+03    0.1384E+03    0.1325E+03    0.1245E+03    0.1142E+03    0.1014E+03    0.8555E+02    0.1047E+03    0.1214E+03    0.1360E+03    0.1487E+03    0.1598E+03    0.1695E+03    0.1781E+03   -0.9990E+03   -0.9990E+03   -0.9990E+03   -0.9990E+03   -0.9990E+03   -0.9990E+03   -0.9990E+03   -0.9990E+03   -0.9990E+03   -0.9990E+03   -0.9990E+03   -0.9990E+03   -0.9990E+03
   -0.9990E+03   -0.9990E+03   -0.9990E+03   -0.9990E+03   -0.9990E+03   -0.9990E+03   -0.9990E+03   -0.9990E+03   -0.9990E+03   -0.9990E+03   -0.9990E+03   -0.9990E+03   -0.9990E+03   -0.9990E+03   -0.9990E+03   -0.9990E+03   -0.9990E+03   -0.9990E+03   -0.9990E+03   -0.9990E+03   -0.9990E+03   -0.9990E+03   -0.9990E+03   -0.9990E+03   -0.9990E+03   -0.9990E+03   -0.9990E+03   -0.9990E+03   -0.9990E+03   -0.9990E+03   -0.9990E+03   -0.9990E+03   -0.9990E+03   -0.9990E+03   -0.9990E+03   -0.9990E+03   -0.9990E+03   -0.9990E+03   -0.9990E+03   -0.9990E+03   -0.9990E+03    0.1668E+03    0.1511E+03    0.1448E+03    0.1370E+03    0.1323E+03    0.1297E+03    0.1307E+03    0.1306E+03    0.1286E+03    0.1249E+03    0.1193E+03    0.1119E+03    0.1027E+03    0.9267E+02    0.9028E+02    0.9728E+02    0.1115E+03    0.1251E+03    0.1374E+03    0.1484E+03    0.1583E+03    0.1670E+03    0.1971E+03   -0.9990E+03   -0.9990E+03   -0.9990E+03   -0.9990E+03   -0.9990E+03   -0.9990E+03   -0.9990E+03   -0.9990E+03   -0.9990E+03   -0.9990E+03   -0.9990E+03   -0.9990E+03
   -0.9990E+03   -0.9990E+03   -0.9990E+03   -0.9990E+03   -0.9990E+03   -0.9990E+03   -0.9990E+03   -0.9990E+03   -0.9990E+03   -0.9990E+03   -0.9990E+03   -0.9990E+03   -0.9990E+03   -0.9990E+03   -0.9990E+03   -0.9990E+03   -0.9990E+03   -0.9990E+03   -0.9990E+03   -0.9990E+03   -0.9990E+03   -0.9990E+03   -0.9990E+03   -0.9990E+03   -0.9990E+03   -0.9986E+03   -0.9990E+03   -0.9990E+03   -0.9990E+03   -0.9990E+03   -0.9990E+03   -0.9990E+03   -0.9990E+03   -0.9990E+03   -0.9990E+03   -0.9990E+03   -0.9990E+03   -0.9990E+03   -0.9990E+03   -0.9990E+03   -0.9990E+03   -0.9990E+03    0.1426E+03    0.1366E+03    0.1321E+03    0.1285E+03    0.1244E+03    0.1214E+03    0.1201E+03    0.1180E+03    0.1144E+03    0.1094E+03    0.1030E+03    0.9591E+02    0.9238E+02    0.9340E+02    0.9777E+02    0.1060E+03    0.1177E+03    0.1290E+03    0.1395E+03    0.1492E+03    0.1581E+03   -0.9990E+03   -0.9990E+03   -0.9990E+03   -0.9990E+03   -0.9990E+03   -0.9990E+03   -0.9990E+03   -0.9990E+03   -0.9990E+03   -0.9990E+03   -0.9990E+03   -0.9990E+03   -0.9990E+03
   -0.9990E+03   -0.9990E+03   -0.9990E+03   -0.9990E+03   -0.9990E+03   -0.9990E+03   -0.9990E+03   -0.9990E+03   -0.9990E+03   -0.9990E+03   -0.9990E+03   -0.9990E+03   -0.9990E+03   -0.9990E+03   -0.9990E+03   -0.9990E+03   -0.9990E+03   -0.9990E+03   -0.9990E+03   -0.9990E+03   -0.9990E+03   -0.9990E+03   -0.9990E+03   -0.9990E+03   -0.9990E+03   -0.9990E+03   -0.9990E+03   -0.9990E+03   -0.9990E+03   -0.9990E+03   -0.9990E+03   -0.9990E+03   -0.9990E+03   -0.9990E+03   -0.9990E+03   -0.9990E+03   -0.9990E+03   -0.9990E+03   -0.9990E+03   -0.9990E+03   -0.9990E+03   -0.9990E+03   -0.9990E+03    0.1326E+03    0.1289E+03    0.1250E+03    0.1207E+03    0.1164E+03    0.1125E+03    0.1098E+03    0.1064E+03    0.1020E+03    0.9698E+02    0.9398E+02    0.9337E+02    0.9506E+02    0.9912E+02    0.1053E+03    0.1132E+03    0.1228E+03    0.1327E+03    0.1424E+03   -0.9990E+03   -0.9990E+03   -0.9990E+03   -0.9990E+03   -0.9990E+03   -0.9990E+03   -0.9990E+03   -0.9990E+03   -0.9990E+03   -0.9990E+03   -0.9990E+03   -0.9990E+03   -0.9990E+03   -0.9990E+03
   -0.9990E+03   -0.9990E+03   -0.9990E+03   -0.9990E+03   -0.9990E+03   -0.9990E+03   -0.9990E+03   -0.9990E+03   -0.9990E+03   -0.9990E+03   -0.9990E+03   -0.9990E+03   -0.9990E+03   -0.9990E+03   -0.9990E+03   -0.9990E+03   -0.9990E+03   -0.9990E+03   -0.9990E+03   -0.9990E+03   -0.9990E+03   -0.9990E+03   -0.9990E+03   -0.9990E+03   -0.9990E+03   -0.9990E+03   -0.9990E+03   -0.9990E+03   -0.9990E+03   -0.9990E+03   -0.9990E+03   -0.9990E+03   -0.9990E+03   -0.9990E+03   -0.9990E+03   -0.9990E+03   -0.9990E+03   -0.9990E+03   -0.9990E+03   -0.9990E+03   -0.9990E+03   -0.9990E+03   -0.9990E+03    0.1298E+03    0.1257E+03    0.1215E+03    0.1172E+03    0.1129E+03    0.1086E+03    0.1047E+03    0.1011E+03    0.9763E+02    0.9469E+02    0.9335E+02    0.9349E+02    0.9542E+02    0.9936E+02    0.1051E+03    0.1123E+03    0.1207E+03    0.1297E+03   -0.9990E+03   -0.9990E+03   -0.9990E+03   -0.9990E+03   -0.9990E+03   -0.9990E+03   -0.9990E+03   -0.9990E+03   -0.9990E+03   -0.9990E+03   -0.9990E+03   -0.9990E+03   -0.9990E+03   -0.9990E+03   -0.9990E+03
   -0.9990E+03   -0.9990E+03   -0.9990E+03   -0.9990E+03   -0.9990E+03   -0.9990E+03   -0.9990E+03   -0.9990E+03   -0.9990E+03   -0.9990E+03   -0.9990E+03   -0.9990E+03   -0.9990E+03   -0.9990E+03   -0.9990E+03   -0.9990E+03   -0.9990E+03   -0.9990E+03   -0.9990E+03   -0.9990E+03   -0.9990E+03   -0.9990E+03   -0.9990E+03   -0.9990E+03   -0.9990E+03   -0.9990E+03   -0.9990E+03   -0.9990E+03   -0.9990E+03   -0.9990E+03   -0.9990E+03   -0.9990E+03   -0.9990E+03   -0.9990E+03   -0.9990E+03   -0.9990E+03   -0.9990E+03   -0.9990E+03   -0.9990E+03    0.1451E+03   -0.9990E+03   -0.9990E+03    0.1317E+03    0.1270E+03    0.1224E+03    0.1179E+03    0.1136E+03    0.1095E+03    0.1055E+03    0.1020E+03    0.9882E+02    0.9567E+02    0.9322E+02    0.9220E+02    0.9255E+02    0.9460E+02    0.9850E+02    0.1040E+03    0.1109E+03    0.1189E+03    0.1274E+03   -0.9990E+03   -0.9990E+03   -0.9990E+03   -0.9990E+03   -0.9990E+03   -0.9990E+03   -0.9990E+03   -0.9990E+03   -0.9990E+03   -0.9990E+03   -0.9990E+03   -0.9990E+03   -0.9990E+03   -0.9990E+03   -0.9990E+03
   -0.9990E+03   -0.9990E+03   -0.9990E+03   -0.9990E+03   -0.9990E+03   -0.9990E+03   -0.9990E+03   -0.9990E+03   -0.9990E+03   -0.9990E+03   -0.9990E+03   -0.9990E+03   -0.9990E+03   -0.9990E+03   -0.9990E+03   -0.9990E+03   -0.9990E+03   -0.9990E+03   -0.9990E+03   -0.9990E+03   -0.9990E+03   -0.9990E+03   -0.9990E+03   -0.9990E+03   -0.9990E+03   -0.9990E+03   -0.9990E+03   -0.9990E+03   -0.9990E+03   -0.9990E+03   -0.9990E+03   -0.9990E+03   -0.9990E+03   -0.9990E+03   -0.9990E+03   -0.9990E+03   -0.9990E+03   -0.9990E+03   -0.9990E+03   -0.9990E+03   -0.9990E+03   -0.9990E+03    0.1294E+03    0.1240E+03    0.1189E+03    0.1142E+03    0.1100E+03    0.1061E+03    0.1024E+03    0.9931E+02    0.9646E+02    0.9355E+02    0.9121E+02    0.9023E+02    0.9058E+02    0.9264E+02    0.9660E+02    0.1021E+03    0.1089E+03    0.1167E+03    0.1250E+03   -0.9990E+03   -0.9990E+03   -0.9990E+03   -0.9990E+03   -0.9990E+03   -0.9990E+03   -0.9990E+03   -0.9990E+03   -0.9990E+03   -0.9990E+03   -0.9990E+03   -0.9990E+03   -0.9990E+03   -0.9990E+03   -0.9990E+03
   -0.9990E+03   -0.9990E+03   -0.9990E+03   -0.9990E+03   -0.9990E+03   -0.9990E+03   -0.9990E+03   -0.9990E+03   -0.9990E+03   -0.9990E+03   -0.9990E+03   -0.9990E+03   -0.9990E+03   -0.9990E+03   -0.9990E+03   -0.9990E+03   -0.9990E+03   -0.9990E+03   -0.9990E+03   -0.9990E+03   -0.9990E+03   -0.9990E+03   -0.9990E+03   -0.9990E+03   -0.9990E+03   -0.9990E+03   -0.9990E+03   -0.9990E+03   -0.9990E+03   -0.9990E+03   -0.9990E+03   -0.9990E+03   -0.9990E+03   -0.9990E+03   -0.9990E+03   -0.9990E+03   -0.9990E+03   -0.9990E+03   -0.9990E+03   -0.9990E+03    0.1388E+03   -0.9990E+03   -0.9990E+03    0.1209E+03    0.1152E+03    0.1103E+03    0.1061E+03    0.1025E+03    0.9938E+02    0.9707E+02    0.9461E+02    0.9183E+02    0.8908E+02    0.8763E+02    0.8766E+02    0.8961E+02    0.9370E+02    0.9939E+02    0.1064E+03    0.1143E+03    0.1226E+03   -0.9990E+03   -0.9990E+03   -0.9990E+03   -0.9990E+03   -0.9990E+03   -0.9990E+03   -0.9990E+03   -0.9990E+03   -0.9990E+03   -0.9990E+03   -0.9990E+03   -0.9990E+03   -0.9990E+03   -0.9990E+03   -0.9990E+03
   -0.9990E+03   -0.9990E+03   -0.9990E+03   -0.9990E+03   -0.9990E+03   -0.9990E+03   -0.9990E+03   -0.9990E+03   -0.9990E+03   -0.9990E+03   -0.9990E+03   -0.9990E+03   -0.9990E+03   -0.9990E+03   -0.9990E+03   -0.9990E+03   -0.9990E+03   -0.9990E+03   -0.9990E+03   -0.9990E+03   -0.9990E+03   -0.9990E+03   -0.9990E+03   -0.9990E+03   -0.9990E+03   -0.9990E+03   -0.9990E+03   -0.9990E+03   -0.9990E+03   -0.9990E+03   -0.9990E+03   -0.9990E+03   -0.9990E+03   -0.9990E+03   -0.9990E+03   -0.9990E+03   -0.9990E+03   -0.9990E+03   -0.9990E+03   -0.9990E+03   -0.9990E+03   -0.9990E+03   -0.9990E+03    0.1180E+03    0.1113E+03    0.1060E+03    0.1020E+03    0.9896E+02    0.9721E+02    0.9537E+02    0.9305E+02    0.9037E+02    0.8743E+02    0.8497E+02    0.8394E+02    0.8552E+02    0.8990E+02    0.9623E+02    0.1038E+03    0.1120E+03   -0.9990E+03   -0.9990E+03   -0.9990E+03   -0.9990E+03   -0.9990E+03   -0.9990E+03   -0.9990E+03   -0.9990E+03   -0.9990E+03   -0.9990E+03   -0.9990E+03   -0.9990E+03   -0.9990E+03   -0.9990E+03   -0.9990E+03   -0.9990E+03
   -0.9990E+03   -0.9990E+03   -0.9990E+03   -0.9990E+03   -0.9990E+03   -0.9990E+03   -0.9990E+03   -0.9990E+03   -0.9990E+03   -0.9990E+03   -0.9990E+03   -0.9990E+03   -0.9990E+03   -0.9990E+03   -0.9990E+03   -0.9990E+03   -0.9990E+03   -0.9990E+03   -0.9990E+03   -0.9990E+03   -0.9990E+03   -0.9990E+03   -0.9990E+03   -0.9990E+03   -0.9990E+03   -0.9990E+03   -0.9990E+03   -0.9990E+03   -0.9990E+03   -0.9990E+03   -0.9990E+03   -0.9990E+03   -0.9990E+03   -0.9986E+03   -0.9990E+03   -0.9990E+03   -0.9990E+03   -0.9990E+03   -0.9990E+03   -0.9990E+03   -0.9990E+03   -0.9990E+03   -0.9990E+03    0.1159E+03    0.1077E+03    0.1012E+03    0.9789E+02    0.9706E+02    0.9606E+02    0.9439E+02    0.9212E+02    0.8936E+02    0.8620E+02    0.8282E+02    0.8011E+02    0.8033E+02    0.8558E+02    0.9321E+02    0.1015E+03    0.1098E+03    0.1181E+03   -0.9990E+03   -0.9990E+03   -0.9990E+03   -0.9990E+03   -0.9990E+03   -0.9990E+03   -0.9990E+03   -0.9990E+03   -0.9990E+03   -0.9990E+03   -0.9990E+03   -0.9990E+03   -0.9990E+03   -0.9990E+03   -0.9990E+03
   -0.9990E+03   -0.9990E+03   -0.9990E+03   -0.9990E+03   -0.9990E+03   -0.9990E+03   -0.9990E+03   -0.9990E+03   -0.9990E+03   -0.9990E+03   -0.9990E+03   -0.9990E+03   -0.9990E+03   -0.9990E+03   -0.9990E+03   -0.9990E+03   -0.9990E+03   -0.9990E+03   -0.9990E+03   -0.9990E+03   -0.9990E+03   -0.9990E+03   -0.9990E+03   -0.9990E+03   -0.9990E+03   -0.9990E+03   -0.9990E+03   -0.9990E+03   -0.9990E+03   -0.9990E+03   -0.9990E+03   -0.9990E+03   -0.9990E+03   -0.9986E+03   -0.9986E+03   -0.9990E+03   -0.9990E+03   -0.9990E+03   -0.9990E+03   -0.9990E+03   -0.9990E+03   -0.9990E+03   -0.9990E+03    0.1156E+03    0.1063E+03    0.9573E+02    0.9691E+02    0.9696E+02    0.9605E+02    0.9434E+02    0.9196E+02    0.8904E+02    0.8570E+02    0.8203E+02    0.7811E+02    0.7397E+02    0.8268E+02    0.9122E+02    0.9964E+02    0.1080E+03    0.1239E+03   -0.9990E+03   -0.9990E+03   -0.9990E+03   -0.9990E+03   -0.9990E+03   -0.9990E+03   -0.9990E+03   -0.9990E+03   -0.9990E+03   -0.9990E+03   -0.9990E+03   -0.9990E+03   -0.9990E+03   -0.9990E+03   -0.9990E+03
   -0.9990E+03   -0.9990E+03   -0.9990E+03   -0.9990E+03   -0.9990E+03   -0.9990E+03   -0.9990E+03   -0.9990E+03   -0.9990E+03   -0.9990E+03   -0.9990E+03   -0.9990E+03   -0.9990E+03   -0.9990E+03   -0.9990E+03   -0.9990E+03   -0.9990E+03   -0.9990E+03   -0.9990E+03   -0.9990E+03   -0.9990E+03   -0.9990E+03   -0.9990E+03   -0.9990E+03   -0.9990E+03   -0.9990E+03   -0.9990E+03   -0.9990E+03   -0.9990E+03   -0.9990E+03   -0.9990E+03   -0.9990E+03   -0.9990E+03   -0.9986E+03   -0.9986E+03   -0.9990E+03   -0.9990E+03   -0.9990E+03   -0.9990E+03   -0.9990E+03   -0.9990E+03    0.1329E+03    0.1257E+03    0.1181E+03    0.1099E+03    0.1031E+03    0.9981E+02    0.9871E+02    0.9733E+02    0.9529E+02    0.9263E+02    0.8950E+02    0.8603E+02    0.8241E+02    0.7900E+02    0.7826E+02    0.8302E+02    0.9047E+02    0.9854E+02    0.1067E+03    0.1173E+03   -0.9990E+03   -0.9990E+03   -0.9990E+03   -0.9990E+03   -0.9990E+03   -0.9990E+03   -0.9990E+03   -0.9990E+03   -0.9990E+03   -0.9990E+03   -0.9990E+03   -0.9990E+03   -0.9990E+03   -0.9990E+03   -0.9990E+03
   -0.9990E+03   -0.9990E+03   -0.9990E+03   -0.9990E+03   -0.9990E+03   -0.9990E+03   -0.9990E+03   -0.9990E+03   -0.9990E+03   -0.9990E+03   -0.9990E+03   -0.9990E+03   -0.9990E+03   -0.9990E+03   -0.9990E+03   -0.9990E+03   -0.9990E+03   -0.9990E+03   -0.9990E+03   -0.9990E+03   -0.9990E+03   -0.9990E+03   -0.9990E+03   -0.9990E+03   -0.9990E+03   -0.9990E+03   -0.9990E+03   -0.9990E+03   -0.9990E+03   -0.9990E+03   -0.9990E+03   -0.9990E+03   -0.9990E+03   -0.9986E+03   -0.9986E+03   -0.9986E+03   -0.9986E+03   -0.9990E+03   -0.9990E+03   -0.9990E+03   -0.9990E+03    0.1351E+03    0.1290E+03    0.1224E+03    0.1156E+03    0.1099E+03    0.1057E+03    0.1023E+03    0.9982E+02    0.9716E+02    0.9408E+02    0.9064E+02    0.8706E+02    0.8363E+02    0.8083E+02    0.8146E+02    0.8494E+02    0.9067E+02    0.9799E+02    0.1058E+03   -0.9990E+03   -0.9990E+03   -0.9990E+03   -0.9990E+03   -0.9990E+03   -0.9990E+03   -0.9990E+03   -0.9990E+03   -0.9990E+03   -0.9990E+03   -0.9990E+03   -0.9990E+03   -0.9990E+03   -0.9990E+03   -0.9990E+03   -0.9990E+03
   -0.9990E+03   -0.9990E+03   -0.9990E+03   -0.9990E+03   -0.9990E+03   -0.9990E+03   -0.9990E+03   -0.9990E+03   -0.9990E+03   -0.9990E+03   -0.9990E+03   -0.9990E+03   -0.9990E+03   -0.9990E+03   -0.9990E+03   -0.9990E+03   -0.9990E+03   -0.9990E+03   -0.9990E+03   -0.9990E+03   -0.9990E+03   -0.9990E+03   -0.9990E+03   -0.9990E+03   -0.9990E+03   -0.9990E+03   -0.9990E+03   -0.9990E+03   -0.9990E+03   -0.9990E+03   -0.9990E+03   -0.9990E+03   -0.9986E+03   -0.9986E+03   -0.9986E+03   -0.9986E+03   -0.9986E+03   -0.9990E+03   -0.9990E+03   -0.9990E+03    0.1430E+03    0.1381E+03    0.1330E+03    0.1272E+03    0.1215E+03    0.1162E+03    0.1116E+03    0.1074E+03    0.1034E+03    0.9980E+02    0.9613E+02    0.9226E+02    0.8845E+02    0.8502E+02    0.8299E+02    0.8362E+02    0.8642E+02    0.9120E+02    0.9765E+02    0.1051E+03   -0.9990E+03   -0.9990E+03   -0.9990E+03   -0.9990E+03   -0.9990E+03   -0.9990E+03   -0.9990E+03   -0.9990E+03   -0.9990E+03   -0.9990E+03   -0.9990E+03   -0.9990E+03   -0.9990E+03   -0.9990E+03   -0.9990E+03   -0.9990E+03
   -0.9990E+03   -0.9990E+03   -0.9990E+03   -0.9990E+03   -0.9990E+03   -0.9990E+03   -0.9990E+03   -0.9990E+03   -0.9990E+03   -0.9990E+03   -0.9990E+03   -0.9990E+03   -0.9990E+03   -0.9990E+03   -0.9990E+03   -0.9990E+03   -0.9990E+03   -0.9990E+03   -0.9990E+03   -0.9990E+03   -0.9990E+03   -0.9990E+03   -0.9990E+03   -0.9990E+03   -0.9990E+03   -0.9990E+03   -0.9990E+03   -0.9990E+03   -0.9990E+03   -0.9990E+03   -0.9990E+03   -0.9990E+03   -0.9986E+03   -0.9986E+03   -0.9986E+03   -0.9986E+03   -0.9986E+03   -0.9990E+03   -0.9990E+03   -0.9990E+03    0.1452E+03    0.1414E+03    0.1372E+03    0.1324E+03    0.1274E+03    0.1224E+03    0.1176E+03    0.1127E+03    0.1078E+03    0.1031E+03    0.9862E+02    0.9412E+02    0.8990E+02    0.8631E+02    0.8444E+02    0.8476E+02    0.8710E+02    0.9132E+02    0.9724E+02   -0.9990E+03   -0.9990E+03   -0.9990E+03   -0.9990E+03   -0.9990E+03   -0.9990E+03   -0.9990E+03   -0.9990E+03   -0.9990E+03   -0.9990E+03   -0.9990E+03   -0.9990E+03   -0.9990E+03   -0.9990E+03   -0.9990E+03   -0.9990E+03   -0.9990E+03
   -0.9990E+03   -0.9990E+03   -0.9990E+03   -0.9990E+03   -0.9990E+03   -0.9990E+03   -0.9990E+03   -0.9990E+03   -0.9990E+03   -0.9990E+03   -0.9990E+03   -0.9990E+03   -0.9990E+03   -0.9990E+03   -0.9990E+03   -0.9990E+03   -0.9990E+03   -0.9990E+03   -0.9990E+03   -0.9990E+03   -0.9990E+03   -0.9990E+03   -0.9990E+03   -0.9990E+03   -0.9990E+03   -0.9990E+03   -0.9990E+03   -0.9990E+03   -0.9986E+03   -0.9986E+03   -0.9986E+03   -0.9986E+03   -0.9986E+03   -0.9986E+03   -0.9986E+03   -0.9986E+03   -0.9986E+03   -0.9990E+03   -0.9990E+03   -0.9990E+03    0.1475E+03    0.1447E+03    0.1416E+03    0.1376E+03    0.1333E+03    0.1286E+03    0.1235E+03    0.1181E+03    0.1124E+03    0.1067E+03    0.1014E+03    0.9613E+02    0.9124E+02    0.8708E+02    0.8491E+02    0.8485E+02    0.8687E+02    0.9083E+02    0.9660E+02   -0.9990E+03   -0.9990E+03   -0.9990E+03   -0.9990E+03   -0.9990E+03   -0.9990E+03   -0.9990E+03   -0.9990E+03   -0.9990E+03   -0.9990E+03   -0.9990E+03   -0.9990E+03   -0.9990E+03   -0.9990E+03   -0.9990E+03   -0.9990E+03   -0.9990E+03
   -0.9990E+03   -0.9990E+03   -0.9990E+03   -0.9990E+03   -0.9990E+03   -0.9990E+03   -0.9990E+03   -0.9990E+03   -0.9990E+03   -0.9990E+03   -0.9990E+03   -0.9990E+03   -0.9990E+03   -0.9990E+03   -0.9990E+03   -0.9990E+03   -0.9990E+03   -0.9990E+03   -0.9990E+03   -0.9990E+03   -0.9990E+03   -0.9990E+03   -0.9990E+03   -0.9990E+03   -0.9986E+03   -0.9986E+03   -0.9986E+03   -0.9986E+03   -0.9986E+03   -0.9986E+03   -0.9986E+03   -0.9986E+03   -0.9986E+03   -0.9986E+03   -0.9986E+03   -0.9986E+03   -0.9986E+03   -0.9986E+03   -0.9990E+03   -0.9990E+03    0.1497E+03    0.1479E+03    0.1459E+03    0.1429E+03    0.1393E+03    0.1349E+03    0.1297E+03    0.1237E+03    0.1171E+03    0.1105E+03    0.1041E+03    0.9792E+02    0.9215E+02    0.8721E+02    0.8480E+02    0.8427E+02    0.8611E+02    0.9012E+02    0.9621E+02   -0.9990E+03   -0.9990E+03   -0.9990E+03   -0.9990E+03   -0.9990E+03   -0.9990E+03   -0.9990E+03   -0.9990E+03   -0.9990E+03   -0.9990E+03   -0.9990E+03   -0.9990E+03   -0.9990E+03   -0.9990E+03   -0.9990E+03   -0.9990E+03   -0.9990E+03
   -0.9990E+03   -0.9990E+03   -0.9990E+03   -0.9990E+03   -0.9990E+03   -0.9990E+03   -0.9990E+03   -0.9990E+03   -0.9990E+03   -0.9990E+03   -0.9990E+03   -0.9990E+03   -0.9990E+03   -0.9990E+03   -0.9990E+03   -0.9990E+03   -0.9990E+03   -0.9990E+03   -0.9990E+03   -0.9990E+03   -0.9990E+03   -0.9990E+03   -0.9990E+03   -0.9986E+03   -0.9986E+03   -0.9986E+03   -0.9986E+03   -0.9986E+03   -0.9981E+03   -0.9981E+03   -0.9981E+03   -0.9986E+03   -0.9986E+03   -0.9986E+03   -0.9986E+03   -0.9986E+03   -0.9986E+03   -0.9986E+03   -0.9990E+03    0.1523E+03    0.1512E+03    0.1505E+03    0.1501E+03    0.1488E+03    0.1461E+03    0.1421E+03    0.1361E+03    0.1293E+03    0.1218E+03    0.1141E+03    0.1066E+03    0.9936E+02    0.9260E+02    0.8708E+02    0.8317E+02    0.8205E+02    0.8391E+02    0.8837E+02    0.9529E+02   -0.9990E+03   -0.9990E+03   -0.9990E+03   -0.9990E+03   -0.9990E+03   -0.9990E+03   -0.9990E+03   -0.9990E+03   -0.9990E+03   -0.9990E+03   -0.9990E+03   -0.9990E+03   -0.9990E+03   -0.9990E+03   -0.9990E+03   -0.9990E+03   -0.9990E+03
   -0.9990E+03   -0.9990E+03   -0.9990E+03   -0.9990E+03   -0.9990E+03   -0.9990E+03   -0.9990E+03   -0.9990E+03   -0.9990E+03   -0.9990E+03   -0.9990E+03   -0.9990E+03   -0.9990E+03   -0.9990E+03   -0.9990E+03   -0.9990E+03   -0.9990E+03   -0.9990E+03   -0.9990E+03   -0.9990E+03   -0.9990E+03   -0.9990E+03   -0.9990E+03   -0.9986E+03   -0.9986E+03   -0.9986E+03   -0.9981E+03   -0.9981E+03   -0.9981E+03   -0.9981E+03   -0.9981E+03   -0.9981E+03   -0.9981E+03   -0.9986E+03   -0.9986E+03   -0.9986E+03   -0.9986E+03   -0.9986E+03   -0.9990E+03    0.1519E+03    0.1515E+03    0.1521E+03    0.1529E+03    0.1537E+03    0.1528E+03    0.1494E+03    0.1435E+03    0.1354E+03    0.1259E+03    0.1171E+03    0.1086E+03    0.1009E+03    0.9307E+02    0.8594E+02    0.8095E+02    0.7899E+02    0.8080E+02    0.8664E+02   -0.9990E+03   -0.9990E+03   -0.9990E+03   -0.9990E+03   -0.9990E+03   -0.9990E+03   -0.9990E+03   -0.9990E+03   -0.9990E+03   -0.9990E+03   -0.9990E+03   -0.9990E+03   -0.9990E+03   -0.9990E+03   -0.9990E+03   -0.9990E+03   -0.9990E+03   -0.9990E+03
   -0.9990E+03   -0.9990E+03   -0.9990E+03   -0.9990E+03   -0.9990E+03   -0.9990E+03   -0.9990E+03   -0.9990E+03   -0.9990E+03   -0.9990E+03   -0.9990E+03   -0.9990E+03   -0.9990E+03   -0.9990E+03   -0.9990E+03   -0.9990E+03   -0.9990E+03   -0.9990E+03   -0.9990E+03   -0.9990E+03   -0.9990E+03   -0.9990E+03   -0.9990E+03   -0.9981E+03   -0.9981E+03   -0.9981E+03   -0.9981E+03   -0.9981E+03   -0.9981E+03   -0.9981E+03   -0.9981E+03   -0.9981E+03   -0.9981E+03    0.1501E+03   -0.9990E+03   -0.9990E+03   -0.9986E+03   -0.9986E+03    0.1512E+03    0.1507E+03    0.1513E+03    0.1521E+03    0.1538E+03    0.1564E+03    0.1592E+03    0.1575E+03    0.1502E+03    0.1397E+03    0.1295E+03    0.1198E+03    0.1106E+03    0.1017E+03    0.9364E+02    0.8531E+02    0.7771E+02    0.7399E+02    0.7780E+02   -0.9990E+03   -0.9990E+03   -0.9990E+03   -0.9990E+03   -0.9990E+03   -0.9990E+03   -0.9990E+03   -0.9990E+03   -0.9990E+03   -0.9990E+03   -0.9990E+03   -0.9990E+03   -0.9990E+03   -0.9990E+03   -0.9990E+03   -0.9990E+03   -0.9990E+03   -0.9990E+03   -0.9990E+03
   -0.9990E+03   -0.9990E+03   -0.9990E+03   -0.9990E+03   -0.9990E+03   -0.9990E+03   -0.9990E+03   -0.9990E+03   -0.9990E+03   -0.9990E+03   -0.9990E+03   -0.9990E+03   -0.9990E+03   -0.9990E+03   -0.9990E+03   -0.9990E+03   -0.9990E+03   -0.9990E+03   -0.9990E+03   -0.9990E+03   -0.9990E+03   -0.9990E+03   -0.9990E+03   -0.9981E+03   -0.9981E+03   -0.9981E+03   -0.9981E+03   -0.9981E+03    0.1323E+03   -0.9981E+03   -0.9981E+03   -0.9981E+03   -0.9981E+03   -0.9981E+03    0.1500E+03    0.1527E+03   -0.9986E+03    0.1498E+03    0.1490E+03    0.1484E+03    0.1494E+03    0.1506E+03    0.1528E+03    0.1560E+03    0.1606E+03    0.1668E+03    0.1535E+03    0.1421E+03    0.1314E+03    0.1215E+03    0.1121E+03    0.1031E+03    0.9429E+02    0.8552E+02    0.7660E+02    0.6737E+02   -0.9990E+03   -0.9990E+03   -0.9990E+03   -0.9990E+03   -0.9990E+03   -0.9990E+03   -0.9990E+03   -0.9990E+03   -0.9990E+03   -0.9990E+03   -0.9990E+03   -0.9990E+03   -0.9990E+03   -0.9990E+03   -0.9990E+03   -0.9990E+03   -0.9990E+03   -0.9990E+03   -0.9990E+03   -0.9990E+03
   -0.9990E+03   -0.9990E+03   -0.9990E+03   -0.9990E+03   -0.9990E+03   -0.9990E+03   -0.9990E+03   -0.9990E+03   -0.9990E+03   -0.9990E+03   -0.9990E+03   -0.9990E+03   -0.9990E+03   -0.9990E+03   -0.9990E+03   -0.9990E+03   -0.9990E+03   -0.9990E+03   -0.9990E+03   -0.9990E+03   -0.9990E+03   -0.9990E+03   -0.9990E+03   -0.9990E+03   -0.9981E+03   -0.9981E+03   -0.9981E+03   -0.9981E+03    0.1280E+03   -0.9981E+03   -0.9981E+03   -0.9981E+03   -0.9981E+03   -0.9981E+03    0.1442E+03    0.1462E+03    0.1464E+03    0.1459E+03    0.1454E+03    0.1450E+03    0.1461E+03    0.1474E+03    0.1492E+03    0.1526E+03    0.1560E+03    0.1558E+03    0.1500E+03    0.1403E+03    0.1305E+03    0.1212E+03    0.1124E+03    0.1040E+03    0.9583E+02    0.8798E+02    0.8084E+02    0.7752E+02   -0.9990E+03   -0.9990E+03   -0.9990E+03   -0.9990E+03   -0.9990E+03   -0.9990E+03   -0.9990E+03   -0.9990E+03   -0.9990E+03   -0.9990E+03   -0.9990E+03   -0.9990E+03   -0.9990E+03   -0.9990E+03   -0.9990E+03   -0.9990E+03   -0.9990E+03   -0.9990E+03   -0.9990E+03   -0.9990E+03
   -0.9990E+03   -0.9990E+03   -0.9990E+03   -0.9990E+03   -0.9990E+03   -0.9990E+03   -0.9990E+03   -0.9990E+03   -0.9990E+03   -0.9990E+03   -0.9990E+03   -0.9990E+03   -0.9990E+03   -0.9990E+03   -0.9990E+03   -0.9990E+03   -0.9990E+03   -0.9990E+03   -0.9990E+03   -0.9990E+03   -0.9990E+03   -0.9990E+03   -0.9990E+03   -0.9990E+03   -0.9990E+03   -0.9990E+03   -0.9981E+03   -0.9981E+03   -0.9981E+03   -0.9981E+03   -0.9981E+03   -0.9981E+03   -0.9981E+03    0.1359E+03    0.1385E+03    0.1399E+03    0.1408E+03    0.1407E+03    0.1408E+03    0.1405E+03    0.1416E+03    0.1428E+03    0.1441E+03    0.1472E+03    0.1476E+03    0.1463E+03    0.1422E+03    0.1356E+03    0.1277E+03    0.1197E+03    0.1111E+03    0.1038E+03    0.9699E+02    0.9080E+02   -0.9990E+03   -0.9990E+03   -0.9990E+03   -0.9990E+03   -0.9990E+03   -0.9990E+03   -0.9990E+03   -0.9990E+03   -0.9990E+03   -0.9990E+03   -0.9990E+03   -0.9990E+03   -0.9990E+03   -0.9990E+03   -0.9990E+03   -0.9990E+03   -0.9990E+03   -0.9990E+03   -0.9990E+03   -0.9990E+03   -0.9990E+03   -0.9990E+03
   -0.9990E+03   -0.9990E+03   -0.9990E+03   -0.9990E+03   -0.9990E+03   -0.9990E+03   -0.9990E+03   -0.9990E+03   -0.9990E+03   -0.9990E+03   -0.9990E+03   -0.9990E+03   -0.9990E+03   -0.9990E+03   -0.9990E+03   -0.9990E+03   -0.9990E+03   -0.9990E+03   -0.9990E+03   -0.9990E+03   -0.9990E+03   -0.9990E+03   -0.9990E+03   -0.9990E+03   -0.9990E+03   -0.9990E+03   -0.9990E+03   -0.9981E+03   -0.9981E+03   -0.9981E+03   -0.9981E+03   -0.9981E+03   -0.9981E+03    0.1307E+03    0.1328E+03    0.1343E+03    0.1348E+03    0.1352E+03    0.1354E+03    0.1352E+03    0.1366E+03    0.1375E+03    0.1387E+03    0.1391E+03    0.1387E+03    0.1372E+03    0.1340E+03    0.1284E+03    0.1226E+03    0.1163E+03    0.1102E+03    0.1043E+03    0.9900E+02   -0.9990E+03   -0.9990E+03   -0.9990E+03   -0.9990E+03   -0.9990E+03   -0.9990E+03   -0.9990E+03   -0.9990E+03   -0.9990E+03   -0.9990E+03   -0.9990E+03   -0.9990E+03   -0.9990E+03   -0.9990E+03   -0.9990E+03   -0.9990E+03   -0.9990E+03   -0.9990E+03   -0.9990E+03   -0.9990E+03   -0.9990E+03   -0.9990E+03   -0.9990E+03
   -0.9990E+03   -0.9990E+03   -0.9990E+03   -0.9990E+03   -0.9990E+03   -0.9990E+03   -0.9990E+03   -0.9990E+03   -0.9990E+03   -0.9990E+03   -0.9990E+03   -0.9990E+03   -0.9990E+03   -0.9990E+03   -0.9990E+03   -0.9990E+03   -0.9990E+03   -0.9990E+03   -0.9990E+03   -0.9990E+03   -0.9990E+03   -0.9990E+03   -0.9990E+03   -0.9990E+03   -0.9990E+03   -0.9990E+03   -0.9990E+03   -0.9990E+03   -0.9990E+03   -0.9981E+03   -0.9981E+03   -0.9981E+03   -0.9981E+03    0.1255E+03    0.1271E+03    0.1283E+03    0.1283E+03    0.1288E+03    0.1302E+03    0.1304E+03    0.1306E+03    0.1309E+03    0.1312E+03    0.1309E+03    0.1301E+03    0.1276E+03    0.1252E+03    0.1217E+03    0.1174E+03    0.1130E+03    0.1085E+03   -0.9990E+03   -0.9990E+03   -0.9990E+03   -0.9990E+03   -0.9990E+03   -0.9990E+03   -0.9990E+03   -0.9990E+03   -0.9990E+03   -0.9990E+03   -0.9990E+03   -0.9990E+03   -0.9990E+03   -0.9990E+03   -0.9990E+03   -0.9990E+03   -0.9990E+03   -0.9990E+03   -0.9990E+03   -0.9990E+03   -0.9990E+03   -0.9990E+03   -0.9990E+03   -0.9990E+03   -0.9990E+03
   -0.9990E+03   -0.9990E+03   -0.9990E+03   -0.9990E+03   -0.9990E+03   -0.9990E+03   -0.9990E+03   -0.9990E+03   -0.9990E+03   -0.9990E+03   -0.9990E+03   -0.9990E+03   -0.9990E+03   -0.9990E+03   -0.9990E+03   -0.9990E+03   -0.9990E+03   -0.9990E+03   -0.9990E+03   -0.9990E+03   -0.9990E+03   -0.9990E+03   -0.9990E+03   -0.9990E+03   -0.9990E+03   -0.9990E+03   -0.9990E+03   -0.9990E+03   -0.9990E+03   -0.9990E+03   -0.9981E+03   -0.9981E+03   -0.9981E+03    0.1204E+03    0.1215E+03    0.1225E+03    0.1223E+03    0.1228E+03    0.1241E+03    0.1242E+03    0.1241E+03    0.1231E+03    0.1227E+03    0.1219E+03    0.1208E+03    0.1194E+03    0.1176E+03    0.1152E+03    0.1123E+03    0.1094E+03    0.1067E+03    0.1042E+03   -0.9990E+03   -0.9990E+03   -0.9990E+03   -0.9990E+03   -0.9990E+03   -0.9990E+03   -0.9990E+03   -0.9990E+03   -0.9990E+03   -0.9990E+03   -0.9990E+03   -0.9990E+03   -0.9990E+03   -0.9990E+03   -0.9990E+03   -0.9990E+03   -0.9990E+03   -0.9990E+03   -0.9990E+03   -0.9990E+03   -0.9990E+03   -0.9990E+03   -0.9990E+03   -0.9990E+03
   -0.9990E+03   -0.9990E+03   -0.9990E+03   -0.9990E+03   -0.9990E+03   -0.9990E+03   -0.9990E+03   -0.9990E+03   -0.9990E+03   -0.9990E+03   -0.9990E+03   -0.9990E+03   -0.9990E+03   -0.9990E+03   -0.9990E+03   -0.9990E+03   -0.9990E+03   -0.9990E+03   -0.9990E+03   -0.9990E+03   -0.9990E+03   -0.9990E+03   -0.9990E+03   -0.9990E+03   -0.9990E+03   -0.9990E+03   -0.9990E+03   -0.9990E+03   -0.9990E+03   -0.9990E+03   -0.9981E+03    0.1305E+03    0.1145E+03    0.1153E+03    0.1161E+03    0.1167E+03    0.1164E+03    0.1168E+03    0.1171E+03    0.1170E+03    0.1166E+03    0.1161E+03    0.1152E+03    0.1139E+03    0.1125E+03    0.1113E+03    0.1102E+03    0.1088E+03    0.1073E+03    0.1059E+03    0.1048E+03    0.1038E+03   -0.9990E+03   -0.9990E+03   -0.9990E+03   -0.9990E+03   -0.9990E+03   -0.9990E+03   -0.9990E+03   -0.9990E+03   -0.9990E+03   -0.9990E+03   -0.9990E+03   -0.9990E+03   -0.9990E+03   -0.9990E+03   -0.9990E+03   -0.9990E+03   -0.9990E+03   -0.9990E+03   -0.9990E+03   -0.9990E+03   -0.9990E+03   -0.9990E+03   -0.9990E+03   -0.9990E+03
   -0.9990E+03   -0.9990E+03   -0.9990E+03   -0.9990E+03   -0.9990E+03   -0.9990E+03   -0.9990E+03   -0.9990E+03   -0.9990E+03   -0.9990E+03   -0.9990E+03   -0.9990E+03   -0.9990E+03   -0.9990E+03   -0.9990E+03   -0.9990E+03   -0.9990E+03   -0.9990E+03   -0.9990E+03   -0.9990E+03   -0.9990E+03   -0.9990E+03   -0.9990E+03   -0.9990E+03   -0.9990E+03   -0.9990E+03   -0.9990E+03   -0.9990E+03   -0.9990E+03   -0.9990E+03   -0.9990E+03   -0.9981E+03    0.1263E+03    0.1104E+03    0.1107E+03    0.1111E+03    0.1106E+03    0.1110E+03    0.1112E+03    0.1108E+03    0.1101E+03    0.1091E+03    0.1079E+03    0.1061E+03    0.1043E+03    0.1030E+03    0.1027E+03    0.1024E+03    0.1023E+03    0.1025E+03    0.1028E+03    0.1032E+03   -0.9990E+03   -0.9990E+03   -0.9990E+03   -0.9990E+03   -0.9990E+03   -0.9990E+03   -0.9990E+03   -0.9990E+03   -0.9990E+03   -0.9990E+03   -0.9990E+03   -0.9990E+03   -0.9990E+03   -0.9990E+03   -0.9990E+03   -0.9990E+03   -0.9990E+03   -0.9990E+03   -0.9990E+03   -0.9990E+03   -0.9990E+03   -0.9990E+03   -0.9990E+03   -0.9990E+03
   -0.9990E+03   -0.9990E+03   -0.9990E+03   -0.9990E+03   -0.9990E+03   -0.9990E+03   -0.9990E+03   -0.9990E+03   -0.9990E+03   -0.9990E+03   -0.9990E+03   -0.9990E+03   -0.9990E+03   -0.9990E+03   -0.9990E+03   -0.9990E+03   -0.9990E+03   -0.9990E+03   -0.9990E+03   -0.9990E+03   -0.9990E+03   -0.9990E+03   -0.9990E+03   -0.9990E+03   -0.9990E+03   -0.9990E+03   -0.9990E+03   -0.9990E+03   -0.9990E+03   -0.9990E+03   -0.9990E+03   -0.9990E+03    0.1188E+03    0.1047E+03    0.1055E+03    0.1055E+03    0.1050E+03    0.1053E+03    0.1050E+03    0.1045E+03    0.1035E+03    0.1022E+03    0.1006E+03    0.9843E+02    0.9598E+02    0.9470E+02    0.9507E+02    0.9619E+02    0.9767E+02    0.9933E+02    0.1009E+03   -0.9990E+03   -0.9990E+03   -0.9990E+03   -0.9990E+03   -0.9990E+03   -0.9990E+03   -0.9990E+03   -0.9990E+03   -0.9990E+03   -0.9990E+03   -0.9990E+03   -0.9990E+03   -0.9990E+03   -0.9990E+03   -0.9990E+03   -0.9990E+03   -0.9990E+03   -0.9990E+03   -0.9990E+03   -0.9990E+03   -0.9990E+03   -0.9990E+03   -0.9990E+03   -0.9990E+03   -0.9990E+03
   -0.9990E+03   -0.9990E+03   -0.9990E+03   -0.9990E+03   -0.9990E+03   -0.9990E+03   -0.9990E+03   -0.9990E+03   -0.9990E+03   -0.9990E+03   -0.9990E+03   -0.9990E+03   -0.9990E+03   -0.9990E+03   -0.9990E+03   -0.9990E+03   -0.9990E+03   -0.9990E+03   -0.9990E+03   -0.9990E+03   -0.9990E+03   -0.9990E+03   -0.9990E+03   -0.9990E+03   -0.9990E+03   -0.9990E+03   -0.9990E+03   -0.9990E+03   -0.9990E+03   -0.9990E+03   -0.9990E+03   -0.9990E+03    0.1107E+03    0.9981E+02    0.9951E+02    0.9912E+02    0.9950E+02    0.9961E+02    0.9940E+02    0.9867E+02    0.9757E+02    0.9586E+02    0.9366E+02    0.9098E+02    0.8795E+02    0.8589E+02    0.8753E+02    0.9055E+02    0.9367E+02    0.9652E+02   -0.9990E+03   -0.9990E+03   -0.9990E+03   -0.9990E+03   -0.9990E+03   -0.9990E+03   -0.9990E+03   -0.9990E+03   -0.9990E+03   -0.9990E+03   -0.9990E+03   -0.9990E+03   -0.9990E+03   -0.9990E+03   -0.9990E+03   -0.9990E+03   -0.9990E+03   -0.9990E+03   -0.9990E+03   -0.9990E+03   -0.9990E+03   -0.9990E+03   -0.9990E+03   -0.9990E+03   -0.9990E+03   -0.9990E+03
   -0.9990E+03   -0.9990E+03   -0.9990E+03   -0.9990E+03   -0.9990E+03   -0.9990E+03   -0.9990E+03   -0.9990E+03   -0.9990E+03   -0.9990E+03   -0.9990E+03   -0.9990E+03   -0.9990E+03   -0.9990E+03   -0.9990E+03   -0.9990E+03   -0.9990E+03   -0.9990E+03   -0.9990E+03   -0.9990E+03   -0.9990E+03   -0.9990E+03   -0.9990E+03   -0.9990E+03   -0.9990E+03   -0.9990E+03   -0.9990E+03   -0.9990E+03   -0.9990E+03   -0.9990E+03   -0.9990E+03   -0.9990E+03   -0.9990E+03    0.1100E+03    0.9516E+02    0.9370E+02    0.9457E+02    0.9482E+02    0.9448E+02    0.9368E+02    0.9233E+02    0.9042E+02    0.8791E+02    0.8481E+02    0.8106E+02    0.7649E+02    0.8183E+02    0.8645E+02    0.9054E+02    0.9424E+02   -0.9990E+03   -0.9990E+03   -0.9990E+03   -0.9990E+03   -0.9990E+03   -0.9990E+03   -0.9990E+03   -0.9990E+03   -0.9990E+03   -0.9990E+03   -0.9990E+03   -0.9990E+03   -0.9990E+03   -0.9990E+03   -0.9990E+03   -0.9990E+03   -0.9990E+03   -0.9990E+03   -0.9990E+03   -0.9990E+03   -0.9990E+03   -0.9990E+03   -0.9990E+03   -0.9990E+03   -0.9990E+03   -0.9990E+03
   -0.9990E+03   -0.9990E+03   -0.9990E+03   -0.9990E+03   -0.9990E+03   -0.9990E+03   -0.9990E+03   -0.9990E+03   -0.9990E+03   -0.9990E+03   -0.9990E+03   -0.9990E+03   -0.9990E+03   -0.9990E+03   -0.9990E+03   -0.9990E+03   -0.9990E+03   -0.9990E+03   -0.9990E+03   -0.9990E+03   -0.9990E+03   -0.9990E+03   -0.9990E+03   -0.9990E+03   -0.9990E+03   -0.9990E+03   -0.9990E+03   -0.9990E+03   -0.9990E+03   -0.9990E+03   -0.9990E+03   -0.9990E+03    0.9374E+02    0.9329E+02    0.9777E+02    0.9176E+02    0.9116E+02    0.9102E+02    0.9047E+02    0.8945E+02    0.8794E+02    0.8596E+02    0.8349E+02    0.8069E+02    0.7787E+02    0.7722E+02    0.7950E+02    0.8394E+02    0.8836E+02    0.9256E+02   -0.9990E+03   -0.9990E+03   -0.9990E+03   -0.9990E+03   -0.9990E+03   -0.9990E+03   -0.9990E+03   -0.9990E+03   -0.9990E+03   -0.9990E+03   -0.9990E+03   -0.9990E+03   -0.9990E+03   -0.9990E+03   -0.9990E+03   -0.9990E+03   -0.9990E+03   -0.9990E+03   -0.9990E+03   -0.9990E+03   -0.9990E+03   -0.9990E+03   -0.9990E+03   -0.9990E+03   -0.9990E+03   -0.9990E+03
   -0.9990E+03   -0.9990E+03   -0.9990E+03   -0.9990E+03   -0.9990E+03   -0.9990E+03   -0.9990E+03   -0.9990E+03   -0.9990E+03   -0.9990E+03   -0.9990E+03   -0.9990E+03   -0.9990E+03   -0.9990E+03   -0.9990E+03   -0.9990E+03   -0.9990E+03   -0.9990E+03   -0.9990E+03   -0.9990E+03   -0.9990E+03   -0.9990E+03   -0.9990E+03   -0.9990E+03   -0.9990E+03   -0.9990E+03   -0.9990E+03   -0.9990E+03   -0.9990E+03   -0.9990E+03   -0.9990E+03   -0.9990E+03    0.9146E+02    0.9091E+02   -0.9990E+03    0.8998E+02    0.1046E+03    0.1048E+03    0.1056E+03    0.8592E+02    0.8435E+02    0.8240E+02    0.8019E+02    0.7805E+02    0.7699E+02    0.7733E+02    0.7893E+02    0.8246E+02    0.8690E+02    0.9139E+02   -0.9990E+03   -0.9990E+03   -0.9990E+03   -0.9990E+03   -0.9990E+03   -0.9990E+03   -0.9990E+03   -0.9990E+03   -0.9990E+03   -0.9990E+03   -0.9990E+03   -0.9990E+03   -0.9990E+03   -0.9990E+03   -0.9990E+03   -0.9990E+03   -0.9990E+03   -0.9990E+03   -0.9990E+03   -0.9990E+03   -0.9990E+03   -0.9990E+03   -0.9990E+03   -0.9990E+03   -0.9990E+03   -0.9990E+03
   -0.9990E+03   -0.9990E+03   -0.9990E+03   -0.9990E+03   -0.9990E+03   -0.9990E+03   -0.9990E+03   -0.9990E+03   -0.9990E+03   -0.9990E+03   -0.9990E+03   -0.9990E+03   -0.9990E+03   -0.9990E+03   -0.9990E+03   -0.9990E+03   -0.9990E+03   -0.9990E+03   -0.9990E+03   -0.9990E+03   -0.9990E+03   -0.9990E+03   -0.9990E+03   -0.9990E+03   -0.9990E+03   -0.9990E+03   -0.9990E+03   -0.9990E+03   -0.9990E+03   -0.9990E+03   -0.9990E+03   -0.9990E+03    0.1033E+03    0.1051E+03   -0.9990E+03   -0.9990E+03   -0.9990E+03   -0.9990E+03   -0.9990E+03    0.8304E+02    0.8138E+02    0.7950E+02    0.7767E+02    0.7655E+02    0.7625E+02    0.7682E+02    0.7851E+02    0.8137E+02    0.8579E+02    0.9051E+02   -0.9990E+03   -0.9990E+03   -0.9990E+03   -0.9990E+03   -0.9990E+03   -0.9990E+03   -0.9990E+03   -0.9990E+03   -0.9990E+03   -0.9990E+03   -0.9990E+03   -0.9990E+03   -0.9990E+03   -0.9990E+03   -0.9990E+03   -0.9990E+03   -0.9990E+03   -0.9990E+03   -0.9990E+03   -0.9990E+03   -0.9990E+03   -0.9990E+03   -0.9990E+03   -0.9990E+03   -0.9990E+03   -0.9990E+03
   -0.9990E+03   -0.9990E+03   -0.9990E+03   -0.9990E+03   -0.9990E+03   -0.9990E+03   -0.9990E+03   -0.9990E+03   -0.9990E+03   -0.9990E+03   -0.9990E+03   -0.9990E+03   -0.9990E+03   -0.9990E+03   -0.9990E+03   -0.9990E+03   -0.9990E+03   -0.9990E+03   -0.9990E+03   -0.9990E+03   -0.9990E+03   -0.9990E+03   -0.9990E+03   -0.9990E+03   -0.9990E+03   -0.9990E+03   -0.9990E+03   -0.9990E+03   -0.9990E+03   -0.9990E+03   -0.9990E+03   -0.9990E+03   -0.9990E+03   -0.9990E+03   -0.9990E+03    0.8709E+02   -0.9990E+03   -0.9990E+03    0.9512E+02    0.8095E+02    0.7909E+02    0.7739E+02    0.7600E+02    0.7517E+02    0.7501E+02    0.7569E+02    0.7755E+02    0.8062E+02    0.8479E+02    0.8982E+02    0.9502E+02   -0.9990E+03   -0.9990E+03   -0.9990E+03   -0.9990E+03   -0.9990E+03   -0.9990E+03   -0.9990E+03   -0.9990E+03   -0.9990E+03   -0.9990E+03   -0.9990E+03   -0.9990E+03   -0.9990E+03   -0.9990E+03   -0.9990E+03   -0.9990E+03   -0.9990E+03   -0.9990E+03   -0.9990E+03   -0.9990E+03   -0.9990E+03   -0.9990E+03   -0.9990E+03   -0.9990E+03   -0.9990E+03
   -0.9990E+03   -0.9990E+03   -0.9990E+03   -0.9990E+03   -0.9990E+03   -0.9990E+03   -0.9990E+03   -0.9990E+03   -0.9990E+03   -0.9990E+03   -0.9990E+03   -0.9990E+03   -0.9990E+03   -0.9990E+03   -0.9990E+03   -0.9990E+03   -0.9990E+03   -0.9990E+03   -0.9990E+03   -0.9990E+03   -0.9990E+03   -0.9990E+03   -0.9990E+03   -0.9990E+03   -0.9990E+03   -0.9990E+03   -0.9990E+03   -0.9990E+03   -0.9990E+03   -0.9990E+03   -0.9990E+03   -0.9990E+03   -0.9990E+03   -0.9990E+03   -0.9990E+03   -0.9990E+03   -0.9990E+03   -0.9990E+03   -0.9990E+03    0.9857E+02    0.7759E+02    0.7579E+02    0.7430E+02    0.7337E+02    0.7318E+02    0.7394E+02    0.7601E+02    0.7946E+02    0.8391E+02    0.8920E+02    0.9479E+02   -0.9990E+03   -0.9990E+03   -0.9990E+03   -0.9990E+03   -0.9990E+03   -0.9990E+03   -0.9990E+03   -0.9990E+03   -0.9990E+03   -0.9990E+03   -0.9990E+03   -0.9990E+03   -0.9990E+03   -0.9990E+03   -0.9990E+03   -0.9990E+03   -0.9990E+03   -0.9990E+03   -0.9990E+03   -0.9990E+03   -0.9990E+03   -0.9990E+03   -0.9990E+03   -0.9990E+03   -0.9990E+03
   -0.9990E+03   -0.9990E+03   -0.9990E+03   -0.9990E+03   -0.9990E+03   -0.9990E+03   -0.9990E+03   -0.9990E+03   -0.9990E+03   -0.9990E+03   -0.9990E+03   -0.9990E+03   -0.9990E+03   -0.9990E+03   -0.9990E+03   -0.9990E+03   -0.9990E+03   -0.9990E+03   -0.9990E+03   -0.9990E+03   -0.9990E+03   -0.9990E+03   -0.9990E+03   -0.9990E+03   -0.9990E+03   -0.9990E+03   -0.9990E+03   -0.9990E+03   -0.9990E+03   -0.9990E+03   -0.9990E+03   -0.9990E+03   -0.9990E+03   -0.9990E+03   -0.9990E+03    0.8486E+02   -0.9990E+03   -0.9990E+03   -0.9990E+03    0.9793E+02    0.7604E+02    0.7403E+02    0.7228E+02    0.7109E+02    0.7075E+02    0.7153E+02    0.7391E+02    0.7791E+02    0.8297E+02    0.8866E+02    0.9470E+02    0.1008E+03   -0.9990E+03   -0.9990E+03   -0.9990E+03   -0.9990E+03   -0.9990E+03   -0.9990E+03   -0.9990E+03   -0.9990E+03   -0.9990E+03   -0.9990E+03   -0.9990E+03   -0.9990E+03   -0.9990E+03   -0.9990E+03   -0.9990E+03   -0.9990E+03   -0.9990E+03   -0.9990E+03   -0.9990E+03   -0.9990E+03   -0.9990E+03   -0.9990E+03   -0.9990E+03   -0.9990E+03
   -0.9990E+03   -0.9990E+03   -0.9990E+03   -0.9990E+03   -0.9990E+03   -0.9990E+03   -0.9990E+03   -0.9990E+03   -0.9990E+03   -0.9990E+03   -0.9990E+03   -0.9990E+03   -0.9990E+03   -0.9990E+03   -0.9990E+03   -0.9990E+03   -0.9990E+03   -0.9990E+03   -0.9990E+03   -0.9990E+03   -0.9990E+03   -0.9990E+03   -0.9990E+03   -0.9990E+03   -0.9990E+03   -0.9990E+03   -0.9990E+03   -0.9990E+03   -0.9990E+03   -0.9990E+03   -0.9990E+03   -0.9990E+03   -0.9990E+03   -0.9990E+03   -0.9990E+03   -0.9990E+03    0.1022E+03    0.8900E+02    0.9843E+02    0.7685E+02    0.7471E+02    0.7242E+02    0.7020E+02    0.6838E+02    0.6770E+02    0.6841E+02    0.7127E+02    0.7603E+02    0.8198E+02    0.8835E+02    0.9484E+02    0.1014E+03   -0.9990E+03   -0.9990E+03   -0.9990E+03   -0.9990E+03   -0.9990E+03   -0.9990E+03   -0.9990E+03   -0.9990E+03   -0.9990E+03   -0.9990E+03   -0.9990E+03   -0.9990E+03   -0.9990E+03   -0.9990E+03   -0.9990E+03   -0.9990E+03   -0.9990E+03   -0.9990E+03   -0.9990E+03   -0.9990E+03   -0.9990E+03   -0.9990E+03   -0.9990E+03   -0.9990E+03
   -0.9990E+03   -0.9990E+03   -0.9990E+03   -0.9990E+03   -0.9990E+03   -0.9990E+03   -0.9990E+03   -0.9990E+03   -0.9990E+03   -0.9990E+03   -0.9990E+03   -0.9990E+03   -0.9990E+03   -0.9990E+03   -0.9990E+03   -0.9990E+03   -0.9990E+03   -0.9990E+03   -0.9990E+03   -0.9990E+03   -0.9990E+03   -0.9990E+03   -0.9990E+03   -0.9990E+03   -0.9990E+03   -0.9990E+03   -0.9990E+03   -0.9990E+03   -0.9990E+03   -0.9990E+03   -0.9990E+03   -0.9990E+03   -0.9990E+03   -0.9990E+03   -0.9990E+03    0.1026E+03    0.8202E+02    0.8028E+02    0.9922E+02    0.7668E+02    0.7431E+02    0.7157E+02    0.6860E+02    0.6582E+02    0.6404E+02    0.6452E+02    0.6813E+02    0.7417E+02    0.8123E+02    0.8835E+02    0.9540E+02    0.1023E+03   -0.9990E+03   -0.9990E+03   -0.9990E+03   -0.9990E+03   -0.9990E+03   -0.9990E+03   -0.9990E+03   -0.9990E+03   -0.9990E+03   -0.9990E+03   -0.9990E+03   -0.9990E+03   -0.9990E+03   -0.9990E+03   -0.9990E+03   -0.9990E+03   -0.9990E+03   -0.9990E+03   -0.9990E+03   -0.9990E+03   -0.9990E+03   -0.9990E+03   -0.9990E+03   -0.9990E+03
   -0.9990E+03   -0.9990E+03   -0.9990E+03   -0.9990E+03   -0.9990E+03   -0.9990E+03   -0.9990E+03   -0.9990E+03   -0.9990E+03   -0.9990E+03   -0.9990E+03   -0.9990E+03   -0.9990E+03   -0.9990E+03   -0.9990E+03   -0.9990E+03   -0.9990E+03   -0.9990E+03   -0.9990E+03   -0.9990E+03   -0.9990E+03   -0.9990E+03   -0.9990E+03   -0.9990E+03   -0.9990E+03   -0.9990E+03   -0.9990E+03   -0.9990E+03   -0.9990E+03   -0.9990E+03   -0.9990E+03   -0.9990E+03   -0.9990E+03   -0.9990E+03    0.8433E+02    0.8313E+02    0.8175E+02    0.8076E+02    0.7928E+02    0.7736E+02    0.7489E+02    0.7189E+02    0.6835E+02    0.6430E+02    0.6052E+02    0.5980E+02    0.6501E+02    0.7306E+02    0.8120E+02    0.8898E+02    0.9643E+02   -0.9990E+03   -0.9990E+03   -0.9990E+03   -0.9990E+03   -0.9990E+03   -0.9990E+03   -0.9990E+03   -0.9990E+03   -0.9990E+03   -0.9990E+03   -0.9990E+03   -0.9990E+03   -0.9990E+03   -0.9990E+03   -0.9990E+03   -0.9990E+03   -0.9990E+03   -0.9990E+03   -0.9990E+03   -0.9990E+03   -0.9990E+03   -0.9990E+03   -0.9990E+03   -0.9990E+03   -0.9990E+03
   -0.9990E+03   -0.9990E+03   -0.9990E+03   -0.9990E+03   -0.9990E+03   -0.9990E+03   -0.9990E+03   -0.9990E+03   -0.9990E+03   -0.9990E+03   -0.9990E+03   -0.9990E+03   -0.9990E+03   -0.9990E+03   -0.9990E+03   -0.9990E+03   -0.9990E+03   -0.9990E+03   -0.9990E+03   -0.9990E+03   -0.9990E+03   -0.9990E+03   -0.9990E+03   -0.9990E+03   -0.9990E+03   -0.9990E+03   -0.9990E+03   -0.9990E+03   -0.9990E+03   -0.9990E+03   -0.9990E+03   -0.9990E+03   -0.9990E+03   -0.9990E+03    0.8529E+02    0.8305E+02    0.8294E+02    0.8222E+02    0.8082E+02    0.7892E+02    0.7642E+02    0.7334E+02    0.6964E+02    0.6524E+02    0.6008E+02    0.5416E+02    0.6434E+02    0.7375E+02    0.8243E+02    0.9053E+02    0.9820E+02    0.1056E+03   -0.9990E+03   -0.9990E+03   -0.9990E+03   -0.9990E+03   -0.9990E+03   -0.9990E+03   -0.9990E+03   -0.9990E+03   -0.9990E+03   -0.9990E+03   -0.9990E+03   -0.9990E+03   -0.9990E+03   -0.9990E+03   -0.9990E+03   -0.9990E+03   -0.9990E+03   -0.9990E+03   -0.9990E+03   -0.9990E+03   -0.9990E+03   -0.9990E+03   -0.9990E+03   -0.9990E+03
   -0.9990E+03   -0.9990E+03   -0.9990E+03   -0.9990E+03   -0.9990E+03   -0.9990E+03   -0.9990E+03   -0.9990E+03   -0.9990E+03   -0.9990E+03   -0.9990E+03   -0.9990E+03   -0.9990E+03   -0.9990E+03   -0.9990E+03   -0.9990E+03   -0.9990E+03   -0.9990E+03   -0.9990E+03   -0.9990E+03   -0.9990E+03   -0.9990E+03   -0.9990E+03   -0.9990E+03   -0.9990E+03   -0.9990E+03   -0.9990E+03   -0.9990E+03   -0.9990E+03   -0.9990E+03   -0.9990E+03   -0.9990E+03   -0.9990E+03    0.8970E+02    0.8843E+02    0.8681E+02    0.8571E+02    0.8466E+02    0.8328E+02    0.8138E+02    0.7893E+02    0.7596E+02    0.7240E+02    0.6836E+02    0.6458E+02    0.6366E+02    0.6878E+02    0.7691E+02    0.8523E+02    0.9316E+02    0.1007E+03   -0.9990E+03   -0.9990E+03   -0.9990E+03   -0.9990E+03   -0.9990E+03   -0.9990E+03   -0.9990E+03   -0.9990E+03   -0.9990E+03   -0.9990E+03   -0.9990E+03   -0.9990E+03   -0.9990E+03   -0.9990E+03   -0.9990E+03   -0.9990E+03   -0.9990E+03   -0.9990E+03   -0.9990E+03   -0.9990E+03   -0.9990E+03   -0.9990E+03   -0.9990E+03   -0.9990E+03   -0.9990E+03
   -0.9990E+03   -0.9990E+03   -0.9990E+03   -0.9990E+03   -0.9990E+03   -0.9990E+03   -0.9990E+03   -0.9990E+03   -0.9990E+03   -0.9990E+03   -0.9990E+03   -0.9990E+03   -0.9990E+03   -0.9990E+03   -0.9990E+03   -0.9990E+03   -0.9990E+03   -0.9990E+03   -0.9990E+03   -0.9990E+03   -0.9990E+03   -0.9990E+03   -0.9990E+03   -0.9990E+03   -0.9990E+03   -0.9990E+03   -0.9990E+03   -0.9990E+03   -0.9990E+03   -0.9990E+03   -0.9990E+03    0.9539E+02    0.1144E+03    0.9384E+02    0.9242E+02    0.9088E+02    0.8939E+02    0.8811E+02    0.8660E+02    0.1064E+03    0.1030E+03    0.7962E+02    0.7644E+02    0.7360E+02    0.7178E+02    0.7217E+02    0.7596E+02    0.8208E+02    0.8938E+02    0.9677E+02   -0.9990E+03   -0.9990E+03   -0.9990E+03   -0.9990E+03   -0.9990E+03   -0.9990E+03   -0.9990E+03   -0.9990E+03   -0.9990E+03   -0.9990E+03   -0.9990E+03   -0.9990E+03   -0.9990E+03   -0.9990E+03   -0.9990E+03   -0.9990E+03   -0.9990E+03   -0.9990E+03   -0.9990E+03   -0.9990E+03   -0.9990E+03   -0.9990E+03   -0.9990E+03   -0.9990E+03   -0.9990E+03   -0.9990E+03
   -0.9990E+03   -0.9990E+03   -0.9990E+03   -0.9990E+03   -0.9990E+03   -0.9990E+03   -0.9990E+03   -0.9990E+03   -0.9990E+03   -0.9990E+03   -0.9990E+03   -0.9990E+03   -0.9990E+03   -0.9990E+03   -0.9990E+03   -0.9990E+03   -0.9990E+03   -0.9990E+03   -0.9990E+03   -0.9990E+03   -0.9990E+03   -0.9990E+03   -0.9990E+03   -0.9990E+03   -0.9990E+03   -0.9990E+03   -0.9990E+03   -0.9990E+03   -0.9990E+03   -0.9990E+03   -0.9990E+03    0.1005E+03    0.9957E+02    0.9838E+02    0.9687E+02    0.9523E+02    0.9357E+02    0.9213E+02    0.9075E+02    0.1014E+03   -0.9990E+03    0.8406E+02    0.8157E+02    0.7973E+02    0.7895E+02    0.7987E+02    0.8319E+02    0.8817E+02    0.9435E+02   -0.9990E+03   -0.9990E+03   -0.9990E+03   -0.9990E+03   -0.9990E+03   -0.9990E+03   -0.9990E+03   -0.9990E+03   -0.9990E+03   -0.9990E+03   -0.9990E+03   -0.9990E+03   -0.9990E+03   -0.9990E+03   -0.9990E+03   -0.9990E+03   -0.9990E+03   -0.9990E+03   -0.9990E+03   -0.9990E+03   -0.9990E+03   -0.9990E+03   -0.9990E+03   -0.9990E+03   -0.9990E+03   -0.9990E+03   -0.9990E+03
   -0.9990E+03   -0.9990E+03   -0.9990E+03   -0.9990E+03   -0.9990E+03   -0.9990E+03   -0.9990E+03   -0.9990E+03   -0.9990E+03   -0.9990E+03   -0.9990E+03   -0.9990E+03   -0.9990E+03   -0.9990E+03   -0.9990E+03   -0.9990E+03   -0.9990E+03   -0.9990E+03   -0.9990E+03   -0.9990E+03   -0.9990E+03   -0.9990E+03   -0.9990E+03   -0.9990E+03   -0.9990E+03   -0.9990E+03   -0.9990E+03   -0.9990E+03   -0.9990E+03   -0.9990E+03   -0.9990E+03    0.1059E+03    0.1048E+03    0.1033E+03    0.1016E+03    0.9986E+02    0.9803E+02    0.9655E+02    0.9500E+02    0.9320E+02    0.9106E+02    0.8881E+02    0.8704E+02    0.8583E+02    0.8567E+02    0.8686E+02    0.8988E+02    0.9427E+02   -0.9990E+03   -0.9990E+03   -0.9990E+03   -0.9990E+03   -0.9990E+03   -0.9990E+03   -0.9990E+03   -0.9990E+03   -0.9990E+03   -0.9990E+03   -0.9990E+03   -0.9990E+03   -0.9990E+03   -0.9990E+03   -0.9990E+03   -0.9990E+03   -0.9990E+03   -0.9990E+03   -0.9990E+03   -0.9990E+03   -0.9990E+03   -0.9990E+03   -0.9990E+03   -0.9990E+03   -0.9990E+03   -0.9990E+03   -0.9990E+03   -0.9990E+03
   -0.9990E+03   -0.9990E+03   -0.9990E+03   -0.9990E+03   -0.9990E+03   -0.9990E+03   -0.9990E+03   -0.9990E+03   -0.9990E+03   -0.9990E+03   -0.9990E+03   -0.9990E+03   -0.9990E+03   -0.9990E+03   -0.9990E+03   -0.9990E+03   -0.9990E+03   -0.9990E+03   -0.9990E+03   -0.9990E+03   -0.9990E+03   -0.9990E+03   -0.9990E+03   -0.9990E+03   -0.9990E+03   -0.9990E+03   -0.9990E+03   -0.9990E+03   -0.9990E+03   -0.9990E+03   -0.9990E+03    0.1116E+03    0.1102E+03    0.1084E+03    0.1066E+03    0.1047E+03    0.1027E+03    0.1013E+03    0.9955E+02    0.9777E+02    0.9579E+02    0.9389E+02    0.9237E+02    0.9169E+02    0.9182E+02    0.9310E+02    0.9602E+02    0.1001E+03   -0.9990E+03   -0.9990E+03   -0.9990E+03   -0.9990E+03   -0.9990E+03   -0.9990E+03   -0.9990E+03   -0.9990E+03   -0.9990E+03   -0.9990E+03   -0.9990E+03   -0.9990E+03   -0.9990E+03   -0.9990E+03   -0.9990E+03   -0.9990E+03   -0.9990E+03   -0.9990E+03   -0.9990E+03   -0.9990E+03   -0.9990E+03   -0.9990E+03   -0.9990E+03   -0.9990E+03   -0.9990E+03   -0.9990E+03   -0.9990E+03   -0.9990E+03
   -0.9990E+03   -0.9990E+03   -0.9990E+03   -0.9990E+03   -0.9990E+03   -0.9990E+03   -0.9990E+03   -0.9990E+03   -0.9990E+03   -0.9990E+03   -0.9990E+03   -0.9990E+03   -0.9990E+03   -0.9990E+03   -0.9990E+03   -0.9990E+03   -0.9990E+03   -0.9990E+03   -0.9990E+03   -0.9990E+03   -0.9990E+03   -0.9990E+03   -0.9990E+03   -0.9990E+03   -0.9990E+03   -0.9990E+03   -0.9990E+03   -0.9990E+03   -0.9990E+03   -0.9990E+03    0.1249E+03    0.1177E+03    0.1158E+03    0.1138E+03    0.1118E+03    0.1097E+03    0.1076E+03    0.1060E+03    0.1044E+03    0.1025E+03    0.1006E+03    0.9885E+02    0.9750E+02    0.9699E+02    0.9737E+02    0.9875E+02    0.1016E+03   -0.9990E+03   -0.9990E+03   -0.9990E+03   -0.9990E+03   -0.9990E+03   -0.9990E+03   -0.9990E+03   -0.9990E+03   -0.9990E+03   -0.9990E+03   -0.9990E+03   -0.9990E+03   -0.9990E+03   -0.9990E+03   -0.9990E+03   -0.9990E+03   -0.9990E+03   -0.9990E+03   -0.9990E+03   -0.9990E+03   -0.9990E+03   -0.9990E+03   -0.9990E+03   -0.9990E+03   -0.9990E+03   -0.9990E+03   -0.9990E+03   -0.9990E+03   -0.9990E+03
   -0.9990E+03   -0.9990E+03   -0.9990E+03   -0.9990E+03   -0.9990E+03   -0.9990E+03   -0.9990E+03   -0.9990E+03   -0.9990E+03   -0.9990E+03   -0.9990E+03   -0.9990E+03   -0.9990E+03   -0.9990E+03   -0.9990E+03   -0.9990E+03   -0.9990E+03   -0.9990E+03   -0.9990E+03   -0.9990E+03   -0.9990E+03   -0.9990E+03   -0.9990E+03   -0.9990E+03   -0.9990E+03   -0.9990E+03   -0.9990E+03   -0.9990E+03   -0.9990E+03   -0.9990E+03    0.1264E+03    0.1240E+03    0.1216E+03    0.1192E+03    0.1170E+03    0.1149E+03    0.1126E+03    0.1109E+03    0.1091E+03    0.1074E+03    0.1056E+03    0.1040E+03    0.1026E+03    0.1019E+03    0.1024E+03    0.1038E+03    0.1067E+03   -0.9990E+03   -0.9990E+03   -0.9990E+03   -0.9990E+03   -0.9990E+03   -0.9990E+03   -0.9990E+03   -0.9990E+03   -0.9990E+03   -0.9990E+03   -0.9990E+03   -0.9990E+03   -0.9990E+03   -0.9990E+03   -0.9990E+03   -0.9990E+03   -0.9990E+03   -0.9990E+03   -0.9990E+03   -0.9990E+03   -0.9990E+03   -0.9990E+03   -0.9990E+03   -0.9990E+03   -0.9990E+03   -0.9990E+03   -0.9990E+03   -0.9990E+03   -0.9990E+03
   -0.9990E+03   -0.9990E+03   -0.9990E+03   -0.9990E+03   -0.9990E+03   -0.9990E+03   -0.9990E+03   -0.9990E+03   -0.9990E+03   -0.9990E+03   -0.9990E+03   -0.9990E+03   -0.9990E+03   -0.9990E+03   -0.9990E+03   -0.9990E+03   -0.9990E+03   -0.9990E+03   -0.9990E+03   -0.9990E+03   -0.9990E+03   -0.9990E+03   -0.9990E+03   -0.9990E+03   -0.9990E+03   -0.9990E+03   -0.9990E+03   -0.9990E+03   -0.9990E+03   -0.9990E+03    0.1329E+03    0.1302E+03    0.1277E+03    0.1250E+03    0.1224E+03    0.1201E+03    0.1179E+03    0.1162E+03    0.1146E+03    0.1128E+03    0.1110E+03    0.1094E+03    0.1079E+03    0.1069E+03    0.1068E+03    0.1083E+03    0.1113E+03    0.1156E+03   -0.9990E+03   -0.9990E+03   -0.9990E+03   -0.9990E+03   -0.9990E+03   -0.9990E+03   -0.9990E+03   -0.9990E+03   -0.9990E+03   -0.9990E+03   -0.9990E+03   -0.9990E+03   -0.9990E+03   -0.9990E+03   -0.9990E+03   -0.9990E+03   -0.9990E+03   -0.9990E+03   -0.9990E+03   -0.9990E+03   -0.9990E+03   -0.9990E+03   -0.9990E+03   -0.9990E+03   -0.9990E+03   -0.9990E+03   -0.9990E+03   -0.9990E+03
   -0.9990E+03   -0.9990E+03   -0.9990E+03   -0.9990E+03   -0.9990E+03   -0.9990E+03   -0.9990E+03   -0.9990E+03   -0.9990E+03   -0.9990E+03   -0.9990E+03   -0.9990E+03   -0.9990E+03   -0.9990E+03   -0.9990E+03   -0.9990E+03   -0.9990E+03   -0.9990E+03   -0.9990E+03   -0.9990E+03   -0.9990E+03   -0.9990E+03   -0.9990E+03   -0.9990E+03   -0.9990E+03   -0.9990E+03   -0.9990E+03   -0.9990E+03   -0.9990E+03   -0.9990E+03   -0.9990E+03    0.1366E+03    0.1337E+03    0.1309E+03    0.1279E+03    0.1254E+03    0.1233E+03    0.1218E+03    0.1201E+03    0.1183E+03    0.1166E+03    0.1150E+03    0.1134E+03    0.1123E+03    0.1115E+03    0.1122E+03    0.1157E+03    0.1205E+03   -0.9990E+03   -0.9990E+03   -0.9990E+03   -0.9990E+03   -0.9990E+03   -0.9990E+03   -0.9990E+03   -0.9990E+03   -0.9990E+03   -0.9990E+03   -0.9990E+03   -0.9990E+03   -0.9990E+03   -0.9990E+03   -0.9990E+03   -0.9990E+03   -0.9990E+03   -0.9990E+03   -0.9990E+03   -0.9990E+03   -0.9990E+03   -0.9990E+03   -0.9990E+03   -0.9990E+03   -0.9990E+03   -0.9990E+03   -0.9990E+03   -0.9990E+03
   -0.9990E+03   -0.9990E+03   -0.9990E+03   -0.9990E+03   -0.9990E+03   -0.9990E+03   -0.9990E+03   -0.9990E+03   -0.9990E+03   -0.9990E+03   -0.9990E+03   -0.9990E+03   -0.9990E+03   -0.9990E+03   -0.9990E+03   -0.9990E+03   -0.9990E+03   -0.9990E+03   -0.9990E+03   -0.9990E+03   -0.9990E+03   -0.9990E+03   -0.9990E+03   -0.9990E+03   -0.9990E+03   -0.9990E+03   -0.9990E+03   -0.9990E+03   -0.9990E+03   -0.9990E+03   -0.9990E+03   -0.9990E+03    0.1399E+03    0.1368E+03    0.1337E+03    0.1305E+03    0.1290E+03    0.1273E+03    0.1257E+03    0.1242E+03    0.1226E+03    0.1211E+03    0.1195E+03    0.1182E+03    0.1167E+03    0.1155E+03    0.1209E+03   -0.9990E+03   -0.9990E+03   -0.9990E+03   -0.9990E+03   -0.9990E+03   -0.9990E+03   -0.9990E+03   -0.9990E+03   -0.9990E+03   -0.9990E+03   -0.9990E+03   -0.9990E+03   -0.9990E+03   -0.9990E+03   -0.9990E+03   -0.9990E+03   -0.9990E+03   -0.9990E+03   -0.9990E+03   -0.9990E+03   -0.9990E+03   -0.9990E+03   -0.9990E+03   -0.9990E+03   -0.9990E+03   -0.9990E+03   -0.9990E+03   -0.9990E+03   -0.9990E+03
   -0.9990E+03   -0.9990E+03   -0.9990E+03   -0.9990E+03   -0.9990E+03   -0.9990E+03   -0.9990E+03   -0.9990E+03   -0.9990E+03   -0.9990E+03   -0.9990E+03   -0.9990E+03   -0.9990E+03   -0.9990E+03   -0.9990E+03   -0.9990E+03   -0.9990E+03   -0.9990E+03   -0.9990E+03   -0.9990E+03   -0.9990E+03   -0.9990E+03   -0.9990E+03   -0.9990E+03   -0.9990E+03   -0.9990E+03   -0.9990E+03   -0.9990E+03   -0.9990E+03   -0.9990E+03   -0.9990E+03   -0.9990E+03    0.1462E+03    0.1431E+03    0.1403E+03    0.1371E+03    0.1349E+03    0.1329E+03    0.1316E+03    0.1303E+03    0.1290E+03    0.1277E+03   -0.9990E+03   -0.9990E+03   -0.9990E+03   -0.9990E+03   -0.9990E+03   -0.9990E+03   -0.9990E+03   -0.9990E+03   -0.9990E+03   -0.9990E+03   -0.9990E+03   -0.9990E+03   -0.9990E+03   -0.9990E+03   -0.9990E+03   -0.9990E+03   -0.9990E+03   -0.9990E+03   -0.9990E+03   -0.9990E+03   -0.9990E+03   -0.9990E+03   -0.9990E+03   -0.9990E+03   -0.9990E+03   -0.9990E+03   -0.9990E+03   -0.9990E+03   -0.9990E+03   -0.9990E+03   -0.9990E+03   -0.9990E+03   -0.9990E+03   -0.9990E+03
   -0.9990E+03   -0.9990E+03   -0.9990E+03   -0.9990E+03   -0.9990E+03   -0.9990E+03   -0.9990E+03   -0.9990E+03   -0.9990E+03   -0.9990E+03   -0.9990E+03   -0.9990E+03   -0.9990E+03   -0.9990E+03   -0.9990E+03   -0.9990E+03   -0.9990E+03   -0.9990E+03   -0.9990E+03   -0.9990E+03   -0.9990E+03   -0.9990E+03   -0.9990E+03   -0.9990E+03   -0.9990E+03   -0.9990E+03   -0.9990E+03   -0.9990E+03   -0.9990E+03   -0.9990E+03   -0.9990E+03    0.1901E+03    0.1528E+03    0.1499E+03    0.1466E+03    0.1435E+03    0.1413E+03    0.1391E+03    0.1377E+03    0.1366E+03    0.1356E+03   -0.9990E+03   -0.9990E+03   -0.9990E+03   -0.9990E+03   -0.9990E+03   -0.9990E+03   -0.9990E+03   -0.9990E+03   -0.9990E+03   -0.9990E+03   -0.9990E+03   -0.9990E+03   -0.9990E+03   -0.9990E+03   -0.9990E+03   -0.9990E+03   -0.9990E+03   -0.9990E+03   -0.9990E+03   -0.9990E+03   -0.9990E+03   -0.9990E+03   -0.9990E+03   -0.9990E+03   -0.9990E+03   -0.9990E+03   -0.9990E+03   -0.9990E+03   -0.9990E+03   -0.9990E+03   -0.9990E+03   -0.9990E+03   -0.9990E+03   -0.9990E+03   -0.9990E+03
   -0.9990E+03   -0.9990E+03   -0.9990E+03   -0.9990E+03   -0.9990E+03   -0.9990E+03   -0.9990E+03   -0.9990E+03   -0.9990E+03   -0.9990E+03   -0.9990E+03   -0.9990E+03   -0.9990E+03   -0.9990E+03   -0.9990E+03   -0.9990E+03   -0.9990E+03   -0.9990E+03   -0.9990E+03   -0.9990E+03   -0.9990E+03   -0.9990E+03   -0.9990E+03   -0.9990E+03   -0.9990E+03   -0.9990E+03   -0.9990E+03   -0.9990E+03   -0.9990E+03   -0.9990E+03    0.1664E+03    0.1625E+03    0.1594E+03    0.1563E+03    0.1527E+03    0.1496E+03    0.1472E+03    0.1450E+03    0.1436E+03    0.1431E+03    0.1424E+03   -0.9990E+03   -0.9990E+03   -0.9990E+03   -0.9990E+03   -0.9990E+03   -0.9990E+03   -0.9990E+03   -0.9990E+03   -0.9990E+03   -0.9990E+03   -0.9990E+03   -0.9990E+03   -0.9990E+03   -0.9990E+03   -0.9990E+03   -0.9990E+03   -0.9990E+03   -0.9990E+03   -0.9990E+03   -0.9990E+03   -0.9990E+03   -0.9990E+03   -0.9990E+03   -0.9990E+03   -0.9990E+03   -0.9990E+03   -0.9990E+03   -0.9990E+03   -0.9990E+03   -0.9990E+03   -0.9990E+03   -0.9990E+03   -0.9990E+03   -0.9990E+03   -0.9990E+03
   -0.9990E+03   -0.9990E+03   -0.9990E+03   -0.9990E+03   -0.9990E+03   -0.9990E+03   -0.9990E+03   -0.9990E+03   -0.9990E+03   -0.9990E+03   -0.9990E+03   -0.9990E+03   -0.9990E+03   -0.9990E+03   -0.9990E+03   -0.9990E+03   -0.9990E+03   -0.9990E+03   -0.9990E+03   -0.9990E+03   -0.9990E+03   -0.9990E+03   -0.9990E+03   -0.9990E+03   -0.9990E+03   -0.9990E+03   -0.9990E+03   -0.9990E+03   -0.9990E+03   -0.9990E+03    0.1723E+03   -0.9990E+03    0.1658E+03    0.1621E+03    0.1585E+03    0.1555E+03    0.1529E+03    0.1506E+03    0.1492E+03    0.1488E+03    0.1483E+03   -0.9990E+03   -0.9990E+03   -0.9990E+03   -0.9990E+03   -0.9990E+03   -0.9990E+03   -0.9990E+03   -0.9990E+03   -0.9990E+03   -0.9990E+03   -0.9990E+03   -0.9990E+03   -0.9990E+03   -0.9990E+03   -0.9990E+03   -0.9990E+03   -0.9990E+03   -0.9990E+03   -0.9990E+03   -0.9990E+03   -0.9990E+03   -0.9990E+03   -0.9990E+03   -0.9990E+03   -0.9990E+03   -0.9990E+03   -0.9990E+03   -0.9990E+03   -0.9990E+03   -0.9990E+03   -0.9990E+03   -0.9990E+03   -0.9990E+03   -0.9990E+03   -0.9990E+03
   -0.9990E+03   -0.9990E+03   -0.9990E+03   -0.9990E+03   -0.9990E+03   -0.9990E+03   -0.9990E+03   -0.9990E+03   -0.9990E+03   -0.9990E+03   -0.9990E+03   -0.9990E+03   -0.9990E+03   -0.9990E+03   -0.9990E+03   -0.9990E+03   -0.9990E+03   -0.9990E+03   -0.9990E+03   -0.9990E+03   -0.9990E+03   -0.9990E+03   -0.9990E+03   -0.9990E+03   -0.9990E+03   -0.9990E+03   -0.9990E+03   -0.9990E+03   -0.9990E+03   -0.9990E+03   -0.9990E+03   -0.9990E+03    0.2074E+03    0.1677E+03    0.1641E+03    0.1610E+03    0.1584E+03    0.1562E+03    0.1548E+03    0.1544E+03    0.1543E+03   -0.9990E+03   -0.9990E+03   -0.9990E+03   -0.9990E+03   -0.9990E+03   -0.9990E+03   -0.9990E+03   -0.9990E+03   -0.9990E+03   -0.9990E+03   -0.9990E+03   -0.9990E+03   -0.9990E+03   -0.9990E+03   -0.9990E+03   -0.9990E+03   -0.9990E+03   -0.9990E+03   -0.9990E+03   -0.9990E+03   -0.9990E+03   -0.9990E+03   -0.9990E+03   -0.9990E+03   -0.9990E+03   -0.9990E+03   -0.9990E+03   -0.9990E+03   -0.9990E+03   -0.9990E+03   -0.9990E+03   -0.9990E+03   -0.9990E+03   -0.9990E+03   -0.9990E+03
   -0.9990E+03   -0.9990E+03   -0.9990E+03   -0.9990E+03   -0.9990E+03   -0.9990E+03   -0.9990E+03   -0.9990E+03   -0.9990E+03   -0.9990E+03   -0.9990E+03   -0.9990E+03   -0.9990E+03   -0.9990E+03   -0.9990E+03   -0.9990E+03   -0.9990E+03   -0.9990E+03   -0.9990E+03   -0.9990E+03   -0.9990E+03   -0.9990E+03   -0.9990E+03   -0.9990E+03   -0.9990E+03   -0.9990E+03   -0.9990E+03   -0.9990E+03   -0.9990E+03    0.1885E+03   -0.9990E+03   -0.9990E+03    0.2120E+03    0.1729E+03    0.1694E+03    0.1663E+03    0.1635E+03    0.1617E+03    0.1604E+03    0.1604E+03   -0.9990E+03   -0.9990E+03   -0.9990E+03   -0.9990E+03   -0.9990E+03   -0.9990E+03   -0.9990E+03   -0.9990E+03   -0.9990E+03   -0.9990E+03   -0.9990E+03   -0.9990E+03   -0.9990E+03   -0.9990E+03   -0.9990E+03   -0.9990E+03   -0.9990E+03   -0.9990E+03   -0.9990E+03   -0.9990E+03   -0.9990E+03   -0.9990E+03   -0.9990E+03   -0.9990E+03   -0.9990E+03   -0.9990E+03   -0.9990E+03   -0.9990E+03   -0.9990E+03   -0.9990E+03   -0.9990E+03   -0.9990E+03   -0.9990E+03   -0.9990E+03   -0.9990E+03   -0.9990E+03
   -0.9990E+03   -0.9990E+03   -0.9990E+03   -0.9990E+03   -0.9990E+03   -0.9990E+03   -0.9990E+03   -0.9990E+03   -0.9990E+03   -0.9990E+03   -0.9990E+03   -0.9990E+03   -0.9990E+03   -0.9990E+03   -0.9990E+03   -0.9990E+03   -0.9990E+03   -0.9990E+03   -0.9990E+03   -0.9990E+03   -0.9990E+03   -0.9990E+03   -0.9990E+03   -0.9990E+03   -0.9990E+03   -0.9990E+03   -0.9990E+03   -0.9990E+03   -0.9990E+03    0.1943E+03   -0.9990E+03   -0.9990E+03   -0.9990E+03    0.1779E+03    0.1742E+03    0.1712E+03    0.1686E+03    0.1670E+03    0.1664E+03    0.1664E+03   -0.9990E+03   -0.9990E+03   -0.9990E+03   -0.9990E+03   -0.9990E+03   -0.9990E+03   -0.9990E+03   -0.9990E+03   -0.9990E+03   -0.9990E+03   -0.9990E+03   -0.9990E+03   -0.9990E+03   -0.9990E+03   -0.9990E+03   -0.9990E+03   -0.9990E+03   -0.9990E+03   -0.9990E+03   -0.9990E+03   -0.9990E+03   -0.9990E+03   -0.9990E+03   -0.9990E+03   -0.9990E+03   -0.9990E+03   -0.9990E+03   -0.9990E+03   -0.9990E+03   -0.9990E+03   -0.9990E+03   -0.9990E+03   -0.9990E+03   -0.9990E+03   -0.9990E+03   -0.9990E+03
   -0.9990E+03   -0.9990E+03   -0.9990E+03   -0.9990E+03   -0.9990E+03   -0.9990E+03   -0.9990E+03   -0.9990E+03   -0.9990E+03   -0.9990E+03   -0.9990E+03   -0.9990E+03   -0.9990E+03   -0.9990E+03   -0.9990E+03   -0.9990E+03   -0.9990E+03   -0.9990E+03   -0.9990E+03   -0.9990E+03   -0.9990E+03   -0.9990E+03   -0.9990E+03   -0.9990E+03   -0.9990E+03   -0.9990E+03   -0.9990E+03   -0.9990E+03   -0.9990E+03    0.2001E+03   -0.9990E+03   -0.9990E+03   -0.9990E+03    0.1824E+03    0.1788E+03    0.1757E+03    0.1735E+03    0.1723E+03    0.1723E+03    0.1724E+03   -0.9990E+03   -0.9990E+03   -0.9990E+03   -0.9990E+03   -0.9990E+03   -0.9990E+03   -0.9990E+03   -0.9990E+03   -0.9990E+03   -0.9990E+03   -0.9990E+03   -0.9990E+03   -0.9990E+03   -0.9990E+03   -0.9990E+03   -0.9990E+03   -0.9990E+03   -0.9990E+03   -0.9990E+03   -0.9990E+03   -0.9990E+03   -0.9990E+03   -0.9990E+03   -0.9990E+03   -0.9990E+03   -0.9990E+03   -0.9990E+03   -0.9990E+03   -0.9990E+03   -0.9990E+03   -0.9990E+03   -0.9990E+03   -0.9990E+03   -0.9990E+03   -0.9990E+03   -0.9990E+03
   -0.9990E+03   -0.9990E+03   -0.9990E+03   -0.9990E+03   -0.9990E+03   -0.9990E+03   -0.9990E+03   -0.9990E+03   -0.9990E+03   -0.9990E+03   -0.9990E+03   -0.9990E+03   -0.9990E+03   -0.9990E+03   -0.9990E+03   -0.9990E+03   -0.9990E+03   -0.9990E+03   -0.9990E+03   -0.9990E+03   -0.9990E+03   -0.9990E+03   -0.9990E+03   -0.9990E+03   -0.9990E+03   -0.9990E+03   -0.9990E+03   -0.9990E+03   -0.9990E+03   -0.9990E+03   -0.9990E+03   -0.9990E+03    0.2139E+03    0.1868E+03    0.1828E+03    0.1798E+03    0.1781E+03    0.1780E+03    0.1782E+03    0.1784E+03   -0.9990E+03   -0.9990E+03   -0.9990E+03   -0.9990E+03   -0.9990E+03   -0.9990E+03   -0.9990E+03   -0.9990E+03   -0.9990E+03   -0.9990E+03   -0.9990E+03   -0.9990E+03   -0.9990E+03   -0.9990E+03   -0.9990E+03   -0.9990E+03   -0.9990E+03   -0.9990E+03   -0.9990E+03   -0.9990E+03   -0.9990E+03   -0.9990E+03   -0.9990E+03   -0.9990E+03   -0.9990E+03   -0.9990E+03   -0.9990E+03   -0.9990E+03   -0.9990E+03   -0.9990E+03   -0.9990E+03   -0.9990E+03   -0.9990E+03   -0.9990E+03   -0.9990E+03   -0.9990E+03
   -0.9990E+03   -0.9990E+03   -0.9990E+03   -0.9990E+03   -0.9990E+03   -0.9990E+03   -0.9990E+03   -0.9990E+03   -0.9990E+03   -0.9990E+03   -0.9990E+03   -0.9990E+03   -0.9990E+03   -0.9990E+03   -0.9990E+03   -0.9990E+03   -0.9990E+03   -0.9990E+03   -0.9990E+03   -0.9990E+03   -0.9990E+03   -0.9990E+03   -0.9990E+03   -0.9990E+03   -0.9990E+03   -0.9990E+03   -0.9990E+03   -0.9990E+03   -0.9990E+03   -0.9990E+03   -0.9990E+03   -0.9990E+03    0.2280E+03    0.1917E+03    0.1875E+03    0.1834E+03    0.1835E+03    0.1836E+03    0.1839E+03    0.1842E+03   -0.9990E+03   -0.9990E+03   -0.9990E+03   -0.9990E+03   -0.9990E+03   -0.9990E+03   -0.9990E+03   -0.9990E+03   -0.9990E+03   -0.9990E+03   -0.9990E+03   -0.9990E+03   -0.9990E+03   -0.9990E+03   -0.9990E+03   -0.9990E+03   -0.9990E+03   -0.9990E+03   -0.9990E+03   -0.9990E+03   -0.9990E+03   -0.9990E+03   -0.9990E+03   -0.9990E+03   -0.9990E+03   -0.9990E+03   -0.9990E+03   -0.9990E+03   -0.9990E+03   -0.9990E+03   -0.9990E+03   -0.9990E+03   -0.9990E+03   -0.9990E+03   -0.9990E+03   -0.9990E+03
   -0.9990E+03   -0.9990E+03   -0.9990E+03   -0.9990E+03   -0.9990E+03   -0.9990E+03   -0.9990E+03   -0.9990E+03   -0.9990E+03   -0.9990E+03   -0.9990E+03   -0.9990E+03   -0.9990E+03   -0.9990E+03   -0.9990E+03   -0.9990E+03   -0.9990E+03   -0.9990E+03   -0.9990E+03   -0.9990E+03   -0.9990E+03   -0.9990E+03   -0.9990E+03   -0.9990E+03   -0.9990E+03   -0.9990E+03   -0.9990E+03   -0.9990E+03   -0.9990E+03   -0.9990E+03   -0.9990E+03   -0.9990E+03    0.2010E+03    0.1970E+03    0.1934E+03    0.1902E+03    0.1891E+03    0.1892E+03    0.1895E+03    0.1899E+03   -0.9990E+03   -0.9990E+03   -0.9990E+03   -0.9990E+03   -0.9990E+03   -0.9990E+03   -0.9990E+03   -0.9990E+03   -0.9990E+03   -0.9990E+03   -0.9990E+03   -0.9990E+03   -0.9990E+03   -0.9990E+03   -0.9990E+03   -0.9990E+03   -0.9990E+03   -0.9990E+03   -0.9990E+03   -0.9990E+03   -0.9990E+03   -0.9990E+03   -0.9990E+03   -0.9990E+03   -0.9990E+03   -0.9990E+03   -0.9990E+03   -0.9990E+03   -0.9990E+03   -0.9990E+03   -0.9990E+03   -0.9990E+03   -0.9990E+03   -0.9990E+03   -0.9990E+03   -0.9990E+03
   -0.9990E+03   -0.9990E+03   -0.9990E+03   -0.9990E+03   -0.9990E+03   -0.9990E+03   -0.9990E+03   -0.9990E+03   -0.9990E+03   -0.9990E+03   -0.9990E+03   -0.9990E+03   -0.9990E+03   -0.9990E+03   -0.9990E+03   -0.9990E+03   -0.9990E+03   -0.9990E+03   -0.9990E+03   -0.9990E+03   -0.9990E+03   -0.9990E+03   -0.9990E+03   -0.9990E+03   -0.9990E+03   -0.9990E+03   -0.9990E+03   -0.9990E+03   -0.9990E+03   -0.9990E+03   -0.9990E+03    0.2095E+03    0.2058E+03    0.2023E+03    0.1993E+03    0.1966E+03    0.1953E+03    0.1950E+03    0.1952E+03    0.1957E+03   -0.9990E+03   -0.9990E+03   -0.9990E+03   -0.9990E+03   -0.9990E+03   -0.9990E+03   -0.9990E+03   -0.9990E+03   -0.9990E+03   -0.9990E+03   -0.9990E+03   -0.9990E+03   -0.9990E+03   -0.9990E+03   -0.9990E+03   -0.9990E+03   -0.9990E+03   -0.9990E+03   -0.9990E+03   -0.9990E+03   -0.9990E+03   -0.9990E+03   -0.9990E+03   -0.9990E+03   -0.9990E+03   -0.9990E+03   -0.9990E+03   -0.9990E+03   -0.9990E+03   -0.9990E+03   -0.9990E+03   -0.9990E+03   -0.9990E+03   -0.9990E+03   -0.9990E+03   -0.9990E+03
   -0.9990E+03   -0.9990E+03   -0.9990E+03   -0.9990E+03   -0.9990E+03   -0.9990E+03   -0.9990E+03   -0.9990E+03   -0.9990E+03   -0.9990E+03   -0.9990E+03   -0.9990E+03   -0.9990E+03   -0.9990E+03   -0.9990E+03   -0.9990E+03   -0.9990E+03   -0.9990E+03   -0.9990E+03   -0.9990E+03   -0.9990E+03   -0.9990E+03   -0.9990E+03   -0.9990E+03   -0.9990E+03    0.2344E+03    0.2456E+03   -0.9990E+03    0.2336E+03    0.2195E+03    0.2163E+03    0.2132E+03    0.2102E+03    0.2071E+03    0.2047E+03    0.2025E+03    0.2013E+03    0.2008E+03    0.2010E+03    0.2014E+03   -0.9990E+03   -0.9990E+03   -0.9990E+03   -0.9990E+03   -0.9990E+03   -0.9990E+03   -0.9990E+03   -0.9990E+03   -0.9990E+03   -0.9990E+03   -0.9990E+03   -0.9990E+03   -0.9990E+03   -0.9990E+03   -0.9990E+03   -0.9990E+03   -0.9990E+03   -0.9990E+03   -0.9990E+03   -0.9990E+03   -0.9990E+03   -0.9990E+03   -0.9990E+03   -0.9990E+03   -0.9990E+03   -0.9990E+03   -0.9990E+03   -0.9990E+03   -0.9990E+03   -0.9990E+03   -0.9990E+03   -0.9990E+03   -0.9990E+03   -0.9990E+03   -0.9990E+03   -0.9990E+03
   -0.9990E+03   -0.9990E+03   -0.9990E+03   -0.9990E+03   -0.9990E+03   -0.9990E+03   -0.9990E+03   -0.9990E+03   -0.9990E+03   -0.9990E+03   -0.9990E+03   -0.9990E+03   -0.9990E+03   -0.9990E+03   -0.9990E+03   -0.9990E+03   -0.9990E+03   -0.9990E+03   -0.9990E+03   -0.9990E+03   -0.9990E+03   -0.9990E+03   -0.9990E+03    0.2712E+03    0.2369E+03    0.2334E+03    0.2299E+03    0.2482E+03    0.2239E+03    0.2213E+03    0.2188E+03    0.2164E+03    0.2138E+03    0.2118E+03    0.2099E+03    0.2082E+03    0.2071E+03    0.2065E+03    0.2066E+03   -0.9990E+03   -0.9990E+03   -0.9990E+03   -0.9990E+03   -0.9990E+03   -0.9990E+03   -0.9990E+03   -0.9990E+03   -0.9990E+03   -0.9990E+03   -0.9990E+03   -0.9990E+03   -0.9990E+03   -0.9990E+03   -0.9990E+03   -0.9990E+03   -0.9990E+03   -0.9990E+03   -0.9990E+03   -0.9990E+03   -0.9990E+03   -0.9990E+03   -0.9990E+03   -0.9990E+03   -0.9990E+03   -0.9990E+03   -0.9990E+03   -0.9990E+03   -0.9990E+03   -0.9990E+03   -0.9990E+03   -0.9990E+03   -0.9990E+03   -0.9990E+03   -0.9990E+03   -0.9990E+03   -0.9990E+03
   -0.9990E+03   -0.9990E+03   -0.9990E+03   -0.9990E+03   -0.9990E+03   -0.9990E+03   -0.9990E+03   -0.9990E+03   -0.9990E+03   -0.9990E+03   -0.9990E+03   -0.9990E+03   -0.9990E+03   -0.9990E+03   -0.9990E+03   -0.9990E+03   -0.9990E+03   -0.9990E+03   -0.9990E+03   -0.9990E+03   -0.9990E+03   -0.9990E+03   -0.9990E+03   -0.9990E+03    0.2650E+03    0.2330E+03    0.2299E+03    0.2271E+03    0.2247E+03    0.2227E+03    0.2210E+03    0.2192E+03    0.2176E+03    0.2163E+03    0.2148E+03    0.2136E+03    0.2127E+03    0.2121E+03   -0.9990E+03   -0.9990E+03   -0.9990E+03   -0.9990E+03   -0.9990E+03   -0.9990E+03   -0.9990E+03   -0.9990E+03   -0.9990E+03   -0.9990E+03   -0.9990E+03   -0.9990E+03   -0.9990E+03   -0.9990E+03   -0.9990E+03   -0.9990E+03   -0.9990E+03   -0.9990E+03   -0.9990E+03   -0.9990E+03   -0.9990E+03   -0.9990E+03   -0.9990E+03   -0.9990E+03   -0.9990E+03   -0.9990E+03   -0.9990E+03   -0.9990E+03   -0.9990E+03   -0.9990E+03   -0.9990E+03   -0.9990E+03   -0.9990E+03   -0.9990E+03   -0.9990E+03   -0.9990E+03   -0.9990E+03   -0.9990E+03
   -0.9990E+03   -0.9990E+03   -0.9990E+03   -0.9990E+03   -0.9990E+03   -0.9990E+03   -0.9990E+03   -0.9990E+03   -0.9990E+03   -0.9990E+03   -0.9990E+03   -0.9990E+03   -0.9990E+03   -0.9990E+03   -0.9990E+03   -0.9990E+03   -0.9990E+03   -0.9990E+03   -0.9990E+03   -0.9990E+03   -0.9990E+03   -0.9990E+03    0.2564E+03   -0.9990E+03    0.2612E+03    0.2325E+03    0.2296E+03    0.2273E+03    0.2254E+03    0.2242E+03    0.2231E+03    0.2221E+03    0.2212E+03    0.2206E+03    0.2197E+03    0.2189E+03    0.2182E+03    0.2176E+03   -0.9990E+03   -0.9990E+03   -0.9990E+03   -0.9990E+03   -0.9990E+03   -0.9990E+03   -0.9990E+03   -0.9990E+03   -0.9990E+03   -0.9990E+03   -0.9990E+03   -0.9990E+03   -0.9990E+03   -0.9990E+03   -0.9990E+03   -0.9990E+03   -0.9990E+03   -0.9990E+03   -0.9990E+03   -0.9990E+03   -0.9990E+03   -0.9990E+03   -0.9990E+03   -0.9990E+03   -0.9990E+03   -0.9990E+03   -0.9990E+03   -0.9990E+03   -0.9990E+03   -0.9990E+03   -0.9990E+03   -0.9990E+03   -0.9990E+03   -0.9990E+03   -0.9990E+03   -0.9990E+03   -0.9990E+03   -0.9990E+03
   -0.9990E+03   -0.9990E+03   -0.9990E+03   -0.9990E+03   -0.9990E+03   -0.9990E+03   -0.9990E+03   -0.9990E+03   -0.9990E+03   -0.9990E+03   -0.9990E+03   -0.9990E+03   -0.9990E+03   -0.9990E+03   -0.9990E+03   -0.9990E+03   -0.9990E+03   -0.9990E+03   -0.9990E+03   -0.9990E+03   -0.9990E+03    0.2747E+03    0.2438E+03    0.2573E+03    0.2352E+03    0.2317E+03    0.2291E+03    0.2273E+03    0.2261E+03    0.2257E+03    0.2252E+03    0.2249E+03    0.2247E+03    0.2247E+03    0.2245E+03    0.2241E+03    0.2235E+03    0.2229E+03   -0.9990E+03   -0.9990E+03   -0.9990E+03   -0.9990E+03   -0.9990E+03   -0.9990E+03   -0.9990E+03   -0.9990E+03   -0.9990E+03   -0.9990E+03   -0.9990E+03   -0.9990E+03   -0.9990E+03   -0.9990E+03   -0.9990E+03   -0.9990E+03   -0.9990E+03   -0.9990E+03   -0.9990E+03   -0.9990E+03   -0.9990E+03   -0.9990E+03   -0.9990E+03   -0.9990E+03   -0.9990E+03   -0.9990E+03   -0.9990E+03   -0.9990E+03   -0.9990E+03   -0.9990E+03   -0.9990E+03   -0.9990E+03   -0.9990E+03   -0.9990E+03   -0.9990E+03   -0.9990E+03   -0.9990E+03   -0.9990E+03
   -0.9990E+03   -0.9990E+03   -0.9990E+03   -0.9990E+03   -0.9990E+03   -0.9990E+03   -0.9990E+03   -0.9990E+03   -0.9990E+03   -0.9990E+03   -0.9990E+03   -0.9990E+03   -0.9990E+03   -0.9990E+03   -0.9990E+03   -0.9990E+03   -0.9990E+03   -0.9990E+03   -0.9990E+03   -0.9990E+03   -0.9990E+03    0.2718E+03    0.2450E+03    0.2392E+03    0.2341E+03    0.2305E+03    0.2283E+03    0.2272E+03    0.2272E+03    0.2273E+03    0.2274E+03    0.2277E+03    0.2281E+03    0.2287E+03    0.2293E+03    0.2292E+03    0.2288E+03    0.2281E+03   -0.9990E+03   -0.9990E+03   -0.9990E+03   -0.9990E+03   -0.9990E+03   -0.9990E+03   -0.9990E+03   -0.9990E+03   -0.9990E+03   -0.9990E+03   -0.9990E+03   -0.9990E+03   -0.9990E+03   -0.9990E+03   -0.9990E+03   -0.9990E+03   -0.9990E+03   -0.9990E+03   -0.9990E+03   -0.9990E+03   -0.9990E+03   -0.9990E+03   -0.9990E+03   -0.9990E+03   -0.9990E+03   -0.9990E+03   -0.9990E+03   -0.9990E+03   -0.9990E+03   -0.9990E+03   -0.9990E+03   -0.9990E+03   -0.9990E+03   -0.9990E+03   -0.9990E+03   -0.9990E+03   -0.9990E+03   -0.9990E+03
   -0.9990E+03   -0.9990E+03   -0.9990E+03   -0.9990E+03   -0.9990E+03   -0.9990E+03   -0.9990E+03   -0.9990E+03   -0.9990E+03   -0.9990E+03   -0.9990E+03   -0.9990E+03   -0.9990E+03   -0.9990E+03   -0.9990E+03   -0.9990E+03   -0.9990E+03   -0.9990E+03   -0.9990E+03   -0.9990E+03   -0.9990E+03   -0.9990E+03    0.2473E+03    0.2405E+03    0.2334E+03    0.2288E+03    0.2275E+03    0.2278E+03    0.2289E+03    0.2298E+03    0.2306E+03    0.2313E+03    0.2320E+03    0.2328E+03    0.2338E+03    0.2344E+03   -0.9990E+03   -0.9990E+03   -0.9990E+03   -0.9990E+03   -0.9990E+03   -0.9990E+03   -0.9990E+03   -0.9990E+03   -0.9990E+03   -0.9990E+03   -0.9990E+03   -0.9990E+03   -0.9990E+03   -0.9990E+03   -0.9990E+03   -0.9990E+03   -0.9990E+03   -0.9990E+03   -0.9990E+03   -0.9990E+03   -0.9990E+03   -0.9990E+03   -0.9990E+03   -0.9990E+03   -0.9990E+03   -0.9990E+03   -0.9990E+03   -0.9990E+03   -0.9990E+03   -0.9990E+03   -0.9990E+03   -0.9990E+03   -0.9990E+03   -0.9990E+03   -0.9990E+03   -0.9990E+03   -0.9990E+03   -0.9990E+03   -0.9990E+03   -0.9990E+03
   -0.9990E+03   -0.9990E+03   -0.9990E+03   -0.9990E+03   -0.9990E+03   -0.9990E+03   -0.9990E+03   -0.9990E+03   -0.9990E+03   -0.9990E+03   -0.9990E+03   -0.9990E+03   -0.9990E+03   -0.9990E+03   -0.9990E+03   -0.9990E+03   -0.9990E+03   -0.9990E+03   -0.9990E+03   -0.9990E+03   -0.9990E+03   -0.9990E+03    0.2508E+03    0.2434E+03    0.2353E+03    0.2266E+03    0.2290E+03    0.2309E+03    0.2324E+03    0.2335E+03    0.2345E+03    0.2353E+03    0.2362E+03    0.2372E+03    0.2383E+03    0.2397E+03   -0.9990E+03   -0.9990E+03   -0.9990E+03   -0.9990E+03   -0.9990E+03   -0.9990E+03   -0.9990E+03   -0.9990E+03   -0.9990E+03   -0.9990E+03   -0.9990E+03   -0.9990E+03   -0.9990E+03   -0.9990E+03   -0.9990E+03   -0.9990E+03   -0.9990E+03   -0.9990E+03   -0.9990E+03   -0.9990E+03   -0.9990E+03   -0.9990E+03   -0.9990E+03   -0.9990E+03   -0.9990E+03   -0.9990E+03   -0.9990E+03   -0.9990E+03   -0.9990E+03   -0.9990E+03   -0.9990E+03   -0.9990E+03   -0.9990E+03   -0.9990E+03   -0.9990E+03   -0.9990E+03   -0.9990E+03   -0.9990E+03   -0.9990E+03   -0.9990E+03
   -0.9990E+03   -0.9990E+03   -0.9990E+03   -0.9990E+03   -0.9990E+03   -0.9990E+03   -0.9990E+03   -0.9990E+03   -0.9990E+03   -0.9990E+03   -0.9990E+03   -0.9990E+03   -0.9990E+03   -0.9990E+03   -0.9990E+03   -0.9990E+03   -0.9990E+03   -0.9990E+03   -0.9990E+03   -0.9990E+03   -0.9990E+03    0.2627E+03    0.2558E+03    0.2485E+03    0.2413E+03    0.2359E+03    0.2348E+03    0.2358E+03    0.2369E+03    0.2379E+03    0.2388E+03    0.2396E+03    0.2405E+03    0.2415E+03    0.2426E+03   -0.9990E+03   -0.9990E+03   -0.9990E+03   -0.9990E+03   -0.9990E+03   -0.9990E+03   -0.9990E+03   -0.9990E+03   -0.9990E+03   -0.9990E+03   -0.9990E+03   -0.9990E+03   -0.9990E+03   -0.9990E+03   -0.9990E+03   -0.9990E+03   -0.9990E+03   -0.9990E+03   -0.9990E+03   -0.9990E+03   -0.9990E+03   -0.9990E+03   -0.9990E+03   -0.9990E+03   -0.9990E+03   -0.9990E+03   -0.9990E+03   -0.9990E+03   -0.9990E+03   -0.9990E+03   -0.9990E+03   -0.9990E+03   -0.9990E+03   -0.9990E+03   -0.9990E+03   -0.9990E+03   -0.9990E+03   -0.9990E+03   -0.9990E+03   -0.9990E+03   -0.9990E+03
   -0.9990E+03   -0.9990E+03   -0.9990E+03   -0.9990E+03   -0.9990E+03   -0.9990E+03   -0.9990E+03   -0.9990E+03   -0.9990E+03   -0.9990E+03   -0.9990E+03   -0.9990E+03   -0.9990E+03   -0.9990E+03   -0.9990E+03   -0.9990E+03   -0.9990E+03   -0.9990E+03   -0.9990E+03   -0.9990E+03    0.2750E+03    0.2687E+03    0.2620E+03    0.2553E+03    0.2490E+03    0.2446E+03    0.2425E+03    0.2421E+03    0.2424E+03    0.2429E+03    0.2436E+03    0.2443E+03    0.2450E+03    0.2455E+03    0.2455E+03   -0.9990E+03   -0.9990E+03   -0.9990E+03   -0.9990E+03   -0.9990E+03   -0.9990E+03   -0.9990E+03   -0.9990E+03   -0.9990E+03   -0.9990E+03   -0.9990E+03   -0.9990E+03   -0.9990E+03   -0.9990E+03   -0.9990E+03   -0.9990E+03   -0.9990E+03   -0.9990E+03   -0.9990E+03   -0.9990E+03   -0.9990E+03   -0.9990E+03   -0.9990E+03   -0.9990E+03   -0.9990E+03   -0.9990E+03   -0.9990E+03   -0.9990E+03   -0.9990E+03   -0.9990E+03   -0.9990E+03   -0.9990E+03   -0.9990E+03   -0.9990E+03   -0.9990E+03   -0.9990E+03   -0.9990E+03   -0.9990E+03   -0.9990E+03   -0.9990E+03   -0.9990E+03
   -0.9990E+03   -0.9990E+03   -0.9990E+03   -0.9990E+03   -0.9990E+03   -0.9990E+03   -0.9990E+03   -0.9990E+03   -0.9990E+03   -0.9990E+03   -0.9990E+03   -0.9990E+03   -0.9990E+03   -0.9990E+03   -0.9990E+03   -0.9990E+03   -0.9990E+03   -0.9990E+03   -0.9990E+03    0.2875E+03    0.2816E+03    0.2752E+03    0.2687E+03    0.2624E+03    0.2568E+03    0.2526E+03    0.2499E+03    0.2486E+03    0.2480E+03    0.2481E+03    0.2483E+03    0.2485E+03    0.2486E+03    0.2486E+03    0.2487E+03   -0.9990E+03   -0.9990E+03   -0.9990E+03   -0.9990E+03   -0.9990E+03   -0.9990E+03   -0.9990E+03   -0.9990E+03   -0.9990E+03   -0.9990E+03   -0.9990E+03   -0.9990E+03   -0.9990E+03   -0.9990E+03   -0.9990E+03   -0.9990E+03   -0.9990E+03   -0.9990E+03   -0.9990E+03   -0.9990E+03   -0.9990E+03   -0.9990E+03   -0.9990E+03   -0.9990E+03   -0.9990E+03   -0.9990E+03   -0.9990E+03   -0.9990E+03   -0.9990E+03   -0.9990E+03   -0.9990E+03   -0.9990E+03   -0.9990E+03   -0.9990E+03   -0.9990E+03   -0.9990E+03   -0.9990E+03   -0.9990E+03   -0.9990E+03   -0.9990E+03   -0.9990E+03
   -0.9990E+03   -0.9990E+03   -0.9990E+03   -0.9990E+03   -0.9990E+03   -0.9990E+03   -0.9990E+03   -0.9990E+03   -0.9990E+03   -0.9990E+03   -0.9990E+03   -0.9990E+03   -0.9990E+03   -0.9990E+03   -0.9990E+03   -0.9990E+03   -0.9990E+03   -0.9990E+03    0.3148E+03    0.2941E+03    0.2881E+03    0.2818E+03    0.2755E+03    0.2695E+03    0.2642E+03    0.2600E+03    0.2568E+03    0.2548E+03    0.2535E+03    0.2527E+03    0.2524E+03    0.2522E+03    0.2521E+03    0.2520E+03    0.2520E+03   -0.9990E+03   -0.9990E+03   -0.9990E+03   -0.9990E+03   -0.9990E+03   -0.9990E+03   -0.9990E+03   -0.9990E+03   -0.9990E+03   -0.9990E+03   -0.9990E+03   -0.9990E+03   -0.9990E+03   -0.9990E+03   -0.9990E+03   -0.9990E+03   -0.9990E+03   -0.9990E+03   -0.9990E+03   -0.9990E+03   -0.9990E+03   -0.9990E+03   -0.9990E+03   -0.9990E+03   -0.9990E+03   -0.9990E+03   -0.9990E+03   -0.9990E+03   -0.9990E+03   -0.9990E+03   -0.9990E+03   -0.9990E+03   -0.9990E+03   -0.9990E+03   -0.9990E+03   -0.9990E+03   -0.9990E+03   -0.9990E+03   -0.9990E+03   -0.9990E+03   -0.9990E+03
   -0.9990E+03   -0.9990E+03   -0.9990E+03   -0.9990E+03   -0.9990E+03   -0.9990E+03   -0.9990E+03   -0.9990E+03   -0.9990E+03   -0.9990E+03   -0.9990E+03   -0.9990E+03   -0.9990E+03   -0.9990E+03   -0.9990E+03    0.3222E+03    0.3179E+03    0.3128E+03    0.3071E+03    0.3012E+03    0.2949E+03    0.2885E+03    0.2823E+03    0.2765E+03    0.2712E+03    0.2668E+03    0.2633E+03    0.2607E+03    0.2588E+03    0.2575E+03    0.2567E+03    0.2562E+03    0.2558E+03    0.2555E+03   -0.9990E+03   -0.9990E+03   -0.9990E+03   -0.9990E+03   -0.9990E+03   -0.9990E+03   -0.9990E+03   -0.9990E+03   -0.9990E+03   -0.9990E+03   -0.9990E+03   -0.9990E+03   -0.9990E+03   -0.9990E+03   -0.9990E+03   -0.9990E+03   -0.9990E+03   -0.9990E+03   -0.9990E+03   -0.9990E+03   -0.9990E+03   -0.9990E+03   -0.9990E+03   -0.9990E+03   -0.9990E+03   -0.9990E+03   -0.9990E+03   -0.9990E+03   -0.9990E+03   -0.9990E+03   -0.9990E+03   -0.9990E+03   -0.9990E+03   -0.9990E+03   -0.9990E+03   -0.9990E+03   -0.9990E+03   -0.9990E+03   -0.9990E+03   -0.9990E+03   -0.9990E+03   -0.9990E+03
   -0.9990E+03   -0.9990E+03   -0.9990E+03   -0.9990E+03   -0.9990E+03   -0.9990E+03   -0.9990E+03   -0.9990E+03   -0.9990E+03   -0.9990E+03   -0.9990E+03   -0.9990E+03   -0.9990E+03    0.3353E+03    0.3338E+03    0.3309E+03    0.3266E+03    0.3211E+03    0.3149E+03    0.3084E+03    0.3018E+03    0.2953E+03    0.2889E+03    0.2830E+03    0.2777E+03    0.2731E+03    0.2694E+03    0.2664E+03    0.2640E+03    0.2623E+03    0.2611E+03    0.2602E+03    0.2595E+03   -0.9990E+03   -0.9990E+03   -0.9990E+03   -0.9990E+03   -0.9990E+03   -0.9990E+03   -0.9990E+03   -0.9990E+03   -0.9990E+03   -0.9990E+03   -0.9990E+03   -0.9990E+03   -0.9990E+03   -0.9990E+03   -0.9990E+03   -0.9990E+03   -0.9990E+03   -0.9990E+03   -0.9990E+03   -0.9990E+03   -0.9990E+03   -0.9990E+03   -0.9990E+03   -0.9990E+03   -0.9990E+03   -0.9990E+03   -0.9990E+03   -0.9990E+03   -0.9990E+03   -0.9990E+03   -0.9990E+03   -0.9990E+03   -0.9990E+03   -0.9990E+03   -0.9990E+03   -0.9990E+03   -0.9990E+03   -0.9990E+03   -0.9990E+03   -0.9990E+03   -0.9990E+03   -0.9990E+03   -0.9990E+03
   -0.9990E+03   -0.9990E+03   -0.9990E+03   -0.9990E+03   -0.9990E+03   -0.9990E+03   -0.9990E+03   -0.9990E+03   -0.9990E+03   -0.9990E+03    0.3393E+03    0.3409E+03    0.3427E+03    0.3433E+03    0.3426E+03    0.3402E+03    0.3357E+03    0.3296E+03    0.3227E+03    0.3156E+03    0.3086E+03    0.3016E+03    0.2951E+03    0.2890E+03    0.2836E+03    0.2789E+03    0.2749E+03    0.2716E+03    0.2690E+03    0.2670E+03    0.2654E+03    0.2642E+03    0.2633E+03   -0.9990E+03   -0.9990E+03   -0.9990E+03   -0.9990E+03   -0.9990E+03   -0.9990E+03   -0.9990E+03   -0.9990E+03   -0.9990E+03   -0.9990E+03   -0.9990E+03   -0.9990E+03   -0.9990E+03   -0.9990E+03   -0.9990E+03   -0.9990E+03   -0.9990E+03   -0.9990E+03   -0.9990E+03   -0.9990E+03   -0.9990E+03   -0.9990E+03   -0.9990E+03   -0.9990E+03   -0.9990E+03   -0.9990E+03   -0.9990E+03   -0.9990E+03   -0.9990E+03   -0.9990E+03   -0.9990E+03   -0.9990E+03   -0.9990E+03   -0.9990E+03   -0.9990E+03   -0.9990E+03   -0.9990E+03   -0.9990E+03   -0.9990E+03   -0.9990E+03   -0.9990E+03   -0.9990E+03   -0.9990E+03
   -0.9990E+03   -0.9990E+03   -0.9990E+03   -0.9990E+03   -0.9990E+03   -0.9990E+03   -0.9990E+03   -0.9990E+03   -0.9990E+03   -0.9990E+03    0.3440E+03    0.3462E+03    0.3487E+03    0.3510E+03    0.3517E+03    0.3501E+03    0.3451E+03    0.3379E+03    0.3301E+03    0.3223E+03    0.3146E+03    0.3074E+03    0.3007E+03    0.2945E+03    0.2890E+03    0.2842E+03    0.2800E+03    0.2765E+03    0.2737E+03   -0.9990E+03   -0.9990E+03   -0.9990E+03   -0.9990E+03   -0.9990E+03   -0.9990E+03   -0.9990E+03   -0.9990E+03   -0.9990E+03   -0.9990E+03   -0.9990E+03   -0.9990E+03   -0.9990E+03   -0.9990E+03   -0.9990E+03   -0.9990E+03   -0.9990E+03   -0.9990E+03   -0.9990E+03   -0.9990E+03   -0.9990E+03   -0.9990E+03   -0.9990E+03   -0.9990E+03   -0.9990E+03   -0.9990E+03   -0.9990E+03   -0.9990E+03   -0.9990E+03   -0.9990E+03   -0.9990E+03   -0.9990E+03   -0.9990E+03   -0.9990E+03   -0.9990E+03   -0.9990E+03   -0.9990E+03   -0.9990E+03   -0.9990E+03   -0.9990E+03   -0.9990E+03   -0.9990E+03   -0.9990E+03   -0.9990E+03   -0.9990E+03   -0.9990E+03   -0.9990E+03
   -0.9990E+03   -0.9990E+03   -0.9990E+03   -0.9990E+03   -0.9990E+03   -0.9990E+03   -0.9990E+03    0.3430E+03    0.3442E+03    0.3458E+03    0.3682E+03    0.3505E+03    0.3541E+03    0.3573E+03    0.3604E+03    0.3605E+03    0.3542E+03    0.3454E+03    0.3364E+03    0.3278E+03    0.3198E+03    0.3124E+03    0.3056E+03    0.2994E+03    0.2938E+03    0.2889E+03   -0.9990E+03   -0.9990E+03   -0.9990E+03   -0.9990E+03   -0.9990E+03   -0.9990E+03   -0.9990E+03   -0.9990E+03   -0.9990E+03   -0.9990E+03   -0.9990E+03   -0.9990E+03   -0.9990E+03   -0.9990E+03   -0.9990E+03   -0.9990E+03   -0.9990E+03   -0.9990E+03   -0.9990E+03   -0.9990E+03   -0.9990E+03   -0.9990E+03   -0.9990E+03   -0.9990E+03   -0.9990E+03   -0.9990E+03   -0.9990E+03   -0.9990E+03   -0.9990E+03   -0.9990E+03   -0.9990E+03   -0.9990E+03   -0.9990E+03   -0.9990E+03   -0.9990E+03   -0.9990E+03   -0.9990E+03   -0.9990E+03   -0.9990E+03   -0.9990E+03   -0.9990E+03   -0.9990E+03   -0.9990E+03   -0.9990E+03   -0.9990E+03   -0.9990E+03   -0.9990E+03   -0.9990E+03   -0.9990E+03   -0.9990E+03
   -0.9990E+03   -0.9990E+03    0.3332E+03    0.3365E+03    0.3573E+03    0.3439E+03    0.3445E+03    0.3454E+03    0.3467E+03    0.3727E+03   -0.9990E+03   -0.9990E+03    0.3804E+03    0.3612E+03   -0.9990E+03   -0.9990E+03    0.3810E+03    0.3502E+03    0.3407E+03    0.3320E+03    0.3239E+03    0.3164E+03    0.3096E+03    0.3035E+03   -0.9990E+03   -0.9990E+03   -0.9990E+03   -0.9990E+03   -0.9990E+03   -0.9990E+03   -0.9990E+03   -0.9990E+03   -0.9990E+03   -0.9990E+03   -0.9990E+03   -0.9990E+03   -0.9990E+03   -0.9990E+03   -0.9990E+03   -0.9990E+03   -0.9990E+03   -0.9990E+03   -0.9990E+03   -0.9990E+03   -0.9990E+03   -0.9990E+03   -0.9990E+03   -0.9990E+03   -0.9990E+03   -0.9990E+03   -0.9990E+03   -0.9990E+03   -0.9990E+03   -0.9990E+03   -0.9990E+03   -0.9990E+03   -0.9990E+03   -0.9990E+03   -0.9990E+03   -0.9990E+03   -0.9990E+03   -0.9990E+03   -0.9990E+03   -0.9990E+03   -0.9990E+03   -0.9990E+03   -0.9990E+03   -0.9990E+03   -0.9990E+03   -0.9990E+03   -0.9990E+03   -0.9990E+03   -0.9990E+03   -0.9990E+03   -0.9990E+03   -0.9990E+03
   -0.9990E+03   -0.9990E+03    0.3340E+03    0.3372E+03    0.3404E+03    0.3431E+03    0.3690E+03    0.3704E+03    0.3480E+03    0.3498E+03    0.3749E+03    0.3693E+03    0.3582E+03    0.3619E+03    0.3657E+03    0.3880E+03    0.3603E+03    0.3517E+03    0.3429E+03    0.3346E+03    0.3268E+03    0.3196E+03   -0.9990E+03   -0.9990E+03   -0.9990E+03   -0.9990E+03   -0.9990E+03   -0.9990E+03   -0.9990E+03   -0.9990E+03   -0.9990E+03   -0.9990E+03   -0.9990E+03   -0.9990E+03   -0.9990E+03   -0.9990E+03   -0.9990E+03   -0.9990E+03   -0.9990E+03   -0.9990E+03   -0.9990E+03   -0.9990E+03   -0.9990E+03   -0.9990E+03   -0.9990E+03   -0.9990E+03   -0.9990E+03   -0.9990E+03   -0.9990E+03   -0.9990E+03   -0.9990E+03   -0.9990E+03   -0.9990E+03   -0.9990E+03   -0.9990E+03   -0.9990E+03   -0.9990E+03   -0.9990E+03   -0.9990E+03   -0.9990E+03   -0.9990E+03   -0.9990E+03   -0.9990E+03   -0.9990E+03   -0.9990E+03   -0.9990E+03   -0.9990E+03   -0.9990E+03   -0.9990E+03   -0.9990E+03   -0.9990E+03   -0.9990E+03   -0.9990E+03   -0.9990E+03   -0.9990E+03   -0.9990E+03
   -0.9990E+03    0.3314E+03    0.3342E+03    0.3369E+03    0.3396E+03    0.3422E+03    0.3447E+03    0.3464E+03    0.3482E+03    0.3502E+03    0.3524E+03    0.3554E+03    0.3578E+03    0.3603E+03    0.3614E+03    0.3601E+03    0.3563E+03    0.3504E+03   -0.9990E+03   -0.9990E+03   -0.9990E+03   -0.9990E+03   -0.9990E+03   -0.9990E+03   -0.9990E+03   -0.9990E+03   -0.9990E+03   -0.9990E+03   -0.9990E+03   -0.9990E+03   -0.9990E+03   -0.9990E+03   -0.9990E+03   -0.9990E+03   -0.9990E+03   -0.9990E+03   -0.9990E+03   -0.9990E+03   -0.9990E+03   -0.9990E+03   -0.9990E+03   -0.9990E+03   -0.9990E+03   -0.9990E+03   -0.9990E+03   -0.9990E+03   -0.9990E+03   -0.9990E+03   -0.9990E+03   -0.9990E+03   -0.9990E+03   -0.9990E+03   -0.9990E+03   -0.9990E+03   -0.9990E+03   -0.9990E+03   -0.9990E+03   -0.9990E+03   -0.9990E+03   -0.9990E+03   -0.9990E+03   -0.9990E+03   -0.9990E+03   -0.9990E+03   -0.9990E+03   -0.9990E+03   -0.9990E+03   -0.9990E+03   -0.9990E+03   -0.9990E+03   -0.9990E+03   -0.9990E+03   -0.9990E+03   -0.9990E+03   -0.9990E+03   -0.9990E+03
    0.3287E+03    0.3313E+03    0.3337E+03    0.3361E+03    0.3385E+03    0.3408E+03    0.3430E+03    0.3451E+03    0.3472E+03    0.3493E+03    0.3514E+03    0.3535E+03    0.3554E+03   -0.9990E+03   -0.9990E+03   -0.9990E+03   -0.9990E+03   -0.9990E+03   -0.9990E+03   -0.9990E+03   -0.9990E+03   -0.9990E+03   -0.9990E+03   -0.9990E+03   -0.9990E+03   -0.9990E+03   -0.9990E+03   -0.9990E+03   -0.9990E+03   -0.9990E+03   -0.9990E+03   -0.9990E+03   -0.9990E+03   -0.9990E+03   -0.9990E+03   -0.9990E+03   -0.9990E+03   -0.9990E+03   -0.9990E+03   -0.9990E+03   -0.9990E+03   -0.9990E+03   -0.9990E+03   -0.9990E+03   -0.9990E+03   -0.9990E+03   -0.9990E+03   -0.9990E+03   -0.9990E+03   -0.9990E+03   -0.9990E+03   -0.9990E+03   -0.9990E+03   -0.9990E+03   -0.9990E+03   -0.9990E+03   -0.9990E+03   -0.9990E+03   -0.9990E+03   -0.9990E+03   -0.9990E+03   -0.9990E+03   -0.9990E+03   -0.9990E+03   -0.9990E+03   -0.9990E+03   -0.9990E+03   -0.9990E+03   -0.9990E+03   -0.9990E+03   -0.9990E+03   -0.9990E+03   -0.9990E+03   -0.9990E+03   -0.9990E+03   -0.9990E+03
    0.3284E+03    0.3306E+03    0.3328E+03    0.3350E+03   -0.9990E+03   -0.9990E+03   -0.9990E+03   -0.9990E+03   -0.9990E+03   -0.9990E+03   -0.9990E+03   -0.9990E+03   -0.9990E+03   -0.9990E+03   -0.9990E+03   -0.9990E+03   -0.9990E+03   -0.9990E+03   -0.9990E+03   -0.9990E+03   -0.9990E+03   -0.9990E+03   -0.9990E+03   -0.9990E+03   -0.9990E+03   -0.9990E+03   -0.9990E+03   -0.9990E+03   -0.9990E+03   -0.9990E+03   -0.9990E+03   -0.9990E+03   -0.9990E+03   -0.9990E+03   -0.9990E+03   -0.9990E+03   -0.9990E+03   -0.9990E+03   -0.9990E+03   -0.9990E+03   -0.9990E+03   -0.9990E+03   -0.9990E+03   -0.9990E+03   -0.9990E+03   -0.9990E+03   -0.9990E+03   -0.9990E+03   -0.9990E+03   -0.9990E+03   -0.9990E+03   -0.9990E+03   -0.9990E+03   -0.9990E+03   -0.9990E+03   -0.9990E+03   -0.9990E+03   -0.9990E+03   -0.9990E+03   -0.9990E+03   -0.9990E+03   -0.9990E+03   -0.9990E+03   -0.9990E+03   -0.9990E+03   -0.9990E+03   -0.9990E+03   -0.9990E+03   -0.9990E+03   -0.9990E+03   -0.9990E+03   -0.9990E+03   -0.9990E+03   -0.9990E+03   -0.9990E+03   -0.9990E+03
   -0.9990E+03    0.3297E+03    0.3318E+03    0.3338E+03   -0.9990E+03   -0.9990E+03   -0.9990E+03   -0.9990E+03   -0.9990E+03   -0.9990E+03   -0.9990E+03   -0.9990E+03   -0.9990E+03   -0.9990E+03   -0.9990E+03   -0.9990E+03   -0.9990E+03   -0.9990E+03   -0.9990E+03   -0.9990E+03   -0.9990E+03   -0.9990E+03   -0.9990E+03   -0.9990E+03   -0.9990E+03   -0.9990E+03   -0.9990E+03   -0.9990E+03   -0.9990E+03   -0.9990E+03   -0.9990E+03   -0.9990E+03   -0.9990E+03   -0.9990E+03   -0.9990E+03   -0.9990E+03   -0.9990E+03   -0.9990E+03   -0.9990E+03   -0.9990E+03   -0.9990E+03   -0.9990E+03   -0.9990E+03   -0.9990E+03   -0.9990E+03   -0.9990E+03   -0.9990E+03   -0.9990E+03   -0.9990E+03   -0.9990E+03   -0.9990E+03   -0.9990E+03   -0.9990E+03   -0.9990E+03   -0.9990E+03   -0.9990E+03   -0.9990E+03   -0.9990E+03   -0.9990E+03   -0.9990E+03   -0.9990E+03   -0.9990E+03   -0.9990E+03   -0.9990E+03   -0.9990E+03   -0.9990E+03   -0.9990E+03   -0.9990E+03   -0.9990E+03   -0.9990E+03   -0.9990E+03   -0.9990E+03   -0.9990E+03   -0.9990E+03   -0.9990E+03   -0.9990E+03
        41.0000          LAYER       1
   -0.9990E+03   -0.9990E+03   -0.9990E+03   -0.9990E+03   -0.9990E+03   -0.9990E+03   -0.9990E+03   -0.9990E+03   -0.9990E+03   -0.9990E+03   -0.9990E+03   -0.9990E+03   -0.9990E+03   -0.9990E+03   -0.9990E+03   -0.9990E+03   -0.9990E+03   -0.9990E+03   -0.9990E+03   -0.9990E+03   -0.9990E+03   -0.9990E+03   -0.9990E+03   -0.9990E+03   -0.9990E+03   -0.9990E+03   -0.9990E+03   -0.9990E+03   -0.9990E+03   -0.9990E+03   -0.9990E+03   -0.9990E+03   -0.9990E+03   -0.9990E+03   -0.9990E+03   -0.9990E+03   -0.9990E+03   -0.9990E+03   -0.9990E+03   -0.9990E+03   -0.9990E+03   -0.9990E+03   -0.9990E+03   -0.9990E+03   -0.9990E+03   -0.9990E+03   -0.9990E+03   -0.9990E+03   -0.9990E+03   -0.9990E+03   -0.9990E+03   -0.9990E+03   -0.9990E+03   -0.9990E+03   -0.9990E+03   -0.9990E+03   -0.9990E+03   -0.9990E+03   -0.9990E+03   -0.9990E+03   -0.9990E+03   -0.9990E+03   -0.9990E+03   -0.9990E+03   -0.9990E+03   -0.9990E+03   -0.9990E+03   -0.9990E+03   -0.9990E+03   -0.9990E+03   -0.9990E+03   -0.9990E+03   -0.9990E+03   -0.9990E+03   -0.9990E+03   -0.9990E+03
   -0.9990E+03   -0.9990E+03   -0.9990E+03   -0.9990E+03   -0.9990E+03   -0.9990E+03   -0.9990E+03   -0.9990E+03   -0.9990E+03   -0.9990E+03   -0.9990E+03   -0.9990E+03   -0.9990E+03   -0.9990E+03   -0.9990E+03   -0.9990E+03   -0.9990E+03   -0.9990E+03   -0.9990E+03   -0.9990E+03   -0.9990E+03   -0.9990E+03   -0.9990E+03   -0.9990E+03   -0.9990E+03   -0.9990E+03   -0.9990E+03   -0.9990E+03   -0.9990E+03   -0.9990E+03   -0.9990E+03   -0.9990E+03   -0.9990E+03   -0.9990E+03   -0.9990E+03   -0.9990E+03   -0.9990E+03   -0.9990E+03   -0.9990E+03   -0.9990E+03   -0.9990E+03   -0.9990E+03   -0.9990E+03   -0.9990E+03   -0.9990E+03   -0.9990E+03   -0.9990E+03   -0.9990E+03   -0.9990E+03   -0.9990E+03   -0.9990E+03   -0.9990E+03   -0.9990E+03   -0.9990E+03   -0.9990E+03   -0.9990E+03   -0.9990E+03   -0.9990E+03   -0.9990E+03   -0.9990E+03   -0.9990E+03   -0.9990E+03   -0.9990E+03   -0.9990E+03   -0.9990E+03   -0.9990E+03   -0.9990E+03   -0.9990E+03   -0.9990E+03   -0.9990E+03   -0.9990E+03   -0.9990E+03   -0.9990E+03   -0.9990E+03   -0.9990E+03   -0.9990E+03
   -0.9990E+03   -0.9990E+03   -0.9990E+03   -0.9990E+03   -0.9990E+03   -0.9990E+03   -0.9990E+03   -0.9990E+03   -0.9990E+03   -0.9990E+03   -0.9990E+03   -0.9990E+03   -0.9990E+03   -0.9990E+03   -0.9990E+03   -0.9990E+03   -0.9990E+03   -0.9990E+03   -0.9990E+03   -0.9990E+03   -0.9990E+03   -0.9990E+03   -0.9990E+03   -0.9990E+03   -0.9990E+03   -0.9990E+03   -0.9990E+03   -0.9990E+03   -0.9990E+03   -0.9990E+03   -0.9990E+03   -0.9990E+03   -0.9990E+03   -0.9990E+03   -0.9990E+03   -0.9990E+03   -0.9990E+03   -0.9990E+03   -0.9990E+03   -0.9990E+03   -0.9990E+03   -0.9990E+03   -0.9990E+03   -0.9990E+03   -0.9990E+03   -0.9990E+03   -0.9990E+03   -0.9990E+03   -0.9990E+03   -0.9990E+03   -0.9990E+03   -0.9990E+03   -0.9990E+03   -0.9990E+03   -0.9990E+03   -0.9990E+03   -0.9990E+03   -0.9990E+03   -0.9990E+03   -0.9990E+03   -0.9990E+03   -0.9990E+03   -0.9990E+03   -0.9990E+03   -0.9990E+03   -0.9990E+03   -0.9990E+03   -0.9990E+03   -0.9990E+03   -0.9990E+03   -0.9990E+03   -0.9990E+03   -0.9990E+03   -0.9990E+03   -0.9990E+03   -0.9990E+03
   -0.9990E+03   -0.9990E+03   -0.9990E+03   -0.9990E+03   -0.9990E+03   -0.9990E+03   -0.9990E+03   -0.9990E+03   -0.9990E+03   -0.9990E+03   -0.9990E+03   -0.9990E+03   -0.9990E+03   -0.9990E+03   -0.9990E+03   -0.9990E+03   -0.9990E+03   -0.9990E+03   -0.9990E+03   -0.9990E+03   -0.9990E+03   -0.9990E+03   -0.9990E+03   -0.9990E+03   -0.9990E+03   -0.9990E+03   -0.9990E+03   -0.9990E+03   -0.9990E+03   -0.9990E+03   -0.9990E+03   -0.9990E+03   -0.9990E+03   -0.9990E+03   -0.9990E+03   -0.9990E+03   -0.9990E+03   -0.9990E+03   -0.9990E+03   -0.9990E+03   -0.9990E+03   -0.9990E+03   -0.9990E+03   -0.9990E+03   -0.9990E+03   -0.9990E+03   -0.9990E+03   -0.9990E+03   -0.9990E+03   -0.9990E+03   -0.9990E+03   -0.9990E+03   -0.9990E+03   -0.9990E+03   -0.9990E+03   -0.9990E+03   -0.9990E+03   -0.9990E+03   -0.9990E+03   -0.9990E+03   -0.9990E+03   -0.9990E+03   -0.9990E+03   -0.9990E+03   -0.9990E+03   -0.9990E+03   -0.9990E+03   -0.9990E+03   -0.9990E+03   -0.9990E+03   -0.9990E+03   -0.9990E+03   -0.9990E+03   -0.9990E+03   -0.9990E+03   -0.9990E+03
   -0.9990E+03   -0.9990E+03   -0.9990E+03   -0.9990E+03   -0.9990E+03   -0.9990E+03   -0.9990E+03   -0.9990E+03   -0.9990E+03   -0.9990E+03   -0.9990E+03   -0.9990E+03   -0.9990E+03   -0.9990E+03   -0.9990E+03   -0.9990E+03   -0.9990E+03   -0.9990E+03   -0.9990E+03   -0.9990E+03   -0.9990E+03   -0.9990E+03   -0.9990E+03   -0.9990E+03   -0.9990E+03   -0.9990E+03   -0.9990E+03   -0.9990E+03   -0.9990E+03   -0.9990E+03   -0.9990E+03   -0.9990E+03   -0.9990E+03   -0.9990E+03   -0.9990E+03   -0.9990E+03   -0.9990E+03   -0.9990E+03   -0.9990E+03   -0.9990E+03   -0.9990E+03   -0.9990E+03   -0.9990E+03   -0.9990E+03   -0.9990E+03   -0.9990E+03   -0.9990E+03   -0.9990E+03   -0.9990E+03   -0.9990E+03   -0.9990E+03   -0.9990E+03   -0.9990E+03   -0.9990E+03   -0.9990E+03   -0.9990E+03   -0.9990E+03   -0.9990E+03   -0.9990E+03   -0.9990E+03   -0.9990E+03   -0.9990E+03   -0.9990E+03   -0.9990E+03   -0.9990E+03   -0.9990E+03   -0.9990E+03   -0.9990E+03   -0.9990E+03   -0.9990E+03   -0.9990E+03   -0.9990E+03   -0.9990E+03   -0.9990E+03   -0.9990E+03   -0.9990E+03
   -0.9990E+03   -0.9990E+03   -0.9990E+03   -0.9990E+03   -0.9990E+03   -0.9990E+03   -0.9990E+03   -0.9990E+03   -0.9990E+03   -0.9990E+03   -0.9990E+03   -0.9990E+03   -0.9990E+03   -0.9990E+03   -0.9990E+03   -0.9990E+03   -0.9990E+03   -0.9990E+03   -0.9990E+03   -0.9990E+03   -0.9990E+03   -0.9990E+03   -0.9990E+03   -0.9990E+03   -0.9990E+03   -0.9990E+03   -0.9990E+03   -0.9990E+03   -0.9990E+03   -0.9990E+03   -0.9990E+03   -0.9990E+03   -0.9990E+03   -0.9990E+03   -0.9990E+03   -0.9990E+03   -0.9990E+03   -0.9990E+03   -0.9990E+03   -0.9990E+03   -0.9990E+03   -0.9990E+03   -0.9990E+03   -0.9990E+03   -0.9990E+03   -0.9990E+03   -0.9990E+03   -0.9990E+03   -0.9990E+03   -0.9990E+03   -0.9990E+03   -0.9990E+03   -0.9990E+03   -0.9990E+03   -0.9990E+03   -0.9990E+03   -0.9990E+03   -0.9990E+03   -0.9990E+03   -0.9990E+03   -0.9990E+03   -0.9990E+03   -0.9990E+03   -0.9990E+03   -0.9990E+03   -0.9990E+03   -0.9990E+03   -0.9990E+03   -0.9990E+03   -0.9990E+03   -0.9990E+03   -0.9990E+03   -0.9990E+03   -0.9990E+03   -0.9990E+03   -0.9990E+03
   -0.9990E+03   -0.9990E+03   -0.9990E+03   -0.9990E+03   -0.9990E+03   -0.9990E+03   -0.9990E+03   -0.9990E+03   -0.9990E+03   -0.9990E+03   -0.9990E+03   -0.9990E+03   -0.9990E+03   -0.9990E+03   -0.9990E+03   -0.9990E+03   -0.9990E+03   -0.9990E+03   -0.9990E+03   -0.9990E+03   -0.9990E+03   -0.9990E+03   -0.9990E+03   -0.9990E+03   -0.9990E+03   -0.9990E+03   -0.9990E+03   -0.9990E+03   -0.9990E+03   -0.9990E+03   -0.9990E+03   -0.9990E+03   -0.9990E+03   -0.9990E+03   -0.9990E+03   -0.9990E+03   -0.9990E+03   -0.9990E+03   -0.9990E+03   -0.9990E+03   -0.9990E+03   -0.9990E+03   -0.9990E+03   -0.9990E+03   -0.9990E+03   -0.9990E+03   -0.9990E+03   -0.9990E+03   -0.9990E+03   -0.9990E+03   -0.9990E+03   -0.9990E+03   -0.9990E+03   -0.9990E+03   -0.9990E+03   -0.9990E+03   -0.9990E+03   -0.9990E+03   -0.9990E+03   -0.9990E+03   -0.9990E+03   -0.9990E+03   -0.9990E+03   -0.9990E+03   -0.9990E+03   -0.9990E+03   -0.9990E+03   -0.9990E+03   -0.9990E+03   -0.9990E+03   -0.9990E+03   -0.9990E+03   -0.9990E+03   -0.9990E+03   -0.9990E+03   -0.9990E+03
   -0.9990E+03   -0.9990E+03   -0.9990E+03   -0.9990E+03   -0.9990E+03   -0.9990E+03   -0.9990E+03   -0.9990E+03   -0.9990E+03   -0.9990E+03   -0.9990E+03   -0.9990E+03   -0.9990E+03   -0.9990E+03   -0.9990E+03   -0.9990E+03   -0.9990E+03   -0.9990E+03   -0.9990E+03   -0.9990E+03   -0.9990E+03   -0.9990E+03   -0.9990E+03   -0.9990E+03   -0.9990E+03   -0.9990E+03   -0.9990E+03   -0.9990E+03   -0.9990E+03   -0.9990E+03   -0.9990E+03   -0.9990E+03   -0.9990E+03   -0.9990E+03   -0.9990E+03   -0.9990E+03   -0.9990E+03   -0.9990E+03   -0.9990E+03   -0.9990E+03   -0.9990E+03   -0.9990E+03   -0.9990E+03   -0.9990E+03   -0.9990E+03   -0.9990E+03   -0.9990E+03   -0.9990E+03   -0.9990E+03   -0.9990E+03   -0.9990E+03   -0.9990E+03   -0.9990E+03   -0.9990E+03   -0.9990E+03   -0.9990E+03   -0.9990E+03   -0.9990E+03   -0.9990E+03   -0.9990E+03   -0.9990E+03   -0.9990E+03   -0.9990E+03   -0.9990E+03   -0.9990E+03   -0.9990E+03   -0.9990E+03   -0.9990E+03   -0.9990E+03   -0.9990E+03   -0.9990E+03   -0.9990E+03   -0.9990E+03   -0.9990E+03   -0.9990E+03   -0.9990E+03
   -0.9990E+03   -0.9990E+03   -0.9990E+03   -0.9990E+03   -0.9990E+03   -0.9990E+03   -0.9990E+03   -0.9990E+03   -0.9990E+03   -0.9990E+03   -0.9990E+03   -0.9990E+03   -0.9990E+03   -0.9990E+03   -0.9990E+03   -0.9990E+03   -0.9990E+03   -0.9990E+03   -0.9990E+03   -0.9990E+03   -0.9990E+03   -0.9990E+03   -0.9990E+03   -0.9990E+03   -0.9990E+03   -0.9990E+03   -0.9990E+03   -0.9990E+03   -0.9990E+03   -0.9990E+03   -0.9990E+03   -0.9990E+03   -0.9990E+03   -0.9990E+03   -0.9990E+03   -0.9990E+03   -0.9990E+03   -0.9990E+03   -0.9990E+03   -0.9990E+03   -0.9990E+03   -0.9990E+03   -0.9990E+03   -0.9990E+03   -0.9990E+03   -0.9990E+03   -0.9990E+03   -0.9990E+03   -0.9990E+03   -0.9990E+03   -0.9990E+03   -0.9990E+03   -0.9990E+03   -0.9990E+03   -0.9990E+03   -0.9990E+03   -0.9990E+03   -0.9990E+03   -0.9990E+03   -0.9990E+03   -0.9990E+03   -0.9990E+03   -0.9990E+03   -0.9990E+03   -0.9990E+03   -0.9990E+03   -0.9990E+03   -0.9990E+03   -0.9990E+03   -0.9990E+03   -0.9990E+03   -0.9990E+03   -0.9990E+03   -0.9990E+03   -0.9990E+03   -0.9990E+03
   -0.9990E+03   -0.9990E+03   -0.9990E+03   -0.9990E+03   -0.9990E+03   -0.9990E+03   -0.9990E+03   -0.9990E+03   -0.9990E+03   -0.9990E+03   -0.9990E+03   -0.9990E+03   -0.9990E+03   -0.9990E+03   -0.9990E+03   -0.9990E+03   -0.9990E+03   -0.9990E+03   -0.9990E+03   -0.9990E+03   -0.9990E+03   -0.9990E+03   -0.9990E+03   -0.9990E+03   -0.9990E+03   -0.9990E+03   -0.9990E+03   -0.9990E+03   -0.9990E+03   -0.9990E+03   -0.9990E+03   -0.9990E+03   -0.9990E+03   -0.9990E+03   -0.9990E+03   -0.9990E+03   -0.9990E+03   -0.9990E+03   -0.9990E+03   -0.9990E+03   -0.9990E+03   -0.9990E+03   -0.9990E+03   -0.9990E+03   -0.9990E+03   -0.9990E+03   -0.9990E+03   -0.9990E+03   -0.9990E+03   -0.9990E+03   -0.9990E+03   -0.9990E+03   -0.9990E+03   -0.9990E+03   -0.9990E+03   -0.9990E+03   -0.9990E+03    0.5860E+03   -0.9990E+03   -0.9990E+03   -0.9990E+03   -0.9990E+03    0.6505E+03   -0.9990E+03   -0.9990E+03   -0.9990E+03   -0.9990E+03   -0.9990E+03   -0.9990E+03   -0.9990E+03   -0.9990E+03   -0.9990E+03   -0.9990E+03   -0.9990E+03   -0.9990E+03   -0.9990E+03
   -0.9990E+03   -0.9990E+03   -0.9990E+03   -0.9990E+03   -0.9990E+03   -0.9990E+03   -0.9990E+03   -0.9990E+03   -0.9990E+03   -0.9990E+03   -0.9990E+03   -0.9990E+03   -0.9990E+03   -0.9990E+03   -0.9990E+03   -0.9990E+03   -0.9990E+03   -0.9990E+03   -0.9990E+03   -0.9990E+03   -0.9990E+03   -0.9990E+03   -0.9990E+03   -0.9990E+03   -0.9990E+03   -0.9990E+03   -0.9990E+03   -0.9990E+03   -0.9990E+03   -0.9990E+03   -0.9990E+03   -0.9990E+03   -0.9990E+03   -0.9990E+03   -0.9990E+03   -0.9990E+03   -0.9990E+03   -0.9990E+03   -0.9990E+03   -0.9990E+03   -0.9990E+03   -0.9990E+03   -0.9990E+03   -0.9990E+03   -0.9990E+03   -0.9990E+03   -0.9990E+03   -0.9990E+03   -0.9990E+03   -0.9990E+03   -0.9990E+03   -0.9990E+03   -0.9990E+03   -0.9990E+03   -0.9990E+03   -0.9990E+03   -0.9990E+03   -0.9990E+03   -0.9990E+03   -0.9990E+03   -0.9990E+03   -0.9990E+03   -0.9990E+03   -0.9990E+03   -0.9990E+03   -0.9990E+03   -0.9990E+03   -0.9990E+03   -0.9990E+03   -0.9990E+03   -0.9990E+03   -0.9990E+03   -0.9990E+03   -0.9990E+03   -0.9990E+03   -0.9990E+03
   -0.9990E+03   -0.9990E+03   -0.9990E+03   -0.9990E+03   -0.9990E+03   -0.9990E+03   -0.9990E+03   -0.9990E+03   -0.9990E+03   -0.9990E+03   -0.9990E+03   -0.9990E+03   -0.9990E+03   -0.9990E+03   -0.9990E+03   -0.9990E+03   -0.9990E+03   -0.9990E+03   -0.9990E+03   -0.9990E+03   -0.9990E+03   -0.9990E+03   -0.9990E+03   -0.9990E+03   -0.9990E+03   -0.9990E+03   -0.9990E+03   -0.9990E+03   -0.9990E+03   -0.9990E+03   -0.9990E+03   -0.9990E+03   -0.9990E+03   -0.9990E+03   -0.9990E+03   -0.9990E+03   -0.9990E+03   -0.9990E+03   -0.9990E+03   -0.9990E+03   -0.9990E+03   -0.9990E+03   -0.9990E+03   -0.9990E+03   -0.9990E+03   -0.9990E+03   -0.9990E+03   -0.9990E+03   -0.9990E+03   -0.9990E+03   -0.9990E+03   -0.9990E+03   -0.9990E+03   -0.9990E+03   -0.9990E+03   -0.9990E+03   -0.9990E+03    0.5629E+03   -0.9990E+03   -0.9990E+03   -0.9990E+03   -0.9990E+03   -0.9990E+03   -0.9990E+03   -0.9990E+03   -0.9990E+03   -0.9990E+03   -0.9990E+03   -0.9990E+03   -0.9990E+03   -0.9990E+03   -0.9990E+03   -0.9990E+03   -0.9990E+03   -0.9990E+03   -0.9990E+03
   -0.9990E+03   -0.9990E+03   -0.9990E+03   -0.9990E+03   -0.9990E+03   -0.9990E+03   -0.9990E+03   -0.9990E+03   -0.9990E+03   -0.9990E+03   -0.9990E+03   -0.9990E+03   -0.9990E+03   -0.9990E+03   -0.9990E+03   -0.9990E+03   -0.9990E+03   -0.9990E+03   -0.9990E+03   -0.9990E+03   -0.9990E+03   -0.9990E+03   -0.9990E+03   -0.9990E+03   -0.9990E+03   -0.9990E+03   -0.9990E+03   -0.9990E+03   -0.9990E+03   -0.9990E+03   -0.9990E+03   -0.9990E+03   -0.9990E+03   -0.9990E+03   -0.9990E+03   -0.9990E+03   -0.9990E+03   -0.9990E+03   -0.9990E+03   -0.9990E+03   -0.9990E+03   -0.9990E+03   -0.9990E+03   -0.9990E+03   -0.9990E+03   -0.9990E+03   -0.9990E+03   -0.9990E+03   -0.9990E+03   -0.9990E+03   -0.9990E+03   -0.9990E+03   -0.9990E+03   -0.9990E+03   -0.9990E+03   -0.9990E+03   -0.9990E+03    0.5515E+03   -0.9990E+03   -0.9990E+03   -0.9990E+03   -0.9990E+03   -0.9990E+03   -0.9990E+03   -0.9990E+03   -0.9990E+03   -0.9990E+03   -0.9990E+03   -0.9990E+03   -0.9990E+03   -0.9990E+03   -0.9990E+03   -0.9990E+03   -0.9990E+03   -0.9990E+03   -0.9990E+03
   -0.9990E+03   -0.9990E+03   -0.9990E+03   -0.9990E+03   -0.9990E+03   -0.9990E+03   -0.9990E+03   -0.9990E+03   -0.9990E+03   -0.9990E+03   -0.9990E+03   -0.9990E+03   -0.9990E+03   -0.9990E+03   -0.9990E+03   -0.9990E+03   -0.9990E+03   -0.9990E+03   -0.9990E+03   -0.9990E+03   -0.9990E+03   -0.9990E+03   -0.9990E+03   -0.9990E+03   -0.9990E+03   -0.9990E+03   -0.9990E+03   -0.9990E+03   -0.9990E+03   -0.9990E+03   -0.9990E+03   -0.9990E+03   -0.9990E+03   -0.9990E+03   -0.9990E+03   -0.9990E+03   -0.9990E+03   -0.9990E+03   -0.9990E+03   -0.9990E+03   -0.9990E+03   -0.9990E+03   -0.9990E+03   -0.9990E+03   -0.9990E+03   -0.9990E+03   -0.9990E+03   -0.9990E+03   -0.9990E+03   -0.9990E+03   -0.9990E+03   -0.9990E+03   -0.9990E+03   -0.9990E+03   -0.9990E+03   -0.9990E+03   -0.9990E+03    0.5696E+03   -0.9990E+03   -0.9990E+03   -0.9990E+03   -0.9990E+03    0.5275E+03   -0.9990E+03   -0.9990E+03   -0.9990E+03   -0.9990E+03   -0.9990E+03   -0.9990E+03   -0.9990E+03   -0.9990E+03   -0.9990E+03   -0.9990E+03   -0.9990E+03   -0.9990E+03   -0.9990E+03
   -0.9990E+03   -0.9990E+03   -0.9990E+03   -0.9990E+03   -0.9990E+03   -0.9990E+03   -0.9990E+03   -0.9990E+03   -0.9990E+03   -0.9990E+03   -0.9990E+03   -0.9990E+03   -0.9990E+03   -0.9990E+03   -0.9990E+03   -0.9990E+03   -0.9990E+03   -0.9990E+03   -0.9990E+03   -0.9990E+03   -0.9990E+03   -0.9990E+03   -0.9990E+03   -0.9990E+03   -0.9990E+03   -0.9990E+03   -0.9990E+03   -0.9990E+03   -0.9990E+03   -0.9990E+03   -0.9990E+03   -0.9990E+03   -0.9990E+03   -0.9990E+03   -0.9990E+03   -0.9990E+03   -0.9990E+03   -0.9990E+03   -0.9990E+03   -0.9990E+03   -0.9990E+03   -0.9990E+03   -0.9990E+03   -0.9990E+03   -0.9990E+03   -0.9990E+03   -0.9990E+03   -0.9990E+03   -0.9990E+03   -0.9990E+03   -0.9990E+03   -0.9990E+03   -0.9990E+03   -0.9990E+03   -0.9990E+03   -0.9990E+03   -0.9990E+03   -0.9990E+03   -0.9990E+03   -0.9990E+03   -0.9990E+03   -0.9990E+03   -0.9990E+03   -0.9990E+03   -0.9990E+03   -0.9990E+03   -0.9990E+03   -0.9990E+03   -0.9990E+03   -0.9990E+03   -0.9990E+03   -0.9990E+03   -0.9990E+03   -0.9990E+03   -0.9990E+03   -0.9990E+03
   -0.9990E+03   -0.9990E+03   -0.9990E+03   -0.9990E+03   -0.9990E+03   -0.9990E+03   -0.9990E+03   -0.9990E+03   -0.9990E+03   -0.9990E+03   -0.9990E+03   -0.9990E+03   -0.9990E+03   -0.9990E+03   -0.9990E+03   -0.9990E+03   -0.9990E+03   -0.9990E+03   -0.9990E+03   -0.9990E+03   -0.9990E+03   -0.9990E+03   -0.9990E+03   -0.9990E+03   -0.9990E+03   -0.9990E+03   -0.9990E+03   -0.9990E+03   -0.9990E+03   -0.9990E+03   -0.9990E+03   -0.9990E+03   -0.9990E+03   -0.9990E+03   -0.9990E+03   -0.9990E+03   -0.9990E+03   -0.9990E+03   -0.9990E+03   -0.9990E+03   -0.9990E+03   -0.9990E+03   -0.9990E+03   -0.9990E+03   -0.9990E+03   -0.9990E+03   -0.9990E+03   -0.9990E+03   -0.9990E+03   -0.9990E+03   -0.9990E+03   -0.9990E+03   -0.9990E+03   -0.9990E+03   -0.9990E+03   -0.9990E+03   -0.9990E+03   -0.9990E+03   -0.9990E+03   -0.9990E+03   -0.9990E+03    0.4865E+03   -0.9990E+03   -0.9990E+03   -0.9990E+03   -0.9990E+03   -0.9990E+03   -0.9990E+03   -0.9990E+03   -0.9990E+03   -0.9990E+03   -0.9990E+03   -0.9990E+03   -0.9990E+03   -0.9990E+03   -0.9990E+03
   -0.9990E+03   -0.9990E+03   -0.9990E+03   -0.9990E+03   -0.9990E+03   -0.9990E+03   -0.9990E+03   -0.9990E+03   -0.9990E+03   -0.9990E+03   -0.9990E+03   -0.9990E+03   -0.9990E+03   -0.9990E+03   -0.9990E+03   -0.9990E+03   -0.9990E+03   -0.9990E+03   -0.9990E+03   -0.9990E+03   -0.9990E+03   -0.9990E+03   -0.9990E+03   -0.9990E+03   -0.9990E+03   -0.9990E+03   -0.9990E+03   -0.9990E+03   -0.9990E+03   -0.9990E+03   -0.9990E+03   -0.9990E+03   -0.9990E+03   -0.9990E+03   -0.9990E+03   -0.9990E+03   -0.9990E+03   -0.9990E+03   -0.9990E+03   -0.9990E+03   -0.9990E+03   -0.9990E+03   -0.9990E+03   -0.9990E+03   -0.9990E+03   -0.9990E+03   -0.9990E+03   -0.9990E+03   -0.9990E+03   -0.9990E+03   -0.9990E+03   -0.9990E+03   -0.9990E+03   -0.9990E+03   -0.9990E+03   -0.9990E+03   -0.9990E+03   -0.9990E+03   -0.9990E+03   -0.9990E+03   -0.9990E+03   -0.9990E+03   -0.9990E+03   -0.9990E+03   -0.9990E+03   -0.9990E+03   -0.9990E+03   -0.9990E+03   -0.9990E+03   -0.9990E+03   -0.9990E+03   -0.9990E+03   -0.9990E+03   -0.9990E+03   -0.9990E+03   -0.9990E+03
   -0.9990E+03   -0.9990E+03   -0.9990E+03   -0.9990E+03   -0.9990E+03   -0.9990E+03   -0.9990E+03   -0.9990E+03   -0.9990E+03   -0.9990E+03   -0.9990E+03   -0.9990E+03   -0.9990E+03   -0.9990E+03   -0.9990E+03   -0.9990E+03   -0.9990E+03   -0.9990E+03   -0.9990E+03   -0.9990E+03   -0.9990E+03   -0.9990E+03   -0.9990E+03   -0.9990E+03   -0.9990E+03   -0.9990E+03   -0.9990E+03   -0.9990E+03   -0.9990E+03   -0.9990E+03   -0.9990E+03   -0.9990E+03   -0.9990E+03   -0.9990E+03   -0.9990E+03   -0.9990E+03   -0.9990E+03   -0.9990E+03   -0.9990E+03   -0.9990E+03   -0.9990E+03   -0.9990E+03   -0.9990E+03   -0.9990E+03   -0.9990E+03   -0.9990E+03   -0.9990E+03   -0.9990E+03   -0.9990E+03   -0.9990E+03   -0.9990E+03   -0.9990E+03   -0.9990E+03   -0.9990E+03   -0.9990E+03   -0.9990E+03   -0.9990E+03   -0.9990E+03   -0.9990E+03   -0.9990E+03   -0.9990E+03   -0.9990E+03   -0.9990E+03   -0.9990E+03   -0.9990E+03   -0.9990E+03   -0.9990E+03   -0.9990E+03   -0.9990E+03   -0.9990E+03   -0.9990E+03   -0.9990E+03   -0.9990E+03   -0.9990E+03   -0.9990E+03   -0.9990E+03
   -0.9990E+03   -0.9990E+03   -0.9990E+03   -0.9990E+03   -0.9990E+03   -0.9990E+03   -0.9990E+03   -0.9990E+03   -0.9990E+03   -0.9990E+03   -0.9990E+03   -0.9990E+03   -0.9990E+03   -0.9990E+03   -0.9990E+03   -0.9990E+03   -0.9990E+03   -0.9990E+03   -0.9990E+03   -0.9990E+03   -0.9990E+03   -0.9990E+03   -0.9990E+03   -0.9990E+03   -0.9990E+03   -0.9990E+03   -0.9990E+03   -0.9990E+03   -0.9990E+03   -0.9990E+03   -0.9990E+03   -0.9990E+03   -0.9990E+03   -0.9990E+03   -0.9990E+03   -0.9990E+03   -0.9990E+03   -0.9990E+03   -0.9990E+03   -0.9990E+03   -0.9990E+03   -0.9990E+03   -0.9990E+03   -0.9990E+03   -0.9990E+03   -0.9990E+03   -0.9990E+03   -0.9990E+03   -0.9990E+03   -0.9990E+03   -0.9990E+03   -0.9990E+03   -0.9990E+03   -0.9990E+03   -0.9990E+03   -0.9990E+03   -0.9990E+03   -0.9990E+03   -0.9990E+03   -0.9990E+03   -0.9990E+03   -0.9990E+03   -0.9990E+03   -0.9990E+03   -0.9990E+03   -0.9990E+03   -0.9990E+03   -0.9990E+03   -0.9990E+03   -0.9990E+03   -0.9990E+03   -0.9990E+03   -0.9990E+03   -0.9990E+03   -0.9990E+03   -0.9990E+03
   -0.9990E+03   -0.9990E+03   -0.9990E+03   -0.9990E+03   -0.9990E+03   -0.9990E+03   -0.9990E+03   -0.9990E+03   -0.9990E+03   -0.9990E+03   -0.9990E+03   -0.9990E+03   -0.9990E+03   -0.9990E+03   -0.9990E+03   -0.9990E+03   -0.9990E+03   -0.9990E+03   -0.9990E+03   -0.9990E+03   -0.9990E+03   -0.9990E+03   -0.9990E+03   -0.9990E+03   -0.9990E+03   -0.9990E+03   -0.9990E+03   -0.9990E+03   -0.9990E+03   -0.9990E+03   -0.9990E+03   -0.9990E+03   -0.9990E+03   -0.9990E+03   -0.9990E+03   -0.9990E+03   -0.9990E+03   -0.9990E+03   -0.9990E+03   -0.9990E+03   -0.9990E+03   -0.9990E+03   -0.9990E+03   -0.9990E+03   -0.9990E+03   -0.9990E+03   -0.9990E+03   -0.9990E+03   -0.9990E+03   -0.9990E+03   -0.9990E+03   -0.9990E+03   -0.9990E+03   -0.9990E+03   -0.9990E+03   -0.9990E+03   -0.9990E+03   -0.9990E+03   -0.9990E+03   -0.9990E+03   -0.9990E+03   -0.9990E+03   -0.9990E+03   -0.9990E+03   -0.9990E+03   -0.9990E+03   -0.9990E+03   -0.9990E+03   -0.9990E+03   -0.9990E+03   -0.9990E+03   -0.9990E+03   -0.9990E+03   -0.9990E+03   -0.9990E+03   -0.9990E+03
   -0.9990E+03   -0.9990E+03   -0.9990E+03   -0.9990E+03   -0.9990E+03   -0.9990E+03   -0.9990E+03   -0.9990E+03   -0.9990E+03   -0.9990E+03   -0.9990E+03   -0.9990E+03   -0.9990E+03   -0.9990E+03   -0.9990E+03   -0.9990E+03   -0.9990E+03   -0.9990E+03   -0.9990E+03   -0.9990E+03   -0.9990E+03   -0.9990E+03   -0.9990E+03   -0.9990E+03   -0.9990E+03   -0.9990E+03   -0.9990E+03   -0.9990E+03   -0.9990E+03   -0.9990E+03   -0.9990E+03   -0.9990E+03   -0.9990E+03   -0.9990E+03   -0.9990E+03   -0.9990E+03   -0.9990E+03   -0.9990E+03   -0.9990E+03   -0.9990E+03   -0.9990E+03   -0.9990E+03   -0.9990E+03   -0.9990E+03   -0.9990E+03   -0.9990E+03   -0.9990E+03   -0.9990E+03   -0.9990E+03   -0.9990E+03   -0.9990E+03   -0.9990E+03   -0.9990E+03   -0.9990E+03   -0.9990E+03   -0.9990E+03   -0.9990E+03   -0.9990E+03   -0.9990E+03   -0.9990E+03   -0.9990E+03   -0.9990E+03   -0.9990E+03   -0.9990E+03   -0.9990E+03   -0.9990E+03   -0.9990E+03   -0.9990E+03   -0.9990E+03   -0.9990E+03   -0.9990E+03   -0.9990E+03   -0.9990E+03   -0.9990E+03   -0.9990E+03   -0.9990E+03
   -0.9990E+03   -0.9990E+03   -0.9990E+03   -0.9990E+03   -0.9990E+03   -0.9990E+03   -0.9990E+03   -0.9990E+03   -0.9990E+03   -0.9990E+03   -0.9990E+03   -0.9990E+03   -0.9990E+03   -0.9990E+03   -0.9990E+03   -0.9990E+03   -0.9990E+03   -0.9990E+03   -0.9990E+03   -0.9990E+03   -0.9990E+03   -0.9990E+03   -0.9990E+03   -0.9990E+03   -0.9990E+03   -0.9990E+03   -0.9990E+03   -0.9990E+03   -0.9990E+03   -0.9990E+03   -0.9990E+03   -0.9990E+03   -0.9990E+03   -0.9990E+03   -0.9990E+03   -0.9990E+03   -0.9990E+03   -0.9990E+03   -0.9990E+03   -0.9990E+03   -0.9990E+03   -0.9990E+03   -0.9990E+03   -0.9990E+03   -0.9990E+03   -0.9990E+03   -0.9990E+03   -0.9990E+03   -0.9990E+03   -0.9990E+03   -0.9990E+03   -0.9990E+03   -0.9990E+03   -0.9990E+03   -0.9990E+03   -0.9990E+03   -0.9990E+03   -0.9990E+03   -0.9990E+03   -0.9990E+03   -0.9990E+03   -0.9990E+03   -0.9990E+03   -0.9990E+03   -0.9990E+03   -0.9990E+03   -0.9990E+03   -0.9990E+03   -0.9990E+03   -0.9990E+03   -0.9990E+03   -0.9990E+03   -0.9990E+03   -0.9990E+03   -0.9990E+03   -0.9990E+03
   -0.9990E+03   -0.9990E+03   -0.9990E+03   -0.9990E+03   -0.9990E+03   -0.9990E+03   -0.9990E+03   -0.9990E+03   -0.9990E+03   -0.9990E+03   -0.9990E+03   -0.9990E+03   -0.9990E+03   -0.9990E+03   -0.9990E+03   -0.9990E+03   -0.9990E+03   -0.9990E+03   -0.9990E+03   -0.9990E+03   -0.9990E+03   -0.9990E+03   -0.9990E+03   -0.9990E+03   -0.9990E+03   -0.9990E+03   -0.9990E+03   -0.9990E+03   -0.9990E+03   -0.9990E+03   -0.9990E+03   -0.9990E+03   -0.9990E+03   -0.9990E+03   -0.9990E+03   -0.9990E+03   -0.9990E+03   -0.9990E+03   -0.9990E+03   -0.9990E+03   -0.9990E+03   -0.9990E+03   -0.9990E+03   -0.9990E+03   -0.9990E+03   -0.9990E+03   -0.9990E+03   -0.9990E+03   -0.9990E+03   -0.9990E+03   -0.9990E+03   -0.9990E+03   -0.9990E+03   -0.9990E+03   -0.9990E+03   -0.9990E+03   -0.9990E+03   -0.9990E+03   -0.9990E+03   -0.9990E+03   -0.9990E+03   -0.9990E+03   -0.9990E+03   -0.9990E+03   -0.9990E+03   -0.9990E+03   -0.9990E+03   -0.9990E+03   -0.9990E+03   -0.9990E+03   -0.9990E+03   -0.9990E+03   -0.9990E+03   -0.9990E+03   -0.9990E+03   -0.9990E+03
   -0.9990E+03   -0.9990E+03   -0.9990E+03   -0.9990E+03   -0.9990E+03   -0.9990E+03   -0.9990E+03   -0.9990E+03   -0.9990E+03   -0.9990E+03   -0.9990E+03   -0.9990E+03   -0.9990E+03   -0.9990E+03   -0.9990E+03   -0.9990E+03   -0.9990E+03   -0.9990E+03   -0.9990E+03   -0.9990E+03   -0.9990E+03   -0.9990E+03   -0.9990E+03   -0.9990E+03   -0.9990E+03   -0.9990E+03   -0.9990E+03   -0.9990E+03   -0.9990E+03   -0.9990E+03   -0.9990E+03   -0.9990E+03   -0.9990E+03   -0.9990E+03   -0.9990E+03   -0.9990E+03   -0.9990E+03   -0.9990E+03   -0.9990E+03   -0.9990E+03   -0.9990E+03   -0.9990E+03   -0.9990E+03   -0.9990E+03   -0.9990E+03   -0.9990E+03   -0.9990E+03   -0.9990E+03   -0.9990E+03   -0.9990E+03   -0.9990E+03   -0.9990E+03   -0.9990E+03   -0.9990E+03   -0.9990E+03   -0.9990E+03   -0.9990E+03   -0.9990E+03   -0.9990E+03   -0.9990E+03   -0.9990E+03   -0.9990E+03   -0.9990E+03   -0.9990E+03   -0.9990E+03   -0.9990E+03   -0.9990E+03   -0.9990E+03   -0.9990E+03   -0.9990E+03   -0.9990E+03   -0.9990E+03   -0.9990E+03   -0.9990E+03   -0.9990E+03   -0.9990E+03
   -0.9990E+03   -0.9990E+03   -0.9990E+03   -0.9990E+03   -0.9990E+03   -0.9990E+03   -0.9990E+03   -0.9990E+03   -0.9990E+03   -0.9990E+03   -0.9990E+03   -0.9990E+03   -0.9990E+03   -0.9990E+03   -0.9990E+03   -0.9990E+03   -0.9990E+03   -0.9990E+03   -0.9990E+03   -0.9990E+03   -0.9990E+03   -0.9990E+03   -0.9990E+03   -0.9990E+03   -0.9990E+03   -0.9990E+03   -0.9990E+03   -0.9990E+03   -0.9990E+03   -0.9990E+03   -0.9990E+03   -0.9990E+03   -0.9990E+03   -0.9990E+03   -0.9990E+03   -0.9990E+03   -0.9990E+03   -0.9990E+03   -0.9990E+03   -0.9990E+03   -0.9990E+03   -0.9990E+03   -0.9990E+03   -0.9990E+03   -0.9990E+03   -0.9990E+03   -0.9990E+03   -0.9990E+03   -0.9990E+03   -0.9990E+03   -0.9990E+03   -0.9990E+03   -0.9990E+03   -0.9990E+03   -0.9990E+03   -0.9990E+03   -0.9990E+03   -0.9990E+03   -0.9990E+03   -0.9990E+03   -0.9990E+03   -0.9990E+03   -0.9990E+03   -0.9990E+03   -0.9990E+03   -0.9990E+03   -0.9990E+03   -0.9990E+03   -0.9990E+03   -0.9990E+03   -0.9990E+03   -0.9990E+03   -0.9990E+03   -0.9990E+03   -0.9990E+03   -0.9990E+03
   -0.9990E+03   -0.9990E+03   -0.9990E+03   -0.9990E+03   -0.9990E+03   -0.9990E+03   -0.9990E+03   -0.9990E+03   -0.9990E+03   -0.9990E+03   -0.9990E+03   -0.9990E+03   -0.9990E+03   -0.9990E+03   -0.9990E+03   -0.9990E+03   -0.9990E+03   -0.9990E+03   -0.9990E+03   -0.9990E+03   -0.9990E+03   -0.9990E+03   -0.9990E+03   -0.9990E+03   -0.9990E+03   -0.9990E+03   -0.9990E+03   -0.9990E+03   -0.9990E+03   -0.9990E+03   -0.9990E+03   -0.9990E+03   -0.9990E+03   -0.9990E+03   -0.9990E+03   -0.9990E+03   -0.9990E+03   -0.9990E+03   -0.9990E+03   -0.9990E+03   -0.9990E+03   -0.9990E+03   -0.9990E+03   -0.9990E+03   -0.9990E+03   -0.9990E+03   -0.9990E+03   -0.9990E+03   -0.9990E+03   -0.9990E+03   -0.9990E+03   -0.9990E+03   -0.9990E+03   -0.9990E+03   -0.9990E+03   -0.9990E+03   -0.9990E+03   -0.9990E+03   -0.9990E+03   -0.9990E+03   -0.9990E+03   -0.9990E+03   -0.9990E+03   -0.9990E+03   -0.9990E+03   -0.9990E+03   -0.9990E+03   -0.9990E+03   -0.9990E+03   -0.9990E+03   -0.9990E+03   -0.9990E+03   -0.9990E+03   -0.9990E+03   -0.9990E+03   -0.9990E+03
   -0.9990E+03   -0.9990E+03   -0.9990E+03   -0.9990E+03   -0.9990E+03   -0.9990E+03   -0.9990E+03   -0.9990E+03   -0.9990E+03   -0.9990E+03   -0.9990E+03   -0.9990E+03   -0.9990E+03   -0.9990E+03   -0.9990E+03   -0.9990E+03   -0.9990E+03   -0.9990E+03   -0.9990E+03   -0.9990E+03   -0.9990E+03   -0.9990E+03   -0.9990E+03   -0.9990E+03   -0.9990E+03   -0.9990E+03   -0.9990E+03   -0.9990E+03   -0.9990E+03   -0.9990E+03   -0.9990E+03   -0.9990E+03   -0.9990E+03   -0.9990E+03   -0.9990E+03   -0.9990E+03   -0.9990E+03   -0.9990E+03   -0.9990E+03   -0.9990E+03   -0.9990E+03   -0.9990E+03   -0.9990E+03   -0.9990E+03   -0.9990E+03   -0.9990E+03   -0.9990E+03   -0.9990E+03   -0.9990E+03   -0.9990E+03   -0.9990E+03   -0.9990E+03   -0.9990E+03    0.5322E+03   -0.9990E+03   -0.9990E+03   -0.9990E+03   -0.9990E+03   -0.9990E+03   -0.9990E+03   -0.9990E+03   -0.9990E+03   -0.9990E+03   -0.9990E+03   -0.9990E+03   -0.9990E+03   -0.9990E+03   -0.9990E+03   -0.9990E+03   -0.9990E+03   -0.9990E+03   -0.9990E+03   -0.9990E+03   -0.9990E+03   -0.9990E+03   -0.9990E+03
   -0.9990E+03   -0.9990E+03   -0.9990E+03   -0.9990E+03   -0.9990E+03   -0.9990E+03   -0.9990E+03   -0.9990E+03   -0.9990E+03   -0.9990E+03   -0.9990E+03   -0.9990E+03   -0.9990E+03   -0.9990E+03   -0.9990E+03   -0.9990E+03   -0.9990E+03   -0.9990E+03   -0.9990E+03   -0.9990E+03   -0.9990E+03   -0.9990E+03   -0.9990E+03   -0.9990E+03   -0.9990E+03   -0.9990E+03   -0.9990E+03   -0.9990E+03   -0.9990E+03   -0.9990E+03   -0.9990E+03   -0.9990E+03   -0.9990E+03   -0.9990E+03   -0.9990E+03   -0.9990E+03   -0.9990E+03   -0.9990E+03   -0.9990E+03   -0.9990E+03   -0.9990E+03   -0.9990E+03   -0.9990E+03   -0.9990E+03    0.4585E+03    0.4030E+03   -0.9990E+03   -0.9990E+03   -0.9990E+03   -0.9990E+03   -0.9990E+03   -0.9990E+03    0.4026E+03    0.3969E+03   -0.9990E+03   -0.9990E+03   -0.9990E+03   -0.9990E+03   -0.9990E+03   -0.9990E+03   -0.9990E+03    0.4884E+03   -0.9990E+03   -0.9990E+03   -0.9990E+03   -0.9990E+03   -0.9990E+03   -0.9990E+03   -0.9990E+03   -0.9990E+03   -0.9990E+03   -0.9990E+03   -0.9990E+03   -0.9990E+03   -0.9990E+03   -0.9990E+03
   -0.9990E+03   -0.9990E+03   -0.9990E+03   -0.9990E+03   -0.9990E+03   -0.9990E+03   -0.9990E+03   -0.9990E+03   -0.9990E+03   -0.9990E+03   -0.9990E+03   -0.9990E+03   -0.9990E+03   -0.9990E+03   -0.9990E+03   -0.9990E+03   -0.9990E+03   -0.9990E+03   -0.9990E+03   -0.9990E+03   -0.9990E+03   -0.9990E+03   -0.9990E+03   -0.9990E+03   -0.9990E+03   -0.9990E+03   -0.9990E+03   -0.9990E+03   -0.9990E+03   -0.9990E+03   -0.9990E+03   -0.9990E+03   -0.9990E+03   -0.9990E+03   -0.9990E+03   -0.9990E+03   -0.9990E+03   -0.9990E+03   -0.9990E+03   -0.9990E+03   -0.9990E+03   -0.9990E+03   -0.9990E+03   -0.9990E+03    0.3996E+03    0.4120E+03    0.3999E+03    0.6773E+03    0.3963E+03    0.3976E+03    0.3957E+03   -0.9990E+03    0.4459E+03    0.3930E+03   -0.9990E+03   -0.9990E+03   -0.9990E+03   -0.9990E+03   -0.9990E+03   -0.9990E+03   -0.9990E+03    0.3804E+03   -0.9990E+03   -0.9990E+03   -0.9990E+03   -0.9990E+03   -0.9990E+03   -0.9990E+03   -0.9990E+03   -0.9990E+03   -0.9990E+03   -0.9990E+03   -0.9990E+03   -0.9990E+03   -0.9990E+03   -0.9990E+03
   -0.9990E+03   -0.9990E+03   -0.9990E+03   -0.9990E+03   -0.9990E+03   -0.9990E+03   -0.9990E+03   -0.9990E+03   -0.9990E+03   -0.9990E+03   -0.9990E+03   -0.9990E+03   -0.9990E+03   -0.9990E+03   -0.9990E+03   -0.9990E+03   -0.9990E+03   -0.9990E+03   -0.9990E+03   -0.9990E+03   -0.9990E+03   -0.9990E+03   -0.9990E+03   -0.9990E+03   -0.9990E+03   -0.9990E+03   -0.9990E+03   -0.9990E+03   -0.9990E+03   -0.9990E+03   -0.9990E+03   -0.9990E+03   -0.9990E+03   -0.9990E+03   -0.9990E+03   -0.9990E+03   -0.9990E+03    0.3870E+03   -0.9990E+03   -0.9990E+03   -0.9990E+03   -0.9990E+03   -0.9990E+03   -0.9990E+03   -0.9990E+03    0.4932E+03    0.4008E+03    0.3959E+03    0.3960E+03    0.3949E+03    0.5036E+03   -0.9990E+03    0.3887E+03    0.3867E+03   -0.9990E+03   -0.9990E+03   -0.9990E+03   -0.9990E+03   -0.9990E+03   -0.9990E+03    0.5265E+03    0.3768E+03   -0.9990E+03   -0.9990E+03   -0.9990E+03   -0.9990E+03   -0.9990E+03   -0.9990E+03   -0.9990E+03   -0.9990E+03   -0.9990E+03   -0.9990E+03   -0.9990E+03   -0.9990E+03   -0.9990E+03   -0.9990E+03
   -0.9990E+03   -0.9990E+03   -0.9990E+03   -0.9990E+03   -0.9990E+03   -0.9990E+03   -0.9990E+03   -0.9990E+03   -0.9990E+03   -0.9990E+03   -0.9990E+03   -0.9990E+03   -0.9990E+03   -0.9990E+03   -0.9990E+03   -0.9990E+03   -0.9990E+03   -0.9990E+03   -0.9990E+03   -0.9990E+03   -0.9990E+03   -0.9990E+03   -0.9990E+03   -0.9990E+03   -0.9990E+03   -0.9990E+03   -0.9990E+03   -0.9990E+03   -0.9990E+03   -0.9990E+03   -0.9990E+03   -0.9990E+03   -0.9990E+03   -0.9990E+03   -0.9990E+03   -0.9990E+03    0.3845E+03    0.3840E+03   -0.9990E+03   -0.9990E+03   -0.9990E+03   -0.9990E+03   -0.9990E+03   -0.9990E+03   -0.9990E+03    0.6846E+03    0.3983E+03    0.3967E+03    0.3940E+03    0.3937E+03    0.3894E+03    0.3832E+03    0.3862E+03   -0.9990E+03   -0.9990E+03   -0.9990E+03   -0.9990E+03   -0.9990E+03   -0.9990E+03   -0.9990E+03   -0.9990E+03   -0.9990E+03   -0.9990E+03   -0.9990E+03   -0.9990E+03   -0.9990E+03   -0.9990E+03   -0.9990E+03   -0.9990E+03   -0.9990E+03   -0.9990E+03   -0.9990E+03   -0.9990E+03   -0.9990E+03   -0.9990E+03   -0.9990E+03
   -0.9990E+03   -0.9990E+03   -0.9990E+03   -0.9990E+03   -0.9990E+03   -0.9990E+03   -0.9990E+03   -0.9990E+03   -0.9990E+03   -0.9990E+03   -0.9990E+03   -0.9990E+03   -0.9990E+03   -0.9990E+03   -0.9990E+03   -0.9990E+03   -0.9990E+03   -0.9990E+03   -0.9990E+03   -0.9990E+03   -0.9990E+03   -0.9990E+03   -0.9990E+03   -0.9990E+03   -0.9990E+03   -0.9990E+03   -0.9990E+03   -0.9990E+03   -0.9990E+03   -0.9990E+03   -0.9990E+03   -0.9990E+03   -0.9990E+03   -0.9990E+03   -0.9990E+03   -0.9990E+03   -0.9990E+03    0.3807E+03   -0.9990E+03   -0.9990E+03    0.4032E+03    0.3914E+03   -0.9990E+03   -0.9990E+03    0.5742E+03    0.3954E+03    0.3950E+03    0.3961E+03    0.3931E+03    0.3890E+03    0.3878E+03    0.3849E+03    0.6531E+03   -0.9990E+03   -0.9990E+03   -0.9990E+03   -0.9990E+03   -0.9990E+03   -0.9990E+03   -0.9990E+03   -0.9990E+03   -0.9990E+03   -0.9990E+03   -0.9990E+03   -0.9990E+03   -0.9990E+03   -0.9990E+03   -0.9990E+03   -0.9990E+03   -0.9990E+03   -0.9990E+03   -0.9990E+03   -0.9990E+03   -0.9990E+03   -0.9990E+03   -0.9990E+03
   -0.9990E+03   -0.9990E+03   -0.9990E+03   -0.9990E+03   -0.9990E+03   -0.9990E+03   -0.9990E+03   -0.9990E+03   -0.9990E+03   -0.9990E+03   -0.9990E+03   -0.9990E+03   -0.9990E+03   -0.9990E+03   -0.9990E+03   -0.9990E+03   -0.9990E+03   -0.9990E+03   -0.9990E+03   -0.9990E+03   -0.9990E+03   -0.9990E+03   -0.9990E+03   -0.9990E+03   -0.9990E+03   -0.9990E+03   -0.9990E+03   -0.9990E+03   -0.9990E+03   -0.9990E+03   -0.9990E+03   -0.9990E+03   -0.9990E+03   -0.9990E+03   -0.9990E+03   -0.9990E+03   -0.9990E+03    0.4029E+03   -0.9990E+03    0.5954E+03    0.3853E+03    0.3919E+03    0.3916E+03    0.3949E+03    0.3965E+03    0.3968E+03    0.3931E+03    0.3939E+03    0.3908E+03    0.3851E+03    0.3799E+03    0.3775E+03    0.3742E+03   -0.9990E+03    0.3615E+03   -0.9990E+03   -0.9990E+03   -0.9990E+03   -0.9990E+03   -0.9990E+03   -0.9990E+03   -0.9990E+03   -0.9990E+03   -0.9990E+03   -0.9990E+03   -0.9990E+03   -0.9990E+03   -0.9990E+03   -0.9990E+03   -0.9990E+03   -0.9990E+03   -0.9990E+03   -0.9990E+03   -0.9990E+03   -0.9990E+03   -0.9990E+03
   -0.9990E+03   -0.9990E+03   -0.9990E+03   -0.9990E+03   -0.9990E+03   -0.9990E+03   -0.9990E+03   -0.9990E+03   -0.9990E+03   -0.9990E+03   -0.9990E+03   -0.9990E+03   -0.9990E+03   -0.9990E+03   -0.9990E+03   -0.9990E+03   -0.9990E+03   -0.9990E+03   -0.9990E+03   -0.9990E+03   -0.9990E+03   -0.9990E+03   -0.9990E+03   -0.9990E+03   -0.9990E+03   -0.9990E+03   -0.9990E+03   -0.9990E+03   -0.9990E+03   -0.9990E+03   -0.9990E+03   -0.9990E+03   -0.9990E+03   -0.9990E+03   -0.9990E+03   -0.9990E+03   -0.9990E+03   -0.9990E+03   -0.9990E+03   -0.9990E+03    0.4690E+03    0.4314E+03    0.6694E+03    0.6789E+03    0.4039E+03    0.3979E+03    0.3941E+03    0.3917E+03    0.3843E+03    0.3773E+03    0.3698E+03    0.3693E+03    0.3627E+03    0.5809E+03    0.3600E+03    0.5011E+03   -0.9990E+03    0.3571E+03   -0.9990E+03   -0.9990E+03   -0.9990E+03   -0.9990E+03   -0.9990E+03   -0.9990E+03   -0.9990E+03   -0.9990E+03   -0.9990E+03   -0.9990E+03   -0.9990E+03   -0.9990E+03   -0.9990E+03   -0.9990E+03   -0.9990E+03   -0.9990E+03   -0.9990E+03   -0.9990E+03
   -0.9990E+03   -0.9990E+03   -0.9990E+03   -0.9990E+03   -0.9990E+03   -0.9990E+03   -0.9990E+03   -0.9990E+03   -0.9990E+03   -0.9990E+03   -0.9990E+03   -0.9990E+03   -0.9990E+03   -0.9990E+03   -0.9990E+03   -0.9990E+03   -0.9990E+03   -0.9990E+03   -0.9990E+03   -0.9990E+03   -0.9990E+03   -0.9990E+03   -0.9990E+03   -0.9990E+03   -0.9990E+03   -0.9990E+03   -0.9990E+03   -0.9990E+03   -0.9990E+03   -0.9990E+03   -0.9990E+03   -0.9990E+03   -0.9990E+03   -0.9990E+03   -0.9990E+03   -0.9990E+03   -0.9990E+03   -0.9990E+03   -0.9990E+03   -0.9990E+03   -0.9990E+03   -0.9990E+03   -0.9990E+03    0.6219E+03    0.3952E+03    0.3991E+03    0.3950E+03    0.3834E+03    0.3765E+03    0.3677E+03    0.3626E+03    0.3594E+03    0.3530E+03   -0.9990E+03    0.5406E+03   -0.9990E+03    0.3470E+03    0.3476E+03    0.5562E+03   -0.9990E+03   -0.9990E+03   -0.9990E+03   -0.9990E+03   -0.9990E+03   -0.9990E+03   -0.9990E+03   -0.9990E+03   -0.9990E+03   -0.9990E+03   -0.9990E+03   -0.9990E+03   -0.9990E+03   -0.9990E+03   -0.9990E+03   -0.9990E+03   -0.9990E+03
   -0.9990E+03   -0.9990E+03   -0.9990E+03   -0.9990E+03   -0.9990E+03   -0.9990E+03   -0.9990E+03   -0.9990E+03   -0.9990E+03   -0.9990E+03   -0.9990E+03   -0.9990E+03   -0.9990E+03   -0.9990E+03   -0.9990E+03   -0.9990E+03   -0.9990E+03   -0.9990E+03   -0.9990E+03   -0.9990E+03   -0.9990E+03   -0.9990E+03   -0.9990E+03   -0.9990E+03   -0.9990E+03   -0.9990E+03   -0.9990E+03   -0.9990E+03   -0.9990E+03   -0.9990E+03   -0.9990E+03   -0.9990E+03   -0.9990E+03   -0.9990E+03   -0.9990E+03   -0.9990E+03    0.3501E+03   -0.9990E+03   -0.9990E+03   -0.9990E+03   -0.9990E+03   -0.9990E+03    0.5481E+03    0.3754E+03    0.3862E+03    0.3975E+03    0.3856E+03    0.3705E+03    0.3632E+03    0.3504E+03    0.3453E+03    0.3403E+03    0.3366E+03    0.3376E+03    0.3383E+03    0.3409E+03    0.3392E+03    0.3344E+03    0.3296E+03   -0.9990E+03   -0.9990E+03   -0.9990E+03   -0.9990E+03   -0.9990E+03   -0.9990E+03   -0.9990E+03   -0.9990E+03   -0.9990E+03   -0.9990E+03   -0.9990E+03   -0.9990E+03   -0.9990E+03   -0.9990E+03   -0.9990E+03   -0.9990E+03   -0.9990E+03
   -0.9990E+03   -0.9990E+03   -0.9990E+03   -0.9990E+03   -0.9990E+03   -0.9990E+03   -0.9990E+03   -0.9990E+03   -0.9990E+03   -0.9990E+03   -0.9990E+03   -0.9990E+03   -0.9990E+03   -0.9990E+03   -0.9990E+03   -0.9990E+03   -0.9990E+03   -0.9990E+03   -0.9990E+03   -0.9990E+03   -0.9990E+03   -0.9990E+03   -0.9990E+03   -0.9990E+03   -0.9990E+03   -0.9990E+03   -0.9990E+03   -0.9990E+03   -0.9990E+03   -0.9990E+03   -0.9990E+03   -0.9990E+03   -0.9990E+03   -0.9990E+03   -0.9990E+03    0.3577E+03    0.3386E+03   -0.9990E+03   -0.9990E+03   -0.9990E+03   -0.9990E+03   -0.9990E+03   -0.9990E+03    0.3602E+03    0.3648E+03    0.3689E+03    0.3646E+03    0.3526E+03    0.3456E+03    0.3338E+03    0.3260E+03    0.3236E+03    0.3261E+03    0.3242E+03    0.3231E+03    0.3236E+03    0.3201E+03    0.3173E+03    0.3133E+03   -0.9990E+03   -0.9990E+03   -0.9990E+03   -0.9990E+03   -0.9990E+03   -0.9990E+03   -0.9990E+03   -0.9990E+03   -0.9990E+03   -0.9990E+03   -0.9990E+03   -0.9990E+03   -0.9990E+03   -0.9990E+03   -0.9990E+03   -0.9990E+03   -0.9990E+03
   -0.9990E+03   -0.9990E+03   -0.9990E+03   -0.9990E+03   -0.9990E+03   -0.9990E+03   -0.9990E+03   -0.9990E+03   -0.9990E+03   -0.9990E+03   -0.9990E+03   -0.9990E+03   -0.9990E+03   -0.9990E+03   -0.9990E+03   -0.9990E+03   -0.9990E+03   -0.9990E+03   -0.9990E+03   -0.9990E+03   -0.9990E+03   -0.9990E+03   -0.9990E+03   -0.9990E+03   -0.9990E+03   -0.9990E+03   -0.9990E+03   -0.9990E+03   -0.9990E+03   -0.9990E+03   -0.9990E+03   -0.9990E+03   -0.9990E+03   -0.9990E+03   -0.9990E+03    0.3268E+03   -0.9990E+03   -0.9990E+03   -0.9990E+03   -0.9990E+03   -0.9990E+03   -0.9990E+03   -0.9990E+03    0.3359E+03    0.3411E+03    0.3420E+03    0.3374E+03    0.3285E+03    0.3223E+03    0.3166E+03    0.3112E+03    0.3094E+03    0.3026E+03    0.2997E+03    0.2998E+03    0.2993E+03    0.2949E+03    0.2931E+03    0.2987E+03    0.2958E+03   -0.9990E+03   -0.9990E+03   -0.9990E+03   -0.9990E+03   -0.9990E+03   -0.9990E+03   -0.9990E+03   -0.9990E+03   -0.9990E+03   -0.9990E+03   -0.9990E+03   -0.9990E+03   -0.9990E+03   -0.9990E+03   -0.9990E+03   -0.9990E+03
   -0.9990E+03   -0.9990E+03   -0.9990E+03   -0.9990E+03   -0.9990E+03   -0.9990E+03   -0.9990E+03   -0.9990E+03   -0.9990E+03   -0.9990E+03   -0.9990E+03   -0.9990E+03   -0.9990E+03   -0.9990E+03   -0.9990E+03   -0.9990E+03   -0.9990E+03   -0.9990E+03   -0.9990E+03   -0.9990E+03   -0.9990E+03   -0.9990E+03   -0.9990E+03   -0.9990E+03   -0.9990E+03   -0.9990E+03   -0.9990E+03   -0.9990E+03   -0.9990E+03   -0.9990E+03   -0.9990E+03   -0.9990E+03   -0.9990E+03   -0.9990E+03    0.3077E+03    0.2986E+03   -0.9990E+03   -0.9990E+03   -0.9990E+03   -0.9990E+03   -0.9990E+03   -0.9990E+03   -0.9990E+03   -0.9990E+03    0.4957E+03    0.3138E+03    0.3110E+03    0.3053E+03    0.2978E+03    0.2962E+03    0.2887E+03    0.2823E+03    0.2778E+03    0.2755E+03    0.2737E+03    0.2747E+03    0.4452E+03    0.4314E+03    0.3754E+03    0.2780E+03   -0.9990E+03   -0.9990E+03   -0.9990E+03   -0.9990E+03   -0.9990E+03   -0.9990E+03   -0.9990E+03   -0.9990E+03   -0.9990E+03   -0.9990E+03   -0.9990E+03   -0.9990E+03   -0.9990E+03   -0.9990E+03   -0.9990E+03   -0.9990E+03
   -0.9990E+03   -0.9990E+03   -0.9990E+03   -0.9990E+03   -0.9990E+03   -0.9990E+03   -0.9990E+03   -0.9990E+03   -0.9990E+03   -0.9990E+03   -0.9990E+03   -0.9990E+03   -0.9990E+03   -0.9990E+03   -0.9990E+03   -0.9990E+03   -0.9990E+03   -0.9990E+03   -0.9990E+03   -0.9990E+03   -0.9990E+03   -0.9990E+03   -0.9990E+03   -0.9990E+03   -0.9990E+03   -0.9990E+03   -0.9990E+03   -0.9990E+03   -0.9990E+03   -0.9990E+03   -0.9990E+03   -0.9990E+03   -0.9990E+03   -0.9990E+03   -0.9990E+03    0.3111E+03   -0.9990E+03   -0.9990E+03   -0.9990E+03   -0.9990E+03   -0.9990E+03   -0.9990E+03   -0.9990E+03   -0.9990E+03   -0.9990E+03    0.2871E+03    0.2848E+03    0.2800E+03    0.2772E+03    0.2694E+03    0.2624E+03    0.2596E+03    0.2572E+03    0.2538E+03    0.2521E+03    0.2516E+03    0.2503E+03    0.2530E+03    0.4203E+03   -0.9990E+03   -0.9990E+03   -0.9990E+03   -0.9990E+03   -0.9990E+03   -0.9990E+03   -0.9990E+03   -0.9990E+03   -0.9990E+03   -0.9990E+03   -0.9990E+03   -0.9990E+03   -0.9990E+03   -0.9990E+03   -0.9990E+03   -0.9990E+03   -0.9990E+03
   -0.9990E+03   -0.9990E+03   -0.9990E+03   -0.9990E+03   -0.9990E+03   -0.9990E+03   -0.9990E+03   -0.9990E+03   -0.9990E+03   -0.9990E+03   -0.9990E+03   -0.9990E+03   -0.9990E+03   -0.9990E+03   -0.9990E+03   -0.9990E+03   -0.9990E+03   -0.9990E+03   -0.9990E+03   -0.9990E+03   -0.9990E+03   -0.9990E+03   -0.9990E+03   -0.9990E+03   -0.9990E+03   -0.9990E+03   -0.9990E+03   -0.9990E+03   -0.9990E+03   -0.9990E+03   -0.9990E+03   -0.9990E+03   -0.9990E+03   -0.9990E+03   -0.9990E+03   -0.9990E+03   -0.9990E+03   -0.9990E+03   -0.9990E+03   -0.9990E+03   -0.9990E+03   -0.9990E+03   -0.9990E+03   -0.9990E+03    0.2619E+03    0.2615E+03    0.2593E+03    0.2552E+03    0.2509E+03    0.2474E+03    0.2418E+03    0.2368E+03    0.2327E+03    0.2308E+03    0.2286E+03    0.2274E+03    0.2282E+03    0.3301E+03   -0.9990E+03   -0.9990E+03   -0.9990E+03   -0.9990E+03   -0.9990E+03   -0.9990E+03   -0.9990E+03   -0.9990E+03   -0.9990E+03   -0.9990E+03   -0.9990E+03   -0.9990E+03   -0.9990E+03   -0.9990E+03   -0.9990E+03   -0.9990E+03   -0.9990E+03   -0.9990E+03
   -0.9990E+03   -0.9990E+03   -0.9990E+03   -0.9990E+03   -0.9990E+03   -0.9990E+03   -0.9990E+03   -0.9990E+03   -0.9990E+03   -0.9990E+03   -0.9990E+03   -0.9990E+03   -0.9990E+03   -0.9990E+03   -0.9990E+03   -0.9990E+03   -0.9990E+03   -0.9990E+03   -0.9990E+03   -0.9990E+03   -0.9990E+03   -0.9990E+03   -0.9990E+03   -0.9990E+03   -0.9990E+03   -0.9990E+03   -0.9990E+03   -0.9990E+03   -0.9990E+03   -0.9990E+03   -0.9990E+03   -0.9990E+03   -0.9990E+03    0.2401E+03    0.2395E+03   -0.9990E+03   -0.9990E+03   -0.9990E+03   -0.9990E+03   -0.9990E+03   -0.9990E+03   -0.9990E+03   -0.9990E+03   -0.9990E+03    0.2377E+03    0.2363E+03    0.2338E+03    0.2301E+03    0.2298E+03    0.2241E+03    0.2177E+03    0.2135E+03    0.2088E+03    0.2053E+03    0.2021E+03    0.2021E+03    0.2038E+03    0.2068E+03    0.3655E+03   -0.9990E+03   -0.9990E+03   -0.9990E+03   -0.9990E+03   -0.9990E+03   -0.9990E+03   -0.9990E+03   -0.9990E+03   -0.9990E+03   -0.9990E+03   -0.9990E+03   -0.9990E+03   -0.9990E+03   -0.9990E+03   -0.9990E+03   -0.9990E+03   -0.9990E+03
   -0.9990E+03   -0.9990E+03   -0.9990E+03   -0.9990E+03   -0.9990E+03   -0.9990E+03   -0.9990E+03   -0.9990E+03   -0.9990E+03   -0.9990E+03   -0.9990E+03   -0.9990E+03   -0.9990E+03   -0.9990E+03   -0.9990E+03   -0.9990E+03   -0.9990E+03   -0.9990E+03   -0.9990E+03   -0.9990E+03   -0.9990E+03   -0.9990E+03   -0.9990E+03   -0.9990E+03   -0.9990E+03   -0.9990E+03   -0.9990E+03   -0.9990E+03   -0.9990E+03   -0.9990E+03   -0.9990E+03   -0.9990E+03   -0.9990E+03   -0.9990E+03    0.2438E+03   -0.9990E+03   -0.9990E+03   -0.9990E+03   -0.9990E+03   -0.9990E+03   -0.9990E+03   -0.9990E+03   -0.9990E+03    0.2801E+03    0.2140E+03    0.2112E+03    0.2092E+03    0.2062E+03    0.2058E+03    0.2011E+03    0.1972E+03    0.1922E+03    0.1867E+03    0.1804E+03    0.1766E+03    0.1755E+03    0.1777E+03    0.1843E+03    0.1912E+03    0.2000E+03    0.3396E+03   -0.9990E+03   -0.9990E+03   -0.9990E+03   -0.9990E+03   -0.9990E+03   -0.9990E+03   -0.9990E+03   -0.9990E+03   -0.9990E+03   -0.9990E+03   -0.9990E+03   -0.9990E+03   -0.9990E+03   -0.9990E+03   -0.9990E+03
   -0.9990E+03   -0.9990E+03   -0.9990E+03   -0.9990E+03   -0.9990E+03   -0.9990E+03   -0.9990E+03   -0.9990E+03   -0.9990E+03   -0.9990E+03   -0.9990E+03   -0.9990E+03   -0.9990E+03   -0.9990E+03   -0.9990E+03   -0.9990E+03   -0.9990E+03   -0.9990E+03   -0.9990E+03   -0.9990E+03   -0.9990E+03   -0.9990E+03   -0.9990E+03   -0.9990E+03   -0.9990E+03   -0.9990E+03   -0.9990E+03   -0.9990E+03   -0.9990E+03   -0.9990E+03   -0.9990E+03   -0.9990E+03   -0.9990E+03   -0.9990E+03   -0.9990E+03   -0.9990E+03   -0.9990E+03   -0.9990E+03   -0.9990E+03   -0.9990E+03    0.2714E+03    0.2004E+03   -0.9990E+03    0.1937E+03    0.1910E+03    0.1866E+03    0.1847E+03    0.1828E+03    0.1827E+03    0.1799E+03    0.1734E+03    0.1684E+03    0.1622E+03    0.1556E+03    0.1490E+03    0.1467E+03    0.1523E+03    0.1605E+03    0.1700E+03    0.1797E+03    0.1901E+03    0.1977E+03    0.3404E+03   -0.9990E+03   -0.9990E+03   -0.9990E+03   -0.9990E+03   -0.9990E+03   -0.9990E+03   -0.9990E+03   -0.9990E+03   -0.9990E+03   -0.9990E+03   -0.9990E+03   -0.9990E+03   -0.9990E+03
   -0.9990E+03   -0.9990E+03   -0.9990E+03   -0.9990E+03   -0.9990E+03   -0.9990E+03   -0.9990E+03   -0.9990E+03   -0.9990E+03   -0.9990E+03   -0.9990E+03   -0.9990E+03   -0.9990E+03   -0.9990E+03   -0.9990E+03   -0.9990E+03   -0.9990E+03   -0.9990E+03   -0.9990E+03   -0.9990E+03   -0.9990E+03   -0.9990E+03   -0.9990E+03   -0.9990E+03   -0.9990E+03   -0.9990E+03   -0.9990E+03   -0.9990E+03   -0.9990E+03   -0.9990E+03   -0.9990E+03   -0.9990E+03   -0.9990E+03   -0.9990E+03   -0.9990E+03   -0.9990E+03   -0.9990E+03   -0.9990E+03   -0.9990E+03   -0.9990E+03   -0.9990E+03    0.3052E+03    0.1789E+03    0.1724E+03    0.1671E+03    0.1618E+03    0.1611E+03    0.1609E+03    0.1628E+03    0.1587E+03    0.1547E+03    0.1491E+03    0.1413E+03    0.1312E+03    0.1222E+03    0.1178E+03    0.1257E+03    0.1375E+03    0.1512E+03    0.1624E+03    0.1742E+03    0.1825E+03    0.1935E+03   -0.9990E+03   -0.9990E+03   -0.9990E+03   -0.9990E+03   -0.9990E+03   -0.9990E+03   -0.9990E+03   -0.9990E+03   -0.9990E+03   -0.9990E+03   -0.9990E+03   -0.9990E+03   -0.9990E+03
   -0.9990E+03   -0.9990E+03   -0.9990E+03   -0.9990E+03   -0.9990E+03   -0.9990E+03   -0.9990E+03   -0.9990E+03   -0.9990E+03   -0.9990E+03   -0.9990E+03   -0.9990E+03   -0.9990E+03   -0.9990E+03   -0.9990E+03   -0.9990E+03   -0.9990E+03   -0.9990E+03   -0.9990E+03   -0.9990E+03   -0.9990E+03   -0.9990E+03   -0.9990E+03   -0.9990E+03   -0.9990E+03   -0.9990E+03   -0.9990E+03   -0.9990E+03   -0.9990E+03   -0.9990E+03   -0.9990E+03   -0.9990E+03   -0.9990E+03   -0.9990E+03   -0.9990E+03   -0.9990E+03   -0.9990E+03   -0.9990E+03   -0.9990E+03   -0.9990E+03    0.2730E+03    0.2738E+03    0.1623E+03    0.1554E+03    0.1475E+03    0.1364E+03    0.1412E+03    0.1439E+03    0.1453E+03    0.1409E+03    0.1382E+03    0.1327E+03    0.1243E+03    0.1139E+03    0.1017E+03    0.8583E+02    0.1045E+03    0.1211E+03    0.1361E+03    0.1484E+03    0.1607E+03    0.1688E+03    0.1781E+03   -0.9990E+03   -0.9990E+03   -0.9990E+03   -0.9990E+03   -0.9990E+03   -0.9990E+03   -0.9990E+03   -0.9990E+03   -0.9990E+03   -0.9990E+03   -0.9990E+03   -0.9990E+03   -0.9990E+03
   -0.9990E+03   -0.9990E+03   -0.9990E+03   -0.9990E+03   -0.9990E+03   -0.9990E+03   -0.9990E+03   -0.9990E+03   -0.9990E+03   -0.9990E+03   -0.9990E+03   -0.9990E+03   -0.9990E+03   -0.9990E+03   -0.9990E+03   -0.9990E+03   -0.9990E+03   -0.9990E+03   -0.9990E+03   -0.9990E+03   -0.9990E+03   -0.9990E+03   -0.9990E+03   -0.9990E+03   -0.9990E+03   -0.9990E+03   -0.9990E+03   -0.9990E+03   -0.9990E+03   -0.9990E+03   -0.9990E+03   -0.9990E+03   -0.9990E+03   -0.9990E+03   -0.9990E+03   -0.9990E+03   -0.9990E+03   -0.9990E+03   -0.9990E+03   -0.9990E+03   -0.9990E+03    0.2395E+03    0.1509E+03    0.1439E+03    0.1371E+03    0.1323E+03    0.1298E+03    0.1307E+03    0.1315E+03    0.1286E+03    0.1249E+03    0.1189E+03    0.1118E+03    0.1026E+03    0.9298E+02    0.9034E+02    0.9715E+02    0.1111E+03    0.1252E+03    0.1381E+03    0.1480E+03    0.1575E+03    0.1675E+03    0.2851E+03   -0.9990E+03   -0.9990E+03   -0.9990E+03   -0.9990E+03   -0.9990E+03   -0.9990E+03   -0.9990E+03   -0.9990E+03   -0.9990E+03   -0.9990E+03   -0.9990E+03   -0.9990E+03
   -0.9990E+03   -0.9990E+03   -0.9990E+03   -0.9990E+03   -0.9990E+03   -0.9990E+03   -0.9990E+03   -0.9990E+03   -0.9990E+03   -0.9990E+03   -0.9990E+03   -0.9990E+03   -0.9990E+03   -0.9990E+03   -0.9990E+03   -0.9990E+03   -0.9990E+03   -0.9990E+03   -0.9990E+03   -0.9990E+03   -0.9990E+03   -0.9990E+03   -0.9990E+03   -0.9990E+03   -0.9990E+03   -0.9990E+03   -0.9990E+03   -0.9990E+03   -0.9990E+03   -0.9990E+03   -0.9990E+03   -0.9990E+03   -0.9990E+03   -0.9990E+03   -0.9990E+03   -0.9990E+03   -0.9990E+03   -0.9990E+03   -0.9990E+03   -0.9990E+03   -0.9990E+03   -0.9990E+03    0.1477E+03    0.1360E+03    0.1324E+03    0.1286E+03    0.1243E+03    0.1219E+03    0.1199E+03    0.1181E+03    0.1145E+03    0.1095E+03    0.1033E+03    0.9627E+02    0.9242E+02    0.9350E+02    0.9744E+02    0.1059E+03    0.1181E+03    0.1285E+03    0.1385E+03    0.1491E+03    0.1614E+03   -0.9990E+03   -0.9990E+03   -0.9990E+03   -0.9990E+03   -0.9990E+03   -0.9990E+03   -0.9990E+03   -0.9990E+03   -0.9990E+03   -0.9990E+03   -0.9990E+03   -0.9990E+03   -0.9990E+03
   -0.9990E+03   -0.9990E+03   -0.9990E+03   -0.9990E+03   -0.9990E+03   -0.9990E+03   -0.9990E+03   -0.9990E+03   -0.9990E+03   -0.9990E+03   -0.9990E+03   -0.9990E+03   -0.9990E+03   -0.9990E+03   -0.9990E+03   -0.9990E+03   -0.9990E+03   -0.9990E+03   -0.9990E+03   -0.9990E+03   -0.9990E+03   -0.9990E+03   -0.9990E+03   -0.9990E+03   -0.9990E+03   -0.9990E+03   -0.9990E+03   -0.9990E+03   -0.9990E+03   -0.9990E+03   -0.9990E+03   -0.9990E+03   -0.9990E+03   -0.9990E+03   -0.9990E+03   -0.9990E+03   -0.9990E+03   -0.9990E+03   -0.9990E+03   -0.9990E+03   -0.9990E+03   -0.9990E+03   -0.9990E+03    0.1316E+03    0.1287E+03    0.1251E+03    0.1207E+03    0.1168E+03    0.1128E+03    0.1095E+03    0.1059E+03    0.1022E+03    0.9706E+02    0.9418E+02    0.9356E+02    0.9465E+02    0.9885E+02    0.1055E+03    0.1130E+03    0.1226E+03    0.1331E+03    0.1432E+03   -0.9990E+03   -0.9990E+03   -0.9990E+03   -0.9990E+03   -0.9990E+03   -0.9990E+03   -0.9990E+03   -0.9990E+03   -0.9990E+03   -0.9990E+03   -0.9990E+03   -0.9990E+03   -0.9990E+03   -0.9990E+03
   -0.9990E+03   -0.9990E+03   -0.9990E+03   -0.9990E+03   -0.9990E+03   -0.9990E+03   -0.9990E+03   -0.9990E+03   -0.9990E+03   -0.9990E+03   -0.9990E+03   -0.9990E+03   -0.9990E+03   -0.9990E+03   -0.9990E+03   -0.9990E+03   -0.9990E+03   -0.9990E+03   -0.9990E+03   -0.9990E+03   -0.9990E+03   -0.9990E+03   -0.9990E+03   -0.9990E+03   -0.9990E+03   -0.9990E+03   -0.9990E+03   -0.9990E+03   -0.9990E+03   -0.9990E+03   -0.9990E+03   -0.9990E+03   -0.9990E+03   -0.9990E+03   -0.9990E+03   -0.9990E+03   -0.9990E+03   -0.9990E+03   -0.9990E+03   -0.9990E+03   -0.9990E+03   -0.9990E+03   -0.9990E+03    0.1290E+03    0.1257E+03    0.1216E+03    0.1175E+03    0.1131E+03    0.1086E+03    0.1046E+03    0.1010E+03    0.9715E+02    0.9436E+02    0.9313E+02    0.9319E+02    0.9502E+02    0.9923E+02    0.1051E+03    0.1124E+03    0.1215E+03    0.1294E+03   -0.9990E+03   -0.9990E+03   -0.9990E+03   -0.9990E+03   -0.9990E+03   -0.9990E+03   -0.9990E+03   -0.9990E+03   -0.9990E+03   -0.9990E+03   -0.9990E+03   -0.9990E+03   -0.9990E+03   -0.9990E+03   -0.9990E+03
   -0.9990E+03   -0.9990E+03   -0.9990E+03   -0.9990E+03   -0.9990E+03   -0.9990E+03   -0.9990E+03   -0.9990E+03   -0.9990E+03   -0.9990E+03   -0.9990E+03   -0.9990E+03   -0.9990E+03   -0.9990E+03   -0.9990E+03   -0.9990E+03   -0.9990E+03   -0.9990E+03   -0.9990E+03   -0.9990E+03   -0.9990E+03   -0.9990E+03   -0.9990E+03   -0.9990E+03   -0.9990E+03   -0.9990E+03   -0.9990E+03   -0.9990E+03   -0.9990E+03   -0.9990E+03   -0.9990E+03   -0.9990E+03   -0.9990E+03   -0.9990E+03   -0.9990E+03   -0.9990E+03   -0.9990E+03   -0.9990E+03    0.1992E+03    0.1448E+03   -0.9990E+03    0.1450E+03    0.1312E+03    0.1263E+03    0.1227E+03    0.1180E+03    0.1139E+03    0.1096E+03    0.1055E+03    0.1019E+03    0.9891E+02    0.9586E+02    0.9332E+02    0.9217E+02    0.9224E+02    0.9458E+02    0.9836E+02    0.1040E+03    0.1113E+03    0.1180E+03    0.1268E+03   -0.9990E+03   -0.9990E+03   -0.9990E+03   -0.9990E+03   -0.9990E+03   -0.9990E+03   -0.9990E+03   -0.9990E+03   -0.9990E+03   -0.9990E+03   -0.9990E+03   -0.9990E+03   -0.9990E+03   -0.9990E+03   -0.9990E+03
   -0.9990E+03   -0.9990E+03   -0.9990E+03   -0.9990E+03   -0.9990E+03   -0.9990E+03   -0.9990E+03   -0.9990E+03   -0.9990E+03   -0.9990E+03   -0.9990E+03   -0.9990E+03   -0.9990E+03   -0.9990E+03   -0.9990E+03   -0.9990E+03   -0.9990E+03   -0.9990E+03   -0.9990E+03   -0.9990E+03   -0.9990E+03   -0.9990E+03   -0.9990E+03   -0.9990E+03   -0.9990E+03   -0.9990E+03   -0.9990E+03   -0.9990E+03   -0.9990E+03   -0.9990E+03   -0.9990E+03   -0.9990E+03   -0.9990E+03   -0.9990E+03   -0.9990E+03   -0.9990E+03   -0.9990E+03   -0.9990E+03   -0.9990E+03    0.1871E+03   -0.9990E+03    0.1354E+03    0.1290E+03    0.1239E+03    0.1189E+03    0.1144E+03    0.1101E+03    0.1063E+03    0.1024E+03    0.9914E+02    0.9641E+02    0.9362E+02    0.9130E+02    0.9002E+02    0.9023E+02    0.9248E+02    0.9658E+02    0.1022E+03    0.1083E+03    0.1166E+03    0.1250E+03   -0.9990E+03   -0.9990E+03   -0.9990E+03   -0.9990E+03   -0.9990E+03   -0.9990E+03   -0.9990E+03   -0.9990E+03   -0.9990E+03   -0.9990E+03   -0.9990E+03   -0.9990E+03   -0.9990E+03   -0.9990E+03   -0.9990E+03
   -0.9990E+03   -0.9990E+03   -0.9990E+03   -0.9990E+03   -0.9990E+03   -0.9990E+03   -0.9990E+03   -0.9990E+03   -0.9990E+03   -0.9990E+03   -0.9990E+03   -0.9990E+03   -0.9990E+03   -0.9990E+03   -0.9990E+03   -0.9990E+03   -0.9990E+03   -0.9990E+03   -0.9990E+03   -0.9990E+03   -0.9990E+03   -0.9990E+03   -0.9990E+03   -0.9990E+03   -0.9990E+03   -0.9990E+03   -0.9990E+03   -0.9990E+03   -0.9990E+03   -0.9990E+03   -0.9990E+03   -0.9990E+03   -0.9990E+03   -0.9990E+03   -0.9990E+03   -0.9990E+03   -0.9990E+03   -0.9990E+03   -0.9990E+03    0.1777E+03    0.1387E+03   -0.9990E+03    0.1249E+03    0.1203E+03    0.1151E+03    0.1105E+03    0.1065E+03    0.1027E+03    0.9943E+02    0.9707E+02    0.9459E+02    0.9156E+02    0.8887E+02    0.8747E+02    0.8748E+02    0.8948E+02    0.9379E+02    0.9941E+02    0.1060E+03    0.1140E+03    0.1224E+03   -0.9990E+03   -0.9990E+03   -0.9990E+03   -0.9990E+03   -0.9990E+03   -0.9990E+03   -0.9990E+03   -0.9990E+03   -0.9990E+03   -0.9990E+03   -0.9990E+03   -0.9990E+03   -0.9990E+03   -0.9990E+03   -0.9990E+03
   -0.9990E+03   -0.9990E+03   -0.9990E+03   -0.9990E+03   -0.9990E+03   -0.9990E+03   -0.9990E+03   -0.9990E+03   -0.9990E+03   -0.9990E+03   -0.9990E+03   -0.9990E+03   -0.9990E+03   -0.9990E+03   -0.9990E+03   -0.9990E+03   -0.9990E+03   -0.9990E+03   -0.9990E+03   -0.9990E+03   -0.9990E+03   -0.9990E+03   -0.9990E+03   -0.9990E+03   -0.9990E+03   -0.9990E+03   -0.9990E+03   -0.9990E+03   -0.9990E+03   -0.9990E+03   -0.9990E+03   -0.9990E+03   -0.9990E+03   -0.9990E+03   -0.9990E+03   -0.9990E+03   -0.9990E+03   -0.9990E+03   -0.9990E+03   -0.9990E+03    0.1778E+03   -0.9990E+03   -0.9990E+03    0.1177E+03    0.1113E+03    0.1062E+03    0.1021E+03    0.9892E+02    0.9728E+02    0.9547E+02    0.9258E+02    0.9028E+02    0.8739E+02    0.8479E+02    0.8392E+02    0.8565E+02    0.8998E+02    0.9621E+02    0.1035E+03    0.1118E+03    0.1602E+03   -0.9990E+03   -0.9990E+03   -0.9990E+03   -0.9990E+03   -0.9990E+03   -0.9990E+03   -0.9990E+03   -0.9990E+03   -0.9990E+03   -0.9990E+03   -0.9990E+03   -0.9990E+03   -0.9990E+03   -0.9990E+03   -0.9990E+03
   -0.9990E+03   -0.9990E+03   -0.9990E+03   -0.9990E+03   -0.9990E+03   -0.9990E+03   -0.9990E+03   -0.9990E+03   -0.9990E+03   -0.9990E+03   -0.9990E+03   -0.9990E+03   -0.9990E+03   -0.9990E+03   -0.9990E+03   -0.9990E+03   -0.9990E+03   -0.9990E+03   -0.9990E+03   -0.9990E+03   -0.9990E+03   -0.9990E+03   -0.9990E+03   -0.9990E+03   -0.9990E+03   -0.9990E+03   -0.9990E+03   -0.9990E+03   -0.9990E+03   -0.9990E+03   -0.9990E+03   -0.9990E+03   -0.9990E+03   -0.9990E+03   -0.9990E+03   -0.9990E+03   -0.9990E+03   -0.9990E+03   -0.9990E+03   -0.9990E+03   -0.9990E+03   -0.9990E+03   -0.9990E+03    0.1155E+03    0.1077E+03    0.1013E+03    0.9798E+02    0.9707E+02    0.9613E+02    0.9415E+02    0.9206E+02    0.8946E+02    0.8599E+02    0.8287E+02    0.7996E+02    0.8039E+02    0.8562E+02    0.9315E+02    0.1014E+03    0.1097E+03    0.1178E+03   -0.9990E+03   -0.9990E+03   -0.9990E+03   -0.9990E+03   -0.9990E+03   -0.9990E+03   -0.9990E+03   -0.9990E+03   -0.9990E+03   -0.9990E+03   -0.9990E+03   -0.9990E+03   -0.9990E+03   -0.9990E+03   -0.9990E+03
   -0.9990E+03   -0.9990E+03   -0.9990E+03   -0.9990E+03   -0.9990E+03   -0.9990E+03   -0.9990E+03   -0.9990E+03   -0.9990E+03   -0.9990E+03   -0.9990E+03   -0.9990E+03   -0.9990E+03   -0.9990E+03   -0.9990E+03   -0.9990E+03   -0.9990E+03   -0.9990E+03   -0.9990E+03   -0.9990E+03   -0.9990E+03   -0.9990E+03   -0.9990E+03   -0.9990E+03   -0.9990E+03   -0.9990E+03   -0.9990E+03   -0.9990E+03   -0.9990E+03   -0.9990E+03   -0.9990E+03   -0.9990E+03   -0.9990E+03   -0.9990E+03   -0.9990E+03   -0.9990E+03   -0.9990E+03   -0.9990E+03   -0.9990E+03   -0.9990E+03   -0.9990E+03   -0.9990E+03   -0.9990E+03    0.1154E+03    0.1064E+03    0.9579E+02    0.9710E+02    0.9696E+02    0.9570E+02    0.9427E+02    0.9208E+02    0.8901E+02    0.8557E+02    0.8182E+02    0.7815E+02    0.7404E+02    0.8270E+02    0.9118E+02    0.9962E+02    0.1075E+03    0.1759E+03   -0.9990E+03   -0.9990E+03   -0.9990E+03   -0.9990E+03   -0.9990E+03   -0.9990E+03   -0.9990E+03   -0.9990E+03   -0.9990E+03   -0.9990E+03   -0.9990E+03   -0.9990E+03   -0.9990E+03   -0.9990E+03   -0.9990E+03
   -0.9990E+03   -0.9990E+03   -0.9990E+03   -0.9990E+03   -0.9990E+03   -0.9990E+03   -0.9990E+03   -0.9990E+03   -0.9990E+03   -0.9990E+03   -0.9990E+03   -0.9990E+03   -0.9990E+03   -0.9990E+03   -0.9990E+03   -0.9990E+03   -0.9990E+03   -0.9990E+03   -0.9990E+03   -0.9990E+03   -0.9990E+03   -0.9990E+03   -0.9990E+03   -0.9990E+03   -0.9990E+03   -0.9990E+03   -0.9990E+03   -0.9990E+03   -0.9990E+03   -0.9990E+03   -0.9990E+03   -0.9990E+03   -0.9990E+03   -0.9990E+03   -0.9990E+03   -0.9990E+03   -0.9990E+03   -0.9990E+03   -0.9990E+03   -0.9990E+03   -0.9990E+03    0.1331E+03    0.1253E+03    0.1181E+03    0.1100E+03    0.1032E+03    0.9996E+02    0.9887E+02    0.9742E+02    0.9550E+02    0.9273E+02    0.8949E+02    0.8591E+02    0.8231E+02    0.7894E+02    0.7846E+02    0.8305E+02    0.9029E+02    0.9830E+02    0.1068E+03    0.1479E+03   -0.9990E+03   -0.9990E+03   -0.9990E+03   -0.9990E+03   -0.9990E+03   -0.9990E+03   -0.9990E+03   -0.9990E+03   -0.9990E+03   -0.9990E+03   -0.9990E+03   -0.9990E+03   -0.9990E+03   -0.9990E+03   -0.9990E+03
   -0.9990E+03   -0.9990E+03   -0.9990E+03   -0.9990E+03   -0.9990E+03   -0.9990E+03   -0.9990E+03   -0.9990E+03   -0.9990E+03   -0.9990E+03   -0.9990E+03   -0.9990E+03   -0.9990E+03   -0.9990E+03   -0.9990E+03   -0.9990E+03   -0.9990E+03   -0.9990E+03   -0.9990E+03   -0.9990E+03   -0.9990E+03   -0.9990E+03   -0.9990E+03   -0.9990E+03   -0.9990E+03   -0.9990E+03   -0.9990E+03   -0.9990E+03   -0.9990E+03   -0.9990E+03   -0.9990E+03   -0.9990E+03   -0.9990E+03   -0.9990E+03   -0.9990E+03   -0.9990E+03   -0.9990E+03   -0.9990E+03   -0.9990E+03   -0.9990E+03   -0.9990E+03    0.1351E+03    0.1290E+03    0.1224E+03    0.1156E+03    0.1100E+03    0.1055E+03    0.1023E+03    0.9966E+02    0.9715E+02    0.9412E+02    0.9068E+02    0.8693E+02    0.8345E+02    0.8078E+02    0.8170E+02    0.8495E+02    0.9058E+02    0.9776E+02    0.1057E+03   -0.9990E+03   -0.9990E+03   -0.9990E+03   -0.9990E+03   -0.9990E+03   -0.9990E+03   -0.9990E+03   -0.9990E+03   -0.9990E+03   -0.9990E+03   -0.9990E+03   -0.9990E+03   -0.9990E+03   -0.9990E+03   -0.9990E+03   -0.9990E+03
   -0.9990E+03   -0.9990E+03   -0.9990E+03   -0.9990E+03   -0.9990E+03   -0.9990E+03   -0.9990E+03   -0.9990E+03   -0.9990E+03   -0.9990E+03   -0.9990E+03   -0.9990E+03   -0.9990E+03   -0.9990E+03   -0.9990E+03   -0.9990E+03   -0.9990E+03   -0.9990E+03   -0.9990E+03   -0.9990E+03   -0.9990E+03   -0.9990E+03   -0.9990E+03   -0.9990E+03   -0.9990E+03   -0.9990E+03   -0.9990E+03   -0.9990E+03   -0.9990E+03   -0.9990E+03   -0.9990E+03   -0.9990E+03   -0.9990E+03   -0.9990E+03   -0.9990E+03   -0.9990E+03   -0.9990E+03   -0.9990E+03   -0.9990E+03   -0.9990E+03    0.1429E+03    0.1381E+03    0.1330E+03    0.1273E+03    0.1217E+03    0.1161E+03    0.1114E+03    0.1074E+03    0.1034E+03    0.9962E+02    0.9619E+02    0.9212E+02    0.8839E+02    0.8510E+02    0.8287E+02    0.8376E+02    0.8658E+02    0.9094E+02    0.9770E+02    0.1052E+03   -0.9990E+03   -0.9990E+03   -0.9990E+03   -0.9990E+03   -0.9990E+03   -0.9990E+03   -0.9990E+03   -0.9990E+03   -0.9990E+03   -0.9990E+03   -0.9990E+03   -0.9990E+03   -0.9990E+03   -0.9990E+03   -0.9990E+03   -0.9990E+03
   -0.9990E+03   -0.9990E+03   -0.9990E+03   -0.9990E+03   -0.9990E+03   -0.9990E+03   -0.9990E+03   -0.9990E+03   -0.9990E+03   -0.9990E+03   -0.9990E+03   -0.9990E+03   -0.9990E+03   -0.9990E+03   -0.9990E+03   -0.9990E+03   -0.9990E+03   -0.9990E+03   -0.9990E+03   -0.9990E+03   -0.9990E+03   -0.9990E+03   -0.9990E+03   -0.9990E+03   -0.9990E+03   -0.9990E+03   -0.9990E+03   -0.9990E+03   -0.9990E+03   -0.9990E+03   -0.9990E+03   -0.9990E+03   -0.9990E+03   -0.9990E+03   -0.9990E+03   -0.9990E+03   -0.9990E+03   -0.9990E+03   -0.9990E+03   -0.9990E+03    0.1452E+03    0.1414E+03    0.1373E+03    0.1326E+03    0.1273E+03    0.1225E+03    0.1175E+03    0.1126E+03    0.1078E+03    0.1031E+03    0.9844E+02    0.9402E+02    0.8987E+02    0.8635E+02    0.8454E+02    0.8484E+02    0.8733E+02    0.9131E+02    0.9731E+02   -0.9990E+03   -0.9990E+03   -0.9990E+03   -0.9990E+03   -0.9990E+03   -0.9990E+03   -0.9990E+03   -0.9990E+03   -0.9990E+03   -0.9990E+03   -0.9990E+03   -0.9990E+03   -0.9990E+03   -0.9990E+03   -0.9990E+03   -0.9990E+03   -0.9990E+03
   -0.9990E+03   -0.9990E+03   -0.9990E+03   -0.9990E+03   -0.9990E+03   -0.9990E+03   -0.9990E+03   -0.9990E+03   -0.9990E+03   -0.9990E+03   -0.9990E+03   -0.9990E+03   -0.9990E+03   -0.9990E+03   -0.9990E+03   -0.9990E+03   -0.9990E+03   -0.9990E+03   -0.9990E+03   -0.9990E+03   -0.9990E+03   -0.9990E+03   -0.9990E+03   -0.9990E+03   -0.9990E+03   -0.9990E+03   -0.9990E+03   -0.9990E+03   -0.9990E+03   -0.9990E+03   -0.9990E+03   -0.9990E+03   -0.9990E+03   -0.9990E+03   -0.9990E+03   -0.9990E+03   -0.9990E+03   -0.9990E+03   -0.9990E+03   -0.9990E+03    0.1475E+03    0.1447E+03    0.1416E+03    0.1377E+03    0.1330E+03    0.1286E+03    0.1237E+03    0.1183E+03    0.1125E+03    0.1067E+03    0.1012E+03    0.9626E+02    0.9124E+02    0.8689E+02    0.8463E+02    0.8470E+02    0.8706E+02    0.9088E+02    0.9639E+02   -0.9990E+03   -0.9990E+03   -0.9990E+03   -0.9990E+03   -0.9990E+03   -0.9990E+03   -0.9990E+03   -0.9990E+03   -0.9990E+03   -0.9990E+03   -0.9990E+03   -0.9990E+03   -0.9990E+03   -0.9990E+03   -0.9990E+03   -0.9990E+03   -0.9990E+03
   -0.9990E+03   -0.9990E+03   -0.9990E+03   -0.9990E+03   -0.9990E+03   -0.9990E+03   -0.9990E+03   -0.9990E+03   -0.9990E+03   -0.9990E+03   -0.9990E+03   -0.9990E+03   -0.9990E+03   -0.9990E+03   -0.9990E+03   -0.9990E+03   -0.9990E+03   -0.9990E+03   -0.9990E+03   -0.9990E+03   -0.9990E+03   -0.9990E+03   -0.9990E+03   -0.9990E+03   -0.9990E+03   -0.9990E+03   -0.9990E+03   -0.9990E+03   -0.9990E+03   -0.9990E+03   -0.9990E+03   -0.9990E+03   -0.9990E+03   -0.9990E+03   -0.9990E+03   -0.9990E+03   -0.9990E+03   -0.9990E+03   -0.9990E+03   -0.9990E+03    0.1497E+03    0.1480E+03    0.1457E+03    0.1430E+03    0.1394E+03    0.1351E+03    0.1295E+03    0.1237E+03    0.1169E+03    0.1104E+03    0.1040E+03    0.9793E+02    0.9224E+02    0.8713E+02    0.8475E+02    0.8410E+02    0.8636E+02    0.9013E+02    0.9623E+02   -0.9990E+03   -0.9990E+03   -0.9990E+03   -0.9990E+03   -0.9990E+03   -0.9990E+03   -0.9990E+03   -0.9990E+03   -0.9990E+03   -0.9990E+03   -0.9990E+03   -0.9990E+03   -0.9990E+03   -0.9990E+03   -0.9990E+03   -0.9990E+03   -0.9990E+03
   -0.9990E+03   -0.9990E+03   -0.9990E+03   -0.9990E+03   -0.9990E+03   -0.9990E+03   -0.9990E+03   -0.9990E+03   -0.9990E+03   -0.9990E+03   -0.9990E+03   -0.9990E+03   -0.9990E+03   -0.9990E+03   -0.9990E+03   -0.9990E+03   -0.9990E+03   -0.9990E+03   -0.9990E+03   -0.9990E+03   -0.9990E+03   -0.9990E+03   -0.9990E+03   -0.9990E+03   -0.9990E+03   -0.9990E+03   -0.9990E+03   -0.9990E+03   -0.9990E+03   -0.9990E+03   -0.9990E+03   -0.9990E+03   -0.9990E+03   -0.9990E+03   -0.9990E+03   -0.9990E+03   -0.9990E+03   -0.9990E+03   -0.9990E+03    0.1523E+03    0.1512E+03    0.1507E+03    0.1502E+03    0.1488E+03    0.1465E+03    0.1418E+03    0.1359E+03    0.1290E+03    0.1219E+03    0.1140E+03    0.1066E+03    0.9928E+02    0.9276E+02    0.8672E+02    0.8338E+02    0.8192E+02    0.8406E+02    0.8847E+02    0.9506E+02   -0.9990E+03   -0.9990E+03   -0.9990E+03   -0.9990E+03   -0.9990E+03   -0.9990E+03   -0.9990E+03   -0.9990E+03   -0.9990E+03   -0.9990E+03   -0.9990E+03   -0.9990E+03   -0.9990E+03   -0.9990E+03   -0.9990E+03   -0.9990E+03   -0.9990E+03
   -0.9990E+03   -0.9990E+03   -0.9990E+03   -0.9990E+03   -0.9990E+03   -0.9990E+03   -0.9990E+03   -0.9990E+03   -0.9990E+03   -0.9990E+03   -0.9990E+03   -0.9990E+03   -0.9990E+03   -0.9990E+03   -0.9990E+03   -0.9990E+03   -0.9990E+03   -0.9990E+03   -0.9990E+03   -0.9990E+03   -0.9990E+03   -0.9990E+03   -0.9990E+03   -0.9990E+03   -0.9990E+03   -0.9990E+03   -0.9990E+03   -0.9990E+03   -0.9990E+03   -0.9990E+03   -0.9990E+03   -0.9990E+03   -0.9990E+03   -0.9990E+03   -0.9990E+03   -0.9990E+03   -0.9990E+03   -0.9990E+03   -0.9990E+03    0.1519E+03    0.1517E+03    0.1520E+03    0.1531E+03    0.1536E+03    0.1530E+03    0.1493E+03    0.1438E+03    0.1352E+03    0.1261E+03    0.1170E+03    0.1084E+03    0.1012E+03    0.9317E+02    0.8599E+02    0.8095E+02    0.7857E+02    0.8129E+02    0.8628E+02   -0.9990E+03   -0.9990E+03   -0.9990E+03   -0.9990E+03   -0.9990E+03   -0.9990E+03   -0.9990E+03   -0.9990E+03   -0.9990E+03   -0.9990E+03   -0.9990E+03   -0.9990E+03   -0.9990E+03   -0.9990E+03   -0.9990E+03   -0.9990E+03   -0.9990E+03   -0.9990E+03
   -0.9990E+03   -0.9990E+03   -0.9990E+03   -0.9990E+03   -0.9990E+03   -0.9990E+03   -0.9990E+03   -0.9990E+03   -0.9990E+03   -0.9990E+03   -0.9990E+03   -0.9990E+03   -0.9990E+03   -0.9990E+03   -0.9990E+03   -0.9990E+03   -0.9990E+03   -0.9990E+03   -0.9990E+03   -0.9990E+03   -0.9990E+03   -0.9990E+03   -0.9990E+03   -0.9990E+03   -0.9990E+03   -0.9990E+03   -0.9990E+03   -0.9990E+03   -0.9990E+03   -0.9990E+03   -0.9990E+03   -0.9990E+03   -0.9990E+03    0.1501E+03   -0.9990E+03   -0.9990E+03   -0.9990E+03   -0.9990E+03    0.1511E+03    0.1509E+03    0.1512E+03    0.1521E+03    0.1545E+03    0.1573E+03    0.1584E+03    0.1569E+03    0.1505E+03    0.1401E+03    0.1297E+03    0.1200E+03    0.1101E+03    0.1018E+03    0.9402E+02    0.8503E+02    0.7776E+02    0.7402E+02    0.7774E+02   -0.9990E+03   -0.9990E+03   -0.9990E+03   -0.9990E+03   -0.9990E+03   -0.9990E+03   -0.9990E+03   -0.9990E+03   -0.9990E+03   -0.9990E+03   -0.9990E+03   -0.9990E+03   -0.9990E+03   -0.9990E+03   -0.9990E+03   -0.9990E+03   -0.9990E+03   -0.9990E+03   -0.9990E+03
   -0.9990E+03   -0.9990E+03   -0.9990E+03   -0.9990E+03   -0.9990E+03   -0.9990E+03   -0.9990E+03   -0.9990E+03   -0.9990E+03   -0.9990E+03   -0.9990E+03   -0.9990E+03   -0.9990E+03   -0.9990E+03   -0.9990E+03   -0.9990E+03   -0.9990E+03   -0.9990E+03   -0.9990E+03   -0.9990E+03   -0.9990E+03   -0.9990E+03   -0.9990E+03   -0.9990E+03   -0.9990E+03   -0.9990E+03   -0.9990E+03   -0.9990E+03    0.1322E+03   -0.9990E+03   -0.9990E+03   -0.9990E+03   -0.9990E+03    0.1512E+03    0.1514E+03    0.1524E+03   -0.9990E+03    0.1495E+03    0.1490E+03    0.1486E+03    0.1494E+03    0.1516E+03    0.1526E+03    0.1553E+03    0.1609E+03    0.1666E+03    0.1527E+03    0.1414E+03    0.1316E+03    0.1220E+03    0.1115E+03    0.1022E+03    0.9431E+02    0.8555E+02    0.7673E+02    0.6753E+02   -0.9990E+03   -0.9990E+03   -0.9990E+03   -0.9990E+03   -0.9990E+03   -0.9990E+03   -0.9990E+03   -0.9990E+03   -0.9990E+03   -0.9990E+03   -0.9990E+03   -0.9990E+03   -0.9990E+03   -0.9990E+03   -0.9990E+03   -0.9990E+03   -0.9990E+03   -0.9990E+03   -0.9990E+03   -0.9990E+03
   -0.9990E+03   -0.9990E+03   -0.9990E+03   -0.9990E+03   -0.9990E+03   -0.9990E+03   -0.9990E+03   -0.9990E+03   -0.9990E+03   -0.9990E+03   -0.9990E+03   -0.9990E+03   -0.9990E+03   -0.9990E+03   -0.9990E+03   -0.9990E+03   -0.9990E+03   -0.9990E+03   -0.9990E+03   -0.9990E+03   -0.9990E+03   -0.9990E+03   -0.9990E+03   -0.9990E+03   -0.9990E+03   -0.9990E+03   -0.9990E+03   -0.9990E+03    0.1280E+03   -0.9990E+03   -0.9990E+03   -0.9990E+03   -0.9990E+03   -0.9990E+03    0.1444E+03    0.1462E+03    0.1467E+03    0.1463E+03    0.1459E+03    0.1452E+03    0.1462E+03    0.1468E+03    0.1484E+03    0.1525E+03    0.1562E+03    0.1555E+03    0.1495E+03    0.1401E+03    0.1298E+03    0.1214E+03    0.1123E+03    0.1045E+03    0.9608E+02    0.8840E+02    0.8091E+02    0.7738E+02   -0.9990E+03   -0.9990E+03   -0.9990E+03   -0.9990E+03   -0.9990E+03   -0.9990E+03   -0.9990E+03   -0.9990E+03   -0.9990E+03   -0.9990E+03   -0.9990E+03   -0.9990E+03   -0.9990E+03   -0.9990E+03   -0.9990E+03   -0.9990E+03   -0.9990E+03   -0.9990E+03   -0.9990E+03   -0.9990E+03
   -0.9990E+03   -0.9990E+03   -0.9990E+03   -0.9990E+03   -0.9990E+03   -0.9990E+03   -0.9990E+03   -0.9990E+03   -0.9990E+03   -0.9990E+03   -0.9990E+03   -0.9990E+03   -0.9990E+03   -0.9990E+03   -0.9990E+03   -0.9990E+03   -0.9990E+03   -0.9990E+03   -0.9990E+03   -0.9990E+03   -0.9990E+03   -0.9990E+03   -0.9990E+03   -0.9990E+03   -0.9990E+03   -0.9990E+03   -0.9990E+03   -0.9990E+03   -0.9990E+03   -0.9990E+03   -0.9990E+03   -0.9990E+03   -0.9990E+03    0.1359E+03    0.1383E+03    0.1404E+03    0.1407E+03    0.1396E+03    0.1402E+03    0.1411E+03    0.1413E+03    0.1415E+03    0.1439E+03    0.1472E+03    0.1478E+03    0.1464E+03    0.1423E+03    0.1359E+03    0.1282E+03    0.1198E+03    0.1115E+03    0.1041E+03    0.9752E+02    0.9030E+02   -0.9990E+03   -0.9990E+03   -0.9990E+03   -0.9990E+03   -0.9990E+03   -0.9990E+03   -0.9990E+03   -0.9990E+03   -0.9990E+03   -0.9990E+03   -0.9990E+03   -0.9990E+03   -0.9990E+03   -0.9990E+03   -0.9990E+03   -0.9990E+03   -0.9990E+03   -0.9990E+03   -0.9990E+03   -0.9990E+03   -0.9990E+03   -0.9990E+03
   -0.9990E+03   -0.9990E+03   -0.9990E+03   -0.9990E+03   -0.9990E+03   -0.9990E+03   -0.9990E+03   -0.9990E+03   -0.9990E+03   -0.9990E+03   -0.9990E+03   -0.9990E+03   -0.9990E+03   -0.9990E+03   -0.9990E+03   -0.9990E+03   -0.9990E+03   -0.9990E+03   -0.9990E+03   -0.9990E+03   -0.9990E+03   -0.9990E+03   -0.9990E+03   -0.9990E+03   -0.9990E+03   -0.9990E+03   -0.9990E+03   -0.9990E+03   -0.9990E+03   -0.9990E+03   -0.9990E+03   -0.9990E+03   -0.9990E+03    0.1306E+03    0.1327E+03    0.1346E+03    0.1344E+03    0.1342E+03    0.1344E+03    0.1359E+03    0.1364E+03    0.1361E+03    0.1384E+03    0.1390E+03    0.1387E+03    0.1371E+03    0.1346E+03    0.1300E+03    0.1236E+03    0.1169E+03    0.1112E+03    0.1037E+03    0.9859E+02   -0.9990E+03   -0.9990E+03   -0.9990E+03   -0.9990E+03   -0.9990E+03   -0.9990E+03   -0.9990E+03   -0.9990E+03   -0.9990E+03   -0.9990E+03   -0.9990E+03   -0.9990E+03   -0.9990E+03   -0.9990E+03   -0.9990E+03   -0.9990E+03   -0.9990E+03   -0.9990E+03   -0.9990E+03   -0.9990E+03   -0.9990E+03   -0.9990E+03   -0.9990E+03
   -0.9990E+03   -0.9990E+03   -0.9990E+03   -0.9990E+03   -0.9990E+03   -0.9990E+03   -0.9990E+03   -0.9990E+03   -0.9990E+03   -0.9990E+03   -0.9990E+03   -0.9990E+03   -0.9990E+03   -0.9990E+03   -0.9990E+03   -0.9990E+03   -0.9990E+03   -0.9990E+03   -0.9990E+03   -0.9990E+03   -0.9990E+03   -0.9990E+03   -0.9990E+03   -0.9990E+03   -0.9990E+03   -0.9990E+03   -0.9990E+03   -0.9990E+03   -0.9990E+03   -0.9990E+03   -0.9990E+03   -0.9990E+03   -0.9990E+03    0.1254E+03    0.1272E+03    0.1284E+03    0.1281E+03    0.1288E+03    0.1308E+03    0.1307E+03    0.1311E+03    0.1307E+03    0.1320E+03    0.1312E+03    0.1301E+03    0.1281E+03    0.1270E+03    0.1219E+03    0.1160E+03    0.1129E+03    0.1069E+03   -0.9990E+03   -0.9990E+03   -0.9990E+03   -0.9990E+03   -0.9990E+03   -0.9990E+03   -0.9990E+03   -0.9990E+03   -0.9990E+03   -0.9990E+03   -0.9990E+03   -0.9990E+03   -0.9990E+03   -0.9990E+03   -0.9990E+03   -0.9990E+03   -0.9990E+03   -0.9990E+03   -0.9990E+03   -0.9990E+03   -0.9990E+03   -0.9990E+03   -0.9990E+03   -0.9990E+03   -0.9990E+03
   -0.9990E+03   -0.9990E+03   -0.9990E+03   -0.9990E+03   -0.9990E+03   -0.9990E+03   -0.9990E+03   -0.9990E+03   -0.9990E+03   -0.9990E+03   -0.9990E+03   -0.9990E+03   -0.9990E+03   -0.9990E+03   -0.9990E+03   -0.9990E+03   -0.9990E+03   -0.9990E+03   -0.9990E+03   -0.9990E+03   -0.9990E+03   -0.9990E+03   -0.9990E+03   -0.9990E+03   -0.9990E+03   -0.9990E+03   -0.9990E+03   -0.9990E+03   -0.9990E+03   -0.9990E+03   -0.9990E+03   -0.9990E+03   -0.9990E+03    0.1199E+03    0.1212E+03    0.1225E+03    0.1226E+03    0.1234E+03    0.1244E+03    0.1246E+03    0.1247E+03    0.1232E+03    0.1224E+03    0.1209E+03    0.1215E+03    0.1213E+03    0.1163E+03    0.1137E+03    0.1114E+03    0.1084E+03    0.1071E+03    0.1036E+03   -0.9990E+03   -0.9990E+03   -0.9990E+03   -0.9990E+03   -0.9990E+03   -0.9990E+03   -0.9990E+03   -0.9990E+03   -0.9990E+03   -0.9990E+03   -0.9990E+03   -0.9990E+03   -0.9990E+03   -0.9990E+03   -0.9990E+03   -0.9990E+03   -0.9990E+03   -0.9990E+03   -0.9990E+03   -0.9990E+03   -0.9990E+03   -0.9990E+03   -0.9990E+03   -0.9990E+03
   -0.9990E+03   -0.9990E+03   -0.9990E+03   -0.9990E+03   -0.9990E+03   -0.9990E+03   -0.9990E+03   -0.9990E+03   -0.9990E+03   -0.9990E+03   -0.9990E+03   -0.9990E+03   -0.9990E+03   -0.9990E+03   -0.9990E+03   -0.9990E+03   -0.9990E+03   -0.9990E+03   -0.9990E+03   -0.9990E+03   -0.9990E+03   -0.9990E+03   -0.9990E+03   -0.9990E+03   -0.9990E+03   -0.9990E+03   -0.9990E+03   -0.9990E+03   -0.9990E+03   -0.9990E+03   -0.9990E+03    0.1868E+03    0.1138E+03    0.1148E+03    0.1161E+03    0.1165E+03    0.1169E+03    0.1168E+03    0.1170E+03    0.1177E+03    0.1152E+03    0.1152E+03    0.1159E+03    0.1142E+03    0.1130E+03    0.1111E+03    0.1103E+03    0.1092E+03    0.1083E+03    0.1070E+03    0.1053E+03    0.1041E+03   -0.9990E+03   -0.9990E+03   -0.9990E+03   -0.9990E+03   -0.9990E+03   -0.9990E+03   -0.9990E+03   -0.9990E+03   -0.9990E+03   -0.9990E+03   -0.9990E+03   -0.9990E+03   -0.9990E+03   -0.9990E+03   -0.9990E+03   -0.9990E+03   -0.9990E+03   -0.9990E+03   -0.9990E+03   -0.9990E+03   -0.9990E+03   -0.9990E+03   -0.9990E+03   -0.9990E+03
   -0.9990E+03   -0.9990E+03   -0.9990E+03   -0.9990E+03   -0.9990E+03   -0.9990E+03   -0.9990E+03   -0.9990E+03   -0.9990E+03   -0.9990E+03   -0.9990E+03   -0.9990E+03   -0.9990E+03   -0.9990E+03   -0.9990E+03   -0.9990E+03   -0.9990E+03   -0.9990E+03   -0.9990E+03   -0.9990E+03   -0.9990E+03   -0.9990E+03   -0.9990E+03   -0.9990E+03   -0.9990E+03   -0.9990E+03   -0.9990E+03   -0.9990E+03   -0.9990E+03   -0.9990E+03   -0.9990E+03   -0.9990E+03    0.1812E+03    0.1106E+03    0.1107E+03    0.1113E+03    0.1108E+03    0.1111E+03    0.1113E+03    0.1104E+03    0.1102E+03    0.1076E+03    0.1077E+03    0.1074E+03    0.1037E+03    0.1013E+03    0.1012E+03    0.1022E+03    0.1033E+03    0.1022E+03    0.1036E+03    0.1040E+03   -0.9990E+03   -0.9990E+03   -0.9990E+03   -0.9990E+03   -0.9990E+03   -0.9990E+03   -0.9990E+03   -0.9990E+03   -0.9990E+03   -0.9990E+03   -0.9990E+03   -0.9990E+03   -0.9990E+03   -0.9990E+03   -0.9990E+03   -0.9990E+03   -0.9990E+03   -0.9990E+03   -0.9990E+03   -0.9990E+03   -0.9990E+03   -0.9990E+03   -0.9990E+03   -0.9990E+03
   -0.9990E+03   -0.9990E+03   -0.9990E+03   -0.9990E+03   -0.9990E+03   -0.9990E+03   -0.9990E+03   -0.9990E+03   -0.9990E+03   -0.9990E+03   -0.9990E+03   -0.9990E+03   -0.9990E+03   -0.9990E+03   -0.9990E+03   -0.9990E+03   -0.9990E+03   -0.9990E+03   -0.9990E+03   -0.9990E+03   -0.9990E+03   -0.9990E+03   -0.9990E+03   -0.9990E+03   -0.9990E+03   -0.9990E+03   -0.9990E+03   -0.9990E+03   -0.9990E+03   -0.9990E+03   -0.9990E+03   -0.9990E+03    0.1690E+03    0.1048E+03    0.1057E+03    0.1063E+03    0.1055E+03    0.1045E+03    0.1053E+03    0.1038E+03    0.1019E+03    0.1021E+03    0.1006E+03    0.9939E+02    0.9489E+02    0.9469E+02    0.9508E+02    0.9675E+02    0.9772E+02    0.9977E+02    0.1014E+03   -0.9990E+03   -0.9990E+03   -0.9990E+03   -0.9990E+03   -0.9990E+03   -0.9990E+03   -0.9990E+03   -0.9990E+03   -0.9990E+03   -0.9990E+03   -0.9990E+03   -0.9990E+03   -0.9990E+03   -0.9990E+03   -0.9990E+03   -0.9990E+03   -0.9990E+03   -0.9990E+03   -0.9990E+03   -0.9990E+03   -0.9990E+03   -0.9990E+03   -0.9990E+03   -0.9990E+03   -0.9990E+03
   -0.9990E+03   -0.9990E+03   -0.9990E+03   -0.9990E+03   -0.9990E+03   -0.9990E+03   -0.9990E+03   -0.9990E+03   -0.9990E+03   -0.9990E+03   -0.9990E+03   -0.9990E+03   -0.9990E+03   -0.9990E+03   -0.9990E+03   -0.9990E+03   -0.9990E+03   -0.9990E+03   -0.9990E+03   -0.9990E+03   -0.9990E+03   -0.9990E+03   -0.9990E+03   -0.9990E+03   -0.9990E+03   -0.9990E+03   -0.9990E+03   -0.9990E+03   -0.9990E+03   -0.9990E+03   -0.9990E+03   -0.9990E+03    0.1563E+03    0.9822E+02    0.9771E+02    0.9885E+02    0.9983E+02    0.1000E+03    0.9954E+02    0.9673E+02    0.9846E+02    0.9586E+02    0.9362E+02    0.9126E+02    0.8841E+02    0.8548E+02    0.8728E+02    0.9097E+02    0.9341E+02    0.9680E+02   -0.9990E+03   -0.9990E+03   -0.9990E+03   -0.9990E+03   -0.9990E+03   -0.9990E+03   -0.9990E+03   -0.9990E+03   -0.9990E+03   -0.9990E+03   -0.9990E+03   -0.9990E+03   -0.9990E+03   -0.9990E+03   -0.9990E+03   -0.9990E+03   -0.9990E+03   -0.9990E+03   -0.9990E+03   -0.9990E+03   -0.9990E+03   -0.9990E+03   -0.9990E+03   -0.9990E+03   -0.9990E+03   -0.9990E+03
   -0.9990E+03   -0.9990E+03   -0.9990E+03   -0.9990E+03   -0.9990E+03   -0.9990E+03   -0.9990E+03   -0.9990E+03   -0.9990E+03   -0.9990E+03   -0.9990E+03   -0.9990E+03   -0.9990E+03   -0.9990E+03   -0.9990E+03   -0.9990E+03   -0.9990E+03   -0.9990E+03   -0.9990E+03   -0.9990E+03   -0.9990E+03   -0.9990E+03   -0.9990E+03   -0.9990E+03   -0.9990E+03   -0.9990E+03   -0.9990E+03   -0.9990E+03   -0.9990E+03   -0.9990E+03   -0.9990E+03   -0.9990E+03   -0.9990E+03    0.1583E+03    0.9604E+02    0.9390E+02    0.9516E+02    0.9447E+02    0.9282E+02    0.9327E+02    0.9293E+02    0.9100E+02    0.8750E+02    0.8460E+02    0.8164E+02    0.7627E+02    0.8194E+02    0.8648E+02    0.9026E+02    0.9390E+02   -0.9990E+03   -0.9990E+03   -0.9990E+03   -0.9990E+03   -0.9990E+03   -0.9990E+03   -0.9990E+03   -0.9990E+03   -0.9990E+03   -0.9990E+03   -0.9990E+03   -0.9990E+03   -0.9990E+03   -0.9990E+03   -0.9990E+03   -0.9990E+03   -0.9990E+03   -0.9990E+03   -0.9990E+03   -0.9990E+03   -0.9990E+03   -0.9990E+03   -0.9990E+03   -0.9990E+03   -0.9990E+03   -0.9990E+03
   -0.9990E+03   -0.9990E+03   -0.9990E+03   -0.9990E+03   -0.9990E+03   -0.9990E+03   -0.9990E+03   -0.9990E+03   -0.9990E+03   -0.9990E+03   -0.9990E+03   -0.9990E+03   -0.9990E+03   -0.9990E+03   -0.9990E+03   -0.9990E+03   -0.9990E+03   -0.9990E+03   -0.9990E+03   -0.9990E+03   -0.9990E+03   -0.9990E+03   -0.9990E+03   -0.9990E+03   -0.9990E+03   -0.9990E+03   -0.9990E+03   -0.9990E+03   -0.9990E+03   -0.9990E+03   -0.9990E+03   -0.9990E+03    0.9349E+02    0.9373E+02    0.1382E+03    0.9173E+02    0.9269E+02    0.9080E+02    0.9052E+02    0.8999E+02    0.8845E+02    0.8700E+02    0.8300E+02    0.8058E+02    0.7804E+02    0.7749E+02    0.7933E+02    0.8382E+02    0.8850E+02    0.9193E+02   -0.9990E+03   -0.9990E+03   -0.9990E+03   -0.9990E+03   -0.9990E+03   -0.9990E+03   -0.9990E+03   -0.9990E+03   -0.9990E+03   -0.9990E+03   -0.9990E+03   -0.9990E+03   -0.9990E+03   -0.9990E+03   -0.9990E+03   -0.9990E+03   -0.9990E+03   -0.9990E+03   -0.9990E+03   -0.9990E+03   -0.9990E+03   -0.9990E+03   -0.9990E+03   -0.9990E+03   -0.9990E+03   -0.9990E+03
   -0.9990E+03   -0.9990E+03   -0.9990E+03   -0.9990E+03   -0.9990E+03   -0.9990E+03   -0.9990E+03   -0.9990E+03   -0.9990E+03   -0.9990E+03   -0.9990E+03   -0.9990E+03   -0.9990E+03   -0.9990E+03   -0.9990E+03   -0.9990E+03   -0.9990E+03   -0.9990E+03   -0.9990E+03   -0.9990E+03   -0.9990E+03   -0.9990E+03   -0.9990E+03   -0.9990E+03   -0.9990E+03   -0.9990E+03   -0.9990E+03   -0.9990E+03   -0.9990E+03   -0.9990E+03   -0.9990E+03   -0.9990E+03    0.9182E+02    0.8984E+02   -0.9990E+03    0.8835E+02    0.1490E+03    0.1638E+03    0.1672E+03    0.8605E+02    0.8547E+02    0.8335E+02    0.7981E+02    0.7776E+02    0.7672E+02    0.7795E+02    0.7896E+02    0.8237E+02    0.8725E+02    0.9105E+02   -0.9990E+03   -0.9990E+03   -0.9990E+03   -0.9990E+03   -0.9990E+03   -0.9990E+03   -0.9990E+03   -0.9990E+03   -0.9990E+03   -0.9990E+03   -0.9990E+03   -0.9990E+03   -0.9990E+03   -0.9990E+03   -0.9990E+03   -0.9990E+03   -0.9990E+03   -0.9990E+03   -0.9990E+03   -0.9990E+03   -0.9990E+03   -0.9990E+03   -0.9990E+03   -0.9990E+03   -0.9990E+03   -0.9990E+03
   -0.9990E+03   -0.9990E+03   -0.9990E+03   -0.9990E+03   -0.9990E+03   -0.9990E+03   -0.9990E+03   -0.9990E+03   -0.9990E+03   -0.9990E+03   -0.9990E+03   -0.9990E+03   -0.9990E+03   -0.9990E+03   -0.9990E+03   -0.9990E+03   -0.9990E+03   -0.9990E+03   -0.9990E+03   -0.9990E+03   -0.9990E+03   -0.9990E+03   -0.9990E+03   -0.9990E+03   -0.9990E+03   -0.9990E+03   -0.9990E+03   -0.9990E+03   -0.9990E+03   -0.9990E+03   -0.9990E+03   -0.9990E+03    0.1538E+03    0.1558E+03   -0.9990E+03   -0.9990E+03    0.1383E+03    0.1735E+03    0.1355E+03    0.8419E+02    0.8256E+02    0.7981E+02    0.7737E+02    0.7650E+02    0.7607E+02    0.7715E+02    0.7878E+02    0.8142E+02    0.8548E+02    0.8981E+02   -0.9990E+03   -0.9990E+03   -0.9990E+03   -0.9990E+03   -0.9990E+03   -0.9990E+03   -0.9990E+03   -0.9990E+03   -0.9990E+03   -0.9990E+03   -0.9990E+03   -0.9990E+03   -0.9990E+03   -0.9990E+03   -0.9990E+03   -0.9990E+03   -0.9990E+03   -0.9990E+03   -0.9990E+03   -0.9990E+03   -0.9990E+03   -0.9990E+03   -0.9990E+03   -0.9990E+03   -0.9990E+03   -0.9990E+03
   -0.9990E+03   -0.9990E+03   -0.9990E+03   -0.9990E+03   -0.9990E+03   -0.9990E+03   -0.9990E+03   -0.9990E+03   -0.9990E+03   -0.9990E+03   -0.9990E+03   -0.9990E+03   -0.9990E+03   -0.9990E+03   -0.9990E+03   -0.9990E+03   -0.9990E+03   -0.9990E+03   -0.9990E+03   -0.9990E+03   -0.9990E+03   -0.9990E+03   -0.9990E+03   -0.9990E+03   -0.9990E+03   -0.9990E+03   -0.9990E+03   -0.9990E+03   -0.9990E+03   -0.9990E+03   -0.9990E+03   -0.9990E+03   -0.9990E+03   -0.9990E+03   -0.9990E+03    0.8662E+02    0.9550E+02    0.1281E+03    0.1467E+03    0.8203E+02    0.7905E+02    0.7743E+02    0.7591E+02    0.7511E+02    0.7489E+02    0.7537E+02    0.7848E+02    0.8084E+02    0.8450E+02    0.8968E+02    0.9452E+02   -0.9990E+03   -0.9990E+03   -0.9990E+03   -0.9990E+03   -0.9990E+03   -0.9990E+03   -0.9990E+03   -0.9990E+03   -0.9990E+03   -0.9990E+03   -0.9990E+03   -0.9990E+03   -0.9990E+03   -0.9990E+03   -0.9990E+03   -0.9990E+03   -0.9990E+03   -0.9990E+03   -0.9990E+03   -0.9990E+03   -0.9990E+03   -0.9990E+03   -0.9990E+03   -0.9990E+03   -0.9990E+03
   -0.9990E+03   -0.9990E+03   -0.9990E+03   -0.9990E+03   -0.9990E+03   -0.9990E+03   -0.9990E+03   -0.9990E+03   -0.9990E+03   -0.9990E+03   -0.9990E+03   -0.9990E+03   -0.9990E+03   -0.9990E+03   -0.9990E+03   -0.9990E+03   -0.9990E+03   -0.9990E+03   -0.9990E+03   -0.9990E+03   -0.9990E+03   -0.9990E+03   -0.9990E+03   -0.9990E+03   -0.9990E+03   -0.9990E+03   -0.9990E+03   -0.9990E+03   -0.9990E+03   -0.9990E+03   -0.9990E+03   -0.9990E+03   -0.9990E+03   -0.9990E+03   -0.9990E+03    0.1051E+03   -0.9990E+03    0.1378E+03    0.1945E+03    0.1614E+03    0.7710E+02    0.7558E+02    0.7440E+02    0.7323E+02    0.7311E+02    0.7354E+02    0.7676E+02    0.7934E+02    0.8355E+02    0.8964E+02    0.9414E+02   -0.9990E+03   -0.9990E+03   -0.9990E+03   -0.9990E+03   -0.9990E+03   -0.9990E+03   -0.9990E+03   -0.9990E+03   -0.9990E+03   -0.9990E+03   -0.9990E+03   -0.9990E+03   -0.9990E+03   -0.9990E+03   -0.9990E+03   -0.9990E+03   -0.9990E+03   -0.9990E+03   -0.9990E+03   -0.9990E+03   -0.9990E+03   -0.9990E+03   -0.9990E+03   -0.9990E+03   -0.9990E+03
   -0.9990E+03   -0.9990E+03   -0.9990E+03   -0.9990E+03   -0.9990E+03   -0.9990E+03   -0.9990E+03   -0.9990E+03   -0.9990E+03   -0.9990E+03   -0.9990E+03   -0.9990E+03   -0.9990E+03   -0.9990E+03   -0.9990E+03   -0.9990E+03   -0.9990E+03   -0.9990E+03   -0.9990E+03   -0.9990E+03   -0.9990E+03   -0.9990E+03   -0.9990E+03   -0.9990E+03   -0.9990E+03   -0.9990E+03   -0.9990E+03   -0.9990E+03   -0.9990E+03   -0.9990E+03   -0.9990E+03   -0.9990E+03   -0.9990E+03   -0.9990E+03   -0.9990E+03    0.8463E+02    0.1138E+03    0.1299E+03    0.1663E+03    0.1617E+03    0.7582E+02    0.7400E+02    0.7232E+02    0.7101E+02    0.7068E+02    0.7123E+02    0.7482E+02    0.7806E+02    0.8284E+02    0.8896E+02    0.9454E+02    0.1001E+03   -0.9990E+03   -0.9990E+03   -0.9990E+03   -0.9990E+03   -0.9990E+03   -0.9990E+03   -0.9990E+03   -0.9990E+03   -0.9990E+03   -0.9990E+03   -0.9990E+03   -0.9990E+03   -0.9990E+03   -0.9990E+03   -0.9990E+03   -0.9990E+03   -0.9990E+03   -0.9990E+03   -0.9990E+03   -0.9990E+03   -0.9990E+03   -0.9990E+03   -0.9990E+03   -0.9990E+03
   -0.9990E+03   -0.9990E+03   -0.9990E+03   -0.9990E+03   -0.9990E+03   -0.9990E+03   -0.9990E+03   -0.9990E+03   -0.9990E+03   -0.9990E+03   -0.9990E+03   -0.9990E+03   -0.9990E+03   -0.9990E+03   -0.9990E+03   -0.9990E+03   -0.9990E+03   -0.9990E+03   -0.9990E+03   -0.9990E+03   -0.9990E+03   -0.9990E+03   -0.9990E+03   -0.9990E+03   -0.9990E+03   -0.9990E+03   -0.9990E+03   -0.9990E+03   -0.9990E+03   -0.9990E+03   -0.9990E+03   -0.9990E+03   -0.9990E+03   -0.9990E+03    0.1312E+01    0.1263E+03    0.1631E+03    0.1556E+03    0.1628E+03    0.7635E+02    0.7492E+02    0.7246E+02    0.7017E+02    0.6834E+02    0.6762E+02    0.6813E+02    0.7266E+02    0.7583E+02    0.8205E+02    0.8785E+02    0.9532E+02    0.1015E+03   -0.9990E+03   -0.9990E+03   -0.9990E+03   -0.9990E+03   -0.9990E+03   -0.9990E+03   -0.9990E+03   -0.9990E+03   -0.9990E+03   -0.9990E+03   -0.9990E+03   -0.9990E+03   -0.9990E+03   -0.9990E+03   -0.9990E+03   -0.9990E+03   -0.9990E+03   -0.9990E+03   -0.9990E+03   -0.9990E+03   -0.9990E+03   -0.9990E+03   -0.9990E+03   -0.9990E+03
   -0.9990E+03   -0.9990E+03   -0.9990E+03   -0.9990E+03   -0.9990E+03   -0.9990E+03   -0.9990E+03   -0.9990E+03   -0.9990E+03   -0.9990E+03   -0.9990E+03   -0.9990E+03   -0.9990E+03   -0.9990E+03   -0.9990E+03   -0.9990E+03   -0.9990E+03   -0.9990E+03   -0.9990E+03   -0.9990E+03   -0.9990E+03   -0.9990E+03   -0.9990E+03   -0.9990E+03   -0.9990E+03   -0.9990E+03   -0.9990E+03   -0.9990E+03   -0.9990E+03   -0.9990E+03   -0.9990E+03   -0.9990E+03   -0.9990E+03   -0.9990E+03    0.1162E+03    0.1664E+03    0.8096E+02    0.8031E+02    0.1662E+03    0.7618E+02    0.7421E+02    0.7164E+02    0.6868E+02    0.6570E+02    0.6392E+02    0.6426E+02    0.6906E+02    0.7388E+02    0.8104E+02    0.8813E+02    0.9584E+02    0.1021E+03   -0.9990E+03   -0.9990E+03   -0.9990E+03   -0.9990E+03   -0.9990E+03   -0.9990E+03   -0.9990E+03   -0.9990E+03   -0.9990E+03   -0.9990E+03   -0.9990E+03   -0.9990E+03   -0.9990E+03   -0.9990E+03   -0.9990E+03   -0.9990E+03   -0.9990E+03   -0.9990E+03   -0.9990E+03   -0.9990E+03   -0.9990E+03   -0.9990E+03   -0.9990E+03   -0.9990E+03
   -0.9990E+03   -0.9990E+03   -0.9990E+03   -0.9990E+03   -0.9990E+03   -0.9990E+03   -0.9990E+03   -0.9990E+03   -0.9990E+03   -0.9990E+03   -0.9990E+03   -0.9990E+03   -0.9990E+03   -0.9990E+03   -0.9990E+03   -0.9990E+03   -0.9990E+03   -0.9990E+03   -0.9990E+03   -0.9990E+03   -0.9990E+03   -0.9990E+03   -0.9990E+03   -0.9990E+03   -0.9990E+03   -0.9990E+03   -0.9990E+03   -0.9990E+03   -0.9990E+03   -0.9990E+03   -0.9990E+03   -0.9990E+03   -0.9990E+03   -0.9990E+03    0.9016E+02    0.8343E+02    0.8154E+02    0.8232E+02    0.7872E+02    0.7730E+02    0.7481E+02    0.7198E+02    0.6849E+02    0.6417E+02    0.6022E+02    0.6029E+02    0.6515E+02    0.7280E+02    0.8157E+02    0.8908E+02    0.9591E+02   -0.9990E+03   -0.9990E+03   -0.9990E+03   -0.9990E+03   -0.9990E+03   -0.9990E+03   -0.9990E+03   -0.9990E+03   -0.9990E+03   -0.9990E+03   -0.9990E+03   -0.9990E+03   -0.9990E+03   -0.9990E+03   -0.9990E+03   -0.9990E+03   -0.9990E+03   -0.9990E+03   -0.9990E+03   -0.9990E+03   -0.9990E+03   -0.9990E+03   -0.9990E+03   -0.9990E+03   -0.9990E+03
   -0.9990E+03   -0.9990E+03   -0.9990E+03   -0.9990E+03   -0.9990E+03   -0.9990E+03   -0.9990E+03   -0.9990E+03   -0.9990E+03   -0.9990E+03   -0.9990E+03   -0.9990E+03   -0.9990E+03   -0.9990E+03   -0.9990E+03   -0.9990E+03   -0.9990E+03   -0.9990E+03   -0.9990E+03   -0.9990E+03   -0.9990E+03   -0.9990E+03   -0.9990E+03   -0.9990E+03   -0.9990E+03   -0.9990E+03   -0.9990E+03   -0.9990E+03   -0.9990E+03   -0.9990E+03   -0.9990E+03   -0.9990E+03   -0.9990E+03   -0.9990E+03    0.8630E+02    0.8192E+02    0.8339E+02    0.8392E+02    0.8037E+02    0.7892E+02    0.7638E+02    0.7326E+02    0.7001E+02    0.6501E+02    0.5966E+02    0.5700E+02    0.6366E+02    0.7407E+02    0.8292E+02    0.9072E+02    0.9812E+02    0.1055E+03   -0.9990E+03   -0.9990E+03   -0.9990E+03   -0.9990E+03   -0.9990E+03   -0.9990E+03   -0.9990E+03   -0.9990E+03   -0.9990E+03   -0.9990E+03   -0.9990E+03   -0.9990E+03   -0.9990E+03   -0.9990E+03   -0.9990E+03   -0.9990E+03   -0.9990E+03   -0.9990E+03   -0.9990E+03   -0.9990E+03   -0.9990E+03   -0.9990E+03   -0.9990E+03   -0.9990E+03
   -0.9990E+03   -0.9990E+03   -0.9990E+03   -0.9990E+03   -0.9990E+03   -0.9990E+03   -0.9990E+03   -0.9990E+03   -0.9990E+03   -0.9990E+03   -0.9990E+03   -0.9990E+03   -0.9990E+03   -0.9990E+03   -0.9990E+03   -0.9990E+03   -0.9990E+03   -0.9990E+03   -0.9990E+03   -0.9990E+03   -0.9990E+03   -0.9990E+03   -0.9990E+03   -0.9990E+03   -0.9990E+03   -0.9990E+03   -0.9990E+03   -0.9990E+03   -0.9990E+03   -0.9990E+03   -0.9990E+03   -0.9990E+03   -0.9990E+03    0.8936E+02    0.8914E+02    0.8590E+02    0.8675E+02    0.8425E+02    0.8316E+02    0.8163E+02    0.7886E+02    0.7666E+02    0.7213E+02    0.6803E+02    0.6504E+02    0.6485E+02    0.6806E+02    0.7684E+02    0.8575E+02    0.9336E+02    0.1007E+03   -0.9990E+03   -0.9990E+03   -0.9990E+03   -0.9990E+03   -0.9990E+03   -0.9990E+03   -0.9990E+03   -0.9990E+03   -0.9990E+03   -0.9990E+03   -0.9990E+03   -0.9990E+03   -0.9990E+03   -0.9990E+03   -0.9990E+03   -0.9990E+03   -0.9990E+03   -0.9990E+03   -0.9990E+03   -0.9990E+03   -0.9990E+03   -0.9990E+03   -0.9990E+03   -0.9990E+03   -0.9990E+03
   -0.9990E+03   -0.9990E+03   -0.9990E+03   -0.9990E+03   -0.9990E+03   -0.9990E+03   -0.9990E+03   -0.9990E+03   -0.9990E+03   -0.9990E+03   -0.9990E+03   -0.9990E+03   -0.9990E+03   -0.9990E+03   -0.9990E+03   -0.9990E+03   -0.9990E+03   -0.9990E+03   -0.9990E+03   -0.9990E+03   -0.9990E+03   -0.9990E+03   -0.9990E+03   -0.9990E+03   -0.9990E+03   -0.9990E+03   -0.9990E+03   -0.9990E+03   -0.9990E+03   -0.9990E+03   -0.9990E+03    0.9452E+02    0.1643E+03    0.9408E+02    0.9304E+02    0.9049E+02    0.8936E+02    0.8741E+02    0.8701E+02    0.1816E+03    0.1742E+03    0.8107E+02    0.7574E+02    0.7333E+02    0.7398E+02    0.7158E+02    0.7577E+02    0.8304E+02    0.8987E+02    0.9651E+02   -0.9990E+03   -0.9990E+03   -0.9990E+03   -0.9990E+03   -0.9990E+03   -0.9990E+03   -0.9990E+03   -0.9990E+03   -0.9990E+03   -0.9990E+03   -0.9990E+03   -0.9990E+03   -0.9990E+03   -0.9990E+03   -0.9990E+03   -0.9990E+03   -0.9990E+03   -0.9990E+03   -0.9990E+03   -0.9990E+03   -0.9990E+03   -0.9990E+03   -0.9990E+03   -0.9990E+03   -0.9990E+03   -0.9990E+03
   -0.9990E+03   -0.9990E+03   -0.9990E+03   -0.9990E+03   -0.9990E+03   -0.9990E+03   -0.9990E+03   -0.9990E+03   -0.9990E+03   -0.9990E+03   -0.9990E+03   -0.9990E+03   -0.9990E+03   -0.9990E+03   -0.9990E+03   -0.9990E+03   -0.9990E+03   -0.9990E+03   -0.9990E+03   -0.9990E+03   -0.9990E+03   -0.9990E+03   -0.9990E+03   -0.9990E+03   -0.9990E+03   -0.9990E+03   -0.9990E+03   -0.9990E+03   -0.9990E+03   -0.9990E+03   -0.9990E+03    0.1004E+03    0.9915E+02    0.9840E+02    0.9727E+02    0.9464E+02    0.9317E+02    0.9105E+02    0.9569E+02    0.1873E+03    0.1241E+03    0.8703E+02    0.8145E+02    0.8055E+02    0.7899E+02    0.7932E+02    0.8476E+02    0.8791E+02    0.9377E+02   -0.9990E+03   -0.9990E+03   -0.9990E+03   -0.9990E+03   -0.9990E+03   -0.9990E+03   -0.9990E+03   -0.9990E+03   -0.9990E+03   -0.9990E+03   -0.9990E+03   -0.9990E+03   -0.9990E+03   -0.9990E+03   -0.9990E+03   -0.9990E+03   -0.9990E+03   -0.9990E+03   -0.9990E+03   -0.9990E+03   -0.9990E+03   -0.9990E+03   -0.9990E+03   -0.9990E+03   -0.9990E+03   -0.9990E+03   -0.9990E+03
   -0.9990E+03   -0.9990E+03   -0.9990E+03   -0.9990E+03   -0.9990E+03   -0.9990E+03   -0.9990E+03   -0.9990E+03   -0.9990E+03   -0.9990E+03   -0.9990E+03   -0.9990E+03   -0.9990E+03   -0.9990E+03   -0.9990E+03   -0.9990E+03   -0.9990E+03   -0.9990E+03   -0.9990E+03   -0.9990E+03   -0.9990E+03   -0.9990E+03   -0.9990E+03   -0.9990E+03   -0.9990E+03   -0.9990E+03   -0.9990E+03   -0.9990E+03   -0.9990E+03   -0.9990E+03   -0.9990E+03    0.1059E+03    0.1048E+03    0.1034E+03    0.1019E+03    0.9936E+02    0.9715E+02    0.9733E+02    0.9666E+02    0.9620E+02    0.9266E+02    0.8880E+02    0.8873E+02    0.8619E+02    0.8589E+02    0.8775E+02    0.9056E+02    0.9398E+02   -0.9990E+03   -0.9990E+03   -0.9990E+03   -0.9990E+03   -0.9990E+03   -0.9990E+03   -0.9990E+03   -0.9990E+03   -0.9990E+03   -0.9990E+03   -0.9990E+03   -0.9990E+03   -0.9990E+03   -0.9990E+03   -0.9990E+03   -0.9990E+03   -0.9990E+03   -0.9990E+03   -0.9990E+03   -0.9990E+03   -0.9990E+03   -0.9990E+03   -0.9990E+03   -0.9990E+03   -0.9990E+03   -0.9990E+03   -0.9990E+03   -0.9990E+03
   -0.9990E+03   -0.9990E+03   -0.9990E+03   -0.9990E+03   -0.9990E+03   -0.9990E+03   -0.9990E+03   -0.9990E+03   -0.9990E+03   -0.9990E+03   -0.9990E+03   -0.9990E+03   -0.9990E+03   -0.9990E+03   -0.9990E+03   -0.9990E+03   -0.9990E+03   -0.9990E+03   -0.9990E+03   -0.9990E+03   -0.9990E+03   -0.9990E+03   -0.9990E+03   -0.9990E+03   -0.9990E+03   -0.9990E+03   -0.9990E+03   -0.9990E+03   -0.9990E+03   -0.9990E+03   -0.9990E+03    0.1107E+03    0.1104E+03    0.1088E+03    0.1067E+03    0.1038E+03    0.1028E+03    0.1053E+03    0.9851E+02    0.9721E+02    0.9571E+02    0.9622E+02    0.9153E+02    0.9386E+02    0.9223E+02    0.9264E+02    0.9568E+02    0.1002E+03   -0.9990E+03   -0.9990E+03   -0.9990E+03   -0.9990E+03   -0.9990E+03   -0.9990E+03   -0.9990E+03   -0.9990E+03   -0.9990E+03   -0.9990E+03   -0.9990E+03   -0.9990E+03   -0.9990E+03   -0.9990E+03   -0.9990E+03   -0.9990E+03   -0.9990E+03   -0.9990E+03   -0.9990E+03   -0.9990E+03   -0.9990E+03   -0.9990E+03   -0.9990E+03   -0.9990E+03   -0.9990E+03   -0.9990E+03   -0.9990E+03   -0.9990E+03
   -0.9990E+03   -0.9990E+03   -0.9990E+03   -0.9990E+03   -0.9990E+03   -0.9990E+03   -0.9990E+03   -0.9990E+03   -0.9990E+03   -0.9990E+03   -0.9990E+03   -0.9990E+03   -0.9990E+03   -0.9990E+03   -0.9990E+03   -0.9990E+03   -0.9990E+03   -0.9990E+03   -0.9990E+03   -0.9990E+03   -0.9990E+03   -0.9990E+03   -0.9990E+03   -0.9990E+03   -0.9990E+03   -0.9990E+03   -0.9990E+03   -0.9990E+03   -0.9990E+03   -0.9990E+03    0.1995E+03    0.1173E+03    0.1175E+03    0.1147E+03    0.1106E+03    0.1088E+03    0.1100E+03    0.1048E+03    0.1049E+03    0.1021E+03    0.9952E+02    0.1015E+03    0.9659E+02    0.9656E+02    0.9752E+02    0.9854E+02    0.1010E+03   -0.9990E+03   -0.9990E+03   -0.9990E+03   -0.9990E+03   -0.9990E+03   -0.9990E+03   -0.9990E+03   -0.9990E+03   -0.9990E+03   -0.9990E+03   -0.9990E+03   -0.9990E+03   -0.9990E+03   -0.9990E+03   -0.9990E+03   -0.9990E+03   -0.9990E+03   -0.9990E+03   -0.9990E+03   -0.9990E+03   -0.9990E+03   -0.9990E+03   -0.9990E+03   -0.9990E+03   -0.9990E+03   -0.9990E+03   -0.9990E+03   -0.9990E+03   -0.9990E+03
   -0.9990E+03   -0.9990E+03   -0.9990E+03   -0.9990E+03   -0.9990E+03   -0.9990E+03   -0.9990E+03   -0.9990E+03   -0.9990E+03   -0.9990E+03   -0.9990E+03   -0.9990E+03   -0.9990E+03   -0.9990E+03   -0.9990E+03   -0.9990E+03   -0.9990E+03   -0.9990E+03   -0.9990E+03   -0.9990E+03   -0.9990E+03   -0.9990E+03   -0.9990E+03   -0.9990E+03   -0.9990E+03   -0.9990E+03   -0.9990E+03   -0.9990E+03   -0.9990E+03   -0.9990E+03    0.1266E+03    0.1249E+03    0.1214E+03    0.1206E+03    0.1162E+03    0.1158E+03    0.1126E+03    0.1076E+03    0.1082E+03    0.1064E+03    0.1050E+03    0.1047E+03    0.1033E+03    0.1016E+03    0.1023E+03    0.1041E+03    0.1067E+03   -0.9990E+03   -0.9990E+03   -0.9990E+03   -0.9990E+03   -0.9990E+03   -0.9990E+03   -0.9990E+03   -0.9990E+03   -0.9990E+03   -0.9990E+03   -0.9990E+03   -0.9990E+03   -0.9990E+03   -0.9990E+03   -0.9990E+03   -0.9990E+03   -0.9990E+03   -0.9990E+03   -0.9990E+03   -0.9990E+03   -0.9990E+03   -0.9990E+03   -0.9990E+03   -0.9990E+03   -0.9990E+03   -0.9990E+03   -0.9990E+03   -0.9990E+03   -0.9990E+03
   -0.9990E+03   -0.9990E+03   -0.9990E+03   -0.9990E+03   -0.9990E+03   -0.9990E+03   -0.9990E+03   -0.9990E+03   -0.9990E+03   -0.9990E+03   -0.9990E+03   -0.9990E+03   -0.9990E+03   -0.9990E+03   -0.9990E+03   -0.9990E+03   -0.9990E+03   -0.9990E+03   -0.9990E+03   -0.9990E+03   -0.9990E+03   -0.9990E+03   -0.9990E+03   -0.9990E+03   -0.9990E+03   -0.9990E+03   -0.9990E+03   -0.9990E+03   -0.9990E+03   -0.9990E+03    0.1323E+03    0.1298E+03    0.1266E+03    0.1265E+03    0.1214E+03    0.1206E+03    0.1195E+03    0.1173E+03    0.1148E+03    0.1127E+03    0.1106E+03    0.1085E+03    0.1082E+03    0.1071E+03    0.1067E+03    0.1083E+03    0.1118E+03    0.1155E+03   -0.9990E+03   -0.9990E+03   -0.9990E+03   -0.9990E+03   -0.9990E+03   -0.9990E+03   -0.9990E+03   -0.9990E+03   -0.9990E+03   -0.9990E+03   -0.9990E+03   -0.9990E+03   -0.9990E+03   -0.9990E+03   -0.9990E+03   -0.9990E+03   -0.9990E+03   -0.9990E+03   -0.9990E+03   -0.9990E+03   -0.9990E+03   -0.9990E+03   -0.9990E+03   -0.9990E+03   -0.9990E+03   -0.9990E+03   -0.9990E+03   -0.9990E+03
   -0.9990E+03   -0.9990E+03   -0.9990E+03   -0.9990E+03   -0.9990E+03   -0.9990E+03   -0.9990E+03   -0.9990E+03   -0.9990E+03   -0.9990E+03   -0.9990E+03   -0.9990E+03   -0.9990E+03   -0.9990E+03   -0.9990E+03   -0.9990E+03   -0.9990E+03   -0.9990E+03   -0.9990E+03   -0.9990E+03   -0.9990E+03   -0.9990E+03   -0.9990E+03   -0.9990E+03   -0.9990E+03   -0.9990E+03   -0.9990E+03   -0.9990E+03   -0.9990E+03   -0.9990E+03   -0.9990E+03    0.1361E+03    0.1335E+03    0.1317E+03    0.1262E+03    0.1274E+03    0.1234E+03    0.1214E+03    0.1196E+03    0.1186E+03    0.1177E+03    0.1162E+03    0.1145E+03    0.1168E+03    0.1149E+03    0.1140E+03    0.1170E+03    0.1203E+03   -0.9990E+03   -0.9990E+03   -0.9990E+03   -0.9990E+03   -0.9990E+03   -0.9990E+03   -0.9990E+03   -0.9990E+03   -0.9990E+03   -0.9990E+03   -0.9990E+03   -0.9990E+03   -0.9990E+03   -0.9990E+03   -0.9990E+03   -0.9990E+03   -0.9990E+03   -0.9990E+03   -0.9990E+03   -0.9990E+03   -0.9990E+03   -0.9990E+03   -0.9990E+03   -0.9990E+03   -0.9990E+03   -0.9990E+03   -0.9990E+03   -0.9990E+03
   -0.9990E+03   -0.9990E+03   -0.9990E+03   -0.9990E+03   -0.9990E+03   -0.9990E+03   -0.9990E+03   -0.9990E+03   -0.9990E+03   -0.9990E+03   -0.9990E+03   -0.9990E+03   -0.9990E+03   -0.9990E+03   -0.9990E+03   -0.9990E+03   -0.9990E+03   -0.9990E+03   -0.9990E+03   -0.9990E+03   -0.9990E+03   -0.9990E+03   -0.9990E+03   -0.9990E+03   -0.9990E+03   -0.9990E+03   -0.9990E+03   -0.9990E+03   -0.9990E+03   -0.9990E+03   -0.9990E+03    0.2018E+03    0.1398E+03    0.1369E+03    0.1356E+03    0.1298E+03    0.1291E+03    0.1268E+03    0.1268E+03    0.1249E+03    0.1234E+03    0.1233E+03    0.1174E+03    0.1173E+03    0.1140E+03    0.1152E+03    0.1200E+03   -0.9990E+03   -0.9990E+03   -0.9990E+03   -0.9990E+03   -0.9990E+03   -0.9990E+03   -0.9990E+03   -0.9990E+03   -0.9990E+03   -0.9990E+03   -0.9990E+03   -0.9990E+03   -0.9990E+03   -0.9990E+03   -0.9990E+03   -0.9990E+03   -0.9990E+03   -0.9990E+03   -0.9990E+03   -0.9990E+03   -0.9990E+03   -0.9990E+03   -0.9990E+03   -0.9990E+03   -0.9990E+03   -0.9990E+03   -0.9990E+03   -0.9990E+03   -0.9990E+03
   -0.9990E+03   -0.9990E+03   -0.9990E+03   -0.9990E+03   -0.9990E+03   -0.9990E+03   -0.9990E+03   -0.9990E+03   -0.9990E+03   -0.9990E+03   -0.9990E+03   -0.9990E+03   -0.9990E+03   -0.9990E+03   -0.9990E+03   -0.9990E+03   -0.9990E+03   -0.9990E+03   -0.9990E+03   -0.9990E+03   -0.9990E+03   -0.9990E+03   -0.9990E+03   -0.9990E+03   -0.9990E+03   -0.9990E+03   -0.9990E+03   -0.9990E+03   -0.9990E+03   -0.9990E+03   -0.9990E+03   -0.9990E+03    0.1459E+03    0.1438E+03    0.1430E+03    0.1359E+03    0.1347E+03    0.1324E+03    0.1327E+03    0.1313E+03    0.1274E+03    0.1256E+03   -0.9990E+03   -0.9990E+03   -0.9990E+03   -0.9990E+03   -0.9990E+03   -0.9990E+03   -0.9990E+03   -0.9990E+03   -0.9990E+03   -0.9990E+03   -0.9990E+03   -0.9990E+03   -0.9990E+03   -0.9990E+03   -0.9990E+03   -0.9990E+03   -0.9990E+03   -0.9990E+03   -0.9990E+03   -0.9990E+03   -0.9990E+03   -0.9990E+03   -0.9990E+03   -0.9990E+03   -0.9990E+03   -0.9990E+03   -0.9990E+03   -0.9990E+03   -0.9990E+03   -0.9990E+03   -0.9990E+03   -0.9990E+03   -0.9990E+03   -0.9990E+03
   -0.9990E+03   -0.9990E+03   -0.9990E+03   -0.9990E+03   -0.9990E+03   -0.9990E+03   -0.9990E+03   -0.9990E+03   -0.9990E+03   -0.9990E+03   -0.9990E+03   -0.9990E+03   -0.9990E+03   -0.9990E+03   -0.9990E+03   -0.9990E+03   -0.9990E+03   -0.9990E+03   -0.9990E+03   -0.9990E+03   -0.9990E+03   -0.9990E+03   -0.9990E+03   -0.9990E+03   -0.9990E+03   -0.9990E+03   -0.9990E+03   -0.9990E+03   -0.9990E+03   -0.9990E+03   -0.9990E+03    0.3123E+03    0.1524E+03    0.1513E+03    0.1455E+03    0.1438E+03    0.1409E+03    0.1388E+03    0.1389E+03    0.1348E+03    0.1334E+03   -0.9990E+03   -0.9990E+03   -0.9990E+03   -0.9990E+03   -0.9990E+03   -0.9990E+03   -0.9990E+03   -0.9990E+03   -0.9990E+03   -0.9990E+03   -0.9990E+03   -0.9990E+03   -0.9990E+03   -0.9990E+03   -0.9990E+03   -0.9990E+03   -0.9990E+03   -0.9990E+03   -0.9990E+03   -0.9990E+03   -0.9990E+03   -0.9990E+03   -0.9990E+03   -0.9990E+03   -0.9990E+03   -0.9990E+03   -0.9990E+03   -0.9990E+03   -0.9990E+03   -0.9990E+03   -0.9990E+03   -0.9990E+03   -0.9990E+03   -0.9990E+03   -0.9990E+03
   -0.9990E+03   -0.9990E+03   -0.9990E+03   -0.9990E+03   -0.9990E+03   -0.9990E+03   -0.9990E+03   -0.9990E+03   -0.9990E+03   -0.9990E+03   -0.9990E+03   -0.9990E+03   -0.9990E+03   -0.9990E+03   -0.9990E+03   -0.9990E+03   -0.9990E+03   -0.9990E+03   -0.9990E+03   -0.9990E+03   -0.9990E+03   -0.9990E+03   -0.9990E+03   -0.9990E+03   -0.9990E+03   -0.9990E+03   -0.9990E+03   -0.9990E+03   -0.9990E+03   -0.9990E+03    0.1784E+03    0.1618E+03    0.1600E+03    0.1567E+03    0.1523E+03    0.1494E+03    0.1484E+03    0.1459E+03    0.1415E+03    0.1433E+03    0.1416E+03   -0.9990E+03   -0.9990E+03   -0.9990E+03   -0.9990E+03   -0.9990E+03   -0.9990E+03   -0.9990E+03   -0.9990E+03   -0.9990E+03   -0.9990E+03   -0.9990E+03   -0.9990E+03   -0.9990E+03   -0.9990E+03   -0.9990E+03   -0.9990E+03   -0.9990E+03   -0.9990E+03   -0.9990E+03   -0.9990E+03   -0.9990E+03   -0.9990E+03   -0.9990E+03   -0.9990E+03   -0.9990E+03   -0.9990E+03   -0.9990E+03   -0.9990E+03   -0.9990E+03   -0.9990E+03   -0.9990E+03   -0.9990E+03   -0.9990E+03   -0.9990E+03   -0.9990E+03
   -0.9990E+03   -0.9990E+03   -0.9990E+03   -0.9990E+03   -0.9990E+03   -0.9990E+03   -0.9990E+03   -0.9990E+03   -0.9990E+03   -0.9990E+03   -0.9990E+03   -0.9990E+03   -0.9990E+03   -0.9990E+03   -0.9990E+03   -0.9990E+03   -0.9990E+03   -0.9990E+03   -0.9990E+03   -0.9990E+03   -0.9990E+03   -0.9990E+03   -0.9990E+03   -0.9990E+03   -0.9990E+03   -0.9990E+03   -0.9990E+03   -0.9990E+03   -0.9990E+03    0.1773E+03    0.1713E+03    0.1708E+03    0.1665E+03    0.1653E+03    0.1568E+03    0.1560E+03    0.1536E+03    0.1479E+03    0.1499E+03    0.1514E+03    0.1477E+03   -0.9990E+03   -0.9990E+03   -0.9990E+03   -0.9990E+03   -0.9990E+03   -0.9990E+03   -0.9990E+03   -0.9990E+03   -0.9990E+03   -0.9990E+03   -0.9990E+03   -0.9990E+03   -0.9990E+03   -0.9990E+03   -0.9990E+03   -0.9990E+03   -0.9990E+03   -0.9990E+03   -0.9990E+03   -0.9990E+03   -0.9990E+03   -0.9990E+03   -0.9990E+03   -0.9990E+03   -0.9990E+03   -0.9990E+03   -0.9990E+03   -0.9990E+03   -0.9990E+03   -0.9990E+03   -0.9990E+03   -0.9990E+03   -0.9990E+03   -0.9990E+03   -0.9990E+03
   -0.9990E+03   -0.9990E+03   -0.9990E+03   -0.9990E+03   -0.9990E+03   -0.9990E+03   -0.9990E+03   -0.9990E+03   -0.9990E+03   -0.9990E+03   -0.9990E+03   -0.9990E+03   -0.9990E+03   -0.9990E+03   -0.9990E+03   -0.9990E+03   -0.9990E+03   -0.9990E+03   -0.9990E+03   -0.9990E+03   -0.9990E+03   -0.9990E+03   -0.9990E+03   -0.9990E+03   -0.9990E+03   -0.9990E+03   -0.9990E+03   -0.9990E+03   -0.9990E+03   -0.9990E+03   -0.9990E+03   -0.9990E+03    0.3333E+03    0.1662E+03    0.1625E+03    0.1611E+03    0.1592E+03    0.1556E+03    0.1565E+03    0.1534E+03    0.1536E+03   -0.9990E+03   -0.9990E+03   -0.9990E+03   -0.9990E+03   -0.9990E+03   -0.9990E+03   -0.9990E+03   -0.9990E+03   -0.9990E+03   -0.9990E+03   -0.9990E+03   -0.9990E+03   -0.9990E+03   -0.9990E+03   -0.9990E+03   -0.9990E+03   -0.9990E+03   -0.9990E+03   -0.9990E+03   -0.9990E+03   -0.9990E+03   -0.9990E+03   -0.9990E+03   -0.9990E+03   -0.9990E+03   -0.9990E+03   -0.9990E+03   -0.9990E+03   -0.9990E+03   -0.9990E+03   -0.9990E+03   -0.9990E+03   -0.9990E+03   -0.9990E+03   -0.9990E+03
   -0.9990E+03   -0.9990E+03   -0.9990E+03   -0.9990E+03   -0.9990E+03   -0.9990E+03   -0.9990E+03   -0.9990E+03   -0.9990E+03   -0.9990E+03   -0.9990E+03   -0.9990E+03   -0.9990E+03   -0.9990E+03   -0.9990E+03   -0.9990E+03   -0.9990E+03   -0.9990E+03   -0.9990E+03   -0.9990E+03   -0.9990E+03   -0.9990E+03   -0.9990E+03   -0.9990E+03   -0.9990E+03   -0.9990E+03   -0.9990E+03   -0.9990E+03    0.2706E+03    0.1881E+03   -0.9990E+03   -0.9990E+03    0.3408E+03    0.1714E+03    0.1684E+03    0.1665E+03    0.1631E+03    0.1632E+03    0.1596E+03    0.1607E+03   -0.9990E+03   -0.9990E+03   -0.9990E+03   -0.9990E+03   -0.9990E+03   -0.9990E+03   -0.9990E+03   -0.9990E+03   -0.9990E+03   -0.9990E+03   -0.9990E+03   -0.9990E+03   -0.9990E+03   -0.9990E+03   -0.9990E+03   -0.9990E+03   -0.9990E+03   -0.9990E+03   -0.9990E+03   -0.9990E+03   -0.9990E+03   -0.9990E+03   -0.9990E+03   -0.9990E+03   -0.9990E+03   -0.9990E+03   -0.9990E+03   -0.9990E+03   -0.9990E+03   -0.9990E+03   -0.9990E+03   -0.9990E+03   -0.9990E+03   -0.9990E+03   -0.9990E+03   -0.9990E+03
   -0.9990E+03   -0.9990E+03   -0.9990E+03   -0.9990E+03   -0.9990E+03   -0.9990E+03   -0.9990E+03   -0.9990E+03   -0.9990E+03   -0.9990E+03   -0.9990E+03   -0.9990E+03   -0.9990E+03   -0.9990E+03   -0.9990E+03   -0.9990E+03   -0.9990E+03   -0.9990E+03   -0.9990E+03   -0.9990E+03   -0.9990E+03   -0.9990E+03   -0.9990E+03   -0.9990E+03   -0.9990E+03   -0.9990E+03   -0.9990E+03   -0.9990E+03   -0.9990E+03    0.1962E+03   -0.9990E+03   -0.9990E+03    0.2275E+03    0.1781E+03    0.1731E+03    0.1726E+03    0.1696E+03    0.1683E+03    0.1679E+03    0.1658E+03   -0.9990E+03   -0.9990E+03   -0.9990E+03   -0.9990E+03   -0.9990E+03   -0.9990E+03   -0.9990E+03   -0.9990E+03   -0.9990E+03   -0.9990E+03   -0.9990E+03   -0.9990E+03   -0.9990E+03   -0.9990E+03   -0.9990E+03   -0.9990E+03   -0.9990E+03   -0.9990E+03   -0.9990E+03   -0.9990E+03   -0.9990E+03   -0.9990E+03   -0.9990E+03   -0.9990E+03   -0.9990E+03   -0.9990E+03   -0.9990E+03   -0.9990E+03   -0.9990E+03   -0.9990E+03   -0.9990E+03   -0.9990E+03   -0.9990E+03   -0.9990E+03   -0.9990E+03   -0.9990E+03
   -0.9990E+03   -0.9990E+03   -0.9990E+03   -0.9990E+03   -0.9990E+03   -0.9990E+03   -0.9990E+03   -0.9990E+03   -0.9990E+03   -0.9990E+03   -0.9990E+03   -0.9990E+03   -0.9990E+03   -0.9990E+03   -0.9990E+03   -0.9990E+03   -0.9990E+03   -0.9990E+03   -0.9990E+03   -0.9990E+03   -0.9990E+03   -0.9990E+03   -0.9990E+03   -0.9990E+03   -0.9990E+03   -0.9990E+03   -0.9990E+03   -0.9990E+03   -0.9990E+03    0.2000E+03   -0.9990E+03   -0.9990E+03   -0.9990E+03    0.1863E+03    0.1803E+03    0.1767E+03    0.1722E+03    0.1716E+03    0.1715E+03    0.1720E+03   -0.9990E+03   -0.9990E+03   -0.9990E+03   -0.9990E+03   -0.9990E+03   -0.9990E+03   -0.9990E+03   -0.9990E+03   -0.9990E+03   -0.9990E+03   -0.9990E+03   -0.9990E+03   -0.9990E+03   -0.9990E+03   -0.9990E+03   -0.9990E+03   -0.9990E+03   -0.9990E+03   -0.9990E+03   -0.9990E+03   -0.9990E+03   -0.9990E+03   -0.9990E+03   -0.9990E+03   -0.9990E+03   -0.9990E+03   -0.9990E+03   -0.9990E+03   -0.9990E+03   -0.9990E+03   -0.9990E+03   -0.9990E+03   -0.9990E+03   -0.9990E+03   -0.9990E+03   -0.9990E+03
   -0.9990E+03   -0.9990E+03   -0.9990E+03   -0.9990E+03   -0.9990E+03   -0.9990E+03   -0.9990E+03   -0.9990E+03   -0.9990E+03   -0.9990E+03   -0.9990E+03   -0.9990E+03   -0.9990E+03   -0.9990E+03   -0.9990E+03   -0.9990E+03   -0.9990E+03   -0.9990E+03   -0.9990E+03   -0.9990E+03   -0.9990E+03   -0.9990E+03   -0.9990E+03   -0.9990E+03   -0.9990E+03   -0.9990E+03   -0.9990E+03   -0.9990E+03   -0.9990E+03    0.2419E+03   -0.9990E+03   -0.9990E+03    0.3222E+03    0.1889E+03    0.1808E+03    0.1795E+03    0.1774E+03    0.1772E+03    0.1787E+03    0.1784E+03   -0.9990E+03   -0.9990E+03   -0.9990E+03   -0.9990E+03   -0.9990E+03   -0.9990E+03   -0.9990E+03   -0.9990E+03   -0.9990E+03   -0.9990E+03   -0.9990E+03   -0.9990E+03   -0.9990E+03   -0.9990E+03   -0.9990E+03   -0.9990E+03   -0.9990E+03   -0.9990E+03   -0.9990E+03   -0.9990E+03   -0.9990E+03   -0.9990E+03   -0.9990E+03   -0.9990E+03   -0.9990E+03   -0.9990E+03   -0.9990E+03   -0.9990E+03   -0.9990E+03   -0.9990E+03   -0.9990E+03   -0.9990E+03   -0.9990E+03   -0.9990E+03   -0.9990E+03   -0.9990E+03
   -0.9990E+03   -0.9990E+03   -0.9990E+03   -0.9990E+03   -0.9990E+03   -0.9990E+03   -0.9990E+03   -0.9990E+03   -0.9990E+03   -0.9990E+03   -0.9990E+03   -0.9990E+03   -0.9990E+03   -0.9990E+03   -0.9990E+03   -0.9990E+03   -0.9990E+03   -0.9990E+03   -0.9990E+03   -0.9990E+03   -0.9990E+03   -0.9990E+03   -0.9990E+03   -0.9990E+03   -0.9990E+03   -0.9990E+03   -0.9990E+03   -0.9990E+03   -0.9990E+03   -0.9990E+03   -0.9990E+03   -0.9990E+03    0.2953E+03    0.1916E+03    0.1877E+03    0.1836E+03    0.1829E+03    0.1833E+03    0.1845E+03    0.1838E+03   -0.9990E+03   -0.9990E+03   -0.9990E+03   -0.9990E+03   -0.9990E+03   -0.9990E+03   -0.9990E+03   -0.9990E+03   -0.9990E+03   -0.9990E+03   -0.9990E+03   -0.9990E+03   -0.9990E+03   -0.9990E+03   -0.9990E+03   -0.9990E+03   -0.9990E+03   -0.9990E+03   -0.9990E+03   -0.9990E+03   -0.9990E+03   -0.9990E+03   -0.9990E+03   -0.9990E+03   -0.9990E+03   -0.9990E+03   -0.9990E+03   -0.9990E+03   -0.9990E+03   -0.9990E+03   -0.9990E+03   -0.9990E+03   -0.9990E+03   -0.9990E+03   -0.9990E+03   -0.9990E+03
   -0.9990E+03   -0.9990E+03   -0.9990E+03   -0.9990E+03   -0.9990E+03   -0.9990E+03   -0.9990E+03   -0.9990E+03   -0.9990E+03   -0.9990E+03   -0.9990E+03   -0.9990E+03   -0.9990E+03   -0.9990E+03   -0.9990E+03   -0.9990E+03   -0.9990E+03   -0.9990E+03   -0.9990E+03   -0.9990E+03   -0.9990E+03   -0.9990E+03   -0.9990E+03   -0.9990E+03   -0.9990E+03   -0.9990E+03   -0.9990E+03   -0.9990E+03   -0.9990E+03   -0.9990E+03   -0.9990E+03   -0.9990E+03    0.2029E+03    0.1977E+03    0.1924E+03    0.1893E+03    0.1890E+03    0.1901E+03    0.1899E+03    0.1894E+03   -0.9990E+03   -0.9990E+03   -0.9990E+03   -0.9990E+03   -0.9990E+03   -0.9990E+03   -0.9990E+03   -0.9990E+03   -0.9990E+03   -0.9990E+03   -0.9990E+03   -0.9990E+03   -0.9990E+03   -0.9990E+03   -0.9990E+03   -0.9990E+03   -0.9990E+03   -0.9990E+03   -0.9990E+03   -0.9990E+03   -0.9990E+03   -0.9990E+03   -0.9990E+03   -0.9990E+03   -0.9990E+03   -0.9990E+03   -0.9990E+03   -0.9990E+03   -0.9990E+03   -0.9990E+03   -0.9990E+03   -0.9990E+03   -0.9990E+03   -0.9990E+03   -0.9990E+03   -0.9990E+03
   -0.9990E+03   -0.9990E+03   -0.9990E+03   -0.9990E+03   -0.9990E+03   -0.9990E+03   -0.9990E+03   -0.9990E+03   -0.9990E+03   -0.9990E+03   -0.9990E+03   -0.9990E+03   -0.9990E+03   -0.9990E+03   -0.9990E+03   -0.9990E+03   -0.9990E+03   -0.9990E+03   -0.9990E+03   -0.9990E+03   -0.9990E+03   -0.9990E+03   -0.9990E+03   -0.9990E+03   -0.9990E+03   -0.9990E+03   -0.9990E+03   -0.9990E+03   -0.9990E+03   -0.9990E+03   -0.9990E+03    0.2112E+03    0.2070E+03    0.1999E+03    0.1985E+03    0.1960E+03    0.1955E+03    0.1954E+03    0.1950E+03    0.1956E+03   -0.9990E+03   -0.9990E+03   -0.9990E+03   -0.9990E+03   -0.9990E+03   -0.9990E+03   -0.9990E+03   -0.9990E+03   -0.9990E+03   -0.9990E+03   -0.9990E+03   -0.9990E+03   -0.9990E+03   -0.9990E+03   -0.9990E+03   -0.9990E+03   -0.9990E+03   -0.9990E+03   -0.9990E+03   -0.9990E+03   -0.9990E+03   -0.9990E+03   -0.9990E+03   -0.9990E+03   -0.9990E+03   -0.9990E+03   -0.9990E+03   -0.9990E+03   -0.9990E+03   -0.9990E+03   -0.9990E+03   -0.9990E+03   -0.9990E+03   -0.9990E+03   -0.9990E+03   -0.9990E+03
   -0.9990E+03   -0.9990E+03   -0.9990E+03   -0.9990E+03   -0.9990E+03   -0.9990E+03   -0.9990E+03   -0.9990E+03   -0.9990E+03   -0.9990E+03   -0.9990E+03   -0.9990E+03   -0.9990E+03   -0.9990E+03   -0.9990E+03   -0.9990E+03   -0.9990E+03   -0.9990E+03   -0.9990E+03   -0.9990E+03   -0.9990E+03   -0.9990E+03   -0.9990E+03   -0.9990E+03   -0.9990E+03    0.2556E+03    0.3404E+03   -0.9990E+03    0.3127E+03    0.2196E+03    0.2156E+03    0.2150E+03    0.2100E+03    0.2041E+03    0.2041E+03    0.2029E+03    0.2022E+03    0.2013E+03    0.2014E+03    0.2012E+03   -0.9990E+03   -0.9990E+03   -0.9990E+03   -0.9990E+03   -0.9990E+03   -0.9990E+03   -0.9990E+03   -0.9990E+03   -0.9990E+03   -0.9990E+03   -0.9990E+03   -0.9990E+03   -0.9990E+03   -0.9990E+03   -0.9990E+03   -0.9990E+03   -0.9990E+03   -0.9990E+03   -0.9990E+03   -0.9990E+03   -0.9990E+03   -0.9990E+03   -0.9990E+03   -0.9990E+03   -0.9990E+03   -0.9990E+03   -0.9990E+03   -0.9990E+03   -0.9990E+03   -0.9990E+03   -0.9990E+03   -0.9990E+03   -0.9990E+03   -0.9990E+03   -0.9990E+03   -0.9990E+03
   -0.9990E+03   -0.9990E+03   -0.9990E+03   -0.9990E+03   -0.9990E+03   -0.9990E+03   -0.9990E+03   -0.9990E+03   -0.9990E+03   -0.9990E+03   -0.9990E+03   -0.9990E+03   -0.9990E+03   -0.9990E+03   -0.9990E+03   -0.9990E+03   -0.9990E+03   -0.9990E+03   -0.9990E+03   -0.9990E+03   -0.9990E+03   -0.9990E+03   -0.9990E+03    0.3702E+03    0.2365E+03    0.2326E+03    0.2294E+03    0.3401E+03    0.2233E+03    0.2213E+03    0.2183E+03    0.2169E+03    0.2131E+03    0.2136E+03    0.2117E+03    0.2100E+03    0.2068E+03    0.2070E+03    0.2063E+03   -0.9990E+03   -0.9990E+03   -0.9990E+03   -0.9990E+03   -0.9990E+03   -0.9990E+03   -0.9990E+03   -0.9990E+03   -0.9990E+03   -0.9990E+03   -0.9990E+03   -0.9990E+03   -0.9990E+03   -0.9990E+03   -0.9990E+03   -0.9990E+03   -0.9990E+03   -0.9990E+03   -0.9990E+03   -0.9990E+03   -0.9990E+03   -0.9990E+03   -0.9990E+03   -0.9990E+03   -0.9990E+03   -0.9990E+03   -0.9990E+03   -0.9990E+03   -0.9990E+03   -0.9990E+03   -0.9990E+03   -0.9990E+03   -0.9990E+03   -0.9990E+03   -0.9990E+03   -0.9990E+03   -0.9990E+03
   -0.9990E+03   -0.9990E+03   -0.9990E+03   -0.9990E+03   -0.9990E+03   -0.9990E+03   -0.9990E+03   -0.9990E+03   -0.9990E+03   -0.9990E+03   -0.9990E+03   -0.9990E+03   -0.9990E+03   -0.9990E+03   -0.9990E+03   -0.9990E+03   -0.9990E+03   -0.9990E+03   -0.9990E+03   -0.9990E+03   -0.9990E+03   -0.9990E+03   -0.9990E+03    0.3566E+03    0.3571E+03    0.2321E+03    0.2306E+03    0.2277E+03    0.2240E+03    0.2230E+03    0.2211E+03    0.2194E+03    0.2177E+03    0.2170E+03    0.2134E+03    0.2131E+03    0.2118E+03    0.2118E+03   -0.9990E+03   -0.9990E+03   -0.9990E+03   -0.9990E+03   -0.9990E+03   -0.9990E+03   -0.9990E+03   -0.9990E+03   -0.9990E+03   -0.9990E+03   -0.9990E+03   -0.9990E+03   -0.9990E+03   -0.9990E+03   -0.9990E+03   -0.9990E+03   -0.9990E+03   -0.9990E+03   -0.9990E+03   -0.9990E+03   -0.9990E+03   -0.9990E+03   -0.9990E+03   -0.9990E+03   -0.9990E+03   -0.9990E+03   -0.9990E+03   -0.9990E+03   -0.9990E+03   -0.9990E+03   -0.9990E+03   -0.9990E+03   -0.9990E+03   -0.9990E+03   -0.9990E+03   -0.9990E+03   -0.9990E+03   -0.9990E+03
   -0.9990E+03   -0.9990E+03   -0.9990E+03   -0.9990E+03   -0.9990E+03   -0.9990E+03   -0.9990E+03   -0.9990E+03   -0.9990E+03   -0.9990E+03   -0.9990E+03   -0.9990E+03   -0.9990E+03   -0.9990E+03   -0.9990E+03   -0.9990E+03   -0.9990E+03   -0.9990E+03   -0.9990E+03   -0.9990E+03   -0.9990E+03   -0.9990E+03    0.3277E+03   -0.9990E+03    0.3452E+03    0.2324E+03    0.2296E+03    0.2270E+03    0.2257E+03    0.2244E+03    0.2235E+03    0.2225E+03    0.2213E+03    0.2213E+03    0.2190E+03    0.2178E+03    0.2186E+03    0.2174E+03   -0.9990E+03   -0.9990E+03   -0.9990E+03   -0.9990E+03   -0.9990E+03   -0.9990E+03   -0.9990E+03   -0.9990E+03   -0.9990E+03   -0.9990E+03   -0.9990E+03   -0.9990E+03   -0.9990E+03   -0.9990E+03   -0.9990E+03   -0.9990E+03   -0.9990E+03   -0.9990E+03   -0.9990E+03   -0.9990E+03   -0.9990E+03   -0.9990E+03   -0.9990E+03   -0.9990E+03   -0.9990E+03   -0.9990E+03   -0.9990E+03   -0.9990E+03   -0.9990E+03   -0.9990E+03   -0.9990E+03   -0.9990E+03   -0.9990E+03   -0.9990E+03   -0.9990E+03   -0.9990E+03   -0.9990E+03   -0.9990E+03
   -0.9990E+03   -0.9990E+03   -0.9990E+03   -0.9990E+03   -0.9990E+03   -0.9990E+03   -0.9990E+03   -0.9990E+03   -0.9990E+03   -0.9990E+03   -0.9990E+03   -0.9990E+03   -0.9990E+03   -0.9990E+03   -0.9990E+03   -0.9990E+03   -0.9990E+03   -0.9990E+03   -0.9990E+03   -0.9990E+03   -0.9990E+03    0.3467E+03    0.2429E+03    0.3343E+03    0.2360E+03    0.2311E+03    0.2287E+03    0.2275E+03    0.2263E+03    0.2260E+03    0.2246E+03    0.2239E+03    0.2249E+03    0.2245E+03    0.2245E+03    0.2255E+03    0.2236E+03    0.2228E+03   -0.9990E+03   -0.9990E+03   -0.9990E+03   -0.9990E+03   -0.9990E+03   -0.9990E+03   -0.9990E+03   -0.9990E+03   -0.9990E+03   -0.9990E+03   -0.9990E+03   -0.9990E+03   -0.9990E+03   -0.9990E+03   -0.9990E+03   -0.9990E+03   -0.9990E+03   -0.9990E+03   -0.9990E+03   -0.9990E+03   -0.9990E+03   -0.9990E+03   -0.9990E+03   -0.9990E+03   -0.9990E+03   -0.9990E+03   -0.9990E+03   -0.9990E+03   -0.9990E+03   -0.9990E+03   -0.9990E+03   -0.9990E+03   -0.9990E+03   -0.9990E+03   -0.9990E+03   -0.9990E+03   -0.9990E+03   -0.9990E+03
   -0.9990E+03   -0.9990E+03   -0.9990E+03   -0.9990E+03   -0.9990E+03   -0.9990E+03   -0.9990E+03   -0.9990E+03   -0.9990E+03   -0.9990E+03   -0.9990E+03   -0.9990E+03   -0.9990E+03   -0.9990E+03   -0.9990E+03   -0.9990E+03   -0.9990E+03   -0.9990E+03   -0.9990E+03   -0.9990E+03   -0.9990E+03    0.3456E+03    0.2443E+03    0.2390E+03    0.2340E+03    0.2303E+03    0.2284E+03    0.2276E+03    0.2272E+03    0.2270E+03    0.2275E+03    0.2278E+03    0.2283E+03    0.2291E+03    0.2299E+03    0.2291E+03    0.2288E+03    0.2280E+03   -0.9990E+03   -0.9990E+03   -0.9990E+03   -0.9990E+03   -0.9990E+03   -0.9990E+03   -0.9990E+03   -0.9990E+03   -0.9990E+03   -0.9990E+03   -0.9990E+03   -0.9990E+03   -0.9990E+03   -0.9990E+03   -0.9990E+03   -0.9990E+03   -0.9990E+03   -0.9990E+03   -0.9990E+03   -0.9990E+03   -0.9990E+03   -0.9990E+03   -0.9990E+03   -0.9990E+03   -0.9990E+03   -0.9990E+03   -0.9990E+03   -0.9990E+03   -0.9990E+03   -0.9990E+03   -0.9990E+03   -0.9990E+03   -0.9990E+03   -0.9990E+03   -0.9990E+03   -0.9990E+03   -0.9990E+03   -0.9990E+03
   -0.9990E+03   -0.9990E+03   -0.9990E+03   -0.9990E+03   -0.9990E+03   -0.9990E+03   -0.9990E+03   -0.9990E+03   -0.9990E+03   -0.9990E+03   -0.9990E+03   -0.9990E+03   -0.9990E+03   -0.9990E+03   -0.9990E+03   -0.9990E+03   -0.9990E+03   -0.9990E+03   -0.9990E+03   -0.9990E+03   -0.9990E+03    0.2956E+03    0.2478E+03    0.2402E+03    0.2333E+03    0.2292E+03    0.2277E+03    0.2279E+03    0.2289E+03    0.2296E+03    0.2305E+03    0.2313E+03    0.2318E+03    0.2328E+03    0.2342E+03    0.2340E+03   -0.9990E+03   -0.9990E+03   -0.9990E+03   -0.9990E+03   -0.9990E+03   -0.9990E+03   -0.9990E+03   -0.9990E+03   -0.9990E+03   -0.9990E+03   -0.9990E+03   -0.9990E+03   -0.9990E+03   -0.9990E+03   -0.9990E+03   -0.9990E+03   -0.9990E+03   -0.9990E+03   -0.9990E+03   -0.9990E+03   -0.9990E+03   -0.9990E+03   -0.9990E+03   -0.9990E+03   -0.9990E+03   -0.9990E+03   -0.9990E+03   -0.9990E+03   -0.9990E+03   -0.9990E+03   -0.9990E+03   -0.9990E+03   -0.9990E+03   -0.9990E+03   -0.9990E+03   -0.9990E+03   -0.9990E+03   -0.9990E+03   -0.9990E+03   -0.9990E+03
   -0.9990E+03   -0.9990E+03   -0.9990E+03   -0.9990E+03   -0.9990E+03   -0.9990E+03   -0.9990E+03   -0.9990E+03   -0.9990E+03   -0.9990E+03   -0.9990E+03   -0.9990E+03   -0.9990E+03   -0.9990E+03   -0.9990E+03   -0.9990E+03   -0.9990E+03   -0.9990E+03   -0.9990E+03   -0.9990E+03   -0.9990E+03    0.2697E+03    0.2508E+03    0.2432E+03    0.2356E+03    0.2266E+03    0.2290E+03    0.2307E+03    0.2323E+03    0.2336E+03    0.2345E+03    0.2353E+03    0.2364E+03    0.2372E+03    0.2381E+03    0.2395E+03   -0.9990E+03   -0.9990E+03   -0.9990E+03   -0.9990E+03   -0.9990E+03   -0.9990E+03   -0.9990E+03   -0.9990E+03   -0.9990E+03   -0.9990E+03   -0.9990E+03   -0.9990E+03   -0.9990E+03   -0.9990E+03   -0.9990E+03   -0.9990E+03   -0.9990E+03   -0.9990E+03   -0.9990E+03   -0.9990E+03   -0.9990E+03   -0.9990E+03   -0.9990E+03   -0.9990E+03   -0.9990E+03   -0.9990E+03   -0.9990E+03   -0.9990E+03   -0.9990E+03   -0.9990E+03   -0.9990E+03   -0.9990E+03   -0.9990E+03   -0.9990E+03   -0.9990E+03   -0.9990E+03   -0.9990E+03   -0.9990E+03   -0.9990E+03   -0.9990E+03
   -0.9990E+03   -0.9990E+03   -0.9990E+03   -0.9990E+03   -0.9990E+03   -0.9990E+03   -0.9990E+03   -0.9990E+03   -0.9990E+03   -0.9990E+03   -0.9990E+03   -0.9990E+03   -0.9990E+03   -0.9990E+03   -0.9990E+03   -0.9990E+03   -0.9990E+03   -0.9990E+03   -0.9990E+03   -0.9990E+03   -0.9990E+03    0.2626E+03    0.2558E+03    0.2488E+03    0.2414E+03    0.2359E+03    0.2347E+03    0.2357E+03    0.2368E+03    0.2377E+03    0.2387E+03    0.2393E+03    0.2405E+03    0.2417E+03    0.2423E+03   -0.9990E+03   -0.9990E+03   -0.9990E+03   -0.9990E+03   -0.9990E+03   -0.9990E+03   -0.9990E+03   -0.9990E+03   -0.9990E+03   -0.9990E+03   -0.9990E+03   -0.9990E+03   -0.9990E+03   -0.9990E+03   -0.9990E+03   -0.9990E+03   -0.9990E+03   -0.9990E+03   -0.9990E+03   -0.9990E+03   -0.9990E+03   -0.9990E+03   -0.9990E+03   -0.9990E+03   -0.9990E+03   -0.9990E+03   -0.9990E+03   -0.9990E+03   -0.9990E+03   -0.9990E+03   -0.9990E+03   -0.9990E+03   -0.9990E+03   -0.9990E+03   -0.9990E+03   -0.9990E+03   -0.9990E+03   -0.9990E+03   -0.9990E+03   -0.9990E+03   -0.9990E+03
   -0.9990E+03   -0.9990E+03   -0.9990E+03   -0.9990E+03   -0.9990E+03   -0.9990E+03   -0.9990E+03   -0.9990E+03   -0.9990E+03   -0.9990E+03   -0.9990E+03   -0.9990E+03   -0.9990E+03   -0.9990E+03   -0.9990E+03   -0.9990E+03   -0.9990E+03   -0.9990E+03   -0.9990E+03   -0.9990E+03    0.2748E+03    0.2684E+03    0.2623E+03    0.2553E+03    0.2489E+03    0.2446E+03    0.2426E+03    0.2422E+03    0.2426E+03    0.2431E+03    0.2437E+03    0.2444E+03    0.2448E+03    0.2455E+03    0.2453E+03   -0.9990E+03   -0.9990E+03   -0.9990E+03   -0.9990E+03   -0.9990E+03   -0.9990E+03   -0.9990E+03   -0.9990E+03   -0.9990E+03   -0.9990E+03   -0.9990E+03   -0.9990E+03   -0.9990E+03   -0.9990E+03   -0.9990E+03   -0.9990E+03   -0.9990E+03   -0.9990E+03   -0.9990E+03   -0.9990E+03   -0.9990E+03   -0.9990E+03   -0.9990E+03   -0.9990E+03   -0.9990E+03   -0.9990E+03   -0.9990E+03   -0.9990E+03   -0.9990E+03   -0.9990E+03   -0.9990E+03   -0.9990E+03   -0.9990E+03   -0.9990E+03   -0.9990E+03   -0.9990E+03   -0.9990E+03   -0.9990E+03   -0.9990E+03   -0.9990E+03   -0.9990E+03
   -0.9990E+03   -0.9990E+03   -0.9990E+03   -0.9990E+03   -0.9990E+03   -0.9990E+03   -0.9990E+03   -0.9990E+03   -0.9990E+03   -0.9990E+03   -0.9990E+03   -0.9990E+03   -0.9990E+03   -0.9990E+03   -0.9990E+03   -0.9990E+03   -0.9990E+03   -0.9990E+03    0.3185E+03    0.2873E+03    0.2813E+03    0.2755E+03    0.2690E+03    0.2623E+03    0.2567E+03    0.2524E+03    0.2499E+03    0.2485E+03    0.2480E+03    0.2483E+03    0.2480E+03    0.2487E+03    0.2489E+03    0.2488E+03    0.2487E+03   -0.9990E+03   -0.9990E+03   -0.9990E+03   -0.9990E+03   -0.9990E+03   -0.9990E+03   -0.9990E+03   -0.9990E+03   -0.9990E+03   -0.9990E+03   -0.9990E+03   -0.9990E+03   -0.9990E+03   -0.9990E+03   -0.9990E+03   -0.9990E+03   -0.9990E+03   -0.9990E+03   -0.9990E+03   -0.9990E+03   -0.9990E+03   -0.9990E+03   -0.9990E+03   -0.9990E+03   -0.9990E+03   -0.9990E+03   -0.9990E+03   -0.9990E+03   -0.9990E+03   -0.9990E+03   -0.9990E+03   -0.9990E+03   -0.9990E+03   -0.9990E+03   -0.9990E+03   -0.9990E+03   -0.9990E+03   -0.9990E+03   -0.9990E+03   -0.9990E+03   -0.9990E+03
   -0.9990E+03   -0.9990E+03   -0.9990E+03   -0.9990E+03   -0.9990E+03   -0.9990E+03   -0.9990E+03   -0.9990E+03   -0.9990E+03   -0.9990E+03   -0.9990E+03   -0.9990E+03   -0.9990E+03   -0.9990E+03   -0.9990E+03   -0.9990E+03   -0.9990E+03   -0.9990E+03    0.3630E+03    0.2938E+03    0.2882E+03    0.2819E+03    0.2755E+03    0.2694E+03    0.2643E+03    0.2600E+03    0.2568E+03    0.2547E+03    0.2534E+03    0.2528E+03    0.2525E+03    0.2521E+03    0.2520E+03    0.2522E+03    0.2517E+03   -0.9990E+03   -0.9990E+03   -0.9990E+03   -0.9990E+03   -0.9990E+03   -0.9990E+03   -0.9990E+03   -0.9990E+03   -0.9990E+03   -0.9990E+03   -0.9990E+03   -0.9990E+03   -0.9990E+03   -0.9990E+03   -0.9990E+03   -0.9990E+03   -0.9990E+03   -0.9990E+03   -0.9990E+03   -0.9990E+03   -0.9990E+03   -0.9990E+03   -0.9990E+03   -0.9990E+03   -0.9990E+03   -0.9990E+03   -0.9990E+03   -0.9990E+03   -0.9990E+03   -0.9990E+03   -0.9990E+03   -0.9990E+03   -0.9990E+03   -0.9990E+03   -0.9990E+03   -0.9990E+03   -0.9990E+03   -0.9990E+03   -0.9990E+03   -0.9990E+03   -0.9990E+03
   -0.9990E+03   -0.9990E+03   -0.9990E+03   -0.9990E+03   -0.9990E+03   -0.9990E+03   -0.9990E+03   -0.9990E+03   -0.9990E+03   -0.9990E+03   -0.9990E+03   -0.9990E+03   -0.9990E+03   -0.9990E+03   -0.9990E+03    0.3221E+03    0.3178E+03    0.3127E+03    0.3070E+03    0.3012E+03    0.2950E+03    0.2885E+03    0.2822E+03    0.2764E+03    0.2712E+03    0.2668E+03    0.2634E+03    0.2608E+03    0.2587E+03    0.2574E+03    0.2569E+03    0.2562E+03    0.2558E+03    0.2553E+03   -0.9990E+03   -0.9990E+03   -0.9990E+03   -0.9990E+03   -0.9990E+03   -0.9990E+03   -0.9990E+03   -0.9990E+03   -0.9990E+03   -0.9990E+03   -0.9990E+03   -0.9990E+03   -0.9990E+03   -0.9990E+03   -0.9990E+03   -0.9990E+03   -0.9990E+03   -0.9990E+03   -0.9990E+03   -0.9990E+03   -0.9990E+03   -0.9990E+03   -0.9990E+03   -0.9990E+03   -0.9990E+03   -0.9990E+03   -0.9990E+03   -0.9990E+03   -0.9990E+03   -0.9990E+03   -0.9990E+03   -0.9990E+03   -0.9990E+03   -0.9990E+03   -0.9990E+03   -0.9990E+03   -0.9990E+03   -0.9990E+03   -0.9990E+03   -0.9990E+03   -0.9990E+03   -0.9990E+03
   -0.9990E+03   -0.9990E+03   -0.9990E+03   -0.9990E+03   -0.9990E+03   -0.9990E+03   -0.9990E+03   -0.9990E+03   -0.9990E+03   -0.9990E+03   -0.9990E+03   -0.9990E+03   -0.9990E+03    0.3351E+03    0.3338E+03    0.3308E+03    0.3266E+03    0.3210E+03    0.3149E+03    0.3085E+03    0.3018E+03    0.2955E+03    0.2888E+03    0.2831E+03    0.2778E+03    0.2731E+03    0.2692E+03    0.2665E+03    0.2640E+03    0.2622E+03    0.2612E+03    0.2603E+03    0.2595E+03   -0.9990E+03   -0.9990E+03   -0.9990E+03   -0.9990E+03   -0.9990E+03   -0.9990E+03   -0.9990E+03   -0.9990E+03   -0.9990E+03   -0.9990E+03   -0.9990E+03   -0.9990E+03   -0.9990E+03   -0.9990E+03   -0.9990E+03   -0.9990E+03   -0.9990E+03   -0.9990E+03   -0.9990E+03   -0.9990E+03   -0.9990E+03   -0.9990E+03   -0.9990E+03   -0.9990E+03   -0.9990E+03   -0.9990E+03   -0.9990E+03   -0.9990E+03   -0.9990E+03   -0.9990E+03   -0.9990E+03   -0.9990E+03   -0.9990E+03   -0.9990E+03   -0.9990E+03   -0.9990E+03   -0.9990E+03   -0.9990E+03   -0.9990E+03   -0.9990E+03   -0.9990E+03   -0.9990E+03   -0.9990E+03
   -0.9990E+03   -0.9990E+03   -0.9990E+03   -0.9990E+03   -0.9990E+03   -0.9990E+03   -0.9990E+03   -0.9990E+03   -0.9990E+03   -0.9990E+03    0.3393E+03    0.3408E+03    0.3426E+03    0.3433E+03    0.3426E+03    0.3403E+03    0.3357E+03    0.3296E+03    0.3228E+03    0.3155E+03    0.3086E+03    0.3016E+03    0.2955E+03    0.2892E+03    0.2837E+03    0.2789E+03    0.2750E+03    0.2715E+03    0.2692E+03    0.2669E+03    0.2654E+03    0.2641E+03    0.2632E+03   -0.9990E+03   -0.9990E+03   -0.9990E+03   -0.9990E+03   -0.9990E+03   -0.9990E+03   -0.9990E+03   -0.9990E+03   -0.9990E+03   -0.9990E+03   -0.9990E+03   -0.9990E+03   -0.9990E+03   -0.9990E+03   -0.9990E+03   -0.9990E+03   -0.9990E+03   -0.9990E+03   -0.9990E+03   -0.9990E+03   -0.9990E+03   -0.9990E+03   -0.9990E+03   -0.9990E+03   -0.9990E+03   -0.9990E+03   -0.9990E+03   -0.9990E+03   -0.9990E+03   -0.9990E+03   -0.9990E+03   -0.9990E+03   -0.9990E+03   -0.9990E+03   -0.9990E+03   -0.9990E+03   -0.9990E+03   -0.9990E+03   -0.9990E+03   -0.9990E+03   -0.9990E+03   -0.9990E+03   -0.9990E+03
   -0.9990E+03   -0.9990E+03   -0.9990E+03   -0.9990E+03   -0.9990E+03   -0.9990E+03   -0.9990E+03   -0.9990E+03   -0.9990E+03   -0.9990E+03    0.3438E+03    0.3462E+03    0.3488E+03    0.3512E+03    0.3519E+03    0.3502E+03    0.3450E+03    0.3379E+03    0.3300E+03    0.3224E+03    0.3147E+03    0.3073E+03    0.3006E+03    0.2949E+03    0.2891E+03    0.2844E+03    0.2799E+03    0.2765E+03    0.2736E+03   -0.9990E+03   -0.9990E+03   -0.9990E+03   -0.9990E+03   -0.9990E+03   -0.9990E+03   -0.9990E+03   -0.9990E+03   -0.9990E+03   -0.9990E+03   -0.9990E+03   -0.9990E+03   -0.9990E+03   -0.9990E+03   -0.9990E+03   -0.9990E+03   -0.9990E+03   -0.9990E+03   -0.9990E+03   -0.9990E+03   -0.9990E+03   -0.9990E+03   -0.9990E+03   -0.9990E+03   -0.9990E+03   -0.9990E+03   -0.9990E+03   -0.9990E+03   -0.9990E+03   -0.9990E+03   -0.9990E+03   -0.9990E+03   -0.9990E+03   -0.9990E+03   -0.9990E+03   -0.9990E+03   -0.9990E+03   -0.9990E+03   -0.9990E+03   -0.9990E+03   -0.9990E+03   -0.9990E+03   -0.9990E+03   -0.9990E+03   -0.9990E+03   -0.9990E+03   -0.9990E+03
   -0.9990E+03   -0.9990E+03   -0.9990E+03   -0.9990E+03   -0.9990E+03   -0.9990E+03   -0.9990E+03    0.3428E+03    0.3440E+03    0.3457E+03    0.3874E+03    0.3513E+03    0.3578E+03    0.3572E+03    0.3602E+03    0.3606E+03    0.3542E+03    0.3453E+03    0.3366E+03    0.3283E+03    0.3201E+03    0.3124E+03    0.3055E+03    0.2992E+03    0.2938E+03    0.2887E+03   -0.9990E+03   -0.9990E+03   -0.9990E+03   -0.9990E+03   -0.9990E+03   -0.9990E+03   -0.9990E+03   -0.9990E+03   -0.9990E+03   -0.9990E+03   -0.9990E+03   -0.9990E+03   -0.9990E+03   -0.9990E+03   -0.9990E+03   -0.9990E+03   -0.9990E+03   -0.9990E+03   -0.9990E+03   -0.9990E+03   -0.9990E+03   -0.9990E+03   -0.9990E+03   -0.9990E+03   -0.9990E+03   -0.9990E+03   -0.9990E+03   -0.9990E+03   -0.9990E+03   -0.9990E+03   -0.9990E+03   -0.9990E+03   -0.9990E+03   -0.9990E+03   -0.9990E+03   -0.9990E+03   -0.9990E+03   -0.9990E+03   -0.9990E+03   -0.9990E+03   -0.9990E+03   -0.9990E+03   -0.9990E+03   -0.9990E+03   -0.9990E+03   -0.9990E+03   -0.9990E+03   -0.9990E+03   -0.9990E+03   -0.9990E+03
   -0.9990E+03   -0.9990E+03    0.3331E+03    0.3363E+03    0.4251E+03    0.3438E+03    0.3444E+03    0.3462E+03    0.3470E+03    0.3822E+03    0.3719E+03   -0.9990E+03    0.4617E+03    0.3647E+03    0.3675E+03   -0.9990E+03    0.4558E+03    0.3503E+03    0.3408E+03    0.3320E+03    0.3240E+03    0.3166E+03    0.3096E+03    0.3034E+03   -0.9990E+03   -0.9990E+03   -0.9990E+03   -0.9990E+03   -0.9990E+03   -0.9990E+03   -0.9990E+03   -0.9990E+03   -0.9990E+03   -0.9990E+03   -0.9990E+03   -0.9990E+03   -0.9990E+03   -0.9990E+03   -0.9990E+03   -0.9990E+03   -0.9990E+03   -0.9990E+03   -0.9990E+03   -0.9990E+03   -0.9990E+03   -0.9990E+03   -0.9990E+03   -0.9990E+03   -0.9990E+03   -0.9990E+03   -0.9990E+03   -0.9990E+03   -0.9990E+03   -0.9990E+03   -0.9990E+03   -0.9990E+03   -0.9990E+03   -0.9990E+03   -0.9990E+03   -0.9990E+03   -0.9990E+03   -0.9990E+03   -0.9990E+03   -0.9990E+03   -0.9990E+03   -0.9990E+03   -0.9990E+03   -0.9990E+03   -0.9990E+03   -0.9990E+03   -0.9990E+03   -0.9990E+03   -0.9990E+03   -0.9990E+03   -0.9990E+03   -0.9990E+03
   -0.9990E+03   -0.9990E+03    0.3337E+03    0.3371E+03    0.3402E+03    0.3432E+03    0.3864E+03    0.3781E+03    0.3485E+03    0.3499E+03    0.4634E+03    0.4468E+03    0.3581E+03    0.3632E+03    0.3673E+03    0.4736E+03    0.3604E+03    0.3518E+03    0.3428E+03    0.3344E+03    0.3267E+03    0.3196E+03   -0.9990E+03   -0.9990E+03   -0.9990E+03   -0.9990E+03   -0.9990E+03   -0.9990E+03   -0.9990E+03   -0.9990E+03   -0.9990E+03   -0.9990E+03   -0.9990E+03   -0.9990E+03   -0.9990E+03   -0.9990E+03   -0.9990E+03   -0.9990E+03   -0.9990E+03   -0.9990E+03   -0.9990E+03   -0.9990E+03   -0.9990E+03   -0.9990E+03   -0.9990E+03   -0.9990E+03   -0.9990E+03   -0.9990E+03   -0.9990E+03   -0.9990E+03   -0.9990E+03   -0.9990E+03   -0.9990E+03   -0.9990E+03   -0.9990E+03   -0.9990E+03   -0.9990E+03   -0.9990E+03   -0.9990E+03   -0.9990E+03   -0.9990E+03   -0.9990E+03   -0.9990E+03   -0.9990E+03   -0.9990E+03   -0.9990E+03   -0.9990E+03   -0.9990E+03   -0.9990E+03   -0.9990E+03   -0.9990E+03   -0.9990E+03   -0.9990E+03   -0.9990E+03   -0.9990E+03   -0.9990E+03
   -0.9990E+03    0.3312E+03    0.3342E+03    0.3368E+03    0.3396E+03    0.3462E+03    0.3528E+03    0.3471E+03    0.3480E+03    0.3502E+03    0.3523E+03    0.3689E+03    0.3575E+03    0.3602E+03    0.3615E+03    0.3604E+03    0.3561E+03    0.3503E+03   -0.9990E+03   -0.9990E+03   -0.9990E+03   -0.9990E+03   -0.9990E+03   -0.9990E+03   -0.9990E+03   -0.9990E+03   -0.9990E+03   -0.9990E+03   -0.9990E+03   -0.9990E+03   -0.9990E+03   -0.9990E+03   -0.9990E+03   -0.9990E+03   -0.9990E+03   -0.9990E+03   -0.9990E+03   -0.9990E+03   -0.9990E+03   -0.9990E+03   -0.9990E+03   -0.9990E+03   -0.9990E+03   -0.9990E+03   -0.9990E+03   -0.9990E+03   -0.9990E+03   -0.9990E+03   -0.9990E+03   -0.9990E+03   -0.9990E+03   -0.9990E+03   -0.9990E+03   -0.9990E+03   -0.9990E+03   -0.9990E+03   -0.9990E+03   -0.9990E+03   -0.9990E+03   -0.9990E+03   -0.9990E+03   -0.9990E+03   -0.9990E+03   -0.9990E+03   -0.9990E+03   -0.9990E+03   -0.9990E+03   -0.9990E+03   -0.9990E+03   -0.9990E+03   -0.9990E+03   -0.9990E+03   -0.9990E+03   -0.9990E+03   -0.9990E+03   -0.9990E+03
    0.3285E+03    0.3312E+03    0.3337E+03    0.3363E+03    0.3387E+03    0.3408E+03    0.3425E+03    0.3448E+03    0.3471E+03    0.3491E+03    0.3513E+03    0.3535E+03    0.3553E+03   -0.9990E+03   -0.9990E+03   -0.9990E+03   -0.9990E+03   -0.9990E+03   -0.9990E+03   -0.9990E+03   -0.9990E+03   -0.9990E+03   -0.9990E+03   -0.9990E+03   -0.9990E+03   -0.9990E+03   -0.9990E+03   -0.9990E+03   -0.9990E+03   -0.9990E+03   -0.9990E+03   -0.9990E+03   -0.9990E+03   -0.9990E+03   -0.9990E+03   -0.9990E+03   -0.9990E+03   -0.9990E+03   -0.9990E+03   -0.9990E+03   -0.9990E+03   -0.9990E+03   -0.9990E+03   -0.9990E+03   -0.9990E+03   -0.9990E+03   -0.9990E+03   -0.9990E+03   -0.9990E+03   -0.9990E+03   -0.9990E+03   -0.9990E+03   -0.9990E+03   -0.9990E+03   -0.9990E+03   -0.9990E+03   -0.9990E+03   -0.9990E+03   -0.9990E+03   -0.9990E+03   -0.9990E+03   -0.9990E+03   -0.9990E+03   -0.9990E+03   -0.9990E+03   -0.9990E+03   -0.9990E+03   -0.9990E+03   -0.9990E+03   -0.9990E+03   -0.9990E+03   -0.9990E+03   -0.9990E+03   -0.9990E+03   -0.9990E+03   -0.9990E+03
    0.3284E+03    0.3307E+03    0.3329E+03    0.3350E+03   -0.9990E+03   -0.9990E+03   -0.9990E+03   -0.9990E+03   -0.9990E+03   -0.9990E+03   -0.9990E+03   -0.9990E+03   -0.9990E+03   -0.9990E+03   -0.9990E+03   -0.9990E+03   -0.9990E+03   -0.9990E+03   -0.9990E+03   -0.9990E+03   -0.9990E+03   -0.9990E+03   -0.9990E+03   -0.9990E+03   -0.9990E+03   -0.9990E+03   -0.9990E+03   -0.9990E+03   -0.9990E+03   -0.9990E+03   -0.9990E+03   -0.9990E+03   -0.9990E+03   -0.9990E+03   -0.9990E+03   -0.9990E+03   -0.9990E+03   -0.9990E+03   -0.9990E+03   -0.9990E+03   -0.9990E+03   -0.9990E+03   -0.9990E+03   -0.9990E+03   -0.9990E+03   -0.9990E+03   -0.9990E+03   -0.9990E+03   -0.9990E+03   -0.9990E+03   -0.9990E+03   -0.9990E+03   -0.9990E+03   -0.9990E+03   -0.9990E+03   -0.9990E+03   -0.9990E+03   -0.9990E+03   -0.9990E+03   -0.9990E+03   -0.9990E+03   -0.9990E+03   -0.9990E+03   -0.9990E+03   -0.9990E+03   -0.9990E+03   -0.9990E+03   -0.9990E+03   -0.9990E+03   -0.9990E+03   -0.9990E+03   -0.9990E+03   -0.9990E+03   -0.9990E+03   -0.9990E+03   -0.9990E+03
   -0.9990E+03    0.3297E+03    0.3318E+03    0.3336E+03   -0.9990E+03   -0.9990E+03   -0.9990E+03   -0.9990E+03   -0.9990E+03   -0.9990E+03   -0.9990E+03   -0.9990E+03   -0.9990E+03   -0.9990E+03   -0.9990E+03   -0.9990E+03   -0.9990E+03   -0.9990E+03   -0.9990E+03   -0.9990E+03   -0.9990E+03   -0.9990E+03   -0.9990E+03   -0.9990E+03   -0.9990E+03   -0.9990E+03   -0.9990E+03   -0.9990E+03   -0.9990E+03   -0.9990E+03   -0.9990E+03   -0.9990E+03   -0.9990E+03   -0.9990E+03   -0.9990E+03   -0.9990E+03   -0.9990E+03   -0.9990E+03   -0.9990E+03   -0.9990E+03   -0.9990E+03   -0.9990E+03   -0.9990E+03   -0.9990E+03   -0.9990E+03   -0.9990E+03   -0.9990E+03   -0.9990E+03   -0.9990E+03   -0.9990E+03   -0.9990E+03   -0.9990E+03   -0.9990E+03   -0.9990E+03   -0.9990E+03   -0.9990E+03   -0.9990E+03   -0.9990E+03   -0.9990E+03   -0.9990E+03   -0.9990E+03   -0.9990E+03   -0.9990E+03   -0.9990E+03   -0.9990E+03   -0.9990E+03   -0.9990E+03   -0.9990E+03   -0.9990E+03   -0.9990E+03   -0.9990E+03   -0.9990E+03   -0.9990E+03   -0.9990E+03   -0.9990E+03   -0.9990E+03
        42.0000          LAYER       1
   -0.9990E+03   -0.9990E+03   -0.9990E+03   -0.9990E+03   -0.9990E+03   -0.9990E+03   -0.9990E+03   -0.9990E+03   -0.9990E+03   -0.9990E+03   -0.9990E+03   -0.9990E+03   -0.9990E+03   -0.9990E+03   -0.9990E+03   -0.9990E+03   -0.9990E+03   -0.9990E+03   -0.9990E+03   -0.9990E+03   -0.9990E+03   -0.9990E+03   -0.9990E+03   -0.9990E+03   -0.9990E+03   -0.9990E+03   -0.9990E+03   -0.9990E+03   -0.9990E+03   -0.9990E+03   -0.9990E+03   -0.9990E+03   -0.9990E+03   -0.9990E+03   -0.9990E+03   -0.9990E+03   -0.9990E+03   -0.9990E+03   -0.9990E+03   -0.9990E+03   -0.9990E+03   -0.9990E+03   -0.9990E+03   -0.9990E+03   -0.9990E+03   -0.9990E+03   -0.9990E+03   -0.9990E+03   -0.9990E+03   -0.9990E+03   -0.9990E+03   -0.9990E+03   -0.9990E+03   -0.9990E+03   -0.9990E+03   -0.9990E+03   -0.9990E+03   -0.9990E+03   -0.9990E+03   -0.9990E+03   -0.9990E+03   -0.9990E+03   -0.9990E+03   -0.9990E+03   -0.9990E+03   -0.9990E+03   -0.9990E+03   -0.9990E+03   -0.9990E+03   -0.9990E+03   -0.9990E+03   -0.9990E+03   -0.9990E+03   -0.9990E+03   -0.9990E+03   -0.9990E+03
   -0.9990E+03   -0.9990E+03   -0.9990E+03   -0.9990E+03   -0.9990E+03   -0.9990E+03   -0.9990E+03   -0.9990E+03   -0.9990E+03   -0.9990E+03   -0.9990E+03   -0.9990E+03   -0.9990E+03   -0.9990E+03   -0.9990E+03   -0.9990E+03   -0.9990E+03   -0.9990E+03   -0.9990E+03   -0.9990E+03   -0.9990E+03   -0.9990E+03   -0.9990E+03   -0.9990E+03   -0.9990E+03   -0.9990E+03   -0.9990E+03   -0.9990E+03   -0.9990E+03   -0.9990E+03   -0.9990E+03   -0.9990E+03   -0.9990E+03   -0.9990E+03   -0.9990E+03   -0.9990E+03   -0.9990E+03   -0.9990E+03   -0.9990E+03   -0.9990E+03   -0.9990E+03   -0.9990E+03   -0.9990E+03   -0.9990E+03   -0.9990E+03   -0.9990E+03   -0.9990E+03   -0.9990E+03   -0.9990E+03   -0.9990E+03   -0.9990E+03   -0.9990E+03   -0.9990E+03   -0.9990E+03   -0.9990E+03   -0.9990E+03   -0.9990E+03   -0.9990E+03   -0.9990E+03   -0.9990E+03   -0.9990E+03   -0.9990E+03   -0.9990E+03   -0.9990E+03   -0.9990E+03   -0.9990E+03   -0.9990E+03   -0.9990E+03   -0.9990E+03   -0.9990E+03   -0.9990E+03   -0.9990E+03   -0.9990E+03   -0.9990E+03   -0.9990E+03   -0.9990E+03
   -0.9990E+03   -0.9990E+03   -0.9990E+03   -0.9990E+03   -0.9990E+03   -0.9990E+03   -0.9990E+03   -0.9990E+03   -0.9990E+03   -0.9990E+03   -0.9990E+03   -0.9990E+03   -0.9990E+03   -0.9990E+03   -0.9990E+03   -0.9990E+03   -0.9990E+03   -0.9990E+03   -0.9990E+03   -0.9990E+03   -0.9990E+03   -0.9990E+03   -0.9990E+03   -0.9990E+03   -0.9990E+03   -0.9990E+03   -0.9990E+03   -0.9990E+03   -0.9990E+03   -0.9990E+03   -0.9990E+03   -0.9990E+03   -0.9990E+03   -0.9990E+03   -0.9990E+03   -0.9990E+03   -0.9990E+03   -0.9990E+03   -0.9990E+03   -0.9990E+03   -0.9990E+03   -0.9990E+03   -0.9990E+03   -0.9990E+03   -0.9990E+03   -0.9990E+03   -0.9990E+03   -0.9990E+03   -0.9990E+03   -0.9990E+03   -0.9990E+03   -0.9990E+03   -0.9990E+03   -0.9990E+03   -0.9990E+03   -0.9990E+03   -0.9990E+03   -0.9990E+03   -0.9990E+03   -0.9990E+03   -0.9990E+03   -0.9990E+03   -0.9990E+03   -0.9990E+03   -0.9990E+03   -0.9990E+03   -0.9990E+03   -0.9990E+03   -0.9990E+03   -0.9990E+03   -0.9990E+03   -0.9990E+03   -0.9990E+03   -0.9990E+03   -0.9990E+03   -0.9990E+03
   -0.9990E+03   -0.9990E+03   -0.9990E+03   -0.9990E+03   -0.9990E+03   -0.9990E+03   -0.9990E+03   -0.9990E+03   -0.9990E+03   -0.9990E+03   -0.9990E+03   -0.9990E+03   -0.9990E+03   -0.9990E+03   -0.9990E+03   -0.9990E+03   -0.9990E+03   -0.9990E+03   -0.9990E+03   -0.9990E+03   -0.9990E+03   -0.9990E+03   -0.9990E+03   -0.9990E+03   -0.9990E+03   -0.9990E+03   -0.9990E+03   -0.9990E+03   -0.9990E+03   -0.9990E+03   -0.9990E+03   -0.9990E+03   -0.9990E+03   -0.9990E+03   -0.9990E+03   -0.9990E+03   -0.9990E+03   -0.9990E+03   -0.9990E+03   -0.9990E+03   -0.9990E+03   -0.9990E+03   -0.9990E+03   -0.9990E+03   -0.9990E+03   -0.9990E+03   -0.9990E+03   -0.9990E+03   -0.9990E+03   -0.9990E+03   -0.9990E+03   -0.9990E+03   -0.9990E+03   -0.9990E+03   -0.9990E+03   -0.9990E+03   -0.9990E+03   -0.9990E+03   -0.9990E+03   -0.9990E+03   -0.9990E+03   -0.9990E+03   -0.9990E+03   -0.9990E+03   -0.9990E+03   -0.9990E+03   -0.9990E+03   -0.9990E+03   -0.9990E+03   -0.9990E+03   -0.9990E+03   -0.9990E+03   -0.9990E+03   -0.9990E+03   -0.9990E+03   -0.9990E+03
   -0.9990E+03   -0.9990E+03   -0.9990E+03   -0.9990E+03   -0.9990E+03   -0.9990E+03   -0.9990E+03   -0.9990E+03   -0.9990E+03   -0.9990E+03   -0.9990E+03   -0.9990E+03   -0.9990E+03   -0.9990E+03   -0.9990E+03   -0.9990E+03   -0.9990E+03   -0.9990E+03   -0.9990E+03   -0.9990E+03   -0.9990E+03   -0.9990E+03   -0.9990E+03   -0.9990E+03   -0.9990E+03   -0.9990E+03   -0.9990E+03   -0.9990E+03   -0.9990E+03   -0.9990E+03   -0.9990E+03   -0.9990E+03   -0.9990E+03   -0.9990E+03   -0.9990E+03   -0.9990E+03   -0.9990E+03   -0.9990E+03   -0.9990E+03   -0.9990E+03   -0.9990E+03   -0.9990E+03   -0.9990E+03   -0.9990E+03   -0.9990E+03   -0.9990E+03   -0.9990E+03   -0.9990E+03   -0.9990E+03   -0.9990E+03   -0.9990E+03   -0.9990E+03   -0.9990E+03   -0.9990E+03   -0.9990E+03   -0.9990E+03   -0.9990E+03   -0.9990E+03   -0.9990E+03   -0.9990E+03   -0.9990E+03   -0.9990E+03   -0.9990E+03   -0.9990E+03   -0.9990E+03   -0.9990E+03   -0.9990E+03   -0.9990E+03   -0.9990E+03   -0.9990E+03   -0.9990E+03   -0.9990E+03   -0.9990E+03   -0.9990E+03   -0.9990E+03   -0.9990E+03
   -0.9990E+03   -0.9990E+03   -0.9990E+03   -0.9990E+03   -0.9990E+03   -0.9990E+03   -0.9990E+03   -0.9990E+03   -0.9990E+03   -0.9990E+03   -0.9990E+03   -0.9990E+03   -0.9990E+03   -0.9990E+03   -0.9990E+03   -0.9990E+03   -0.9990E+03   -0.9990E+03   -0.9990E+03   -0.9990E+03   -0.9990E+03   -0.9990E+03   -0.9990E+03   -0.9990E+03   -0.9990E+03   -0.9990E+03   -0.9990E+03   -0.9990E+03   -0.9990E+03   -0.9990E+03   -0.9990E+03   -0.9990E+03   -0.9990E+03   -0.9990E+03   -0.9990E+03   -0.9990E+03   -0.9990E+03   -0.9990E+03   -0.9990E+03   -0.9990E+03   -0.9990E+03   -0.9990E+03   -0.9990E+03   -0.9990E+03   -0.9990E+03   -0.9990E+03   -0.9990E+03   -0.9990E+03   -0.9990E+03   -0.9990E+03   -0.9990E+03   -0.9990E+03   -0.9990E+03   -0.9990E+03   -0.9990E+03   -0.9990E+03   -0.9990E+03   -0.9990E+03   -0.9990E+03   -0.9990E+03   -0.9990E+03   -0.9990E+03   -0.9990E+03   -0.9990E+03   -0.9990E+03   -0.9990E+03   -0.9990E+03   -0.9990E+03   -0.9990E+03   -0.9990E+03   -0.9990E+03   -0.9990E+03   -0.9990E+03   -0.9990E+03   -0.9990E+03   -0.9990E+03
   -0.9990E+03   -0.9990E+03   -0.9990E+03   -0.9990E+03   -0.9990E+03   -0.9990E+03   -0.9990E+03   -0.9990E+03   -0.9990E+03   -0.9990E+03   -0.9990E+03   -0.9990E+03   -0.9990E+03   -0.9990E+03   -0.9990E+03   -0.9990E+03   -0.9990E+03   -0.9990E+03   -0.9990E+03   -0.9990E+03   -0.9990E+03   -0.9990E+03   -0.9990E+03   -0.9990E+03   -0.9990E+03   -0.9990E+03   -0.9990E+03   -0.9990E+03   -0.9990E+03   -0.9990E+03   -0.9990E+03   -0.9990E+03   -0.9990E+03   -0.9990E+03   -0.9990E+03   -0.9990E+03   -0.9990E+03   -0.9990E+03   -0.9990E+03   -0.9990E+03   -0.9990E+03   -0.9990E+03   -0.9990E+03   -0.9990E+03   -0.9990E+03   -0.9990E+03   -0.9990E+03   -0.9990E+03   -0.9990E+03   -0.9990E+03   -0.9990E+03   -0.9990E+03   -0.9990E+03   -0.9990E+03   -0.9990E+03   -0.9990E+03   -0.9990E+03   -0.9990E+03   -0.9990E+03   -0.9990E+03   -0.9990E+03   -0.9990E+03   -0.9990E+03   -0.9990E+03   -0.9990E+03   -0.9990E+03   -0.9990E+03   -0.9990E+03   -0.9990E+03   -0.9990E+03   -0.9990E+03   -0.9990E+03   -0.9990E+03   -0.9990E+03   -0.9990E+03   -0.9990E+03
   -0.9990E+03   -0.9990E+03   -0.9990E+03   -0.9990E+03   -0.9990E+03   -0.9990E+03   -0.9990E+03   -0.9990E+03   -0.9990E+03   -0.9990E+03   -0.9990E+03   -0.9990E+03   -0.9990E+03   -0.9990E+03   -0.9990E+03   -0.9990E+03   -0.9990E+03   -0.9990E+03   -0.9990E+03   -0.9990E+03   -0.9990E+03   -0.9990E+03   -0.9990E+03   -0.9990E+03   -0.9990E+03   -0.9990E+03   -0.9990E+03   -0.9990E+03   -0.9990E+03   -0.9990E+03   -0.9990E+03   -0.9990E+03   -0.9990E+03   -0.9990E+03   -0.9990E+03   -0.9990E+03   -0.9990E+03   -0.9990E+03   -0.9990E+03   -0.9990E+03   -0.9990E+03   -0.9990E+03   -0.9990E+03   -0.9990E+03   -0.9990E+03   -0.9990E+03   -0.9990E+03   -0.9990E+03   -0.9990E+03   -0.9990E+03   -0.9990E+03   -0.9990E+03   -0.9990E+03   -0.9990E+03   -0.9990E+03   -0.9990E+03   -0.9990E+03   -0.9990E+03   -0.9990E+03   -0.9990E+03   -0.9990E+03   -0.9990E+03   -0.9990E+03   -0.9990E+03   -0.9990E+03   -0.9990E+03   -0.9990E+03   -0.9990E+03   -0.9990E+03   -0.9990E+03   -0.9990E+03   -0.9990E+03   -0.9990E+03   -0.9990E+03   -0.9990E+03   -0.9990E+03
   -0.9990E+03   -0.9990E+03   -0.9990E+03   -0.9990E+03   -0.9990E+03   -0.9990E+03   -0.9990E+03   -0.9990E+03   -0.9990E+03   -0.9990E+03   -0.9990E+03   -0.9990E+03   -0.9990E+03   -0.9990E+03   -0.9990E+03   -0.9990E+03   -0.9990E+03   -0.9990E+03   -0.9990E+03   -0.9990E+03   -0.9990E+03   -0.9990E+03   -0.9990E+03   -0.9990E+03   -0.9990E+03   -0.9990E+03   -0.9990E+03   -0.9990E+03   -0.9990E+03   -0.9990E+03   -0.9990E+03   -0.9990E+03   -0.9990E+03   -0.9990E+03   -0.9990E+03   -0.9990E+03   -0.9990E+03   -0.9990E+03   -0.9990E+03   -0.9990E+03   -0.9990E+03   -0.9990E+03   -0.9990E+03   -0.9990E+03   -0.9990E+03   -0.9990E+03   -0.9990E+03   -0.9990E+03   -0.9990E+03   -0.9990E+03   -0.9990E+03   -0.9990E+03   -0.9990E+03   -0.9990E+03   -0.9990E+03   -0.9990E+03   -0.9990E+03   -0.9990E+03   -0.9990E+03   -0.9990E+03   -0.9990E+03   -0.9990E+03   -0.9990E+03   -0.9990E+03   -0.9990E+03   -0.9990E+03   -0.9990E+03   -0.9990E+03   -0.9990E+03   -0.9990E+03   -0.9990E+03   -0.9990E+03   -0.9990E+03   -0.9990E+03   -0.9990E+03   -0.9990E+03
   -0.9990E+03   -0.9990E+03   -0.9990E+03   -0.9990E+03   -0.9990E+03   -0.9990E+03   -0.9990E+03   -0.9990E+03   -0.9990E+03   -0.9990E+03   -0.9990E+03   -0.9990E+03   -0.9990E+03   -0.9990E+03   -0.9990E+03   -0.9990E+03   -0.9990E+03   -0.9990E+03   -0.9990E+03   -0.9990E+03   -0.9990E+03   -0.9990E+03   -0.9990E+03   -0.9990E+03   -0.9990E+03   -0.9990E+03   -0.9990E+03   -0.9990E+03   -0.9990E+03   -0.9990E+03   -0.9990E+03   -0.9990E+03   -0.9990E+03   -0.9990E+03   -0.9990E+03   -0.9990E+03   -0.9990E+03   -0.9990E+03   -0.9990E+03   -0.9990E+03   -0.9990E+03   -0.9990E+03   -0.9990E+03   -0.9990E+03   -0.9990E+03   -0.9990E+03   -0.9990E+03   -0.9990E+03   -0.9990E+03   -0.9990E+03   -0.9990E+03   -0.9990E+03   -0.9990E+03   -0.9990E+03   -0.9990E+03   -0.9990E+03   -0.9990E+03    0.5860E+03   -0.9990E+03   -0.9990E+03   -0.9990E+03   -0.9990E+03    0.6505E+03   -0.9990E+03   -0.9990E+03   -0.9990E+03   -0.9990E+03   -0.9990E+03   -0.9990E+03   -0.9990E+03   -0.9990E+03   -0.9990E+03   -0.9990E+03   -0.9990E+03   -0.9990E+03   -0.9990E+03
   -0.9990E+03   -0.9990E+03   -0.9990E+03   -0.9990E+03   -0.9990E+03   -0.9990E+03   -0.9990E+03   -0.9990E+03   -0.9990E+03   -0.9990E+03   -0.9990E+03   -0.9990E+03   -0.9990E+03   -0.9990E+03   -0.9990E+03   -0.9990E+03   -0.9990E+03   -0.9990E+03   -0.9990E+03   -0.9990E+03   -0.9990E+03   -0.9990E+03   -0.9990E+03   -0.9990E+03   -0.9990E+03   -0.9990E+03   -0.9990E+03   -0.9990E+03   -0.9990E+03   -0.9990E+03   -0.9990E+03   -0.9990E+03   -0.9990E+03   -0.9990E+03   -0.9990E+03   -0.9990E+03   -0.9990E+03   -0.9990E+03   -0.9990E+03   -0.9990E+03   -0.9990E+03   -0.9990E+03   -0.9990E+03   -0.9990E+03   -0.9990E+03   -0.9990E+03   -0.9990E+03   -0.9990E+03   -0.9990E+03   -0.9990E+03   -0.9990E+03   -0.9990E+03   -0.9990E+03   -0.9990E+03   -0.9990E+03   -0.9990E+03   -0.9990E+03   -0.9990E+03   -0.9990E+03   -0.9990E+03   -0.9990E+03   -0.9990E+03   -0.9990E+03   -0.9990E+03   -0.9990E+03   -0.9990E+03   -0.9990E+03   -0.9990E+03   -0.9990E+03   -0.9990E+03   -0.9990E+03   -0.9990E+03   -0.9990E+03   -0.9990E+03   -0.9990E+03   -0.9990E+03
   -0.9990E+03   -0.9990E+03   -0.9990E+03   -0.9990E+03   -0.9990E+03   -0.9990E+03   -0.9990E+03   -0.9990E+03   -0.9990E+03   -0.9990E+03   -0.9990E+03   -0.9990E+03   -0.9990E+03   -0.9990E+03   -0.9990E+03   -0.9990E+03   -0.9990E+03   -0.9990E+03   -0.9990E+03   -0.9990E+03   -0.9990E+03   -0.9990E+03   -0.9990E+03   -0.9990E+03   -0.9990E+03   -0.9990E+03   -0.9990E+03   -0.9990E+03   -0.9990E+03   -0.9990E+03   -0.9990E+03   -0.9990E+03   -0.9990E+03   -0.9990E+03   -0.9990E+03   -0.9990E+03   -0.9990E+03   -0.9990E+03   -0.9990E+03   -0.9990E+03   -0.9990E+03   -0.9990E+03   -0.9990E+03   -0.9990E+03   -0.9990E+03   -0.9990E+03   -0.9990E+03   -0.9990E+03   -0.9990E+03   -0.9990E+03   -0.9990E+03   -0.9990E+03   -0.9990E+03   -0.9990E+03   -0.9990E+03   -0.9990E+03   -0.9990E+03    0.5629E+03   -0.9990E+03   -0.9990E+03   -0.9990E+03   -0.9990E+03   -0.9990E+03   -0.9990E+03   -0.9990E+03   -0.9990E+03   -0.9990E+03   -0.9990E+03   -0.9990E+03   -0.9990E+03   -0.9990E+03   -0.9990E+03   -0.9990E+03   -0.9990E+03   -0.9990E+03   -0.9990E+03
   -0.9990E+03   -0.9990E+03   -0.9990E+03   -0.9990E+03   -0.9990E+03   -0.9990E+03   -0.9990E+03   -0.9990E+03   -0.9990E+03   -0.9990E+03   -0.9990E+03   -0.9990E+03   -0.9990E+03   -0.9990E+03   -0.9990E+03   -0.9990E+03   -0.9990E+03   -0.9990E+03   -0.9990E+03   -0.9990E+03   -0.9990E+03   -0.9990E+03   -0.9990E+03   -0.9990E+03   -0.9990E+03   -0.9990E+03   -0.9990E+03   -0.9990E+03   -0.9990E+03   -0.9990E+03   -0.9990E+03   -0.9990E+03   -0.9990E+03   -0.9990E+03   -0.9990E+03   -0.9990E+03   -0.9990E+03   -0.9990E+03   -0.9990E+03   -0.9990E+03   -0.9990E+03   -0.9990E+03   -0.9990E+03   -0.9990E+03   -0.9990E+03   -0.9990E+03   -0.9990E+03   -0.9990E+03   -0.9990E+03   -0.9990E+03   -0.9990E+03   -0.9990E+03   -0.9990E+03   -0.9990E+03   -0.9990E+03   -0.9990E+03   -0.9990E+03    0.5515E+03   -0.9990E+03   -0.9990E+03   -0.9990E+03   -0.9990E+03   -0.9990E+03   -0.9990E+03   -0.9990E+03   -0.9990E+03   -0.9990E+03   -0.9990E+03   -0.9990E+03   -0.9990E+03   -0.9990E+03   -0.9990E+03   -0.9990E+03   -0.9990E+03   -0.9990E+03   -0.9990E+03
   -0.9990E+03   -0.9990E+03   -0.9990E+03   -0.9990E+03   -0.9990E+03   -0.9990E+03   -0.9990E+03   -0.9990E+03   -0.9990E+03   -0.9990E+03   -0.9990E+03   -0.9990E+03   -0.9990E+03   -0.9990E+03   -0.9990E+03   -0.9990E+03   -0.9990E+03   -0.9990E+03   -0.9990E+03   -0.9990E+03   -0.9990E+03   -0.9990E+03   -0.9990E+03   -0.9990E+03   -0.9990E+03   -0.9990E+03   -0.9990E+03   -0.9990E+03   -0.9990E+03   -0.9990E+03   -0.9990E+03   -0.9990E+03   -0.9990E+03   -0.9990E+03   -0.9990E+03   -0.9990E+03   -0.9990E+03   -0.9990E+03   -0.9990E+03   -0.9990E+03   -0.9990E+03   -0.9990E+03   -0.9990E+03   -0.9990E+03   -0.9990E+03   -0.9990E+03   -0.9990E+03   -0.9990E+03   -0.9990E+03   -0.9990E+03   -0.9990E+03   -0.9990E+03   -0.9990E+03   -0.9990E+03   -0.9990E+03   -0.9990E+03   -0.9990E+03    0.5705E+03   -0.9990E+03   -0.9990E+03   -0.9990E+03   -0.9990E+03    0.5275E+03   -0.9990E+03   -0.9990E+03   -0.9990E+03   -0.9990E+03   -0.9990E+03   -0.9990E+03   -0.9990E+03   -0.9990E+03   -0.9990E+03   -0.9990E+03   -0.9990E+03   -0.9990E+03   -0.9990E+03
   -0.9990E+03   -0.9990E+03   -0.9990E+03   -0.9990E+03   -0.9990E+03   -0.9990E+03   -0.9990E+03   -0.9990E+03   -0.9990E+03   -0.9990E+03   -0.9990E+03   -0.9990E+03   -0.9990E+03   -0.9990E+03   -0.9990E+03   -0.9990E+03   -0.9990E+03   -0.9990E+03   -0.9990E+03   -0.9990E+03   -0.9990E+03   -0.9990E+03   -0.9990E+03   -0.9990E+03   -0.9990E+03   -0.9990E+03   -0.9990E+03   -0.9990E+03   -0.9990E+03   -0.9990E+03   -0.9990E+03   -0.9990E+03   -0.9990E+03   -0.9990E+03   -0.9990E+03   -0.9990E+03   -0.9990E+03   -0.9990E+03   -0.9990E+03   -0.9990E+03   -0.9990E+03   -0.9990E+03   -0.9990E+03   -0.9990E+03   -0.9990E+03   -0.9990E+03   -0.9990E+03   -0.9990E+03   -0.9990E+03   -0.9990E+03   -0.9990E+03   -0.9990E+03   -0.9990E+03   -0.9990E+03   -0.9990E+03   -0.9990E+03   -0.9990E+03   -0.9990E+03   -0.9990E+03   -0.9990E+03   -0.9990E+03   -0.9990E+03   -0.9990E+03   -0.9990E+03   -0.9990E+03   -0.9990E+03   -0.9990E+03   -0.9990E+03   -0.9990E+03   -0.9990E+03   -0.9990E+03   -0.9990E+03   -0.9990E+03   -0.9990E+03   -0.9990E+03   -0.9990E+03
   -0.9990E+03   -0.9990E+03   -0.9990E+03   -0.9990E+03   -0.9990E+03   -0.9990E+03   -0.9990E+03   -0.9990E+03   -0.9990E+03   -0.9990E+03   -0.9990E+03   -0.9990E+03   -0.9990E+03   -0.9990E+03   -0.9990E+03   -0.9990E+03   -0.9990E+03   -0.9990E+03   -0.9990E+03   -0.9990E+03   -0.9990E+03   -0.9990E+03   -0.9990E+03   -0.9990E+03   -0.9990E+03   -0.9990E+03   -0.9990E+03   -0.9990E+03   -0.9990E+03   -0.9990E+03   -0.9990E+03   -0.9990E+03   -0.9990E+03   -0.9990E+03   -0.9990E+03   -0.9990E+03   -0.9990E+03   -0.9990E+03   -0.9990E+03   -0.9990E+03   -0.9990E+03   -0.9990E+03   -0.9990E+03   -0.9990E+03   -0.9990E+03   -0.9990E+03   -0.9990E+03   -0.9990E+03   -0.9990E+03   -0.9990E+03   -0.9990E+03   -0.9990E+03   -0.9990E+03   -0.9990E+03   -0.9990E+03   -0.9990E+03   -0.9990E+03   -0.9990E+03   -0.9990E+03   -0.9990E+03   -0.9990E+03    0.4865E+03   -0.9990E+03   -0.9990E+03   -0.9990E+03   -0.9990E+03   -0.9990E+03   -0.9990E+03   -0.9990E+03   -0.9990E+03   -0.9990E+03   -0.9990E+03   -0.9990E+03   -0.9990E+03   -0.9990E+03   -0.9990E+03
   -0.9990E+03   -0.9990E+03   -0.9990E+03   -0.9990E+03   -0.9990E+03   -0.9990E+03   -0.9990E+03   -0.9990E+03   -0.9990E+03   -0.9990E+03   -0.9990E+03   -0.9990E+03   -0.9990E+03   -0.9990E+03   -0.9990E+03   -0.9990E+03   -0.9990E+03   -0.9990E+03   -0.9990E+03   -0.9990E+03   -0.9990E+03   -0.9990E+03   -0.9990E+03   -0.9990E+03   -0.9990E+03   -0.9990E+03   -0.9990E+03   -0.9990E+03   -0.9990E+03   -0.9990E+03   -0.9990E+03   -0.9990E+03   -0.9990E+03   -0.9990E+03   -0.9990E+03   -0.9990E+03   -0.9990E+03   -0.9990E+03   -0.9990E+03   -0.9990E+03   -0.9990E+03   -0.9990E+03   -0.9990E+03   -0.9990E+03   -0.9990E+03   -0.9990E+03   -0.9990E+03   -0.9990E+03   -0.9990E+03   -0.9990E+03   -0.9990E+03   -0.9990E+03   -0.9990E+03   -0.9990E+03   -0.9990E+03   -0.9990E+03   -0.9990E+03   -0.9990E+03   -0.9990E+03   -0.9990E+03   -0.9990E+03   -0.9990E+03   -0.9990E+03   -0.9990E+03   -0.9990E+03   -0.9990E+03   -0.9990E+03   -0.9990E+03   -0.9990E+03   -0.9990E+03   -0.9990E+03   -0.9990E+03   -0.9990E+03   -0.9990E+03   -0.9990E+03   -0.9990E+03
   -0.9990E+03   -0.9990E+03   -0.9990E+03   -0.9990E+03   -0.9990E+03   -0.9990E+03   -0.9990E+03   -0.9990E+03   -0.9990E+03   -0.9990E+03   -0.9990E+03   -0.9990E+03   -0.9990E+03   -0.9990E+03   -0.9990E+03   -0.9990E+03   -0.9990E+03   -0.9990E+03   -0.9990E+03   -0.9990E+03   -0.9990E+03   -0.9990E+03   -0.9990E+03   -0.9990E+03   -0.9990E+03   -0.9990E+03   -0.9990E+03   -0.9990E+03   -0.9990E+03   -0.9990E+03   -0.9990E+03   -0.9990E+03   -0.9990E+03   -0.9990E+03   -0.9990E+03   -0.9990E+03   -0.9990E+03   -0.9990E+03   -0.9990E+03   -0.9990E+03   -0.9990E+03   -0.9990E+03   -0.9990E+03   -0.9990E+03   -0.9990E+03   -0.9990E+03   -0.9990E+03   -0.9990E+03   -0.9990E+03   -0.9990E+03   -0.9990E+03   -0.9990E+03   -0.9990E+03   -0.9990E+03   -0.9990E+03   -0.9990E+03   -0.9990E+03   -0.9990E+03   -0.9990E+03   -0.9990E+03   -0.9990E+03   -0.9990E+03   -0.9990E+03   -0.9990E+03   -0.9990E+03   -0.9990E+03   -0.9990E+03   -0.9990E+03   -0.9990E+03   -0.9990E+03   -0.9990E+03   -0.9990E+03   -0.9990E+03   -0.9990E+03   -0.9990E+03   -0.9990E+03
   -0.9990E+03   -0.9990E+03   -0.9990E+03   -0.9990E+03   -0.9990E+03   -0.9990E+03   -0.9990E+03   -0.9990E+03   -0.9990E+03   -0.9990E+03   -0.9990E+03   -0.9990E+03   -0.9990E+03   -0.9990E+03   -0.9990E+03   -0.9990E+03   -0.9990E+03   -0.9990E+03   -0.9990E+03   -0.9990E+03   -0.9990E+03   -0.9990E+03   -0.9990E+03   -0.9990E+03   -0.9990E+03   -0.9990E+03   -0.9990E+03   -0.9990E+03   -0.9990E+03   -0.9990E+03   -0.9990E+03   -0.9990E+03   -0.9990E+03   -0.9990E+03   -0.9990E+03   -0.9990E+03   -0.9990E+03   -0.9990E+03   -0.9990E+03   -0.9990E+03   -0.9990E+03   -0.9990E+03   -0.9990E+03   -0.9990E+03   -0.9990E+03   -0.9990E+03   -0.9990E+03   -0.9990E+03   -0.9990E+03   -0.9990E+03   -0.9990E+03   -0.9990E+03   -0.9990E+03   -0.9990E+03   -0.9990E+03   -0.9990E+03   -0.9990E+03   -0.9990E+03   -0.9990E+03   -0.9990E+03   -0.9990E+03   -0.9990E+03   -0.9990E+03   -0.9990E+03   -0.9990E+03   -0.9990E+03   -0.9990E+03   -0.9990E+03   -0.9990E+03   -0.9990E+03   -0.9990E+03   -0.9990E+03   -0.9990E+03   -0.9990E+03   -0.9990E+03   -0.9990E+03
   -0.9990E+03   -0.9990E+03   -0.9990E+03   -0.9990E+03   -0.9990E+03   -0.9990E+03   -0.9990E+03   -0.9990E+03   -0.9990E+03   -0.9990E+03   -0.9990E+03   -0.9990E+03   -0.9990E+03   -0.9990E+03   -0.9990E+03   -0.9990E+03   -0.9990E+03   -0.9990E+03   -0.9990E+03   -0.9990E+03   -0.9990E+03   -0.9990E+03   -0.9990E+03   -0.9990E+03   -0.9990E+03   -0.9990E+03   -0.9990E+03   -0.9990E+03   -0.9990E+03   -0.9990E+03   -0.9990E+03   -0.9990E+03   -0.9990E+03   -0.9990E+03   -0.9990E+03   -0.9990E+03   -0.9990E+03   -0.9990E+03   -0.9990E+03   -0.9990E+03   -0.9990E+03   -0.9990E+03   -0.9990E+03   -0.9990E+03   -0.9990E+03   -0.9990E+03   -0.9990E+03   -0.9990E+03   -0.9990E+03   -0.9990E+03   -0.9990E+03   -0.9990E+03   -0.9990E+03   -0.9990E+03   -0.9990E+03   -0.9990E+03   -0.9990E+03   -0.9990E+03   -0.9990E+03   -0.9990E+03   -0.9990E+03   -0.9990E+03   -0.9990E+03   -0.9990E+03   -0.9990E+03   -0.9990E+03   -0.9990E+03   -0.9990E+03   -0.9990E+03   -0.9990E+03   -0.9990E+03   -0.9990E+03   -0.9990E+03   -0.9990E+03   -0.9990E+03   -0.9990E+03
   -0.9990E+03   -0.9990E+03   -0.9990E+03   -0.9990E+03   -0.9990E+03   -0.9990E+03   -0.9990E+03   -0.9990E+03   -0.9990E+03   -0.9990E+03   -0.9990E+03   -0.9990E+03   -0.9990E+03   -0.9990E+03   -0.9990E+03   -0.9990E+03   -0.9990E+03   -0.9990E+03   -0.9990E+03   -0.9990E+03   -0.9990E+03   -0.9990E+03   -0.9990E+03   -0.9990E+03   -0.9990E+03   -0.9990E+03   -0.9990E+03   -0.9990E+03   -0.9990E+03   -0.9990E+03   -0.9990E+03   -0.9990E+03   -0.9990E+03   -0.9990E+03   -0.9990E+03   -0.9990E+03   -0.9990E+03   -0.9990E+03   -0.9990E+03   -0.9990E+03   -0.9990E+03   -0.9990E+03   -0.9990E+03   -0.9990E+03   -0.9990E+03   -0.9990E+03   -0.9990E+03   -0.9990E+03   -0.9990E+03   -0.9990E+03   -0.9990E+03   -0.9990E+03   -0.9990E+03   -0.9990E+03   -0.9990E+03   -0.9990E+03   -0.9990E+03   -0.9990E+03   -0.9990E+03   -0.9990E+03   -0.9990E+03   -0.9990E+03   -0.9990E+03   -0.9990E+03   -0.9990E+03   -0.9990E+03   -0.9990E+03   -0.9990E+03   -0.9990E+03   -0.9990E+03   -0.9990E+03   -0.9990E+03   -0.9990E+03   -0.9990E+03   -0.9990E+03   -0.9990E+03
   -0.9990E+03   -0.9990E+03   -0.9990E+03   -0.9990E+03   -0.9990E+03   -0.9990E+03   -0.9990E+03   -0.9990E+03   -0.9990E+03   -0.9990E+03   -0.9990E+03   -0.9990E+03   -0.9990E+03   -0.9990E+03   -0.9990E+03   -0.9990E+03   -0.9990E+03   -0.9990E+03   -0.9990E+03   -0.9990E+03   -0.9990E+03   -0.9990E+03   -0.9990E+03   -0.9990E+03   -0.9990E+03   -0.9990E+03   -0.9990E+03   -0.9990E+03   -0.9990E+03   -0.9990E+03   -0.9990E+03   -0.9990E+03   -0.9990E+03   -0.9990E+03   -0.9990E+03   -0.9990E+03   -0.9990E+03   -0.9990E+03   -0.9990E+03   -0.9990E+03   -0.9990E+03   -0.9990E+03   -0.9990E+03   -0.9990E+03   -0.9990E+03   -0.9990E+03   -0.9990E+03   -0.9990E+03   -0.9990E+03   -0.9990E+03   -0.9990E+03   -0.9990E+03   -0.9990E+03   -0.9990E+03   -0.9990E+03   -0.9990E+03   -0.9990E+03   -0.9990E+03   -0.9990E+03   -0.9990E+03   -0.9990E+03   -0.9990E+03   -0.9990E+03   -0.9990E+03   -0.9990E+03   -0.9990E+03   -0.9990E+03   -0.9990E+03   -0.9990E+03   -0.9990E+03   -0.9990E+03   -0.9990E+03   -0.9990E+03   -0.9990E+03   -0.9990E+03   -0.9990E+03
   -0.9990E+03   -0.9990E+03   -0.9990E+03   -0.9990E+03   -0.9990E+03   -0.9990E+03   -0.9990E+03   -0.9990E+03   -0.9990E+03   -0.9990E+03   -0.9990E+03   -0.9990E+03   -0.9990E+03   -0.9990E+03   -0.9990E+03   -0.9990E+03   -0.9990E+03   -0.9990E+03   -0.9990E+03   -0.9990E+03   -0.9990E+03   -0.9990E+03   -0.9990E+03   -0.9990E+03   -0.9990E+03   -0.9990E+03   -0.9990E+03   -0.9990E+03   -0.9990E+03   -0.9990E+03   -0.9990E+03   -0.9990E+03   -0.9990E+03   -0.9990E+03   -0.9990E+03   -0.9990E+03   -0.9990E+03   -0.9990E+03   -0.9990E+03   -0.9990E+03   -0.9990E+03   -0.9990E+03   -0.9990E+03   -0.9990E+03   -0.9990E+03   -0.9990E+03   -0.9990E+03   -0.9990E+03   -0.9990E+03   -0.9990E+03   -0.9990E+03   -0.9990E+03   -0.9990E+03   -0.9990E+03   -0.9990E+03   -0.9990E+03   -0.9990E+03   -0.9990E+03   -0.9990E+03   -0.9990E+03   -0.9990E+03   -0.9990E+03   -0.9990E+03   -0.9990E+03   -0.9990E+03   -0.9990E+03   -0.9990E+03   -0.9990E+03   -0.9990E+03   -0.9990E+03   -0.9990E+03   -0.9990E+03   -0.9990E+03   -0.9990E+03   -0.9990E+03   -0.9990E+03
   -0.9990E+03   -0.9990E+03   -0.9990E+03   -0.9990E+03   -0.9990E+03   -0.9990E+03   -0.9990E+03   -0.9990E+03   -0.9990E+03   -0.9990E+03   -0.9990E+03   -0.9990E+03   -0.9990E+03   -0.9990E+03   -0.9990E+03   -0.9990E+03   -0.9990E+03   -0.9990E+03   -0.9990E+03   -0.9990E+03   -0.9990E+03   -0.9990E+03   -0.9990E+03   -0.9990E+03   -0.9990E+03   -0.9990E+03   -0.9990E+03   -0.9990E+03   -0.9990E+03   -0.9990E+03   -0.9990E+03   -0.9990E+03   -0.9990E+03   -0.9990E+03   -0.9990E+03   -0.9990E+03   -0.9990E+03   -0.9990E+03   -0.9990E+03   -0.9990E+03   -0.9990E+03   -0.9990E+03   -0.9990E+03   -0.9990E+03   -0.9990E+03   -0.9990E+03   -0.9990E+03   -0.9990E+03   -0.9990E+03   -0.9990E+03   -0.9990E+03   -0.9990E+03   -0.9990E+03   -0.9990E+03   -0.9990E+03   -0.9990E+03   -0.9990E+03   -0.9990E+03   -0.9990E+03   -0.9990E+03   -0.9990E+03   -0.9990E+03   -0.9990E+03   -0.9990E+03   -0.9990E+03   -0.9990E+03   -0.9990E+03   -0.9990E+03   -0.9990E+03   -0.9990E+03   -0.9990E+03   -0.9990E+03   -0.9990E+03   -0.9990E+03   -0.9990E+03   -0.9990E+03
   -0.9990E+03   -0.9990E+03   -0.9990E+03   -0.9990E+03   -0.9990E+03   -0.9990E+03   -0.9990E+03   -0.9990E+03   -0.9990E+03   -0.9990E+03   -0.9990E+03   -0.9990E+03   -0.9990E+03   -0.9990E+03   -0.9990E+03   -0.9990E+03   -0.9990E+03   -0.9990E+03   -0.9990E+03   -0.9990E+03   -0.9990E+03   -0.9990E+03   -0.9990E+03   -0.9990E+03   -0.9990E+03   -0.9990E+03   -0.9990E+03   -0.9990E+03   -0.9990E+03   -0.9990E+03   -0.9990E+03   -0.9990E+03   -0.9990E+03   -0.9990E+03   -0.9990E+03   -0.9990E+03   -0.9990E+03   -0.9990E+03   -0.9990E+03   -0.9990E+03   -0.9990E+03   -0.9990E+03   -0.9990E+03   -0.9990E+03   -0.9990E+03   -0.9990E+03   -0.9990E+03   -0.9990E+03   -0.9990E+03   -0.9990E+03   -0.9990E+03   -0.9990E+03   -0.9990E+03   -0.9990E+03   -0.9990E+03   -0.9990E+03   -0.9990E+03   -0.9990E+03   -0.9990E+03   -0.9990E+03   -0.9990E+03   -0.9990E+03   -0.9990E+03   -0.9990E+03   -0.9990E+03   -0.9990E+03   -0.9990E+03   -0.9990E+03   -0.9990E+03   -0.9990E+03   -0.9990E+03   -0.9990E+03   -0.9990E+03   -0.9990E+03   -0.9990E+03   -0.9990E+03
   -0.9990E+03   -0.9990E+03   -0.9990E+03   -0.9990E+03   -0.9990E+03   -0.9990E+03   -0.9990E+03   -0.9990E+03   -0.9990E+03   -0.9990E+03   -0.9990E+03   -0.9990E+03   -0.9990E+03   -0.9990E+03   -0.9990E+03   -0.9990E+03   -0.9990E+03   -0.9990E+03   -0.9990E+03   -0.9990E+03   -0.9990E+03   -0.9990E+03   -0.9990E+03   -0.9990E+03   -0.9990E+03   -0.9990E+03   -0.9990E+03   -0.9990E+03   -0.9990E+03   -0.9990E+03   -0.9990E+03   -0.9990E+03   -0.9990E+03   -0.9990E+03   -0.9990E+03   -0.9990E+03   -0.9990E+03   -0.9990E+03   -0.9990E+03   -0.9990E+03   -0.9990E+03   -0.9990E+03   -0.9990E+03   -0.9990E+03   -0.9990E+03   -0.9990E+03   -0.9990E+03   -0.9990E+03   -0.9990E+03   -0.9990E+03   -0.9990E+03   -0.9990E+03   -0.9990E+03   -0.9990E+03   -0.9990E+03   -0.9990E+03   -0.9990E+03   -0.9990E+03   -0.9990E+03   -0.9990E+03   -0.9990E+03   -0.9990E+03   -0.9990E+03   -0.9990E+03   -0.9990E+03   -0.9990E+03   -0.9990E+03   -0.9990E+03   -0.9990E+03   -0.9990E+03   -0.9990E+03   -0.9990E+03   -0.9990E+03   -0.9990E+03   -0.9990E+03   -0.9990E+03
   -0.9990E+03   -0.9990E+03   -0.9990E+03   -0.9990E+03   -0.9990E+03   -0.9990E+03   -0.9990E+03   -0.9990E+03   -0.9990E+03   -0.9990E+03   -0.9990E+03   -0.9990E+03   -0.9990E+03   -0.9990E+03   -0.9990E+03   -0.9990E+03   -0.9990E+03   -0.9990E+03   -0.9990E+03   -0.9990E+03   -0.9990E+03   -0.9990E+03   -0.9990E+03   -0.9990E+03   -0.9990E+03   -0.9990E+03   -0.9990E+03   -0.9990E+03   -0.9990E+03   -0.9990E+03   -0.9990E+03   -0.9990E+03   -0.9990E+03   -0.9990E+03   -0.9990E+03   -0.9990E+03   -0.9990E+03   -0.9990E+03   -0.9990E+03   -0.9990E+03   -0.9990E+03   -0.9990E+03   -0.9990E+03   -0.9990E+03   -0.9990E+03   -0.9990E+03   -0.9990E+03   -0.9990E+03   -0.9990E+03   -0.9990E+03   -0.9990E+03   -0.9990E+03   -0.9990E+03    0.5350E+03   -0.9990E+03   -0.9990E+03   -0.9990E+03   -0.9990E+03   -0.9990E+03   -0.9990E+03   -0.9990E+03   -0.9990E+03   -0.9990E+03   -0.9990E+03   -0.9990E+03   -0.9990E+03   -0.9990E+03   -0.9990E+03   -0.9990E+03   -0.9990E+03   -0.9990E+03   -0.9990E+03   -0.9990E+03   -0.9990E+03   -0.9990E+03   -0.9990E+03
   -0.9990E+03   -0.9990E+03   -0.9990E+03   -0.9990E+03   -0.9990E+03   -0.9990E+03   -0.9990E+03   -0.9990E+03   -0.9990E+03   -0.9990E+03   -0.9990E+03   -0.9990E+03   -0.9990E+03   -0.9990E+03   -0.9990E+03   -0.9990E+03   -0.9990E+03   -0.9990E+03   -0.9990E+03   -0.9990E+03   -0.9990E+03   -0.9990E+03   -0.9990E+03   -0.9990E+03   -0.9990E+03   -0.9990E+03   -0.9990E+03   -0.9990E+03   -0.9990E+03   -0.9990E+03   -0.9990E+03   -0.9990E+03   -0.9990E+03   -0.9990E+03   -0.9990E+03   -0.9990E+03   -0.9990E+03   -0.9990E+03   -0.9990E+03   -0.9990E+03   -0.9990E+03   -0.9990E+03   -0.9990E+03   -0.9990E+03    0.4595E+03    0.4030E+03   -0.9990E+03   -0.9990E+03   -0.9990E+03   -0.9990E+03   -0.9990E+03   -0.9990E+03    0.4029E+03    0.3969E+03   -0.9990E+03   -0.9990E+03   -0.9990E+03   -0.9990E+03   -0.9990E+03   -0.9990E+03   -0.9990E+03    0.4910E+03   -0.9990E+03   -0.9990E+03   -0.9990E+03   -0.9990E+03   -0.9990E+03   -0.9990E+03   -0.9990E+03   -0.9990E+03   -0.9990E+03   -0.9990E+03   -0.9990E+03   -0.9990E+03   -0.9990E+03   -0.9990E+03
   -0.9990E+03   -0.9990E+03   -0.9990E+03   -0.9990E+03   -0.9990E+03   -0.9990E+03   -0.9990E+03   -0.9990E+03   -0.9990E+03   -0.9990E+03   -0.9990E+03   -0.9990E+03   -0.9990E+03   -0.9990E+03   -0.9990E+03   -0.9990E+03   -0.9990E+03   -0.9990E+03   -0.9990E+03   -0.9990E+03   -0.9990E+03   -0.9990E+03   -0.9990E+03   -0.9990E+03   -0.9990E+03   -0.9990E+03   -0.9990E+03   -0.9990E+03   -0.9990E+03   -0.9990E+03   -0.9990E+03   -0.9990E+03   -0.9990E+03   -0.9990E+03   -0.9990E+03   -0.9990E+03   -0.9990E+03   -0.9990E+03   -0.9990E+03   -0.9990E+03   -0.9990E+03   -0.9990E+03   -0.9990E+03   -0.9990E+03    0.3995E+03    0.4123E+03    0.3999E+03    0.6787E+03    0.3963E+03    0.3976E+03    0.3957E+03   -0.9990E+03    0.4470E+03    0.3930E+03   -0.9990E+03   -0.9990E+03   -0.9990E+03   -0.9990E+03   -0.9990E+03   -0.9990E+03   -0.9990E+03    0.3804E+03   -0.9990E+03   -0.9990E+03   -0.9990E+03   -0.9990E+03   -0.9990E+03   -0.9990E+03   -0.9990E+03   -0.9990E+03   -0.9990E+03   -0.9990E+03   -0.9990E+03   -0.9990E+03   -0.9990E+03   -0.9990E+03
   -0.9990E+03   -0.9990E+03   -0.9990E+03   -0.9990E+03   -0.9990E+03   -0.9990E+03   -0.9990E+03   -0.9990E+03   -0.9990E+03   -0.9990E+03   -0.9990E+03   -0.9990E+03   -0.9990E+03   -0.9990E+03   -0.9990E+03   -0.9990E+03   -0.9990E+03   -0.9990E+03   -0.9990E+03   -0.9990E+03   -0.9990E+03   -0.9990E+03   -0.9990E+03   -0.9990E+03   -0.9990E+03   -0.9990E+03   -0.9990E+03   -0.9990E+03   -0.9990E+03   -0.9990E+03   -0.9990E+03   -0.9990E+03   -0.9990E+03   -0.9990E+03   -0.9990E+03   -0.9990E+03   -0.9990E+03    0.3870E+03   -0.9990E+03   -0.9990E+03   -0.9990E+03   -0.9990E+03   -0.9990E+03   -0.9990E+03   -0.9990E+03    0.4939E+03    0.4009E+03    0.3958E+03    0.3960E+03    0.3949E+03    0.5050E+03   -0.9990E+03    0.3887E+03    0.3867E+03   -0.9990E+03   -0.9990E+03   -0.9990E+03   -0.9990E+03   -0.9990E+03   -0.9990E+03    0.5299E+03    0.3768E+03   -0.9990E+03   -0.9990E+03   -0.9990E+03   -0.9990E+03   -0.9990E+03   -0.9990E+03   -0.9990E+03   -0.9990E+03   -0.9990E+03   -0.9990E+03   -0.9990E+03   -0.9990E+03   -0.9990E+03   -0.9990E+03
   -0.9990E+03   -0.9990E+03   -0.9990E+03   -0.9990E+03   -0.9990E+03   -0.9990E+03   -0.9990E+03   -0.9990E+03   -0.9990E+03   -0.9990E+03   -0.9990E+03   -0.9990E+03   -0.9990E+03   -0.9990E+03   -0.9990E+03   -0.9990E+03   -0.9990E+03   -0.9990E+03   -0.9990E+03   -0.9990E+03   -0.9990E+03   -0.9990E+03   -0.9990E+03   -0.9990E+03   -0.9990E+03   -0.9990E+03   -0.9990E+03   -0.9990E+03   -0.9990E+03   -0.9990E+03   -0.9990E+03   -0.9990E+03   -0.9990E+03   -0.9990E+03   -0.9990E+03   -0.9990E+03    0.3848E+03    0.3840E+03   -0.9990E+03   -0.9990E+03   -0.9990E+03   -0.9990E+03   -0.9990E+03   -0.9990E+03   -0.9990E+03    0.6861E+03    0.3983E+03    0.3967E+03    0.3940E+03    0.3937E+03    0.3894E+03    0.3831E+03    0.3862E+03   -0.9990E+03   -0.9990E+03   -0.9990E+03   -0.9990E+03   -0.9990E+03   -0.9990E+03   -0.9990E+03   -0.9990E+03   -0.9990E+03   -0.9990E+03   -0.9990E+03   -0.9990E+03   -0.9990E+03   -0.9990E+03   -0.9990E+03   -0.9990E+03   -0.9990E+03   -0.9990E+03   -0.9990E+03   -0.9990E+03   -0.9990E+03   -0.9990E+03   -0.9990E+03
   -0.9990E+03   -0.9990E+03   -0.9990E+03   -0.9990E+03   -0.9990E+03   -0.9990E+03   -0.9990E+03   -0.9990E+03   -0.9990E+03   -0.9990E+03   -0.9990E+03   -0.9990E+03   -0.9990E+03   -0.9990E+03   -0.9990E+03   -0.9990E+03   -0.9990E+03   -0.9990E+03   -0.9990E+03   -0.9990E+03   -0.9990E+03   -0.9990E+03   -0.9990E+03   -0.9990E+03   -0.9990E+03   -0.9990E+03   -0.9990E+03   -0.9990E+03   -0.9990E+03   -0.9990E+03   -0.9990E+03   -0.9990E+03   -0.9990E+03   -0.9990E+03   -0.9990E+03   -0.9990E+03   -0.9990E+03    0.3807E+03   -0.9990E+03   -0.9990E+03    0.4036E+03    0.3914E+03   -0.9990E+03   -0.9990E+03    0.5757E+03    0.3953E+03    0.3950E+03    0.3961E+03    0.3931E+03    0.3890E+03    0.3878E+03    0.3849E+03    0.6546E+03   -0.9990E+03   -0.9990E+03   -0.9990E+03   -0.9990E+03   -0.9990E+03   -0.9990E+03   -0.9990E+03   -0.9990E+03   -0.9990E+03   -0.9990E+03   -0.9990E+03   -0.9990E+03   -0.9990E+03   -0.9990E+03   -0.9990E+03   -0.9990E+03   -0.9990E+03   -0.9990E+03   -0.9990E+03   -0.9990E+03   -0.9990E+03   -0.9990E+03   -0.9990E+03
   -0.9990E+03   -0.9990E+03   -0.9990E+03   -0.9990E+03   -0.9990E+03   -0.9990E+03   -0.9990E+03   -0.9990E+03   -0.9990E+03   -0.9990E+03   -0.9990E+03   -0.9990E+03   -0.9990E+03   -0.9990E+03   -0.9990E+03   -0.9990E+03   -0.9990E+03   -0.9990E+03   -0.9990E+03   -0.9990E+03   -0.9990E+03   -0.9990E+03   -0.9990E+03   -0.9990E+03   -0.9990E+03   -0.9990E+03   -0.9990E+03   -0.9990E+03   -0.9990E+03   -0.9990E+03   -0.9990E+03   -0.9990E+03   -0.9990E+03   -0.9990E+03   -0.9990E+03   -0.9990E+03   -0.9990E+03    0.4038E+03   -0.9990E+03    0.5969E+03    0.3852E+03    0.3920E+03    0.3916E+03    0.3948E+03    0.3965E+03    0.3968E+03    0.3931E+03    0.3939E+03    0.3908E+03    0.3851E+03    0.3799E+03    0.3775E+03    0.3742E+03   -0.9990E+03    0.3615E+03   -0.9990E+03   -0.9990E+03   -0.9990E+03   -0.9990E+03   -0.9990E+03   -0.9990E+03   -0.9990E+03   -0.9990E+03   -0.9990E+03   -0.9990E+03   -0.9990E+03   -0.9990E+03   -0.9990E+03   -0.9990E+03   -0.9990E+03   -0.9990E+03   -0.9990E+03   -0.9990E+03   -0.9990E+03   -0.9990E+03   -0.9990E+03
   -0.9990E+03   -0.9990E+03   -0.9990E+03   -0.9990E+03   -0.9990E+03   -0.9990E+03   -0.9990E+03   -0.9990E+03   -0.9990E+03   -0.9990E+03   -0.9990E+03   -0.9990E+03   -0.9990E+03   -0.9990E+03   -0.9990E+03   -0.9990E+03   -0.9990E+03   -0.9990E+03   -0.9990E+03   -0.9990E+03   -0.9990E+03   -0.9990E+03   -0.9990E+03   -0.9990E+03   -0.9990E+03   -0.9990E+03   -0.9990E+03   -0.9990E+03   -0.9990E+03   -0.9990E+03   -0.9990E+03   -0.9990E+03   -0.9990E+03   -0.9990E+03   -0.9990E+03   -0.9990E+03   -0.9990E+03   -0.9990E+03   -0.9990E+03   -0.9990E+03    0.4702E+03    0.4323E+03    0.6709E+03    0.6805E+03    0.4041E+03    0.3980E+03    0.3941E+03    0.3917E+03    0.3843E+03    0.3773E+03    0.3697E+03    0.3694E+03    0.3626E+03    0.5821E+03    0.3599E+03    0.5024E+03   -0.9990E+03    0.3571E+03   -0.9990E+03   -0.9990E+03   -0.9990E+03   -0.9990E+03   -0.9990E+03   -0.9990E+03   -0.9990E+03   -0.9990E+03   -0.9990E+03   -0.9990E+03   -0.9990E+03   -0.9990E+03   -0.9990E+03   -0.9990E+03   -0.9990E+03   -0.9990E+03   -0.9990E+03   -0.9990E+03
   -0.9990E+03   -0.9990E+03   -0.9990E+03   -0.9990E+03   -0.9990E+03   -0.9990E+03   -0.9990E+03   -0.9990E+03   -0.9990E+03   -0.9990E+03   -0.9990E+03   -0.9990E+03   -0.9990E+03   -0.9990E+03   -0.9990E+03   -0.9990E+03   -0.9990E+03   -0.9990E+03   -0.9990E+03   -0.9990E+03   -0.9990E+03   -0.9990E+03   -0.9990E+03   -0.9990E+03   -0.9990E+03   -0.9990E+03   -0.9990E+03   -0.9990E+03   -0.9990E+03   -0.9990E+03   -0.9990E+03   -0.9990E+03   -0.9990E+03   -0.9990E+03   -0.9990E+03   -0.9990E+03   -0.9990E+03   -0.9990E+03   -0.9990E+03   -0.9990E+03   -0.9990E+03   -0.9990E+03   -0.9990E+03    0.6233E+03    0.3952E+03    0.3991E+03    0.3950E+03    0.3834E+03    0.3766E+03    0.3678E+03    0.3627E+03    0.3595E+03    0.3530E+03   -0.9990E+03    0.5418E+03   -0.9990E+03    0.3469E+03    0.3476E+03    0.5574E+03   -0.9990E+03   -0.9990E+03   -0.9990E+03   -0.9990E+03   -0.9990E+03   -0.9990E+03   -0.9990E+03   -0.9990E+03   -0.9990E+03   -0.9990E+03   -0.9990E+03   -0.9990E+03   -0.9990E+03   -0.9990E+03   -0.9990E+03   -0.9990E+03   -0.9990E+03
   -0.9990E+03   -0.9990E+03   -0.9990E+03   -0.9990E+03   -0.9990E+03   -0.9990E+03   -0.9990E+03   -0.9990E+03   -0.9990E+03   -0.9990E+03   -0.9990E+03   -0.9990E+03   -0.9990E+03   -0.9990E+03   -0.9990E+03   -0.9990E+03   -0.9990E+03   -0.9990E+03   -0.9990E+03   -0.9990E+03   -0.9990E+03   -0.9990E+03   -0.9990E+03   -0.9990E+03   -0.9990E+03   -0.9990E+03   -0.9990E+03   -0.9990E+03   -0.9990E+03   -0.9990E+03   -0.9990E+03   -0.9990E+03   -0.9990E+03   -0.9990E+03   -0.9990E+03   -0.9990E+03    0.3508E+03   -0.9990E+03   -0.9990E+03   -0.9990E+03   -0.9990E+03   -0.9990E+03    0.5495E+03    0.3754E+03    0.3862E+03    0.3974E+03    0.3857E+03    0.3705E+03    0.3632E+03    0.3503E+03    0.3453E+03    0.3403E+03    0.3365E+03    0.3375E+03    0.3382E+03    0.3408E+03    0.3392E+03    0.3345E+03    0.3296E+03   -0.9990E+03   -0.9990E+03   -0.9990E+03   -0.9990E+03   -0.9990E+03   -0.9990E+03   -0.9990E+03   -0.9990E+03   -0.9990E+03   -0.9990E+03   -0.9990E+03   -0.9990E+03   -0.9990E+03   -0.9990E+03   -0.9990E+03   -0.9990E+03   -0.9990E+03
   -0.9990E+03   -0.9990E+03   -0.9990E+03   -0.9990E+03   -0.9990E+03   -0.9990E+03   -0.9990E+03   -0.9990E+03   -0.9990E+03   -0.9990E+03   -0.9990E+03   -0.9990E+03   -0.9990E+03   -0.9990E+03   -0.9990E+03   -0.9990E+03   -0.9990E+03   -0.9990E+03   -0.9990E+03   -0.9990E+03   -0.9990E+03   -0.9990E+03   -0.9990E+03   -0.9990E+03   -0.9990E+03   -0.9990E+03   -0.9990E+03   -0.9990E+03   -0.9990E+03   -0.9990E+03   -0.9990E+03   -0.9990E+03   -0.9990E+03   -0.9990E+03   -0.9990E+03    0.3586E+03    0.3386E+03   -0.9990E+03   -0.9990E+03   -0.9990E+03   -0.9990E+03   -0.9990E+03   -0.9990E+03    0.3602E+03    0.3648E+03    0.3689E+03    0.3646E+03    0.3526E+03    0.3457E+03    0.3338E+03    0.3259E+03    0.3236E+03    0.3262E+03    0.3243E+03    0.3231E+03    0.3237E+03    0.3202E+03    0.3173E+03    0.3133E+03   -0.9990E+03   -0.9990E+03   -0.9990E+03   -0.9990E+03   -0.9990E+03   -0.9990E+03   -0.9990E+03   -0.9990E+03   -0.9990E+03   -0.9990E+03   -0.9990E+03   -0.9990E+03   -0.9990E+03   -0.9990E+03   -0.9990E+03   -0.9990E+03   -0.9990E+03
   -0.9990E+03   -0.9990E+03   -0.9990E+03   -0.9990E+03   -0.9990E+03   -0.9990E+03   -0.9990E+03   -0.9990E+03   -0.9990E+03   -0.9990E+03   -0.9990E+03   -0.9990E+03   -0.9990E+03   -0.9990E+03   -0.9990E+03   -0.9990E+03   -0.9990E+03   -0.9990E+03   -0.9990E+03   -0.9990E+03   -0.9990E+03   -0.9990E+03   -0.9990E+03   -0.9990E+03   -0.9990E+03   -0.9990E+03   -0.9990E+03   -0.9990E+03   -0.9990E+03   -0.9990E+03   -0.9990E+03   -0.9990E+03   -0.9990E+03   -0.9990E+03   -0.9990E+03    0.3272E+03   -0.9990E+03   -0.9990E+03   -0.9990E+03   -0.9990E+03   -0.9990E+03   -0.9990E+03   -0.9990E+03    0.3359E+03    0.3411E+03    0.3420E+03    0.3374E+03    0.3284E+03    0.3223E+03    0.3166E+03    0.3112E+03    0.3095E+03    0.3026E+03    0.2997E+03    0.2998E+03    0.2993E+03    0.2948E+03    0.2931E+03    0.2988E+03    0.2958E+03   -0.9990E+03   -0.9990E+03   -0.9990E+03   -0.9990E+03   -0.9990E+03   -0.9990E+03   -0.9990E+03   -0.9990E+03   -0.9990E+03   -0.9990E+03   -0.9990E+03   -0.9990E+03   -0.9990E+03   -0.9990E+03   -0.9990E+03   -0.9990E+03
   -0.9990E+03   -0.9990E+03   -0.9990E+03   -0.9990E+03   -0.9990E+03   -0.9990E+03   -0.9990E+03   -0.9990E+03   -0.9990E+03   -0.9990E+03   -0.9990E+03   -0.9990E+03   -0.9990E+03   -0.9990E+03   -0.9990E+03   -0.9990E+03   -0.9990E+03   -0.9990E+03   -0.9990E+03   -0.9990E+03   -0.9990E+03   -0.9990E+03   -0.9990E+03   -0.9990E+03   -0.9990E+03   -0.9990E+03   -0.9990E+03   -0.9990E+03   -0.9990E+03   -0.9990E+03   -0.9990E+03   -0.9990E+03   -0.9990E+03   -0.9990E+03    0.3082E+03    0.2986E+03   -0.9990E+03   -0.9990E+03   -0.9990E+03   -0.9990E+03   -0.9990E+03   -0.9990E+03   -0.9990E+03   -0.9990E+03    0.4970E+03    0.3138E+03    0.3110E+03    0.3053E+03    0.2978E+03    0.2963E+03    0.2887E+03    0.2823E+03    0.2777E+03    0.2754E+03    0.2736E+03    0.2747E+03    0.4461E+03    0.4323E+03    0.3773E+03    0.2780E+03   -0.9990E+03   -0.9990E+03   -0.9990E+03   -0.9990E+03   -0.9990E+03   -0.9990E+03   -0.9990E+03   -0.9990E+03   -0.9990E+03   -0.9990E+03   -0.9990E+03   -0.9990E+03   -0.9990E+03   -0.9990E+03   -0.9990E+03   -0.9990E+03
   -0.9990E+03   -0.9990E+03   -0.9990E+03   -0.9990E+03   -0.9990E+03   -0.9990E+03   -0.9990E+03   -0.9990E+03   -0.9990E+03   -0.9990E+03   -0.9990E+03   -0.9990E+03   -0.9990E+03   -0.9990E+03   -0.9990E+03   -0.9990E+03   -0.9990E+03   -0.9990E+03   -0.9990E+03   -0.9990E+03   -0.9990E+03   -0.9990E+03   -0.9990E+03   -0.9990E+03   -0.9990E+03   -0.9990E+03   -0.9990E+03   -0.9990E+03   -0.9990E+03   -0.9990E+03   -0.9990E+03   -0.9990E+03   -0.9990E+03   -0.9990E+03   -0.9990E+03    0.3119E+03   -0.9990E+03   -0.9990E+03   -0.9990E+03   -0.9990E+03   -0.9990E+03   -0.9990E+03   -0.9990E+03   -0.9990E+03   -0.9990E+03    0.2871E+03    0.2848E+03    0.2800E+03    0.2772E+03    0.2694E+03    0.2623E+03    0.2596E+03    0.2572E+03    0.2538E+03    0.2520E+03    0.2516E+03    0.2502E+03    0.2530E+03    0.4213E+03   -0.9990E+03   -0.9990E+03   -0.9990E+03   -0.9990E+03   -0.9990E+03   -0.9990E+03   -0.9990E+03   -0.9990E+03   -0.9990E+03   -0.9990E+03   -0.9990E+03   -0.9990E+03   -0.9990E+03   -0.9990E+03   -0.9990E+03   -0.9990E+03   -0.9990E+03
   -0.9990E+03   -0.9990E+03   -0.9990E+03   -0.9990E+03   -0.9990E+03   -0.9990E+03   -0.9990E+03   -0.9990E+03   -0.9990E+03   -0.9990E+03   -0.9990E+03   -0.9990E+03   -0.9990E+03   -0.9990E+03   -0.9990E+03   -0.9990E+03   -0.9990E+03   -0.9990E+03   -0.9990E+03   -0.9990E+03   -0.9990E+03   -0.9990E+03   -0.9990E+03   -0.9990E+03   -0.9990E+03   -0.9990E+03   -0.9990E+03   -0.9990E+03   -0.9990E+03   -0.9990E+03   -0.9990E+03   -0.9990E+03   -0.9990E+03   -0.9990E+03   -0.9990E+03   -0.9990E+03   -0.9990E+03   -0.9990E+03   -0.9990E+03   -0.9990E+03   -0.9990E+03   -0.9990E+03   -0.9990E+03   -0.9990E+03    0.2619E+03    0.2615E+03    0.2593E+03    0.2552E+03    0.2509E+03    0.2474E+03    0.2418E+03    0.2368E+03    0.2327E+03    0.2308E+03    0.2286E+03    0.2274E+03    0.2282E+03    0.3308E+03   -0.9990E+03   -0.9990E+03   -0.9990E+03   -0.9990E+03   -0.9990E+03   -0.9990E+03   -0.9990E+03   -0.9990E+03   -0.9990E+03   -0.9990E+03   -0.9990E+03   -0.9990E+03   -0.9990E+03   -0.9990E+03   -0.9990E+03   -0.9990E+03   -0.9990E+03   -0.9990E+03
   -0.9990E+03   -0.9990E+03   -0.9990E+03   -0.9990E+03   -0.9990E+03   -0.9990E+03   -0.9990E+03   -0.9990E+03   -0.9990E+03   -0.9990E+03   -0.9990E+03   -0.9990E+03   -0.9990E+03   -0.9990E+03   -0.9990E+03   -0.9990E+03   -0.9990E+03   -0.9990E+03   -0.9990E+03   -0.9990E+03   -0.9990E+03   -0.9990E+03   -0.9990E+03   -0.9990E+03   -0.9990E+03   -0.9990E+03   -0.9990E+03   -0.9990E+03   -0.9990E+03   -0.9990E+03   -0.9990E+03   -0.9990E+03   -0.9990E+03    0.2401E+03    0.2395E+03   -0.9990E+03   -0.9990E+03   -0.9990E+03   -0.9990E+03   -0.9990E+03   -0.9990E+03   -0.9990E+03   -0.9990E+03   -0.9990E+03    0.2377E+03    0.2363E+03    0.2338E+03    0.2301E+03    0.2299E+03    0.2241E+03    0.2177E+03    0.2135E+03    0.2087E+03    0.2053E+03    0.2021E+03    0.2021E+03    0.2038E+03    0.2068E+03    0.3663E+03   -0.9990E+03   -0.9990E+03   -0.9990E+03   -0.9990E+03   -0.9990E+03   -0.9990E+03   -0.9990E+03   -0.9990E+03   -0.9990E+03   -0.9990E+03   -0.9990E+03   -0.9990E+03   -0.9990E+03   -0.9990E+03   -0.9990E+03   -0.9990E+03   -0.9990E+03
   -0.9990E+03   -0.9990E+03   -0.9990E+03   -0.9990E+03   -0.9990E+03   -0.9990E+03   -0.9990E+03   -0.9990E+03   -0.9990E+03   -0.9990E+03   -0.9990E+03   -0.9990E+03   -0.9990E+03   -0.9990E+03   -0.9990E+03   -0.9990E+03   -0.9990E+03   -0.9990E+03   -0.9990E+03   -0.9990E+03   -0.9990E+03   -0.9990E+03   -0.9990E+03   -0.9990E+03   -0.9990E+03   -0.9990E+03   -0.9990E+03   -0.9990E+03   -0.9990E+03   -0.9990E+03   -0.9990E+03   -0.9990E+03   -0.9990E+03   -0.9990E+03    0.2440E+03   -0.9990E+03   -0.9990E+03   -0.9990E+03   -0.9990E+03   -0.9990E+03   -0.9990E+03   -0.9990E+03   -0.9990E+03    0.2808E+03    0.2140E+03    0.2112E+03    0.2092E+03    0.2062E+03    0.2058E+03    0.2011E+03    0.1973E+03    0.1922E+03    0.1868E+03    0.1804E+03    0.1766E+03    0.1755E+03    0.1777E+03    0.1843E+03    0.1911E+03    0.2000E+03    0.3403E+03   -0.9990E+03   -0.9990E+03   -0.9990E+03   -0.9990E+03   -0.9990E+03   -0.9990E+03   -0.9990E+03   -0.9990E+03   -0.9990E+03   -0.9990E+03   -0.9990E+03   -0.9990E+03   -0.9990E+03   -0.9990E+03   -0.9990E+03
   -0.9990E+03   -0.9990E+03   -0.9990E+03   -0.9990E+03   -0.9990E+03   -0.9990E+03   -0.9990E+03   -0.9990E+03   -0.9990E+03   -0.9990E+03   -0.9990E+03   -0.9990E+03   -0.9990E+03   -0.9990E+03   -0.9990E+03   -0.9990E+03   -0.9990E+03   -0.9990E+03   -0.9990E+03   -0.9990E+03   -0.9990E+03   -0.9990E+03   -0.9990E+03   -0.9990E+03   -0.9990E+03   -0.9990E+03   -0.9990E+03   -0.9990E+03   -0.9990E+03   -0.9990E+03   -0.9990E+03   -0.9990E+03   -0.9990E+03   -0.9990E+03   -0.9990E+03   -0.9990E+03   -0.9990E+03   -0.9990E+03   -0.9990E+03   -0.9990E+03    0.2720E+03    0.2003E+03   -0.9990E+03    0.1937E+03    0.1910E+03    0.1866E+03    0.1847E+03    0.1828E+03    0.1827E+03    0.1800E+03    0.1734E+03    0.1684E+03    0.1622E+03    0.1556E+03    0.1490E+03    0.1467E+03    0.1523E+03    0.1605E+03    0.1700E+03    0.1797E+03    0.1901E+03    0.1977E+03    0.3412E+03   -0.9990E+03   -0.9990E+03   -0.9990E+03   -0.9990E+03   -0.9990E+03   -0.9990E+03   -0.9990E+03   -0.9990E+03   -0.9990E+03   -0.9990E+03   -0.9990E+03   -0.9990E+03   -0.9990E+03
   -0.9990E+03   -0.9990E+03   -0.9990E+03   -0.9990E+03   -0.9990E+03   -0.9990E+03   -0.9990E+03   -0.9990E+03   -0.9990E+03   -0.9990E+03   -0.9990E+03   -0.9990E+03   -0.9990E+03   -0.9990E+03   -0.9990E+03   -0.9990E+03   -0.9990E+03   -0.9990E+03   -0.9990E+03   -0.9990E+03   -0.9990E+03   -0.9990E+03   -0.9990E+03   -0.9990E+03   -0.9990E+03   -0.9990E+03   -0.9990E+03   -0.9990E+03   -0.9990E+03   -0.9990E+03   -0.9990E+03   -0.9990E+03   -0.9990E+03   -0.9990E+03   -0.9990E+03   -0.9990E+03   -0.9990E+03   -0.9990E+03   -0.9990E+03   -0.9990E+03   -0.9990E+03    0.3059E+03    0.1790E+03    0.1724E+03    0.1671E+03    0.1618E+03    0.1611E+03    0.1609E+03    0.1628E+03    0.1587E+03    0.1546E+03    0.1490E+03    0.1413E+03    0.1312E+03    0.1222E+03    0.1178E+03    0.1257E+03    0.1375E+03    0.1512E+03    0.1623E+03    0.1742E+03    0.1824E+03    0.1935E+03   -0.9990E+03   -0.9990E+03   -0.9990E+03   -0.9990E+03   -0.9990E+03   -0.9990E+03   -0.9990E+03   -0.9990E+03   -0.9990E+03   -0.9990E+03   -0.9990E+03   -0.9990E+03   -0.9990E+03
   -0.9990E+03   -0.9990E+03   -0.9990E+03   -0.9990E+03   -0.9990E+03   -0.9990E+03   -0.9990E+03   -0.9990E+03   -0.9990E+03   -0.9990E+03   -0.9990E+03   -0.9990E+03   -0.9990E+03   -0.9990E+03   -0.9990E+03   -0.9990E+03   -0.9990E+03   -0.9990E+03   -0.9990E+03   -0.9990E+03   -0.9990E+03   -0.9990E+03   -0.9990E+03   -0.9990E+03   -0.9990E+03   -0.9990E+03   -0.9990E+03   -0.9990E+03   -0.9990E+03   -0.9990E+03   -0.9990E+03   -0.9990E+03   -0.9990E+03   -0.9990E+03   -0.9990E+03   -0.9990E+03   -0.9990E+03   -0.9990E+03   -0.9990E+03   -0.9990E+03    0.2734E+03    0.2744E+03    0.1623E+03    0.1553E+03    0.1474E+03    0.1364E+03    0.1412E+03    0.1439E+03    0.1454E+03    0.1408E+03    0.1382E+03    0.1327E+03    0.1243E+03    0.1139E+03    0.1017E+03    0.8583E+02    0.1045E+03    0.1211E+03    0.1361E+03    0.1484E+03    0.1607E+03    0.1688E+03    0.1781E+03   -0.9990E+03   -0.9990E+03   -0.9990E+03   -0.9990E+03   -0.9990E+03   -0.9990E+03   -0.9990E+03   -0.9990E+03   -0.9990E+03   -0.9990E+03   -0.9990E+03   -0.9990E+03   -0.9990E+03
   -0.9990E+03   -0.9990E+03   -0.9990E+03   -0.9990E+03   -0.9990E+03   -0.9990E+03   -0.9990E+03   -0.9990E+03   -0.9990E+03   -0.9990E+03   -0.9990E+03   -0.9990E+03   -0.9990E+03   -0.9990E+03   -0.9990E+03   -0.9990E+03   -0.9990E+03   -0.9990E+03   -0.9990E+03   -0.9990E+03   -0.9990E+03   -0.9990E+03   -0.9990E+03   -0.9990E+03   -0.9990E+03   -0.9990E+03   -0.9990E+03   -0.9990E+03   -0.9990E+03   -0.9990E+03   -0.9990E+03   -0.9990E+03   -0.9990E+03   -0.9990E+03   -0.9990E+03   -0.9990E+03   -0.9990E+03   -0.9990E+03   -0.9990E+03   -0.9990E+03   -0.9990E+03    0.2401E+03    0.1509E+03    0.1439E+03    0.1371E+03    0.1323E+03    0.1298E+03    0.1307E+03    0.1315E+03    0.1286E+03    0.1249E+03    0.1188E+03    0.1118E+03    0.1026E+03    0.9298E+02    0.9034E+02    0.9714E+02    0.1111E+03    0.1252E+03    0.1381E+03    0.1479E+03    0.1575E+03    0.1675E+03    0.2858E+03   -0.9990E+03   -0.9990E+03   -0.9990E+03   -0.9990E+03   -0.9990E+03   -0.9990E+03   -0.9990E+03   -0.9990E+03   -0.9990E+03   -0.9990E+03   -0.9990E+03   -0.9990E+03
   -0.9990E+03   -0.9990E+03   -0.9990E+03   -0.9990E+03   -0.9990E+03   -0.9990E+03   -0.9990E+03   -0.9990E+03   -0.9990E+03   -0.9990E+03   -0.9990E+03   -0.9990E+03   -0.9990E+03   -0.9990E+03   -0.9990E+03   -0.9990E+03   -0.9990E+03   -0.9990E+03   -0.9990E+03   -0.9990E+03   -0.9990E+03   -0.9990E+03   -0.9990E+03   -0.9990E+03   -0.9990E+03   -0.9990E+03   -0.9990E+03   -0.9990E+03   -0.9990E+03   -0.9990E+03   -0.9990E+03   -0.9990E+03   -0.9990E+03   -0.9990E+03   -0.9990E+03   -0.9990E+03   -0.9990E+03   -0.9990E+03   -0.9990E+03   -0.9990E+03   -0.9990E+03   -0.9990E+03    0.1479E+03    0.1360E+03    0.1324E+03    0.1286E+03    0.1243E+03    0.1219E+03    0.1199E+03    0.1181E+03    0.1145E+03    0.1095E+03    0.1033E+03    0.9628E+02    0.9242E+02    0.9350E+02    0.9743E+02    0.1059E+03    0.1181E+03    0.1285E+03    0.1384E+03    0.1491E+03    0.1615E+03   -0.9990E+03   -0.9990E+03   -0.9990E+03   -0.9990E+03   -0.9990E+03   -0.9990E+03   -0.9990E+03   -0.9990E+03   -0.9990E+03   -0.9990E+03   -0.9990E+03   -0.9990E+03   -0.9990E+03
   -0.9990E+03   -0.9990E+03   -0.9990E+03   -0.9990E+03   -0.9990E+03   -0.9990E+03   -0.9990E+03   -0.9990E+03   -0.9990E+03   -0.9990E+03   -0.9990E+03   -0.9990E+03   -0.9990E+03   -0.9990E+03   -0.9990E+03   -0.9990E+03   -0.9990E+03   -0.9990E+03   -0.9990E+03   -0.9990E+03   -0.9990E+03   -0.9990E+03   -0.9990E+03   -0.9990E+03   -0.9990E+03   -0.9990E+03   -0.9990E+03   -0.9990E+03   -0.9990E+03   -0.9990E+03   -0.9990E+03   -0.9990E+03   -0.9990E+03   -0.9990E+03   -0.9990E+03   -0.9990E+03   -0.9990E+03   -0.9990E+03   -0.9990E+03   -0.9990E+03   -0.9990E+03   -0.9990E+03   -0.9990E+03    0.1316E+03    0.1287E+03    0.1252E+03    0.1207E+03    0.1168E+03    0.1128E+03    0.1095E+03    0.1059E+03    0.1022E+03    0.9706E+02    0.9419E+02    0.9357E+02    0.9464E+02    0.9884E+02    0.1055E+03    0.1130E+03    0.1226E+03    0.1331E+03    0.1432E+03   -0.9990E+03   -0.9990E+03   -0.9990E+03   -0.9990E+03   -0.9990E+03   -0.9990E+03   -0.9990E+03   -0.9990E+03   -0.9990E+03   -0.9990E+03   -0.9990E+03   -0.9990E+03   -0.9990E+03   -0.9990E+03
   -0.9990E+03   -0.9990E+03   -0.9990E+03   -0.9990E+03   -0.9990E+03   -0.9990E+03   -0.9990E+03   -0.9990E+03   -0.9990E+03   -0.9990E+03   -0.9990E+03   -0.9990E+03   -0.9990E+03   -0.9990E+03   -0.9990E+03   -0.9990E+03   -0.9990E+03   -0.9990E+03   -0.9990E+03   -0.9990E+03   -0.9990E+03   -0.9990E+03   -0.9990E+03   -0.9990E+03   -0.9990E+03   -0.9990E+03   -0.9990E+03   -0.9990E+03   -0.9990E+03   -0.9990E+03   -0.9990E+03   -0.9990E+03   -0.9990E+03   -0.9990E+03   -0.9990E+03   -0.9990E+03   -0.9990E+03   -0.9990E+03   -0.9990E+03   -0.9990E+03   -0.9990E+03   -0.9990E+03   -0.9990E+03    0.1289E+03    0.1257E+03    0.1216E+03    0.1175E+03    0.1131E+03    0.1086E+03    0.1046E+03    0.1010E+03    0.9713E+02    0.9436E+02    0.9312E+02    0.9318E+02    0.9501E+02    0.9923E+02    0.1051E+03    0.1124E+03    0.1215E+03    0.1294E+03   -0.9990E+03   -0.9990E+03   -0.9990E+03   -0.9990E+03   -0.9990E+03   -0.9990E+03   -0.9990E+03   -0.9990E+03   -0.9990E+03   -0.9990E+03   -0.9990E+03   -0.9990E+03   -0.9990E+03   -0.9990E+03   -0.9990E+03
   -0.9990E+03   -0.9990E+03   -0.9990E+03   -0.9990E+03   -0.9990E+03   -0.9990E+03   -0.9990E+03   -0.9990E+03   -0.9990E+03   -0.9990E+03   -0.9990E+03   -0.9990E+03   -0.9990E+03   -0.9990E+03   -0.9990E+03   -0.9990E+03   -0.9990E+03   -0.9990E+03   -0.9990E+03   -0.9990E+03   -0.9990E+03   -0.9990E+03   -0.9990E+03   -0.9990E+03   -0.9990E+03   -0.9990E+03   -0.9990E+03   -0.9990E+03   -0.9990E+03   -0.9990E+03   -0.9990E+03   -0.9990E+03   -0.9990E+03   -0.9990E+03   -0.9990E+03   -0.9990E+03   -0.9990E+03   -0.9990E+03    0.2003E+03    0.1448E+03   -0.9990E+03    0.1452E+03    0.1312E+03    0.1262E+03    0.1227E+03    0.1180E+03    0.1139E+03    0.1096E+03    0.1055E+03    0.1019E+03    0.9891E+02    0.9586E+02    0.9332E+02    0.9217E+02    0.9223E+02    0.9458E+02    0.9835E+02    0.1040E+03    0.1113E+03    0.1180E+03    0.1267E+03   -0.9990E+03   -0.9990E+03   -0.9990E+03   -0.9990E+03   -0.9990E+03   -0.9990E+03   -0.9990E+03   -0.9990E+03   -0.9990E+03   -0.9990E+03   -0.9990E+03   -0.9990E+03   -0.9990E+03   -0.9990E+03   -0.9990E+03
   -0.9990E+03   -0.9990E+03   -0.9990E+03   -0.9990E+03   -0.9990E+03   -0.9990E+03   -0.9990E+03   -0.9990E+03   -0.9990E+03   -0.9990E+03   -0.9990E+03   -0.9990E+03   -0.9990E+03   -0.9990E+03   -0.9990E+03   -0.9990E+03   -0.9990E+03   -0.9990E+03   -0.9990E+03   -0.9990E+03   -0.9990E+03   -0.9990E+03   -0.9990E+03   -0.9990E+03   -0.9990E+03   -0.9990E+03   -0.9990E+03   -0.9990E+03   -0.9990E+03   -0.9990E+03   -0.9990E+03   -0.9990E+03   -0.9990E+03   -0.9990E+03   -0.9990E+03   -0.9990E+03   -0.9990E+03   -0.9990E+03   -0.9990E+03    0.1880E+03   -0.9990E+03    0.1355E+03    0.1290E+03    0.1239E+03    0.1189E+03    0.1144E+03    0.1101E+03    0.1063E+03    0.1024E+03    0.9913E+02    0.9641E+02    0.9362E+02    0.9130E+02    0.9001E+02    0.9022E+02    0.9248E+02    0.9658E+02    0.1022E+03    0.1083E+03    0.1166E+03    0.1250E+03   -0.9990E+03   -0.9990E+03   -0.9990E+03   -0.9990E+03   -0.9990E+03   -0.9990E+03   -0.9990E+03   -0.9990E+03   -0.9990E+03   -0.9990E+03   -0.9990E+03   -0.9990E+03   -0.9990E+03   -0.9990E+03   -0.9990E+03
   -0.9990E+03   -0.9990E+03   -0.9990E+03   -0.9990E+03   -0.9990E+03   -0.9990E+03   -0.9990E+03   -0.9990E+03   -0.9990E+03   -0.9990E+03   -0.9990E+03   -0.9990E+03   -0.9990E+03   -0.9990E+03   -0.9990E+03   -0.9990E+03   -0.9990E+03   -0.9990E+03   -0.9990E+03   -0.9990E+03   -0.9990E+03   -0.9990E+03   -0.9990E+03   -0.9990E+03   -0.9990E+03   -0.9990E+03   -0.9990E+03   -0.9990E+03   -0.9990E+03   -0.9990E+03   -0.9990E+03   -0.9990E+03   -0.9990E+03   -0.9990E+03   -0.9990E+03   -0.9990E+03   -0.9990E+03   -0.9990E+03   -0.9990E+03    0.1786E+03    0.1387E+03   -0.9990E+03    0.1249E+03    0.1203E+03    0.1151E+03    0.1105E+03    0.1065E+03    0.1027E+03    0.9944E+02    0.9707E+02    0.9459E+02    0.9155E+02    0.8887E+02    0.8747E+02    0.8748E+02    0.8947E+02    0.9379E+02    0.9941E+02    0.1060E+03    0.1140E+03    0.1224E+03   -0.9990E+03   -0.9990E+03   -0.9990E+03   -0.9990E+03   -0.9990E+03   -0.9990E+03   -0.9990E+03   -0.9990E+03   -0.9990E+03   -0.9990E+03   -0.9990E+03   -0.9990E+03   -0.9990E+03   -0.9990E+03   -0.9990E+03
   -0.9990E+03   -0.9990E+03   -0.9990E+03   -0.9990E+03   -0.9990E+03   -0.9990E+03   -0.9990E+03   -0.9990E+03   -0.9990E+03   -0.9990E+03   -0.9990E+03   -0.9990E+03   -0.9990E+03   -0.9990E+03   -0.9990E+03   -0.9990E+03   -0.9990E+03   -0.9990E+03   -0.9990E+03   -0.9990E+03   -0.9990E+03   -0.9990E+03   -0.9990E+03   -0.9990E+03   -0.9990E+03   -0.9990E+03   -0.9990E+03   -0.9990E+03   -0.9990E+03   -0.9990E+03   -0.9990E+03   -0.9990E+03   -0.9990E+03   -0.9990E+03   -0.9990E+03   -0.9990E+03   -0.9990E+03   -0.9990E+03   -0.9990E+03   -0.9990E+03    0.1788E+03   -0.9990E+03   -0.9990E+03    0.1177E+03    0.1113E+03    0.1062E+03    0.1021E+03    0.9892E+02    0.9728E+02    0.9547E+02    0.9256E+02    0.9028E+02    0.8739E+02    0.8479E+02    0.8392E+02    0.8565E+02    0.8998E+02    0.9621E+02    0.1035E+03    0.1118E+03    0.1606E+03   -0.9990E+03   -0.9990E+03   -0.9990E+03   -0.9990E+03   -0.9990E+03   -0.9990E+03   -0.9990E+03   -0.9990E+03   -0.9990E+03   -0.9990E+03   -0.9990E+03   -0.9990E+03   -0.9990E+03   -0.9990E+03   -0.9990E+03
   -0.9990E+03   -0.9990E+03   -0.9990E+03   -0.9990E+03   -0.9990E+03   -0.9990E+03   -0.9990E+03   -0.9990E+03   -0.9990E+03   -0.9990E+03   -0.9990E+03   -0.9990E+03   -0.9990E+03   -0.9990E+03   -0.9990E+03   -0.9990E+03   -0.9990E+03   -0.9990E+03   -0.9990E+03   -0.9990E+03   -0.9990E+03   -0.9990E+03   -0.9990E+03   -0.9990E+03   -0.9990E+03   -0.9990E+03   -0.9990E+03   -0.9990E+03   -0.9990E+03   -0.9990E+03   -0.9990E+03   -0.9990E+03   -0.9990E+03   -0.9990E+03   -0.9990E+03   -0.9990E+03   -0.9990E+03   -0.9990E+03   -0.9990E+03   -0.9990E+03   -0.9990E+03   -0.9990E+03   -0.9990E+03    0.1155E+03    0.1077E+03    0.1013E+03    0.9798E+02    0.9707E+02    0.9613E+02    0.9414E+02    0.9206E+02    0.8946E+02    0.8599E+02    0.8288E+02    0.7996E+02    0.8039E+02    0.8562E+02    0.9315E+02    0.1014E+03    0.1097E+03    0.1178E+03   -0.9990E+03   -0.9990E+03   -0.9990E+03   -0.9990E+03   -0.9990E+03   -0.9990E+03   -0.9990E+03   -0.9990E+03   -0.9990E+03   -0.9990E+03   -0.9990E+03   -0.9990E+03   -0.9990E+03   -0.9990E+03   -0.9990E+03
   -0.9990E+03   -0.9990E+03   -0.9990E+03   -0.9990E+03   -0.9990E+03   -0.9990E+03   -0.9990E+03   -0.9990E+03   -0.9990E+03   -0.9990E+03   -0.9990E+03   -0.9990E+03   -0.9990E+03   -0.9990E+03   -0.9990E+03   -0.9990E+03   -0.9990E+03   -0.9990E+03   -0.9990E+03   -0.9990E+03   -0.9990E+03   -0.9990E+03   -0.9990E+03   -0.9990E+03   -0.9990E+03   -0.9990E+03   -0.9990E+03   -0.9990E+03   -0.9990E+03   -0.9990E+03   -0.9990E+03   -0.9990E+03   -0.9990E+03   -0.9990E+03   -0.9990E+03   -0.9990E+03   -0.9990E+03   -0.9990E+03   -0.9990E+03   -0.9990E+03   -0.9990E+03   -0.9990E+03   -0.9990E+03    0.1154E+03    0.1065E+03    0.9579E+02    0.9711E+02    0.9696E+02    0.9569E+02    0.9427E+02    0.9209E+02    0.8901E+02    0.8557E+02    0.8181E+02    0.7815E+02    0.7405E+02    0.8270E+02    0.9118E+02    0.9962E+02    0.1075E+03    0.1764E+03   -0.9990E+03   -0.9990E+03   -0.9990E+03   -0.9990E+03   -0.9990E+03   -0.9990E+03   -0.9990E+03   -0.9990E+03   -0.9990E+03   -0.9990E+03   -0.9990E+03   -0.9990E+03   -0.9990E+03   -0.9990E+03   -0.9990E+03
   -0.9990E+03   -0.9990E+03   -0.9990E+03   -0.9990E+03   -0.9990E+03   -0.9990E+03   -0.9990E+03   -0.9990E+03   -0.9990E+03   -0.9990E+03   -0.9990E+03   -0.9990E+03   -0.9990E+03   -0.9990E+03   -0.9990E+03   -0.9990E+03   -0.9990E+03   -0.9990E+03   -0.9990E+03   -0.9990E+03   -0.9990E+03   -0.9990E+03   -0.9990E+03   -0.9990E+03   -0.9990E+03   -0.9990E+03   -0.9990E+03   -0.9990E+03   -0.9990E+03   -0.9990E+03   -0.9990E+03   -0.9990E+03   -0.9990E+03   -0.9990E+03   -0.9990E+03   -0.9990E+03   -0.9990E+03   -0.9990E+03   -0.9990E+03   -0.9990E+03   -0.9990E+03    0.1331E+03    0.1253E+03    0.1181E+03    0.1100E+03    0.1032E+03    0.9997E+02    0.9887E+02    0.9742E+02    0.9550E+02    0.9274E+02    0.8949E+02    0.8590E+02    0.8231E+02    0.7893E+02    0.7846E+02    0.8305E+02    0.9028E+02    0.9830E+02    0.1068E+03    0.1482E+03   -0.9990E+03   -0.9990E+03   -0.9990E+03   -0.9990E+03   -0.9990E+03   -0.9990E+03   -0.9990E+03   -0.9990E+03   -0.9990E+03   -0.9990E+03   -0.9990E+03   -0.9990E+03   -0.9990E+03   -0.9990E+03   -0.9990E+03
   -0.9990E+03   -0.9990E+03   -0.9990E+03   -0.9990E+03   -0.9990E+03   -0.9990E+03   -0.9990E+03   -0.9990E+03   -0.9990E+03   -0.9990E+03   -0.9990E+03   -0.9990E+03   -0.9990E+03   -0.9990E+03   -0.9990E+03   -0.9990E+03   -0.9990E+03   -0.9990E+03   -0.9990E+03   -0.9990E+03   -0.9990E+03   -0.9990E+03   -0.9990E+03   -0.9990E+03   -0.9990E+03   -0.9990E+03   -0.9990E+03   -0.9990E+03   -0.9990E+03   -0.9990E+03   -0.9990E+03   -0.9990E+03   -0.9990E+03   -0.9990E+03   -0.9990E+03   -0.9990E+03   -0.9990E+03   -0.9990E+03   -0.9990E+03   -0.9990E+03   -0.9990E+03    0.1351E+03    0.1290E+03    0.1224E+03    0.1156E+03    0.1100E+03    0.1055E+03    0.1023E+03    0.9965E+02    0.9714E+02    0.9412E+02    0.9068E+02    0.8692E+02    0.8345E+02    0.8078E+02    0.8171E+02    0.8495E+02    0.9057E+02    0.9775E+02    0.1057E+03   -0.9990E+03   -0.9990E+03   -0.9990E+03   -0.9990E+03   -0.9990E+03   -0.9990E+03   -0.9990E+03   -0.9990E+03   -0.9990E+03   -0.9990E+03   -0.9990E+03   -0.9990E+03   -0.9990E+03   -0.9990E+03   -0.9990E+03   -0.9990E+03
   -0.9990E+03   -0.9990E+03   -0.9990E+03   -0.9990E+03   -0.9990E+03   -0.9990E+03   -0.9990E+03   -0.9990E+03   -0.9990E+03   -0.9990E+03   -0.9990E+03   -0.9990E+03   -0.9990E+03   -0.9990E+03   -0.9990E+03   -0.9990E+03   -0.9990E+03   -0.9990E+03   -0.9990E+03   -0.9990E+03   -0.9990E+03   -0.9990E+03   -0.9990E+03   -0.9990E+03   -0.9990E+03   -0.9990E+03   -0.9990E+03   -0.9990E+03   -0.9990E+03   -0.9990E+03   -0.9990E+03   -0.9990E+03   -0.9990E+03   -0.9990E+03   -0.9990E+03   -0.9990E+03   -0.9990E+03   -0.9990E+03   -0.9990E+03   -0.9990E+03    0.1429E+03    0.1381E+03    0.1330E+03    0.1273E+03    0.1217E+03    0.1161E+03    0.1114E+03    0.1074E+03    0.1034E+03    0.9961E+02    0.9619E+02    0.9212E+02    0.8838E+02    0.8510E+02    0.8286E+02    0.8376E+02    0.8659E+02    0.9094E+02    0.9770E+02    0.1052E+03   -0.9990E+03   -0.9990E+03   -0.9990E+03   -0.9990E+03   -0.9990E+03   -0.9990E+03   -0.9990E+03   -0.9990E+03   -0.9990E+03   -0.9990E+03   -0.9990E+03   -0.9990E+03   -0.9990E+03   -0.9990E+03   -0.9990E+03   -0.9990E+03
   -0.9990E+03   -0.9990E+03   -0.9990E+03   -0.9990E+03   -0.9990E+03   -0.9990E+03   -0.9990E+03   -0.9990E+03   -0.9990E+03   -0.9990E+03   -0.9990E+03   -0.9990E+03   -0.9990E+03   -0.9990E+03   -0.9990E+03   -0.9990E+03   -0.9990E+03   -0.9990E+03   -0.9990E+03   -0.9990E+03   -0.9990E+03   -0.9990E+03   -0.9990E+03   -0.9990E+03   -0.9990E+03   -0.9990E+03   -0.9990E+03   -0.9990E+03   -0.9990E+03   -0.9990E+03   -0.9990E+03   -0.9990E+03   -0.9990E+03   -0.9990E+03   -0.9990E+03   -0.9990E+03   -0.9990E+03   -0.9990E+03   -0.9990E+03   -0.9990E+03    0.1452E+03    0.1414E+03    0.1373E+03    0.1326E+03    0.1273E+03    0.1225E+03    0.1175E+03    0.1126E+03    0.1078E+03    0.1031E+03    0.9844E+02    0.9401E+02    0.8987E+02    0.8635E+02    0.8454E+02    0.8484E+02    0.8734E+02    0.9131E+02    0.9732E+02   -0.9990E+03   -0.9990E+03   -0.9990E+03   -0.9990E+03   -0.9990E+03   -0.9990E+03   -0.9990E+03   -0.9990E+03   -0.9990E+03   -0.9990E+03   -0.9990E+03   -0.9990E+03   -0.9990E+03   -0.9990E+03   -0.9990E+03   -0.9990E+03   -0.9990E+03
   -0.9990E+03   -0.9990E+03   -0.9990E+03   -0.9990E+03   -0.9990E+03   -0.9990E+03   -0.9990E+03   -0.9990E+03   -0.9990E+03   -0.9990E+03   -0.9990E+03   -0.9990E+03   -0.9990E+03   -0.9990E+03   -0.9990E+03   -0.9990E+03   -0.9990E+03   -0.9990E+03   -0.9990E+03   -0.9990E+03   -0.9990E+03   -0.9990E+03   -0.9990E+03   -0.9990E+03   -0.9990E+03   -0.9990E+03   -0.9990E+03   -0.9990E+03   -0.9990E+03   -0.9990E+03   -0.9990E+03   -0.9990E+03   -0.9990E+03   -0.9990E+03   -0.9990E+03   -0.9990E+03   -0.9990E+03   -0.9990E+03   -0.9990E+03   -0.9990E+03    0.1475E+03    0.1447E+03    0.1416E+03    0.1377E+03    0.1330E+03    0.1286E+03    0.1237E+03    0.1183E+03    0.1125E+03    0.1067E+03    0.1012E+03    0.9626E+02    0.9124E+02    0.8689E+02    0.8462E+02    0.8470E+02    0.8706E+02    0.9088E+02    0.9638E+02   -0.9990E+03   -0.9990E+03   -0.9990E+03   -0.9990E+03   -0.9990E+03   -0.9990E+03   -0.9990E+03   -0.9990E+03   -0.9990E+03   -0.9990E+03   -0.9990E+03   -0.9990E+03   -0.9990E+03   -0.9990E+03   -0.9990E+03   -0.9990E+03   -0.9990E+03
   -0.9990E+03   -0.9990E+03   -0.9990E+03   -0.9990E+03   -0.9990E+03   -0.9990E+03   -0.9990E+03   -0.9990E+03   -0.9990E+03   -0.9990E+03   -0.9990E+03   -0.9990E+03   -0.9990E+03   -0.9990E+03   -0.9990E+03   -0.9990E+03   -0.9990E+03   -0.9990E+03   -0.9990E+03   -0.9990E+03   -0.9990E+03   -0.9990E+03   -0.9990E+03   -0.9990E+03   -0.9990E+03   -0.9990E+03   -0.9990E+03   -0.9990E+03   -0.9990E+03   -0.9990E+03   -0.9990E+03   -0.9990E+03   -0.9990E+03   -0.9990E+03   -0.9990E+03   -0.9990E+03   -0.9990E+03   -0.9990E+03   -0.9990E+03   -0.9990E+03    0.1497E+03    0.1480E+03    0.1457E+03    0.1430E+03    0.1394E+03    0.1351E+03    0.1295E+03    0.1237E+03    0.1169E+03    0.1104E+03    0.1040E+03    0.9793E+02    0.9224E+02    0.8713E+02    0.8475E+02    0.8410E+02    0.8637E+02    0.9014E+02    0.9623E+02   -0.9990E+03   -0.9990E+03   -0.9990E+03   -0.9990E+03   -0.9990E+03   -0.9990E+03   -0.9990E+03   -0.9990E+03   -0.9990E+03   -0.9990E+03   -0.9990E+03   -0.9990E+03   -0.9990E+03   -0.9990E+03   -0.9990E+03   -0.9990E+03   -0.9990E+03
   -0.9990E+03   -0.9990E+03   -0.9990E+03   -0.9990E+03   -0.9990E+03   -0.9990E+03   -0.9990E+03   -0.9990E+03   -0.9990E+03   -0.9990E+03   -0.9990E+03   -0.9990E+03   -0.9990E+03   -0.9990E+03   -0.9990E+03   -0.9990E+03   -0.9990E+03   -0.9990E+03   -0.9990E+03   -0.9990E+03   -0.9990E+03   -0.9990E+03   -0.9990E+03   -0.9990E+03   -0.9990E+03   -0.9990E+03   -0.9990E+03   -0.9990E+03   -0.9990E+03   -0.9990E+03   -0.9990E+03   -0.9990E+03   -0.9990E+03   -0.9990E+03   -0.9990E+03   -0.9990E+03   -0.9990E+03   -0.9990E+03   -0.9990E+03    0.1523E+03    0.1512E+03    0.1507E+03    0.1502E+03    0.1488E+03    0.1465E+03    0.1418E+03    0.1359E+03    0.1290E+03    0.1219E+03    0.1140E+03    0.1066E+03    0.9928E+02    0.9276E+02    0.8671E+02    0.8338E+02    0.8191E+02    0.8406E+02    0.8847E+02    0.9505E+02   -0.9990E+03   -0.9990E+03   -0.9990E+03   -0.9990E+03   -0.9990E+03   -0.9990E+03   -0.9990E+03   -0.9990E+03   -0.9990E+03   -0.9990E+03   -0.9990E+03   -0.9990E+03   -0.9990E+03   -0.9990E+03   -0.9990E+03   -0.9990E+03   -0.9990E+03
   -0.9990E+03   -0.9990E+03   -0.9990E+03   -0.9990E+03   -0.9990E+03   -0.9990E+03   -0.9990E+03   -0.9990E+03   -0.9990E+03   -0.9990E+03   -0.9990E+03   -0.9990E+03   -0.9990E+03   -0.9990E+03   -0.9990E+03   -0.9990E+03   -0.9990E+03   -0.9990E+03   -0.9990E+03   -0.9990E+03   -0.9990E+03   -0.9990E+03   -0.9990E+03   -0.9990E+03   -0.9990E+03   -0.9990E+03   -0.9990E+03   -0.9990E+03   -0.9990E+03   -0.9990E+03   -0.9990E+03   -0.9990E+03   -0.9990E+03   -0.9990E+03   -0.9990E+03   -0.9990E+03   -0.9990E+03   -0.9990E+03   -0.9990E+03    0.1519E+03    0.1517E+03    0.1520E+03    0.1531E+03    0.1536E+03    0.1531E+03    0.1493E+03    0.1438E+03    0.1352E+03    0.1261E+03    0.1170E+03    0.1084E+03    0.1012E+03    0.9317E+02    0.8599E+02    0.8095E+02    0.7856E+02    0.8130E+02    0.8627E+02   -0.9990E+03   -0.9990E+03   -0.9990E+03   -0.9990E+03   -0.9990E+03   -0.9990E+03   -0.9990E+03   -0.9990E+03   -0.9990E+03   -0.9990E+03   -0.9990E+03   -0.9990E+03   -0.9990E+03   -0.9990E+03   -0.9990E+03   -0.9990E+03   -0.9990E+03   -0.9990E+03
   -0.9990E+03   -0.9990E+03   -0.9990E+03   -0.9990E+03   -0.9990E+03   -0.9990E+03   -0.9990E+03   -0.9990E+03   -0.9990E+03   -0.9990E+03   -0.9990E+03   -0.9990E+03   -0.9990E+03   -0.9990E+03   -0.9990E+03   -0.9990E+03   -0.9990E+03   -0.9990E+03   -0.9990E+03   -0.9990E+03   -0.9990E+03   -0.9990E+03   -0.9990E+03   -0.9990E+03   -0.9990E+03   -0.9990E+03   -0.9990E+03   -0.9990E+03   -0.9990E+03   -0.9990E+03   -0.9990E+03   -0.9990E+03   -0.9990E+03    0.1501E+03   -0.9990E+03   -0.9990E+03   -0.9990E+03   -0.9990E+03    0.1511E+03    0.1509E+03    0.1512E+03    0.1521E+03    0.1545E+03    0.1573E+03    0.1584E+03    0.1569E+03    0.1505E+03    0.1401E+03    0.1297E+03    0.1200E+03    0.1100E+03    0.1018E+03    0.9403E+02    0.8503E+02    0.7776E+02    0.7403E+02    0.7774E+02   -0.9990E+03   -0.9990E+03   -0.9990E+03   -0.9990E+03   -0.9990E+03   -0.9990E+03   -0.9990E+03   -0.9990E+03   -0.9990E+03   -0.9990E+03   -0.9990E+03   -0.9990E+03   -0.9990E+03   -0.9990E+03   -0.9990E+03   -0.9990E+03   -0.9990E+03   -0.9990E+03   -0.9990E+03
   -0.9990E+03   -0.9990E+03   -0.9990E+03   -0.9990E+03   -0.9990E+03   -0.9990E+03   -0.9990E+03   -0.9990E+03   -0.9990E+03   -0.9990E+03   -0.9990E+03   -0.9990E+03   -0.9990E+03   -0.9990E+03   -0.9990E+03   -0.9990E+03   -0.9990E+03   -0.9990E+03   -0.9990E+03   -0.9990E+03   -0.9990E+03   -0.9990E+03   -0.9990E+03   -0.9990E+03   -0.9990E+03   -0.9990E+03   -0.9990E+03   -0.9990E+03    0.1322E+03   -0.9990E+03   -0.9990E+03   -0.9990E+03   -0.9990E+03    0.1513E+03    0.1515E+03    0.1524E+03   -0.9990E+03    0.1495E+03    0.1490E+03    0.1486E+03    0.1494E+03    0.1516E+03    0.1526E+03    0.1553E+03    0.1609E+03    0.1666E+03    0.1527E+03    0.1414E+03    0.1316E+03    0.1220E+03    0.1115E+03    0.1022E+03    0.9431E+02    0.8555E+02    0.7673E+02    0.6754E+02   -0.9990E+03   -0.9990E+03   -0.9990E+03   -0.9990E+03   -0.9990E+03   -0.9990E+03   -0.9990E+03   -0.9990E+03   -0.9990E+03   -0.9990E+03   -0.9990E+03   -0.9990E+03   -0.9990E+03   -0.9990E+03   -0.9990E+03   -0.9990E+03   -0.9990E+03   -0.9990E+03   -0.9990E+03   -0.9990E+03
   -0.9990E+03   -0.9990E+03   -0.9990E+03   -0.9990E+03   -0.9990E+03   -0.9990E+03   -0.9990E+03   -0.9990E+03   -0.9990E+03   -0.9990E+03   -0.9990E+03   -0.9990E+03   -0.9990E+03   -0.9990E+03   -0.9990E+03   -0.9990E+03   -0.9990E+03   -0.9990E+03   -0.9990E+03   -0.9990E+03   -0.9990E+03   -0.9990E+03   -0.9990E+03   -0.9990E+03   -0.9990E+03   -0.9990E+03   -0.9990E+03   -0.9990E+03    0.1280E+03   -0.9990E+03   -0.9990E+03   -0.9990E+03   -0.9990E+03   -0.9990E+03    0.1444E+03    0.1462E+03    0.1467E+03    0.1463E+03    0.1459E+03    0.1452E+03    0.1462E+03    0.1468E+03    0.1484E+03    0.1525E+03    0.1562E+03    0.1555E+03    0.1495E+03    0.1401E+03    0.1298E+03    0.1215E+03    0.1123E+03    0.1045E+03    0.9608E+02    0.8841E+02    0.8091E+02    0.7738E+02   -0.9990E+03   -0.9990E+03   -0.9990E+03   -0.9990E+03   -0.9990E+03   -0.9990E+03   -0.9990E+03   -0.9990E+03   -0.9990E+03   -0.9990E+03   -0.9990E+03   -0.9990E+03   -0.9990E+03   -0.9990E+03   -0.9990E+03   -0.9990E+03   -0.9990E+03   -0.9990E+03   -0.9990E+03   -0.9990E+03
   -0.9990E+03   -0.9990E+03   -0.9990E+03   -0.9990E+03   -0.9990E+03   -0.9990E+03   -0.9990E+03   -0.9990E+03   -0.9990E+03   -0.9990E+03   -0.9990E+03   -0.9990E+03   -0.9990E+03   -0.9990E+03   -0.9990E+03   -0.9990E+03   -0.9990E+03   -0.9990E+03   -0.9990E+03   -0.9990E+03   -0.9990E+03   -0.9990E+03   -0.9990E+03   -0.9990E+03   -0.9990E+03   -0.9990E+03   -0.9990E+03   -0.9990E+03   -0.9990E+03   -0.9990E+03   -0.9990E+03   -0.9990E+03   -0.9990E+03    0.1359E+03    0.1383E+03    0.1405E+03    0.1407E+03    0.1396E+03    0.1402E+03    0.1411E+03    0.1413E+03    0.1415E+03    0.1439E+03    0.1472E+03    0.1478E+03    0.1464E+03    0.1423E+03    0.1359E+03    0.1282E+03    0.1198E+03    0.1116E+03    0.1041E+03    0.9753E+02    0.9029E+02   -0.9990E+03   -0.9990E+03   -0.9990E+03   -0.9990E+03   -0.9990E+03   -0.9990E+03   -0.9990E+03   -0.9990E+03   -0.9990E+03   -0.9990E+03   -0.9990E+03   -0.9990E+03   -0.9990E+03   -0.9990E+03   -0.9990E+03   -0.9990E+03   -0.9990E+03   -0.9990E+03   -0.9990E+03   -0.9990E+03   -0.9990E+03   -0.9990E+03
   -0.9990E+03   -0.9990E+03   -0.9990E+03   -0.9990E+03   -0.9990E+03   -0.9990E+03   -0.9990E+03   -0.9990E+03   -0.9990E+03   -0.9990E+03   -0.9990E+03   -0.9990E+03   -0.9990E+03   -0.9990E+03   -0.9990E+03   -0.9990E+03   -0.9990E+03   -0.9990E+03   -0.9990E+03   -0.9990E+03   -0.9990E+03   -0.9990E+03   -0.9990E+03   -0.9990E+03   -0.9990E+03   -0.9990E+03   -0.9990E+03   -0.9990E+03   -0.9990E+03   -0.9990E+03   -0.9990E+03   -0.9990E+03   -0.9990E+03    0.1306E+03    0.1327E+03    0.1346E+03    0.1344E+03    0.1342E+03    0.1344E+03    0.1359E+03    0.1364E+03    0.1361E+03    0.1384E+03    0.1390E+03    0.1387E+03    0.1371E+03    0.1347E+03    0.1300E+03    0.1236E+03    0.1169E+03    0.1112E+03    0.1036E+03    0.9857E+02   -0.9990E+03   -0.9990E+03   -0.9990E+03   -0.9990E+03   -0.9990E+03   -0.9990E+03   -0.9990E+03   -0.9990E+03   -0.9990E+03   -0.9990E+03   -0.9990E+03   -0.9990E+03   -0.9990E+03   -0.9990E+03   -0.9990E+03   -0.9990E+03   -0.9990E+03   -0.9990E+03   -0.9990E+03   -0.9990E+03   -0.9990E+03   -0.9990E+03   -0.9990E+03
   -0.9990E+03   -0.9990E+03   -0.9990E+03   -0.9990E+03   -0.9990E+03   -0.9990E+03   -0.9990E+03   -0.9990E+03   -0.9990E+03   -0.9990E+03   -0.9990E+03   -0.9990E+03   -0.9990E+03   -0.9990E+03   -0.9990E+03   -0.9990E+03   -0.9990E+03   -0.9990E+03   -0.9990E+03   -0.9990E+03   -0.9990E+03   -0.9990E+03   -0.9990E+03   -0.9990E+03   -0.9990E+03   -0.9990E+03   -0.9990E+03   -0.9990E+03   -0.9990E+03   -0.9990E+03   -0.9990E+03   -0.9990E+03   -0.9990E+03    0.1254E+03    0.1272E+03    0.1284E+03    0.1281E+03    0.1287E+03    0.1308E+03    0.1307E+03    0.1311E+03    0.1307E+03    0.1320E+03    0.1312E+03    0.1302E+03    0.1281E+03    0.1270E+03    0.1219E+03    0.1160E+03    0.1128E+03    0.1069E+03   -0.9990E+03   -0.9990E+03   -0.9990E+03   -0.9990E+03   -0.9990E+03   -0.9990E+03   -0.9990E+03   -0.9990E+03   -0.9990E+03   -0.9990E+03   -0.9990E+03   -0.9990E+03   -0.9990E+03   -0.9990E+03   -0.9990E+03   -0.9990E+03   -0.9990E+03   -0.9990E+03   -0.9990E+03   -0.9990E+03   -0.9990E+03   -0.9990E+03   -0.9990E+03   -0.9990E+03   -0.9990E+03
   -0.9990E+03   -0.9990E+03   -0.9990E+03   -0.9990E+03   -0.9990E+03   -0.9990E+03   -0.9990E+03   -0.9990E+03   -0.9990E+03   -0.9990E+03   -0.9990E+03   -0.9990E+03   -0.9990E+03   -0.9990E+03   -0.9990E+03   -0.9990E+03   -0.9990E+03   -0.9990E+03   -0.9990E+03   -0.9990E+03   -0.9990E+03   -0.9990E+03   -0.9990E+03   -0.9990E+03   -0.9990E+03   -0.9990E+03   -0.9990E+03   -0.9990E+03   -0.9990E+03   -0.9990E+03   -0.9990E+03   -0.9990E+03   -0.9990E+03    0.1199E+03    0.1212E+03    0.1226E+03    0.1226E+03    0.1235E+03    0.1244E+03    0.1246E+03    0.1247E+03    0.1232E+03    0.1224E+03    0.1208E+03    0.1215E+03    0.1214E+03    0.1162E+03    0.1137E+03    0.1114E+03    0.1084E+03    0.1071E+03    0.1036E+03   -0.9990E+03   -0.9990E+03   -0.9990E+03   -0.9990E+03   -0.9990E+03   -0.9990E+03   -0.9990E+03   -0.9990E+03   -0.9990E+03   -0.9990E+03   -0.9990E+03   -0.9990E+03   -0.9990E+03   -0.9990E+03   -0.9990E+03   -0.9990E+03   -0.9990E+03   -0.9990E+03   -0.9990E+03   -0.9990E+03   -0.9990E+03   -0.9990E+03   -0.9990E+03   -0.9990E+03
   -0.9990E+03   -0.9990E+03   -0.9990E+03   -0.9990E+03   -0.9990E+03   -0.9990E+03   -0.9990E+03   -0.9990E+03   -0.9990E+03   -0.9990E+03   -0.9990E+03   -0.9990E+03   -0.9990E+03   -0.9990E+03   -0.9990E+03   -0.9990E+03   -0.9990E+03   -0.9990E+03   -0.9990E+03   -0.9990E+03   -0.9990E+03   -0.9990E+03   -0.9990E+03   -0.9990E+03   -0.9990E+03   -0.9990E+03   -0.9990E+03   -0.9990E+03   -0.9990E+03   -0.9990E+03   -0.9990E+03    0.1872E+03    0.1138E+03    0.1148E+03    0.1161E+03    0.1165E+03    0.1169E+03    0.1168E+03    0.1170E+03    0.1177E+03    0.1152E+03    0.1152E+03    0.1160E+03    0.1142E+03    0.1130E+03    0.1111E+03    0.1103E+03    0.1092E+03    0.1083E+03    0.1070E+03    0.1053E+03    0.1041E+03   -0.9990E+03   -0.9990E+03   -0.9990E+03   -0.9990E+03   -0.9990E+03   -0.9990E+03   -0.9990E+03   -0.9990E+03   -0.9990E+03   -0.9990E+03   -0.9990E+03   -0.9990E+03   -0.9990E+03   -0.9990E+03   -0.9990E+03   -0.9990E+03   -0.9990E+03   -0.9990E+03   -0.9990E+03   -0.9990E+03   -0.9990E+03   -0.9990E+03   -0.9990E+03   -0.9990E+03
   -0.9990E+03   -0.9990E+03   -0.9990E+03   -0.9990E+03   -0.9990E+03   -0.9990E+03   -0.9990E+03   -0.9990E+03   -0.9990E+03   -0.9990E+03   -0.9990E+03   -0.9990E+03   -0.9990E+03   -0.9990E+03   -0.9990E+03   -0.9990E+03   -0.9990E+03   -0.9990E+03   -0.9990E+03   -0.9990E+03   -0.9990E+03   -0.9990E+03   -0.9990E+03   -0.9990E+03   -0.9990E+03   -0.9990E+03   -0.9990E+03   -0.9990E+03   -0.9990E+03   -0.9990E+03   -0.9990E+03   -0.9990E+03    0.1815E+03    0.1106E+03    0.1107E+03    0.1113E+03    0.1108E+03    0.1111E+03    0.1113E+03    0.1103E+03    0.1102E+03    0.1076E+03    0.1077E+03    0.1074E+03    0.1037E+03    0.1013E+03    0.1011E+03    0.1022E+03    0.1033E+03    0.1021E+03    0.1036E+03    0.1040E+03   -0.9990E+03   -0.9990E+03   -0.9990E+03   -0.9990E+03   -0.9990E+03   -0.9990E+03   -0.9990E+03   -0.9990E+03   -0.9990E+03   -0.9990E+03   -0.9990E+03   -0.9990E+03   -0.9990E+03   -0.9990E+03   -0.9990E+03   -0.9990E+03   -0.9990E+03   -0.9990E+03   -0.9990E+03   -0.9990E+03   -0.9990E+03   -0.9990E+03   -0.9990E+03   -0.9990E+03
   -0.9990E+03   -0.9990E+03   -0.9990E+03   -0.9990E+03   -0.9990E+03   -0.9990E+03   -0.9990E+03   -0.9990E+03   -0.9990E+03   -0.9990E+03   -0.9990E+03   -0.9990E+03   -0.9990E+03   -0.9990E+03   -0.9990E+03   -0.9990E+03   -0.9990E+03   -0.9990E+03   -0.9990E+03   -0.9990E+03   -0.9990E+03   -0.9990E+03   -0.9990E+03   -0.9990E+03   -0.9990E+03   -0.9990E+03   -0.9990E+03   -0.9990E+03   -0.9990E+03   -0.9990E+03   -0.9990E+03   -0.9990E+03    0.1694E+03    0.1048E+03    0.1057E+03    0.1063E+03    0.1055E+03    0.1045E+03    0.1053E+03    0.1038E+03    0.1018E+03    0.1021E+03    0.1006E+03    0.9942E+02    0.9486E+02    0.9469E+02    0.9508E+02    0.9676E+02    0.9772E+02    0.9978E+02    0.1014E+03   -0.9990E+03   -0.9990E+03   -0.9990E+03   -0.9990E+03   -0.9990E+03   -0.9990E+03   -0.9990E+03   -0.9990E+03   -0.9990E+03   -0.9990E+03   -0.9990E+03   -0.9990E+03   -0.9990E+03   -0.9990E+03   -0.9990E+03   -0.9990E+03   -0.9990E+03   -0.9990E+03   -0.9990E+03   -0.9990E+03   -0.9990E+03   -0.9990E+03   -0.9990E+03   -0.9990E+03   -0.9990E+03
   -0.9990E+03   -0.9990E+03   -0.9990E+03   -0.9990E+03   -0.9990E+03   -0.9990E+03   -0.9990E+03   -0.9990E+03   -0.9990E+03   -0.9990E+03   -0.9990E+03   -0.9990E+03   -0.9990E+03   -0.9990E+03   -0.9990E+03   -0.9990E+03   -0.9990E+03   -0.9990E+03   -0.9990E+03   -0.9990E+03   -0.9990E+03   -0.9990E+03   -0.9990E+03   -0.9990E+03   -0.9990E+03   -0.9990E+03   -0.9990E+03   -0.9990E+03   -0.9990E+03   -0.9990E+03   -0.9990E+03   -0.9990E+03    0.1566E+03    0.9818E+02    0.9767E+02    0.9885E+02    0.9983E+02    0.1001E+03    0.9955E+02    0.9668E+02    0.9848E+02    0.9586E+02    0.9361E+02    0.9127E+02    0.8842E+02    0.8547E+02    0.8727E+02    0.9098E+02    0.9341E+02    0.9680E+02   -0.9990E+03   -0.9990E+03   -0.9990E+03   -0.9990E+03   -0.9990E+03   -0.9990E+03   -0.9990E+03   -0.9990E+03   -0.9990E+03   -0.9990E+03   -0.9990E+03   -0.9990E+03   -0.9990E+03   -0.9990E+03   -0.9990E+03   -0.9990E+03   -0.9990E+03   -0.9990E+03   -0.9990E+03   -0.9990E+03   -0.9990E+03   -0.9990E+03   -0.9990E+03   -0.9990E+03   -0.9990E+03   -0.9990E+03
   -0.9990E+03   -0.9990E+03   -0.9990E+03   -0.9990E+03   -0.9990E+03   -0.9990E+03   -0.9990E+03   -0.9990E+03   -0.9990E+03   -0.9990E+03   -0.9990E+03   -0.9990E+03   -0.9990E+03   -0.9990E+03   -0.9990E+03   -0.9990E+03   -0.9990E+03   -0.9990E+03   -0.9990E+03   -0.9990E+03   -0.9990E+03   -0.9990E+03   -0.9990E+03   -0.9990E+03   -0.9990E+03   -0.9990E+03   -0.9990E+03   -0.9990E+03   -0.9990E+03   -0.9990E+03   -0.9990E+03   -0.9990E+03   -0.9990E+03    0.1586E+03    0.9606E+02    0.9390E+02    0.9518E+02    0.9446E+02    0.9278E+02    0.9326E+02    0.9294E+02    0.9101E+02    0.8749E+02    0.8460E+02    0.8165E+02    0.7627E+02    0.8194E+02    0.8648E+02    0.9025E+02    0.9389E+02   -0.9990E+03   -0.9990E+03   -0.9990E+03   -0.9990E+03   -0.9990E+03   -0.9990E+03   -0.9990E+03   -0.9990E+03   -0.9990E+03   -0.9990E+03   -0.9990E+03   -0.9990E+03   -0.9990E+03   -0.9990E+03   -0.9990E+03   -0.9990E+03   -0.9990E+03   -0.9990E+03   -0.9990E+03   -0.9990E+03   -0.9990E+03   -0.9990E+03   -0.9990E+03   -0.9990E+03   -0.9990E+03   -0.9990E+03
   -0.9990E+03   -0.9990E+03   -0.9990E+03   -0.9990E+03   -0.9990E+03   -0.9990E+03   -0.9990E+03   -0.9990E+03   -0.9990E+03   -0.9990E+03   -0.9990E+03   -0.9990E+03   -0.9990E+03   -0.9990E+03   -0.9990E+03   -0.9990E+03   -0.9990E+03   -0.9990E+03   -0.9990E+03   -0.9990E+03   -0.9990E+03   -0.9990E+03   -0.9990E+03   -0.9990E+03   -0.9990E+03   -0.9990E+03   -0.9990E+03   -0.9990E+03   -0.9990E+03   -0.9990E+03   -0.9990E+03   -0.9990E+03    0.9348E+02    0.9374E+02    0.1385E+03    0.9173E+02    0.9273E+02    0.9080E+02    0.9052E+02    0.9000E+02    0.8846E+02    0.8702E+02    0.8299E+02    0.8058E+02    0.7805E+02    0.7750E+02    0.7933E+02    0.8382E+02    0.8851E+02    0.9192E+02   -0.9990E+03   -0.9990E+03   -0.9990E+03   -0.9990E+03   -0.9990E+03   -0.9990E+03   -0.9990E+03   -0.9990E+03   -0.9990E+03   -0.9990E+03   -0.9990E+03   -0.9990E+03   -0.9990E+03   -0.9990E+03   -0.9990E+03   -0.9990E+03   -0.9990E+03   -0.9990E+03   -0.9990E+03   -0.9990E+03   -0.9990E+03   -0.9990E+03   -0.9990E+03   -0.9990E+03   -0.9990E+03   -0.9990E+03
   -0.9990E+03   -0.9990E+03   -0.9990E+03   -0.9990E+03   -0.9990E+03   -0.9990E+03   -0.9990E+03   -0.9990E+03   -0.9990E+03   -0.9990E+03   -0.9990E+03   -0.9990E+03   -0.9990E+03   -0.9990E+03   -0.9990E+03   -0.9990E+03   -0.9990E+03   -0.9990E+03   -0.9990E+03   -0.9990E+03   -0.9990E+03   -0.9990E+03   -0.9990E+03   -0.9990E+03   -0.9990E+03   -0.9990E+03   -0.9990E+03   -0.9990E+03   -0.9990E+03   -0.9990E+03   -0.9990E+03   -0.9990E+03    0.9182E+02    0.8981E+02   -0.9990E+03    0.8831E+02    0.1492E+03    0.1642E+03    0.1676E+03    0.8605E+02    0.8550E+02    0.8337E+02    0.7980E+02    0.7776E+02    0.7671E+02    0.7797E+02    0.7896E+02    0.8237E+02    0.8726E+02    0.9104E+02   -0.9990E+03   -0.9990E+03   -0.9990E+03   -0.9990E+03   -0.9990E+03   -0.9990E+03   -0.9990E+03   -0.9990E+03   -0.9990E+03   -0.9990E+03   -0.9990E+03   -0.9990E+03   -0.9990E+03   -0.9990E+03   -0.9990E+03   -0.9990E+03   -0.9990E+03   -0.9990E+03   -0.9990E+03   -0.9990E+03   -0.9990E+03   -0.9990E+03   -0.9990E+03   -0.9990E+03   -0.9990E+03   -0.9990E+03
   -0.9990E+03   -0.9990E+03   -0.9990E+03   -0.9990E+03   -0.9990E+03   -0.9990E+03   -0.9990E+03   -0.9990E+03   -0.9990E+03   -0.9990E+03   -0.9990E+03   -0.9990E+03   -0.9990E+03   -0.9990E+03   -0.9990E+03   -0.9990E+03   -0.9990E+03   -0.9990E+03   -0.9990E+03   -0.9990E+03   -0.9990E+03   -0.9990E+03   -0.9990E+03   -0.9990E+03   -0.9990E+03   -0.9990E+03   -0.9990E+03   -0.9990E+03   -0.9990E+03   -0.9990E+03   -0.9990E+03   -0.9990E+03    0.1542E+03    0.1561E+03   -0.9990E+03   -0.9990E+03    0.1383E+03    0.1748E+03    0.1362E+03    0.8422E+02    0.8259E+02    0.7982E+02    0.7736E+02    0.7650E+02    0.7606E+02    0.7716E+02    0.7879E+02    0.8142E+02    0.8548E+02    0.8979E+02   -0.9990E+03   -0.9990E+03   -0.9990E+03   -0.9990E+03   -0.9990E+03   -0.9990E+03   -0.9990E+03   -0.9990E+03   -0.9990E+03   -0.9990E+03   -0.9990E+03   -0.9990E+03   -0.9990E+03   -0.9990E+03   -0.9990E+03   -0.9990E+03   -0.9990E+03   -0.9990E+03   -0.9990E+03   -0.9990E+03   -0.9990E+03   -0.9990E+03   -0.9990E+03   -0.9990E+03   -0.9990E+03   -0.9990E+03
   -0.9990E+03   -0.9990E+03   -0.9990E+03   -0.9990E+03   -0.9990E+03   -0.9990E+03   -0.9990E+03   -0.9990E+03   -0.9990E+03   -0.9990E+03   -0.9990E+03   -0.9990E+03   -0.9990E+03   -0.9990E+03   -0.9990E+03   -0.9990E+03   -0.9990E+03   -0.9990E+03   -0.9990E+03   -0.9990E+03   -0.9990E+03   -0.9990E+03   -0.9990E+03   -0.9990E+03   -0.9990E+03   -0.9990E+03   -0.9990E+03   -0.9990E+03   -0.9990E+03   -0.9990E+03   -0.9990E+03   -0.9990E+03   -0.9990E+03   -0.9990E+03   -0.9990E+03    0.8660E+02    0.9569E+02    0.1281E+03    0.1471E+03    0.8205E+02    0.7905E+02    0.7744E+02    0.7591E+02    0.7511E+02    0.7489E+02    0.7536E+02    0.7852E+02    0.8085E+02    0.8450E+02    0.8968E+02    0.9451E+02   -0.9990E+03   -0.9990E+03   -0.9990E+03   -0.9990E+03   -0.9990E+03   -0.9990E+03   -0.9990E+03   -0.9990E+03   -0.9990E+03   -0.9990E+03   -0.9990E+03   -0.9990E+03   -0.9990E+03   -0.9990E+03   -0.9990E+03   -0.9990E+03   -0.9990E+03   -0.9990E+03   -0.9990E+03   -0.9990E+03   -0.9990E+03   -0.9990E+03   -0.9990E+03   -0.9990E+03   -0.9990E+03
   -0.9990E+03   -0.9990E+03   -0.9990E+03   -0.9990E+03   -0.9990E+03   -0.9990E+03   -0.9990E+03   -0.9990E+03   -0.9990E+03   -0.9990E+03   -0.9990E+03   -0.9990E+03   -0.9990E+03   -0.9990E+03   -0.9990E+03   -0.9990E+03   -0.9990E+03   -0.9990E+03   -0.9990E+03   -0.9990E+03   -0.9990E+03   -0.9990E+03   -0.9990E+03   -0.9990E+03   -0.9990E+03   -0.9990E+03   -0.9990E+03   -0.9990E+03   -0.9990E+03   -0.9990E+03   -0.9990E+03   -0.9990E+03   -0.9990E+03   -0.9990E+03   -0.9990E+03    0.1057E+03   -0.9990E+03    0.1378E+03    0.1960E+03    0.1618E+03    0.7709E+02    0.7557E+02    0.7440E+02    0.7323E+02    0.7311E+02    0.7353E+02    0.7679E+02    0.7934E+02    0.8354E+02    0.8965E+02    0.9412E+02   -0.9990E+03   -0.9990E+03   -0.9990E+03   -0.9990E+03   -0.9990E+03   -0.9990E+03   -0.9990E+03   -0.9990E+03   -0.9990E+03   -0.9990E+03   -0.9990E+03   -0.9990E+03   -0.9990E+03   -0.9990E+03   -0.9990E+03   -0.9990E+03   -0.9990E+03   -0.9990E+03   -0.9990E+03   -0.9990E+03   -0.9990E+03   -0.9990E+03   -0.9990E+03   -0.9990E+03   -0.9990E+03
   -0.9990E+03   -0.9990E+03   -0.9990E+03   -0.9990E+03   -0.9990E+03   -0.9990E+03   -0.9990E+03   -0.9990E+03   -0.9990E+03   -0.9990E+03   -0.9990E+03   -0.9990E+03   -0.9990E+03   -0.9990E+03   -0.9990E+03   -0.9990E+03   -0.9990E+03   -0.9990E+03   -0.9990E+03   -0.9990E+03   -0.9990E+03   -0.9990E+03   -0.9990E+03   -0.9990E+03   -0.9990E+03   -0.9990E+03   -0.9990E+03   -0.9990E+03   -0.9990E+03   -0.9990E+03   -0.9990E+03   -0.9990E+03   -0.9990E+03   -0.9990E+03   -0.9990E+03    0.8461E+02    0.1138E+03    0.1300E+03    0.1674E+03    0.1621E+03    0.7582E+02    0.7400E+02    0.7232E+02    0.7101E+02    0.7068E+02    0.7122E+02    0.7486E+02    0.7806E+02    0.8283E+02    0.8897E+02    0.9454E+02    0.1001E+03   -0.9990E+03   -0.9990E+03   -0.9990E+03   -0.9990E+03   -0.9990E+03   -0.9990E+03   -0.9990E+03   -0.9990E+03   -0.9990E+03   -0.9990E+03   -0.9990E+03   -0.9990E+03   -0.9990E+03   -0.9990E+03   -0.9990E+03   -0.9990E+03   -0.9990E+03   -0.9990E+03   -0.9990E+03   -0.9990E+03   -0.9990E+03   -0.9990E+03   -0.9990E+03   -0.9990E+03
   -0.9990E+03   -0.9990E+03   -0.9990E+03   -0.9990E+03   -0.9990E+03   -0.9990E+03   -0.9990E+03   -0.9990E+03   -0.9990E+03   -0.9990E+03   -0.9990E+03   -0.9990E+03   -0.9990E+03   -0.9990E+03   -0.9990E+03   -0.9990E+03   -0.9990E+03   -0.9990E+03   -0.9990E+03   -0.9990E+03   -0.9990E+03   -0.9990E+03   -0.9990E+03   -0.9990E+03   -0.9990E+03   -0.9990E+03   -0.9990E+03   -0.9990E+03   -0.9990E+03   -0.9990E+03   -0.9990E+03   -0.9990E+03   -0.9990E+03   -0.9990E+03    0.1331E+01    0.1264E+03    0.1635E+03    0.1563E+03    0.1632E+03    0.7634E+02    0.7493E+02    0.7246E+02    0.7017E+02    0.6834E+02    0.6762E+02    0.6813E+02    0.7271E+02    0.7583E+02    0.8205E+02    0.8784E+02    0.9533E+02    0.1015E+03   -0.9990E+03   -0.9990E+03   -0.9990E+03   -0.9990E+03   -0.9990E+03   -0.9990E+03   -0.9990E+03   -0.9990E+03   -0.9990E+03   -0.9990E+03   -0.9990E+03   -0.9990E+03   -0.9990E+03   -0.9990E+03   -0.9990E+03   -0.9990E+03   -0.9990E+03   -0.9990E+03   -0.9990E+03   -0.9990E+03   -0.9990E+03   -0.9990E+03   -0.9990E+03   -0.9990E+03
   -0.9990E+03   -0.9990E+03   -0.9990E+03   -0.9990E+03   -0.9990E+03   -0.9990E+03   -0.9990E+03   -0.9990E+03   -0.9990E+03   -0.9990E+03   -0.9990E+03   -0.9990E+03   -0.9990E+03   -0.9990E+03   -0.9990E+03   -0.9990E+03   -0.9990E+03   -0.9990E+03   -0.9990E+03   -0.9990E+03   -0.9990E+03   -0.9990E+03   -0.9990E+03   -0.9990E+03   -0.9990E+03   -0.9990E+03   -0.9990E+03   -0.9990E+03   -0.9990E+03   -0.9990E+03   -0.9990E+03   -0.9990E+03   -0.9990E+03   -0.9990E+03    0.1162E+03    0.1669E+03    0.8094E+02    0.8031E+02    0.1666E+03    0.7617E+02    0.7420E+02    0.7164E+02    0.6868E+02    0.6570E+02    0.6392E+02    0.6426E+02    0.6910E+02    0.7387E+02    0.8104E+02    0.8812E+02    0.9586E+02    0.1021E+03   -0.9990E+03   -0.9990E+03   -0.9990E+03   -0.9990E+03   -0.9990E+03   -0.9990E+03   -0.9990E+03   -0.9990E+03   -0.9990E+03   -0.9990E+03   -0.9990E+03   -0.9990E+03   -0.9990E+03   -0.9990E+03   -0.9990E+03   -0.9990E+03   -0.9990E+03   -0.9990E+03   -0.9990E+03   -0.9990E+03   -0.9990E+03   -0.9990E+03   -0.9990E+03   -0.9990E+03
   -0.9990E+03   -0.9990E+03   -0.9990E+03   -0.9990E+03   -0.9990E+03   -0.9990E+03   -0.9990E+03   -0.9990E+03   -0.9990E+03   -0.9990E+03   -0.9990E+03   -0.9990E+03   -0.9990E+03   -0.9990E+03   -0.9990E+03   -0.9990E+03   -0.9990E+03   -0.9990E+03   -0.9990E+03   -0.9990E+03   -0.9990E+03   -0.9990E+03   -0.9990E+03   -0.9990E+03   -0.9990E+03   -0.9990E+03   -0.9990E+03   -0.9990E+03   -0.9990E+03   -0.9990E+03   -0.9990E+03   -0.9990E+03   -0.9990E+03   -0.9990E+03    0.9029E+02    0.8344E+02    0.8153E+02    0.8236E+02    0.7871E+02    0.7730E+02    0.7481E+02    0.7198E+02    0.6849E+02    0.6417E+02    0.6022E+02    0.6030E+02    0.6515E+02    0.7279E+02    0.8158E+02    0.8908E+02    0.9590E+02   -0.9990E+03   -0.9990E+03   -0.9990E+03   -0.9990E+03   -0.9990E+03   -0.9990E+03   -0.9990E+03   -0.9990E+03   -0.9990E+03   -0.9990E+03   -0.9990E+03   -0.9990E+03   -0.9990E+03   -0.9990E+03   -0.9990E+03   -0.9990E+03   -0.9990E+03   -0.9990E+03   -0.9990E+03   -0.9990E+03   -0.9990E+03   -0.9990E+03   -0.9990E+03   -0.9990E+03   -0.9990E+03
   -0.9990E+03   -0.9990E+03   -0.9990E+03   -0.9990E+03   -0.9990E+03   -0.9990E+03   -0.9990E+03   -0.9990E+03   -0.9990E+03   -0.9990E+03   -0.9990E+03   -0.9990E+03   -0.9990E+03   -0.9990E+03   -0.9990E+03   -0.9990E+03   -0.9990E+03   -0.9990E+03   -0.9990E+03   -0.9990E+03   -0.9990E+03   -0.9990E+03   -0.9990E+03   -0.9990E+03   -0.9990E+03   -0.9990E+03   -0.9990E+03   -0.9990E+03   -0.9990E+03   -0.9990E+03   -0.9990E+03   -0.9990E+03   -0.9990E+03   -0.9990E+03    0.8633E+02    0.8189E+02    0.8341E+02    0.8396E+02    0.8036E+02    0.7892E+02    0.7638E+02    0.7326E+02    0.7002E+02    0.6501E+02    0.5965E+02    0.5708E+02    0.6364E+02    0.7408E+02    0.8293E+02    0.9073E+02    0.9811E+02    0.1055E+03   -0.9990E+03   -0.9990E+03   -0.9990E+03   -0.9990E+03   -0.9990E+03   -0.9990E+03   -0.9990E+03   -0.9990E+03   -0.9990E+03   -0.9990E+03   -0.9990E+03   -0.9990E+03   -0.9990E+03   -0.9990E+03   -0.9990E+03   -0.9990E+03   -0.9990E+03   -0.9990E+03   -0.9990E+03   -0.9990E+03   -0.9990E+03   -0.9990E+03   -0.9990E+03   -0.9990E+03
   -0.9990E+03   -0.9990E+03   -0.9990E+03   -0.9990E+03   -0.9990E+03   -0.9990E+03   -0.9990E+03   -0.9990E+03   -0.9990E+03   -0.9990E+03   -0.9990E+03   -0.9990E+03   -0.9990E+03   -0.9990E+03   -0.9990E+03   -0.9990E+03   -0.9990E+03   -0.9990E+03   -0.9990E+03   -0.9990E+03   -0.9990E+03   -0.9990E+03   -0.9990E+03   -0.9990E+03   -0.9990E+03   -0.9990E+03   -0.9990E+03   -0.9990E+03   -0.9990E+03   -0.9990E+03   -0.9990E+03   -0.9990E+03   -0.9990E+03    0.8935E+02    0.8916E+02    0.8588E+02    0.8678E+02    0.8424E+02    0.8316E+02    0.8163E+02    0.7886E+02    0.7668E+02    0.7212E+02    0.6802E+02    0.6506E+02    0.6489E+02    0.6804E+02    0.7684E+02    0.8577E+02    0.9336E+02    0.1007E+03   -0.9990E+03   -0.9990E+03   -0.9990E+03   -0.9990E+03   -0.9990E+03   -0.9990E+03   -0.9990E+03   -0.9990E+03   -0.9990E+03   -0.9990E+03   -0.9990E+03   -0.9990E+03   -0.9990E+03   -0.9990E+03   -0.9990E+03   -0.9990E+03   -0.9990E+03   -0.9990E+03   -0.9990E+03   -0.9990E+03   -0.9990E+03   -0.9990E+03   -0.9990E+03   -0.9990E+03   -0.9990E+03
   -0.9990E+03   -0.9990E+03   -0.9990E+03   -0.9990E+03   -0.9990E+03   -0.9990E+03   -0.9990E+03   -0.9990E+03   -0.9990E+03   -0.9990E+03   -0.9990E+03   -0.9990E+03   -0.9990E+03   -0.9990E+03   -0.9990E+03   -0.9990E+03   -0.9990E+03   -0.9990E+03   -0.9990E+03   -0.9990E+03   -0.9990E+03   -0.9990E+03   -0.9990E+03   -0.9990E+03   -0.9990E+03   -0.9990E+03   -0.9990E+03   -0.9990E+03   -0.9990E+03   -0.9990E+03   -0.9990E+03    0.9450E+02    0.1645E+03    0.9408E+02    0.9306E+02    0.9048E+02    0.8936E+02    0.8739E+02    0.8702E+02    0.1821E+03    0.1747E+03    0.8111E+02    0.7572E+02    0.7332E+02    0.7405E+02    0.7157E+02    0.7576E+02    0.8307E+02    0.8989E+02    0.9650E+02   -0.9990E+03   -0.9990E+03   -0.9990E+03   -0.9990E+03   -0.9990E+03   -0.9990E+03   -0.9990E+03   -0.9990E+03   -0.9990E+03   -0.9990E+03   -0.9990E+03   -0.9990E+03   -0.9990E+03   -0.9990E+03   -0.9990E+03   -0.9990E+03   -0.9990E+03   -0.9990E+03   -0.9990E+03   -0.9990E+03   -0.9990E+03   -0.9990E+03   -0.9990E+03   -0.9990E+03   -0.9990E+03   -0.9990E+03
   -0.9990E+03   -0.9990E+03   -0.9990E+03   -0.9990E+03   -0.9990E+03   -0.9990E+03   -0.9990E+03   -0.9990E+03   -0.9990E+03   -0.9990E+03   -0.9990E+03   -0.9990E+03   -0.9990E+03   -0.9990E+03   -0.9990E+03   -0.9990E+03   -0.9990E+03   -0.9990E+03   -0.9990E+03   -0.9990E+03   -0.9990E+03   -0.9990E+03   -0.9990E+03   -0.9990E+03   -0.9990E+03   -0.9990E+03   -0.9990E+03   -0.9990E+03   -0.9990E+03   -0.9990E+03   -0.9990E+03    0.1004E+03    0.9915E+02    0.9840E+02    0.9728E+02    0.9463E+02    0.9316E+02    0.9103E+02    0.9580E+02    0.1883E+03    0.1247E+03    0.8710E+02    0.8145E+02    0.8059E+02    0.7900E+02    0.7930E+02    0.8480E+02    0.8791E+02    0.9376E+02   -0.9990E+03   -0.9990E+03   -0.9990E+03   -0.9990E+03   -0.9990E+03   -0.9990E+03   -0.9990E+03   -0.9990E+03   -0.9990E+03   -0.9990E+03   -0.9990E+03   -0.9990E+03   -0.9990E+03   -0.9990E+03   -0.9990E+03   -0.9990E+03   -0.9990E+03   -0.9990E+03   -0.9990E+03   -0.9990E+03   -0.9990E+03   -0.9990E+03   -0.9990E+03   -0.9990E+03   -0.9990E+03   -0.9990E+03   -0.9990E+03
   -0.9990E+03   -0.9990E+03   -0.9990E+03   -0.9990E+03   -0.9990E+03   -0.9990E+03   -0.9990E+03   -0.9990E+03   -0.9990E+03   -0.9990E+03   -0.9990E+03   -0.9990E+03   -0.9990E+03   -0.9990E+03   -0.9990E+03   -0.9990E+03   -0.9990E+03   -0.9990E+03   -0.9990E+03   -0.9990E+03   -0.9990E+03   -0.9990E+03   -0.9990E+03   -0.9990E+03   -0.9990E+03   -0.9990E+03   -0.9990E+03   -0.9990E+03   -0.9990E+03   -0.9990E+03   -0.9990E+03    0.1059E+03    0.1048E+03    0.1034E+03    0.1020E+03    0.9935E+02    0.9713E+02    0.9735E+02    0.9669E+02    0.9627E+02    0.9270E+02    0.8880E+02    0.8880E+02    0.8620E+02    0.8590E+02    0.8777E+02    0.9058E+02    0.9397E+02   -0.9990E+03   -0.9990E+03   -0.9990E+03   -0.9990E+03   -0.9990E+03   -0.9990E+03   -0.9990E+03   -0.9990E+03   -0.9990E+03   -0.9990E+03   -0.9990E+03   -0.9990E+03   -0.9990E+03   -0.9990E+03   -0.9990E+03   -0.9990E+03   -0.9990E+03   -0.9990E+03   -0.9990E+03   -0.9990E+03   -0.9990E+03   -0.9990E+03   -0.9990E+03   -0.9990E+03   -0.9990E+03   -0.9990E+03   -0.9990E+03   -0.9990E+03
   -0.9990E+03   -0.9990E+03   -0.9990E+03   -0.9990E+03   -0.9990E+03   -0.9990E+03   -0.9990E+03   -0.9990E+03   -0.9990E+03   -0.9990E+03   -0.9990E+03   -0.9990E+03   -0.9990E+03   -0.9990E+03   -0.9990E+03   -0.9990E+03   -0.9990E+03   -0.9990E+03   -0.9990E+03   -0.9990E+03   -0.9990E+03   -0.9990E+03   -0.9990E+03   -0.9990E+03   -0.9990E+03   -0.9990E+03   -0.9990E+03   -0.9990E+03   -0.9990E+03   -0.9990E+03   -0.9990E+03    0.1107E+03    0.1104E+03    0.1088E+03    0.1067E+03    0.1038E+03    0.1028E+03    0.1054E+03    0.9848E+02    0.9720E+02    0.9571E+02    0.9629E+02    0.9150E+02    0.9391E+02    0.9224E+02    0.9263E+02    0.9567E+02    0.1002E+03   -0.9990E+03   -0.9990E+03   -0.9990E+03   -0.9990E+03   -0.9990E+03   -0.9990E+03   -0.9990E+03   -0.9990E+03   -0.9990E+03   -0.9990E+03   -0.9990E+03   -0.9990E+03   -0.9990E+03   -0.9990E+03   -0.9990E+03   -0.9990E+03   -0.9990E+03   -0.9990E+03   -0.9990E+03   -0.9990E+03   -0.9990E+03   -0.9990E+03   -0.9990E+03   -0.9990E+03   -0.9990E+03   -0.9990E+03   -0.9990E+03   -0.9990E+03
   -0.9990E+03   -0.9990E+03   -0.9990E+03   -0.9990E+03   -0.9990E+03   -0.9990E+03   -0.9990E+03   -0.9990E+03   -0.9990E+03   -0.9990E+03   -0.9990E+03   -0.9990E+03   -0.9990E+03   -0.9990E+03   -0.9990E+03   -0.9990E+03   -0.9990E+03   -0.9990E+03   -0.9990E+03   -0.9990E+03   -0.9990E+03   -0.9990E+03   -0.9990E+03   -0.9990E+03   -0.9990E+03   -0.9990E+03   -0.9990E+03   -0.9990E+03   -0.9990E+03   -0.9990E+03    0.2003E+03    0.1173E+03    0.1175E+03    0.1147E+03    0.1106E+03    0.1087E+03    0.1101E+03    0.1048E+03    0.1049E+03    0.1021E+03    0.9949E+02    0.1016E+03    0.9657E+02    0.9655E+02    0.9752E+02    0.9853E+02    0.1010E+03   -0.9990E+03   -0.9990E+03   -0.9990E+03   -0.9990E+03   -0.9990E+03   -0.9990E+03   -0.9990E+03   -0.9990E+03   -0.9990E+03   -0.9990E+03   -0.9990E+03   -0.9990E+03   -0.9990E+03   -0.9990E+03   -0.9990E+03   -0.9990E+03   -0.9990E+03   -0.9990E+03   -0.9990E+03   -0.9990E+03   -0.9990E+03   -0.9990E+03   -0.9990E+03   -0.9990E+03   -0.9990E+03   -0.9990E+03   -0.9990E+03   -0.9990E+03   -0.9990E+03
   -0.9990E+03   -0.9990E+03   -0.9990E+03   -0.9990E+03   -0.9990E+03   -0.9990E+03   -0.9990E+03   -0.9990E+03   -0.9990E+03   -0.9990E+03   -0.9990E+03   -0.9990E+03   -0.9990E+03   -0.9990E+03   -0.9990E+03   -0.9990E+03   -0.9990E+03   -0.9990E+03   -0.9990E+03   -0.9990E+03   -0.9990E+03   -0.9990E+03   -0.9990E+03   -0.9990E+03   -0.9990E+03   -0.9990E+03   -0.9990E+03   -0.9990E+03   -0.9990E+03   -0.9990E+03    0.1266E+03    0.1249E+03    0.1214E+03    0.1206E+03    0.1161E+03    0.1158E+03    0.1126E+03    0.1076E+03    0.1082E+03    0.1064E+03    0.1050E+03    0.1047E+03    0.1033E+03    0.1016E+03    0.1023E+03    0.1041E+03    0.1067E+03   -0.9990E+03   -0.9990E+03   -0.9990E+03   -0.9990E+03   -0.9990E+03   -0.9990E+03   -0.9990E+03   -0.9990E+03   -0.9990E+03   -0.9990E+03   -0.9990E+03   -0.9990E+03   -0.9990E+03   -0.9990E+03   -0.9990E+03   -0.9990E+03   -0.9990E+03   -0.9990E+03   -0.9990E+03   -0.9990E+03   -0.9990E+03   -0.9990E+03   -0.9990E+03   -0.9990E+03   -0.9990E+03   -0.9990E+03   -0.9990E+03   -0.9990E+03   -0.9990E+03
   -0.9990E+03   -0.9990E+03   -0.9990E+03   -0.9990E+03   -0.9990E+03   -0.9990E+03   -0.9990E+03   -0.9990E+03   -0.9990E+03   -0.9990E+03   -0.9990E+03   -0.9990E+03   -0.9990E+03   -0.9990E+03   -0.9990E+03   -0.9990E+03   -0.9990E+03   -0.9990E+03   -0.9990E+03   -0.9990E+03   -0.9990E+03   -0.9990E+03   -0.9990E+03   -0.9990E+03   -0.9990E+03   -0.9990E+03   -0.9990E+03   -0.9990E+03   -0.9990E+03   -0.9990E+03    0.1323E+03    0.1298E+03    0.1266E+03    0.1265E+03    0.1214E+03    0.1206E+03    0.1196E+03    0.1173E+03    0.1148E+03    0.1127E+03    0.1106E+03    0.1085E+03    0.1082E+03    0.1071E+03    0.1067E+03    0.1083E+03    0.1118E+03    0.1155E+03   -0.9990E+03   -0.9990E+03   -0.9990E+03   -0.9990E+03   -0.9990E+03   -0.9990E+03   -0.9990E+03   -0.9990E+03   -0.9990E+03   -0.9990E+03   -0.9990E+03   -0.9990E+03   -0.9990E+03   -0.9990E+03   -0.9990E+03   -0.9990E+03   -0.9990E+03   -0.9990E+03   -0.9990E+03   -0.9990E+03   -0.9990E+03   -0.9990E+03   -0.9990E+03   -0.9990E+03   -0.9990E+03   -0.9990E+03   -0.9990E+03   -0.9990E+03
   -0.9990E+03   -0.9990E+03   -0.9990E+03   -0.9990E+03   -0.9990E+03   -0.9990E+03   -0.9990E+03   -0.9990E+03   -0.9990E+03   -0.9990E+03   -0.9990E+03   -0.9990E+03   -0.9990E+03   -0.9990E+03   -0.9990E+03   -0.9990E+03   -0.9990E+03   -0.9990E+03   -0.9990E+03   -0.9990E+03   -0.9990E+03   -0.9990E+03   -0.9990E+03   -0.9990E+03   -0.9990E+03   -0.9990E+03   -0.9990E+03   -0.9990E+03   -0.9990E+03   -0.9990E+03   -0.9990E+03    0.1361E+03    0.1335E+03    0.1317E+03    0.1261E+03    0.1274E+03    0.1234E+03    0.1214E+03    0.1196E+03    0.1186E+03    0.1177E+03    0.1163E+03    0.1145E+03    0.1169E+03    0.1149E+03    0.1141E+03    0.1170E+03    0.1203E+03   -0.9990E+03   -0.9990E+03   -0.9990E+03   -0.9990E+03   -0.9990E+03   -0.9990E+03   -0.9990E+03   -0.9990E+03   -0.9990E+03   -0.9990E+03   -0.9990E+03   -0.9990E+03   -0.9990E+03   -0.9990E+03   -0.9990E+03   -0.9990E+03   -0.9990E+03   -0.9990E+03   -0.9990E+03   -0.9990E+03   -0.9990E+03   -0.9990E+03   -0.9990E+03   -0.9990E+03   -0.9990E+03   -0.9990E+03   -0.9990E+03   -0.9990E+03
   -0.9990E+03   -0.9990E+03   -0.9990E+03   -0.9990E+03   -0.9990E+03   -0.9990E+03   -0.9990E+03   -0.9990E+03   -0.9990E+03   -0.9990E+03   -0.9990E+03   -0.9990E+03   -0.9990E+03   -0.9990E+03   -0.9990E+03   -0.9990E+03   -0.9990E+03   -0.9990E+03   -0.9990E+03   -0.9990E+03   -0.9990E+03   -0.9990E+03   -0.9990E+03   -0.9990E+03   -0.9990E+03   -0.9990E+03   -0.9990E+03   -0.9990E+03   -0.9990E+03   -0.9990E+03   -0.9990E+03    0.2025E+03    0.1398E+03    0.1369E+03    0.1356E+03    0.1298E+03    0.1291E+03    0.1268E+03    0.1268E+03    0.1249E+03    0.1234E+03    0.1234E+03    0.1174E+03    0.1173E+03    0.1139E+03    0.1152E+03    0.1200E+03   -0.9990E+03   -0.9990E+03   -0.9990E+03   -0.9990E+03   -0.9990E+03   -0.9990E+03   -0.9990E+03   -0.9990E+03   -0.9990E+03   -0.9990E+03   -0.9990E+03   -0.9990E+03   -0.9990E+03   -0.9990E+03   -0.9990E+03   -0.9990E+03   -0.9990E+03   -0.9990E+03   -0.9990E+03   -0.9990E+03   -0.9990E+03   -0.9990E+03   -0.9990E+03   -0.9990E+03   -0.9990E+03   -0.9990E+03   -0.9990E+03   -0.9990E+03   -0.9990E+03
   -0.9990E+03   -0.9990E+03   -0.9990E+03   -0.9990E+03   -0.9990E+03   -0.9990E+03   -0.9990E+03   -0.9990E+03   -0.9990E+03   -0.9990E+03   -0.9990E+03   -0.9990E+03   -0.9990E+03   -0.9990E+03   -0.9990E+03   -0.9990E+03   -0.9990E+03   -0.9990E+03   -0.9990E+03   -0.9990E+03   -0.9990E+03   -0.9990E+03   -0.9990E+03   -0.9990E+03   -0.9990E+03   -0.9990E+03   -0.9990E+03   -0.9990E+03   -0.9990E+03   -0.9990E+03   -0.9990E+03   -0.9990E+03    0.1459E+03    0.1439E+03    0.1430E+03    0.1358E+03    0.1347E+03    0.1324E+03    0.1328E+03    0.1314E+03    0.1274E+03    0.1256E+03   -0.9990E+03   -0.9990E+03   -0.9990E+03   -0.9990E+03   -0.9990E+03   -0.9990E+03   -0.9990E+03   -0.9990E+03   -0.9990E+03   -0.9990E+03   -0.9990E+03   -0.9990E+03   -0.9990E+03   -0.9990E+03   -0.9990E+03   -0.9990E+03   -0.9990E+03   -0.9990E+03   -0.9990E+03   -0.9990E+03   -0.9990E+03   -0.9990E+03   -0.9990E+03   -0.9990E+03   -0.9990E+03   -0.9990E+03   -0.9990E+03   -0.9990E+03   -0.9990E+03   -0.9990E+03   -0.9990E+03   -0.9990E+03   -0.9990E+03   -0.9990E+03
   -0.9990E+03   -0.9990E+03   -0.9990E+03   -0.9990E+03   -0.9990E+03   -0.9990E+03   -0.9990E+03   -0.9990E+03   -0.9990E+03   -0.9990E+03   -0.9990E+03   -0.9990E+03   -0.9990E+03   -0.9990E+03   -0.9990E+03   -0.9990E+03   -0.9990E+03   -0.9990E+03   -0.9990E+03   -0.9990E+03   -0.9990E+03   -0.9990E+03   -0.9990E+03   -0.9990E+03   -0.9990E+03   -0.9990E+03   -0.9990E+03   -0.9990E+03   -0.9990E+03   -0.9990E+03   -0.9990E+03    0.3132E+03    0.1524E+03    0.1513E+03    0.1455E+03    0.1438E+03    0.1409E+03    0.1388E+03    0.1390E+03    0.1348E+03    0.1334E+03   -0.9990E+03   -0.9990E+03   -0.9990E+03   -0.9990E+03   -0.9990E+03   -0.9990E+03   -0.9990E+03   -0.9990E+03   -0.9990E+03   -0.9990E+03   -0.9990E+03   -0.9990E+03   -0.9990E+03   -0.9990E+03   -0.9990E+03   -0.9990E+03   -0.9990E+03   -0.9990E+03   -0.9990E+03   -0.9990E+03   -0.9990E+03   -0.9990E+03   -0.9990E+03   -0.9990E+03   -0.9990E+03   -0.9990E+03   -0.9990E+03   -0.9990E+03   -0.9990E+03   -0.9990E+03   -0.9990E+03   -0.9990E+03   -0.9990E+03   -0.9990E+03   -0.9990E+03
   -0.9990E+03   -0.9990E+03   -0.9990E+03   -0.9990E+03   -0.9990E+03   -0.9990E+03   -0.9990E+03   -0.9990E+03   -0.9990E+03   -0.9990E+03   -0.9990E+03   -0.9990E+03   -0.9990E+03   -0.9990E+03   -0.9990E+03   -0.9990E+03   -0.9990E+03   -0.9990E+03   -0.9990E+03   -0.9990E+03   -0.9990E+03   -0.9990E+03   -0.9990E+03   -0.9990E+03   -0.9990E+03   -0.9990E+03   -0.9990E+03   -0.9990E+03   -0.9990E+03   -0.9990E+03    0.1787E+03    0.1618E+03    0.1600E+03    0.1568E+03    0.1523E+03    0.1493E+03    0.1484E+03    0.1459E+03    0.1415E+03    0.1433E+03    0.1416E+03   -0.9990E+03   -0.9990E+03   -0.9990E+03   -0.9990E+03   -0.9990E+03   -0.9990E+03   -0.9990E+03   -0.9990E+03   -0.9990E+03   -0.9990E+03   -0.9990E+03   -0.9990E+03   -0.9990E+03   -0.9990E+03   -0.9990E+03   -0.9990E+03   -0.9990E+03   -0.9990E+03   -0.9990E+03   -0.9990E+03   -0.9990E+03   -0.9990E+03   -0.9990E+03   -0.9990E+03   -0.9990E+03   -0.9990E+03   -0.9990E+03   -0.9990E+03   -0.9990E+03   -0.9990E+03   -0.9990E+03   -0.9990E+03   -0.9990E+03   -0.9990E+03   -0.9990E+03
   -0.9990E+03   -0.9990E+03   -0.9990E+03   -0.9990E+03   -0.9990E+03   -0.9990E+03   -0.9990E+03   -0.9990E+03   -0.9990E+03   -0.9990E+03   -0.9990E+03   -0.9990E+03   -0.9990E+03   -0.9990E+03   -0.9990E+03   -0.9990E+03   -0.9990E+03   -0.9990E+03   -0.9990E+03   -0.9990E+03   -0.9990E+03   -0.9990E+03   -0.9990E+03   -0.9990E+03   -0.9990E+03   -0.9990E+03   -0.9990E+03   -0.9990E+03   -0.9990E+03    0.1774E+03    0.1713E+03    0.1709E+03    0.1665E+03    0.1654E+03    0.1567E+03    0.1560E+03    0.1536E+03    0.1479E+03    0.1499E+03    0.1515E+03    0.1477E+03   -0.9990E+03   -0.9990E+03   -0.9990E+03   -0.9990E+03   -0.9990E+03   -0.9990E+03   -0.9990E+03   -0.9990E+03   -0.9990E+03   -0.9990E+03   -0.9990E+03   -0.9990E+03   -0.9990E+03   -0.9990E+03   -0.9990E+03   -0.9990E+03   -0.9990E+03   -0.9990E+03   -0.9990E+03   -0.9990E+03   -0.9990E+03   -0.9990E+03   -0.9990E+03   -0.9990E+03   -0.9990E+03   -0.9990E+03   -0.9990E+03   -0.9990E+03   -0.9990E+03   -0.9990E+03   -0.9990E+03   -0.9990E+03   -0.9990E+03   -0.9990E+03   -0.9990E+03
   -0.9990E+03   -0.9990E+03   -0.9990E+03   -0.9990E+03   -0.9990E+03   -0.9990E+03   -0.9990E+03   -0.9990E+03   -0.9990E+03   -0.9990E+03   -0.9990E+03   -0.9990E+03   -0.9990E+03   -0.9990E+03   -0.9990E+03   -0.9990E+03   -0.9990E+03   -0.9990E+03   -0.9990E+03   -0.9990E+03   -0.9990E+03   -0.9990E+03   -0.9990E+03   -0.9990E+03   -0.9990E+03   -0.9990E+03   -0.9990E+03   -0.9990E+03   -0.9990E+03   -0.9990E+03   -0.9990E+03   -0.9990E+03    0.3344E+03    0.1662E+03    0.1625E+03    0.1611E+03    0.1593E+03    0.1556E+03    0.1565E+03    0.1534E+03    0.1536E+03   -0.9990E+03   -0.9990E+03   -0.9990E+03   -0.9990E+03   -0.9990E+03   -0.9990E+03   -0.9990E+03   -0.9990E+03   -0.9990E+03   -0.9990E+03   -0.9990E+03   -0.9990E+03   -0.9990E+03   -0.9990E+03   -0.9990E+03   -0.9990E+03   -0.9990E+03   -0.9990E+03   -0.9990E+03   -0.9990E+03   -0.9990E+03   -0.9990E+03   -0.9990E+03   -0.9990E+03   -0.9990E+03   -0.9990E+03   -0.9990E+03   -0.9990E+03   -0.9990E+03   -0.9990E+03   -0.9990E+03   -0.9990E+03   -0.9990E+03   -0.9990E+03   -0.9990E+03
   -0.9990E+03   -0.9990E+03   -0.9990E+03   -0.9990E+03   -0.9990E+03   -0.9990E+03   -0.9990E+03   -0.9990E+03   -0.9990E+03   -0.9990E+03   -0.9990E+03   -0.9990E+03   -0.9990E+03   -0.9990E+03   -0.9990E+03   -0.9990E+03   -0.9990E+03   -0.9990E+03   -0.9990E+03   -0.9990E+03   -0.9990E+03   -0.9990E+03   -0.9990E+03   -0.9990E+03   -0.9990E+03   -0.9990E+03   -0.9990E+03   -0.9990E+03    0.2725E+03    0.1880E+03   -0.9990E+03   -0.9990E+03    0.3418E+03    0.1714E+03    0.1684E+03    0.1665E+03    0.1630E+03    0.1632E+03    0.1596E+03    0.1607E+03   -0.9990E+03   -0.9990E+03   -0.9990E+03   -0.9990E+03   -0.9990E+03   -0.9990E+03   -0.9990E+03   -0.9990E+03   -0.9990E+03   -0.9990E+03   -0.9990E+03   -0.9990E+03   -0.9990E+03   -0.9990E+03   -0.9990E+03   -0.9990E+03   -0.9990E+03   -0.9990E+03   -0.9990E+03   -0.9990E+03   -0.9990E+03   -0.9990E+03   -0.9990E+03   -0.9990E+03   -0.9990E+03   -0.9990E+03   -0.9990E+03   -0.9990E+03   -0.9990E+03   -0.9990E+03   -0.9990E+03   -0.9990E+03   -0.9990E+03   -0.9990E+03   -0.9990E+03   -0.9990E+03
   -0.9990E+03   -0.9990E+03   -0.9990E+03   -0.9990E+03   -0.9990E+03   -0.9990E+03   -0.9990E+03   -0.9990E+03   -0.9990E+03   -0.9990E+03   -0.9990E+03   -0.9990E+03   -0.9990E+03   -0.9990E+03   -0.9990E+03   -0.9990E+03   -0.9990E+03   -0.9990E+03   -0.9990E+03   -0.9990E+03   -0.9990E+03   -0.9990E+03   -0.9990E+03   -0.9990E+03   -0.9990E+03   -0.9990E+03   -0.9990E+03   -0.9990E+03   -0.9990E+03    0.1962E+03   -0.9990E+03   -0.9990E+03    0.2281E+03    0.1781E+03    0.1730E+03    0.1726E+03    0.1696E+03    0.1683E+03    0.1679E+03    0.1658E+03   -0.9990E+03   -0.9990E+03   -0.9990E+03   -0.9990E+03   -0.9990E+03   -0.9990E+03   -0.9990E+03   -0.9990E+03   -0.9990E+03   -0.9990E+03   -0.9990E+03   -0.9990E+03   -0.9990E+03   -0.9990E+03   -0.9990E+03   -0.9990E+03   -0.9990E+03   -0.9990E+03   -0.9990E+03   -0.9990E+03   -0.9990E+03   -0.9990E+03   -0.9990E+03   -0.9990E+03   -0.9990E+03   -0.9990E+03   -0.9990E+03   -0.9990E+03   -0.9990E+03   -0.9990E+03   -0.9990E+03   -0.9990E+03   -0.9990E+03   -0.9990E+03   -0.9990E+03   -0.9990E+03
   -0.9990E+03   -0.9990E+03   -0.9990E+03   -0.9990E+03   -0.9990E+03   -0.9990E+03   -0.9990E+03   -0.9990E+03   -0.9990E+03   -0.9990E+03   -0.9990E+03   -0.9990E+03   -0.9990E+03   -0.9990E+03   -0.9990E+03   -0.9990E+03   -0.9990E+03   -0.9990E+03   -0.9990E+03   -0.9990E+03   -0.9990E+03   -0.9990E+03   -0.9990E+03   -0.9990E+03   -0.9990E+03   -0.9990E+03   -0.9990E+03   -0.9990E+03   -0.9990E+03    0.2000E+03   -0.9990E+03   -0.9990E+03   -0.9990E+03    0.1864E+03    0.1804E+03    0.1767E+03    0.1721E+03    0.1715E+03    0.1714E+03    0.1719E+03   -0.9990E+03   -0.9990E+03   -0.9990E+03   -0.9990E+03   -0.9990E+03   -0.9990E+03   -0.9990E+03   -0.9990E+03   -0.9990E+03   -0.9990E+03   -0.9990E+03   -0.9990E+03   -0.9990E+03   -0.9990E+03   -0.9990E+03   -0.9990E+03   -0.9990E+03   -0.9990E+03   -0.9990E+03   -0.9990E+03   -0.9990E+03   -0.9990E+03   -0.9990E+03   -0.9990E+03   -0.9990E+03   -0.9990E+03   -0.9990E+03   -0.9990E+03   -0.9990E+03   -0.9990E+03   -0.9990E+03   -0.9990E+03   -0.9990E+03   -0.9990E+03   -0.9990E+03   -0.9990E+03
   -0.9990E+03   -0.9990E+03   -0.9990E+03   -0.9990E+03   -0.9990E+03   -0.9990E+03   -0.9990E+03   -0.9990E+03   -0.9990E+03   -0.9990E+03   -0.9990E+03   -0.9990E+03   -0.9990E+03   -0.9990E+03   -0.9990E+03   -0.9990E+03   -0.9990E+03   -0.9990E+03   -0.9990E+03   -0.9990E+03   -0.9990E+03   -0.9990E+03   -0.9990E+03   -0.9990E+03   -0.9990E+03   -0.9990E+03   -0.9990E+03   -0.9990E+03   -0.9990E+03    0.2432E+03   -0.9990E+03   -0.9990E+03    0.3231E+03    0.1890E+03    0.1808E+03    0.1795E+03    0.1774E+03    0.1771E+03    0.1787E+03    0.1784E+03   -0.9990E+03   -0.9990E+03   -0.9990E+03   -0.9990E+03   -0.9990E+03   -0.9990E+03   -0.9990E+03   -0.9990E+03   -0.9990E+03   -0.9990E+03   -0.9990E+03   -0.9990E+03   -0.9990E+03   -0.9990E+03   -0.9990E+03   -0.9990E+03   -0.9990E+03   -0.9990E+03   -0.9990E+03   -0.9990E+03   -0.9990E+03   -0.9990E+03   -0.9990E+03   -0.9990E+03   -0.9990E+03   -0.9990E+03   -0.9990E+03   -0.9990E+03   -0.9990E+03   -0.9990E+03   -0.9990E+03   -0.9990E+03   -0.9990E+03   -0.9990E+03   -0.9990E+03   -0.9990E+03
   -0.9990E+03   -0.9990E+03   -0.9990E+03   -0.9990E+03   -0.9990E+03   -0.9990E+03   -0.9990E+03   -0.9990E+03   -0.9990E+03   -0.9990E+03   -0.9990E+03   -0.9990E+03   -0.9990E+03   -0.9990E+03   -0.9990E+03   -0.9990E+03   -0.9990E+03   -0.9990E+03   -0.9990E+03   -0.9990E+03   -0.9990E+03   -0.9990E+03   -0.9990E+03   -0.9990E+03   -0.9990E+03   -0.9990E+03   -0.9990E+03   -0.9990E+03   -0.9990E+03   -0.9990E+03   -0.9990E+03   -0.9990E+03    0.2961E+03    0.1916E+03    0.1877E+03    0.1836E+03    0.1829E+03    0.1833E+03    0.1845E+03    0.1838E+03   -0.9990E+03   -0.9990E+03   -0.9990E+03   -0.9990E+03   -0.9990E+03   -0.9990E+03   -0.9990E+03   -0.9990E+03   -0.9990E+03   -0.9990E+03   -0.9990E+03   -0.9990E+03   -0.9990E+03   -0.9990E+03   -0.9990E+03   -0.9990E+03   -0.9990E+03   -0.9990E+03   -0.9990E+03   -0.9990E+03   -0.9990E+03   -0.9990E+03   -0.9990E+03   -0.9990E+03   -0.9990E+03   -0.9990E+03   -0.9990E+03   -0.9990E+03   -0.9990E+03   -0.9990E+03   -0.9990E+03   -0.9990E+03   -0.9990E+03   -0.9990E+03   -0.9990E+03   -0.9990E+03
   -0.9990E+03   -0.9990E+03   -0.9990E+03   -0.9990E+03   -0.9990E+03   -0.9990E+03   -0.9990E+03   -0.9990E+03   -0.9990E+03   -0.9990E+03   -0.9990E+03   -0.9990E+03   -0.9990E+03   -0.9990E+03   -0.9990E+03   -0.9990E+03   -0.9990E+03   -0.9990E+03   -0.9990E+03   -0.9990E+03   -0.9990E+03   -0.9990E+03   -0.9990E+03   -0.9990E+03   -0.9990E+03   -0.9990E+03   -0.9990E+03   -0.9990E+03   -0.9990E+03   -0.9990E+03   -0.9990E+03   -0.9990E+03    0.2030E+03    0.1978E+03    0.1923E+03    0.1892E+03    0.1890E+03    0.1901E+03    0.1899E+03    0.1894E+03   -0.9990E+03   -0.9990E+03   -0.9990E+03   -0.9990E+03   -0.9990E+03   -0.9990E+03   -0.9990E+03   -0.9990E+03   -0.9990E+03   -0.9990E+03   -0.9990E+03   -0.9990E+03   -0.9990E+03   -0.9990E+03   -0.9990E+03   -0.9990E+03   -0.9990E+03   -0.9990E+03   -0.9990E+03   -0.9990E+03   -0.9990E+03   -0.9990E+03   -0.9990E+03   -0.9990E+03   -0.9990E+03   -0.9990E+03   -0.9990E+03   -0.9990E+03   -0.9990E+03   -0.9990E+03   -0.9990E+03   -0.9990E+03   -0.9990E+03   -0.9990E+03   -0.9990E+03   -0.9990E+03
   -0.9990E+03   -0.9990E+03   -0.9990E+03   -0.9990E+03   -0.9990E+03   -0.9990E+03   -0.9990E+03   -0.9990E+03   -0.9990E+03   -0.9990E+03   -0.9990E+03   -0.9990E+03   -0.9990E+03   -0.9990E+03   -0.9990E+03   -0.9990E+03   -0.9990E+03   -0.9990E+03   -0.9990E+03   -0.9990E+03   -0.9990E+03   -0.9990E+03   -0.9990E+03   -0.9990E+03   -0.9990E+03   -0.9990E+03   -0.9990E+03   -0.9990E+03   -0.9990E+03   -0.9990E+03   -0.9990E+03    0.2113E+03    0.2070E+03    0.1999E+03    0.1985E+03    0.1960E+03    0.1955E+03    0.1955E+03    0.1950E+03    0.1956E+03   -0.9990E+03   -0.9990E+03   -0.9990E+03   -0.9990E+03   -0.9990E+03   -0.9990E+03   -0.9990E+03   -0.9990E+03   -0.9990E+03   -0.9990E+03   -0.9990E+03   -0.9990E+03   -0.9990E+03   -0.9990E+03   -0.9990E+03   -0.9990E+03   -0.9990E+03   -0.9990E+03   -0.9990E+03   -0.9990E+03   -0.9990E+03   -0.9990E+03   -0.9990E+03   -0.9990E+03   -0.9990E+03   -0.9990E+03   -0.9990E+03   -0.9990E+03   -0.9990E+03   -0.9990E+03   -0.9990E+03   -0.9990E+03   -0.9990E+03   -0.9990E+03   -0.9990E+03   -0.9990E+03
   -0.9990E+03   -0.9990E+03   -0.9990E+03   -0.9990E+03   -0.9990E+03   -0.9990E+03   -0.9990E+03   -0.9990E+03   -0.9990E+03   -0.9990E+03   -0.9990E+03   -0.9990E+03   -0.9990E+03   -0.9990E+03   -0.9990E+03   -0.9990E+03   -0.9990E+03   -0.9990E+03   -0.9990E+03   -0.9990E+03   -0.9990E+03   -0.9990E+03   -0.9990E+03   -0.9990E+03   -0.9990E+03    0.2560E+03    0.3411E+03    0.3313E+03    0.3134E+03    0.2196E+03    0.2155E+03    0.2150E+03    0.2100E+03    0.2040E+03    0.2041E+03    0.2029E+03    0.2023E+03    0.2013E+03    0.2014E+03    0.2012E+03   -0.9990E+03   -0.9990E+03   -0.9990E+03   -0.9990E+03   -0.9990E+03   -0.9990E+03   -0.9990E+03   -0.9990E+03   -0.9990E+03   -0.9990E+03   -0.9990E+03   -0.9990E+03   -0.9990E+03   -0.9990E+03   -0.9990E+03   -0.9990E+03   -0.9990E+03   -0.9990E+03   -0.9990E+03   -0.9990E+03   -0.9990E+03   -0.9990E+03   -0.9990E+03   -0.9990E+03   -0.9990E+03   -0.9990E+03   -0.9990E+03   -0.9990E+03   -0.9990E+03   -0.9990E+03   -0.9990E+03   -0.9990E+03   -0.9990E+03   -0.9990E+03   -0.9990E+03   -0.9990E+03
   -0.9990E+03   -0.9990E+03   -0.9990E+03   -0.9990E+03   -0.9990E+03   -0.9990E+03   -0.9990E+03   -0.9990E+03   -0.9990E+03   -0.9990E+03   -0.9990E+03   -0.9990E+03   -0.9990E+03   -0.9990E+03   -0.9990E+03   -0.9990E+03   -0.9990E+03   -0.9990E+03   -0.9990E+03   -0.9990E+03   -0.9990E+03   -0.9990E+03   -0.9990E+03    0.3709E+03    0.2364E+03    0.2326E+03    0.2294E+03    0.3407E+03    0.2233E+03    0.2213E+03    0.2183E+03    0.2169E+03    0.2130E+03    0.2136E+03    0.2117E+03    0.2100E+03    0.2068E+03    0.2070E+03    0.2063E+03   -0.9990E+03   -0.9990E+03   -0.9990E+03   -0.9990E+03   -0.9990E+03   -0.9990E+03   -0.9990E+03   -0.9990E+03   -0.9990E+03   -0.9990E+03   -0.9990E+03   -0.9990E+03   -0.9990E+03   -0.9990E+03   -0.9990E+03   -0.9990E+03   -0.9990E+03   -0.9990E+03   -0.9990E+03   -0.9990E+03   -0.9990E+03   -0.9990E+03   -0.9990E+03   -0.9990E+03   -0.9990E+03   -0.9990E+03   -0.9990E+03   -0.9990E+03   -0.9990E+03   -0.9990E+03   -0.9990E+03   -0.9990E+03   -0.9990E+03   -0.9990E+03   -0.9990E+03   -0.9990E+03   -0.9990E+03
   -0.9990E+03   -0.9990E+03   -0.9990E+03   -0.9990E+03   -0.9990E+03   -0.9990E+03   -0.9990E+03   -0.9990E+03   -0.9990E+03   -0.9990E+03   -0.9990E+03   -0.9990E+03   -0.9990E+03   -0.9990E+03   -0.9990E+03   -0.9990E+03   -0.9990E+03   -0.9990E+03   -0.9990E+03   -0.9990E+03   -0.9990E+03   -0.9990E+03   -0.9990E+03    0.3567E+03    0.3577E+03    0.2321E+03    0.2306E+03    0.2277E+03    0.2240E+03    0.2230E+03    0.2211E+03    0.2194E+03    0.2177E+03    0.2170E+03    0.2134E+03    0.2130E+03    0.2118E+03    0.2118E+03   -0.9990E+03   -0.9990E+03   -0.9990E+03   -0.9990E+03   -0.9990E+03   -0.9990E+03   -0.9990E+03   -0.9990E+03   -0.9990E+03   -0.9990E+03   -0.9990E+03   -0.9990E+03   -0.9990E+03   -0.9990E+03   -0.9990E+03   -0.9990E+03   -0.9990E+03   -0.9990E+03   -0.9990E+03   -0.9990E+03   -0.9990E+03   -0.9990E+03   -0.9990E+03   -0.9990E+03   -0.9990E+03   -0.9990E+03   -0.9990E+03   -0.9990E+03   -0.9990E+03   -0.9990E+03   -0.9990E+03   -0.9990E+03   -0.9990E+03   -0.9990E+03   -0.9990E+03   -0.9990E+03   -0.9990E+03   -0.9990E+03
   -0.9990E+03   -0.9990E+03   -0.9990E+03   -0.9990E+03   -0.9990E+03   -0.9990E+03   -0.9990E+03   -0.9990E+03   -0.9990E+03   -0.9990E+03   -0.9990E+03   -0.9990E+03   -0.9990E+03   -0.9990E+03   -0.9990E+03   -0.9990E+03   -0.9990E+03   -0.9990E+03   -0.9990E+03   -0.9990E+03   -0.9990E+03   -0.9990E+03    0.3283E+03   -0.9990E+03    0.3459E+03    0.2324E+03    0.2296E+03    0.2270E+03    0.2257E+03    0.2244E+03    0.2235E+03    0.2225E+03    0.2213E+03    0.2213E+03    0.2189E+03    0.2178E+03    0.2186E+03    0.2174E+03   -0.9990E+03   -0.9990E+03   -0.9990E+03   -0.9990E+03   -0.9990E+03   -0.9990E+03   -0.9990E+03   -0.9990E+03   -0.9990E+03   -0.9990E+03   -0.9990E+03   -0.9990E+03   -0.9990E+03   -0.9990E+03   -0.9990E+03   -0.9990E+03   -0.9990E+03   -0.9990E+03   -0.9990E+03   -0.9990E+03   -0.9990E+03   -0.9990E+03   -0.9990E+03   -0.9990E+03   -0.9990E+03   -0.9990E+03   -0.9990E+03   -0.9990E+03   -0.9990E+03   -0.9990E+03   -0.9990E+03   -0.9990E+03   -0.9990E+03   -0.9990E+03   -0.9990E+03   -0.9990E+03   -0.9990E+03   -0.9990E+03
   -0.9990E+03   -0.9990E+03   -0.9990E+03   -0.9990E+03   -0.9990E+03   -0.9990E+03   -0.9990E+03   -0.9990E+03   -0.9990E+03   -0.9990E+03   -0.9990E+03   -0.9990E+03   -0.9990E+03   -0.9990E+03   -0.9990E+03   -0.9990E+03   -0.9990E+03   -0.9990E+03   -0.9990E+03   -0.9990E+03   -0.9990E+03    0.3473E+03    0.2429E+03    0.3349E+03    0.2360E+03    0.2311E+03    0.2287E+03    0.2275E+03    0.2263E+03    0.2260E+03    0.2246E+03    0.2238E+03    0.2249E+03    0.2245E+03    0.2245E+03    0.2255E+03    0.2236E+03    0.2228E+03   -0.9990E+03   -0.9990E+03   -0.9990E+03   -0.9990E+03   -0.9990E+03   -0.9990E+03   -0.9990E+03   -0.9990E+03   -0.9990E+03   -0.9990E+03   -0.9990E+03   -0.9990E+03   -0.9990E+03   -0.9990E+03   -0.9990E+03   -0.9990E+03   -0.9990E+03   -0.9990E+03   -0.9990E+03   -0.9990E+03   -0.9990E+03   -0.9990E+03   -0.9990E+03   -0.9990E+03   -0.9990E+03   -0.9990E+03   -0.9990E+03   -0.9990E+03   -0.9990E+03   -0.9990E+03   -0.9990E+03   -0.9990E+03   -0.9990E+03   -0.9990E+03   -0.9990E+03   -0.9990E+03   -0.9990E+03   -0.9990E+03
   -0.9990E+03   -0.9990E+03   -0.9990E+03   -0.9990E+03   -0.9990E+03   -0.9990E+03   -0.9990E+03   -0.9990E+03   -0.9990E+03   -0.9990E+03   -0.9990E+03   -0.9990E+03   -0.9990E+03   -0.9990E+03   -0.9990E+03   -0.9990E+03   -0.9990E+03   -0.9990E+03   -0.9990E+03   -0.9990E+03   -0.9990E+03    0.3462E+03    0.2443E+03    0.2390E+03    0.2340E+03    0.2303E+03    0.2284E+03    0.2276E+03    0.2272E+03    0.2270E+03    0.2276E+03    0.2278E+03    0.2283E+03    0.2291E+03    0.2299E+03    0.2291E+03    0.2288E+03    0.2280E+03   -0.9990E+03   -0.9990E+03   -0.9990E+03   -0.9990E+03   -0.9990E+03   -0.9990E+03   -0.9990E+03   -0.9990E+03   -0.9990E+03   -0.9990E+03   -0.9990E+03   -0.9990E+03   -0.9990E+03   -0.9990E+03   -0.9990E+03   -0.9990E+03   -0.9990E+03   -0.9990E+03   -0.9990E+03   -0.9990E+03   -0.9990E+03   -0.9990E+03   -0.9990E+03   -0.9990E+03   -0.9990E+03   -0.9990E+03   -0.9990E+03   -0.9990E+03   -0.9990E+03   -0.9990E+03   -0.9990E+03   -0.9990E+03   -0.9990E+03   -0.9990E+03   -0.9990E+03   -0.9990E+03   -0.9990E+03   -0.9990E+03
   -0.9990E+03   -0.9990E+03   -0.9990E+03   -0.9990E+03   -0.9990E+03   -0.9990E+03   -0.9990E+03   -0.9990E+03   -0.9990E+03   -0.9990E+03   -0.9990E+03   -0.9990E+03   -0.9990E+03   -0.9990E+03   -0.9990E+03   -0.9990E+03   -0.9990E+03   -0.9990E+03   -0.9990E+03   -0.9990E+03   -0.9990E+03    0.2956E+03    0.2478E+03    0.2402E+03    0.2333E+03    0.2292E+03    0.2277E+03    0.2279E+03    0.2289E+03    0.2296E+03    0.2305E+03    0.2313E+03    0.2318E+03    0.2328E+03    0.2342E+03    0.2340E+03   -0.9990E+03   -0.9990E+03   -0.9990E+03   -0.9990E+03   -0.9990E+03   -0.9990E+03   -0.9990E+03   -0.9990E+03   -0.9990E+03   -0.9990E+03   -0.9990E+03   -0.9990E+03   -0.9990E+03   -0.9990E+03   -0.9990E+03   -0.9990E+03   -0.9990E+03   -0.9990E+03   -0.9990E+03   -0.9990E+03   -0.9990E+03   -0.9990E+03   -0.9990E+03   -0.9990E+03   -0.9990E+03   -0.9990E+03   -0.9990E+03   -0.9990E+03   -0.9990E+03   -0.9990E+03   -0.9990E+03   -0.9990E+03   -0.9990E+03   -0.9990E+03   -0.9990E+03   -0.9990E+03   -0.9990E+03   -0.9990E+03   -0.9990E+03   -0.9990E+03
   -0.9990E+03   -0.9990E+03   -0.9990E+03   -0.9990E+03   -0.9990E+03   -0.9990E+03   -0.9990E+03   -0.9990E+03   -0.9990E+03   -0.9990E+03   -0.9990E+03   -0.9990E+03   -0.9990E+03   -0.9990E+03   -0.9990E+03   -0.9990E+03   -0.9990E+03   -0.9990E+03   -0.9990E+03   -0.9990E+03   -0.9990E+03    0.2698E+03    0.2508E+03    0.2432E+03    0.2356E+03    0.2267E+03    0.2290E+03    0.2307E+03    0.2323E+03    0.2336E+03    0.2345E+03    0.2353E+03    0.2364E+03    0.2372E+03    0.2381E+03    0.2395E+03   -0.9990E+03   -0.9990E+03   -0.9990E+03   -0.9990E+03   -0.9990E+03   -0.9990E+03   -0.9990E+03   -0.9990E+03   -0.9990E+03   -0.9990E+03   -0.9990E+03   -0.9990E+03   -0.9990E+03   -0.9990E+03   -0.9990E+03   -0.9990E+03   -0.9990E+03   -0.9990E+03   -0.9990E+03   -0.9990E+03   -0.9990E+03   -0.9990E+03   -0.9990E+03   -0.9990E+03   -0.9990E+03   -0.9990E+03   -0.9990E+03   -0.9990E+03   -0.9990E+03   -0.9990E+03   -0.9990E+03   -0.9990E+03   -0.9990E+03   -0.9990E+03   -0.9990E+03   -0.9990E+03   -0.9990E+03   -0.9990E+03   -0.9990E+03   -0.9990E+03
   -0.9990E+03   -0.9990E+03   -0.9990E+03   -0.9990E+03   -0.9990E+03   -0.9990E+03   -0.9990E+03   -0.9990E+03   -0.9990E+03   -0.9990E+03   -0.9990E+03   -0.9990E+03   -0.9990E+03   -0.9990E+03   -0.9990E+03   -0.9990E+03   -0.9990E+03   -0.9990E+03   -0.9990E+03   -0.9990E+03   -0.9990E+03    0.2626E+03    0.2558E+03    0.2488E+03    0.2414E+03    0.2359E+03    0.2347E+03    0.2357E+03    0.2367E+03    0.2377E+03    0.2387E+03    0.2393E+03    0.2405E+03    0.2417E+03    0.2423E+03   -0.9990E+03   -0.9990E+03   -0.9990E+03   -0.9990E+03   -0.9990E+03   -0.9990E+03   -0.9990E+03   -0.9990E+03   -0.9990E+03   -0.9990E+03   -0.9990E+03   -0.9990E+03   -0.9990E+03   -0.9990E+03   -0.9990E+03   -0.9990E+03   -0.9990E+03   -0.9990E+03   -0.9990E+03   -0.9990E+03   -0.9990E+03   -0.9990E+03   -0.9990E+03   -0.9990E+03   -0.9990E+03   -0.9990E+03   -0.9990E+03   -0.9990E+03   -0.9990E+03   -0.9990E+03   -0.9990E+03   -0.9990E+03   -0.9990E+03   -0.9990E+03   -0.9990E+03   -0.9990E+03   -0.9990E+03   -0.9990E+03   -0.9990E+03   -0.9990E+03   -0.9990E+03
   -0.9990E+03   -0.9990E+03   -0.9990E+03   -0.9990E+03   -0.9990E+03   -0.9990E+03   -0.9990E+03   -0.9990E+03   -0.9990E+03   -0.9990E+03   -0.9990E+03   -0.9990E+03   -0.9990E+03   -0.9990E+03   -0.9990E+03   -0.9990E+03   -0.9990E+03   -0.9990E+03   -0.9990E+03   -0.9990E+03    0.2748E+03    0.2684E+03    0.2623E+03    0.2553E+03    0.2489E+03    0.2446E+03    0.2426E+03    0.2422E+03    0.2426E+03    0.2431E+03    0.2437E+03    0.2444E+03    0.2448E+03    0.2456E+03    0.2453E+03   -0.9990E+03   -0.9990E+03   -0.9990E+03   -0.9990E+03   -0.9990E+03   -0.9990E+03   -0.9990E+03   -0.9990E+03   -0.9990E+03   -0.9990E+03   -0.9990E+03   -0.9990E+03   -0.9990E+03   -0.9990E+03   -0.9990E+03   -0.9990E+03   -0.9990E+03   -0.9990E+03   -0.9990E+03   -0.9990E+03   -0.9990E+03   -0.9990E+03   -0.9990E+03   -0.9990E+03   -0.9990E+03   -0.9990E+03   -0.9990E+03   -0.9990E+03   -0.9990E+03   -0.9990E+03   -0.9990E+03   -0.9990E+03   -0.9990E+03   -0.9990E+03   -0.9990E+03   -0.9990E+03   -0.9990E+03   -0.9990E+03   -0.9990E+03   -0.9990E+03   -0.9990E+03
   -0.9990E+03   -0.9990E+03   -0.9990E+03   -0.9990E+03   -0.9990E+03   -0.9990E+03   -0.9990E+03   -0.9990E+03   -0.9990E+03   -0.9990E+03   -0.9990E+03   -0.9990E+03   -0.9990E+03   -0.9990E+03   -0.9990E+03   -0.9990E+03   -0.9990E+03   -0.9990E+03    0.3186E+03    0.2873E+03    0.2813E+03    0.2755E+03    0.2690E+03    0.2623E+03    0.2566E+03    0.2524E+03    0.2499E+03    0.2485E+03    0.2480E+03    0.2483E+03    0.2480E+03    0.2487E+03    0.2489E+03    0.2488E+03    0.2487E+03   -0.9990E+03   -0.9990E+03   -0.9990E+03   -0.9990E+03   -0.9990E+03   -0.9990E+03   -0.9990E+03   -0.9990E+03   -0.9990E+03   -0.9990E+03   -0.9990E+03   -0.9990E+03   -0.9990E+03   -0.9990E+03   -0.9990E+03   -0.9990E+03   -0.9990E+03   -0.9990E+03   -0.9990E+03   -0.9990E+03   -0.9990E+03   -0.9990E+03   -0.9990E+03   -0.9990E+03   -0.9990E+03   -0.9990E+03   -0.9990E+03   -0.9990E+03   -0.9990E+03   -0.9990E+03   -0.9990E+03   -0.9990E+03   -0.9990E+03   -0.9990E+03   -0.9990E+03   -0.9990E+03   -0.9990E+03   -0.9990E+03   -0.9990E+03   -0.9990E+03   -0.9990E+03
   -0.9990E+03   -0.9990E+03   -0.9990E+03   -0.9990E+03   -0.9990E+03   -0.9990E+03   -0.9990E+03   -0.9990E+03   -0.9990E+03   -0.9990E+03   -0.9990E+03   -0.9990E+03   -0.9990E+03   -0.9990E+03   -0.9990E+03   -0.9990E+03   -0.9990E+03   -0.9990E+03    0.3634E+03    0.2938E+03    0.2882E+03    0.2819E+03    0.2755E+03    0.2694E+03    0.2643E+03    0.2600E+03    0.2568E+03    0.2547E+03    0.2533E+03    0.2528E+03    0.2525E+03    0.2521E+03    0.2520E+03    0.2522E+03    0.2517E+03   -0.9990E+03   -0.9990E+03   -0.9990E+03   -0.9990E+03   -0.9990E+03   -0.9990E+03   -0.9990E+03   -0.9990E+03   -0.9990E+03   -0.9990E+03   -0.9990E+03   -0.9990E+03   -0.9990E+03   -0.9990E+03   -0.9990E+03   -0.9990E+03   -0.9990E+03   -0.9990E+03   -0.9990E+03   -0.9990E+03   -0.9990E+03   -0.9990E+03   -0.9990E+03   -0.9990E+03   -0.9990E+03   -0.9990E+03   -0.9990E+03   -0.9990E+03   -0.9990E+03   -0.9990E+03   -0.9990E+03   -0.9990E+03   -0.9990E+03   -0.9990E+03   -0.9990E+03   -0.9990E+03   -0.9990E+03   -0.9990E+03   -0.9990E+03   -0.9990E+03   -0.9990E+03
   -0.9990E+03   -0.9990E+03   -0.9990E+03   -0.9990E+03   -0.9990E+03   -0.9990E+03   -0.9990E+03   -0.9990E+03   -0.9990E+03   -0.9990E+03   -0.9990E+03   -0.9990E+03   -0.9990E+03   -0.9990E+03   -0.9990E+03    0.3221E+03    0.3177E+03    0.3127E+03    0.3070E+03    0.3012E+03    0.2950E+03    0.2885E+03    0.2822E+03    0.2764E+03    0.2712E+03    0.2669E+03    0.2634E+03    0.2608E+03    0.2587E+03    0.2574E+03    0.2569E+03    0.2562E+03    0.2558E+03    0.2553E+03   -0.9990E+03   -0.9990E+03   -0.9990E+03   -0.9990E+03   -0.9990E+03   -0.9990E+03   -0.9990E+03   -0.9990E+03   -0.9990E+03   -0.9990E+03   -0.9990E+03   -0.9990E+03   -0.9990E+03   -0.9990E+03   -0.9990E+03   -0.9990E+03   -0.9990E+03   -0.9990E+03   -0.9990E+03   -0.9990E+03   -0.9990E+03   -0.9990E+03   -0.9990E+03   -0.9990E+03   -0.9990E+03   -0.9990E+03   -0.9990E+03   -0.9990E+03   -0.9990E+03   -0.9990E+03   -0.9990E+03   -0.9990E+03   -0.9990E+03   -0.9990E+03   -0.9990E+03   -0.9990E+03   -0.9990E+03   -0.9990E+03   -0.9990E+03   -0.9990E+03   -0.9990E+03   -0.9990E+03
   -0.9990E+03   -0.9990E+03   -0.9990E+03   -0.9990E+03   -0.9990E+03   -0.9990E+03   -0.9990E+03   -0.9990E+03   -0.9990E+03   -0.9990E+03   -0.9990E+03   -0.9990E+03   -0.9990E+03    0.3351E+03    0.3338E+03    0.3308E+03    0.3266E+03    0.3210E+03    0.3149E+03    0.3085E+03    0.3018E+03    0.2955E+03    0.2888E+03    0.2831E+03    0.2778E+03    0.2731E+03    0.2692E+03    0.2665E+03    0.2640E+03    0.2622E+03    0.2612E+03    0.2603E+03    0.2595E+03   -0.9990E+03   -0.9990E+03   -0.9990E+03   -0.9990E+03   -0.9990E+03   -0.9990E+03   -0.9990E+03   -0.9990E+03   -0.9990E+03   -0.9990E+03   -0.9990E+03   -0.9990E+03   -0.9990E+03   -0.9990E+03   -0.9990E+03   -0.9990E+03   -0.9990E+03   -0.9990E+03   -0.9990E+03   -0.9990E+03   -0.9990E+03   -0.9990E+03   -0.9990E+03   -0.9990E+03   -0.9990E+03   -0.9990E+03   -0.9990E+03   -0.9990E+03   -0.9990E+03   -0.9990E+03   -0.9990E+03   -0.9990E+03   -0.9990E+03   -0.9990E+03   -0.9990E+03   -0.9990E+03   -0.9990E+03   -0.9990E+03   -0.9990E+03   -0.9990E+03   -0.9990E+03   -0.9990E+03   -0.9990E+03
   -0.9990E+03   -0.9990E+03   -0.9990E+03   -0.9990E+03   -0.9990E+03   -0.9990E+03   -0.9990E+03   -0.9990E+03   -0.9990E+03   -0.9990E+03    0.3393E+03    0.3408E+03    0.3426E+03    0.3433E+03    0.3426E+03    0.3403E+03    0.3357E+03    0.3296E+03    0.3228E+03    0.3155E+03    0.3086E+03    0.3016E+03    0.2955E+03    0.2892E+03    0.2837E+03    0.2789E+03    0.2750E+03    0.2715E+03    0.2692E+03    0.2669E+03    0.2654E+03    0.2641E+03    0.2632E+03   -0.9990E+03   -0.9990E+03   -0.9990E+03   -0.9990E+03   -0.9990E+03   -0.9990E+03   -0.9990E+03   -0.9990E+03   -0.9990E+03   -0.9990E+03   -0.9990E+03   -0.9990E+03   -0.9990E+03   -0.9990E+03   -0.9990E+03   -0.9990E+03   -0.9990E+03   -0.9990E+03   -0.9990E+03   -0.9990E+03   -0.9990E+03   -0.9990E+03   -0.9990E+03   -0.9990E+03   -0.9990E+03   -0.9990E+03   -0.9990E+03   -0.9990E+03   -0.9990E+03   -0.9990E+03   -0.9990E+03   -0.9990E+03   -0.9990E+03   -0.9990E+03   -0.9990E+03   -0.9990E+03   -0.9990E+03   -0.9990E+03   -0.9990E+03   -0.9990E+03   -0.9990E+03   -0.9990E+03   -0.9990E+03
   -0.9990E+03   -0.9990E+03   -0.9990E+03   -0.9990E+03   -0.9990E+03   -0.9990E+03   -0.9990E+03   -0.9990E+03   -0.9990E+03   -0.9990E+03    0.3438E+03    0.3462E+03    0.3488E+03    0.3512E+03    0.3519E+03    0.3502E+03    0.3450E+03    0.3379E+03    0.3300E+03    0.3224E+03    0.3147E+03    0.3073E+03    0.3006E+03    0.2949E+03    0.2891E+03    0.2844E+03    0.2799E+03    0.2765E+03    0.2736E+03   -0.9990E+03   -0.9990E+03   -0.9990E+03   -0.9990E+03   -0.9990E+03   -0.9990E+03   -0.9990E+03   -0.9990E+03   -0.9990E+03   -0.9990E+03   -0.9990E+03   -0.9990E+03   -0.9990E+03   -0.9990E+03   -0.9990E+03   -0.9990E+03   -0.9990E+03   -0.9990E+03   -0.9990E+03   -0.9990E+03   -0.9990E+03   -0.9990E+03   -0.9990E+03   -0.9990E+03   -0.9990E+03   -0.9990E+03   -0.9990E+03   -0.9990E+03   -0.9990E+03   -0.9990E+03   -0.9990E+03   -0.9990E+03   -0.9990E+03   -0.9990E+03   -0.9990E+03   -0.9990E+03   -0.9990E+03   -0.9990E+03   -0.9990E+03   -0.9990E+03   -0.9990E+03   -0.9990E+03   -0.9990E+03   -0.9990E+03   -0.9990E+03   -0.9990E+03   -0.9990E+03
   -0.9990E+03   -0.9990E+03   -0.9990E+03   -0.9990E+03   -0.9990E+03   -0.9990E+03   -0.9990E+03    0.3428E+03    0.3440E+03    0.3457E+03    0.3875E+03    0.3513E+03    0.3579E+03    0.3572E+03    0.3602E+03    0.3606E+03    0.3542E+03    0.3453E+03    0.3366E+03    0.3283E+03    0.3201E+03    0.3124E+03    0.3055E+03    0.2992E+03    0.2938E+03    0.2887E+03   -0.9990E+03   -0.9990E+03   -0.9990E+03   -0.9990E+03   -0.9990E+03   -0.9990E+03   -0.9990E+03   -0.9990E+03   -0.9990E+03   -0.9990E+03   -0.9990E+03   -0.9990E+03   -0.9990E+03   -0.9990E+03   -0.9990E+03   -0.9990E+03   -0.9990E+03   -0.9990E+03   -0.9990E+03   -0.9990E+03   -0.9990E+03   -0.9990E+03   -0.9990E+03   -0.9990E+03   -0.9990E+03   -0.9990E+03   -0.9990E+03   -0.9990E+03   -0.9990E+03   -0.9990E+03   -0.9990E+03   -0.9990E+03   -0.9990E+03   -0.9990E+03   -0.9990E+03   -0.9990E+03   -0.9990E+03   -0.9990E+03   -0.9990E+03   -0.9990E+03   -0.9990E+03   -0.9990E+03   -0.9990E+03   -0.9990E+03   -0.9990E+03   -0.9990E+03   -0.9990E+03   -0.9990E+03   -0.9990E+03   -0.9990E+03
   -0.9990E+03   -0.9990E+03    0.3331E+03    0.3363E+03    0.4256E+03    0.3438E+03    0.3444E+03    0.3463E+03    0.3470E+03    0.3822E+03    0.3719E+03   -0.9990E+03    0.4623E+03    0.3647E+03    0.3676E+03   -0.9990E+03    0.4564E+03    0.3503E+03    0.3408E+03    0.3320E+03    0.3240E+03    0.3166E+03    0.3096E+03    0.3034E+03   -0.9990E+03   -0.9990E+03   -0.9990E+03   -0.9990E+03   -0.9990E+03   -0.9990E+03   -0.9990E+03   -0.9990E+03   -0.9990E+03   -0.9990E+03   -0.9990E+03   -0.9990E+03   -0.9990E+03   -0.9990E+03   -0.9990E+03   -0.9990E+03   -0.9990E+03   -0.9990E+03   -0.9990E+03   -0.9990E+03   -0.9990E+03   -0.9990E+03   -0.9990E+03   -0.9990E+03   -0.9990E+03   -0.9990E+03   -0.9990E+03   -0.9990E+03   -0.9990E+03   -0.9990E+03   -0.9990E+03   -0.9990E+03   -0.9990E+03   -0.9990E+03   -0.9990E+03   -0.9990E+03   -0.9990E+03   -0.9990E+03   -0.9990E+03   -0.9990E+03   -0.9990E+03   -0.9990E+03   -0.9990E+03   -0.9990E+03   -0.9990E+03   -0.9990E+03   -0.9990E+03   -0.9990E+03   -0.9990E+03   -0.9990E+03   -0.9990E+03   -0.9990E+03
   -0.9990E+03   -0.9990E+03    0.3337E+03    0.3371E+03    0.3402E+03    0.3432E+03    0.3865E+03    0.3781E+03    0.3485E+03    0.3499E+03    0.4641E+03    0.4474E+03    0.3581E+03    0.3633E+03    0.3674E+03    0.4742E+03    0.3604E+03    0.3518E+03    0.3428E+03    0.3344E+03    0.3267E+03    0.3196E+03   -0.9990E+03   -0.9990E+03   -0.9990E+03   -0.9990E+03   -0.9990E+03   -0.9990E+03   -0.9990E+03   -0.9990E+03   -0.9990E+03   -0.9990E+03   -0.9990E+03   -0.9990E+03   -0.9990E+03   -0.9990E+03   -0.9990E+03   -0.9990E+03   -0.9990E+03   -0.9990E+03   -0.9990E+03   -0.9990E+03   -0.9990E+03   -0.9990E+03   -0.9990E+03   -0.9990E+03   -0.9990E+03   -0.9990E+03   -0.9990E+03   -0.9990E+03   -0.9990E+03   -0.9990E+03   -0.9990E+03   -0.9990E+03   -0.9990E+03   -0.9990E+03   -0.9990E+03   -0.9990E+03   -0.9990E+03   -0.9990E+03   -0.9990E+03   -0.9990E+03   -0.9990E+03   -0.9990E+03   -0.9990E+03   -0.9990E+03   -0.9990E+03   -0.9990E+03   -0.9990E+03   -0.9990E+03   -0.9990E+03   -0.9990E+03   -0.9990E+03   -0.9990E+03   -0.9990E+03   -0.9990E+03
   -0.9990E+03    0.3312E+03    0.3342E+03    0.3368E+03    0.3396E+03    0.3463E+03    0.3530E+03    0.3471E+03    0.3480E+03    0.3502E+03    0.3523E+03    0.3692E+03    0.3575E+03    0.3602E+03    0.3615E+03    0.3604E+03    0.3561E+03    0.3503E+03   -0.9990E+03   -0.9990E+03   -0.9990E+03   -0.9990E+03   -0.9990E+03   -0.9990E+03   -0.9990E+03   -0.9990E+03   -0.9990E+03   -0.9990E+03   -0.9990E+03   -0.9990E+03   -0.9990E+03   -0.9990E+03   -0.9990E+03   -0.9990E+03   -0.9990E+03   -0.9990E+03   -0.9990E+03   -0.9990E+03   -0.9990E+03   -0.9990E+03   -0.9990E+03   -0.9990E+03   -0.9990E+03   -0.9990E+03   -0.9990E+03   -0.9990E+03   -0.9990E+03   -0.9990E+03   -0.9990E+03   -0.9990E+03   -0.9990E+03   -0.9990E+03   -0.9990E+03   -0.9990E+03   -0.9990E+03   -0.9990E+03   -0.9990E+03   -0.9990E+03   -0.9990E+03   -0.9990E+03   -0.9990E+03   -0.9990E+03   -0.9990E+03   -0.9990E+03   -0.9990E+03   -0.9990E+03   -0.9990E+03   -0.9990E+03   -0.9990E+03   -0.9990E+03   -0.9990E+03   -0.9990E+03   -0.9990E+03   -0.9990E+03   -0.9990E+03   -0.9990E+03
    0.3285E+03    0.3312E+03    0.3337E+03    0.3363E+03    0.3387E+03    0.3408E+03    0.3425E+03    0.3448E+03    0.3471E+03    0.3491E+03    0.3513E+03    0.3535E+03    0.3553E+03   -0.9990E+03   -0.9990E+03   -0.9990E+03   -0.9990E+03   -0.9990E+03   -0.9990E+03   -0.9990E+03   -0.9990E+03   -0.9990E+03   -0.9990E+03   -0.9990E+03   -0.9990E+03   -0.9990E+03   -0.9990E+03   -0.9990E+03   -0.9990E+03   -0.9990E+03   -0.9990E+03   -0.9990E+03   -0.9990E+03   -0.9990E+03   -0.9990E+03   -0.9990E+03   -0.9990E+03   -0.9990E+03   -0.9990E+03   -0.9990E+03   -0.9990E+03   -0.9990E+03   -0.9990E+03   -0.9990E+03   -0.9990E+03   -0.9990E+03   -0.9990E+03   -0.9990E+03   -0.9990E+03   -0.9990E+03   -0.9990E+03   -0.9990E+03   -0.9990E+03   -0.9990E+03   -0.9990E+03   -0.9990E+03   -0.9990E+03   -0.9990E+03   -0.9990E+03   -0.9990E+03   -0.9990E+03   -0.9990E+03   -0.9990E+03   -0.9990E+03   -0.9990E+03   -0.9990E+03   -0.9990E+03   -0.9990E+03   -0.9990E+03   -0.9990E+03   -0.9990E+03   -0.9990E+03   -0.9990E+03   -0.9990E+03   -0.9990E+03   -0.9990E+03
    0.3284E+03    0.3307E+03    0.3329E+03    0.3350E+03   -0.9990E+03   -0.9990E+03   -0.9990E+03   -0.9990E+03   -0.9990E+03   -0.9990E+03   -0.9990E+03   -0.9990E+03   -0.9990E+03   -0.9990E+03   -0.9990E+03   -0.9990E+03   -0.9990E+03   -0.9990E+03   -0.9990E+03   -0.9990E+03   -0.9990E+03   -0.9990E+03   -0.9990E+03   -0.9990E+03   -0.9990E+03   -0.9990E+03   -0.9990E+03   -0.9990E+03   -0.9990E+03   -0.9990E+03   -0.9990E+03   -0.9990E+03   -0.9990E+03   -0.9990E+03   -0.9990E+03   -0.9990E+03   -0.9990E+03   -0.9990E+03   -0.9990E+03   -0.9990E+03   -0.9990E+03   -0.9990E+03   -0.9990E+03   -0.9990E+03   -0.9990E+03   -0.9990E+03   -0.9990E+03   -0.9990E+03   -0.9990E+03   -0.9990E+03   -0.9990E+03   -0.9990E+03   -0.9990E+03   -0.9990E+03   -0.9990E+03   -0.9990E+03   -0.9990E+03   -0.9990E+03   -0.9990E+03   -0.9990E+03   -0.9990E+03   -0.9990E+03   -0.9990E+03   -0.9990E+03   -0.9990E+03   -0.9990E+03   -0.9990E+03   -0.9990E+03   -0.9990E+03   -0.9990E+03   -0.9990E+03   -0.9990E+03   -0.9990E+03   -0.9990E+03   -0.9990E+03   -0.9990E+03
   -0.9990E+03    0.3297E+03    0.3318E+03    0.3336E+03   -0.9990E+03   -0.9990E+03   -0.9990E+03   -0.9990E+03   -0.9990E+03   -0.9990E+03   -0.9990E+03   -0.9990E+03   -0.9990E+03   -0.9990E+03   -0.9990E+03   -0.9990E+03   -0.9990E+03   -0.9990E+03   -0.9990E+03   -0.9990E+03   -0.9990E+03   -0.9990E+03   -0.9990E+03   -0.9990E+03   -0.9990E+03   -0.9990E+03   -0.9990E+03   -0.9990E+03   -0.9990E+03   -0.9990E+03   -0.9990E+03   -0.9990E+03   -0.9990E+03   -0.9990E+03   -0.9990E+03   -0.9990E+03   -0.9990E+03   -0.9990E+03   -0.9990E+03   -0.9990E+03   -0.9990E+03   -0.9990E+03   -0.9990E+03   -0.9990E+03   -0.9990E+03   -0.9990E+03   -0.9990E+03   -0.9990E+03   -0.9990E+03   -0.9990E+03   -0.9990E+03   -0.9990E+03   -0.9990E+03   -0.9990E+03   -0.9990E+03   -0.9990E+03   -0.9990E+03   -0.9990E+03   -0.9990E+03   -0.9990E+03   -0.9990E+03   -0.9990E+03   -0.9990E+03   -0.9990E+03   -0.9990E+03   -0.9990E+03   -0.9990E+03   -0.9990E+03   -0.9990E+03   -0.9990E+03   -0.9990E+03   -0.9990E+03   -0.9990E+03   -0.9990E+03   -0.9990E+03   -0.9990E+03
       365.0000          LAYER       1
   -0.9990E+03   -0.9990E+03   -0.9990E+03   -0.9990E+03   -0.9990E+03   -0.9990E+03   -0.9990E+03   -0.9990E+03   -0.9990E+03   -0.9990E+03   -0.9990E+03   -0.9990E+03   -0.9990E+03   -0.9990E+03   -0.9990E+03   -0.9990E+03   -0.9990E+03   -0.9990E+03   -0.9990E+03   -0.9990E+03   -0.9990E+03   -0.9990E+03   -0.9990E+03   -0.9990E+03   -0.9990E+03   -0.9990E+03   -0.9990E+03   -0.9990E+03   -0.9990E+03   -0.9990E+03   -0.9990E+03   -0.9990E+03   -0.9990E+03   -0.9990E+03   -0.9990E+03   -0.9990E+03   -0.9990E+03   -0.9990E+03   -0.9990E+03   -0.9990E+03   -0.9990E+03   -0.9990E+03   -0.9990E+03   -0.9990E+03   -0.9990E+03   -0.9990E+03   -0.9990E+03   -0.9990E+03   -0.9990E+03   -0.9990E+03   -0.9990E+03   -0.9990E+03   -0.9990E+03   -0.9990E+03   -0.9990E+03   -0.9990E+03   -0.9990E+03   -0.9990E+03   -0.9990E+03   -0.9990E+03   -0.9990E+03   -0.9990E+03   -0.9990E+03   -0.9990E+03   -0.9990E+03   -0.9990E+03   -0.9990E+03   -0.9990E+03   -0.9990E+03   -0.9990E+03   -0.9990E+03    0.7236E+02    0.7536E+02   -0.9990E+03   -0.9990E+03   -0.9990E+03
   -0.9990E+03   -0.9990E+03   -0.9990E+03   -0.9990E+03   -0.9990E+03   -0.9990E+03   -0.9990E+03   -0.9990E+03   -0.9990E+03   -0.9990E+03   -0.9990E+03   -0.9990E+03   -0.9990E+03   -0.9990E+03   -0.9990E+03   -0.9990E+03   -0.9990E+03   -0.9990E+03   -0.9990E+03   -0.9990E+03   -0.9990E+03   -0.9990E+03   -0.9990E+03   -0.9990E+03   -0.9990E+03   -0.9990E+03   -0.9990E+03   -0.9990E+03   -0.9990E+03   -0.9990E+03   -0.9990E+03   -0.9990E+03   -0.9990E+03   -0.9990E+03   -0.9990E+03   -0.9990E+03   -0.9990E+03   -0.9990E+03   -0.9990E+03   -0.9990E+03   -0.9990E+03   -0.9990E+03   -0.9990E+03   -0.9990E+03   -0.9990E+03   -0.9990E+03   -0.9990E+03   -0.9990E+03   -0.9990E+03   -0.9990E+03   -0.9990E+03   -0.9990E+03   -0.9990E+03   -0.9990E+03   -0.9990E+03   -0.9990E+03   -0.9990E+03   -0.9990E+03   -0.9990E+03   -0.9990E+03   -0.9990E+03   -0.9990E+03   -0.9990E+03   -0.9990E+03   -0.9990E+03   -0.9990E+03   -0.9990E+03   -0.9990E+03   -0.9990E+03   -0.9990E+03    0.6952E+02    0.7412E+02    0.7746E+02    0.8036E+02   -0.9990E+03   -0.9990E+03
   -0.9990E+03   -0.9990E+03   -0.9990E+03   -0.9990E+03   -0.9990E+03   -0.9990E+03   -0.9990E+03   -0.9990E+03   -0.9990E+03   -0.9990E+03   -0.9990E+03   -0.9990E+03   -0.9990E+03   -0.9990E+03   -0.9990E+03   -0.9990E+03   -0.9990E+03   -0.9990E+03   -0.9990E+03   -0.9990E+03   -0.9990E+03   -0.9990E+03   -0.9990E+03   -0.9990E+03   -0.9990E+03   -0.9990E+03   -0.9990E+03   -0.9990E+03   -0.9990E+03   -0.9990E+03   -0.9990E+03   -0.9990E+03   -0.9990E+03   -0.9990E+03   -0.9990E+03   -0.9990E+03   -0.9990E+03   -0.9990E+03   -0.9990E+03   -0.9990E+03   -0.9990E+03   -0.9990E+03   -0.9990E+03   -0.9990E+03   -0.9990E+03   -0.9990E+03   -0.9990E+03   -0.9990E+03   -0.9990E+03   -0.9990E+03   -0.9990E+03   -0.9990E+03   -0.9990E+03   -0.9990E+03   -0.9990E+03   -0.9990E+03   -0.9990E+03   -0.9990E+03   -0.9990E+03   -0.9990E+03   -0.9990E+03   -0.9990E+03   -0.9990E+03   -0.9990E+03   -0.9990E+03   -0.9990E+03   -0.9990E+03   -0.9990E+03    0.6000E+03    0.6872E+02    0.7115E+02    0.7611E+02    0.7834E+02    0.8262E+02    0.8681E+02   -0.9990E+03
   -0.9990E+03   -0.9990E+03   -0.9990E+03   -0.9990E+03   -0.9990E+03   -0.9990E+03   -0.9990E+03   -0.9990E+03   -0.9990E+03   -0.9990E+03   -0.9990E+03   -0.9990E+03   -0.9990E+03   -0.9990E+03   -0.9990E+03   -0.9990E+03   -0.9990E+03   -0.9990E+03   -0.9990E+03   -0.9990E+03   -0.9990E+03   -0.9990E+03   -0.9990E+03   -0.9990E+03   -0.9990E+03   -0.9990E+03   -0.9990E+03   -0.9990E+03   -0.9990E+03   -0.9990E+03   -0.9990E+03   -0.9990E+03   -0.9990E+03   -0.9990E+03   -0.9990E+03   -0.9990E+03   -0.9990E+03   -0.9990E+03   -0.9990E+03   -0.9990E+03   -0.9990E+03   -0.9990E+03   -0.9990E+03   -0.9990E+03   -0.9990E+03   -0.9990E+03   -0.9990E+03   -0.9990E+03   -0.9990E+03   -0.9990E+03   -0.9990E+03   -0.9990E+03   -0.9990E+03   -0.9990E+03   -0.9990E+03   -0.9990E+03   -0.9990E+03   -0.9990E+03   -0.9990E+03   -0.9990E+03   -0.9990E+03   -0.9990E+03   -0.9990E+03   -0.9990E+03   -0.9990E+03   -0.9990E+03   -0.9990E+03   -0.9990E+03    0.6095E+03    0.7044E+02    0.7496E+02    0.7885E+02    0.8305E+02    0.8546E+02    0.8887E+02   -0.9990E+03
   -0.9990E+03   -0.9990E+03   -0.9990E+03   -0.9990E+03   -0.9990E+03   -0.9990E+03   -0.9990E+03   -0.9990E+03   -0.9990E+03   -0.9990E+03   -0.9990E+03   -0.9990E+03   -0.9990E+03   -0.9990E+03   -0.9990E+03   -0.9990E+03   -0.9990E+03   -0.9990E+03   -0.9990E+03   -0.9990E+03   -0.9990E+03   -0.9990E+03   -0.9990E+03   -0.9990E+03   -0.9990E+03   -0.9990E+03   -0.9990E+03   -0.9990E+03   -0.9990E+03   -0.9990E+03   -0.9990E+03   -0.9990E+03   -0.9990E+03   -0.9990E+03   -0.9990E+03   -0.9990E+03   -0.9990E+03   -0.9990E+03   -0.9990E+03   -0.9990E+03   -0.9990E+03   -0.9990E+03   -0.9990E+03   -0.9990E+03   -0.9990E+03   -0.9990E+03   -0.9990E+03   -0.9990E+03   -0.9990E+03   -0.9990E+03   -0.9990E+03   -0.9990E+03   -0.9990E+03   -0.9990E+03   -0.9990E+03   -0.9990E+03   -0.9990E+03   -0.9990E+03   -0.9990E+03   -0.9990E+03   -0.9990E+03   -0.9990E+03   -0.9990E+03   -0.9990E+03   -0.9990E+03    0.4307E+04    0.4456E+04    0.6085E+03    0.6083E+03    0.7643E+02    0.7821E+02    0.8149E+02    0.8752E+02    0.8915E+02    0.9158E+02   -0.9990E+03
   -0.9990E+03   -0.9990E+03   -0.9990E+03   -0.9990E+03   -0.9990E+03   -0.9990E+03   -0.9990E+03   -0.9990E+03   -0.9990E+03   -0.9990E+03   -0.9990E+03   -0.9990E+03   -0.9990E+03   -0.9990E+03   -0.9990E+03   -0.9990E+03   -0.9990E+03   -0.9990E+03   -0.9990E+03   -0.9990E+03   -0.9990E+03   -0.9990E+03   -0.9990E+03   -0.9990E+03   -0.9990E+03   -0.9990E+03   -0.9990E+03   -0.9990E+03   -0.9990E+03   -0.9990E+03   -0.9990E+03   -0.9990E+03   -0.9990E+03   -0.9990E+03   -0.9990E+03   -0.9990E+03   -0.9990E+03   -0.9990E+03   -0.9990E+03   -0.9990E+03   -0.9990E+03   -0.9990E+03   -0.9990E+03   -0.9990E+03   -0.9990E+03   -0.9990E+03   -0.9990E+03   -0.9990E+03   -0.9990E+03   -0.9990E+03   -0.9990E+03   -0.9990E+03   -0.9990E+03   -0.9990E+03   -0.9990E+03   -0.9990E+03    0.2072E+04    0.2705E+04    0.3342E+04    0.3355E+04   -0.9990E+03    0.4086E+04    0.4088E+04    0.3683E+04    0.4003E+04    0.4362E+04    0.4515E+04    0.6378E+03    0.6306E+03    0.8402E+02    0.8586E+02    0.9021E+02    0.9442E+02    0.9694E+02    0.9940E+02   -0.9990E+03
   -0.9990E+03   -0.9990E+03   -0.9990E+03   -0.9990E+03   -0.9990E+03   -0.9990E+03   -0.9990E+03   -0.9990E+03   -0.9990E+03   -0.9990E+03   -0.9990E+03   -0.9990E+03   -0.9990E+03   -0.9990E+03   -0.9990E+03   -0.9990E+03   -0.9990E+03   -0.9990E+03   -0.9990E+03   -0.9990E+03   -0.9990E+03   -0.9990E+03   -0.9990E+03   -0.9990E+03   -0.9990E+03   -0.9990E+03   -0.9990E+03   -0.9990E+03   -0.9990E+03   -0.9990E+03   -0.9990E+03   -0.9990E+03   -0.9990E+03   -0.9990E+03   -0.9990E+03   -0.9990E+03   -0.9990E+03   -0.9990E+03   -0.9990E+03   -0.9990E+03   -0.9990E+03   -0.9990E+03   -0.9990E+03   -0.9990E+03   -0.9990E+03   -0.9990E+03   -0.9990E+03   -0.9990E+03   -0.9990E+03   -0.9990E+03   -0.9990E+03   -0.9990E+03   -0.9990E+03   -0.9990E+03   -0.9990E+03    0.1137E+04    0.1448E+04    0.2082E+04    0.3357E+04    0.3350E+04    0.3266E+04    0.4177E+04    0.4148E+04    0.3769E+04    0.4089E+04    0.4436E+04    0.4522E+04    0.2581E+04    0.8640E+02    0.8921E+02    0.9353E+02    0.9632E+02    0.1022E+03    0.1050E+03    0.1052E+03   -0.9990E+03
   -0.9990E+03   -0.9990E+03   -0.9990E+03   -0.9990E+03   -0.9990E+03   -0.9990E+03   -0.9990E+03   -0.9990E+03   -0.9990E+03   -0.9990E+03   -0.9990E+03   -0.9990E+03   -0.9990E+03   -0.9990E+03   -0.9990E+03   -0.9990E+03   -0.9990E+03   -0.9990E+03   -0.9990E+03   -0.9990E+03   -0.9990E+03   -0.9990E+03   -0.9990E+03   -0.9990E+03   -0.9990E+03   -0.9990E+03   -0.9990E+03   -0.9990E+03   -0.9990E+03   -0.9990E+03   -0.9990E+03   -0.9990E+03   -0.9990E+03   -0.9990E+03   -0.9990E+03   -0.9990E+03   -0.9990E+03   -0.9990E+03   -0.9990E+03   -0.9990E+03   -0.9990E+03   -0.9990E+03   -0.9990E+03   -0.9990E+03   -0.9990E+03   -0.9990E+03   -0.9990E+03   -0.9990E+03   -0.9990E+03   -0.9990E+03   -0.9990E+03   -0.9990E+03   -0.9990E+03   -0.9990E+03    0.8331E+03    0.8328E+03    0.8319E+03    0.8310E+03    0.3900E+04    0.3730E+04    0.3280E+04    0.4290E+04    0.4293E+04    0.3908E+04    0.4224E+04    0.4580E+04    0.4708E+04    0.4640E+04    0.1076E+03    0.9750E+02    0.9966E+02    0.1034E+03    0.1097E+03    0.1085E+03    0.1138E+03    0.1134E+03
   -0.9990E+03   -0.9990E+03   -0.9990E+03   -0.9990E+03   -0.9990E+03   -0.9990E+03   -0.9990E+03   -0.9990E+03   -0.9990E+03   -0.9990E+03   -0.9990E+03   -0.9990E+03   -0.9990E+03   -0.9990E+03   -0.9990E+03   -0.9990E+03   -0.9990E+03   -0.9990E+03   -0.9990E+03   -0.9990E+03   -0.9990E+03   -0.9990E+03   -0.9990E+03   -0.9990E+03   -0.9990E+03   -0.9990E+03   -0.9990E+03   -0.9990E+03   -0.9990E+03   -0.9990E+03   -0.9990E+03   -0.9990E+03   -0.9990E+03   -0.9990E+03   -0.9990E+03   -0.9990E+03   -0.9990E+03   -0.9990E+03   -0.9990E+03   -0.9990E+03   -0.9990E+03   -0.9990E+03   -0.9990E+03   -0.9990E+03   -0.9990E+03   -0.9990E+03   -0.9990E+03   -0.9990E+03   -0.9990E+03   -0.9990E+03   -0.9990E+03   -0.9990E+03   -0.9990E+03    0.8431E+03    0.8446E+03    0.8408E+03    0.8370E+03    0.8414E+03    0.4082E+04    0.4023E+04    0.3583E+04    0.4511E+04    0.9728E+03    0.4901E+04    0.4623E+04    0.5908E+04    0.4870E+04    0.4855E+04    0.1221E+03    0.1057E+03    0.1085E+03    0.1129E+03    0.1151E+03    0.1154E+03    0.1176E+03   -0.9990E+03
   -0.9990E+03   -0.9990E+03   -0.9990E+03   -0.9990E+03   -0.9990E+03   -0.9990E+03   -0.9990E+03   -0.9990E+03   -0.9990E+03   -0.9990E+03   -0.9990E+03   -0.9990E+03   -0.9990E+03   -0.9990E+03   -0.9990E+03   -0.9990E+03   -0.9990E+03   -0.9990E+03   -0.9990E+03   -0.9990E+03   -0.9990E+03   -0.9990E+03   -0.9990E+03   -0.9990E+03   -0.9990E+03   -0.9990E+03   -0.9990E+03   -0.9990E+03   -0.9990E+03   -0.9990E+03   -0.9990E+03   -0.9990E+03   -0.9990E+03   -0.9990E+03   -0.9990E+03   -0.9990E+03   -0.9990E+03   -0.9990E+03   -0.9990E+03   -0.9990E+03   -0.9990E+03   -0.9990E+03   -0.9990E+03   -0.9990E+03   -0.9990E+03   -0.9990E+03   -0.9990E+03   -0.9990E+03   -0.9990E+03   -0.9990E+03   -0.9990E+03   -0.9990E+03   -0.9990E+03    0.8481E+03    0.8455E+03    0.8447E+03    0.8495E+03    0.6373E+03    0.2224E+04    0.3473E+04    0.4569E+04    0.2410E+04    0.7279E+03    0.5897E+04    0.5934E+04    0.4146E+04    0.3842E+04    0.1467E+03    0.1081E+03    0.1098E+03    0.1128E+03    0.1194E+03    0.1193E+03    0.1205E+03   -0.9990E+03   -0.9990E+03
   -0.9990E+03   -0.9990E+03   -0.9990E+03   -0.9990E+03   -0.9990E+03   -0.9990E+03   -0.9990E+03   -0.9990E+03   -0.9990E+03   -0.9990E+03   -0.9990E+03   -0.9990E+03   -0.9990E+03   -0.9990E+03   -0.9990E+03   -0.9990E+03   -0.9990E+03   -0.9990E+03   -0.9990E+03   -0.9990E+03   -0.9990E+03   -0.9990E+03   -0.9990E+03   -0.9990E+03   -0.9990E+03   -0.9990E+03   -0.9990E+03   -0.9990E+03   -0.9990E+03   -0.9990E+03   -0.9990E+03   -0.9990E+03   -0.9990E+03   -0.9990E+03   -0.9990E+03   -0.9990E+03   -0.9990E+03   -0.9990E+03   -0.9990E+03   -0.9990E+03   -0.9990E+03   -0.9990E+03   -0.9990E+03   -0.9990E+03   -0.9990E+03   -0.9990E+03   -0.9990E+03   -0.9990E+03   -0.9990E+03   -0.9990E+03   -0.9990E+03   -0.9990E+03   -0.9990E+03    0.8913E+03    0.8943E+03    0.8932E+03    0.8915E+03    0.8586E+03    0.3206E+04    0.3986E+04    0.4250E+04    0.5279E+04    0.5902E+04    0.3627E+04    0.4606E+04    0.2531E+04    0.2486E+04    0.2718E+04    0.1130E+03    0.1151E+03    0.1212E+03    0.1251E+03    0.1247E+03    0.1280E+03    0.1296E+03   -0.9990E+03
   -0.9990E+03   -0.9990E+03   -0.9990E+03   -0.9990E+03   -0.9990E+03   -0.9990E+03   -0.9990E+03   -0.9990E+03   -0.9990E+03   -0.9990E+03   -0.9990E+03   -0.9990E+03   -0.9990E+03   -0.9990E+03   -0.9990E+03   -0.9990E+03   -0.9990E+03   -0.9990E+03   -0.9990E+03   -0.9990E+03   -0.9990E+03   -0.9990E+03   -0.9990E+03   -0.9990E+03   -0.9990E+03   -0.9990E+03   -0.9990E+03   -0.9990E+03   -0.9990E+03   -0.9990E+03   -0.9990E+03   -0.9990E+03   -0.9990E+03   -0.9990E+03   -0.9990E+03   -0.9990E+03   -0.9990E+03   -0.9990E+03   -0.9990E+03   -0.9990E+03   -0.9990E+03   -0.9990E+03   -0.9990E+03   -0.9990E+03   -0.9990E+03   -0.9990E+03   -0.9990E+03   -0.9990E+03   -0.9990E+03   -0.9990E+03   -0.9990E+03   -0.9990E+03    0.8778E+03    0.8826E+03    0.8828E+03    0.8823E+03    0.8838E+03    0.5646E+03    0.4523E+04    0.4571E+04    0.4651E+04    0.5044E+04    0.5963E+04    0.5374E+04    0.5655E+04    0.5685E+04    0.2850E+04    0.2862E+04    0.2910E+04    0.1505E+03    0.1279E+03    0.1274E+03    0.1315E+03    0.1345E+03    0.1326E+03   -0.9990E+03
   -0.9990E+03   -0.9990E+03   -0.9990E+03   -0.9990E+03   -0.9990E+03   -0.9990E+03   -0.9990E+03   -0.9990E+03   -0.9990E+03   -0.9990E+03   -0.9990E+03   -0.9990E+03   -0.9990E+03   -0.9990E+03   -0.9990E+03   -0.9990E+03   -0.9990E+03   -0.9990E+03   -0.9990E+03   -0.9990E+03   -0.9990E+03   -0.9990E+03   -0.9990E+03   -0.9990E+03   -0.9990E+03   -0.9990E+03   -0.9990E+03   -0.9990E+03   -0.9990E+03   -0.9990E+03   -0.9990E+03   -0.9990E+03   -0.9990E+03   -0.9990E+03   -0.9990E+03   -0.9990E+03   -0.9990E+03   -0.9990E+03   -0.9990E+03   -0.9990E+03   -0.9990E+03   -0.9990E+03   -0.9990E+03   -0.9990E+03   -0.9990E+03   -0.9990E+03   -0.9990E+03   -0.9990E+03   -0.9990E+03   -0.9990E+03   -0.9990E+03    0.6611E+03    0.8973E+03    0.9008E+03    0.9000E+03    0.8878E+03    0.9096E+03    0.5505E+03    0.5905E+04    0.4954E+04    0.5079E+04    0.5836E+04    0.5997E+04    0.5034E+04    0.5471E+04    0.5679E+04    0.5676E+04    0.2932E+04    0.1652E+04    0.1517E+03    0.1312E+03    0.1358E+03    0.1314E+03    0.1389E+03    0.1370E+03   -0.9990E+03
   -0.9990E+03   -0.9990E+03   -0.9990E+03   -0.9990E+03   -0.9990E+03   -0.9990E+03   -0.9990E+03   -0.9990E+03   -0.9990E+03   -0.9990E+03   -0.9990E+03   -0.9990E+03   -0.9990E+03   -0.9990E+03   -0.9990E+03   -0.9990E+03   -0.9990E+03   -0.9990E+03   -0.9990E+03   -0.9990E+03   -0.9990E+03   -0.9990E+03   -0.9990E+03   -0.9990E+03   -0.9990E+03   -0.9990E+03   -0.9990E+03   -0.9990E+03   -0.9990E+03   -0.9990E+03   -0.9990E+03   -0.9990E+03   -0.9990E+03   -0.9990E+03   -0.9990E+03   -0.9990E+03   -0.9990E+03   -0.9990E+03   -0.9990E+03   -0.9990E+03   -0.9990E+03   -0.9990E+03   -0.9990E+03   -0.9990E+03   -0.9990E+03   -0.9990E+03   -0.9990E+03   -0.9990E+03   -0.9990E+03    0.4362E+03    0.4275E+03    0.4255E+03    0.7332E+03    0.1029E+04    0.1044E+04    0.1050E+04    0.1071E+04    0.7637E+03    0.3371E+04    0.4123E+04    0.5933E+04    0.4462E+04    0.6850E+03    0.3225E+04    0.5684E+04    0.5690E+04    0.5681E+04    0.1443E+03    0.1148E+03    0.1206E+04    0.2549E+03    0.2397E+03    0.1423E+03    0.1373E+03    0.1428E+03   -0.9990E+03
   -0.9990E+03   -0.9990E+03   -0.9990E+03   -0.9990E+03   -0.9990E+03   -0.9990E+03   -0.9990E+03   -0.9990E+03   -0.9990E+03   -0.9990E+03   -0.9990E+03   -0.9990E+03   -0.9990E+03   -0.9990E+03   -0.9990E+03   -0.9990E+03   -0.9990E+03   -0.9990E+03   -0.9990E+03   -0.9990E+03   -0.9990E+03   -0.9990E+03   -0.9990E+03   -0.9990E+03   -0.9990E+03   -0.9990E+03   -0.9990E+03   -0.9990E+03   -0.9990E+03   -0.9990E+03   -0.9990E+03   -0.9990E+03   -0.9990E+03   -0.9990E+03   -0.9990E+03   -0.9990E+03   -0.9990E+03   -0.9990E+03   -0.9990E+03   -0.9990E+03   -0.9990E+03   -0.9990E+03   -0.9990E+03   -0.9990E+03   -0.9990E+03   -0.9990E+03   -0.9990E+03   -0.9990E+03    0.1464E+03    0.4409E+03    0.4329E+03    0.4339E+03    0.4243E+03    0.2479E+03    0.1278E+03    0.1292E+03    0.9117E+03    0.6437E+03    0.3309E+00    0.1318E+01    0.2088E+04    0.1096E+04    0.6482E+03    0.8226E+03    0.4077E+02    0.4573E+02    0.4790E+02    0.5842E+02    0.2116E+04    0.2053E+04    0.1768E+03    0.1983E+03    0.2469E+03    0.1433E+03    0.1435E+03   -0.9990E+03
   -0.9990E+03   -0.9990E+03   -0.9990E+03   -0.9990E+03   -0.9990E+03   -0.9990E+03   -0.9990E+03   -0.9990E+03   -0.9990E+03   -0.9990E+03   -0.9990E+03   -0.9990E+03   -0.9990E+03   -0.9990E+03   -0.9990E+03   -0.9990E+03   -0.9990E+03   -0.9990E+03   -0.9990E+03   -0.9990E+03   -0.9990E+03   -0.9990E+03   -0.9990E+03   -0.9990E+03   -0.9990E+03   -0.9990E+03   -0.9990E+03   -0.9990E+03   -0.9990E+03   -0.9990E+03   -0.9990E+03   -0.9990E+03   -0.9990E+03   -0.9990E+03   -0.9990E+03   -0.9990E+03   -0.9990E+03   -0.9990E+03   -0.9990E+03   -0.9990E+03   -0.9990E+03   -0.9990E+03   -0.9990E+03   -0.9990E+03   -0.9990E+03   -0.9990E+03   -0.9990E+03   -0.9990E+03    0.1481E+03    0.4345E+03    0.4200E+03    0.4427E+03    0.4207E+03    0.3720E+03    0.1305E+03    0.1274E+03    0.1298E+03    0.7577E+03    0.1264E+04    0.3589E+00    0.4914E+03    0.4975E+03    0.5508E+03    0.5609E+03    0.5719E+04    0.5684E+04    0.5686E+04    0.5643E+04    0.4128E+04    0.4284E+03    0.3664E+03    0.1895E+03    0.3029E+03    0.1487E+03    0.1429E+03   -0.9990E+03
   -0.9990E+03   -0.9990E+03   -0.9990E+03   -0.9990E+03   -0.9990E+03   -0.9990E+03   -0.9990E+03   -0.9990E+03   -0.9990E+03   -0.9990E+03   -0.9990E+03   -0.9990E+03   -0.9990E+03   -0.9990E+03   -0.9990E+03   -0.9990E+03   -0.9990E+03   -0.9990E+03   -0.9990E+03   -0.9990E+03   -0.9990E+03   -0.9990E+03   -0.9990E+03   -0.9990E+03   -0.9990E+03   -0.9990E+03   -0.9990E+03   -0.9990E+03   -0.9990E+03   -0.9990E+03   -0.9990E+03   -0.9990E+03   -0.9990E+03   -0.9990E+03   -0.9990E+03   -0.9990E+03   -0.9990E+03   -0.9990E+03   -0.9990E+03   -0.9990E+03   -0.9990E+03   -0.9990E+03   -0.9990E+03   -0.9990E+03   -0.9990E+03   -0.9990E+03   -0.9990E+03    0.1804E+04    0.1527E+03    0.4430E+03    0.4399E+03    0.4484E+03    0.4132E+03    0.3690E+03    0.1400E+03    0.1383E+03    0.1364E+03    0.1743E+04    0.3209E+04    0.3616E+04    0.2894E+04    0.5000E+03    0.5719E+03    0.5742E+04    0.3295E+04    0.3331E+04    0.3478E+04    0.3566E+04    0.3461E+04    0.4608E+03    0.3747E+03    0.2854E+03    0.4112E+03    0.1502E+03    0.1446E+03   -0.9990E+03
   -0.9990E+03   -0.9990E+03   -0.9990E+03   -0.9990E+03   -0.9990E+03   -0.9990E+03   -0.9990E+03   -0.9990E+03   -0.9990E+03   -0.9990E+03   -0.9990E+03   -0.9990E+03   -0.9990E+03   -0.9990E+03   -0.9990E+03   -0.9990E+03   -0.9990E+03   -0.9990E+03   -0.9990E+03   -0.9990E+03   -0.9990E+03   -0.9990E+03   -0.9990E+03   -0.9990E+03   -0.9990E+03   -0.9990E+03   -0.9990E+03   -0.9990E+03   -0.9990E+03   -0.9990E+03   -0.9990E+03   -0.9990E+03   -0.9990E+03   -0.9990E+03   -0.9990E+03   -0.9990E+03   -0.9990E+03   -0.9990E+03   -0.9990E+03   -0.9990E+03   -0.9990E+03   -0.9990E+03   -0.9990E+03   -0.9990E+03   -0.9990E+03   -0.9990E+03   -0.9990E+03    0.1831E+04    0.1768E+03    0.4609E+03    0.4261E+03    0.4116E+03    0.4244E+03    0.2816E+03    0.3713E+03    0.3816E+03    0.1241E+04    0.3241E+04    0.1870E+04    0.2376E+04    0.2902E+04    0.5072E+03    0.4428E+04    0.5646E+04    0.3320E+04    0.3417E+04    0.3420E+04    0.3438E+04    0.3318E+04    0.3460E+04    0.3593E+03    0.3602E+03    0.4894E+03    0.1470E+03   -0.9990E+03   -0.9990E+03
   -0.9990E+03   -0.9990E+03   -0.9990E+03   -0.9990E+03   -0.9990E+03   -0.9990E+03   -0.9990E+03   -0.9990E+03   -0.9990E+03   -0.9990E+03   -0.9990E+03   -0.9990E+03   -0.9990E+03   -0.9990E+03   -0.9990E+03   -0.9990E+03   -0.9990E+03   -0.9990E+03   -0.9990E+03   -0.9990E+03   -0.9990E+03   -0.9990E+03   -0.9990E+03   -0.9990E+03   -0.9990E+03   -0.9990E+03   -0.9990E+03   -0.9990E+03   -0.9990E+03   -0.9990E+03   -0.9990E+03   -0.9990E+03   -0.9990E+03   -0.9990E+03   -0.9990E+03   -0.9990E+03   -0.9990E+03   -0.9990E+03   -0.9990E+03   -0.9990E+03   -0.9990E+03   -0.9990E+03   -0.9990E+03   -0.9990E+03    0.2108E+04    0.2041E+04    0.1594E+04    0.1725E+04    0.1554E+04    0.4703E+03    0.2511E+03    0.2309E+03    0.2371E+03    0.2364E+03    0.2228E+03    0.3278E+03    0.1436E+04    0.3280E+04    0.1455E+04    0.3684E+04    0.3045E+04    0.3013E+02    0.4519E+04    0.4992E+04    0.3871E+04    0.3791E+04    0.3481E+04    0.3236E+04    0.3384E+04    0.4704E+03    0.3946E+03    0.2846E+03   -0.9990E+03   -0.9990E+03   -0.9990E+03   -0.9990E+03
   -0.9990E+03   -0.9990E+03   -0.9990E+03   -0.9990E+03   -0.9990E+03   -0.9990E+03   -0.9990E+03   -0.9990E+03   -0.9990E+03   -0.9990E+03   -0.9990E+03   -0.9990E+03   -0.9990E+03   -0.9990E+03   -0.9990E+03   -0.9990E+03   -0.9990E+03   -0.9990E+03   -0.9990E+03   -0.9990E+03   -0.9990E+03   -0.9990E+03   -0.9990E+03   -0.9990E+03   -0.9990E+03   -0.9990E+03   -0.9990E+03   -0.9990E+03   -0.9990E+03   -0.9990E+03   -0.9990E+03   -0.9990E+03   -0.9990E+03   -0.9990E+03   -0.9990E+03   -0.9990E+03   -0.9990E+03   -0.9990E+03   -0.9990E+03   -0.9990E+03   -0.9990E+03   -0.9990E+03   -0.9990E+03   -0.9990E+03    0.2051E+04    0.2090E+04    0.1576E+04    0.1585E+04    0.2373E+04    0.3482E+03    0.2320E+03    0.2380E+03    0.2356E+03    0.2359E+03    0.2254E+03    0.2199E+03    0.8771E+03    0.2205E+04    0.1365E+04    0.1376E+04    0.1590E+04    0.1560E+02    0.1701E+04    0.4961E+04    0.4849E+04    0.3736E+04    0.3827E+04    0.3658E+04    0.3706E+04    0.4111E+03    0.3476E+03   -0.9990E+03   -0.9990E+03   -0.9990E+03   -0.9990E+03   -0.9990E+03
   -0.9990E+03   -0.9990E+03   -0.9990E+03   -0.9990E+03   -0.9990E+03   -0.9990E+03   -0.9990E+03   -0.9990E+03   -0.9990E+03   -0.9990E+03   -0.9990E+03   -0.9990E+03   -0.9990E+03   -0.9990E+03   -0.9990E+03   -0.9990E+03   -0.9990E+03   -0.9990E+03   -0.9990E+03   -0.9990E+03   -0.9990E+03   -0.9990E+03   -0.9990E+03   -0.9990E+03   -0.9990E+03   -0.9990E+03   -0.9990E+03   -0.9990E+03   -0.9990E+03   -0.9990E+03   -0.9990E+03   -0.9990E+03   -0.9990E+03   -0.9990E+03   -0.9990E+03   -0.9990E+03   -0.9990E+03   -0.9990E+03   -0.9990E+03   -0.9990E+03   -0.9990E+03   -0.9990E+03   -0.9990E+03   -0.9990E+03    0.2105E+04    0.2053E+04    0.1605E+04    0.1633E+04    0.1633E+04    0.3120E+03    0.2488E+03    0.2456E+03    0.2461E+03    0.2420E+03    0.2325E+03    0.2298E+03    0.3009E+03    0.5038E+04    0.4996E+04    0.1660E+04    0.1615E+04    0.1659E+02    0.1623E+04    0.1896E+04    0.5364E+04    0.5432E+04    0.3922E+04    0.3738E+04    0.4597E+03    0.4460E+03    0.3573E+03   -0.9990E+03   -0.9990E+03   -0.9990E+03   -0.9990E+03   -0.9990E+03
   -0.9990E+03   -0.9990E+03   -0.9990E+03   -0.9990E+03   -0.9990E+03   -0.9990E+03   -0.9990E+03   -0.9990E+03   -0.9990E+03   -0.9990E+03   -0.9990E+03   -0.9990E+03   -0.9990E+03   -0.9990E+03   -0.9990E+03   -0.9990E+03   -0.9990E+03   -0.9990E+03   -0.9990E+03   -0.9990E+03   -0.9990E+03   -0.9990E+03   -0.9990E+03   -0.9990E+03   -0.9990E+03   -0.9990E+03   -0.9990E+03   -0.9990E+03   -0.9990E+03   -0.9990E+03   -0.9990E+03   -0.9990E+03   -0.9990E+03   -0.9990E+03   -0.9990E+03   -0.9990E+03   -0.9990E+03   -0.9990E+03   -0.9990E+03   -0.9990E+03   -0.9990E+03   -0.9990E+03   -0.9990E+03    0.2086E+04    0.2126E+04    0.2066E+04    0.1634E+04    0.1644E+04    0.1594E+04    0.3173E+03    0.2459E+03    0.2418E+03    0.2450E+03    0.2473E+03    0.2417E+03    0.2478E+03    0.2380E+03    0.3244E+03    0.4982E+04    0.4949E+04    0.1879E+04    0.2293E+02    0.1604E+04    0.1608E+04    0.1636E+04    0.4457E+04    0.3327E+03    0.4109E+03    0.4071E+03    0.4055E+03    0.1670E+03   -0.9990E+03   -0.9990E+03   -0.9990E+03   -0.9990E+03   -0.9990E+03
   -0.9990E+03   -0.9990E+03   -0.9990E+03   -0.9990E+03   -0.9990E+03   -0.9990E+03   -0.9990E+03   -0.9990E+03   -0.9990E+03   -0.9990E+03   -0.9990E+03   -0.9990E+03   -0.9990E+03   -0.9990E+03   -0.9990E+03   -0.9990E+03   -0.9990E+03   -0.9990E+03   -0.9990E+03   -0.9990E+03   -0.9990E+03   -0.9990E+03   -0.9990E+03   -0.9990E+03   -0.9990E+03   -0.9990E+03   -0.9990E+03   -0.9990E+03   -0.9990E+03   -0.9990E+03   -0.9990E+03   -0.9990E+03   -0.9990E+03   -0.9990E+03   -0.9990E+03   -0.9990E+03   -0.9990E+03   -0.9990E+03   -0.9990E+03   -0.9990E+03   -0.9990E+03   -0.9990E+03   -0.9990E+03    0.2151E+04    0.2105E+04    0.2100E+04    0.1578E+04    0.1585E+04    0.1639E+04    0.3094E+03    0.2520E+03    0.2410E+03    0.2453E+03    0.2532E+03    0.2504E+03    0.2476E+03    0.2520E+03    0.3068E+03    0.4963E+04    0.4942E+04    0.1814E+04    0.2604E+02    0.1846E+04    0.1847E+04    0.1658E+04    0.3191E+04    0.2452E+04    0.3016E+03    0.4114E+03    0.4398E+03   -0.9990E+03   -0.9990E+03   -0.9990E+03   -0.9990E+03   -0.9990E+03   -0.9990E+03
   -0.9990E+03   -0.9990E+03   -0.9990E+03   -0.9990E+03   -0.9990E+03   -0.9990E+03   -0.9990E+03   -0.9990E+03   -0.9990E+03   -0.9990E+03   -0.9990E+03   -0.9990E+03   -0.9990E+03   -0.9990E+03   -0.9990E+03   -0.9990E+03   -0.9990E+03   -0.9990E+03   -0.9990E+03   -0.9990E+03   -0.9990E+03   -0.9990E+03   -0.9990E+03   -0.9990E+03   -0.9990E+03   -0.9990E+03   -0.9990E+03   -0.9990E+03   -0.9990E+03   -0.9990E+03   -0.9990E+03   -0.9990E+03   -0.9990E+03   -0.9990E+03   -0.9990E+03   -0.9990E+03   -0.9990E+03   -0.9990E+03   -0.9990E+03   -0.9990E+03    0.8699E+03   -0.9990E+03   -0.9990E+03    0.2080E+04    0.2181E+04    0.2047E+04    0.1604E+04    0.1661E+04    0.1643E+04    0.2955E+03    0.4241E+03    0.2546E+03    0.2586E+03    0.2658E+03    0.2563E+03    0.2609E+03    0.2651E+03    0.2679E+03    0.4946E+04    0.4918E+04    0.1911E+04    0.2178E+02    0.1880E+04    0.1890E+04    0.1640E+04    0.1785E+04    0.2897E+04    0.1574E+04    0.1562E+04    0.4181E+03    0.1625E+04   -0.9990E+03   -0.9990E+03   -0.9990E+03   -0.9990E+03   -0.9990E+03
   -0.9990E+03   -0.9990E+03   -0.9990E+03   -0.9990E+03   -0.9990E+03   -0.9990E+03   -0.9990E+03   -0.9990E+03   -0.9990E+03   -0.9990E+03   -0.9990E+03   -0.9990E+03   -0.9990E+03   -0.9990E+03   -0.9990E+03   -0.9990E+03   -0.9990E+03   -0.9990E+03   -0.9990E+03   -0.9990E+03   -0.9990E+03   -0.9990E+03   -0.9990E+03   -0.9990E+03   -0.9990E+03   -0.9990E+03   -0.9990E+03   -0.9990E+03   -0.9990E+03   -0.9990E+03   -0.9990E+03   -0.9990E+03   -0.9990E+03   -0.9990E+03   -0.9990E+03    0.8830E+03    0.8847E+03    0.8714E+03    0.8771E+03    0.8868E+03    0.8965E+03    0.5819E+03    0.1655E+04    0.2141E+04    0.2155E+04    0.2051E+04    0.1668E+04    0.1698E+04    0.1636E+04    0.3070E+03    0.4287E+03    0.2722E+03    0.2678E+03    0.2691E+03    0.2714E+03    0.2725E+03    0.2718E+03    0.2900E+03    0.4921E+04    0.4943E+04    0.1837E+04    0.1947E+02    0.6666E+03    0.8073E+03    0.4027E+03    0.1639E+04    0.3947E+04    0.2738E+04    0.4845E+04    0.1876E+04    0.1192E+04   -0.9990E+03   -0.9990E+03   -0.9990E+03   -0.9990E+03   -0.9990E+03
   -0.9990E+03   -0.9990E+03   -0.9990E+03   -0.9990E+03   -0.9990E+03   -0.9990E+03   -0.9990E+03   -0.9990E+03   -0.9990E+03   -0.9990E+03   -0.9990E+03   -0.9990E+03   -0.9990E+03   -0.9990E+03   -0.9990E+03   -0.9990E+03   -0.9990E+03   -0.9990E+03   -0.9990E+03   -0.9990E+03   -0.9990E+03   -0.9990E+03   -0.9990E+03   -0.9990E+03   -0.9990E+03   -0.9990E+03   -0.9990E+03   -0.9990E+03   -0.9990E+03   -0.9990E+03   -0.9990E+03   -0.9990E+03   -0.9990E+03   -0.9990E+03   -0.9990E+03    0.7231E+03    0.7336E+03    0.7736E+03    0.8733E+03    0.8772E+03    0.8448E+03    0.5722E+03    0.1643E+04    0.2171E+04    0.2147E+04    0.2106E+04    0.1617E+04    0.1628E+04    0.1644E+04    0.1328E+04    0.1657E+04    0.2799E+03    0.2734E+03    0.9485E+03    0.2766E+03    0.2781E+03    0.2811E+03    0.5063E+03    0.4491E+04    0.9341E+03    0.1669E+04    0.5992E+03    0.1501E+04    0.5441E+04    0.3227E+04    0.6027E+04    0.2314E+04    0.2801E+04    0.2432E+04    0.1643E+04    0.1947E+04    0.1400E+04   -0.9990E+03   -0.9990E+03   -0.9990E+03   -0.9990E+03
   -0.9990E+03   -0.9990E+03   -0.9990E+03   -0.9990E+03   -0.9990E+03   -0.9990E+03   -0.9990E+03   -0.9990E+03   -0.9990E+03   -0.9990E+03   -0.9990E+03   -0.9990E+03   -0.9990E+03   -0.9990E+03   -0.9990E+03   -0.9990E+03   -0.9990E+03   -0.9990E+03   -0.9990E+03   -0.9990E+03   -0.9990E+03   -0.9990E+03   -0.9990E+03   -0.9990E+03   -0.9990E+03   -0.9990E+03   -0.9990E+03   -0.9990E+03   -0.9990E+03   -0.9990E+03   -0.9990E+03   -0.9990E+03   -0.9990E+03   -0.9990E+03    0.6917E+03    0.7064E+03    0.6964E+03    0.6920E+03    0.7016E+03    0.7326E+03    0.8364E+03    0.5713E+03    0.1654E+04    0.2101E+04    0.2143E+04    0.2097E+04    0.1636E+04    0.1593E+04    0.1589E+04    0.1609E+04    0.1529E+04    0.1866E+04    0.8623E+03    0.8505E+03    0.9383E+03    0.2791E+03    0.2794E+03    0.3434E+03    0.1019E+04    0.1325E+04    0.2891E+04    0.5843E+03    0.1623E+04    0.2587E+04    0.4205E+04    0.2348E+04    0.2845E+04    0.1834E+04    0.3567E+04    0.1821E+04    0.1258E+04    0.1385E+04   -0.9990E+03   -0.9990E+03   -0.9990E+03   -0.9990E+03
   -0.9990E+03   -0.9990E+03   -0.9990E+03   -0.9990E+03   -0.9990E+03   -0.9990E+03   -0.9990E+03   -0.9990E+03   -0.9990E+03   -0.9990E+03   -0.9990E+03   -0.9990E+03   -0.9990E+03   -0.9990E+03   -0.9990E+03   -0.9990E+03   -0.9990E+03   -0.9990E+03   -0.9990E+03   -0.9990E+03   -0.9990E+03   -0.9990E+03   -0.9990E+03   -0.9990E+03   -0.9990E+03   -0.9990E+03   -0.9990E+03   -0.9990E+03   -0.9990E+03   -0.9990E+03   -0.9990E+03   -0.9990E+03   -0.9990E+03   -0.9990E+03    0.6890E+03    0.7064E+03    0.7038E+03    0.6979E+03    0.6483E+03    0.6392E+03    0.4435E+03    0.1040E+04    0.1650E+04    0.2205E+04    0.1822E+04    0.1259E+04    0.2050E+04    0.2384E+04    0.2027E+04    0.2051E+04    0.2107E+04    0.1956E+04    0.5949E+03    0.4012E+03    0.6683E+03    0.2857E+03    0.2861E+03    0.2840E+03    0.7955E+03    0.1533E+04    0.3907E+04    0.5889E+03    0.3922E+04    0.2343E+04    0.2408E+04    0.1653E+04    0.1246E+04    0.1019E+04    0.2510E+04    0.1849E+04    0.2144E+04    0.8349E+03   -0.9990E+03   -0.9990E+03   -0.9990E+03   -0.9990E+03
   -0.9990E+03   -0.9990E+03   -0.9990E+03   -0.9990E+03   -0.9990E+03   -0.9990E+03   -0.9990E+03   -0.9990E+03   -0.9990E+03   -0.9990E+03   -0.9990E+03   -0.9990E+03   -0.9990E+03   -0.9990E+03   -0.9990E+03   -0.9990E+03   -0.9990E+03   -0.9990E+03   -0.9990E+03   -0.9990E+03   -0.9990E+03   -0.9990E+03   -0.9990E+03   -0.9990E+03   -0.9990E+03   -0.9990E+03   -0.9990E+03   -0.9990E+03   -0.9990E+03   -0.9990E+03   -0.9990E+03   -0.9990E+03   -0.9990E+03   -0.9990E+03    0.6956E+03    0.6940E+03    0.7012E+03    0.5227E+03    0.7864E+03    0.4188E+03    0.4080E+03    0.4285E+03    0.1452E+04    0.2006E+04    0.4992E+03    0.7493E+03    0.4594E+03    0.1458E+04    0.4531E+03    0.4378E+03    0.4786E+03    0.2043E+04    0.8687E+03    0.4179E+03    0.6831E+03    0.2879E+03    0.2870E+03    0.2912E+03    0.3184E+04    0.2964E+04    0.5370E+03    0.3773E+03    0.4098E+04    0.3141E+04    0.6998E+03    0.1598E+04    0.1909E+04    0.1163E+04    0.1684E+04    0.1189E+04    0.1082E+04    0.1334E+04   -0.9990E+03   -0.9990E+03   -0.9990E+03   -0.9990E+03
   -0.9990E+03   -0.9990E+03   -0.9990E+03   -0.9990E+03   -0.9990E+03   -0.9990E+03   -0.9990E+03   -0.9990E+03   -0.9990E+03   -0.9990E+03   -0.9990E+03   -0.9990E+03   -0.9990E+03   -0.9990E+03   -0.9990E+03   -0.9990E+03   -0.9990E+03   -0.9990E+03   -0.9990E+03   -0.9990E+03   -0.9990E+03   -0.9990E+03   -0.9990E+03   -0.9990E+03   -0.9990E+03   -0.9990E+03   -0.9990E+03   -0.9990E+03   -0.9990E+03   -0.9990E+03   -0.9990E+03   -0.9990E+03   -0.9990E+03   -0.9990E+03    0.6993E+03    0.7007E+03    0.6430E+03    0.3912E+03    0.8088E+03    0.3935E+03    0.4143E+03    0.4135E+03    0.7785E+03    0.1587E+04    0.2132E+04    0.2184E+04    0.4554E+03    0.4069E+03    0.4087E+03    0.4204E+03    0.2056E+04    0.2008E+04    0.4400E+03    0.5179E+03    0.6512E+03    0.2948E+03    0.2867E+03    0.2879E+03    0.9162E+03    0.3337E+04    0.6850E+03    0.3775E+03    0.3154E+04    0.2769E+04    0.1955E+04    0.2247E+04    0.1578E+04    0.2413E+04   -0.9990E+03    0.2095E+04   -0.9990E+03   -0.9990E+03   -0.9990E+03   -0.9990E+03   -0.9990E+03   -0.9990E+03
   -0.9990E+03   -0.9990E+03   -0.9990E+03   -0.9990E+03   -0.9990E+03   -0.9990E+03   -0.9990E+03   -0.9990E+03   -0.9990E+03   -0.9990E+03   -0.9990E+03   -0.9990E+03   -0.9990E+03   -0.9990E+03   -0.9990E+03   -0.9990E+03   -0.9990E+03   -0.9990E+03   -0.9990E+03   -0.9990E+03   -0.9990E+03   -0.9990E+03   -0.9990E+03   -0.9990E+03   -0.9990E+03   -0.9990E+03   -0.9990E+03   -0.9990E+03   -0.9990E+03   -0.9990E+03   -0.9990E+03   -0.9990E+03   -0.9990E+03   -0.9990E+03    0.7076E+03    0.7171E+03    0.6371E+03    0.3929E+03    0.7912E+03    0.4149E+03    0.8419E+03    0.7938E+03    0.4283E+03    0.4197E+03    0.1804E+04    0.1440E+04    0.4423E+03    0.4109E+03    0.4013E+03    0.4253E+03    0.4206E+03    0.3735E+03    0.4024E+03    0.6548E+03    0.2757E+03    0.2895E+03    0.2852E+03    0.3993E+03    0.1311E+04    0.6804E+03    0.6884E+03    0.3346E+04    0.2843E+04    0.4812E+04    0.2868E+04    0.1850E+04    0.1582E+04    0.1005E+04   -0.9990E+03   -0.9990E+03   -0.9990E+03   -0.9990E+03   -0.9990E+03   -0.9990E+03   -0.9990E+03   -0.9990E+03
   -0.9990E+03   -0.9990E+03   -0.9990E+03   -0.9990E+03   -0.9990E+03   -0.9990E+03   -0.9990E+03   -0.9990E+03   -0.9990E+03   -0.9990E+03   -0.9990E+03   -0.9990E+03   -0.9990E+03   -0.9990E+03   -0.9990E+03   -0.9990E+03   -0.9990E+03   -0.9990E+03   -0.9990E+03   -0.9990E+03   -0.9990E+03   -0.9990E+03   -0.9990E+03   -0.9990E+03   -0.9990E+03   -0.9990E+03   -0.9990E+03   -0.9990E+03   -0.9990E+03   -0.9990E+03   -0.9990E+03   -0.9990E+03   -0.9990E+03   -0.9990E+03    0.2868E+03    0.2906E+03    0.7012E+03    0.3852E+03    0.8609E+03    0.9522E+03    0.6805E+03    0.3986E+03    0.7995E+03    0.9122E+03    0.8824E+03    0.4049E+03    0.4190E+03    0.4175E+03    0.4066E+03    0.4157E+03    0.4687E+03    0.4013E+03    0.8630E+03    0.9688E+03    0.6131E+03    0.4404E+03    0.7159E+03    0.7108E+03    0.2879E+01    0.3201E+01    0.3102E+04    0.2738E+04    0.1991E+04    0.2392E+04    0.4232E+04    0.2708E+04    0.3194E+04    0.1497E+04    0.2374E+04   -0.9990E+03   -0.9990E+03   -0.9990E+03   -0.9990E+03   -0.9990E+03   -0.9990E+03   -0.9990E+03
   -0.9990E+03   -0.9990E+03   -0.9990E+03   -0.9990E+03   -0.9990E+03   -0.9990E+03   -0.9990E+03   -0.9990E+03   -0.9990E+03   -0.9990E+03   -0.9990E+03   -0.9990E+03   -0.9990E+03   -0.9990E+03   -0.9990E+03   -0.9990E+03   -0.9990E+03   -0.9990E+03   -0.9990E+03   -0.9990E+03   -0.9990E+03   -0.9990E+03   -0.9990E+03   -0.9990E+03   -0.9990E+03   -0.9990E+03   -0.9990E+03   -0.9990E+03   -0.9990E+03   -0.9990E+03   -0.9990E+03   -0.9990E+03   -0.9990E+03   -0.9990E+03    0.3774E+03    0.2485E+03    0.5980E+03    0.6479E+03    0.9697E+03    0.8071E+03    0.3899E+03    0.4173E+03    0.3824E+03    0.3927E+03    0.3956E+03    0.3978E+03    0.4040E+03    0.4119E+03    0.4141E+03    0.4050E+03    0.3961E+03    0.3842E+03    0.3972E+03    0.7017E+03    0.5766E+03    0.7319E+03    0.1451E+04    0.2439E+04    0.5346E+03    0.3108E+04    0.2814E+04    0.2858E+04    0.2343E+04    0.2633E+04    0.2251E+04    0.4030E+04    0.3923E+04    0.3498E+04   -0.9990E+03   -0.9990E+03   -0.9990E+03   -0.9990E+03   -0.9990E+03   -0.9990E+03   -0.9990E+03   -0.9990E+03
   -0.9990E+03   -0.9990E+03   -0.9990E+03   -0.9990E+03   -0.9990E+03   -0.9990E+03   -0.9990E+03   -0.9990E+03   -0.9990E+03   -0.9990E+03   -0.9990E+03   -0.9990E+03   -0.9990E+03   -0.9990E+03   -0.9990E+03   -0.9990E+03   -0.9990E+03   -0.9990E+03   -0.9990E+03   -0.9990E+03   -0.9990E+03   -0.9990E+03   -0.9990E+03   -0.9990E+03   -0.9990E+03   -0.9990E+03   -0.9990E+03   -0.9990E+03   -0.9990E+03   -0.9990E+03   -0.9990E+03   -0.9990E+03   -0.9990E+03   -0.9990E+03   -0.9990E+03    0.1273E+03    0.4535E+01    0.6359E+03    0.9731E+03    0.1017E+04    0.7402E+03    0.7024E+03    0.8530E+03    0.8259E+03    0.4487E+03    0.4415E+03    0.4060E+03    0.4201E+03    0.4052E+03    0.3877E+03    0.3621E+03    0.3805E+03    0.3556E+03    0.7652E+03    0.3659E+03    0.8057E+03    0.1452E+04    0.3592E+03    0.5273E+03    0.3296E+04    0.2693E+04    0.2612E+04    0.2922E+04    0.2864E+04    0.2266E+04    0.2236E+04    0.9087E+03   -0.9990E+03   -0.9990E+03   -0.9990E+03   -0.9990E+03   -0.9990E+03   -0.9990E+03   -0.9990E+03   -0.9990E+03   -0.9990E+03
   -0.9990E+03   -0.9990E+03   -0.9990E+03   -0.9990E+03   -0.9990E+03   -0.9990E+03   -0.9990E+03   -0.9990E+03   -0.9990E+03   -0.9990E+03   -0.9990E+03   -0.9990E+03   -0.9990E+03   -0.9990E+03   -0.9990E+03   -0.9990E+03   -0.9990E+03   -0.9990E+03   -0.9990E+03   -0.9990E+03   -0.9990E+03   -0.9990E+03   -0.9990E+03   -0.9990E+03   -0.9990E+03   -0.9990E+03   -0.9990E+03   -0.9990E+03   -0.9990E+03   -0.9990E+03   -0.9990E+03   -0.9990E+03   -0.9990E+03   -0.9990E+03   -0.9990E+03   -0.9990E+03    0.3715E+03    0.6761E+03    0.3842E+03    0.2398E+04    0.2372E+04    0.2056E+04    0.2284E+04    0.8394E+03    0.4074E+03    0.4787E+03    0.4378E+03    0.4015E+03    0.4049E+03    0.3790E+03    0.3766E+03    0.3785E+03    0.3508E+03    0.6434E+03    0.6350E+03    0.5149E+03    0.3897E+03    0.3515E+03    0.8423E+03    0.3648E+04    0.4145E+04    0.4634E+04    0.4053E+04    0.3822E+04    0.3793E+04    0.2011E+04    0.1173E+04   -0.9990E+03   -0.9990E+03   -0.9990E+03   -0.9990E+03   -0.9990E+03   -0.9990E+03   -0.9990E+03   -0.9990E+03   -0.9990E+03
   -0.9990E+03   -0.9990E+03   -0.9990E+03   -0.9990E+03   -0.9990E+03   -0.9990E+03   -0.9990E+03   -0.9990E+03   -0.9990E+03   -0.9990E+03   -0.9990E+03   -0.9990E+03   -0.9990E+03   -0.9990E+03   -0.9990E+03   -0.9990E+03   -0.9990E+03   -0.9990E+03   -0.9990E+03   -0.9990E+03   -0.9990E+03   -0.9990E+03   -0.9990E+03   -0.9990E+03   -0.9990E+03   -0.9990E+03   -0.9990E+03   -0.9990E+03   -0.9990E+03   -0.9990E+03   -0.9990E+03   -0.9990E+03   -0.9990E+03   -0.9990E+03   -0.9990E+03   -0.9990E+03    0.3743E+03    0.7871E+03    0.1772E+04    0.2858E+04    0.1894E+04    0.3318E+04    0.2976E+04    0.5135E+03    0.4267E+03    0.4247E+03    0.4302E+03    0.3839E+03    0.3857E+03    0.3415E+03    0.3367E+03    0.3254E+03    0.3118E+03    0.3261E+03    0.3221E+03    0.3151E+03    0.3416E+03    0.3379E+03    0.3335E+03    0.3838E+04    0.2424E+04    0.3037E+04    0.2622E+04    0.2056E+04    0.3341E+04    0.3550E+04   -0.9990E+03   -0.9990E+03   -0.9990E+03   -0.9990E+03   -0.9990E+03   -0.9990E+03   -0.9990E+03   -0.9990E+03   -0.9990E+03   -0.9990E+03
   -0.9990E+03   -0.9990E+03   -0.9990E+03   -0.9990E+03   -0.9990E+03   -0.9990E+03   -0.9990E+03   -0.9990E+03   -0.9990E+03   -0.9990E+03   -0.9990E+03   -0.9990E+03   -0.9990E+03   -0.9990E+03   -0.9990E+03   -0.9990E+03   -0.9990E+03   -0.9990E+03   -0.9990E+03   -0.9990E+03   -0.9990E+03   -0.9990E+03   -0.9990E+03   -0.9990E+03   -0.9990E+03   -0.9990E+03   -0.9990E+03   -0.9990E+03   -0.9990E+03   -0.9990E+03   -0.9990E+03   -0.9990E+03   -0.9990E+03   -0.9990E+03   -0.9990E+03    0.3905E+03    0.3343E+03   -0.9990E+03    0.3611E+04    0.4408E+04    0.2821E+04    0.3174E+04    0.3599E+04    0.5501E+03    0.4484E+03    0.3689E+03    0.3796E+03    0.3568E+03    0.3616E+03    0.3378E+03    0.3026E+03    0.3114E+03    0.3333E+03    0.3304E+03    0.3273E+03    0.3281E+03    0.3282E+03    0.3221E+03    0.3017E+03    0.1853E+04    0.1432E+04    0.2201E+04    0.2238E+04    0.1635E+04    0.1279E+04    0.1691E+04   -0.9990E+03   -0.9990E+03   -0.9990E+03   -0.9990E+03   -0.9990E+03   -0.9990E+03   -0.9990E+03   -0.9990E+03   -0.9990E+03   -0.9990E+03
   -0.9990E+03   -0.9990E+03   -0.9990E+03   -0.9990E+03   -0.9990E+03   -0.9990E+03   -0.9990E+03   -0.9990E+03   -0.9990E+03   -0.9990E+03   -0.9990E+03   -0.9990E+03   -0.9990E+03   -0.9990E+03   -0.9990E+03   -0.9990E+03   -0.9990E+03   -0.9990E+03   -0.9990E+03   -0.9990E+03   -0.9990E+03   -0.9990E+03   -0.9990E+03   -0.9990E+03   -0.9990E+03   -0.9990E+03   -0.9990E+03   -0.9990E+03   -0.9990E+03   -0.9990E+03   -0.9990E+03   -0.9990E+03   -0.9990E+03   -0.9990E+03   -0.9990E+03    0.3429E+03   -0.9990E+03   -0.9990E+03    0.2623E+04    0.1980E+04    0.1013E+04    0.3312E+04    0.3438E+04    0.6163E+03    0.5062E+03    0.3600E+03    0.3395E+03    0.3234E+03    0.3342E+03    0.3260E+03    0.3142E+03    0.3154E+03    0.3010E+03    0.2967E+03    0.2997E+03    0.2991E+03    0.2803E+03    0.2882E+03    0.3180E+03    0.2930E+03    0.1941E+04    0.1707E+04    0.1604E+04    0.1232E+04    0.6550E+03    0.9420E+03   -0.9990E+03   -0.9990E+03   -0.9990E+03   -0.9990E+03   -0.9990E+03   -0.9990E+03   -0.9990E+03   -0.9990E+03   -0.9990E+03   -0.9990E+03
   -0.9990E+03   -0.9990E+03   -0.9990E+03   -0.9990E+03   -0.9990E+03   -0.9990E+03   -0.9990E+03   -0.9990E+03   -0.9990E+03   -0.9990E+03   -0.9990E+03   -0.9990E+03   -0.9990E+03   -0.9990E+03   -0.9990E+03   -0.9990E+03   -0.9990E+03   -0.9990E+03   -0.9990E+03   -0.9990E+03   -0.9990E+03   -0.9990E+03   -0.9990E+03   -0.9990E+03   -0.9990E+03   -0.9990E+03   -0.9990E+03   -0.9990E+03   -0.9990E+03   -0.9990E+03   -0.9990E+03   -0.9990E+03   -0.9990E+03   -0.9990E+03    0.3276E+03    0.2915E+03   -0.9990E+03   -0.9990E+03   -0.9990E+03   -0.9990E+03   -0.9990E+03    0.4894E+04    0.3016E+04    0.3425E+04    0.2872E+04    0.3462E+03    0.3224E+03    0.3092E+03    0.2902E+03    0.2976E+03    0.2912E+03    0.2764E+03    0.2663E+03    0.2619E+03    0.2537E+03    0.2673E+03    0.4985E+03    0.5497E+03    0.1042E+04    0.2876E+03    0.3106E+04    0.5460E+04    0.4293E+04    0.3797E+04    0.1307E+04    0.1366E+04   -0.9990E+03   -0.9990E+03   -0.9990E+03   -0.9990E+03   -0.9990E+03   -0.9990E+03   -0.9990E+03   -0.9990E+03   -0.9990E+03   -0.9990E+03
   -0.9990E+03   -0.9990E+03   -0.9990E+03   -0.9990E+03   -0.9990E+03   -0.9990E+03   -0.9990E+03   -0.9990E+03   -0.9990E+03   -0.9990E+03   -0.9990E+03   -0.9990E+03   -0.9990E+03   -0.9990E+03   -0.9990E+03   -0.9990E+03   -0.9990E+03   -0.9990E+03   -0.9990E+03   -0.9990E+03   -0.9990E+03   -0.9990E+03   -0.9990E+03   -0.9990E+03   -0.9990E+03   -0.9990E+03   -0.9990E+03   -0.9990E+03   -0.9990E+03   -0.9990E+03   -0.9990E+03   -0.9990E+03   -0.9990E+03    0.2987E+00    0.3295E+03    0.4665E+03   -0.9990E+03   -0.9990E+03   -0.9990E+03   -0.9990E+03   -0.9990E+03    0.4993E+04    0.5372E+04    0.2569E+04    0.3248E+04    0.3244E+03    0.3065E+03    0.2878E+03    0.2755E+03    0.2557E+03    0.2458E+03    0.2553E+03    0.2624E+03    0.2573E+03    0.2542E+03    0.2571E+03    0.2386E+03    0.2618E+03    0.5736E+03    0.1173E+04    0.5391E+03    0.3431E+04    0.2496E+04    0.2763E+04    0.2147E+04   -0.9990E+03   -0.9990E+03   -0.9990E+03   -0.9990E+03   -0.9990E+03   -0.9990E+03   -0.9990E+03   -0.9990E+03   -0.9990E+03   -0.9990E+03   -0.9990E+03
   -0.9990E+03   -0.9990E+03   -0.9990E+03   -0.9990E+03   -0.9990E+03   -0.9990E+03   -0.9990E+03   -0.9990E+03   -0.9990E+03   -0.9990E+03   -0.9990E+03   -0.9990E+03   -0.9990E+03   -0.9990E+03   -0.9990E+03   -0.9990E+03   -0.9990E+03   -0.9990E+03   -0.9990E+03   -0.9990E+03   -0.9990E+03   -0.9990E+03   -0.9990E+03   -0.9990E+03   -0.9990E+03   -0.9990E+03   -0.9990E+03   -0.9990E+03   -0.9990E+03   -0.9990E+03   -0.9990E+03   -0.9990E+03   -0.9990E+03    0.2437E+03    0.2377E+03   -0.9990E+03   -0.9990E+03   -0.9990E+03   -0.9990E+03   -0.9990E+03   -0.9990E+03   -0.9990E+03    0.4755E+04    0.2561E+04    0.3266E+03    0.2851E+03    0.2788E+03    0.2576E+03    0.2466E+03    0.2374E+03    0.2399E+03    0.2354E+03    0.2314E+03    0.2302E+03    0.2287E+03    0.2292E+03    0.2324E+03    0.5276E+03    0.5464E+03    0.1243E+04    0.5960E+03    0.3157E+04    0.7567E+03    0.2260E+04   -0.9990E+03   -0.9990E+03   -0.9990E+03   -0.9990E+03   -0.9990E+03   -0.9990E+03   -0.9990E+03   -0.9990E+03   -0.9990E+03   -0.9990E+03   -0.9990E+03   -0.9990E+03
   -0.9990E+03   -0.9990E+03   -0.9990E+03   -0.9990E+03   -0.9990E+03   -0.9990E+03   -0.9990E+03   -0.9990E+03   -0.9990E+03   -0.9990E+03   -0.9990E+03   -0.9990E+03   -0.9990E+03   -0.9990E+03   -0.9990E+03   -0.9990E+03   -0.9990E+03   -0.9990E+03   -0.9990E+03   -0.9990E+03   -0.9990E+03   -0.9990E+03   -0.9990E+03   -0.9990E+03   -0.9990E+03   -0.9990E+03   -0.9990E+03    0.2098E+04    0.2142E+04    0.2147E+04   -0.9990E+03   -0.9990E+03   -0.9990E+03    0.2436E+03    0.2361E+03   -0.9990E+03   -0.9990E+03   -0.9990E+03   -0.9990E+03    0.1214E+04   -0.9990E+03    0.4045E+04    0.5420E+04    0.2932E+04    0.3059E+03    0.2609E+03    0.2496E+03    0.2278E+03    0.2283E+03    0.2250E+03    0.2145E+03    0.2109E+03    0.2057E+03    0.2018E+03    0.1985E+03    0.1990E+03    0.2038E+03    0.2061E+03    0.5892E+03    0.3457E+04    0.3546E+04    0.3130E+04    0.3264E+04    0.3299E+04   -0.9990E+03   -0.9990E+03   -0.9990E+03   -0.9990E+03   -0.9990E+03   -0.9990E+03   -0.9990E+03   -0.9990E+03   -0.9990E+03   -0.9990E+03   -0.9990E+03   -0.9990E+03
   -0.9990E+03   -0.9990E+03   -0.9990E+03   -0.9990E+03   -0.9990E+03   -0.9990E+03   -0.9990E+03   -0.9990E+03   -0.9990E+03   -0.9990E+03   -0.9990E+03   -0.9990E+03   -0.9990E+03   -0.9990E+03   -0.9990E+03   -0.9990E+03   -0.9990E+03   -0.9990E+03   -0.9990E+03   -0.9990E+03   -0.9990E+03   -0.9990E+03   -0.9990E+03   -0.9990E+03   -0.9990E+03   -0.9990E+03   -0.9990E+03    0.1335E+04    0.1306E+04    0.2152E+04   -0.9990E+03   -0.9990E+03   -0.9990E+03    0.3268E+03    0.2565E+03   -0.9990E+03   -0.9990E+03    0.2370E+04    0.3105E+04    0.1235E+04    0.1688E+04    0.2781E+04    0.3125E+04    0.3139E+04    0.2926E+03    0.2332E+03    0.2254E+03    0.2039E+03    0.2035E+03    0.2014E+03    0.1952E+03    0.1892E+03    0.1816E+03    0.1745E+03    0.1702E+03    0.1686E+03    0.1806E+03    0.1891E+03    0.2020E+03    0.2359E+03    0.1374E+04    0.3570E+04    0.3773E+04    0.3135E+04    0.3180E+04    0.1931E+04   -0.9990E+03   -0.9990E+03   -0.9990E+03   -0.9990E+03   -0.9990E+03   -0.9990E+03   -0.9990E+03   -0.9990E+03   -0.9990E+03   -0.9990E+03
   -0.9990E+03   -0.9990E+03   -0.9990E+03   -0.9990E+03   -0.9990E+03   -0.9990E+03   -0.9990E+03   -0.9990E+03   -0.9990E+03   -0.9990E+03   -0.9990E+03   -0.9990E+03   -0.9990E+03   -0.9990E+03   -0.9990E+03   -0.9990E+03   -0.9990E+03   -0.9990E+03   -0.9990E+03   -0.9990E+03   -0.9990E+03   -0.9990E+03   -0.9990E+03   -0.9990E+03   -0.9990E+03   -0.9990E+03    0.1308E+04    0.1302E+04    0.1341E+04    0.1402E+04    0.2284E+04    0.1966E+04    0.2206E+04   -0.9990E+03    0.2516E+03   -0.9990E+03    0.2226E+04    0.1818E+04    0.3475E+04    0.3656E+04    0.7752E+03    0.2122E+03    0.3079E+04    0.2466E+03    0.2481E+03    0.2071E+03    0.1939E+03    0.1762E+03    0.1806E+03    0.1781E+03    0.1701E+03    0.1636E+03    0.1567E+03    0.1498E+03    0.1452E+03    0.1471E+03    0.1534E+03    0.1645E+03    0.1777E+03    0.1853E+03    0.2032E+03    0.2361E+03    0.1374E+04    0.3631E+04    0.3199E+04    0.3262E+04   -0.9990E+03   -0.9990E+03   -0.9990E+03   -0.9990E+03   -0.9990E+03   -0.9990E+03   -0.9990E+03   -0.9990E+03   -0.9990E+03   -0.9990E+03
   -0.9990E+03   -0.9990E+03   -0.9990E+03   -0.9990E+03   -0.9990E+03   -0.9990E+03   -0.9990E+03   -0.9990E+03   -0.9990E+03   -0.9990E+03   -0.9990E+03   -0.9990E+03   -0.9990E+03   -0.9990E+03   -0.9990E+03   -0.9990E+03   -0.9990E+03   -0.9990E+03   -0.9990E+03   -0.9990E+03   -0.9990E+03   -0.9990E+03   -0.9990E+03   -0.9990E+03   -0.9990E+03   -0.9990E+03    0.1294E+04    0.1383E+04    0.1397E+04    0.1337E+04    0.1346E+04    0.1410E+04    0.1391E+04    0.1926E+04    0.1405E+01    0.2481E+04    0.2667E+04    0.3304E+04    0.3347E+04    0.2682E+04    0.9476E+03    0.3796E+03    0.1992E+03    0.2788E+03    0.2089E+03    0.1812E+03    0.1691E+03    0.1568E+03    0.1595E+03    0.1569E+03    0.1543E+03    0.1494E+03    0.1425E+03    0.1327E+03    0.1242E+03    0.1194E+03    0.1267E+03    0.1393E+03    0.1581E+03    0.1643E+03    0.1850E+03    0.1987E+03    0.3843E+03    0.3495E+04    0.3365E+04    0.3306E+04   -0.9990E+03   -0.9990E+03   -0.9990E+03   -0.9990E+03   -0.9990E+03   -0.9990E+03   -0.9990E+03   -0.9990E+03   -0.9990E+03   -0.9990E+03
   -0.9990E+03   -0.9990E+03   -0.9990E+03   -0.9990E+03   -0.9990E+03   -0.9990E+03   -0.9990E+03   -0.9990E+03   -0.9990E+03   -0.9990E+03   -0.9990E+03   -0.9990E+03   -0.9990E+03   -0.9990E+03   -0.9990E+03   -0.9990E+03   -0.9990E+03   -0.9990E+03   -0.9990E+03   -0.9990E+03   -0.9990E+03   -0.9990E+03   -0.9990E+03   -0.9990E+03   -0.9990E+03   -0.9990E+03    0.1406E+04    0.1432E+04    0.1487E+04    0.1505E+04    0.1442E+04    0.1454E+04    0.1510E+04    0.1392E+04    0.3141E+01    0.2718E+04    0.3277E+04    0.3476E+04    0.3141E+04    0.3019E+04    0.4975E+03    0.3749E+03    0.2470E+03    0.2548E+03    0.1811E+03    0.1547E+03    0.1522E+03    0.1452E+03    0.1416E+03    0.1316E+03    0.1369E+03    0.1330E+03    0.1251E+03    0.1148E+03    0.1026E+03    0.8688E+02    0.1055E+03    0.1245E+03    0.1403E+03    0.1545E+03    0.1740E+03    0.1756E+03    0.1951E+03    0.3532E+04    0.3324E+04    0.3243E+04    0.3088E+04    0.2057E+04   -0.9990E+03   -0.9990E+03   -0.9990E+03   -0.9990E+03   -0.9990E+03   -0.9990E+03   -0.9990E+03   -0.9990E+03
   -0.9990E+03   -0.9990E+03   -0.9990E+03   -0.9990E+03   -0.9990E+03   -0.9990E+03   -0.9990E+03   -0.9990E+03   -0.9990E+03   -0.9990E+03   -0.9990E+03   -0.9990E+03   -0.9990E+03   -0.9990E+03   -0.9990E+03   -0.9990E+03   -0.9990E+03   -0.9990E+03   -0.9990E+03   -0.9990E+03   -0.9990E+03   -0.9990E+03   -0.9990E+03   -0.9990E+03   -0.9990E+03   -0.9990E+03    0.1315E+04    0.1418E+04    0.1432E+04    0.1424E+04    0.1462E+04    0.1486E+04    0.1527E+04    0.1576E+04    0.1415E+03    0.3034E+02    0.3343E+04    0.3412E+04    0.1650E+04    0.2304E+04    0.5917E+03    0.4506E+03    0.3928E+03    0.2702E+03    0.1666E+03    0.1518E+03    0.1444E+03    0.1343E+03    0.1299E+03    0.1277E+03    0.1246E+03    0.1161E+03    0.1122E+03    0.1032E+03    0.9355E+02    0.9086E+02    0.9914E+02    0.1156E+03    0.1297E+03    0.1449E+03    0.1550E+03    0.1620E+03    0.1822E+03    0.1432E+04    0.3737E+04    0.3183E+04    0.2921E+04    0.1235E+04   -0.9990E+03   -0.9990E+03   -0.9990E+03   -0.9990E+03   -0.9990E+03   -0.9990E+03   -0.9990E+03   -0.9990E+03
   -0.9990E+03   -0.9990E+03   -0.9990E+03   -0.9990E+03   -0.9990E+03   -0.9990E+03   -0.9990E+03   -0.9990E+03   -0.9990E+03   -0.9990E+03   -0.9990E+03   -0.9990E+03   -0.9990E+03   -0.9990E+03   -0.9990E+03   -0.9990E+03   -0.9990E+03   -0.9990E+03   -0.9990E+03   -0.9990E+03   -0.9990E+03   -0.9990E+03   -0.9990E+03   -0.9990E+03   -0.9990E+03    0.1050E+04    0.1103E+04    0.1135E+04    0.1198E+04    0.1229E+04    0.1318E+04    0.1400E+04    0.1435E+04    0.1750E+04    0.1647E+04    0.2432E+03    0.3233E+02    0.3255E+04    0.1674E+04    0.2490E+04    0.2555E+04    0.1761E+04    0.2234E+04    0.2679E+03    0.1644E+03    0.1483E+03    0.1356E+03    0.1235E+03    0.1186E+03    0.1181E+03    0.1144E+03    0.1094E+03    0.1035E+03    0.9672E+02    0.9300E+02    0.9389E+02    0.1002E+03    0.1103E+03    0.1229E+03    0.1324E+03    0.1400E+03    0.1557E+03    0.2451E+03    0.3602E+04    0.3188E+04   -0.9990E+03   -0.9990E+03   -0.9990E+03   -0.9990E+03   -0.9990E+03   -0.9990E+03   -0.9990E+03   -0.9990E+03   -0.9990E+03   -0.9990E+03   -0.9990E+03
   -0.9990E+03   -0.9990E+03   -0.9990E+03   -0.9990E+03   -0.9990E+03   -0.9990E+03   -0.9990E+03   -0.9990E+03   -0.9990E+03   -0.9990E+03   -0.9990E+03   -0.9990E+03   -0.9990E+03   -0.9990E+03   -0.9990E+03   -0.9990E+03   -0.9990E+03   -0.9990E+03   -0.9990E+03   -0.9990E+03   -0.9990E+03   -0.9990E+03   -0.9990E+03   -0.9990E+03   -0.9990E+03    0.1010E+04    0.1043E+04    0.1043E+04    0.1098E+04    0.1142E+04    0.1294E+04    0.1271E+04    0.1525E+04    0.1324E+04    0.1223E+04    0.2371E+04    0.3400E+02    0.3475E+02    0.3172E+04    0.4412E+04    0.3100E+04    0.3141E+04    0.2866E+04    0.2780E+03    0.1577E+03    0.1446E+03    0.1269E+03    0.1179E+03    0.1141E+03    0.1069E+03    0.1024E+03    0.1022E+03    0.9730E+02    0.9451E+02    0.9387E+02    0.9434E+02    0.1033E+03    0.1092E+03    0.1173E+03    0.1265E+03    0.1430E+03    0.1879E+03    0.3612E+04    0.3270E+04   -0.9990E+03   -0.9990E+03   -0.9990E+03   -0.9990E+03   -0.9990E+03   -0.9990E+03   -0.9990E+03   -0.9990E+03   -0.9990E+03   -0.9990E+03   -0.9990E+03   -0.9990E+03
   -0.9990E+03   -0.9990E+03   -0.9990E+03   -0.9990E+03   -0.9990E+03   -0.9990E+03   -0.9990E+03   -0.9990E+03   -0.9990E+03   -0.9990E+03   -0.9990E+03   -0.9990E+03   -0.9990E+03   -0.9990E+03   -0.9990E+03   -0.9990E+03   -0.9990E+03   -0.9990E+03   -0.9990E+03   -0.9990E+03   -0.9990E+03   -0.9990E+03   -0.9990E+03   -0.9990E+03   -0.9990E+03    0.1014E+04    0.1091E+04    0.1128E+04    0.1144E+04    0.1171E+04    0.1160E+04    0.9174E+03    0.1758E+03    0.2447E+03    0.8872E+02    0.8911E+02    0.1093E+03    0.2071E+02    0.2316E+03    0.3716E+03    0.3199E+03    0.1432E+04    0.3189E+03    0.2044E+03    0.1539E+03    0.1404E+03    0.1219E+03    0.1145E+03    0.1090E+03    0.1038E+03    0.9999E+02    0.9445E+02    0.9288E+02    0.9234E+02    0.9324E+02    0.9699E+02    0.1034E+03    0.1083E+03    0.1154E+03    0.1279E+03    0.1364E+03    0.3649E+04    0.3363E+04    0.2962E+04   -0.9990E+03   -0.9990E+03   -0.9990E+03   -0.9990E+03   -0.9990E+03   -0.9990E+03   -0.9990E+03   -0.9990E+03   -0.9990E+03   -0.9990E+03   -0.9990E+03   -0.9990E+03
   -0.9990E+03   -0.9990E+03   -0.9990E+03   -0.9990E+03   -0.9990E+03   -0.9990E+03   -0.9990E+03   -0.9990E+03   -0.9990E+03   -0.9990E+03   -0.9990E+03   -0.9990E+03   -0.9990E+03   -0.9990E+03   -0.9990E+03   -0.9990E+03   -0.9990E+03   -0.9990E+03   -0.9990E+03   -0.9990E+03   -0.9990E+03   -0.9990E+03   -0.9990E+03   -0.9990E+03   -0.9990E+03    0.6192E+03    0.6365E+03    0.6696E+03    0.6649E+03    0.7228E+03    0.5906E+03    0.2438E+03    0.1995E+03    0.9091E+02    0.1419E+03    0.1028E+03    0.1234E+03    0.2537E+03    0.2321E+03    0.1440E+03    0.5278E+03    0.3520E+03    0.5781E+03    0.1782E+03    0.1524E+03    0.1386E+03    0.1162E+03    0.1102E+03    0.1049E+03    0.1017E+03    0.9900E+02    0.9600E+02    0.9348E+02    0.9223E+02    0.9411E+02    0.1003E+03    0.1013E+03    0.1070E+03    0.1141E+03    0.1176E+03    0.1425E+03    0.3504E+04    0.3353E+04   -0.9990E+03   -0.9990E+03   -0.9990E+03   -0.9990E+03   -0.9990E+03   -0.9990E+03   -0.9990E+03   -0.9990E+03   -0.9990E+03   -0.9990E+03   -0.9990E+03   -0.9990E+03   -0.9990E+03
   -0.9990E+03   -0.9990E+03   -0.9990E+03   -0.9990E+03   -0.9990E+03   -0.9990E+03   -0.9990E+03   -0.9990E+03   -0.9990E+03   -0.9990E+03   -0.9990E+03   -0.9990E+03   -0.9990E+03   -0.9990E+03   -0.9990E+03   -0.9990E+03   -0.9990E+03   -0.9990E+03   -0.9990E+03   -0.9990E+03   -0.9990E+03   -0.9990E+03   -0.9990E+03   -0.9990E+03   -0.9990E+03   -0.9990E+03   -0.9990E+03    0.2740E+03    0.2853E+03    0.2847E+03    0.7835E+02    0.6971E+02    0.7202E+02    0.8441E+02    0.9295E+02    0.1306E+03    0.2751E+03    0.1326E+03    0.3831E+03    0.2201E+03    0.5130E+03    0.7221E+03    0.1457E+04    0.2004E+03    0.1464E+03    0.1341E+03    0.1112E+03    0.1079E+03    0.1024E+03    0.9792E+02    0.9656E+02    0.9377E+02    0.9145E+02    0.9016E+02    0.9378E+02    0.9651E+02    0.9974E+02    0.1051E+03    0.1078E+03    0.1225E+03    0.1574E+03    0.3695E+04    0.3279E+04   -0.9990E+03   -0.9990E+03   -0.9990E+03   -0.9990E+03   -0.9990E+03   -0.9990E+03   -0.9990E+03   -0.9990E+03   -0.9990E+03   -0.9990E+03   -0.9990E+03   -0.9990E+03   -0.9990E+03
   -0.9990E+03   -0.9990E+03   -0.9990E+03   -0.9990E+03   -0.9990E+03   -0.9990E+03   -0.9990E+03   -0.9990E+03   -0.9990E+03   -0.9990E+03   -0.9990E+03   -0.9990E+03   -0.9990E+03   -0.9990E+03   -0.9990E+03   -0.9990E+03   -0.9990E+03   -0.9990E+03   -0.9990E+03   -0.9990E+03   -0.9990E+03   -0.9990E+03   -0.9990E+03   -0.9990E+03   -0.9990E+03   -0.9990E+03   -0.9990E+03   -0.9990E+03    0.1444E+03    0.1701E+03    0.4713E+02    0.4840E+02    0.4890E+02    0.5089E+02    0.7372E+02    0.1420E+03    0.2035E+03    0.1449E+03    0.4778E+03    0.2062E+03    0.1459E+03    0.1033E+04    0.1023E+04    0.1396E+03    0.1269E+03    0.1265E+03    0.1081E+03    0.1037E+03    0.9987E+02    0.9712E+02    0.9426E+02    0.8976E+02    0.8958E+02    0.9069E+02    0.9247E+02    0.9310E+02    0.9706E+02    0.1025E+03    0.1080E+03    0.1199E+03    0.1083E+04    0.3549E+04   -0.9990E+03   -0.9990E+03   -0.9990E+03   -0.9990E+03   -0.9990E+03   -0.9990E+03   -0.9990E+03   -0.9990E+03   -0.9990E+03   -0.9990E+03   -0.9990E+03   -0.9990E+03   -0.9990E+03   -0.9990E+03
   -0.9990E+03   -0.9990E+03   -0.9990E+03   -0.9990E+03   -0.9990E+03   -0.9990E+03   -0.9990E+03   -0.9990E+03   -0.9990E+03   -0.9990E+03   -0.9990E+03   -0.9990E+03   -0.9990E+03   -0.9990E+03   -0.9990E+03   -0.9990E+03   -0.9990E+03   -0.9990E+03   -0.9990E+03   -0.9990E+03   -0.9990E+03   -0.9990E+03   -0.9990E+03   -0.9990E+03   -0.9990E+03   -0.9990E+03   -0.9990E+03   -0.9990E+03    0.1902E+03    0.1916E+03    0.6166E+02    0.3864E+02    0.7028E+02    0.8073E+02    0.5266E+02    0.9792E+02    0.1448E+03    0.1382E+03    0.4011E+03    0.2121E+03    0.2065E+03    0.4897E+03    0.2128E+03    0.1219E+03    0.1151E+03    0.1081E+03    0.1035E+03    0.9865E+02    0.9796E+02    0.9540E+02    0.8910E+02    0.8979E+02    0.8993E+02    0.8874E+02    0.8847E+02    0.8911E+02    0.9308E+02    0.1005E+03    0.1066E+03    0.1224E+03    0.2437E+04   -0.9990E+03   -0.9990E+03   -0.9990E+03   -0.9990E+03   -0.9990E+03   -0.9990E+03   -0.9990E+03   -0.9990E+03   -0.9990E+03   -0.9990E+03   -0.9990E+03   -0.9990E+03   -0.9990E+03   -0.9990E+03   -0.9990E+03
   -0.9990E+03   -0.9990E+03   -0.9990E+03   -0.9990E+03   -0.9990E+03   -0.9990E+03   -0.9990E+03   -0.9990E+03   -0.9990E+03   -0.9990E+03   -0.9990E+03   -0.9990E+03   -0.9990E+03   -0.9990E+03   -0.9990E+03   -0.9990E+03   -0.9990E+03   -0.9990E+03   -0.9990E+03   -0.9990E+03   -0.9990E+03   -0.9990E+03   -0.9990E+03   -0.9990E+03   -0.9990E+03   -0.9990E+03   -0.9990E+03   -0.9990E+03    0.2365E+03    0.1616E+03    0.6532E+02    0.7930E+02    0.5445E+02    0.4918E+02    0.5702E+04    0.5723E+04    0.2599E+03    0.5381E+04    0.5538E+04    0.4870E+03    0.2076E+03    0.5001E+03    0.2664E+03    0.1197E+03    0.1119E+03    0.1031E+03    0.9868E+02    0.9720E+02    0.9647E+02    0.9249E+02    0.9189E+02    0.8957E+02    0.8879E+02    0.8810E+02    0.8310E+02    0.8349E+02    0.8851E+02    0.9741E+02    0.1067E+03    0.1178E+03    0.1584E+03   -0.9990E+03   -0.9990E+03   -0.9990E+03   -0.9990E+03   -0.9990E+03   -0.9990E+03   -0.9990E+03   -0.9990E+03   -0.9990E+03   -0.9990E+03   -0.9990E+03   -0.9990E+03   -0.9990E+03   -0.9990E+03   -0.9990E+03
   -0.9990E+03   -0.9990E+03   -0.9990E+03   -0.9990E+03   -0.9990E+03   -0.9990E+03   -0.9990E+03   -0.9990E+03   -0.9990E+03   -0.9990E+03   -0.9990E+03   -0.9990E+03   -0.9990E+03   -0.9990E+03   -0.9990E+03   -0.9990E+03   -0.9990E+03   -0.9990E+03   -0.9990E+03   -0.9990E+03   -0.9990E+03   -0.9990E+03   -0.9990E+03   -0.9990E+03   -0.9990E+03   -0.9990E+03   -0.9990E+03   -0.9990E+03   -0.9990E+03   -0.9990E+03   -0.9990E+03   -0.9990E+03    0.1865E+04    0.3778E+04    0.5700E+04    0.5712E+04    0.5711E+04    0.5622E+04    0.5559E+04    0.3291E+04    0.9810E+01    0.4786E+03    0.2569E+03    0.1195E+03    0.1089E+03    0.9579E+02    0.9863E+02    0.9678E+02    0.9304E+02    0.9439E+02    0.9224E+02    0.8918E+02    0.8677E+02    0.8582E+02    0.8174E+02    0.7705E+02    0.8604E+02    0.9561E+02    0.1056E+03    0.1145E+03    0.1629E+04    0.3315E+04   -0.9990E+03   -0.9990E+03   -0.9990E+03   -0.9990E+03   -0.9990E+03   -0.9990E+03   -0.9990E+03   -0.9990E+03   -0.9990E+03   -0.9990E+03   -0.9990E+03   -0.9990E+03   -0.9990E+03   -0.9990E+03
   -0.9990E+03   -0.9990E+03   -0.9990E+03   -0.9990E+03   -0.9990E+03   -0.9990E+03   -0.9990E+03   -0.9990E+03   -0.9990E+03   -0.9990E+03   -0.9990E+03   -0.9990E+03   -0.9990E+03   -0.9990E+03   -0.9990E+03   -0.9990E+03   -0.9990E+03   -0.9990E+03   -0.9990E+03   -0.9990E+03   -0.9990E+03   -0.9990E+03   -0.9990E+03   -0.9990E+03   -0.9990E+03   -0.9990E+03    0.3295E+03    0.4106E+03    0.5320E+03   -0.9990E+03   -0.9990E+03   -0.9990E+03   -0.9990E+03    0.5741E+04    0.5002E+04    0.5735E+04    0.5731E+04    0.5045E+04    0.5497E+04    0.3439E+04    0.1420E+03    0.1333E+03    0.1234E+03    0.1184E+03    0.1119E+03    0.1041E+03    0.1011E+03    0.1001E+03    0.9832E+02    0.9617E+02    0.9302E+02    0.8967E+02    0.8697E+02    0.8704E+02    0.8259E+02    0.8136E+02    0.8687E+02    0.9363E+02    0.1042E+03    0.1501E+03    0.1737E+04    0.2939E+04   -0.9990E+03   -0.9990E+03   -0.9990E+03   -0.9990E+03   -0.9990E+03   -0.9990E+03   -0.9990E+03   -0.9990E+03   -0.9990E+03   -0.9990E+03   -0.9990E+03   -0.9990E+03   -0.9990E+03   -0.9990E+03
   -0.9990E+03   -0.9990E+03   -0.9990E+03   -0.9990E+03   -0.9990E+03   -0.9990E+03   -0.9990E+03   -0.9990E+03   -0.9990E+03   -0.9990E+03   -0.9990E+03   -0.9990E+03   -0.9990E+03   -0.9990E+03   -0.9990E+03   -0.9990E+03   -0.9990E+03   -0.9990E+03   -0.9990E+03   -0.9990E+03   -0.9990E+03   -0.9990E+03   -0.9990E+03   -0.9990E+03    0.3574E+03    0.3906E+03    0.4169E+03    0.4271E+03    0.5987E+03    0.6352E+03   -0.9990E+03   -0.9990E+03   -0.9990E+03    0.5694E+04    0.5744E+04    0.5743E+04    0.5750E+04    0.5747E+04    0.5749E+04    0.5723E+04    0.6215E+03    0.1387E+03    0.1291E+03    0.1237E+03    0.1177E+03    0.1111E+03    0.1046E+03    0.1024E+03    0.9843E+02    0.9739E+02    0.9441E+02    0.9083E+02    0.8879E+02    0.8694E+02    0.8382E+02    0.8497E+02    0.8892E+02    0.9469E+02    0.1030E+03    0.1246E+03    0.3139E+04   -0.9990E+03   -0.9990E+03   -0.9990E+03   -0.9990E+03   -0.9990E+03   -0.9990E+03   -0.9990E+03   -0.9990E+03   -0.9990E+03   -0.9990E+03   -0.9990E+03   -0.9990E+03   -0.9990E+03   -0.9990E+03   -0.9990E+03
   -0.9990E+03   -0.9990E+03   -0.9990E+03   -0.9990E+03   -0.9990E+03   -0.9990E+03   -0.9990E+03   -0.9990E+03   -0.9990E+03   -0.9990E+03   -0.9990E+03   -0.9990E+03   -0.9990E+03   -0.9990E+03   -0.9990E+03   -0.9990E+03   -0.9990E+03   -0.9990E+03   -0.9990E+03   -0.9990E+03   -0.9990E+03   -0.9990E+03   -0.9990E+03   -0.9990E+03   -0.9990E+03    0.4184E+03    0.4804E+03    0.4757E+03    0.5355E+03    0.6756E+03    0.6728E+03   -0.9990E+03   -0.9990E+03    0.5697E+04    0.5741E+04    0.5749E+04    0.5748E+04    0.5748E+04    0.5748E+04    0.5724E+04    0.8351E+03    0.1543E+03    0.1391E+03    0.1343E+03    0.1295E+03    0.1194E+03    0.1116E+03    0.1070E+03    0.1040E+03    0.9819E+02    0.9667E+02    0.9272E+02    0.9173E+02    0.8879E+02    0.8535E+02    0.8784E+02    0.8929E+02    0.9279E+02    0.1040E+03    0.1140E+03   -0.9990E+03   -0.9990E+03   -0.9990E+03   -0.9990E+03   -0.9990E+03   -0.9990E+03   -0.9990E+03   -0.9990E+03   -0.9990E+03   -0.9990E+03   -0.9990E+03   -0.9990E+03   -0.9990E+03   -0.9990E+03   -0.9990E+03   -0.9990E+03
   -0.9990E+03   -0.9990E+03   -0.9990E+03   -0.9990E+03   -0.9990E+03   -0.9990E+03   -0.9990E+03   -0.9990E+03   -0.9990E+03   -0.9990E+03   -0.9990E+03   -0.9990E+03   -0.9990E+03   -0.9990E+03   -0.9990E+03   -0.9990E+03   -0.9990E+03   -0.9990E+03   -0.9990E+03   -0.9990E+03   -0.9990E+03   -0.9990E+03   -0.9990E+03   -0.9990E+03    0.4633E+03    0.4833E+03    0.5330E+03    0.5405E+03    0.5960E+03    0.6339E+03    0.6782E+03   -0.9990E+03   -0.9990E+03    0.5693E+04    0.5747E+04    0.5749E+04    0.5748E+04    0.5749E+04    0.5748E+04    0.5724E+04    0.2350E+03    0.1598E+03    0.1604E+03    0.1662E+03    0.1430E+03    0.1374E+03    0.1322E+03    0.1235E+03    0.1194E+03    0.1117E+03    0.9909E+02    0.9706E+02    0.9336E+02    0.9046E+02    0.8872E+02    0.8937E+02    0.9252E+02    0.9508E+02    0.1040E+03   -0.9990E+03   -0.9990E+03   -0.9990E+03   -0.9990E+03   -0.9990E+03   -0.9990E+03   -0.9990E+03   -0.9990E+03   -0.9990E+03   -0.9990E+03   -0.9990E+03   -0.9990E+03   -0.9990E+03   -0.9990E+03   -0.9990E+03   -0.9990E+03   -0.9990E+03
   -0.9990E+03   -0.9990E+03   -0.9990E+03   -0.9990E+03   -0.9990E+03   -0.9990E+03   -0.9990E+03   -0.9990E+03   -0.9990E+03   -0.9990E+03   -0.9990E+03   -0.9990E+03   -0.9990E+03   -0.9990E+03   -0.9990E+03   -0.9990E+03   -0.9990E+03   -0.9990E+03   -0.9990E+03   -0.9990E+03   -0.9990E+03   -0.9990E+03   -0.9990E+03   -0.9990E+03    0.5298E+03    0.5573E+03    0.5772E+03    0.6017E+03    0.6350E+03    0.6635E+03    0.6961E+03   -0.9990E+03   -0.9990E+03    0.5745E+04    0.5716E+04    0.5748E+04    0.5749E+04    0.5748E+04    0.5748E+04    0.5724E+04    0.1807E+03    0.1695E+03    0.1767E+03    0.1939E+03    0.1569E+03    0.1461E+03    0.1362E+03    0.1350E+03    0.1291E+03    0.1178E+03    0.1046E+03    0.1012E+03    0.9528E+02    0.8955E+02    0.8678E+02    0.8815E+02    0.9150E+02    0.9474E+02    0.9977E+02   -0.9990E+03   -0.9990E+03   -0.9990E+03   -0.9990E+03   -0.9990E+03   -0.9990E+03   -0.9990E+03   -0.9990E+03   -0.9990E+03   -0.9990E+03   -0.9990E+03   -0.9990E+03   -0.9990E+03   -0.9990E+03   -0.9990E+03   -0.9990E+03   -0.9990E+03
   -0.9990E+03   -0.9990E+03   -0.9990E+03   -0.9990E+03   -0.9990E+03   -0.9990E+03   -0.9990E+03   -0.9990E+03   -0.9990E+03   -0.9990E+03   -0.9990E+03   -0.9990E+03   -0.9990E+03   -0.9990E+03   -0.9990E+03   -0.9990E+03   -0.9990E+03   -0.9990E+03   -0.9990E+03   -0.9990E+03   -0.9990E+03   -0.9990E+03   -0.9990E+03   -0.9990E+03    0.5940E+03    0.6232E+03    0.6200E+03    0.6485E+03    0.6803E+03    0.7066E+03    0.7170E+03    0.7683E+03   -0.9990E+03    0.5752E+04    0.5728E+04    0.5746E+04    0.5748E+04    0.5748E+04    0.5748E+04    0.5726E+04    0.1805E+03    0.1759E+03    0.1949E+03    0.1796E+03    0.1768E+03    0.1573E+03    0.1409E+03    0.1365E+03    0.1246E+03    0.1136E+03    0.1070E+03    0.1012E+03    0.9729E+02    0.9099E+02    0.8845E+02    0.8713E+02    0.9134E+02    0.9375E+02    0.1010E+03   -0.9990E+03   -0.9990E+03   -0.9990E+03   -0.9990E+03   -0.9990E+03   -0.9990E+03   -0.9990E+03   -0.9990E+03   -0.9990E+03   -0.9990E+03   -0.9990E+03   -0.9990E+03   -0.9990E+03   -0.9990E+03   -0.9990E+03   -0.9990E+03   -0.9990E+03
   -0.9990E+03   -0.9990E+03   -0.9990E+03   -0.9990E+03   -0.9990E+03   -0.9990E+03   -0.9990E+03   -0.9990E+03   -0.9990E+03   -0.9990E+03   -0.9990E+03   -0.9990E+03   -0.9990E+03   -0.9990E+03   -0.9990E+03   -0.9990E+03   -0.9990E+03   -0.9990E+03   -0.9990E+03   -0.9990E+03   -0.9990E+03   -0.9990E+03   -0.9990E+03    0.6328E+03    0.6509E+03    0.6601E+03    0.6807E+03    0.6883E+03    0.7131E+03    0.7282E+03    0.7490E+03    0.7651E+03    0.7972E+03   -0.9990E+03    0.5751E+04    0.5726E+04    0.5749E+04    0.5748E+04    0.5727E+04    0.5883E+03    0.1754E+03    0.2941E+03    0.2173E+03    0.1859E+03    0.1797E+03    0.1526E+03    0.1407E+03    0.1323E+03    0.1268E+03    0.1170E+03    0.1108E+03    0.1014E+03    0.9812E+02    0.8879E+02    0.8907E+02    0.8553E+02    0.8886E+02    0.9297E+02    0.9798E+02   -0.9990E+03   -0.9990E+03   -0.9990E+03   -0.9990E+03   -0.9990E+03   -0.9990E+03   -0.9990E+03   -0.9990E+03   -0.9990E+03   -0.9990E+03   -0.9990E+03   -0.9990E+03   -0.9990E+03   -0.9990E+03   -0.9990E+03   -0.9990E+03   -0.9990E+03
   -0.9990E+03   -0.9990E+03   -0.9990E+03   -0.9990E+03   -0.9990E+03   -0.9990E+03   -0.9990E+03   -0.9990E+03   -0.9990E+03   -0.9990E+03   -0.9990E+03   -0.9990E+03   -0.9990E+03   -0.9990E+03   -0.9990E+03   -0.9990E+03   -0.9990E+03   -0.9990E+03   -0.9990E+03   -0.9990E+03   -0.9990E+03   -0.9990E+03   -0.9990E+03    0.6813E+03    0.7015E+03    0.7020E+03    0.7039E+03    0.7308E+03    0.7458E+03    0.7589E+03    0.7687E+03    0.7771E+03    0.8182E+03   -0.9990E+03   -0.9990E+03    0.5747E+04    0.5739E+04    0.5747E+04    0.5729E+04    0.2021E+03    0.1720E+03    0.2121E+03    0.2352E+03    0.1971E+03    0.1771E+03    0.1588E+03    0.1534E+03    0.1397E+03    0.1324E+03    0.1202E+03    0.1103E+03    0.1081E+03    0.9994E+02    0.9182E+02    0.8554E+02    0.8252E+02    0.8870E+02    0.8715E+02   -0.9990E+03   -0.9990E+03   -0.9990E+03   -0.9990E+03   -0.9990E+03   -0.9990E+03   -0.9990E+03   -0.9990E+03   -0.9990E+03   -0.9990E+03   -0.9990E+03   -0.9990E+03   -0.9990E+03   -0.9990E+03   -0.9990E+03   -0.9990E+03   -0.9990E+03   -0.9990E+03
   -0.9990E+03   -0.9990E+03   -0.9990E+03   -0.9990E+03   -0.9990E+03   -0.9990E+03   -0.9990E+03   -0.9990E+03   -0.9990E+03   -0.9990E+03   -0.9990E+03   -0.9990E+03   -0.9990E+03   -0.9990E+03   -0.9990E+03   -0.9990E+03   -0.9990E+03   -0.9990E+03   -0.9990E+03   -0.9990E+03   -0.9990E+03   -0.9990E+03   -0.9990E+03    0.8951E+03    0.8986E+03    0.8957E+03    0.8954E+03    0.8985E+03    0.9029E+03    0.9052E+03    0.7813E+03    0.9362E+03    0.7627E+03    0.1496E+03   -0.9990E+03    0.3505E+04    0.5711E+04    0.5731E+04    0.7706E+03    0.1845E+03    0.1611E+03    0.3909E+03    0.2456E+03    0.1919E+03    0.1585E+03    0.1580E+03    0.1586E+03    0.1490E+03    0.1364E+03    0.1263E+03    0.1111E+03    0.1067E+03    0.1021E+03    0.9002E+02    0.8393E+02    0.7888E+02    0.8222E+02   -0.9990E+03   -0.9990E+03   -0.9990E+03   -0.9990E+03   -0.9990E+03   -0.9990E+03   -0.9990E+03   -0.9990E+03   -0.9990E+03   -0.9990E+03   -0.9990E+03   -0.9990E+03   -0.9990E+03   -0.9990E+03   -0.9990E+03   -0.9990E+03   -0.9990E+03   -0.9990E+03   -0.9990E+03
   -0.9990E+03   -0.9990E+03   -0.9990E+03   -0.9990E+03   -0.9990E+03   -0.9990E+03   -0.9990E+03   -0.9990E+03   -0.9990E+03   -0.9990E+03   -0.9990E+03   -0.9990E+03   -0.9990E+03   -0.9990E+03   -0.9990E+03   -0.9990E+03   -0.9990E+03   -0.9990E+03   -0.9990E+03   -0.9990E+03   -0.9990E+03   -0.9990E+03   -0.9990E+03    0.9207E+03    0.9205E+03    0.9247E+03    0.9267E+03    0.9186E+03    0.2256E+03    0.5747E+03    0.9138E+03    0.7830E+03    0.9359E+03    0.1969E+03    0.1518E+03    0.1502E+03    0.5653E+04    0.2378E+03    0.1936E+03    0.1706E+03    0.1695E+03    0.2745E+03    0.1904E+03    0.1591E+03    0.1685E+03    0.1718E+03    0.1541E+03    0.1420E+03    0.1386E+03    0.1311E+03    0.1123E+03    0.1014E+03    0.9929E+02    0.9079E+02    0.8338E+02    0.7342E+02   -0.9990E+03   -0.9990E+03   -0.9990E+03   -0.9990E+03   -0.9990E+03   -0.9990E+03   -0.9990E+03   -0.9990E+03   -0.9990E+03   -0.9990E+03   -0.9990E+03   -0.9990E+03   -0.9990E+03   -0.9990E+03   -0.9990E+03   -0.9990E+03   -0.9990E+03   -0.9990E+03   -0.9990E+03   -0.9990E+03
   -0.9990E+03   -0.9990E+03   -0.9990E+03   -0.9990E+03   -0.9990E+03   -0.9990E+03   -0.9990E+03   -0.9990E+03   -0.9990E+03   -0.9990E+03   -0.9990E+03   -0.9990E+03   -0.9990E+03   -0.9990E+03   -0.9990E+03   -0.9990E+03   -0.9990E+03   -0.9990E+03   -0.9990E+03   -0.9990E+03   -0.9990E+03   -0.9990E+03   -0.9990E+03    0.9419E+03    0.9405E+03    0.9457E+03    0.9430E+03    0.9237E+03    0.2834E+03    0.9183E+03    0.7827E+03    0.7760E+03    0.7706E+03    0.3110E+03    0.1461E+03    0.1462E+03    0.1536E+03    0.1772E+03    0.1891E+03    0.1611E+03    0.2026E+03    0.2577E+03    0.1966E+03    0.1613E+03    0.1651E+03    0.1611E+03    0.1532E+03    0.1436E+03    0.1304E+03    0.1282E+03    0.1184E+03    0.1123E+03    0.1027E+03    0.9632E+02    0.8769E+02    0.8090E+02   -0.9990E+03   -0.9990E+03   -0.9990E+03   -0.9990E+03   -0.9990E+03   -0.9990E+03   -0.9990E+03   -0.9990E+03   -0.9990E+03   -0.9990E+03   -0.9990E+03   -0.9990E+03   -0.9990E+03   -0.9990E+03   -0.9990E+03   -0.9990E+03   -0.9990E+03   -0.9990E+03   -0.9990E+03   -0.9990E+03
   -0.9990E+03   -0.9990E+03   -0.9990E+03   -0.9990E+03   -0.9990E+03   -0.9990E+03   -0.9990E+03   -0.9990E+03   -0.9990E+03   -0.9990E+03   -0.9990E+03   -0.9990E+03   -0.9990E+03   -0.9990E+03   -0.9990E+03   -0.9990E+03   -0.9990E+03   -0.9990E+03   -0.9990E+03   -0.9990E+03   -0.9990E+03   -0.9990E+03   -0.9990E+03    0.8338E+03    0.8318E+03    0.8274E+03    0.8248E+03    0.9466E+03    0.9282E+03    0.9143E+03    0.7778E+03    0.7683E+03    0.8862E+03    0.1354E+03    0.1365E+03    0.1441E+03    0.1402E+03    0.1439E+03    0.1563E+03    0.1524E+03    0.1614E+03    0.2389E+03    0.2056E+03    0.1854E+03    0.1609E+03    0.1577E+03    0.1540E+03    0.1453E+03    0.1380E+03    0.1261E+03    0.1196E+03    0.1108E+03    0.1063E+03    0.9225E+02   -0.9990E+03   -0.9990E+03   -0.9990E+03   -0.9990E+03   -0.9990E+03   -0.9990E+03   -0.9990E+03   -0.9990E+03   -0.9990E+03   -0.9990E+03   -0.9990E+03   -0.9990E+03   -0.9990E+03   -0.9990E+03   -0.9990E+03   -0.9990E+03   -0.9990E+03   -0.9990E+03   -0.9990E+03   -0.9990E+03   -0.9990E+03   -0.9990E+03
   -0.9990E+03   -0.9990E+03   -0.9990E+03   -0.9990E+03   -0.9990E+03   -0.9990E+03   -0.9990E+03   -0.9990E+03   -0.9990E+03   -0.9990E+03   -0.9990E+03   -0.9990E+03   -0.9990E+03   -0.9990E+03   -0.9990E+03   -0.9990E+03   -0.9990E+03   -0.9990E+03   -0.9990E+03   -0.9990E+03   -0.9990E+03   -0.9990E+03   -0.9990E+03   -0.9990E+03    0.8473E+03    0.8401E+03    0.8292E+03    0.8141E+03    0.9337E+03    0.7756E+03    0.7628E+03    0.7548E+03    0.8429E+03    0.1301E+03    0.1326E+03    0.1364E+03    0.1314E+03    0.1384E+03    0.1423E+03    0.1445E+03    0.1462E+03    0.1721E+03    0.1766E+03    0.1840E+03    0.1512E+03    0.1475E+03    0.1519E+03    0.1491E+03    0.1332E+03    0.1245E+03    0.1206E+03    0.1051E+03    0.1018E+03   -0.9990E+03   -0.9990E+03   -0.9990E+03   -0.9990E+03   -0.9990E+03   -0.9990E+03   -0.9990E+03   -0.9990E+03   -0.9990E+03   -0.9990E+03   -0.9990E+03   -0.9990E+03   -0.9990E+03   -0.9990E+03   -0.9990E+03   -0.9990E+03   -0.9990E+03   -0.9990E+03   -0.9990E+03   -0.9990E+03   -0.9990E+03   -0.9990E+03   -0.9990E+03
   -0.9990E+03   -0.9990E+03   -0.9990E+03   -0.9990E+03   -0.9990E+03   -0.9990E+03   -0.9990E+03   -0.9990E+03   -0.9990E+03   -0.9990E+03   -0.9990E+03   -0.9990E+03   -0.9990E+03   -0.9990E+03   -0.9990E+03   -0.9990E+03   -0.9990E+03   -0.9990E+03   -0.9990E+03   -0.9990E+03   -0.9990E+03   -0.9990E+03   -0.9990E+03   -0.9990E+03   -0.9990E+03   -0.9990E+03    0.8295E+03    0.7988E+03    0.7838E+03    0.7714E+03    0.7513E+03    0.7370E+03    0.6917E+03    0.1245E+03    0.1278E+03    0.1288E+03    0.1296E+03    0.1381E+03    0.1393E+03    0.1424E+03    0.1478E+03    0.1505E+03    0.1680E+03    0.1566E+03    0.1416E+03    0.1414E+03    0.1436E+03    0.1254E+03    0.1095E+03    0.1163E+03    0.9908E+02   -0.9990E+03   -0.9990E+03   -0.9990E+03   -0.9990E+03   -0.9990E+03   -0.9990E+03   -0.9990E+03   -0.9990E+03   -0.9990E+03   -0.9990E+03   -0.9990E+03   -0.9990E+03   -0.9990E+03   -0.9990E+03   -0.9990E+03   -0.9990E+03   -0.9990E+03   -0.9990E+03   -0.9990E+03   -0.9990E+03   -0.9990E+03   -0.9990E+03   -0.9990E+03   -0.9990E+03   -0.9990E+03
   -0.9990E+03   -0.9990E+03   -0.9990E+03   -0.9990E+03   -0.9990E+03   -0.9990E+03   -0.9990E+03   -0.9990E+03   -0.9990E+03   -0.9990E+03   -0.9990E+03   -0.9990E+03   -0.9990E+03   -0.9990E+03   -0.9990E+03   -0.9990E+03   -0.9990E+03   -0.9990E+03   -0.9990E+03   -0.9990E+03   -0.9990E+03   -0.9990E+03   -0.9990E+03   -0.9990E+03   -0.9990E+03   -0.9990E+03   -0.9990E+03   -0.9990E+03    0.7126E+03    0.7510E+03    0.7388E+03    0.9293E+03    0.9299E+03    0.1232E+03    0.1203E+03    0.1230E+03    0.1324E+03    0.1337E+03    0.1390E+03    0.1414E+03    0.1399E+03    0.1376E+03    0.1351E+03    0.1265E+03    0.1341E+03    0.1409E+03    0.1137E+03    0.1047E+03    0.1043E+03    0.1012E+03    0.1083E+03    0.9912E+02   -0.9990E+03   -0.9990E+03   -0.9990E+03   -0.9990E+03   -0.9990E+03   -0.9990E+03   -0.9990E+03   -0.9990E+03   -0.9990E+03   -0.9990E+03   -0.9990E+03   -0.9990E+03   -0.9990E+03   -0.9990E+03   -0.9990E+03   -0.9990E+03   -0.9990E+03   -0.9990E+03   -0.9990E+03   -0.9990E+03   -0.9990E+03   -0.9990E+03   -0.9990E+03   -0.9990E+03
   -0.9990E+03   -0.9990E+03   -0.9990E+03   -0.9990E+03   -0.9990E+03   -0.9990E+03   -0.9990E+03   -0.9990E+03   -0.9990E+03   -0.9990E+03   -0.9990E+03   -0.9990E+03   -0.9990E+03   -0.9990E+03   -0.9990E+03   -0.9990E+03   -0.9990E+03   -0.9990E+03   -0.9990E+03   -0.9990E+03   -0.9990E+03   -0.9990E+03   -0.9990E+03   -0.9990E+03   -0.9990E+03   -0.9990E+03   -0.9990E+03   -0.9990E+03   -0.9990E+03    0.2520E+04    0.1042E+04    0.3489E+03    0.1409E+03    0.1297E+03    0.1212E+03    0.1164E+03    0.1232E+03    0.1227E+03    0.1222E+03    0.1247E+03    0.1149E+03    0.1136E+03    0.1258E+03    0.1217E+03    0.1229E+03    0.1178E+03    0.1167E+03    0.1110E+03    0.1132E+03    0.1126E+03    0.1094E+03    0.1052E+03   -0.9990E+03   -0.9990E+03   -0.9990E+03   -0.9990E+03   -0.9990E+03   -0.9990E+03   -0.9990E+03   -0.9990E+03   -0.9990E+03   -0.9990E+03   -0.9990E+03   -0.9990E+03   -0.9990E+03   -0.9990E+03   -0.9990E+03   -0.9990E+03   -0.9990E+03   -0.9990E+03   -0.9990E+03   -0.9990E+03   -0.9990E+03   -0.9990E+03   -0.9990E+03   -0.9990E+03
   -0.9990E+03   -0.9990E+03   -0.9990E+03   -0.9990E+03   -0.9990E+03   -0.9990E+03   -0.9990E+03   -0.9990E+03   -0.9990E+03   -0.9990E+03   -0.9990E+03   -0.9990E+03   -0.9990E+03   -0.9990E+03   -0.9990E+03   -0.9990E+03   -0.9990E+03   -0.9990E+03   -0.9990E+03   -0.9990E+03   -0.9990E+03   -0.9990E+03   -0.9990E+03   -0.9990E+03   -0.9990E+03   -0.9990E+03   -0.9990E+03   -0.9990E+03   -0.9990E+03    0.5434E+04    0.5602E+04    0.2380E+03    0.5036E+03    0.1308E+03    0.1186E+03    0.1127E+03    0.1136E+03    0.1122E+03    0.1120E+03    0.1079E+03    0.1104E+03    0.1025E+03    0.1119E+03    0.1209E+03    0.1058E+03    0.9693E+02    0.9026E+02    0.1001E+03    0.1096E+03    0.1001E+03    0.1099E+03    0.1101E+03   -0.9990E+03   -0.9990E+03   -0.9990E+03   -0.9990E+03   -0.9990E+03   -0.9990E+03   -0.9990E+03   -0.9990E+03   -0.9990E+03   -0.9990E+03   -0.9990E+03   -0.9990E+03   -0.9990E+03   -0.9990E+03   -0.9990E+03   -0.9990E+03   -0.9990E+03   -0.9990E+03   -0.9990E+03   -0.9990E+03   -0.9990E+03   -0.9990E+03   -0.9990E+03   -0.9990E+03
   -0.9990E+03   -0.9990E+03   -0.9990E+03   -0.9990E+03   -0.9990E+03   -0.9990E+03   -0.9990E+03   -0.9990E+03   -0.9990E+03   -0.9990E+03   -0.9990E+03   -0.9990E+03   -0.9990E+03   -0.9990E+03   -0.9990E+03   -0.9990E+03   -0.9990E+03   -0.9990E+03   -0.9990E+03   -0.9990E+03   -0.9990E+03   -0.9990E+03   -0.9990E+03   -0.9990E+03    0.5471E+04   -0.9990E+03   -0.9990E+03   -0.9990E+03    0.5463E+04    0.5461E+04    0.5560E+04    0.4371E+03    0.2355E+03    0.1212E+03    0.1174E+03    0.1094E+03    0.1093E+03    0.1008E+03    0.1067E+03    0.9860E+02    0.9071E+02    0.1051E+03    0.1081E+03    0.1105E+03    0.9381E+02    0.9867E+02    0.9348E+02    0.1001E+03    0.9862E+02    0.1024E+03    0.1057E+03   -0.9990E+03   -0.9990E+03   -0.9990E+03   -0.9990E+03   -0.9990E+03   -0.9990E+03   -0.9990E+03   -0.9990E+03   -0.9990E+03   -0.9990E+03   -0.9990E+03   -0.9990E+03   -0.9990E+03   -0.9990E+03   -0.9990E+03   -0.9990E+03   -0.9990E+03   -0.9990E+03   -0.9990E+03   -0.9990E+03   -0.9990E+03   -0.9990E+03   -0.9990E+03   -0.9990E+03   -0.9990E+03
   -0.9990E+03   -0.9990E+03   -0.9990E+03   -0.9990E+03   -0.9990E+03   -0.9990E+03   -0.9990E+03   -0.9990E+03   -0.9990E+03   -0.9990E+03   -0.9990E+03   -0.9990E+03   -0.9990E+03   -0.9990E+03   -0.9990E+03   -0.9990E+03   -0.9990E+03   -0.9990E+03   -0.9990E+03   -0.9990E+03   -0.9990E+03   -0.9990E+03   -0.9990E+03   -0.9990E+03    0.5480E+04    0.5476E+04    0.5471E+04    0.5465E+04    0.5461E+04    0.5460E+04    0.5612E+04    0.2739E+04    0.5384E+03    0.1046E+03    0.9149E+02    0.9896E+02    0.9884E+02    0.1033E+03    0.9915E+02    0.8301E+02    0.9923E+02    0.9744E+02    0.9852E+02    0.9769E+02    0.9431E+02    0.8454E+02    0.8547E+02    0.9393E+02    0.9152E+02    0.9904E+02   -0.9990E+03   -0.9990E+03   -0.9990E+03   -0.9990E+03   -0.9990E+03   -0.9990E+03   -0.9990E+03   -0.9990E+03   -0.9990E+03   -0.9990E+03   -0.9990E+03   -0.9990E+03   -0.9990E+03   -0.9990E+03   -0.9990E+03   -0.9990E+03   -0.9990E+03   -0.9990E+03   -0.9990E+03   -0.9990E+03   -0.9990E+03   -0.9990E+03   -0.9990E+03   -0.9990E+03   -0.9990E+03   -0.9990E+03
   -0.9990E+03   -0.9990E+03   -0.9990E+03   -0.9990E+03   -0.9990E+03   -0.9990E+03   -0.9990E+03   -0.9990E+03   -0.9990E+03   -0.9990E+03   -0.9990E+03   -0.9990E+03   -0.9990E+03   -0.9990E+03   -0.9990E+03   -0.9990E+03   -0.9990E+03   -0.9990E+03   -0.9990E+03   -0.9990E+03   -0.9990E+03   -0.9990E+03   -0.9990E+03   -0.9990E+03    0.5478E+04    0.5473E+04    0.5468E+04    0.5465E+04    0.5461E+04    0.5461E+04    0.5594E+04    0.5329E+04    0.3058E+03    0.2329E+03    0.1026E+03    0.9788E+02    0.9888E+02    0.9187E+02    0.8189E+02    0.8848E+02    0.9661E+02    0.9464E+02    0.8573E+02    0.8722E+02    0.8896E+02    0.7587E+02    0.8250E+02    0.8675E+02    0.8811E+02    0.9115E+02   -0.9990E+03   -0.9990E+03   -0.9990E+03   -0.9990E+03   -0.9990E+03   -0.9990E+03   -0.9990E+03   -0.9990E+03   -0.9990E+03   -0.9990E+03   -0.9990E+03   -0.9990E+03   -0.9990E+03   -0.9990E+03   -0.9990E+03   -0.9990E+03   -0.9990E+03   -0.9990E+03   -0.9990E+03   -0.9990E+03   -0.9990E+03   -0.9990E+03   -0.9990E+03   -0.9990E+03   -0.9990E+03   -0.9990E+03
   -0.9990E+03   -0.9990E+03   -0.9990E+03   -0.9990E+03   -0.9990E+03   -0.9990E+03   -0.9990E+03   -0.9990E+03   -0.9990E+03   -0.9990E+03   -0.9990E+03   -0.9990E+03   -0.9990E+03   -0.9990E+03   -0.9990E+03   -0.9990E+03   -0.9990E+03   -0.9990E+03   -0.9990E+03   -0.9990E+03   -0.9990E+03   -0.9990E+03   -0.9990E+03   -0.9990E+03    0.5473E+04    0.5471E+04    0.5467E+04    0.5460E+04    0.5461E+04    0.5459E+04    0.5462E+04    0.5567E+04    0.9425E+02    0.1013E+03    0.4788E+03    0.1063E+03    0.1002E+03    0.9110E+02    0.8973E+02    0.9237E+02    0.9286E+02    0.9278E+02    0.7958E+02    0.8233E+02    0.8165E+02    0.7965E+02    0.7835E+02    0.8293E+02    0.8899E+02    0.8716E+02   -0.9990E+03   -0.9990E+03   -0.9990E+03   -0.9990E+03   -0.9990E+03   -0.9990E+03   -0.9990E+03   -0.9990E+03   -0.9990E+03   -0.9990E+03   -0.9990E+03   -0.9990E+03   -0.9990E+03   -0.9990E+03   -0.9990E+03   -0.9990E+03   -0.9990E+03   -0.9990E+03   -0.9990E+03   -0.9990E+03   -0.9990E+03   -0.9990E+03   -0.9990E+03   -0.9990E+03   -0.9990E+03   -0.9990E+03
   -0.9990E+03   -0.9990E+03   -0.9990E+03   -0.9990E+03   -0.9990E+03   -0.9990E+03   -0.9990E+03   -0.9990E+03   -0.9990E+03   -0.9990E+03   -0.9990E+03   -0.9990E+03   -0.9990E+03   -0.9990E+03   -0.9990E+03   -0.9990E+03   -0.9990E+03   -0.9990E+03   -0.9990E+03   -0.9990E+03   -0.9990E+03   -0.9990E+03   -0.9990E+03   -0.9990E+03    0.5456E+04    0.5472E+04   -0.9990E+03   -0.9990E+03    0.5475E+04    0.5214E+04    0.4585E+04    0.4529E+04    0.9351E+02    0.8320E+02    0.2466E+03    0.9900E+02    0.1688E+03    0.2336E+03    0.2142E+03    0.8833E+02    0.9381E+02    0.8849E+02    0.7689E+02    0.7575E+02    0.7555E+02    0.8256E+02    0.7985E+02    0.8182E+02    0.8947E+02    0.8822E+02   -0.9990E+03   -0.9990E+03   -0.9990E+03   -0.9990E+03   -0.9990E+03   -0.9990E+03   -0.9990E+03   -0.9990E+03   -0.9990E+03   -0.9990E+03   -0.9990E+03   -0.9990E+03   -0.9990E+03   -0.9990E+03   -0.9990E+03   -0.9990E+03   -0.9990E+03   -0.9990E+03   -0.9990E+03   -0.9990E+03   -0.9990E+03   -0.9990E+03   -0.9990E+03   -0.9990E+03   -0.9990E+03   -0.9990E+03
   -0.9990E+03   -0.9990E+03   -0.9990E+03   -0.9990E+03   -0.9990E+03   -0.9990E+03   -0.9990E+03   -0.9990E+03   -0.9990E+03   -0.9990E+03   -0.9990E+03   -0.9990E+03   -0.9990E+03   -0.9990E+03   -0.9990E+03   -0.9990E+03   -0.9990E+03   -0.9990E+03   -0.9990E+03   -0.9990E+03   -0.9990E+03   -0.9990E+03   -0.9990E+03   -0.9990E+03   -0.9990E+03   -0.9990E+03   -0.9990E+03   -0.9990E+03   -0.9990E+03   -0.9990E+03   -0.9990E+03   -0.9990E+03    0.1943E+03    0.1819E+03    0.3970E+03    0.2366E+03    0.1556E+03    0.7444E+03    0.3191E+03    0.9297E+02    0.8982E+02    0.8143E+02    0.7529E+02    0.7587E+02    0.7490E+02    0.8066E+02    0.7885E+02    0.8216E+02    0.8319E+02    0.8445E+02   -0.9990E+03   -0.9990E+03   -0.9990E+03   -0.9990E+03   -0.9990E+03   -0.9990E+03   -0.9990E+03   -0.9990E+03   -0.9990E+03   -0.9990E+03   -0.9990E+03   -0.9990E+03   -0.9990E+03   -0.9990E+03   -0.9990E+03   -0.9990E+03   -0.9990E+03   -0.9990E+03   -0.9990E+03   -0.9990E+03   -0.9990E+03   -0.9990E+03   -0.9990E+03   -0.9990E+03   -0.9990E+03   -0.9990E+03
   -0.9990E+03   -0.9990E+03   -0.9990E+03   -0.9990E+03   -0.9990E+03   -0.9990E+03   -0.9990E+03   -0.9990E+03   -0.9990E+03   -0.9990E+03   -0.9990E+03   -0.9990E+03   -0.9990E+03   -0.9990E+03   -0.9990E+03   -0.9990E+03   -0.9990E+03   -0.9990E+03   -0.9990E+03   -0.9990E+03   -0.9990E+03   -0.9990E+03   -0.9990E+03   -0.9990E+03   -0.9990E+03   -0.9990E+03   -0.9990E+03   -0.9990E+03   -0.9990E+03   -0.9990E+03   -0.9990E+03   -0.9990E+03   -0.9990E+03   -0.9990E+03    0.4952E+03    0.8474E+02    0.1127E+03    0.1358E+03    0.1818E+03    0.8757E+02    0.7865E+02    0.7763E+02    0.7520E+02    0.7456E+02    0.7387E+02    0.7391E+02    0.8547E+02    0.8261E+02    0.8240E+02    0.8821E+02    0.9063E+02   -0.9990E+03   -0.9990E+03   -0.9990E+03   -0.9990E+03   -0.9990E+03   -0.9990E+03   -0.9990E+03   -0.9990E+03   -0.9990E+03   -0.9990E+03   -0.9990E+03   -0.9990E+03   -0.9990E+03   -0.9990E+03   -0.9990E+03   -0.9990E+03   -0.9990E+03   -0.9990E+03   -0.9990E+03   -0.9990E+03   -0.9990E+03   -0.9990E+03   -0.9990E+03   -0.9990E+03   -0.9990E+03
   -0.9990E+03   -0.9990E+03   -0.9990E+03   -0.9990E+03   -0.9990E+03   -0.9990E+03   -0.9990E+03   -0.9990E+03   -0.9990E+03   -0.9990E+03   -0.9990E+03   -0.9990E+03   -0.9990E+03   -0.9990E+03   -0.9990E+03   -0.9990E+03   -0.9990E+03   -0.9990E+03   -0.9990E+03   -0.9990E+03   -0.9990E+03   -0.9990E+03   -0.9990E+03   -0.9990E+03   -0.9990E+03   -0.9990E+03   -0.9990E+03   -0.9990E+03   -0.9990E+03   -0.9990E+03   -0.9990E+03   -0.9990E+03   -0.9990E+03   -0.9990E+03   -0.9990E+03    0.1706E+03    0.2497E+03    0.1459E+03    0.3371E+03    0.1911E+03    0.7374E+02    0.7405E+02    0.7479E+02    0.7236E+02    0.7236E+02    0.7138E+02    0.8253E+02    0.7905E+02    0.8120E+02    0.9188E+02    0.8939E+02   -0.9990E+03   -0.9990E+03   -0.9990E+03   -0.9990E+03   -0.9990E+03   -0.9990E+03   -0.9990E+03   -0.9990E+03   -0.9990E+03   -0.9990E+03   -0.9990E+03   -0.9990E+03   -0.9990E+03   -0.9990E+03   -0.9990E+03   -0.9990E+03   -0.9990E+03   -0.9990E+03   -0.9990E+03   -0.9990E+03   -0.9990E+03   -0.9990E+03   -0.9990E+03   -0.9990E+03   -0.9990E+03
   -0.9990E+03   -0.9990E+03   -0.9990E+03   -0.9990E+03   -0.9990E+03   -0.9990E+03   -0.9990E+03   -0.9990E+03   -0.9990E+03   -0.9990E+03   -0.9990E+03   -0.9990E+03   -0.9990E+03   -0.9990E+03   -0.9990E+03   -0.9990E+03   -0.9990E+03   -0.9990E+03   -0.9990E+03   -0.9990E+03   -0.9990E+03   -0.9990E+03   -0.9990E+03   -0.9990E+03   -0.9990E+03   -0.9990E+03   -0.9990E+03   -0.9990E+03   -0.9990E+03   -0.9990E+03   -0.9990E+03   -0.9990E+03   -0.9990E+03   -0.9990E+03    0.1038E+03    0.7734E+02    0.1170E+03    0.1383E+03    0.3189E+03    0.1916E+03    0.7440E+02    0.7371E+02    0.7250E+02    0.7042E+02    0.7004E+02    0.6962E+02    0.8204E+02    0.7935E+02    0.8199E+02    0.9077E+02    0.9277E+02    0.9516E+02   -0.9990E+03   -0.9990E+03   -0.9990E+03   -0.9990E+03   -0.9990E+03   -0.9990E+03   -0.9990E+03   -0.9990E+03   -0.9990E+03   -0.9990E+03   -0.9990E+03   -0.9990E+03   -0.9990E+03   -0.9990E+03   -0.9990E+03   -0.9990E+03   -0.9990E+03   -0.9990E+03   -0.9990E+03   -0.9990E+03   -0.9990E+03   -0.9990E+03   -0.9990E+03   -0.9990E+03
   -0.9990E+03   -0.9990E+03   -0.9990E+03   -0.9990E+03   -0.9990E+03   -0.9990E+03   -0.9990E+03   -0.9990E+03   -0.9990E+03   -0.9990E+03   -0.9990E+03   -0.9990E+03   -0.9990E+03   -0.9990E+03   -0.9990E+03   -0.9990E+03   -0.9990E+03   -0.9990E+03   -0.9990E+03   -0.9990E+03   -0.9990E+03   -0.9990E+03   -0.9990E+03   -0.9990E+03   -0.9990E+03   -0.9990E+03   -0.9990E+03   -0.9990E+03   -0.9990E+03   -0.9990E+03   -0.9990E+03   -0.9990E+03   -0.9990E+03   -0.9990E+03    0.4675E+01    0.1344E+03    0.1745E+03    0.2527E+03    0.2009E+03    0.7306E+02    0.7603E+02    0.7269E+02    0.7004E+02    0.6793E+02    0.6693E+02    0.6683E+02    0.8020E+02    0.7521E+02    0.8200E+02    0.8466E+02    0.9812E+02    0.1014E+03   -0.9990E+03   -0.9990E+03   -0.9990E+03   -0.9990E+03   -0.9990E+03   -0.9990E+03   -0.9990E+03   -0.9990E+03   -0.9990E+03   -0.9990E+03   -0.9990E+03   -0.9990E+03   -0.9990E+03   -0.9990E+03   -0.9990E+03   -0.9990E+03   -0.9990E+03   -0.9990E+03   -0.9990E+03   -0.9990E+03   -0.9990E+03   -0.9990E+03   -0.9990E+03   -0.9990E+03
   -0.9990E+03   -0.9990E+03   -0.9990E+03   -0.9990E+03   -0.9990E+03   -0.9990E+03   -0.9990E+03   -0.9990E+03   -0.9990E+03   -0.9990E+03   -0.9990E+03   -0.9990E+03   -0.9990E+03   -0.9990E+03   -0.9990E+03   -0.9990E+03   -0.9990E+03   -0.9990E+03   -0.9990E+03   -0.9990E+03   -0.9990E+03   -0.9990E+03   -0.9990E+03   -0.9990E+03   -0.9990E+03   -0.9990E+03   -0.9990E+03   -0.9990E+03   -0.9990E+03   -0.9990E+03   -0.9990E+03   -0.9990E+03   -0.9990E+03   -0.9990E+03    0.1211E+03    0.2001E+03    0.7401E+02    0.8438E+02    0.1977E+03    0.7305E+02    0.7348E+02    0.7208E+02    0.6906E+02    0.6490E+02    0.6290E+02    0.6333E+02    0.7598E+02    0.7232E+02    0.7984E+02    0.8655E+02    0.9833E+02    0.1007E+03   -0.9990E+03   -0.9990E+03   -0.9990E+03   -0.9990E+03   -0.9990E+03   -0.9990E+03   -0.9990E+03   -0.9990E+03   -0.9990E+03   -0.9990E+03   -0.9990E+03   -0.9990E+03   -0.9990E+03   -0.9990E+03   -0.9990E+03   -0.9990E+03   -0.9990E+03   -0.9990E+03   -0.9990E+03   -0.9990E+03   -0.9990E+03   -0.9990E+03   -0.9990E+03   -0.9990E+03
   -0.9990E+03   -0.9990E+03   -0.9990E+03   -0.9990E+03   -0.9990E+03   -0.9990E+03   -0.9990E+03   -0.9990E+03   -0.9990E+03   -0.9990E+03   -0.9990E+03   -0.9990E+03   -0.9990E+03   -0.9990E+03   -0.9990E+03   -0.9990E+03   -0.9990E+03   -0.9990E+03   -0.9990E+03   -0.9990E+03   -0.9990E+03   -0.9990E+03   -0.9990E+03   -0.9990E+03   -0.9990E+03   -0.9990E+03   -0.9990E+03   -0.9990E+03   -0.9990E+03   -0.9990E+03   -0.9990E+03   -0.9990E+03   -0.9990E+03   -0.9990E+03    0.1010E+03    0.8526E+02    0.8058E+02    0.9025E+02    0.7525E+02    0.7655E+02    0.7430E+02    0.7250E+02    0.6931E+02    0.6325E+02    0.5873E+02    0.6331E+02    0.6685E+02    0.7137E+02    0.8366E+02    0.8931E+02    0.9266E+02   -0.9990E+03   -0.9990E+03   -0.9990E+03   -0.9990E+03   -0.9990E+03   -0.9990E+03   -0.9990E+03   -0.9990E+03   -0.9990E+03   -0.9990E+03   -0.9990E+03   -0.9990E+03   -0.9990E+03   -0.9990E+03   -0.9990E+03   -0.9990E+03   -0.9990E+03   -0.9990E+03   -0.9990E+03   -0.9990E+03   -0.9990E+03   -0.9990E+03   -0.9990E+03   -0.9990E+03   -0.9990E+03
   -0.9990E+03   -0.9990E+03   -0.9990E+03   -0.9990E+03   -0.9990E+03   -0.9990E+03   -0.9990E+03   -0.9990E+03   -0.9990E+03   -0.9990E+03   -0.9990E+03   -0.9990E+03   -0.9990E+03   -0.9990E+03   -0.9990E+03   -0.9990E+03   -0.9990E+03   -0.9990E+03   -0.9990E+03   -0.9990E+03   -0.9990E+03   -0.9990E+03   -0.9990E+03   -0.9990E+03   -0.9990E+03   -0.9990E+03   -0.9990E+03   -0.9990E+03   -0.9990E+03   -0.9990E+03   -0.9990E+03   -0.9990E+03   -0.9990E+03    0.1148E+03    0.9329E+02    0.7223E+02    0.8860E+02    0.9041E+02    0.7759E+02    0.7874E+02    0.7606E+02    0.7311E+02    0.7194E+02    0.6350E+02    0.5770E+02    0.6593E+02    0.6044E+02    0.7530E+02    0.8633E+02    0.9198E+02    0.9735E+02    0.1049E+03   -0.9990E+03   -0.9990E+03   -0.9990E+03   -0.9990E+03   -0.9990E+03   -0.9990E+03   -0.9990E+03   -0.9990E+03   -0.9990E+03   -0.9990E+03   -0.9990E+03   -0.9990E+03   -0.9990E+03   -0.9990E+03   -0.9990E+03   -0.9990E+03   -0.9990E+03   -0.9990E+03   -0.9990E+03   -0.9990E+03   -0.9990E+03   -0.9990E+03   -0.9990E+03   -0.9990E+03
   -0.9990E+03   -0.9990E+03   -0.9990E+03   -0.9990E+03   -0.9990E+03   -0.9990E+03   -0.9990E+03   -0.9990E+03   -0.9990E+03   -0.9990E+03   -0.9990E+03   -0.9990E+03   -0.9990E+03   -0.9990E+03   -0.9990E+03   -0.9990E+03   -0.9990E+03   -0.9990E+03   -0.9990E+03   -0.9990E+03   -0.9990E+03   -0.9990E+03   -0.9990E+03   -0.9990E+03   -0.9990E+03   -0.9990E+03   -0.9990E+03   -0.9990E+03   -0.9990E+03   -0.9990E+03   -0.9990E+03   -0.9990E+03   -0.9990E+03    0.9203E+02    0.9450E+02    0.8211E+02    0.9245E+02    0.8156E+02    0.8195E+02    0.8312E+02    0.7853E+02    0.8021E+02    0.7047E+02    0.6588E+02    0.6748E+02    0.7253E+02    0.6402E+02    0.7630E+02    0.8920E+02    0.9454E+02    0.1004E+03   -0.9990E+03   -0.9990E+03   -0.9990E+03   -0.9990E+03   -0.9990E+03   -0.9990E+03   -0.9990E+03   -0.9990E+03   -0.9990E+03   -0.9990E+03   -0.9990E+03   -0.9990E+03   -0.9990E+03   -0.9990E+03   -0.9990E+03   -0.9990E+03   -0.9990E+03   -0.9990E+03   -0.9990E+03   -0.9990E+03   -0.9990E+03   -0.9990E+03   -0.9990E+03   -0.9990E+03   -0.9990E+03
   -0.9990E+03   -0.9990E+03   -0.9990E+03   -0.9990E+03   -0.9990E+03   -0.9990E+03   -0.9990E+03   -0.9990E+03   -0.9990E+03   -0.9990E+03   -0.9990E+03   -0.9990E+03   -0.9990E+03   -0.9990E+03   -0.9990E+03   -0.9990E+03   -0.9990E+03   -0.9990E+03   -0.9990E+03   -0.9990E+03   -0.9990E+03   -0.9990E+03   -0.9990E+03   -0.9990E+03   -0.9990E+03   -0.9990E+03   -0.9990E+03   -0.9990E+03   -0.9990E+03   -0.9990E+03   -0.9990E+03    0.8755E+02    0.1648E+03    0.9773E+02    0.9872E+02    0.8785E+02    0.8886E+02    0.8222E+02    0.8882E+02    0.2254E+03    0.2066E+03    0.8910E+02    0.7101E+02    0.7169E+02    0.8566E+02    0.6892E+02    0.7384E+02    0.8831E+02    0.9221E+02    0.9515E+02   -0.9990E+03   -0.9990E+03   -0.9990E+03   -0.9990E+03   -0.9990E+03   -0.9990E+03   -0.9990E+03   -0.9990E+03   -0.9990E+03   -0.9990E+03   -0.9990E+03   -0.9990E+03   -0.9990E+03   -0.9990E+03   -0.9990E+03   -0.9990E+03   -0.9990E+03   -0.9990E+03   -0.9990E+03   -0.9990E+03   -0.9990E+03   -0.9990E+03   -0.9990E+03   -0.9990E+03   -0.9990E+03   -0.9990E+03
   -0.9990E+03   -0.9990E+03   -0.9990E+03   -0.9990E+03   -0.9990E+03   -0.9990E+03   -0.9990E+03   -0.9990E+03   -0.9990E+03   -0.9990E+03   -0.9990E+03   -0.9990E+03   -0.9990E+03   -0.9990E+03   -0.9990E+03   -0.9990E+03   -0.9990E+03   -0.9990E+03   -0.9990E+03   -0.9990E+03   -0.9990E+03   -0.9990E+03   -0.9990E+03   -0.9990E+03   -0.9990E+03   -0.9990E+03   -0.9990E+03   -0.9990E+03   -0.9990E+03   -0.9990E+03   -0.9990E+03    0.1001E+03    0.9953E+02    0.9831E+02    0.9983E+02    0.9035E+02    0.8968E+02    0.8319E+02    0.1118E+03    0.3177E+03    0.2663E+03    0.1037E+03    0.8003E+02    0.8686E+02    0.8125E+02    0.7565E+02    0.9232E+02    0.8612E+02    0.9010E+02   -0.9990E+03   -0.9990E+03   -0.9990E+03   -0.9990E+03   -0.9990E+03   -0.9990E+03   -0.9990E+03   -0.9990E+03   -0.9990E+03   -0.9990E+03   -0.9990E+03   -0.9990E+03   -0.9990E+03   -0.9990E+03   -0.9990E+03   -0.9990E+03   -0.9990E+03   -0.9990E+03   -0.9990E+03   -0.9990E+03   -0.9990E+03   -0.9990E+03   -0.9990E+03   -0.9990E+03   -0.9990E+03   -0.9990E+03   -0.9990E+03
   -0.9990E+03   -0.9990E+03   -0.9990E+03   -0.9990E+03   -0.9990E+03   -0.9990E+03   -0.9990E+03   -0.9990E+03   -0.9990E+03   -0.9990E+03   -0.9990E+03   -0.9990E+03   -0.9990E+03   -0.9990E+03   -0.9990E+03   -0.9990E+03   -0.9990E+03   -0.9990E+03   -0.9990E+03   -0.9990E+03   -0.9990E+03   -0.9990E+03   -0.9990E+03   -0.9990E+03   -0.9990E+03   -0.9990E+03   -0.9990E+03   -0.9990E+03   -0.9990E+03   -0.9990E+03   -0.9990E+03    0.1063E+03    0.1068E+03    0.1045E+03    0.1039E+03    0.9547E+02    0.9095E+02    0.1003E+03    0.1077E+03    0.1111E+03    0.1010E+03    0.9219E+02    0.1004E+03    0.9018E+02    0.8844E+02    0.9259E+02    0.9434E+02    0.9191E+02   -0.9990E+03   -0.9990E+03   -0.9990E+03   -0.9990E+03   -0.9990E+03   -0.9990E+03   -0.9990E+03   -0.9990E+03   -0.9990E+03   -0.9990E+03   -0.9990E+03   -0.9990E+03   -0.9990E+03   -0.9990E+03   -0.9990E+03   -0.9990E+03   -0.9990E+03   -0.9990E+03   -0.9990E+03   -0.9990E+03   -0.9990E+03   -0.9990E+03   -0.9990E+03   -0.9990E+03   -0.9990E+03   -0.9990E+03   -0.9990E+03   -0.9990E+03
   -0.9990E+03   -0.9990E+03   -0.9990E+03   -0.9990E+03   -0.9990E+03   -0.9990E+03   -0.9990E+03   -0.9990E+03   -0.9990E+03   -0.9990E+03   -0.9990E+03   -0.9990E+03   -0.9990E+03   -0.9990E+03   -0.9990E+03   -0.9990E+03   -0.9990E+03   -0.9990E+03   -0.9990E+03   -0.9990E+03   -0.9990E+03   -0.9990E+03   -0.9990E+03   -0.9990E+03   -0.9990E+03   -0.9990E+03   -0.9990E+03   -0.9990E+03   -0.9990E+03   -0.9990E+03   -0.9990E+03    0.1044E+03    0.1137E+03    0.1126E+03    0.1062E+03    0.9751E+02    0.1032E+03    0.1202E+03    0.9291E+02    0.9360E+02    0.9453E+02    0.1081E+03    0.8675E+02    0.1045E+03    0.9472E+02    0.8959E+02    0.9330E+02    0.1006E+03   -0.9990E+03   -0.9990E+03   -0.9990E+03   -0.9990E+03   -0.9990E+03   -0.9990E+03   -0.9990E+03   -0.9990E+03   -0.9990E+03   -0.9990E+03   -0.9990E+03   -0.9990E+03   -0.9990E+03   -0.9990E+03   -0.9990E+03   -0.9990E+03   -0.9990E+03   -0.9990E+03   -0.9990E+03   -0.9990E+03   -0.9990E+03   -0.9990E+03   -0.9990E+03   -0.9990E+03   -0.9990E+03   -0.9990E+03   -0.9990E+03   -0.9990E+03
   -0.9990E+03   -0.9990E+03   -0.9990E+03   -0.9990E+03   -0.9990E+03   -0.9990E+03   -0.9990E+03   -0.9990E+03   -0.9990E+03   -0.9990E+03   -0.9990E+03   -0.9990E+03   -0.9990E+03   -0.9990E+03   -0.9990E+03   -0.9990E+03   -0.9990E+03   -0.9990E+03   -0.9990E+03   -0.9990E+03   -0.9990E+03   -0.9990E+03   -0.9990E+03   -0.9990E+03   -0.9990E+03   -0.9990E+03   -0.9990E+03   -0.9990E+03   -0.9990E+03   -0.9990E+03    0.2663E+03    0.1147E+03    0.1256E+03    0.1202E+03    0.1029E+03    0.1026E+03    0.1192E+03    0.9700E+02    0.1065E+03    0.9828E+02    0.9245E+02    0.1119E+03    0.9018E+02    0.9347E+02    0.9827E+02    0.9684E+02    0.9675E+02   -0.9990E+03   -0.9990E+03   -0.9990E+03   -0.9990E+03   -0.9990E+03   -0.9990E+03   -0.9990E+03   -0.9990E+03   -0.9990E+03   -0.9990E+03   -0.9990E+03   -0.9990E+03   -0.9990E+03   -0.9990E+03   -0.9990E+03   -0.9990E+03   -0.9990E+03   -0.9990E+03   -0.9990E+03   -0.9990E+03   -0.9990E+03   -0.9990E+03   -0.9990E+03   -0.9990E+03   -0.9990E+03   -0.9990E+03   -0.9990E+03   -0.9990E+03   -0.9990E+03
   -0.9990E+03   -0.9990E+03   -0.9990E+03   -0.9990E+03   -0.9990E+03   -0.9990E+03   -0.9990E+03   -0.9990E+03   -0.9990E+03   -0.9990E+03   -0.9990E+03   -0.9990E+03   -0.9990E+03   -0.9990E+03   -0.9990E+03   -0.9990E+03   -0.9990E+03   -0.9990E+03   -0.9990E+03   -0.9990E+03   -0.9990E+03   -0.9990E+03   -0.9990E+03   -0.9990E+03   -0.9990E+03   -0.9990E+03   -0.9990E+03   -0.9990E+03   -0.9990E+03   -0.9990E+03    0.1277E+03    0.1326E+03    0.1231E+03    0.1256E+03    0.1105E+03    0.1224E+03    0.1107E+03    0.8549E+02    0.1011E+03    0.9934E+02    0.1001E+03    0.1080E+03    0.1083E+03    0.9928E+02    0.1019E+03    0.1061E+03    0.1068E+03   -0.9990E+03   -0.9990E+03   -0.9990E+03   -0.9990E+03   -0.9990E+03   -0.9990E+03   -0.9990E+03   -0.9990E+03   -0.9990E+03   -0.9990E+03   -0.9990E+03   -0.9990E+03   -0.9990E+03   -0.9990E+03   -0.9990E+03   -0.9990E+03   -0.9990E+03   -0.9990E+03   -0.9990E+03   -0.9990E+03   -0.9990E+03   -0.9990E+03   -0.9990E+03   -0.9990E+03   -0.9990E+03   -0.9990E+03   -0.9990E+03   -0.9990E+03   -0.9990E+03
   -0.9990E+03   -0.9990E+03   -0.9990E+03   -0.9990E+03   -0.9990E+03   -0.9990E+03   -0.9990E+03   -0.9990E+03   -0.9990E+03   -0.9990E+03   -0.9990E+03   -0.9990E+03   -0.9990E+03   -0.9990E+03   -0.9990E+03   -0.9990E+03   -0.9990E+03   -0.9990E+03   -0.9990E+03   -0.9990E+03   -0.9990E+03   -0.9990E+03   -0.9990E+03   -0.9990E+03   -0.9990E+03   -0.9990E+03   -0.9990E+03   -0.9990E+03   -0.9990E+03   -0.9990E+03    0.1271E+03    0.1259E+03    0.1199E+03    0.1323E+03    0.1154E+03    0.1275E+03    0.1309E+03    0.1220E+03    0.1159E+03    0.1116E+03    0.1078E+03    0.1022E+03    0.1099E+03    0.1102E+03    0.1068E+03    0.1092E+03    0.1150E+03    0.1146E+03   -0.9990E+03   -0.9990E+03   -0.9990E+03   -0.9990E+03   -0.9990E+03   -0.9990E+03   -0.9990E+03   -0.9990E+03   -0.9990E+03   -0.9990E+03   -0.9990E+03   -0.9990E+03   -0.9990E+03   -0.9990E+03   -0.9990E+03   -0.9990E+03   -0.9990E+03   -0.9990E+03   -0.9990E+03   -0.9990E+03   -0.9990E+03   -0.9990E+03   -0.9990E+03   -0.9990E+03   -0.9990E+03   -0.9990E+03   -0.9990E+03   -0.9990E+03
   -0.9990E+03   -0.9990E+03   -0.9990E+03   -0.9990E+03   -0.9990E+03   -0.9990E+03   -0.9990E+03   -0.9990E+03   -0.9990E+03   -0.9990E+03   -0.9990E+03   -0.9990E+03   -0.9990E+03   -0.9990E+03   -0.9990E+03   -0.9990E+03   -0.9990E+03   -0.9990E+03   -0.9990E+03   -0.9990E+03   -0.9990E+03   -0.9990E+03   -0.9990E+03   -0.9990E+03   -0.9990E+03   -0.9990E+03   -0.9990E+03   -0.9990E+03   -0.9990E+03   -0.9990E+03   -0.9990E+03    0.1325E+03    0.1324E+03    0.1366E+03    0.1151E+03    0.1374E+03    0.1240E+03    0.1185E+03    0.1167E+03    0.1209E+03    0.1250E+03    0.1256E+03    0.1172E+03    0.1322E+03    0.1210E+03    0.1222E+03    0.1237E+03    0.1194E+03   -0.9990E+03   -0.9990E+03   -0.9990E+03   -0.9990E+03   -0.9990E+03   -0.9990E+03   -0.9990E+03   -0.9990E+03   -0.9990E+03   -0.9990E+03   -0.9990E+03   -0.9990E+03   -0.9990E+03   -0.9990E+03   -0.9990E+03   -0.9990E+03   -0.9990E+03   -0.9990E+03   -0.9990E+03   -0.9990E+03   -0.9990E+03   -0.9990E+03   -0.9990E+03   -0.9990E+03   -0.9990E+03   -0.9990E+03   -0.9990E+03   -0.9990E+03
   -0.9990E+03   -0.9990E+03   -0.9990E+03   -0.9990E+03   -0.9990E+03   -0.9990E+03   -0.9990E+03   -0.9990E+03   -0.9990E+03   -0.9990E+03   -0.9990E+03   -0.9990E+03   -0.9990E+03   -0.9990E+03   -0.9990E+03   -0.9990E+03   -0.9990E+03   -0.9990E+03   -0.9990E+03   -0.9990E+03   -0.9990E+03   -0.9990E+03   -0.9990E+03   -0.9990E+03   -0.9990E+03   -0.9990E+03   -0.9990E+03   -0.9990E+03   -0.9990E+03   -0.9990E+03   -0.9990E+03    0.2597E+03    0.1401E+03    0.1415E+03    0.1468E+03    0.1255E+03    0.1298E+03    0.1232E+03    0.1348E+03    0.1303E+03    0.1254E+03    0.1298E+03    0.1023E+03    0.1093E+03    0.9473E+02    0.1111E+03    0.1137E+03   -0.9990E+03   -0.9990E+03   -0.9990E+03   -0.9990E+03   -0.9990E+03   -0.9990E+03   -0.9990E+03   -0.9990E+03   -0.9990E+03   -0.9990E+03   -0.9990E+03   -0.9990E+03   -0.9990E+03   -0.9990E+03   -0.9990E+03   -0.9990E+03   -0.9990E+03   -0.9990E+03   -0.9990E+03   -0.9990E+03   -0.9990E+03   -0.9990E+03   -0.9990E+03   -0.9990E+03   -0.9990E+03   -0.9990E+03   -0.9990E+03   -0.9990E+03   -0.9990E+03
   -0.9990E+03   -0.9990E+03   -0.9990E+03   -0.9990E+03   -0.9990E+03   -0.9990E+03   -0.9990E+03   -0.9990E+03   -0.9990E+03   -0.9990E+03   -0.9990E+03   -0.9990E+03   -0.9990E+03   -0.9990E+03   -0.9990E+03   -0.9990E+03   -0.9990E+03   -0.9990E+03   -0.9990E+03   -0.9990E+03   -0.9990E+03   -0.9990E+03   -0.9990E+03   -0.9990E+03   -0.9990E+03   -0.9990E+03   -0.9990E+03   -0.9990E+03   -0.9990E+03   -0.9990E+03   -0.9990E+03   -0.9990E+03    0.1470E+03    0.1500E+03    0.1581E+03    0.1274E+03    0.1329E+03    0.1288E+03    0.1408E+03    0.1326E+03    0.1148E+03    0.1105E+03   -0.9990E+03   -0.9990E+03   -0.9990E+03   -0.9990E+03   -0.9990E+03   -0.9990E+03   -0.9990E+03   -0.9990E+03   -0.9990E+03   -0.9990E+03   -0.9990E+03   -0.9990E+03   -0.9990E+03   -0.9990E+03   -0.9990E+03   -0.9990E+03   -0.9990E+03   -0.9990E+03   -0.9990E+03   -0.9990E+03   -0.9990E+03   -0.9990E+03   -0.9990E+03   -0.9990E+03   -0.9990E+03   -0.9990E+03   -0.9990E+03   -0.9990E+03   -0.9990E+03   -0.9990E+03   -0.9990E+03   -0.9990E+03   -0.9990E+03   -0.9990E+03
   -0.9990E+03   -0.9990E+03   -0.9990E+03   -0.9990E+03   -0.9990E+03   -0.9990E+03   -0.9990E+03   -0.9990E+03   -0.9990E+03   -0.9990E+03   -0.9990E+03   -0.9990E+03   -0.9990E+03   -0.9990E+03   -0.9990E+03   -0.9990E+03   -0.9990E+03   -0.9990E+03   -0.9990E+03   -0.9990E+03   -0.9990E+03   -0.9990E+03   -0.9990E+03   -0.9990E+03   -0.9990E+03   -0.9990E+03   -0.9990E+03   -0.9990E+03   -0.9990E+03   -0.9990E+03    0.2209E+03    0.3861E+03    0.1518E+03    0.1580E+03    0.1324E+03    0.1459E+03    0.1380E+03    0.1371E+03    0.1428E+03    0.1210E+03    0.1173E+03   -0.9990E+03   -0.9990E+03   -0.9990E+03   -0.9990E+03   -0.9990E+03   -0.9990E+03   -0.9990E+03   -0.9990E+03   -0.9990E+03   -0.9990E+03   -0.9990E+03   -0.9990E+03   -0.9990E+03   -0.9990E+03   -0.9990E+03   -0.9990E+03   -0.9990E+03   -0.9990E+03   -0.9990E+03   -0.9990E+03   -0.9990E+03   -0.9990E+03   -0.9990E+03   -0.9990E+03   -0.9990E+03   -0.9990E+03   -0.9990E+03   -0.9990E+03   -0.9990E+03   -0.9990E+03   -0.9990E+03   -0.9990E+03   -0.9990E+03   -0.9990E+03   -0.9990E+03
   -0.9990E+03   -0.9990E+03   -0.9990E+03   -0.9990E+03   -0.9990E+03   -0.9990E+03   -0.9990E+03   -0.9990E+03   -0.9990E+03   -0.9990E+03   -0.9990E+03   -0.9990E+03   -0.9990E+03   -0.9990E+03   -0.9990E+03   -0.9990E+03   -0.9990E+03   -0.9990E+03   -0.9990E+03   -0.9990E+03   -0.9990E+03   -0.9990E+03   -0.9990E+03   -0.9990E+03   -0.9990E+03   -0.9990E+03   -0.9990E+03   -0.9990E+03   -0.9990E+03   -0.9990E+03    0.2068E+03    0.1563E+03    0.1718E+03    0.1618E+03    0.1498E+03    0.1479E+03    0.1567E+03    0.1484E+03    0.1278E+03    0.1454E+03    0.1343E+03   -0.9990E+03   -0.9990E+03   -0.9990E+03   -0.9990E+03   -0.9990E+03   -0.9990E+03   -0.9990E+03   -0.9990E+03   -0.9990E+03   -0.9990E+03   -0.9990E+03   -0.9990E+03   -0.9990E+03   -0.9990E+03   -0.9990E+03   -0.9990E+03   -0.9990E+03   -0.9990E+03   -0.9990E+03   -0.9990E+03   -0.9990E+03   -0.9990E+03   -0.9990E+03   -0.9990E+03   -0.9990E+03   -0.9990E+03   -0.9990E+03   -0.9990E+03   -0.9990E+03   -0.9990E+03   -0.9990E+03   -0.9990E+03   -0.9990E+03   -0.9990E+03   -0.9990E+03
   -0.9990E+03   -0.9990E+03   -0.9990E+03   -0.9990E+03   -0.9990E+03   -0.9990E+03   -0.9990E+03   -0.9990E+03   -0.9990E+03   -0.9990E+03   -0.9990E+03   -0.9990E+03   -0.9990E+03   -0.9990E+03   -0.9990E+03   -0.9990E+03   -0.9990E+03   -0.9990E+03   -0.9990E+03   -0.9990E+03   -0.9990E+03   -0.9990E+03   -0.9990E+03   -0.9990E+03   -0.9990E+03   -0.9990E+03   -0.9990E+03   -0.9990E+03   -0.9990E+03    0.1991E+03    0.1649E+03    0.1830E+03    0.1991E+03    0.1769E+03    0.1443E+03    0.1594E+03    0.1553E+03    0.1290E+03    0.1562E+03    0.1571E+03    0.1458E+03   -0.9990E+03   -0.9990E+03   -0.9990E+03   -0.9990E+03   -0.9990E+03   -0.9990E+03   -0.9990E+03   -0.9990E+03   -0.9990E+03   -0.9990E+03   -0.9990E+03   -0.9990E+03   -0.9990E+03   -0.9990E+03   -0.9990E+03   -0.9990E+03   -0.9990E+03   -0.9990E+03   -0.9990E+03   -0.9990E+03   -0.9990E+03   -0.9990E+03   -0.9990E+03   -0.9990E+03   -0.9990E+03   -0.9990E+03   -0.9990E+03   -0.9990E+03   -0.9990E+03   -0.9990E+03   -0.9990E+03   -0.9990E+03   -0.9990E+03   -0.9990E+03   -0.9990E+03
   -0.9990E+03   -0.9990E+03   -0.9990E+03   -0.9990E+03   -0.9990E+03   -0.9990E+03   -0.9990E+03   -0.9990E+03   -0.9990E+03   -0.9990E+03   -0.9990E+03   -0.9990E+03   -0.9990E+03   -0.9990E+03   -0.9990E+03   -0.9990E+03   -0.9990E+03   -0.9990E+03   -0.9990E+03   -0.9990E+03   -0.9990E+03   -0.9990E+03   -0.9990E+03   -0.9990E+03   -0.9990E+03   -0.9990E+03   -0.9990E+03   -0.9990E+03   -0.9990E+03   -0.9990E+03   -0.9990E+03   -0.9990E+03    0.3578E+03    0.1542E+03    0.1506E+03    0.1610E+03    0.1650E+03    0.1499E+03    0.1666E+03    0.1491E+03    0.1484E+03   -0.9990E+03   -0.9990E+03   -0.9990E+03   -0.9990E+03   -0.9990E+03   -0.9990E+03   -0.9990E+03   -0.9990E+03   -0.9990E+03   -0.9990E+03   -0.9990E+03   -0.9990E+03   -0.9990E+03   -0.9990E+03   -0.9990E+03   -0.9990E+03   -0.9990E+03   -0.9990E+03   -0.9990E+03   -0.9990E+03   -0.9990E+03   -0.9990E+03   -0.9990E+03   -0.9990E+03   -0.9990E+03   -0.9990E+03   -0.9990E+03   -0.9990E+03   -0.9990E+03   -0.9990E+03   -0.9990E+03   -0.9990E+03   -0.9990E+03   -0.9990E+03   -0.9990E+03
   -0.9990E+03   -0.9990E+03   -0.9990E+03   -0.9990E+03   -0.9990E+03   -0.9990E+03   -0.9990E+03   -0.9990E+03   -0.9990E+03   -0.9990E+03   -0.9990E+03   -0.9990E+03   -0.9990E+03   -0.9990E+03   -0.9990E+03   -0.9990E+03   -0.9990E+03   -0.9990E+03   -0.9990E+03   -0.9990E+03   -0.9990E+03   -0.9990E+03   -0.9990E+03   -0.9990E+03   -0.9990E+03   -0.9990E+03   -0.9990E+03   -0.9990E+03    0.4271E+03    0.1833E+03   -0.9990E+03   -0.9990E+03    0.3560E+03    0.1590E+03    0.1608E+03    0.1675E+03    0.1596E+03    0.1719E+03    0.1544E+03    0.1619E+03   -0.9990E+03   -0.9990E+03   -0.9990E+03   -0.9990E+03   -0.9990E+03   -0.9990E+03   -0.9990E+03   -0.9990E+03   -0.9990E+03   -0.9990E+03   -0.9990E+03   -0.9990E+03   -0.9990E+03   -0.9990E+03   -0.9990E+03   -0.9990E+03   -0.9990E+03   -0.9990E+03   -0.9990E+03   -0.9990E+03   -0.9990E+03   -0.9990E+03   -0.9990E+03   -0.9990E+03   -0.9990E+03   -0.9990E+03   -0.9990E+03   -0.9990E+03   -0.9990E+03   -0.9990E+03   -0.9990E+03   -0.9990E+03   -0.9990E+03   -0.9990E+03   -0.9990E+03   -0.9990E+03
   -0.9990E+03   -0.9990E+03   -0.9990E+03   -0.9990E+03   -0.9990E+03   -0.9990E+03   -0.9990E+03   -0.9990E+03   -0.9990E+03   -0.9990E+03   -0.9990E+03   -0.9990E+03   -0.9990E+03   -0.9990E+03   -0.9990E+03   -0.9990E+03   -0.9990E+03   -0.9990E+03   -0.9990E+03   -0.9990E+03   -0.9990E+03   -0.9990E+03   -0.9990E+03   -0.9990E+03   -0.9990E+03   -0.9990E+03   -0.9990E+03   -0.9990E+03    0.3047E+03    0.2078E+03   -0.9990E+03   -0.9990E+03    0.2402E+03    0.1775E+03    0.1643E+03    0.1827E+03    0.1748E+03    0.1764E+03    0.1759E+03    0.1611E+03   -0.9990E+03   -0.9990E+03   -0.9990E+03   -0.9990E+03   -0.9990E+03   -0.9990E+03   -0.9990E+03   -0.9990E+03   -0.9990E+03   -0.9990E+03   -0.9990E+03   -0.9990E+03   -0.9990E+03   -0.9990E+03   -0.9990E+03   -0.9990E+03   -0.9990E+03   -0.9990E+03   -0.9990E+03   -0.9990E+03   -0.9990E+03   -0.9990E+03   -0.9990E+03   -0.9990E+03   -0.9990E+03   -0.9990E+03   -0.9990E+03   -0.9990E+03   -0.9990E+03   -0.9990E+03   -0.9990E+03   -0.9990E+03   -0.9990E+03   -0.9990E+03   -0.9990E+03   -0.9990E+03
   -0.9990E+03   -0.9990E+03   -0.9990E+03   -0.9990E+03   -0.9990E+03   -0.9990E+03   -0.9990E+03   -0.9990E+03   -0.9990E+03   -0.9990E+03   -0.9990E+03   -0.9990E+03   -0.9990E+03   -0.9990E+03   -0.9990E+03   -0.9990E+03   -0.9990E+03   -0.9990E+03   -0.9990E+03   -0.9990E+03   -0.9990E+03   -0.9990E+03   -0.9990E+03   -0.9990E+03   -0.9990E+03   -0.9990E+03   -0.9990E+03   -0.9990E+03   -0.9990E+03    0.1988E+03   -0.9990E+03   -0.9990E+03    0.3496E+03    0.1952E+03    0.1895E+03    0.1803E+03    0.1627E+03    0.1660E+03    0.1652E+03    0.1682E+03   -0.9990E+03   -0.9990E+03   -0.9990E+03   -0.9990E+03   -0.9990E+03   -0.9990E+03   -0.9990E+03   -0.9990E+03   -0.9990E+03   -0.9990E+03   -0.9990E+03   -0.9990E+03   -0.9990E+03   -0.9990E+03   -0.9990E+03   -0.9990E+03   -0.9990E+03   -0.9990E+03   -0.9990E+03   -0.9990E+03   -0.9990E+03   -0.9990E+03   -0.9990E+03   -0.9990E+03   -0.9990E+03   -0.9990E+03   -0.9990E+03   -0.9990E+03   -0.9990E+03   -0.9990E+03   -0.9990E+03   -0.9990E+03   -0.9990E+03   -0.9990E+03   -0.9990E+03   -0.9990E+03
   -0.9990E+03   -0.9990E+03   -0.9990E+03   -0.9990E+03   -0.9990E+03   -0.9990E+03   -0.9990E+03   -0.9990E+03   -0.9990E+03   -0.9990E+03   -0.9990E+03   -0.9990E+03   -0.9990E+03   -0.9990E+03   -0.9990E+03   -0.9990E+03   -0.9990E+03   -0.9990E+03   -0.9990E+03   -0.9990E+03   -0.9990E+03   -0.9990E+03   -0.9990E+03   -0.9990E+03   -0.9990E+03   -0.9990E+03   -0.9990E+03   -0.9990E+03   -0.9990E+03    0.3897E+03   -0.9990E+03   -0.9990E+03    0.4568E+03    0.1934E+03    0.1677E+03    0.1770E+03    0.1720E+03    0.1704E+03    0.1821E+03    0.1785E+03   -0.9990E+03   -0.9990E+03   -0.9990E+03   -0.9990E+03   -0.9990E+03   -0.9990E+03   -0.9990E+03   -0.9990E+03   -0.9990E+03   -0.9990E+03   -0.9990E+03   -0.9990E+03   -0.9990E+03   -0.9990E+03   -0.9990E+03   -0.9990E+03   -0.9990E+03   -0.9990E+03   -0.9990E+03   -0.9990E+03   -0.9990E+03   -0.9990E+03   -0.9990E+03   -0.9990E+03   -0.9990E+03   -0.9990E+03   -0.9990E+03   -0.9990E+03   -0.9990E+03   -0.9990E+03   -0.9990E+03   -0.9990E+03   -0.9990E+03   -0.9990E+03   -0.9990E+03   -0.9990E+03
   -0.9990E+03   -0.9990E+03   -0.9990E+03   -0.9990E+03   -0.9990E+03   -0.9990E+03   -0.9990E+03   -0.9990E+03   -0.9990E+03   -0.9990E+03   -0.9990E+03   -0.9990E+03   -0.9990E+03   -0.9990E+03   -0.9990E+03   -0.9990E+03   -0.9990E+03   -0.9990E+03   -0.9990E+03   -0.9990E+03   -0.9990E+03    0.2189E+05    0.4006E+05    0.3331E+05    0.3485E+05   -0.9990E+03   -0.9990E+03   -0.9990E+03   -0.9990E+03    0.4990E+03   -0.9990E+03   -0.9990E+03    0.3127E+03    0.1865E+03    0.1887E+03    0.1841E+03    0.1786E+03    0.1805E+03    0.1888E+03    0.1812E+03   -0.9990E+03   -0.9990E+03   -0.9990E+03   -0.9990E+03   -0.9990E+03   -0.9990E+03   -0.9990E+03   -0.9990E+03   -0.9990E+03   -0.9990E+03   -0.9990E+03   -0.9990E+03   -0.9990E+03   -0.9990E+03   -0.9990E+03   -0.9990E+03   -0.9990E+03   -0.9990E+03   -0.9990E+03   -0.9990E+03   -0.9990E+03   -0.9990E+03   -0.9990E+03   -0.9990E+03   -0.9990E+03   -0.9990E+03   -0.9990E+03   -0.9990E+03   -0.9990E+03   -0.9990E+03   -0.9990E+03   -0.9990E+03   -0.9990E+03   -0.9990E+03   -0.9990E+03   -0.9990E+03
   -0.9990E+03   -0.9990E+03   -0.9990E+03   -0.9990E+03   -0.9990E+03   -0.9990E+03   -0.9990E+03   -0.9990E+03   -0.9990E+03   -0.9990E+03   -0.9990E+03   -0.9990E+03   -0.9990E+03   -0.9990E+03   -0.9990E+03   -0.9990E+03   -0.9990E+03   -0.9990E+03   -0.9990E+03   -0.9990E+03    0.2543E+05    0.2789E+05    0.2236E+05    0.3152E+05    0.3071E+05   -0.9990E+03   -0.9990E+03   -0.9990E+03   -0.9990E+03   -0.9990E+03   -0.9990E+03   -0.9990E+03    0.2086E+03    0.1986E+03    0.1844E+03    0.1819E+03    0.1872E+03    0.1957E+03    0.1926E+03    0.1854E+03   -0.9990E+03   -0.9990E+03   -0.9990E+03   -0.9990E+03   -0.9990E+03   -0.9990E+03   -0.9990E+03   -0.9990E+03   -0.9990E+03   -0.9990E+03   -0.9990E+03   -0.9990E+03   -0.9990E+03   -0.9990E+03   -0.9990E+03   -0.9990E+03   -0.9990E+03   -0.9990E+03   -0.9990E+03   -0.9990E+03   -0.9990E+03   -0.9990E+03   -0.9990E+03   -0.9990E+03   -0.9990E+03   -0.9990E+03   -0.9990E+03   -0.9990E+03   -0.9990E+03   -0.9990E+03   -0.9990E+03   -0.9990E+03   -0.9990E+03   -0.9990E+03   -0.9990E+03   -0.9990E+03
   -0.9990E+03   -0.9990E+03   -0.9990E+03   -0.9990E+03   -0.9990E+03   -0.9990E+03   -0.9990E+03   -0.9990E+03   -0.9990E+03   -0.9990E+03   -0.9990E+03   -0.9990E+03   -0.9990E+03   -0.9990E+03   -0.9990E+03   -0.9990E+03   -0.9990E+03   -0.9990E+03   -0.9990E+03   -0.9990E+03    0.2735E+05    0.2353E+05    0.1940E+05    0.1740E+05    0.2521E+05    0.2783E+05   -0.9990E+03   -0.9990E+03    0.2866E+03    0.2206E+03   -0.9990E+03    0.2174E+03    0.2112E+03    0.1831E+03    0.1920E+03    0.1915E+03    0.1970E+03    0.1989E+03    0.1931E+03    0.1952E+03   -0.9990E+03   -0.9990E+03   -0.9990E+03   -0.9990E+03   -0.9990E+03   -0.9990E+03   -0.9990E+03   -0.9990E+03   -0.9990E+03   -0.9990E+03   -0.9990E+03   -0.9990E+03   -0.9990E+03   -0.9990E+03   -0.9990E+03   -0.9990E+03   -0.9990E+03   -0.9990E+03   -0.9990E+03   -0.9990E+03   -0.9990E+03   -0.9990E+03   -0.9990E+03   -0.9990E+03   -0.9990E+03   -0.9990E+03   -0.9990E+03   -0.9990E+03   -0.9990E+03   -0.9990E+03   -0.9990E+03   -0.9990E+03   -0.9990E+03   -0.9990E+03   -0.9990E+03   -0.9990E+03
   -0.9990E+03   -0.9990E+03   -0.9990E+03   -0.9990E+03   -0.9990E+03   -0.9990E+03   -0.9990E+03   -0.9990E+03   -0.9990E+03   -0.9990E+03   -0.9990E+03   -0.9990E+03   -0.9990E+03   -0.9990E+03   -0.9990E+03   -0.9990E+03   -0.9990E+03   -0.9990E+03   -0.9990E+03   -0.9990E+03    0.3430E+05    0.3297E+05    0.3357E+05    0.3444E+05    0.3479E+05    0.2235E+04    0.4220E+03    0.4286E+03    0.3634E+03    0.2232E+03    0.2103E+03    0.2202E+03    0.2063E+03    0.1817E+03    0.1984E+03    0.2048E+03    0.2090E+03    0.2053E+03    0.2045E+03    0.1998E+03   -0.9990E+03   -0.9990E+03   -0.9990E+03   -0.9990E+03   -0.9990E+03   -0.9990E+03   -0.9990E+03   -0.9990E+03   -0.9990E+03   -0.9990E+03   -0.9990E+03   -0.9990E+03   -0.9990E+03   -0.9990E+03   -0.9990E+03   -0.9990E+03   -0.9990E+03   -0.9990E+03   -0.9990E+03   -0.9990E+03   -0.9990E+03   -0.9990E+03   -0.9990E+03   -0.9990E+03   -0.9990E+03   -0.9990E+03   -0.9990E+03   -0.9990E+03   -0.9990E+03   -0.9990E+03   -0.9990E+03   -0.9990E+03   -0.9990E+03   -0.9990E+03   -0.9990E+03   -0.9990E+03
   -0.9990E+03   -0.9990E+03   -0.9990E+03   -0.9990E+03   -0.9990E+03   -0.9990E+03   -0.9990E+03   -0.9990E+03   -0.9990E+03   -0.9990E+03   -0.9990E+03   -0.9990E+03   -0.9990E+03   -0.9990E+03   -0.9990E+03   -0.9990E+03   -0.9990E+03   -0.9990E+03   -0.9990E+03    0.2480E+05    0.3473E+05    0.3662E+05    0.3701E+05    0.7527E+04    0.9541E+03    0.2402E+03    0.2252E+03    0.3917E+03    0.2194E+03    0.2242E+03    0.2146E+03    0.2196E+03    0.2079E+03    0.2168E+03    0.2214E+03    0.2203E+03    0.2049E+03    0.2099E+03    0.2036E+03   -0.9990E+03   -0.9990E+03   -0.9990E+03   -0.9990E+03   -0.9990E+03   -0.9990E+03   -0.9990E+03   -0.9990E+03   -0.9990E+03   -0.9990E+03   -0.9990E+03   -0.9990E+03   -0.9990E+03   -0.9990E+03   -0.9990E+03   -0.9990E+03   -0.9990E+03   -0.9990E+03   -0.9990E+03   -0.9990E+03   -0.9990E+03   -0.9990E+03   -0.9990E+03   -0.9990E+03   -0.9990E+03   -0.9990E+03   -0.9990E+03   -0.9990E+03   -0.9990E+03   -0.9990E+03   -0.9990E+03   -0.9990E+03   -0.9990E+03   -0.9990E+03   -0.9990E+03   -0.9990E+03   -0.9990E+03
   -0.9990E+03   -0.9990E+03   -0.9990E+03   -0.9990E+03   -0.9990E+03   -0.9990E+03   -0.9990E+03   -0.9990E+03   -0.9990E+03   -0.9990E+03   -0.9990E+03   -0.9990E+03   -0.9990E+03   -0.9990E+03   -0.9990E+03   -0.9990E+03   -0.9990E+03   -0.9990E+03   -0.9990E+03    0.2256E+05    0.2216E+05    0.2571E+05    0.2703E+05    0.1068E+05    0.5910E+04    0.2821E+03    0.2362E+03    0.2368E+03    0.2245E+03    0.2240E+03    0.2211E+03    0.2214E+03    0.2190E+03    0.2211E+03    0.2032E+03    0.2086E+03    0.2050E+03    0.2094E+03   -0.9990E+03   -0.9990E+03   -0.9990E+03   -0.9990E+03   -0.9990E+03   -0.9990E+03   -0.9990E+03   -0.9990E+03   -0.9990E+03   -0.9990E+03   -0.9990E+03   -0.9990E+03   -0.9990E+03   -0.9990E+03   -0.9990E+03   -0.9990E+03   -0.9990E+03   -0.9990E+03   -0.9990E+03   -0.9990E+03   -0.9990E+03   -0.9990E+03   -0.9990E+03   -0.9990E+03   -0.9990E+03   -0.9990E+03   -0.9990E+03   -0.9990E+03   -0.9990E+03   -0.9990E+03   -0.9990E+03   -0.9990E+03   -0.9990E+03   -0.9990E+03   -0.9990E+03   -0.9990E+03   -0.9990E+03   -0.9990E+03
   -0.9990E+03   -0.9990E+03   -0.9990E+03   -0.9990E+03   -0.9990E+03   -0.9990E+03   -0.9990E+03   -0.9990E+03   -0.9990E+03   -0.9990E+03   -0.9990E+03   -0.9990E+03   -0.9990E+03   -0.9990E+03   -0.9990E+03   -0.9990E+03   -0.9990E+03   -0.9990E+03   -0.9990E+03    0.2311E+05    0.1325E+05    0.1821E+05    0.9137E+04    0.3576E+05    0.6582E+04    0.3673E+03    0.2306E+03    0.2255E+03    0.2281E+03    0.2278E+03    0.2255E+03    0.2230E+03    0.2225E+03    0.2247E+03    0.2130E+03    0.2097E+03    0.2213E+03    0.2157E+03   -0.9990E+03   -0.9990E+03   -0.9990E+03   -0.9990E+03   -0.9990E+03   -0.9990E+03   -0.9990E+03   -0.9990E+03   -0.9990E+03   -0.9990E+03   -0.9990E+03   -0.9990E+03   -0.9990E+03   -0.9990E+03   -0.9990E+03   -0.9990E+03   -0.9990E+03   -0.9990E+03   -0.9990E+03   -0.9990E+03   -0.9990E+03   -0.9990E+03   -0.9990E+03   -0.9990E+03   -0.9990E+03   -0.9990E+03   -0.9990E+03   -0.9990E+03   -0.9990E+03   -0.9990E+03   -0.9990E+03   -0.9990E+03   -0.9990E+03   -0.9990E+03   -0.9990E+03   -0.9990E+03   -0.9990E+03   -0.9990E+03
   -0.9990E+03   -0.9990E+03   -0.9990E+03   -0.9990E+03   -0.9990E+03   -0.9990E+03   -0.9990E+03   -0.9990E+03   -0.9990E+03   -0.9990E+03   -0.9990E+03   -0.9990E+03   -0.9990E+03   -0.9990E+03   -0.9990E+03   -0.9990E+03   -0.9990E+03   -0.9990E+03   -0.9990E+03   -0.9990E+03    0.1299E+05    0.2350E+04    0.6567E+03    0.7241E+04    0.6568E+03    0.2683E+03    0.2263E+03    0.2282E+03    0.2284E+03    0.2275E+03    0.2200E+03    0.2161E+03    0.2260E+03    0.2232E+03    0.2241E+03    0.2330E+03    0.2246E+03    0.2224E+03   -0.9990E+03   -0.9990E+03   -0.9990E+03   -0.9990E+03   -0.9990E+03   -0.9990E+03   -0.9990E+03   -0.9990E+03   -0.9990E+03   -0.9990E+03   -0.9990E+03   -0.9990E+03   -0.9990E+03   -0.9990E+03   -0.9990E+03   -0.9990E+03   -0.9990E+03   -0.9990E+03   -0.9990E+03   -0.9990E+03   -0.9990E+03   -0.9990E+03   -0.9990E+03   -0.9990E+03   -0.9990E+03   -0.9990E+03   -0.9990E+03   -0.9990E+03   -0.9990E+03   -0.9990E+03   -0.9990E+03   -0.9990E+03   -0.9990E+03   -0.9990E+03   -0.9990E+03   -0.9990E+03   -0.9990E+03   -0.9990E+03
   -0.9990E+03   -0.9990E+03   -0.9990E+03   -0.9990E+03   -0.9990E+03   -0.9990E+03   -0.9990E+03   -0.9990E+03   -0.9990E+03   -0.9990E+03   -0.9990E+03   -0.9990E+03   -0.9990E+03   -0.9990E+03   -0.9990E+03   -0.9990E+03   -0.9990E+03   -0.9990E+03   -0.9990E+03   -0.9990E+03   -0.9990E+03    0.3902E+03    0.2391E+03    0.2472E+03    0.2730E+03    0.2484E+03    0.2299E+03    0.2312E+03    0.2278E+03    0.2248E+03    0.2285E+03    0.2291E+03    0.2298E+03    0.2321E+03    0.2343E+03    0.2279E+03    0.2294E+03    0.2271E+03   -0.9990E+03   -0.9990E+03   -0.9990E+03   -0.9990E+03   -0.9990E+03   -0.9990E+03   -0.9990E+03   -0.9990E+03   -0.9990E+03   -0.9990E+03   -0.9990E+03   -0.9990E+03   -0.9990E+03   -0.9990E+03   -0.9990E+03   -0.9990E+03   -0.9990E+03   -0.9990E+03   -0.9990E+03   -0.9990E+03   -0.9990E+03   -0.9990E+03   -0.9990E+03   -0.9990E+03   -0.9990E+03   -0.9990E+03   -0.9990E+03   -0.9990E+03   -0.9990E+03   -0.9990E+03   -0.9990E+03   -0.9990E+03   -0.9990E+03   -0.9990E+03   -0.9990E+03   -0.9990E+03   -0.9990E+03   -0.9990E+03
   -0.9990E+03   -0.9990E+03   -0.9990E+03   -0.9990E+03   -0.9990E+03   -0.9990E+03   -0.9990E+03   -0.9990E+03   -0.9990E+03   -0.9990E+03   -0.9990E+03   -0.9990E+03   -0.9990E+03   -0.9990E+03   -0.9990E+03   -0.9990E+03   -0.9990E+03   -0.9990E+03   -0.9990E+03   -0.9990E+03   -0.9990E+03    0.2990E+03    0.2506E+03    0.2380E+03    0.2436E+03    0.2345E+03    0.2295E+03    0.2296E+03    0.2288E+03    0.2280E+03    0.2295E+03    0.2313E+03    0.2308E+03    0.2329E+03    0.2362E+03    0.2307E+03   -0.9990E+03   -0.9990E+03   -0.9990E+03   -0.9990E+03   -0.9990E+03   -0.9990E+03   -0.9990E+03   -0.9990E+03   -0.9990E+03   -0.9990E+03   -0.9990E+03   -0.9990E+03   -0.9990E+03   -0.9990E+03   -0.9990E+03   -0.9990E+03   -0.9990E+03   -0.9990E+03   -0.9990E+03   -0.9990E+03   -0.9990E+03   -0.9990E+03   -0.9990E+03   -0.9990E+03   -0.9990E+03   -0.9990E+03   -0.9990E+03   -0.9990E+03   -0.9990E+03   -0.9990E+03   -0.9990E+03   -0.9990E+03   -0.9990E+03   -0.9990E+03   -0.9990E+03   -0.9990E+03   -0.9990E+03   -0.9990E+03   -0.9990E+03   -0.9990E+03
   -0.9990E+03   -0.9990E+03   -0.9990E+03   -0.9990E+03   -0.9990E+03   -0.9990E+03   -0.9990E+03   -0.9990E+03   -0.9990E+03   -0.9990E+03   -0.9990E+03   -0.9990E+03   -0.9990E+03   -0.9990E+03   -0.9990E+03   -0.9990E+03   -0.9990E+03   -0.9990E+03   -0.9990E+03   -0.9990E+03   -0.9990E+03    0.2825E+03    0.2518E+03    0.2436E+03    0.2378E+03    0.2271E+03    0.2292E+03    0.2293E+03    0.2319E+03    0.2341E+03    0.2348E+03    0.2348E+03    0.2377E+03    0.2377E+03    0.2363E+03    0.2379E+03   -0.9990E+03   -0.9990E+03   -0.9990E+03   -0.9990E+03   -0.9990E+03   -0.9990E+03   -0.9990E+03   -0.9990E+03   -0.9990E+03   -0.9990E+03   -0.9990E+03   -0.9990E+03   -0.9990E+03   -0.9990E+03   -0.9990E+03   -0.9990E+03   -0.9990E+03   -0.9990E+03   -0.9990E+03   -0.9990E+03   -0.9990E+03   -0.9990E+03   -0.9990E+03   -0.9990E+03   -0.9990E+03   -0.9990E+03   -0.9990E+03   -0.9990E+03   -0.9990E+03   -0.9990E+03   -0.9990E+03   -0.9990E+03   -0.9990E+03   -0.9990E+03   -0.9990E+03   -0.9990E+03   -0.9990E+03   -0.9990E+03   -0.9990E+03   -0.9990E+03
   -0.9990E+03   -0.9990E+03   -0.9990E+03   -0.9990E+03   -0.9990E+03   -0.9990E+03   -0.9990E+03   -0.9990E+03   -0.9990E+03   -0.9990E+03   -0.9990E+03   -0.9990E+03   -0.9990E+03   -0.9990E+03   -0.9990E+03   -0.9990E+03   -0.9990E+03   -0.9990E+03   -0.9990E+03   -0.9990E+03   -0.9990E+03    0.2630E+03    0.2564E+03    0.2495E+03    0.2421E+03    0.2357E+03    0.2336E+03    0.2349E+03    0.2356E+03    0.2368E+03    0.2377E+03    0.2366E+03    0.2403E+03    0.2425E+03    0.2402E+03   -0.9990E+03   -0.9990E+03   -0.9990E+03   -0.9990E+03   -0.9990E+03   -0.9990E+03   -0.9990E+03   -0.9990E+03   -0.9990E+03   -0.9990E+03   -0.9990E+03   -0.9990E+03   -0.9990E+03   -0.9990E+03   -0.9990E+03   -0.9990E+03   -0.9990E+03   -0.9990E+03   -0.9990E+03   -0.9990E+03   -0.9990E+03   -0.9990E+03   -0.9990E+03   -0.9990E+03   -0.9990E+03   -0.9990E+03   -0.9990E+03   -0.9990E+03   -0.9990E+03   -0.9990E+03   -0.9990E+03   -0.9990E+03   -0.9990E+03   -0.9990E+03   -0.9990E+03   -0.9990E+03   -0.9990E+03   -0.9990E+03   -0.9990E+03   -0.9990E+03   -0.9990E+03
   -0.9990E+03   -0.9990E+03   -0.9990E+03   -0.9990E+03   -0.9990E+03   -0.9990E+03   -0.9990E+03   -0.9990E+03   -0.9990E+03   -0.9990E+03   -0.9990E+03   -0.9990E+03   -0.9990E+03   -0.9990E+03   -0.9990E+03   -0.9990E+03   -0.9990E+03   -0.9990E+03   -0.9990E+03   -0.9990E+03    0.2734E+03    0.2685E+03    0.2647E+03    0.2554E+03    0.2481E+03    0.2444E+03    0.2431E+03    0.2434E+03    0.2433E+03    0.2438E+03    0.2445E+03    0.2453E+03    0.2434E+03    0.2459E+03    0.2435E+03   -0.9990E+03   -0.9990E+03   -0.9990E+03   -0.9990E+03   -0.9990E+03   -0.9990E+03   -0.9990E+03   -0.9990E+03   -0.9990E+03   -0.9990E+03   -0.9990E+03   -0.9990E+03   -0.9990E+03   -0.9990E+03   -0.9990E+03   -0.9990E+03   -0.9990E+03   -0.9990E+03   -0.9990E+03   -0.9990E+03   -0.9990E+03   -0.9990E+03   -0.9990E+03   -0.9990E+03   -0.9990E+03   -0.9990E+03   -0.9990E+03   -0.9990E+03   -0.9990E+03   -0.9990E+03   -0.9990E+03   -0.9990E+03   -0.9990E+03   -0.9990E+03   -0.9990E+03   -0.9990E+03   -0.9990E+03   -0.9990E+03   -0.9990E+03   -0.9990E+03   -0.9990E+03
   -0.9990E+03   -0.9990E+03   -0.9990E+03   -0.9990E+03   -0.9990E+03   -0.9990E+03   -0.9990E+03   -0.9990E+03   -0.9990E+03   -0.9990E+03   -0.9990E+03   -0.9990E+03   -0.9990E+03   -0.9990E+03   -0.9990E+03   -0.9990E+03   -0.9990E+03   -0.9990E+03    0.3371E+03    0.2863E+03    0.2837E+03    0.2786E+03    0.2714E+03    0.2618E+03    0.2554E+03    0.2515E+03    0.2502E+03    0.2484E+03    0.2475E+03    0.2490E+03    0.2470E+03    0.2498E+03    0.2508E+03    0.2499E+03    0.2486E+03   -0.9990E+03   -0.9990E+03   -0.9990E+03   -0.9990E+03   -0.9990E+03   -0.9990E+03   -0.9990E+03   -0.9990E+03   -0.9990E+03   -0.9990E+03   -0.9990E+03   -0.9990E+03   -0.9990E+03   -0.9990E+03   -0.9990E+03   -0.9990E+03   -0.9990E+03   -0.9990E+03   -0.9990E+03   -0.9990E+03   -0.9990E+03   -0.9990E+03   -0.9990E+03   -0.9990E+03   -0.9990E+03   -0.9990E+03   -0.9990E+03   -0.9990E+03   -0.9990E+03   -0.9990E+03   -0.9990E+03   -0.9990E+03   -0.9990E+03   -0.9990E+03   -0.9990E+03   -0.9990E+03   -0.9990E+03   -0.9990E+03   -0.9990E+03   -0.9990E+03   -0.9990E+03
   -0.9990E+03   -0.9990E+03   -0.9990E+03   -0.9990E+03   -0.9990E+03   -0.9990E+03   -0.9990E+03   -0.9990E+03   -0.9990E+03   -0.9990E+03   -0.9990E+03   -0.9990E+03   -0.9990E+03   -0.9990E+03   -0.9990E+03   -0.9990E+03   -0.9990E+03   -0.9990E+03    0.3931E+03    0.2919E+03    0.2906E+03    0.2836E+03    0.2752E+03    0.2682E+03    0.2647E+03    0.2600E+03    0.2567E+03    0.2543E+03    0.2524E+03    0.2534E+03    0.2532E+03    0.2512E+03    0.2518E+03    0.2528E+03    0.2495E+03   -0.9990E+03   -0.9990E+03   -0.9990E+03   -0.9990E+03   -0.9990E+03   -0.9990E+03   -0.9990E+03   -0.9990E+03   -0.9990E+03   -0.9990E+03   -0.9990E+03   -0.9990E+03   -0.9990E+03   -0.9990E+03   -0.9990E+03   -0.9990E+03   -0.9990E+03   -0.9990E+03   -0.9990E+03   -0.9990E+03   -0.9990E+03   -0.9990E+03   -0.9990E+03   -0.9990E+03   -0.9990E+03   -0.9990E+03   -0.9990E+03   -0.9990E+03   -0.9990E+03   -0.9990E+03   -0.9990E+03   -0.9990E+03   -0.9990E+03   -0.9990E+03   -0.9990E+03   -0.9990E+03   -0.9990E+03   -0.9990E+03   -0.9990E+03   -0.9990E+03   -0.9990E+03
   -0.9990E+03   -0.9990E+03   -0.9990E+03   -0.9990E+03   -0.9990E+03   -0.9990E+03   -0.9990E+03   -0.9990E+03   -0.9990E+03   -0.9990E+03   -0.9990E+03   -0.9990E+03   -0.9990E+03   -0.9990E+03   -0.9990E+03    0.3216E+03    0.3165E+03    0.3118E+03    0.3066E+03    0.3030E+03    0.2958E+03    0.2881E+03    0.2813E+03    0.2761E+03    0.2714E+03    0.2672E+03    0.2637E+03    0.2611E+03    0.2577E+03    0.2569E+03    0.2575E+03    0.2570E+03    0.2559E+03    0.2536E+03   -0.9990E+03   -0.9990E+03   -0.9990E+03   -0.9990E+03   -0.9990E+03   -0.9990E+03   -0.9990E+03   -0.9990E+03   -0.9990E+03   -0.9990E+03   -0.9990E+03   -0.9990E+03   -0.9990E+03   -0.9990E+03   -0.9990E+03   -0.9990E+03   -0.9990E+03   -0.9990E+03   -0.9990E+03   -0.9990E+03   -0.9990E+03   -0.9990E+03   -0.9990E+03   -0.9990E+03   -0.9990E+03   -0.9990E+03   -0.9990E+03   -0.9990E+03   -0.9990E+03   -0.9990E+03   -0.9990E+03   -0.9990E+03   -0.9990E+03   -0.9990E+03   -0.9990E+03   -0.9990E+03   -0.9990E+03   -0.9990E+03   -0.9990E+03   -0.9990E+03   -0.9990E+03   -0.9990E+03
   -0.9990E+03   -0.9990E+03   -0.9990E+03   -0.9990E+03   -0.9990E+03   -0.9990E+03   -0.9990E+03   -0.9990E+03   -0.9990E+03   -0.9990E+03   -0.9990E+03   -0.9990E+03   -0.9990E+03    0.3333E+03    0.3335E+03    0.3304E+03    0.3276E+03    0.3218E+03    0.3158E+03    0.3098E+03    0.3019E+03    0.2970E+03    0.2876E+03    0.2838E+03    0.2786E+03    0.2730E+03    0.2684E+03    0.2671E+03    0.2636E+03    0.2610E+03    0.2615E+03    0.2608E+03    0.2591E+03   -0.9990E+03   -0.9990E+03   -0.9990E+03   -0.9990E+03   -0.9990E+03   -0.9990E+03   -0.9990E+03   -0.9990E+03   -0.9990E+03   -0.9990E+03   -0.9990E+03   -0.9990E+03   -0.9990E+03   -0.9990E+03   -0.9990E+03   -0.9990E+03   -0.9990E+03   -0.9990E+03   -0.9990E+03   -0.9990E+03   -0.9990E+03   -0.9990E+03   -0.9990E+03   -0.9990E+03   -0.9990E+03   -0.9990E+03   -0.9990E+03   -0.9990E+03   -0.9990E+03   -0.9990E+03   -0.9990E+03   -0.9990E+03   -0.9990E+03   -0.9990E+03   -0.9990E+03   -0.9990E+03   -0.9990E+03   -0.9990E+03   -0.9990E+03   -0.9990E+03   -0.9990E+03   -0.9990E+03   -0.9990E+03
   -0.9990E+03   -0.9990E+03   -0.9990E+03   -0.9990E+03   -0.9990E+03   -0.9990E+03   -0.9990E+03   -0.9990E+03   -0.9990E+03   -0.9990E+03    0.3390E+03    0.3403E+03    0.3413E+03    0.3452E+03    0.3417E+03    0.3413E+03    0.3377E+03    0.3315E+03    0.3238E+03    0.3150E+03    0.3089E+03    0.3012E+03    0.2979E+03    0.2901E+03    0.2839E+03    0.2786E+03    0.2752E+03    0.2710E+03    0.2700E+03    0.2660E+03    0.2648E+03    0.2631E+03    0.2630E+03   -0.9990E+03   -0.9990E+03   -0.9990E+03   -0.9990E+03   -0.9990E+03   -0.9990E+03   -0.9990E+03   -0.9990E+03   -0.9990E+03   -0.9990E+03   -0.9990E+03   -0.9990E+03   -0.9990E+03   -0.9990E+03   -0.9990E+03   -0.9990E+03   -0.9990E+03   -0.9990E+03   -0.9990E+03   -0.9990E+03   -0.9990E+03   -0.9990E+03   -0.9990E+03   -0.9990E+03   -0.9990E+03   -0.9990E+03   -0.9990E+03   -0.9990E+03   -0.9990E+03   -0.9990E+03   -0.9990E+03   -0.9990E+03   -0.9990E+03   -0.9990E+03   -0.9990E+03   -0.9990E+03   -0.9990E+03   -0.9990E+03   -0.9990E+03   -0.9990E+03   -0.9990E+03   -0.9990E+03   -0.9990E+03
   -0.9990E+03   -0.9990E+03   -0.9990E+03   -0.9990E+03   -0.9990E+03   -0.9990E+03   -0.9990E+03   -0.9990E+03   -0.9990E+03   -0.9990E+03    0.3421E+03    0.3470E+03    0.3505E+03    0.3540E+03    0.3567E+03    0.3535E+03    0.3453E+03    0.3376E+03    0.3295E+03    0.3236E+03    0.3148E+03    0.3067E+03    0.3003E+03    0.2971E+03    0.2894E+03    0.2853E+03    0.2790E+03    0.2762E+03    0.2724E+03   -0.9990E+03   -0.9990E+03   -0.9990E+03   -0.9990E+03   -0.9990E+03   -0.9990E+03   -0.9990E+03   -0.9990E+03   -0.9990E+03   -0.9990E+03   -0.9990E+03   -0.9990E+03   -0.9990E+03   -0.9990E+03   -0.9990E+03   -0.9990E+03   -0.9990E+03   -0.9990E+03   -0.9990E+03   -0.9990E+03   -0.9990E+03   -0.9990E+03   -0.9990E+03   -0.9990E+03   -0.9990E+03   -0.9990E+03   -0.9990E+03   -0.9990E+03   -0.9990E+03   -0.9990E+03   -0.9990E+03   -0.9990E+03   -0.9990E+03   -0.9990E+03   -0.9990E+03   -0.9990E+03   -0.9990E+03   -0.9990E+03   -0.9990E+03   -0.9990E+03   -0.9990E+03   -0.9990E+03   -0.9990E+03   -0.9990E+03   -0.9990E+03   -0.9990E+03   -0.9990E+03
   -0.9990E+03   -0.9990E+03   -0.9990E+03   -0.9990E+03   -0.9990E+03   -0.9990E+03   -0.9990E+03    0.3417E+03    0.3427E+03    0.3456E+03    0.3919E+03    0.3552E+03    0.3623E+03    0.3562E+03    0.3592E+03    0.3614E+03    0.3540E+03    0.3447E+03    0.3385E+03    0.3319E+03    0.3222E+03    0.3124E+03    0.3049E+03    0.2985E+03    0.2938E+03    0.2875E+03   -0.9990E+03   -0.9990E+03   -0.9990E+03   -0.9990E+03   -0.9990E+03   -0.9990E+03   -0.9990E+03   -0.9990E+03   -0.9990E+03   -0.9990E+03   -0.9990E+03   -0.9990E+03   -0.9990E+03   -0.9990E+03   -0.9990E+03   -0.9990E+03   -0.9990E+03   -0.9990E+03   -0.9990E+03   -0.9990E+03   -0.9990E+03   -0.9990E+03   -0.9990E+03   -0.9990E+03   -0.9990E+03   -0.9990E+03   -0.9990E+03   -0.9990E+03   -0.9990E+03   -0.9990E+03   -0.9990E+03   -0.9990E+03   -0.9990E+03   -0.9990E+03   -0.9990E+03   -0.9990E+03   -0.9990E+03   -0.9990E+03   -0.9990E+03   -0.9990E+03   -0.9990E+03   -0.9990E+03   -0.9990E+03   -0.9990E+03   -0.9990E+03   -0.9990E+03   -0.9990E+03   -0.9990E+03   -0.9990E+03   -0.9990E+03
   -0.9990E+03   -0.9990E+03    0.3321E+03    0.3365E+03    0.4704E+03    0.3425E+03    0.3439E+03    0.3525E+03    0.3499E+03    0.3874E+03    0.3738E+03    0.5639E+03    0.5136E+03    0.3856E+03    0.3945E+03    0.4264E+03    0.5046E+03    0.3513E+03    0.3415E+03    0.3319E+03    0.3245E+03    0.3178E+03    0.3093E+03    0.3027E+03   -0.9990E+03   -0.9990E+03   -0.9990E+03   -0.9990E+03   -0.9990E+03   -0.9990E+03   -0.9990E+03   -0.9990E+03   -0.9990E+03   -0.9990E+03   -0.9990E+03   -0.9990E+03   -0.9990E+03   -0.9990E+03   -0.9990E+03   -0.9990E+03   -0.9990E+03   -0.9990E+03   -0.9990E+03   -0.9990E+03   -0.9990E+03   -0.9990E+03   -0.9990E+03   -0.9990E+03   -0.9990E+03   -0.9990E+03   -0.9990E+03   -0.9990E+03   -0.9990E+03   -0.9990E+03   -0.9990E+03   -0.9990E+03   -0.9990E+03   -0.9990E+03   -0.9990E+03   -0.9990E+03   -0.9990E+03   -0.9990E+03   -0.9990E+03   -0.9990E+03   -0.9990E+03   -0.9990E+03   -0.9990E+03   -0.9990E+03   -0.9990E+03   -0.9990E+03   -0.9990E+03   -0.9990E+03   -0.9990E+03   -0.9990E+03   -0.9990E+03   -0.9990E+03
   -0.9990E+03   -0.9990E+03    0.3315E+03    0.3370E+03    0.3390E+03    0.3443E+03    0.3909E+03    0.3846E+03    0.3507E+03    0.3514E+03    0.5207E+03    0.5053E+03    0.3573E+03    0.3715E+03    0.3781E+03    0.5294E+03    0.3613E+03    0.3528E+03    0.3419E+03    0.3331E+03    0.3262E+03    0.3195E+03   -0.9990E+03   -0.9990E+03   -0.9990E+03   -0.9990E+03   -0.9990E+03   -0.9990E+03   -0.9990E+03   -0.9990E+03   -0.9990E+03   -0.9990E+03   -0.9990E+03   -0.9990E+03   -0.9990E+03   -0.9990E+03   -0.9990E+03   -0.9990E+03   -0.9990E+03   -0.9990E+03   -0.9990E+03   -0.9990E+03   -0.9990E+03   -0.9990E+03   -0.9990E+03   -0.9990E+03   -0.9990E+03   -0.9990E+03   -0.9990E+03   -0.9990E+03   -0.9990E+03   -0.9990E+03   -0.9990E+03   -0.9990E+03   -0.9990E+03   -0.9990E+03   -0.9990E+03   -0.9990E+03   -0.9990E+03   -0.9990E+03   -0.9990E+03   -0.9990E+03   -0.9990E+03   -0.9990E+03   -0.9990E+03   -0.9990E+03   -0.9990E+03   -0.9990E+03   -0.9990E+03   -0.9990E+03   -0.9990E+03   -0.9990E+03   -0.9990E+03   -0.9990E+03   -0.9990E+03   -0.9990E+03
   -0.9990E+03    0.3299E+03    0.3338E+03    0.3360E+03    0.3403E+03    0.3529E+03    0.3619E+03    0.3555E+03    0.3483E+03    0.3516E+03    0.3526E+03    0.4178E+03    0.3558E+03    0.3593E+03    0.3622E+03    0.3621E+03    0.3548E+03    0.3494E+03   -0.9990E+03   -0.9990E+03   -0.9990E+03   -0.9990E+03   -0.9990E+03   -0.9990E+03   -0.9990E+03   -0.9990E+03   -0.9990E+03   -0.9990E+03   -0.9990E+03   -0.9990E+03   -0.9990E+03   -0.9990E+03   -0.9990E+03   -0.9990E+03   -0.9990E+03   -0.9990E+03   -0.9990E+03   -0.9990E+03   -0.9990E+03   -0.9990E+03   -0.9990E+03   -0.9990E+03   -0.9990E+03   -0.9990E+03   -0.9990E+03   -0.9990E+03   -0.9990E+03   -0.9990E+03   -0.9990E+03   -0.9990E+03   -0.9990E+03   -0.9990E+03   -0.9990E+03   -0.9990E+03   -0.9990E+03   -0.9990E+03   -0.9990E+03   -0.9990E+03   -0.9990E+03   -0.9990E+03   -0.9990E+03   -0.9990E+03   -0.9990E+03   -0.9990E+03   -0.9990E+03   -0.9990E+03   -0.9990E+03   -0.9990E+03   -0.9990E+03   -0.9990E+03   -0.9990E+03   -0.9990E+03   -0.9990E+03   -0.9990E+03   -0.9990E+03   -0.9990E+03
    0.3274E+03    0.3307E+03    0.3343E+03    0.3368E+03    0.3415E+03    0.3406E+03    0.3392E+03    0.3427E+03    0.3461E+03    0.3477E+03    0.3502E+03    0.3529E+03    0.3546E+03   -0.9990E+03   -0.9990E+03   -0.9990E+03   -0.9990E+03   -0.9990E+03   -0.9990E+03   -0.9990E+03   -0.9990E+03   -0.9990E+03   -0.9990E+03   -0.9990E+03   -0.9990E+03   -0.9990E+03   -0.9990E+03   -0.9990E+03   -0.9990E+03   -0.9990E+03   -0.9990E+03   -0.9990E+03   -0.9990E+03   -0.9990E+03   -0.9990E+03   -0.9990E+03   -0.9990E+03   -0.9990E+03   -0.9990E+03   -0.9990E+03   -0.9990E+03   -0.9990E+03   -0.9990E+03   -0.9990E+03   -0.9990E+03   -0.9990E+03   -0.9990E+03   -0.9990E+03   -0.9990E+03   -0.9990E+03   -0.9990E+03   -0.9990E+03   -0.9990E+03   -0.9990E+03   -0.9990E+03   -0.9990E+03   -0.9990E+03   -0.9990E+03   -0.9990E+03   -0.9990E+03   -0.9990E+03   -0.9990E+03   -0.9990E+03   -0.9990E+03   -0.9990E+03   -0.9990E+03   -0.9990E+03   -0.9990E+03   -0.9990E+03   -0.9990E+03   -0.9990E+03   -0.9990E+03   -0.9990E+03   -0.9990E+03   -0.9990E+03   -0.9990E+03
    0.3288E+03    0.3310E+03    0.3336E+03    0.3356E+03   -0.9990E+03   -0.9990E+03   -0.9990E+03   -0.9990E+03   -0.9990E+03   -0.9990E+03   -0.9990E+03   -0.9990E+03   -0.9990E+03   -0.9990E+03   -0.9990E+03   -0.9990E+03   -0.9990E+03   -0.9990E+03   -0.9990E+03   -0.9990E+03   -0.9990E+03   -0.9990E+03   -0.9990E+03   -0.9990E+03   -0.9990E+03   -0.9990E+03   -0.9990E+03   -0.9990E+03   -0.9990E+03   -0.9990E+03   -0.9990E+03   -0.9990E+03   -0.9990E+03   -0.9990E+03   -0.9990E+03   -0.9990E+03   -0.9990E+03   -0.9990E+03   -0.9990E+03   -0.9990E+03   -0.9990E+03   -0.9990E+03   -0.9990E+03   -0.9990E+03   -0.9990E+03   -0.9990E+03   -0.9990E+03   -0.9990E+03   -0.9990E+03   -0.9990E+03   -0.9990E+03   -0.9990E+03   -0.9990E+03   -0.9990E+03   -0.9990E+03   -0.9990E+03   -0.9990E+03   -0.9990E+03   -0.9990E+03   -0.9990E+03   -0.9990E+03   -0.9990E+03   -0.9990E+03   -0.9990E+03   -0.9990E+03   -0.9990E+03   -0.9990E+03   -0.9990E+03   -0.9990E+03   -0.9990E+03   -0.9990E+03   -0.9990E+03   -0.9990E+03   -0.9990E+03   -0.9990E+03   -0.9990E+03
   -0.9990E+03    0.3297E+03    0.3321E+03    0.3323E+03   -0.9990E+03   -0.9990E+03   -0.9990E+03   -0.9990E+03   -0.9990E+03   -0.9990E+03   -0.9990E+03   -0.9990E+03   -0.9990E+03   -0.9990E+03   -0.9990E+03   -0.9990E+03   -0.9990E+03   -0.9990E+03   -0.9990E+03   -0.9990E+03   -0.9990E+03   -0.9990E+03   -0.9990E+03   -0.9990E+03   -0.9990E+03   -0.9990E+03   -0.9990E+03   -0.9990E+03   -0.9990E+03   -0.9990E+03   -0.9990E+03   -0.9990E+03   -0.9990E+03   -0.9990E+03   -0.9990E+03   -0.9990E+03   -0.9990E+03   -0.9990E+03   -0.9990E+03   -0.9990E+03   -0.9990E+03   -0.9990E+03   -0.9990E+03   -0.9990E+03   -0.9990E+03   -0.9990E+03   -0.9990E+03   -0.9990E+03   -0.9990E+03   -0.9990E+03   -0.9990E+03   -0.9990E+03   -0.9990E+03   -0.9990E+03   -0.9990E+03   -0.9990E+03   -0.9990E+03   -0.9990E+03   -0.9990E+03   -0.9990E+03   -0.9990E+03   -0.9990E+03   -0.9990E+03   -0.9990E+03   -0.9990E+03   -0.9990E+03   -0.9990E+03   -0.9990E+03   -0.9990E+03   -0.9990E+03   -0.9990E+03   -0.9990E+03   -0.9990E+03   -0.9990E+03   -0.9990E+03   -0.9990E+03
       730.0000          LAYER       1
   -0.9990E+03   -0.9990E+03   -0.9990E+03   -0.9990E+03   -0.9990E+03   -0.9990E+03   -0.9990E+03   -0.9990E+03   -0.9990E+03   -0.9990E+03   -0.9990E+03   -0.9990E+03   -0.9990E+03   -0.9990E+03   -0.9990E+03   -0.9990E+03   -0.9990E+03   -0.9990E+03   -0.9990E+03   -0.9990E+03   -0.9990E+03   -0.9990E+03   -0.9990E+03   -0.9990E+03   -0.9990E+03   -0.9990E+03   -0.9990E+03   -0.9990E+03   -0.9990E+03   -0.9990E+03   -0.9990E+03   -0.9990E+03   -0.9990E+03   -0.9990E+03   -0.9990E+03   -0.9990E+03   -0.9990E+03   -0.9990E+03   -0.9990E+03   -0.9990E+03   -0.9990E+03   -0.9990E+03   -0.9990E+03   -0.9990E+03   -0.9990E+03   -0.9990E+03   -0.9990E+03   -0.9990E+03   -0.9990E+03   -0.9990E+03   -0.9990E+03   -0.9990E+03   -0.9990E+03   -0.9990E+03   -0.9990E+03   -0.9990E+03   -0.9990E+03   -0.9990E+03   -0.9990E+03   -0.9990E+03   -0.9990E+03   -0.9990E+03   -0.9990E+03   -0.9990E+03   -0.9990E+03   -0.9990E+03   -0.9990E+03   -0.9990E+03   -0.9990E+03   -0.9990E+03   -0.9990E+03    0.7356E+02    0.7529E+02   -0.9990E+03   -0.9990E+03   -0.9990E+03
   -0.9990E+03   -0.9990E+03   -0.9990E+03   -0.9990E+03   -0.9990E+03   -0.9990E+03   -0.9990E+03   -0.9990E+03   -0.9990E+03   -0.9990E+03   -0.9990E+03   -0.9990E+03   -0.9990E+03   -0.9990E+03   -0.9990E+03   -0.9990E+03   -0.9990E+03   -0.9990E+03   -0.9990E+03   -0.9990E+03   -0.9990E+03   -0.9990E+03   -0.9990E+03   -0.9990E+03   -0.9990E+03   -0.9990E+03   -0.9990E+03   -0.9990E+03   -0.9990E+03   -0.9990E+03   -0.9990E+03   -0.9990E+03   -0.9990E+03   -0.9990E+03   -0.9990E+03   -0.9990E+03   -0.9990E+03   -0.9990E+03   -0.9990E+03   -0.9990E+03   -0.9990E+03   -0.9990E+03   -0.9990E+03   -0.9990E+03   -0.9990E+03   -0.9990E+03   -0.9990E+03   -0.9990E+03   -0.9990E+03   -0.9990E+03   -0.9990E+03   -0.9990E+03   -0.9990E+03   -0.9990E+03   -0.9990E+03   -0.9990E+03   -0.9990E+03   -0.9990E+03   -0.9990E+03   -0.9990E+03   -0.9990E+03   -0.9990E+03   -0.9990E+03   -0.9990E+03   -0.9990E+03   -0.9990E+03   -0.9990E+03   -0.9990E+03   -0.9990E+03   -0.9990E+03    0.7029E+02    0.7608E+02    0.7872E+02    0.8001E+02   -0.9990E+03   -0.9990E+03
   -0.9990E+03   -0.9990E+03   -0.9990E+03   -0.9990E+03   -0.9990E+03   -0.9990E+03   -0.9990E+03   -0.9990E+03   -0.9990E+03   -0.9990E+03   -0.9990E+03   -0.9990E+03   -0.9990E+03   -0.9990E+03   -0.9990E+03   -0.9990E+03   -0.9990E+03   -0.9990E+03   -0.9990E+03   -0.9990E+03   -0.9990E+03   -0.9990E+03   -0.9990E+03   -0.9990E+03   -0.9990E+03   -0.9990E+03   -0.9990E+03   -0.9990E+03   -0.9990E+03   -0.9990E+03   -0.9990E+03   -0.9990E+03   -0.9990E+03   -0.9990E+03   -0.9990E+03   -0.9990E+03   -0.9990E+03   -0.9990E+03   -0.9990E+03   -0.9990E+03   -0.9990E+03   -0.9990E+03   -0.9990E+03   -0.9990E+03   -0.9990E+03   -0.9990E+03   -0.9990E+03   -0.9990E+03   -0.9990E+03   -0.9990E+03   -0.9990E+03   -0.9990E+03   -0.9990E+03   -0.9990E+03   -0.9990E+03   -0.9990E+03   -0.9990E+03   -0.9990E+03   -0.9990E+03   -0.9990E+03   -0.9990E+03   -0.9990E+03   -0.9990E+03   -0.9990E+03   -0.9990E+03   -0.9990E+03   -0.9990E+03   -0.9990E+03    0.5938E+03    0.7179E+02    0.7135E+02    0.7813E+02    0.7776E+02    0.8303E+02    0.8871E+02   -0.9990E+03
   -0.9990E+03   -0.9990E+03   -0.9990E+03   -0.9990E+03   -0.9990E+03   -0.9990E+03   -0.9990E+03   -0.9990E+03   -0.9990E+03   -0.9990E+03   -0.9990E+03   -0.9990E+03   -0.9990E+03   -0.9990E+03   -0.9990E+03   -0.9990E+03   -0.9990E+03   -0.9990E+03   -0.9990E+03   -0.9990E+03   -0.9990E+03   -0.9990E+03   -0.9990E+03   -0.9990E+03   -0.9990E+03   -0.9990E+03   -0.9990E+03   -0.9990E+03   -0.9990E+03   -0.9990E+03   -0.9990E+03   -0.9990E+03   -0.9990E+03   -0.9990E+03   -0.9990E+03   -0.9990E+03   -0.9990E+03   -0.9990E+03   -0.9990E+03   -0.9990E+03   -0.9990E+03   -0.9990E+03   -0.9990E+03   -0.9990E+03   -0.9990E+03   -0.9990E+03   -0.9990E+03   -0.9990E+03   -0.9990E+03   -0.9990E+03   -0.9990E+03   -0.9990E+03   -0.9990E+03   -0.9990E+03   -0.9990E+03   -0.9990E+03   -0.9990E+03   -0.9990E+03   -0.9990E+03   -0.9990E+03   -0.9990E+03   -0.9990E+03   -0.9990E+03   -0.9990E+03   -0.9990E+03   -0.9990E+03   -0.9990E+03   -0.9990E+03    0.6146E+03    0.7204E+02    0.7723E+02    0.8103E+02    0.8615E+02    0.8633E+02    0.8979E+02   -0.9990E+03
   -0.9990E+03   -0.9990E+03   -0.9990E+03   -0.9990E+03   -0.9990E+03   -0.9990E+03   -0.9990E+03   -0.9990E+03   -0.9990E+03   -0.9990E+03   -0.9990E+03   -0.9990E+03   -0.9990E+03   -0.9990E+03   -0.9990E+03   -0.9990E+03   -0.9990E+03   -0.9990E+03   -0.9990E+03   -0.9990E+03   -0.9990E+03   -0.9990E+03   -0.9990E+03   -0.9990E+03   -0.9990E+03   -0.9990E+03   -0.9990E+03   -0.9990E+03   -0.9990E+03   -0.9990E+03   -0.9990E+03   -0.9990E+03   -0.9990E+03   -0.9990E+03   -0.9990E+03   -0.9990E+03   -0.9990E+03   -0.9990E+03   -0.9990E+03   -0.9990E+03   -0.9990E+03   -0.9990E+03   -0.9990E+03   -0.9990E+03   -0.9990E+03   -0.9990E+03   -0.9990E+03   -0.9990E+03   -0.9990E+03   -0.9990E+03   -0.9990E+03   -0.9990E+03   -0.9990E+03   -0.9990E+03   -0.9990E+03   -0.9990E+03   -0.9990E+03   -0.9990E+03   -0.9990E+03   -0.9990E+03   -0.9990E+03   -0.9990E+03   -0.9990E+03   -0.9990E+03   -0.9990E+03    0.4358E+04    0.4396E+04    0.6964E+03    0.6050E+03    0.8101E+02    0.7883E+02    0.8093E+02    0.9152E+02    0.8957E+02    0.9039E+02   -0.9990E+03
   -0.9990E+03   -0.9990E+03   -0.9990E+03   -0.9990E+03   -0.9990E+03   -0.9990E+03   -0.9990E+03   -0.9990E+03   -0.9990E+03   -0.9990E+03   -0.9990E+03   -0.9990E+03   -0.9990E+03   -0.9990E+03   -0.9990E+03   -0.9990E+03   -0.9990E+03   -0.9990E+03   -0.9990E+03   -0.9990E+03   -0.9990E+03   -0.9990E+03   -0.9990E+03   -0.9990E+03   -0.9990E+03   -0.9990E+03   -0.9990E+03   -0.9990E+03   -0.9990E+03   -0.9990E+03   -0.9990E+03   -0.9990E+03   -0.9990E+03   -0.9990E+03   -0.9990E+03   -0.9990E+03   -0.9990E+03   -0.9990E+03   -0.9990E+03   -0.9990E+03   -0.9990E+03   -0.9990E+03   -0.9990E+03   -0.9990E+03   -0.9990E+03   -0.9990E+03   -0.9990E+03   -0.9990E+03   -0.9990E+03   -0.9990E+03   -0.9990E+03   -0.9990E+03   -0.9990E+03   -0.9990E+03   -0.9990E+03   -0.9990E+03    0.2060E+04    0.2657E+04    0.3352E+04    0.3408E+04   -0.9990E+03    0.4101E+04    0.4128E+04    0.3676E+04    0.4051E+04    0.4411E+04    0.4456E+04    0.7043E+03    0.6257E+03    0.8816E+02    0.8678E+02    0.9219E+02    0.9743E+02    0.9955E+02    0.1001E+03   -0.9990E+03
   -0.9990E+03   -0.9990E+03   -0.9990E+03   -0.9990E+03   -0.9990E+03   -0.9990E+03   -0.9990E+03   -0.9990E+03   -0.9990E+03   -0.9990E+03   -0.9990E+03   -0.9990E+03   -0.9990E+03   -0.9990E+03   -0.9990E+03   -0.9990E+03   -0.9990E+03   -0.9990E+03   -0.9990E+03   -0.9990E+03   -0.9990E+03   -0.9990E+03   -0.9990E+03   -0.9990E+03   -0.9990E+03   -0.9990E+03   -0.9990E+03   -0.9990E+03   -0.9990E+03   -0.9990E+03   -0.9990E+03   -0.9990E+03   -0.9990E+03   -0.9990E+03   -0.9990E+03   -0.9990E+03   -0.9990E+03   -0.9990E+03   -0.9990E+03   -0.9990E+03   -0.9990E+03   -0.9990E+03   -0.9990E+03   -0.9990E+03   -0.9990E+03   -0.9990E+03   -0.9990E+03   -0.9990E+03   -0.9990E+03   -0.9990E+03   -0.9990E+03   -0.9990E+03   -0.9990E+03   -0.9990E+03   -0.9990E+03    0.1135E+04    0.1433E+04    0.2078E+04    0.3387E+04    0.3370E+04    0.3264E+04    0.4216E+04    0.4176E+04    0.3821E+04    0.4152E+04    0.4514E+04    0.4497E+04    0.2628E+04    0.8952E+02    0.8976E+02    0.9461E+02    0.9608E+02    0.1065E+03    0.1089E+03    0.1042E+03   -0.9990E+03
   -0.9990E+03   -0.9990E+03   -0.9990E+03   -0.9990E+03   -0.9990E+03   -0.9990E+03   -0.9990E+03   -0.9990E+03   -0.9990E+03   -0.9990E+03   -0.9990E+03   -0.9990E+03   -0.9990E+03   -0.9990E+03   -0.9990E+03   -0.9990E+03   -0.9990E+03   -0.9990E+03   -0.9990E+03   -0.9990E+03   -0.9990E+03   -0.9990E+03   -0.9990E+03   -0.9990E+03   -0.9990E+03   -0.9990E+03   -0.9990E+03   -0.9990E+03   -0.9990E+03   -0.9990E+03   -0.9990E+03   -0.9990E+03   -0.9990E+03   -0.9990E+03   -0.9990E+03   -0.9990E+03   -0.9990E+03   -0.9990E+03   -0.9990E+03   -0.9990E+03   -0.9990E+03   -0.9990E+03   -0.9990E+03   -0.9990E+03   -0.9990E+03   -0.9990E+03   -0.9990E+03   -0.9990E+03   -0.9990E+03   -0.9990E+03   -0.9990E+03   -0.9990E+03   -0.9990E+03   -0.9990E+03    0.8415E+03    0.8356E+03    0.8553E+03    0.8634E+03    0.3917E+04    0.3737E+04    0.3246E+04    0.4329E+04    0.4355E+04    0.3966E+04    0.4296E+04    0.4664E+04    0.4726E+04    0.4617E+04    0.1328E+03    0.9995E+02    0.9902E+02    0.1028E+03    0.1149E+03    0.1068E+03    0.1169E+03    0.1139E+03
   -0.9990E+03   -0.9990E+03   -0.9990E+03   -0.9990E+03   -0.9990E+03   -0.9990E+03   -0.9990E+03   -0.9990E+03   -0.9990E+03   -0.9990E+03   -0.9990E+03   -0.9990E+03   -0.9990E+03   -0.9990E+03   -0.9990E+03   -0.9990E+03   -0.9990E+03   -0.9990E+03   -0.9990E+03   -0.9990E+03   -0.9990E+03   -0.9990E+03   -0.9990E+03   -0.9990E+03   -0.9990E+03   -0.9990E+03   -0.9990E+03   -0.9990E+03   -0.9990E+03   -0.9990E+03   -0.9990E+03   -0.9990E+03   -0.9990E+03   -0.9990E+03   -0.9990E+03   -0.9990E+03   -0.9990E+03   -0.9990E+03   -0.9990E+03   -0.9990E+03   -0.9990E+03   -0.9990E+03   -0.9990E+03   -0.9990E+03   -0.9990E+03   -0.9990E+03   -0.9990E+03   -0.9990E+03   -0.9990E+03   -0.9990E+03   -0.9990E+03   -0.9990E+03   -0.9990E+03    0.8457E+03    0.8472E+03    0.8439E+03    0.8340E+03    0.8697E+03    0.4097E+04    0.3994E+04    0.3618E+04    0.4547E+04    0.1037E+04    0.4919E+04    0.4706E+04    0.5907E+04    0.4844E+04    0.4807E+04    0.1583E+03    0.1100E+03    0.1117E+03    0.1173E+03    0.1193E+03    0.1146E+03    0.1173E+03   -0.9990E+03
   -0.9990E+03   -0.9990E+03   -0.9990E+03   -0.9990E+03   -0.9990E+03   -0.9990E+03   -0.9990E+03   -0.9990E+03   -0.9990E+03   -0.9990E+03   -0.9990E+03   -0.9990E+03   -0.9990E+03   -0.9990E+03   -0.9990E+03   -0.9990E+03   -0.9990E+03   -0.9990E+03   -0.9990E+03   -0.9990E+03   -0.9990E+03   -0.9990E+03   -0.9990E+03   -0.9990E+03   -0.9990E+03   -0.9990E+03   -0.9990E+03   -0.9990E+03   -0.9990E+03   -0.9990E+03   -0.9990E+03   -0.9990E+03   -0.9990E+03   -0.9990E+03   -0.9990E+03   -0.9990E+03   -0.9990E+03   -0.9990E+03   -0.9990E+03   -0.9990E+03   -0.9990E+03   -0.9990E+03   -0.9990E+03   -0.9990E+03   -0.9990E+03   -0.9990E+03   -0.9990E+03   -0.9990E+03   -0.9990E+03   -0.9990E+03   -0.9990E+03   -0.9990E+03   -0.9990E+03    0.8439E+03    0.8503E+03    0.8306E+03    0.8554E+03    0.6576E+03    0.2234E+04    0.3483E+04    0.4603E+04    0.2482E+04    0.7530E+03    0.5897E+04    0.5939E+04    0.4180E+04    0.3866E+04    0.2169E+03    0.1120E+03    0.1091E+03    0.1114E+03    0.1255E+03    0.1195E+03    0.1185E+03   -0.9990E+03   -0.9990E+03
   -0.9990E+03   -0.9990E+03   -0.9990E+03   -0.9990E+03   -0.9990E+03   -0.9990E+03   -0.9990E+03   -0.9990E+03   -0.9990E+03   -0.9990E+03   -0.9990E+03   -0.9990E+03   -0.9990E+03   -0.9990E+03   -0.9990E+03   -0.9990E+03   -0.9990E+03   -0.9990E+03   -0.9990E+03   -0.9990E+03   -0.9990E+03   -0.9990E+03   -0.9990E+03   -0.9990E+03   -0.9990E+03   -0.9990E+03   -0.9990E+03   -0.9990E+03   -0.9990E+03   -0.9990E+03   -0.9990E+03   -0.9990E+03   -0.9990E+03   -0.9990E+03   -0.9990E+03   -0.9990E+03   -0.9990E+03   -0.9990E+03   -0.9990E+03   -0.9990E+03   -0.9990E+03   -0.9990E+03   -0.9990E+03   -0.9990E+03   -0.9990E+03   -0.9990E+03   -0.9990E+03   -0.9990E+03   -0.9990E+03   -0.9990E+03   -0.9990E+03   -0.9990E+03   -0.9990E+03    0.9106E+03    0.9219E+03    0.9173E+03    0.9067E+03    0.8891E+03    0.3222E+04    0.3986E+04    0.4297E+04    0.5362E+04    0.5906E+04    0.3655E+04    0.4583E+04    0.2523E+04    0.2470E+04    0.2703E+04    0.1141E+03    0.1150E+03    0.1252E+03    0.1304E+03    0.1252E+03    0.1295E+03    0.1297E+03   -0.9990E+03
   -0.9990E+03   -0.9990E+03   -0.9990E+03   -0.9990E+03   -0.9990E+03   -0.9990E+03   -0.9990E+03   -0.9990E+03   -0.9990E+03   -0.9990E+03   -0.9990E+03   -0.9990E+03   -0.9990E+03   -0.9990E+03   -0.9990E+03   -0.9990E+03   -0.9990E+03   -0.9990E+03   -0.9990E+03   -0.9990E+03   -0.9990E+03   -0.9990E+03   -0.9990E+03   -0.9990E+03   -0.9990E+03   -0.9990E+03   -0.9990E+03   -0.9990E+03   -0.9990E+03   -0.9990E+03   -0.9990E+03   -0.9990E+03   -0.9990E+03   -0.9990E+03   -0.9990E+03   -0.9990E+03   -0.9990E+03   -0.9990E+03   -0.9990E+03   -0.9990E+03   -0.9990E+03   -0.9990E+03   -0.9990E+03   -0.9990E+03   -0.9990E+03   -0.9990E+03   -0.9990E+03   -0.9990E+03   -0.9990E+03   -0.9990E+03   -0.9990E+03   -0.9990E+03    0.8853E+03    0.8793E+03    0.9058E+03    0.9036E+03    0.9032E+03    0.5558E+03    0.4518E+04    0.4592E+04    0.4710E+04    0.5142E+04    0.5964E+04    0.5408E+04    0.5653E+04    0.5686E+04    0.2818E+04    0.2820E+04    0.2842E+04    0.1944E+03    0.1350E+03    0.1291E+03    0.1362E+03    0.1410E+03    0.1314E+03   -0.9990E+03
   -0.9990E+03   -0.9990E+03   -0.9990E+03   -0.9990E+03   -0.9990E+03   -0.9990E+03   -0.9990E+03   -0.9990E+03   -0.9990E+03   -0.9990E+03   -0.9990E+03   -0.9990E+03   -0.9990E+03   -0.9990E+03   -0.9990E+03   -0.9990E+03   -0.9990E+03   -0.9990E+03   -0.9990E+03   -0.9990E+03   -0.9990E+03   -0.9990E+03   -0.9990E+03   -0.9990E+03   -0.9990E+03   -0.9990E+03   -0.9990E+03   -0.9990E+03   -0.9990E+03   -0.9990E+03   -0.9990E+03   -0.9990E+03   -0.9990E+03   -0.9990E+03   -0.9990E+03   -0.9990E+03   -0.9990E+03   -0.9990E+03   -0.9990E+03   -0.9990E+03   -0.9990E+03   -0.9990E+03   -0.9990E+03   -0.9990E+03   -0.9990E+03   -0.9990E+03   -0.9990E+03   -0.9990E+03   -0.9990E+03   -0.9990E+03   -0.9990E+03    0.6660E+03    0.8924E+03    0.8989E+03    0.9105E+03    0.8824E+03    0.9317E+03    0.5428E+03    0.5828E+04    0.4954E+04    0.5168E+04    0.5949E+04    0.6000E+04    0.4989E+04    0.5436E+04    0.5679E+04    0.5671E+04    0.2925E+04    0.1689E+04    0.1890E+03    0.1357E+03    0.1436E+03    0.1267E+03    0.1437E+03    0.1374E+03   -0.9990E+03
   -0.9990E+03   -0.9990E+03   -0.9990E+03   -0.9990E+03   -0.9990E+03   -0.9990E+03   -0.9990E+03   -0.9990E+03   -0.9990E+03   -0.9990E+03   -0.9990E+03   -0.9990E+03   -0.9990E+03   -0.9990E+03   -0.9990E+03   -0.9990E+03   -0.9990E+03   -0.9990E+03   -0.9990E+03   -0.9990E+03   -0.9990E+03   -0.9990E+03   -0.9990E+03   -0.9990E+03   -0.9990E+03   -0.9990E+03   -0.9990E+03   -0.9990E+03   -0.9990E+03   -0.9990E+03   -0.9990E+03   -0.9990E+03   -0.9990E+03   -0.9990E+03   -0.9990E+03   -0.9990E+03   -0.9990E+03   -0.9990E+03   -0.9990E+03   -0.9990E+03   -0.9990E+03   -0.9990E+03   -0.9990E+03   -0.9990E+03   -0.9990E+03   -0.9990E+03   -0.9990E+03   -0.9990E+03   -0.9990E+03    0.4325E+03    0.4247E+03    0.4204E+03    0.7449E+03    0.1007E+04    0.1034E+04    0.1043E+04    0.1069E+04    0.8104E+03    0.3807E+04    0.4303E+04    0.5931E+04    0.4579E+04    0.7226E+03    0.3168E+04    0.5684E+04    0.5689E+04    0.5680E+04    0.1773E+03    0.1505E+03    0.1198E+04    0.2518E+03    0.2409E+03    0.1510E+03    0.1344E+03    0.1465E+03   -0.9990E+03
   -0.9990E+03   -0.9990E+03   -0.9990E+03   -0.9990E+03   -0.9990E+03   -0.9990E+03   -0.9990E+03   -0.9990E+03   -0.9990E+03   -0.9990E+03   -0.9990E+03   -0.9990E+03   -0.9990E+03   -0.9990E+03   -0.9990E+03   -0.9990E+03   -0.9990E+03   -0.9990E+03   -0.9990E+03   -0.9990E+03   -0.9990E+03   -0.9990E+03   -0.9990E+03   -0.9990E+03   -0.9990E+03   -0.9990E+03   -0.9990E+03   -0.9990E+03   -0.9990E+03   -0.9990E+03   -0.9990E+03   -0.9990E+03   -0.9990E+03   -0.9990E+03   -0.9990E+03   -0.9990E+03   -0.9990E+03   -0.9990E+03   -0.9990E+03   -0.9990E+03   -0.9990E+03   -0.9990E+03   -0.9990E+03   -0.9990E+03   -0.9990E+03   -0.9990E+03   -0.9990E+03   -0.9990E+03    0.1451E+03    0.4419E+03    0.4361E+03    0.4377E+03    0.4402E+03    0.2601E+03    0.1410E+03    0.1430E+03    0.9195E+03    0.6498E+03    0.7526E+01    0.1524E+02    0.2068E+04    0.1104E+04    0.6528E+03    0.8468E+03    0.5589E+02    0.6285E+02    0.6395E+02    0.7485E+02    0.2185E+04    0.1968E+04    0.1740E+03    0.1943E+03    0.2505E+03    0.1463E+03    0.1454E+03   -0.9990E+03
   -0.9990E+03   -0.9990E+03   -0.9990E+03   -0.9990E+03   -0.9990E+03   -0.9990E+03   -0.9990E+03   -0.9990E+03   -0.9990E+03   -0.9990E+03   -0.9990E+03   -0.9990E+03   -0.9990E+03   -0.9990E+03   -0.9990E+03   -0.9990E+03   -0.9990E+03   -0.9990E+03   -0.9990E+03   -0.9990E+03   -0.9990E+03   -0.9990E+03   -0.9990E+03   -0.9990E+03   -0.9990E+03   -0.9990E+03   -0.9990E+03   -0.9990E+03   -0.9990E+03   -0.9990E+03   -0.9990E+03   -0.9990E+03   -0.9990E+03   -0.9990E+03   -0.9990E+03   -0.9990E+03   -0.9990E+03   -0.9990E+03   -0.9990E+03   -0.9990E+03   -0.9990E+03   -0.9990E+03   -0.9990E+03   -0.9990E+03   -0.9990E+03   -0.9990E+03   -0.9990E+03   -0.9990E+03    0.1454E+03    0.4207E+03    0.4012E+03    0.4527E+03    0.4249E+03    0.3813E+03    0.1337E+03    0.1267E+03    0.1289E+03    0.7560E+03    0.1503E+04    0.1318E+02    0.4984E+03    0.5150E+03    0.5586E+03    0.5802E+03    0.5718E+04    0.5683E+04    0.5687E+04    0.5513E+04    0.4160E+04    0.5104E+03    0.3672E+03    0.1880E+03    0.3025E+03    0.1569E+03    0.1412E+03   -0.9990E+03
   -0.9990E+03   -0.9990E+03   -0.9990E+03   -0.9990E+03   -0.9990E+03   -0.9990E+03   -0.9990E+03   -0.9990E+03   -0.9990E+03   -0.9990E+03   -0.9990E+03   -0.9990E+03   -0.9990E+03   -0.9990E+03   -0.9990E+03   -0.9990E+03   -0.9990E+03   -0.9990E+03   -0.9990E+03   -0.9990E+03   -0.9990E+03   -0.9990E+03   -0.9990E+03   -0.9990E+03   -0.9990E+03   -0.9990E+03   -0.9990E+03   -0.9990E+03   -0.9990E+03   -0.9990E+03   -0.9990E+03   -0.9990E+03   -0.9990E+03   -0.9990E+03   -0.9990E+03   -0.9990E+03   -0.9990E+03   -0.9990E+03   -0.9990E+03   -0.9990E+03   -0.9990E+03   -0.9990E+03   -0.9990E+03   -0.9990E+03   -0.9990E+03   -0.9990E+03   -0.9990E+03    0.1774E+04    0.1528E+03    0.4370E+03    0.4521E+03    0.4589E+03    0.3965E+03    0.3648E+03    0.1445E+03    0.1391E+03    0.1826E+03    0.1902E+04    0.3470E+04    0.3893E+04    0.2945E+04    0.4902E+03    0.6236E+03    0.5740E+04    0.3291E+04    0.3285E+04    0.3615E+04    0.3477E+04    0.3288E+04    0.5684E+03    0.3837E+03    0.2843E+03    0.4094E+03    0.1585E+03    0.1452E+03   -0.9990E+03
   -0.9990E+03   -0.9990E+03   -0.9990E+03   -0.9990E+03   -0.9990E+03   -0.9990E+03   -0.9990E+03   -0.9990E+03   -0.9990E+03   -0.9990E+03   -0.9990E+03   -0.9990E+03   -0.9990E+03   -0.9990E+03   -0.9990E+03   -0.9990E+03   -0.9990E+03   -0.9990E+03   -0.9990E+03   -0.9990E+03   -0.9990E+03   -0.9990E+03   -0.9990E+03   -0.9990E+03   -0.9990E+03   -0.9990E+03   -0.9990E+03   -0.9990E+03   -0.9990E+03   -0.9990E+03   -0.9990E+03   -0.9990E+03   -0.9990E+03   -0.9990E+03   -0.9990E+03   -0.9990E+03   -0.9990E+03   -0.9990E+03   -0.9990E+03   -0.9990E+03   -0.9990E+03   -0.9990E+03   -0.9990E+03   -0.9990E+03   -0.9990E+03   -0.9990E+03   -0.9990E+03    0.1838E+04    0.2041E+03    0.4764E+03    0.4278E+03    0.4068E+03    0.4225E+03    0.2846E+03    0.3622E+03    0.4153E+03    0.1432E+04    0.3587E+04    0.1920E+04    0.2210E+04    0.2857E+04    0.5283E+03    0.4390E+04    0.5639E+04    0.3538E+04    0.3466E+04    0.3448E+04    0.3357E+04    0.3207E+04    0.3535E+04    0.3613E+03    0.3579E+03    0.4916E+03    0.1483E+03   -0.9990E+03   -0.9990E+03
   -0.9990E+03   -0.9990E+03   -0.9990E+03   -0.9990E+03   -0.9990E+03   -0.9990E+03   -0.9990E+03   -0.9990E+03   -0.9990E+03   -0.9990E+03   -0.9990E+03   -0.9990E+03   -0.9990E+03   -0.9990E+03   -0.9990E+03   -0.9990E+03   -0.9990E+03   -0.9990E+03   -0.9990E+03   -0.9990E+03   -0.9990E+03   -0.9990E+03   -0.9990E+03   -0.9990E+03   -0.9990E+03   -0.9990E+03   -0.9990E+03   -0.9990E+03   -0.9990E+03   -0.9990E+03   -0.9990E+03   -0.9990E+03   -0.9990E+03   -0.9990E+03   -0.9990E+03   -0.9990E+03   -0.9990E+03   -0.9990E+03   -0.9990E+03   -0.9990E+03   -0.9990E+03   -0.9990E+03   -0.9990E+03   -0.9990E+03    0.2028E+04    0.1920E+04    0.1689E+04    0.1726E+04    0.1555E+04    0.4890E+03    0.2456E+03    0.2209E+03    0.2346E+03    0.2360E+03    0.2739E+03    0.5099E+03    0.1899E+04    0.3509E+04    0.1258E+04    0.3088E+04    0.3100E+04    0.1092E+03    0.4489E+04    0.5044E+04    0.3714E+04    0.3975E+04    0.3526E+04    0.3147E+04    0.3336E+04    0.5601E+03    0.3841E+03    0.2899E+03   -0.9990E+03   -0.9990E+03   -0.9990E+03   -0.9990E+03
   -0.9990E+03   -0.9990E+03   -0.9990E+03   -0.9990E+03   -0.9990E+03   -0.9990E+03   -0.9990E+03   -0.9990E+03   -0.9990E+03   -0.9990E+03   -0.9990E+03   -0.9990E+03   -0.9990E+03   -0.9990E+03   -0.9990E+03   -0.9990E+03   -0.9990E+03   -0.9990E+03   -0.9990E+03   -0.9990E+03   -0.9990E+03   -0.9990E+03   -0.9990E+03   -0.9990E+03   -0.9990E+03   -0.9990E+03   -0.9990E+03   -0.9990E+03   -0.9990E+03   -0.9990E+03   -0.9990E+03   -0.9990E+03   -0.9990E+03   -0.9990E+03   -0.9990E+03   -0.9990E+03   -0.9990E+03   -0.9990E+03   -0.9990E+03   -0.9990E+03   -0.9990E+03   -0.9990E+03   -0.9990E+03   -0.9990E+03    0.1943E+04    0.2060E+04    0.1617E+04    0.1519E+04    0.2391E+04    0.3644E+03    0.2195E+03    0.2400E+03    0.2346E+03    0.2357E+03    0.2272E+03    0.2414E+03    0.1090E+04    0.2254E+04    0.1302E+04    0.1373E+04    0.1620E+04    0.4063E+02    0.1843E+04    0.4974E+04    0.4726E+04    0.3369E+04    0.4199E+04    0.3652E+04    0.3768E+04    0.4641E+03    0.3413E+03   -0.9990E+03   -0.9990E+03   -0.9990E+03   -0.9990E+03   -0.9990E+03
   -0.9990E+03   -0.9990E+03   -0.9990E+03   -0.9990E+03   -0.9990E+03   -0.9990E+03   -0.9990E+03   -0.9990E+03   -0.9990E+03   -0.9990E+03   -0.9990E+03   -0.9990E+03   -0.9990E+03   -0.9990E+03   -0.9990E+03   -0.9990E+03   -0.9990E+03   -0.9990E+03   -0.9990E+03   -0.9990E+03   -0.9990E+03   -0.9990E+03   -0.9990E+03   -0.9990E+03   -0.9990E+03   -0.9990E+03   -0.9990E+03   -0.9990E+03   -0.9990E+03   -0.9990E+03   -0.9990E+03   -0.9990E+03   -0.9990E+03   -0.9990E+03   -0.9990E+03   -0.9990E+03   -0.9990E+03   -0.9990E+03   -0.9990E+03   -0.9990E+03   -0.9990E+03   -0.9990E+03   -0.9990E+03   -0.9990E+03    0.2008E+04    0.2205E+04    0.1609E+04    0.1638E+04    0.1634E+04    0.3160E+03    0.2496E+03    0.2509E+03    0.2578E+03    0.2468E+03    0.2321E+03    0.2357E+03    0.4118E+03    0.5071E+04    0.5028E+04    0.1726E+04    0.1635E+04    0.4188E+02    0.1649E+04    0.2026E+04    0.5372E+04    0.5448E+04    0.4323E+04    0.3900E+04    0.4986E+03    0.4627E+03    0.3591E+03   -0.9990E+03   -0.9990E+03   -0.9990E+03   -0.9990E+03   -0.9990E+03
   -0.9990E+03   -0.9990E+03   -0.9990E+03   -0.9990E+03   -0.9990E+03   -0.9990E+03   -0.9990E+03   -0.9990E+03   -0.9990E+03   -0.9990E+03   -0.9990E+03   -0.9990E+03   -0.9990E+03   -0.9990E+03   -0.9990E+03   -0.9990E+03   -0.9990E+03   -0.9990E+03   -0.9990E+03   -0.9990E+03   -0.9990E+03   -0.9990E+03   -0.9990E+03   -0.9990E+03   -0.9990E+03   -0.9990E+03   -0.9990E+03   -0.9990E+03   -0.9990E+03   -0.9990E+03   -0.9990E+03   -0.9990E+03   -0.9990E+03   -0.9990E+03   -0.9990E+03   -0.9990E+03   -0.9990E+03   -0.9990E+03   -0.9990E+03   -0.9990E+03   -0.9990E+03   -0.9990E+03   -0.9990E+03    0.2054E+04    0.2132E+04    0.2158E+04    0.1674E+04    0.1667E+04    0.1567E+04    0.3205E+03    0.2426E+03    0.2431E+03    0.2495E+03    0.2553E+03    0.2410E+03    0.2551E+03    0.2368E+03    0.4107E+03    0.4992E+04    0.4950E+04    0.1915E+04    0.7054E+02    0.1570E+04    0.1535E+04    0.1662E+04    0.3685E+04    0.6374E+03    0.4706E+03    0.4167E+03    0.4099E+03    0.1718E+03   -0.9990E+03   -0.9990E+03   -0.9990E+03   -0.9990E+03   -0.9990E+03
   -0.9990E+03   -0.9990E+03   -0.9990E+03   -0.9990E+03   -0.9990E+03   -0.9990E+03   -0.9990E+03   -0.9990E+03   -0.9990E+03   -0.9990E+03   -0.9990E+03   -0.9990E+03   -0.9990E+03   -0.9990E+03   -0.9990E+03   -0.9990E+03   -0.9990E+03   -0.9990E+03   -0.9990E+03   -0.9990E+03   -0.9990E+03   -0.9990E+03   -0.9990E+03   -0.9990E+03   -0.9990E+03   -0.9990E+03   -0.9990E+03   -0.9990E+03   -0.9990E+03   -0.9990E+03   -0.9990E+03   -0.9990E+03   -0.9990E+03   -0.9990E+03   -0.9990E+03   -0.9990E+03   -0.9990E+03   -0.9990E+03   -0.9990E+03   -0.9990E+03   -0.9990E+03   -0.9990E+03   -0.9990E+03    0.2194E+04    0.2106E+04    0.2212E+04    0.1538E+04    0.1524E+04    0.1670E+04    0.3123E+03    0.2538E+03    0.2323E+03    0.2431E+03    0.2626E+03    0.2554E+03    0.2424E+03    0.2525E+03    0.3103E+03    0.4955E+04    0.4937E+04    0.1750E+04    0.7538E+02    0.1829E+04    0.1821E+04    0.1667E+04    0.3004E+04    0.2173E+04    0.6120E+03    0.4256E+03    0.4428E+03   -0.9990E+03   -0.9990E+03   -0.9990E+03   -0.9990E+03   -0.9990E+03   -0.9990E+03
   -0.9990E+03   -0.9990E+03   -0.9990E+03   -0.9990E+03   -0.9990E+03   -0.9990E+03   -0.9990E+03   -0.9990E+03   -0.9990E+03   -0.9990E+03   -0.9990E+03   -0.9990E+03   -0.9990E+03   -0.9990E+03   -0.9990E+03   -0.9990E+03   -0.9990E+03   -0.9990E+03   -0.9990E+03   -0.9990E+03   -0.9990E+03   -0.9990E+03   -0.9990E+03   -0.9990E+03   -0.9990E+03   -0.9990E+03   -0.9990E+03   -0.9990E+03   -0.9990E+03   -0.9990E+03   -0.9990E+03   -0.9990E+03   -0.9990E+03   -0.9990E+03   -0.9990E+03   -0.9990E+03   -0.9990E+03   -0.9990E+03   -0.9990E+03   -0.9990E+03    0.8840E+03   -0.9990E+03   -0.9990E+03    0.2020E+04    0.2259E+04    0.2091E+04    0.1594E+04    0.1694E+04    0.1679E+04    0.2904E+03    0.4329E+03    0.2479E+03    0.2573E+03    0.2749E+03    0.2520E+03    0.2629E+03    0.2724E+03    0.2689E+03    0.4959E+04    0.4894E+04    0.1942E+04    0.5825E+02    0.1889E+04    0.1906E+04    0.1610E+04    0.1781E+04    0.2801E+04    0.1813E+04    0.1562E+04    0.4184E+03    0.1613E+04   -0.9990E+03   -0.9990E+03   -0.9990E+03   -0.9990E+03   -0.9990E+03
   -0.9990E+03   -0.9990E+03   -0.9990E+03   -0.9990E+03   -0.9990E+03   -0.9990E+03   -0.9990E+03   -0.9990E+03   -0.9990E+03   -0.9990E+03   -0.9990E+03   -0.9990E+03   -0.9990E+03   -0.9990E+03   -0.9990E+03   -0.9990E+03   -0.9990E+03   -0.9990E+03   -0.9990E+03   -0.9990E+03   -0.9990E+03   -0.9990E+03   -0.9990E+03   -0.9990E+03   -0.9990E+03   -0.9990E+03   -0.9990E+03   -0.9990E+03   -0.9990E+03   -0.9990E+03   -0.9990E+03   -0.9990E+03   -0.9990E+03   -0.9990E+03   -0.9990E+03    0.8957E+03    0.8999E+03    0.8665E+03    0.8804E+03    0.9049E+03    0.9419E+03    0.5978E+03    0.1665E+04    0.2157E+04    0.2203E+04    0.2098E+04    0.1740E+04    0.1776E+04    0.1654E+04    0.3041E+03    0.4305E+03    0.2789E+03    0.2685E+03    0.2781E+03    0.2769E+03    0.2791E+03    0.2772E+03    0.2966E+03    0.4903E+04    0.4958E+04    0.1755E+04    0.4485E+02    0.6874E+03    0.8207E+03    0.4384E+03    0.1824E+04    0.4062E+04    0.2689E+04    0.4785E+04    0.1863E+04    0.1176E+04   -0.9990E+03   -0.9990E+03   -0.9990E+03   -0.9990E+03   -0.9990E+03
   -0.9990E+03   -0.9990E+03   -0.9990E+03   -0.9990E+03   -0.9990E+03   -0.9990E+03   -0.9990E+03   -0.9990E+03   -0.9990E+03   -0.9990E+03   -0.9990E+03   -0.9990E+03   -0.9990E+03   -0.9990E+03   -0.9990E+03   -0.9990E+03   -0.9990E+03   -0.9990E+03   -0.9990E+03   -0.9990E+03   -0.9990E+03   -0.9990E+03   -0.9990E+03   -0.9990E+03   -0.9990E+03   -0.9990E+03   -0.9990E+03   -0.9990E+03   -0.9990E+03   -0.9990E+03   -0.9990E+03   -0.9990E+03   -0.9990E+03   -0.9990E+03   -0.9990E+03    0.7527E+03    0.7495E+03    0.7880E+03    0.9125E+03    0.9228E+03    0.8596E+03    0.5882E+03    0.1636E+04    0.2216E+04    0.2180E+04    0.2215E+04    0.1612E+04    0.1606E+04    0.1657E+04    0.1333E+04    0.1655E+04    0.2938E+03    0.2768E+03    0.9583E+03    0.2843E+03    0.2814E+03    0.2850E+03    0.5174E+03    0.4396E+04    0.8847E+03    0.1527E+04    0.6072E+03    0.1646E+04    0.5474E+04    0.3138E+04    0.6008E+04    0.2312E+04    0.2849E+04    0.2597E+04    0.1604E+04    0.1905E+04    0.1393E+04   -0.9990E+03   -0.9990E+03   -0.9990E+03   -0.9990E+03
   -0.9990E+03   -0.9990E+03   -0.9990E+03   -0.9990E+03   -0.9990E+03   -0.9990E+03   -0.9990E+03   -0.9990E+03   -0.9990E+03   -0.9990E+03   -0.9990E+03   -0.9990E+03   -0.9990E+03   -0.9990E+03   -0.9990E+03   -0.9990E+03   -0.9990E+03   -0.9990E+03   -0.9990E+03   -0.9990E+03   -0.9990E+03   -0.9990E+03   -0.9990E+03   -0.9990E+03   -0.9990E+03   -0.9990E+03   -0.9990E+03   -0.9990E+03   -0.9990E+03   -0.9990E+03   -0.9990E+03   -0.9990E+03   -0.9990E+03   -0.9990E+03    0.7032E+03    0.7407E+03    0.7179E+03    0.7092E+03    0.7426E+03    0.7482E+03    0.8787E+03    0.5849E+03    0.1659E+04    0.2041E+04    0.2155E+04    0.2185E+04    0.1641E+04    0.1512E+04    0.1518E+04    0.1559E+04    0.1494E+04    0.1867E+04    0.9047E+03    0.8800E+03    0.9214E+03    0.2795E+03    0.2803E+03    0.3424E+03    0.9725E+03    0.1321E+04    0.2977E+04    0.5864E+03    0.1757E+04    0.2534E+04    0.4383E+04    0.2600E+04    0.2941E+04    0.1884E+04    0.3628E+04    0.1850E+04    0.1220E+04    0.1371E+04   -0.9990E+03   -0.9990E+03   -0.9990E+03   -0.9990E+03
   -0.9990E+03   -0.9990E+03   -0.9990E+03   -0.9990E+03   -0.9990E+03   -0.9990E+03   -0.9990E+03   -0.9990E+03   -0.9990E+03   -0.9990E+03   -0.9990E+03   -0.9990E+03   -0.9990E+03   -0.9990E+03   -0.9990E+03   -0.9990E+03   -0.9990E+03   -0.9990E+03   -0.9990E+03   -0.9990E+03   -0.9990E+03   -0.9990E+03   -0.9990E+03   -0.9990E+03   -0.9990E+03   -0.9990E+03   -0.9990E+03   -0.9990E+03   -0.9990E+03   -0.9990E+03   -0.9990E+03   -0.9990E+03   -0.9990E+03   -0.9990E+03    0.6954E+03    0.7389E+03    0.7348E+03    0.7255E+03    0.6835E+03    0.6712E+03    0.4844E+03    0.1032E+04    0.1647E+04    0.2259E+04    0.1867E+04    0.1361E+04    0.2041E+04    0.2360E+04    0.1991E+04    0.2039E+04    0.2164E+04    0.1942E+04    0.6397E+03    0.4002E+03    0.6500E+03    0.2851E+03    0.2861E+03    0.2772E+03    0.7629E+03    0.1509E+04    0.3936E+04    0.5898E+03    0.3794E+04    0.2317E+04    0.2196E+04    0.1712E+04    0.1216E+04    0.1006E+04    0.2312E+04    0.1975E+04    0.2130E+04    0.8343E+03   -0.9990E+03   -0.9990E+03   -0.9990E+03   -0.9990E+03
   -0.9990E+03   -0.9990E+03   -0.9990E+03   -0.9990E+03   -0.9990E+03   -0.9990E+03   -0.9990E+03   -0.9990E+03   -0.9990E+03   -0.9990E+03   -0.9990E+03   -0.9990E+03   -0.9990E+03   -0.9990E+03   -0.9990E+03   -0.9990E+03   -0.9990E+03   -0.9990E+03   -0.9990E+03   -0.9990E+03   -0.9990E+03   -0.9990E+03   -0.9990E+03   -0.9990E+03   -0.9990E+03   -0.9990E+03   -0.9990E+03   -0.9990E+03   -0.9990E+03   -0.9990E+03   -0.9990E+03   -0.9990E+03   -0.9990E+03   -0.9990E+03    0.7111E+03    0.7062E+03    0.7237E+03    0.5660E+03    0.7949E+03    0.4382E+03    0.4256E+03    0.4477E+03    0.1397E+04    0.1942E+04    0.5625E+03    0.8095E+03    0.4936E+03    0.1491E+04    0.4835E+03    0.4770E+03    0.5215E+03    0.1911E+04    0.9232E+03    0.4346E+03    0.6849E+03    0.2885E+03    0.2866E+03    0.2920E+03    0.2938E+04    0.2851E+04    0.5442E+03    0.3777E+03    0.3693E+04    0.3121E+04    0.6634E+03    0.1624E+04    0.1881E+04    0.1130E+04    0.1634E+04    0.1203E+04    0.1021E+04    0.1319E+04   -0.9990E+03   -0.9990E+03   -0.9990E+03   -0.9990E+03
   -0.9990E+03   -0.9990E+03   -0.9990E+03   -0.9990E+03   -0.9990E+03   -0.9990E+03   -0.9990E+03   -0.9990E+03   -0.9990E+03   -0.9990E+03   -0.9990E+03   -0.9990E+03   -0.9990E+03   -0.9990E+03   -0.9990E+03   -0.9990E+03   -0.9990E+03   -0.9990E+03   -0.9990E+03   -0.9990E+03   -0.9990E+03   -0.9990E+03   -0.9990E+03   -0.9990E+03   -0.9990E+03   -0.9990E+03   -0.9990E+03   -0.9990E+03   -0.9990E+03   -0.9990E+03   -0.9990E+03   -0.9990E+03   -0.9990E+03   -0.9990E+03    0.7208E+03    0.7218E+03    0.6738E+03    0.3943E+03    0.8217E+03    0.4044E+03    0.4317E+03    0.4279E+03    0.8056E+03    0.1601E+04    0.2118E+04    0.2149E+04    0.5004E+03    0.4105E+03    0.4132E+03    0.4466E+03    0.2034E+04    0.1831E+04    0.4866E+03    0.5448E+03    0.6202E+03    0.3050E+03    0.2853E+03    0.2811E+03    0.9731E+03    0.3178E+04    0.6806E+03    0.3805E+03    0.3017E+04    0.2514E+04    0.1839E+04    0.2064E+04    0.1621E+04    0.2406E+04   -0.9990E+03    0.2054E+04   -0.9990E+03   -0.9990E+03   -0.9990E+03   -0.9990E+03   -0.9990E+03   -0.9990E+03
   -0.9990E+03   -0.9990E+03   -0.9990E+03   -0.9990E+03   -0.9990E+03   -0.9990E+03   -0.9990E+03   -0.9990E+03   -0.9990E+03   -0.9990E+03   -0.9990E+03   -0.9990E+03   -0.9990E+03   -0.9990E+03   -0.9990E+03   -0.9990E+03   -0.9990E+03   -0.9990E+03   -0.9990E+03   -0.9990E+03   -0.9990E+03   -0.9990E+03   -0.9990E+03   -0.9990E+03   -0.9990E+03   -0.9990E+03   -0.9990E+03   -0.9990E+03   -0.9990E+03   -0.9990E+03   -0.9990E+03   -0.9990E+03   -0.9990E+03   -0.9990E+03    0.7224E+03    0.7437E+03    0.6743E+03    0.4001E+03    0.7900E+03    0.4351E+03    0.8645E+03    0.7957E+03    0.4604E+03    0.4351E+03    0.1765E+04    0.1435E+04    0.4752E+03    0.4186E+03    0.4030E+03    0.4432E+03    0.4382E+03    0.3671E+03    0.4226E+03    0.6259E+03    0.2558E+03    0.2910E+03    0.2792E+03    0.3700E+03    0.1201E+04    0.6800E+03    0.6896E+03    0.3382E+04    0.2884E+04    0.4735E+04    0.3001E+04    0.1880E+04    0.1472E+04    0.9424E+03   -0.9990E+03   -0.9990E+03   -0.9990E+03   -0.9990E+03   -0.9990E+03   -0.9990E+03   -0.9990E+03   -0.9990E+03
   -0.9990E+03   -0.9990E+03   -0.9990E+03   -0.9990E+03   -0.9990E+03   -0.9990E+03   -0.9990E+03   -0.9990E+03   -0.9990E+03   -0.9990E+03   -0.9990E+03   -0.9990E+03   -0.9990E+03   -0.9990E+03   -0.9990E+03   -0.9990E+03   -0.9990E+03   -0.9990E+03   -0.9990E+03   -0.9990E+03   -0.9990E+03   -0.9990E+03   -0.9990E+03   -0.9990E+03   -0.9990E+03   -0.9990E+03   -0.9990E+03   -0.9990E+03   -0.9990E+03   -0.9990E+03   -0.9990E+03   -0.9990E+03   -0.9990E+03    0.3829E+03    0.3080E+03    0.3093E+03    0.7244E+03    0.3896E+03    0.8611E+03    0.9675E+03    0.6810E+03    0.4142E+03    0.8104E+03    0.9040E+03    0.9155E+03    0.3976E+03    0.4149E+03    0.4322E+03    0.4134E+03    0.4221E+03    0.4840E+03    0.4076E+03    0.9076E+03    0.9181E+03    0.5643E+03    0.4801E+03    0.7507E+03    0.6595E+03    0.6094E+01    0.7257E+01    0.2976E+04    0.2604E+04    0.2007E+04    0.2529E+04    0.4219E+04    0.2959E+04    0.3350E+04    0.1613E+04    0.2311E+04   -0.9990E+03   -0.9990E+03   -0.9990E+03   -0.9990E+03   -0.9990E+03   -0.9990E+03   -0.9990E+03
   -0.9990E+03   -0.9990E+03   -0.9990E+03   -0.9990E+03   -0.9990E+03   -0.9990E+03   -0.9990E+03   -0.9990E+03   -0.9990E+03   -0.9990E+03   -0.9990E+03   -0.9990E+03   -0.9990E+03   -0.9990E+03   -0.9990E+03   -0.9990E+03   -0.9990E+03   -0.9990E+03   -0.9990E+03   -0.9990E+03   -0.9990E+03   -0.9990E+03   -0.9990E+03   -0.9990E+03   -0.9990E+03   -0.9990E+03   -0.9990E+03   -0.9990E+03   -0.9990E+03   -0.9990E+03   -0.9990E+03   -0.9990E+03    0.4721E+03    0.4823E+03    0.4565E+03    0.2851E+03    0.6161E+03    0.6827E+03    0.9994E+03    0.8358E+03    0.4013E+03    0.4303E+03    0.3776E+03    0.3978E+03    0.3998E+03    0.3994E+03    0.3816E+03    0.4204E+03    0.4278E+03    0.4138E+03    0.3990E+03    0.3908E+03    0.4079E+03    0.6484E+03    0.5752E+03    0.6718E+03    0.1447E+04    0.2312E+04    0.5294E+03    0.3176E+04    0.2810E+04    0.2952E+04    0.2388E+04    0.2314E+04    0.2122E+04    0.3930E+04    0.3790E+04    0.3376E+04   -0.9990E+03   -0.9990E+03   -0.9990E+03   -0.9990E+03   -0.9990E+03   -0.9990E+03   -0.9990E+03   -0.9990E+03
   -0.9990E+03   -0.9990E+03   -0.9990E+03   -0.9990E+03   -0.9990E+03   -0.9990E+03   -0.9990E+03   -0.9990E+03   -0.9990E+03   -0.9990E+03   -0.9990E+03   -0.9990E+03   -0.9990E+03   -0.9990E+03   -0.9990E+03   -0.9990E+03   -0.9990E+03   -0.9990E+03   -0.9990E+03   -0.9990E+03   -0.9990E+03   -0.9990E+03   -0.9990E+03   -0.9990E+03   -0.9990E+03   -0.9990E+03   -0.9990E+03   -0.9990E+03   -0.9990E+03   -0.9990E+03   -0.9990E+03    0.8288E+02    0.8717E+02    0.8475E+02    0.3546E+03    0.1857E+03    0.1215E+02    0.6575E+03    0.9793E+03    0.1051E+04    0.7958E+03    0.7647E+03    0.9257E+03    0.8676E+03    0.4755E+03    0.4461E+03    0.4052E+03    0.4139E+03    0.4161E+03    0.3865E+03    0.3496E+03    0.3896E+03    0.3509E+03    0.7614E+03    0.3455E+03    0.7948E+03    0.1440E+04    0.3629E+03    0.5173E+03    0.3200E+04    0.2446E+04    0.2351E+04    0.3044E+04    0.3059E+04    0.2162E+04    0.2063E+04    0.8857E+03   -0.9990E+03   -0.9990E+03   -0.9990E+03   -0.9990E+03   -0.9990E+03   -0.9990E+03   -0.9990E+03   -0.9990E+03   -0.9990E+03
   -0.9990E+03   -0.9990E+03   -0.9990E+03   -0.9990E+03   -0.9990E+03   -0.9990E+03   -0.9990E+03   -0.9990E+03   -0.9990E+03   -0.9990E+03   -0.9990E+03   -0.9990E+03   -0.9990E+03   -0.9990E+03   -0.9990E+03   -0.9990E+03   -0.9990E+03   -0.9990E+03   -0.9990E+03   -0.9990E+03   -0.9990E+03   -0.9990E+03   -0.9990E+03   -0.9990E+03   -0.9990E+03   -0.9990E+03   -0.9990E+03   -0.9990E+03   -0.9990E+03   -0.9990E+03    0.8544E+02    0.8629E+02    0.8864E+02    0.8795E+02    0.3527E+03    0.3547E+03    0.3732E+03    0.6812E+03    0.4095E+03    0.2369E+04    0.2374E+04    0.2171E+04    0.2316E+04    0.8445E+03    0.4083E+03    0.4798E+03    0.4328E+03    0.3985E+03    0.3834E+03    0.3796E+03    0.3745E+03    0.3815E+03    0.3468E+03    0.5922E+03    0.5943E+03    0.5109E+03    0.4054E+03    0.3513E+03    0.9500E+03    0.3562E+04    0.4144E+04    0.4769E+04    0.3522E+04    0.3705E+04    0.4035E+04    0.2060E+04    0.1137E+04   -0.9990E+03   -0.9990E+03   -0.9990E+03   -0.9990E+03   -0.9990E+03   -0.9990E+03   -0.9990E+03   -0.9990E+03   -0.9990E+03
   -0.9990E+03   -0.9990E+03   -0.9990E+03   -0.9990E+03   -0.9990E+03   -0.9990E+03   -0.9990E+03   -0.9990E+03   -0.9990E+03   -0.9990E+03   -0.9990E+03   -0.9990E+03   -0.9990E+03   -0.9990E+03   -0.9990E+03   -0.9990E+03   -0.9990E+03   -0.9990E+03   -0.9990E+03   -0.9990E+03   -0.9990E+03   -0.9990E+03   -0.9990E+03   -0.9990E+03   -0.9990E+03   -0.9990E+03   -0.9990E+03   -0.9990E+03   -0.9990E+03   -0.9990E+03    0.8639E+02    0.8714E+02    0.8695E+02    0.9028E+02    0.5662E+03    0.5724E+03    0.3767E+03    0.8472E+03    0.2056E+04    0.3115E+04    0.1916E+04    0.3232E+04    0.2959E+04    0.5086E+03    0.4197E+03    0.4058E+03    0.4238E+03    0.3824E+03    0.3619E+03    0.3234E+03    0.3240E+03    0.3063E+03    0.2864E+03    0.3219E+03    0.3155E+03    0.2935E+03    0.3399E+03    0.3387E+03    0.3646E+03    0.3582E+04    0.2262E+04    0.2763E+04    0.2759E+04    0.1966E+04    0.3321E+04    0.3534E+04   -0.9990E+03   -0.9990E+03   -0.9990E+03   -0.9990E+03   -0.9990E+03   -0.9990E+03   -0.9990E+03   -0.9990E+03   -0.9990E+03   -0.9990E+03
   -0.9990E+03   -0.9990E+03   -0.9990E+03   -0.9990E+03   -0.9990E+03   -0.9990E+03   -0.9990E+03   -0.9990E+03   -0.9990E+03   -0.9990E+03   -0.9990E+03   -0.9990E+03   -0.9990E+03   -0.9990E+03   -0.9990E+03   -0.9990E+03   -0.9990E+03   -0.9990E+03   -0.9990E+03   -0.9990E+03   -0.9990E+03   -0.9990E+03   -0.9990E+03   -0.9990E+03   -0.9990E+03   -0.9990E+03   -0.9990E+03   -0.9990E+03   -0.9990E+03   -0.9990E+03    0.9458E+02    0.8817E+02    0.8814E+02    0.8958E+02    0.4835E+03    0.3945E+03    0.3341E+03    0.1852E+04    0.4186E+04    0.4661E+04    0.2771E+04    0.3204E+04    0.3646E+04    0.5606E+03    0.4326E+03    0.3668E+03    0.3841E+03    0.3532E+03    0.3421E+03    0.3177E+03    0.2755E+03    0.2989E+03    0.3301E+03    0.3275E+03    0.3248E+03    0.3256E+03    0.3307E+03    0.3269E+03    0.2914E+03    0.1798E+04    0.1442E+04    0.2131E+04    0.2205E+04    0.1545E+04    0.1251E+04    0.1638E+04   -0.9990E+03   -0.9990E+03   -0.9990E+03   -0.9990E+03   -0.9990E+03   -0.9990E+03   -0.9990E+03   -0.9990E+03   -0.9990E+03   -0.9990E+03
   -0.9990E+03   -0.9990E+03   -0.9990E+03   -0.9990E+03   -0.9990E+03   -0.9990E+03   -0.9990E+03   -0.9990E+03   -0.9990E+03   -0.9990E+03   -0.9990E+03   -0.9990E+03   -0.9990E+03   -0.9990E+03   -0.9990E+03   -0.9990E+03   -0.9990E+03   -0.9990E+03   -0.9990E+03   -0.9990E+03   -0.9990E+03   -0.9990E+03   -0.9990E+03   -0.9990E+03   -0.9990E+03   -0.9990E+03   -0.9990E+03   -0.9990E+03   -0.9990E+03    0.2311E+04    0.1295E+04    0.9199E+02    0.9003E+02    0.8916E+02    0.4251E+03    0.3449E+03    0.4404E+03    0.3032E+04    0.3091E+04    0.2203E+04    0.1280E+04    0.3213E+04    0.3402E+04    0.6633E+03    0.5113E+03    0.3700E+03    0.3442E+03    0.3117E+03    0.3245E+03    0.3176E+03    0.3119E+03    0.3120E+03    0.2956E+03    0.2915E+03    0.2972E+03    0.2981E+03    0.2752E+03    0.2881E+03    0.3356E+03    0.3042E+03    0.1890E+04    0.1780E+04    0.1527E+04    0.1160E+04    0.6951E+03    0.9037E+03   -0.9990E+03   -0.9990E+03   -0.9990E+03   -0.9990E+03   -0.9990E+03   -0.9990E+03   -0.9990E+03   -0.9990E+03   -0.9990E+03   -0.9990E+03
   -0.9990E+03   -0.9990E+03   -0.9990E+03   -0.9990E+03   -0.9990E+03   -0.9990E+03   -0.9990E+03   -0.9990E+03   -0.9990E+03   -0.9990E+03   -0.9990E+03   -0.9990E+03   -0.9990E+03   -0.9990E+03   -0.9990E+03   -0.9990E+03   -0.9990E+03   -0.9990E+03   -0.9990E+03   -0.9990E+03   -0.9990E+03   -0.9990E+03   -0.9990E+03   -0.9990E+03   -0.9990E+03   -0.9990E+03   -0.9990E+03   -0.9990E+03   -0.9990E+03    0.2349E+04    0.2501E+04    0.1299E+03    0.1684E+03    0.2549E+03    0.3306E+03    0.2859E+03    0.3838E+03    0.1358E+03    0.2938E+04    0.2747E+04    0.3212E+04    0.5184E+04    0.3014E+04    0.3274E+04    0.2851E+04    0.3791E+03    0.3271E+03    0.3095E+03    0.2825E+03    0.2952E+03    0.2881E+03    0.2716E+03    0.2610E+03    0.2517E+03    0.2376E+03    0.2644E+03    0.4858E+03    0.5410E+03    0.1015E+04    0.3119E+03    0.3180E+04    0.5076E+04    0.4012E+04    0.3926E+04    0.1358E+04    0.1317E+04   -0.9990E+03   -0.9990E+03   -0.9990E+03   -0.9990E+03   -0.9990E+03   -0.9990E+03   -0.9990E+03   -0.9990E+03   -0.9990E+03   -0.9990E+03
   -0.9990E+03   -0.9990E+03   -0.9990E+03   -0.9990E+03   -0.9990E+03   -0.9990E+03   -0.9990E+03   -0.9990E+03   -0.9990E+03   -0.9990E+03   -0.9990E+03   -0.9990E+03   -0.9990E+03   -0.9990E+03   -0.9990E+03   -0.9990E+03   -0.9990E+03   -0.9990E+03   -0.9990E+03   -0.9990E+03   -0.9990E+03   -0.9990E+03   -0.9990E+03   -0.9990E+03   -0.9990E+03   -0.9990E+03   -0.9990E+03   -0.9990E+03    0.2243E+04    0.2338E+04    0.2564E+04    0.8477E+02    0.8573E+02    0.3016E+01    0.3325E+03    0.5265E+03    0.5896E+03    0.1298E+03    0.5430E+04    0.5435E+04    0.5106E+04    0.5111E+04    0.5392E+04    0.2490E+04    0.3178E+04    0.3626E+03    0.3088E+03    0.2885E+03    0.2738E+03    0.2467E+03    0.2304E+03    0.2529E+03    0.2595E+03    0.2598E+03    0.2564E+03    0.2590E+03    0.2326E+03    0.2697E+03    0.5754E+03    0.1175E+04    0.6289E+03    0.3707E+04    0.2675E+04    0.2879E+04    0.2066E+04   -0.9990E+03   -0.9990E+03   -0.9990E+03   -0.9990E+03   -0.9990E+03   -0.9990E+03   -0.9990E+03   -0.9990E+03   -0.9990E+03   -0.9990E+03   -0.9990E+03
   -0.9990E+03   -0.9990E+03   -0.9990E+03   -0.9990E+03   -0.9990E+03   -0.9990E+03   -0.9990E+03   -0.9990E+03   -0.9990E+03   -0.9990E+03   -0.9990E+03   -0.9990E+03   -0.9990E+03   -0.9990E+03   -0.9990E+03   -0.9990E+03   -0.9990E+03   -0.9990E+03   -0.9990E+03   -0.9990E+03   -0.9990E+03   -0.9990E+03   -0.9990E+03   -0.9990E+03   -0.9990E+03   -0.9990E+03   -0.9990E+03   -0.9990E+03    0.2249E+04    0.2412E+04    0.2463E+04    0.1035E+03    0.3253E+03    0.2479E+03    0.2386E+03    0.4508E+03    0.9491E+02    0.9615E+02    0.1534E+04    0.7306E+03    0.1068E+03    0.4755E+04    0.4991E+04    0.2459E+04    0.3624E+03    0.2921E+03    0.2790E+03    0.2585E+03    0.2432E+03    0.2361E+03    0.2372E+03    0.2305E+03    0.2276E+03    0.2260E+03    0.2239E+03    0.2242E+03    0.2286E+03    0.5193E+03    0.5919E+03    0.1327E+04    0.7230E+03    0.3029E+04    0.8669E+03    0.2190E+04   -0.9990E+03   -0.9990E+03   -0.9990E+03   -0.9990E+03   -0.9990E+03   -0.9990E+03   -0.9990E+03   -0.9990E+03   -0.9990E+03   -0.9990E+03   -0.9990E+03   -0.9990E+03
   -0.9990E+03   -0.9990E+03   -0.9990E+03   -0.9990E+03   -0.9990E+03   -0.9990E+03   -0.9990E+03   -0.9990E+03   -0.9990E+03   -0.9990E+03   -0.9990E+03   -0.9990E+03   -0.9990E+03   -0.9990E+03   -0.9990E+03   -0.9990E+03   -0.9990E+03   -0.9990E+03   -0.9990E+03   -0.9990E+03   -0.9990E+03   -0.9990E+03   -0.9990E+03   -0.9990E+03   -0.9990E+03   -0.9990E+03   -0.9990E+03    0.2172E+04    0.2271E+04    0.2299E+04    0.2546E+04    0.2497E+04    0.3515E+03    0.2446E+03    0.2338E+03    0.3326E+03    0.9568E+02    0.2473E+04    0.2264E+04    0.1319E+04    0.2461E+04    0.4186E+04    0.5438E+04    0.2756E+04    0.3485E+03    0.2677E+03    0.2509E+03    0.2226E+03    0.2272E+03    0.2225E+03    0.2078E+03    0.2067E+03    0.2015E+03    0.1970E+03    0.1937E+03    0.1948E+03    0.2002E+03    0.2089E+03    0.6097E+03    0.3470E+04    0.3575E+04    0.3164E+04    0.3280E+04    0.3390E+04   -0.9990E+03   -0.9990E+03   -0.9990E+03   -0.9990E+03   -0.9990E+03   -0.9990E+03   -0.9990E+03   -0.9990E+03   -0.9990E+03   -0.9990E+03   -0.9990E+03   -0.9990E+03
   -0.9990E+03   -0.9990E+03   -0.9990E+03   -0.9990E+03   -0.9990E+03   -0.9990E+03   -0.9990E+03   -0.9990E+03   -0.9990E+03   -0.9990E+03   -0.9990E+03   -0.9990E+03   -0.9990E+03   -0.9990E+03   -0.9990E+03   -0.9990E+03   -0.9990E+03   -0.9990E+03   -0.9990E+03   -0.9990E+03   -0.9990E+03   -0.9990E+03   -0.9990E+03   -0.9990E+03   -0.9990E+03   -0.9990E+03   -0.9990E+03    0.1316E+04    0.1231E+04    0.2212E+04    0.2337E+04    0.2411E+04    0.1755E+04    0.4053E+03    0.2597E+03    0.3503E+03    0.2521E+04    0.2727E+04    0.3445E+04    0.1264E+04    0.2004E+04    0.3091E+04    0.3049E+04    0.3008E+04    0.3625E+03    0.2391E+03    0.2255E+03    0.1971E+03    0.2024E+03    0.1992E+03    0.1926E+03    0.1859E+03    0.1776E+03    0.1702E+03    0.1663E+03    0.1654E+03    0.1797E+03    0.1962E+03    0.2262E+03    0.2697E+03    0.1509E+04    0.3602E+04    0.3945E+04    0.3173E+04    0.3176E+04    0.2030E+04   -0.9990E+03   -0.9990E+03   -0.9990E+03   -0.9990E+03   -0.9990E+03   -0.9990E+03   -0.9990E+03   -0.9990E+03   -0.9990E+03   -0.9990E+03
   -0.9990E+03   -0.9990E+03   -0.9990E+03   -0.9990E+03   -0.9990E+03   -0.9990E+03   -0.9990E+03   -0.9990E+03   -0.9990E+03   -0.9990E+03   -0.9990E+03   -0.9990E+03   -0.9990E+03   -0.9990E+03   -0.9990E+03   -0.9990E+03   -0.9990E+03   -0.9990E+03   -0.9990E+03   -0.9990E+03   -0.9990E+03   -0.9990E+03   -0.9990E+03   -0.9990E+03   -0.9990E+03   -0.9990E+03    0.1263E+04    0.1240E+04    0.1320E+04    0.1404E+04    0.2430E+04    0.1966E+04    0.2387E+04    0.1452E+04    0.2584E+03    0.1792E+04    0.2522E+04    0.2009E+04    0.3481E+04    0.3602E+04    0.1045E+04    0.2621E+03    0.3062E+04    0.2398E+03    0.2584E+03    0.2105E+03    0.1954E+03    0.1681E+03    0.1794E+03    0.1762E+03    0.1660E+03    0.1609E+03    0.1539E+03    0.1471E+03    0.1432E+03    0.1464E+03    0.1539E+03    0.1661E+03    0.1852E+03    0.2036E+03    0.2243E+03    0.2846E+03    0.1533E+04    0.3633E+04    0.3315E+04    0.3282E+04   -0.9990E+03   -0.9990E+03   -0.9990E+03   -0.9990E+03   -0.9990E+03   -0.9990E+03   -0.9990E+03   -0.9990E+03   -0.9990E+03   -0.9990E+03
   -0.9990E+03   -0.9990E+03   -0.9990E+03   -0.9990E+03   -0.9990E+03   -0.9990E+03   -0.9990E+03   -0.9990E+03   -0.9990E+03   -0.9990E+03   -0.9990E+03   -0.9990E+03   -0.9990E+03   -0.9990E+03   -0.9990E+03   -0.9990E+03   -0.9990E+03   -0.9990E+03   -0.9990E+03   -0.9990E+03   -0.9990E+03   -0.9990E+03   -0.9990E+03   -0.9990E+03   -0.9990E+03   -0.9990E+03    0.1239E+04    0.1415E+04    0.1462E+04    0.1314E+04    0.1308E+04    0.1433E+04    0.1360E+04    0.1981E+04    0.1268E+02    0.2693E+04    0.2829E+04    0.3265E+04    0.3418E+04    0.2559E+04    0.1270E+04    0.4226E+03    0.2319E+03    0.2709E+03    0.2159E+03    0.1829E+03    0.1705E+03    0.1517E+03    0.1584E+03    0.1547E+03    0.1519E+03    0.1487E+03    0.1417E+03    0.1321E+03    0.1242E+03    0.1199E+03    0.1278E+03    0.1438E+03    0.1607E+03    0.1778E+03    0.1938E+03    0.2253E+03    0.4861E+03    0.3531E+04    0.3489E+04    0.3374E+04   -0.9990E+03   -0.9990E+03   -0.9990E+03   -0.9990E+03   -0.9990E+03   -0.9990E+03   -0.9990E+03   -0.9990E+03   -0.9990E+03   -0.9990E+03
   -0.9990E+03   -0.9990E+03   -0.9990E+03   -0.9990E+03   -0.9990E+03   -0.9990E+03   -0.9990E+03   -0.9990E+03   -0.9990E+03   -0.9990E+03   -0.9990E+03   -0.9990E+03   -0.9990E+03   -0.9990E+03   -0.9990E+03   -0.9990E+03   -0.9990E+03   -0.9990E+03   -0.9990E+03   -0.9990E+03   -0.9990E+03   -0.9990E+03   -0.9990E+03   -0.9990E+03   -0.9990E+03   -0.9990E+03    0.1366E+04    0.1431E+04    0.1543E+04    0.1570E+04    0.1400E+04    0.1400E+04    0.1488E+04    0.1318E+04    0.1354E+02    0.2757E+04    0.3197E+04    0.3528E+04    0.3093E+04    0.3128E+04    0.6471E+03    0.4050E+03    0.2446E+03    0.2468E+03    0.1862E+03    0.1580E+03    0.1529E+03    0.1447E+03    0.1403E+03    0.1228E+03    0.1359E+03    0.1329E+03    0.1251E+03    0.1150E+03    0.1029E+03    0.8789E+02    0.1072E+03    0.1305E+03    0.1437E+03    0.1605E+03    0.1797E+03    0.1963E+03    0.2236E+03    0.3542E+04    0.3393E+04    0.3413E+04    0.3102E+04    0.2117E+04   -0.9990E+03   -0.9990E+03   -0.9990E+03   -0.9990E+03   -0.9990E+03   -0.9990E+03   -0.9990E+03   -0.9990E+03
   -0.9990E+03   -0.9990E+03   -0.9990E+03   -0.9990E+03   -0.9990E+03   -0.9990E+03   -0.9990E+03   -0.9990E+03   -0.9990E+03   -0.9990E+03   -0.9990E+03   -0.9990E+03   -0.9990E+03   -0.9990E+03   -0.9990E+03   -0.9990E+03   -0.9990E+03   -0.9990E+03   -0.9990E+03   -0.9990E+03   -0.9990E+03   -0.9990E+03   -0.9990E+03   -0.9990E+03   -0.9990E+03   -0.9990E+03    0.1264E+04    0.1417E+04    0.1488E+04    0.1461E+04    0.1513E+04    0.1539E+04    0.1593E+04    0.1576E+04    0.1753E+03    0.5110E+02    0.3414E+04    0.3386E+04    0.1648E+04    0.2603E+04    0.7434E+03    0.4977E+03    0.3911E+03    0.2638E+03    0.1741E+03    0.1545E+03    0.1436E+03    0.1337E+03    0.1292E+03    0.1259E+03    0.1240E+03    0.1147E+03    0.1123E+03    0.1034E+03    0.9395E+02    0.9159E+02    0.1024E+03    0.1228E+03    0.1336E+03    0.1478E+03    0.1734E+03    0.1744E+03    0.1981E+03    0.1646E+04    0.3922E+04    0.3233E+04    0.2988E+04    0.1310E+04   -0.9990E+03   -0.9990E+03   -0.9990E+03   -0.9990E+03   -0.9990E+03   -0.9990E+03   -0.9990E+03   -0.9990E+03
   -0.9990E+03   -0.9990E+03   -0.9990E+03   -0.9990E+03   -0.9990E+03   -0.9990E+03   -0.9990E+03   -0.9990E+03   -0.9990E+03   -0.9990E+03   -0.9990E+03   -0.9990E+03   -0.9990E+03   -0.9990E+03   -0.9990E+03   -0.9990E+03   -0.9990E+03   -0.9990E+03   -0.9990E+03   -0.9990E+03   -0.9990E+03   -0.9990E+03   -0.9990E+03   -0.9990E+03   -0.9990E+03    0.1011E+04    0.1073E+04    0.1129E+04    0.1218E+04    0.1251E+04    0.1357E+04    0.1436E+04    0.1427E+04    0.1807E+04    0.1632E+04    0.2810E+03    0.5898E+02    0.3189E+04    0.1741E+04    0.2832E+04    0.2697E+04    0.1885E+04    0.2164E+04    0.2896E+03    0.1721E+03    0.1506E+03    0.1367E+03    0.1236E+03    0.1178E+03    0.1179E+03    0.1142E+03    0.1092E+03    0.1036E+03    0.9691E+02    0.9335E+02    0.9468E+02    0.1065E+03    0.1144E+03    0.1270E+03    0.1391E+03    0.1564E+03    0.1655E+03    0.3393E+03    0.3684E+04    0.3135E+04   -0.9990E+03   -0.9990E+03   -0.9990E+03   -0.9990E+03   -0.9990E+03   -0.9990E+03   -0.9990E+03   -0.9990E+03   -0.9990E+03   -0.9990E+03   -0.9990E+03
   -0.9990E+03   -0.9990E+03   -0.9990E+03   -0.9990E+03   -0.9990E+03   -0.9990E+03   -0.9990E+03   -0.9990E+03   -0.9990E+03   -0.9990E+03   -0.9990E+03   -0.9990E+03   -0.9990E+03   -0.9990E+03   -0.9990E+03   -0.9990E+03   -0.9990E+03   -0.9990E+03   -0.9990E+03   -0.9990E+03   -0.9990E+03   -0.9990E+03   -0.9990E+03   -0.9990E+03   -0.9990E+03    0.9636E+03    0.1022E+04    0.1046E+04    0.1125E+04    0.1142E+04    0.1364E+04    0.1191E+04    0.1540E+04    0.1300E+04    0.1155E+04    0.2365E+04    0.4862E+02    0.5403E+02    0.3649E+04    0.4664E+04    0.3036E+04    0.3130E+04    0.2783E+04    0.2943E+03    0.1649E+03    0.1453E+03    0.1295E+03    0.1178E+03    0.1138E+03    0.1043E+03    0.9907E+02    0.1020E+03    0.9727E+02    0.9461E+02    0.9411E+02    0.9853E+02    0.1096E+03    0.1126E+03    0.1207E+03    0.1332E+03    0.1511E+03    0.2687E+03    0.3573E+04    0.3244E+04   -0.9990E+03   -0.9990E+03   -0.9990E+03   -0.9990E+03   -0.9990E+03   -0.9990E+03   -0.9990E+03   -0.9990E+03   -0.9990E+03   -0.9990E+03   -0.9990E+03   -0.9990E+03
   -0.9990E+03   -0.9990E+03   -0.9990E+03   -0.9990E+03   -0.9990E+03   -0.9990E+03   -0.9990E+03   -0.9990E+03   -0.9990E+03   -0.9990E+03   -0.9990E+03   -0.9990E+03   -0.9990E+03   -0.9990E+03   -0.9990E+03   -0.9990E+03   -0.9990E+03   -0.9990E+03   -0.9990E+03   -0.9990E+03   -0.9990E+03   -0.9990E+03   -0.9990E+03   -0.9990E+03   -0.9990E+03    0.9637E+03    0.1044E+04    0.1093E+04    0.1150E+04    0.1231E+04    0.1169E+04    0.9023E+03    0.1874E+03    0.2398E+03    0.1096E+03    0.1056E+03    0.1257E+03    0.2435E+02    0.2344E+03    0.3600E+03    0.3654E+03    0.1372E+04    0.3377E+03    0.2023E+03    0.1592E+03    0.1410E+03    0.1208E+03    0.1149E+03    0.1093E+03    0.1030E+03    0.9876E+02    0.9186E+02    0.9184E+02    0.9224E+02    0.9632E+02    0.1051E+03    0.1081E+03    0.1109E+03    0.1175E+03    0.1301E+03    0.1500E+03    0.3669E+04    0.3413E+04    0.3008E+04   -0.9990E+03   -0.9990E+03   -0.9990E+03   -0.9990E+03   -0.9990E+03   -0.9990E+03   -0.9990E+03   -0.9990E+03   -0.9990E+03   -0.9990E+03   -0.9990E+03   -0.9990E+03
   -0.9990E+03   -0.9990E+03   -0.9990E+03   -0.9990E+03   -0.9990E+03   -0.9990E+03   -0.9990E+03   -0.9990E+03   -0.9990E+03   -0.9990E+03   -0.9990E+03   -0.9990E+03   -0.9990E+03   -0.9990E+03   -0.9990E+03   -0.9990E+03   -0.9990E+03   -0.9990E+03   -0.9990E+03   -0.9990E+03   -0.9990E+03   -0.9990E+03   -0.9990E+03   -0.9990E+03   -0.9990E+03    0.5936E+03    0.6199E+03    0.6530E+03    0.6514E+03    0.7443E+03    0.5740E+03    0.2341E+03    0.2038E+03    0.9851E+02    0.1456E+03    0.1079E+03    0.1320E+03    0.2470E+03    0.2265E+03    0.1412E+03    0.5190E+03    0.3746E+03    0.5655E+03    0.1808E+03    0.1567E+03    0.1382E+03    0.1158E+03    0.1107E+03    0.1044E+03    0.1016E+03    0.9896E+02    0.9599E+02    0.9355E+02    0.9254E+02    0.1006E+03    0.1053E+03    0.1052E+03    0.1092E+03    0.1161E+03    0.1240E+03    0.1749E+03    0.3567E+04    0.3405E+04   -0.9990E+03   -0.9990E+03   -0.9990E+03   -0.9990E+03   -0.9990E+03   -0.9990E+03   -0.9990E+03   -0.9990E+03   -0.9990E+03   -0.9990E+03   -0.9990E+03   -0.9990E+03   -0.9990E+03
   -0.9990E+03   -0.9990E+03   -0.9990E+03   -0.9990E+03   -0.9990E+03   -0.9990E+03   -0.9990E+03   -0.9990E+03   -0.9990E+03   -0.9990E+03   -0.9990E+03   -0.9990E+03   -0.9990E+03   -0.9990E+03   -0.9990E+03   -0.9990E+03   -0.9990E+03   -0.9990E+03   -0.9990E+03   -0.9990E+03   -0.9990E+03   -0.9990E+03   -0.9990E+03   -0.9990E+03   -0.9990E+03   -0.9990E+03   -0.9990E+03    0.2785E+03    0.2792E+03    0.2711E+03    0.8375E+02    0.7465E+02    0.7489E+02    0.8334E+02    0.9348E+02    0.1355E+03    0.2649E+03    0.1352E+03    0.3758E+03    0.2149E+03    0.5249E+03    0.7521E+03    0.1396E+04    0.2196E+03    0.1518E+03    0.1317E+03    0.1112E+03    0.1093E+03    0.1024E+03    0.9717E+02    0.9653E+02    0.9379E+02    0.9165E+02    0.9343E+02    0.1025E+03    0.1018E+03    0.1026E+03    0.1074E+03    0.1108E+03    0.1316E+03    0.2062E+03    0.3783E+04    0.3335E+04   -0.9990E+03   -0.9990E+03   -0.9990E+03   -0.9990E+03   -0.9990E+03   -0.9990E+03   -0.9990E+03   -0.9990E+03   -0.9990E+03   -0.9990E+03   -0.9990E+03   -0.9990E+03   -0.9990E+03
   -0.9990E+03   -0.9990E+03   -0.9990E+03   -0.9990E+03   -0.9990E+03   -0.9990E+03   -0.9990E+03   -0.9990E+03   -0.9990E+03   -0.9990E+03   -0.9990E+03   -0.9990E+03   -0.9990E+03   -0.9990E+03   -0.9990E+03   -0.9990E+03   -0.9990E+03   -0.9990E+03   -0.9990E+03   -0.9990E+03   -0.9990E+03   -0.9990E+03   -0.9990E+03   -0.9990E+03   -0.9990E+03   -0.9990E+03   -0.9990E+03   -0.9990E+03    0.1509E+03    0.1945E+03    0.5852E+02    0.4832E+02    0.4849E+02    0.5331E+02    0.7526E+02    0.1407E+03    0.1988E+03    0.1426E+03    0.4699E+03    0.2016E+03    0.1528E+03    0.1033E+04    0.9905E+03    0.1458E+03    0.1291E+03    0.1228E+03    0.1081E+03    0.1050E+03    0.1003E+03    0.9724E+02    0.9434E+02    0.9427E+02    0.9359E+02    0.9624E+02    0.9928E+02    0.9750E+02    0.9985E+02    0.1050E+03    0.1137E+03    0.1318E+03    0.1197E+04    0.3589E+04   -0.9990E+03   -0.9990E+03   -0.9990E+03   -0.9990E+03   -0.9990E+03   -0.9990E+03   -0.9990E+03   -0.9990E+03   -0.9990E+03   -0.9990E+03   -0.9990E+03   -0.9990E+03   -0.9990E+03   -0.9990E+03
   -0.9990E+03   -0.9990E+03   -0.9990E+03   -0.9990E+03   -0.9990E+03   -0.9990E+03   -0.9990E+03   -0.9990E+03   -0.9990E+03   -0.9990E+03   -0.9990E+03   -0.9990E+03   -0.9990E+03   -0.9990E+03   -0.9990E+03   -0.9990E+03   -0.9990E+03   -0.9990E+03   -0.9990E+03   -0.9990E+03   -0.9990E+03   -0.9990E+03   -0.9990E+03   -0.9990E+03   -0.9990E+03   -0.9990E+03   -0.9990E+03    0.2952E+03    0.2212E+03    0.2474E+03    0.9299E+02    0.5691E+02    0.7109E+02    0.7937E+02    0.5356E+02    0.9705E+02    0.1450E+03    0.1386E+03    0.3854E+03    0.2154E+03    0.2014E+03    0.4824E+03    0.2201E+03    0.1233E+03    0.1176E+03    0.1046E+03    0.1091E+03    0.1038E+03    0.1032E+03    0.1008E+03    0.1034E+03    0.1071E+03    0.9700E+02    0.9499E+02    0.9309E+02    0.9250E+02    0.9586E+02    0.1051E+03    0.1138E+03    0.1432E+03    0.2493E+04   -0.9990E+03   -0.9990E+03   -0.9990E+03   -0.9990E+03   -0.9990E+03   -0.9990E+03   -0.9990E+03   -0.9990E+03   -0.9990E+03   -0.9990E+03   -0.9990E+03   -0.9990E+03   -0.9990E+03   -0.9990E+03   -0.9990E+03
   -0.9990E+03   -0.9990E+03   -0.9990E+03   -0.9990E+03   -0.9990E+03   -0.9990E+03   -0.9990E+03   -0.9990E+03   -0.9990E+03   -0.9990E+03   -0.9990E+03   -0.9990E+03   -0.9990E+03   -0.9990E+03   -0.9990E+03   -0.9990E+03   -0.9990E+03   -0.9990E+03   -0.9990E+03   -0.9990E+03   -0.9990E+03   -0.9990E+03   -0.9990E+03   -0.9990E+03   -0.9990E+03   -0.9990E+03   -0.9990E+03    0.4841E+03    0.3215E+03    0.2126E+03    0.1276E+03    0.1248E+03    0.6408E+02    0.6190E+02    0.5702E+04    0.5723E+04    0.3193E+03    0.5309E+04    0.5539E+04    0.4838E+03    0.2038E+03    0.5038E+03    0.2611E+03    0.1212E+03    0.1146E+03    0.1050E+03    0.1119E+03    0.1112E+03    0.1068E+03    0.1083E+03    0.1033E+03    0.1056E+03    0.9877E+02    0.9375E+02    0.8823E+02    0.8662E+02    0.9123E+02    0.1035E+03    0.1147E+03    0.1292E+03    0.1959E+03   -0.9990E+03   -0.9990E+03   -0.9990E+03   -0.9990E+03   -0.9990E+03   -0.9990E+03   -0.9990E+03   -0.9990E+03   -0.9990E+03   -0.9990E+03   -0.9990E+03   -0.9990E+03   -0.9990E+03   -0.9990E+03   -0.9990E+03
   -0.9990E+03   -0.9990E+03   -0.9990E+03   -0.9990E+03   -0.9990E+03   -0.9990E+03   -0.9990E+03   -0.9990E+03   -0.9990E+03   -0.9990E+03   -0.9990E+03   -0.9990E+03   -0.9990E+03   -0.9990E+03   -0.9990E+03   -0.9990E+03   -0.9990E+03   -0.9990E+03   -0.9990E+03   -0.9990E+03   -0.9990E+03   -0.9990E+03   -0.9990E+03   -0.9990E+03   -0.9990E+03   -0.9990E+03    0.4983E+03    0.6675E+03    0.5350E+03    0.2829E+03    0.9993E+03    0.1020E+04    0.1888E+04    0.3649E+04    0.5699E+04    0.5712E+04    0.5712E+04    0.5626E+04    0.5561E+04    0.3315E+04    0.1842E+02    0.5734E+03    0.3645E+03    0.1235E+03    0.1040E+03    0.1010E+03    0.1121E+03    0.1117E+03    0.1155E+03    0.1076E+03    0.1057E+03    0.1030E+03    0.9994E+02    0.9318E+02    0.8580E+02    0.8031E+02    0.8931E+02    0.1025E+03    0.1144E+03    0.1280E+03    0.1700E+04    0.3348E+04   -0.9990E+03   -0.9990E+03   -0.9990E+03   -0.9990E+03   -0.9990E+03   -0.9990E+03   -0.9990E+03   -0.9990E+03   -0.9990E+03   -0.9990E+03   -0.9990E+03   -0.9990E+03   -0.9990E+03   -0.9990E+03
   -0.9990E+03   -0.9990E+03   -0.9990E+03   -0.9990E+03   -0.9990E+03   -0.9990E+03   -0.9990E+03   -0.9990E+03   -0.9990E+03   -0.9990E+03   -0.9990E+03   -0.9990E+03   -0.9990E+03   -0.9990E+03   -0.9990E+03   -0.9990E+03   -0.9990E+03   -0.9990E+03   -0.9990E+03   -0.9990E+03   -0.9990E+03   -0.9990E+03   -0.9990E+03   -0.9990E+03   -0.9990E+03   -0.9990E+03    0.3410E+03    0.4466E+03    0.6655E+03    0.7990E+03    0.1043E+04    0.1520E+04    0.3427E+04    0.5743E+04    0.4644E+04    0.5733E+04    0.5731E+04    0.5059E+04    0.5495E+04    0.3419E+04    0.1561E+03    0.1641E+03    0.1443E+03    0.1203E+03    0.1108E+03    0.1157E+03    0.1166E+03    0.1153E+03    0.1074E+03    0.1058E+03    0.1047E+03    0.1028E+03    0.9972E+02    0.9356E+02    0.8715E+02    0.8432E+02    0.9109E+02    0.1007E+03    0.1141E+03    0.1846E+03    0.1833E+04    0.3026E+04   -0.9990E+03   -0.9990E+03   -0.9990E+03   -0.9990E+03   -0.9990E+03   -0.9990E+03   -0.9990E+03   -0.9990E+03   -0.9990E+03   -0.9990E+03   -0.9990E+03   -0.9990E+03   -0.9990E+03   -0.9990E+03
   -0.9990E+03   -0.9990E+03   -0.9990E+03   -0.9990E+03   -0.9990E+03   -0.9990E+03   -0.9990E+03   -0.9990E+03   -0.9990E+03   -0.9990E+03   -0.9990E+03   -0.9990E+03   -0.9990E+03   -0.9990E+03   -0.9990E+03   -0.9990E+03   -0.9990E+03   -0.9990E+03   -0.9990E+03   -0.9990E+03   -0.9990E+03   -0.9990E+03   -0.9990E+03   -0.9990E+03    0.3601E+03    0.4136E+03    0.4527E+03    0.4240E+03    0.6365E+03    0.7776E+03    0.1121E+04    0.2586E+04    0.5470E+04    0.5674E+04    0.5742E+04    0.5743E+04    0.5750E+04    0.5748E+04    0.5749E+04    0.5722E+04    0.7014E+03    0.1461E+03    0.1310E+03    0.1233E+03    0.1220E+03    0.1284E+03    0.1197E+03    0.1145E+03    0.1138E+03    0.1081E+03    0.1068E+03    0.1042E+03    0.9708E+02    0.9333E+02    0.8783E+02    0.8766E+02    0.9385E+02    0.1016E+03    0.1120E+03    0.1492E+03    0.3237E+04   -0.9990E+03   -0.9990E+03   -0.9990E+03   -0.9990E+03   -0.9990E+03   -0.9990E+03   -0.9990E+03   -0.9990E+03   -0.9990E+03   -0.9990E+03   -0.9990E+03   -0.9990E+03   -0.9990E+03   -0.9990E+03   -0.9990E+03
   -0.9990E+03   -0.9990E+03   -0.9990E+03   -0.9990E+03   -0.9990E+03   -0.9990E+03   -0.9990E+03   -0.9990E+03   -0.9990E+03   -0.9990E+03   -0.9990E+03   -0.9990E+03   -0.9990E+03   -0.9990E+03   -0.9990E+03   -0.9990E+03   -0.9990E+03   -0.9990E+03   -0.9990E+03   -0.9990E+03   -0.9990E+03   -0.9990E+03   -0.9990E+03   -0.9990E+03   -0.9990E+03    0.4104E+03    0.5302E+03    0.4745E+03    0.5444E+03    0.7408E+03    0.8311E+03    0.3369E+04    0.5643E+04    0.5678E+04    0.5740E+04    0.5749E+04    0.5747E+04    0.5748E+04    0.5748E+04    0.5724E+04    0.8895E+03    0.1593E+03    0.1399E+03    0.1346E+03    0.1491E+03    0.1390E+03    0.1288E+03    0.1201E+03    0.1163E+03    0.1143E+03    0.1075E+03    0.1027E+03    0.9630E+02    0.9324E+02    0.9016E+02    0.9040E+02    0.9169E+02    0.9718E+02    0.1124E+03    0.1254E+03   -0.9990E+03   -0.9990E+03   -0.9990E+03   -0.9990E+03   -0.9990E+03   -0.9990E+03   -0.9990E+03   -0.9990E+03   -0.9990E+03   -0.9990E+03   -0.9990E+03   -0.9990E+03   -0.9990E+03   -0.9990E+03   -0.9990E+03   -0.9990E+03
   -0.9990E+03   -0.9990E+03   -0.9990E+03   -0.9990E+03   -0.9990E+03   -0.9990E+03   -0.9990E+03   -0.9990E+03   -0.9990E+03   -0.9990E+03   -0.9990E+03   -0.9990E+03   -0.9990E+03   -0.9990E+03   -0.9990E+03   -0.9990E+03   -0.9990E+03   -0.9990E+03   -0.9990E+03   -0.9990E+03   -0.9990E+03   -0.9990E+03   -0.9990E+03   -0.9990E+03    0.4619E+03    0.4893E+03    0.5905E+03    0.5641E+03    0.6411E+03    0.6807E+03    0.8579E+03    0.3102E+04    0.5676E+04    0.5677E+04    0.5745E+04    0.5750E+04    0.5747E+04    0.5749E+04    0.5748E+04    0.5724E+04    0.2576E+03    0.1622E+03    0.1592E+03    0.1711E+03    0.1447E+03    0.1399E+03    0.1339E+03    0.1284E+03    0.1269E+03    0.1196E+03    0.1085E+03    0.1026E+03    0.9814E+02    0.9443E+02    0.9224E+02    0.9360E+02    0.9520E+02    0.1006E+03    0.1127E+03   -0.9990E+03   -0.9990E+03   -0.9990E+03   -0.9990E+03   -0.9990E+03   -0.9990E+03   -0.9990E+03   -0.9990E+03   -0.9990E+03   -0.9990E+03   -0.9990E+03   -0.9990E+03   -0.9990E+03   -0.9990E+03   -0.9990E+03   -0.9990E+03   -0.9990E+03
   -0.9990E+03   -0.9990E+03   -0.9990E+03   -0.9990E+03   -0.9990E+03   -0.9990E+03   -0.9990E+03   -0.9990E+03   -0.9990E+03   -0.9990E+03   -0.9990E+03   -0.9990E+03   -0.9990E+03   -0.9990E+03   -0.9990E+03   -0.9990E+03   -0.9990E+03   -0.9990E+03   -0.9990E+03   -0.9990E+03   -0.9990E+03   -0.9990E+03   -0.9990E+03   -0.9990E+03    0.5421E+03    0.5936E+03    0.6272E+03    0.6518E+03    0.6773E+03    0.6944E+03    0.8172E+03    0.1244E+04    0.5723E+04    0.5739E+04    0.5715E+04    0.5748E+04    0.5749E+04    0.5748E+04    0.5749E+04    0.5724E+04    0.1893E+03    0.1682E+03    0.1812E+03    0.1987E+03    0.1576E+03    0.1482E+03    0.1389E+03    0.1381E+03    0.1309E+03    0.1188E+03    0.1096E+03    0.1049E+03    0.1001E+03    0.9678E+02    0.9436E+02    0.9514E+02    0.9474E+02    0.1001E+03    0.1061E+03   -0.9990E+03   -0.9990E+03   -0.9990E+03   -0.9990E+03   -0.9990E+03   -0.9990E+03   -0.9990E+03   -0.9990E+03   -0.9990E+03   -0.9990E+03   -0.9990E+03   -0.9990E+03   -0.9990E+03   -0.9990E+03   -0.9990E+03   -0.9990E+03   -0.9990E+03
   -0.9990E+03   -0.9990E+03   -0.9990E+03   -0.9990E+03   -0.9990E+03   -0.9990E+03   -0.9990E+03   -0.9990E+03   -0.9990E+03   -0.9990E+03   -0.9990E+03   -0.9990E+03   -0.9990E+03   -0.9990E+03   -0.9990E+03   -0.9990E+03   -0.9990E+03   -0.9990E+03   -0.9990E+03   -0.9990E+03   -0.9990E+03   -0.9990E+03   -0.9990E+03   -0.9990E+03    0.6221E+03    0.6859E+03    0.6544E+03    0.7002E+03    0.7333E+03    0.7546E+03    0.8649E+03    0.9785E+03    0.3654E+04    0.5754E+04    0.5734E+04    0.5746E+04    0.5748E+04    0.5748E+04    0.5748E+04    0.5726E+04    0.1845E+03    0.1746E+03    0.1980E+03    0.1837E+03    0.1811E+03    0.1605E+03    0.1413E+03    0.1382E+03    0.1279E+03    0.1179E+03    0.1126E+03    0.1056E+03    0.1021E+03    0.9787E+02    0.9484E+02    0.9267E+02    0.9461E+02    0.9897E+02    0.1076E+03   -0.9990E+03   -0.9990E+03   -0.9990E+03   -0.9990E+03   -0.9990E+03   -0.9990E+03   -0.9990E+03   -0.9990E+03   -0.9990E+03   -0.9990E+03   -0.9990E+03   -0.9990E+03   -0.9990E+03   -0.9990E+03   -0.9990E+03   -0.9990E+03   -0.9990E+03
   -0.9990E+03   -0.9990E+03   -0.9990E+03   -0.9990E+03   -0.9990E+03   -0.9990E+03   -0.9990E+03   -0.9990E+03   -0.9990E+03   -0.9990E+03   -0.9990E+03   -0.9990E+03   -0.9990E+03   -0.9990E+03   -0.9990E+03   -0.9990E+03   -0.9990E+03   -0.9990E+03   -0.9990E+03   -0.9990E+03   -0.9990E+03   -0.9990E+03   -0.9990E+03    0.6519E+03    0.6906E+03    0.7033E+03    0.7413E+03    0.7369E+03    0.7594E+03    0.7650E+03    0.7909E+03    0.8080E+03    0.9702E+03    0.4386E+04    0.5757E+04    0.5707E+04    0.5749E+04    0.5748E+04    0.5727E+04    0.6167E+03    0.1742E+03    0.3021E+03    0.2229E+03    0.1897E+03    0.1847E+03    0.1527E+03    0.1468E+03    0.1362E+03    0.1332E+03    0.1216E+03    0.1167E+03    0.1067E+03    0.1031E+03    0.9639E+02    0.9413E+02    0.9224E+02    0.9465E+02    0.9876E+02    0.1037E+03   -0.9990E+03   -0.9990E+03   -0.9990E+03   -0.9990E+03   -0.9990E+03   -0.9990E+03   -0.9990E+03   -0.9990E+03   -0.9990E+03   -0.9990E+03   -0.9990E+03   -0.9990E+03   -0.9990E+03   -0.9990E+03   -0.9990E+03   -0.9990E+03   -0.9990E+03
   -0.9990E+03   -0.9990E+03   -0.9990E+03   -0.9990E+03   -0.9990E+03   -0.9990E+03   -0.9990E+03   -0.9990E+03   -0.9990E+03   -0.9990E+03   -0.9990E+03   -0.9990E+03   -0.9990E+03   -0.9990E+03   -0.9990E+03   -0.9990E+03   -0.9990E+03   -0.9990E+03   -0.9990E+03   -0.9990E+03   -0.9990E+03   -0.9990E+03   -0.9990E+03    0.6973E+03    0.7455E+03    0.7371E+03    0.7286E+03    0.7858E+03    0.7979E+03    0.8091E+03    0.8211E+03    0.8315E+03    0.1063E+04    0.8364E+03    0.5749E+04    0.5740E+04    0.5739E+04    0.5746E+04    0.5729E+04    0.2150E+03    0.1708E+03    0.2175E+03    0.2422E+03    0.2003E+03    0.1803E+03    0.1643E+03    0.1643E+03    0.1468E+03    0.1401E+03    0.1255E+03    0.1147E+03    0.1141E+03    0.1091E+03    0.9995E+02    0.9265E+02    0.9200E+02    0.9371E+02    0.9102E+02   -0.9990E+03   -0.9990E+03   -0.9990E+03   -0.9990E+03   -0.9990E+03   -0.9990E+03   -0.9990E+03   -0.9990E+03   -0.9990E+03   -0.9990E+03   -0.9990E+03   -0.9990E+03   -0.9990E+03   -0.9990E+03   -0.9990E+03   -0.9990E+03   -0.9990E+03   -0.9990E+03
   -0.9990E+03   -0.9990E+03   -0.9990E+03   -0.9990E+03   -0.9990E+03   -0.9990E+03   -0.9990E+03   -0.9990E+03   -0.9990E+03   -0.9990E+03   -0.9990E+03   -0.9990E+03   -0.9990E+03   -0.9990E+03   -0.9990E+03   -0.9990E+03   -0.9990E+03   -0.9990E+03   -0.9990E+03   -0.9990E+03   -0.9990E+03   -0.9990E+03   -0.9990E+03    0.9369E+03    0.9500E+03    0.9424E+03    0.9416E+03    0.9491E+03    0.9615E+03    0.9547E+03    0.8355E+03    0.9881E+03    0.8258E+03    0.1561E+03    0.1734E+04    0.4050E+04    0.5712E+04    0.5731E+04    0.8186E+03    0.1907E+03    0.1602E+03    0.3952E+03    0.2540E+03    0.1975E+03    0.1585E+03    0.1628E+03    0.1681E+03    0.1589E+03    0.1450E+03    0.1338E+03    0.1164E+03    0.1148E+03    0.1099E+03    0.9962E+02    0.9224E+02    0.8564E+02    0.8907E+02   -0.9990E+03   -0.9990E+03   -0.9990E+03   -0.9990E+03   -0.9990E+03   -0.9990E+03   -0.9990E+03   -0.9990E+03   -0.9990E+03   -0.9990E+03   -0.9990E+03   -0.9990E+03   -0.9990E+03   -0.9990E+03   -0.9990E+03   -0.9990E+03   -0.9990E+03   -0.9990E+03   -0.9990E+03
   -0.9990E+03   -0.9990E+03   -0.9990E+03   -0.9990E+03   -0.9990E+03   -0.9990E+03   -0.9990E+03   -0.9990E+03   -0.9990E+03   -0.9990E+03   -0.9990E+03   -0.9990E+03   -0.9990E+03   -0.9990E+03   -0.9990E+03   -0.9990E+03   -0.9990E+03   -0.9990E+03   -0.9990E+03   -0.9990E+03   -0.9990E+03   -0.9990E+03   -0.9990E+03    0.9843E+03    0.9809E+03    0.9891E+03    0.9910E+03    0.9744E+03    0.2455E+03    0.6278E+03    0.9635E+03    0.8374E+03    0.9909E+03    0.2719E+03    0.1575E+03    0.1691E+03    0.5661E+04    0.2492E+03    0.1980E+03    0.1693E+03    0.1669E+03    0.2818E+03    0.1913E+03    0.1617E+03    0.1770E+03    0.1796E+03    0.1605E+03    0.1471E+03    0.1471E+03    0.1403E+03    0.1169E+03    0.1067E+03    0.1070E+03    0.9811E+02    0.9180E+02    0.8071E+02   -0.9990E+03   -0.9990E+03   -0.9990E+03   -0.9990E+03   -0.9990E+03   -0.9990E+03   -0.9990E+03   -0.9990E+03   -0.9990E+03   -0.9990E+03   -0.9990E+03   -0.9990E+03   -0.9990E+03   -0.9990E+03   -0.9990E+03   -0.9990E+03   -0.9990E+03   -0.9990E+03   -0.9990E+03   -0.9990E+03
   -0.9990E+03   -0.9990E+03   -0.9990E+03   -0.9990E+03   -0.9990E+03   -0.9990E+03   -0.9990E+03   -0.9990E+03   -0.9990E+03   -0.9990E+03   -0.9990E+03   -0.9990E+03   -0.9990E+03   -0.9990E+03   -0.9990E+03   -0.9990E+03   -0.9990E+03   -0.9990E+03   -0.9990E+03   -0.9990E+03   -0.9990E+03   -0.9990E+03   -0.9990E+03    0.9901E+03    0.9865E+03    0.1004E+04    0.1000E+04    0.9796E+03    0.3115E+03    0.9704E+03    0.8366E+03    0.8285E+03    0.8255E+03    0.5822E+03    0.1551E+03    0.1484E+03    0.1710E+03    0.1812E+03    0.1948E+03    0.1603E+03    0.2102E+03    0.2531E+03    0.1945E+03    0.1702E+03    0.1761E+03    0.1699E+03    0.1609E+03    0.1496E+03    0.1357E+03    0.1364E+03    0.1266E+03    0.1203E+03    0.1108E+03    0.1049E+03    0.9659E+02    0.8695E+02   -0.9990E+03   -0.9990E+03   -0.9990E+03   -0.9990E+03   -0.9990E+03   -0.9990E+03   -0.9990E+03   -0.9990E+03   -0.9990E+03   -0.9990E+03   -0.9990E+03   -0.9990E+03   -0.9990E+03   -0.9990E+03   -0.9990E+03   -0.9990E+03   -0.9990E+03   -0.9990E+03   -0.9990E+03   -0.9990E+03
   -0.9990E+03   -0.9990E+03   -0.9990E+03   -0.9990E+03   -0.9990E+03   -0.9990E+03   -0.9990E+03   -0.9990E+03   -0.9990E+03   -0.9990E+03   -0.9990E+03   -0.9990E+03   -0.9990E+03   -0.9990E+03   -0.9990E+03   -0.9990E+03   -0.9990E+03   -0.9990E+03   -0.9990E+03   -0.9990E+03   -0.9990E+03   -0.9990E+03   -0.9990E+03    0.9431E+03    0.8847E+03    0.8788E+03    0.8828E+03    0.1005E+04    0.9838E+03    0.9520E+03    0.8346E+03    0.8242E+03    0.9389E+03    0.1423E+03    0.1365E+03    0.1492E+03    0.1404E+03    0.1375E+03    0.1530E+03    0.1516E+03    0.1635E+03    0.2315E+03    0.2069E+03    0.1925E+03    0.1764E+03    0.1713E+03    0.1674E+03    0.1562E+03    0.1483E+03    0.1349E+03    0.1287E+03    0.1190E+03    0.1155E+03    0.9878E+02   -0.9990E+03   -0.9990E+03   -0.9990E+03   -0.9990E+03   -0.9990E+03   -0.9990E+03   -0.9990E+03   -0.9990E+03   -0.9990E+03   -0.9990E+03   -0.9990E+03   -0.9990E+03   -0.9990E+03   -0.9990E+03   -0.9990E+03   -0.9990E+03   -0.9990E+03   -0.9990E+03   -0.9990E+03   -0.9990E+03   -0.9990E+03   -0.9990E+03
   -0.9990E+03   -0.9990E+03   -0.9990E+03   -0.9990E+03   -0.9990E+03   -0.9990E+03   -0.9990E+03   -0.9990E+03   -0.9990E+03   -0.9990E+03   -0.9990E+03   -0.9990E+03   -0.9990E+03   -0.9990E+03   -0.9990E+03   -0.9990E+03   -0.9990E+03   -0.9990E+03   -0.9990E+03   -0.9990E+03   -0.9990E+03   -0.9990E+03   -0.9990E+03   -0.9990E+03    0.1571E+04    0.1031E+04    0.8795E+03    0.8675E+03    0.9935E+03    0.8190E+03    0.8079E+03    0.8132E+03    0.8715E+03    0.1378E+03    0.1347E+03    0.1391E+03    0.1296E+03    0.1325E+03    0.1358E+03    0.1438E+03    0.1469E+03    0.1674E+03    0.1791E+03    0.1899E+03    0.1676E+03    0.1619E+03    0.1698E+03    0.1654E+03    0.1417E+03    0.1329E+03    0.1289E+03    0.1118E+03    0.1092E+03   -0.9990E+03   -0.9990E+03   -0.9990E+03   -0.9990E+03   -0.9990E+03   -0.9990E+03   -0.9990E+03   -0.9990E+03   -0.9990E+03   -0.9990E+03   -0.9990E+03   -0.9990E+03   -0.9990E+03   -0.9990E+03   -0.9990E+03   -0.9990E+03   -0.9990E+03   -0.9990E+03   -0.9990E+03   -0.9990E+03   -0.9990E+03   -0.9990E+03   -0.9990E+03
   -0.9990E+03   -0.9990E+03   -0.9990E+03   -0.9990E+03   -0.9990E+03   -0.9990E+03   -0.9990E+03   -0.9990E+03   -0.9990E+03   -0.9990E+03   -0.9990E+03   -0.9990E+03   -0.9990E+03   -0.9990E+03   -0.9990E+03   -0.9990E+03   -0.9990E+03   -0.9990E+03   -0.9990E+03   -0.9990E+03   -0.9990E+03   -0.9990E+03   -0.9990E+03   -0.9990E+03    0.5633E+04    0.5634E+04    0.2567E+04    0.1510E+04    0.9690E+03    0.8319E+03    0.7992E+03    0.7937E+03    0.9036E+03    0.1322E+03    0.1305E+03    0.1304E+03    0.1274E+03    0.1368E+03    0.1386E+03    0.1439E+03    0.1517E+03    0.1523E+03    0.1759E+03    0.1664E+03    0.1569E+03    0.1568E+03    0.1570E+03    0.1296E+03    0.1101E+03    0.1239E+03    0.1054E+03   -0.9990E+03   -0.9990E+03   -0.9990E+03   -0.9990E+03   -0.9990E+03   -0.9990E+03   -0.9990E+03   -0.9990E+03   -0.9990E+03   -0.9990E+03   -0.9990E+03   -0.9990E+03   -0.9990E+03   -0.9990E+03   -0.9990E+03   -0.9990E+03   -0.9990E+03   -0.9990E+03   -0.9990E+03   -0.9990E+03   -0.9990E+03   -0.9990E+03   -0.9990E+03   -0.9990E+03   -0.9990E+03
   -0.9990E+03   -0.9990E+03   -0.9990E+03   -0.9990E+03   -0.9990E+03   -0.9990E+03   -0.9990E+03   -0.9990E+03   -0.9990E+03   -0.9990E+03   -0.9990E+03   -0.9990E+03   -0.9990E+03   -0.9990E+03   -0.9990E+03   -0.9990E+03   -0.9990E+03   -0.9990E+03   -0.9990E+03   -0.9990E+03   -0.9990E+03   -0.9990E+03   -0.9990E+03    0.5545E+04    0.5551E+04    0.4365E+04    0.5501E+04    0.5626E+04    0.5057E+04    0.1375E+04    0.9060E+03    0.9849E+03    0.9748E+03    0.1428E+03    0.1250E+03    0.1247E+03    0.1309E+03    0.1329E+03    0.1394E+03    0.1434E+03    0.1433E+03    0.1384E+03    0.1358E+03    0.1331E+03    0.1477E+03    0.1558E+03    0.1199E+03    0.1126E+03    0.1213E+03    0.1234E+03    0.1227E+03    0.1094E+03   -0.9990E+03   -0.9990E+03   -0.9990E+03   -0.9990E+03   -0.9990E+03   -0.9990E+03   -0.9990E+03   -0.9990E+03   -0.9990E+03   -0.9990E+03   -0.9990E+03   -0.9990E+03   -0.9990E+03   -0.9990E+03   -0.9990E+03   -0.9990E+03   -0.9990E+03   -0.9990E+03   -0.9990E+03   -0.9990E+03   -0.9990E+03   -0.9990E+03   -0.9990E+03   -0.9990E+03
   -0.9990E+03   -0.9990E+03   -0.9990E+03   -0.9990E+03   -0.9990E+03   -0.9990E+03   -0.9990E+03   -0.9990E+03   -0.9990E+03   -0.9990E+03   -0.9990E+03   -0.9990E+03   -0.9990E+03   -0.9990E+03   -0.9990E+03   -0.9990E+03   -0.9990E+03   -0.9990E+03   -0.9990E+03   -0.9990E+03   -0.9990E+03   -0.9990E+03   -0.9990E+03    0.4494E+04    0.4543E+04    0.4351E+04    0.4383E+04    0.4446E+04    0.5618E+04    0.5613E+04    0.2054E+04    0.3928E+03    0.1706E+03    0.1450E+03    0.1338E+03    0.1200E+03    0.1229E+03    0.1220E+03    0.1245E+03    0.1248E+03    0.1101E+03    0.1149E+03    0.1350E+03    0.1310E+03    0.1338E+03    0.1277E+03    0.1261E+03    0.1244E+03    0.1349E+03    0.1389E+03    0.1430E+03    0.1507E+03   -0.9990E+03   -0.9990E+03   -0.9990E+03   -0.9990E+03   -0.9990E+03   -0.9990E+03   -0.9990E+03   -0.9990E+03   -0.9990E+03   -0.9990E+03   -0.9990E+03   -0.9990E+03   -0.9990E+03   -0.9990E+03   -0.9990E+03   -0.9990E+03   -0.9990E+03   -0.9990E+03   -0.9990E+03   -0.9990E+03   -0.9990E+03   -0.9990E+03   -0.9990E+03   -0.9990E+03
   -0.9990E+03   -0.9990E+03   -0.9990E+03   -0.9990E+03   -0.9990E+03   -0.9990E+03   -0.9990E+03   -0.9990E+03   -0.9990E+03   -0.9990E+03   -0.9990E+03   -0.9990E+03   -0.9990E+03   -0.9990E+03   -0.9990E+03   -0.9990E+03   -0.9990E+03   -0.9990E+03   -0.9990E+03   -0.9990E+03   -0.9990E+03   -0.9990E+03   -0.9990E+03   -0.9990E+03    0.5631E+04    0.5498E+04    0.4932E+04    0.5622E+04    0.5636E+04    0.5474E+04    0.5603E+04    0.2924E+03    0.5877E+03    0.1493E+03    0.1269E+03    0.1131E+03    0.1162E+03    0.1133E+03    0.1114E+03    0.1051E+03    0.1089E+03    0.1066E+03    0.1190E+03    0.1312E+03    0.1129E+03    0.1063E+03    0.1131E+03    0.1189E+03    0.1402E+03    0.1348E+03    0.2081E+03    0.1908E+03   -0.9990E+03   -0.9990E+03   -0.9990E+03   -0.9990E+03   -0.9990E+03   -0.9990E+03   -0.9990E+03   -0.9990E+03   -0.9990E+03   -0.9990E+03   -0.9990E+03   -0.9990E+03   -0.9990E+03   -0.9990E+03   -0.9990E+03   -0.9990E+03   -0.9990E+03   -0.9990E+03   -0.9990E+03   -0.9990E+03   -0.9990E+03   -0.9990E+03   -0.9990E+03   -0.9990E+03
   -0.9990E+03   -0.9990E+03   -0.9990E+03   -0.9990E+03   -0.9990E+03   -0.9990E+03   -0.9990E+03   -0.9990E+03   -0.9990E+03   -0.9990E+03   -0.9990E+03   -0.9990E+03   -0.9990E+03   -0.9990E+03   -0.9990E+03   -0.9990E+03   -0.9990E+03   -0.9990E+03   -0.9990E+03   -0.9990E+03   -0.9990E+03   -0.9990E+03   -0.9990E+03   -0.9990E+03    0.5486E+04    0.5642E+04    0.5626E+04    0.5617E+04    0.5531E+04    0.5465E+04    0.5560E+04    0.5539E+03    0.2786E+03    0.1333E+03    0.1250E+03    0.1089E+03    0.1095E+03    0.9813E+02    0.1058E+03    0.9611E+02    0.1049E+03    0.1121E+03    0.1176E+03    0.1209E+03    0.1008E+03    0.1089E+03    0.1126E+03    0.1215E+03    0.1351E+03    0.1656E+03    0.2259E+03   -0.9990E+03   -0.9990E+03   -0.9990E+03   -0.9990E+03   -0.9990E+03   -0.9990E+03   -0.9990E+03   -0.9990E+03   -0.9990E+03   -0.9990E+03   -0.9990E+03   -0.9990E+03   -0.9990E+03   -0.9990E+03   -0.9990E+03   -0.9990E+03   -0.9990E+03   -0.9990E+03   -0.9990E+03   -0.9990E+03   -0.9990E+03   -0.9990E+03   -0.9990E+03   -0.9990E+03   -0.9990E+03
   -0.9990E+03   -0.9990E+03   -0.9990E+03   -0.9990E+03   -0.9990E+03   -0.9990E+03   -0.9990E+03   -0.9990E+03   -0.9990E+03   -0.9990E+03   -0.9990E+03   -0.9990E+03   -0.9990E+03   -0.9990E+03   -0.9990E+03   -0.9990E+03   -0.9990E+03   -0.9990E+03   -0.9990E+03   -0.9990E+03   -0.9990E+03   -0.9990E+03   -0.9990E+03   -0.9990E+03    0.5484E+04    0.5482E+04    0.5477E+04    0.5481E+04    0.5470E+04    0.5463E+04    0.5609E+04    0.3022E+04    0.5903E+03    0.1025E+03    0.8598E+02    0.9875E+02    0.9707E+02    0.1041E+03    0.9748E+02    0.1120E+03    0.1223E+03    0.1068E+03    0.1060E+03    0.1057E+03    0.9928E+02    0.9547E+02    0.9985E+02    0.1097E+03    0.1096E+03    0.1531E+03   -0.9990E+03   -0.9990E+03   -0.9990E+03   -0.9990E+03   -0.9990E+03   -0.9990E+03   -0.9990E+03   -0.9990E+03   -0.9990E+03   -0.9990E+03   -0.9990E+03   -0.9990E+03   -0.9990E+03   -0.9990E+03   -0.9990E+03   -0.9990E+03   -0.9990E+03   -0.9990E+03   -0.9990E+03   -0.9990E+03   -0.9990E+03   -0.9990E+03   -0.9990E+03   -0.9990E+03   -0.9990E+03   -0.9990E+03
   -0.9990E+03   -0.9990E+03   -0.9990E+03   -0.9990E+03   -0.9990E+03   -0.9990E+03   -0.9990E+03   -0.9990E+03   -0.9990E+03   -0.9990E+03   -0.9990E+03   -0.9990E+03   -0.9990E+03   -0.9990E+03   -0.9990E+03   -0.9990E+03   -0.9990E+03   -0.9990E+03   -0.9990E+03   -0.9990E+03   -0.9990E+03   -0.9990E+03   -0.9990E+03   -0.9990E+03    0.5483E+04    0.5477E+04    0.5472E+04    0.5469E+04    0.5464E+04    0.5464E+04    0.5602E+04    0.5295E+04    0.3116E+03    0.2285E+03    0.1057E+03    0.1002E+03    0.9673E+02    0.8699E+02    0.7061E+02    0.1033E+03    0.1214E+03    0.1108E+03    0.8554E+02    0.9254E+02    0.9649E+02    0.8278E+02    0.9141E+02    0.9848E+02    0.9377E+02    0.8847E+02   -0.9990E+03   -0.9990E+03   -0.9990E+03   -0.9990E+03   -0.9990E+03   -0.9990E+03   -0.9990E+03   -0.9990E+03   -0.9990E+03   -0.9990E+03   -0.9990E+03   -0.9990E+03   -0.9990E+03   -0.9990E+03   -0.9990E+03   -0.9990E+03   -0.9990E+03   -0.9990E+03   -0.9990E+03   -0.9990E+03   -0.9990E+03   -0.9990E+03   -0.9990E+03   -0.9990E+03   -0.9990E+03   -0.9990E+03
   -0.9990E+03   -0.9990E+03   -0.9990E+03   -0.9990E+03   -0.9990E+03   -0.9990E+03   -0.9990E+03   -0.9990E+03   -0.9990E+03   -0.9990E+03   -0.9990E+03   -0.9990E+03   -0.9990E+03   -0.9990E+03   -0.9990E+03   -0.9990E+03   -0.9990E+03   -0.9990E+03   -0.9990E+03   -0.9990E+03   -0.9990E+03   -0.9990E+03   -0.9990E+03   -0.9990E+03    0.5477E+04    0.5475E+04    0.5473E+04    0.5469E+04    0.5468E+04    0.5465E+04    0.5472E+04    0.5582E+04    0.1405E+03    0.1066E+03    0.4569E+03    0.1202E+03    0.9802E+02    0.8789E+02    0.8455E+02    0.1224E+03    0.1237E+03    0.1138E+03    0.7734E+02    0.8547E+02    0.8622E+02    0.8532E+02    0.8287E+02    0.8315E+02    0.8885E+02    0.8239E+02   -0.9990E+03   -0.9990E+03   -0.9990E+03   -0.9990E+03   -0.9990E+03   -0.9990E+03   -0.9990E+03   -0.9990E+03   -0.9990E+03   -0.9990E+03   -0.9990E+03   -0.9990E+03   -0.9990E+03   -0.9990E+03   -0.9990E+03   -0.9990E+03   -0.9990E+03   -0.9990E+03   -0.9990E+03   -0.9990E+03   -0.9990E+03   -0.9990E+03   -0.9990E+03   -0.9990E+03   -0.9990E+03   -0.9990E+03
   -0.9990E+03   -0.9990E+03   -0.9990E+03   -0.9990E+03   -0.9990E+03   -0.9990E+03   -0.9990E+03   -0.9990E+03   -0.9990E+03   -0.9990E+03   -0.9990E+03   -0.9990E+03   -0.9990E+03   -0.9990E+03   -0.9990E+03   -0.9990E+03   -0.9990E+03   -0.9990E+03   -0.9990E+03   -0.9990E+03   -0.9990E+03   -0.9990E+03   -0.9990E+03    0.5501E+04    0.5469E+04    0.5507E+04    0.5539E+04    0.5532E+04    0.5517E+04    0.5512E+04    0.5235E+04    0.5584E+04    0.9795E+02    0.8477E+02    0.1913E+03    0.9696E+02    0.1649E+03    0.2258E+03    0.2151E+03    0.1370E+03    0.1333E+03    0.1126E+03    0.7409E+02    0.7403E+02    0.7539E+02    0.8471E+02    0.8123E+02    0.8167E+02    0.9096E+02    0.8493E+02   -0.9990E+03   -0.9990E+03   -0.9990E+03   -0.9990E+03   -0.9990E+03   -0.9990E+03   -0.9990E+03   -0.9990E+03   -0.9990E+03   -0.9990E+03   -0.9990E+03   -0.9990E+03   -0.9990E+03   -0.9990E+03   -0.9990E+03   -0.9990E+03   -0.9990E+03   -0.9990E+03   -0.9990E+03   -0.9990E+03   -0.9990E+03   -0.9990E+03   -0.9990E+03   -0.9990E+03   -0.9990E+03   -0.9990E+03
   -0.9990E+03   -0.9990E+03   -0.9990E+03   -0.9990E+03   -0.9990E+03   -0.9990E+03   -0.9990E+03   -0.9990E+03   -0.9990E+03   -0.9990E+03   -0.9990E+03   -0.9990E+03   -0.9990E+03   -0.9990E+03   -0.9990E+03   -0.9990E+03   -0.9990E+03   -0.9990E+03   -0.9990E+03   -0.9990E+03   -0.9990E+03   -0.9990E+03   -0.9990E+03    0.1891E+03    0.5501E+04    0.5520E+04    0.5539E+04    0.5530E+04    0.5519E+04    0.5520E+04    0.5092E+04    0.2921E+04    0.2601E+03    0.2130E+03    0.4386E+03    0.2781E+03    0.1554E+03    0.7316E+03    0.5637E+03    0.1575E+03    0.1146E+03    0.9725E+02    0.7352E+02    0.7489E+02    0.7409E+02    0.8320E+02    0.7874E+02    0.8277E+02    0.8097E+02    0.7903E+02   -0.9990E+03   -0.9990E+03   -0.9990E+03   -0.9990E+03   -0.9990E+03   -0.9990E+03   -0.9990E+03   -0.9990E+03   -0.9990E+03   -0.9990E+03   -0.9990E+03   -0.9990E+03   -0.9990E+03   -0.9990E+03   -0.9990E+03   -0.9990E+03   -0.9990E+03   -0.9990E+03   -0.9990E+03   -0.9990E+03   -0.9990E+03   -0.9990E+03   -0.9990E+03   -0.9990E+03   -0.9990E+03   -0.9990E+03
   -0.9990E+03   -0.9990E+03   -0.9990E+03   -0.9990E+03   -0.9990E+03   -0.9990E+03   -0.9990E+03   -0.9990E+03   -0.9990E+03   -0.9990E+03   -0.9990E+03   -0.9990E+03   -0.9990E+03   -0.9990E+03   -0.9990E+03   -0.9990E+03   -0.9990E+03   -0.9990E+03   -0.9990E+03   -0.9990E+03   -0.9990E+03   -0.9990E+03   -0.9990E+03   -0.9990E+03    0.1822E+03    0.1864E+03    0.2010E+03    0.4355E+03    0.4119E+03    0.4095E+03    0.5497E+03    0.5092E+03    0.5138E+03    0.4944E+03    0.6905E+03    0.1100E+03    0.1288E+03    0.1502E+03    0.6290E+03    0.2609E+03    0.9362E+02    0.8263E+02    0.7446E+02    0.7382E+02    0.7280E+02    0.7347E+02    0.8503E+02    0.8407E+02    0.8042E+02    0.8600E+02    0.8648E+02   -0.9990E+03   -0.9990E+03   -0.9990E+03   -0.9990E+03   -0.9990E+03   -0.9990E+03   -0.9990E+03   -0.9990E+03   -0.9990E+03   -0.9990E+03   -0.9990E+03   -0.9990E+03   -0.9990E+03   -0.9990E+03   -0.9990E+03   -0.9990E+03   -0.9990E+03   -0.9990E+03   -0.9990E+03   -0.9990E+03   -0.9990E+03   -0.9990E+03   -0.9990E+03   -0.9990E+03   -0.9990E+03
   -0.9990E+03   -0.9990E+03   -0.9990E+03   -0.9990E+03   -0.9990E+03   -0.9990E+03   -0.9990E+03   -0.9990E+03   -0.9990E+03   -0.9990E+03   -0.9990E+03   -0.9990E+03   -0.9990E+03   -0.9990E+03   -0.9990E+03   -0.9990E+03   -0.9990E+03   -0.9990E+03   -0.9990E+03   -0.9990E+03   -0.9990E+03   -0.9990E+03   -0.9990E+03   -0.9990E+03   -0.9990E+03    0.4975E+03    0.2170E+04    0.5454E+04    0.5451E+04    0.5458E+04    0.5457E+04    0.5459E+04    0.1842E+04    0.5571E+03    0.5568E+03    0.3721E+03    0.4731E+03    0.1579E+03    0.6523E+03    0.2660E+03    0.7195E+02    0.7284E+02    0.7468E+02    0.7162E+02    0.7149E+02    0.7016E+02    0.8276E+02    0.7944E+02    0.7948E+02    0.9264E+02    0.8486E+02   -0.9990E+03   -0.9990E+03   -0.9990E+03   -0.9990E+03   -0.9990E+03   -0.9990E+03   -0.9990E+03   -0.9990E+03   -0.9990E+03   -0.9990E+03   -0.9990E+03   -0.9990E+03   -0.9990E+03   -0.9990E+03   -0.9990E+03   -0.9990E+03   -0.9990E+03   -0.9990E+03   -0.9990E+03   -0.9990E+03   -0.9990E+03   -0.9990E+03   -0.9990E+03   -0.9990E+03   -0.9990E+03
   -0.9990E+03   -0.9990E+03   -0.9990E+03   -0.9990E+03   -0.9990E+03   -0.9990E+03   -0.9990E+03   -0.9990E+03   -0.9990E+03   -0.9990E+03   -0.9990E+03   -0.9990E+03   -0.9990E+03   -0.9990E+03   -0.9990E+03   -0.9990E+03   -0.9990E+03   -0.9990E+03   -0.9990E+03   -0.9990E+03   -0.9990E+03   -0.9990E+03   -0.9990E+03   -0.9990E+03   -0.9990E+03    0.5449E+04    0.5444E+04    0.5437E+04    0.5444E+04    0.5443E+04    0.5447E+04    0.5446E+04    0.5487E+04    0.1133E+04    0.6131E+03    0.3602E+03    0.1308E+03    0.1470E+03    0.5341E+03    0.2059E+03    0.7324E+02    0.7333E+02    0.7245E+02    0.6982E+02    0.6928E+02    0.6858E+02    0.8172E+02    0.8050E+02    0.8146E+02    0.9174E+02    0.9026E+02    0.9032E+02   -0.9990E+03   -0.9990E+03   -0.9990E+03   -0.9990E+03   -0.9990E+03   -0.9990E+03   -0.9990E+03   -0.9990E+03   -0.9990E+03   -0.9990E+03   -0.9990E+03   -0.9990E+03   -0.9990E+03   -0.9990E+03   -0.9990E+03   -0.9990E+03   -0.9990E+03   -0.9990E+03   -0.9990E+03   -0.9990E+03   -0.9990E+03   -0.9990E+03   -0.9990E+03   -0.9990E+03
   -0.9990E+03   -0.9990E+03   -0.9990E+03   -0.9990E+03   -0.9990E+03   -0.9990E+03   -0.9990E+03   -0.9990E+03   -0.9990E+03   -0.9990E+03   -0.9990E+03   -0.9990E+03   -0.9990E+03   -0.9990E+03   -0.9990E+03   -0.9990E+03   -0.9990E+03   -0.9990E+03   -0.9990E+03   -0.9990E+03   -0.9990E+03   -0.9990E+03   -0.9990E+03   -0.9990E+03    0.5436E+04    0.5430E+04    0.5433E+04    0.5443E+04    0.5444E+04    0.5449E+04    0.5449E+04    0.5449E+04    0.5473E+04    0.4026E+04    0.2390E+02    0.1446E+03    0.1830E+03    0.5424E+03    0.2100E+03    0.7091E+02    0.7645E+02    0.7287E+02    0.6995E+02    0.6738E+02    0.6609E+02    0.6602E+02    0.7971E+02    0.7512E+02    0.8142E+02    0.8242E+02    0.9947E+02    0.1002E+03   -0.9990E+03   -0.9990E+03   -0.9990E+03   -0.9990E+03   -0.9990E+03   -0.9990E+03   -0.9990E+03   -0.9990E+03   -0.9990E+03   -0.9990E+03   -0.9990E+03   -0.9990E+03   -0.9990E+03   -0.9990E+03   -0.9990E+03   -0.9990E+03   -0.9990E+03   -0.9990E+03   -0.9990E+03   -0.9990E+03   -0.9990E+03   -0.9990E+03   -0.9990E+03   -0.9990E+03
   -0.9990E+03   -0.9990E+03   -0.9990E+03   -0.9990E+03   -0.9990E+03   -0.9990E+03   -0.9990E+03   -0.9990E+03   -0.9990E+03   -0.9990E+03   -0.9990E+03   -0.9990E+03   -0.9990E+03   -0.9990E+03   -0.9990E+03   -0.9990E+03   -0.9990E+03   -0.9990E+03   -0.9990E+03   -0.9990E+03   -0.9990E+03   -0.9990E+03   -0.9990E+03   -0.9990E+03    0.5440E+04    0.5442E+04    0.5446E+04    0.5436E+04    0.5440E+04    0.5448E+04    0.5454E+04    0.5453E+04    0.5452E+04    0.5481E+04    0.1463E+03    0.3990E+03    0.7318E+02    0.9336E+02    0.1975E+03    0.7075E+02    0.7288E+02    0.7237E+02    0.6919E+02    0.6426E+02    0.6197E+02    0.6310E+02    0.7590E+02    0.7140E+02    0.7889E+02    0.8517E+02    0.9953E+02    0.9961E+02   -0.9990E+03   -0.9990E+03   -0.9990E+03   -0.9990E+03   -0.9990E+03   -0.9990E+03   -0.9990E+03   -0.9990E+03   -0.9990E+03   -0.9990E+03   -0.9990E+03   -0.9990E+03   -0.9990E+03   -0.9990E+03   -0.9990E+03   -0.9990E+03   -0.9990E+03   -0.9990E+03   -0.9990E+03   -0.9990E+03   -0.9990E+03   -0.9990E+03   -0.9990E+03   -0.9990E+03
   -0.9990E+03   -0.9990E+03   -0.9990E+03   -0.9990E+03   -0.9990E+03   -0.9990E+03   -0.9990E+03   -0.9990E+03   -0.9990E+03   -0.9990E+03   -0.9990E+03   -0.9990E+03   -0.9990E+03   -0.9990E+03   -0.9990E+03   -0.9990E+03   -0.9990E+03   -0.9990E+03   -0.9990E+03   -0.9990E+03   -0.9990E+03   -0.9990E+03   -0.9990E+03   -0.9990E+03    0.3645E+04    0.4167E+04    0.5446E+04    0.5446E+04    0.5448E+04    0.5452E+04    0.5456E+04    0.5457E+04    0.5460E+04    0.5492E+04    0.1202E+03    0.1280E+03    0.8276E+02    0.9431E+02    0.7276E+02    0.7552E+02    0.7386E+02    0.7287E+02    0.6976E+02    0.6246E+02    0.5795E+02    0.6453E+02    0.6814E+02    0.7072E+02    0.8495E+02    0.8907E+02    0.9045E+02   -0.9990E+03   -0.9990E+03   -0.9990E+03   -0.9990E+03   -0.9990E+03   -0.9990E+03   -0.9990E+03   -0.9990E+03   -0.9990E+03   -0.9990E+03   -0.9990E+03   -0.9990E+03   -0.9990E+03   -0.9990E+03   -0.9990E+03   -0.9990E+03   -0.9990E+03   -0.9990E+03   -0.9990E+03   -0.9990E+03   -0.9990E+03   -0.9990E+03   -0.9990E+03   -0.9990E+03   -0.9990E+03
   -0.9990E+03   -0.9990E+03   -0.9990E+03   -0.9990E+03   -0.9990E+03   -0.9990E+03   -0.9990E+03   -0.9990E+03   -0.9990E+03   -0.9990E+03   -0.9990E+03   -0.9990E+03   -0.9990E+03   -0.9990E+03   -0.9990E+03   -0.9990E+03   -0.9990E+03   -0.9990E+03   -0.9990E+03   -0.9990E+03   -0.9990E+03   -0.9990E+03   -0.9990E+03   -0.9990E+03    0.2725E+04    0.2792E+04    0.3132E+04    0.3894E+04    0.5449E+04    0.5450E+04    0.5456E+04    0.5457E+04    0.5487E+04    0.5475E+04    0.1073E+03    0.7456E+02    0.1007E+03    0.9179E+02    0.7557E+02    0.7829E+02    0.7576E+02    0.7344E+02    0.7283E+02    0.6227E+02    0.5649E+02    0.6533E+02    0.5905E+02    0.7577E+02    0.8883E+02    0.9297E+02    0.9655E+02    0.1041E+03   -0.9990E+03   -0.9990E+03   -0.9990E+03   -0.9990E+03   -0.9990E+03   -0.9990E+03   -0.9990E+03   -0.9990E+03   -0.9990E+03   -0.9990E+03   -0.9990E+03   -0.9990E+03   -0.9990E+03   -0.9990E+03   -0.9990E+03   -0.9990E+03   -0.9990E+03   -0.9990E+03   -0.9990E+03   -0.9990E+03   -0.9990E+03   -0.9990E+03   -0.9990E+03   -0.9990E+03
   -0.9990E+03   -0.9990E+03   -0.9990E+03   -0.9990E+03   -0.9990E+03   -0.9990E+03   -0.9990E+03   -0.9990E+03   -0.9990E+03   -0.9990E+03   -0.9990E+03   -0.9990E+03   -0.9990E+03   -0.9990E+03   -0.9990E+03   -0.9990E+03   -0.9990E+03   -0.9990E+03   -0.9990E+03   -0.9990E+03   -0.9990E+03   -0.9990E+03   -0.9990E+03   -0.9990E+03   -0.9990E+03    0.2896E+04    0.3285E+04    0.3359E+04    0.3563E+04    0.5430E+04    0.5456E+04    0.5471E+04    0.5491E+04    0.1193E+03    0.1098E+03    0.1090E+03    0.9566E+02    0.7939E+02    0.8043E+02    0.8396E+02    0.7841E+02    0.8202E+02    0.6949E+02    0.6424E+02    0.6799E+02    0.7266E+02    0.6147E+02    0.7617E+02    0.9084E+02    0.9546E+02    0.1001E+03   -0.9990E+03   -0.9990E+03   -0.9990E+03   -0.9990E+03   -0.9990E+03   -0.9990E+03   -0.9990E+03   -0.9990E+03   -0.9990E+03   -0.9990E+03   -0.9990E+03   -0.9990E+03   -0.9990E+03   -0.9990E+03   -0.9990E+03   -0.9990E+03   -0.9990E+03   -0.9990E+03   -0.9990E+03   -0.9990E+03   -0.9990E+03   -0.9990E+03   -0.9990E+03   -0.9990E+03   -0.9990E+03
   -0.9990E+03   -0.9990E+03   -0.9990E+03   -0.9990E+03   -0.9990E+03   -0.9990E+03   -0.9990E+03   -0.9990E+03   -0.9990E+03   -0.9990E+03   -0.9990E+03   -0.9990E+03   -0.9990E+03   -0.9990E+03   -0.9990E+03   -0.9990E+03   -0.9990E+03   -0.9990E+03   -0.9990E+03   -0.9990E+03   -0.9990E+03   -0.9990E+03   -0.9990E+03   -0.9990E+03   -0.9990E+03    0.2804E+04    0.3185E+04    0.3536E+04    0.3747E+04    0.4160E+04    0.5443E+04    0.1540E+04    0.2172E+03    0.1128E+03    0.1252E+03    0.9580E+02    0.8798E+02    0.7712E+02    0.8912E+02    0.2326E+03    0.2053E+03    0.9410E+02    0.6732E+02    0.7021E+02    0.8455E+02    0.6776E+02    0.7200E+02    0.8972E+02    0.9341E+02    0.9464E+02   -0.9990E+03   -0.9990E+03   -0.9990E+03   -0.9990E+03   -0.9990E+03   -0.9990E+03   -0.9990E+03   -0.9990E+03   -0.9990E+03   -0.9990E+03   -0.9990E+03   -0.9990E+03   -0.9990E+03   -0.9990E+03   -0.9990E+03   -0.9990E+03   -0.9990E+03   -0.9990E+03   -0.9990E+03   -0.9990E+03   -0.9990E+03   -0.9990E+03   -0.9990E+03   -0.9990E+03   -0.9990E+03   -0.9990E+03
   -0.9990E+03   -0.9990E+03   -0.9990E+03   -0.9990E+03   -0.9990E+03   -0.9990E+03   -0.9990E+03   -0.9990E+03   -0.9990E+03   -0.9990E+03   -0.9990E+03   -0.9990E+03   -0.9990E+03   -0.9990E+03   -0.9990E+03   -0.9990E+03   -0.9990E+03   -0.9990E+03   -0.9990E+03   -0.9990E+03   -0.9990E+03   -0.9990E+03   -0.9990E+03   -0.9990E+03   -0.9990E+03    0.2897E+04    0.3454E+04    0.3525E+04    0.3744E+04    0.4091E+04    0.4437E+04    0.2989E+03    0.1439E+03    0.1094E+03    0.1102E+03    0.8900E+02    0.8560E+02    0.7579E+02    0.1154E+03    0.3690E+03    0.3186E+03    0.1151E+03    0.7825E+02    0.9112E+02    0.8323E+02    0.7321E+02    0.9618E+02    0.8466E+02    0.8730E+02   -0.9990E+03   -0.9990E+03   -0.9990E+03   -0.9990E+03   -0.9990E+03   -0.9990E+03   -0.9990E+03   -0.9990E+03   -0.9990E+03   -0.9990E+03   -0.9990E+03   -0.9990E+03   -0.9990E+03   -0.9990E+03   -0.9990E+03   -0.9990E+03   -0.9990E+03   -0.9990E+03   -0.9990E+03   -0.9990E+03   -0.9990E+03   -0.9990E+03   -0.9990E+03   -0.9990E+03   -0.9990E+03   -0.9990E+03   -0.9990E+03
   -0.9990E+03   -0.9990E+03   -0.9990E+03   -0.9990E+03   -0.9990E+03   -0.9990E+03   -0.9990E+03   -0.9990E+03   -0.9990E+03   -0.9990E+03   -0.9990E+03   -0.9990E+03   -0.9990E+03   -0.9990E+03   -0.9990E+03   -0.9990E+03   -0.9990E+03   -0.9990E+03   -0.9990E+03   -0.9990E+03   -0.9990E+03   -0.9990E+03   -0.9990E+03   -0.9990E+03   -0.9990E+03   -0.9990E+03    0.3145E+04    0.3762E+04    0.3814E+04    0.4001E+04    0.4170E+04    0.3144E+03    0.1186E+03    0.1105E+03    0.1052E+03    0.9141E+02    0.8538E+02    0.1001E+03    0.1141E+03    0.1160E+03    0.1073E+03    0.1001E+03    0.1030E+03    0.9587E+02    0.9223E+02    0.9550E+02    0.9664E+02    0.9017E+02   -0.9990E+03   -0.9990E+03   -0.9990E+03   -0.9990E+03   -0.9990E+03   -0.9990E+03   -0.9990E+03   -0.9990E+03   -0.9990E+03   -0.9990E+03   -0.9990E+03   -0.9990E+03   -0.9990E+03   -0.9990E+03   -0.9990E+03   -0.9990E+03   -0.9990E+03   -0.9990E+03   -0.9990E+03   -0.9990E+03   -0.9990E+03   -0.9990E+03   -0.9990E+03   -0.9990E+03   -0.9990E+03   -0.9990E+03   -0.9990E+03   -0.9990E+03
   -0.9990E+03   -0.9990E+03   -0.9990E+03   -0.9990E+03   -0.9990E+03   -0.9990E+03   -0.9990E+03   -0.9990E+03   -0.9990E+03   -0.9990E+03   -0.9990E+03   -0.9990E+03   -0.9990E+03   -0.9990E+03   -0.9990E+03   -0.9990E+03   -0.9990E+03   -0.9990E+03   -0.9990E+03   -0.9990E+03   -0.9990E+03   -0.9990E+03   -0.9990E+03   -0.9990E+03   -0.9990E+03    0.2270E+04    0.3854E+04    0.4206E+04    0.5422E+04    0.5427E+04    0.5123E+04    0.9893E+02    0.1137E+03    0.1163E+03    0.1047E+03    0.9175E+02    0.1029E+03    0.1182E+03    0.8992E+02    0.9049E+02    0.9286E+02    0.1113E+03    0.8389E+02    0.1104E+03    0.9648E+02    0.8719E+02    0.9115E+02    0.1005E+03   -0.9990E+03   -0.9990E+03   -0.9990E+03   -0.9990E+03   -0.9990E+03   -0.9990E+03   -0.9990E+03   -0.9990E+03   -0.9990E+03   -0.9990E+03   -0.9990E+03   -0.9990E+03   -0.9990E+03   -0.9990E+03   -0.9990E+03   -0.9990E+03   -0.9990E+03   -0.9990E+03   -0.9990E+03   -0.9990E+03   -0.9990E+03   -0.9990E+03   -0.9990E+03   -0.9990E+03   -0.9990E+03   -0.9990E+03   -0.9990E+03   -0.9990E+03
   -0.9990E+03   -0.9990E+03   -0.9990E+03   -0.9990E+03   -0.9990E+03   -0.9990E+03   -0.9990E+03   -0.9990E+03   -0.9990E+03   -0.9990E+03   -0.9990E+03   -0.9990E+03   -0.9990E+03   -0.9990E+03   -0.9990E+03   -0.9990E+03   -0.9990E+03   -0.9990E+03   -0.9990E+03   -0.9990E+03   -0.9990E+03   -0.9990E+03   -0.9990E+03   -0.9990E+03   -0.9990E+03    0.2182E+04    0.2871E+04    0.4644E+04    0.4666E+04    0.4424E+04    0.5226E+03    0.1119E+03    0.1253E+03    0.1232E+03    0.9612E+02    0.9700E+02    0.1179E+03    0.9009E+02    0.1055E+03    0.9341E+02    0.8638E+02    0.1153E+03    0.8464E+02    0.9080E+02    0.9847E+02    0.9520E+02    0.9261E+02   -0.9990E+03   -0.9990E+03   -0.9990E+03   -0.9990E+03   -0.9990E+03   -0.9990E+03   -0.9990E+03   -0.9990E+03   -0.9990E+03   -0.9990E+03   -0.9990E+03   -0.9990E+03   -0.9990E+03   -0.9990E+03   -0.9990E+03   -0.9990E+03   -0.9990E+03   -0.9990E+03   -0.9990E+03   -0.9990E+03   -0.9990E+03   -0.9990E+03   -0.9990E+03   -0.9990E+03   -0.9990E+03   -0.9990E+03   -0.9990E+03   -0.9990E+03   -0.9990E+03
   -0.9990E+03   -0.9990E+03   -0.9990E+03   -0.9990E+03   -0.9990E+03   -0.9990E+03   -0.9990E+03   -0.9990E+03   -0.9990E+03   -0.9990E+03   -0.9990E+03   -0.9990E+03   -0.9990E+03   -0.9990E+03   -0.9990E+03   -0.9990E+03   -0.9990E+03   -0.9990E+03   -0.9990E+03   -0.9990E+03   -0.9990E+03   -0.9990E+03   -0.9990E+03   -0.9990E+03   -0.9990E+03    0.2237E+04    0.2452E+04    0.2705E+04    0.3653E+04    0.5252E+04    0.1285E+03    0.1397E+03    0.1248E+03    0.1251E+03    0.1054E+03    0.1244E+03    0.1075E+03    0.6751E+02    0.9401E+02    0.9231E+02    0.9465E+02    0.1087E+03    0.1122E+03    0.9758E+02    0.1018E+03    0.1077E+03    0.1067E+03   -0.9990E+03   -0.9990E+03   -0.9990E+03   -0.9990E+03   -0.9990E+03   -0.9990E+03   -0.9990E+03   -0.9990E+03   -0.9990E+03   -0.9990E+03   -0.9990E+03   -0.9990E+03   -0.9990E+03   -0.9990E+03   -0.9990E+03   -0.9990E+03   -0.9990E+03   -0.9990E+03   -0.9990E+03   -0.9990E+03   -0.9990E+03   -0.9990E+03   -0.9990E+03   -0.9990E+03   -0.9990E+03   -0.9990E+03   -0.9990E+03   -0.9990E+03   -0.9990E+03
   -0.9990E+03   -0.9990E+03   -0.9990E+03   -0.9990E+03   -0.9990E+03   -0.9990E+03   -0.9990E+03   -0.9990E+03   -0.9990E+03   -0.9990E+03   -0.9990E+03   -0.9990E+03   -0.9990E+03   -0.9990E+03   -0.9990E+03   -0.9990E+03   -0.9990E+03   -0.9990E+03   -0.9990E+03   -0.9990E+03   -0.9990E+03   -0.9990E+03   -0.9990E+03   -0.9990E+03   -0.9990E+03   -0.9990E+03    0.2438E+04    0.2697E+04    0.2532E+04    0.4413E+04    0.1228E+03    0.1217E+03    0.1136E+03    0.1317E+03    0.1100E+03    0.1282E+03    0.1387E+03    0.1240E+03    0.1155E+03    0.1096E+03    0.1049E+03    0.9649E+02    0.1110E+03    0.1149E+03    0.1073E+03    0.1112E+03    0.1182E+03    0.1138E+03   -0.9990E+03   -0.9990E+03   -0.9990E+03   -0.9990E+03   -0.9990E+03   -0.9990E+03   -0.9990E+03   -0.9990E+03   -0.9990E+03   -0.9990E+03   -0.9990E+03   -0.9990E+03   -0.9990E+03   -0.9990E+03   -0.9990E+03   -0.9990E+03   -0.9990E+03   -0.9990E+03   -0.9990E+03   -0.9990E+03   -0.9990E+03   -0.9990E+03   -0.9990E+03   -0.9990E+03   -0.9990E+03   -0.9990E+03   -0.9990E+03   -0.9990E+03
   -0.9990E+03   -0.9990E+03   -0.9990E+03   -0.9990E+03   -0.9990E+03   -0.9990E+03   -0.9990E+03   -0.9990E+03   -0.9990E+03   -0.9990E+03   -0.9990E+03   -0.9990E+03   -0.9990E+03   -0.9990E+03   -0.9990E+03   -0.9990E+03   -0.9990E+03   -0.9990E+03   -0.9990E+03   -0.9990E+03   -0.9990E+03   -0.9990E+03   -0.9990E+03   -0.9990E+03   -0.9990E+03   -0.9990E+03    0.2160E+04    0.2456E+04    0.2825E+04    0.1335E+04    0.2273E+04    0.1296E+03    0.1307E+03    0.1364E+03    0.1050E+03    0.1365E+03    0.1248E+03    0.1159E+03    0.1168E+03    0.1238E+03    0.1306E+03    0.1328E+03    0.1159E+03    0.1350E+03    0.1174E+03    0.1242E+03    0.1272E+03    0.1185E+03   -0.9990E+03   -0.9990E+03   -0.9990E+03   -0.9990E+03   -0.9990E+03   -0.9990E+03   -0.9990E+03   -0.9990E+03   -0.9990E+03   -0.9990E+03   -0.9990E+03   -0.9990E+03   -0.9990E+03   -0.9990E+03   -0.9990E+03   -0.9990E+03   -0.9990E+03   -0.9990E+03   -0.9990E+03   -0.9990E+03   -0.9990E+03   -0.9990E+03   -0.9990E+03   -0.9990E+03   -0.9990E+03   -0.9990E+03   -0.9990E+03   -0.9990E+03
   -0.9990E+03   -0.9990E+03   -0.9990E+03   -0.9990E+03   -0.9990E+03   -0.9990E+03   -0.9990E+03   -0.9990E+03   -0.9990E+03   -0.9990E+03   -0.9990E+03   -0.9990E+03   -0.9990E+03   -0.9990E+03   -0.9990E+03   -0.9990E+03   -0.9990E+03   -0.9990E+03   -0.9990E+03   -0.9990E+03   -0.9990E+03   -0.9990E+03   -0.9990E+03   -0.9990E+03   -0.9990E+03   -0.9990E+03    0.2384E+04    0.2697E+04    0.2423E+04    0.1152E+04    0.1301E+04    0.1023E+04    0.1407E+03    0.1427E+03    0.1501E+03    0.1215E+03    0.1300E+03    0.1230E+03    0.1384E+03    0.1356E+03    0.1237E+03    0.1285E+03    0.8844E+02    0.9999E+02    0.7755E+02    0.1054E+03    0.1073E+03   -0.9990E+03   -0.9990E+03   -0.9990E+03   -0.9990E+03   -0.9990E+03   -0.9990E+03   -0.9990E+03   -0.9990E+03   -0.9990E+03   -0.9990E+03   -0.9990E+03   -0.9990E+03   -0.9990E+03   -0.9990E+03   -0.9990E+03   -0.9990E+03   -0.9990E+03   -0.9990E+03   -0.9990E+03   -0.9990E+03   -0.9990E+03   -0.9990E+03   -0.9990E+03   -0.9990E+03   -0.9990E+03   -0.9990E+03   -0.9990E+03   -0.9990E+03   -0.9990E+03
   -0.9990E+03   -0.9990E+03   -0.9990E+03   -0.9990E+03   -0.9990E+03   -0.9990E+03   -0.9990E+03   -0.9990E+03   -0.9990E+03   -0.9990E+03   -0.9990E+03   -0.9990E+03   -0.9990E+03   -0.9990E+03   -0.9990E+03   -0.9990E+03   -0.9990E+03   -0.9990E+03   -0.9990E+03   -0.9990E+03   -0.9990E+03   -0.9990E+03   -0.9990E+03   -0.9990E+03   -0.9990E+03   -0.9990E+03    0.2339E+04    0.2579E+04    0.2681E+04    0.1229E+04    0.1420E+04    0.1335E+04    0.1521E+03    0.1501E+03    0.1559E+03    0.1301E+03    0.1361E+03    0.1301E+03    0.1443E+03    0.1333E+03    0.1038E+03    0.9618E+02   -0.9990E+03   -0.9990E+03   -0.9990E+03   -0.9990E+03   -0.9990E+03   -0.9990E+03   -0.9990E+03   -0.9990E+03   -0.9990E+03   -0.9990E+03   -0.9990E+03   -0.9990E+03   -0.9990E+03   -0.9990E+03   -0.9990E+03   -0.9990E+03   -0.9990E+03   -0.9990E+03   -0.9990E+03   -0.9990E+03   -0.9990E+03   -0.9990E+03   -0.9990E+03   -0.9990E+03   -0.9990E+03   -0.9990E+03   -0.9990E+03   -0.9990E+03   -0.9990E+03   -0.9990E+03   -0.9990E+03   -0.9990E+03   -0.9990E+03   -0.9990E+03
   -0.9990E+03   -0.9990E+03   -0.9990E+03   -0.9990E+03   -0.9990E+03   -0.9990E+03   -0.9990E+03   -0.9990E+03   -0.9990E+03   -0.9990E+03   -0.9990E+03   -0.9990E+03   -0.9990E+03   -0.9990E+03   -0.9990E+03   -0.9990E+03   -0.9990E+03   -0.9990E+03   -0.9990E+03   -0.9990E+03   -0.9990E+03   -0.9990E+03   -0.9990E+03   -0.9990E+03   -0.9990E+03    0.2242E+04    0.2318E+04    0.2373E+04    0.2754E+04    0.1773E+04    0.1385E+04    0.7456E+03    0.1505E+03    0.1567E+03    0.1220E+03    0.1583E+03    0.1490E+03    0.1457E+03    0.1495E+03    0.1202E+03    0.1085E+03   -0.9990E+03   -0.9990E+03   -0.9990E+03   -0.9990E+03   -0.9990E+03   -0.9990E+03   -0.9990E+03   -0.9990E+03   -0.9990E+03   -0.9990E+03   -0.9990E+03   -0.9990E+03   -0.9990E+03   -0.9990E+03   -0.9990E+03   -0.9990E+03   -0.9990E+03   -0.9990E+03   -0.9990E+03   -0.9990E+03   -0.9990E+03   -0.9990E+03   -0.9990E+03   -0.9990E+03   -0.9990E+03   -0.9990E+03   -0.9990E+03   -0.9990E+03   -0.9990E+03   -0.9990E+03   -0.9990E+03   -0.9990E+03   -0.9990E+03   -0.9990E+03   -0.9990E+03
   -0.9990E+03   -0.9990E+03   -0.9990E+03   -0.9990E+03   -0.9990E+03   -0.9990E+03   -0.9990E+03   -0.9990E+03   -0.9990E+03   -0.9990E+03   -0.9990E+03   -0.9990E+03   -0.9990E+03   -0.9990E+03   -0.9990E+03   -0.9990E+03   -0.9990E+03   -0.9990E+03   -0.9990E+03   -0.9990E+03   -0.9990E+03   -0.9990E+03   -0.9990E+03   -0.9990E+03    0.2349E+04    0.2302E+04    0.2220E+04    0.2602E+04    0.2646E+04    0.2832E+04    0.1358E+04    0.1855E+03    0.1926E+03    0.1648E+03    0.1639E+03    0.1632E+03    0.1735E+03    0.1547E+03    0.1330E+03    0.1526E+03    0.1335E+03   -0.9990E+03   -0.9990E+03   -0.9990E+03   -0.9990E+03   -0.9990E+03   -0.9990E+03   -0.9990E+03   -0.9990E+03   -0.9990E+03   -0.9990E+03   -0.9990E+03   -0.9990E+03   -0.9990E+03   -0.9990E+03   -0.9990E+03   -0.9990E+03   -0.9990E+03   -0.9990E+03   -0.9990E+03   -0.9990E+03   -0.9990E+03   -0.9990E+03   -0.9990E+03   -0.9990E+03   -0.9990E+03   -0.9990E+03   -0.9990E+03   -0.9990E+03   -0.9990E+03   -0.9990E+03   -0.9990E+03   -0.9990E+03   -0.9990E+03   -0.9990E+03   -0.9990E+03
   -0.9990E+03   -0.9990E+03   -0.9990E+03   -0.9990E+03   -0.9990E+03   -0.9990E+03   -0.9990E+03   -0.9990E+03   -0.9990E+03   -0.9990E+03   -0.9990E+03   -0.9990E+03   -0.9990E+03   -0.9990E+03   -0.9990E+03   -0.9990E+03   -0.9990E+03   -0.9990E+03   -0.9990E+03   -0.9990E+03   -0.9990E+03   -0.9990E+03   -0.9990E+03   -0.9990E+03    0.2285E+04    0.2408E+04    0.2409E+04    0.2403E+04    0.2666E+04    0.2157E+04    0.9686E+03    0.4151E+03    0.2215E+03    0.1761E+03    0.1530E+03    0.1804E+03    0.1646E+03    0.1361E+03    0.1642E+03    0.1614E+03    0.1518E+03   -0.9990E+03   -0.9990E+03   -0.9990E+03   -0.9990E+03   -0.9990E+03   -0.9990E+03   -0.9990E+03   -0.9990E+03   -0.9990E+03   -0.9990E+03   -0.9990E+03   -0.9990E+03   -0.9990E+03   -0.9990E+03   -0.9990E+03   -0.9990E+03   -0.9990E+03   -0.9990E+03   -0.9990E+03   -0.9990E+03   -0.9990E+03   -0.9990E+03   -0.9990E+03   -0.9990E+03   -0.9990E+03   -0.9990E+03   -0.9990E+03   -0.9990E+03   -0.9990E+03   -0.9990E+03   -0.9990E+03   -0.9990E+03   -0.9990E+03   -0.9990E+03   -0.9990E+03
   -0.9990E+03   -0.9990E+03   -0.9990E+03   -0.9990E+03   -0.9990E+03   -0.9990E+03   -0.9990E+03   -0.9990E+03   -0.9990E+03   -0.9990E+03   -0.9990E+03   -0.9990E+03   -0.9990E+03   -0.9990E+03   -0.9990E+03   -0.9990E+03   -0.9990E+03   -0.9990E+03   -0.9990E+03   -0.9990E+03   -0.9990E+03   -0.9990E+03   -0.9990E+03   -0.9990E+03    0.2145E+04    0.2257E+04    0.2416E+04    0.2324E+04    0.2815E+04    0.2258E+04    0.3253E+03    0.3279E+03    0.3431E+03    0.1420E+03    0.1494E+03    0.1792E+03    0.1819E+03    0.1642E+03    0.1723E+03    0.1589E+03    0.1482E+03   -0.9990E+03   -0.9990E+03   -0.9990E+03   -0.9990E+03   -0.9990E+03   -0.9990E+03   -0.9990E+03   -0.9990E+03   -0.9990E+03   -0.9990E+03   -0.9990E+03   -0.9990E+03   -0.9990E+03   -0.9990E+03   -0.9990E+03   -0.9990E+03   -0.9990E+03   -0.9990E+03   -0.9990E+03   -0.9990E+03   -0.9990E+03   -0.9990E+03   -0.9990E+03   -0.9990E+03   -0.9990E+03   -0.9990E+03   -0.9990E+03   -0.9990E+03   -0.9990E+03   -0.9990E+03   -0.9990E+03   -0.9990E+03   -0.9990E+03   -0.9990E+03   -0.9990E+03
   -0.9990E+03   -0.9990E+03   -0.9990E+03   -0.9990E+03   -0.9990E+03   -0.9990E+03   -0.9990E+03   -0.9990E+03   -0.9990E+03   -0.9990E+03   -0.9990E+03   -0.9990E+03   -0.9990E+03   -0.9990E+03   -0.9990E+03   -0.9990E+03   -0.9990E+03   -0.9990E+03   -0.9990E+03   -0.9990E+03   -0.9990E+03   -0.9990E+03   -0.9990E+03   -0.9990E+03    0.3405E+04    0.2164E+04    0.2198E+04    0.2833E+04    0.1123E+04    0.2411E+03    0.5047E+03    0.4470E+03    0.3335E+03    0.1467E+03    0.1769E+03    0.1857E+03    0.1710E+03    0.1860E+03    0.1683E+03    0.1691E+03   -0.9990E+03   -0.9990E+03   -0.9990E+03   -0.9990E+03   -0.9990E+03   -0.9990E+03   -0.9990E+03   -0.9990E+03   -0.9990E+03   -0.9990E+03   -0.9990E+03   -0.9990E+03   -0.9990E+03   -0.9990E+03   -0.9990E+03   -0.9990E+03   -0.9990E+03   -0.9990E+03   -0.9990E+03   -0.9990E+03   -0.9990E+03   -0.9990E+03   -0.9990E+03   -0.9990E+03   -0.9990E+03   -0.9990E+03   -0.9990E+03   -0.9990E+03   -0.9990E+03   -0.9990E+03   -0.9990E+03   -0.9990E+03   -0.9990E+03   -0.9990E+03   -0.9990E+03   -0.9990E+03
   -0.9990E+03   -0.9990E+03   -0.9990E+03   -0.9990E+03   -0.9990E+03   -0.9990E+03   -0.9990E+03   -0.9990E+03   -0.9990E+03   -0.9990E+03   -0.9990E+03   -0.9990E+03   -0.9990E+03   -0.9990E+03   -0.9990E+03   -0.9990E+03   -0.9990E+03   -0.9990E+03   -0.9990E+03   -0.9990E+03   -0.9990E+03   -0.9990E+03   -0.9990E+03   -0.9990E+03    0.3586E+04    0.3774E+04    0.2155E+04    0.2530E+04    0.1509E+04    0.4512E+03    0.1970E+04    0.6338E+03    0.2424E+03    0.1761E+03    0.1843E+03    0.2031E+03    0.1888E+03    0.1919E+03    0.1812E+03    0.1672E+03   -0.9990E+03   -0.9990E+03   -0.9990E+03   -0.9990E+03   -0.9990E+03   -0.9990E+03   -0.9990E+03   -0.9990E+03   -0.9990E+03   -0.9990E+03   -0.9990E+03   -0.9990E+03   -0.9990E+03   -0.9990E+03   -0.9990E+03   -0.9990E+03   -0.9990E+03   -0.9990E+03   -0.9990E+03   -0.9990E+03   -0.9990E+03   -0.9990E+03   -0.9990E+03   -0.9990E+03   -0.9990E+03   -0.9990E+03   -0.9990E+03   -0.9990E+03   -0.9990E+03   -0.9990E+03   -0.9990E+03   -0.9990E+03   -0.9990E+03   -0.9990E+03   -0.9990E+03   -0.9990E+03
   -0.9990E+03   -0.9990E+03   -0.9990E+03   -0.9990E+03   -0.9990E+03   -0.9990E+03   -0.9990E+03   -0.9990E+03   -0.9990E+03   -0.9990E+03   -0.9990E+03   -0.9990E+03   -0.9990E+03   -0.9990E+03   -0.9990E+03   -0.9990E+03   -0.9990E+03   -0.9990E+03   -0.9990E+03   -0.9990E+03   -0.9990E+03   -0.9990E+03   -0.9990E+03   -0.9990E+03   -0.9990E+03   -0.9990E+03    0.2586E+04    0.1974E+04    0.2416E+04    0.2399E+03    0.2352E+04    0.8628E+03    0.4335E+03    0.1974E+03    0.2076E+03    0.1914E+03    0.1693E+03    0.1691E+03    0.1675E+03    0.1674E+03   -0.9990E+03   -0.9990E+03   -0.9990E+03   -0.9990E+03   -0.9990E+03   -0.9990E+03   -0.9990E+03   -0.9990E+03   -0.9990E+03   -0.9990E+03   -0.9990E+03   -0.9990E+03   -0.9990E+03   -0.9990E+03   -0.9990E+03   -0.9990E+03   -0.9990E+03   -0.9990E+03   -0.9990E+03   -0.9990E+03   -0.9990E+03   -0.9990E+03   -0.9990E+03   -0.9990E+03   -0.9990E+03   -0.9990E+03   -0.9990E+03   -0.9990E+03   -0.9990E+03   -0.9990E+03   -0.9990E+03   -0.9990E+03   -0.9990E+03   -0.9990E+03   -0.9990E+03   -0.9990E+03
   -0.9990E+03   -0.9990E+03   -0.9990E+03   -0.9990E+03   -0.9990E+03   -0.9990E+03   -0.9990E+03   -0.9990E+03   -0.9990E+03   -0.9990E+03   -0.9990E+03   -0.9990E+03   -0.9990E+03   -0.9990E+03   -0.9990E+03   -0.9990E+03   -0.9990E+03   -0.9990E+03   -0.9990E+03   -0.9990E+03   -0.9990E+03   -0.9990E+03   -0.9990E+03   -0.9990E+03   -0.9990E+03   -0.9990E+03    0.6156E+04    0.2139E+04    0.2448E+04    0.9585E+03    0.2343E+04    0.1089E+04    0.4826E+03    0.1949E+03    0.1758E+03    0.1889E+03    0.1751E+03    0.1639E+03    0.1845E+03    0.1784E+03   -0.9990E+03   -0.9990E+03   -0.9990E+03   -0.9990E+03   -0.9990E+03   -0.9990E+03   -0.9990E+03   -0.9990E+03   -0.9990E+03   -0.9990E+03   -0.9990E+03   -0.9990E+03   -0.9990E+03   -0.9990E+03   -0.9990E+03   -0.9990E+03   -0.9990E+03   -0.9990E+03   -0.9990E+03   -0.9990E+03   -0.9990E+03   -0.9990E+03   -0.9990E+03   -0.9990E+03   -0.9990E+03   -0.9990E+03   -0.9990E+03   -0.9990E+03   -0.9990E+03   -0.9990E+03   -0.9990E+03   -0.9990E+03   -0.9990E+03   -0.9990E+03   -0.9990E+03   -0.9990E+03
   -0.9990E+03   -0.9990E+03   -0.9990E+03   -0.9990E+03   -0.9990E+03   -0.9990E+03   -0.9990E+03   -0.9990E+03   -0.9990E+03   -0.9990E+03   -0.9990E+03   -0.9990E+03   -0.9990E+03   -0.9990E+03   -0.9990E+03   -0.9990E+03   -0.9990E+03   -0.9990E+03   -0.9990E+03   -0.9990E+03   -0.9990E+03    0.2073E+05    0.4263E+05    0.3614E+05    0.4608E+05    0.4274E+05    0.1865E+05    0.7391E+04    0.2454E+04    0.2190E+04    0.2689E+04    0.2125E+04    0.3068E+03    0.1811E+03    0.1881E+03    0.1834E+03    0.1741E+03    0.1772E+03    0.1925E+03    0.1784E+03   -0.9990E+03   -0.9990E+03   -0.9990E+03   -0.9990E+03   -0.9990E+03   -0.9990E+03   -0.9990E+03   -0.9990E+03   -0.9990E+03   -0.9990E+03   -0.9990E+03   -0.9990E+03   -0.9990E+03   -0.9990E+03   -0.9990E+03   -0.9990E+03   -0.9990E+03   -0.9990E+03   -0.9990E+03   -0.9990E+03   -0.9990E+03   -0.9990E+03   -0.9990E+03   -0.9990E+03   -0.9990E+03   -0.9990E+03   -0.9990E+03   -0.9990E+03   -0.9990E+03   -0.9990E+03   -0.9990E+03   -0.9990E+03   -0.9990E+03   -0.9990E+03   -0.9990E+03   -0.9990E+03
   -0.9990E+03   -0.9990E+03   -0.9990E+03   -0.9990E+03   -0.9990E+03   -0.9990E+03   -0.9990E+03   -0.9990E+03   -0.9990E+03   -0.9990E+03   -0.9990E+03   -0.9990E+03   -0.9990E+03   -0.9990E+03   -0.9990E+03   -0.9990E+03   -0.9990E+03   -0.9990E+03   -0.9990E+03   -0.9990E+03    0.2485E+05    0.2749E+05    0.2249E+05    0.3588E+05    0.3159E+05    0.2921E+05    0.5858E+04    0.5585E+04    0.5482E+04    0.2408E+04    0.1674E+04    0.2193E+04    0.2087E+03    0.1937E+03    0.1761E+03    0.1742E+03    0.1849E+03    0.2002E+03    0.1948E+03    0.1811E+03   -0.9990E+03   -0.9990E+03   -0.9990E+03   -0.9990E+03   -0.9990E+03   -0.9990E+03   -0.9990E+03   -0.9990E+03   -0.9990E+03   -0.9990E+03   -0.9990E+03   -0.9990E+03   -0.9990E+03   -0.9990E+03   -0.9990E+03   -0.9990E+03   -0.9990E+03   -0.9990E+03   -0.9990E+03   -0.9990E+03   -0.9990E+03   -0.9990E+03   -0.9990E+03   -0.9990E+03   -0.9990E+03   -0.9990E+03   -0.9990E+03   -0.9990E+03   -0.9990E+03   -0.9990E+03   -0.9990E+03   -0.9990E+03   -0.9990E+03   -0.9990E+03   -0.9990E+03   -0.9990E+03
   -0.9990E+03   -0.9990E+03   -0.9990E+03   -0.9990E+03   -0.9990E+03   -0.9990E+03   -0.9990E+03   -0.9990E+03   -0.9990E+03   -0.9990E+03   -0.9990E+03   -0.9990E+03   -0.9990E+03   -0.9990E+03   -0.9990E+03   -0.9990E+03   -0.9990E+03   -0.9990E+03   -0.9990E+03   -0.9990E+03    0.2731E+05    0.2386E+05    0.1926E+05    0.1696E+05    0.2460E+05    0.2854E+05    0.1585E+05    0.5633E+04    0.3110E+04    0.6658E+03    0.1772E+04    0.2173E+03    0.2099E+03    0.1675E+03    0.1850E+03    0.1865E+03    0.1977E+03    0.2024E+03    0.1914E+03    0.1945E+03   -0.9990E+03   -0.9990E+03   -0.9990E+03   -0.9990E+03   -0.9990E+03   -0.9990E+03   -0.9990E+03   -0.9990E+03   -0.9990E+03   -0.9990E+03   -0.9990E+03   -0.9990E+03   -0.9990E+03   -0.9990E+03   -0.9990E+03   -0.9990E+03   -0.9990E+03   -0.9990E+03   -0.9990E+03   -0.9990E+03   -0.9990E+03   -0.9990E+03   -0.9990E+03   -0.9990E+03   -0.9990E+03   -0.9990E+03   -0.9990E+03   -0.9990E+03   -0.9990E+03   -0.9990E+03   -0.9990E+03   -0.9990E+03   -0.9990E+03   -0.9990E+03   -0.9990E+03   -0.9990E+03
   -0.9990E+03   -0.9990E+03   -0.9990E+03   -0.9990E+03   -0.9990E+03   -0.9990E+03   -0.9990E+03   -0.9990E+03   -0.9990E+03   -0.9990E+03   -0.9990E+03   -0.9990E+03   -0.9990E+03   -0.9990E+03   -0.9990E+03   -0.9990E+03   -0.9990E+03   -0.9990E+03   -0.9990E+03   -0.9990E+03    0.3424E+05    0.3355E+05    0.3369E+05    0.3430E+05    0.3437E+05    0.6948E+04    0.5297E+04    0.5528E+04    0.3552E+04    0.3772E+03    0.2284E+03    0.2200E+03    0.1997E+03    0.1597E+03    0.1913E+03    0.2050E+03    0.2151E+03    0.2096E+03    0.2070E+03    0.1982E+03   -0.9990E+03   -0.9990E+03   -0.9990E+03   -0.9990E+03   -0.9990E+03   -0.9990E+03   -0.9990E+03   -0.9990E+03   -0.9990E+03   -0.9990E+03   -0.9990E+03   -0.9990E+03   -0.9990E+03   -0.9990E+03   -0.9990E+03   -0.9990E+03   -0.9990E+03   -0.9990E+03   -0.9990E+03   -0.9990E+03   -0.9990E+03   -0.9990E+03   -0.9990E+03   -0.9990E+03   -0.9990E+03   -0.9990E+03   -0.9990E+03   -0.9990E+03   -0.9990E+03   -0.9990E+03   -0.9990E+03   -0.9990E+03   -0.9990E+03   -0.9990E+03   -0.9990E+03   -0.9990E+03
   -0.9990E+03   -0.9990E+03   -0.9990E+03   -0.9990E+03   -0.9990E+03   -0.9990E+03   -0.9990E+03   -0.9990E+03   -0.9990E+03   -0.9990E+03   -0.9990E+03   -0.9990E+03   -0.9990E+03   -0.9990E+03   -0.9990E+03   -0.9990E+03   -0.9990E+03   -0.9990E+03   -0.9990E+03    0.2417E+05    0.3413E+05    0.3642E+05    0.3727E+05    0.7949E+04    0.1241E+04    0.7334E+03    0.6986E+03    0.2102E+04    0.5009E+03    0.2862E+03    0.2408E+03    0.2196E+03    0.2029E+03    0.2124E+03    0.2274E+03    0.2273E+03    0.2030E+03    0.2118E+03    0.2006E+03   -0.9990E+03   -0.9990E+03   -0.9990E+03   -0.9990E+03   -0.9990E+03   -0.9990E+03   -0.9990E+03   -0.9990E+03   -0.9990E+03   -0.9990E+03   -0.9990E+03   -0.9990E+03   -0.9990E+03   -0.9990E+03   -0.9990E+03   -0.9990E+03   -0.9990E+03   -0.9990E+03   -0.9990E+03   -0.9990E+03   -0.9990E+03   -0.9990E+03   -0.9990E+03   -0.9990E+03   -0.9990E+03   -0.9990E+03   -0.9990E+03   -0.9990E+03   -0.9990E+03   -0.9990E+03   -0.9990E+03   -0.9990E+03   -0.9990E+03   -0.9990E+03   -0.9990E+03   -0.9990E+03   -0.9990E+03
   -0.9990E+03   -0.9990E+03   -0.9990E+03   -0.9990E+03   -0.9990E+03   -0.9990E+03   -0.9990E+03   -0.9990E+03   -0.9990E+03   -0.9990E+03   -0.9990E+03   -0.9990E+03   -0.9990E+03   -0.9990E+03   -0.9990E+03   -0.9990E+03   -0.9990E+03    0.2268E+05    0.2267E+05    0.2350E+05    0.2211E+05    0.2599E+05    0.2660E+05    0.1086E+05    0.5899E+04    0.3559E+03    0.3853E+03    0.3424E+03    0.2425E+03    0.2413E+03    0.2296E+03    0.2214E+03    0.2201E+03    0.2230E+03    0.1934E+03    0.2054E+03    0.2190E+03    0.2083E+03   -0.9990E+03   -0.9990E+03   -0.9990E+03   -0.9990E+03   -0.9990E+03   -0.9990E+03   -0.9990E+03   -0.9990E+03   -0.9990E+03   -0.9990E+03   -0.9990E+03   -0.9990E+03   -0.9990E+03   -0.9990E+03   -0.9990E+03   -0.9990E+03   -0.9990E+03   -0.9990E+03   -0.9990E+03   -0.9990E+03   -0.9990E+03   -0.9990E+03   -0.9990E+03   -0.9990E+03   -0.9990E+03   -0.9990E+03   -0.9990E+03   -0.9990E+03   -0.9990E+03   -0.9990E+03   -0.9990E+03   -0.9990E+03   -0.9990E+03   -0.9990E+03   -0.9990E+03   -0.9990E+03   -0.9990E+03   -0.9990E+03
   -0.9990E+03   -0.9990E+03   -0.9990E+03   -0.9990E+03   -0.9990E+03   -0.9990E+03   -0.9990E+03   -0.9990E+03   -0.9990E+03   -0.9990E+03   -0.9990E+03   -0.9990E+03   -0.9990E+03   -0.9990E+03   -0.9990E+03    0.2319E+05    0.2324E+05    0.2346E+05    0.2350E+05    0.2408E+05    0.1341E+05    0.1796E+05    0.9283E+04    0.3581E+05    0.6580E+04    0.4923E+03    0.3418E+03    0.2565E+03    0.2416E+03    0.2530E+03    0.2399E+03    0.2229E+03    0.2243E+03    0.2276E+03    0.2420E+03    0.3188E+03    0.3088E+03    0.2375E+03   -0.9990E+03   -0.9990E+03   -0.9990E+03   -0.9990E+03   -0.9990E+03   -0.9990E+03   -0.9990E+03   -0.9990E+03   -0.9990E+03   -0.9990E+03   -0.9990E+03   -0.9990E+03   -0.9990E+03   -0.9990E+03   -0.9990E+03   -0.9990E+03   -0.9990E+03   -0.9990E+03   -0.9990E+03   -0.9990E+03   -0.9990E+03   -0.9990E+03   -0.9990E+03   -0.9990E+03   -0.9990E+03   -0.9990E+03   -0.9990E+03   -0.9990E+03   -0.9990E+03   -0.9990E+03   -0.9990E+03   -0.9990E+03   -0.9990E+03   -0.9990E+03   -0.9990E+03   -0.9990E+03   -0.9990E+03   -0.9990E+03
   -0.9990E+03   -0.9990E+03   -0.9990E+03   -0.9990E+03   -0.9990E+03   -0.9990E+03   -0.9990E+03   -0.9990E+03   -0.9990E+03   -0.9990E+03   -0.9990E+03   -0.9990E+03   -0.9990E+03   -0.9990E+03    0.4400E+04    0.4521E+04    0.4502E+04    0.4568E+04    0.4239E+04    0.1852E+05    0.1337E+05    0.4542E+04    0.7995E+03    0.7207E+04    0.7290E+03    0.3123E+03    0.2593E+03    0.2416E+03    0.2427E+03    0.2768E+03    0.2735E+03    0.2656E+03    0.2742E+03    0.2994E+03    0.3676E+03    0.3241E+03    0.3407E+03    0.2423E+03   -0.9990E+03   -0.9990E+03   -0.9990E+03   -0.9990E+03   -0.9990E+03   -0.9990E+03   -0.9990E+03   -0.9990E+03   -0.9990E+03   -0.9990E+03   -0.9990E+03   -0.9990E+03   -0.9990E+03   -0.9990E+03   -0.9990E+03   -0.9990E+03   -0.9990E+03   -0.9990E+03   -0.9990E+03   -0.9990E+03   -0.9990E+03   -0.9990E+03   -0.9990E+03   -0.9990E+03   -0.9990E+03   -0.9990E+03   -0.9990E+03   -0.9990E+03   -0.9990E+03   -0.9990E+03   -0.9990E+03   -0.9990E+03   -0.9990E+03   -0.9990E+03   -0.9990E+03   -0.9990E+03   -0.9990E+03   -0.9990E+03
   -0.9990E+03   -0.9990E+03   -0.9990E+03   -0.9990E+03   -0.9990E+03   -0.9990E+03   -0.9990E+03   -0.9990E+03   -0.9990E+03   -0.9990E+03   -0.9990E+03   -0.9990E+03   -0.9990E+03    0.4018E+04    0.4060E+04    0.4126E+04    0.4103E+04    0.4150E+04    0.3805E+04    0.3870E+04    0.9108E+04    0.1653E+04    0.3690E+03    0.3099E+03    0.2785E+03    0.2559E+03    0.2449E+03    0.2471E+03    0.2755E+03    0.2754E+03    0.2553E+03    0.2546E+03    0.2821E+03    0.2849E+03    0.2847E+03    0.2706E+03    0.2709E+03    0.2416E+03   -0.9990E+03   -0.9990E+03   -0.9990E+03   -0.9990E+03   -0.9990E+03   -0.9990E+03   -0.9990E+03   -0.9990E+03   -0.9990E+03   -0.9990E+03   -0.9990E+03   -0.9990E+03   -0.9990E+03   -0.9990E+03   -0.9990E+03   -0.9990E+03   -0.9990E+03   -0.9990E+03   -0.9990E+03   -0.9990E+03   -0.9990E+03   -0.9990E+03   -0.9990E+03   -0.9990E+03   -0.9990E+03   -0.9990E+03   -0.9990E+03   -0.9990E+03   -0.9990E+03   -0.9990E+03   -0.9990E+03   -0.9990E+03   -0.9990E+03   -0.9990E+03   -0.9990E+03   -0.9990E+03   -0.9990E+03   -0.9990E+03
   -0.9990E+03   -0.9990E+03   -0.9990E+03   -0.9990E+03   -0.9990E+03   -0.9990E+03   -0.9990E+03   -0.9990E+03   -0.9990E+03   -0.9990E+03   -0.9990E+03   -0.9990E+03    0.2070E+04    0.3638E+04    0.3636E+04    0.3656E+04    0.3708E+04    0.3721E+04    0.3541E+04    0.3497E+04    0.3858E+04    0.2424E+04    0.4575E+03    0.2889E+03    0.2582E+03    0.2467E+03    0.2451E+03    0.2604E+03    0.2673E+03    0.2608E+03    0.2637E+03    0.2617E+03    0.2654E+03    0.2674E+03    0.2549E+03    0.2610E+03   -0.9990E+03   -0.9990E+03   -0.9990E+03   -0.9990E+03   -0.9990E+03   -0.9990E+03   -0.9990E+03   -0.9990E+03   -0.9990E+03   -0.9990E+03   -0.9990E+03   -0.9990E+03   -0.9990E+03   -0.9990E+03   -0.9990E+03   -0.9990E+03   -0.9990E+03   -0.9990E+03   -0.9990E+03   -0.9990E+03   -0.9990E+03   -0.9990E+03   -0.9990E+03   -0.9990E+03   -0.9990E+03   -0.9990E+03   -0.9990E+03   -0.9990E+03   -0.9990E+03   -0.9990E+03   -0.9990E+03   -0.9990E+03   -0.9990E+03   -0.9990E+03   -0.9990E+03   -0.9990E+03   -0.9990E+03   -0.9990E+03   -0.9990E+03   -0.9990E+03
   -0.9990E+03   -0.9990E+03   -0.9990E+03   -0.9990E+03   -0.9990E+03   -0.9990E+03   -0.9990E+03   -0.9990E+03   -0.9990E+03   -0.9990E+03   -0.9990E+03    0.4863E+03    0.5197E+03    0.1934E+04    0.3308E+04    0.3328E+04    0.3366E+04    0.3369E+04    0.3286E+04    0.3136E+04    0.3473E+04    0.3105E+04    0.3087E+03    0.2596E+03    0.2488E+03    0.2393E+03    0.2645E+03    0.2670E+03    0.2620E+03    0.2635E+03    0.2679E+03    0.2640E+03    0.2629E+03    0.2641E+03    0.2640E+03    0.2519E+03   -0.9990E+03   -0.9990E+03   -0.9990E+03   -0.9990E+03   -0.9990E+03   -0.9990E+03   -0.9990E+03   -0.9990E+03   -0.9990E+03   -0.9990E+03   -0.9990E+03   -0.9990E+03   -0.9990E+03   -0.9990E+03   -0.9990E+03   -0.9990E+03   -0.9990E+03   -0.9990E+03   -0.9990E+03   -0.9990E+03   -0.9990E+03   -0.9990E+03   -0.9990E+03   -0.9990E+03   -0.9990E+03   -0.9990E+03   -0.9990E+03   -0.9990E+03   -0.9990E+03   -0.9990E+03   -0.9990E+03   -0.9990E+03   -0.9990E+03   -0.9990E+03   -0.9990E+03   -0.9990E+03   -0.9990E+03   -0.9990E+03   -0.9990E+03   -0.9990E+03
   -0.9990E+03   -0.9990E+03   -0.9990E+03   -0.9990E+03   -0.9990E+03   -0.9990E+03   -0.9990E+03   -0.9990E+03   -0.9990E+03   -0.9990E+03    0.4486E+03    0.4789E+03    0.5116E+03    0.5407E+03    0.1789E+04    0.2998E+04    0.3029E+04    0.3053E+04    0.2941E+04    0.2822E+04    0.3085E+04    0.4777E+03    0.2846E+03    0.2666E+03    0.2552E+03    0.2646E+03    0.2820E+03    0.2699E+03    0.2661E+03    0.2661E+03    0.2690E+03    0.2774E+03    0.2631E+03    0.2678E+03    0.2703E+03   -0.9990E+03   -0.9990E+03   -0.9990E+03   -0.9990E+03   -0.9990E+03   -0.9990E+03   -0.9990E+03   -0.9990E+03   -0.9990E+03   -0.9990E+03   -0.9990E+03   -0.9990E+03   -0.9990E+03   -0.9990E+03   -0.9990E+03   -0.9990E+03   -0.9990E+03   -0.9990E+03   -0.9990E+03   -0.9990E+03   -0.9990E+03   -0.9990E+03   -0.9990E+03   -0.9990E+03   -0.9990E+03   -0.9990E+03   -0.9990E+03   -0.9990E+03   -0.9990E+03   -0.9990E+03   -0.9990E+03   -0.9990E+03   -0.9990E+03   -0.9990E+03   -0.9990E+03   -0.9990E+03   -0.9990E+03   -0.9990E+03   -0.9990E+03   -0.9990E+03   -0.9990E+03
   -0.9990E+03   -0.9990E+03   -0.9990E+03   -0.9990E+03   -0.9990E+03   -0.9990E+03   -0.9990E+03   -0.9990E+03    0.2095E+04    0.2001E+04    0.4465E+03    0.4724E+03    0.5032E+03    0.5319E+03    0.5520E+03    0.1100E+04    0.1307E+04    0.1344E+04    0.1244E+04    0.2821E+04    0.6951E+03    0.3113E+03    0.3012E+03    0.2903E+03    0.2868E+03    0.2560E+03    0.2477E+03    0.2441E+03    0.2434E+03    0.2441E+03    0.2448E+03    0.2465E+03    0.2656E+03    0.2632E+03    0.2688E+03   -0.9990E+03   -0.9990E+03   -0.9990E+03   -0.9990E+03   -0.9990E+03   -0.9990E+03   -0.9990E+03   -0.9990E+03   -0.9990E+03   -0.9990E+03   -0.9990E+03   -0.9990E+03   -0.9990E+03   -0.9990E+03   -0.9990E+03   -0.9990E+03   -0.9990E+03   -0.9990E+03   -0.9990E+03   -0.9990E+03   -0.9990E+03   -0.9990E+03   -0.9990E+03   -0.9990E+03   -0.9990E+03   -0.9990E+03   -0.9990E+03   -0.9990E+03   -0.9990E+03   -0.9990E+03   -0.9990E+03   -0.9990E+03   -0.9990E+03   -0.9990E+03   -0.9990E+03   -0.9990E+03   -0.9990E+03   -0.9990E+03   -0.9990E+03   -0.9990E+03   -0.9990E+03
   -0.9990E+03   -0.9990E+03   -0.9990E+03   -0.9990E+03   -0.9990E+03   -0.9990E+03   -0.9990E+03   -0.9990E+03    0.2095E+04    0.2009E+04    0.4453E+03    0.4693E+03    0.4966E+03    0.5205E+03    0.5382E+03    0.8739E+03    0.1101E+04    0.1336E+04    0.1288E+04    0.1470E+04    0.3371E+03    0.3256E+03    0.3635E+03    0.3221E+03    0.3747E+03    0.4069E+03    0.2920E+03    0.2533E+03    0.2494E+03    0.2494E+03    0.2493E+03    0.2500E+03    0.2513E+03    0.2516E+03    0.2484E+03   -0.9990E+03   -0.9990E+03   -0.9990E+03   -0.9990E+03   -0.9990E+03   -0.9990E+03   -0.9990E+03   -0.9990E+03   -0.9990E+03   -0.9990E+03   -0.9990E+03   -0.9990E+03   -0.9990E+03   -0.9990E+03   -0.9990E+03   -0.9990E+03   -0.9990E+03   -0.9990E+03   -0.9990E+03   -0.9990E+03   -0.9990E+03   -0.9990E+03   -0.9990E+03   -0.9990E+03   -0.9990E+03   -0.9990E+03   -0.9990E+03   -0.9990E+03   -0.9990E+03   -0.9990E+03   -0.9990E+03   -0.9990E+03   -0.9990E+03   -0.9990E+03   -0.9990E+03   -0.9990E+03   -0.9990E+03   -0.9990E+03   -0.9990E+03   -0.9990E+03   -0.9990E+03
   -0.9990E+03   -0.9990E+03   -0.9990E+03   -0.9990E+03   -0.9990E+03   -0.9990E+03   -0.9990E+03   -0.9990E+03    0.2110E+04    0.2016E+04    0.4492E+03    0.4705E+03    0.4943E+03    0.5168E+03    0.5293E+03    0.8601E+03    0.8640E+03    0.1120E+04    0.1106E+04    0.5117E+03    0.3338E+03    0.3894E+03    0.3944E+03    0.4083E+03    0.4570E+03    0.4062E+03    0.3645E+03    0.3242E+03    0.2584E+03    0.2541E+03    0.2535E+03    0.2523E+03    0.2521E+03    0.2526E+03    0.2471E+03   -0.9990E+03   -0.9990E+03   -0.9990E+03   -0.9990E+03   -0.9990E+03   -0.9990E+03   -0.9990E+03   -0.9990E+03   -0.9990E+03   -0.9990E+03   -0.9990E+03   -0.9990E+03   -0.9990E+03   -0.9990E+03   -0.9990E+03   -0.9990E+03   -0.9990E+03   -0.9990E+03   -0.9990E+03   -0.9990E+03   -0.9990E+03   -0.9990E+03   -0.9990E+03   -0.9990E+03   -0.9990E+03   -0.9990E+03   -0.9990E+03   -0.9990E+03   -0.9990E+03   -0.9990E+03   -0.9990E+03   -0.9990E+03   -0.9990E+03   -0.9990E+03   -0.9990E+03   -0.9990E+03   -0.9990E+03   -0.9990E+03   -0.9990E+03   -0.9990E+03   -0.9990E+03
   -0.9990E+03   -0.9990E+03   -0.9990E+03   -0.9990E+03   -0.9990E+03   -0.9990E+03   -0.9990E+03    0.1823E+04    0.1852E+04    0.1919E+04    0.2052E+04    0.4845E+03    0.5002E+03    0.8423E+03    0.8525E+03    0.8427E+03    0.4127E+03    0.5294E+03    0.3542E+03    0.3424E+03    0.3381E+03    0.4518E+03    0.4400E+03    0.3701E+03    0.4540E+03    0.3994E+03    0.3702E+03    0.3562E+03    0.3258E+03    0.2599E+03    0.2582E+03    0.2575E+03    0.2559E+03    0.2518E+03   -0.9990E+03   -0.9990E+03   -0.9990E+03   -0.9990E+03   -0.9990E+03   -0.9990E+03   -0.9990E+03   -0.9990E+03   -0.9990E+03   -0.9990E+03   -0.9990E+03   -0.9990E+03   -0.9990E+03   -0.9990E+03   -0.9990E+03   -0.9990E+03   -0.9990E+03   -0.9990E+03   -0.9990E+03   -0.9990E+03   -0.9990E+03   -0.9990E+03   -0.9990E+03   -0.9990E+03   -0.9990E+03   -0.9990E+03   -0.9990E+03   -0.9990E+03   -0.9990E+03   -0.9990E+03   -0.9990E+03   -0.9990E+03   -0.9990E+03   -0.9990E+03   -0.9990E+03   -0.9990E+03   -0.9990E+03   -0.9990E+03   -0.9990E+03   -0.9990E+03   -0.9990E+03   -0.9990E+03
   -0.9990E+03   -0.9990E+03   -0.9990E+03   -0.9990E+03   -0.9990E+03   -0.9990E+03   -0.9990E+03    0.1845E+04    0.1910E+04    0.1887E+04    0.1536E+04    0.8508E+03    0.8552E+03    0.4731E+03    0.3708E+03    0.3525E+03    0.3559E+03    0.3304E+03    0.3279E+03    0.3376E+03    0.4235E+03    0.5070E+03    0.4714E+03    0.4866E+03    0.4100E+03    0.3966E+03    0.3856E+03    0.3541E+03    0.3620E+03    0.2805E+03    0.2625E+03    0.2615E+03    0.2589E+03   -0.9990E+03   -0.9990E+03   -0.9990E+03   -0.9990E+03   -0.9990E+03   -0.9990E+03   -0.9990E+03   -0.9990E+03   -0.9990E+03   -0.9990E+03   -0.9990E+03   -0.9990E+03   -0.9990E+03   -0.9990E+03   -0.9990E+03   -0.9990E+03   -0.9990E+03   -0.9990E+03   -0.9990E+03   -0.9990E+03   -0.9990E+03   -0.9990E+03   -0.9990E+03   -0.9990E+03   -0.9990E+03   -0.9990E+03   -0.9990E+03   -0.9990E+03   -0.9990E+03   -0.9990E+03   -0.9990E+03   -0.9990E+03   -0.9990E+03   -0.9990E+03   -0.9990E+03   -0.9990E+03   -0.9990E+03   -0.9990E+03   -0.9990E+03   -0.9990E+03   -0.9990E+03   -0.9990E+03   -0.9990E+03
   -0.9990E+03   -0.9990E+03   -0.9990E+03   -0.9990E+03   -0.9990E+03    0.1989E+04    0.2003E+04    0.1900E+04    0.2028E+04    0.1946E+04    0.4191E+03    0.3659E+03    0.4091E+03    0.3815E+03    0.3491E+03    0.3490E+03    0.3439E+03    0.3385E+03    0.3400E+03    0.3390E+03    0.4152E+03    0.4493E+03    0.4926E+03    0.4619E+03    0.4196E+03    0.4033E+03    0.3596E+03    0.3625E+03    0.3571E+03    0.3372E+03    0.2672E+03    0.2633E+03    0.2627E+03   -0.9990E+03   -0.9990E+03   -0.9990E+03   -0.9990E+03   -0.9990E+03   -0.9990E+03   -0.9990E+03   -0.9990E+03   -0.9990E+03   -0.9990E+03   -0.9990E+03   -0.9990E+03   -0.9990E+03   -0.9990E+03   -0.9990E+03   -0.9990E+03   -0.9990E+03   -0.9990E+03   -0.9990E+03   -0.9990E+03   -0.9990E+03   -0.9990E+03   -0.9990E+03   -0.9990E+03   -0.9990E+03   -0.9990E+03   -0.9990E+03   -0.9990E+03   -0.9990E+03   -0.9990E+03   -0.9990E+03   -0.9990E+03   -0.9990E+03   -0.9990E+03   -0.9990E+03   -0.9990E+03   -0.9990E+03   -0.9990E+03   -0.9990E+03   -0.9990E+03   -0.9990E+03   -0.9990E+03   -0.9990E+03
   -0.9990E+03   -0.9990E+03   -0.9990E+03   -0.9990E+03    0.2142E+04    0.2051E+04    0.2166E+04    0.2005E+04    0.2214E+04    0.2336E+04    0.3871E+03    0.3704E+03    0.3722E+03    0.3630E+03    0.3677E+03    0.3659E+03    0.3723E+03    0.3603E+03    0.3571E+03    0.4491E+03    0.3659E+03    0.3726E+03    0.3889E+03    0.4725E+03    0.4184E+03    0.3906E+03    0.3810E+03    0.3643E+03    0.3526E+03   -0.9990E+03   -0.9990E+03   -0.9990E+03   -0.9990E+03   -0.9990E+03   -0.9990E+03   -0.9990E+03   -0.9990E+03   -0.9990E+03   -0.9990E+03   -0.9990E+03   -0.9990E+03   -0.9990E+03   -0.9990E+03   -0.9990E+03   -0.9990E+03   -0.9990E+03   -0.9990E+03   -0.9990E+03   -0.9990E+03   -0.9990E+03   -0.9990E+03   -0.9990E+03   -0.9990E+03   -0.9990E+03   -0.9990E+03   -0.9990E+03   -0.9990E+03   -0.9990E+03   -0.9990E+03   -0.9990E+03   -0.9990E+03   -0.9990E+03   -0.9990E+03   -0.9990E+03   -0.9990E+03   -0.9990E+03   -0.9990E+03   -0.9990E+03   -0.9990E+03   -0.9990E+03   -0.9990E+03   -0.9990E+03   -0.9990E+03   -0.9990E+03   -0.9990E+03   -0.9990E+03
   -0.9990E+03   -0.9990E+03   -0.9990E+03    0.2184E+04    0.2240E+04    0.2150E+04    0.2494E+04    0.4307E+03    0.4162E+03    0.4087E+03    0.4078E+03    0.3709E+03    0.3776E+03    0.3709E+03    0.5358E+03    0.5977E+03    0.4426E+03    0.4110E+03    0.4648E+03    0.4075E+03    0.3806E+03    0.3473E+03    0.3446E+03    0.3652E+03    0.3833E+03    0.3413E+03   -0.9990E+03   -0.9990E+03   -0.9990E+03   -0.9990E+03   -0.9990E+03   -0.9990E+03   -0.9990E+03   -0.9990E+03   -0.9990E+03   -0.9990E+03   -0.9990E+03   -0.9990E+03   -0.9990E+03   -0.9990E+03   -0.9990E+03   -0.9990E+03   -0.9990E+03   -0.9990E+03   -0.9990E+03   -0.9990E+03   -0.9990E+03   -0.9990E+03   -0.9990E+03   -0.9990E+03   -0.9990E+03   -0.9990E+03   -0.9990E+03   -0.9990E+03   -0.9990E+03   -0.9990E+03   -0.9990E+03   -0.9990E+03   -0.9990E+03   -0.9990E+03   -0.9990E+03   -0.9990E+03   -0.9990E+03   -0.9990E+03   -0.9990E+03   -0.9990E+03   -0.9990E+03   -0.9990E+03   -0.9990E+03   -0.9990E+03   -0.9990E+03   -0.9990E+03   -0.9990E+03   -0.9990E+03   -0.9990E+03   -0.9990E+03
   -0.9990E+03   -0.9990E+03    0.3529E+03    0.4339E+03    0.1428E+04    0.4167E+03    0.4627E+03    0.6336E+03    0.3659E+03    0.4087E+03    0.3963E+03    0.2598E+04    0.1063E+04    0.9125E+03    0.1008E+04    0.9868E+03    0.7644E+03    0.4158E+03    0.3787E+03    0.3586E+03    0.3483E+03    0.3470E+03    0.3368E+03    0.3196E+03   -0.9990E+03   -0.9990E+03   -0.9990E+03   -0.9990E+03   -0.9990E+03   -0.9990E+03   -0.9990E+03   -0.9990E+03   -0.9990E+03   -0.9990E+03   -0.9990E+03   -0.9990E+03   -0.9990E+03   -0.9990E+03   -0.9990E+03   -0.9990E+03   -0.9990E+03   -0.9990E+03   -0.9990E+03   -0.9990E+03   -0.9990E+03   -0.9990E+03   -0.9990E+03   -0.9990E+03   -0.9990E+03   -0.9990E+03   -0.9990E+03   -0.9990E+03   -0.9990E+03   -0.9990E+03   -0.9990E+03   -0.9990E+03   -0.9990E+03   -0.9990E+03   -0.9990E+03   -0.9990E+03   -0.9990E+03   -0.9990E+03   -0.9990E+03   -0.9990E+03   -0.9990E+03   -0.9990E+03   -0.9990E+03   -0.9990E+03   -0.9990E+03   -0.9990E+03   -0.9990E+03   -0.9990E+03   -0.9990E+03   -0.9990E+03   -0.9990E+03   -0.9990E+03
   -0.9990E+03   -0.9990E+03    0.3546E+03    0.3798E+03    0.3635E+03    0.4142E+03    0.4202E+03    0.4101E+03    0.3694E+03    0.4751E+03    0.1165E+04    0.1553E+04    0.4418E+03    0.4961E+03    0.5814E+03    0.8704E+03    0.3991E+03    0.3827E+03    0.3637E+03    0.3442E+03    0.3391E+03    0.3350E+03   -0.9990E+03   -0.9990E+03   -0.9990E+03   -0.9990E+03   -0.9990E+03   -0.9990E+03   -0.9990E+03   -0.9990E+03   -0.9990E+03   -0.9990E+03   -0.9990E+03   -0.9990E+03   -0.9990E+03   -0.9990E+03   -0.9990E+03   -0.9990E+03   -0.9990E+03   -0.9990E+03   -0.9990E+03   -0.9990E+03   -0.9990E+03   -0.9990E+03   -0.9990E+03   -0.9990E+03   -0.9990E+03   -0.9990E+03   -0.9990E+03   -0.9990E+03   -0.9990E+03   -0.9990E+03   -0.9990E+03   -0.9990E+03   -0.9990E+03   -0.9990E+03   -0.9990E+03   -0.9990E+03   -0.9990E+03   -0.9990E+03   -0.9990E+03   -0.9990E+03   -0.9990E+03   -0.9990E+03   -0.9990E+03   -0.9990E+03   -0.9990E+03   -0.9990E+03   -0.9990E+03   -0.9990E+03   -0.9990E+03   -0.9990E+03   -0.9990E+03   -0.9990E+03   -0.9990E+03   -0.9990E+03
   -0.9990E+03    0.3416E+03    0.3448E+03    0.3521E+03    0.3618E+03    0.3886E+03    0.3952E+03    0.4737E+03    0.4045E+03    0.4024E+03    0.4141E+03    0.7649E+03    0.3836E+03    0.3798E+03    0.4025E+03    0.4452E+03    0.3685E+03    0.3634E+03   -0.9990E+03   -0.9990E+03   -0.9990E+03   -0.9990E+03   -0.9990E+03   -0.9990E+03   -0.9990E+03   -0.9990E+03   -0.9990E+03   -0.9990E+03   -0.9990E+03   -0.9990E+03   -0.9990E+03   -0.9990E+03   -0.9990E+03   -0.9990E+03   -0.9990E+03   -0.9990E+03   -0.9990E+03   -0.9990E+03   -0.9990E+03   -0.9990E+03   -0.9990E+03   -0.9990E+03   -0.9990E+03   -0.9990E+03   -0.9990E+03   -0.9990E+03   -0.9990E+03   -0.9990E+03   -0.9990E+03   -0.9990E+03   -0.9990E+03   -0.9990E+03   -0.9990E+03   -0.9990E+03   -0.9990E+03   -0.9990E+03   -0.9990E+03   -0.9990E+03   -0.9990E+03   -0.9990E+03   -0.9990E+03   -0.9990E+03   -0.9990E+03   -0.9990E+03   -0.9990E+03   -0.9990E+03   -0.9990E+03   -0.9990E+03   -0.9990E+03   -0.9990E+03   -0.9990E+03   -0.9990E+03   -0.9990E+03   -0.9990E+03   -0.9990E+03   -0.9990E+03
    0.3280E+03    0.3345E+03    0.3401E+03    0.3445E+03    0.3615E+03    0.3652E+03    0.3653E+03    0.3674E+03    0.3685E+03    0.3650E+03    0.3687E+03    0.3751E+03    0.3840E+03   -0.9990E+03   -0.9990E+03   -0.9990E+03   -0.9990E+03   -0.9990E+03   -0.9990E+03   -0.9990E+03   -0.9990E+03   -0.9990E+03   -0.9990E+03   -0.9990E+03   -0.9990E+03   -0.9990E+03   -0.9990E+03   -0.9990E+03   -0.9990E+03   -0.9990E+03   -0.9990E+03   -0.9990E+03   -0.9990E+03   -0.9990E+03   -0.9990E+03   -0.9990E+03   -0.9990E+03   -0.9990E+03   -0.9990E+03   -0.9990E+03   -0.9990E+03   -0.9990E+03   -0.9990E+03   -0.9990E+03   -0.9990E+03   -0.9990E+03   -0.9990E+03   -0.9990E+03   -0.9990E+03   -0.9990E+03   -0.9990E+03   -0.9990E+03   -0.9990E+03   -0.9990E+03   -0.9990E+03   -0.9990E+03   -0.9990E+03   -0.9990E+03   -0.9990E+03   -0.9990E+03   -0.9990E+03   -0.9990E+03   -0.9990E+03   -0.9990E+03   -0.9990E+03   -0.9990E+03   -0.9990E+03   -0.9990E+03   -0.9990E+03   -0.9990E+03   -0.9990E+03   -0.9990E+03   -0.9990E+03   -0.9990E+03   -0.9990E+03   -0.9990E+03
    0.3310E+03    0.3331E+03    0.3371E+03    0.3397E+03   -0.9990E+03   -0.9990E+03   -0.9990E+03   -0.9990E+03   -0.9990E+03   -0.9990E+03   -0.9990E+03   -0.9990E+03   -0.9990E+03   -0.9990E+03   -0.9990E+03   -0.9990E+03   -0.9990E+03   -0.9990E+03   -0.9990E+03   -0.9990E+03   -0.9990E+03   -0.9990E+03   -0.9990E+03   -0.9990E+03   -0.9990E+03   -0.9990E+03   -0.9990E+03   -0.9990E+03   -0.9990E+03   -0.9990E+03   -0.9990E+03   -0.9990E+03   -0.9990E+03   -0.9990E+03   -0.9990E+03   -0.9990E+03   -0.9990E+03   -0.9990E+03   -0.9990E+03   -0.9990E+03   -0.9990E+03   -0.9990E+03   -0.9990E+03   -0.9990E+03   -0.9990E+03   -0.9990E+03   -0.9990E+03   -0.9990E+03   -0.9990E+03   -0.9990E+03   -0.9990E+03   -0.9990E+03   -0.9990E+03   -0.9990E+03   -0.9990E+03   -0.9990E+03   -0.9990E+03   -0.9990E+03   -0.9990E+03   -0.9990E+03   -0.9990E+03   -0.9990E+03   -0.9990E+03   -0.9990E+03   -0.9990E+03   -0.9990E+03   -0.9990E+03   -0.9990E+03   -0.9990E+03   -0.9990E+03   -0.9990E+03   -0.9990E+03   -0.9990E+03   -0.9990E+03   -0.9990E+03   -0.9990E+03
   -0.9990E+03    0.3325E+03    0.3375E+03    0.3342E+03   -0.9990E+03   -0.9990E+03   -0.9990E+03   -0.9990E+03   -0.9990E+03   -0.9990E+03   -0.9990E+03   -0.9990E+03   -0.9990E+03   -0.9990E+03   -0.9990E+03   -0.9990E+03   -0.9990E+03   -0.9990E+03   -0.9990E+03   -0.9990E+03   -0.9990E+03   -0.9990E+03   -0.9990E+03   -0.9990E+03   -0.9990E+03   -0.9990E+03   -0.9990E+03   -0.9990E+03   -0.9990E+03   -0.9990E+03   -0.9990E+03   -0.9990E+03   -0.9990E+03   -0.9990E+03   -0.9990E+03   -0.9990E+03   -0.9990E+03   -0.9990E+03   -0.9990E+03   -0.9990E+03   -0.9990E+03   -0.9990E+03   -0.9990E+03   -0.9990E+03   -0.9990E+03   -0.9990E+03   -0.9990E+03   -0.9990E+03   -0.9990E+03   -0.9990E+03   -0.9990E+03   -0.9990E+03   -0.9990E+03   -0.9990E+03   -0.9990E+03   -0.9990E+03   -0.9990E+03   -0.9990E+03   -0.9990E+03   -0.9990E+03   -0.9990E+03   -0.9990E+03   -0.9990E+03   -0.9990E+03   -0.9990E+03   -0.9990E+03   -0.9990E+03   -0.9990E+03   -0.9990E+03   -0.9990E+03   -0.9990E+03   -0.9990E+03   -0.9990E+03   -0.9990E+03   -0.9990E+03   -0.9990E+03
      1095.0000          LAYER       1
   -0.9990E+03   -0.9990E+03   -0.9990E+03   -0.9990E+03   -0.9990E+03   -0.9990E+03   -0.9990E+03   -0.9990E+03   -0.9990E+03   -0.9990E+03   -0.9990E+03   -0.9990E+03   -0.9990E+03   -0.9990E+03   -0.9990E+03   -0.9990E+03   -0.9990E+03   -0.9990E+03   -0.9990E+03   -0.9990E+03   -0.9990E+03   -0.9990E+03   -0.9990E+03   -0.9990E+03   -0.9990E+03   -0.9990E+03   -0.9990E+03   -0.9990E+03   -0.9990E+03   -0.9990E+03   -0.9990E+03   -0.9990E+03   -0.9990E+03   -0.9990E+03   -0.9990E+03   -0.9990E+03   -0.9990E+03   -0.9990E+03   -0.9990E+03   -0.9990E+03   -0.9990E+03   -0.9990E+03   -0.9990E+03   -0.9990E+03   -0.9990E+03   -0.9990E+03   -0.9990E+03   -0.9990E+03   -0.9990E+03   -0.9990E+03   -0.9990E+03   -0.9990E+03   -0.9990E+03   -0.9990E+03   -0.9990E+03   -0.9990E+03   -0.9990E+03   -0.9990E+03   -0.9990E+03   -0.9990E+03   -0.9990E+03   -0.9990E+03   -0.9990E+03   -0.9990E+03   -0.9990E+03   -0.9990E+03   -0.9990E+03   -0.9990E+03   -0.9990E+03   -0.9990E+03   -0.9990E+03    0.7376E+02    0.7405E+02   -0.9990E+03   -0.9990E+03   -0.9990E+03
   -0.9990E+03   -0.9990E+03   -0.9990E+03   -0.9990E+03   -0.9990E+03   -0.9990E+03   -0.9990E+03   -0.9990E+03   -0.9990E+03   -0.9990E+03   -0.9990E+03   -0.9990E+03   -0.9990E+03   -0.9990E+03   -0.9990E+03   -0.9990E+03   -0.9990E+03   -0.9990E+03   -0.9990E+03   -0.9990E+03   -0.9990E+03   -0.9990E+03   -0.9990E+03   -0.9990E+03   -0.9990E+03   -0.9990E+03   -0.9990E+03   -0.9990E+03   -0.9990E+03   -0.9990E+03   -0.9990E+03   -0.9990E+03   -0.9990E+03   -0.9990E+03   -0.9990E+03   -0.9990E+03   -0.9990E+03   -0.9990E+03   -0.9990E+03   -0.9990E+03   -0.9990E+03   -0.9990E+03   -0.9990E+03   -0.9990E+03   -0.9990E+03   -0.9990E+03   -0.9990E+03   -0.9990E+03   -0.9990E+03   -0.9990E+03   -0.9990E+03   -0.9990E+03   -0.9990E+03   -0.9990E+03   -0.9990E+03   -0.9990E+03   -0.9990E+03   -0.9990E+03   -0.9990E+03   -0.9990E+03   -0.9990E+03   -0.9990E+03   -0.9990E+03   -0.9990E+03   -0.9990E+03   -0.9990E+03   -0.9990E+03   -0.9990E+03   -0.9990E+03   -0.9990E+03    0.7002E+02    0.7697E+02    0.7871E+02    0.7825E+02   -0.9990E+03   -0.9990E+03
   -0.9990E+03   -0.9990E+03   -0.9990E+03   -0.9990E+03   -0.9990E+03   -0.9990E+03   -0.9990E+03   -0.9990E+03   -0.9990E+03   -0.9990E+03   -0.9990E+03   -0.9990E+03   -0.9990E+03   -0.9990E+03   -0.9990E+03   -0.9990E+03   -0.9990E+03   -0.9990E+03   -0.9990E+03   -0.9990E+03   -0.9990E+03   -0.9990E+03   -0.9990E+03   -0.9990E+03   -0.9990E+03   -0.9990E+03   -0.9990E+03   -0.9990E+03   -0.9990E+03   -0.9990E+03   -0.9990E+03   -0.9990E+03   -0.9990E+03   -0.9990E+03   -0.9990E+03   -0.9990E+03   -0.9990E+03   -0.9990E+03   -0.9990E+03   -0.9990E+03   -0.9990E+03   -0.9990E+03   -0.9990E+03   -0.9990E+03   -0.9990E+03   -0.9990E+03   -0.9990E+03   -0.9990E+03   -0.9990E+03   -0.9990E+03   -0.9990E+03   -0.9990E+03   -0.9990E+03   -0.9990E+03   -0.9990E+03   -0.9990E+03   -0.9990E+03   -0.9990E+03   -0.9990E+03   -0.9990E+03   -0.9990E+03   -0.9990E+03   -0.9990E+03   -0.9990E+03   -0.9990E+03   -0.9990E+03   -0.9990E+03   -0.9990E+03    0.5872E+03    0.7353E+02    0.7029E+02    0.7883E+02    0.7572E+02    0.8194E+02    0.8921E+02   -0.9990E+03
   -0.9990E+03   -0.9990E+03   -0.9990E+03   -0.9990E+03   -0.9990E+03   -0.9990E+03   -0.9990E+03   -0.9990E+03   -0.9990E+03   -0.9990E+03   -0.9990E+03   -0.9990E+03   -0.9990E+03   -0.9990E+03   -0.9990E+03   -0.9990E+03   -0.9990E+03   -0.9990E+03   -0.9990E+03   -0.9990E+03   -0.9990E+03   -0.9990E+03   -0.9990E+03   -0.9990E+03   -0.9990E+03   -0.9990E+03   -0.9990E+03   -0.9990E+03   -0.9990E+03   -0.9990E+03   -0.9990E+03   -0.9990E+03   -0.9990E+03   -0.9990E+03   -0.9990E+03   -0.9990E+03   -0.9990E+03   -0.9990E+03   -0.9990E+03   -0.9990E+03   -0.9990E+03   -0.9990E+03   -0.9990E+03   -0.9990E+03   -0.9990E+03   -0.9990E+03   -0.9990E+03   -0.9990E+03   -0.9990E+03   -0.9990E+03   -0.9990E+03   -0.9990E+03   -0.9990E+03   -0.9990E+03   -0.9990E+03   -0.9990E+03   -0.9990E+03   -0.9990E+03   -0.9990E+03   -0.9990E+03   -0.9990E+03   -0.9990E+03   -0.9990E+03   -0.9990E+03   -0.9990E+03   -0.9990E+03   -0.9990E+03   -0.9990E+03    0.6172E+03    0.7306E+02    0.7817E+02    0.8188E+02    0.8754E+02    0.8563E+02    0.8905E+02   -0.9990E+03
   -0.9990E+03   -0.9990E+03   -0.9990E+03   -0.9990E+03   -0.9990E+03   -0.9990E+03   -0.9990E+03   -0.9990E+03   -0.9990E+03   -0.9990E+03   -0.9990E+03   -0.9990E+03   -0.9990E+03   -0.9990E+03   -0.9990E+03   -0.9990E+03   -0.9990E+03   -0.9990E+03   -0.9990E+03   -0.9990E+03   -0.9990E+03   -0.9990E+03   -0.9990E+03   -0.9990E+03   -0.9990E+03   -0.9990E+03   -0.9990E+03   -0.9990E+03   -0.9990E+03   -0.9990E+03   -0.9990E+03   -0.9990E+03   -0.9990E+03   -0.9990E+03   -0.9990E+03   -0.9990E+03   -0.9990E+03   -0.9990E+03   -0.9990E+03   -0.9990E+03   -0.9990E+03   -0.9990E+03   -0.9990E+03   -0.9990E+03   -0.9990E+03   -0.9990E+03   -0.9990E+03   -0.9990E+03   -0.9990E+03   -0.9990E+03   -0.9990E+03   -0.9990E+03   -0.9990E+03   -0.9990E+03   -0.9990E+03   -0.9990E+03   -0.9990E+03   -0.9990E+03   -0.9990E+03   -0.9990E+03   -0.9990E+03   -0.9990E+03   -0.9990E+03   -0.9990E+03   -0.9990E+03    0.4346E+04    0.4259E+04    0.8155E+03    0.6084E+03    0.8409E+02    0.7795E+02    0.7867E+02    0.9370E+02    0.8819E+02    0.8726E+02   -0.9990E+03
   -0.9990E+03   -0.9990E+03   -0.9990E+03   -0.9990E+03   -0.9990E+03   -0.9990E+03   -0.9990E+03   -0.9990E+03   -0.9990E+03   -0.9990E+03   -0.9990E+03   -0.9990E+03   -0.9990E+03   -0.9990E+03   -0.9990E+03   -0.9990E+03   -0.9990E+03   -0.9990E+03   -0.9990E+03   -0.9990E+03   -0.9990E+03   -0.9990E+03   -0.9990E+03   -0.9990E+03   -0.9990E+03   -0.9990E+03   -0.9990E+03   -0.9990E+03   -0.9990E+03   -0.9990E+03   -0.9990E+03   -0.9990E+03   -0.9990E+03   -0.9990E+03   -0.9990E+03   -0.9990E+03   -0.9990E+03   -0.9990E+03   -0.9990E+03   -0.9990E+03   -0.9990E+03   -0.9990E+03   -0.9990E+03   -0.9990E+03   -0.9990E+03   -0.9990E+03   -0.9990E+03   -0.9990E+03   -0.9990E+03   -0.9990E+03   -0.9990E+03   -0.9990E+03   -0.9990E+03   -0.9990E+03   -0.9990E+03   -0.9990E+03    0.2023E+04    0.2603E+04    0.3345E+04    0.3466E+04   -0.9990E+03    0.4096E+04    0.4137E+04    0.3596E+04    0.4074E+04    0.4358E+04    0.4291E+04    0.7935E+03    0.6267E+03    0.9069E+02    0.8610E+02    0.9245E+02    0.9886E+02    0.1003E+03    0.9884E+02   -0.9990E+03
   -0.9990E+03   -0.9990E+03   -0.9990E+03   -0.9990E+03   -0.9990E+03   -0.9990E+03   -0.9990E+03   -0.9990E+03   -0.9990E+03   -0.9990E+03   -0.9990E+03   -0.9990E+03   -0.9990E+03   -0.9990E+03   -0.9990E+03   -0.9990E+03   -0.9990E+03   -0.9990E+03   -0.9990E+03   -0.9990E+03   -0.9990E+03   -0.9990E+03   -0.9990E+03   -0.9990E+03   -0.9990E+03   -0.9990E+03   -0.9990E+03   -0.9990E+03   -0.9990E+03   -0.9990E+03   -0.9990E+03   -0.9990E+03   -0.9990E+03   -0.9990E+03   -0.9990E+03   -0.9990E+03   -0.9990E+03   -0.9990E+03   -0.9990E+03   -0.9990E+03   -0.9990E+03   -0.9990E+03   -0.9990E+03   -0.9990E+03   -0.9990E+03   -0.9990E+03   -0.9990E+03   -0.9990E+03   -0.9990E+03   -0.9990E+03   -0.9990E+03   -0.9990E+03   -0.9990E+03   -0.9990E+03   -0.9990E+03    0.1119E+04    0.1414E+04    0.2062E+04    0.3394E+04    0.3392E+04    0.3224E+04    0.4175E+04    0.4192E+04    0.3843E+04    0.4205E+04    0.4526E+04    0.4389E+04    0.2724E+04    0.9313E+02    0.8859E+02    0.9394E+02    0.9394E+02    0.1088E+03    0.1104E+03    0.1011E+03   -0.9990E+03
   -0.9990E+03   -0.9990E+03   -0.9990E+03   -0.9990E+03   -0.9990E+03   -0.9990E+03   -0.9990E+03   -0.9990E+03   -0.9990E+03   -0.9990E+03   -0.9990E+03   -0.9990E+03   -0.9990E+03   -0.9990E+03   -0.9990E+03   -0.9990E+03   -0.9990E+03   -0.9990E+03   -0.9990E+03   -0.9990E+03   -0.9990E+03   -0.9990E+03   -0.9990E+03   -0.9990E+03   -0.9990E+03   -0.9990E+03   -0.9990E+03   -0.9990E+03   -0.9990E+03   -0.9990E+03   -0.9990E+03   -0.9990E+03   -0.9990E+03   -0.9990E+03   -0.9990E+03   -0.9990E+03   -0.9990E+03   -0.9990E+03   -0.9990E+03   -0.9990E+03   -0.9990E+03   -0.9990E+03   -0.9990E+03   -0.9990E+03   -0.9990E+03   -0.9990E+03   -0.9990E+03   -0.9990E+03   -0.9990E+03   -0.9990E+03   -0.9990E+03   -0.9990E+03   -0.9990E+03   -0.9990E+03    0.8352E+03    0.8282E+03    0.8586E+03    0.8799E+03    0.3940E+04    0.3733E+04    0.3187E+04    0.4298E+04    0.4390E+04    0.3993E+04    0.4366E+04    0.4681E+04    0.4601E+04    0.4678E+04    0.1567E+03    0.1006E+03    0.9638E+02    0.1002E+03    0.1177E+03    0.1029E+03    0.1179E+03    0.1122E+03
   -0.9990E+03   -0.9990E+03   -0.9990E+03   -0.9990E+03   -0.9990E+03   -0.9990E+03   -0.9990E+03   -0.9990E+03   -0.9990E+03   -0.9990E+03   -0.9990E+03   -0.9990E+03   -0.9990E+03   -0.9990E+03   -0.9990E+03   -0.9990E+03   -0.9990E+03   -0.9990E+03   -0.9990E+03   -0.9990E+03   -0.9990E+03   -0.9990E+03   -0.9990E+03   -0.9990E+03   -0.9990E+03   -0.9990E+03   -0.9990E+03   -0.9990E+03   -0.9990E+03   -0.9990E+03   -0.9990E+03   -0.9990E+03   -0.9990E+03   -0.9990E+03   -0.9990E+03   -0.9990E+03   -0.9990E+03   -0.9990E+03   -0.9990E+03   -0.9990E+03   -0.9990E+03   -0.9990E+03   -0.9990E+03   -0.9990E+03   -0.9990E+03   -0.9990E+03   -0.9990E+03   -0.9990E+03   -0.9990E+03   -0.9990E+03   -0.9990E+03   -0.9990E+03   -0.9990E+03    0.8336E+03    0.8364E+03    0.8303E+03    0.8247E+03    0.8859E+03    0.4103E+04    0.3977E+04    0.3573E+04    0.4565E+04    0.1069E+04    0.4876E+04    0.4713E+04    0.5894E+04    0.4889E+04    0.4786E+04    0.1903E+03    0.1126E+03    0.1128E+03    0.1196E+03    0.1210E+03    0.1114E+03    0.1147E+03   -0.9990E+03
   -0.9990E+03   -0.9990E+03   -0.9990E+03   -0.9990E+03   -0.9990E+03   -0.9990E+03   -0.9990E+03   -0.9990E+03   -0.9990E+03   -0.9990E+03   -0.9990E+03   -0.9990E+03   -0.9990E+03   -0.9990E+03   -0.9990E+03   -0.9990E+03   -0.9990E+03   -0.9990E+03   -0.9990E+03   -0.9990E+03   -0.9990E+03   -0.9990E+03   -0.9990E+03   -0.9990E+03   -0.9990E+03   -0.9990E+03   -0.9990E+03   -0.9990E+03   -0.9990E+03   -0.9990E+03   -0.9990E+03   -0.9990E+03   -0.9990E+03   -0.9990E+03   -0.9990E+03   -0.9990E+03   -0.9990E+03   -0.9990E+03   -0.9990E+03   -0.9990E+03   -0.9990E+03   -0.9990E+03   -0.9990E+03   -0.9990E+03   -0.9990E+03   -0.9990E+03   -0.9990E+03   -0.9990E+03   -0.9990E+03   -0.9990E+03   -0.9990E+03   -0.9990E+03   -0.9990E+03    0.8342E+03    0.8430E+03    0.8198E+03    0.8486E+03    0.6702E+03    0.2239E+04    0.3461E+04    0.4558E+04    0.2520E+04    0.7712E+03    0.5890E+04    0.5933E+04    0.4102E+04    0.3973E+04    0.2797E+03    0.1141E+03    0.1061E+03    0.1077E+03    0.1289E+03    0.1173E+03    0.1140E+03   -0.9990E+03   -0.9990E+03
   -0.9990E+03   -0.9990E+03   -0.9990E+03   -0.9990E+03   -0.9990E+03   -0.9990E+03   -0.9990E+03   -0.9990E+03   -0.9990E+03   -0.9990E+03   -0.9990E+03   -0.9990E+03   -0.9990E+03   -0.9990E+03   -0.9990E+03   -0.9990E+03   -0.9990E+03   -0.9990E+03   -0.9990E+03   -0.9990E+03   -0.9990E+03   -0.9990E+03   -0.9990E+03   -0.9990E+03   -0.9990E+03   -0.9990E+03   -0.9990E+03   -0.9990E+03   -0.9990E+03   -0.9990E+03   -0.9990E+03   -0.9990E+03   -0.9990E+03   -0.9990E+03   -0.9990E+03   -0.9990E+03   -0.9990E+03   -0.9990E+03   -0.9990E+03   -0.9990E+03   -0.9990E+03   -0.9990E+03   -0.9990E+03   -0.9990E+03   -0.9990E+03   -0.9990E+03   -0.9990E+03   -0.9990E+03   -0.9990E+03   -0.9990E+03   -0.9990E+03   -0.9990E+03   -0.9990E+03    0.9087E+03    0.9265E+03    0.9231E+03    0.9134E+03    0.9044E+03    0.3228E+04    0.3970E+04    0.4306E+04    0.5399E+04    0.5905E+04    0.3653E+04    0.4629E+04    0.2590E+04    0.2452E+04    0.2686E+04    0.1131E+03    0.1127E+03    0.1267E+03    0.1333E+03    0.1234E+03    0.1285E+03    0.1274E+03   -0.9990E+03
   -0.9990E+03   -0.9990E+03   -0.9990E+03   -0.9990E+03   -0.9990E+03   -0.9990E+03   -0.9990E+03   -0.9990E+03   -0.9990E+03   -0.9990E+03   -0.9990E+03   -0.9990E+03   -0.9990E+03   -0.9990E+03   -0.9990E+03   -0.9990E+03   -0.9990E+03   -0.9990E+03   -0.9990E+03   -0.9990E+03   -0.9990E+03   -0.9990E+03   -0.9990E+03   -0.9990E+03   -0.9990E+03   -0.9990E+03   -0.9990E+03   -0.9990E+03   -0.9990E+03   -0.9990E+03   -0.9990E+03   -0.9990E+03   -0.9990E+03   -0.9990E+03   -0.9990E+03   -0.9990E+03   -0.9990E+03   -0.9990E+03   -0.9990E+03   -0.9990E+03   -0.9990E+03   -0.9990E+03   -0.9990E+03   -0.9990E+03   -0.9990E+03   -0.9990E+03   -0.9990E+03   -0.9990E+03   -0.9990E+03   -0.9990E+03   -0.9990E+03   -0.9990E+03    0.8766E+03    0.8733E+03    0.9076E+03    0.9178E+03    0.9098E+03    0.5653E+03    0.4510E+04    0.4534E+04    0.4724E+04    0.5187E+04    0.5962E+04    0.5333E+04    0.5653E+04    0.5686E+04    0.2787E+04    0.2776E+04    0.2771E+04    0.2296E+03    0.1399E+03    0.1286E+03    0.1383E+03    0.1446E+03    0.1276E+03   -0.9990E+03
   -0.9990E+03   -0.9990E+03   -0.9990E+03   -0.9990E+03   -0.9990E+03   -0.9990E+03   -0.9990E+03   -0.9990E+03   -0.9990E+03   -0.9990E+03   -0.9990E+03   -0.9990E+03   -0.9990E+03   -0.9990E+03   -0.9990E+03   -0.9990E+03   -0.9990E+03   -0.9990E+03   -0.9990E+03   -0.9990E+03   -0.9990E+03   -0.9990E+03   -0.9990E+03   -0.9990E+03   -0.9990E+03   -0.9990E+03   -0.9990E+03   -0.9990E+03   -0.9990E+03   -0.9990E+03   -0.9990E+03   -0.9990E+03   -0.9990E+03   -0.9990E+03   -0.9990E+03   -0.9990E+03   -0.9990E+03   -0.9990E+03   -0.9990E+03   -0.9990E+03   -0.9990E+03   -0.9990E+03   -0.9990E+03   -0.9990E+03   -0.9990E+03   -0.9990E+03   -0.9990E+03   -0.9990E+03   -0.9990E+03   -0.9990E+03   -0.9990E+03    0.6560E+03    0.8785E+03    0.8936E+03    0.9062E+03    0.8671E+03    0.9360E+03    0.5626E+03    0.5706E+04    0.4902E+04    0.5203E+04    0.5956E+04    0.5998E+04    0.4942E+04    0.5408E+04    0.5680E+04    0.5667E+04    0.2920E+04    0.1703E+04    0.2181E+03    0.1374E+03    0.1481E+03    0.1194E+03    0.1455E+03    0.1352E+03   -0.9990E+03
   -0.9990E+03   -0.9990E+03   -0.9990E+03   -0.9990E+03   -0.9990E+03   -0.9990E+03   -0.9990E+03   -0.9990E+03   -0.9990E+03   -0.9990E+03   -0.9990E+03   -0.9990E+03   -0.9990E+03   -0.9990E+03   -0.9990E+03   -0.9990E+03   -0.9990E+03   -0.9990E+03   -0.9990E+03   -0.9990E+03   -0.9990E+03   -0.9990E+03   -0.9990E+03   -0.9990E+03   -0.9990E+03   -0.9990E+03   -0.9990E+03   -0.9990E+03   -0.9990E+03   -0.9990E+03   -0.9990E+03   -0.9990E+03   -0.9990E+03   -0.9990E+03   -0.9990E+03   -0.9990E+03   -0.9990E+03   -0.9990E+03   -0.9990E+03   -0.9990E+03   -0.9990E+03   -0.9990E+03   -0.9990E+03   -0.9990E+03   -0.9990E+03   -0.9990E+03   -0.9990E+03   -0.9990E+03   -0.9990E+03    0.4290E+03    0.4194E+03    0.4239E+03    0.7536E+03    0.9786E+03    0.1027E+04    0.1036E+04    0.1059E+04    0.8354E+03    0.3816E+04    0.4262E+04    0.5925E+04    0.4633E+04    0.7389E+03    0.3120E+04    0.5685E+04    0.5689E+04    0.5679E+04    0.2041E+03    0.1835E+03    0.1185E+04    0.2459E+03    0.2393E+03    0.1563E+03    0.1287E+03    0.1477E+03   -0.9990E+03
   -0.9990E+03   -0.9990E+03   -0.9990E+03   -0.9990E+03   -0.9990E+03   -0.9990E+03   -0.9990E+03   -0.9990E+03   -0.9990E+03   -0.9990E+03   -0.9990E+03   -0.9990E+03   -0.9990E+03   -0.9990E+03   -0.9990E+03   -0.9990E+03   -0.9990E+03   -0.9990E+03   -0.9990E+03   -0.9990E+03   -0.9990E+03   -0.9990E+03   -0.9990E+03   -0.9990E+03   -0.9990E+03   -0.9990E+03   -0.9990E+03   -0.9990E+03   -0.9990E+03   -0.9990E+03   -0.9990E+03   -0.9990E+03   -0.9990E+03   -0.9990E+03   -0.9990E+03   -0.9990E+03   -0.9990E+03   -0.9990E+03   -0.9990E+03   -0.9990E+03   -0.9990E+03   -0.9990E+03   -0.9990E+03   -0.9990E+03   -0.9990E+03   -0.9990E+03   -0.9990E+03   -0.9990E+03    0.1438E+03    0.4425E+03    0.4393E+03    0.4408E+03    0.4552E+03    0.2714E+03    0.1536E+03    0.1549E+03    0.9269E+03    0.6537E+03    0.1980E+02    0.3340E+02    0.2024E+04    0.1096E+04    0.6543E+03    0.8724E+03    0.6894E+02    0.7639E+02    0.7669E+02    0.8653E+02    0.2240E+04    0.1882E+04    0.1657E+03    0.1875E+03    0.2511E+03    0.1466E+03    0.1446E+03   -0.9990E+03
   -0.9990E+03   -0.9990E+03   -0.9990E+03   -0.9990E+03   -0.9990E+03   -0.9990E+03   -0.9990E+03   -0.9990E+03   -0.9990E+03   -0.9990E+03   -0.9990E+03   -0.9990E+03   -0.9990E+03   -0.9990E+03   -0.9990E+03   -0.9990E+03   -0.9990E+03   -0.9990E+03   -0.9990E+03   -0.9990E+03   -0.9990E+03   -0.9990E+03   -0.9990E+03   -0.9990E+03   -0.9990E+03   -0.9990E+03   -0.9990E+03   -0.9990E+03   -0.9990E+03   -0.9990E+03   -0.9990E+03   -0.9990E+03   -0.9990E+03   -0.9990E+03   -0.9990E+03   -0.9990E+03   -0.9990E+03   -0.9990E+03   -0.9990E+03   -0.9990E+03   -0.9990E+03   -0.9990E+03   -0.9990E+03   -0.9990E+03   -0.9990E+03   -0.9990E+03   -0.9990E+03   -0.9990E+03    0.1427E+03    0.4074E+03    0.3837E+03    0.4604E+03    0.4278E+03    0.3891E+03    0.1366E+03    0.1260E+03    0.1271E+03    0.7429E+03    0.1543E+04    0.3338E+02    0.5013E+03    0.5197E+03    0.5613E+03    0.5965E+03    0.5716E+04    0.5682E+04    0.5687E+04    0.5273E+04    0.4146E+04    0.5727E+03    0.3624E+03    0.1818E+03    0.2994E+03    0.1619E+03    0.1367E+03   -0.9990E+03
   -0.9990E+03   -0.9990E+03   -0.9990E+03   -0.9990E+03   -0.9990E+03   -0.9990E+03   -0.9990E+03   -0.9990E+03   -0.9990E+03   -0.9990E+03   -0.9990E+03   -0.9990E+03   -0.9990E+03   -0.9990E+03   -0.9990E+03   -0.9990E+03   -0.9990E+03   -0.9990E+03   -0.9990E+03   -0.9990E+03   -0.9990E+03   -0.9990E+03   -0.9990E+03   -0.9990E+03   -0.9990E+03   -0.9990E+03   -0.9990E+03   -0.9990E+03   -0.9990E+03   -0.9990E+03   -0.9990E+03   -0.9990E+03   -0.9990E+03   -0.9990E+03   -0.9990E+03   -0.9990E+03   -0.9990E+03   -0.9990E+03   -0.9990E+03   -0.9990E+03   -0.9990E+03   -0.9990E+03   -0.9990E+03   -0.9990E+03   -0.9990E+03   -0.9990E+03   -0.9990E+03    0.1745E+04    0.1528E+03    0.4303E+03    0.4627E+03    0.4677E+03    0.3810E+03    0.3606E+03    0.1482E+03    0.1387E+03    0.1790E+03    0.1956E+04    0.3465E+04    0.3857E+04    0.2981E+04    0.4977E+03    0.6596E+03    0.5739E+04    0.3324E+04    0.3255E+04    0.3722E+04    0.3390E+04    0.3121E+04    0.6445E+03    0.3865E+03    0.2781E+03    0.4050E+03    0.1636E+03    0.1431E+03   -0.9990E+03
   -0.9990E+03   -0.9990E+03   -0.9990E+03   -0.9990E+03   -0.9990E+03   -0.9990E+03   -0.9990E+03   -0.9990E+03   -0.9990E+03   -0.9990E+03   -0.9990E+03   -0.9990E+03   -0.9990E+03   -0.9990E+03   -0.9990E+03   -0.9990E+03   -0.9990E+03   -0.9990E+03   -0.9990E+03   -0.9990E+03   -0.9990E+03   -0.9990E+03   -0.9990E+03   -0.9990E+03   -0.9990E+03   -0.9990E+03   -0.9990E+03   -0.9990E+03   -0.9990E+03   -0.9990E+03   -0.9990E+03   -0.9990E+03   -0.9990E+03   -0.9990E+03   -0.9990E+03   -0.9990E+03   -0.9990E+03   -0.9990E+03   -0.9990E+03   -0.9990E+03   -0.9990E+03   -0.9990E+03   -0.9990E+03   -0.9990E+03   -0.9990E+03   -0.9990E+03   -0.9990E+03    0.1879E+04    0.2303E+03    0.4961E+03    0.4251E+03    0.4048E+03    0.4212E+03    0.2874E+03    0.3544E+03    0.4063E+03    0.1477E+04    0.3522E+04    0.1800E+04    0.2072E+04    0.2797E+04    0.5873E+03    0.4363E+04    0.5567E+04    0.3669E+04    0.3611E+04    0.3483E+04    0.3279E+04    0.3087E+04    0.3582E+04    0.3551E+03    0.3505E+03    0.4911E+03    0.1469E+03   -0.9990E+03   -0.9990E+03
   -0.9990E+03   -0.9990E+03   -0.9990E+03   -0.9990E+03   -0.9990E+03   -0.9990E+03   -0.9990E+03   -0.9990E+03   -0.9990E+03   -0.9990E+03   -0.9990E+03   -0.9990E+03   -0.9990E+03   -0.9990E+03   -0.9990E+03   -0.9990E+03   -0.9990E+03   -0.9990E+03   -0.9990E+03   -0.9990E+03   -0.9990E+03   -0.9990E+03   -0.9990E+03   -0.9990E+03   -0.9990E+03   -0.9990E+03   -0.9990E+03   -0.9990E+03   -0.9990E+03   -0.9990E+03   -0.9990E+03   -0.9990E+03   -0.9990E+03   -0.9990E+03   -0.9990E+03   -0.9990E+03   -0.9990E+03   -0.9990E+03   -0.9990E+03   -0.9990E+03   -0.9990E+03   -0.9990E+03   -0.9990E+03   -0.9990E+03    0.1878E+04    0.1778E+04    0.1666E+04    0.1792E+04    0.1612E+04    0.4908E+03    0.2458E+03    0.2122E+03    0.2335E+03    0.2355E+03    0.2701E+03    0.5118E+03    0.1998E+04    0.3467E+04    0.1184E+04    0.2898E+04    0.3046E+04    0.2297E+03    0.4446E+04    0.5077E+04    0.3630E+04    0.3897E+04    0.3709E+04    0.3057E+04    0.3274E+04    0.6253E+03    0.3678E+03    0.2897E+03   -0.9990E+03   -0.9990E+03   -0.9990E+03   -0.9990E+03
   -0.9990E+03   -0.9990E+03   -0.9990E+03   -0.9990E+03   -0.9990E+03   -0.9990E+03   -0.9990E+03   -0.9990E+03   -0.9990E+03   -0.9990E+03   -0.9990E+03   -0.9990E+03   -0.9990E+03   -0.9990E+03   -0.9990E+03   -0.9990E+03   -0.9990E+03   -0.9990E+03   -0.9990E+03   -0.9990E+03   -0.9990E+03   -0.9990E+03   -0.9990E+03   -0.9990E+03   -0.9990E+03   -0.9990E+03   -0.9990E+03   -0.9990E+03   -0.9990E+03   -0.9990E+03   -0.9990E+03   -0.9990E+03   -0.9990E+03   -0.9990E+03   -0.9990E+03   -0.9990E+03   -0.9990E+03   -0.9990E+03   -0.9990E+03   -0.9990E+03   -0.9990E+03   -0.9990E+03   -0.9990E+03   -0.9990E+03    0.1793E+04    0.1934E+04    0.1566E+04    0.1517E+04    0.2448E+04    0.3600E+03    0.2095E+03    0.2353E+03    0.2405E+03    0.2374E+03    0.2128E+03    0.2444E+03    0.1139E+04    0.2253E+04    0.1254E+04    0.1343E+04    0.1620E+04    0.9615E+02    0.2004E+04    0.5016E+04    0.4594E+04    0.3280E+04    0.4403E+04    0.3696E+04    0.3816E+04    0.5084E+03    0.3290E+03   -0.9990E+03   -0.9990E+03   -0.9990E+03   -0.9990E+03   -0.9990E+03
   -0.9990E+03   -0.9990E+03   -0.9990E+03   -0.9990E+03   -0.9990E+03   -0.9990E+03   -0.9990E+03   -0.9990E+03   -0.9990E+03   -0.9990E+03   -0.9990E+03   -0.9990E+03   -0.9990E+03   -0.9990E+03   -0.9990E+03   -0.9990E+03   -0.9990E+03   -0.9990E+03   -0.9990E+03   -0.9990E+03   -0.9990E+03   -0.9990E+03   -0.9990E+03   -0.9990E+03   -0.9990E+03   -0.9990E+03   -0.9990E+03   -0.9990E+03   -0.9990E+03   -0.9990E+03   -0.9990E+03   -0.9990E+03   -0.9990E+03   -0.9990E+03   -0.9990E+03   -0.9990E+03   -0.9990E+03   -0.9990E+03   -0.9990E+03   -0.9990E+03   -0.9990E+03   -0.9990E+03   -0.9990E+03   -0.9990E+03    0.1851E+04    0.2237E+04    0.1677E+04    0.1589E+04    0.1708E+04    0.3088E+03    0.2354E+03    0.2383E+03    0.2608E+03    0.2515E+03    0.2271E+03    0.2273E+03    0.4603E+03    0.5097E+04    0.5057E+04    0.1732E+04    0.1659E+04    0.9631E+02    0.1655E+04    0.2075E+04    0.5387E+04    0.5458E+04    0.4227E+04    0.4201E+04    0.5537E+03    0.4730E+03    0.3548E+03   -0.9990E+03   -0.9990E+03   -0.9990E+03   -0.9990E+03   -0.9990E+03
   -0.9990E+03   -0.9990E+03   -0.9990E+03   -0.9990E+03   -0.9990E+03   -0.9990E+03   -0.9990E+03   -0.9990E+03   -0.9990E+03   -0.9990E+03   -0.9990E+03   -0.9990E+03   -0.9990E+03   -0.9990E+03   -0.9990E+03   -0.9990E+03   -0.9990E+03   -0.9990E+03   -0.9990E+03   -0.9990E+03   -0.9990E+03   -0.9990E+03   -0.9990E+03   -0.9990E+03   -0.9990E+03   -0.9990E+03   -0.9990E+03   -0.9990E+03   -0.9990E+03   -0.9990E+03   -0.9990E+03   -0.9990E+03   -0.9990E+03   -0.9990E+03   -0.9990E+03   -0.9990E+03   -0.9990E+03   -0.9990E+03   -0.9990E+03   -0.9990E+03   -0.9990E+03   -0.9990E+03   -0.9990E+03    0.1931E+04    0.1991E+04    0.2287E+04    0.1711E+04    0.1661E+04    0.1511E+04    0.3002E+03    0.2259E+03    0.2336E+03    0.2503E+03    0.2638E+03    0.2419E+03    0.2567E+03    0.2377E+03    0.4770E+03    0.5002E+04    0.4953E+04    0.1954E+04    0.1440E+03    0.1539E+04    0.1490E+04    0.1613E+04    0.3465E+04    0.6823E+03    0.5088E+03    0.4259E+03    0.4086E+03    0.1709E+03   -0.9990E+03   -0.9990E+03   -0.9990E+03   -0.9990E+03   -0.9990E+03
   -0.9990E+03   -0.9990E+03   -0.9990E+03   -0.9990E+03   -0.9990E+03   -0.9990E+03   -0.9990E+03   -0.9990E+03   -0.9990E+03   -0.9990E+03   -0.9990E+03   -0.9990E+03   -0.9990E+03   -0.9990E+03   -0.9990E+03   -0.9990E+03   -0.9990E+03   -0.9990E+03   -0.9990E+03   -0.9990E+03   -0.9990E+03   -0.9990E+03   -0.9990E+03   -0.9990E+03   -0.9990E+03   -0.9990E+03   -0.9990E+03   -0.9990E+03   -0.9990E+03   -0.9990E+03   -0.9990E+03   -0.9990E+03   -0.9990E+03   -0.9990E+03   -0.9990E+03   -0.9990E+03   -0.9990E+03   -0.9990E+03   -0.9990E+03   -0.9990E+03   -0.9990E+03   -0.9990E+03   -0.9990E+03    0.2144E+04    0.2165E+04    0.2307E+04    0.1480E+04    0.1459E+04    0.1691E+04    0.3156E+03    0.2500E+03    0.2328E+03    0.2438E+03    0.2704E+03    0.2585E+03    0.2381E+03    0.2508E+03    0.3143E+03    0.4949E+04    0.4932E+04    0.1693E+04    0.1529E+03    0.1804E+04    0.1766E+04    0.1621E+04    0.2871E+04    0.2079E+04    0.7068E+03    0.4456E+03    0.4398E+03   -0.9990E+03   -0.9990E+03   -0.9990E+03   -0.9990E+03   -0.9990E+03   -0.9990E+03
   -0.9990E+03   -0.9990E+03   -0.9990E+03   -0.9990E+03   -0.9990E+03   -0.9990E+03   -0.9990E+03   -0.9990E+03   -0.9990E+03   -0.9990E+03   -0.9990E+03   -0.9990E+03   -0.9990E+03   -0.9990E+03   -0.9990E+03   -0.9990E+03   -0.9990E+03   -0.9990E+03   -0.9990E+03   -0.9990E+03   -0.9990E+03   -0.9990E+03   -0.9990E+03   -0.9990E+03   -0.9990E+03   -0.9990E+03   -0.9990E+03   -0.9990E+03   -0.9990E+03   -0.9990E+03   -0.9990E+03   -0.9990E+03   -0.9990E+03   -0.9990E+03   -0.9990E+03   -0.9990E+03   -0.9990E+03   -0.9990E+03   -0.9990E+03   -0.9990E+03    0.8763E+03   -0.9990E+03   -0.9990E+03    0.1994E+04    0.2312E+04    0.2113E+04    0.1561E+04    0.1708E+04    0.1675E+04    0.2841E+03    0.4346E+03    0.2423E+03    0.2536E+03    0.2809E+03    0.2456E+03    0.2625E+03    0.2771E+03    0.2683E+03    0.4971E+04    0.4873E+04    0.1965E+04    0.1205E+03    0.1915E+04    0.1857E+04    0.1565E+04    0.1750E+04    0.2691E+04    0.1915E+04    0.1575E+04    0.4170E+03    0.1601E+04   -0.9990E+03   -0.9990E+03   -0.9990E+03   -0.9990E+03   -0.9990E+03
   -0.9990E+03   -0.9990E+03   -0.9990E+03   -0.9990E+03   -0.9990E+03   -0.9990E+03   -0.9990E+03   -0.9990E+03   -0.9990E+03   -0.9990E+03   -0.9990E+03   -0.9990E+03   -0.9990E+03   -0.9990E+03   -0.9990E+03   -0.9990E+03   -0.9990E+03   -0.9990E+03   -0.9990E+03   -0.9990E+03   -0.9990E+03   -0.9990E+03   -0.9990E+03   -0.9990E+03   -0.9990E+03   -0.9990E+03   -0.9990E+03   -0.9990E+03   -0.9990E+03   -0.9990E+03   -0.9990E+03   -0.9990E+03   -0.9990E+03   -0.9990E+03   -0.9990E+03    0.8864E+03    0.8929E+03    0.8393E+03    0.8612E+03    0.9008E+03    0.9618E+03    0.5898E+03    0.1653E+04    0.2150E+04    0.2229E+04    0.2126E+04    0.1787E+04    0.1826E+04    0.1659E+04    0.2946E+03    0.4330E+03    0.2826E+03    0.2671E+03    0.2846E+03    0.2798E+03    0.2832E+03    0.2799E+03    0.3008E+03    0.4888E+04    0.4973E+04    0.1679E+04    0.7784E+02    0.7176E+03    0.8810E+03    0.4753E+03    0.1884E+04    0.4025E+04    0.2684E+04    0.4727E+04    0.1848E+04    0.1160E+04   -0.9990E+03   -0.9990E+03   -0.9990E+03   -0.9990E+03   -0.9990E+03
   -0.9990E+03   -0.9990E+03   -0.9990E+03   -0.9990E+03   -0.9990E+03   -0.9990E+03   -0.9990E+03   -0.9990E+03   -0.9990E+03   -0.9990E+03   -0.9990E+03   -0.9990E+03   -0.9990E+03   -0.9990E+03   -0.9990E+03   -0.9990E+03   -0.9990E+03   -0.9990E+03   -0.9990E+03   -0.9990E+03   -0.9990E+03   -0.9990E+03   -0.9990E+03   -0.9990E+03   -0.9990E+03   -0.9990E+03   -0.9990E+03   -0.9990E+03   -0.9990E+03   -0.9990E+03   -0.9990E+03   -0.9990E+03   -0.9990E+03   -0.9990E+03   -0.9990E+03    0.7606E+03    0.7435E+03    0.7796E+03    0.9286E+03    0.9452E+03    0.8466E+03    0.5805E+03    0.1606E+04    0.2234E+04    0.2193E+04    0.2293E+04    0.1583E+04    0.1559E+04    0.1650E+04    0.1332E+04    0.1650E+04    0.3057E+03    0.2778E+03    0.9657E+03    0.2891E+03    0.2821E+03    0.2857E+03    0.5283E+03    0.4298E+04    0.8385E+03    0.1401E+04    0.6114E+03    0.1779E+04    0.5499E+04    0.3050E+04    0.5990E+04    0.2388E+04    0.2889E+04    0.2738E+04    0.1568E+04    0.1864E+04    0.1386E+04   -0.9990E+03   -0.9990E+03   -0.9990E+03   -0.9990E+03
   -0.9990E+03   -0.9990E+03   -0.9990E+03   -0.9990E+03   -0.9990E+03   -0.9990E+03   -0.9990E+03   -0.9990E+03   -0.9990E+03   -0.9990E+03   -0.9990E+03   -0.9990E+03   -0.9990E+03   -0.9990E+03   -0.9990E+03   -0.9990E+03   -0.9990E+03   -0.9990E+03   -0.9990E+03   -0.9990E+03   -0.9990E+03   -0.9990E+03   -0.9990E+03   -0.9990E+03   -0.9990E+03   -0.9990E+03   -0.9990E+03   -0.9990E+03   -0.9990E+03   -0.9990E+03   -0.9990E+03   -0.9990E+03   -0.9990E+03   -0.9990E+03    0.6933E+03    0.7539E+03    0.7180E+03    0.7045E+03    0.7620E+03    0.7421E+03    0.8923E+03    0.5747E+03    0.1640E+04    0.1961E+04    0.2140E+04    0.2245E+04    0.1616E+04    0.1411E+04    0.1430E+04    0.1499E+04    0.1453E+04    0.1861E+04    0.9424E+03    0.9019E+03    0.9025E+03    0.2774E+03    0.2791E+03    0.3377E+03    0.9310E+03    0.1304E+04    0.2955E+04    0.5921E+03    0.1860E+04    0.2480E+04    0.4525E+04    0.2839E+04    0.3017E+04    0.1928E+04    0.3666E+04    0.1870E+04    0.1185E+04    0.1356E+04   -0.9990E+03   -0.9990E+03   -0.9990E+03   -0.9990E+03
   -0.9990E+03   -0.9990E+03   -0.9990E+03   -0.9990E+03   -0.9990E+03   -0.9990E+03   -0.9990E+03   -0.9990E+03   -0.9990E+03   -0.9990E+03   -0.9990E+03   -0.9990E+03   -0.9990E+03   -0.9990E+03   -0.9990E+03   -0.9990E+03   -0.9990E+03   -0.9990E+03   -0.9990E+03   -0.9990E+03   -0.9990E+03   -0.9990E+03   -0.9990E+03   -0.9990E+03   -0.9990E+03   -0.9990E+03   -0.9990E+03   -0.9990E+03   -0.9990E+03   -0.9990E+03   -0.9990E+03   -0.9990E+03   -0.9990E+03   -0.9990E+03    0.6805E+03    0.7498E+03    0.7453E+03    0.7321E+03    0.6980E+03    0.6822E+03    0.4993E+03    0.1005E+04    0.1621E+04    0.2280E+04    0.1892E+04    0.1435E+04    0.2010E+04    0.2307E+04    0.1928E+04    0.2000E+04    0.2195E+04    0.1920E+04    0.6754E+03    0.3889E+03    0.6302E+03    0.2828E+03    0.2810E+03    0.2616E+03    0.7531E+03    0.1487E+04    0.3970E+04    0.5930E+03    0.3664E+04    0.2283E+04    0.2003E+04    0.1750E+04    0.1189E+04    0.9893E+03    0.2134E+04    0.2069E+04    0.2110E+04    0.8335E+03   -0.9990E+03   -0.9990E+03   -0.9990E+03   -0.9990E+03
   -0.9990E+03   -0.9990E+03   -0.9990E+03   -0.9990E+03   -0.9990E+03   -0.9990E+03   -0.9990E+03   -0.9990E+03   -0.9990E+03   -0.9990E+03   -0.9990E+03   -0.9990E+03   -0.9990E+03   -0.9990E+03   -0.9990E+03   -0.9990E+03   -0.9990E+03   -0.9990E+03   -0.9990E+03   -0.9990E+03   -0.9990E+03   -0.9990E+03   -0.9990E+03   -0.9990E+03   -0.9990E+03   -0.9990E+03   -0.9990E+03   -0.9990E+03   -0.9990E+03   -0.9990E+03   -0.9990E+03   -0.9990E+03   -0.9990E+03   -0.9990E+03    0.7056E+03    0.6975E+03    0.7252E+03    0.5858E+03    0.7824E+03    0.4387E+03    0.4272E+03    0.4420E+03    0.1322E+04    0.1857E+04    0.6114E+03    0.8471E+03    0.5235E+03    0.1499E+04    0.5056E+03    0.5145E+03    0.5515E+03    0.1773E+04    0.9614E+03    0.4369E+03    0.6829E+03    0.2912E+03    0.2837E+03    0.2937E+03    0.2715E+04    0.2730E+04    0.5479E+03    0.3784E+03    0.3359E+04    0.3078E+04    0.6281E+03    0.1631E+04    0.1854E+04    0.1098E+04    0.1586E+04    0.1210E+04    0.9623E+03    0.1304E+04   -0.9990E+03   -0.9990E+03   -0.9990E+03   -0.9990E+03
   -0.9990E+03   -0.9990E+03   -0.9990E+03   -0.9990E+03   -0.9990E+03   -0.9990E+03   -0.9990E+03   -0.9990E+03   -0.9990E+03   -0.9990E+03   -0.9990E+03   -0.9990E+03   -0.9990E+03   -0.9990E+03   -0.9990E+03   -0.9990E+03   -0.9990E+03   -0.9990E+03   -0.9990E+03   -0.9990E+03   -0.9990E+03   -0.9990E+03   -0.9990E+03   -0.9990E+03   -0.9990E+03   -0.9990E+03   -0.9990E+03   -0.9990E+03   -0.9990E+03   -0.9990E+03   -0.9990E+03   -0.9990E+03   -0.9990E+03   -0.9990E+03    0.7219E+03    0.7223E+03    0.6820E+03    0.3951E+03    0.8159E+03    0.4002E+03    0.4343E+03    0.4255E+03    0.8039E+03    0.1591E+04    0.2083E+04    0.2094E+04    0.5305E+03    0.4128E+03    0.4134E+03    0.4739E+03    0.1981E+04    0.1656E+04    0.5200E+03    0.5566E+03    0.5929E+03    0.3023E+03    0.2761E+03    0.2796E+03    0.9931E+03    0.3039E+04    0.6747E+03    0.3848E+03    0.2862E+04    0.2301E+04    0.1730E+04    0.1897E+04    0.1651E+04    0.2397E+04   -0.9990E+03    0.2014E+04   -0.9990E+03   -0.9990E+03   -0.9990E+03   -0.9990E+03   -0.9990E+03   -0.9990E+03
   -0.9990E+03   -0.9990E+03   -0.9990E+03   -0.9990E+03   -0.9990E+03   -0.9990E+03   -0.9990E+03   -0.9990E+03   -0.9990E+03   -0.9990E+03   -0.9990E+03   -0.9990E+03   -0.9990E+03   -0.9990E+03   -0.9990E+03   -0.9990E+03   -0.9990E+03   -0.9990E+03   -0.9990E+03   -0.9990E+03   -0.9990E+03   -0.9990E+03   -0.9990E+03   -0.9990E+03   -0.9990E+03   -0.9990E+03   -0.9990E+03   -0.9990E+03   -0.9990E+03   -0.9990E+03   -0.9990E+03   -0.9990E+03   -0.9990E+03   -0.9990E+03    0.7167E+03    0.7498E+03    0.6879E+03    0.4039E+03    0.7727E+03    0.4405E+03    0.8723E+03    0.7833E+03    0.4740E+03    0.4296E+03    0.1709E+04    0.1410E+04    0.5023E+03    0.4224E+03    0.4028E+03    0.4504E+03    0.4515E+03    0.3608E+03    0.4297E+03    0.5814E+03    0.2386E+03    0.2841E+03    0.2788E+03    0.3406E+03    0.1114E+04    0.6802E+03    0.6924E+03    0.3391E+04    0.2911E+04    0.4643E+04    0.3093E+04    0.1884E+04    0.1370E+04    0.8838E+03   -0.9990E+03   -0.9990E+03   -0.9990E+03   -0.9990E+03   -0.9990E+03   -0.9990E+03   -0.9990E+03   -0.9990E+03
   -0.9990E+03   -0.9990E+03   -0.9990E+03   -0.9990E+03   -0.9990E+03   -0.9990E+03   -0.9990E+03   -0.9990E+03   -0.9990E+03   -0.9990E+03   -0.9990E+03   -0.9990E+03   -0.9990E+03   -0.9990E+03   -0.9990E+03   -0.9990E+03   -0.9990E+03   -0.9990E+03   -0.9990E+03   -0.9990E+03   -0.9990E+03   -0.9990E+03   -0.9990E+03   -0.9990E+03   -0.9990E+03   -0.9990E+03   -0.9990E+03   -0.9990E+03   -0.9990E+03   -0.9990E+03   -0.9990E+03   -0.9990E+03   -0.9990E+03    0.3842E+03    0.3044E+03    0.3057E+03    0.7278E+03    0.3920E+03    0.8463E+03    0.9681E+03    0.6667E+03    0.4252E+03    0.8065E+03    0.8812E+03    0.9248E+03    0.3820E+03    0.4023E+03    0.4258E+03    0.4094E+03    0.4226E+03    0.4839E+03    0.4098E+03    0.8911E+03    0.8697E+03    0.5169E+03    0.5148E+03    0.7800E+03    0.6123E+03    0.8853E+01    0.1115E+02    0.2859E+04    0.2484E+04    0.2026E+04    0.2619E+04    0.4195E+04    0.3148E+04    0.3447E+04    0.1684E+04    0.2250E+04   -0.9990E+03   -0.9990E+03   -0.9990E+03   -0.9990E+03   -0.9990E+03   -0.9990E+03   -0.9990E+03
   -0.9990E+03   -0.9990E+03   -0.9990E+03   -0.9990E+03   -0.9990E+03   -0.9990E+03   -0.9990E+03   -0.9990E+03   -0.9990E+03   -0.9990E+03   -0.9990E+03   -0.9990E+03   -0.9990E+03   -0.9990E+03   -0.9990E+03   -0.9990E+03   -0.9990E+03   -0.9990E+03   -0.9990E+03   -0.9990E+03   -0.9990E+03   -0.9990E+03   -0.9990E+03   -0.9990E+03   -0.9990E+03   -0.9990E+03   -0.9990E+03   -0.9990E+03   -0.9990E+03   -0.9990E+03   -0.9990E+03   -0.9990E+03    0.4635E+03    0.4881E+03    0.4573E+03    0.2878E+03    0.6129E+03    0.6964E+03    0.1014E+04    0.8492E+03    0.4083E+03    0.4311E+03    0.3696E+03    0.4030E+03    0.4051E+03    0.4006E+03    0.3691E+03    0.4115E+03    0.4238E+03    0.4169E+03    0.3956E+03    0.3923E+03    0.4122E+03    0.5991E+03    0.5700E+03    0.6144E+03    0.1436E+04    0.2207E+04    0.5242E+03    0.3213E+04    0.2779E+04    0.3002E+04    0.2397E+04    0.2043E+04    0.1999E+04    0.3822E+04    0.3661E+04    0.3260E+04   -0.9990E+03   -0.9990E+03   -0.9990E+03   -0.9990E+03   -0.9990E+03   -0.9990E+03   -0.9990E+03   -0.9990E+03
   -0.9990E+03   -0.9990E+03   -0.9990E+03   -0.9990E+03   -0.9990E+03   -0.9990E+03   -0.9990E+03   -0.9990E+03   -0.9990E+03   -0.9990E+03   -0.9990E+03   -0.9990E+03   -0.9990E+03   -0.9990E+03   -0.9990E+03   -0.9990E+03   -0.9990E+03   -0.9990E+03   -0.9990E+03   -0.9990E+03   -0.9990E+03   -0.9990E+03   -0.9990E+03   -0.9990E+03   -0.9990E+03   -0.9990E+03   -0.9990E+03   -0.9990E+03   -0.9990E+03   -0.9990E+03   -0.9990E+03    0.8451E+02    0.9383E+02    0.8678E+02    0.3612E+03    0.1860E+03    0.1895E+02    0.6651E+03    0.9716E+03    0.1072E+04    0.8331E+03    0.8042E+03    0.9735E+03    0.8895E+03    0.4929E+03    0.4497E+03    0.4045E+03    0.4046E+03    0.4066E+03    0.3771E+03    0.3348E+03    0.3770E+03    0.3508E+03    0.7515E+03    0.3238E+03    0.7773E+03    0.1436E+04    0.3679E+03    0.5060E+03    0.3084E+04    0.2222E+04    0.2118E+04    0.3084E+04    0.3173E+04    0.2053E+04    0.1904E+04    0.8626E+03   -0.9990E+03   -0.9990E+03   -0.9990E+03   -0.9990E+03   -0.9990E+03   -0.9990E+03   -0.9990E+03   -0.9990E+03   -0.9990E+03
   -0.9990E+03   -0.9990E+03   -0.9990E+03   -0.9990E+03   -0.9990E+03   -0.9990E+03   -0.9990E+03   -0.9990E+03   -0.9990E+03   -0.9990E+03   -0.9990E+03   -0.9990E+03   -0.9990E+03   -0.9990E+03   -0.9990E+03   -0.9990E+03   -0.9990E+03   -0.9990E+03   -0.9990E+03   -0.9990E+03   -0.9990E+03   -0.9990E+03   -0.9990E+03   -0.9990E+03   -0.9990E+03   -0.9990E+03   -0.9990E+03   -0.9990E+03   -0.9990E+03   -0.9990E+03    0.8684E+02    0.8830E+02    0.9299E+02    0.8991E+02    0.3538E+03    0.3580E+03    0.3768E+03    0.6607E+03    0.4099E+03    0.2323E+04    0.2345E+04    0.2196E+04    0.2307E+04    0.8260E+03    0.4129E+03    0.4648E+03    0.4217E+03    0.3909E+03    0.3739E+03    0.3663E+03    0.3605E+03    0.3634E+03    0.3419E+03    0.5421E+03    0.5512E+03    0.5013E+03    0.4309E+03    0.3519E+03    0.1032E+04    0.3492E+04    0.4120E+04    0.4757E+04    0.3064E+04    0.3562E+04    0.4199E+04    0.2079E+04    0.1101E+04   -0.9990E+03   -0.9990E+03   -0.9990E+03   -0.9990E+03   -0.9990E+03   -0.9990E+03   -0.9990E+03   -0.9990E+03   -0.9990E+03
   -0.9990E+03   -0.9990E+03   -0.9990E+03   -0.9990E+03   -0.9990E+03   -0.9990E+03   -0.9990E+03   -0.9990E+03   -0.9990E+03   -0.9990E+03   -0.9990E+03   -0.9990E+03   -0.9990E+03   -0.9990E+03   -0.9990E+03   -0.9990E+03   -0.9990E+03   -0.9990E+03   -0.9990E+03   -0.9990E+03   -0.9990E+03   -0.9990E+03   -0.9990E+03   -0.9990E+03   -0.9990E+03   -0.9990E+03   -0.9990E+03   -0.9990E+03   -0.9990E+03   -0.9990E+03    0.8915E+02    0.9002E+02    0.8838E+02    0.9492E+02    0.5565E+03    0.5833E+03    0.3734E+03    0.8823E+03    0.2099E+04    0.3180E+04    0.1920E+04    0.3145E+04    0.2938E+04    0.5012E+03    0.4117E+03    0.4015E+03    0.4120E+03    0.3747E+03    0.3527E+03    0.3067E+03    0.3103E+03    0.2865E+03    0.2632E+03    0.3225E+03    0.3152E+03    0.2777E+03    0.3388E+03    0.3385E+03    0.3988E+03    0.3338E+04    0.2105E+04    0.2514E+04    0.2844E+04    0.1878E+04    0.3287E+04    0.3516E+04   -0.9990E+03   -0.9990E+03   -0.9990E+03   -0.9990E+03   -0.9990E+03   -0.9990E+03   -0.9990E+03   -0.9990E+03   -0.9990E+03   -0.9990E+03
   -0.9990E+03   -0.9990E+03   -0.9990E+03   -0.9990E+03   -0.9990E+03   -0.9990E+03   -0.9990E+03   -0.9990E+03   -0.9990E+03   -0.9990E+03   -0.9990E+03   -0.9990E+03   -0.9990E+03   -0.9990E+03   -0.9990E+03   -0.9990E+03   -0.9990E+03   -0.9990E+03   -0.9990E+03   -0.9990E+03   -0.9990E+03   -0.9990E+03   -0.9990E+03   -0.9990E+03   -0.9990E+03   -0.9990E+03   -0.9990E+03   -0.9990E+03   -0.9990E+03   -0.9990E+03    0.1094E+03    0.9234E+02    0.9096E+02    0.9305E+02    0.4891E+03    0.3931E+03    0.3345E+03    0.1850E+04    0.4118E+04    0.4649E+04    0.2719E+04    0.3227E+04    0.3687E+04    0.5679E+03    0.4168E+03    0.3766E+03    0.3813E+03    0.3572E+03    0.3344E+03    0.2985E+03    0.2513E+03    0.2876E+03    0.3275E+03    0.3254E+03    0.3233E+03    0.3240E+03    0.3296E+03    0.3307E+03    0.2826E+03    0.1742E+04    0.1426E+04    0.2048E+04    0.2161E+04    0.1459E+04    0.1217E+04    0.1589E+04   -0.9990E+03   -0.9990E+03   -0.9990E+03   -0.9990E+03   -0.9990E+03   -0.9990E+03   -0.9990E+03   -0.9990E+03   -0.9990E+03   -0.9990E+03
   -0.9990E+03   -0.9990E+03   -0.9990E+03   -0.9990E+03   -0.9990E+03   -0.9990E+03   -0.9990E+03   -0.9990E+03   -0.9990E+03   -0.9990E+03   -0.9990E+03   -0.9990E+03   -0.9990E+03   -0.9990E+03   -0.9990E+03   -0.9990E+03   -0.9990E+03   -0.9990E+03   -0.9990E+03   -0.9990E+03   -0.9990E+03   -0.9990E+03   -0.9990E+03   -0.9990E+03   -0.9990E+03   -0.9990E+03   -0.9990E+03   -0.9990E+03   -0.9990E+03    0.2261E+04    0.1288E+04    0.1024E+03    0.9509E+02    0.9139E+02    0.4268E+03    0.3418E+03    0.4553E+03    0.2988E+04    0.3156E+04    0.2280E+04    0.1406E+04    0.3114E+04    0.3362E+04    0.7047E+03    0.5200E+03    0.3738E+03    0.3517E+03    0.3067E+03    0.3177E+03    0.3141E+03    0.3102E+03    0.3093E+03    0.2904E+03    0.2854E+03    0.2937E+03    0.2969E+03    0.2752E+03    0.2907E+03    0.3511E+03    0.3253E+03    0.1837E+04    0.1817E+04    0.1438E+04    0.1071E+04    0.7113E+03    0.8563E+03   -0.9990E+03   -0.9990E+03   -0.9990E+03   -0.9990E+03   -0.9990E+03   -0.9990E+03   -0.9990E+03   -0.9990E+03   -0.9990E+03   -0.9990E+03
   -0.9990E+03   -0.9990E+03   -0.9990E+03   -0.9990E+03   -0.9990E+03   -0.9990E+03   -0.9990E+03   -0.9990E+03   -0.9990E+03   -0.9990E+03   -0.9990E+03   -0.9990E+03   -0.9990E+03   -0.9990E+03   -0.9990E+03   -0.9990E+03   -0.9990E+03   -0.9990E+03   -0.9990E+03   -0.9990E+03   -0.9990E+03   -0.9990E+03   -0.9990E+03   -0.9990E+03   -0.9990E+03   -0.9990E+03   -0.9990E+03   -0.9990E+03   -0.9990E+03    0.2361E+04    0.2481E+04    0.1390E+03    0.1699E+03    0.2593E+03    0.3287E+03    0.2794E+03    0.3878E+03    0.1955E+03    0.2951E+04    0.2728E+04    0.3126E+04    0.5192E+04    0.3003E+04    0.3127E+04    0.2872E+04    0.3943E+03    0.3294E+03    0.3148E+03    0.2769E+03    0.2925E+03    0.2851E+03    0.2667E+03    0.2539E+03    0.2430E+03    0.2252E+03    0.2611E+03    0.4622E+03    0.5215E+03    0.9772E+03    0.3458E+03    0.3199E+04    0.4721E+04    0.3745E+04    0.4016E+04    0.1388E+04    0.1260E+04   -0.9990E+03   -0.9990E+03   -0.9990E+03   -0.9990E+03   -0.9990E+03   -0.9990E+03   -0.9990E+03   -0.9990E+03   -0.9990E+03   -0.9990E+03
   -0.9990E+03   -0.9990E+03   -0.9990E+03   -0.9990E+03   -0.9990E+03   -0.9990E+03   -0.9990E+03   -0.9990E+03   -0.9990E+03   -0.9990E+03   -0.9990E+03   -0.9990E+03   -0.9990E+03   -0.9990E+03   -0.9990E+03   -0.9990E+03   -0.9990E+03   -0.9990E+03   -0.9990E+03   -0.9990E+03   -0.9990E+03   -0.9990E+03   -0.9990E+03   -0.9990E+03   -0.9990E+03   -0.9990E+03   -0.9990E+03   -0.9990E+03    0.2180E+04    0.2329E+04    0.2638E+04    0.8809E+02    0.8844E+02    0.5346E+01    0.3278E+03    0.5416E+03    0.5889E+03    0.1843E+03    0.5297E+04    0.5435E+04    0.5006E+04    0.5066E+04    0.5393E+04    0.2397E+04    0.3178E+04    0.3774E+03    0.3054E+03    0.2893E+03    0.2716E+03    0.2357E+03    0.2186E+03    0.2489E+03    0.2568E+03    0.2575E+03    0.2541E+03    0.2532E+03    0.2211E+03    0.2718E+03    0.5676E+03    0.1172E+04    0.7085E+03    0.3893E+04    0.2799E+04    0.2946E+04    0.1980E+04   -0.9990E+03   -0.9990E+03   -0.9990E+03   -0.9990E+03   -0.9990E+03   -0.9990E+03   -0.9990E+03   -0.9990E+03   -0.9990E+03   -0.9990E+03   -0.9990E+03
   -0.9990E+03   -0.9990E+03   -0.9990E+03   -0.9990E+03   -0.9990E+03   -0.9990E+03   -0.9990E+03   -0.9990E+03   -0.9990E+03   -0.9990E+03   -0.9990E+03   -0.9990E+03   -0.9990E+03   -0.9990E+03   -0.9990E+03   -0.9990E+03   -0.9990E+03   -0.9990E+03   -0.9990E+03   -0.9990E+03   -0.9990E+03   -0.9990E+03   -0.9990E+03   -0.9990E+03   -0.9990E+03   -0.9990E+03   -0.9990E+03   -0.9990E+03    0.2200E+04    0.2505E+04    0.2385E+04    0.1328E+03    0.3220E+03    0.2523E+03    0.2406E+03    0.4364E+03    0.9660E+02    0.9781E+02    0.1564E+04    0.7973E+03    0.1931E+03    0.4681E+04    0.4998E+04    0.2349E+04    0.4210E+03    0.2906E+03    0.2761E+03    0.2615E+03    0.2409E+03    0.2343E+03    0.2329E+03    0.2247E+03    0.2250E+03    0.2239E+03    0.2214E+03    0.2214E+03    0.2259E+03    0.5020E+03    0.6137E+03    0.1429E+04    0.8388E+03    0.2862E+04    0.9257E+03    0.2106E+04   -0.9990E+03   -0.9990E+03   -0.9990E+03   -0.9990E+03   -0.9990E+03   -0.9990E+03   -0.9990E+03   -0.9990E+03   -0.9990E+03   -0.9990E+03   -0.9990E+03   -0.9990E+03
   -0.9990E+03   -0.9990E+03   -0.9990E+03   -0.9990E+03   -0.9990E+03   -0.9990E+03   -0.9990E+03   -0.9990E+03   -0.9990E+03   -0.9990E+03   -0.9990E+03   -0.9990E+03   -0.9990E+03   -0.9990E+03   -0.9990E+03   -0.9990E+03   -0.9990E+03   -0.9990E+03   -0.9990E+03   -0.9990E+03   -0.9990E+03   -0.9990E+03   -0.9990E+03   -0.9990E+03   -0.9990E+03   -0.9990E+03   -0.9990E+03    0.2153E+04    0.2305E+04    0.2283E+04    0.2593E+04    0.2533E+04    0.3912E+03    0.2460E+03    0.2292E+03    0.3399E+03    0.9870E+02    0.2444E+04    0.2278E+04    0.1368E+04    0.2408E+04    0.4225E+04    0.5439E+04    0.2613E+04    0.3950E+03    0.2656E+03    0.2485E+03    0.2280E+03    0.2258E+03    0.2203E+03    0.1984E+03    0.2027E+03    0.1992E+03    0.1951E+03    0.1919E+03    0.1930E+03    0.1979E+03    0.2114E+03    0.6213E+03    0.3449E+04    0.3567E+04    0.3112E+04    0.3232E+04    0.3333E+04   -0.9990E+03   -0.9990E+03   -0.9990E+03   -0.9990E+03   -0.9990E+03   -0.9990E+03   -0.9990E+03   -0.9990E+03   -0.9990E+03   -0.9990E+03   -0.9990E+03   -0.9990E+03
   -0.9990E+03   -0.9990E+03   -0.9990E+03   -0.9990E+03   -0.9990E+03   -0.9990E+03   -0.9990E+03   -0.9990E+03   -0.9990E+03   -0.9990E+03   -0.9990E+03   -0.9990E+03   -0.9990E+03   -0.9990E+03   -0.9990E+03   -0.9990E+03   -0.9990E+03   -0.9990E+03   -0.9990E+03   -0.9990E+03   -0.9990E+03   -0.9990E+03   -0.9990E+03   -0.9990E+03   -0.9990E+03   -0.9990E+03   -0.9990E+03    0.1287E+04    0.1141E+04    0.2177E+04    0.2317E+04    0.2384E+04    0.1748E+04    0.4413E+03    0.2572E+03    0.3547E+03    0.2414E+04    0.2826E+04    0.3498E+04    0.1230E+04    0.2006E+04    0.3158E+04    0.2967E+04    0.2975E+04    0.3908E+03    0.2377E+03    0.2234E+03    0.1982E+03    0.2010E+03    0.1977E+03    0.1910E+03    0.1845E+03    0.1760E+03    0.1686E+03    0.1647E+03    0.1639E+03    0.1795E+03    0.1958E+03    0.2223E+03    0.2707E+03    0.1514E+04    0.3600E+04    0.3987E+04    0.3155E+04    0.3082E+04    0.2044E+04   -0.9990E+03   -0.9990E+03   -0.9990E+03   -0.9990E+03   -0.9990E+03   -0.9990E+03   -0.9990E+03   -0.9990E+03   -0.9990E+03   -0.9990E+03
   -0.9990E+03   -0.9990E+03   -0.9990E+03   -0.9990E+03   -0.9990E+03   -0.9990E+03   -0.9990E+03   -0.9990E+03   -0.9990E+03   -0.9990E+03   -0.9990E+03   -0.9990E+03   -0.9990E+03   -0.9990E+03   -0.9990E+03   -0.9990E+03   -0.9990E+03   -0.9990E+03   -0.9990E+03   -0.9990E+03   -0.9990E+03   -0.9990E+03   -0.9990E+03   -0.9990E+03   -0.9990E+03   -0.9990E+03    0.1252E+04    0.1245E+04    0.1349E+04    0.1374E+04    0.2458E+04    0.1940E+04    0.2420E+04    0.1489E+04    0.2646E+03    0.1707E+04    0.2621E+04    0.2057E+04    0.3445E+04    0.3521E+04    0.1104E+04    0.2893E+03    0.3002E+04    0.2424E+03    0.2569E+03    0.2093E+03    0.1955E+03    0.1664E+03    0.1780E+03    0.1745E+03    0.1608E+03    0.1592E+03    0.1526E+03    0.1458E+03    0.1423E+03    0.1461E+03    0.1540E+03    0.1652E+03    0.1823E+03    0.2019E+03    0.2216E+03    0.3117E+03    0.1627E+04    0.3548E+04    0.3340E+04    0.3214E+04   -0.9990E+03   -0.9990E+03   -0.9990E+03   -0.9990E+03   -0.9990E+03   -0.9990E+03   -0.9990E+03   -0.9990E+03   -0.9990E+03   -0.9990E+03
   -0.9990E+03   -0.9990E+03   -0.9990E+03   -0.9990E+03   -0.9990E+03   -0.9990E+03   -0.9990E+03   -0.9990E+03   -0.9990E+03   -0.9990E+03   -0.9990E+03   -0.9990E+03   -0.9990E+03   -0.9990E+03   -0.9990E+03   -0.9990E+03   -0.9990E+03   -0.9990E+03   -0.9990E+03   -0.9990E+03   -0.9990E+03   -0.9990E+03   -0.9990E+03   -0.9990E+03   -0.9990E+03   -0.9990E+03    0.1228E+04    0.1375E+04    0.1463E+04    0.1417E+04    0.1265E+04    0.1433E+04    0.1312E+04    0.1906E+04    0.3229E+02    0.2719E+04    0.2819E+04    0.3182E+04    0.3443E+04    0.2425E+04    0.1310E+04    0.4322E+03    0.2598E+03    0.2679E+03    0.2206E+03    0.1821E+03    0.1707E+03    0.1470E+03    0.1568E+03    0.1517E+03    0.1485E+03    0.1478E+03    0.1415E+03    0.1314E+03    0.1242E+03    0.1201E+03    0.1280E+03    0.1428E+03    0.1586E+03    0.1758E+03    0.1916E+03    0.2338E+03    0.5364E+03    0.3476E+04    0.3529E+04    0.3355E+04   -0.9990E+03   -0.9990E+03   -0.9990E+03   -0.9990E+03   -0.9990E+03   -0.9990E+03   -0.9990E+03   -0.9990E+03   -0.9990E+03   -0.9990E+03
   -0.9990E+03   -0.9990E+03   -0.9990E+03   -0.9990E+03   -0.9990E+03   -0.9990E+03   -0.9990E+03   -0.9990E+03   -0.9990E+03   -0.9990E+03   -0.9990E+03   -0.9990E+03   -0.9990E+03   -0.9990E+03   -0.9990E+03   -0.9990E+03   -0.9990E+03   -0.9990E+03   -0.9990E+03   -0.9990E+03   -0.9990E+03   -0.9990E+03   -0.9990E+03   -0.9990E+03   -0.9990E+03   -0.9990E+03    0.1326E+04    0.1427E+04    0.1534E+04    0.1588E+04    0.1450E+04    0.1347E+04    0.1459E+04    0.1229E+04    0.2887E+02    0.2743E+04    0.3081E+04    0.3529E+04    0.3017E+04    0.3027E+04    0.6904E+03    0.4010E+03    0.2384E+03    0.2428E+03    0.1912E+03    0.1572E+03    0.1522E+03    0.1441E+03    0.1389E+03    0.1165E+03    0.1346E+03    0.1329E+03    0.1250E+03    0.1149E+03    0.1028E+03    0.8822E+02    0.1076E+03    0.1289E+03    0.1421E+03    0.1585E+03    0.1771E+03    0.2001E+03    0.2411E+03    0.3464E+04    0.3380E+04    0.3492E+04    0.3028E+04    0.2092E+04   -0.9990E+03   -0.9990E+03   -0.9990E+03   -0.9990E+03   -0.9990E+03   -0.9990E+03   -0.9990E+03   -0.9990E+03
   -0.9990E+03   -0.9990E+03   -0.9990E+03   -0.9990E+03   -0.9990E+03   -0.9990E+03   -0.9990E+03   -0.9990E+03   -0.9990E+03   -0.9990E+03   -0.9990E+03   -0.9990E+03   -0.9990E+03   -0.9990E+03   -0.9990E+03   -0.9990E+03   -0.9990E+03   -0.9990E+03   -0.9990E+03   -0.9990E+03   -0.9990E+03   -0.9990E+03   -0.9990E+03   -0.9990E+03   -0.9990E+03   -0.9990E+03    0.1232E+04    0.1373E+04    0.1452E+04    0.1496E+04    0.1582E+04    0.1601E+04    0.1646E+04    0.1572E+04    0.2057E+03    0.8975E+02    0.3420E+04    0.3317E+04    0.1573E+04    0.2666E+04    0.7796E+03    0.4936E+03    0.3856E+03    0.2644E+03    0.1753E+03    0.1535E+03    0.1424E+03    0.1333E+03    0.1282E+03    0.1240E+03    0.1231E+03    0.1132E+03    0.1122E+03    0.1033E+03    0.9390E+02    0.9164E+02    0.1021E+03    0.1209E+03    0.1319E+03    0.1460E+03    0.1704E+03    0.1744E+03    0.2019E+03    0.1778E+04    0.4008E+04    0.3197E+04    0.2969E+04    0.1302E+04   -0.9990E+03   -0.9990E+03   -0.9990E+03   -0.9990E+03   -0.9990E+03   -0.9990E+03   -0.9990E+03   -0.9990E+03
   -0.9990E+03   -0.9990E+03   -0.9990E+03   -0.9990E+03   -0.9990E+03   -0.9990E+03   -0.9990E+03   -0.9990E+03   -0.9990E+03   -0.9990E+03   -0.9990E+03   -0.9990E+03   -0.9990E+03   -0.9990E+03   -0.9990E+03   -0.9990E+03   -0.9990E+03   -0.9990E+03   -0.9990E+03   -0.9990E+03   -0.9990E+03   -0.9990E+03   -0.9990E+03   -0.9990E+03   -0.9990E+03    0.9843E+03    0.1041E+04    0.1098E+04    0.1184E+04    0.1268E+04    0.1398E+04    0.1499E+04    0.1419E+04    0.1849E+04    0.1608E+04    0.3009E+03    0.1093E+03    0.3084E+04    0.1713E+04    0.2922E+04    0.2601E+04    0.1911E+04    0.2092E+04    0.3188E+03    0.1717E+03    0.1495E+03    0.1377E+03    0.1237E+03    0.1170E+03    0.1178E+03    0.1140E+03    0.1090E+03    0.1035E+03    0.9688E+02    0.9333E+02    0.9474E+02    0.1053E+03    0.1131E+03    0.1254E+03    0.1376E+03    0.1576E+03    0.1652E+03    0.4126E+03    0.3666E+04    0.2988E+04   -0.9990E+03   -0.9990E+03   -0.9990E+03   -0.9990E+03   -0.9990E+03   -0.9990E+03   -0.9990E+03   -0.9990E+03   -0.9990E+03   -0.9990E+03   -0.9990E+03
   -0.9990E+03   -0.9990E+03   -0.9990E+03   -0.9990E+03   -0.9990E+03   -0.9990E+03   -0.9990E+03   -0.9990E+03   -0.9990E+03   -0.9990E+03   -0.9990E+03   -0.9990E+03   -0.9990E+03   -0.9990E+03   -0.9990E+03   -0.9990E+03   -0.9990E+03   -0.9990E+03   -0.9990E+03   -0.9990E+03   -0.9990E+03   -0.9990E+03   -0.9990E+03   -0.9990E+03   -0.9990E+03    0.9356E+03    0.9992E+03    0.1026E+04    0.1104E+04    0.1171E+04    0.1360E+04    0.1212E+04    0.1547E+04    0.1270E+04    0.1075E+04    0.2302E+04    0.7143E+02    0.7989E+02    0.3699E+04    0.4691E+04    0.2946E+04    0.3112E+04    0.2701E+04    0.3194E+03    0.1677E+03    0.1443E+03    0.1310E+03    0.1177E+03    0.1136E+03    0.1016E+03    0.9614E+02    0.1018E+03    0.9719E+02    0.9460E+02    0.9414E+02    0.9825E+02    0.1080E+03    0.1114E+03    0.1194E+03    0.1318E+03    0.1496E+03    0.3367E+03    0.3443E+04    0.3124E+04   -0.9990E+03   -0.9990E+03   -0.9990E+03   -0.9990E+03   -0.9990E+03   -0.9990E+03   -0.9990E+03   -0.9990E+03   -0.9990E+03   -0.9990E+03   -0.9990E+03   -0.9990E+03
   -0.9990E+03   -0.9990E+03   -0.9990E+03   -0.9990E+03   -0.9990E+03   -0.9990E+03   -0.9990E+03   -0.9990E+03   -0.9990E+03   -0.9990E+03   -0.9990E+03   -0.9990E+03   -0.9990E+03   -0.9990E+03   -0.9990E+03   -0.9990E+03   -0.9990E+03   -0.9990E+03   -0.9990E+03   -0.9990E+03   -0.9990E+03   -0.9990E+03   -0.9990E+03   -0.9990E+03   -0.9990E+03    0.9319E+03    0.1015E+04    0.1064E+04    0.1118E+04    0.1202E+04    0.1200E+04    0.9301E+03    0.1975E+03    0.2335E+03    0.1176E+03    0.1061E+03    0.1200E+03    0.2637E+02    0.2433E+03    0.3483E+03    0.4071E+03    0.1315E+04    0.3519E+03    0.2043E+03    0.1592E+03    0.1401E+03    0.1206E+03    0.1148E+03    0.1093E+03    0.1020E+03    0.9743E+02    0.8958E+02    0.9115E+02    0.9268E+02    0.9655E+02    0.1036E+03    0.1068E+03    0.1100E+03    0.1166E+03    0.1295E+03    0.1700E+03    0.3595E+04    0.3369E+04    0.2961E+04   -0.9990E+03   -0.9990E+03   -0.9990E+03   -0.9990E+03   -0.9990E+03   -0.9990E+03   -0.9990E+03   -0.9990E+03   -0.9990E+03   -0.9990E+03   -0.9990E+03   -0.9990E+03
   -0.9990E+03   -0.9990E+03   -0.9990E+03   -0.9990E+03   -0.9990E+03   -0.9990E+03   -0.9990E+03   -0.9990E+03   -0.9990E+03   -0.9990E+03   -0.9990E+03   -0.9990E+03   -0.9990E+03   -0.9990E+03   -0.9990E+03   -0.9990E+03   -0.9990E+03   -0.9990E+03   -0.9990E+03   -0.9990E+03   -0.9990E+03   -0.9990E+03   -0.9990E+03   -0.9990E+03   -0.9990E+03    0.5789E+03    0.6022E+03    0.6311E+03    0.6258E+03    0.7256E+03    0.6067E+03    0.2414E+03    0.2065E+03    0.1042E+03    0.1484E+03    0.1121E+03    0.1383E+03    0.2396E+03    0.2222E+03    0.1415E+03    0.5104E+03    0.3907E+03    0.5512E+03    0.1868E+03    0.1552E+03    0.1371E+03    0.1157E+03    0.1113E+03    0.1040E+03    0.1015E+03    0.9890E+02    0.9593E+02    0.9350E+02    0.9259E+02    0.9946E+02    0.1038E+03    0.1043E+03    0.1084E+03    0.1152E+03    0.1189E+03    0.1899E+03    0.3537E+04    0.3363E+04   -0.9990E+03   -0.9990E+03   -0.9990E+03   -0.9990E+03   -0.9990E+03   -0.9990E+03   -0.9990E+03   -0.9990E+03   -0.9990E+03   -0.9990E+03   -0.9990E+03   -0.9990E+03   -0.9990E+03
   -0.9990E+03   -0.9990E+03   -0.9990E+03   -0.9990E+03   -0.9990E+03   -0.9990E+03   -0.9990E+03   -0.9990E+03   -0.9990E+03   -0.9990E+03   -0.9990E+03   -0.9990E+03   -0.9990E+03   -0.9990E+03   -0.9990E+03   -0.9990E+03   -0.9990E+03   -0.9990E+03   -0.9990E+03   -0.9990E+03   -0.9990E+03   -0.9990E+03   -0.9990E+03   -0.9990E+03   -0.9990E+03   -0.9990E+03   -0.9990E+03    0.2775E+03    0.2819E+03    0.2855E+03    0.9346E+02    0.7554E+02    0.7650E+02    0.8204E+02    0.9303E+02    0.1385E+03    0.2541E+03    0.1359E+03    0.3675E+03    0.2122E+03    0.5352E+03    0.7694E+03    0.1335E+04    0.2392E+03    0.1513E+03    0.1309E+03    0.1112E+03    0.1097E+03    0.1028E+03    0.9656E+02    0.9648E+02    0.9375E+02    0.9160E+02    0.9312E+02    0.1008E+03    0.1006E+03    0.1018E+03    0.1066E+03    0.1078E+03    0.1322E+03    0.2373E+03    0.3778E+04    0.3297E+04   -0.9990E+03   -0.9990E+03   -0.9990E+03   -0.9990E+03   -0.9990E+03   -0.9990E+03   -0.9990E+03   -0.9990E+03   -0.9990E+03   -0.9990E+03   -0.9990E+03   -0.9990E+03   -0.9990E+03
   -0.9990E+03   -0.9990E+03   -0.9990E+03   -0.9990E+03   -0.9990E+03   -0.9990E+03   -0.9990E+03   -0.9990E+03   -0.9990E+03   -0.9990E+03   -0.9990E+03   -0.9990E+03   -0.9990E+03   -0.9990E+03   -0.9990E+03   -0.9990E+03   -0.9990E+03   -0.9990E+03   -0.9990E+03   -0.9990E+03   -0.9990E+03   -0.9990E+03   -0.9990E+03   -0.9990E+03   -0.9990E+03   -0.9990E+03   -0.9990E+03   -0.9990E+03    0.1530E+03    0.1962E+03    0.6258E+02    0.4799E+02    0.4730E+02    0.5441E+02    0.7574E+02    0.1383E+03    0.1931E+03    0.1390E+03    0.4603E+03    0.1990E+03    0.1590E+03    0.1026E+04    0.9540E+03    0.1502E+03    0.1317E+03    0.1217E+03    0.1080E+03    0.1052E+03    0.1003E+03    0.9717E+02    0.9474E+02    0.9462E+02    0.9307E+02    0.9512E+02    0.9781E+02    0.9663E+02    0.9915E+02    0.1045E+03    0.1113E+03    0.1353E+03    0.1221E+04    0.3535E+04   -0.9990E+03   -0.9990E+03   -0.9990E+03   -0.9990E+03   -0.9990E+03   -0.9990E+03   -0.9990E+03   -0.9990E+03   -0.9990E+03   -0.9990E+03   -0.9990E+03   -0.9990E+03   -0.9990E+03   -0.9990E+03
   -0.9990E+03   -0.9990E+03   -0.9990E+03   -0.9990E+03   -0.9990E+03   -0.9990E+03   -0.9990E+03   -0.9990E+03   -0.9990E+03   -0.9990E+03   -0.9990E+03   -0.9990E+03   -0.9990E+03   -0.9990E+03   -0.9990E+03   -0.9990E+03   -0.9990E+03   -0.9990E+03   -0.9990E+03   -0.9990E+03   -0.9990E+03   -0.9990E+03   -0.9990E+03   -0.9990E+03   -0.9990E+03   -0.9990E+03   -0.9990E+03    0.2729E+03    0.2233E+03    0.2457E+03    0.9758E+02    0.5506E+02    0.6803E+02    0.7710E+02    0.5301E+02    0.9464E+02    0.1439E+03    0.1373E+03    0.3692E+03    0.2190E+03    0.1984E+03    0.4739E+03    0.2220E+03    0.1215E+03    0.1177E+03    0.1033E+03    0.1086E+03    0.1049E+03    0.1030E+03    0.1008E+03    0.1019E+03    0.1066E+03    0.9604E+02    0.9365E+02    0.9201E+02    0.9181E+02    0.9540E+02    0.1043E+03    0.1128E+03    0.1549E+03    0.2459E+04   -0.9990E+03   -0.9990E+03   -0.9990E+03   -0.9990E+03   -0.9990E+03   -0.9990E+03   -0.9990E+03   -0.9990E+03   -0.9990E+03   -0.9990E+03   -0.9990E+03   -0.9990E+03   -0.9990E+03   -0.9990E+03   -0.9990E+03
   -0.9990E+03   -0.9990E+03   -0.9990E+03   -0.9990E+03   -0.9990E+03   -0.9990E+03   -0.9990E+03   -0.9990E+03   -0.9990E+03   -0.9990E+03   -0.9990E+03   -0.9990E+03   -0.9990E+03   -0.9990E+03   -0.9990E+03   -0.9990E+03   -0.9990E+03   -0.9990E+03   -0.9990E+03   -0.9990E+03   -0.9990E+03   -0.9990E+03   -0.9990E+03   -0.9990E+03   -0.9990E+03   -0.9990E+03   -0.9990E+03    0.4530E+03    0.3231E+03    0.2251E+03    0.1354E+03    0.1212E+03    0.6149E+02    0.7254E+02    0.5701E+04    0.5723E+04    0.3779E+03    0.5238E+04    0.5540E+04    0.4827E+03    0.2023E+03    0.5041E+03    0.2512E+03    0.1192E+03    0.1148E+03    0.1042E+03    0.1130E+03    0.1111E+03    0.1067E+03    0.1078E+03    0.1029E+03    0.1048E+03    0.9735E+02    0.9227E+02    0.8750E+02    0.8634E+02    0.9096E+02    0.1029E+03    0.1152E+03    0.1302E+03    0.1934E+03   -0.9990E+03   -0.9990E+03   -0.9990E+03   -0.9990E+03   -0.9990E+03   -0.9990E+03   -0.9990E+03   -0.9990E+03   -0.9990E+03   -0.9990E+03   -0.9990E+03   -0.9990E+03   -0.9990E+03   -0.9990E+03   -0.9990E+03
   -0.9990E+03   -0.9990E+03   -0.9990E+03   -0.9990E+03   -0.9990E+03   -0.9990E+03   -0.9990E+03   -0.9990E+03   -0.9990E+03   -0.9990E+03   -0.9990E+03   -0.9990E+03   -0.9990E+03   -0.9990E+03   -0.9990E+03   -0.9990E+03   -0.9990E+03   -0.9990E+03   -0.9990E+03   -0.9990E+03   -0.9990E+03   -0.9990E+03   -0.9990E+03   -0.9990E+03   -0.9990E+03   -0.9990E+03    0.4455E+03    0.6552E+03    0.5452E+03    0.3129E+03    0.9810E+03    0.9927E+03    0.1832E+04    0.3519E+04    0.5697E+04    0.5713E+04    0.5714E+04    0.5629E+04    0.5562E+04    0.3335E+04    0.3455E+02    0.5704E+03    0.3517E+03    0.1236E+03    0.1022E+03    0.1009E+03    0.1123E+03    0.1127E+03    0.1153E+03    0.1070E+03    0.1049E+03    0.1021E+03    0.9880E+02    0.9180E+02    0.8518E+02    0.8034E+02    0.8903E+02    0.1019E+03    0.1154E+03    0.1266E+03    0.1686E+04    0.3292E+04   -0.9990E+03   -0.9990E+03   -0.9990E+03   -0.9990E+03   -0.9990E+03   -0.9990E+03   -0.9990E+03   -0.9990E+03   -0.9990E+03   -0.9990E+03   -0.9990E+03   -0.9990E+03   -0.9990E+03   -0.9990E+03
   -0.9990E+03   -0.9990E+03   -0.9990E+03   -0.9990E+03   -0.9990E+03   -0.9990E+03   -0.9990E+03   -0.9990E+03   -0.9990E+03   -0.9990E+03   -0.9990E+03   -0.9990E+03   -0.9990E+03   -0.9990E+03   -0.9990E+03   -0.9990E+03   -0.9990E+03   -0.9990E+03   -0.9990E+03   -0.9990E+03   -0.9990E+03   -0.9990E+03   -0.9990E+03   -0.9990E+03   -0.9990E+03   -0.9990E+03    0.3198E+03    0.4322E+03    0.6664E+03    0.8410E+03    0.1041E+04    0.1531E+04    0.3329E+04    0.5743E+04    0.4309E+04    0.5730E+04    0.5731E+04    0.5070E+04    0.5493E+04    0.3367E+04    0.1704E+03    0.1664E+03    0.1483E+03    0.1209E+03    0.1095E+03    0.1171E+03    0.1176E+03    0.1152E+03    0.1073E+03    0.1052E+03    0.1039E+03    0.1020E+03    0.9870E+02    0.9221E+02    0.8646E+02    0.8407E+02    0.9065E+02    0.1008E+03    0.1135E+03    0.1825E+03    0.1849E+04    0.3028E+04   -0.9990E+03   -0.9990E+03   -0.9990E+03   -0.9990E+03   -0.9990E+03   -0.9990E+03   -0.9990E+03   -0.9990E+03   -0.9990E+03   -0.9990E+03   -0.9990E+03   -0.9990E+03   -0.9990E+03   -0.9990E+03
   -0.9990E+03   -0.9990E+03   -0.9990E+03   -0.9990E+03   -0.9990E+03   -0.9990E+03   -0.9990E+03   -0.9990E+03   -0.9990E+03   -0.9990E+03   -0.9990E+03   -0.9990E+03   -0.9990E+03   -0.9990E+03   -0.9990E+03   -0.9990E+03   -0.9990E+03   -0.9990E+03   -0.9990E+03   -0.9990E+03   -0.9990E+03   -0.9990E+03   -0.9990E+03   -0.9990E+03    0.3479E+03    0.4028E+03    0.4537E+03    0.3805E+03    0.5994E+03    0.7611E+03    0.1182E+04    0.2560E+04    0.5424E+04    0.5674E+04    0.5741E+04    0.5742E+04    0.5749E+04    0.5748E+04    0.5750E+04    0.5722E+04    0.7257E+03    0.1475E+03    0.1315E+03    0.1232E+03    0.1218E+03    0.1293E+03    0.1190E+03    0.1154E+03    0.1139E+03    0.1078E+03    0.1062E+03    0.1036E+03    0.9613E+02    0.9226E+02    0.8724E+02    0.8729E+02    0.9334E+02    0.1017E+03    0.1107E+03    0.1548E+03    0.3258E+04   -0.9990E+03   -0.9990E+03   -0.9990E+03   -0.9990E+03   -0.9990E+03   -0.9990E+03   -0.9990E+03   -0.9990E+03   -0.9990E+03   -0.9990E+03   -0.9990E+03   -0.9990E+03   -0.9990E+03   -0.9990E+03   -0.9990E+03
   -0.9990E+03   -0.9990E+03   -0.9990E+03   -0.9990E+03   -0.9990E+03   -0.9990E+03   -0.9990E+03   -0.9990E+03   -0.9990E+03   -0.9990E+03   -0.9990E+03   -0.9990E+03   -0.9990E+03   -0.9990E+03   -0.9990E+03   -0.9990E+03   -0.9990E+03   -0.9990E+03   -0.9990E+03   -0.9990E+03   -0.9990E+03   -0.9990E+03   -0.9990E+03   -0.9990E+03   -0.9990E+03    0.3807E+03    0.5405E+03    0.4343E+03    0.5062E+03    0.7187E+03    0.8397E+03    0.3452E+04    0.5637E+04    0.5678E+04    0.5737E+04    0.5750E+04    0.5746E+04    0.5747E+04    0.5747E+04    0.5724E+04    0.9361E+03    0.1618E+03    0.1400E+03    0.1347E+03    0.1504E+03    0.1373E+03    0.1270E+03    0.1202E+03    0.1165E+03    0.1142E+03    0.1073E+03    0.1021E+03    0.9540E+02    0.9240E+02    0.8960E+02    0.8994E+02    0.9130E+02    0.9574E+02    0.1132E+03    0.1273E+03   -0.9990E+03   -0.9990E+03   -0.9990E+03   -0.9990E+03   -0.9990E+03   -0.9990E+03   -0.9990E+03   -0.9990E+03   -0.9990E+03   -0.9990E+03   -0.9990E+03   -0.9990E+03   -0.9990E+03   -0.9990E+03   -0.9990E+03   -0.9990E+03
   -0.9990E+03   -0.9990E+03   -0.9990E+03   -0.9990E+03   -0.9990E+03   -0.9990E+03   -0.9990E+03   -0.9990E+03   -0.9990E+03   -0.9990E+03   -0.9990E+03   -0.9990E+03   -0.9990E+03   -0.9990E+03   -0.9990E+03   -0.9990E+03   -0.9990E+03   -0.9990E+03   -0.9990E+03   -0.9990E+03   -0.9990E+03   -0.9990E+03   -0.9990E+03   -0.9990E+03    0.4255E+03    0.4575E+03    0.6170E+03    0.5452E+03    0.6446E+03    0.6633E+03    0.8480E+03    0.3162E+04    0.5675E+04    0.5684E+04    0.5743E+04    0.5750E+04    0.5746E+04    0.5749E+04    0.5749E+04    0.5724E+04    0.2807E+03    0.1637E+03    0.1592E+03    0.1744E+03    0.1456E+03    0.1417E+03    0.1351E+03    0.1296E+03    0.1277E+03    0.1200E+03    0.1085E+03    0.1019E+03    0.9741E+02    0.9378E+02    0.9168E+02    0.9296E+02    0.9471E+02    0.1007E+03    0.1139E+03   -0.9990E+03   -0.9990E+03   -0.9990E+03   -0.9990E+03   -0.9990E+03   -0.9990E+03   -0.9990E+03   -0.9990E+03   -0.9990E+03   -0.9990E+03   -0.9990E+03   -0.9990E+03   -0.9990E+03   -0.9990E+03   -0.9990E+03   -0.9990E+03   -0.9990E+03
   -0.9990E+03   -0.9990E+03   -0.9990E+03   -0.9990E+03   -0.9990E+03   -0.9990E+03   -0.9990E+03   -0.9990E+03   -0.9990E+03   -0.9990E+03   -0.9990E+03   -0.9990E+03   -0.9990E+03   -0.9990E+03   -0.9990E+03   -0.9990E+03   -0.9990E+03   -0.9990E+03   -0.9990E+03   -0.9990E+03   -0.9990E+03   -0.9990E+03   -0.9990E+03   -0.9990E+03    0.5163E+03    0.5890E+03    0.6449E+03    0.6628E+03    0.6789E+03    0.6747E+03    0.8040E+03    0.1271E+04    0.5719E+04    0.5741E+04    0.5713E+04    0.5749E+04    0.5749E+04    0.5748E+04    0.5749E+04    0.5724E+04    0.1982E+03    0.1682E+03    0.1841E+03    0.2009E+03    0.1570E+03    0.1501E+03    0.1404E+03    0.1387E+03    0.1313E+03    0.1193E+03    0.1098E+03    0.1044E+03    0.9954E+02    0.9624E+02    0.9510E+02    0.9543E+02    0.9434E+02    0.1007E+03    0.1048E+03   -0.9990E+03   -0.9990E+03   -0.9990E+03   -0.9990E+03   -0.9990E+03   -0.9990E+03   -0.9990E+03   -0.9990E+03   -0.9990E+03   -0.9990E+03   -0.9990E+03   -0.9990E+03   -0.9990E+03   -0.9990E+03   -0.9990E+03   -0.9990E+03   -0.9990E+03
   -0.9990E+03   -0.9990E+03   -0.9990E+03   -0.9990E+03   -0.9990E+03   -0.9990E+03   -0.9990E+03   -0.9990E+03   -0.9990E+03   -0.9990E+03   -0.9990E+03   -0.9990E+03   -0.9990E+03   -0.9990E+03   -0.9990E+03   -0.9990E+03   -0.9990E+03   -0.9990E+03   -0.9990E+03   -0.9990E+03   -0.9990E+03   -0.9990E+03   -0.9990E+03   -0.9990E+03    0.6114E+03    0.7108E+03    0.6503E+03    0.7120E+03    0.7439E+03    0.7548E+03    0.8667E+03    0.9853E+03    0.3738E+04    0.5754E+04    0.5734E+04    0.5745E+04    0.5748E+04    0.5748E+04    0.5748E+04    0.5726E+04    0.1859E+03    0.1747E+03    0.1988E+03    0.1861E+03    0.1838E+03    0.1624E+03    0.1413E+03    0.1399E+03    0.1290E+03    0.1181E+03    0.1125E+03    0.1054E+03    0.1016E+03    0.9736E+02    0.9463E+02    0.9252E+02    0.9417E+02    0.9963E+02    0.1080E+03   -0.9990E+03   -0.9990E+03   -0.9990E+03   -0.9990E+03   -0.9990E+03   -0.9990E+03   -0.9990E+03   -0.9990E+03   -0.9990E+03   -0.9990E+03   -0.9990E+03   -0.9990E+03   -0.9990E+03   -0.9990E+03   -0.9990E+03   -0.9990E+03   -0.9990E+03
   -0.9990E+03   -0.9990E+03   -0.9990E+03   -0.9990E+03   -0.9990E+03   -0.9990E+03   -0.9990E+03   -0.9990E+03   -0.9990E+03   -0.9990E+03   -0.9990E+03   -0.9990E+03   -0.9990E+03   -0.9990E+03   -0.9990E+03   -0.9990E+03   -0.9990E+03   -0.9990E+03   -0.9990E+03   -0.9990E+03   -0.9990E+03   -0.9990E+03   -0.9990E+03    0.6295E+03    0.6890E+03    0.7056E+03    0.7596E+03    0.7419E+03    0.7588E+03    0.7511E+03    0.7814E+03    0.7910E+03    0.9997E+03    0.4379E+04    0.5757E+04    0.5708E+04    0.5748E+04    0.5748E+04    0.5727E+04    0.6390E+03    0.1744E+03    0.3053E+03    0.2257E+03    0.1918E+03    0.1878E+03    0.1514E+03    0.1452E+03    0.1338E+03    0.1337E+03    0.1228E+03    0.1164E+03    0.1065E+03    0.1027E+03    0.9860E+02    0.9365E+02    0.9251E+02    0.9419E+02    0.9934E+02    0.1023E+03   -0.9990E+03   -0.9990E+03   -0.9990E+03   -0.9990E+03   -0.9990E+03   -0.9990E+03   -0.9990E+03   -0.9990E+03   -0.9990E+03   -0.9990E+03   -0.9990E+03   -0.9990E+03   -0.9990E+03   -0.9990E+03   -0.9990E+03   -0.9990E+03   -0.9990E+03
   -0.9990E+03   -0.9990E+03   -0.9990E+03   -0.9990E+03   -0.9990E+03   -0.9990E+03   -0.9990E+03   -0.9990E+03   -0.9990E+03   -0.9990E+03   -0.9990E+03   -0.9990E+03   -0.9990E+03   -0.9990E+03   -0.9990E+03   -0.9990E+03   -0.9990E+03   -0.9990E+03   -0.9990E+03   -0.9990E+03   -0.9990E+03   -0.9990E+03   -0.9990E+03    0.6661E+03    0.7437E+03    0.7255E+03    0.7030E+03    0.7931E+03    0.8021E+03    0.8092E+03    0.8232E+03    0.8323E+03    0.1065E+04    0.8688E+03    0.5749E+04    0.5739E+04    0.5739E+04    0.5745E+04    0.5729E+04    0.2286E+03    0.1709E+03    0.2207E+03    0.2460E+03    0.2016E+03    0.1820E+03    0.1637E+03    0.1668E+03    0.1460E+03    0.1405E+03    0.1255E+03    0.1161E+03    0.1134E+03    0.1083E+03    0.1008E+03    0.9364E+02    0.8941E+02    0.9313E+02    0.8849E+02   -0.9990E+03   -0.9990E+03   -0.9990E+03   -0.9990E+03   -0.9990E+03   -0.9990E+03   -0.9990E+03   -0.9990E+03   -0.9990E+03   -0.9990E+03   -0.9990E+03   -0.9990E+03   -0.9990E+03   -0.9990E+03   -0.9990E+03   -0.9990E+03   -0.9990E+03   -0.9990E+03
   -0.9990E+03   -0.9990E+03   -0.9990E+03   -0.9990E+03   -0.9990E+03   -0.9990E+03   -0.9990E+03   -0.9990E+03   -0.9990E+03   -0.9990E+03   -0.9990E+03   -0.9990E+03   -0.9990E+03   -0.9990E+03   -0.9990E+03   -0.9990E+03   -0.9990E+03   -0.9990E+03   -0.9990E+03   -0.9990E+03   -0.9990E+03   -0.9990E+03   -0.9990E+03    0.9294E+03    0.9548E+03    0.9408E+03    0.9377E+03    0.9506E+03    0.9714E+03    0.9534E+03    0.8390E+03    0.9890E+03    0.8299E+03    0.1576E+03    0.1746E+04    0.4048E+04    0.5711E+04    0.5731E+04    0.8612E+03    0.1955E+03    0.1615E+03    0.3936E+03    0.2584E+03    0.2001E+03    0.1535E+03    0.1582E+03    0.1694E+03    0.1617E+03    0.1478E+03    0.1353E+03    0.1132E+03    0.1171E+03    0.1093E+03    0.1011E+03    0.9341E+02    0.8607E+02    0.8911E+02   -0.9990E+03   -0.9990E+03   -0.9990E+03   -0.9990E+03   -0.9990E+03   -0.9990E+03   -0.9990E+03   -0.9990E+03   -0.9990E+03   -0.9990E+03   -0.9990E+03   -0.9990E+03   -0.9990E+03   -0.9990E+03   -0.9990E+03   -0.9990E+03   -0.9990E+03   -0.9990E+03   -0.9990E+03
   -0.9990E+03   -0.9990E+03   -0.9990E+03   -0.9990E+03   -0.9990E+03   -0.9990E+03   -0.9990E+03   -0.9990E+03   -0.9990E+03   -0.9990E+03   -0.9990E+03   -0.9990E+03   -0.9990E+03   -0.9990E+03   -0.9990E+03   -0.9990E+03   -0.9990E+03   -0.9990E+03   -0.9990E+03   -0.9990E+03   -0.9990E+03   -0.9990E+03   -0.9990E+03    0.9991E+03    0.9924E+03    0.1004E+04    0.1006E+04    0.9800E+03    0.2461E+03    0.6331E+03    0.9615E+03    0.8409E+03    0.9907E+03    0.2771E+03    0.1602E+03    0.1902E+03    0.5660E+04    0.2644E+03    0.2007E+03    0.1693E+03    0.1667E+03    0.2836E+03    0.1894E+03    0.1568E+03    0.1773E+03    0.1778E+03    0.1549E+03    0.1423E+03    0.1490E+03    0.1400E+03    0.1141E+03    0.1026E+03    0.1085E+03    0.9901E+02    0.9344E+02    0.8242E+02   -0.9990E+03   -0.9990E+03   -0.9990E+03   -0.9990E+03   -0.9990E+03   -0.9990E+03   -0.9990E+03   -0.9990E+03   -0.9990E+03   -0.9990E+03   -0.9990E+03   -0.9990E+03   -0.9990E+03   -0.9990E+03   -0.9990E+03   -0.9990E+03   -0.9990E+03   -0.9990E+03   -0.9990E+03   -0.9990E+03
   -0.9990E+03   -0.9990E+03   -0.9990E+03   -0.9990E+03   -0.9990E+03   -0.9990E+03   -0.9990E+03   -0.9990E+03   -0.9990E+03   -0.9990E+03   -0.9990E+03   -0.9990E+03   -0.9990E+03   -0.9990E+03   -0.9990E+03   -0.9990E+03   -0.9990E+03   -0.9990E+03   -0.9990E+03   -0.9990E+03   -0.9990E+03   -0.9990E+03   -0.9990E+03    0.9845E+03    0.9783E+03    0.1010E+04    0.1006E+04    0.9840E+03    0.3125E+03    0.9707E+03    0.8394E+03    0.8306E+03    0.8256E+03    0.5789E+03    0.1584E+03    0.1488E+03    0.1950E+03    0.1833E+03    0.1979E+03    0.1608E+03    0.2141E+03    0.2439E+03    0.1894E+03    0.1682E+03    0.1776E+03    0.1687E+03    0.1569E+03    0.1473E+03    0.1326E+03    0.1392E+03    0.1249E+03    0.1216E+03    0.1133E+03    0.1061E+03    0.9784E+02    0.8644E+02   -0.9990E+03   -0.9990E+03   -0.9990E+03   -0.9990E+03   -0.9990E+03   -0.9990E+03   -0.9990E+03   -0.9990E+03   -0.9990E+03   -0.9990E+03   -0.9990E+03   -0.9990E+03   -0.9990E+03   -0.9990E+03   -0.9990E+03   -0.9990E+03   -0.9990E+03   -0.9990E+03   -0.9990E+03   -0.9990E+03
   -0.9990E+03   -0.9990E+03   -0.9990E+03   -0.9990E+03   -0.9990E+03   -0.9990E+03   -0.9990E+03   -0.9990E+03   -0.9990E+03   -0.9990E+03   -0.9990E+03   -0.9990E+03   -0.9990E+03   -0.9990E+03   -0.9990E+03   -0.9990E+03   -0.9990E+03   -0.9990E+03   -0.9990E+03   -0.9990E+03   -0.9990E+03   -0.9990E+03   -0.9990E+03    0.9408E+03    0.8821E+03    0.8751E+03    0.8876E+03    0.1011E+04    0.9875E+03    0.9357E+03    0.8410E+03    0.8314E+03    0.9348E+03    0.1449E+03    0.1350E+03    0.1522E+03    0.1385E+03    0.1300E+03    0.1487E+03    0.1518E+03    0.1642E+03    0.2205E+03    0.2049E+03    0.1914E+03    0.1778E+03    0.1711E+03    0.1659E+03    0.1568E+03    0.1496E+03    0.1374E+03    0.1317E+03    0.1211E+03    0.1180E+03    0.9559E+02   -0.9990E+03   -0.9990E+03   -0.9990E+03   -0.9990E+03   -0.9990E+03   -0.9990E+03   -0.9990E+03   -0.9990E+03   -0.9990E+03   -0.9990E+03   -0.9990E+03   -0.9990E+03   -0.9990E+03   -0.9990E+03   -0.9990E+03   -0.9990E+03   -0.9990E+03   -0.9990E+03   -0.9990E+03   -0.9990E+03   -0.9990E+03   -0.9990E+03
   -0.9990E+03   -0.9990E+03   -0.9990E+03   -0.9990E+03   -0.9990E+03   -0.9990E+03   -0.9990E+03   -0.9990E+03   -0.9990E+03   -0.9990E+03   -0.9990E+03   -0.9990E+03   -0.9990E+03   -0.9990E+03   -0.9990E+03   -0.9990E+03   -0.9990E+03   -0.9990E+03   -0.9990E+03   -0.9990E+03   -0.9990E+03   -0.9990E+03   -0.9990E+03   -0.9990E+03    0.1582E+04    0.1031E+04    0.8748E+03    0.8678E+03    0.1002E+04    0.8095E+03    0.8017E+03    0.8235E+03    0.8298E+03    0.1440E+03    0.1349E+03    0.1406E+03    0.1260E+03    0.1264E+03    0.1288E+03    0.1437E+03    0.1484E+03    0.1614E+03    0.1798E+03    0.1913E+03    0.1688E+03    0.1629E+03    0.1739E+03    0.1659E+03    0.1416E+03    0.1334E+03    0.1304E+03    0.1075E+03    0.1064E+03   -0.9990E+03   -0.9990E+03   -0.9990E+03   -0.9990E+03   -0.9990E+03   -0.9990E+03   -0.9990E+03   -0.9990E+03   -0.9990E+03   -0.9990E+03   -0.9990E+03   -0.9990E+03   -0.9990E+03   -0.9990E+03   -0.9990E+03   -0.9990E+03   -0.9990E+03   -0.9990E+03   -0.9990E+03   -0.9990E+03   -0.9990E+03   -0.9990E+03   -0.9990E+03
   -0.9990E+03   -0.9990E+03   -0.9990E+03   -0.9990E+03   -0.9990E+03   -0.9990E+03   -0.9990E+03   -0.9990E+03   -0.9990E+03   -0.9990E+03   -0.9990E+03   -0.9990E+03   -0.9990E+03   -0.9990E+03   -0.9990E+03   -0.9990E+03   -0.9990E+03   -0.9990E+03   -0.9990E+03   -0.9990E+03   -0.9990E+03   -0.9990E+03   -0.9990E+03   -0.9990E+03    0.5635E+04    0.5636E+04    0.2589E+04    0.1515E+04    0.9718E+03    0.8435E+03    0.7974E+03    0.8043E+03    0.8664E+03    0.1389E+03    0.1314E+03    0.1311E+03    0.1246E+03    0.1352E+03    0.1386E+03    0.1441E+03    0.1518E+03    0.1548E+03    0.1813E+03    0.1706E+03    0.1590E+03    0.1614E+03    0.1548E+03    0.1263E+03    0.1019E+03    0.1204E+03    0.9512E+02   -0.9990E+03   -0.9990E+03   -0.9990E+03   -0.9990E+03   -0.9990E+03   -0.9990E+03   -0.9990E+03   -0.9990E+03   -0.9990E+03   -0.9990E+03   -0.9990E+03   -0.9990E+03   -0.9990E+03   -0.9990E+03   -0.9990E+03   -0.9990E+03   -0.9990E+03   -0.9990E+03   -0.9990E+03   -0.9990E+03   -0.9990E+03   -0.9990E+03   -0.9990E+03   -0.9990E+03   -0.9990E+03
   -0.9990E+03   -0.9990E+03   -0.9990E+03   -0.9990E+03   -0.9990E+03   -0.9990E+03   -0.9990E+03   -0.9990E+03   -0.9990E+03   -0.9990E+03   -0.9990E+03   -0.9990E+03   -0.9990E+03   -0.9990E+03   -0.9990E+03   -0.9990E+03   -0.9990E+03   -0.9990E+03   -0.9990E+03   -0.9990E+03   -0.9990E+03   -0.9990E+03   -0.9990E+03    0.5547E+04    0.5553E+04    0.4398E+04    0.5531E+04    0.5627E+04    0.5073E+04    0.1366E+04    0.9156E+03    0.9934E+03    0.9287E+03    0.1520E+03    0.1251E+03    0.1249E+03    0.1302E+03    0.1331E+03    0.1394E+03    0.1433E+03    0.1430E+03    0.1399E+03    0.1349E+03    0.1269E+03    0.1529E+03    0.1601E+03    0.1109E+03    0.1023E+03    0.1132E+03    0.1154E+03    0.1214E+03    0.1047E+03   -0.9990E+03   -0.9990E+03   -0.9990E+03   -0.9990E+03   -0.9990E+03   -0.9990E+03   -0.9990E+03   -0.9990E+03   -0.9990E+03   -0.9990E+03   -0.9990E+03   -0.9990E+03   -0.9990E+03   -0.9990E+03   -0.9990E+03   -0.9990E+03   -0.9990E+03   -0.9990E+03   -0.9990E+03   -0.9990E+03   -0.9990E+03   -0.9990E+03   -0.9990E+03   -0.9990E+03
   -0.9990E+03   -0.9990E+03   -0.9990E+03   -0.9990E+03   -0.9990E+03   -0.9990E+03   -0.9990E+03   -0.9990E+03   -0.9990E+03   -0.9990E+03   -0.9990E+03   -0.9990E+03   -0.9990E+03   -0.9990E+03   -0.9990E+03   -0.9990E+03   -0.9990E+03   -0.9990E+03   -0.9990E+03   -0.9990E+03   -0.9990E+03   -0.9990E+03   -0.9990E+03    0.4529E+04    0.4579E+04    0.4386E+04    0.4406E+04    0.4483E+04    0.5619E+04    0.5617E+04    0.2132E+04    0.4044E+03    0.1764E+03    0.1440E+03    0.1377E+03    0.1208E+03    0.1228E+03    0.1221E+03    0.1239E+03    0.1236E+03    0.1065E+03    0.1091E+03    0.1360E+03    0.1335E+03    0.1358E+03    0.1255E+03    0.1254E+03    0.1231E+03    0.1362E+03    0.1421E+03    0.1443E+03    0.1466E+03   -0.9990E+03   -0.9990E+03   -0.9990E+03   -0.9990E+03   -0.9990E+03   -0.9990E+03   -0.9990E+03   -0.9990E+03   -0.9990E+03   -0.9990E+03   -0.9990E+03   -0.9990E+03   -0.9990E+03   -0.9990E+03   -0.9990E+03   -0.9990E+03   -0.9990E+03   -0.9990E+03   -0.9990E+03   -0.9990E+03   -0.9990E+03   -0.9990E+03   -0.9990E+03   -0.9990E+03
   -0.9990E+03   -0.9990E+03   -0.9990E+03   -0.9990E+03   -0.9990E+03   -0.9990E+03   -0.9990E+03   -0.9990E+03   -0.9990E+03   -0.9990E+03   -0.9990E+03   -0.9990E+03   -0.9990E+03   -0.9990E+03   -0.9990E+03   -0.9990E+03   -0.9990E+03   -0.9990E+03   -0.9990E+03   -0.9990E+03   -0.9990E+03   -0.9990E+03   -0.9990E+03   -0.9990E+03    0.5633E+04    0.5522E+04    0.4971E+04    0.5623E+04    0.5640E+04    0.5473E+04    0.5597E+04    0.3220E+03    0.5854E+03    0.1532E+03    0.1293E+03    0.1134E+03    0.1173E+03    0.1136E+03    0.1112E+03    0.1031E+03    0.1068E+03    0.9655E+02    0.1152E+03    0.1298E+03    0.1071E+03    0.9467E+02    0.1006E+03    0.1160E+03    0.1446E+03    0.1353E+03    0.2072E+03    0.1947E+03   -0.9990E+03   -0.9990E+03   -0.9990E+03   -0.9990E+03   -0.9990E+03   -0.9990E+03   -0.9990E+03   -0.9990E+03   -0.9990E+03   -0.9990E+03   -0.9990E+03   -0.9990E+03   -0.9990E+03   -0.9990E+03   -0.9990E+03   -0.9990E+03   -0.9990E+03   -0.9990E+03   -0.9990E+03   -0.9990E+03   -0.9990E+03   -0.9990E+03   -0.9990E+03   -0.9990E+03
   -0.9990E+03   -0.9990E+03   -0.9990E+03   -0.9990E+03   -0.9990E+03   -0.9990E+03   -0.9990E+03   -0.9990E+03   -0.9990E+03   -0.9990E+03   -0.9990E+03   -0.9990E+03   -0.9990E+03   -0.9990E+03   -0.9990E+03   -0.9990E+03   -0.9990E+03   -0.9990E+03   -0.9990E+03   -0.9990E+03   -0.9990E+03   -0.9990E+03   -0.9990E+03   -0.9990E+03    0.5487E+04    0.5643E+04    0.5627E+04    0.5618E+04    0.5535E+04    0.5464E+04    0.5556E+04    0.5812E+03    0.2902E+03    0.1347E+03    0.1247E+03    0.1087E+03    0.1089E+03    0.9640E+02    0.1041E+03    0.9185E+02    0.1035E+03    0.1069E+03    0.1167E+03    0.1214E+03    0.9596E+02    0.1048E+03    0.1084E+03    0.1231E+03    0.1383E+03    0.1661E+03    0.2343E+03   -0.9990E+03   -0.9990E+03   -0.9990E+03   -0.9990E+03   -0.9990E+03   -0.9990E+03   -0.9990E+03   -0.9990E+03   -0.9990E+03   -0.9990E+03   -0.9990E+03   -0.9990E+03   -0.9990E+03   -0.9990E+03   -0.9990E+03   -0.9990E+03   -0.9990E+03   -0.9990E+03   -0.9990E+03   -0.9990E+03   -0.9990E+03   -0.9990E+03   -0.9990E+03   -0.9990E+03   -0.9990E+03
   -0.9990E+03   -0.9990E+03   -0.9990E+03   -0.9990E+03   -0.9990E+03   -0.9990E+03   -0.9990E+03   -0.9990E+03   -0.9990E+03   -0.9990E+03   -0.9990E+03   -0.9990E+03   -0.9990E+03   -0.9990E+03   -0.9990E+03   -0.9990E+03   -0.9990E+03   -0.9990E+03   -0.9990E+03   -0.9990E+03   -0.9990E+03   -0.9990E+03   -0.9990E+03   -0.9990E+03    0.5484E+04    0.5481E+04    0.5477E+04    0.5482E+04    0.5470E+04    0.5461E+04    0.5604E+04    0.3125E+04    0.5513E+03    0.9168E+02    0.7725E+02    0.9599E+02    0.9643E+02    0.1030E+03    0.9552E+02    0.1151E+03    0.1245E+03    0.1086E+03    0.1063E+03    0.1082E+03    0.9847E+02    0.9353E+02    0.9856E+02    0.1128E+03    0.1095E+03    0.1578E+03   -0.9990E+03   -0.9990E+03   -0.9990E+03   -0.9990E+03   -0.9990E+03   -0.9990E+03   -0.9990E+03   -0.9990E+03   -0.9990E+03   -0.9990E+03   -0.9990E+03   -0.9990E+03   -0.9990E+03   -0.9990E+03   -0.9990E+03   -0.9990E+03   -0.9990E+03   -0.9990E+03   -0.9990E+03   -0.9990E+03   -0.9990E+03   -0.9990E+03   -0.9990E+03   -0.9990E+03   -0.9990E+03   -0.9990E+03
   -0.9990E+03   -0.9990E+03   -0.9990E+03   -0.9990E+03   -0.9990E+03   -0.9990E+03   -0.9990E+03   -0.9990E+03   -0.9990E+03   -0.9990E+03   -0.9990E+03   -0.9990E+03   -0.9990E+03   -0.9990E+03   -0.9990E+03   -0.9990E+03   -0.9990E+03   -0.9990E+03   -0.9990E+03   -0.9990E+03   -0.9990E+03   -0.9990E+03   -0.9990E+03   -0.9990E+03    0.5482E+04    0.5477E+04    0.5473E+04    0.5469E+04    0.5462E+04    0.5464E+04    0.5604E+04    0.5075E+04    0.3024E+03    0.2232E+03    0.1079E+03    0.1021E+03    0.9555E+02    0.8250E+02    0.6110E+02    0.1031E+03    0.1273E+03    0.1157E+03    0.8423E+02    0.9212E+02    0.9736E+02    0.8258E+02    0.9178E+02    0.9925E+02    0.9235E+02    0.8641E+02   -0.9990E+03   -0.9990E+03   -0.9990E+03   -0.9990E+03   -0.9990E+03   -0.9990E+03   -0.9990E+03   -0.9990E+03   -0.9990E+03   -0.9990E+03   -0.9990E+03   -0.9990E+03   -0.9990E+03   -0.9990E+03   -0.9990E+03   -0.9990E+03   -0.9990E+03   -0.9990E+03   -0.9990E+03   -0.9990E+03   -0.9990E+03   -0.9990E+03   -0.9990E+03   -0.9990E+03   -0.9990E+03   -0.9990E+03
   -0.9990E+03   -0.9990E+03   -0.9990E+03   -0.9990E+03   -0.9990E+03   -0.9990E+03   -0.9990E+03   -0.9990E+03   -0.9990E+03   -0.9990E+03   -0.9990E+03   -0.9990E+03   -0.9990E+03   -0.9990E+03   -0.9990E+03   -0.9990E+03   -0.9990E+03   -0.9990E+03   -0.9990E+03   -0.9990E+03   -0.9990E+03   -0.9990E+03   -0.9990E+03   -0.9990E+03    0.5477E+04    0.5475E+04    0.5473E+04    0.5469E+04    0.5468E+04    0.5464E+04    0.5472E+04    0.5578E+04    0.1894E+03    0.1094E+03    0.4342E+03    0.1308E+03    0.9712E+02    0.8403E+02    0.7891E+02    0.1266E+03    0.1334E+03    0.1201E+03    0.7542E+02    0.8443E+02    0.8737E+02    0.8657E+02    0.8288E+02    0.8324E+02    0.8828E+02    0.7815E+02   -0.9990E+03   -0.9990E+03   -0.9990E+03   -0.9990E+03   -0.9990E+03   -0.9990E+03   -0.9990E+03   -0.9990E+03   -0.9990E+03   -0.9990E+03   -0.9990E+03   -0.9990E+03   -0.9990E+03   -0.9990E+03   -0.9990E+03   -0.9990E+03   -0.9990E+03   -0.9990E+03   -0.9990E+03   -0.9990E+03   -0.9990E+03   -0.9990E+03   -0.9990E+03   -0.9990E+03   -0.9990E+03   -0.9990E+03
   -0.9990E+03   -0.9990E+03   -0.9990E+03   -0.9990E+03   -0.9990E+03   -0.9990E+03   -0.9990E+03   -0.9990E+03   -0.9990E+03   -0.9990E+03   -0.9990E+03   -0.9990E+03   -0.9990E+03   -0.9990E+03   -0.9990E+03   -0.9990E+03   -0.9990E+03   -0.9990E+03   -0.9990E+03   -0.9990E+03   -0.9990E+03   -0.9990E+03   -0.9990E+03    0.5501E+04    0.5469E+04    0.5507E+04    0.5540E+04    0.5534E+04    0.5521E+04    0.5516E+04    0.5424E+04    0.5593E+04    0.1010E+03    0.8040E+02    0.1427E+03    0.9002E+02    0.1631E+03    0.2160E+03    0.2049E+03    0.1487E+03    0.1467E+03    0.1190E+03    0.7165E+02    0.7270E+02    0.7493E+02    0.8461E+02    0.8224E+02    0.8185E+02    0.9169E+02    0.8163E+02   -0.9990E+03   -0.9990E+03   -0.9990E+03   -0.9990E+03   -0.9990E+03   -0.9990E+03   -0.9990E+03   -0.9990E+03   -0.9990E+03   -0.9990E+03   -0.9990E+03   -0.9990E+03   -0.9990E+03   -0.9990E+03   -0.9990E+03   -0.9990E+03   -0.9990E+03   -0.9990E+03   -0.9990E+03   -0.9990E+03   -0.9990E+03   -0.9990E+03   -0.9990E+03   -0.9990E+03   -0.9990E+03   -0.9990E+03
   -0.9990E+03   -0.9990E+03   -0.9990E+03   -0.9990E+03   -0.9990E+03   -0.9990E+03   -0.9990E+03   -0.9990E+03   -0.9990E+03   -0.9990E+03   -0.9990E+03   -0.9990E+03   -0.9990E+03   -0.9990E+03   -0.9990E+03   -0.9990E+03   -0.9990E+03   -0.9990E+03   -0.9990E+03   -0.9990E+03   -0.9990E+03   -0.9990E+03   -0.9990E+03    0.1957E+03    0.5502E+04    0.5521E+04    0.5540E+04    0.5528E+04    0.5502E+04    0.5520E+04    0.5061E+04    0.2945E+04    0.3015E+03    0.2226E+03    0.3945E+03    0.2393E+03    0.1575E+03    0.7033E+03    0.5723E+03    0.1769E+03    0.1231E+03    0.1013E+03    0.7206E+02    0.7389E+02    0.7355E+02    0.8453E+02    0.7887E+02    0.8302E+02    0.7910E+02    0.7415E+02   -0.9990E+03   -0.9990E+03   -0.9990E+03   -0.9990E+03   -0.9990E+03   -0.9990E+03   -0.9990E+03   -0.9990E+03   -0.9990E+03   -0.9990E+03   -0.9990E+03   -0.9990E+03   -0.9990E+03   -0.9990E+03   -0.9990E+03   -0.9990E+03   -0.9990E+03   -0.9990E+03   -0.9990E+03   -0.9990E+03   -0.9990E+03   -0.9990E+03   -0.9990E+03   -0.9990E+03   -0.9990E+03   -0.9990E+03
   -0.9990E+03   -0.9990E+03   -0.9990E+03   -0.9990E+03   -0.9990E+03   -0.9990E+03   -0.9990E+03   -0.9990E+03   -0.9990E+03   -0.9990E+03   -0.9990E+03   -0.9990E+03   -0.9990E+03   -0.9990E+03   -0.9990E+03   -0.9990E+03   -0.9990E+03   -0.9990E+03   -0.9990E+03   -0.9990E+03   -0.9990E+03   -0.9990E+03   -0.9990E+03   -0.9990E+03    0.1840E+03    0.1946E+03    0.2198E+03    0.4214E+03    0.3862E+03    0.3948E+03    0.5156E+03    0.4725E+03    0.4822E+03    0.4134E+03    0.6940E+03    0.1102E+03    0.1228E+03    0.1602E+03    0.6331E+03    0.2701E+03    0.9743E+02    0.8390E+02    0.7372E+02    0.7302E+02    0.7190E+02    0.7345E+02    0.8463E+02    0.8482E+02    0.7867E+02    0.8345E+02    0.8254E+02   -0.9990E+03   -0.9990E+03   -0.9990E+03   -0.9990E+03   -0.9990E+03   -0.9990E+03   -0.9990E+03   -0.9990E+03   -0.9990E+03   -0.9990E+03   -0.9990E+03   -0.9990E+03   -0.9990E+03   -0.9990E+03   -0.9990E+03   -0.9990E+03   -0.9990E+03   -0.9990E+03   -0.9990E+03   -0.9990E+03   -0.9990E+03   -0.9990E+03   -0.9990E+03   -0.9990E+03   -0.9990E+03
   -0.9990E+03   -0.9990E+03   -0.9990E+03   -0.9990E+03   -0.9990E+03   -0.9990E+03   -0.9990E+03   -0.9990E+03   -0.9990E+03   -0.9990E+03   -0.9990E+03   -0.9990E+03   -0.9990E+03   -0.9990E+03   -0.9990E+03   -0.9990E+03   -0.9990E+03   -0.9990E+03   -0.9990E+03   -0.9990E+03   -0.9990E+03   -0.9990E+03   -0.9990E+03   -0.9990E+03   -0.9990E+03    0.5190E+03    0.2105E+04    0.5454E+04    0.5446E+04    0.5456E+04    0.5451E+04    0.5457E+04    0.1785E+04    0.5492E+03    0.5835E+03    0.3817E+03    0.4673E+03    0.1682E+03    0.6405E+03    0.2696E+03    0.7025E+02    0.7195E+02    0.7430E+02    0.7097E+02    0.7070E+02    0.6930E+02    0.8252E+02    0.7980E+02    0.7838E+02    0.9239E+02    0.8086E+02   -0.9990E+03   -0.9990E+03   -0.9990E+03   -0.9990E+03   -0.9990E+03   -0.9990E+03   -0.9990E+03   -0.9990E+03   -0.9990E+03   -0.9990E+03   -0.9990E+03   -0.9990E+03   -0.9990E+03   -0.9990E+03   -0.9990E+03   -0.9990E+03   -0.9990E+03   -0.9990E+03   -0.9990E+03   -0.9990E+03   -0.9990E+03   -0.9990E+03   -0.9990E+03   -0.9990E+03   -0.9990E+03
   -0.9990E+03   -0.9990E+03   -0.9990E+03   -0.9990E+03   -0.9990E+03   -0.9990E+03   -0.9990E+03   -0.9990E+03   -0.9990E+03   -0.9990E+03   -0.9990E+03   -0.9990E+03   -0.9990E+03   -0.9990E+03   -0.9990E+03   -0.9990E+03   -0.9990E+03   -0.9990E+03   -0.9990E+03   -0.9990E+03   -0.9990E+03   -0.9990E+03   -0.9990E+03   -0.9990E+03   -0.9990E+03    0.5446E+04    0.5444E+04    0.5439E+04    0.5443E+04    0.5444E+04    0.5447E+04    0.5447E+04    0.5482E+04    0.1155E+04    0.6634E+03    0.3612E+03    0.1382E+03    0.1531E+03    0.5493E+03    0.2035E+03    0.7236E+02    0.7295E+02    0.7222E+02    0.6926E+02    0.6857E+02    0.6772E+02    0.8143E+02    0.8113E+02    0.8115E+02    0.9194E+02    0.8756E+02    0.8603E+02   -0.9990E+03   -0.9990E+03   -0.9990E+03   -0.9990E+03   -0.9990E+03   -0.9990E+03   -0.9990E+03   -0.9990E+03   -0.9990E+03   -0.9990E+03   -0.9990E+03   -0.9990E+03   -0.9990E+03   -0.9990E+03   -0.9990E+03   -0.9990E+03   -0.9990E+03   -0.9990E+03   -0.9990E+03   -0.9990E+03   -0.9990E+03   -0.9990E+03   -0.9990E+03   -0.9990E+03
   -0.9990E+03   -0.9990E+03   -0.9990E+03   -0.9990E+03   -0.9990E+03   -0.9990E+03   -0.9990E+03   -0.9990E+03   -0.9990E+03   -0.9990E+03   -0.9990E+03   -0.9990E+03   -0.9990E+03   -0.9990E+03   -0.9990E+03   -0.9990E+03   -0.9990E+03   -0.9990E+03   -0.9990E+03   -0.9990E+03   -0.9990E+03   -0.9990E+03   -0.9990E+03   -0.9990E+03    0.5435E+04    0.5431E+04    0.5435E+04    0.5444E+04    0.5446E+04    0.5449E+04    0.5451E+04    0.5450E+04    0.5476E+04    0.3802E+04    0.3904E+02    0.1496E+03    0.1821E+03    0.5315E+03    0.2127E+03    0.6996E+02    0.7647E+02    0.7292E+02    0.6982E+02    0.6683E+02    0.6531E+02    0.6539E+02    0.7927E+02    0.7507E+02    0.8073E+02    0.8113E+02    0.9961E+02    0.9846E+02   -0.9990E+03   -0.9990E+03   -0.9990E+03   -0.9990E+03   -0.9990E+03   -0.9990E+03   -0.9990E+03   -0.9990E+03   -0.9990E+03   -0.9990E+03   -0.9990E+03   -0.9990E+03   -0.9990E+03   -0.9990E+03   -0.9990E+03   -0.9990E+03   -0.9990E+03   -0.9990E+03   -0.9990E+03   -0.9990E+03   -0.9990E+03   -0.9990E+03   -0.9990E+03   -0.9990E+03
   -0.9990E+03   -0.9990E+03   -0.9990E+03   -0.9990E+03   -0.9990E+03   -0.9990E+03   -0.9990E+03   -0.9990E+03   -0.9990E+03   -0.9990E+03   -0.9990E+03   -0.9990E+03   -0.9990E+03   -0.9990E+03   -0.9990E+03   -0.9990E+03   -0.9990E+03   -0.9990E+03   -0.9990E+03   -0.9990E+03   -0.9990E+03   -0.9990E+03   -0.9990E+03   -0.9990E+03    0.5440E+04    0.5443E+04    0.5446E+04    0.5437E+04    0.5440E+04    0.5448E+04    0.5455E+04    0.5454E+04    0.5450E+04    0.5480E+04    0.1539E+03    0.4034E+03    0.7147E+02    0.1023E+03    0.1926E+03    0.6917E+02    0.7246E+02    0.7250E+02    0.6917E+02    0.6375E+02    0.6128E+02    0.6286E+02    0.7565E+02    0.7074E+02    0.7818E+02    0.8416E+02    0.9982E+02    0.9867E+02   -0.9990E+03   -0.9990E+03   -0.9990E+03   -0.9990E+03   -0.9990E+03   -0.9990E+03   -0.9990E+03   -0.9990E+03   -0.9990E+03   -0.9990E+03   -0.9990E+03   -0.9990E+03   -0.9990E+03   -0.9990E+03   -0.9990E+03   -0.9990E+03   -0.9990E+03   -0.9990E+03   -0.9990E+03   -0.9990E+03   -0.9990E+03   -0.9990E+03   -0.9990E+03   -0.9990E+03
   -0.9990E+03   -0.9990E+03   -0.9990E+03   -0.9990E+03   -0.9990E+03   -0.9990E+03   -0.9990E+03   -0.9990E+03   -0.9990E+03   -0.9990E+03   -0.9990E+03   -0.9990E+03   -0.9990E+03   -0.9990E+03   -0.9990E+03   -0.9990E+03   -0.9990E+03   -0.9990E+03   -0.9990E+03   -0.9990E+03   -0.9990E+03   -0.9990E+03   -0.9990E+03   -0.9990E+03    0.3475E+04    0.4091E+04    0.5445E+04    0.5446E+04    0.5449E+04    0.5454E+04    0.5457E+04    0.5460E+04    0.5460E+04    0.5493E+04    0.1235E+03    0.1237E+03    0.8450E+02    0.9622E+02    0.7106E+02    0.7454E+02    0.7351E+02    0.7308E+02    0.6991E+02    0.6188E+02    0.5747E+02    0.6506E+02    0.6883E+02    0.7064E+02    0.8594E+02    0.8878E+02    0.8918E+02   -0.9990E+03   -0.9990E+03   -0.9990E+03   -0.9990E+03   -0.9990E+03   -0.9990E+03   -0.9990E+03   -0.9990E+03   -0.9990E+03   -0.9990E+03   -0.9990E+03   -0.9990E+03   -0.9990E+03   -0.9990E+03   -0.9990E+03   -0.9990E+03   -0.9990E+03   -0.9990E+03   -0.9990E+03   -0.9990E+03   -0.9990E+03   -0.9990E+03   -0.9990E+03   -0.9990E+03   -0.9990E+03
   -0.9990E+03   -0.9990E+03   -0.9990E+03   -0.9990E+03   -0.9990E+03   -0.9990E+03   -0.9990E+03   -0.9990E+03   -0.9990E+03   -0.9990E+03   -0.9990E+03   -0.9990E+03   -0.9990E+03   -0.9990E+03   -0.9990E+03   -0.9990E+03   -0.9990E+03   -0.9990E+03   -0.9990E+03   -0.9990E+03   -0.9990E+03   -0.9990E+03   -0.9990E+03   -0.9990E+03    0.2710E+04    0.2778E+04    0.3192E+04    0.3602E+04    0.5448E+04    0.5450E+04    0.5456E+04    0.5454E+04    0.5484E+04    0.5478E+04    0.1059E+03    0.6262E+02    0.1068E+03    0.9138E+02    0.7418E+02    0.7777E+02    0.7552E+02    0.7385E+02    0.7313E+02    0.6137E+02    0.5572E+02    0.6486E+02    0.5874E+02    0.7638E+02    0.8882E+02    0.9386E+02    0.9597E+02    0.1034E+03   -0.9990E+03   -0.9990E+03   -0.9990E+03   -0.9990E+03   -0.9990E+03   -0.9990E+03   -0.9990E+03   -0.9990E+03   -0.9990E+03   -0.9990E+03   -0.9990E+03   -0.9990E+03   -0.9990E+03   -0.9990E+03   -0.9990E+03   -0.9990E+03   -0.9990E+03   -0.9990E+03   -0.9990E+03   -0.9990E+03   -0.9990E+03   -0.9990E+03   -0.9990E+03   -0.9990E+03
   -0.9990E+03   -0.9990E+03   -0.9990E+03   -0.9990E+03   -0.9990E+03   -0.9990E+03   -0.9990E+03   -0.9990E+03   -0.9990E+03   -0.9990E+03   -0.9990E+03   -0.9990E+03   -0.9990E+03   -0.9990E+03   -0.9990E+03   -0.9990E+03   -0.9990E+03   -0.9990E+03   -0.9990E+03   -0.9990E+03   -0.9990E+03   -0.9990E+03   -0.9990E+03   -0.9990E+03   -0.9990E+03    0.2861E+04    0.3471E+04    0.3405E+04    0.3379E+04    0.5429E+04    0.5455E+04    0.5471E+04    0.5487E+04    0.1236E+03    0.1106E+03    0.1095E+03    0.9736E+02    0.7772E+02    0.7898E+02    0.8424E+02    0.7836E+02    0.8293E+02    0.6902E+02    0.6306E+02    0.6742E+02    0.7244E+02    0.5981E+02    0.7605E+02    0.9081E+02    0.9598E+02    0.1000E+03   -0.9990E+03   -0.9990E+03   -0.9990E+03   -0.9990E+03   -0.9990E+03   -0.9990E+03   -0.9990E+03   -0.9990E+03   -0.9990E+03   -0.9990E+03   -0.9990E+03   -0.9990E+03   -0.9990E+03   -0.9990E+03   -0.9990E+03   -0.9990E+03   -0.9990E+03   -0.9990E+03   -0.9990E+03   -0.9990E+03   -0.9990E+03   -0.9990E+03   -0.9990E+03   -0.9990E+03   -0.9990E+03
   -0.9990E+03   -0.9990E+03   -0.9990E+03   -0.9990E+03   -0.9990E+03   -0.9990E+03   -0.9990E+03   -0.9990E+03   -0.9990E+03   -0.9990E+03   -0.9990E+03   -0.9990E+03   -0.9990E+03   -0.9990E+03   -0.9990E+03   -0.9990E+03   -0.9990E+03   -0.9990E+03   -0.9990E+03   -0.9990E+03   -0.9990E+03   -0.9990E+03   -0.9990E+03   -0.9990E+03   -0.9990E+03    0.2630E+04    0.3197E+04    0.3693E+04    0.3872E+04    0.4365E+04    0.5069E+04    0.1584E+04    0.2186E+03    0.1153E+03    0.1286E+03    0.9451E+02    0.8696E+02    0.7264E+02    0.8839E+02    0.2324E+03    0.1989E+03    0.9715E+02    0.6491E+02    0.6887E+02    0.8351E+02    0.6703E+02    0.7039E+02    0.8947E+02    0.9375E+02    0.9463E+02   -0.9990E+03   -0.9990E+03   -0.9990E+03   -0.9990E+03   -0.9990E+03   -0.9990E+03   -0.9990E+03   -0.9990E+03   -0.9990E+03   -0.9990E+03   -0.9990E+03   -0.9990E+03   -0.9990E+03   -0.9990E+03   -0.9990E+03   -0.9990E+03   -0.9990E+03   -0.9990E+03   -0.9990E+03   -0.9990E+03   -0.9990E+03   -0.9990E+03   -0.9990E+03   -0.9990E+03   -0.9990E+03   -0.9990E+03
   -0.9990E+03   -0.9990E+03   -0.9990E+03   -0.9990E+03   -0.9990E+03   -0.9990E+03   -0.9990E+03   -0.9990E+03   -0.9990E+03   -0.9990E+03   -0.9990E+03   -0.9990E+03   -0.9990E+03   -0.9990E+03   -0.9990E+03   -0.9990E+03   -0.9990E+03   -0.9990E+03   -0.9990E+03   -0.9990E+03   -0.9990E+03   -0.9990E+03   -0.9990E+03   -0.9990E+03   -0.9990E+03    0.2792E+04    0.3570E+04    0.3577E+04    0.3766E+04    0.4223E+04    0.4624E+04    0.3812E+03    0.1424E+03    0.1102E+03    0.1111E+03    0.8547E+02    0.8153E+02    0.6948E+02    0.1147E+03    0.3933E+03    0.3391E+03    0.1230E+03    0.7643E+02    0.9175E+02    0.8473E+02    0.7185E+02    0.9640E+02    0.8336E+02    0.8527E+02   -0.9990E+03   -0.9990E+03   -0.9990E+03   -0.9990E+03   -0.9990E+03   -0.9990E+03   -0.9990E+03   -0.9990E+03   -0.9990E+03   -0.9990E+03   -0.9990E+03   -0.9990E+03   -0.9990E+03   -0.9990E+03   -0.9990E+03   -0.9990E+03   -0.9990E+03   -0.9990E+03   -0.9990E+03   -0.9990E+03   -0.9990E+03   -0.9990E+03   -0.9990E+03   -0.9990E+03   -0.9990E+03   -0.9990E+03   -0.9990E+03
   -0.9990E+03   -0.9990E+03   -0.9990E+03   -0.9990E+03   -0.9990E+03   -0.9990E+03   -0.9990E+03   -0.9990E+03   -0.9990E+03   -0.9990E+03   -0.9990E+03   -0.9990E+03   -0.9990E+03   -0.9990E+03   -0.9990E+03   -0.9990E+03   -0.9990E+03   -0.9990E+03   -0.9990E+03   -0.9990E+03   -0.9990E+03   -0.9990E+03   -0.9990E+03   -0.9990E+03   -0.9990E+03   -0.9990E+03    0.2850E+04    0.3785E+04    0.3792E+04    0.3941E+04    0.3969E+04    0.3959E+03    0.1202E+03    0.1098E+03    0.1056E+03    0.8770E+02    0.8069E+02    0.9795E+02    0.1137E+03    0.1157E+03    0.1079E+03    0.1060E+03    0.1025E+03    0.1007E+03    0.9600E+02    0.9736E+02    0.9795E+02    0.8884E+02   -0.9990E+03   -0.9990E+03   -0.9990E+03   -0.9990E+03   -0.9990E+03   -0.9990E+03   -0.9990E+03   -0.9990E+03   -0.9990E+03   -0.9990E+03   -0.9990E+03   -0.9990E+03   -0.9990E+03   -0.9990E+03   -0.9990E+03   -0.9990E+03   -0.9990E+03   -0.9990E+03   -0.9990E+03   -0.9990E+03   -0.9990E+03   -0.9990E+03   -0.9990E+03   -0.9990E+03   -0.9990E+03   -0.9990E+03   -0.9990E+03   -0.9990E+03
   -0.9990E+03   -0.9990E+03   -0.9990E+03   -0.9990E+03   -0.9990E+03   -0.9990E+03   -0.9990E+03   -0.9990E+03   -0.9990E+03   -0.9990E+03   -0.9990E+03   -0.9990E+03   -0.9990E+03   -0.9990E+03   -0.9990E+03   -0.9990E+03   -0.9990E+03   -0.9990E+03   -0.9990E+03   -0.9990E+03   -0.9990E+03   -0.9990E+03   -0.9990E+03   -0.9990E+03   -0.9990E+03    0.2220E+04    0.3616E+04    0.4067E+04    0.5422E+04    0.5424E+04    0.5458E+04    0.9735E+02    0.1137E+03    0.1185E+03    0.1031E+03    0.8686E+02    0.1014E+03    0.1163E+03    0.8791E+02    0.8733E+02    0.9077E+02    0.1110E+03    0.8162E+02    0.1095E+03    0.9762E+02    0.8545E+02    0.8937E+02    0.1003E+03   -0.9990E+03   -0.9990E+03   -0.9990E+03   -0.9990E+03   -0.9990E+03   -0.9990E+03   -0.9990E+03   -0.9990E+03   -0.9990E+03   -0.9990E+03   -0.9990E+03   -0.9990E+03   -0.9990E+03   -0.9990E+03   -0.9990E+03   -0.9990E+03   -0.9990E+03   -0.9990E+03   -0.9990E+03   -0.9990E+03   -0.9990E+03   -0.9990E+03   -0.9990E+03   -0.9990E+03   -0.9990E+03   -0.9990E+03   -0.9990E+03   -0.9990E+03
   -0.9990E+03   -0.9990E+03   -0.9990E+03   -0.9990E+03   -0.9990E+03   -0.9990E+03   -0.9990E+03   -0.9990E+03   -0.9990E+03   -0.9990E+03   -0.9990E+03   -0.9990E+03   -0.9990E+03   -0.9990E+03   -0.9990E+03   -0.9990E+03   -0.9990E+03   -0.9990E+03   -0.9990E+03   -0.9990E+03   -0.9990E+03   -0.9990E+03   -0.9990E+03   -0.9990E+03   -0.9990E+03    0.2057E+04    0.3013E+04    0.5154E+04    0.5409E+04    0.5427E+04    0.1008E+04    0.1093E+03    0.1250E+03    0.1246E+03    0.9055E+02    0.9191E+02    0.1165E+03    0.8468E+02    0.1029E+03    0.8845E+02    0.8143E+02    0.1158E+03    0.8053E+02    0.8877E+02    0.9836E+02    0.9391E+02    0.8898E+02   -0.9990E+03   -0.9990E+03   -0.9990E+03   -0.9990E+03   -0.9990E+03   -0.9990E+03   -0.9990E+03   -0.9990E+03   -0.9990E+03   -0.9990E+03   -0.9990E+03   -0.9990E+03   -0.9990E+03   -0.9990E+03   -0.9990E+03   -0.9990E+03   -0.9990E+03   -0.9990E+03   -0.9990E+03   -0.9990E+03   -0.9990E+03   -0.9990E+03   -0.9990E+03   -0.9990E+03   -0.9990E+03   -0.9990E+03   -0.9990E+03   -0.9990E+03   -0.9990E+03
   -0.9990E+03   -0.9990E+03   -0.9990E+03   -0.9990E+03   -0.9990E+03   -0.9990E+03   -0.9990E+03   -0.9990E+03   -0.9990E+03   -0.9990E+03   -0.9990E+03   -0.9990E+03   -0.9990E+03   -0.9990E+03   -0.9990E+03   -0.9990E+03   -0.9990E+03   -0.9990E+03   -0.9990E+03   -0.9990E+03   -0.9990E+03   -0.9990E+03   -0.9990E+03   -0.9990E+03   -0.9990E+03    0.2130E+04    0.2468E+04    0.2851E+04    0.3935E+04    0.5410E+04    0.1296E+03    0.1450E+03    0.1227E+03    0.1245E+03    0.1010E+03    0.1238E+03    0.1055E+03    0.5479E+02    0.8769E+02    0.8600E+02    0.8949E+02    0.1081E+03    0.1148E+03    0.9688E+02    0.1018E+03    0.1087E+03    0.1068E+03   -0.9990E+03   -0.9990E+03   -0.9990E+03   -0.9990E+03   -0.9990E+03   -0.9990E+03   -0.9990E+03   -0.9990E+03   -0.9990E+03   -0.9990E+03   -0.9990E+03   -0.9990E+03   -0.9990E+03   -0.9990E+03   -0.9990E+03   -0.9990E+03   -0.9990E+03   -0.9990E+03   -0.9990E+03   -0.9990E+03   -0.9990E+03   -0.9990E+03   -0.9990E+03   -0.9990E+03   -0.9990E+03   -0.9990E+03   -0.9990E+03   -0.9990E+03   -0.9990E+03
   -0.9990E+03   -0.9990E+03   -0.9990E+03   -0.9990E+03   -0.9990E+03   -0.9990E+03   -0.9990E+03   -0.9990E+03   -0.9990E+03   -0.9990E+03   -0.9990E+03   -0.9990E+03   -0.9990E+03   -0.9990E+03   -0.9990E+03   -0.9990E+03   -0.9990E+03   -0.9990E+03   -0.9990E+03   -0.9990E+03   -0.9990E+03   -0.9990E+03   -0.9990E+03   -0.9990E+03   -0.9990E+03   -0.9990E+03    0.2396E+04    0.2775E+04    0.2265E+04    0.4305E+04    0.1220E+03    0.1176E+03    0.1080E+03    0.1310E+03    0.1052E+03    0.1282E+03    0.1382E+03    0.1265E+03    0.1144E+03    0.1074E+03    0.1032E+03    0.9170E+02    0.1115E+03    0.1186E+03    0.1072E+03    0.1131E+03    0.1208E+03    0.1133E+03   -0.9990E+03   -0.9990E+03   -0.9990E+03   -0.9990E+03   -0.9990E+03   -0.9990E+03   -0.9990E+03   -0.9990E+03   -0.9990E+03   -0.9990E+03   -0.9990E+03   -0.9990E+03   -0.9990E+03   -0.9990E+03   -0.9990E+03   -0.9990E+03   -0.9990E+03   -0.9990E+03   -0.9990E+03   -0.9990E+03   -0.9990E+03   -0.9990E+03   -0.9990E+03   -0.9990E+03   -0.9990E+03   -0.9990E+03   -0.9990E+03   -0.9990E+03
   -0.9990E+03   -0.9990E+03   -0.9990E+03   -0.9990E+03   -0.9990E+03   -0.9990E+03   -0.9990E+03   -0.9990E+03   -0.9990E+03   -0.9990E+03   -0.9990E+03   -0.9990E+03   -0.9990E+03   -0.9990E+03   -0.9990E+03   -0.9990E+03   -0.9990E+03   -0.9990E+03   -0.9990E+03   -0.9990E+03   -0.9990E+03   -0.9990E+03   -0.9990E+03   -0.9990E+03   -0.9990E+03   -0.9990E+03    0.1844E+04    0.2237E+04    0.2882E+04    0.1243E+04    0.2241E+04    0.1295E+03    0.1287E+03    0.1361E+03    0.9599E+02    0.1357E+03    0.1268E+03    0.1148E+03    0.1193E+03    0.1287E+03    0.1314E+03    0.1379E+03    0.1135E+03    0.1335E+03    0.1123E+03    0.1233E+03    0.1287E+03    0.1180E+03   -0.9990E+03   -0.9990E+03   -0.9990E+03   -0.9990E+03   -0.9990E+03   -0.9990E+03   -0.9990E+03   -0.9990E+03   -0.9990E+03   -0.9990E+03   -0.9990E+03   -0.9990E+03   -0.9990E+03   -0.9990E+03   -0.9990E+03   -0.9990E+03   -0.9990E+03   -0.9990E+03   -0.9990E+03   -0.9990E+03   -0.9990E+03   -0.9990E+03   -0.9990E+03   -0.9990E+03   -0.9990E+03   -0.9990E+03   -0.9990E+03   -0.9990E+03
   -0.9990E+03   -0.9990E+03   -0.9990E+03   -0.9990E+03   -0.9990E+03   -0.9990E+03   -0.9990E+03   -0.9990E+03   -0.9990E+03   -0.9990E+03   -0.9990E+03   -0.9990E+03   -0.9990E+03   -0.9990E+03   -0.9990E+03   -0.9990E+03   -0.9990E+03   -0.9990E+03   -0.9990E+03   -0.9990E+03   -0.9990E+03   -0.9990E+03   -0.9990E+03   -0.9990E+03   -0.9990E+03   -0.9990E+03    0.2284E+04    0.2755E+04    0.2550E+04    0.1161E+04    0.1155E+04    0.1165E+04    0.1414E+03    0.1425E+03    0.1492E+03    0.1174E+03    0.1302E+03    0.1256E+03    0.1385E+03    0.1353E+03    0.1224E+03    0.1250E+03    0.7690E+02    0.9124E+02    0.6349E+02    0.9981E+02    0.1013E+03   -0.9990E+03   -0.9990E+03   -0.9990E+03   -0.9990E+03   -0.9990E+03   -0.9990E+03   -0.9990E+03   -0.9990E+03   -0.9990E+03   -0.9990E+03   -0.9990E+03   -0.9990E+03   -0.9990E+03   -0.9990E+03   -0.9990E+03   -0.9990E+03   -0.9990E+03   -0.9990E+03   -0.9990E+03   -0.9990E+03   -0.9990E+03   -0.9990E+03   -0.9990E+03   -0.9990E+03   -0.9990E+03   -0.9990E+03   -0.9990E+03   -0.9990E+03   -0.9990E+03
   -0.9990E+03   -0.9990E+03   -0.9990E+03   -0.9990E+03   -0.9990E+03   -0.9990E+03   -0.9990E+03   -0.9990E+03   -0.9990E+03   -0.9990E+03   -0.9990E+03   -0.9990E+03   -0.9990E+03   -0.9990E+03   -0.9990E+03   -0.9990E+03   -0.9990E+03   -0.9990E+03   -0.9990E+03   -0.9990E+03   -0.9990E+03   -0.9990E+03   -0.9990E+03   -0.9990E+03   -0.9990E+03   -0.9990E+03    0.2220E+04    0.2566E+04    0.2749E+04    0.1276E+04    0.1458E+04    0.1212E+04    0.1562E+03    0.1501E+03    0.1531E+03    0.1243E+03    0.1343E+03    0.1319E+03    0.1441E+03    0.1289E+03    0.9145E+02    0.8378E+02   -0.9990E+03   -0.9990E+03   -0.9990E+03   -0.9990E+03   -0.9990E+03   -0.9990E+03   -0.9990E+03   -0.9990E+03   -0.9990E+03   -0.9990E+03   -0.9990E+03   -0.9990E+03   -0.9990E+03   -0.9990E+03   -0.9990E+03   -0.9990E+03   -0.9990E+03   -0.9990E+03   -0.9990E+03   -0.9990E+03   -0.9990E+03   -0.9990E+03   -0.9990E+03   -0.9990E+03   -0.9990E+03   -0.9990E+03   -0.9990E+03   -0.9990E+03   -0.9990E+03   -0.9990E+03   -0.9990E+03   -0.9990E+03   -0.9990E+03   -0.9990E+03
   -0.9990E+03   -0.9990E+03   -0.9990E+03   -0.9990E+03   -0.9990E+03   -0.9990E+03   -0.9990E+03   -0.9990E+03   -0.9990E+03   -0.9990E+03   -0.9990E+03   -0.9990E+03   -0.9990E+03   -0.9990E+03   -0.9990E+03   -0.9990E+03   -0.9990E+03   -0.9990E+03   -0.9990E+03   -0.9990E+03   -0.9990E+03   -0.9990E+03   -0.9990E+03   -0.9990E+03   -0.9990E+03    0.2098E+04    0.2185E+04    0.2184E+04    0.2842E+04    0.1685E+04    0.1413E+04    0.7730E+03    0.1471E+03    0.1546E+03    0.1089E+03    0.1595E+03    0.1464E+03    0.1448E+03    0.1483E+03    0.1055E+03    0.9429E+02   -0.9990E+03   -0.9990E+03   -0.9990E+03   -0.9990E+03   -0.9990E+03   -0.9990E+03   -0.9990E+03   -0.9990E+03   -0.9990E+03   -0.9990E+03   -0.9990E+03   -0.9990E+03   -0.9990E+03   -0.9990E+03   -0.9990E+03   -0.9990E+03   -0.9990E+03   -0.9990E+03   -0.9990E+03   -0.9990E+03   -0.9990E+03   -0.9990E+03   -0.9990E+03   -0.9990E+03   -0.9990E+03   -0.9990E+03   -0.9990E+03   -0.9990E+03   -0.9990E+03   -0.9990E+03   -0.9990E+03   -0.9990E+03   -0.9990E+03   -0.9990E+03   -0.9990E+03
   -0.9990E+03   -0.9990E+03   -0.9990E+03   -0.9990E+03   -0.9990E+03   -0.9990E+03   -0.9990E+03   -0.9990E+03   -0.9990E+03   -0.9990E+03   -0.9990E+03   -0.9990E+03   -0.9990E+03   -0.9990E+03   -0.9990E+03   -0.9990E+03   -0.9990E+03   -0.9990E+03   -0.9990E+03   -0.9990E+03   -0.9990E+03   -0.9990E+03   -0.9990E+03   -0.9990E+03    0.2378E+04    0.2216E+04    0.2008E+04    0.2652E+04    0.2716E+04    0.2816E+04    0.1297E+04    0.1891E+03    0.2011E+03    0.1650E+03    0.1603E+03    0.1641E+03    0.1779E+03    0.1528E+03    0.1286E+03    0.1519E+03    0.1249E+03   -0.9990E+03   -0.9990E+03   -0.9990E+03   -0.9990E+03   -0.9990E+03   -0.9990E+03   -0.9990E+03   -0.9990E+03   -0.9990E+03   -0.9990E+03   -0.9990E+03   -0.9990E+03   -0.9990E+03   -0.9990E+03   -0.9990E+03   -0.9990E+03   -0.9990E+03   -0.9990E+03   -0.9990E+03   -0.9990E+03   -0.9990E+03   -0.9990E+03   -0.9990E+03   -0.9990E+03   -0.9990E+03   -0.9990E+03   -0.9990E+03   -0.9990E+03   -0.9990E+03   -0.9990E+03   -0.9990E+03   -0.9990E+03   -0.9990E+03   -0.9990E+03   -0.9990E+03
   -0.9990E+03   -0.9990E+03   -0.9990E+03   -0.9990E+03   -0.9990E+03   -0.9990E+03   -0.9990E+03   -0.9990E+03   -0.9990E+03   -0.9990E+03   -0.9990E+03   -0.9990E+03   -0.9990E+03   -0.9990E+03   -0.9990E+03   -0.9990E+03   -0.9990E+03   -0.9990E+03   -0.9990E+03   -0.9990E+03   -0.9990E+03   -0.9990E+03   -0.9990E+03   -0.9990E+03    0.2289E+04    0.2498E+04    0.2416E+04    0.2343E+04    0.2579E+04    0.2256E+04    0.9165E+03    0.3737E+03    0.2331E+03    0.1717E+03    0.1398E+03    0.1825E+03    0.1627E+03    0.1258E+03    0.1640E+03    0.1612E+03    0.1500E+03   -0.9990E+03   -0.9990E+03   -0.9990E+03   -0.9990E+03   -0.9990E+03   -0.9990E+03   -0.9990E+03   -0.9990E+03   -0.9990E+03   -0.9990E+03   -0.9990E+03   -0.9990E+03   -0.9990E+03   -0.9990E+03   -0.9990E+03   -0.9990E+03   -0.9990E+03   -0.9990E+03   -0.9990E+03   -0.9990E+03   -0.9990E+03   -0.9990E+03   -0.9990E+03   -0.9990E+03   -0.9990E+03   -0.9990E+03   -0.9990E+03   -0.9990E+03   -0.9990E+03   -0.9990E+03   -0.9990E+03   -0.9990E+03   -0.9990E+03   -0.9990E+03   -0.9990E+03
   -0.9990E+03   -0.9990E+03   -0.9990E+03   -0.9990E+03   -0.9990E+03   -0.9990E+03   -0.9990E+03   -0.9990E+03   -0.9990E+03   -0.9990E+03   -0.9990E+03   -0.9990E+03   -0.9990E+03   -0.9990E+03   -0.9990E+03   -0.9990E+03   -0.9990E+03   -0.9990E+03   -0.9990E+03   -0.9990E+03   -0.9990E+03   -0.9990E+03   -0.9990E+03   -0.9990E+03    0.2022E+04    0.2231E+04    0.2517E+04    0.2239E+04    0.2839E+04    0.2187E+04    0.3111E+03    0.2996E+03    0.3296E+03    0.1303E+03    0.1375E+03    0.1780E+03    0.1860E+03    0.1662E+03    0.1719E+03    0.1579E+03    0.1432E+03   -0.9990E+03   -0.9990E+03   -0.9990E+03   -0.9990E+03   -0.9990E+03   -0.9990E+03   -0.9990E+03   -0.9990E+03   -0.9990E+03   -0.9990E+03   -0.9990E+03   -0.9990E+03   -0.9990E+03   -0.9990E+03   -0.9990E+03   -0.9990E+03   -0.9990E+03   -0.9990E+03   -0.9990E+03   -0.9990E+03   -0.9990E+03   -0.9990E+03   -0.9990E+03   -0.9990E+03   -0.9990E+03   -0.9990E+03   -0.9990E+03   -0.9990E+03   -0.9990E+03   -0.9990E+03   -0.9990E+03   -0.9990E+03   -0.9990E+03   -0.9990E+03   -0.9990E+03
   -0.9990E+03   -0.9990E+03   -0.9990E+03   -0.9990E+03   -0.9990E+03   -0.9990E+03   -0.9990E+03   -0.9990E+03   -0.9990E+03   -0.9990E+03   -0.9990E+03   -0.9990E+03   -0.9990E+03   -0.9990E+03   -0.9990E+03   -0.9990E+03   -0.9990E+03   -0.9990E+03   -0.9990E+03   -0.9990E+03   -0.9990E+03   -0.9990E+03   -0.9990E+03   -0.9990E+03    0.3601E+04    0.2095E+04    0.2125E+04    0.2901E+04    0.1150E+04    0.2353E+03    0.4884E+03    0.4488E+03    0.3138E+03    0.1347E+03    0.1677E+03    0.1858E+03    0.1751E+03    0.1858E+03    0.1748E+03    0.1699E+03   -0.9990E+03   -0.9990E+03   -0.9990E+03   -0.9990E+03   -0.9990E+03   -0.9990E+03   -0.9990E+03   -0.9990E+03   -0.9990E+03   -0.9990E+03   -0.9990E+03   -0.9990E+03   -0.9990E+03   -0.9990E+03   -0.9990E+03   -0.9990E+03   -0.9990E+03   -0.9990E+03   -0.9990E+03   -0.9990E+03   -0.9990E+03   -0.9990E+03   -0.9990E+03   -0.9990E+03   -0.9990E+03   -0.9990E+03   -0.9990E+03   -0.9990E+03   -0.9990E+03   -0.9990E+03   -0.9990E+03   -0.9990E+03   -0.9990E+03   -0.9990E+03   -0.9990E+03   -0.9990E+03
   -0.9990E+03   -0.9990E+03   -0.9990E+03   -0.9990E+03   -0.9990E+03   -0.9990E+03   -0.9990E+03   -0.9990E+03   -0.9990E+03   -0.9990E+03   -0.9990E+03   -0.9990E+03   -0.9990E+03   -0.9990E+03   -0.9990E+03   -0.9990E+03   -0.9990E+03   -0.9990E+03   -0.9990E+03   -0.9990E+03   -0.9990E+03   -0.9990E+03   -0.9990E+03   -0.9990E+03    0.4192E+04    0.3951E+04    0.2112E+04    0.2470E+04    0.1600E+04    0.4723E+03    0.1946E+04    0.5552E+03    0.2400E+03    0.1745E+03    0.1747E+03    0.2109E+03    0.1949E+03    0.1914E+03    0.1810E+03    0.1656E+03   -0.9990E+03   -0.9990E+03   -0.9990E+03   -0.9990E+03   -0.9990E+03   -0.9990E+03   -0.9990E+03   -0.9990E+03   -0.9990E+03   -0.9990E+03   -0.9990E+03   -0.9990E+03   -0.9990E+03   -0.9990E+03   -0.9990E+03   -0.9990E+03   -0.9990E+03   -0.9990E+03   -0.9990E+03   -0.9990E+03   -0.9990E+03   -0.9990E+03   -0.9990E+03   -0.9990E+03   -0.9990E+03   -0.9990E+03   -0.9990E+03   -0.9990E+03   -0.9990E+03   -0.9990E+03   -0.9990E+03   -0.9990E+03   -0.9990E+03   -0.9990E+03   -0.9990E+03   -0.9990E+03
   -0.9990E+03   -0.9990E+03   -0.9990E+03   -0.9990E+03   -0.9990E+03   -0.9990E+03   -0.9990E+03   -0.9990E+03   -0.9990E+03   -0.9990E+03   -0.9990E+03   -0.9990E+03   -0.9990E+03   -0.9990E+03   -0.9990E+03   -0.9990E+03   -0.9990E+03   -0.9990E+03   -0.9990E+03   -0.9990E+03   -0.9990E+03   -0.9990E+03   -0.9990E+03   -0.9990E+03   -0.9990E+03    0.3422E+04    0.2762E+04    0.1751E+04    0.2372E+04    0.2431E+03    0.2190E+04    0.7542E+03    0.4528E+03    0.1974E+03    0.2111E+03    0.1889E+03    0.1607E+03    0.1660E+03    0.1644E+03    0.1634E+03   -0.9990E+03   -0.9990E+03   -0.9990E+03   -0.9990E+03   -0.9990E+03   -0.9990E+03   -0.9990E+03   -0.9990E+03   -0.9990E+03   -0.9990E+03   -0.9990E+03   -0.9990E+03   -0.9990E+03   -0.9990E+03   -0.9990E+03   -0.9990E+03   -0.9990E+03   -0.9990E+03   -0.9990E+03   -0.9990E+03   -0.9990E+03   -0.9990E+03   -0.9990E+03   -0.9990E+03   -0.9990E+03   -0.9990E+03   -0.9990E+03   -0.9990E+03   -0.9990E+03   -0.9990E+03   -0.9990E+03   -0.9990E+03   -0.9990E+03   -0.9990E+03   -0.9990E+03   -0.9990E+03
   -0.9990E+03   -0.9990E+03   -0.9990E+03   -0.9990E+03   -0.9990E+03   -0.9990E+03   -0.9990E+03   -0.9990E+03   -0.9990E+03   -0.9990E+03   -0.9990E+03   -0.9990E+03   -0.9990E+03   -0.9990E+03   -0.9990E+03   -0.9990E+03   -0.9990E+03   -0.9990E+03   -0.9990E+03   -0.9990E+03   -0.9990E+03   -0.9990E+03   -0.9990E+03   -0.9990E+03   -0.9990E+03   -0.9990E+03    0.6333E+04    0.2149E+04    0.2396E+04    0.9868E+03    0.2102E+04    0.1138E+04    0.4954E+03    0.1945E+03    0.1673E+03    0.1846E+03    0.1691E+03    0.1573E+03    0.1862E+03    0.1781E+03   -0.9990E+03   -0.9990E+03   -0.9990E+03   -0.9990E+03   -0.9990E+03   -0.9990E+03   -0.9990E+03   -0.9990E+03   -0.9990E+03   -0.9990E+03   -0.9990E+03   -0.9990E+03   -0.9990E+03   -0.9990E+03   -0.9990E+03   -0.9990E+03   -0.9990E+03   -0.9990E+03   -0.9990E+03   -0.9990E+03   -0.9990E+03   -0.9990E+03   -0.9990E+03   -0.9990E+03   -0.9990E+03   -0.9990E+03   -0.9990E+03   -0.9990E+03   -0.9990E+03   -0.9990E+03   -0.9990E+03   -0.9990E+03   -0.9990E+03   -0.9990E+03   -0.9990E+03   -0.9990E+03
   -0.9990E+03   -0.9990E+03   -0.9990E+03   -0.9990E+03   -0.9990E+03   -0.9990E+03   -0.9990E+03   -0.9990E+03   -0.9990E+03   -0.9990E+03   -0.9990E+03   -0.9990E+03   -0.9990E+03   -0.9990E+03   -0.9990E+03   -0.9990E+03   -0.9990E+03   -0.9990E+03   -0.9990E+03   -0.9990E+03   -0.9990E+03    0.1965E+05    0.4343E+05    0.3942E+05    0.4857E+05    0.4475E+05    0.1942E+05    0.7362E+04    0.2377E+04    0.2219E+04    0.2617E+04    0.2255E+04    0.3012E+03    0.1757E+03    0.1864E+03    0.1817E+03    0.1697E+03    0.1739E+03    0.1953E+03    0.1757E+03   -0.9990E+03   -0.9990E+03   -0.9990E+03   -0.9990E+03   -0.9990E+03   -0.9990E+03   -0.9990E+03   -0.9990E+03   -0.9990E+03   -0.9990E+03   -0.9990E+03   -0.9990E+03   -0.9990E+03   -0.9990E+03   -0.9990E+03   -0.9990E+03   -0.9990E+03   -0.9990E+03   -0.9990E+03   -0.9990E+03   -0.9990E+03   -0.9990E+03   -0.9990E+03   -0.9990E+03   -0.9990E+03   -0.9990E+03   -0.9990E+03   -0.9990E+03   -0.9990E+03   -0.9990E+03   -0.9990E+03   -0.9990E+03   -0.9990E+03   -0.9990E+03   -0.9990E+03   -0.9990E+03
   -0.9990E+03   -0.9990E+03   -0.9990E+03   -0.9990E+03   -0.9990E+03   -0.9990E+03   -0.9990E+03   -0.9990E+03   -0.9990E+03   -0.9990E+03   -0.9990E+03   -0.9990E+03   -0.9990E+03   -0.9990E+03   -0.9990E+03   -0.9990E+03   -0.9990E+03   -0.9990E+03   -0.9990E+03   -0.9990E+03    0.2429E+05    0.2702E+05    0.2264E+05    0.3723E+05    0.3151E+05    0.2821E+05    0.6193E+04    0.5659E+04    0.5483E+04    0.2392E+04    0.1695E+04    0.2413E+04    0.2086E+03    0.1868E+03    0.1684E+03    0.1668E+03    0.1823E+03    0.2034E+03    0.1966E+03    0.1770E+03   -0.9990E+03   -0.9990E+03   -0.9990E+03   -0.9990E+03   -0.9990E+03   -0.9990E+03   -0.9990E+03   -0.9990E+03   -0.9990E+03   -0.9990E+03   -0.9990E+03   -0.9990E+03   -0.9990E+03   -0.9990E+03   -0.9990E+03   -0.9990E+03   -0.9990E+03   -0.9990E+03   -0.9990E+03   -0.9990E+03   -0.9990E+03   -0.9990E+03   -0.9990E+03   -0.9990E+03   -0.9990E+03   -0.9990E+03   -0.9990E+03   -0.9990E+03   -0.9990E+03   -0.9990E+03   -0.9990E+03   -0.9990E+03   -0.9990E+03   -0.9990E+03   -0.9990E+03   -0.9990E+03
   -0.9990E+03   -0.9990E+03   -0.9990E+03   -0.9990E+03   -0.9990E+03   -0.9990E+03   -0.9990E+03   -0.9990E+03   -0.9990E+03   -0.9990E+03   -0.9990E+03   -0.9990E+03   -0.9990E+03   -0.9990E+03   -0.9990E+03   -0.9990E+03   -0.9990E+03   -0.9990E+03   -0.9990E+03   -0.9990E+03    0.2721E+05    0.2412E+05    0.1911E+05    0.1654E+05    0.2394E+05    0.2838E+05    0.1593E+05    0.5742E+04    0.3167E+04    0.6627E+03    0.1872E+04    0.2171E+03    0.2076E+03    0.1551E+03    0.1783E+03    0.1814E+03    0.1976E+03    0.2055E+03    0.1898E+03    0.1937E+03   -0.9990E+03   -0.9990E+03   -0.9990E+03   -0.9990E+03   -0.9990E+03   -0.9990E+03   -0.9990E+03   -0.9990E+03   -0.9990E+03   -0.9990E+03   -0.9990E+03   -0.9990E+03   -0.9990E+03   -0.9990E+03   -0.9990E+03   -0.9990E+03   -0.9990E+03   -0.9990E+03   -0.9990E+03   -0.9990E+03   -0.9990E+03   -0.9990E+03   -0.9990E+03   -0.9990E+03   -0.9990E+03   -0.9990E+03   -0.9990E+03   -0.9990E+03   -0.9990E+03   -0.9990E+03   -0.9990E+03   -0.9990E+03   -0.9990E+03   -0.9990E+03   -0.9990E+03   -0.9990E+03
   -0.9990E+03   -0.9990E+03   -0.9990E+03   -0.9990E+03   -0.9990E+03   -0.9990E+03   -0.9990E+03   -0.9990E+03   -0.9990E+03   -0.9990E+03   -0.9990E+03   -0.9990E+03   -0.9990E+03   -0.9990E+03   -0.9990E+03   -0.9990E+03   -0.9990E+03   -0.9990E+03   -0.9990E+03   -0.9990E+03    0.3418E+05    0.3406E+05    0.3379E+05    0.3413E+05    0.3398E+05    0.7255E+04    0.5390E+04    0.5530E+04    0.3591E+04    0.3805E+03    0.2227E+03    0.2196E+03    0.1923E+03    0.1405E+03    0.1844E+03    0.2042E+03    0.2199E+03    0.2137E+03    0.2088E+03    0.1968E+03   -0.9990E+03   -0.9990E+03   -0.9990E+03   -0.9990E+03   -0.9990E+03   -0.9990E+03   -0.9990E+03   -0.9990E+03   -0.9990E+03   -0.9990E+03   -0.9990E+03   -0.9990E+03   -0.9990E+03   -0.9990E+03   -0.9990E+03   -0.9990E+03   -0.9990E+03   -0.9990E+03   -0.9990E+03   -0.9990E+03   -0.9990E+03   -0.9990E+03   -0.9990E+03   -0.9990E+03   -0.9990E+03   -0.9990E+03   -0.9990E+03   -0.9990E+03   -0.9990E+03   -0.9990E+03   -0.9990E+03   -0.9990E+03   -0.9990E+03   -0.9990E+03   -0.9990E+03   -0.9990E+03
   -0.9990E+03   -0.9990E+03   -0.9990E+03   -0.9990E+03   -0.9990E+03   -0.9990E+03   -0.9990E+03   -0.9990E+03   -0.9990E+03   -0.9990E+03   -0.9990E+03   -0.9990E+03   -0.9990E+03   -0.9990E+03   -0.9990E+03   -0.9990E+03   -0.9990E+03   -0.9990E+03   -0.9990E+03    0.2356E+05    0.3353E+05    0.3623E+05    0.3750E+05    0.8324E+04    0.1428E+04    0.7108E+03    0.6837E+03    0.2051E+04    0.4993E+03    0.2881E+03    0.2367E+03    0.2195E+03    0.1981E+03    0.2057E+03    0.2311E+03    0.2319E+03    0.2010E+03    0.2129E+03    0.1978E+03   -0.9990E+03   -0.9990E+03   -0.9990E+03   -0.9990E+03   -0.9990E+03   -0.9990E+03   -0.9990E+03   -0.9990E+03   -0.9990E+03   -0.9990E+03   -0.9990E+03   -0.9990E+03   -0.9990E+03   -0.9990E+03   -0.9990E+03   -0.9990E+03   -0.9990E+03   -0.9990E+03   -0.9990E+03   -0.9990E+03   -0.9990E+03   -0.9990E+03   -0.9990E+03   -0.9990E+03   -0.9990E+03   -0.9990E+03   -0.9990E+03   -0.9990E+03   -0.9990E+03   -0.9990E+03   -0.9990E+03   -0.9990E+03   -0.9990E+03   -0.9990E+03   -0.9990E+03   -0.9990E+03   -0.9990E+03
   -0.9990E+03   -0.9990E+03   -0.9990E+03   -0.9990E+03   -0.9990E+03   -0.9990E+03   -0.9990E+03   -0.9990E+03   -0.9990E+03   -0.9990E+03   -0.9990E+03   -0.9990E+03   -0.9990E+03   -0.9990E+03   -0.9990E+03   -0.9990E+03   -0.9990E+03    0.2239E+05    0.2219E+05    0.2388E+05    0.2204E+05    0.2623E+05    0.2622E+05    0.1100E+05    0.5889E+04    0.3495E+03    0.3896E+03    0.3564E+03    0.2378E+03    0.2415E+03    0.2296E+03    0.2214E+03    0.2208E+03    0.2234E+03    0.1850E+03    0.2014E+03    0.2113E+03    0.2057E+03   -0.9990E+03   -0.9990E+03   -0.9990E+03   -0.9990E+03   -0.9990E+03   -0.9990E+03   -0.9990E+03   -0.9990E+03   -0.9990E+03   -0.9990E+03   -0.9990E+03   -0.9990E+03   -0.9990E+03   -0.9990E+03   -0.9990E+03   -0.9990E+03   -0.9990E+03   -0.9990E+03   -0.9990E+03   -0.9990E+03   -0.9990E+03   -0.9990E+03   -0.9990E+03   -0.9990E+03   -0.9990E+03   -0.9990E+03   -0.9990E+03   -0.9990E+03   -0.9990E+03   -0.9990E+03   -0.9990E+03   -0.9990E+03   -0.9990E+03   -0.9990E+03   -0.9990E+03   -0.9990E+03   -0.9990E+03   -0.9990E+03
   -0.9990E+03   -0.9990E+03   -0.9990E+03   -0.9990E+03   -0.9990E+03   -0.9990E+03   -0.9990E+03   -0.9990E+03   -0.9990E+03   -0.9990E+03   -0.9990E+03   -0.9990E+03   -0.9990E+03   -0.9990E+03   -0.9990E+03    0.2303E+05    0.2313E+05    0.2359E+05    0.2310E+05    0.2429E+05    0.1346E+05    0.1772E+05    0.9399E+04    0.3585E+05    0.6577E+04    0.4806E+03    0.3441E+03    0.2559E+03    0.2416E+03    0.2530E+03    0.2400E+03    0.2226E+03    0.2263E+03    0.2291E+03    0.2363E+03    0.3057E+03    0.3092E+03    0.2355E+03   -0.9990E+03   -0.9990E+03   -0.9990E+03   -0.9990E+03   -0.9990E+03   -0.9990E+03   -0.9990E+03   -0.9990E+03   -0.9990E+03   -0.9990E+03   -0.9990E+03   -0.9990E+03   -0.9990E+03   -0.9990E+03   -0.9990E+03   -0.9990E+03   -0.9990E+03   -0.9990E+03   -0.9990E+03   -0.9990E+03   -0.9990E+03   -0.9990E+03   -0.9990E+03   -0.9990E+03   -0.9990E+03   -0.9990E+03   -0.9990E+03   -0.9990E+03   -0.9990E+03   -0.9990E+03   -0.9990E+03   -0.9990E+03   -0.9990E+03   -0.9990E+03   -0.9990E+03   -0.9990E+03   -0.9990E+03   -0.9990E+03
   -0.9990E+03   -0.9990E+03   -0.9990E+03   -0.9990E+03   -0.9990E+03   -0.9990E+03   -0.9990E+03   -0.9990E+03   -0.9990E+03   -0.9990E+03   -0.9990E+03   -0.9990E+03   -0.9990E+03   -0.9990E+03    0.4371E+04    0.4613E+04    0.4550E+04    0.4664E+04    0.4337E+04    0.1862E+05    0.1335E+05    0.4740E+04    0.7790E+03    0.7174E+04    0.7911E+03    0.3095E+03    0.2570E+03    0.2417E+03    0.2429E+03    0.2775E+03    0.2689E+03    0.2573E+03    0.2776E+03    0.3035E+03    0.3652E+03    0.3286E+03    0.3399E+03    0.2417E+03   -0.9990E+03   -0.9990E+03   -0.9990E+03   -0.9990E+03   -0.9990E+03   -0.9990E+03   -0.9990E+03   -0.9990E+03   -0.9990E+03   -0.9990E+03   -0.9990E+03   -0.9990E+03   -0.9990E+03   -0.9990E+03   -0.9990E+03   -0.9990E+03   -0.9990E+03   -0.9990E+03   -0.9990E+03   -0.9990E+03   -0.9990E+03   -0.9990E+03   -0.9990E+03   -0.9990E+03   -0.9990E+03   -0.9990E+03   -0.9990E+03   -0.9990E+03   -0.9990E+03   -0.9990E+03   -0.9990E+03   -0.9990E+03   -0.9990E+03   -0.9990E+03   -0.9990E+03   -0.9990E+03   -0.9990E+03   -0.9990E+03
   -0.9990E+03   -0.9990E+03   -0.9990E+03   -0.9990E+03   -0.9990E+03   -0.9990E+03   -0.9990E+03   -0.9990E+03   -0.9990E+03   -0.9990E+03   -0.9990E+03   -0.9990E+03   -0.9990E+03    0.3986E+04    0.4056E+04    0.4177E+04    0.4105E+04    0.4178E+04    0.3759E+04    0.3898E+04    0.9043E+04    0.1707E+04    0.3637E+03    0.3194E+03    0.2791E+03    0.2538E+03    0.2446E+03    0.2473E+03    0.2752E+03    0.2738E+03    0.2554E+03    0.2547E+03    0.2820E+03    0.2848E+03    0.2846E+03    0.2707E+03    0.2713E+03    0.2406E+03   -0.9990E+03   -0.9990E+03   -0.9990E+03   -0.9990E+03   -0.9990E+03   -0.9990E+03   -0.9990E+03   -0.9990E+03   -0.9990E+03   -0.9990E+03   -0.9990E+03   -0.9990E+03   -0.9990E+03   -0.9990E+03   -0.9990E+03   -0.9990E+03   -0.9990E+03   -0.9990E+03   -0.9990E+03   -0.9990E+03   -0.9990E+03   -0.9990E+03   -0.9990E+03   -0.9990E+03   -0.9990E+03   -0.9990E+03   -0.9990E+03   -0.9990E+03   -0.9990E+03   -0.9990E+03   -0.9990E+03   -0.9990E+03   -0.9990E+03   -0.9990E+03   -0.9990E+03   -0.9990E+03   -0.9990E+03   -0.9990E+03
   -0.9990E+03   -0.9990E+03   -0.9990E+03   -0.9990E+03   -0.9990E+03   -0.9990E+03   -0.9990E+03   -0.9990E+03   -0.9990E+03   -0.9990E+03   -0.9990E+03   -0.9990E+03    0.2064E+04    0.3641E+04    0.3623E+04    0.3641E+04    0.3734E+04    0.3739E+04    0.3510E+04    0.3499E+04    0.3889E+04    0.2440E+04    0.4606E+03    0.2870E+03    0.2581E+03    0.2468E+03    0.2452E+03    0.2601E+03    0.2665E+03    0.2592E+03    0.2637E+03    0.2617E+03    0.2654E+03    0.2673E+03    0.2549E+03    0.2586E+03   -0.9990E+03   -0.9990E+03   -0.9990E+03   -0.9990E+03   -0.9990E+03   -0.9990E+03   -0.9990E+03   -0.9990E+03   -0.9990E+03   -0.9990E+03   -0.9990E+03   -0.9990E+03   -0.9990E+03   -0.9990E+03   -0.9990E+03   -0.9990E+03   -0.9990E+03   -0.9990E+03   -0.9990E+03   -0.9990E+03   -0.9990E+03   -0.9990E+03   -0.9990E+03   -0.9990E+03   -0.9990E+03   -0.9990E+03   -0.9990E+03   -0.9990E+03   -0.9990E+03   -0.9990E+03   -0.9990E+03   -0.9990E+03   -0.9990E+03   -0.9990E+03   -0.9990E+03   -0.9990E+03   -0.9990E+03   -0.9990E+03   -0.9990E+03   -0.9990E+03
   -0.9990E+03   -0.9990E+03   -0.9990E+03   -0.9990E+03   -0.9990E+03   -0.9990E+03   -0.9990E+03   -0.9990E+03   -0.9990E+03   -0.9990E+03   -0.9990E+03    0.4866E+03    0.5216E+03    0.1948E+04    0.3310E+04    0.3330E+04    0.3396E+04    0.3385E+04    0.3287E+04    0.3084E+04    0.3508E+04    0.3113E+04    0.3119E+03    0.2579E+03    0.2489E+03    0.2393E+03    0.2642E+03    0.2652E+03    0.2616E+03    0.2635E+03    0.2678E+03    0.2640E+03    0.2629E+03    0.2641E+03    0.2636E+03    0.2501E+03   -0.9990E+03   -0.9990E+03   -0.9990E+03   -0.9990E+03   -0.9990E+03   -0.9990E+03   -0.9990E+03   -0.9990E+03   -0.9990E+03   -0.9990E+03   -0.9990E+03   -0.9990E+03   -0.9990E+03   -0.9990E+03   -0.9990E+03   -0.9990E+03   -0.9990E+03   -0.9990E+03   -0.9990E+03   -0.9990E+03   -0.9990E+03   -0.9990E+03   -0.9990E+03   -0.9990E+03   -0.9990E+03   -0.9990E+03   -0.9990E+03   -0.9990E+03   -0.9990E+03   -0.9990E+03   -0.9990E+03   -0.9990E+03   -0.9990E+03   -0.9990E+03   -0.9990E+03   -0.9990E+03   -0.9990E+03   -0.9990E+03   -0.9990E+03   -0.9990E+03
   -0.9990E+03   -0.9990E+03   -0.9990E+03   -0.9990E+03   -0.9990E+03   -0.9990E+03   -0.9990E+03   -0.9990E+03   -0.9990E+03   -0.9990E+03    0.4484E+03    0.4785E+03    0.5132E+03    0.5436E+03    0.1802E+04    0.2990E+04    0.3032E+04    0.3071E+04    0.2946E+04    0.2805E+04    0.3087E+04    0.4897E+03    0.2848E+03    0.2668E+03    0.2553E+03    0.2644E+03    0.2803E+03    0.2688E+03    0.2649E+03    0.2660E+03    0.2690E+03    0.2762E+03    0.2631E+03    0.2678E+03    0.2683E+03   -0.9990E+03   -0.9990E+03   -0.9990E+03   -0.9990E+03   -0.9990E+03   -0.9990E+03   -0.9990E+03   -0.9990E+03   -0.9990E+03   -0.9990E+03   -0.9990E+03   -0.9990E+03   -0.9990E+03   -0.9990E+03   -0.9990E+03   -0.9990E+03   -0.9990E+03   -0.9990E+03   -0.9990E+03   -0.9990E+03   -0.9990E+03   -0.9990E+03   -0.9990E+03   -0.9990E+03   -0.9990E+03   -0.9990E+03   -0.9990E+03   -0.9990E+03   -0.9990E+03   -0.9990E+03   -0.9990E+03   -0.9990E+03   -0.9990E+03   -0.9990E+03   -0.9990E+03   -0.9990E+03   -0.9990E+03   -0.9990E+03   -0.9990E+03   -0.9990E+03   -0.9990E+03
   -0.9990E+03   -0.9990E+03   -0.9990E+03   -0.9990E+03   -0.9990E+03   -0.9990E+03   -0.9990E+03   -0.9990E+03    0.2091E+04    0.1999E+04    0.4489E+03    0.4720E+03    0.5050E+03    0.5359E+03    0.5560E+03    0.1108E+04    0.1298E+04    0.1360E+04    0.1254E+04    0.2816E+04    0.6982E+03    0.3104E+03    0.3019E+03    0.2908E+03    0.2878E+03    0.2576E+03    0.2484E+03    0.2443E+03    0.2436E+03    0.2442E+03    0.2449E+03    0.2466E+03    0.2656E+03    0.2632E+03    0.2671E+03   -0.9990E+03   -0.9990E+03   -0.9990E+03   -0.9990E+03   -0.9990E+03   -0.9990E+03   -0.9990E+03   -0.9990E+03   -0.9990E+03   -0.9990E+03   -0.9990E+03   -0.9990E+03   -0.9990E+03   -0.9990E+03   -0.9990E+03   -0.9990E+03   -0.9990E+03   -0.9990E+03   -0.9990E+03   -0.9990E+03   -0.9990E+03   -0.9990E+03   -0.9990E+03   -0.9990E+03   -0.9990E+03   -0.9990E+03   -0.9990E+03   -0.9990E+03   -0.9990E+03   -0.9990E+03   -0.9990E+03   -0.9990E+03   -0.9990E+03   -0.9990E+03   -0.9990E+03   -0.9990E+03   -0.9990E+03   -0.9990E+03   -0.9990E+03   -0.9990E+03   -0.9990E+03
   -0.9990E+03   -0.9990E+03   -0.9990E+03   -0.9990E+03   -0.9990E+03   -0.9990E+03   -0.9990E+03   -0.9990E+03    0.2088E+04    0.2014E+04    0.4488E+03    0.4700E+03    0.4987E+03    0.5229E+03    0.5402E+03    0.8783E+03    0.1101E+04    0.1334E+04    0.1296E+04    0.1474E+04    0.3366E+03    0.3266E+03    0.3642E+03    0.3231E+03    0.3762E+03    0.4072E+03    0.2930E+03    0.2539E+03    0.2494E+03    0.2494E+03    0.2494E+03    0.2501E+03    0.2514E+03    0.2517E+03    0.2483E+03   -0.9990E+03   -0.9990E+03   -0.9990E+03   -0.9990E+03   -0.9990E+03   -0.9990E+03   -0.9990E+03   -0.9990E+03   -0.9990E+03   -0.9990E+03   -0.9990E+03   -0.9990E+03   -0.9990E+03   -0.9990E+03   -0.9990E+03   -0.9990E+03   -0.9990E+03   -0.9990E+03   -0.9990E+03   -0.9990E+03   -0.9990E+03   -0.9990E+03   -0.9990E+03   -0.9990E+03   -0.9990E+03   -0.9990E+03   -0.9990E+03   -0.9990E+03   -0.9990E+03   -0.9990E+03   -0.9990E+03   -0.9990E+03   -0.9990E+03   -0.9990E+03   -0.9990E+03   -0.9990E+03   -0.9990E+03   -0.9990E+03   -0.9990E+03   -0.9990E+03   -0.9990E+03
   -0.9990E+03   -0.9990E+03   -0.9990E+03   -0.9990E+03   -0.9990E+03   -0.9990E+03   -0.9990E+03   -0.9990E+03    0.2110E+04    0.2023E+04    0.4521E+03    0.4714E+03    0.4964E+03    0.5217E+03    0.5331E+03    0.8648E+03    0.8649E+03    0.1120E+04    0.1111E+04    0.5120E+03    0.3348E+03    0.3903E+03    0.3952E+03    0.4085E+03    0.4570E+03    0.4062E+03    0.3647E+03    0.3246E+03    0.2587E+03    0.2541E+03    0.2536E+03    0.2533E+03    0.2533E+03    0.2525E+03    0.2449E+03   -0.9990E+03   -0.9990E+03   -0.9990E+03   -0.9990E+03   -0.9990E+03   -0.9990E+03   -0.9990E+03   -0.9990E+03   -0.9990E+03   -0.9990E+03   -0.9990E+03   -0.9990E+03   -0.9990E+03   -0.9990E+03   -0.9990E+03   -0.9990E+03   -0.9990E+03   -0.9990E+03   -0.9990E+03   -0.9990E+03   -0.9990E+03   -0.9990E+03   -0.9990E+03   -0.9990E+03   -0.9990E+03   -0.9990E+03   -0.9990E+03   -0.9990E+03   -0.9990E+03   -0.9990E+03   -0.9990E+03   -0.9990E+03   -0.9990E+03   -0.9990E+03   -0.9990E+03   -0.9990E+03   -0.9990E+03   -0.9990E+03   -0.9990E+03   -0.9990E+03   -0.9990E+03
   -0.9990E+03   -0.9990E+03   -0.9990E+03   -0.9990E+03   -0.9990E+03   -0.9990E+03   -0.9990E+03    0.1818E+04    0.1854E+04    0.1921E+04    0.2051E+04    0.4870E+03    0.5016E+03    0.8368E+03    0.8559E+03    0.8387E+03    0.4144E+03    0.5316E+03    0.3559E+03    0.3430E+03    0.3394E+03    0.4525E+03    0.4398E+03    0.3710E+03    0.4530E+03    0.3990E+03    0.3701E+03    0.3562E+03    0.3262E+03    0.2600E+03    0.2582E+03    0.2576E+03    0.2565E+03    0.2501E+03   -0.9990E+03   -0.9990E+03   -0.9990E+03   -0.9990E+03   -0.9990E+03   -0.9990E+03   -0.9990E+03   -0.9990E+03   -0.9990E+03   -0.9990E+03   -0.9990E+03   -0.9990E+03   -0.9990E+03   -0.9990E+03   -0.9990E+03   -0.9990E+03   -0.9990E+03   -0.9990E+03   -0.9990E+03   -0.9990E+03   -0.9990E+03   -0.9990E+03   -0.9990E+03   -0.9990E+03   -0.9990E+03   -0.9990E+03   -0.9990E+03   -0.9990E+03   -0.9990E+03   -0.9990E+03   -0.9990E+03   -0.9990E+03   -0.9990E+03   -0.9990E+03   -0.9990E+03   -0.9990E+03   -0.9990E+03   -0.9990E+03   -0.9990E+03   -0.9990E+03   -0.9990E+03   -0.9990E+03
   -0.9990E+03   -0.9990E+03   -0.9990E+03   -0.9990E+03   -0.9990E+03   -0.9990E+03   -0.9990E+03    0.1834E+04    0.1910E+04    0.1892E+04    0.1540E+04    0.8554E+03    0.8518E+03    0.4748E+03    0.3726E+03    0.3536E+03    0.3575E+03    0.3303E+03    0.3281E+03    0.3381E+03    0.4248E+03    0.5074E+03    0.4717E+03    0.4856E+03    0.4093E+03    0.3958E+03    0.3846E+03    0.3538E+03    0.3620E+03    0.2809E+03    0.2625E+03    0.2616E+03    0.2595E+03   -0.9990E+03   -0.9990E+03   -0.9990E+03   -0.9990E+03   -0.9990E+03   -0.9990E+03   -0.9990E+03   -0.9990E+03   -0.9990E+03   -0.9990E+03   -0.9990E+03   -0.9990E+03   -0.9990E+03   -0.9990E+03   -0.9990E+03   -0.9990E+03   -0.9990E+03   -0.9990E+03   -0.9990E+03   -0.9990E+03   -0.9990E+03   -0.9990E+03   -0.9990E+03   -0.9990E+03   -0.9990E+03   -0.9990E+03   -0.9990E+03   -0.9990E+03   -0.9990E+03   -0.9990E+03   -0.9990E+03   -0.9990E+03   -0.9990E+03   -0.9990E+03   -0.9990E+03   -0.9990E+03   -0.9990E+03   -0.9990E+03   -0.9990E+03   -0.9990E+03   -0.9990E+03   -0.9990E+03   -0.9990E+03
   -0.9990E+03   -0.9990E+03   -0.9990E+03   -0.9990E+03   -0.9990E+03    0.1983E+04    0.1995E+04    0.1898E+04    0.2020E+04    0.1949E+04    0.4230E+03    0.3667E+03    0.4110E+03    0.3838E+03    0.3487E+03    0.3491E+03    0.3440E+03    0.3386E+03    0.3411E+03    0.3399E+03    0.4179E+03    0.4503E+03    0.4928E+03    0.4613E+03    0.4188E+03    0.4023E+03    0.3588E+03    0.3618E+03    0.3570E+03    0.3375E+03    0.2675E+03    0.2646E+03    0.2626E+03   -0.9990E+03   -0.9990E+03   -0.9990E+03   -0.9990E+03   -0.9990E+03   -0.9990E+03   -0.9990E+03   -0.9990E+03   -0.9990E+03   -0.9990E+03   -0.9990E+03   -0.9990E+03   -0.9990E+03   -0.9990E+03   -0.9990E+03   -0.9990E+03   -0.9990E+03   -0.9990E+03   -0.9990E+03   -0.9990E+03   -0.9990E+03   -0.9990E+03   -0.9990E+03   -0.9990E+03   -0.9990E+03   -0.9990E+03   -0.9990E+03   -0.9990E+03   -0.9990E+03   -0.9990E+03   -0.9990E+03   -0.9990E+03   -0.9990E+03   -0.9990E+03   -0.9990E+03   -0.9990E+03   -0.9990E+03   -0.9990E+03   -0.9990E+03   -0.9990E+03   -0.9990E+03   -0.9990E+03   -0.9990E+03
   -0.9990E+03   -0.9990E+03   -0.9990E+03   -0.9990E+03    0.2133E+04    0.2047E+04    0.2157E+04    0.2011E+04    0.2212E+04    0.2331E+04    0.3860E+03    0.3715E+03    0.3741E+03    0.3631E+03    0.3679E+03    0.3661E+03    0.3733E+03    0.3607E+03    0.3579E+03    0.4505E+03    0.3686E+03    0.3732E+03    0.3898E+03    0.4724E+03    0.4181E+03    0.3903E+03    0.3802E+03    0.3636E+03    0.3519E+03   -0.9990E+03   -0.9990E+03   -0.9990E+03   -0.9990E+03   -0.9990E+03   -0.9990E+03   -0.9990E+03   -0.9990E+03   -0.9990E+03   -0.9990E+03   -0.9990E+03   -0.9990E+03   -0.9990E+03   -0.9990E+03   -0.9990E+03   -0.9990E+03   -0.9990E+03   -0.9990E+03   -0.9990E+03   -0.9990E+03   -0.9990E+03   -0.9990E+03   -0.9990E+03   -0.9990E+03   -0.9990E+03   -0.9990E+03   -0.9990E+03   -0.9990E+03   -0.9990E+03   -0.9990E+03   -0.9990E+03   -0.9990E+03   -0.9990E+03   -0.9990E+03   -0.9990E+03   -0.9990E+03   -0.9990E+03   -0.9990E+03   -0.9990E+03   -0.9990E+03   -0.9990E+03   -0.9990E+03   -0.9990E+03   -0.9990E+03   -0.9990E+03   -0.9990E+03   -0.9990E+03
   -0.9990E+03   -0.9990E+03   -0.9990E+03    0.2172E+04    0.2239E+04    0.2146E+04    0.2499E+04    0.4332E+03    0.4169E+03    0.4106E+03    0.4077E+03    0.3711E+03    0.3780E+03    0.3709E+03    0.5363E+03    0.6002E+03    0.4443E+03    0.4119E+03    0.4661E+03    0.4104E+03    0.3835E+03    0.3487E+03    0.3452E+03    0.3659E+03    0.3835E+03    0.3415E+03   -0.9990E+03   -0.9990E+03   -0.9990E+03   -0.9990E+03   -0.9990E+03   -0.9990E+03   -0.9990E+03   -0.9990E+03   -0.9990E+03   -0.9990E+03   -0.9990E+03   -0.9990E+03   -0.9990E+03   -0.9990E+03   -0.9990E+03   -0.9990E+03   -0.9990E+03   -0.9990E+03   -0.9990E+03   -0.9990E+03   -0.9990E+03   -0.9990E+03   -0.9990E+03   -0.9990E+03   -0.9990E+03   -0.9990E+03   -0.9990E+03   -0.9990E+03   -0.9990E+03   -0.9990E+03   -0.9990E+03   -0.9990E+03   -0.9990E+03   -0.9990E+03   -0.9990E+03   -0.9990E+03   -0.9990E+03   -0.9990E+03   -0.9990E+03   -0.9990E+03   -0.9990E+03   -0.9990E+03   -0.9990E+03   -0.9990E+03   -0.9990E+03   -0.9990E+03   -0.9990E+03   -0.9990E+03   -0.9990E+03   -0.9990E+03
   -0.9990E+03   -0.9990E+03    0.3516E+03    0.4363E+03    0.1433E+04    0.4185E+03    0.4653E+03    0.6360E+03    0.3659E+03    0.4087E+03    0.3963E+03    0.2599E+04    0.1062E+04    0.9140E+03    0.1014E+04    0.9895E+03    0.7679E+03    0.4175E+03    0.3798E+03    0.3589E+03    0.3496E+03    0.3480E+03    0.3383E+03    0.3218E+03   -0.9990E+03   -0.9990E+03   -0.9990E+03   -0.9990E+03   -0.9990E+03   -0.9990E+03   -0.9990E+03   -0.9990E+03   -0.9990E+03   -0.9990E+03   -0.9990E+03   -0.9990E+03   -0.9990E+03   -0.9990E+03   -0.9990E+03   -0.9990E+03   -0.9990E+03   -0.9990E+03   -0.9990E+03   -0.9990E+03   -0.9990E+03   -0.9990E+03   -0.9990E+03   -0.9990E+03   -0.9990E+03   -0.9990E+03   -0.9990E+03   -0.9990E+03   -0.9990E+03   -0.9990E+03   -0.9990E+03   -0.9990E+03   -0.9990E+03   -0.9990E+03   -0.9990E+03   -0.9990E+03   -0.9990E+03   -0.9990E+03   -0.9990E+03   -0.9990E+03   -0.9990E+03   -0.9990E+03   -0.9990E+03   -0.9990E+03   -0.9990E+03   -0.9990E+03   -0.9990E+03   -0.9990E+03   -0.9990E+03   -0.9990E+03   -0.9990E+03   -0.9990E+03
   -0.9990E+03   -0.9990E+03    0.3518E+03    0.3799E+03    0.3629E+03    0.4147E+03    0.4201E+03    0.4100E+03    0.3693E+03    0.4770E+03    0.1166E+04    0.1545E+04    0.4400E+03    0.4995E+03    0.5876E+03    0.8721E+03    0.4004E+03    0.3840E+03    0.3633E+03    0.3432E+03    0.3390E+03    0.3358E+03   -0.9990E+03   -0.9990E+03   -0.9990E+03   -0.9990E+03   -0.9990E+03   -0.9990E+03   -0.9990E+03   -0.9990E+03   -0.9990E+03   -0.9990E+03   -0.9990E+03   -0.9990E+03   -0.9990E+03   -0.9990E+03   -0.9990E+03   -0.9990E+03   -0.9990E+03   -0.9990E+03   -0.9990E+03   -0.9990E+03   -0.9990E+03   -0.9990E+03   -0.9990E+03   -0.9990E+03   -0.9990E+03   -0.9990E+03   -0.9990E+03   -0.9990E+03   -0.9990E+03   -0.9990E+03   -0.9990E+03   -0.9990E+03   -0.9990E+03   -0.9990E+03   -0.9990E+03   -0.9990E+03   -0.9990E+03   -0.9990E+03   -0.9990E+03   -0.9990E+03   -0.9990E+03   -0.9990E+03   -0.9990E+03   -0.9990E+03   -0.9990E+03   -0.9990E+03   -0.9990E+03   -0.9990E+03   -0.9990E+03   -0.9990E+03   -0.9990E+03   -0.9990E+03   -0.9990E+03   -0.9990E+03
   -0.9990E+03    0.3401E+03    0.3446E+03    0.3516E+03    0.3622E+03    0.3884E+03    0.3950E+03    0.4770E+03    0.4049E+03    0.4039E+03    0.4150E+03    0.7707E+03    0.3819E+03    0.3794E+03    0.4042E+03    0.4466E+03    0.3677E+03    0.3629E+03   -0.9990E+03   -0.9990E+03   -0.9990E+03   -0.9990E+03   -0.9990E+03   -0.9990E+03   -0.9990E+03   -0.9990E+03   -0.9990E+03   -0.9990E+03   -0.9990E+03   -0.9990E+03   -0.9990E+03   -0.9990E+03   -0.9990E+03   -0.9990E+03   -0.9990E+03   -0.9990E+03   -0.9990E+03   -0.9990E+03   -0.9990E+03   -0.9990E+03   -0.9990E+03   -0.9990E+03   -0.9990E+03   -0.9990E+03   -0.9990E+03   -0.9990E+03   -0.9990E+03   -0.9990E+03   -0.9990E+03   -0.9990E+03   -0.9990E+03   -0.9990E+03   -0.9990E+03   -0.9990E+03   -0.9990E+03   -0.9990E+03   -0.9990E+03   -0.9990E+03   -0.9990E+03   -0.9990E+03   -0.9990E+03   -0.9990E+03   -0.9990E+03   -0.9990E+03   -0.9990E+03   -0.9990E+03   -0.9990E+03   -0.9990E+03   -0.9990E+03   -0.9990E+03   -0.9990E+03   -0.9990E+03   -0.9990E+03   -0.9990E+03   -0.9990E+03   -0.9990E+03
    0.3267E+03    0.3339E+03    0.3404E+03    0.3445E+03    0.3579E+03    0.3589E+03    0.3612E+03    0.3648E+03    0.3672E+03    0.3634E+03    0.3673E+03    0.3742E+03    0.3830E+03   -0.9990E+03   -0.9990E+03   -0.9990E+03   -0.9990E+03   -0.9990E+03   -0.9990E+03   -0.9990E+03   -0.9990E+03   -0.9990E+03   -0.9990E+03   -0.9990E+03   -0.9990E+03   -0.9990E+03   -0.9990E+03   -0.9990E+03   -0.9990E+03   -0.9990E+03   -0.9990E+03   -0.9990E+03   -0.9990E+03   -0.9990E+03   -0.9990E+03   -0.9990E+03   -0.9990E+03   -0.9990E+03   -0.9990E+03   -0.9990E+03   -0.9990E+03   -0.9990E+03   -0.9990E+03   -0.9990E+03   -0.9990E+03   -0.9990E+03   -0.9990E+03   -0.9990E+03   -0.9990E+03   -0.9990E+03   -0.9990E+03   -0.9990E+03   -0.9990E+03   -0.9990E+03   -0.9990E+03   -0.9990E+03   -0.9990E+03   -0.9990E+03   -0.9990E+03   -0.9990E+03   -0.9990E+03   -0.9990E+03   -0.9990E+03   -0.9990E+03   -0.9990E+03   -0.9990E+03   -0.9990E+03   -0.9990E+03   -0.9990E+03   -0.9990E+03   -0.9990E+03   -0.9990E+03   -0.9990E+03   -0.9990E+03   -0.9990E+03   -0.9990E+03
    0.3310E+03    0.3331E+03    0.3371E+03    0.3379E+03   -0.9990E+03   -0.9990E+03   -0.9990E+03   -0.9990E+03   -0.9990E+03   -0.9990E+03   -0.9990E+03   -0.9990E+03   -0.9990E+03   -0.9990E+03   -0.9990E+03   -0.9990E+03   -0.9990E+03   -0.9990E+03   -0.9990E+03   -0.9990E+03   -0.9990E+03   -0.9990E+03   -0.9990E+03   -0.9990E+03   -0.9990E+03   -0.9990E+03   -0.9990E+03   -0.9990E+03   -0.9990E+03   -0.9990E+03   -0.9990E+03   -0.9990E+03   -0.9990E+03   -0.9990E+03   -0.9990E+03   -0.9990E+03   -0.9990E+03   -0.9990E+03   -0.9990E+03   -0.9990E+03   -0.9990E+03   -0.9990E+03   -0.9990E+03   -0.9990E+03   -0.9990E+03   -0.9990E+03   -0.9990E+03   -0.9990E+03   -0.9990E+03   -0.9990E+03   -0.9990E+03   -0.9990E+03   -0.9990E+03   -0.9990E+03   -0.9990E+03   -0.9990E+03   -0.9990E+03   -0.9990E+03   -0.9990E+03   -0.9990E+03   -0.9990E+03   -0.9990E+03   -0.9990E+03   -0.9990E+03   -0.9990E+03   -0.9990E+03   -0.9990E+03   -0.9990E+03   -0.9990E+03   -0.9990E+03   -0.9990E+03   -0.9990E+03   -0.9990E+03   -0.9990E+03   -0.9990E+03   -0.9990E+03
   -0.9990E+03    0.3320E+03    0.3375E+03    0.3327E+03   -0.9990E+03   -0.9990E+03   -0.9990E+03   -0.9990E+03   -0.9990E+03   -0.9990E+03   -0.9990E+03   -0.9990E+03   -0.9990E+03   -0.9990E+03   -0.9990E+03   -0.9990E+03   -0.9990E+03   -0.9990E+03   -0.9990E+03   -0.9990E+03   -0.9990E+03   -0.9990E+03   -0.9990E+03   -0.9990E+03   -0.9990E+03   -0.9990E+03   -0.9990E+03   -0.9990E+03   -0.9990E+03   -0.9990E+03   -0.9990E+03   -0.9990E+03   -0.9990E+03   -0.9990E+03   -0.9990E+03   -0.9990E+03   -0.9990E+03   -0.9990E+03   -0.9990E+03   -0.9990E+03   -0.9990E+03   -0.9990E+03   -0.9990E+03   -0.9990E+03   -0.9990E+03   -0.9990E+03   -0.9990E+03   -0.9990E+03   -0.9990E+03   -0.9990E+03   -0.9990E+03   -0.9990E+03   -0.9990E+03   -0.9990E+03   -0.9990E+03   -0.9990E+03   -0.9990E+03   -0.9990E+03   -0.9990E+03   -0.9990E+03   -0.9990E+03   -0.9990E+03   -0.9990E+03   -0.9990E+03   -0.9990E+03   -0.9990E+03   -0.9990E+03   -0.9990E+03   -0.9990E+03   -0.9990E+03   -0.9990E+03   -0.9990E+03   -0.9990E+03   -0.9990E+03   -0.9990E+03   -0.9990E+03
