  STEP   TOTAL TIME             LOCATION OF OBSERVATION POINTS (I,J,K)
   43   45    1   50   46    1   58   41    1   68   36    1   70   46    1   75   29    1   78   43    1   78   44    1   83   41    1   84   43    1  101   33    1
   0.1000000E+01   0.2075914E+02   0.1910104E+02  -0.9990001E+03   0.2219920E+02   0.2091227E+02  -0.9990001E+03   0.1129798E+02   0.1133526E+02   0.9690767E+01   0.1004484E+02   0.1624766E+02
   0.2000000E+01   0.2075897E+02   0.1910159E+02  -0.9990001E+03   0.2220121E+02   0.2091415E+02  -0.9990001E+03   0.1129666E+02   0.1133422E+02   0.9691504E+01   0.1004517E+02   0.1744633E+02
   0.3000000E+01   0.2075880E+02   0.1910213E+02  -0.9990001E+03   0.2220321E+02   0.2091603E+02  -0.9990001E+03   0.1129534E+02   0.1133318E+02   0.9692238E+01   0.1004551E+02   0.1823332E+02
   0.4000000E+01   0.2075864E+02   0.1910267E+02  -0.9990001E+03   0.2220521E+02   0.2091791E+02  -0.9990001E+03   0.1129402E+02   0.1133214E+02   0.9692971E+01   0.1004584E+02   0.1884624E+02
   0.5000000E+01   0.2075847E+02   0.1910321E+02  -0.9990001E+03   0.2220721E+02   0.2091979E+02  -0.9990001E+03   0.1129270E+02   0.1133110E+02   0.9693704E+01   0.1004617E+02   0.1935562E+02
   0.6000000E+01   0.2075830E+02   0.1910376E+02  -0.9990001E+03   0.2220921E+02   0.2092167E+02  -0.9990001E+03   0.1129137E+02   0.1133006E+02   0.9694434E+01   0.1004650E+02   0.1979789E+02
   0.7000000E+01   0.2075814E+02   0.1910430E+02  -0.9990001E+03   0.2221121E+02   0.2092354E+02  -0.9990001E+03   0.1129005E+02   0.1132902E+02   0.9695163E+01   0.1004683E+02   0.2019109E+02
   0.8000000E+01   0.2075797E+02   0.1910485E+02  -0.9990001E+03   0.2221321E+02   0.2092542E+02  -0.9990001E+03   0.1128874E+02   0.1132799E+02   0.9695889E+01   0.1004716E+02   0.2054774E+02
   0.9000000E+01   0.2075781E+02   0.1910539E+02  -0.9990001E+03   0.2221520E+02   0.2092730E+02  -0.9990001E+03   0.1128742E+02   0.1132695E+02   0.9696615E+01   0.1004749E+02   0.2087500E+02
   0.1000000E+02   0.2075764E+02   0.1910593E+02  -0.9990001E+03   0.2221719E+02   0.2092917E+02  -0.9990001E+03   0.1128610E+02   0.1132592E+02   0.9697339E+01   0.1004782E+02   0.2117880E+02
   0.1100000E+02   0.2075747E+02   0.1910648E+02  -0.9990001E+03   0.2221918E+02   0.2093104E+02  -0.9990001E+03   0.1128478E+02   0.1132488E+02   0.9698062E+01   0.1004814E+02   0.2146277E+02
   0.1200000E+02   0.2075731E+02   0.1910702E+02  -0.9990001E+03   0.2222117E+02   0.2093290E+02  -0.9990001E+03   0.1128346E+02   0.1132385E+02   0.9698783E+01   0.1004847E+02   0.2173012E+02
   0.1300000E+02   0.2075714E+02   0.1910757E+02  -0.9990001E+03   0.2222317E+02   0.2093477E+02  -0.9990001E+03   0.1128214E+02   0.1132282E+02   0.9699503E+01   0.1004879E+02   0.2198262E+02
   0.1400000E+02   0.2075698E+02   0.1910811E+02  -0.9990001E+03   0.2222515E+02   0.2093664E+02  -0.9990001E+03   0.1128082E+02   0.1132178E+02   0.9700220E+01   0.1004911E+02   0.2222271E+02
   0.1500000E+02   0.2075681E+02   0.1910866E+02  -0.9990001E+03   0.2222714E+02   0.2093851E+02  -0.9990001E+03   0.1127950E+02   0.1132075E+02   0.9700936E+01   0.1004943E+02   0.2245158E+02
   0.1600000E+02   0.2075664E+02   0.1910920E+02  -0.9990001E+03   0.2222913E+02   0.2094037E+02  -0.9990001E+03   0.1127818E+02   0.1131972E+02   0.9701651E+01   0.1004975E+02   0.2267035E+02
   0.1700000E+02   0.2075647E+02   0.1910975E+02  -0.9990001E+03   0.2223111E+02   0.2094224E+02  -0.9990001E+03   0.1127686E+02   0.1131869E+02   0.9702363E+01   0.1005007E+02   0.2288018E+02
   0.1800000E+02   0.2075631E+02   0.1911029E+02  -0.9990001E+03   0.2223310E+02   0.2094410E+02  -0.9990001E+03   0.1127554E+02   0.1131766E+02   0.9703074E+01   0.1005039E+02   0.2308184E+02
   0.1900000E+02   0.2075614E+02   0.1911083E+02  -0.9990001E+03   0.2223508E+02   0.2094596E+02  -0.9990001E+03   0.1127423E+02   0.1131664E+02   0.9703782E+01   0.1005071E+02   0.2327597E+02
   0.2000000E+02   0.2075598E+02   0.1911138E+02  -0.9990001E+03   0.2223706E+02   0.2094782E+02  -0.9990001E+03   0.1127291E+02   0.1131561E+02   0.9704489E+01   0.1005103E+02   0.2346332E+02
   0.2100000E+02   0.2075581E+02   0.1911193E+02  -0.9990001E+03   0.2223904E+02   0.2094968E+02  -0.9990001E+03   0.1127159E+02   0.1131458E+02   0.9705194E+01   0.1005134E+02   0.2364435E+02
   0.2200000E+02   0.2075564E+02   0.1911247E+02  -0.9990001E+03   0.2224102E+02   0.2095154E+02  -0.9990001E+03   0.1127027E+02   0.1131355E+02   0.9705897E+01   0.1005166E+02   0.2381962E+02
   0.2300000E+02   0.2075547E+02   0.1911302E+02  -0.9990001E+03   0.2224300E+02   0.2095340E+02  -0.9990001E+03   0.1126895E+02   0.1131253E+02   0.9706599E+01   0.1005197E+02   0.2398950E+02
   0.2400000E+02   0.2075530E+02   0.1911356E+02  -0.9990001E+03   0.2224498E+02   0.2095526E+02  -0.9990001E+03   0.1126764E+02   0.1131150E+02   0.9707299E+01   0.1005229E+02   0.2415434E+02
   0.2500000E+02   0.2075513E+02   0.1911411E+02  -0.9990001E+03   0.2224695E+02   0.2095711E+02  -0.9990001E+03   0.1126632E+02   0.1131048E+02   0.9707996E+01   0.1005260E+02   0.2431444E+02
   0.2600000E+02   0.2075496E+02   0.1911466E+02  -0.9990001E+03   0.2224892E+02   0.2095897E+02  -0.9990001E+03   0.1126500E+02   0.1130946E+02   0.9708693E+01   0.1005291E+02   0.2447016E+02
   0.2700000E+02   0.2075479E+02   0.1911520E+02  -0.9990001E+03   0.2225089E+02   0.2096082E+02  -0.9990001E+03   0.1126368E+02   0.1130843E+02   0.9709386E+01   0.1005322E+02   0.2462174E+02
   0.2800000E+02   0.2075462E+02   0.1911575E+02  -0.9990001E+03   0.2225287E+02   0.2096268E+02  -0.9990001E+03   0.1126237E+02   0.1130741E+02   0.9710079E+01   0.1005352E+02   0.2476940E+02
   0.2900000E+02   0.2075445E+02   0.1911629E+02  -0.9990001E+03   0.2225484E+02   0.2096453E+02  -0.9990001E+03   0.1126105E+02   0.1130639E+02   0.9710770E+01   0.1005383E+02   0.2491335E+02
   0.3000000E+02   0.2075427E+02   0.1911684E+02  -0.9990001E+03   0.2225681E+02   0.2096638E+02  -0.9990001E+03   0.1125974E+02   0.1130537E+02   0.9711459E+01   0.1005414E+02   0.2505191E+02
   0.3100000E+02   0.2075410E+02   0.1911739E+02  -0.9990001E+03   0.2225878E+02   0.2096823E+02  -0.9990001E+03   0.1125842E+02   0.1130435E+02   0.9712146E+01   0.1005444E+02   0.2518349E+02
   0.3200000E+02   0.2075393E+02   0.1911793E+02  -0.9990001E+03   0.2226074E+02   0.2097008E+02  -0.9990001E+03   0.1125711E+02   0.1130333E+02   0.9712832E+01   0.1005475E+02   0.2530876E+02
   0.3300000E+02   0.2075376E+02   0.1911848E+02  -0.9990001E+03   0.2226271E+02   0.2097193E+02  -0.9990001E+03   0.1125579E+02   0.1130232E+02   0.9713516E+01   0.1005505E+02   0.2542829E+02
   0.3400000E+02   0.2075359E+02   0.1911902E+02  -0.9990001E+03   0.2226467E+02   0.2097378E+02  -0.9990001E+03   0.1125447E+02   0.1130130E+02   0.9714200E+01   0.1005536E+02   0.2554233E+02
   0.3500000E+02   0.2075341E+02   0.1911957E+02  -0.9990001E+03   0.2226663E+02   0.2097563E+02  -0.9990001E+03   0.1125316E+02   0.1130028E+02   0.9714881E+01   0.1005566E+02   0.2565160E+02
   0.3600000E+02   0.2075324E+02   0.1912011E+02  -0.9990001E+03   0.2226860E+02   0.2097747E+02  -0.9990001E+03   0.1125185E+02   0.1129927E+02   0.9715559E+01   0.1005596E+02   0.2575648E+02
   0.3700000E+02   0.2075306E+02   0.1912066E+02  -0.9990001E+03   0.2227056E+02   0.2097932E+02  -0.9990001E+03   0.1125053E+02   0.1129825E+02   0.9716236E+01   0.1005626E+02   0.2585726E+02
   0.3800000E+02   0.2075289E+02   0.1912120E+02  -0.9990001E+03   0.2227252E+02   0.2098116E+02  -0.9990001E+03   0.1124922E+02   0.1129723E+02   0.9716912E+01   0.1005656E+02   0.2595429E+02
   0.3900000E+02   0.2075272E+02   0.1912175E+02  -0.9990001E+03   0.2227448E+02   0.2098300E+02  -0.9990001E+03   0.1124790E+02   0.1129622E+02   0.9717587E+01   0.1005685E+02   0.2604783E+02
   0.4000000E+02   0.2075254E+02   0.1912229E+02  -0.9990001E+03   0.2227644E+02   0.2098484E+02  -0.9990001E+03   0.1124659E+02   0.1129521E+02   0.9718258E+01   0.1005715E+02   0.2613814E+02
   0.4100000E+02   0.2075237E+02   0.1912284E+02  -0.9990001E+03   0.2227840E+02   0.2098668E+02  -0.9990001E+03   0.1124528E+02   0.1129419E+02   0.9718928E+01   0.1005745E+02   0.2622543E+02
   0.4200000E+02   0.2075219E+02   0.1912338E+02  -0.9990001E+03   0.2228036E+02   0.2098853E+02  -0.9990001E+03   0.1124397E+02   0.1129318E+02   0.9719596E+01   0.1005774E+02   0.2630989E+02
   0.4300000E+02   0.2075201E+02   0.1912392E+02  -0.9990001E+03   0.2228231E+02   0.2099037E+02  -0.9990001E+03   0.1124265E+02   0.1129217E+02   0.9720264E+01   0.1005804E+02   0.2639144E+02
   0.4400000E+02   0.2075184E+02   0.1912447E+02  -0.9990001E+03   0.2228426E+02   0.2099220E+02  -0.9990001E+03   0.1124134E+02   0.1129116E+02   0.9720929E+01   0.1005833E+02   0.2647028E+02
   0.4500000E+02   0.2075166E+02   0.1912501E+02  -0.9990001E+03   0.2228621E+02   0.2099404E+02  -0.9990001E+03   0.1124003E+02   0.1129015E+02   0.9721594E+01   0.1005863E+02   0.2654659E+02
   0.4600000E+02   0.2075148E+02   0.1912556E+02  -0.9990001E+03   0.2228816E+02   0.2099587E+02  -0.9990001E+03   0.1123871E+02   0.1128914E+02   0.9722256E+01   0.1005892E+02   0.2662074E+02
   0.4700000E+02   0.2075131E+02   0.1912610E+02  -0.9990001E+03   0.2229011E+02   0.2099771E+02  -0.9990001E+03   0.1123740E+02   0.1128813E+02   0.9722916E+01   0.1005921E+02   0.2669283E+02
   0.4800000E+02   0.2075113E+02   0.1912665E+02  -0.9990001E+03   0.2229206E+02   0.2099954E+02  -0.9990001E+03   0.1123609E+02   0.1128712E+02   0.9723574E+01   0.1005950E+02   0.2676280E+02
   0.4900000E+02   0.2075095E+02   0.1912719E+02  -0.9990001E+03   0.2229400E+02   0.2100138E+02  -0.9990001E+03   0.1123478E+02   0.1128612E+02   0.9724231E+01   0.1005978E+02   0.2683078E+02
   0.5000000E+02   0.2075077E+02   0.1912773E+02  -0.9990001E+03   0.2229595E+02   0.2100321E+02  -0.9990001E+03   0.1123347E+02   0.1128511E+02   0.9724885E+01   0.1006007E+02   0.2689702E+02
   0.5100000E+02   0.2075060E+02   0.1912828E+02  -0.9990001E+03   0.2229789E+02   0.2100504E+02  -0.9990001E+03   0.1123215E+02   0.1128410E+02   0.9725537E+01   0.1006036E+02   0.2696136E+02
   0.5200000E+02   0.2075042E+02   0.1912882E+02  -0.9990001E+03   0.2229983E+02   0.2100687E+02  -0.9990001E+03   0.1123084E+02   0.1128310E+02   0.9726189E+01   0.1006064E+02   0.2702417E+02
   0.5300000E+02   0.2075024E+02   0.1912936E+02  -0.9990001E+03   0.2230177E+02   0.2100870E+02  -0.9990001E+03   0.1122953E+02   0.1128210E+02   0.9726840E+01   0.1006093E+02   0.2708534E+02
   0.5400000E+02   0.2075006E+02   0.1912990E+02  -0.9990001E+03   0.2230371E+02   0.2101053E+02  -0.9990001E+03   0.1122822E+02   0.1128109E+02   0.9727489E+01   0.1006121E+02   0.2714511E+02
   0.5500000E+02   0.2074988E+02   0.1913045E+02  -0.9990001E+03   0.2230565E+02   0.2101236E+02  -0.9990001E+03   0.1122691E+02   0.1128009E+02   0.9728136E+01   0.1006150E+02   0.2720341E+02
   0.5600000E+02   0.2074969E+02   0.1913099E+02  -0.9990001E+03   0.2230759E+02   0.2101418E+02  -0.9990001E+03   0.1122560E+02   0.1127909E+02   0.9728783E+01   0.1006178E+02   0.2726032E+02
   0.5700000E+02   0.2074951E+02   0.1913153E+02  -0.9990001E+03   0.2230953E+02   0.2101601E+02  -0.9990001E+03   0.1122429E+02   0.1127809E+02   0.9729425E+01   0.1006206E+02   0.2731590E+02
   0.5800000E+02   0.2074933E+02   0.1913208E+02  -0.9990001E+03   0.2231146E+02   0.2101783E+02  -0.9990001E+03   0.1122298E+02   0.1127709E+02   0.9730068E+01   0.1006234E+02   0.2737021E+02
   0.5900000E+02   0.2074915E+02   0.1913262E+02  -0.9990001E+03   0.2231339E+02   0.2101966E+02  -0.9990001E+03   0.1122167E+02   0.1127609E+02   0.9730708E+01   0.1006262E+02   0.2742330E+02
   0.6000000E+02   0.2074897E+02   0.1913316E+02  -0.9990001E+03   0.2231532E+02   0.2102148E+02  -0.9990001E+03   0.1122036E+02   0.1127509E+02   0.9731347E+01   0.1006290E+02   0.2747523E+02
   0.6100000E+02   0.2074879E+02   0.1913371E+02  -0.9990001E+03   0.2231725E+02   0.2102330E+02  -0.9990001E+03   0.1121905E+02   0.1127409E+02   0.9731983E+01   0.1006318E+02   0.2752606E+02
   0.6200000E+02   0.2074861E+02   0.1913425E+02  -0.9990001E+03   0.2231918E+02   0.2102512E+02  -0.9990001E+03   0.1121774E+02   0.1127310E+02   0.9732618E+01   0.1006345E+02   0.2757582E+02
   0.6300000E+02   0.2074843E+02   0.1913479E+02  -0.9990001E+03   0.2232111E+02   0.2102694E+02  -0.9990001E+03   0.1121643E+02   0.1127210E+02   0.9733252E+01   0.1006373E+02   0.2762456E+02
   0.6400000E+02   0.2074825E+02   0.1913533E+02  -0.9990001E+03   0.2232303E+02   0.2102876E+02  -0.9990001E+03   0.1121512E+02   0.1127111E+02   0.9733883E+01   0.1006400E+02   0.2767231E+02
   0.6500000E+02   0.2074807E+02   0.1913588E+02  -0.9990001E+03   0.2232496E+02   0.2103057E+02  -0.9990001E+03   0.1121381E+02   0.1127011E+02   0.9734513E+01   0.1006428E+02   0.2771775E+02
   0.6600000E+02   0.2074788E+02   0.1913642E+02  -0.9990001E+03   0.2232688E+02   0.2103239E+02  -0.9990001E+03   0.1121250E+02   0.1126912E+02   0.9735142E+01   0.1006455E+02   0.2776041E+02
   0.6700000E+02   0.2074770E+02   0.1913696E+02  -0.9990001E+03   0.2232881E+02   0.2103420E+02  -0.9990001E+03   0.1121119E+02   0.1126813E+02   0.9735767E+01   0.1006482E+02   0.2780153E+02
   0.6800000E+02   0.2074752E+02   0.1913750E+02  -0.9990001E+03   0.2233073E+02   0.2103602E+02  -0.9990001E+03   0.1120989E+02   0.1126713E+02   0.9736392E+01   0.1006510E+02   0.2784115E+02
   0.6900000E+02   0.2074734E+02   0.1913804E+02  -0.9990001E+03   0.2233265E+02   0.2103783E+02  -0.9990001E+03   0.1120858E+02   0.1126615E+02   0.9737015E+01   0.1006537E+02   0.2787987E+02
   0.7000000E+02   0.2074715E+02   0.1913859E+02  -0.9990001E+03   0.2233457E+02   0.2103964E+02  -0.9990001E+03   0.1120727E+02   0.1126515E+02   0.9737636E+01   0.1006564E+02   0.2791505E+02
   0.7100000E+02   0.2074697E+02   0.1913913E+02   0.2357089E+02   0.2233649E+02   0.2104145E+02  -0.9990001E+03   0.1120597E+02   0.1126416E+02   0.9738256E+01   0.1006591E+02   0.2795412E+02
   0.7200000E+02   0.2074678E+02   0.1913967E+02   0.2357047E+02   0.2233841E+02   0.2104327E+02  -0.9990001E+03   0.1120466E+02   0.1126317E+02   0.9738873E+01   0.1006617E+02   0.2799049E+02
   0.7300000E+02   0.2075397E+02   0.1914325E+02   0.2356993E+02   0.2234032E+02   0.2104508E+02  -0.9990001E+03   0.1120335E+02   0.1126219E+02   0.9739490E+01   0.1006644E+02   0.2801335E+02
   0.7400000E+02   0.2076160E+02   0.1914701E+02   0.2356927E+02   0.2234224E+02   0.2104688E+02  -0.9990001E+03   0.1120205E+02   0.1126120E+02   0.9740105E+01   0.1006671E+02   0.2803246E+02
   0.7500000E+02   0.2076892E+02   0.1915063E+02   0.2356862E+02   0.2234415E+02   0.2104869E+02  -0.9990001E+03   0.1120074E+02   0.1126021E+02   0.9740718E+01   0.1006697E+02   0.2805105E+02
   0.7600000E+02   0.2077642E+02   0.1915433E+02   0.2356798E+02   0.2234607E+02   0.2105050E+02  -0.9990001E+03   0.1119944E+02   0.1125922E+02   0.9741330E+01   0.1006724E+02   0.2807052E+02
   0.7700000E+02   0.2078421E+02   0.1915816E+02   0.2356733E+02   0.2234798E+02   0.2105231E+02  -0.9990001E+03   0.1119813E+02   0.1125823E+02   0.9741940E+01   0.1006750E+02   0.2808495E+02
   0.7800000E+02   0.2079167E+02   0.1916183E+02   0.2356667E+02   0.2234989E+02   0.2105412E+02  -0.9990001E+03   0.1119683E+02   0.1125725E+02   0.9742548E+01   0.1006776E+02   0.2809812E+02
   0.7900000E+02   0.2079832E+02   0.1916516E+02   0.2356601E+02   0.2235180E+02   0.2105592E+02  -0.9990001E+03   0.1119553E+02   0.1125627E+02   0.9743155E+01   0.1006803E+02   0.2811024E+02
   0.8000000E+02   0.2080403E+02   0.1916808E+02   0.2356535E+02   0.2235371E+02   0.2105773E+02  -0.9990001E+03   0.1119422E+02   0.1125528E+02   0.9743762E+01   0.1006829E+02   0.2812148E+02
   0.8100000E+02   0.2080885E+02   0.1917061E+02   0.2356469E+02   0.2235561E+02   0.2105953E+02  -0.9990001E+03   0.1119292E+02   0.1125430E+02   0.9744367E+01   0.1006855E+02   0.2813195E+02
   0.8200000E+02   0.2081289E+02   0.1917280E+02   0.2403644E+02   0.2235752E+02   0.2106133E+02  -0.9990001E+03   0.1119161E+02   0.1125332E+02   0.9744969E+01   0.1006881E+02   0.2814176E+02
   0.8300000E+02   0.2081628E+02   0.1917469E+02   0.2439349E+02   0.2235942E+02   0.2106313E+02  -0.9990001E+03   0.1119031E+02   0.1125234E+02   0.9745571E+01   0.1006907E+02   0.2815099E+02
   0.8400000E+02   0.2081914E+02   0.1917635E+02   0.2466108E+02   0.2236132E+02   0.2106493E+02  -0.9990001E+03   0.1118901E+02   0.1125136E+02   0.9746171E+01   0.1006933E+02   0.2815971E+02
   0.8500000E+02   0.2082156E+02   0.1917780E+02   0.2486366E+02   0.2236322E+02   0.2106673E+02  -0.9990001E+03   0.1118771E+02   0.1125038E+02   0.9746769E+01   0.1006959E+02   0.2816796E+02
   0.8600000E+02   0.2082361E+02   0.1917909E+02   0.2501760E+02   0.2236512E+02   0.2106853E+02  -0.9990001E+03   0.1118640E+02   0.1124940E+02   0.9747366E+01   0.1006985E+02   0.2817580E+02
   0.8700000E+02   0.2082538E+02   0.1918024E+02   0.2513526E+02   0.2236702E+02   0.2107033E+02  -0.9990001E+03   0.1118510E+02   0.1124842E+02   0.9747961E+01   0.1007010E+02   0.2818327E+02
   0.8800000E+02   0.2082691E+02   0.1918129E+02   0.2522580E+02   0.2236892E+02   0.2107213E+02  -0.9990001E+03   0.1118380E+02   0.1124744E+02   0.9748555E+01   0.1007036E+02   0.2819040E+02
   0.8900000E+02   0.2082825E+02   0.1918224E+02   0.2529593E+02   0.2237082E+02   0.2107392E+02  -0.9990001E+03   0.1118250E+02   0.1124646E+02   0.9749146E+01   0.1007061E+02   0.2819723E+02
   0.9000000E+02   0.2082943E+02   0.1918313E+02   0.2535032E+02   0.2237271E+02   0.2107572E+02  -0.9990001E+03   0.1118120E+02   0.1124549E+02   0.9749736E+01   0.1007087E+02   0.2820377E+02
   0.9100000E+02   0.2083047E+02   0.1918395E+02   0.2539272E+02   0.2237461E+02   0.2107751E+02  -0.9990001E+03   0.1117989E+02   0.1124451E+02   0.9750325E+01   0.1007112E+02   0.2821006E+02
   0.9200000E+02   0.2083142E+02   0.1918473E+02   0.2542587E+02   0.2237650E+02   0.2107930E+02  -0.9990001E+03   0.1117859E+02   0.1124354E+02   0.9750913E+01   0.1007138E+02   0.2821611E+02
   0.9300000E+02   0.2083228E+02   0.1918547E+02   0.2545232E+02   0.2237840E+02   0.2108109E+02  -0.9990001E+03   0.1117729E+02   0.1124257E+02   0.9751499E+01   0.1007163E+02   0.2822261E+02
   0.9400000E+02   0.2083331E+02   0.1918628E+02   0.2547337E+02   0.2238029E+02   0.2108289E+02  -0.9990001E+03   0.1117599E+02   0.1124159E+02   0.9752084E+01   0.1007188E+02   0.2822887E+02
   0.9500000E+02   0.2083454E+02   0.1918718E+02   0.2549011E+02   0.2238218E+02   0.2108773E+02  -0.9990001E+03   0.1117469E+02   0.1124062E+02   0.9752666E+01   0.1007213E+02   0.2823632E+02
   0.9600000E+02   0.2083600E+02   0.1918816E+02   0.2550392E+02   0.2238407E+02   0.2109322E+02  -0.9990001E+03   0.1117339E+02   0.1123965E+02   0.9753250E+01   0.1007238E+02   0.2824201E+02
   0.9700000E+02   0.2083752E+02   0.1918916E+02   0.2551533E+02   0.2238596E+02   0.2109875E+02  -0.9990001E+03   0.1117209E+02   0.1123868E+02   0.9753830E+01   0.1007263E+02   0.2824763E+02
   0.9800000E+02   0.2083901E+02   0.1919011E+02   0.2552481E+02   0.2238785E+02   0.2110396E+02  -0.9990001E+03   0.1117079E+02   0.1123771E+02   0.9754410E+01   0.1007288E+02   0.2825604E+02
   0.9900000E+02   0.2084043E+02   0.1919102E+02   0.2553275E+02   0.2238973E+02   0.2110869E+02  -0.9990001E+03   0.1116949E+02   0.1123674E+02   0.9754987E+01   0.1007312E+02   0.2826157E+02
   0.1000000E+03   0.2084176E+02   0.1919187E+02   0.2553949E+02   0.2239161E+02   0.2111294E+02  -0.9990001E+03   0.1116819E+02   0.1123577E+02   0.9755563E+01   0.1007337E+02   0.2826706E+02
   0.1010000E+03   0.2084302E+02   0.1919267E+02   0.2554529E+02   0.2239350E+02   0.2111677E+02  -0.9990001E+03   0.1116690E+02   0.1123480E+02   0.9756138E+01   0.1007362E+02   0.2827251E+02
   0.1020000E+03   0.2084423E+02   0.1919343E+02   0.2555035E+02   0.2239538E+02   0.2112022E+02  -0.9990001E+03   0.1116560E+02   0.1123384E+02   0.9756711E+01   0.1007386E+02   0.2827792E+02
   0.1030000E+03   0.2084539E+02   0.1919415E+02   0.2555483E+02   0.2239726E+02   0.2112338E+02  -0.9990001E+03   0.1116430E+02   0.1123287E+02   0.9757282E+01   0.1007411E+02   0.2828328E+02
   0.1040000E+03   0.2084651E+02   0.1919485E+02   0.2555884E+02   0.2239915E+02   0.2112629E+02  -0.9990001E+03   0.1116300E+02   0.1123191E+02   0.9757853E+01   0.1007435E+02   0.2828860E+02
   0.1050000E+03   0.2084759E+02   0.1919553E+02   0.2556252E+02   0.2240103E+02   0.2112899E+02  -0.9990001E+03   0.1116171E+02   0.1123094E+02   0.9758422E+01   0.1007459E+02   0.2829432E+02
   0.1060000E+03   0.2084865E+02   0.1919619E+02   0.2556602E+02   0.2240291E+02   0.2113153E+02  -0.9990001E+03   0.1116041E+02   0.1122998E+02   0.9758989E+01   0.1007483E+02   0.2829953E+02
   0.1070000E+03   0.2084969E+02   0.1919683E+02   0.2556945E+02   0.2240479E+02   0.2113393E+02  -0.9990001E+03   0.1115911E+02   0.1122902E+02   0.9759554E+01   0.1007508E+02   0.2830469E+02
   0.1080000E+03   0.2085071E+02   0.1919745E+02   0.2557289E+02   0.2240666E+02   0.2113622E+02  -0.9990001E+03   0.1115782E+02   0.1122806E+02   0.9760118E+01   0.1007532E+02   0.2830980E+02
   0.1090000E+03   0.2085171E+02   0.1919807E+02   0.2557633E+02   0.2240854E+02   0.2113842E+02  -0.9990001E+03   0.1115652E+02   0.1122710E+02   0.9760680E+01   0.1007556E+02   0.2831486E+02
   0.1100000E+03   0.2085270E+02   0.1919868E+02   0.2557981E+02   0.2241041E+02   0.2114054E+02  -0.9990001E+03   0.1115522E+02   0.1122614E+02   0.9761243E+01   0.1007579E+02   0.2831987E+02
   0.1110000E+03   0.2085368E+02   0.1919928E+02   0.2558332E+02   0.2241228E+02   0.2114260E+02  -0.9990001E+03   0.1115393E+02   0.1122518E+02   0.9761804E+01   0.1007603E+02   0.2832483E+02
   0.1120000E+03   0.2085465E+02   0.1919988E+02   0.2558685E+02   0.2241415E+02   0.2114461E+02  -0.9990001E+03   0.1115263E+02   0.1122422E+02   0.9762362E+01   0.1007627E+02   0.2832975E+02
   0.1130000E+03   0.2085561E+02   0.1920047E+02   0.2559039E+02   0.2241602E+02   0.2114658E+02  -0.9990001E+03   0.1115134E+02   0.1122326E+02   0.9762919E+01   0.1007651E+02   0.2833462E+02
   0.1140000E+03   0.2085657E+02   0.1920106E+02   0.2559395E+02   0.2241789E+02   0.2114851E+02  -0.9990001E+03   0.1115004E+02   0.1122230E+02   0.9763475E+01   0.1007674E+02   0.2833945E+02
   0.1150000E+03   0.2085752E+02   0.1920164E+02   0.2559753E+02   0.2241976E+02   0.2115042E+02  -0.9990001E+03   0.1114875E+02   0.1122135E+02   0.9764030E+01   0.1007698E+02   0.2834423E+02
   0.1160000E+03   0.2085846E+02   0.1920223E+02   0.2560110E+02   0.2242163E+02   0.2115230E+02  -0.9990001E+03   0.1114745E+02   0.1122039E+02   0.9764583E+01   0.1007721E+02   0.2834897E+02
   0.1170000E+03   0.2085943E+02   0.1920282E+02   0.2560476E+02   0.2242349E+02   0.2115443E+02  -0.9990001E+03   0.1114616E+02   0.1121943E+02   0.9765135E+01   0.1007745E+02   0.2835751E+02
   0.1180000E+03   0.2086044E+02   0.1920342E+02   0.2560789E+02   0.2242536E+02   0.2115678E+02  -0.9990001E+03   0.1114487E+02   0.1121848E+02   0.9765686E+01   0.1007768E+02   0.2836550E+02
   0.1190000E+03   0.2086147E+02   0.1920403E+02   0.2561069E+02   0.2242723E+02   0.2115920E+02  -0.9990001E+03   0.1114357E+02   0.1121753E+02   0.9766234E+01   0.1007791E+02   0.2837587E+02
   0.1200000E+03   0.2086252E+02   0.1920464E+02   0.2561329E+02   0.2242909E+02   0.2116158E+02  -0.9990001E+03   0.1114228E+02   0.1121657E+02   0.9766783E+01   0.1007815E+02   0.2838274E+02
   0.1210000E+03   0.2086359E+02   0.1920525E+02   0.2561566E+02   0.2243095E+02   0.2116388E+02  -0.9990001E+03   0.1114099E+02   0.1121562E+02   0.9767327E+01   0.1007838E+02   0.2838837E+02
   0.1220000E+03   0.2086468E+02   0.1920585E+02   0.2561832E+02   0.2243281E+02   0.2116608E+02  -0.9990001E+03   0.1113969E+02   0.1121467E+02   0.9767872E+01   0.1007861E+02   0.2839674E+02
   0.1230000E+03   0.2086578E+02   0.1920645E+02   0.2562090E+02   0.2243467E+02   0.2116821E+02  -0.9990001E+03   0.1113840E+02   0.1121372E+02   0.9768414E+01   0.1007884E+02   0.2840387E+02
   0.1240000E+03   0.2086691E+02   0.1920706E+02   0.2562393E+02   0.2243653E+02   0.2117028E+02  -0.9990001E+03   0.1113711E+02   0.1121277E+02   0.9768957E+01   0.1007907E+02   0.2842954E+02
   0.1250000E+03   0.2086804E+02   0.1920765E+02   0.2562716E+02   0.2243838E+02   0.2117229E+02  -0.9990001E+03   0.1113582E+02   0.1121182E+02   0.9769497E+01   0.1007930E+02   0.2843338E+02
   0.1260000E+03   0.2086917E+02   0.1920825E+02   0.2563122E+02   0.2244024E+02   0.2117427E+02  -0.9990001E+03   0.1113453E+02   0.1121087E+02   0.9770037E+01   0.1007953E+02   0.2843718E+02
   0.1270000E+03   0.2087032E+02   0.1920885E+02   0.2563489E+02   0.2244209E+02   0.2117620E+02  -0.9990001E+03   0.1113323E+02   0.1120992E+02   0.9770576E+01   0.1007975E+02   0.2844459E+02
   0.1280000E+03   0.2087147E+02   0.1920944E+02   0.2563919E+02   0.2244394E+02   0.2117811E+02  -0.9990001E+03   0.1113194E+02   0.1120897E+02   0.9771111E+01   0.1007998E+02   0.2844833E+02
   0.1290000E+03   0.2087263E+02   0.1921004E+02   0.2564319E+02   0.2244579E+02   0.2118019E+02  -0.9990001E+03   0.1113065E+02   0.1120803E+02   0.9771646E+01   0.1008020E+02   0.2845202E+02
   0.1300000E+03   0.2087379E+02   0.1921064E+02   0.2564717E+02   0.2244764E+02   0.2118325E+02  -0.9990001E+03   0.1112936E+02   0.1120708E+02   0.9772179E+01   0.1008043E+02   0.2845625E+02
   0.1310000E+03   0.2087497E+02   0.1921124E+02   0.2565108E+02   0.2244948E+02   0.2118726E+02  -0.9990001E+03   0.1112807E+02   0.1120613E+02   0.9772711E+01   0.1008066E+02   0.2846024E+02
   0.1320000E+03   0.2087618E+02   0.1921184E+02   0.2565493E+02   0.2245133E+02   0.2119164E+02  -0.9990001E+03   0.1112678E+02   0.1120519E+02   0.9773242E+01   0.1008088E+02   0.2846407E+02
   0.1330000E+03   0.2087741E+02   0.1921244E+02   0.2565870E+02   0.2245318E+02   0.2119593E+02  -0.9990001E+03   0.1112549E+02   0.1120425E+02   0.9773772E+01   0.1008111E+02   0.2846826E+02
   0.1340000E+03   0.2087866E+02   0.1921305E+02   0.2566237E+02   0.2245503E+02   0.2119991E+02  -0.9990001E+03   0.1112421E+02   0.1120331E+02   0.9774300E+01   0.1008133E+02   0.2847267E+02
   0.1350000E+03   0.2087992E+02   0.1921365E+02   0.2566604E+02   0.2245688E+02   0.2120354E+02  -0.9990001E+03   0.1112292E+02   0.1120236E+02   0.9774827E+01   0.1008155E+02   0.2847721E+02
   0.1360000E+03   0.2088120E+02   0.1921426E+02   0.2566971E+02   0.2245872E+02   0.2120684E+02  -0.9990001E+03   0.1112163E+02   0.1120142E+02   0.9775352E+01   0.1008177E+02   0.2849905E+02
   0.1370000E+03   0.2088250E+02   0.1921487E+02   0.2567337E+02   0.2246057E+02   0.2120987E+02  -0.9990001E+03   0.1112034E+02   0.1120049E+02   0.9775877E+01   0.1008199E+02   0.2850201E+02
   0.1380000E+03   0.2088379E+02   0.1921547E+02   0.2567701E+02   0.2246241E+02   0.2121267E+02  -0.9990001E+03   0.1111905E+02   0.1119955E+02   0.9776399E+01   0.1008221E+02   0.2850699E+02
   0.1390000E+03   0.2088510E+02   0.1921608E+02   0.2568057E+02   0.2246425E+02   0.2121528E+02  -0.9990001E+03   0.1111776E+02   0.1119861E+02   0.9776921E+01   0.1008243E+02   0.2851029E+02
   0.1400000E+03   0.2088641E+02   0.1921669E+02   0.2568413E+02   0.2246609E+02   0.2121774E+02  -0.9990001E+03   0.1111648E+02   0.1119767E+02   0.9777441E+01   0.1008265E+02   0.2851701E+02
   0.1410000E+03   0.2088772E+02   0.1921730E+02   0.2568768E+02   0.2246793E+02   0.2122008E+02  -0.9990001E+03   0.1111519E+02   0.1119674E+02   0.9777959E+01   0.1008287E+02   0.2852016E+02
   0.1420000E+03   0.2088903E+02   0.1921791E+02   0.2569122E+02   0.2246977E+02   0.2122231E+02  -0.9990001E+03   0.1111390E+02   0.1119580E+02   0.9778477E+01   0.1008309E+02   0.2852371E+02
   0.1430000E+03   0.2089035E+02   0.1921851E+02   0.2569476E+02   0.2247161E+02   0.2122446E+02  -0.9990001E+03   0.1111262E+02   0.1119487E+02   0.9778993E+01   0.1008330E+02   0.2852043E+02
   0.1440000E+03   0.2089167E+02   0.1921911E+02   0.2569830E+02   0.2247344E+02   0.2122654E+02  -0.9990001E+03   0.1111133E+02   0.1119393E+02   0.9779507E+01   0.1008352E+02   0.2851780E+02
   0.1450000E+03   0.2089298E+02   0.1921972E+02   0.2570172E+02   0.2247528E+02   0.2122857E+02  -0.9990001E+03   0.1111004E+02   0.1119300E+02   0.9780021E+01   0.1008374E+02   0.2851549E+02
   0.1460000E+03   0.2089432E+02   0.1922032E+02   0.2570507E+02   0.2247711E+02   0.2123055E+02  -0.9990001E+03   0.1110876E+02   0.1119207E+02   0.9780533E+01   0.1008395E+02   0.2851324E+02
   0.1470000E+03   0.2089566E+02   0.1922093E+02   0.2570835E+02   0.2247894E+02   0.2123248E+02  -0.9990001E+03   0.1110747E+02   0.1119114E+02   0.9781042E+01   0.1008417E+02   0.2851034E+02
   0.1480000E+03   0.2089701E+02   0.1922153E+02   0.2571159E+02   0.2248077E+02   0.2123439E+02  -0.9990001E+03   0.1110619E+02   0.1119020E+02   0.9781552E+01   0.1008438E+02   0.2850764E+02
   0.1490000E+03   0.2089837E+02   0.1922214E+02   0.2571478E+02   0.2248260E+02   0.2123628E+02  -0.9990001E+03   0.1110490E+02   0.1118927E+02   0.9782060E+01   0.1008459E+02   0.2850461E+02
   0.1500000E+03   0.2089975E+02   0.1922275E+02   0.2571797E+02   0.2248443E+02   0.2123814E+02  -0.9990001E+03   0.1110361E+02   0.1118834E+02   0.9782567E+01   0.1008480E+02   0.2850181E+02
   0.1510000E+03   0.2090113E+02   0.1922335E+02   0.2572116E+02   0.2248625E+02   0.2123998E+02  -0.9990001E+03   0.1110233E+02   0.1118741E+02   0.9783072E+01   0.1008502E+02   0.2849893E+02
   0.1520000E+03   0.2090251E+02   0.1922396E+02   0.2572435E+02   0.2248808E+02   0.2124182E+02  -0.9990001E+03   0.1110105E+02   0.1118648E+02   0.9783576E+01   0.1008523E+02   0.2849613E+02
   0.1530000E+03   0.2090390E+02   0.1922456E+02   0.2572755E+02   0.2248990E+02   0.2124363E+02  -0.9990001E+03   0.1109976E+02   0.1118555E+02   0.9784079E+01   0.1008544E+02   0.2849314E+02
   0.1540000E+03   0.2090529E+02   0.1922517E+02   0.2573076E+02   0.2249172E+02   0.2124544E+02  -0.9990001E+03   0.1109848E+02   0.1118463E+02   0.9784579E+01   0.1008565E+02   0.2849044E+02
   0.1550000E+03   0.2090668E+02   0.1922578E+02   0.2573398E+02   0.2249355E+02   0.2124724E+02  -0.9990001E+03   0.1109720E+02   0.1118370E+02   0.9785080E+01   0.1008586E+02   0.2848761E+02
   0.1560000E+03   0.2090808E+02   0.1922639E+02   0.2573721E+02   0.2249537E+02   0.2124903E+02  -0.9990001E+03   0.1109591E+02   0.1118277E+02   0.9785579E+01   0.1008607E+02   0.2848487E+02
   0.1570000E+03   0.2090947E+02   0.1922700E+02   0.2574044E+02   0.2249719E+02   0.2125082E+02  -0.9990001E+03   0.1109463E+02   0.1118185E+02   0.9786077E+01   0.1008628E+02   0.2848206E+02
   0.1580000E+03   0.2091087E+02   0.1922760E+02   0.2574367E+02   0.2249901E+02   0.2125260E+02  -0.9990001E+03   0.1109335E+02   0.1118092E+02   0.9786573E+01   0.1008648E+02   0.2847925E+02
   0.1590000E+03   0.2091226E+02   0.1922820E+02   0.2574692E+02   0.2250083E+02   0.2125438E+02  -0.9990001E+03   0.1109207E+02   0.1118000E+02   0.9787068E+01   0.1008669E+02   0.2847644E+02
   0.1600000E+03   0.2091366E+02   0.1922881E+02   0.2575015E+02   0.2250265E+02   0.2125615E+02  -0.9990001E+03   0.1109078E+02   0.1117908E+02   0.9787560E+01   0.1008690E+02   0.2847352E+02
   0.1610000E+03   0.2091505E+02   0.1922941E+02   0.2575340E+02   0.2250447E+02   0.2125792E+02  -0.9990001E+03   0.1108950E+02   0.1117815E+02   0.9788054E+01   0.1008710E+02   0.2847083E+02
   0.1620000E+03   0.2091644E+02   0.1923002E+02   0.2575664E+02   0.2250628E+02   0.2125969E+02  -0.9990001E+03   0.1108822E+02   0.1117723E+02   0.9788545E+01   0.1008731E+02   0.2846790E+02
   0.1630000E+03   0.2091782E+02   0.1923062E+02   0.2575988E+02   0.2250809E+02   0.2126146E+02  -0.9990001E+03   0.1108694E+02   0.1117631E+02   0.9789035E+01   0.1008751E+02   0.2846508E+02
   0.1640000E+03   0.2091921E+02   0.1923122E+02   0.2576312E+02   0.2250991E+02   0.2126322E+02  -0.9990001E+03   0.1108566E+02   0.1117539E+02   0.9789524E+01   0.1008771E+02   0.2846199E+02
   0.1650000E+03   0.2092059E+02   0.1923182E+02   0.2576635E+02   0.2251171E+02   0.2126498E+02  -0.9990001E+03   0.1108438E+02   0.1117447E+02   0.9790011E+01   0.1008792E+02   0.2845914E+02
   0.1660000E+03   0.2092197E+02   0.1923243E+02   0.2576957E+02   0.2251353E+02   0.2126674E+02  -0.9990001E+03   0.1108310E+02   0.1117355E+02   0.9790498E+01   0.1008812E+02   0.2845630E+02
   0.1670000E+03   0.2092336E+02   0.1923303E+02   0.2577280E+02   0.2251534E+02   0.2126850E+02  -0.9990001E+03   0.1108182E+02   0.1117263E+02   0.9790981E+01   0.1008832E+02   0.2845353E+02
   0.1680000E+03   0.2092474E+02   0.1923363E+02   0.2577602E+02   0.2251715E+02   0.2127026E+02  -0.9990001E+03   0.1108055E+02   0.1117172E+02   0.9791465E+01   0.1008852E+02   0.2845098E+02
   0.1690000E+03   0.2092612E+02   0.1923424E+02   0.2577922E+02   0.2251896E+02   0.2127202E+02  -0.9990001E+03   0.1107927E+02   0.1117080E+02   0.9791946E+01   0.1008872E+02   0.2844796E+02
   0.1700000E+03   0.2092749E+02   0.1923484E+02   0.2578243E+02   0.2252077E+02   0.2127377E+02  -0.9990001E+03   0.1107799E+02   0.1116988E+02   0.9792428E+01   0.1008892E+02   0.2844533E+02
   0.1710000E+03   0.2092887E+02   0.1923545E+02   0.2578563E+02   0.2252258E+02   0.2127553E+02  -0.9990001E+03   0.1107671E+02   0.1116896E+02   0.9792909E+01   0.1008912E+02   0.2844242E+02
   0.1720000E+03   0.2093024E+02   0.1923605E+02   0.2578881E+02   0.2252438E+02   0.2127728E+02  -0.9990001E+03   0.1107544E+02   0.1116805E+02   0.9793387E+01   0.1008932E+02   0.2843961E+02
   0.1730000E+03   0.2093161E+02   0.1923666E+02   0.2579196E+02   0.2252619E+02   0.2127904E+02  -0.9990001E+03   0.1107416E+02   0.1116713E+02   0.9793865E+01   0.1008952E+02   0.2843672E+02
   0.1740000E+03   0.2093298E+02   0.1923726E+02   0.2579508E+02   0.2252799E+02   0.2128079E+02  -0.9990001E+03   0.1107288E+02   0.1116622E+02   0.9794340E+01   0.1008971E+02   0.2843397E+02
   0.1750000E+03   0.2093435E+02   0.1923787E+02   0.2579817E+02   0.2252980E+02   0.2128254E+02  -0.9990001E+03   0.1107161E+02   0.1116530E+02   0.9794815E+01   0.1008991E+02   0.2843116E+02
   0.1760000E+03   0.2093572E+02   0.1923848E+02   0.2580123E+02   0.2253160E+02   0.2128429E+02  -0.9990001E+03   0.1107033E+02   0.1116439E+02   0.9795289E+01   0.1009011E+02   0.2842843E+02
   0.1770000E+03   0.2093708E+02   0.1923908E+02   0.2580427E+02   0.2253341E+02   0.2128603E+02  -0.9990001E+03   0.1106906E+02   0.1116348E+02   0.9795761E+01   0.1009030E+02   0.2842554E+02
   0.1780000E+03   0.2093844E+02   0.1923969E+02   0.2580727E+02   0.2253521E+02   0.2128778E+02  -0.9990001E+03   0.1106778E+02   0.1116256E+02   0.9796233E+01   0.1009050E+02   0.2842285E+02
   0.1790000E+03   0.2093980E+02   0.1924029E+02   0.2581026E+02   0.2253701E+02   0.2128953E+02  -0.9990001E+03   0.1106651E+02   0.1116165E+02   0.9796704E+01   0.1009069E+02   0.2841989E+02
   0.1800000E+03   0.2094115E+02   0.1924089E+02   0.2581321E+02   0.2253881E+02   0.2129128E+02  -0.9990001E+03   0.1106523E+02   0.1116074E+02   0.9797174E+01   0.1009088E+02   0.2841709E+02
   0.1810000E+03   0.2094251E+02   0.1924150E+02   0.2581614E+02   0.2254060E+02   0.2129302E+02  -0.9990001E+03   0.1106396E+02   0.1115983E+02   0.9797641E+01   0.1009108E+02   0.2841426E+02
   0.1820000E+03   0.2094386E+02   0.1924211E+02   0.2581905E+02   0.2254239E+02   0.2129477E+02  -0.9990001E+03   0.1106269E+02   0.1115892E+02   0.9798107E+01   0.1009127E+02   0.2841147E+02
   0.1830000E+03   0.2094521E+02   0.1924272E+02   0.2582192E+02   0.2254419E+02   0.2129651E+02  -0.9990001E+03   0.1106141E+02   0.1115801E+02   0.9798572E+01   0.1009146E+02   0.2840886E+02
   0.1840000E+03   0.2094656E+02   0.1924332E+02   0.2582478E+02   0.2254598E+02   0.2129825E+02  -0.9990001E+03   0.1106014E+02   0.1115710E+02   0.9799035E+01   0.1009165E+02   0.2840589E+02
   0.1850000E+03   0.2094790E+02   0.1924393E+02   0.2582761E+02   0.2254777E+02   0.2130000E+02  -0.9990001E+03   0.1105887E+02   0.1115619E+02   0.9799498E+01   0.1009184E+02   0.2840316E+02
   0.1860000E+03   0.2094924E+02   0.1924454E+02   0.2583040E+02   0.2254956E+02   0.2130174E+02  -0.9990001E+03   0.1105760E+02   0.1115528E+02   0.9799959E+01   0.1009203E+02   0.2840039E+02
   0.1870000E+03   0.2095058E+02   0.1924514E+02   0.2583317E+02   0.2255135E+02   0.2130348E+02  -0.9990001E+03   0.1105633E+02   0.1115438E+02   0.9800420E+01   0.1009222E+02   0.2839762E+02
   0.1880000E+03   0.2095192E+02   0.1924575E+02   0.2583589E+02   0.2255315E+02   0.2130522E+02  -0.9990001E+03   0.1105505E+02   0.1115347E+02   0.9800879E+01   0.1009241E+02   0.2839519E+02
   0.1890000E+03   0.2095326E+02   0.1924636E+02   0.2583858E+02   0.2255494E+02   0.2130695E+02  -0.9990001E+03   0.1105378E+02   0.1115256E+02   0.9801335E+01   0.1009260E+02   0.2839181E+02
   0.1900000E+03   0.2095460E+02   0.1924696E+02   0.2584124E+02   0.2255673E+02   0.2130869E+02  -0.9990001E+03   0.1105251E+02   0.1115166E+02   0.9801792E+01   0.1009279E+02   0.2838912E+02
   0.1910000E+03   0.2095593E+02   0.1924757E+02   0.2584387E+02   0.2255851E+02   0.2131043E+02  -0.9990001E+03   0.1105124E+02   0.1115075E+02   0.9802247E+01   0.1009298E+02   0.2838624E+02
   0.1920000E+03   0.2095726E+02   0.1924817E+02   0.2584646E+02   0.2256030E+02   0.2131216E+02  -0.9990001E+03   0.1104997E+02   0.1114985E+02   0.9802703E+01   0.1009317E+02   0.2838350E+02
   0.1930000E+03   0.2095859E+02   0.1924878E+02   0.2584904E+02   0.2256208E+02   0.2131390E+02  -0.9990001E+03   0.1104870E+02   0.1114894E+02   0.9803157E+01   0.1009336E+02   0.2838085E+02
   0.1940000E+03   0.2095992E+02   0.1924938E+02   0.2585160E+02   0.2256387E+02   0.2131563E+02  -0.9990001E+03   0.1104743E+02   0.1114804E+02   0.9803608E+01   0.1009354E+02   0.2837805E+02
   0.1950000E+03   0.2096124E+02   0.1924999E+02   0.2585415E+02   0.2256565E+02   0.2131736E+02  -0.9990001E+03   0.1104617E+02   0.1114714E+02   0.9804057E+01   0.1009373E+02   0.2837498E+02
   0.1960000E+03   0.2096257E+02   0.1925059E+02   0.2585670E+02   0.2256743E+02   0.2131910E+02  -0.9990001E+03   0.1104490E+02   0.1114624E+02   0.9804506E+01   0.1009391E+02   0.2837230E+02
   0.1970000E+03   0.2096389E+02   0.1925120E+02   0.2585924E+02   0.2256921E+02   0.2132082E+02  -0.9990001E+03   0.1104363E+02   0.1114533E+02   0.9804954E+01   0.1009410E+02   0.2836946E+02
   0.1980000E+03   0.2096520E+02   0.1925180E+02   0.2586178E+02   0.2257099E+02   0.2132255E+02  -0.9990001E+03   0.1104236E+02   0.1114443E+02   0.9805401E+01   0.1009428E+02   0.2836669E+02
   0.1990000E+03   0.2096652E+02   0.1925241E+02   0.2586428E+02   0.2257276E+02   0.2132429E+02  -0.9990001E+03   0.1104109E+02   0.1114353E+02   0.9805847E+01   0.1009447E+02   0.2836401E+02
   0.2000000E+03   0.2096783E+02   0.1925302E+02   0.2586672E+02   0.2257454E+02   0.2132602E+02  -0.9990001E+03   0.1103983E+02   0.1114263E+02   0.9806292E+01   0.1009465E+02   0.2836124E+02
   0.2010000E+03   0.2096914E+02   0.1925363E+02   0.2586911E+02   0.2257632E+02   0.2132775E+02  -0.9990001E+03   0.1103856E+02   0.1114173E+02   0.9806736E+01   0.1009483E+02   0.2835872E+02
   0.2020000E+03   0.2097045E+02   0.1925423E+02   0.2587148E+02   0.2257809E+02   0.2132947E+02  -0.9990001E+03   0.1103730E+02   0.1114083E+02   0.9807178E+01   0.1009501E+02   0.2835594E+02
   0.2030000E+03   0.2097177E+02   0.1925484E+02   0.2587385E+02   0.2257987E+02   0.2133120E+02  -0.9990001E+03   0.1103603E+02   0.1113994E+02   0.9807618E+01   0.1009520E+02   0.2835312E+02
   0.2040000E+03   0.2097310E+02   0.1925545E+02   0.2587623E+02   0.2258164E+02   0.2133292E+02  -0.9990001E+03   0.1103477E+02   0.1113904E+02   0.9808060E+01   0.1009538E+02   0.2834992E+02
   0.2050000E+03   0.2097445E+02   0.1925606E+02   0.2587864E+02   0.2258341E+02   0.2133465E+02  -0.9990001E+03   0.1103350E+02   0.1113814E+02   0.9808497E+01   0.1009556E+02   0.2834754E+02
   0.2060000E+03   0.2097581E+02   0.1925666E+02   0.2588111E+02   0.2258518E+02   0.2133637E+02  -0.9990001E+03   0.1103224E+02   0.1113725E+02   0.9808936E+01   0.1009574E+02   0.2834416E+02
   0.2070000E+03   0.2097718E+02   0.1925727E+02   0.2588358E+02   0.2258695E+02   0.2133809E+02  -0.9990001E+03   0.1103097E+02   0.1113635E+02   0.9809373E+01   0.1009592E+02   0.2834168E+02
   0.2080000E+03   0.2097856E+02   0.1925788E+02   0.2588607E+02   0.2258872E+02   0.2133982E+02  -0.9990001E+03   0.1102971E+02   0.1113545E+02   0.9809809E+01   0.1009610E+02   0.2833896E+02
   0.2090000E+03   0.2097996E+02   0.1925849E+02   0.2588858E+02   0.2259049E+02   0.2134154E+02  -0.9990001E+03   0.1102844E+02   0.1113456E+02   0.9810243E+01   0.1009627E+02   0.2833606E+02
   0.2100000E+03   0.2098137E+02   0.1925910E+02   0.2589110E+02   0.2259225E+02   0.2134326E+02  -0.9990001E+03   0.1102718E+02   0.1113366E+02   0.9810674E+01   0.1009645E+02   0.2833318E+02
   0.2110000E+03   0.2098280E+02   0.1925971E+02   0.2589361E+02   0.2259402E+02   0.2134498E+02  -0.9990001E+03   0.1102592E+02   0.1113277E+02   0.9811106E+01   0.1009663E+02   0.2833023E+02
   0.2120000E+03   0.2098424E+02   0.1926031E+02   0.2589610E+02   0.2259579E+02   0.2134670E+02  -0.9990001E+03   0.1102465E+02   0.1113188E+02   0.9811537E+01   0.1009681E+02   0.2832740E+02
   0.2130000E+03   0.2098569E+02   0.1926092E+02   0.2589862E+02   0.2259755E+02   0.2134842E+02  -0.9990001E+03   0.1102339E+02   0.1113098E+02   0.9811965E+01   0.1009698E+02   0.2832457E+02
   0.2140000E+03   0.2098715E+02   0.1926154E+02   0.2590112E+02   0.2259931E+02   0.2135014E+02  -0.9990001E+03   0.1102213E+02   0.1113009E+02   0.9812393E+01   0.1009716E+02   0.2832212E+02
   0.2150000E+03   0.2098861E+02   0.1926215E+02   0.2590359E+02   0.2260107E+02   0.2135186E+02  -0.9990001E+03   0.1102087E+02   0.1112920E+02   0.9812820E+01   0.1009734E+02   0.2831951E+02
   0.2160000E+03   0.2099009E+02   0.1926275E+02   0.2590611E+02   0.2260283E+02   0.2135358E+02  -0.9990001E+03   0.1101961E+02   0.1112831E+02   0.9813248E+01   0.1009751E+02   0.2831642E+02
   0.2170000E+03   0.2099157E+02   0.1926336E+02   0.2590862E+02   0.2260459E+02   0.2135530E+02  -0.9990001E+03   0.1101835E+02   0.1112742E+02   0.9813672E+01   0.1009768E+02   0.2831393E+02
   0.2180000E+03   0.2099307E+02   0.1926398E+02   0.2591116E+02   0.2260634E+02   0.2135701E+02  -0.9990001E+03   0.1101709E+02   0.1112652E+02   0.9814096E+01   0.1009786E+02   0.2831115E+02
   0.2190000E+03   0.2099459E+02   0.1926459E+02   0.2591374E+02   0.2260810E+02   0.2135873E+02  -0.9990001E+03   0.1101583E+02   0.1112564E+02   0.9814519E+01   0.1009803E+02   0.2830836E+02
   0.2200000E+03   0.2099611E+02   0.1926520E+02   0.2591642E+02   0.2260986E+02   0.2136044E+02   0.1465498E+02   0.1101457E+02   0.1112475E+02   0.9814940E+01   0.1009820E+02   0.2830500E+02
   0.2210000E+03   0.2099764E+02   0.1926581E+02   0.2591919E+02   0.2261161E+02   0.2136215E+02   0.1893780E+02   0.1101332E+02   0.1112386E+02   0.9815362E+01   0.1009838E+02   0.2830219E+02
   0.2220000E+03   0.2099919E+02   0.1926642E+02   0.2592206E+02   0.2261337E+02   0.2136386E+02   0.2097012E+02   0.1101206E+02   0.1112297E+02   0.9815781E+01   0.1009855E+02   0.2829937E+02
   0.2230000E+03   0.2100073E+02   0.1926703E+02   0.2592502E+02   0.2261512E+02   0.2136558E+02   0.2216086E+02   0.1101080E+02   0.1112208E+02   0.9816199E+01   0.1009872E+02   0.2829655E+02
   0.2240000E+03   0.2100229E+02   0.1926764E+02   0.2592804E+02   0.2261687E+02   0.2136729E+02   0.2294529E+02   0.1100955E+02   0.1112120E+02   0.9816618E+01   0.1009889E+02   0.2829359E+02
   0.2250000E+03   0.2100384E+02   0.1926825E+02   0.2593108E+02   0.2261862E+02   0.2136900E+02   0.2349243E+02   0.1100829E+02   0.1112031E+02   0.9817033E+01   0.1009906E+02   0.2829089E+02
   0.2260000E+03   0.2100539E+02   0.1926886E+02   0.2593414E+02   0.2262037E+02   0.2137071E+02   0.2389275E+02   0.1100703E+02   0.1111943E+02   0.9817448E+01   0.1009923E+02   0.2828822E+02
   0.2270000E+03   0.2100695E+02   0.1926948E+02   0.2593721E+02   0.2262212E+02   0.2137242E+02   0.2419375E+02   0.1100578E+02   0.1111854E+02   0.9817861E+01   0.1009940E+02   0.2828558E+02
   0.2280000E+03   0.2100851E+02   0.1927009E+02   0.2594029E+02   0.2262387E+02   0.2137413E+02   0.2442507E+02   0.1100452E+02   0.1111766E+02   0.9818273E+01   0.1009957E+02   0.2828269E+02
   0.2290000E+03   0.2101007E+02   0.1927070E+02   0.2594338E+02   0.2262562E+02   0.2137584E+02   0.2460613E+02   0.1100327E+02   0.1111677E+02   0.9818685E+01   0.1009974E+02   0.2827966E+02
   0.2300000E+03   0.2101164E+02   0.1927131E+02   0.2594648E+02   0.2262737E+02   0.2137754E+02   0.2474812E+02   0.1100201E+02   0.1111589E+02   0.9819095E+01   0.1009991E+02   0.2827680E+02
   0.2310000E+03   0.2101320E+02   0.1927192E+02   0.2594958E+02   0.2262911E+02   0.2137925E+02   0.2486121E+02   0.1100076E+02   0.1111500E+02   0.9819504E+01   0.1010007E+02   0.2827393E+02
   0.2320000E+03   0.2101477E+02   0.1927254E+02   0.2595269E+02   0.2263086E+02   0.2138095E+02   0.2495135E+02   0.1099950E+02   0.1111412E+02   0.9819912E+01   0.1010024E+02   0.2827122E+02
   0.2330000E+03   0.2101635E+02   0.1927315E+02   0.2595579E+02   0.2263260E+02   0.2138265E+02   0.2502371E+02   0.1099825E+02   0.1111324E+02   0.9820319E+01   0.1010040E+02   0.2826828E+02
   0.2340000E+03   0.2101792E+02   0.1927376E+02   0.2595890E+02   0.2263434E+02   0.2138436E+02   0.2508222E+02   0.1099700E+02   0.1111236E+02   0.9820724E+01   0.1010057E+02   0.2826548E+02
   0.2350000E+03   0.2101949E+02   0.1927437E+02   0.2596200E+02   0.2263608E+02   0.2138606E+02   0.2512952E+02   0.1099574E+02   0.1111148E+02   0.9821130E+01   0.1010073E+02   0.2826268E+02
   0.2360000E+03   0.2102106E+02   0.1927498E+02   0.2596509E+02   0.2263782E+02   0.2138776E+02   0.2516779E+02   0.1099449E+02   0.1111060E+02   0.9821534E+01   0.1010090E+02   0.2825986E+02
   0.2370000E+03   0.2102262E+02   0.1927559E+02   0.2596818E+02   0.2263955E+02   0.2138947E+02   0.2519893E+02   0.1099324E+02   0.1110972E+02   0.9821938E+01   0.1010106E+02   0.2825704E+02
   0.2380000E+03   0.2102419E+02   0.1927621E+02   0.2597125E+02   0.2264129E+02   0.2139117E+02   0.2522429E+02   0.1099199E+02   0.1110884E+02   0.9822339E+01   0.1010123E+02   0.2825423E+02
   0.2390000E+03   0.2102575E+02   0.1927682E+02   0.2597432E+02   0.2264303E+02   0.2139287E+02   0.2524494E+02   0.1099074E+02   0.1110796E+02   0.9822739E+01   0.1010139E+02   0.2825167E+02
   0.2400000E+03   0.2102732E+02   0.1927743E+02   0.2597735E+02   0.2264477E+02   0.2139457E+02   0.2526176E+02   0.1098949E+02   0.1110709E+02   0.9823138E+01   0.1010155E+02   0.2824888E+02
   0.2410000E+03   0.2102888E+02   0.1927804E+02   0.2598036E+02   0.2264650E+02   0.2139627E+02   0.2527556E+02   0.1098824E+02   0.1110621E+02   0.9823537E+01   0.1010172E+02   0.2824610E+02
   0.2420000E+03   0.2103044E+02   0.1927865E+02   0.2598332E+02   0.2264824E+02   0.2139796E+02   0.2528680E+02   0.1098699E+02   0.1110533E+02   0.9823933E+01   0.1010188E+02   0.2824319E+02
   0.2430000E+03   0.2103200E+02   0.1927927E+02   0.2598628E+02   0.2264997E+02   0.2139966E+02   0.2529602E+02   0.1098574E+02   0.1110445E+02   0.9824328E+01   0.1010204E+02   0.2824038E+02
   0.2440000E+03   0.2103356E+02   0.1927988E+02   0.2598923E+02   0.2265170E+02   0.2140135E+02   0.2530355E+02   0.1098449E+02   0.1110358E+02   0.9824723E+01   0.1010220E+02   0.2823746E+02
   0.2450000E+03   0.2103512E+02   0.1928049E+02   0.2599216E+02   0.2265344E+02   0.2140305E+02   0.2530972E+02   0.1098324E+02   0.1110270E+02   0.9825118E+01   0.1010236E+02   0.2823483E+02
   0.2460000E+03   0.2103667E+02   0.1928110E+02   0.2599507E+02   0.2265517E+02   0.2140475E+02   0.2531480E+02   0.1098200E+02   0.1110183E+02   0.9825511E+01   0.1010252E+02   0.2823196E+02
   0.2470000E+03   0.2103822E+02   0.1928172E+02   0.2599797E+02   0.2265690E+02   0.2140644E+02   0.2531897E+02   0.1098075E+02   0.1110095E+02   0.9825903E+01   0.1010268E+02   0.2822917E+02
   0.2480000E+03   0.2103978E+02   0.1928233E+02   0.2600084E+02   0.2265862E+02   0.2140813E+02   0.2532241E+02   0.1097950E+02   0.1110008E+02   0.9826295E+01   0.1010284E+02   0.2822645E+02
   0.2490000E+03   0.2104132E+02   0.1928294E+02   0.2600366E+02   0.2266035E+02   0.2140983E+02   0.2532524E+02   0.1097825E+02   0.1109921E+02   0.9826684E+01   0.1010300E+02   0.2822337E+02
   0.2500000E+03   0.2104287E+02   0.1928356E+02   0.2600645E+02   0.2266207E+02   0.2141152E+02   0.2532756E+02   0.1097701E+02   0.1109833E+02   0.9827073E+01   0.1010316E+02   0.2822051E+02
   0.2510000E+03   0.2104441E+02   0.1928417E+02   0.2600921E+02   0.2266380E+02   0.2141321E+02   0.2532948E+02   0.1097576E+02   0.1109746E+02   0.9827460E+01   0.1010331E+02   0.2821763E+02
   0.2520000E+03   0.2104596E+02   0.1928478E+02   0.2601195E+02   0.2266552E+02   0.2141490E+02   0.2533107E+02   0.1097451E+02   0.1109659E+02   0.9827847E+01   0.1010347E+02   0.2821480E+02
   0.2530000E+03   0.2104749E+02   0.1928539E+02   0.2601469E+02   0.2266725E+02   0.2141659E+02   0.2533238E+02   0.1097327E+02   0.1109572E+02   0.9828233E+01   0.1010363E+02   0.2821197E+02
   0.2540000E+03   0.2104903E+02   0.1928601E+02   0.2601742E+02   0.2266897E+02   0.2141828E+02   0.2533348E+02   0.1097202E+02   0.1109485E+02   0.9828618E+01   0.1010378E+02   0.2820916E+02
   0.2550000E+03   0.2105056E+02   0.1928662E+02   0.2602014E+02   0.2267069E+02   0.2141997E+02   0.2533439E+02   0.1097078E+02   0.1109398E+02   0.9829000E+01   0.1010394E+02   0.2820642E+02
   0.2560000E+03   0.2105209E+02   0.1928723E+02   0.2602286E+02   0.2267241E+02   0.2142166E+02   0.2533515E+02   0.1096953E+02   0.1109311E+02   0.9829382E+01   0.1010409E+02   0.2820359E+02
   0.2570000E+03   0.2105362E+02   0.1928784E+02   0.2602556E+02   0.2267413E+02   0.2142334E+02   0.2533579E+02   0.1096829E+02   0.1109224E+02   0.9829762E+01   0.1010425E+02   0.2820075E+02
   0.2580000E+03   0.2105515E+02   0.1928845E+02   0.2602826E+02   0.2267585E+02   0.2142503E+02   0.2533633E+02   0.1096704E+02   0.1109137E+02   0.9830141E+01   0.1010440E+02   0.2819828E+02
   0.2590000E+03   0.2105667E+02   0.1928906E+02   0.2603095E+02   0.2267757E+02   0.2142672E+02   0.2533679E+02   0.1096580E+02   0.1109050E+02   0.9830521E+01   0.1010456E+02   0.2819591E+02
   0.2600000E+03   0.2105820E+02   0.1928967E+02   0.2603364E+02   0.2267928E+02   0.2142840E+02   0.2533720E+02   0.1096456E+02   0.1108963E+02   0.9830896E+01   0.1010471E+02   0.2819337E+02
   0.2610000E+03   0.2105972E+02   0.1929029E+02   0.2603632E+02   0.2268100E+02   0.2143008E+02   0.2533755E+02   0.1096332E+02   0.1108877E+02   0.9831272E+01   0.1010486E+02   0.2819031E+02
   0.2620000E+03   0.2106125E+02   0.1929090E+02   0.2603901E+02   0.2268271E+02   0.2143176E+02   0.2533786E+02   0.1096207E+02   0.1108790E+02   0.9831647E+01   0.1010501E+02   0.2818763E+02
   0.2630000E+03   0.2106279E+02   0.1929151E+02   0.2604171E+02   0.2268443E+02   0.2143344E+02   0.2533813E+02   0.1096083E+02   0.1108703E+02   0.9832020E+01   0.1010516E+02   0.2818459E+02
   0.2640000E+03   0.2106432E+02   0.1929213E+02   0.2604444E+02   0.2268614E+02   0.2143513E+02   0.2535276E+02   0.1095959E+02   0.1108617E+02   0.9832393E+01   0.1010532E+02   0.2818213E+02
   0.2650000E+03   0.2106586E+02   0.1929274E+02   0.2604719E+02   0.2268785E+02   0.2143680E+02   0.2538063E+02   0.1095835E+02   0.1108530E+02   0.9832764E+01   0.1010546E+02   0.2817920E+02
   0.2660000E+03   0.2106739E+02   0.1929336E+02   0.2604999E+02   0.2268956E+02   0.2143848E+02   0.2543707E+02   0.1095711E+02   0.1108444E+02   0.9833136E+01   0.1010561E+02   0.2817657E+02
   0.2670000E+03   0.2106893E+02   0.1929397E+02   0.2605285E+02   0.2269127E+02   0.2144016E+02   0.2551270E+02   0.1095587E+02   0.1108357E+02   0.9833507E+01   0.1010577E+02   0.2817299E+02
   0.2680000E+03   0.2107047E+02   0.1929458E+02   0.2605576E+02   0.2269297E+02   0.2144184E+02   0.2558768E+02   0.1095463E+02   0.1108271E+02   0.9833876E+01   0.1010591E+02   0.2816995E+02
   0.2690000E+03   0.2107203E+02   0.1929520E+02   0.2605874E+02   0.2269468E+02   0.2144352E+02   0.2565160E+02   0.1095339E+02   0.1108185E+02   0.9834244E+01   0.1010606E+02   0.2816751E+02
   0.2700000E+03   0.2107368E+02   0.1929587E+02   0.2606177E+02   0.2269638E+02   0.2144519E+02   0.2570283E+02   0.1095215E+02   0.1108099E+02   0.9834610E+01   0.1010621E+02   0.2816496E+02
   0.2710000E+03   0.2107548E+02   0.1929661E+02   0.2606482E+02   0.2269809E+02   0.2144686E+02   0.2574297E+02   0.1095091E+02   0.1108012E+02   0.9834976E+01   0.1010636E+02   0.2816214E+02
   0.2720000E+03   0.2107734E+02   0.1929736E+02   0.2606790E+02   0.2269979E+02   0.2144853E+02   0.2577450E+02   0.1094967E+02   0.1107926E+02   0.9835341E+01   0.1010651E+02   0.2815872E+02
   0.2730000E+03   0.2107920E+02   0.1929811E+02   0.2607099E+02   0.2270149E+02   0.2145020E+02   0.2579937E+02   0.1094843E+02   0.1107840E+02   0.9835704E+01   0.1010666E+02   0.2815582E+02
   0.2740000E+03   0.2108106E+02   0.1929884E+02   0.2607409E+02   0.2270319E+02   0.2145188E+02   0.2581907E+02   0.1094719E+02   0.1107754E+02   0.9836067E+01   0.1010680E+02   0.2815311E+02
   0.2750000E+03   0.2108290E+02   0.1929955E+02   0.2607721E+02   0.2270489E+02   0.2145355E+02   0.2583480E+02   0.1094595E+02   0.1107668E+02   0.9836430E+01   0.1010695E+02   0.2815046E+02
   0.2760000E+03   0.2108473E+02   0.1930026E+02   0.2608034E+02   0.2270659E+02   0.2145522E+02   0.2584740E+02   0.1094471E+02   0.1107582E+02   0.9836791E+01   0.1010709E+02   0.2814776E+02
   0.2770000E+03   0.2108654E+02   0.1930094E+02   0.2608348E+02   0.2270829E+02   0.2145689E+02   0.2585758E+02   0.1094348E+02   0.1107496E+02   0.9837152E+01   0.1010724E+02   0.2814480E+02
   0.2780000E+03   0.2108835E+02   0.1930162E+02   0.2608660E+02   0.2270999E+02   0.2145856E+02   0.2586582E+02   0.1094224E+02   0.1107411E+02   0.9837511E+01   0.1010738E+02   0.2814258E+02
   0.2790000E+03   0.2109016E+02   0.1930228E+02   0.2608972E+02   0.2271169E+02   0.2146023E+02   0.2587250E+02   0.1094100E+02   0.1107325E+02   0.9837867E+01   0.1010753E+02   0.2813934E+02
   0.2800000E+03   0.2109196E+02   0.1930294E+02   0.2609283E+02   0.2271339E+02   0.2146190E+02   0.2587794E+02   0.1093977E+02   0.1107239E+02   0.9838223E+01   0.1010767E+02   0.2813625E+02
   0.2810000E+03   0.2109375E+02   0.1930359E+02   0.2609593E+02   0.2271509E+02   0.2146357E+02   0.2588237E+02   0.1093853E+02   0.1107153E+02   0.9838578E+01   0.1010781E+02   0.2813338E+02
   0.2820000E+03   0.2109553E+02   0.1930423E+02   0.2609901E+02   0.2271678E+02   0.2146524E+02   0.2588600E+02   0.1093730E+02   0.1107068E+02   0.9838933E+01   0.1010796E+02   0.2813117E+02
   0.2830000E+03   0.2109731E+02   0.1930487E+02   0.2610208E+02   0.2271847E+02   0.2146690E+02   0.2588897E+02   0.1093606E+02   0.1106982E+02   0.9839288E+01   0.1010810E+02   0.2812857E+02
   0.2840000E+03   0.2109908E+02   0.1930550E+02   0.2610513E+02   0.2272016E+02   0.2146857E+02   0.2589141E+02   0.1093483E+02   0.1106897E+02   0.9839641E+01   0.1010824E+02   0.2812573E+02
   0.2850000E+03   0.2110085E+02   0.1930614E+02   0.2610817E+02   0.2272186E+02   0.2147023E+02   0.2589342E+02   0.1093360E+02   0.1106811E+02   0.9839993E+01   0.1010839E+02   0.2812272E+02
   0.2860000E+03   0.2110261E+02   0.1930676E+02   0.2611122E+02   0.2272355E+02   0.2147190E+02   0.2589508E+02   0.1093236E+02   0.1106726E+02   0.9840343E+01   0.1010853E+02   0.2811966E+02
   0.2870000E+03   0.2110436E+02   0.1930739E+02   0.2611427E+02   0.2272523E+02   0.2147356E+02   0.2589645E+02   0.1093113E+02   0.1106641E+02   0.9840694E+01   0.1010867E+02   0.2811679E+02
   0.2880000E+03   0.2110612E+02   0.1930801E+02   0.2611731E+02   0.2272692E+02   0.2147523E+02   0.2589758E+02   0.1092990E+02   0.1106556E+02   0.9841044E+01   0.1010880E+02   0.2811393E+02
   0.2890000E+03   0.2110787E+02   0.1930863E+02   0.2612036E+02   0.2272861E+02   0.2147689E+02   0.2589853E+02   0.1092867E+02   0.1106470E+02   0.9841393E+01   0.1010894E+02   0.2811106E+02
   0.2900000E+03   0.2110961E+02   0.1930925E+02   0.2612340E+02   0.2273030E+02   0.2147855E+02   0.2589932E+02   0.1092743E+02   0.1106385E+02   0.9841741E+01   0.1010908E+02   0.2810821E+02
   0.2910000E+03   0.2111135E+02   0.1930986E+02   0.2612644E+02   0.2273198E+02   0.2148021E+02   0.2589998E+02   0.1092620E+02   0.1106300E+02   0.9842088E+01   0.1010922E+02   0.2810553E+02
   0.2920000E+03   0.2111309E+02   0.1931048E+02   0.2612948E+02   0.2273366E+02   0.2148187E+02   0.2590054E+02   0.1092497E+02   0.1106215E+02   0.9842432E+01   0.1010936E+02   0.2810310E+02
   0.2930000E+03   0.2111483E+02   0.1931109E+02   0.2613252E+02   0.2273535E+02   0.2148353E+02   0.2590101E+02   0.1092374E+02   0.1106130E+02   0.9842775E+01   0.1010950E+02   0.2809994E+02
   0.2940000E+03   0.2111656E+02   0.1931171E+02   0.2613555E+02   0.2273704E+02   0.2148519E+02   0.2590141E+02   0.1092251E+02   0.1106044E+02   0.9843118E+01   0.1010964E+02   0.2809701E+02
   0.2950000E+03   0.2111829E+02   0.1931232E+02   0.2613858E+02   0.2273872E+02   0.2148685E+02   0.2590176E+02   0.1092128E+02   0.1105960E+02   0.9843460E+01   0.1010977E+02   0.2809425E+02
   0.2960000E+03   0.2112002E+02   0.1931294E+02   0.2614160E+02   0.2274039E+02   0.2148850E+02   0.2590205E+02   0.1092005E+02   0.1105875E+02   0.9843801E+01   0.1010991E+02   0.2809178E+02
   0.2970000E+03   0.2112174E+02   0.1931355E+02   0.2614460E+02   0.2274207E+02   0.2149016E+02   0.2590231E+02   0.1091882E+02   0.1105790E+02   0.9844142E+01   0.1011005E+02   0.2808889E+02
   0.2980000E+03   0.2112347E+02   0.1931417E+02   0.2614758E+02   0.2274375E+02   0.2149182E+02   0.2590254E+02   0.1091759E+02   0.1105705E+02   0.9844481E+01   0.1011018E+02   0.2808576E+02
   0.2990000E+03   0.2112519E+02   0.1931478E+02   0.2615054E+02   0.2274542E+02   0.2149347E+02   0.2590274E+02   0.1091636E+02   0.1105620E+02   0.9844820E+01   0.1011032E+02   0.2808288E+02
   0.3000000E+03   0.2112691E+02   0.1931539E+02   0.2615349E+02   0.2274710E+02   0.2149513E+02   0.2590292E+02   0.1091513E+02   0.1105536E+02   0.9845158E+01   0.1011045E+02   0.2808009E+02
   0.3010000E+03   0.2112863E+02   0.1931601E+02   0.2615641E+02   0.2274877E+02   0.2149678E+02   0.2590308E+02   0.1091390E+02   0.1105451E+02   0.9845492E+01   0.1011059E+02   0.2807725E+02
   0.3020000E+03   0.2113034E+02   0.1931662E+02   0.2615932E+02   0.2275044E+02   0.2149843E+02   0.2590323E+02   0.1091267E+02   0.1105366E+02   0.9845827E+01   0.1011072E+02   0.2807442E+02
   0.3030000E+03   0.2113205E+02   0.1931723E+02   0.2616221E+02   0.2275212E+02   0.2150008E+02   0.2590314E+02   0.1091145E+02   0.1105282E+02   0.9846161E+01   0.1011085E+02   0.2807157E+02
   0.3040000E+03   0.2113376E+02   0.1931784E+02   0.2616509E+02   0.2275379E+02   0.2150173E+02   0.2590304E+02   0.1091022E+02   0.1105197E+02   0.9846495E+01   0.1011099E+02   0.2806872E+02
   0.3050000E+03   0.2113547E+02   0.1931846E+02   0.2616795E+02   0.2275547E+02   0.2150338E+02   0.2590294E+02   0.1090899E+02   0.1105113E+02   0.9846826E+01   0.1011112E+02   0.2806587E+02
   0.3060000E+03   0.2113717E+02   0.1931907E+02   0.2617079E+02   0.2275714E+02   0.2150503E+02   0.2590282E+02   0.1090777E+02   0.1105028E+02   0.9847157E+01   0.1011125E+02   0.2806304E+02
   0.3070000E+03   0.2113887E+02   0.1931968E+02   0.2617361E+02   0.2275882E+02   0.2150668E+02   0.2590270E+02   0.1090654E+02   0.1104944E+02   0.9847488E+01   0.1011138E+02   0.2806019E+02
   0.3080000E+03   0.2114057E+02   0.1932029E+02   0.2617642E+02   0.2276049E+02   0.2150833E+02   0.2590257E+02   0.1090531E+02   0.1104860E+02   0.9847818E+01   0.1011152E+02   0.2805736E+02
   0.3090000E+03   0.2114226E+02   0.1932090E+02   0.2617921E+02   0.2276216E+02   0.2150997E+02   0.2590245E+02   0.1090409E+02   0.1104776E+02   0.9848147E+01   0.1011165E+02   0.2805452E+02
   0.3100000E+03   0.2114396E+02   0.1932151E+02   0.2618199E+02   0.2276382E+02   0.2151162E+02   0.2590232E+02   0.1090286E+02   0.1104691E+02   0.9848475E+01   0.1011178E+02   0.2805167E+02
   0.3110000E+03   0.2114564E+02   0.1932212E+02   0.2618475E+02   0.2276549E+02   0.2151326E+02   0.2590218E+02   0.1090164E+02   0.1104607E+02   0.9848800E+01   0.1011191E+02   0.2804884E+02
   0.3120000E+03   0.2114733E+02   0.1932273E+02   0.2618749E+02   0.2276715E+02   0.2151491E+02   0.2590205E+02   0.1090042E+02   0.1104523E+02   0.9849125E+01   0.1011204E+02   0.2804601E+02
   0.3130000E+03   0.2114901E+02   0.1932334E+02   0.2619021E+02   0.2276882E+02   0.2151655E+02   0.2590192E+02   0.1089919E+02   0.1104439E+02   0.9849450E+01   0.1011217E+02   0.2804316E+02
   0.3140000E+03   0.2115068E+02   0.1932395E+02   0.2619292E+02   0.2277048E+02   0.2151819E+02   0.2590178E+02   0.1089797E+02   0.1104355E+02   0.9849772E+01   0.1011230E+02   0.2804033E+02
   0.3150000E+03   0.2115236E+02   0.1932456E+02   0.2619561E+02   0.2277214E+02   0.2151983E+02   0.2590164E+02   0.1089675E+02   0.1104271E+02   0.9850096E+01   0.1011243E+02   0.2803749E+02
   0.3160000E+03   0.2115403E+02   0.1932517E+02   0.2619829E+02   0.2277381E+02   0.2152147E+02   0.2590150E+02   0.1089552E+02   0.1104188E+02   0.9850418E+01   0.1011256E+02   0.2803464E+02
   0.3170000E+03   0.2115570E+02   0.1932579E+02   0.2620096E+02   0.2277547E+02   0.2152312E+02   0.2590137E+02   0.1089430E+02   0.1104104E+02   0.9850739E+01   0.1011268E+02   0.2803179E+02
   0.3180000E+03   0.2115737E+02   0.1932640E+02   0.2620361E+02   0.2277713E+02   0.2152476E+02   0.2590123E+02   0.1089308E+02   0.1104020E+02   0.9851060E+01   0.1011281E+02   0.2802895E+02
   0.3190000E+03   0.2115903E+02   0.1932701E+02   0.2620625E+02   0.2277879E+02   0.2152639E+02   0.2590109E+02   0.1089186E+02   0.1103936E+02   0.9851378E+01   0.1011294E+02   0.2802611E+02
   0.3200000E+03   0.2116069E+02   0.1932762E+02   0.2620889E+02   0.2278045E+02   0.2152803E+02   0.2590095E+02   0.1089064E+02   0.1103853E+02   0.9851696E+01   0.1011306E+02   0.2802326E+02
   0.3210000E+03   0.2116235E+02   0.1932823E+02   0.2621150E+02   0.2278210E+02   0.2152967E+02   0.2590080E+02   0.1088941E+02   0.1103769E+02   0.9852011E+01   0.1011319E+02   0.2802041E+02
   0.3220000E+03   0.2116401E+02   0.1932884E+02   0.2621410E+02   0.2278376E+02   0.2153131E+02   0.2590066E+02   0.1088820E+02   0.1103685E+02   0.9852325E+01   0.1011332E+02   0.2801757E+02
   0.3230000E+03   0.2116566E+02   0.1932945E+02   0.2621668E+02   0.2278542E+02   0.2153294E+02   0.2590052E+02   0.1088697E+02   0.1103602E+02   0.9852641E+01   0.1011344E+02   0.2801472E+02
   0.3240000E+03   0.2116731E+02   0.1933006E+02   0.2621925E+02   0.2278707E+02   0.2153458E+02   0.2590038E+02   0.1088575E+02   0.1103519E+02   0.9852955E+01   0.1011357E+02   0.2801187E+02
   0.3250000E+03   0.2116896E+02   0.1933068E+02   0.2622180E+02   0.2278872E+02   0.2153621E+02   0.2590023E+02   0.1088453E+02   0.1103435E+02   0.9853268E+01   0.1011369E+02   0.2800902E+02
   0.3260000E+03   0.2117060E+02   0.1933129E+02   0.2622435E+02   0.2279037E+02   0.2153784E+02   0.2590009E+02   0.1088332E+02   0.1103352E+02   0.9853579E+01   0.1011382E+02   0.2800618E+02
   0.3270000E+03   0.2117225E+02   0.1933190E+02   0.2622688E+02   0.2279203E+02   0.2153947E+02   0.2589995E+02   0.1088210E+02   0.1103269E+02   0.9853889E+01   0.1011394E+02   0.2800334E+02
   0.3280000E+03   0.2117389E+02   0.1933251E+02   0.2622940E+02   0.2279368E+02   0.2154111E+02   0.2589980E+02   0.1088088E+02   0.1103185E+02   0.9854199E+01   0.1011407E+02   0.2800049E+02
   0.3290000E+03   0.2117553E+02   0.1933312E+02   0.2623190E+02   0.2279532E+02   0.2154274E+02   0.2589966E+02   0.1087966E+02   0.1103102E+02   0.9854509E+01   0.1011419E+02   0.2799765E+02
   0.3300000E+03   0.2117716E+02   0.1933373E+02   0.2623439E+02   0.2279697E+02   0.2154437E+02   0.2589952E+02   0.1087844E+02   0.1103019E+02   0.9854817E+01   0.1011432E+02   0.2799480E+02
   0.3310000E+03   0.2117879E+02   0.1933434E+02   0.2623687E+02   0.2279862E+02   0.2154600E+02   0.2589937E+02   0.1087722E+02   0.1102936E+02   0.9855124E+01   0.1011444E+02   0.2799196E+02
   0.3320000E+03   0.2118041E+02   0.1933494E+02   0.2623933E+02   0.2280027E+02   0.2154762E+02   0.2589923E+02   0.1087601E+02   0.1102853E+02   0.9855431E+01   0.1011456E+02   0.2798911E+02
   0.3330000E+03   0.2118204E+02   0.1933555E+02   0.2624179E+02   0.2280191E+02   0.2154925E+02   0.2589908E+02   0.1087479E+02   0.1102770E+02   0.9855735E+01   0.1011468E+02   0.2798626E+02
   0.3340000E+03   0.2118366E+02   0.1933616E+02   0.2624424E+02   0.2280355E+02   0.2155087E+02   0.2589894E+02   0.1087358E+02   0.1102687E+02   0.9856038E+01   0.1011480E+02   0.2798341E+02
   0.3350000E+03   0.2118528E+02   0.1933676E+02   0.2624667E+02   0.2280520E+02   0.2155250E+02   0.2589879E+02   0.1087236E+02   0.1102604E+02   0.9856342E+01   0.1011492E+02   0.2798056E+02
   0.3360000E+03   0.2118690E+02   0.1933737E+02   0.2624909E+02   0.2280684E+02   0.2155413E+02   0.2589865E+02   0.1087115E+02   0.1102521E+02   0.9856645E+01   0.1011504E+02   0.2797771E+02
   0.3370000E+03   0.2118852E+02   0.1933798E+02   0.2625150E+02   0.2280848E+02   0.2155575E+02   0.2589850E+02   0.1086993E+02   0.1102439E+02   0.9856947E+01   0.1011516E+02   0.2797486E+02
   0.3380000E+03   0.2119013E+02   0.1933858E+02   0.2625389E+02   0.2281012E+02   0.2155738E+02   0.2589836E+02   0.1086872E+02   0.1102356E+02   0.9857247E+01   0.1011527E+02   0.2797202E+02
   0.3390000E+03   0.2119174E+02   0.1933919E+02   0.2625628E+02   0.2281176E+02   0.2155900E+02   0.2589821E+02   0.1086751E+02   0.1102273E+02   0.9857548E+01   0.1011539E+02   0.2796917E+02
   0.3400000E+03   0.2119334E+02   0.1933980E+02   0.2625865E+02   0.2281339E+02   0.2156063E+02   0.2589807E+02   0.1086629E+02   0.1102191E+02   0.9857846E+01   0.1011551E+02   0.2796632E+02
   0.3410000E+03   0.2119494E+02   0.1934041E+02   0.2626101E+02   0.2281503E+02   0.2156225E+02   0.2589792E+02   0.1086508E+02   0.1102108E+02   0.9858145E+01   0.1011563E+02   0.2796347E+02
   0.3420000E+03   0.2119654E+02   0.1934102E+02   0.2626336E+02   0.2281667E+02   0.2156387E+02   0.2589778E+02   0.1086387E+02   0.1102026E+02   0.9858441E+01   0.1011575E+02   0.2796062E+02
   0.3430000E+03   0.2119814E+02   0.1934162E+02   0.2626570E+02   0.2281831E+02   0.2156549E+02   0.2589764E+02   0.1086265E+02   0.1101943E+02   0.9858737E+01   0.1011586E+02   0.2795778E+02
   0.3440000E+03   0.2119973E+02   0.1934223E+02   0.2626803E+02   0.2281994E+02   0.2156711E+02   0.2589750E+02   0.1086144E+02   0.1101861E+02   0.9859032E+01   0.1011598E+02   0.2795503E+02
   0.3450000E+03   0.2120132E+02   0.1934284E+02   0.2627035E+02   0.2282158E+02   0.2156873E+02   0.2589735E+02   0.1086023E+02   0.1101779E+02   0.9859324E+01   0.1011610E+02   0.2795219E+02
   0.3460000E+03   0.2120292E+02   0.1934344E+02   0.2627267E+02   0.2282321E+02   0.2157035E+02   0.2589721E+02   0.1085902E+02   0.1101696E+02   0.9859618E+01   0.1011621E+02   0.2794933E+02
   0.3470000E+03   0.2120450E+02   0.1934405E+02   0.2627496E+02   0.2282484E+02   0.2157197E+02   0.2589706E+02   0.1085781E+02   0.1101614E+02   0.9859911E+01   0.1011633E+02   0.2794640E+02
   0.3480000E+03   0.2120609E+02   0.1934466E+02   0.2627725E+02   0.2282647E+02   0.2157359E+02   0.2589691E+02   0.1085660E+02   0.1101532E+02   0.9860201E+01   0.1011644E+02   0.2794357E+02
   0.3490000E+03   0.2120767E+02   0.1934526E+02   0.2627953E+02   0.2282810E+02   0.2157521E+02   0.2589676E+02   0.1085539E+02   0.1101450E+02   0.9860491E+01   0.1011656E+02   0.2794071E+02
   0.3500000E+03   0.2120925E+02   0.1934587E+02   0.2628180E+02   0.2282973E+02   0.2157683E+02   0.2589661E+02   0.1085418E+02   0.1101367E+02   0.9860781E+01   0.1011667E+02   0.2793788E+02
   0.3510000E+03   0.2121082E+02   0.1934647E+02   0.2628406E+02   0.2283135E+02   0.2157844E+02   0.2589647E+02   0.1085297E+02   0.1101285E+02   0.9861070E+01   0.1011679E+02   0.2793510E+02
   0.3520000E+03   0.2121240E+02   0.1934708E+02   0.2628631E+02   0.2283298E+02   0.2158006E+02   0.2589632E+02   0.1085176E+02   0.1101203E+02   0.9861358E+01   0.1011690E+02   0.2793225E+02
   0.3530000E+03   0.2121397E+02   0.1934769E+02   0.2628855E+02   0.2283460E+02   0.2158167E+02   0.2589617E+02   0.1085055E+02   0.1101121E+02   0.9861646E+01   0.1011701E+02   0.2792941E+02
   0.3540000E+03   0.2121553E+02   0.1934830E+02   0.2629079E+02   0.2283623E+02   0.2158328E+02   0.2589602E+02   0.1084935E+02   0.1101039E+02   0.9861932E+01   0.1011713E+02   0.2792657E+02
   0.3550000E+03   0.2121710E+02   0.1934891E+02   0.2629302E+02   0.2283785E+02   0.2158489E+02   0.2589587E+02   0.1084814E+02   0.1100957E+02   0.9862217E+01   0.1011724E+02   0.2792362E+02
   0.3560000E+03   0.2121866E+02   0.1934951E+02   0.2629524E+02   0.2283947E+02   0.2158650E+02   0.2589573E+02   0.1084693E+02   0.1100876E+02   0.9862501E+01   0.1011735E+02   0.2792079E+02
   0.3570000E+03   0.2122022E+02   0.1935012E+02   0.2629744E+02   0.2284109E+02   0.2158811E+02   0.2589558E+02   0.1084572E+02   0.1100794E+02   0.9862782E+01   0.1011746E+02   0.2791794E+02
   0.3580000E+03   0.2122178E+02   0.1935073E+02   0.2629963E+02   0.2284271E+02   0.2158972E+02   0.2589543E+02   0.1084452E+02   0.1100712E+02   0.9863065E+01   0.1011757E+02   0.2791508E+02
   0.3590000E+03   0.2122333E+02   0.1935134E+02   0.2630181E+02   0.2284433E+02   0.2159133E+02   0.2589528E+02   0.1084331E+02   0.1100631E+02   0.9863346E+01   0.1011769E+02   0.2791222E+02
   0.3600000E+03   0.2122489E+02   0.1935194E+02   0.2630398E+02   0.2284595E+02   0.2159295E+02   0.2589513E+02   0.1084211E+02   0.1100549E+02   0.9863626E+01   0.1011780E+02   0.2790937E+02
   0.3610000E+03   0.2122643E+02   0.1935255E+02   0.2630613E+02   0.2284756E+02   0.2159455E+02   0.2589499E+02   0.1084090E+02   0.1100467E+02   0.9863907E+01   0.1011791E+02   0.2790653E+02
   0.3620000E+03   0.2122798E+02   0.1935316E+02   0.2630828E+02   0.2284917E+02   0.2159616E+02   0.2589484E+02   0.1083970E+02   0.1100386E+02   0.9864185E+01   0.1011802E+02   0.2790369E+02
   0.3630000E+03   0.2122953E+02   0.1935377E+02   0.2631041E+02   0.2285079E+02   0.2159777E+02   0.2589469E+02   0.1083849E+02   0.1100304E+02   0.9864463E+01   0.1011813E+02   0.2790084E+02
   0.3640000E+03   0.2123107E+02   0.1935437E+02   0.2631252E+02   0.2285241E+02   0.2159938E+02   0.2589454E+02   0.1083729E+02   0.1100223E+02   0.9864741E+01   0.1011823E+02   0.2789799E+02
   0.3650000E+03   0.2123261E+02   0.1935498E+02   0.2631462E+02   0.2285402E+02   0.2160098E+02   0.2589439E+02   0.1083608E+02   0.1100142E+02   0.9865018E+01   0.1011834E+02   0.2789515E+02
   0.3660000E+03   0.2123414E+02   0.1935559E+02   0.2631671E+02   0.2285563E+02   0.2160259E+02   0.2589425E+02   0.1083488E+02   0.1100060E+02   0.9865294E+01   0.1011845E+02   0.2789230E+02
   0.3670000E+03   0.2123568E+02   0.1935619E+02   0.2631879E+02   0.2285724E+02   0.2160419E+02   0.2589410E+02   0.1083368E+02   0.1099979E+02   0.9865568E+01   0.1011856E+02   0.2788944E+02
   0.3680000E+03   0.2123721E+02   0.1935680E+02   0.2632086E+02   0.2285885E+02   0.2160579E+02   0.2589395E+02   0.1083247E+02   0.1099898E+02   0.9865842E+01   0.1011866E+02   0.2788659E+02
   0.3690000E+03   0.2123874E+02   0.1935741E+02   0.2632292E+02   0.2286047E+02   0.2160740E+02   0.2589380E+02   0.1083127E+02   0.1099817E+02   0.9866114E+01   0.1011877E+02   0.2788373E+02
   0.3700000E+03   0.2124027E+02   0.1935802E+02   0.2632497E+02   0.2286208E+02   0.2160900E+02   0.2589365E+02   0.1083007E+02   0.1099736E+02   0.9866385E+01   0.1011887E+02   0.2788089E+02
   0.3710000E+03   0.2124179E+02   0.1935862E+02   0.2632700E+02   0.2286368E+02   0.2161060E+02   0.2589350E+02   0.1082887E+02   0.1099655E+02   0.9866655E+01   0.1011898E+02   0.2787805E+02
   0.3720000E+03   0.2124331E+02   0.1935923E+02   0.2632903E+02   0.2286529E+02   0.2161220E+02   0.2589335E+02   0.1082767E+02   0.1099574E+02   0.9866925E+01   0.1011909E+02   0.2787519E+02
   0.3730000E+03   0.2124482E+02   0.1935984E+02   0.2633104E+02   0.2286689E+02   0.2161380E+02   0.2589321E+02   0.1082647E+02   0.1099493E+02   0.9867195E+01   0.1011919E+02   0.2787231E+02
   0.3740000E+03   0.2124634E+02   0.1936045E+02   0.2633303E+02   0.2286850E+02   0.2161540E+02   0.2589306E+02   0.1082527E+02   0.1099412E+02   0.9867462E+01   0.1011930E+02   0.2786954E+02
   0.3750000E+03   0.2124785E+02   0.1936106E+02   0.2633502E+02   0.2287010E+02   0.2161700E+02   0.2589290E+02   0.1082407E+02   0.1099331E+02   0.9867730E+01   0.1011940E+02   0.2786661E+02
   0.3760000E+03   0.2124936E+02   0.1936166E+02   0.2633699E+02   0.2287170E+02   0.2161860E+02   0.2589276E+02   0.1082287E+02   0.1099250E+02   0.9867998E+01   0.1011951E+02   0.2786380E+02
   0.3770000E+03   0.2125087E+02   0.1936226E+02   0.2633896E+02   0.2287330E+02   0.2162020E+02   0.2589261E+02   0.1082167E+02   0.1099170E+02   0.9868264E+01   0.1011961E+02   0.2786095E+02
   0.3780000E+03   0.2125237E+02   0.1936287E+02   0.2634092E+02   0.2287490E+02   0.2162180E+02   0.2589246E+02   0.1082047E+02   0.1099089E+02   0.9868529E+01   0.1011971E+02   0.2785810E+02
   0.3790000E+03   0.2125388E+02   0.1936347E+02   0.2634286E+02   0.2287650E+02   0.2162339E+02   0.2589231E+02   0.1081927E+02   0.1099008E+02   0.9868793E+01   0.1011982E+02   0.2785526E+02
   0.3800000E+03   0.2125537E+02   0.1936408E+02   0.2634479E+02   0.2287810E+02   0.2162499E+02   0.2589216E+02   0.1081807E+02   0.1098928E+02   0.9869057E+01   0.1011992E+02   0.2785240E+02
   0.3810000E+03   0.2125687E+02   0.1936468E+02   0.2634671E+02   0.2287970E+02   0.2162658E+02   0.2589201E+02   0.1081688E+02   0.1098847E+02   0.9869317E+01   0.1012002E+02   0.2784955E+02
   0.3820000E+03   0.2125836E+02   0.1936529E+02   0.2634862E+02   0.2288129E+02   0.2162818E+02   0.2589186E+02   0.1081568E+02   0.1098767E+02   0.9869578E+01   0.1012012E+02   0.2784670E+02
   0.3830000E+03   0.2125985E+02   0.1936589E+02   0.2635052E+02   0.2288289E+02   0.2162977E+02   0.2589171E+02   0.1081448E+02   0.1098686E+02   0.9869838E+01   0.1012022E+02   0.2784385E+02
   0.3840000E+03   0.2126134E+02   0.1936650E+02   0.2635241E+02   0.2288449E+02   0.2163136E+02   0.2589156E+02   0.1081328E+02   0.1098606E+02   0.9870097E+01   0.1012033E+02   0.2784101E+02
   0.3850000E+03   0.2126282E+02   0.1936711E+02   0.2635429E+02   0.2288608E+02   0.2163296E+02   0.2589141E+02   0.1081209E+02   0.1098525E+02   0.9870356E+01   0.1012043E+02   0.2783815E+02
   0.3860000E+03   0.2126431E+02   0.1936771E+02   0.2635616E+02   0.2288767E+02   0.2163455E+02   0.2589126E+02   0.1081089E+02   0.1098445E+02   0.9870613E+01   0.1012053E+02   0.2783531E+02
   0.3870000E+03   0.2126579E+02   0.1936832E+02   0.2635802E+02   0.2288926E+02   0.2163614E+02   0.2589111E+02   0.1080970E+02   0.1098365E+02   0.9870870E+01   0.1012063E+02   0.2783246E+02
   0.3880000E+03   0.2126727E+02   0.1936893E+02   0.2635987E+02   0.2289085E+02   0.2163772E+02   0.2589096E+02   0.1080850E+02   0.1098284E+02   0.9871125E+01   0.1012073E+02   0.2782962E+02
   0.3890000E+03   0.2126875E+02   0.1936953E+02   0.2636171E+02   0.2289244E+02   0.2163931E+02   0.2589081E+02   0.1080731E+02   0.1098204E+02   0.9871380E+01   0.1012083E+02   0.2782676E+02
   0.3900000E+03   0.2127022E+02   0.1937014E+02   0.2636353E+02   0.2289403E+02   0.2164089E+02   0.2589065E+02   0.1080611E+02   0.1098124E+02   0.9871634E+01   0.1012093E+02   0.2782384E+02
   0.3910000E+03   0.2127169E+02   0.1937074E+02   0.2636535E+02   0.2289561E+02   0.2164248E+02   0.2589050E+02   0.1080492E+02   0.1098044E+02   0.9871889E+01   0.1012103E+02   0.2782110E+02
   0.3920000E+03   0.2127316E+02   0.1937135E+02   0.2636716E+02   0.2289720E+02   0.2164406E+02   0.2589035E+02   0.1080373E+02   0.1097964E+02   0.9872141E+01   0.1012112E+02   0.2781825E+02
   0.3930000E+03   0.2127462E+02   0.1937195E+02   0.2636895E+02   0.2289879E+02   0.2164565E+02   0.2589020E+02   0.1080254E+02   0.1097884E+02   0.9872393E+01   0.1012122E+02   0.2781539E+02
   0.3940000E+03   0.2127608E+02   0.1937256E+02   0.2637074E+02   0.2290038E+02   0.2164723E+02   0.2589005E+02   0.1080134E+02   0.1097804E+02   0.9872645E+01   0.1012132E+02   0.2781241E+02
   0.3950000E+03   0.2127754E+02   0.1937316E+02   0.2637252E+02   0.2290196E+02   0.2164881E+02   0.2588990E+02   0.1080015E+02   0.1097724E+02   0.9872894E+01   0.1012142E+02   0.2780953E+02
   0.3960000E+03   0.2127900E+02   0.1937377E+02   0.2637429E+02   0.2290355E+02   0.2165039E+02   0.2588975E+02   0.1079896E+02   0.1097644E+02   0.9873142E+01   0.1012152E+02   0.2780682E+02
   0.3970000E+03   0.2128046E+02   0.1937437E+02   0.2637605E+02   0.2290513E+02   0.2165197E+02   0.2588960E+02   0.1079777E+02   0.1097564E+02   0.9873391E+01   0.1012161E+02   0.2780395E+02
   0.3980000E+03   0.2128191E+02   0.1937498E+02   0.2637780E+02   0.2290671E+02   0.2165355E+02   0.2588944E+02   0.1079658E+02   0.1097485E+02   0.9873638E+01   0.1012171E+02   0.2780111E+02
   0.3990000E+03   0.2128336E+02   0.1937559E+02   0.2637954E+02   0.2290829E+02   0.2165513E+02   0.2588929E+02   0.1079539E+02   0.1097405E+02   0.9873885E+01   0.1012181E+02   0.2779826E+02
   0.4000000E+03   0.2128481E+02   0.1937619E+02   0.2638126E+02   0.2290986E+02   0.2165671E+02   0.2588914E+02   0.1079420E+02   0.1097325E+02   0.9874130E+01   0.1012190E+02   0.2779531E+02
   0.4010000E+03   0.2128625E+02   0.1937680E+02   0.2638298E+02   0.2291144E+02   0.2165829E+02   0.2588898E+02   0.1079300E+02   0.1097246E+02   0.9874377E+01   0.1012200E+02   0.2779237E+02
   0.4020000E+03   0.2128770E+02   0.1937740E+02   0.2638469E+02   0.2291302E+02   0.2165987E+02   0.2588883E+02   0.1079182E+02   0.1097166E+02   0.9874621E+01   0.1012210E+02   0.2778974E+02
   0.4030000E+03   0.2128914E+02   0.1937800E+02   0.2638639E+02   0.2291460E+02   0.2166145E+02   0.2588868E+02   0.1079063E+02   0.1097087E+02   0.9874865E+01   0.1012219E+02   0.2778689E+02
   0.4040000E+03   0.2129058E+02   0.1937861E+02   0.2638809E+02   0.2291617E+02   0.2166302E+02   0.2588853E+02   0.1078944E+02   0.1097007E+02   0.9875108E+01   0.1012228E+02   0.2778403E+02
   0.4050000E+03   0.2129201E+02   0.1937921E+02   0.2638977E+02   0.2291775E+02   0.2166460E+02   0.2588837E+02   0.1078825E+02   0.1096928E+02   0.9875349E+01   0.1012238E+02   0.2778119E+02
   0.4060000E+03   0.2129344E+02   0.1937981E+02   0.2639144E+02   0.2291932E+02   0.2166617E+02   0.2588822E+02   0.1078706E+02   0.1096848E+02   0.9875592E+01   0.1012247E+02   0.2777833E+02
   0.4070000E+03   0.2129487E+02   0.1938041E+02   0.2639310E+02   0.2292090E+02   0.2166775E+02   0.2588807E+02   0.1078587E+02   0.1096769E+02   0.9875833E+01   0.1012256E+02   0.2777548E+02
   0.4080000E+03   0.2129630E+02   0.1938102E+02   0.2639476E+02   0.2292247E+02   0.2166932E+02   0.2588791E+02   0.1078469E+02   0.1096690E+02   0.9876073E+01   0.1012266E+02   0.2777263E+02
   0.4090000E+03   0.2129772E+02   0.1938162E+02   0.2639641E+02   0.2292404E+02   0.2167090E+02   0.2588776E+02   0.1078350E+02   0.1096611E+02   0.9876312E+01   0.1012275E+02   0.2776978E+02
   0.4100000E+03   0.2129914E+02   0.1938223E+02   0.2639805E+02   0.2292560E+02   0.2167247E+02   0.2588761E+02   0.1078231E+02   0.1096531E+02   0.9876550E+01   0.1012284E+02   0.2776692E+02
   0.4110000E+03   0.2130056E+02   0.1938283E+02   0.2639969E+02   0.2292717E+02   0.2167404E+02   0.2588745E+02   0.1078113E+02   0.1096452E+02   0.9876786E+01   0.1012293E+02   0.2776407E+02
   0.4120000E+03   0.2130197E+02   0.1938344E+02   0.2640131E+02   0.2292874E+02   0.2167562E+02   0.2588729E+02   0.1077994E+02   0.1096373E+02   0.9877023E+01   0.1012302E+02   0.2776113E+02
   0.4130000E+03   0.2130339E+02   0.1938404E+02   0.2640293E+02   0.2293031E+02   0.2167719E+02   0.2588714E+02   0.1077876E+02   0.1096294E+02   0.9877257E+01   0.1012311E+02   0.2775837E+02
   0.4140000E+03   0.2130480E+02   0.1938464E+02   0.2640453E+02   0.2293187E+02   0.2167876E+02   0.2588699E+02   0.1077757E+02   0.1096215E+02   0.9877492E+01   0.1012321E+02   0.2775550E+02
   0.4150000E+03   0.2130621E+02   0.1938524E+02   0.2640613E+02   0.2293344E+02   0.2168032E+02   0.2588683E+02   0.1077639E+02   0.1096136E+02   0.9877725E+01   0.1012329E+02   0.2775265E+02
   0.4160000E+03   0.2130762E+02   0.1938585E+02   0.2640772E+02   0.2293500E+02   0.2168189E+02   0.2588667E+02   0.1077520E+02   0.1096058E+02   0.9877958E+01   0.1012339E+02   0.2774979E+02
   0.4170000E+03   0.2130902E+02   0.1938645E+02   0.2640930E+02   0.2293657E+02   0.2168346E+02   0.2588652E+02   0.1077402E+02   0.1095979E+02   0.9878192E+01   0.1012348E+02   0.2774694E+02
   0.4180000E+03   0.2131042E+02   0.1938705E+02   0.2641087E+02   0.2293813E+02   0.2168502E+02   0.2588637E+02   0.1077283E+02   0.1095900E+02   0.9878423E+01   0.1012357E+02   0.2774409E+02
   0.4190000E+03   0.2131182E+02   0.1938765E+02   0.2641243E+02   0.2293970E+02   0.2168659E+02   0.2588621E+02   0.1077165E+02   0.1095821E+02   0.9878654E+01   0.1012366E+02   0.2774124E+02
   0.4200000E+03   0.2131322E+02   0.1938825E+02   0.2641399E+02   0.2294126E+02   0.2168816E+02   0.2588605E+02   0.1077047E+02   0.1095743E+02   0.9878884E+01   0.1012374E+02   0.2773829E+02
   0.4210000E+03   0.2131461E+02   0.1938885E+02   0.2641554E+02   0.2294282E+02   0.2168973E+02   0.2588590E+02   0.1076929E+02   0.1095664E+02   0.9879114E+01   0.1012383E+02   0.2773543E+02
   0.4220000E+03   0.2131600E+02   0.1938945E+02   0.2641709E+02   0.2294438E+02   0.2169130E+02   0.2588575E+02   0.1076811E+02   0.1095585E+02   0.9879343E+01   0.1012392E+02   0.2773257E+02
   0.4230000E+03   0.2131739E+02   0.1939005E+02   0.2641862E+02   0.2294594E+02   0.2169286E+02   0.2588559E+02   0.1076692E+02   0.1095507E+02   0.9879571E+01   0.1012401E+02   0.2772972E+02
   0.4240000E+03   0.2131878E+02   0.1939066E+02   0.2642015E+02   0.2294750E+02   0.2169443E+02   0.2588543E+02   0.1076574E+02   0.1095428E+02   0.9879800E+01   0.1012409E+02   0.2772686E+02
   0.4250000E+03   0.2132017E+02   0.1939126E+02   0.2642166E+02   0.2294905E+02   0.2169599E+02   0.2588528E+02   0.1076456E+02   0.1095350E+02   0.9880027E+01   0.1012418E+02   0.2772401E+02
   0.4260000E+03   0.2132156E+02   0.1939186E+02   0.2642317E+02   0.2295061E+02   0.2169755E+02   0.2588512E+02   0.1076338E+02   0.1095271E+02   0.9880251E+01   0.1012427E+02   0.2772116E+02
   0.4270000E+03   0.2132294E+02   0.1939246E+02   0.2642467E+02   0.2295216E+02   0.2169911E+02   0.2588497E+02   0.1076221E+02   0.1095193E+02   0.9880476E+01   0.1012436E+02   0.2771831E+02
   0.4280000E+03   0.2132432E+02   0.1939306E+02   0.2642617E+02   0.2295371E+02   0.2170067E+02   0.2588481E+02   0.1076103E+02   0.1095114E+02   0.9880701E+01   0.1012444E+02   0.2771545E+02
   0.4290000E+03   0.2132570E+02   0.1939366E+02   0.2642766E+02   0.2295527E+02   0.2170223E+02   0.2588466E+02   0.1075985E+02   0.1095036E+02   0.9880924E+01   0.1012453E+02   0.2771260E+02
   0.4300000E+03   0.2132708E+02   0.1939426E+02   0.2642914E+02   0.2295682E+02   0.2170379E+02   0.2588450E+02   0.1075867E+02   0.1094958E+02   0.9881145E+01   0.1012461E+02   0.2770975E+02
   0.4310000E+03   0.2132845E+02   0.1939486E+02   0.2643061E+02   0.2295837E+02   0.2170535E+02   0.2588435E+02   0.1075749E+02   0.1094880E+02   0.9881367E+01   0.1012470E+02   0.2770690E+02
   0.4320000E+03   0.2132982E+02   0.1939546E+02   0.2643208E+02   0.2295992E+02   0.2170691E+02   0.2588419E+02   0.1075631E+02   0.1094802E+02   0.9881589E+01   0.1012479E+02   0.2770405E+02
   0.4330000E+03   0.2133118E+02   0.1939606E+02   0.2643354E+02   0.2296147E+02   0.2170847E+02   0.2588403E+02   0.1075514E+02   0.1094724E+02   0.9881809E+01   0.1012487E+02   0.2770119E+02
   0.4340000E+03   0.2133255E+02   0.1939666E+02   0.2643499E+02   0.2296302E+02   0.2171003E+02   0.2588387E+02   0.1075396E+02   0.1094646E+02   0.9882030E+01   0.1012496E+02   0.2769834E+02
   0.4350000E+03   0.2133391E+02   0.1939726E+02   0.2643643E+02   0.2296456E+02   0.2171159E+02   0.2588371E+02   0.1075278E+02   0.1094568E+02   0.9882249E+01   0.1012504E+02   0.2769549E+02
   0.4360000E+03   0.2133527E+02   0.1939787E+02   0.2643786E+02   0.2296611E+02   0.2171315E+02   0.2588356E+02   0.1075161E+02   0.1094490E+02   0.9882466E+01   0.1012512E+02   0.2769263E+02
   0.4370000E+03   0.2133663E+02   0.1939847E+02   0.2643929E+02   0.2296765E+02   0.2171470E+02   0.2588340E+02   0.1075043E+02   0.1094412E+02   0.9882685E+01   0.1012521E+02   0.2768978E+02
   0.4380000E+03   0.2133798E+02   0.1939907E+02   0.2644071E+02   0.2296919E+02   0.2171626E+02   0.2588325E+02   0.1074925E+02   0.1094334E+02   0.9882902E+01   0.1012529E+02   0.2768692E+02
   0.4390000E+03   0.2133933E+02   0.1939967E+02   0.2644213E+02   0.2297074E+02   0.2171782E+02   0.2588309E+02   0.1074808E+02   0.1094256E+02   0.9883119E+01   0.1012537E+02   0.2768408E+02
   0.4400000E+03   0.2134068E+02   0.1940027E+02   0.2644353E+02   0.2297228E+02   0.2171937E+02   0.2588293E+02   0.1074690E+02   0.1094178E+02   0.9883334E+01   0.1012546E+02   0.2768123E+02
   0.4410000E+03   0.2134203E+02   0.1940087E+02   0.2644493E+02   0.2297382E+02   0.2172093E+02   0.2588277E+02   0.1074573E+02   0.1094100E+02   0.9883551E+01   0.1012554E+02   0.2767837E+02
   0.4420000E+03   0.2134338E+02   0.1940147E+02   0.2644633E+02   0.2297536E+02   0.2172248E+02   0.2588261E+02   0.1074456E+02   0.1094023E+02   0.9883766E+01   0.1012562E+02   0.2767552E+02
   0.4430000E+03   0.2134472E+02   0.1940207E+02   0.2644772E+02   0.2297691E+02   0.2172403E+02   0.2588245E+02   0.1074338E+02   0.1093945E+02   0.9883979E+01   0.1012570E+02   0.2767267E+02
   0.4440000E+03   0.2134607E+02   0.1940267E+02   0.2644910E+02   0.2297845E+02   0.2172559E+02   0.2588229E+02   0.1074221E+02   0.1093868E+02   0.9884192E+01   0.1012578E+02   0.2766993E+02
   0.4450000E+03   0.2134741E+02   0.1940327E+02   0.2645047E+02   0.2297999E+02   0.2172714E+02   0.2588214E+02   0.1074104E+02   0.1093790E+02   0.9884404E+01   0.1012586E+02   0.2766697E+02
   0.4460000E+03   0.2134874E+02   0.1940387E+02   0.2645184E+02   0.2298153E+02   0.2172869E+02   0.2588198E+02   0.1073986E+02   0.1093713E+02   0.9884614E+01   0.1012595E+02   0.2766434E+02
   0.4470000E+03   0.2135008E+02   0.1940447E+02   0.2645320E+02   0.2298306E+02   0.2173025E+02   0.2588182E+02   0.1073869E+02   0.1093635E+02   0.9884824E+01   0.1012603E+02   0.2766162E+02
   0.4480000E+03   0.2135141E+02   0.1940508E+02   0.2645495E+02   0.2298460E+02   0.2173180E+02   0.2588166E+02   0.1073754E+02   0.1093558E+02   0.9885034E+01   0.1012611E+02   0.2765880E+02
   0.4490000E+03   0.2135274E+02   0.1940568E+02   0.2649514E+02   0.2298613E+02   0.2173335E+02   0.2588150E+02   0.1073639E+02   0.1093480E+02   0.9885244E+01   0.1012619E+02   0.2765594E+02
   0.4500000E+03   0.2135407E+02   0.1940628E+02   0.2653892E+02   0.2298767E+02   0.2173490E+02   0.2588134E+02   0.1073526E+02   0.1093403E+02   0.9885454E+01   0.1012626E+02   0.2765312E+02
   0.4510000E+03   0.2135540E+02   0.1940688E+02   0.2658550E+02   0.2298920E+02   0.2173645E+02   0.2588118E+02   0.1073413E+02   0.1093326E+02   0.9885662E+01   0.1012634E+02   0.2764767E+02
   0.4520000E+03   0.2135672E+02   0.1940748E+02   0.2663311E+02   0.2299073E+02   0.2173800E+02   0.2590095E+02   0.1073300E+02   0.1093248E+02   0.9885871E+01   0.1012642E+02   0.2763597E+02
   0.4530000E+03   0.2135805E+02   0.1940808E+02   0.2668006E+02   0.2299226E+02   0.2173955E+02   0.2595226E+02   0.1073187E+02   0.1093171E+02   0.9886079E+01   0.1012650E+02   0.2762106E+02
   0.4540000E+03   0.2135937E+02   0.1940868E+02   0.2672517E+02   0.2299379E+02   0.2174109E+02   0.2606970E+02   0.1073075E+02   0.1093094E+02   0.9886286E+01   0.1012658E+02   0.2760566E+02
   0.4550000E+03   0.2136068E+02   0.1940928E+02   0.2676758E+02   0.2299532E+02   0.2174264E+02   0.2621655E+02   0.1072963E+02   0.1093017E+02   0.9886491E+01   0.1012666E+02   0.2759138E+02
   0.4560000E+03   0.2136200E+02   0.1940989E+02   0.2680679E+02   0.2299685E+02   0.2174419E+02   0.2634723E+02   0.1072851E+02   0.1092939E+02   0.9886696E+01   0.1012673E+02   0.2757871E+02
   0.4570000E+03   0.2136331E+02   0.1941048E+02   0.2684089E+02   0.2299837E+02   0.2174573E+02   0.2645000E+02   0.1072739E+02   0.1092862E+02   0.9886901E+01   0.1012681E+02   0.2756741E+02
   0.4580000E+03   0.2136463E+02   0.1941108E+02   0.2687053E+02   0.2299990E+02   0.2174727E+02   0.2652813E+02   0.1072627E+02   0.1092785E+02   0.9887105E+01   0.1012689E+02   0.2755831E+02
   0.4590000E+03   0.2136594E+02   0.1941168E+02   0.2689569E+02   0.2300142E+02   0.2174882E+02   0.2658749E+02   0.1072515E+02   0.1092708E+02   0.9887309E+01   0.1012697E+02   0.2755011E+02
   0.4600000E+03   0.2136724E+02   0.1941228E+02   0.2691665E+02   0.2300295E+02   0.2175036E+02   0.2663300E+02   0.1072403E+02   0.1092631E+02   0.9887512E+01   0.1012704E+02   0.2754290E+02
   0.4610000E+03   0.2136855E+02   0.1941288E+02   0.2693395E+02   0.2300447E+02   0.2175190E+02   0.2667306E+02   0.1072292E+02   0.1092555E+02   0.9887714E+01   0.1012712E+02   0.2753648E+02
   0.4620000E+03   0.2136985E+02   0.1941348E+02   0.2694821E+02   0.2300599E+02   0.2175344E+02   0.2671063E+02   0.1072181E+02   0.1092478E+02   0.9887917E+01   0.1012720E+02   0.2753059E+02
   0.4630000E+03   0.2137115E+02   0.1941407E+02   0.2696000E+02   0.2300752E+02   0.2175498E+02   0.2674380E+02   0.1072070E+02   0.1092401E+02   0.9888118E+01   0.1012727E+02   0.2752547E+02
   0.4640000E+03   0.2137245E+02   0.1941467E+02   0.2696982E+02   0.2300904E+02   0.2175652E+02   0.2677138E+02   0.1071959E+02   0.1092324E+02   0.9888318E+01   0.1012735E+02   0.2752069E+02
   0.4650000E+03   0.2137374E+02   0.1941527E+02   0.2697807E+02   0.2301056E+02   0.2175805E+02   0.2679360E+02   0.1071848E+02   0.1092248E+02   0.9888518E+01   0.1012742E+02   0.2751623E+02
   0.4660000E+03   0.2137504E+02   0.1941587E+02   0.2698505E+02   0.2301208E+02   0.2175959E+02   0.2681130E+02   0.1071737E+02   0.1092171E+02   0.9888717E+01   0.1012750E+02   0.2751207E+02
   0.4670000E+03   0.2137633E+02   0.1941647E+02   0.2699101E+02   0.2301361E+02   0.2176113E+02   0.2682537E+02   0.1071626E+02   0.1092095E+02   0.9888915E+01   0.1012757E+02   0.2750815E+02
   0.4680000E+03   0.2137762E+02   0.1941707E+02   0.2699616E+02   0.2301513E+02   0.2176266E+02   0.2683658E+02   0.1071515E+02   0.1092018E+02   0.9889112E+01   0.1012765E+02   0.2750443E+02
   0.4690000E+03   0.2137891E+02   0.1941767E+02   0.2700065E+02   0.2301665E+02   0.2176420E+02   0.2684778E+02   0.1071404E+02   0.1091942E+02   0.9889309E+01   0.1012772E+02   0.2750116E+02
   0.4700000E+03   0.2138020E+02   0.1941826E+02   0.2700461E+02   0.2301817E+02   0.2176574E+02   0.2686257E+02   0.1071293E+02   0.1091865E+02   0.9889506E+01   0.1012780E+02   0.2749837E+02
   0.4710000E+03   0.2138148E+02   0.1941886E+02   0.2700816E+02   0.2301968E+02   0.2176727E+02   0.2687903E+02   0.1071183E+02   0.1091789E+02   0.9889701E+01   0.1012787E+02   0.2749531E+02
   0.4720000E+03   0.2138276E+02   0.1941946E+02   0.2701137E+02   0.2302120E+02   0.2176881E+02   0.2689298E+02   0.1071072E+02   0.1091712E+02   0.9889894E+01   0.1012795E+02   0.2749159E+02
   0.4730000E+03   0.2138404E+02   0.1942006E+02   0.2701432E+02   0.2302272E+02   0.2177034E+02   0.2690371E+02   0.1070961E+02   0.1091636E+02   0.9890090E+01   0.1012802E+02   0.2748817E+02
   0.4740000E+03   0.2138531E+02   0.1942066E+02   0.2701707E+02   0.2302423E+02   0.2177188E+02   0.2691183E+02   0.1070851E+02   0.1091560E+02   0.9890284E+01   0.1012809E+02   0.2748503E+02
   0.4750000E+03   0.2138659E+02   0.1942126E+02   0.2701965E+02   0.2302575E+02   0.2177341E+02   0.2691803E+02   0.1070740E+02   0.1091483E+02   0.9890477E+01   0.1012817E+02   0.2748201E+02
   0.4760000E+03   0.2138786E+02   0.1942185E+02   0.2702212E+02   0.2302726E+02   0.2177494E+02   0.2707421E+02   0.1070630E+02   0.1091407E+02   0.9890669E+01   0.1012824E+02   0.2747892E+02
   0.4770000E+03   0.2138914E+02   0.1942245E+02   0.2702448E+02   0.2302877E+02   0.2177647E+02   0.2720321E+02   0.1070519E+02   0.1091331E+02   0.9890862E+01   0.1012831E+02   0.2747592E+02
   0.4780000E+03   0.2139040E+02   0.1942305E+02   0.2702679E+02   0.2303028E+02   0.2177800E+02   0.2730427E+02   0.1070409E+02   0.1091255E+02   0.9891053E+01   0.1012838E+02   0.2747310E+02
   0.4790000E+03   0.2139167E+02   0.1942365E+02   0.2702905E+02   0.2303179E+02   0.2177953E+02   0.2739755E+02   0.1070298E+02   0.1091178E+02   0.9891243E+01   0.1012845E+02   0.2747072E+02
   0.4800000E+03   0.2139293E+02   0.1942424E+02   0.2703128E+02   0.2303330E+02   0.2178106E+02   0.2749320E+02   0.1070188E+02   0.1091102E+02   0.9891433E+01   0.1012852E+02   0.2746782E+02
   0.4810000E+03   0.2139419E+02   0.1942484E+02   0.2703351E+02   0.2303481E+02   0.2178259E+02   0.2757959E+02   0.1070078E+02   0.1091026E+02   0.9891623E+01   0.1012859E+02   0.2746416E+02
   0.4820000E+03   0.2139545E+02   0.1942544E+02   0.2703573E+02   0.2303632E+02   0.2178412E+02   0.2765071E+02   0.1069967E+02   0.1090950E+02   0.9891812E+01   0.1012867E+02   0.2746124E+02
   0.4830000E+03   0.2139671E+02   0.1942603E+02   0.2703795E+02   0.2303783E+02   0.2178564E+02   0.2770693E+02   0.1069857E+02   0.1090874E+02   0.9892001E+01   0.1012874E+02   0.2745834E+02
   0.4840000E+03   0.2139796E+02   0.1942663E+02   0.2704017E+02   0.2303934E+02   0.2178717E+02   0.2775088E+02   0.1069747E+02   0.1090798E+02   0.9892189E+01   0.1012881E+02   0.2745545E+02
   0.4850000E+03   0.2139925E+02   0.1942724E+02   0.2704240E+02   0.2304084E+02   0.2178870E+02   0.2778821E+02   0.1069637E+02   0.1090723E+02   0.9892377E+01   0.1012888E+02   0.2745333E+02
   0.4860000E+03   0.2140062E+02   0.1942790E+02   0.2704463E+02   0.2304235E+02   0.2179023E+02   0.2781938E+02   0.1069527E+02   0.1090647E+02   0.9892565E+01   0.1012895E+02   0.2745054E+02
   0.4870000E+03   0.2140204E+02   0.1942859E+02   0.2704686E+02   0.2304386E+02   0.2179175E+02   0.2784464E+02   0.1069416E+02   0.1090571E+02   0.9892751E+01   0.1012902E+02   0.2744716E+02
   0.4880000E+03   0.2140349E+02   0.1942928E+02   0.2704909E+02   0.2304536E+02   0.2179328E+02   0.2786482E+02   0.1069306E+02   0.1090495E+02   0.9892935E+01   0.1012909E+02   0.2744420E+02
   0.4890000E+03   0.2140494E+02   0.1942996E+02   0.2705132E+02   0.2304687E+02   0.2179481E+02   0.2788093E+02   0.1069196E+02   0.1090419E+02   0.9893120E+01   0.1012915E+02   0.2744133E+02
   0.4900000E+03   0.2140638E+02   0.1943063E+02   0.2705354E+02   0.2304837E+02   0.2179633E+02   0.2789384E+02   0.1069086E+02   0.1090344E+02   0.9893304E+01   0.1012922E+02   0.2743889E+02
   0.4910000E+03   0.2140786E+02   0.1943132E+02   0.2705577E+02   0.2305813E+02   0.2179786E+02   0.2790420E+02   0.1068976E+02   0.1090268E+02   0.9893487E+01   0.1012929E+02   0.2743666E+02
   0.4920000E+03   0.2140941E+02   0.1943205E+02   0.2705800E+02   0.2306746E+02   0.2179953E+02   0.2791253E+02   0.1068866E+02   0.1090193E+02   0.9893671E+01   0.1012936E+02   0.2743386E+02
   0.4930000E+03   0.2141105E+02   0.1943281E+02   0.2706023E+02   0.2307678E+02   0.2180251E+02   0.2791924E+02   0.1068756E+02   0.1090117E+02   0.9893852E+01   0.1012943E+02   0.2743107E+02
   0.4940000E+03   0.2141274E+02   0.1943358E+02   0.2707971E+02   0.2308615E+02   0.2180689E+02   0.2792463E+02   0.1068646E+02   0.1090042E+02   0.9894033E+01   0.1012950E+02   0.2742798E+02
   0.4950000E+03   0.2141443E+02   0.1943434E+02   0.2708193E+02   0.2309550E+02   0.2181190E+02   0.2792896E+02   0.1068536E+02   0.1089966E+02   0.9894214E+01   0.1012956E+02   0.2742528E+02
   0.4960000E+03   0.2141611E+02   0.1943508E+02   0.2708433E+02   0.2310481E+02   0.2181686E+02   0.2793244E+02   0.1068427E+02   0.1089891E+02   0.9894394E+01   0.1012963E+02   0.2742252E+02
   0.4970000E+03   0.2141777E+02   0.1943579E+02   0.2708655E+02   0.2311412E+02   0.2182214E+02   0.2793522E+02   0.1068317E+02   0.1089816E+02   0.9894573E+01   0.1012970E+02   0.2741996E+02
   0.4980000E+03   0.2141943E+02   0.1943650E+02   0.2708876E+02   0.2312350E+02   0.2182859E+02   0.2793744E+02   0.1068207E+02   0.1089741E+02   0.9894753E+01   0.1012976E+02   0.2741717E+02
   0.4990000E+03   0.2142109E+02   0.1943719E+02   0.2709096E+02   0.2313277E+02   0.2183589E+02   0.2793920E+02   0.1068097E+02   0.1089666E+02   0.9894930E+01   0.1012983E+02   0.2741404E+02
   0.5000000E+03   0.2142275E+02   0.1943786E+02   0.2709329E+02   0.2314161E+02   0.2184319E+02   0.2794059E+02   0.1067987E+02   0.1089592E+02   0.9895108E+01   0.1012990E+02   0.2741077E+02
   0.5010000E+03   0.2142441E+02   0.1943853E+02   0.2709554E+02   0.2314974E+02   0.2184994E+02   0.2794168E+02   0.1067878E+02   0.1089517E+02   0.9895286E+01   0.1012996E+02   0.2740857E+02
   0.5020000E+03   0.2142608E+02   0.1943918E+02   0.2709775E+02   0.2315704E+02   0.2185594E+02   0.2794250E+02   0.1067768E+02   0.1089443E+02   0.9895462E+01   0.1013002E+02   0.2740583E+02
   0.5030000E+03   0.2142775E+02   0.1943983E+02   0.2709994E+02   0.2316360E+02   0.2186181E+02   0.2794314E+02   0.1067658E+02   0.1089369E+02   0.9895638E+01   0.1013009E+02   0.2740331E+02
   0.5040000E+03   0.2142943E+02   0.1944048E+02   0.2710213E+02   0.2316975E+02   0.2186872E+02   0.2794360E+02   0.1067549E+02   0.1089295E+02   0.9895812E+01   0.1013016E+02   0.2740067E+02
   0.5050000E+03   0.2143113E+02   0.1944112E+02   0.2710432E+02   0.2317585E+02   0.2187729E+02   0.2794393E+02   0.1067439E+02   0.1089221E+02   0.9895988E+01   0.1013022E+02   0.2739788E+02
   0.5060000E+03   0.2143285E+02   0.1944176E+02   0.2710650E+02   0.2318217E+02   0.2188754E+02   0.2794415E+02   0.1067330E+02   0.1089147E+02   0.9896163E+01   0.1013029E+02   0.2739509E+02
   0.5070000E+03   0.2143460E+02   0.1944240E+02   0.2710868E+02   0.2318876E+02   0.2189895E+02   0.2794428E+02   0.1067220E+02   0.1089074E+02   0.9896336E+01   0.1013035E+02   0.2739230E+02
   0.5080000E+03   0.2143638E+02   0.1944303E+02   0.2711090E+02   0.2319542E+02   0.2191038E+02   0.2794434E+02   0.1067111E+02   0.1089001E+02   0.9896508E+01   0.1013042E+02   0.2738924E+02
   0.5090000E+03   0.2143819E+02   0.1944365E+02   0.2711313E+02   0.2320187E+02   0.2192099E+02   0.2794434E+02   0.1067001E+02   0.1088928E+02   0.9896681E+01   0.1013048E+02   0.2738649E+02
   0.5100000E+03   0.2144003E+02   0.1944427E+02   0.2711537E+02   0.2320786E+02   0.2193036E+02   0.2794428E+02   0.1066892E+02   0.1088856E+02   0.9896852E+01   0.1013054E+02   0.2738361E+02
   0.5110000E+03   0.2144191E+02   0.1944490E+02   0.2711758E+02   0.2321328E+02   0.2193845E+02   0.2794419E+02   0.1066782E+02   0.1088783E+02   0.9897024E+01   0.1013061E+02   0.2738093E+02
   0.5120000E+03   0.2144381E+02   0.1944552E+02   0.2711976E+02   0.2321818E+02   0.2194563E+02   0.2794407E+02   0.1066673E+02   0.1088711E+02   0.9897196E+01   0.1013067E+02   0.2737818E+02
   0.5130000E+03   0.2144572E+02   0.1944614E+02   0.2712196E+02   0.2322272E+02   0.2195234E+02   0.2794391E+02   0.1066564E+02   0.1088640E+02   0.9897367E+01   0.1013073E+02   0.2737547E+02
   0.5140000E+03   0.2144765E+02   0.1944675E+02   0.2712413E+02   0.2322708E+02   0.2195882E+02   0.2794374E+02   0.1066455E+02   0.1088568E+02   0.9897536E+01   0.1013080E+02   0.2737269E+02
   0.5150000E+03   0.2144961E+02   0.1944738E+02   0.2712632E+02   0.2323136E+02   0.2196511E+02   0.2794354E+02   0.1066345E+02   0.1088497E+02   0.9897706E+01   0.1013086E+02   0.2736990E+02
   0.5160000E+03   0.2145158E+02   0.1944800E+02   0.2712851E+02   0.2323553E+02   0.2197114E+02   0.2794334E+02   0.1066236E+02   0.1088426E+02   0.9897875E+01   0.1013092E+02   0.2736711E+02
   0.5170000E+03   0.2145358E+02   0.1944861E+02   0.2713069E+02   0.2323952E+02   0.2197685E+02   0.2794312E+02   0.1066127E+02   0.1088356E+02   0.9898043E+01   0.1013099E+02   0.2736432E+02
   0.5180000E+03   0.2145561E+02   0.1944923E+02   0.2713288E+02   0.2324324E+02   0.2198213E+02   0.2794289E+02   0.1066018E+02   0.1088286E+02   0.9898210E+01   0.1013105E+02   0.2736154E+02
   0.5190000E+03   0.2145768E+02   0.1944985E+02   0.2713507E+02   0.2324667E+02   0.2198691E+02   0.2794265E+02   0.1065909E+02   0.1088216E+02   0.9898375E+01   0.1013111E+02   0.2735875E+02
   0.5200000E+03   0.2145978E+02   0.1945047E+02   0.2713726E+02   0.2324980E+02   0.2199120E+02   0.2794240E+02   0.1065800E+02   0.1088146E+02   0.9898540E+01   0.1013117E+02   0.2735596E+02
   0.5210000E+03   0.2146192E+02   0.1945109E+02   0.2713949E+02   0.2325266E+02   0.2199502E+02   0.2794215E+02   0.1065691E+02   0.1088077E+02   0.9898705E+01   0.1013124E+02   0.2735317E+02
   0.5220000E+03   0.2146410E+02   0.1945172E+02   0.2714176E+02   0.2325529E+02   0.2199845E+02   0.2794190E+02   0.1065582E+02   0.1088008E+02   0.9898870E+01   0.1013130E+02   0.2734981E+02
   0.5230000E+03   0.2146632E+02   0.1945236E+02   0.2714395E+02   0.2325772E+02   0.2200157E+02   0.2794164E+02   0.1065473E+02   0.1087940E+02   0.9899035E+01   0.1013136E+02   0.2734756E+02
   0.5240000E+03   0.2146858E+02   0.1945300E+02   0.2714612E+02   0.2326000E+02   0.2200443E+02   0.2794138E+02   0.1065364E+02   0.1087871E+02   0.9899199E+01   0.1013142E+02   0.2734478E+02
   0.5250000E+03   0.2147087E+02   0.1945364E+02   0.2714831E+02   0.2326213E+02   0.2200707E+02   0.2794112E+02   0.1065255E+02   0.1087803E+02   0.9899363E+01   0.1013148E+02   0.2734188E+02
   0.5260000E+03   0.2147319E+02   0.1945428E+02   0.2715048E+02   0.2326416E+02   0.2200954E+02   0.2794085E+02   0.1065146E+02   0.1087735E+02   0.9899526E+01   0.1013154E+02   0.2733907E+02
   0.5270000E+03   0.2147552E+02   0.1945459E+02   0.2715263E+02   0.2326610E+02   0.2201188E+02   0.2794059E+02   0.1065037E+02   0.1087667E+02   0.9899688E+01   0.1013159E+02   0.2733640E+02
   0.5280000E+03   0.2147788E+02   0.1944197E+02   0.2715480E+02   0.2326796E+02   0.2201409E+02   0.2794032E+02   0.1064928E+02   0.1087599E+02   0.9899848E+01   0.1013165E+02   0.2733325E+02
   0.5290000E+03   0.2148025E+02   0.1942992E+02   0.2715697E+02   0.2326976E+02   0.2201621E+02   0.2794005E+02   0.1064819E+02   0.1087531E+02   0.9900010E+01   0.1013171E+02   0.2732979E+02
   0.5300000E+03   0.2148263E+02   0.1941984E+02   0.2715911E+02   0.2327152E+02   0.2201826E+02   0.2793978E+02   0.1064711E+02   0.1087463E+02   0.9900171E+01   0.1013177E+02   0.2732784E+02
   0.5310000E+03   0.2148501E+02   0.1941158E+02   0.2716126E+02   0.2327323E+02   0.2202025E+02   0.2793951E+02   0.1064602E+02   0.1087396E+02   0.9900331E+01   0.1013182E+02   0.2732516E+02
   0.5320000E+03   0.2148741E+02   0.1940480E+02   0.2716341E+02   0.2327491E+02   0.2202218E+02   0.2793924E+02   0.1064493E+02   0.1087328E+02   0.9900492E+01   0.1013188E+02   0.2732237E+02
   0.5330000E+03   0.2148980E+02   0.1939926E+02   0.2716555E+02   0.2327656E+02   0.2202408E+02   0.2793897E+02   0.1064385E+02   0.1087260E+02   0.9900651E+01   0.1013194E+02   0.2731958E+02
   0.5340000E+03   0.2149220E+02   0.1939473E+02   0.2716769E+02   0.2327818E+02   0.2202593E+02   0.2793869E+02   0.1064276E+02   0.1087193E+02   0.9900809E+01   0.1013200E+02   0.2731679E+02
   0.5350000E+03   0.2149460E+02   0.1939102E+02   0.2716983E+02   0.2327979E+02   0.2202776E+02   0.2793842E+02   0.1064168E+02   0.1087125E+02   0.9900967E+01   0.1013205E+02   0.2731400E+02
   0.5360000E+03   0.2149700E+02   0.1938799E+02   0.2717197E+02   0.2328138E+02   0.2202957E+02   0.2793814E+02   0.1064059E+02   0.1087058E+02   0.9901124E+01   0.1013211E+02   0.2731121E+02
   0.5370000E+03   0.2149940E+02   0.1938552E+02   0.2717410E+02   0.2328296E+02   0.2203136E+02   0.2793786E+02   0.1063951E+02   0.1086991E+02   0.9901281E+01   0.1013217E+02   0.2730842E+02
   0.5380000E+03   0.2150180E+02   0.1938350E+02   0.2717624E+02   0.2328452E+02   0.2203313E+02   0.2793758E+02   0.1063842E+02   0.1086923E+02   0.9901438E+01   0.1013222E+02   0.2730562E+02
   0.5390000E+03   0.2150419E+02   0.1938185E+02   0.2717837E+02   0.2328608E+02   0.2203489E+02   0.2793730E+02   0.1063734E+02   0.1086856E+02   0.9901592E+01   0.1013228E+02   0.2730284E+02
   0.5400000E+03   0.2150659E+02   0.1938050E+02   0.2718048E+02   0.2328763E+02   0.2203664E+02   0.2793702E+02   0.1063626E+02   0.1086789E+02   0.9901747E+01   0.1013234E+02   0.2730004E+02
   0.5410000E+03   0.2150899E+02   0.1937940E+02   0.2718261E+02   0.2328918E+02   0.2203839E+02   0.2793674E+02   0.1063518E+02   0.1086722E+02   0.9901903E+01   0.1013239E+02   0.2729725E+02
   0.5420000E+03   0.2151138E+02   0.1937850E+02   0.2718477E+02   0.2329072E+02   0.2204012E+02   0.2793647E+02   0.1063409E+02   0.1086654E+02   0.9902058E+01   0.1013245E+02   0.2729376E+02
   0.5430000E+03   0.2151377E+02   0.1937777E+02   0.2718700E+02   0.2329226E+02   0.2204185E+02   0.2793619E+02   0.1063301E+02   0.1086587E+02   0.9902212E+01   0.1013250E+02   0.2729062E+02
   0.5440000E+03   0.2151615E+02   0.1937718E+02   0.2718945E+02   0.2329379E+02   0.2204357E+02   0.2793591E+02   0.1063193E+02   0.1086520E+02   0.9902365E+01   0.1013256E+02   0.2728785E+02
   0.5450000E+03   0.2151854E+02   0.1937669E+02   0.2719192E+02   0.2329531E+02   0.2204529E+02   0.2793563E+02   0.1063085E+02   0.1086453E+02   0.9902517E+01   0.1013262E+02   0.2728491E+02
   0.5460000E+03   0.2152092E+02   0.1937631E+02   0.2719442E+02   0.2329684E+02   0.2204701E+02   0.2793535E+02   0.1062977E+02   0.1086386E+02   0.9902670E+01   0.1013267E+02   0.2728213E+02
   0.5470000E+03   0.2152330E+02   0.1937599E+02   0.2719693E+02   0.2329837E+02   0.2204873E+02   0.2793507E+02   0.1062869E+02   0.1086319E+02   0.9902822E+01   0.1013272E+02   0.2727929E+02
   0.5480000E+03   0.2152567E+02   0.1937573E+02   0.2719953E+02   0.2329989E+02   0.2205044E+02   0.2793480E+02   0.1062761E+02   0.1086252E+02   0.9902974E+01   0.1013278E+02   0.2727644E+02
   0.5490000E+03   0.2152804E+02   0.1937525E+02   0.2720177E+02   0.2330140E+02   0.2205215E+02   0.2793452E+02   0.1062653E+02   0.1086185E+02   0.9903125E+01   0.1013283E+02   0.2727444E+02
   0.5500000E+03   0.2153041E+02   0.1937423E+02   0.2720406E+02   0.2330292E+02   0.2205385E+02   0.2793424E+02   0.1062545E+02   0.1086118E+02   0.9903275E+01   0.1013289E+02   0.2727090E+02
   0.5510000E+03   0.2153278E+02   0.1937287E+02   0.2720605E+02   0.2330444E+02   0.2205555E+02   0.2793397E+02   0.1062437E+02   0.1086051E+02   0.9903425E+01   0.1013295E+02   0.2726798E+02
   0.5520000E+03   0.2153515E+02   0.1937147E+02   0.2720802E+02   0.2330595E+02   0.2205725E+02   0.2793369E+02   0.1062329E+02   0.1085984E+02   0.9903573E+01   0.1013300E+02   0.2726511E+02
   0.5530000E+03   0.2153751E+02   0.1937021E+02   0.2720999E+02   0.2330746E+02   0.2205895E+02   0.2793341E+02   0.1062221E+02   0.1085918E+02   0.9903721E+01   0.1013305E+02   0.2726242E+02
   0.5540000E+03   0.2153987E+02   0.1936915E+02   0.2721195E+02   0.2330898E+02   0.2206065E+02   0.2793313E+02   0.1062113E+02   0.1085851E+02   0.9903868E+01   0.1013311E+02   0.2725951E+02
   0.5550000E+03   0.2154223E+02   0.1936827E+02   0.2721391E+02   0.2331049E+02   0.2206235E+02   0.2793286E+02   0.1062005E+02   0.1085784E+02   0.9904016E+01   0.1013316E+02   0.2725663E+02
   0.5560000E+03   0.2154459E+02   0.1936755E+02   0.2721617E+02   0.2331200E+02   0.2206404E+02   0.2793258E+02   0.1061897E+02   0.1085717E+02   0.9904162E+01   0.1013321E+02   0.2725382E+02
   0.5570000E+03   0.2154694E+02   0.1936696E+02   0.2721865E+02   0.2331351E+02   0.2206574E+02   0.2793230E+02   0.1061789E+02   0.1085651E+02   0.9904308E+01   0.1013327E+02   0.2725103E+02
   0.5580000E+03   0.2154929E+02   0.1936648E+02   0.2722067E+02   0.2331501E+02   0.2206743E+02   0.2793202E+02   0.1061682E+02   0.1085584E+02   0.9904453E+01   0.1013332E+02   0.2724882E+02
   0.5590000E+03   0.2155164E+02   0.1936610E+02   0.2722277E+02   0.2331652E+02   0.2206912E+02   0.2793175E+02   0.1061574E+02   0.1085517E+02   0.9904597E+01   0.1013337E+02   0.2724567E+02
   0.5600000E+03   0.2155398E+02   0.1936579E+02   0.2722511E+02   0.2331802E+02   0.2207081E+02   0.2793147E+02   0.1061466E+02   0.1085451E+02   0.9904741E+01   0.1013342E+02   0.2724279E+02
   0.5610000E+03   0.2155632E+02   0.1936553E+02   0.2722717E+02   0.2331953E+02   0.2207250E+02   0.2793119E+02   0.1061358E+02   0.1085384E+02   0.9904884E+01   0.1013347E+02   0.2724000E+02
   0.5620000E+03   0.2155866E+02   0.1936533E+02   0.2722915E+02   0.2332103E+02   0.2207419E+02   0.2793091E+02   0.1061251E+02   0.1085318E+02   0.9905026E+01   0.1013352E+02   0.2723819E+02
   0.5630000E+03   0.2156099E+02   0.1936517E+02   0.2723111E+02   0.2332253E+02   0.2207588E+02   0.2793064E+02   0.1061143E+02   0.1085252E+02   0.9905169E+01   0.1013357E+02   0.2723507E+02
   0.5640000E+03   0.2156332E+02   0.1936504E+02   0.2723312E+02   0.2332403E+02   0.2207757E+02   0.2793036E+02   0.1061036E+02   0.1085185E+02   0.9905312E+01   0.1013362E+02   0.2723172E+02
   0.5650000E+03   0.2156565E+02   0.1936494E+02   0.2723524E+02   0.2332553E+02   0.2207926E+02   0.2793008E+02   0.1060928E+02   0.1085119E+02   0.9905455E+01   0.1013367E+02   0.2722892E+02
   0.5660000E+03   0.2156797E+02   0.1936486E+02   0.2723722E+02   0.2332703E+02   0.2208094E+02   0.2792980E+02   0.1060821E+02   0.1085052E+02   0.9905597E+01   0.1013372E+02   0.2722632E+02
   0.5670000E+03   0.2157030E+02   0.1936480E+02   0.2723918E+02   0.2332853E+02   0.2208263E+02   0.2792952E+02   0.1060713E+02   0.1084986E+02   0.9905738E+01   0.1013377E+02   0.2722392E+02
   0.5680000E+03   0.2157261E+02   0.1936475E+02   0.2724111E+02   0.2333003E+02   0.2208431E+02   0.2792924E+02   0.1060606E+02   0.1084920E+02   0.9905878E+01   0.1013382E+02   0.2722112E+02
   0.5690000E+03   0.2157493E+02   0.1936472E+02   0.2724307E+02   0.2333153E+02   0.2208599E+02   0.2792896E+02   0.1060499E+02   0.1084854E+02   0.9906017E+01   0.1013387E+02   0.2721787E+02
   0.5700000E+03   0.2157724E+02   0.1936470E+02   0.2724502E+02   0.2333302E+02   0.2208768E+02   0.2792869E+02   0.1060391E+02   0.1084788E+02   0.9906157E+01   0.1013392E+02   0.2721496E+02
   0.5710000E+03   0.2157954E+02   0.1936468E+02   0.2724699E+02   0.2333452E+02   0.2208937E+02   0.2792841E+02   0.1060284E+02   0.1084721E+02   0.9906295E+01   0.1013397E+02   0.2721228E+02
   0.5720000E+03   0.2158185E+02   0.1936467E+02   0.2724895E+02   0.2333601E+02   0.2209105E+02   0.2792813E+02   0.1060177E+02   0.1084655E+02   0.9906433E+01   0.1013402E+02   0.2720958E+02
   0.5730000E+03   0.2158415E+02   0.1936467E+02   0.2725090E+02   0.2333750E+02   0.2209273E+02   0.2792785E+02   0.1060070E+02   0.1084589E+02   0.9906571E+01   0.1013407E+02   0.2720672E+02
   0.5740000E+03   0.2158644E+02   0.1936467E+02   0.2725284E+02   0.2333900E+02   0.2209441E+02   0.2792757E+02   0.1059963E+02   0.1084523E+02   0.9906710E+01   0.1013412E+02   0.2720381E+02
   0.5750000E+03   0.2158874E+02   0.1936467E+02   0.2725481E+02   0.2334049E+02   0.2209609E+02   0.2792729E+02   0.1059856E+02   0.1084457E+02   0.9906848E+01   0.1013417E+02   0.2720090E+02
   0.5760000E+03   0.2159103E+02   0.1936468E+02   0.2725674E+02   0.2334198E+02   0.2209777E+02   0.2792701E+02   0.1059748E+02   0.1084391E+02   0.9906983E+01   0.1013422E+02   0.2719800E+02
   0.5770000E+03   0.2159331E+02   0.1936469E+02   0.2725876E+02   0.2334347E+02   0.2209945E+02   0.2792673E+02   0.1059641E+02   0.1084325E+02   0.9907120E+01   0.1013426E+02   0.2719521E+02
   0.5780000E+03   0.2159560E+02   0.1936470E+02   0.2726070E+02   0.2334496E+02   0.2210113E+02   0.2792645E+02   0.1059534E+02   0.1084259E+02   0.9907254E+01   0.1013431E+02   0.2719239E+02
   0.5790000E+03   0.2159787E+02   0.1936471E+02   0.2726264E+02   0.2334645E+02   0.2210280E+02   0.2792617E+02   0.1059427E+02   0.1084193E+02   0.9907388E+01   0.1013436E+02   0.2718952E+02
   0.5800000E+03   0.2160015E+02   0.1936473E+02   0.2726458E+02   0.2334793E+02   0.2210448E+02   0.2792589E+02   0.1059320E+02   0.1084128E+02   0.9907522E+01   0.1013441E+02   0.2718667E+02
   0.5810000E+03   0.2160243E+02   0.1936474E+02   0.2726652E+02   0.2334942E+02   0.2210615E+02   0.2792561E+02   0.1059213E+02   0.1084062E+02   0.9907656E+01   0.1013446E+02   0.2718399E+02
   0.5820000E+03   0.2160470E+02   0.1936476E+02   0.2726846E+02   0.2335090E+02   0.2210783E+02   0.2792533E+02   0.1059106E+02   0.1083996E+02   0.9907789E+01   0.1013451E+02   0.2718142E+02
   0.5830000E+03   0.2160696E+02   0.1936478E+02   0.2727041E+02   0.2335238E+02   0.2210950E+02   0.2792506E+02   0.1059000E+02   0.1083930E+02   0.9907922E+01   0.1013455E+02   0.2717869E+02
   0.5840000E+03   0.2160922E+02   0.1936479E+02   0.2727237E+02   0.2335387E+02   0.2211118E+02   0.2792478E+02   0.1058893E+02   0.1083864E+02   0.9908054E+01   0.1013460E+02   0.2717599E+02
   0.5850000E+03   0.2161148E+02   0.1936481E+02   0.2727431E+02   0.2335535E+02   0.2211285E+02   0.2792450E+02   0.1058786E+02   0.1083798E+02   0.9908187E+01   0.1013465E+02   0.2717319E+02
   0.5860000E+03   0.2161374E+02   0.1936483E+02   0.2727626E+02   0.2335683E+02   0.2211453E+02   0.2792561E+02   0.1058679E+02   0.1083733E+02   0.9908318E+01   0.1013469E+02   0.2717026E+02
   0.5870000E+03   0.2161600E+02   0.1936485E+02   0.2727822E+02   0.2335832E+02   0.2211620E+02   0.2792890E+02   0.1058572E+02   0.1083667E+02   0.9908450E+01   0.1013474E+02   0.2716716E+02
   0.5880000E+03   0.2161825E+02   0.1936487E+02   0.2728017E+02   0.2335980E+02   0.2211787E+02   0.2793275E+02   0.1058466E+02   0.1083601E+02   0.9908581E+01   0.1013478E+02   0.2716434E+02
   0.5890000E+03   0.2162049E+02   0.1936489E+02   0.2728213E+02   0.2336128E+02   0.2211954E+02   0.2793621E+02   0.1058359E+02   0.1083535E+02   0.9908711E+01   0.1013483E+02   0.2716154E+02
   0.5900000E+03   0.2162274E+02   0.1936491E+02   0.2728410E+02   0.2336276E+02   0.2212122E+02   0.2793902E+02   0.1058252E+02   0.1083469E+02   0.9908840E+01   0.1013487E+02   0.2715863E+02
   0.5910000E+03   0.2162498E+02   0.1936493E+02   0.2728606E+02   0.2336423E+02   0.2212289E+02   0.2794126E+02   0.1058146E+02   0.1083404E+02   0.9908969E+01   0.1013492E+02   0.2715582E+02
   0.5920000E+03   0.2162721E+02   0.1936495E+02   0.2728803E+02   0.2336571E+02   0.2212456E+02   0.2794304E+02   0.1058039E+02   0.1083338E+02   0.9909097E+01   0.1013496E+02   0.2715302E+02
   0.5930000E+03   0.2162944E+02   0.1936497E+02   0.2729001E+02   0.2336719E+02   0.2212623E+02   0.2794442E+02   0.1057933E+02   0.1083273E+02   0.9909224E+01   0.1013501E+02   0.2715021E+02
   0.5940000E+03   0.2163167E+02   0.1936499E+02   0.2729198E+02   0.2336866E+02   0.2212790E+02   0.2794550E+02   0.1057827E+02   0.1083207E+02   0.9909350E+01   0.1013505E+02   0.2714740E+02
   0.5950000E+03   0.2163390E+02   0.1936501E+02   0.2729395E+02   0.2337014E+02   0.2212957E+02   0.2794633E+02   0.1057720E+02   0.1083142E+02   0.9909477E+01   0.1013510E+02   0.2714457E+02
   0.5960000E+03   0.2163612E+02   0.1936503E+02   0.2729591E+02   0.2337161E+02   0.2213124E+02   0.2794695E+02   0.1057614E+02   0.1083076E+02   0.9909602E+01   0.1013514E+02   0.2714173E+02
   0.5970000E+03   0.2163834E+02   0.1936505E+02   0.2729787E+02   0.2337308E+02   0.2213290E+02   0.2794740E+02   0.1057508E+02   0.1083011E+02   0.9909727E+01   0.1013518E+02   0.2713890E+02
   0.5980000E+03   0.2164055E+02   0.1936507E+02   0.2729984E+02   0.2337456E+02   0.2213457E+02   0.2794772E+02   0.1057401E+02   0.1082946E+02   0.9909852E+01   0.1013523E+02   0.2713604E+02
   0.5990000E+03   0.2164276E+02   0.1936509E+02   0.2730180E+02   0.2337603E+02   0.2213623E+02   0.2794793E+02   0.1057295E+02   0.1082880E+02   0.9909977E+01   0.1013527E+02   0.2713325E+02
   0.6000000E+03   0.2164497E+02   0.1936511E+02   0.2730376E+02   0.2337749E+02   0.2213790E+02   0.2794805E+02   0.1057189E+02   0.1082815E+02   0.9910101E+01   0.1013531E+02   0.2713046E+02
   0.6010000E+03   0.2164717E+02   0.1936513E+02   0.2730571E+02   0.2337896E+02   0.2213956E+02   0.2794809E+02   0.1057083E+02   0.1082750E+02   0.9910224E+01   0.1013535E+02   0.2712761E+02
   0.6020000E+03   0.2164938E+02   0.1936515E+02   0.2730765E+02   0.2338043E+02   0.2214123E+02   0.2794808E+02   0.1056976E+02   0.1082685E+02   0.9910346E+01   0.1013540E+02   0.2712484E+02
   0.6030000E+03   0.2165157E+02   0.1936517E+02   0.2730961E+02   0.2338190E+02   0.2214289E+02   0.2794802E+02   0.1056870E+02   0.1082619E+02   0.9910468E+01   0.1013544E+02   0.2712209E+02
   0.6040000E+03   0.2165376E+02   0.1936519E+02   0.2731155E+02   0.2338336E+02   0.2214456E+02   0.2794791E+02   0.1056764E+02   0.1082554E+02   0.9910589E+01   0.1013548E+02   0.2711921E+02
   0.6050000E+03   0.2165595E+02   0.1936521E+02   0.2731349E+02   0.2338483E+02   0.2214622E+02   0.2794777E+02   0.1056658E+02   0.1082489E+02   0.9910710E+01   0.1013552E+02   0.2711632E+02
   0.6060000E+03   0.2165814E+02   0.1936523E+02   0.2731542E+02   0.2338629E+02   0.2214788E+02   0.2794761E+02   0.1056552E+02   0.1082424E+02   0.9910831E+01   0.1013556E+02   0.2711353E+02
   0.6070000E+03   0.2166032E+02   0.1936525E+02   0.2731735E+02   0.2338776E+02   0.2214954E+02   0.2794742E+02   0.1056446E+02   0.1082359E+02   0.9910952E+01   0.1013560E+02   0.2711074E+02
   0.6080000E+03   0.2166250E+02   0.1936527E+02   0.2731929E+02   0.2338922E+02   0.2215120E+02   0.2794722E+02   0.1056340E+02   0.1082294E+02   0.9911072E+01   0.1013565E+02   0.2710864E+02
   0.6090000E+03   0.2166483E+02   0.1936285E+02   0.2732124E+02   0.2339068E+02   0.2215285E+02   0.2794699E+02   0.1056234E+02   0.1082228E+02   0.9911190E+01   0.1013569E+02   0.2710585E+02
   0.6100000E+03   0.2166732E+02   0.1935570E+02   0.2732318E+02   0.2339214E+02   0.2215450E+02   0.2794676E+02   0.1056128E+02   0.1082163E+02   0.9911308E+01   0.1013573E+02   0.2710305E+02
   0.6110000E+03   0.2166985E+02   0.1934425E+02   0.2732516E+02   0.2339360E+02   0.2215616E+02   0.2794653E+02   0.1056022E+02   0.1082098E+02   0.9911426E+01   0.1013577E+02   0.2709969E+02
   0.6120000E+03   0.2167236E+02   0.1933064E+02   0.2732718E+02   0.2339506E+02   0.2215781E+02   0.2794628E+02   0.1055916E+02   0.1082033E+02   0.9911544E+01   0.1013581E+02   0.2709686E+02
   0.6130000E+03   0.2167484E+02   0.1931696E+02   0.2732921E+02   0.2339652E+02   0.2215946E+02   0.2794602E+02   0.1055810E+02   0.1081968E+02   0.9911662E+01   0.1013585E+02   0.2709397E+02
   0.6140000E+03   0.2167729E+02   0.1930459E+02   0.2733125E+02   0.2339798E+02   0.2216112E+02   0.2794576E+02   0.1055704E+02   0.1081904E+02   0.9911778E+01   0.1013589E+02   0.2709110E+02
   0.6150000E+03   0.2167970E+02   0.1929402E+02   0.2733330E+02   0.2339944E+02   0.2216277E+02   0.2794549E+02   0.1055599E+02   0.1081839E+02   0.9911895E+01   0.1013593E+02   0.2708826E+02
   0.6160000E+03   0.2168210E+02   0.1928522E+02   0.2733537E+02   0.2340089E+02   0.2216442E+02   0.2794522E+02   0.1055493E+02   0.1081774E+02   0.9912010E+01   0.1013597E+02   0.2708537E+02
   0.6170000E+03   0.2168448E+02   0.1927797E+02   0.2733745E+02   0.2340235E+02   0.2216607E+02   0.2794495E+02   0.1055387E+02   0.1081709E+02   0.9912127E+01   0.1013601E+02   0.2708256E+02
   0.6180000E+03   0.2168684E+02   0.1927204E+02   0.2733951E+02   0.2340380E+02   0.2216773E+02   0.2794467E+02   0.1055282E+02   0.1081645E+02   0.9912242E+01   0.1013605E+02   0.2708047E+02
   0.6190000E+03   0.2168919E+02   0.1926698E+02   0.2734155E+02   0.2340526E+02   0.2216938E+02   0.2794440E+02   0.1055176E+02   0.1081580E+02   0.9912357E+01   0.1013609E+02   0.2707767E+02
   0.6200000E+03   0.2169153E+02   0.1926196E+02   0.2734358E+02   0.2340671E+02   0.2217103E+02   0.2794412E+02   0.1055071E+02   0.1081515E+02   0.9912473E+01   0.1013613E+02   0.2707498E+02
   0.6210000E+03   0.2169387E+02   0.1925667E+02   0.2734561E+02   0.2340816E+02   0.2217268E+02   0.2794384E+02   0.1054965E+02   0.1081451E+02   0.9912585E+01   0.1013617E+02   0.2707153E+02
   0.6220000E+03   0.2169620E+02   0.1925139E+02   0.2734763E+02   0.2340961E+02   0.2217433E+02   0.2794356E+02   0.1054860E+02   0.1081386E+02   0.9912699E+01   0.1013621E+02   0.2706880E+02
   0.6230000E+03   0.2169853E+02   0.1924654E+02   0.2734967E+02   0.2341107E+02   0.2217598E+02   0.2794328E+02   0.1054754E+02   0.1081322E+02   0.9912811E+01   0.1013625E+02   0.2706590E+02
   0.6240000E+03   0.2170085E+02   0.1924235E+02   0.2735175E+02   0.2341251E+02   0.2217763E+02   0.2794299E+02   0.1054649E+02   0.1081257E+02   0.9912925E+01   0.1013628E+02   0.2706306E+02
   0.6250000E+03   0.2170316E+02   0.1923887E+02   0.2735377E+02   0.2341396E+02   0.2217928E+02   0.2794271E+02   0.1054543E+02   0.1081193E+02   0.9913037E+01   0.1013632E+02   0.2706026E+02
   0.6260000E+03   0.2170547E+02   0.1923599E+02   0.2735580E+02   0.2341541E+02   0.2218092E+02   0.2794242E+02   0.1054438E+02   0.1081128E+02   0.9913148E+01   0.1013636E+02   0.2705738E+02
   0.6270000E+03   0.2170778E+02   0.1923364E+02   0.2735783E+02   0.2341686E+02   0.2218257E+02   0.2794214E+02   0.1054333E+02   0.1081064E+02   0.9913259E+01   0.1013640E+02   0.2705475E+02
   0.6280000E+03   0.2171008E+02   0.1923172E+02   0.2735986E+02   0.2341831E+02   0.2218421E+02   0.2794185E+02   0.1054228E+02   0.1080999E+02   0.9913368E+01   0.1013644E+02   0.2705177E+02
   0.6290000E+03   0.2171238E+02   0.1923015E+02   0.2736189E+02   0.2341975E+02   0.2218586E+02   0.2794156E+02   0.1054122E+02   0.1080935E+02   0.9913479E+01   0.1013647E+02   0.2704894E+02
   0.6300000E+03   0.2171467E+02   0.1922887E+02   0.2736392E+02   0.2342120E+02   0.2218750E+02   0.2794127E+02   0.1054017E+02   0.1080871E+02   0.9913589E+01   0.1013651E+02   0.2704632E+02
   0.6310000E+03   0.2171696E+02   0.1922783E+02   0.2736596E+02   0.2342264E+02   0.2218915E+02   0.2794099E+02   0.1053912E+02   0.1080806E+02   0.9913697E+01   0.1013654E+02   0.2704330E+02
   0.6320000E+03   0.2171924E+02   0.1922698E+02   0.2736798E+02   0.2342408E+02   0.2219079E+02   0.2794070E+02   0.1053807E+02   0.1080742E+02   0.9913805E+01   0.1013658E+02   0.2704043E+02
   0.6330000E+03   0.2172153E+02   0.1922630E+02   0.2737001E+02   0.2342553E+02   0.2219243E+02   0.2794041E+02   0.1053702E+02   0.1080678E+02   0.9913913E+01   0.1013661E+02   0.2703763E+02
   0.6340000E+03   0.2172380E+02   0.1922574E+02   0.2737204E+02   0.2342697E+02   0.2219407E+02   0.2794013E+02   0.1053597E+02   0.1080614E+02   0.9914021E+01   0.1013665E+02   0.2703481E+02
   0.6350000E+03   0.2172608E+02   0.1922529E+02   0.2737406E+02   0.2342841E+02   0.2219571E+02   0.2793984E+02   0.1053492E+02   0.1080550E+02   0.9914128E+01   0.1013669E+02   0.2703195E+02
   0.6360000E+03   0.2172834E+02   0.1922493E+02   0.2737609E+02   0.2342984E+02   0.2219735E+02   0.2793955E+02   0.1053387E+02   0.1080485E+02   0.9914235E+01   0.1013672E+02   0.2702916E+02
   0.6370000E+03   0.2173061E+02   0.1922464E+02   0.2737811E+02   0.2343128E+02   0.2219899E+02   0.2793926E+02   0.1053282E+02   0.1080421E+02   0.9914342E+01   0.1013676E+02   0.2702633E+02
   0.6380000E+03   0.2173287E+02   0.1922441E+02   0.2738013E+02   0.2343272E+02   0.2220062E+02   0.2793897E+02   0.1053177E+02   0.1080357E+02   0.9914448E+01   0.1013679E+02   0.2702348E+02
   0.6390000E+03   0.2173513E+02   0.1922423E+02   0.2738216E+02   0.2343416E+02   0.2220226E+02   0.2793869E+02   0.1053072E+02   0.1080293E+02   0.9914553E+01   0.1013683E+02   0.2702064E+02
   0.6400000E+03   0.2173738E+02   0.1922409E+02   0.2738418E+02   0.2343559E+02   0.2220390E+02   0.2793840E+02   0.1052967E+02   0.1080229E+02   0.9914659E+01   0.1013686E+02   0.2701777E+02
   0.6410000E+03   0.2173964E+02   0.1922398E+02   0.2738620E+02   0.2343703E+02   0.2220553E+02   0.2793811E+02   0.1052862E+02   0.1080165E+02   0.9914763E+01   0.1013690E+02   0.2701494E+02
   0.6420000E+03   0.2174189E+02   0.1922389E+02   0.2738822E+02   0.2343846E+02   0.2220717E+02   0.2793781E+02   0.1052757E+02   0.1080102E+02   0.9914866E+01   0.1013693E+02   0.2701230E+02
   0.6430000E+03   0.2174413E+02   0.1922383E+02   0.2739024E+02   0.2343990E+02   0.2220880E+02   0.2793752E+02   0.1052653E+02   0.1080038E+02   0.9914969E+01   0.1013697E+02   0.2700983E+02
   0.6440000E+03   0.2174637E+02   0.1922378E+02   0.2739227E+02   0.2344133E+02   0.2221043E+02   0.2793723E+02   0.1052548E+02   0.1079974E+02   0.9915071E+01   0.1013700E+02   0.2700638E+02
   0.6450000E+03   0.2174861E+02   0.1922375E+02   0.2739429E+02   0.2344276E+02   0.2221207E+02   0.2793694E+02   0.1052443E+02   0.1079910E+02   0.9915174E+01   0.1013704E+02   0.2700310E+02
   0.6460000E+03   0.2175084E+02   0.1922372E+02   0.2739633E+02   0.2344419E+02   0.2221370E+02   0.2793665E+02   0.1052339E+02   0.1079846E+02   0.9915277E+01   0.1013707E+02   0.2700018E+02
   0.6470000E+03   0.2175307E+02   0.1922352E+02   0.2739838E+02   0.2344563E+02   0.2221533E+02   0.2793636E+02   0.1052234E+02   0.1079782E+02   0.9915379E+01   0.1013710E+02   0.2699805E+02
   0.6480000E+03   0.2175530E+02   0.1922245E+02   0.2740044E+02   0.2344705E+02   0.2221696E+02   0.2793607E+02   0.1052129E+02   0.1079719E+02   0.9915478E+01   0.1013714E+02   0.2699485E+02
   0.6490000E+03   0.2175753E+02   0.1922044E+02   0.2740249E+02   0.2344848E+02   0.2221859E+02   0.2793578E+02   0.1052025E+02   0.1079655E+02   0.9915579E+01   0.1013717E+02   0.2699201E+02
   0.6500000E+03   0.2175976E+02   0.1921795E+02   0.2740454E+02   0.2344991E+02   0.2222022E+02   0.2793549E+02   0.1051920E+02   0.1079591E+02   0.9915678E+01   0.1013720E+02   0.2698903E+02
   0.6510000E+03   0.2176200E+02   0.1921545E+02   0.2740660E+02   0.2345134E+02   0.2222184E+02   0.2793520E+02   0.1051816E+02   0.1079527E+02   0.9915777E+01   0.1013724E+02   0.2698611E+02
   0.6520000E+03   0.2176423E+02   0.1921321E+02   0.2740866E+02   0.2345277E+02   0.2222347E+02   0.2793491E+02   0.1051711E+02   0.1079464E+02   0.9915876E+01   0.1013727E+02   0.2698324E+02
   0.6530000E+03   0.2176645E+02   0.1921130E+02   0.2741072E+02   0.2345419E+02   0.2222510E+02   0.2793462E+02   0.1051607E+02   0.1079400E+02   0.9915975E+01   0.1013730E+02   0.2698038E+02
   0.6540000E+03   0.2176868E+02   0.1920972E+02   0.2741278E+02   0.2345562E+02   0.2222673E+02   0.2793433E+02   0.1051502E+02   0.1079337E+02   0.9916073E+01   0.1013734E+02   0.2697757E+02
   0.6550000E+03   0.2177090E+02   0.1920841E+02   0.2741484E+02   0.2345704E+02   0.2222835E+02   0.2793404E+02   0.1051398E+02   0.1079273E+02   0.9916170E+01   0.1013737E+02   0.2697474E+02
   0.6560000E+03   0.2177313E+02   0.1920695E+02   0.2741692E+02   0.2345847E+02   0.2222998E+02   0.2793375E+02   0.1051294E+02   0.1079209E+02   0.9916267E+01   0.1013740E+02   0.2697252E+02
   0.6570000E+03   0.2177535E+02   0.1920455E+02   0.2741899E+02   0.2345988E+02   0.2223161E+02   0.2793346E+02   0.1051190E+02   0.1079146E+02   0.9916365E+01   0.1013743E+02   0.2696972E+02
   0.6580000E+03   0.2177758E+02   0.1920106E+02   0.2742105E+02   0.2346131E+02   0.2223323E+02   0.2793316E+02   0.1051085E+02   0.1079082E+02   0.9916460E+01   0.1013746E+02   0.2696680E+02
   0.6590000E+03   0.2177980E+02   0.1919697E+02   0.2742311E+02   0.2346272E+02   0.2223485E+02   0.2793287E+02   0.1050981E+02   0.1079019E+02   0.9916555E+01   0.1013749E+02   0.2696355E+02
   0.6600000E+03   0.2178203E+02   0.1919296E+02   0.2742517E+02   0.2346415E+02   0.2223648E+02   0.2793258E+02   0.1050877E+02   0.1078956E+02   0.9916651E+01   0.1013752E+02   0.2696077E+02
   0.6610000E+03   0.2178426E+02   0.1918938E+02   0.2742723E+02   0.2346556E+02   0.2223810E+02   0.2793229E+02   0.1050773E+02   0.1078892E+02   0.9916746E+01   0.1013755E+02   0.2695789E+02
   0.6620000E+03   0.2178649E+02   0.1918635E+02   0.2742929E+02   0.2346698E+02   0.2223972E+02   0.2793200E+02   0.1050669E+02   0.1078829E+02   0.9916842E+01   0.1013758E+02   0.2695503E+02
   0.6630000E+03   0.2178872E+02   0.1918387E+02   0.2743135E+02   0.2346840E+02   0.2224134E+02   0.2793171E+02   0.1050565E+02   0.1078766E+02   0.9916936E+01   0.1013761E+02   0.2695220E+02
   0.6640000E+03   0.2179095E+02   0.1918182E+02   0.2743340E+02   0.2346982E+02   0.2224296E+02   0.2793142E+02   0.1050461E+02   0.1078702E+02   0.9917030E+01   0.1013764E+02   0.2694934E+02
   0.6650000E+03   0.2179317E+02   0.1918013E+02   0.2743547E+02   0.2347124E+02   0.2224458E+02   0.2793113E+02   0.1050357E+02   0.1078639E+02   0.9917124E+01   0.1013767E+02   0.2694700E+02
   0.6660000E+03   0.2179539E+02   0.1917877E+02   0.2743752E+02   0.2347265E+02   0.2224620E+02   0.2793084E+02   0.1050253E+02   0.1078576E+02   0.9917215E+01   0.1013770E+02   0.2694403E+02
   0.6670000E+03   0.2179762E+02   0.1917765E+02   0.2743958E+02   0.2347406E+02   0.2224781E+02   0.2793055E+02   0.1050149E+02   0.1078512E+02   0.9917308E+01   0.1013773E+02   0.2694117E+02
   0.6680000E+03   0.2179984E+02   0.1917675E+02   0.2744163E+02   0.2347548E+02   0.2224943E+02   0.2793026E+02   0.1050045E+02   0.1078449E+02   0.9917399E+01   0.1013776E+02   0.2693819E+02
   0.6690000E+03   0.2180206E+02   0.1917602E+02   0.2744367E+02   0.2347689E+02   0.2225105E+02   0.2792997E+02   0.1049942E+02   0.1078386E+02   0.9917490E+01   0.1013779E+02   0.2693533E+02
   0.6700000E+03   0.2180427E+02   0.1917542E+02   0.2744571E+02   0.2347830E+02   0.2225267E+02   0.2792968E+02   0.1049838E+02   0.1078323E+02   0.9917582E+01   0.1013782E+02   0.2693247E+02
   0.6710000E+03   0.2180647E+02   0.1917495E+02   0.2744774E+02   0.2347971E+02   0.2225428E+02   0.2792939E+02   0.1049734E+02   0.1078260E+02   0.9917673E+01   0.1013785E+02   0.2692962E+02
   0.6720000E+03   0.2180868E+02   0.1917456E+02   0.2744984E+02   0.2348112E+02   0.2225590E+02   0.2792909E+02   0.1049630E+02   0.1078197E+02   0.9917763E+01   0.1013788E+02   0.2692676E+02
   0.6730000E+03   0.2181089E+02   0.1917425E+02   0.2745187E+02   0.2348253E+02   0.2225751E+02   0.2792880E+02   0.1049527E+02   0.1078134E+02   0.9917852E+01   0.1013790E+02   0.2692384E+02
   0.6740000E+03   0.2181309E+02   0.1917400E+02   0.2745390E+02   0.2348394E+02   0.2225913E+02   0.2792850E+02   0.1049423E+02   0.1078071E+02   0.9917942E+01   0.1013793E+02   0.2692094E+02
   0.6750000E+03   0.2181529E+02   0.1917381E+02   0.2745593E+02   0.2348535E+02   0.2226074E+02   0.2792821E+02   0.1049319E+02   0.1078008E+02   0.9918032E+01   0.1013796E+02   0.2691809E+02
   0.6760000E+03   0.2181748E+02   0.1917366E+02   0.2745795E+02   0.2348676E+02   0.2226236E+02   0.2792792E+02   0.1049216E+02   0.1077945E+02   0.9918120E+01   0.1013799E+02   0.2691524E+02
   0.6770000E+03   0.2181967E+02   0.1917354E+02   0.2745998E+02   0.2348816E+02   0.2226397E+02   0.2792763E+02   0.1049112E+02   0.1077882E+02   0.9918209E+01   0.1013801E+02   0.2691239E+02
   0.6780000E+03   0.2182187E+02   0.1917345E+02   0.2746201E+02   0.2348957E+02   0.2226558E+02   0.2792733E+02   0.1049008E+02   0.1077819E+02   0.9918298E+01   0.1013804E+02   0.2690953E+02
   0.6790000E+03   0.2182409E+02   0.1917339E+02   0.2746404E+02   0.2349097E+02   0.2226719E+02   0.2792704E+02   0.1048905E+02   0.1077756E+02   0.9918385E+01   0.1013807E+02   0.2690668E+02
   0.6800000E+03   0.2182634E+02   0.1917334E+02   0.2746607E+02   0.2349238E+02   0.2226881E+02   0.2792675E+02   0.1048802E+02   0.1077694E+02   0.9918471E+01   0.1013809E+02   0.2690383E+02
   0.6810000E+03   0.2182860E+02   0.1917331E+02   0.2746810E+02   0.2349378E+02   0.2227042E+02   0.2792646E+02   0.1048698E+02   0.1077631E+02   0.9918557E+01   0.1013812E+02   0.2690098E+02
   0.6820000E+03   0.2183087E+02   0.1917328E+02   0.2747013E+02   0.2349519E+02   0.2227203E+02   0.2792617E+02   0.1048595E+02   0.1077568E+02   0.9918643E+01   0.1013815E+02   0.2689813E+02
   0.6830000E+03   0.2183316E+02   0.1917327E+02   0.2747217E+02   0.2349659E+02   0.2227364E+02   0.2792587E+02   0.1048491E+02   0.1077505E+02   0.9918729E+01   0.1013817E+02   0.2689533E+02
   0.6840000E+03   0.2183547E+02   0.1917327E+02   0.2747420E+02   0.2349799E+02   0.2227524E+02   0.2792558E+02   0.1048388E+02   0.1077443E+02   0.9918815E+01   0.1013820E+02   0.2689244E+02
   0.6850000E+03   0.2183778E+02   0.1917327E+02   0.2747622E+02   0.2349939E+02   0.2227685E+02   0.2792529E+02   0.1048285E+02   0.1077380E+02   0.9918900E+01   0.1013823E+02   0.2688960E+02
   0.6860000E+03   0.2184011E+02   0.1917328E+02   0.2747825E+02   0.2350079E+02   0.2227846E+02   0.2792499E+02   0.1048181E+02   0.1077317E+02   0.9918983E+01   0.1013825E+02   0.2688675E+02
   0.6870000E+03   0.2184245E+02   0.1917330E+02   0.2748028E+02   0.2350218E+02   0.2228006E+02   0.2792470E+02   0.1048078E+02   0.1077255E+02   0.9919068E+01   0.1013828E+02   0.2688403E+02
   0.6880000E+03   0.2184480E+02   0.1917332E+02   0.2748231E+02   0.2350358E+02   0.2228167E+02   0.2792440E+02   0.1047975E+02   0.1077192E+02   0.9919152E+01   0.1013830E+02   0.2688108E+02
   0.6890000E+03   0.2184716E+02   0.1917330E+02   0.2748433E+02   0.2350498E+02   0.2228327E+02   0.2792410E+02   0.1047872E+02   0.1077130E+02   0.9919236E+01   0.1013833E+02   0.2687836E+02
   0.6900000E+03   0.2184952E+02   0.1917326E+02   0.2748635E+02   0.2350637E+02   0.2228488E+02   0.2792381E+02   0.1047768E+02   0.1077067E+02   0.9919320E+01   0.1013835E+02   0.2687538E+02
   0.6910000E+03   0.2185190E+02   0.1917323E+02   0.2748837E+02   0.2350777E+02   0.2228648E+02   0.2792352E+02   0.1047665E+02   0.1077005E+02   0.9919404E+01   0.1013838E+02   0.2687252E+02
   0.6920000E+03   0.2185428E+02   0.1917319E+02   0.2749038E+02   0.2350916E+02   0.2228809E+02   0.2792322E+02   0.1047562E+02   0.1076942E+02   0.9919488E+01   0.1013840E+02   0.2686967E+02
   0.6930000E+03   0.2185666E+02   0.1917317E+02   0.2749240E+02   0.2351056E+02   0.2228969E+02   0.2792293E+02   0.1047459E+02   0.1076880E+02   0.9919569E+01   0.1013842E+02   0.2686681E+02
   0.6940000E+03   0.2185905E+02   0.1917316E+02   0.2749442E+02   0.2351195E+02   0.2229129E+02   0.2792263E+02   0.1047356E+02   0.1076817E+02   0.9919650E+01   0.1013845E+02   0.2686396E+02
   0.6950000E+03   0.2186144E+02   0.1917316E+02   0.2749644E+02   0.2351334E+02   0.2229289E+02   0.2792234E+02   0.1047253E+02   0.1076755E+02   0.9919731E+01   0.1013847E+02   0.2686110E+02
   0.6960000E+03   0.2186384E+02   0.1917317E+02   0.2749845E+02   0.2351473E+02   0.2229449E+02   0.2792204E+02   0.1047151E+02   0.1076692E+02   0.9919812E+01   0.1013850E+02   0.2685825E+02
   0.6970000E+03   0.2186625E+02   0.1917318E+02   0.2750045E+02   0.2351612E+02   0.2229609E+02   0.2792175E+02   0.1047048E+02   0.1076630E+02   0.9919892E+01   0.1013852E+02   0.2685540E+02
   0.6980000E+03   0.2186865E+02   0.1917319E+02   0.2750245E+02   0.2351751E+02   0.2229769E+02   0.2792145E+02   0.1046945E+02   0.1076568E+02   0.9919971E+01   0.1013855E+02   0.2685254E+02
   0.6990000E+03   0.2187106E+02   0.1917321E+02   0.2750446E+02   0.2351890E+02   0.2229929E+02   0.2792116E+02   0.1046842E+02   0.1076505E+02   0.9920052E+01   0.1013857E+02   0.2684969E+02
   0.7000000E+03   0.2187348E+02   0.1917323E+02   0.2750646E+02   0.2352028E+02   0.2230088E+02   0.2792086E+02   0.1046739E+02   0.1076443E+02   0.9920131E+01   0.1013859E+02   0.2684684E+02
   0.7010000E+03   0.2187589E+02   0.1917326E+02   0.2750846E+02   0.2352167E+02   0.2230248E+02   0.2792057E+02   0.1046637E+02   0.1076381E+02   0.9920210E+01   0.1013862E+02   0.2684398E+02
   0.7020000E+03   0.2187831E+02   0.1917329E+02   0.2751046E+02   0.2352306E+02   0.2230408E+02   0.2792027E+02   0.1046534E+02   0.1076319E+02   0.9920289E+01   0.1013864E+02   0.2684113E+02
   0.7030000E+03   0.2188072E+02   0.1917331E+02   0.2751246E+02   0.2352444E+02   0.2230567E+02   0.2791997E+02   0.1046431E+02   0.1076257E+02   0.9920365E+01   0.1013867E+02   0.2683827E+02
   0.7040000E+03   0.2188314E+02   0.1917334E+02   0.2751445E+02   0.2352583E+02   0.2230726E+02   0.2791968E+02   0.1046329E+02   0.1076195E+02   0.9920443E+01   0.1013869E+02   0.2683542E+02
   0.7050000E+03   0.2188556E+02   0.1917337E+02   0.2751644E+02   0.2352721E+02   0.2230886E+02   0.2791938E+02   0.1046226E+02   0.1076133E+02   0.9920520E+01   0.1013871E+02   0.2683257E+02
   0.7060000E+03   0.2188797E+02   0.1917340E+02   0.2751843E+02   0.2352859E+02   0.2231045E+02   0.2791908E+02   0.1046123E+02   0.1076071E+02   0.9920597E+01   0.1013873E+02   0.2682971E+02
   0.7070000E+03   0.2189039E+02   0.1917343E+02   0.2752042E+02   0.2352998E+02   0.2231204E+02   0.2791879E+02   0.1046021E+02   0.1076009E+02   0.9920673E+01   0.1013876E+02   0.2682686E+02
   0.7080000E+03   0.2189280E+02   0.1917347E+02   0.2752241E+02   0.2353136E+02   0.2231363E+02   0.2791849E+02   0.1045918E+02   0.1075947E+02   0.9920750E+01   0.1013878E+02   0.2682401E+02
   0.7090000E+03   0.2189521E+02   0.1917350E+02   0.2752452E+02   0.2353274E+02   0.2231522E+02   0.2791819E+02   0.1045816E+02   0.1075885E+02   0.9920825E+01   0.1013880E+02   0.2682108E+02
   0.7100000E+03   0.2189763E+02   0.1917354E+02   0.2752651E+02   0.2353412E+02   0.2231681E+02   0.2791789E+02   0.1045713E+02   0.1075823E+02   0.9920900E+01   0.1013882E+02   0.2681822E+02
   0.7110000E+03   0.2190004E+02   0.1917357E+02   0.2752850E+02   0.2353550E+02   0.2231840E+02   0.2791759E+02   0.1045611E+02   0.1075761E+02   0.9920975E+01   0.1013884E+02   0.2681537E+02
   0.7120000E+03   0.2190245E+02   0.1917360E+02   0.2753049E+02   0.2353687E+02   0.2231999E+02   0.2791730E+02   0.1045508E+02   0.1075700E+02   0.9921049E+01   0.1013886E+02   0.2681252E+02
   0.7130000E+03   0.2190486E+02   0.1917364E+02   0.2753250E+02   0.2353825E+02   0.2232158E+02   0.2791700E+02   0.1045406E+02   0.1075638E+02   0.9921124E+01   0.1013888E+02   0.2680955E+02
   0.7140000E+03   0.2190727E+02   0.1917367E+02   0.2753449E+02   0.2353962E+02   0.2232317E+02   0.2791670E+02   0.1045304E+02   0.1075576E+02   0.9921198E+01   0.1013891E+02   0.2680664E+02
   0.7150000E+03   0.2190967E+02   0.1917371E+02   0.2753650E+02   0.2354100E+02   0.2232475E+02   0.2791641E+02   0.1045201E+02   0.1075514E+02   0.9921270E+01   0.1013892E+02   0.2680382E+02
   0.7160000E+03   0.2191208E+02   0.1917374E+02   0.2753850E+02   0.2354237E+02   0.2232634E+02   0.2791611E+02   0.1045099E+02   0.1075453E+02   0.9921342E+01   0.1013894E+02   0.2680095E+02
   0.7170000E+03   0.2191448E+02   0.1917377E+02   0.2754050E+02   0.2354375E+02   0.2232792E+02   0.2791581E+02   0.1044997E+02   0.1075391E+02   0.9921414E+01   0.1013896E+02   0.2679813E+02
   0.7180000E+03   0.2191688E+02   0.1917381E+02   0.2754251E+02   0.2354512E+02   0.2232951E+02   0.2791551E+02   0.1044895E+02   0.1075329E+02   0.9921486E+01   0.1013898E+02   0.2679521E+02
   0.7190000E+03   0.2191928E+02   0.1917385E+02   0.2754451E+02   0.2354649E+02   0.2233109E+02   0.2791521E+02   0.1044792E+02   0.1075268E+02   0.9921558E+01   0.1013900E+02   0.2679238E+02
   0.7200000E+03   0.2192168E+02   0.1917388E+02   0.2754650E+02   0.2354786E+02   0.2233267E+02   0.2791491E+02   0.1044690E+02   0.1075206E+02   0.9921630E+01   0.1013902E+02   0.2678961E+02
   0.7210000E+03   0.2192408E+02   0.1917392E+02   0.2754855E+02   0.2354923E+02   0.2233426E+02   0.2791461E+02   0.1044588E+02   0.1075145E+02   0.9921700E+01   0.1013904E+02   0.2678675E+02
   0.7220000E+03   0.2192647E+02   0.1917395E+02   0.2755054E+02   0.2355060E+02   0.2233584E+02   0.2791431E+02   0.1044486E+02   0.1075083E+02   0.9921770E+01   0.1013906E+02   0.2678370E+02
   0.7230000E+03   0.2192887E+02   0.1917398E+02   0.2755254E+02   0.2355197E+02   0.2233742E+02   0.2791400E+02   0.1044384E+02   0.1075022E+02   0.9921840E+01   0.1013908E+02   0.2678085E+02
   0.7240000E+03   0.2193126E+02   0.1917402E+02   0.2755453E+02   0.2355334E+02   0.2233900E+02   0.2791370E+02   0.1044282E+02   0.1074960E+02   0.9921909E+01   0.1013910E+02   0.2677880E+02
   0.7250000E+03   0.2193365E+02   0.1917405E+02   0.2755653E+02   0.2355470E+02   0.2234058E+02   0.2791340E+02   0.1044180E+02   0.1074899E+02   0.9921978E+01   0.1013911E+02   0.2677594E+02
   0.7260000E+03   0.2193604E+02   0.1917409E+02   0.2755852E+02   0.2355607E+02   0.2234216E+02   0.2791311E+02   0.1044078E+02   0.1074838E+02   0.9922047E+01   0.1013913E+02   0.2677309E+02
   0.7270000E+03   0.2193843E+02   0.1917413E+02   0.2756052E+02   0.2355744E+02   0.2234374E+02   0.2791280E+02   0.1043976E+02   0.1074776E+02   0.9922114E+01   0.1013915E+02   0.2677025E+02
   0.7280000E+03   0.2194082E+02   0.1917416E+02   0.2756251E+02   0.2355880E+02   0.2234532E+02   0.2791251E+02   0.1043875E+02   0.1074715E+02   0.9922183E+01   0.1013917E+02   0.2676740E+02
   0.7290000E+03   0.2194320E+02   0.1917419E+02   0.2756452E+02   0.2356017E+02   0.2234689E+02   0.2791221E+02   0.1043773E+02   0.1074654E+02   0.9922252E+01   0.1013919E+02   0.2676452E+02
   0.7300000E+03   0.2194559E+02   0.1917423E+02   0.2756665E+02   0.2356153E+02   0.2234847E+02   0.2791191E+02   0.1043671E+02   0.1074592E+02   0.9922318E+01   0.1013921E+02   0.2676165E+02
   0.7310000E+03   0.2194797E+02   0.1917426E+02   0.2756877E+02   0.2356289E+02   0.2235005E+02   0.2791160E+02   0.1043569E+02   0.1074531E+02   0.9922385E+01   0.1013923E+02   0.2675878E+02
   0.7320000E+03   0.2195035E+02   0.1917430E+02   0.2757078E+02   0.2356425E+02   0.2235162E+02   0.2791130E+02   0.1043468E+02   0.1074470E+02   0.9922451E+01   0.1013924E+02   0.2675593E+02
   0.7330000E+03   0.2195273E+02   0.1917433E+02   0.2757280E+02   0.2356561E+02   0.2235320E+02   0.2791100E+02   0.1043366E+02   0.1074409E+02   0.9922517E+01   0.1013926E+02   0.2675307E+02
   0.7340000E+03   0.2195510E+02   0.1917437E+02   0.2757482E+02   0.2356697E+02   0.2235477E+02   0.2791070E+02   0.1043264E+02   0.1074348E+02   0.9922583E+01   0.1013928E+02   0.2675021E+02
   0.7350000E+03   0.2195748E+02   0.1917440E+02   0.2757682E+02   0.2356833E+02   0.2235634E+02   0.2791039E+02   0.1043163E+02   0.1074287E+02   0.9922649E+01   0.1013930E+02   0.2674738E+02
   0.7360000E+03   0.2195985E+02   0.1917444E+02   0.2757882E+02   0.2356969E+02   0.2235791E+02   0.2791009E+02   0.1043061E+02   0.1074226E+02   0.9922715E+01   0.1013932E+02   0.2674460E+02
   0.7370000E+03   0.2196222E+02   0.1917443E+02   0.2758082E+02   0.2357105E+02   0.2235949E+02   0.2790979E+02   0.1042960E+02   0.1074164E+02   0.9922780E+01   0.1013933E+02   0.2674174E+02
   0.7380000E+03   0.2196459E+02   0.1917434E+02   0.2758283E+02   0.2357241E+02   0.2236112E+02   0.2790949E+02   0.1042858E+02   0.1074104E+02   0.9922843E+01   0.1013935E+02   0.2673885E+02
   0.7390000E+03   0.2196696E+02   0.1917416E+02   0.2758494E+02   0.2357377E+02   0.2236270E+02   0.2790919E+02   0.1042757E+02   0.1074043E+02   0.9922907E+01   0.1013937E+02   0.2673597E+02
   0.7400000E+03   0.2196933E+02   0.1917392E+02   0.2758695E+02   0.2357512E+02   0.2236427E+02   0.2790889E+02   0.1042655E+02   0.1073982E+02   0.9922970E+01   0.1013938E+02   0.2673308E+02
   0.7410000E+03   0.2197170E+02   0.1917367E+02   0.2758907E+02   0.2357648E+02   0.2236585E+02   0.2790859E+02   0.1042554E+02   0.1073921E+02   0.9923032E+01   0.1013940E+02   0.2673021E+02
   0.7420000E+03   0.2197408E+02   0.1917344E+02   0.2759118E+02   0.2357783E+02   0.2236742E+02   0.2790829E+02   0.1042452E+02   0.1073860E+02   0.9923094E+01   0.1013942E+02   0.2672734E+02
   0.7430000E+03   0.2197646E+02   0.1917323E+02   0.2759330E+02   0.2357918E+02   0.2236900E+02   0.2790799E+02   0.1042351E+02   0.1073799E+02   0.9923157E+01   0.1013943E+02   0.2672450E+02
   0.7440000E+03   0.2197883E+02   0.1917306E+02   0.2759533E+02   0.2358054E+02   0.2237057E+02   0.2790769E+02   0.1042250E+02   0.1073738E+02   0.9923219E+01   0.1013945E+02   0.2672166E+02
   0.7450000E+03   0.2198121E+02   0.1917292E+02   0.2759737E+02   0.2358189E+02   0.2237214E+02   0.2790739E+02   0.1042148E+02   0.1073677E+02   0.9923281E+01   0.1013946E+02   0.2671880E+02
   0.7460000E+03   0.2198359E+02   0.1917281E+02   0.2759942E+02   0.2358324E+02   0.2237371E+02   0.2790709E+02   0.1042047E+02   0.1073616E+02   0.9923342E+01   0.1013948E+02   0.2671594E+02
   0.7470000E+03   0.2198596E+02   0.1917272E+02   0.2760147E+02   0.2358459E+02   0.2237528E+02   0.2790680E+02   0.1041946E+02   0.1073556E+02   0.9923404E+01   0.1013949E+02   0.2671308E+02
   0.7480000E+03   0.2198834E+02   0.1917264E+02   0.2760352E+02   0.2358595E+02   0.2237685E+02   0.2790649E+02   0.1041845E+02   0.1073495E+02   0.9923464E+01   0.1013951E+02   0.2671023E+02
   0.7490000E+03   0.2199071E+02   0.1917257E+02   0.2760557E+02   0.2358729E+02   0.2237842E+02   0.2790619E+02   0.1041744E+02   0.1073434E+02   0.9923525E+01   0.1013952E+02   0.2670741E+02
   0.7500000E+03   0.2199309E+02   0.1917252E+02   0.2760762E+02   0.2358864E+02   0.2237998E+02   0.2790589E+02   0.1041643E+02   0.1073373E+02   0.9923583E+01   0.1013954E+02   0.2670451E+02
   0.7510000E+03   0.2199546E+02   0.1917249E+02   0.2760967E+02   0.2358999E+02   0.2238155E+02   0.2790559E+02   0.1041541E+02   0.1073313E+02   0.9923642E+01   0.1013955E+02   0.2670170E+02
   0.7520000E+03   0.2199782E+02   0.1917246E+02   0.2761172E+02   0.2359133E+02   0.2238311E+02   0.2790529E+02   0.1041440E+02   0.1073252E+02   0.9923700E+01   0.1013956E+02   0.2669884E+02
   0.7530000E+03   0.2200019E+02   0.1917245E+02   0.2761378E+02   0.2359268E+02   0.2238467E+02   0.2790499E+02   0.1041339E+02   0.1073191E+02   0.9923759E+01   0.1013958E+02   0.2669589E+02
   0.7540000E+03   0.2200255E+02   0.1917245E+02   0.2761583E+02   0.2359402E+02   0.2238623E+02   0.2790470E+02   0.1041238E+02   0.1073131E+02   0.9923816E+01   0.1013959E+02   0.2669305E+02
   0.7550000E+03   0.2200491E+02   0.1917245E+02   0.2761786E+02   0.2359537E+02   0.2238779E+02   0.2790439E+02   0.1041138E+02   0.1073070E+02   0.9923874E+01   0.1013961E+02   0.2669015E+02
   0.7560000E+03   0.2200727E+02   0.1917246E+02   0.2761988E+02   0.2359671E+02   0.2238935E+02   0.2790409E+02   0.1041037E+02   0.1073010E+02   0.9923931E+01   0.1013962E+02   0.2668730E+02
   0.7570000E+03   0.2200962E+02   0.1917248E+02   0.2762191E+02   0.2359805E+02   0.2239091E+02   0.2790379E+02   0.1040936E+02   0.1072949E+02   0.9923988E+01   0.1013963E+02   0.2668442E+02
   0.7580000E+03   0.2201197E+02   0.1917250E+02   0.2762392E+02   0.2359939E+02   0.2239246E+02   0.2790349E+02   0.1040835E+02   0.1072889E+02   0.9924046E+01   0.1013965E+02   0.2668139E+02
   0.7590000E+03   0.2201432E+02   0.1917252E+02   0.2762598E+02   0.2360074E+02   0.2239402E+02   0.2790320E+02   0.1040734E+02   0.1072828E+02   0.9924102E+01   0.1013966E+02   0.2667868E+02
   0.7600000E+03   0.2201666E+02   0.1917254E+02   0.2762801E+02   0.2360208E+02   0.2239558E+02   0.2790289E+02   0.1040634E+02   0.1072768E+02   0.9924157E+01   0.1013967E+02   0.2667578E+02
   0.7610000E+03   0.2201901E+02   0.1917256E+02   0.2763003E+02   0.2360342E+02   0.2239713E+02   0.2790259E+02   0.1040533E+02   0.1072707E+02   0.9924213E+01   0.1013968E+02   0.2667291E+02
   0.7620000E+03   0.2202135E+02   0.1917256E+02   0.2763206E+02   0.2360476E+02   0.2239869E+02   0.2790229E+02   0.1040432E+02   0.1072647E+02   0.9924268E+01   0.1013970E+02   0.2667017E+02
   0.7630000E+03   0.2202369E+02   0.1917253E+02   0.2763412E+02   0.2360610E+02   0.2240025E+02   0.2790199E+02   0.1040332E+02   0.1072587E+02   0.9924322E+01   0.1013971E+02   0.2666736E+02
   0.7640000E+03   0.2202603E+02   0.1917250E+02   0.2763622E+02   0.2360744E+02   0.2240180E+02   0.2790169E+02   0.1040231E+02   0.1072526E+02   0.9924378E+01   0.1013972E+02   0.2666451E+02
   0.7650000E+03   0.2202836E+02   0.1917246E+02   0.2763830E+02   0.2360877E+02   0.2240335E+02   0.2790139E+02   0.1040131E+02   0.1072466E+02   0.9924432E+01   0.1013974E+02   0.2666166E+02
   0.7660000E+03   0.2203070E+02   0.1917243E+02   0.2764039E+02   0.2361011E+02   0.2240490E+02   0.2790109E+02   0.1040030E+02   0.1072406E+02   0.9924485E+01   0.1013975E+02   0.2665881E+02
   0.7670000E+03   0.2203303E+02   0.1917241E+02   0.2764249E+02   0.2361145E+02   0.2240645E+02   0.2790079E+02   0.1039930E+02   0.1072346E+02   0.9924539E+01   0.1013976E+02   0.2665595E+02
   0.7680000E+03   0.2203536E+02   0.1917240E+02   0.2764458E+02   0.2361278E+02   0.2240800E+02   0.2790048E+02   0.1039829E+02   0.1072285E+02   0.9924592E+01   0.1013977E+02   0.2665309E+02
   0.7690000E+03   0.2203768E+02   0.1917240E+02   0.2764662E+02   0.2361411E+02   0.2240955E+02   0.2790018E+02   0.1039729E+02   0.1072225E+02   0.9924644E+01   0.1013978E+02   0.2665024E+02
   0.7700000E+03   0.2204001E+02   0.1917240E+02   0.2764867E+02   0.2361545E+02   0.2241109E+02   0.2789987E+02   0.1039628E+02   0.1072165E+02   0.9924697E+01   0.1013979E+02   0.2664738E+02
   0.7710000E+03   0.2204233E+02   0.1917241E+02   0.2765069E+02   0.2361678E+02   0.2241264E+02   0.2789957E+02   0.1039528E+02   0.1072105E+02   0.9924748E+01   0.1013980E+02   0.2664452E+02
   0.7720000E+03   0.2204465E+02   0.1917243E+02   0.2765271E+02   0.2361810E+02   0.2241418E+02   0.2789927E+02   0.1039428E+02   0.1072045E+02   0.9924800E+01   0.1013981E+02   0.2664081E+02
   0.7730000E+03   0.2204696E+02   0.1917244E+02   0.2765473E+02   0.2361943E+02   0.2241572E+02   0.2789897E+02   0.1039328E+02   0.1071985E+02   0.9924851E+01   0.1013982E+02   0.2663798E+02
   0.7740000E+03   0.2204927E+02   0.1917242E+02   0.2765691E+02   0.2362076E+02   0.2241727E+02   0.2789867E+02   0.1039227E+02   0.1071925E+02   0.9924903E+01   0.1013983E+02   0.2663506E+02
   0.7750000E+03   0.2205158E+02   0.1917236E+02   0.2765894E+02   0.2362209E+02   0.2241881E+02   0.2789837E+02   0.1039127E+02   0.1071865E+02   0.9924953E+01   0.1013984E+02   0.2663221E+02
   0.7760000E+03   0.2205389E+02   0.1917227E+02   0.2766095E+02   0.2362342E+02   0.2242035E+02   0.2789807E+02   0.1039027E+02   0.1071805E+02   0.9925004E+01   0.1013985E+02   0.2662936E+02
   0.7770000E+03   0.2205620E+02   0.1917218E+02   0.2766301E+02   0.2362475E+02   0.2242189E+02   0.2789777E+02   0.1038927E+02   0.1071745E+02   0.9925054E+01   0.1013986E+02   0.2662652E+02
   0.7780000E+03   0.2205851E+02   0.1917209E+02   0.2766504E+02   0.2362607E+02   0.2242343E+02   0.2789747E+02   0.1038826E+02   0.1071685E+02   0.9925103E+01   0.1013987E+02   0.2662357E+02
   0.7790000E+03   0.2206081E+02   0.1917202E+02   0.2766705E+02   0.2362740E+02   0.2242497E+02   0.2789717E+02   0.1038726E+02   0.1071625E+02   0.9925152E+01   0.1013988E+02   0.2662071E+02
   0.7800000E+03   0.2206311E+02   0.1917196E+02   0.2766912E+02   0.2362873E+02   0.2242651E+02   0.2789686E+02   0.1038626E+02   0.1071565E+02   0.9925201E+01   0.1013989E+02   0.2661804E+02
   0.7810000E+03   0.2206541E+02   0.1917192E+02   0.2767118E+02   0.2363005E+02   0.2242804E+02   0.2789656E+02   0.1038526E+02   0.1071505E+02   0.9925249E+01   0.1013990E+02   0.2661516E+02
   0.7820000E+03   0.2206771E+02   0.1917189E+02   0.2767322E+02   0.2363138E+02   0.2242957E+02   0.2789625E+02   0.1038426E+02   0.1071445E+02   0.9925298E+01   0.1013991E+02   0.2661231E+02
   0.7830000E+03   0.2207000E+02   0.1917188E+02   0.2767526E+02   0.2363270E+02   0.2243110E+02   0.2789595E+02   0.1038326E+02   0.1071385E+02   0.9925346E+01   0.1013992E+02   0.2660938E+02
   0.7840000E+03   0.2207229E+02   0.1917188E+02   0.2767732E+02   0.2363403E+02   0.2243264E+02   0.2789565E+02   0.1038226E+02   0.1071325E+02   0.9925394E+01   0.1013993E+02   0.2660661E+02
   0.7850000E+03   0.2207458E+02   0.1917188E+02   0.2767938E+02   0.2363535E+02   0.2243417E+02   0.2789535E+02   0.1038126E+02   0.1071266E+02   0.9925441E+01   0.1013994E+02   0.2660376E+02
   0.7860000E+03   0.2207686E+02   0.1917188E+02   0.2768145E+02   0.2363667E+02   0.2243570E+02   0.2789504E+02   0.1038026E+02   0.1071206E+02   0.9925488E+01   0.1013995E+02   0.2660090E+02
   0.7870000E+03   0.2207914E+02   0.1917189E+02   0.2768351E+02   0.2363799E+02   0.2243723E+02   0.2789474E+02   0.1037926E+02   0.1071146E+02   0.9925535E+01   0.1013996E+02   0.2659805E+02
   0.7880000E+03   0.2208141E+02   0.1917191E+02   0.2768556E+02   0.2363931E+02   0.2243876E+02   0.2789444E+02   0.1037826E+02   0.1071086E+02   0.9925582E+01   0.1013997E+02   0.2659520E+02
   0.7890000E+03   0.2208369E+02   0.1917193E+02   0.2768762E+02   0.2364063E+02   0.2244028E+02   0.2789414E+02   0.1037726E+02   0.1071027E+02   0.9925629E+01   0.1013998E+02   0.2659234E+02
   0.7900000E+03   0.2208596E+02   0.1917195E+02   0.2768968E+02   0.2364194E+02   0.2244181E+02   0.2789384E+02   0.1037626E+02   0.1070967E+02   0.9925673E+01   0.1013998E+02   0.2658948E+02
   0.7910000E+03   0.2208823E+02   0.1917197E+02   0.2769174E+02   0.2364326E+02   0.2244334E+02   0.2789353E+02   0.1037527E+02   0.1070908E+02   0.9925718E+01   0.1013999E+02   0.2658662E+02
   0.7920000E+03   0.2209049E+02   0.1917200E+02   0.2769374E+02   0.2364457E+02   0.2244486E+02   0.2789323E+02   0.1037427E+02   0.1070848E+02   0.9925763E+01   0.1014000E+02   0.2658396E+02
   0.7930000E+03   0.2209275E+02   0.1917202E+02   0.2769573E+02   0.2364589E+02   0.2244638E+02   0.2789293E+02   0.1037327E+02   0.1070788E+02   0.9925807E+01   0.1014001E+02   0.2658091E+02
   0.7940000E+03   0.2209501E+02   0.1917206E+02   0.2769771E+02   0.2364720E+02   0.2244791E+02   0.2789262E+02   0.1037228E+02   0.1070729E+02   0.9925851E+01   0.1014002E+02   0.2657781E+02
   0.7950000E+03   0.2209726E+02   0.1917209E+02   0.2769970E+02   0.2364852E+02   0.2244943E+02   0.2789232E+02   0.1037128E+02   0.1070669E+02   0.9925895E+01   0.1014003E+02   0.2657513E+02
   0.7960000E+03   0.2209952E+02   0.1917212E+02   0.2770168E+02   0.2364983E+02   0.2245095E+02   0.2789201E+02   0.1037029E+02   0.1070610E+02   0.9925938E+01   0.1014003E+02   0.2657228E+02
   0.7970000E+03   0.2210176E+02   0.1917216E+02   0.2770366E+02   0.2365114E+02   0.2245247E+02   0.2789171E+02   0.1036929E+02   0.1070551E+02   0.9925981E+01   0.1014004E+02   0.2656942E+02
   0.7980000E+03   0.2210401E+02   0.1917219E+02   0.2770563E+02   0.2365245E+02   0.2245399E+02   0.2789140E+02   0.1036830E+02   0.1070491E+02   0.9926023E+01   0.1014005E+02   0.2656657E+02
   0.7990000E+03   0.2210627E+02   0.1917223E+02   0.2770761E+02   0.2365376E+02   0.2245551E+02   0.2789110E+02   0.1036730E+02   0.1070432E+02   0.9926066E+01   0.1014006E+02   0.2656371E+02
   0.8000000E+03   0.2210854E+02   0.1917226E+02   0.2770958E+02   0.2365507E+02   0.2245702E+02   0.2789079E+02   0.1036631E+02   0.1070373E+02   0.9926108E+01   0.1014007E+02   0.2656085E+02
   0.8010000E+03   0.2211083E+02   0.1917230E+02   0.2771155E+02   0.2365638E+02   0.2245854E+02   0.2789048E+02   0.1036531E+02   0.1070313E+02   0.9926150E+01   0.1014007E+02   0.2655800E+02
   0.8020000E+03   0.2211314E+02   0.1917233E+02   0.2771352E+02   0.2365769E+02   0.2246005E+02   0.2789018E+02   0.1036432E+02   0.1070254E+02   0.9926192E+01   0.1014008E+02   0.2655514E+02
   0.8030000E+03   0.2211545E+02   0.1917237E+02   0.2771548E+02   0.2365899E+02   0.2246157E+02   0.2788987E+02   0.1036332E+02   0.1070195E+02   0.9926232E+01   0.1014008E+02   0.2655228E+02
   0.8040000E+03   0.2211778E+02   0.1917241E+02   0.2771744E+02   0.2366030E+02   0.2246308E+02   0.2788957E+02   0.1036233E+02   0.1070136E+02   0.9926272E+01   0.1014009E+02   0.2654940E+02
   0.8050000E+03   0.2212013E+02   0.1917245E+02   0.2771940E+02   0.2366161E+02   0.2246459E+02   0.2788926E+02   0.1036134E+02   0.1070077E+02   0.9926314E+01   0.1014010E+02   0.2654658E+02
   0.8060000E+03   0.2212248E+02   0.1917249E+02   0.2772136E+02   0.2366291E+02   0.2246611E+02   0.2788895E+02   0.1036034E+02   0.1070018E+02   0.9926355E+01   0.1014010E+02   0.2654372E+02
   0.8070000E+03   0.2212485E+02   0.1917253E+02   0.2772331E+02   0.2366422E+02   0.2246762E+02   0.2788865E+02   0.1035935E+02   0.1069958E+02   0.9926395E+01   0.1014010E+02   0.2654121E+02
   0.8080000E+03   0.2212722E+02   0.1917257E+02   0.2772606E+02   0.2366552E+02   0.2246913E+02   0.2788834E+02   0.1035836E+02   0.1069899E+02   0.9926435E+01   0.1014011E+02   0.2653868E+02
   0.8090000E+03   0.2212961E+02   0.1917260E+02   0.2772818E+02   0.2366683E+02   0.2247064E+02   0.2788804E+02   0.1035737E+02   0.1069840E+02   0.9926474E+01   0.1014011E+02   0.2653593E+02
   0.8100000E+03   0.2213200E+02   0.1917264E+02   0.2773027E+02   0.2366813E+02   0.2247215E+02   0.2789283E+02   0.1035639E+02   0.1069781E+02   0.9926513E+01   0.1014012E+02   0.2653334E+02
   0.8110000E+03   0.2213440E+02   0.1917267E+02   0.2773304E+02   0.2366943E+02   0.2247365E+02   0.2790300E+02   0.1035540E+02   0.1069722E+02   0.9926552E+01   0.1014012E+02   0.2653047E+02
   0.8120000E+03   0.2213681E+02   0.1917271E+02   0.2773706E+02   0.2367074E+02   0.2247516E+02   0.2791402E+02   0.1035442E+02   0.1069663E+02   0.9926591E+01   0.1014013E+02   0.2652752E+02
   0.8130000E+03   0.2213923E+02   0.1917275E+02   0.2774241E+02   0.2367204E+02   0.2247667E+02   0.2792366E+02   0.1035345E+02   0.1069604E+02   0.9926629E+01   0.1014013E+02   0.2652418E+02
   0.8140000E+03   0.2214165E+02   0.1917278E+02   0.2774886E+02   0.2367333E+02   0.2247817E+02   0.2793149E+02   0.1035247E+02   0.1069546E+02   0.9926667E+01   0.1014014E+02   0.2652130E+02
   0.8150000E+03   0.2214409E+02   0.1917282E+02   0.2775740E+02   0.2367463E+02   0.2247967E+02   0.2793769E+02   0.1035149E+02   0.1069487E+02   0.9926704E+01   0.1014014E+02   0.2651842E+02
   0.8160000E+03   0.2214652E+02   0.1917286E+02   0.2782068E+02   0.2367593E+02   0.2248118E+02   0.2794256E+02   0.1035052E+02   0.1069428E+02   0.9926742E+01   0.1014015E+02   0.2651556E+02
   0.8170000E+03   0.2214897E+02   0.1917290E+02   0.2782435E+02   0.2367723E+02   0.2248268E+02   0.2794641E+02   0.1034955E+02   0.1069369E+02   0.9926778E+01   0.1014015E+02   0.2651270E+02
   0.8180000E+03   0.2215141E+02   0.1917294E+02   0.2782772E+02   0.2367853E+02   0.2248418E+02   0.2794946E+02   0.1034858E+02   0.1069311E+02   0.9926814E+01   0.1014015E+02   0.2650983E+02
   0.8190000E+03   0.2215387E+02   0.1917297E+02   0.2783086E+02   0.2367982E+02   0.2248568E+02   0.2795186E+02   0.1034760E+02   0.1069252E+02   0.9926849E+01   0.1014016E+02   0.2650697E+02
   0.8200000E+03   0.2215633E+02   0.1917301E+02   0.2783380E+02   0.2368112E+02   0.2248717E+02   0.2795374E+02   0.1034663E+02   0.1069193E+02   0.9926887E+01   0.1014016E+02   0.2650414E+02
   0.8210000E+03   0.2215880E+02   0.1917305E+02   0.2783658E+02   0.2368241E+02   0.2248867E+02   0.2795522E+02   0.1034566E+02   0.1069135E+02   0.9926923E+01   0.1014017E+02   0.2650128E+02
   0.8220000E+03   0.2216127E+02   0.1917309E+02   0.2783922E+02   0.2368371E+02   0.2249017E+02   0.2795636E+02   0.1034470E+02   0.1069076E+02   0.9926957E+01   0.1014017E+02   0.2649843E+02
   0.8230000E+03   0.2216374E+02   0.1917313E+02   0.2784175E+02   0.2368500E+02   0.2249167E+02   0.2795724E+02   0.1034373E+02   0.1069017E+02   0.9926991E+01   0.1014018E+02   0.2649557E+02
   0.8240000E+03   0.2216622E+02   0.1917317E+02   0.2784420E+02   0.2368630E+02   0.2249317E+02   0.2795790E+02   0.1034276E+02   0.1068959E+02   0.9927026E+01   0.1014018E+02   0.2649277E+02
   0.8250000E+03   0.2216871E+02   0.1917321E+02   0.2784657E+02   0.2368759E+02   0.2249466E+02   0.2795838E+02   0.1034179E+02   0.1068900E+02   0.9927060E+01   0.1014018E+02   0.2648990E+02
   0.8260000E+03   0.2217119E+02   0.1917324E+02   0.2784888E+02   0.2368888E+02   0.2249616E+02   0.2795872E+02   0.1034083E+02   0.1068841E+02   0.9927094E+01   0.1014018E+02   0.2648706E+02
   0.8270000E+03   0.2217369E+02   0.1917328E+02   0.2785114E+02   0.2369017E+02   0.2249765E+02   0.2795895E+02   0.1033986E+02   0.1068783E+02   0.9927128E+01   0.1014018E+02   0.2648421E+02
   0.8280000E+03   0.2217618E+02   0.1917332E+02   0.2785336E+02   0.2369146E+02   0.2249914E+02   0.2795908E+02   0.1033890E+02   0.1068724E+02   0.9927161E+01   0.1014019E+02   0.2648160E+02
   0.8290000E+03   0.2217868E+02   0.1917336E+02   0.2785555E+02   0.2369275E+02   0.2250064E+02   0.2795913E+02   0.1033793E+02   0.1068666E+02   0.9927194E+01   0.1014019E+02   0.2647791E+02
   0.8300000E+03   0.2218118E+02   0.1917340E+02   0.2785772E+02   0.2369404E+02   0.2250213E+02   0.2795912E+02   0.1033697E+02   0.1068607E+02   0.9927226E+01   0.1014019E+02   0.2647477E+02
   0.8310000E+03   0.2218368E+02   0.1917344E+02   0.2785987E+02   0.2369533E+02   0.2250362E+02   0.2795906E+02   0.1033600E+02   0.1068549E+02   0.9927258E+01   0.1014019E+02   0.2647208E+02
   0.8320000E+03   0.2218619E+02   0.1917348E+02   0.2786201E+02   0.2369662E+02   0.2250511E+02   0.2795897E+02   0.1033504E+02   0.1068491E+02   0.9927291E+01   0.1014019E+02   0.2646892E+02
   0.8330000E+03   0.2218869E+02   0.1917352E+02   0.2786414E+02   0.2369791E+02   0.2250660E+02   0.2795883E+02   0.1033407E+02   0.1068432E+02   0.9927323E+01   0.1014020E+02   0.2646613E+02
   0.8340000E+03   0.2219120E+02   0.1917356E+02   0.2786627E+02   0.2369919E+02   0.2250809E+02   0.2795867E+02   0.1033311E+02   0.1068374E+02   0.9927356E+01   0.1014020E+02   0.2646344E+02
   0.8350000E+03   0.2219371E+02   0.1917360E+02   0.2786839E+02   0.2370048E+02   0.2250957E+02   0.2795848E+02   0.1033215E+02   0.1068316E+02   0.9927386E+01   0.1014020E+02   0.2646044E+02
   0.8360000E+03   0.2219622E+02   0.1917364E+02   0.2787050E+02   0.2370176E+02   0.2251105E+02   0.2795828E+02   0.1033119E+02   0.1068257E+02   0.9927419E+01   0.1014021E+02   0.2645768E+02
   0.8370000E+03   0.2219874E+02   0.1917367E+02   0.2787262E+02   0.2370305E+02   0.2251254E+02   0.2795806E+02   0.1033022E+02   0.1068199E+02   0.9927449E+01   0.1014021E+02   0.2645481E+02
   0.8380000E+03   0.2220125E+02   0.1917371E+02   0.2787473E+02   0.2370433E+02   0.2251402E+02   0.2795783E+02   0.1032926E+02   0.1068141E+02   0.9927479E+01   0.1014021E+02   0.2645196E+02
   0.8390000E+03   0.2220376E+02   0.1917375E+02   0.2787684E+02   0.2370561E+02   0.2251551E+02   0.2795759E+02   0.1032830E+02   0.1068083E+02   0.9927508E+01   0.1014021E+02   0.2644919E+02
   0.8400000E+03   0.2220628E+02   0.1917379E+02   0.2787894E+02   0.2370689E+02   0.2251699E+02   0.2795734E+02   0.1032734E+02   0.1068024E+02   0.9927538E+01   0.1014021E+02   0.2644647E+02
   0.8410000E+03   0.2220879E+02   0.1917383E+02   0.2788106E+02   0.2370818E+02   0.2251847E+02   0.2795708E+02   0.1032638E+02   0.1067966E+02   0.9927567E+01   0.1014021E+02   0.2644380E+02
   0.8420000E+03   0.2221133E+02   0.1917348E+02   0.2788316E+02   0.2370946E+02   0.2251995E+02   0.2795682E+02   0.1032542E+02   0.1067908E+02   0.9927595E+01   0.1014021E+02   0.2644149E+02
   0.8430000E+03   0.2221416E+02   0.1917191E+02   0.2788526E+02   0.2371074E+02   0.2252143E+02   0.2795655E+02   0.1032446E+02   0.1067850E+02   0.9927625E+01   0.1014022E+02   0.2643878E+02
   0.8440000E+03   0.2221740E+02   0.1916877E+02   0.2788736E+02   0.2371202E+02   0.2252291E+02   0.2795629E+02   0.1032350E+02   0.1067792E+02   0.9927654E+01   0.1014022E+02   0.2643597E+02
   0.8450000E+03   0.2222089E+02   0.1916480E+02   0.2788946E+02   0.2371329E+02   0.2252440E+02   0.2795601E+02   0.1032254E+02   0.1067733E+02   0.9927683E+01   0.1014022E+02   0.2643317E+02
   0.8460000E+03   0.2222448E+02   0.1916061E+02   0.2789158E+02   0.2371460E+02   0.2252592E+02   0.2795574E+02   0.1032158E+02   0.1067675E+02   0.9927711E+01   0.1014022E+02   0.2642953E+02
   0.8470000E+03   0.2222811E+02   0.1915674E+02   0.2789372E+02   0.2371595E+02   0.2252747E+02   0.2795546E+02   0.1032062E+02   0.1067618E+02   0.9927739E+01   0.1014022E+02   0.2642628E+02
   0.8480000E+03   0.2223175E+02   0.1915339E+02   0.2789585E+02   0.2371736E+02   0.2252903E+02   0.2795518E+02   0.1031966E+02   0.1067560E+02   0.9927767E+01   0.1014022E+02   0.2642339E+02
   0.8490000E+03   0.2223539E+02   0.1915059E+02   0.2789799E+02   0.2371879E+02   0.2253057E+02   0.2795490E+02   0.1031870E+02   0.1067502E+02   0.9927794E+01   0.1014022E+02   0.2642050E+02
   0.8500000E+03   0.2223902E+02   0.1914829E+02   0.2790008E+02   0.2372025E+02   0.2253211E+02   0.2795462E+02   0.1031774E+02   0.1067444E+02   0.9927822E+01   0.1014022E+02   0.2641802E+02
   0.8510000E+03   0.2224278E+02   0.1914604E+02   0.2790216E+02   0.2372179E+02   0.2253366E+02   0.2795433E+02   0.1031678E+02   0.1067386E+02   0.9927850E+01   0.1014022E+02   0.2641583E+02
   0.8520000E+03   0.2224702E+02   0.1914290E+02   0.2790425E+02   0.2372348E+02   0.2253526E+02   0.2795405E+02   0.1031583E+02   0.1067329E+02   0.9927877E+01   0.1014022E+02   0.2641303E+02
   0.8530000E+03   0.2225167E+02   0.1913845E+02   0.2790635E+02   0.2372536E+02   0.2253692E+02   0.2795376E+02   0.1031487E+02   0.1067271E+02   0.9927902E+01   0.1014022E+02   0.2641023E+02
   0.8540000E+03   0.2225652E+02   0.1913305E+02   0.2790848E+02   0.2372744E+02   0.2253860E+02   0.2795348E+02   0.1031391E+02   0.1067214E+02   0.9927928E+01   0.1014022E+02   0.2640743E+02
   0.8550000E+03   0.2226162E+02   0.1912676E+02   0.2791055E+02   0.2372968E+02   0.2254030E+02   0.2795319E+02   0.1031296E+02   0.1067157E+02   0.9927954E+01   0.1014022E+02   0.2640463E+02
   0.8560000E+03   0.2226700E+02   0.1911925E+02   0.2791262E+02   0.2373203E+02   0.2254201E+02   0.2795290E+02   0.1031200E+02   0.1067100E+02   0.9927979E+01   0.1014022E+02   0.2640182E+02
   0.8570000E+03   0.2227271E+02   0.1910966E+02   0.2791469E+02   0.2373444E+02   0.2254371E+02   0.2795261E+02   0.1031104E+02   0.1067043E+02   0.9928004E+01   0.1014022E+02   0.2639902E+02
   0.8580000E+03   0.2227870E+02   0.1909750E+02   0.2791675E+02   0.2373686E+02   0.2254541E+02   0.2795232E+02   0.1031009E+02   0.1066987E+02   0.9928030E+01   0.1014021E+02   0.2639622E+02
   0.8590000E+03   0.2228497E+02   0.1908249E+02   0.2791881E+02   0.2373927E+02   0.2254710E+02   0.2795203E+02   0.1030913E+02   0.1066931E+02   0.9928055E+01   0.1014021E+02   0.2639341E+02
   0.8600000E+03   0.2229158E+02   0.1906496E+02   0.2792086E+02   0.2374161E+02   0.2254875E+02   0.2795175E+02   0.1030817E+02   0.1066875E+02   0.9928078E+01   0.1014021E+02   0.2639061E+02
   0.8610000E+03   0.2229807E+02   0.1904488E+02   0.2792291E+02   0.2374387E+02   0.2255039E+02   0.2795146E+02   0.1030722E+02   0.1066819E+02   0.9928102E+01   0.1014021E+02   0.2638781E+02
   0.8620000E+03   0.2230375E+02   0.1902264E+02   0.2792496E+02   0.2374600E+02   0.2255199E+02   0.2795116E+02   0.1030626E+02   0.1066764E+02   0.9928125E+01   0.1014021E+02   0.2638501E+02
   0.8630000E+03   0.2230863E+02   0.1899820E+02   0.2792701E+02   0.2374801E+02   0.2255359E+02   0.2795087E+02   0.1030531E+02   0.1066709E+02   0.9928149E+01   0.1014020E+02   0.2638221E+02
   0.8640000E+03   0.2231255E+02   0.1897197E+02   0.2792905E+02   0.2374991E+02   0.2255516E+02   0.2795058E+02   0.1030435E+02   0.1066654E+02   0.9928173E+01   0.1014020E+02   0.2637941E+02
   0.8650000E+03   0.2231553E+02   0.1894556E+02   0.2793111E+02   0.2375171E+02   0.2255672E+02   0.2795029E+02   0.1030340E+02   0.1066599E+02   0.9928196E+01   0.1014020E+02   0.2637661E+02
   0.8660000E+03   0.2231765E+02   0.1892087E+02   0.2793316E+02   0.2375342E+02   0.2255827E+02   0.2795000E+02   0.1030245E+02   0.1066544E+02   0.9928220E+01   0.1014019E+02   0.2637380E+02
   0.8670000E+03   0.2231902E+02   0.1889928E+02   0.2793521E+02   0.2375506E+02   0.2255982E+02   0.2794970E+02   0.1030149E+02   0.1066489E+02   0.9928243E+01   0.1014019E+02   0.2637100E+02
   0.8680000E+03   0.2231975E+02   0.1888116E+02   0.2793728E+02   0.2375664E+02   0.2256135E+02   0.2794942E+02   0.1030054E+02   0.1066434E+02   0.9928265E+01   0.1014019E+02   0.2636820E+02
   0.8690000E+03   0.2231995E+02   0.1886622E+02   0.2793936E+02   0.2375817E+02   0.2256288E+02   0.2794912E+02   0.1029959E+02   0.1066379E+02   0.9928285E+01   0.1014018E+02   0.2636540E+02
   0.8700000E+03   0.2231971E+02   0.1885402E+02   0.2794144E+02   0.2375966E+02   0.2256441E+02   0.2794883E+02   0.1029863E+02   0.1066325E+02   0.9928305E+01   0.1014018E+02   0.2636260E+02
   0.8710000E+03   0.2231907E+02   0.1884410E+02   0.2794353E+02   0.2376111E+02   0.2256593E+02   0.2794854E+02   0.1029768E+02   0.1066270E+02   0.9928326E+01   0.1014018E+02   0.2635980E+02
   0.8720000E+03   0.2231809E+02   0.1883603E+02   0.2794572E+02   0.2376254E+02   0.2256744E+02   0.2794825E+02   0.1029673E+02   0.1066216E+02   0.9928346E+01   0.1014017E+02   0.2635681E+02
   0.8730000E+03   0.2231686E+02   0.1882949E+02   0.2794799E+02   0.2376394E+02   0.2256895E+02   0.2794796E+02   0.1029578E+02   0.1066161E+02   0.9928367E+01   0.1014017E+02   0.2635417E+02
   0.8740000E+03   0.2231540E+02   0.1882421E+02   0.2795022E+02   0.2376532E+02   0.2257047E+02   0.2794767E+02   0.1029483E+02   0.1066107E+02   0.9928388E+01   0.1014017E+02   0.2635132E+02
   0.8750000E+03   0.2231379E+02   0.1881994E+02   0.2795252E+02   0.2376670E+02   0.2257197E+02   0.2794737E+02   0.1029388E+02   0.1066052E+02   0.9928407E+01   0.1014017E+02   0.2634796E+02
   0.8760000E+03   0.2231203E+02   0.1881651E+02   0.2795500E+02   0.2376806E+02   0.2257348E+02   0.2794708E+02   0.1029293E+02   0.1065998E+02   0.9928426E+01   0.1014016E+02   0.2634508E+02
   0.8770000E+03   0.2231017E+02   0.1881375E+02   0.2795746E+02   0.2376940E+02   0.2257498E+02   0.2794678E+02   0.1029198E+02   0.1065944E+02   0.9928445E+01   0.1014016E+02   0.2634215E+02
   0.8780000E+03   0.2230823E+02   0.1881156E+02   0.2795989E+02   0.2377074E+02   0.2257648E+02   0.2794649E+02   0.1029102E+02   0.1065889E+02   0.9928464E+01   0.1014015E+02   0.2633901E+02
   0.8790000E+03   0.2230623E+02   0.1880982E+02   0.2796214E+02   0.2377207E+02   0.2257798E+02   0.2794620E+02   0.1029007E+02   0.1065835E+02   0.9928484E+01   0.1014015E+02   0.2633653E+02
   0.8800000E+03   0.2230418E+02   0.1880845E+02   0.2796452E+02   0.2377339E+02   0.2257948E+02   0.2794591E+02   0.1028912E+02   0.1065781E+02   0.9928503E+01   0.1014015E+02   0.2633385E+02
   0.8810000E+03   0.2230209E+02   0.1880739E+02   0.2796662E+02   0.2377471E+02   0.2258098E+02   0.2794562E+02   0.1028818E+02   0.1065726E+02   0.9928522E+01   0.1014014E+02   0.2633119E+02
   0.8820000E+03   0.2229998E+02   0.1880657E+02   0.2796896E+02   0.2377603E+02   0.2258248E+02   0.2794532E+02   0.1028723E+02   0.1065672E+02   0.9928541E+01   0.1014014E+02   0.2632768E+02
   0.8830000E+03   0.2229785E+02   0.1880596E+02   0.2797130E+02   0.2377734E+02   0.2258398E+02   0.2794503E+02   0.1028628E+02   0.1065618E+02   0.9928559E+01   0.1014013E+02   0.2632477E+02
   0.8840000E+03   0.2229571E+02   0.1880551E+02   0.2797328E+02   0.2377864E+02   0.2258547E+02   0.2794474E+02   0.1028533E+02   0.1065564E+02   0.9928577E+01   0.1014013E+02   0.2632251E+02
   0.8850000E+03   0.2229357E+02   0.1880519E+02   0.2797524E+02   0.2377995E+02   0.2258696E+02   0.2794444E+02   0.1028438E+02   0.1065510E+02   0.9928595E+01   0.1014012E+02   0.2631965E+02
   0.8860000E+03   0.2229144E+02   0.1880498E+02   0.2797721E+02   0.2378125E+02   0.2258846E+02   0.2794415E+02   0.1028343E+02   0.1065456E+02   0.9928612E+01   0.1014012E+02   0.2631698E+02
   0.8870000E+03   0.2228931E+02   0.1880486E+02   0.2797915E+02   0.2378256E+02   0.2258995E+02   0.2794386E+02   0.1028249E+02   0.1065402E+02   0.9928628E+01   0.1014011E+02   0.2631418E+02
   0.8880000E+03   0.2228720E+02   0.1880481E+02   0.2798121E+02   0.2378386E+02   0.2259144E+02   0.2794357E+02   0.1028154E+02   0.1065347E+02   0.9928645E+01   0.1014011E+02   0.2631067E+02
   0.8890000E+03   0.2228510E+02   0.1880482E+02   0.2798331E+02   0.2378516E+02   0.2259293E+02   0.2794327E+02   0.1028059E+02   0.1065293E+02   0.9928663E+01   0.1014010E+02   0.2630749E+02
   0.8900000E+03   0.2228301E+02   0.1880488E+02   0.2798545E+02   0.2378646E+02   0.2259441E+02   0.2794298E+02   0.1027965E+02   0.1065239E+02   0.9928680E+01   0.1014009E+02   0.2630455E+02
   0.8910000E+03   0.2228094E+02   0.1880497E+02   0.2798751E+02   0.2378776E+02   0.2259590E+02   0.2794269E+02   0.1027870E+02   0.1065186E+02   0.9928697E+01   0.1014009E+02   0.2630171E+02
   0.8920000E+03   0.2227889E+02   0.1880508E+02   0.2798970E+02   0.2378905E+02   0.2259738E+02   0.2794240E+02   0.1027775E+02   0.1065132E+02   0.9928712E+01   0.1014008E+02   0.2629980E+02
   0.8930000E+03   0.2227687E+02   0.1880518E+02   0.2799166E+02   0.2379035E+02   0.2259887E+02   0.2794210E+02   0.1027681E+02   0.1065078E+02   0.9928727E+01   0.1014008E+02   0.2629671E+02
   0.8940000E+03   0.2227485E+02   0.1880517E+02   0.2799383E+02   0.2379164E+02   0.2260035E+02   0.2794181E+02   0.1027586E+02   0.1065024E+02   0.9928742E+01   0.1014007E+02   0.2629401E+02
   0.8950000E+03   0.2227285E+02   0.1880512E+02   0.2799591E+02   0.2379292E+02   0.2260184E+02   0.2794152E+02   0.1027492E+02   0.1064970E+02   0.9928758E+01   0.1014007E+02   0.2629123E+02
   0.8960000E+03   0.2227087E+02   0.1880509E+02   0.2799795E+02   0.2379422E+02   0.2260332E+02   0.2794123E+02   0.1027398E+02   0.1064916E+02   0.9928772E+01   0.1014006E+02   0.2628840E+02
   0.8970000E+03   0.2226891E+02   0.1880510E+02   0.2799989E+02   0.2379550E+02   0.2260480E+02   0.2794093E+02   0.1027303E+02   0.1064862E+02   0.9928785E+01   0.1014005E+02   0.2628556E+02
   0.8980000E+03   0.2226696E+02   0.1880515E+02   0.2800183E+02   0.2379679E+02   0.2260628E+02   0.2794064E+02   0.1027209E+02   0.1064808E+02   0.9928799E+01   0.1014005E+02   0.2628265E+02
   0.8990000E+03   0.2226504E+02   0.1880523E+02   0.2800376E+02   0.2379807E+02   0.2260776E+02   0.2794034E+02   0.1027114E+02   0.1064754E+02   0.9928813E+01   0.1014004E+02   0.2627992E+02
   0.9000000E+03   0.2226314E+02   0.1880533E+02   0.2800569E+02   0.2379936E+02   0.2260924E+02   0.2794004E+02   0.1027020E+02   0.1064701E+02   0.9928826E+01   0.1014004E+02   0.2627711E+02
   0.9010000E+03   0.2226126E+02   0.1880546E+02   0.2800761E+02   0.2380064E+02   0.2261071E+02   0.2793975E+02   0.1026926E+02   0.1064647E+02   0.9928838E+01   0.1014003E+02   0.2627428E+02
   0.9020000E+03   0.2225941E+02   0.1880560E+02   0.2800956E+02   0.2380192E+02   0.2261219E+02   0.2793945E+02   0.1026832E+02   0.1064593E+02   0.9928850E+01   0.1014002E+02   0.2627131E+02
   0.9030000E+03   0.2225757E+02   0.1880577E+02   0.2801162E+02   0.2380321E+02   0.2261367E+02   0.2793916E+02   0.1026737E+02   0.1064539E+02   0.9928864E+01   0.1014002E+02   0.2626858E+02
   0.9040000E+03   0.2225576E+02   0.1880594E+02   0.2801376E+02   0.2380449E+02   0.2261515E+02   0.2793886E+02   0.1026643E+02   0.1064485E+02   0.9928876E+01   0.1014001E+02   0.2626576E+02
   0.9050000E+03   0.2225397E+02   0.1880612E+02   0.2801577E+02   0.2380577E+02   0.2261662E+02   0.2793857E+02   0.1026549E+02   0.1064432E+02   0.9928889E+01   0.1014000E+02   0.2626301E+02
   0.9060000E+03   0.2225221E+02   0.1880630E+02   0.2801782E+02   0.2380705E+02   0.2261810E+02   0.2793827E+02   0.1026455E+02   0.1064378E+02   0.9928903E+01   0.1014000E+02   0.2626018E+02
   0.9070000E+03   0.2225047E+02   0.1880646E+02   0.2801975E+02   0.2380833E+02   0.2261957E+02   0.2793797E+02   0.1026361E+02   0.1064324E+02   0.9928916E+01   0.1013999E+02   0.2625762E+02
   0.9080000E+03   0.2224872E+02   0.1880591E+02   0.2802168E+02   0.2380961E+02   0.2262104E+02   0.2793768E+02   0.1026267E+02   0.1064271E+02   0.9928927E+01   0.1013998E+02   0.2625483E+02
   0.9090000E+03   0.2224696E+02   0.1880433E+02   0.2802363E+02   0.2381089E+02   0.2262251E+02   0.2793739E+02   0.1026173E+02   0.1064217E+02   0.9928938E+01   0.1013997E+02   0.2625188E+02
   0.9100000E+03   0.2224514E+02   0.1880224E+02   0.2802572E+02   0.2381217E+02   0.2262398E+02   0.2793709E+02   0.1026079E+02   0.1064163E+02   0.9928948E+01   0.1013997E+02   0.2624863E+02
   0.9110000E+03   0.2224329E+02   0.1880017E+02   0.2802789E+02   0.2381345E+02   0.2262545E+02   0.2793680E+02   0.1025985E+02   0.1064110E+02   0.9928959E+01   0.1013996E+02   0.2624574E+02
   0.9120000E+03   0.2224141E+02   0.1879837E+02   0.2803002E+02   0.2381473E+02   0.2262692E+02   0.2793650E+02   0.1025891E+02   0.1064056E+02   0.9928969E+01   0.1013995E+02   0.2624274E+02
   0.9130000E+03   0.2223950E+02   0.1879689E+02   0.2803195E+02   0.2381600E+02   0.2262838E+02   0.2793620E+02   0.1025797E+02   0.1064003E+02   0.9928981E+01   0.1013995E+02   0.2624011E+02
   0.9140000E+03   0.2223759E+02   0.1879571E+02   0.2803414E+02   0.2381728E+02   0.2262985E+02   0.2793591E+02   0.1025703E+02   0.1063949E+02   0.9928991E+01   0.1013994E+02   0.2623719E+02
   0.9150000E+03   0.2223568E+02   0.1879478E+02   0.2803625E+02   0.2381856E+02   0.2263132E+02   0.2793561E+02   0.1025609E+02   0.1063895E+02   0.9929003E+01   0.1013993E+02   0.2623438E+02
   0.9160000E+03   0.2223376E+02   0.1879405E+02   0.2803833E+02   0.2381983E+02   0.2263278E+02   0.2793531E+02   0.1025515E+02   0.1063842E+02   0.9929012E+01   0.1013992E+02   0.2623151E+02
   0.9170000E+03   0.2223187E+02   0.1879350E+02   0.2804037E+02   0.2382111E+02   0.2263425E+02   0.2793501E+02   0.1025422E+02   0.1063788E+02   0.9929022E+01   0.1013991E+02   0.2622862E+02
   0.9180000E+03   0.2222999E+02   0.1879309E+02   0.2804242E+02   0.2382238E+02   0.2263571E+02   0.2793471E+02   0.1025328E+02   0.1063735E+02   0.9929030E+01   0.1013991E+02   0.2622583E+02
   0.9190000E+03   0.2222813E+02   0.1879278E+02   0.2804446E+02   0.2382365E+02   0.2263717E+02   0.2793441E+02   0.1025234E+02   0.1063681E+02   0.9929039E+01   0.1013990E+02   0.2622304E+02
   0.9200000E+03   0.2222629E+02   0.1879257E+02   0.2804649E+02   0.2382492E+02   0.2263863E+02   0.2793411E+02   0.1025140E+02   0.1063628E+02   0.9929048E+01   0.1013989E+02   0.2622019E+02
   0.9210000E+03   0.2222447E+02   0.1879243E+02   0.2804852E+02   0.2382619E+02   0.2264009E+02   0.2793382E+02   0.1025047E+02   0.1063574E+02   0.9929055E+01   0.1013988E+02   0.2621730E+02
   0.9220000E+03   0.2222269E+02   0.1879235E+02   0.2805053E+02   0.2382746E+02   0.2264155E+02   0.2793352E+02   0.1024953E+02   0.1063521E+02   0.9929062E+01   0.1013987E+02   0.2621455E+02
   0.9230000E+03   0.2222092E+02   0.1879233E+02   0.2805254E+02   0.2382873E+02   0.2264301E+02   0.2793323E+02   0.1024860E+02   0.1063468E+02   0.9929070E+01   0.1013986E+02   0.2621167E+02
   0.9240000E+03   0.2221918E+02   0.1879234E+02   0.2805456E+02   0.2383000E+02   0.2264447E+02   0.2793293E+02   0.1024766E+02   0.1063414E+02   0.9929077E+01   0.1013985E+02   0.2620904E+02
   0.9250000E+03   0.2221747E+02   0.1879238E+02   0.2805657E+02   0.2383127E+02   0.2264592E+02   0.2793263E+02   0.1024673E+02   0.1063361E+02   0.9929085E+01   0.1013984E+02   0.2620601E+02
   0.9260000E+03   0.2221577E+02   0.1879245E+02   0.2805857E+02   0.2383254E+02   0.2264738E+02   0.2793233E+02   0.1024579E+02   0.1063308E+02   0.9929093E+01   0.1013983E+02   0.2620323E+02
   0.9270000E+03   0.2221410E+02   0.1879254E+02   0.2806058E+02   0.2383381E+02   0.2264883E+02   0.2793203E+02   0.1024486E+02   0.1063255E+02   0.9929099E+01   0.1013982E+02   0.2620032E+02
   0.9280000E+03   0.2221245E+02   0.1879265E+02   0.2806258E+02   0.2383507E+02   0.2265029E+02   0.2793173E+02   0.1024392E+02   0.1063202E+02   0.9929105E+01   0.1013981E+02   0.2619755E+02
   0.9290000E+03   0.2221083E+02   0.1879277E+02   0.2806458E+02   0.2383634E+02   0.2265174E+02   0.2793144E+02   0.1024299E+02   0.1063148E+02   0.9929111E+01   0.1013980E+02   0.2619475E+02
   0.9300000E+03   0.2220924E+02   0.1879290E+02   0.2806658E+02   0.2383761E+02   0.2265319E+02   0.2793114E+02   0.1024206E+02   0.1063095E+02   0.9929117E+01   0.1013979E+02   0.2619183E+02
   0.9310000E+03   0.2220766E+02   0.1879304E+02   0.2806857E+02   0.2383887E+02   0.2265464E+02   0.2793085E+02   0.1024112E+02   0.1063042E+02   0.9929124E+01   0.1013978E+02   0.2618903E+02
   0.9320000E+03   0.2220612E+02   0.1879319E+02   0.2807057E+02   0.2384014E+02   0.2265610E+02   0.2793055E+02   0.1024019E+02   0.1062989E+02   0.9929130E+01   0.1013977E+02   0.2618623E+02
   0.9330000E+03   0.2220461E+02   0.1879334E+02   0.2807245E+02   0.2384140E+02   0.2265755E+02   0.2793025E+02   0.1023925E+02   0.1062936E+02   0.9929134E+01   0.1013976E+02   0.2618361E+02
   0.9340000E+03   0.2220311E+02   0.1879350E+02   0.2807431E+02   0.2384266E+02   0.2265899E+02   0.2792995E+02   0.1023832E+02   0.1062883E+02   0.9929139E+01   0.1013975E+02   0.2618068E+02
   0.9350000E+03   0.2220164E+02   0.1879366E+02   0.2807633E+02   0.2384392E+02   0.2266044E+02   0.2792965E+02   0.1023739E+02   0.1062829E+02   0.9929144E+01   0.1013974E+02   0.2617763E+02
   0.9360000E+03   0.2220019E+02   0.1879382E+02   0.2807832E+02   0.2384518E+02   0.2266189E+02   0.2792935E+02   0.1023646E+02   0.1062776E+02   0.9929149E+01   0.1013973E+02   0.2617477E+02
   0.9370000E+03   0.2219877E+02   0.1879399E+02   0.2808028E+02   0.2384644E+02   0.2266333E+02   0.2792905E+02   0.1023553E+02   0.1062723E+02   0.9929153E+01   0.1013972E+02   0.2617221E+02
   0.9380000E+03   0.2219737E+02   0.1879415E+02   0.2808228E+02   0.2384770E+02   0.2266478E+02   0.2792875E+02   0.1023460E+02   0.1062670E+02   0.9929158E+01   0.1013971E+02   0.2616932E+02
   0.9390000E+03   0.2219599E+02   0.1879431E+02   0.2808427E+02   0.2384896E+02   0.2266622E+02   0.2792844E+02   0.1023366E+02   0.1062617E+02   0.9929162E+01   0.1013970E+02   0.2616635E+02
   0.9400000E+03   0.2219463E+02   0.1879448E+02   0.2808626E+02   0.2385022E+02   0.2266766E+02   0.2792815E+02   0.1023273E+02   0.1062564E+02   0.9929166E+01   0.1013969E+02   0.2616349E+02
   0.9410000E+03   0.2219330E+02   0.1879464E+02   0.2808825E+02   0.2385148E+02   0.2266910E+02   0.2792785E+02   0.1023180E+02   0.1062511E+02   0.9929170E+01   0.1013968E+02   0.2616073E+02
   0.9420000E+03   0.2219199E+02   0.1879480E+02   0.2809023E+02   0.2385274E+02   0.2267054E+02   0.2792755E+02   0.1023087E+02   0.1062459E+02   0.9929173E+01   0.1013967E+02   0.2615783E+02
   0.9430000E+03   0.2219073E+02   0.1879496E+02   0.2809216E+02   0.2385399E+02   0.2267198E+02   0.2792725E+02   0.1022994E+02   0.1062406E+02   0.9929177E+01   0.1013966E+02   0.2615502E+02
   0.9440000E+03   0.2218952E+02   0.1879512E+02   0.2809428E+02   0.2385525E+02   0.2267342E+02   0.2792694E+02   0.1022901E+02   0.1062353E+02   0.9929180E+01   0.1013965E+02   0.2615209E+02
   0.9450000E+03   0.2218839E+02   0.1879528E+02   0.2809635E+02   0.2385650E+02   0.2267486E+02   0.2792664E+02   0.1022808E+02   0.1062300E+02   0.9929182E+01   0.1013964E+02   0.2614921E+02
   0.9460000E+03   0.2218732E+02   0.1879544E+02   0.2809828E+02   0.2385776E+02   0.2267630E+02   0.2792633E+02   0.1022715E+02   0.1062247E+02   0.9929184E+01   0.1013962E+02   0.2614636E+02
   0.9470000E+03   0.2218633E+02   0.1879560E+02   0.2810036E+02   0.2385901E+02   0.2267773E+02   0.2792603E+02   0.1022622E+02   0.1062194E+02   0.9929188E+01   0.1013961E+02   0.2614354E+02
   0.9480000E+03   0.2218540E+02   0.1879575E+02   0.2810243E+02   0.2386026E+02   0.2267917E+02   0.2792573E+02   0.1022529E+02   0.1062141E+02   0.9929191E+01   0.1013960E+02   0.2614073E+02
   0.9490000E+03   0.2218453E+02   0.1879590E+02   0.2810450E+02   0.2386151E+02   0.2268060E+02   0.2792542E+02   0.1022436E+02   0.1062088E+02   0.9929193E+01   0.1013958E+02   0.2613801E+02
   0.9500000E+03   0.2218371E+02   0.1879606E+02   0.2810657E+02   0.2386276E+02   0.2268204E+02   0.2792512E+02   0.1022344E+02   0.1062036E+02   0.9929195E+01   0.1013957E+02   0.2613516E+02
   0.9510000E+03   0.2218294E+02   0.1879621E+02   0.2810864E+02   0.2386401E+02   0.2268348E+02   0.2792481E+02   0.1022251E+02   0.1061983E+02   0.9929197E+01   0.1013956E+02   0.2613228E+02
   0.9520000E+03   0.2218222E+02   0.1879636E+02   0.2811071E+02   0.2386526E+02   0.2268491E+02   0.2792451E+02   0.1022158E+02   0.1061930E+02   0.9929200E+01   0.1013955E+02   0.2612941E+02
   0.9530000E+03   0.2218155E+02   0.1879651E+02   0.2811278E+02   0.2386651E+02   0.2268634E+02   0.2792420E+02   0.1022065E+02   0.1061878E+02   0.9929201E+01   0.1013953E+02   0.2612657E+02
   0.9540000E+03   0.2218091E+02   0.1879666E+02   0.2811485E+02   0.2386776E+02   0.2268777E+02   0.2792389E+02   0.1021973E+02   0.1061825E+02   0.9929202E+01   0.1013952E+02   0.2612374E+02
   0.9550000E+03   0.2218032E+02   0.1879681E+02   0.2811691E+02   0.2386901E+02   0.2268920E+02   0.2792359E+02   0.1021880E+02   0.1061772E+02   0.9929203E+01   0.1013951E+02   0.2612105E+02
   0.9560000E+03   0.2217975E+02   0.1879696E+02   0.2811880E+02   0.2387025E+02   0.2269063E+02   0.2792328E+02   0.1021787E+02   0.1061720E+02   0.9929203E+01   0.1013949E+02   0.2611826E+02
   0.9570000E+03   0.2217923E+02   0.1879710E+02   0.2812068E+02   0.2387150E+02   0.2269206E+02   0.2792298E+02   0.1021695E+02   0.1061667E+02   0.9929203E+01   0.1013948E+02   0.2611554E+02
   0.9580000E+03   0.2217872E+02   0.1879724E+02   0.2812259E+02   0.2387274E+02   0.2269349E+02   0.2792267E+02   0.1021602E+02   0.1061614E+02   0.9929203E+01   0.1013947E+02   0.2611235E+02
   0.9590000E+03   0.2217825E+02   0.1879739E+02   0.2812458E+02   0.2387399E+02   0.2269492E+02   0.2792237E+02   0.1021510E+02   0.1061561E+02   0.9929203E+01   0.1013946E+02   0.2610953E+02
   0.9600000E+03   0.2217780E+02   0.1879753E+02   0.2812668E+02   0.2387523E+02   0.2269634E+02   0.2792206E+02   0.1021417E+02   0.1061509E+02   0.9929202E+01   0.1013944E+02   0.2610683E+02
   0.9610000E+03   0.2217737E+02   0.1879767E+02   0.2812878E+02   0.2387648E+02   0.2269777E+02   0.2792176E+02   0.1021325E+02   0.1061456E+02   0.9929201E+01   0.1013943E+02   0.2610396E+02
   0.9620000E+03   0.2217696E+02   0.1879781E+02   0.2813078E+02   0.2387772E+02   0.2269919E+02   0.2792145E+02   0.1021233E+02   0.1061404E+02   0.9929199E+01   0.1013942E+02   0.2610106E+02
   0.9630000E+03   0.2217657E+02   0.1879795E+02   0.2813278E+02   0.2387896E+02   0.2270062E+02   0.2792115E+02   0.1021140E+02   0.1061351E+02   0.9929198E+01   0.1013940E+02   0.2609823E+02
   0.9640000E+03   0.2217620E+02   0.1879808E+02   0.2813478E+02   0.2388021E+02   0.2270204E+02   0.2792085E+02   0.1021048E+02   0.1061299E+02   0.9929194E+01   0.1013939E+02   0.2609546E+02
   0.9650000E+03   0.2217585E+02   0.1879822E+02   0.2813677E+02   0.2388144E+02   0.2270346E+02   0.2792054E+02   0.1020955E+02   0.1061246E+02   0.9929191E+01   0.1013938E+02   0.2609269E+02
   0.9660000E+03   0.2217550E+02   0.1879836E+02   0.2813877E+02   0.2388268E+02   0.2270488E+02   0.2792023E+02   0.1020863E+02   0.1061194E+02   0.9929188E+01   0.1013936E+02   0.2608989E+02
   0.9670000E+03   0.2217517E+02   0.1879849E+02   0.2814062E+02   0.2388392E+02   0.2270630E+02   0.2791992E+02   0.1020771E+02   0.1061142E+02   0.9929185E+01   0.1013935E+02   0.2608741E+02
   0.9680000E+03   0.2217486E+02   0.1879818E+02   0.2814249E+02   0.2388516E+02   0.2270773E+02   0.2791962E+02   0.1020679E+02   0.1061089E+02   0.9929182E+01   0.1013933E+02   0.2608427E+02
   0.9690000E+03   0.2217455E+02   0.1879702E+02   0.2814451E+02   0.2388640E+02   0.2270914E+02   0.2791931E+02   0.1020586E+02   0.1061037E+02   0.9929178E+01   0.1013932E+02   0.2608131E+02
   0.9700000E+03   0.2217423E+02   0.1879550E+02   0.2814649E+02   0.2388764E+02   0.2271056E+02   0.2791900E+02   0.1020494E+02   0.1060984E+02   0.9929174E+01   0.1013931E+02   0.2607849E+02
   0.9710000E+03   0.2217389E+02   0.1879408E+02   0.2814847E+02   0.2388888E+02   0.2271198E+02   0.2791869E+02   0.1020402E+02   0.1060932E+02   0.9929171E+01   0.1013929E+02   0.2607601E+02
   0.9720000E+03   0.2217355E+02   0.1879288E+02   0.2815045E+02   0.2389012E+02   0.2271340E+02   0.2791839E+02   0.1020310E+02   0.1060880E+02   0.9929167E+01   0.1013928E+02   0.2607317E+02
   0.9730000E+03   0.2217319E+02   0.1879191E+02   0.2815236E+02   0.2389135E+02   0.2271481E+02   0.2791808E+02   0.1020218E+02   0.1060827E+02   0.9929163E+01   0.1013926E+02   0.2607039E+02
   0.9740000E+03   0.2217283E+02   0.1879113E+02   0.2815425E+02   0.2389258E+02   0.2271623E+02   0.2791777E+02   0.1020126E+02   0.1060775E+02   0.9929159E+01   0.1013925E+02   0.2606759E+02
   0.9750000E+03   0.2217247E+02   0.1879052E+02   0.2815615E+02   0.2389381E+02   0.2271764E+02   0.2791746E+02   0.1020034E+02   0.1060723E+02   0.9929154E+01   0.1013923E+02   0.2606505E+02
   0.9760000E+03   0.2217209E+02   0.1879004E+02   0.2815814E+02   0.2389505E+02   0.2271905E+02   0.2791715E+02   0.1019942E+02   0.1060670E+02   0.9929150E+01   0.1013922E+02   0.2606227E+02
   0.9770000E+03   0.2217173E+02   0.1878967E+02   0.2816011E+02   0.2389628E+02   0.2272046E+02   0.2791684E+02   0.1019850E+02   0.1060618E+02   0.9929146E+01   0.1013920E+02   0.2605896E+02
   0.9780000E+03   0.2217135E+02   0.1878940E+02   0.2816201E+02   0.2389751E+02   0.2272188E+02   0.2791653E+02   0.1019758E+02   0.1060566E+02   0.9929141E+01   0.1013919E+02   0.2605622E+02
   0.9790000E+03   0.2217098E+02   0.1878919E+02   0.2816386E+02   0.2389874E+02   0.2272329E+02   0.2791623E+02   0.1019666E+02   0.1060514E+02   0.9929136E+01   0.1013917E+02   0.2605381E+02
   0.9800000E+03   0.2217060E+02   0.1878905E+02   0.2816571E+02   0.2389997E+02   0.2272470E+02   0.2791592E+02   0.1019574E+02   0.1060462E+02   0.9929130E+01   0.1013916E+02   0.2605075E+02
   0.9810000E+03   0.2217023E+02   0.1878895E+02   0.2816761E+02   0.2390120E+02   0.2272611E+02   0.2791561E+02   0.1019482E+02   0.1060410E+02   0.9929124E+01   0.1013914E+02   0.2604764E+02
   0.9820000E+03   0.2216986E+02   0.1878890E+02   0.2816952E+02   0.2390244E+02   0.2272752E+02   0.2791530E+02   0.1019390E+02   0.1060357E+02   0.9929118E+01   0.1013912E+02   0.2604479E+02
   0.9830000E+03   0.2216949E+02   0.1878889E+02   0.2817146E+02   0.2390367E+02   0.2272893E+02   0.2791499E+02   0.1019298E+02   0.1060305E+02   0.9929112E+01   0.1013911E+02   0.2604206E+02
   0.9840000E+03   0.2216912E+02   0.1878889E+02   0.2817335E+02   0.2390489E+02   0.2273033E+02   0.2791468E+02   0.1019207E+02   0.1060253E+02   0.9929106E+01   0.1013909E+02   0.2603930E+02
   0.9850000E+03   0.2216876E+02   0.1878892E+02   0.2817523E+02   0.2390612E+02   0.2273174E+02   0.2791437E+02   0.1019115E+02   0.1060201E+02   0.9929100E+01   0.1013907E+02   0.2603632E+02
   0.9860000E+03   0.2216839E+02   0.1878897E+02   0.2817709E+02   0.2390735E+02   0.2273314E+02   0.2791405E+02   0.1019023E+02   0.1060149E+02   0.9929094E+01   0.1013906E+02   0.2603374E+02
   0.9870000E+03   0.2216802E+02   0.1878903E+02   0.2817900E+02   0.2390858E+02   0.2273455E+02   0.2791374E+02   0.1018932E+02   0.1060097E+02   0.9929088E+01   0.1013904E+02   0.2603094E+02
   0.9880000E+03   0.2216766E+02   0.1878910E+02   0.2818086E+02   0.2390980E+02   0.2273595E+02   0.2791343E+02   0.1018840E+02   0.1060045E+02   0.9929079E+01   0.1013902E+02   0.2602808E+02
   0.9890000E+03   0.2216729E+02   0.1878918E+02   0.2818273E+02   0.2391103E+02   0.2273735E+02   0.2791312E+02   0.1018748E+02   0.1059994E+02   0.9929072E+01   0.1013900E+02   0.2602519E+02
   0.9900000E+03   0.2216693E+02   0.1878926E+02   0.2818459E+02   0.2391225E+02   0.2273875E+02   0.2791280E+02   0.1018657E+02   0.1059942E+02   0.9929066E+01   0.1013899E+02   0.2602244E+02
   0.9910000E+03   0.2216657E+02   0.1878936E+02   0.2818645E+02   0.2391348E+02   0.2274015E+02   0.2791249E+02   0.1018565E+02   0.1059890E+02   0.9929057E+01   0.1013897E+02   0.2601957E+02
   0.9920000E+03   0.2216621E+02   0.1878945E+02   0.2818830E+02   0.2391470E+02   0.2274155E+02   0.2791218E+02   0.1018474E+02   0.1059838E+02   0.9929049E+01   0.1013896E+02   0.2601702E+02
   0.9930000E+03   0.2216585E+02   0.1878956E+02   0.2819024E+02   0.2391592E+02   0.2274295E+02   0.2791187E+02   0.1018382E+02   0.1059786E+02   0.9929042E+01   0.1013894E+02   0.2601394E+02
   0.9940000E+03   0.2216550E+02   0.1878966E+02   0.2819206E+02   0.2391714E+02   0.2274434E+02   0.2791156E+02   0.1018291E+02   0.1059734E+02   0.9929035E+01   0.1013893E+02   0.2601115E+02
   0.9950000E+03   0.2216514E+02   0.1878977E+02   0.2819465E+02   0.2391837E+02   0.2274574E+02   0.2791125E+02   0.1018199E+02   0.1059682E+02   0.9929026E+01   0.1013891E+02   0.2600776E+02
   0.9960000E+03   0.2216478E+02   0.1878988E+02   0.2819648E+02   0.2391959E+02   0.2274714E+02   0.2791094E+02   0.1018108E+02   0.1059630E+02   0.9929016E+01   0.1013889E+02   0.2600509E+02
   0.9970000E+03   0.2216443E+02   0.1878999E+02   0.2819840E+02   0.2392080E+02   0.2274854E+02   0.2791063E+02   0.1018017E+02   0.1059578E+02   0.9929008E+01   0.1013887E+02   0.2600259E+02
   0.9980000E+03   0.2216408E+02   0.1879010E+02   0.2820021E+02   0.2392202E+02   0.2274993E+02   0.2791031E+02   0.1017925E+02   0.1059526E+02   0.9928998E+01   0.1013885E+02   0.2599973E+02
   0.9990000E+03   0.2216372E+02   0.1879022E+02   0.2820211E+02   0.2392324E+02   0.2275133E+02   0.2791000E+02   0.1017834E+02   0.1059474E+02   0.9928988E+01   0.1013884E+02   0.2599687E+02
   0.1000000E+04   0.2216337E+02   0.1879033E+02   0.2820392E+02   0.2392446E+02   0.2275272E+02   0.2790969E+02   0.1017743E+02   0.1059423E+02   0.9928980E+01   0.1013882E+02   0.2599408E+02
   0.1001000E+04   0.2216303E+02   0.1879044E+02   0.2820584E+02   0.2392567E+02   0.2275411E+02   0.2790938E+02   0.1017652E+02   0.1059371E+02   0.9928969E+01   0.1013880E+02   0.2599115E+02
   0.1002000E+04   0.2216268E+02   0.1879056E+02   0.2820765E+02   0.2392689E+02   0.2275551E+02   0.2790906E+02   0.1017560E+02   0.1059319E+02   0.9928960E+01   0.1013878E+02   0.2598832E+02
   0.1003000E+04   0.2216233E+02   0.1879067E+02   0.2820957E+02   0.2392810E+02   0.2275690E+02   0.2790875E+02   0.1017469E+02   0.1059268E+02   0.9928949E+01   0.1013876E+02   0.2598568E+02
   0.1004000E+04   0.2216199E+02   0.1879078E+02   0.2821138E+02   0.2392931E+02   0.2275829E+02   0.2790844E+02   0.1017378E+02   0.1059216E+02   0.9928939E+01   0.1013874E+02   0.2598265E+02
   0.1005000E+04   0.2216164E+02   0.1879089E+02   0.2821329E+02   0.2393052E+02   0.2275968E+02   0.2790813E+02   0.1017287E+02   0.1059164E+02   0.9928929E+01   0.1013873E+02   0.2597981E+02
   0.1006000E+04   0.2216130E+02   0.1879101E+02   0.2821511E+02   0.2393173E+02   0.2276107E+02   0.2790782E+02   0.1017196E+02   0.1059112E+02   0.9928919E+01   0.1013871E+02   0.2597689E+02
   0.1007000E+04   0.2216095E+02   0.1879112E+02   0.2821702E+02   0.2393294E+02   0.2276246E+02   0.2790751E+02   0.1017105E+02   0.1059061E+02   0.9928908E+01   0.1013869E+02   0.2597397E+02
   0.1008000E+04   0.2216062E+02   0.1879123E+02   0.2821883E+02   0.2393415E+02   0.2276384E+02   0.2790720E+02   0.1017014E+02   0.1059009E+02   0.9928897E+01   0.1013867E+02   0.2597112E+02
   0.1009000E+04   0.2216028E+02   0.1879134E+02   0.2822074E+02   0.2393536E+02   0.2276523E+02   0.2790688E+02   0.1016923E+02   0.1058958E+02   0.9928886E+01   0.1013865E+02   0.2596826E+02
   0.1010000E+04   0.2215995E+02   0.1879145E+02   0.2822256E+02   0.2393657E+02   0.2276661E+02   0.2790657E+02   0.1016832E+02   0.1058906E+02   0.9928875E+01   0.1013863E+02   0.2596547E+02
   0.1011000E+04   0.2215961E+02   0.1879156E+02   0.2822445E+02   0.2393778E+02   0.2276799E+02   0.2790626E+02   0.1016741E+02   0.1058854E+02   0.9928862E+01   0.1013861E+02   0.2596269E+02
   0.1012000E+04   0.2215928E+02   0.1879167E+02   0.2822627E+02   0.2393900E+02   0.2276937E+02   0.2790595E+02   0.1016650E+02   0.1058803E+02   0.9928848E+01   0.1013859E+02   0.2595964E+02
   0.1013000E+04   0.2215895E+02   0.1879177E+02   0.2822818E+02   0.2394020E+02   0.2277075E+02   0.2790563E+02   0.1016559E+02   0.1058751E+02   0.9928837E+01   0.1013857E+02   0.2595675E+02
   0.1014000E+04   0.2215862E+02   0.1879188E+02   0.2822999E+02   0.2394141E+02   0.2277213E+02   0.2790532E+02   0.1016468E+02   0.1058700E+02   0.9928823E+01   0.1013855E+02   0.2595389E+02
   0.1015000E+04   0.2215829E+02   0.1879199E+02   0.2823190E+02   0.2394261E+02   0.2277351E+02   0.2790501E+02   0.1016377E+02   0.1058648E+02   0.9928810E+01   0.1013853E+02   0.2595101E+02
   0.1016000E+04   0.2215797E+02   0.1879210E+02   0.2823372E+02   0.2394381E+02   0.2277489E+02   0.2790469E+02   0.1016286E+02   0.1058597E+02   0.9928797E+01   0.1013851E+02   0.2594831E+02
   0.1017000E+04   0.2215764E+02   0.1879220E+02   0.2823562E+02   0.2394501E+02   0.2277627E+02   0.2790438E+02   0.1016196E+02   0.1058545E+02   0.9928782E+01   0.1013849E+02   0.2594530E+02
   0.1018000E+04   0.2215732E+02   0.1879231E+02   0.2823744E+02   0.2394621E+02   0.2277765E+02   0.2790406E+02   0.1016105E+02   0.1058494E+02   0.9928770E+01   0.1013847E+02   0.2594251E+02
   0.1019000E+04   0.2215700E+02   0.1879241E+02   0.2823926E+02   0.2394742E+02   0.2277903E+02   0.2790375E+02   0.1016014E+02   0.1058443E+02   0.9928758E+01   0.1013846E+02   0.2594016E+02
   0.1020000E+04   0.2215670E+02   0.1879164E+02   0.2824108E+02   0.2394862E+02   0.2278040E+02   0.2790344E+02   0.1015923E+02   0.1058391E+02   0.9928745E+01   0.1013844E+02   0.2593762E+02
   0.1021000E+04   0.2215639E+02   0.1878936E+02   0.2824302E+02   0.2394982E+02   0.2278178E+02   0.2790313E+02   0.1015833E+02   0.1058340E+02   0.9928731E+01   0.1013842E+02   0.2593441E+02
   0.1022000E+04   0.2215606E+02   0.1878602E+02   0.2824487E+02   0.2395102E+02   0.2278315E+02   0.2790281E+02   0.1015742E+02   0.1058289E+02   0.9928718E+01   0.1013840E+02   0.2593183E+02
   0.1023000E+04   0.2215567E+02   0.1878249E+02   0.2824675E+02   0.2395222E+02   0.2278452E+02   0.2790250E+02   0.1015651E+02   0.1058237E+02   0.9928703E+01   0.1013838E+02   0.2592911E+02
   0.1024000E+04   0.2215524E+02   0.1877933E+02   0.2824864E+02   0.2395342E+02   0.2278590E+02   0.2790218E+02   0.1015561E+02   0.1058186E+02   0.9928689E+01   0.1013836E+02   0.2592583E+02
   0.1025000E+04   0.2215477E+02   0.1877667E+02   0.2825052E+02   0.2395462E+02   0.2278727E+02   0.2790187E+02   0.1015470E+02   0.1058135E+02   0.9928676E+01   0.1013834E+02   0.2592293E+02
   0.1026000E+04   0.2215427E+02   0.1877454E+02   0.2825241E+02   0.2395582E+02   0.2278864E+02   0.2790155E+02   0.1015380E+02   0.1058083E+02   0.9928662E+01   0.1013832E+02   0.2592025E+02
   0.1027000E+04   0.2215374E+02   0.1877278E+02   0.2825429E+02   0.2395702E+02   0.2279001E+02   0.2790124E+02   0.1015289E+02   0.1058032E+02   0.9928649E+01   0.1013830E+02   0.2591737E+02
   0.1028000E+04   0.2215319E+02   0.1877138E+02   0.2825618E+02   0.2395822E+02   0.2279139E+02   0.2790093E+02   0.1015199E+02   0.1057981E+02   0.9928635E+01   0.1013828E+02   0.2591460E+02
   0.1029000E+04   0.2215262E+02   0.1877026E+02   0.2825807E+02   0.2395942E+02   0.2279276E+02   0.2790062E+02   0.1015108E+02   0.1057930E+02   0.9928618E+01   0.1013826E+02   0.2591174E+02
   0.1030000E+04   0.2215204E+02   0.1876935E+02   0.2825996E+02   0.2396061E+02   0.2279412E+02   0.2790031E+02   0.1015018E+02   0.1057878E+02   0.9928603E+01   0.1013824E+02   0.2590887E+02
   0.1031000E+04   0.2215144E+02   0.1876863E+02   0.2826184E+02   0.2396180E+02   0.2279549E+02   0.2790000E+02   0.1014927E+02   0.1057827E+02   0.9928587E+01   0.1013821E+02   0.2590602E+02
   0.1032000E+04   0.2215084E+02   0.1876805E+02   0.2826373E+02   0.2396300E+02   0.2279685E+02   0.2789968E+02   0.1014837E+02   0.1057776E+02   0.9928572E+01   0.1013819E+02   0.2590316E+02
   0.1033000E+04   0.2215023E+02   0.1876760E+02   0.2826558E+02   0.2396419E+02   0.2279822E+02   0.2789937E+02   0.1014747E+02   0.1057725E+02   0.9928555E+01   0.1013817E+02   0.2590035E+02
   0.1034000E+04   0.2214962E+02   0.1876726E+02   0.2826741E+02   0.2396539E+02   0.2279958E+02   0.2789906E+02   0.1014656E+02   0.1057674E+02   0.9928537E+01   0.1013815E+02   0.2589752E+02
   0.1035000E+04   0.2214900E+02   0.1876700E+02   0.2826929E+02   0.2396658E+02   0.2280094E+02   0.2789875E+02   0.1014566E+02   0.1057622E+02   0.9928521E+01   0.1013813E+02   0.2589461E+02
   0.1036000E+04   0.2214838E+02   0.1876681E+02   0.2827116E+02   0.2396777E+02   0.2280230E+02   0.2789843E+02   0.1014476E+02   0.1057571E+02   0.9928503E+01   0.1013811E+02   0.2589178E+02
   0.1037000E+04   0.2214776E+02   0.1876667E+02   0.2827304E+02   0.2396896E+02   0.2280367E+02   0.2789812E+02   0.1014386E+02   0.1057520E+02   0.9928485E+01   0.1013808E+02   0.2588889E+02
   0.1038000E+04   0.2214715E+02   0.1876658E+02   0.2827487E+02   0.2397015E+02   0.2280503E+02   0.2789781E+02   0.1014295E+02   0.1057470E+02   0.9928469E+01   0.1013806E+02   0.2588644E+02
   0.1039000E+04   0.2214653E+02   0.1876653E+02   0.2827669E+02   0.2397134E+02   0.2280639E+02   0.2789750E+02   0.1014205E+02   0.1057419E+02   0.9928451E+01   0.1013804E+02   0.2588373E+02
   0.1040000E+04   0.2214592E+02   0.1876629E+02   0.2827850E+02   0.2397253E+02   0.2280775E+02   0.2789719E+02   0.1014115E+02   0.1057368E+02   0.9928433E+01   0.1013802E+02   0.2588051E+02
   0.1041000E+04   0.2214530E+02   0.1876582E+02   0.2828030E+02   0.2397372E+02   0.2280911E+02   0.2789688E+02   0.1014025E+02   0.1057317E+02   0.9928414E+01   0.1013800E+02   0.2587762E+02
   0.1042000E+04   0.2214469E+02   0.1876527E+02   0.2828210E+02   0.2397491E+02   0.2281046E+02   0.2789657E+02   0.1013935E+02   0.1057266E+02   0.9928395E+01   0.1013798E+02   0.2587481E+02
   0.1043000E+04   0.2214406E+02   0.1876479E+02   0.2828412E+02   0.2397610E+02   0.2281182E+02   0.2789626E+02   0.1013845E+02   0.1057215E+02   0.9928376E+01   0.1013796E+02   0.2587187E+02
   0.1044000E+04   0.2214344E+02   0.1876441E+02   0.2828601E+02   0.2397728E+02   0.2281318E+02   0.2789595E+02   0.1013755E+02   0.1057164E+02   0.9928357E+01   0.1013793E+02   0.2586901E+02
   0.1045000E+04   0.2214281E+02   0.1876411E+02   0.2828798E+02   0.2397847E+02   0.2281454E+02   0.2789564E+02   0.1013665E+02   0.1057113E+02   0.9928338E+01   0.1013791E+02   0.2586616E+02
   0.1046000E+04   0.2214218E+02   0.1876389E+02   0.2828990E+02   0.2397965E+02   0.2281589E+02   0.2789533E+02   0.1013575E+02   0.1057062E+02   0.9928319E+01   0.1013789E+02   0.2586330E+02
   0.1047000E+04   0.2214156E+02   0.1876373E+02   0.2829185E+02   0.2398084E+02   0.2281724E+02   0.2789502E+02   0.1013485E+02   0.1057011E+02   0.9928300E+01   0.1013786E+02   0.2586044E+02
   0.1048000E+04   0.2214093E+02   0.1876361E+02   0.2829378E+02   0.2398202E+02   0.2281860E+02   0.2789471E+02   0.1013395E+02   0.1056960E+02   0.9928280E+01   0.1013784E+02   0.2585758E+02
   0.1049000E+04   0.2214031E+02   0.1876354E+02   0.2829562E+02   0.2398321E+02   0.2281995E+02   0.2789439E+02   0.1013305E+02   0.1056909E+02   0.9928260E+01   0.1013782E+02   0.2585473E+02
   0.1050000E+04   0.2213969E+02   0.1876351E+02   0.2829745E+02   0.2398439E+02   0.2282130E+02   0.2789408E+02   0.1013215E+02   0.1056859E+02   0.9928240E+01   0.1013779E+02   0.2585159E+02
   0.1051000E+04   0.2213907E+02   0.1876350E+02   0.2829929E+02   0.2398557E+02   0.2282265E+02   0.2789377E+02   0.1013125E+02   0.1056808E+02   0.9928221E+01   0.1013777E+02   0.2584844E+02
   0.1052000E+04   0.2213846E+02   0.1876350E+02   0.2830111E+02   0.2398675E+02   0.2282400E+02   0.2789346E+02   0.1013035E+02   0.1056757E+02   0.9928202E+01   0.1013775E+02   0.2584554E+02
   0.1053000E+04   0.2213785E+02   0.1876353E+02   0.2830296E+02   0.2398794E+02   0.2282535E+02   0.2789315E+02   0.1012946E+02   0.1056706E+02   0.9928183E+01   0.1013772E+02   0.2584272E+02
   0.1054000E+04   0.2213725E+02   0.1876358E+02   0.2830484E+02   0.2398912E+02   0.2282670E+02   0.2789284E+02   0.1012856E+02   0.1056656E+02   0.9928163E+01   0.1013770E+02   0.2583986E+02
   0.1055000E+04   0.2213665E+02   0.1876363E+02   0.2830671E+02   0.2399030E+02   0.2282805E+02   0.2789253E+02   0.1012766E+02   0.1056605E+02   0.9928142E+01   0.1013768E+02   0.2583699E+02
   0.1056000E+04   0.2213605E+02   0.1876369E+02   0.2830855E+02   0.2399148E+02   0.2282939E+02   0.2789221E+02   0.1012677E+02   0.1056554E+02   0.9928122E+01   0.1013765E+02   0.2583401E+02
   0.1057000E+04   0.2213546E+02   0.1876376E+02   0.2831043E+02   0.2399266E+02   0.2283074E+02   0.2789191E+02   0.1012587E+02   0.1056504E+02   0.9928101E+01   0.1013763E+02   0.2583099E+02
   0.1058000E+04   0.2213488E+02   0.1876384E+02   0.2831231E+02   0.2399384E+02   0.2283208E+02   0.2789160E+02   0.1012498E+02   0.1056453E+02   0.9928081E+01   0.1013761E+02   0.2582806E+02
   0.1059000E+04   0.2213430E+02   0.1876392E+02   0.2831419E+02   0.2399502E+02   0.2283342E+02   0.2789129E+02   0.1012408E+02   0.1056402E+02   0.9928060E+01   0.1013758E+02   0.2582520E+02
   0.1060000E+04   0.2213372E+02   0.1876400E+02   0.2831605E+02   0.2399619E+02   0.2283477E+02   0.2789098E+02   0.1012318E+02   0.1056352E+02   0.9928039E+01   0.1013756E+02   0.2582237E+02
   0.1061000E+04   0.2213315E+02   0.1876409E+02   0.2831792E+02   0.2399737E+02   0.2283611E+02   0.2789067E+02   0.1012229E+02   0.1056301E+02   0.9928019E+01   0.1013753E+02   0.2581951E+02
   0.1062000E+04   0.2213259E+02   0.1876418E+02   0.2831979E+02   0.2399855E+02   0.2283745E+02   0.2789036E+02   0.1012139E+02   0.1056250E+02   0.9927998E+01   0.1013751E+02   0.2581665E+02
   0.1063000E+04   0.2213203E+02   0.1876428E+02   0.2832167E+02   0.2399972E+02   0.2283879E+02   0.2789005E+02   0.1012050E+02   0.1056200E+02   0.9927977E+01   0.1013749E+02   0.2581379E+02
   0.1064000E+04   0.2213148E+02   0.1876437E+02   0.2832350E+02   0.2400090E+02   0.2284013E+02   0.2788973E+02   0.1011961E+02   0.1056149E+02   0.9927954E+01   0.1013746E+02   0.2581092E+02
   0.1065000E+04   0.2213094E+02   0.1876447E+02   0.2832538E+02   0.2400207E+02   0.2284147E+02   0.2788941E+02   0.1011871E+02   0.1056099E+02   0.9927931E+01   0.1013744E+02   0.2580806E+02
   0.1066000E+04   0.2213040E+02   0.1876456E+02   0.2832723E+02   0.2400325E+02   0.2284281E+02   0.2788910E+02   0.1011782E+02   0.1056048E+02   0.9927910E+01   0.1013741E+02   0.2580520E+02
   0.1067000E+04   0.2212987E+02   0.1876466E+02   0.2832910E+02   0.2400442E+02   0.2284414E+02   0.2788878E+02   0.1011692E+02   0.1055998E+02   0.9927887E+01   0.1013739E+02   0.2580248E+02
   0.1068000E+04   0.2212934E+02   0.1876476E+02   0.2833096E+02   0.2400559E+02   0.2284548E+02   0.2788847E+02   0.1011603E+02   0.1055947E+02   0.9927863E+01   0.1013736E+02   0.2579963E+02
   0.1069000E+04   0.2212883E+02   0.1876486E+02   0.2833284E+02   0.2400677E+02   0.2284682E+02   0.2788815E+02   0.1011514E+02   0.1055897E+02   0.9927840E+01   0.1013734E+02   0.2579690E+02
   0.1070000E+04   0.2212831E+02   0.1876496E+02   0.2833466E+02   0.2400794E+02   0.2284815E+02   0.2788783E+02   0.1011425E+02   0.1055847E+02   0.9927816E+01   0.1013731E+02   0.2579408E+02
   0.1071000E+04   0.2212781E+02   0.1876506E+02   0.2833649E+02   0.2400911E+02   0.2284949E+02   0.2788751E+02   0.1011336E+02   0.1055796E+02   0.9927793E+01   0.1013729E+02   0.2579124E+02
   0.1072000E+04   0.2212731E+02   0.1876516E+02   0.2833831E+02   0.2401028E+02   0.2285082E+02   0.2788720E+02   0.1011246E+02   0.1055746E+02   0.9927769E+01   0.1013726E+02   0.2578834E+02
   0.1073000E+04   0.2212681E+02   0.1876526E+02   0.2834013E+02   0.2401145E+02   0.2285215E+02   0.2788689E+02   0.1011157E+02   0.1055695E+02   0.9927746E+01   0.1013724E+02   0.2578521E+02
   0.1074000E+04   0.2212633E+02   0.1876535E+02   0.2834194E+02   0.2401262E+02   0.2285349E+02   0.2788657E+02   0.1011068E+02   0.1055645E+02   0.9927723E+01   0.1013721E+02   0.2578255E+02
   0.1075000E+04   0.2212585E+02   0.1876545E+02   0.2834379E+02   0.2401378E+02   0.2285482E+02   0.2788626E+02   0.1010979E+02   0.1055595E+02   0.9927698E+01   0.1013718E+02   0.2578062E+02
   0.1076000E+04   0.2212538E+02   0.1876555E+02   0.2834560E+02   0.2401495E+02   0.2285615E+02   0.2788594E+02   0.1010890E+02   0.1055544E+02   0.9927673E+01   0.1013716E+02   0.2577773E+02
   0.1077000E+04   0.2212491E+02   0.1876565E+02   0.2834742E+02   0.2401612E+02   0.2285747E+02   0.2788562E+02   0.1010801E+02   0.1055494E+02   0.9927649E+01   0.1013713E+02   0.2577492E+02
   0.1078000E+04   0.2212445E+02   0.1876575E+02   0.2834924E+02   0.2401728E+02   0.2285880E+02   0.2788530E+02   0.1010712E+02   0.1055444E+02   0.9927625E+01   0.1013711E+02   0.2577208E+02
   0.1079000E+04   0.2212400E+02   0.1876585E+02   0.2835106E+02   0.2401844E+02   0.2286013E+02   0.2788498E+02   0.1010623E+02   0.1055394E+02   0.9927600E+01   0.1013708E+02   0.2576856E+02
   0.1080000E+04   0.2212356E+02   0.1876594E+02   0.2835290E+02   0.2401960E+02   0.2286146E+02   0.2788466E+02   0.1010534E+02   0.1055343E+02   0.9927576E+01   0.1013706E+02   0.2576590E+02
   0.1081000E+04   0.2212312E+02   0.1876604E+02   0.2835472E+02   0.2402077E+02   0.2286278E+02   0.2788435E+02   0.1010445E+02   0.1055293E+02   0.9927552E+01   0.1013703E+02   0.2576262E+02
   0.1082000E+04   0.2212268E+02   0.1876614E+02   0.2835659E+02   0.2402193E+02   0.2286411E+02   0.2788403E+02   0.1010356E+02   0.1055243E+02   0.9927526E+01   0.1013701E+02   0.2575969E+02
   0.1083000E+04   0.2212226E+02   0.1876624E+02   0.2835846E+02   0.2402309E+02   0.2286543E+02   0.2788371E+02   0.1010267E+02   0.1055193E+02   0.9927503E+01   0.1013698E+02   0.2575678E+02
   0.1084000E+04   0.2212183E+02   0.1876633E+02   0.2836033E+02   0.2402426E+02   0.2286676E+02   0.2788339E+02   0.1010178E+02   0.1055142E+02   0.9927477E+01   0.1013695E+02   0.2575396E+02
   0.1085000E+04   0.2212142E+02   0.1876643E+02   0.2836220E+02   0.2402542E+02   0.2286808E+02   0.2788307E+02   0.1010089E+02   0.1055092E+02   0.9927452E+01   0.1013693E+02   0.2575112E+02
   0.1086000E+04   0.2212101E+02   0.1876652E+02   0.2836407E+02   0.2402658E+02   0.2286940E+02   0.2788275E+02   0.1010000E+02   0.1055042E+02   0.9927428E+01   0.1013690E+02   0.2574825E+02
   0.1087000E+04   0.2212061E+02   0.1876662E+02   0.2836589E+02   0.2402774E+02   0.2287072E+02   0.2788243E+02   0.1009911E+02   0.1054992E+02   0.9927402E+01   0.1013688E+02   0.2574527E+02
   0.1088000E+04   0.2212021E+02   0.1876671E+02   0.2836770E+02   0.2402890E+02   0.2287204E+02   0.2788212E+02   0.1009823E+02   0.1054942E+02   0.9927376E+01   0.1013685E+02   0.2574250E+02
   0.1089000E+04   0.2211982E+02   0.1876681E+02   0.2836955E+02   0.2403006E+02   0.2287336E+02   0.2788180E+02   0.1009734E+02   0.1054892E+02   0.9927348E+01   0.1013682E+02   0.2573964E+02
   0.1090000E+04   0.2211944E+02   0.1876690E+02   0.2837139E+02   0.2403122E+02   0.2287468E+02   0.2788148E+02   0.1009645E+02   0.1054842E+02   0.9927322E+01   0.1013680E+02   0.2573672E+02
   0.1091000E+04   0.2211906E+02   0.1876700E+02   0.2837325E+02   0.2403238E+02   0.2287600E+02   0.2788116E+02   0.1009556E+02   0.1054792E+02   0.9927295E+01   0.1013677E+02   0.2573379E+02
   0.1092000E+04   0.2211869E+02   0.1876709E+02   0.2837512E+02   0.2403354E+02   0.2287732E+02   0.2788084E+02   0.1009468E+02   0.1054742E+02   0.9927268E+01   0.1013674E+02   0.2573116E+02
   0.1093000E+04   0.2211832E+02   0.1876719E+02   0.2837699E+02   0.2403469E+02   0.2287863E+02   0.2788052E+02   0.1009379E+02   0.1054692E+02   0.9927240E+01   0.1013672E+02   0.2572830E+02
   0.1094000E+04   0.2211796E+02   0.1876728E+02   0.2837880E+02   0.2403585E+02   0.2287995E+02   0.2788020E+02   0.1009290E+02   0.1054642E+02   0.9927213E+01   0.1013669E+02   0.2572562E+02
   0.1095000E+04   0.2211761E+02   0.1876737E+02   0.2838062E+02   0.2403700E+02   0.2288126E+02   0.2787988E+02   0.1009201E+02   0.1054592E+02   0.9927184E+01   0.1013666E+02   0.2572270E+02
   0.1096000E+04   0.2211726E+02   0.1876741E+02   0.2838288E+02   0.2403816E+02   0.2288258E+02   0.2787956E+02   0.1009113E+02   0.1054542E+02   0.9927156E+01   0.1013664E+02   0.2571998E+02
